# Blender 4.2.23 LTS
# www.blender.org
o tmp_export_Cuerpo3:6
v 0.900101 0.598772 -1.682888
v 0.896694 0.624655 -1.682888
v 0.886704 0.648772 -1.682888
v 0.870812 0.669483 -1.682888
v 0.850101 0.685375 -1.682888
v 0.825983 0.695366 -1.682888
v 0.800101 0.698772 -1.682888
v 0.774219 0.695366 -1.682888
v 0.750101 0.685375 -1.682888
v 0.729391 0.669483 -1.682888
v 0.713499 0.648772 -1.682888
v 0.703509 0.624655 -1.682888
v 0.700101 0.598772 -1.682888
v 0.703509 0.572890 -1.682888
v 0.713499 0.548773 -1.682888
v 0.729391 0.528062 -1.682888
v 0.750101 0.512171 -1.682888
v 0.774219 0.502179 -1.682888
v 0.800101 0.498773 -1.682888
v 0.825983 0.502179 -1.682888
v 0.850101 0.512171 -1.682888
v 0.870812 0.528062 -1.682888
v 0.886704 0.548773 -1.682888
v 0.896694 0.572890 -1.682888
v 0.900101 0.598772 -1.982889
v 0.896694 0.572890 -1.982889
v 0.886704 0.548773 -1.982889
v 0.870812 0.528062 -1.982889
v 0.850101 0.512171 -1.982889
v 0.825983 0.502179 -1.982889
v 0.800101 0.498773 -1.982889
v 0.774219 0.502179 -1.982889
v 0.750101 0.512171 -1.982889
v 0.729391 0.528062 -1.982889
v 0.713499 0.548773 -1.982889
v 0.703509 0.572890 -1.982889
v 0.700101 0.598772 -1.982889
v 0.703509 0.624655 -1.982889
v 0.713499 0.648772 -1.982889
v 0.729391 0.669483 -1.982889
v 0.750101 0.685375 -1.982889
v 0.774219 0.695366 -1.982889
v 0.800101 0.698772 -1.982889
v 0.825983 0.695366 -1.982889
v 0.850101 0.685375 -1.982889
v 0.870812 0.669483 -1.982889
v 0.886704 0.648772 -1.982889
v 0.896694 0.624655 -1.982889
v -0.699899 0.598772 -1.682888
v -0.703306 0.624655 -1.682888
v -0.713296 0.648772 -1.682888
v -0.729188 0.669483 -1.682888
v -0.749899 0.685375 -1.682888
v -0.774017 0.695366 -1.682888
v -0.799899 0.698772 -1.682888
v -0.825781 0.695366 -1.682888
v -0.849899 0.685375 -1.682888
v -0.870609 0.669483 -1.682888
v -0.886501 0.648772 -1.682888
v -0.896491 0.624655 -1.682888
v -0.899899 0.598772 -1.682888
v -0.896491 0.572890 -1.682888
v -0.886501 0.548773 -1.682888
v -0.870609 0.528062 -1.682888
v -0.849899 0.512171 -1.682888
v -0.825781 0.502179 -1.682888
v -0.799899 0.498773 -1.682888
v -0.774017 0.502179 -1.682888
v -0.749899 0.512171 -1.682888
v -0.729188 0.528062 -1.682888
v -0.713296 0.548773 -1.682888
v -0.703306 0.572890 -1.682888
v -0.699899 0.598772 -1.982889
v -0.703306 0.572890 -1.982889
v -0.713296 0.548773 -1.982889
v -0.729188 0.528062 -1.982889
v -0.749899 0.512171 -1.982889
v -0.774017 0.502179 -1.982889
v -0.799899 0.498773 -1.982889
v -0.825781 0.502179 -1.982889
v -0.849899 0.512171 -1.982889
v -0.870609 0.528062 -1.982889
v -0.886501 0.548773 -1.982889
v -0.896491 0.572890 -1.982889
v -0.899899 0.598772 -1.982889
v -0.896491 0.624655 -1.982889
v -0.886501 0.648772 -1.982889
v -0.870609 0.669483 -1.982889
v -0.849899 0.685375 -1.982889
v -0.825781 0.695366 -1.982889
v -0.799899 0.698772 -1.982889
v -0.774017 0.695366 -1.982889
v -0.749899 0.685375 -1.982889
v -0.729188 0.669483 -1.982889
v -0.713296 0.648772 -1.982889
v -0.703306 0.624655 -1.982889
v 0.900101 -0.601228 -1.682888
v 0.896694 -0.575345 -1.682888
v 0.886704 -0.551228 -1.682888
v 0.870812 -0.530517 -1.682888
v 0.850101 -0.514625 -1.682888
v 0.825983 -0.504635 -1.682888
v 0.800101 -0.501227 -1.682888
v 0.774219 -0.504635 -1.682888
v 0.750101 -0.514625 -1.682888
v 0.729391 -0.530517 -1.682888
v 0.713499 -0.551228 -1.682888
v 0.703509 -0.575345 -1.682888
v 0.700101 -0.601228 -1.682888
v 0.703509 -0.627110 -1.682888
v 0.713499 -0.651228 -1.682888
v 0.729391 -0.671939 -1.682888
v 0.750101 -0.687829 -1.682888
v 0.774219 -0.697821 -1.682888
v 0.800101 -0.701227 -1.682888
v 0.825983 -0.697821 -1.682888
v 0.850101 -0.687829 -1.682888
v 0.870812 -0.671939 -1.682888
v 0.886704 -0.651228 -1.682888
v 0.896694 -0.627110 -1.682888
v 0.900101 -0.601228 -1.982889
v 0.896694 -0.627110 -1.982889
v 0.886704 -0.651228 -1.982889
v 0.870812 -0.671939 -1.982889
v 0.850101 -0.687829 -1.982889
v 0.825983 -0.697821 -1.982889
v 0.800101 -0.701227 -1.982889
v 0.774219 -0.697821 -1.982889
v 0.750101 -0.687829 -1.982889
v 0.729391 -0.671939 -1.982889
v 0.713499 -0.651228 -1.982889
v 0.703509 -0.627110 -1.982889
v 0.700101 -0.601228 -1.982889
v 0.703509 -0.575345 -1.982889
v 0.713499 -0.551228 -1.982889
v 0.729391 -0.530517 -1.982889
v 0.750101 -0.514625 -1.982889
v 0.774219 -0.504635 -1.982889
v 0.800101 -0.501227 -1.982889
v 0.825983 -0.504635 -1.982889
v 0.850101 -0.514625 -1.982889
v 0.870812 -0.530517 -1.982889
v 0.886704 -0.551228 -1.982889
v 0.896694 -0.575345 -1.982889
v -0.699899 -0.601228 -1.682888
v -0.703306 -0.575345 -1.682888
v -0.713296 -0.551228 -1.682888
v -0.729188 -0.530517 -1.682888
v -0.749899 -0.514625 -1.682888
v -0.774017 -0.504635 -1.682888
v -0.799899 -0.501227 -1.682888
v -0.825781 -0.504635 -1.682888
v -0.849899 -0.514625 -1.682888
v -0.870609 -0.530517 -1.682888
v -0.886501 -0.551228 -1.682888
v -0.896491 -0.575345 -1.682888
v -0.899899 -0.601228 -1.682888
v -0.896491 -0.627110 -1.682888
v -0.886501 -0.651228 -1.682888
v -0.870609 -0.671939 -1.682888
v -0.849899 -0.687829 -1.682888
v -0.825781 -0.697821 -1.682888
v -0.799899 -0.701227 -1.682888
v -0.774017 -0.697821 -1.682888
v -0.749899 -0.687829 -1.682888
v -0.729188 -0.671939 -1.682888
v -0.713296 -0.651228 -1.682888
v -0.703306 -0.627110 -1.682888
v -0.699899 -0.601228 -1.982889
v -0.703306 -0.627110 -1.982889
v -0.713296 -0.651228 -1.982889
v -0.729188 -0.671939 -1.982889
v -0.749899 -0.687829 -1.982889
v -0.774017 -0.697821 -1.982889
v -0.799899 -0.701227 -1.982889
v -0.825781 -0.697821 -1.982889
v -0.849899 -0.687829 -1.982889
v -0.870609 -0.671939 -1.982889
v -0.886501 -0.651228 -1.982889
v -0.896491 -0.627110 -1.982889
v -0.899899 -0.601228 -1.982889
v -0.896491 -0.575345 -1.982889
v -0.886501 -0.551228 -1.982889
v -0.870609 -0.530517 -1.982889
v -0.849899 -0.514625 -1.982889
v -0.825781 -0.504635 -1.982889
v -0.799899 -0.501227 -1.982889
v -0.774017 -0.504635 -1.982889
v -0.749899 -0.514625 -1.982889
v -0.729188 -0.530517 -1.982889
v -0.713296 -0.551228 -1.982889
v -0.703306 -0.575345 -1.982889
v -0.981149 -1.893171 -1.614138
v -0.974651 -1.895064 -1.608887
v -0.966946 -1.896715 -1.604925
v -0.958468 -1.897805 -1.602541
v -0.949899 -1.898179 -1.601765
v -0.941330 -1.897805 -1.602541
v -0.932851 -1.896715 -1.604925
v -0.925146 -1.895064 -1.608887
v -0.918649 -1.893171 -1.614138
v -0.399899 -1.898179 -0.545389
v 0.400101 -1.898179 -0.545389
v 0.380592 -1.900102 -0.564898
v 0.361833 -1.905791 -0.583658
v 0.344544 -1.915032 -0.600945
v 0.329391 -1.927469 -0.616098
v 0.316954 -1.942622 -0.628536
v 0.307713 -1.959911 -0.637775
v 0.302023 -1.978670 -0.643467
v 0.300583 -1.988379 -0.644907
v 0.300101 -1.998179 -0.645388
v -0.299899 -1.998179 -0.645388
v -0.300380 -1.988379 -0.644907
v -0.301820 -1.978670 -0.643467
v -0.307511 -1.959911 -0.637775
v -0.316752 -1.942622 -0.628536
v -0.329188 -1.927469 -0.616098
v -0.344342 -1.915032 -0.600945
v -0.361630 -1.905791 -0.583658
v -0.380390 -1.900102 -0.564898
v 0.000101 -1.911577 -0.595388
v 0.000101 -1.901587 -0.571270
v 0.000101 -1.927469 -0.616098
v 0.000101 -1.948179 -0.631990
v 0.000101 -1.972298 -0.641981
v 0.400101 -1.898179 -1.545389
v 0.374219 -1.901587 -1.545389
v 0.350101 -1.911577 -1.545389
v 0.329391 -1.927469 -1.545389
v 0.313499 -1.948179 -1.545389
v 0.303509 -1.972298 -1.545389
v 0.300101 -1.998179 -1.545389
v 0.374219 -1.901587 -1.045389
v 0.350101 -1.911577 -1.045389
v 0.329391 -1.927469 -1.045389
v 0.313499 -1.948179 -1.045389
v 0.303509 -1.972298 -1.045389
v -0.299899 -1.998179 -1.545389
v -0.303306 -1.972298 -1.545389
v -0.313296 -1.948179 -1.545389
v -0.329188 -1.927469 -1.545389
v -0.349899 -1.911577 -1.545389
v -0.374017 -1.901587 -1.545389
v -0.399899 -1.898179 -1.545389
v -0.303306 -1.972298 -1.045389
v -0.313296 -1.948179 -1.045389
v -0.329188 -1.927469 -1.045389
v -0.349899 -1.911577 -1.045389
v -0.374017 -1.901587 -1.045389
v -0.199899 -1.898179 -0.107889
v -0.193084 -1.898179 -0.159653
v -0.173104 -1.898179 -0.207888
v -0.141320 -1.898179 -0.249310
v -0.099899 -1.898179 -0.281094
v -0.051663 -1.898179 -0.301073
v 0.000101 -1.898179 -0.307888
v 0.051865 -1.898179 -0.301073
v 0.100101 -1.898179 -0.281094
v 0.141523 -1.898179 -0.249310
v 0.173306 -1.898179 -0.207888
v 0.193286 -1.898179 -0.159653
v 0.200101 -1.898179 -0.107889
v 0.193286 -1.898179 -0.056126
v 0.173306 -1.898179 -0.007889
v 0.141523 -1.898179 0.033533
v 0.100101 -1.898179 0.065317
v 0.051865 -1.898179 0.085297
v 0.000101 -1.898179 0.092112
v -0.051663 -1.898179 0.085297
v -0.099899 -1.898179 0.065317
v -0.141320 -1.898179 0.033533
v -0.173104 -1.898179 -0.007889
v -0.193084 -1.898179 -0.056126
v -0.999899 -1.898179 0.692112
v -0.993084 -1.898179 0.640348
v -0.973104 -1.898179 0.592112
v -0.941320 -1.898179 0.550690
v -0.899899 -1.898179 0.518908
v -0.851663 -1.898179 0.498926
v -0.799899 -1.898179 0.492111
v -0.748135 -1.898179 0.498926
v -0.699899 -1.898179 0.518908
v -0.658477 -1.898179 0.550690
v -0.626694 -1.898179 0.592112
v -0.606714 -1.898179 0.640348
v -0.599899 -1.898179 0.692112
v -0.606714 -1.898179 0.743876
v -0.626694 -1.898179 0.792112
v -0.658477 -1.898179 0.833532
v -0.699899 -1.898179 0.865316
v -0.748135 -1.898179 0.885296
v -0.799899 -1.898179 0.892111
v -0.851663 -1.898179 0.885296
v -0.899899 -1.898179 0.865316
v -0.941320 -1.898179 0.833532
v -0.973104 -1.898179 0.792112
v -0.993084 -1.898179 0.743876
v -0.156024 -1.898179 1.617111
v -0.182058 -1.898179 1.574682
v -0.196808 -1.898179 1.527136
v -0.199359 -1.898179 1.477423
v -0.189552 -1.898179 1.428617
v -0.167997 -1.898179 1.383747
v -0.136028 -1.898179 1.345589
v -0.095625 -1.898179 1.316507
v -0.049292 -1.898179 1.298307
v 0.000101 -1.898179 1.292112
v 0.049494 -1.898179 1.298307
v 0.095828 -1.898179 1.316507
v 0.136230 -1.898179 1.345589
v 0.168200 -1.898179 1.383747
v 0.189755 -1.898179 1.428617
v 0.199561 -1.898179 1.477423
v 0.197010 -1.898179 1.527136
v 0.182261 -1.898179 1.574682
v 0.156226 -1.898179 1.617111
v 1.050101 -1.898179 1.617111
v 1.101865 -1.898179 1.610296
v 1.150101 -1.898179 1.590317
v 1.191523 -1.898179 1.558533
v 1.223306 -1.898179 1.517111
v 1.243286 -1.898179 1.468874
v 1.250101 -1.898179 1.417112
v 1.250101 -1.898179 -1.082888
v 1.150101 -1.898179 -1.082888
v 1.098337 -1.898179 -1.089703
v 1.050101 -1.898179 -1.109684
v 1.008680 -1.898179 -1.141468
v 0.976896 -1.898179 -1.182888
v 0.956916 -1.898179 -1.231125
v 0.950101 -1.898179 -1.282888
v 0.950101 -1.898179 -1.582888
v -0.949899 -1.898179 -1.582888
v -0.949899 -1.898179 -1.282888
v -0.956714 -1.898179 -1.231125
v -0.976694 -1.898179 -1.182888
v -1.008477 -1.898179 -1.141468
v -1.049899 -1.898179 -1.109684
v -1.098135 -1.898179 -1.089703
v -1.149899 -1.898179 -1.082888
v -1.249899 -1.898179 -1.082888
v -1.249899 -1.898179 1.417112
v -1.243084 -1.898179 1.468874
v -1.223104 -1.898179 1.517111
v -1.191320 -1.898179 1.558533
v -1.149899 -1.898179 1.590317
v -1.101663 -1.898179 1.610296
v -1.049899 -1.898179 1.617111
v 0.600101 -1.898179 0.692112
v 0.606916 -1.898179 0.640348
v 0.626896 -1.898179 0.592112
v 0.658680 -1.898179 0.550690
v 0.700101 -1.898179 0.518908
v 0.748337 -1.898179 0.498926
v 0.800101 -1.898179 0.492111
v 0.851865 -1.898179 0.498926
v 0.900101 -1.898179 0.518908
v 0.941523 -1.898179 0.550690
v 0.973306 -1.898179 0.592112
v 0.993286 -1.898179 0.640348
v 1.000101 -1.898179 0.692112
v 0.993286 -1.898179 0.743876
v 0.973306 -1.898179 0.792112
v 0.941523 -1.898179 0.833532
v 0.900101 -1.898179 0.865316
v 0.851865 -1.898179 0.885296
v 0.800101 -1.898179 0.892111
v 0.748337 -1.898179 0.885296
v 0.700101 -1.898179 0.865316
v 0.658680 -1.898179 0.833532
v 0.626896 -1.898179 0.792112
v 0.606916 -1.898179 0.743876
v -0.499899 -1.898179 0.692112
v -0.482862 -1.898179 0.562702
v -0.432911 -1.898179 0.442112
v -0.353452 -1.898179 0.338558
v -0.249899 -1.898179 0.259098
v -0.129308 -1.898179 0.209148
v 0.000101 -1.898179 0.192112
v 0.129511 -1.898179 0.209148
v 0.250101 -1.898179 0.259098
v 0.353655 -1.898179 0.338558
v 0.433114 -1.898179 0.442112
v 0.483064 -1.898179 0.562702
v 0.500101 -1.898179 0.692112
v 0.483064 -1.898179 0.821520
v 0.433114 -1.898179 0.942112
v 0.353655 -1.898179 1.045664
v 0.250101 -1.898179 1.125124
v 0.129511 -1.898179 1.175076
v 0.000101 -1.898179 1.192112
v -0.129308 -1.898179 1.175076
v -0.249899 -1.898179 1.125124
v -0.353452 -1.898179 1.045664
v -0.432911 -1.898179 0.942112
v -0.482862 -1.898179 0.821520
v -0.099899 -1.998179 -0.107889
v -0.096491 -1.998179 -0.133770
v -0.086501 -1.998179 -0.157888
v -0.070609 -1.998179 -0.178598
v -0.049899 -1.998179 -0.194490
v -0.025781 -1.998179 -0.204481
v 0.000101 -1.998179 -0.207888
v 0.025983 -1.998179 -0.204481
v 0.050101 -1.998179 -0.194490
v 0.070812 -1.998179 -0.178598
v 0.086704 -1.998179 -0.157888
v 0.096694 -1.998179 -0.133770
v 0.100101 -1.998179 -0.107889
v 0.096694 -1.998179 -0.082006
v 0.086704 -1.998179 -0.057888
v 0.070812 -1.998179 -0.037178
v 0.050101 -1.998179 -0.021286
v 0.025983 -1.998179 -0.011297
v 0.000101 -1.998179 -0.007889
v -0.025781 -1.998179 -0.011297
v -0.049899 -1.998179 -0.021286
v -0.070609 -1.998179 -0.037178
v -0.086501 -1.998179 -0.057888
v -0.096491 -1.998179 -0.082006
v 0.103509 -1.972298 -0.107889
v 0.113499 -1.948179 -0.107889
v 0.129391 -1.927469 -0.107889
v 0.150101 -1.911577 -0.107889
v 0.174219 -1.901587 -0.107889
v -0.099783 -1.972298 -0.134653
v -0.109432 -1.948179 -0.137238
v -0.124783 -1.927469 -0.141352
v -0.144788 -1.911577 -0.146711
v -0.168084 -1.901587 -0.152954
v -0.174017 -1.901587 -0.107889
v -0.149899 -1.911577 -0.107889
v -0.129188 -1.927469 -0.107889
v -0.113296 -1.948179 -0.107889
v -0.103306 -1.972298 -0.107889
v -0.089452 -1.972298 -0.159592
v -0.098104 -1.948179 -0.164587
v -0.111867 -1.927469 -0.172533
v -0.129803 -1.911577 -0.182888
v -0.150689 -1.901587 -0.194948
v -0.073019 -1.972298 -0.181007
v -0.080083 -1.948179 -0.188072
v -0.091320 -1.927469 -0.199310
v -0.105965 -1.911577 -0.213955
v -0.123019 -1.901587 -0.231009
v -0.051602 -1.972298 -0.197443
v -0.056597 -1.948179 -0.206093
v -0.064543 -1.927469 -0.219856
v -0.074899 -1.911577 -0.237793
v -0.086958 -1.901587 -0.258678
v -0.026663 -1.972298 -0.207773
v -0.029248 -1.948179 -0.217422
v -0.033361 -1.927469 -0.232773
v -0.038722 -1.911577 -0.252777
v -0.044964 -1.901587 -0.276073
v 0.000101 -1.972298 -0.211296
v 0.000101 -1.948179 -0.221287
v 0.000101 -1.927469 -0.237179
v 0.000101 -1.911577 -0.257889
v 0.000101 -1.901587 -0.282007
v 0.026865 -1.972298 -0.207773
v 0.029451 -1.948179 -0.217422
v 0.033564 -1.927469 -0.232773
v 0.038924 -1.911577 -0.252777
v 0.045166 -1.901587 -0.276073
v 0.051805 -1.972298 -0.197443
v 0.056800 -1.948179 -0.206093
v 0.064746 -1.927469 -0.219856
v 0.075101 -1.911577 -0.237793
v 0.087160 -1.901587 -0.258678
v 0.073221 -1.972298 -0.181007
v 0.080285 -1.948179 -0.188072
v 0.091523 -1.927469 -0.199310
v 0.106167 -1.911577 -0.213955
v 0.123221 -1.901587 -0.231009
v 0.089655 -1.972298 -0.159592
v 0.098306 -1.948179 -0.164587
v 0.112069 -1.927469 -0.172533
v 0.130005 -1.911577 -0.182888
v 0.150892 -1.901587 -0.194948
v 0.099985 -1.972298 -0.134653
v 0.109635 -1.948179 -0.137238
v 0.124985 -1.927469 -0.141352
v 0.144990 -1.911577 -0.146711
v 0.168286 -1.901587 -0.152954
v 0.099985 -1.972298 -0.081125
v 0.109635 -1.948179 -0.078539
v 0.124985 -1.927469 -0.074427
v 0.144990 -1.911577 -0.069065
v 0.168286 -1.901587 -0.062824
v 0.089655 -1.972298 -0.056185
v 0.098306 -1.948179 -0.051189
v 0.112069 -1.927469 -0.043243
v 0.130005 -1.911577 -0.032888
v 0.150892 -1.901587 -0.020830
v 0.073221 -1.972298 -0.034769
v 0.080285 -1.948179 -0.027704
v 0.091523 -1.927469 -0.016468
v 0.106167 -1.911577 -0.001822
v 0.123221 -1.901587 0.015232
v 0.051805 -1.972298 -0.018335
v 0.056800 -1.948179 -0.009684
v 0.064746 -1.927469 0.004080
v 0.075101 -1.911577 0.022015
v 0.087160 -1.901587 0.042902
v 0.026865 -1.972298 -0.008005
v 0.029451 -1.948179 0.001644
v 0.033564 -1.927469 0.016996
v 0.038924 -1.911577 0.037001
v 0.045166 -1.901587 0.060297
v 0.000101 -1.972298 -0.004482
v 0.000101 -1.948179 0.005508
v 0.000101 -1.927469 0.021400
v 0.000101 -1.911577 0.042112
v 0.000101 -1.901587 0.066229
v -0.026663 -1.972298 -0.008005
v -0.029248 -1.948179 0.001644
v -0.033361 -1.927469 0.016996
v -0.038722 -1.911577 0.037001
v -0.044964 -1.901587 0.060297
v -0.051602 -1.972298 -0.018335
v -0.056597 -1.948179 -0.009684
v -0.064543 -1.927469 0.004080
v -0.074899 -1.911577 0.022015
v -0.086958 -1.901587 0.042902
v -0.073019 -1.972298 -0.034769
v -0.080083 -1.948179 -0.027704
v -0.091320 -1.927469 -0.016468
v -0.105965 -1.911577 -0.001822
v -0.123019 -1.901587 0.015232
v -0.089452 -1.972298 -0.056185
v -0.098104 -1.948179 -0.051189
v -0.111867 -1.927469 -0.043243
v -0.129803 -1.911577 -0.032888
v -0.150689 -1.901587 -0.020830
v -0.099783 -1.972298 -0.081125
v -0.109432 -1.948179 -0.078539
v -0.124783 -1.927469 -0.074427
v -0.144788 -1.911577 -0.069065
v -0.168084 -1.901587 -0.062824
v -0.099899 -2.198179 -0.107889
v -0.096491 -2.198179 -0.133770
v -0.086501 -2.198179 -0.157888
v -0.070609 -2.198179 -0.178598
v -0.049899 -2.198179 -0.194490
v -0.025781 -2.198179 -0.204481
v 0.000101 -2.198179 -0.207888
v 0.025983 -2.198179 -0.204481
v 0.050101 -2.198179 -0.194490
v 0.070812 -2.198179 -0.178598
v 0.086704 -2.198179 -0.157888
v 0.096694 -2.198179 -0.133770
v 0.100101 -2.198179 -0.107889
v 0.096694 -2.198179 -0.082006
v 0.086704 -2.198179 -0.057888
v 0.070812 -2.198179 -0.037178
v 0.050101 -2.198179 -0.021286
v 0.025983 -2.198179 -0.011297
v 0.000101 -2.198179 -0.007889
v -0.025781 -2.198179 -0.011297
v -0.049899 -2.198179 -0.021286
v -0.070609 -2.198179 -0.037178
v -0.086501 -2.198179 -0.057888
v -0.096491 -2.198179 -0.082006
v -0.399899 -1.998179 0.692112
v -0.386269 -1.998179 0.588583
v -0.346309 -1.998179 0.492111
v -0.282741 -1.998179 0.409269
v -0.199899 -1.998179 0.345701
v -0.103426 -1.998179 0.305740
v 0.000101 -1.998179 0.292112
v 0.103629 -1.998179 0.305740
v 0.200101 -1.998179 0.345701
v 0.282944 -1.998179 0.409269
v 0.346511 -1.998179 0.492111
v 0.386472 -1.998179 0.588583
v 0.400101 -1.998179 0.692112
v 0.386472 -1.998179 0.795639
v 0.346511 -1.998179 0.892111
v 0.282944 -1.998179 0.974955
v 0.200101 -1.998179 1.038521
v 0.103629 -1.998179 1.078482
v 0.000101 -1.998179 1.092112
v -0.103426 -1.998179 1.078482
v -0.199899 -1.998179 1.038521
v -0.282741 -1.998179 0.974955
v -0.346309 -1.998179 0.892111
v -0.386269 -1.998179 0.795639
v 0.403509 -1.972298 0.692112
v 0.413499 -1.948179 0.692112
v 0.429391 -1.927469 0.692112
v 0.450101 -1.911577 0.692112
v 0.474219 -1.901587 0.692112
v -0.389560 -1.972298 0.587702
v -0.399210 -1.948179 0.585117
v -0.414560 -1.927469 0.581003
v -0.434565 -1.911577 0.575644
v -0.457862 -1.901587 0.569401
v -0.474017 -1.901587 0.692112
v -0.449899 -1.911577 0.692112
v -0.429188 -1.927469 0.692112
v -0.413296 -1.948179 0.692112
v -0.403306 -1.972298 0.692112
v -0.349260 -1.972298 0.490408
v -0.357911 -1.948179 0.485413
v -0.371674 -1.927469 0.477467
v -0.389610 -1.911577 0.467112
v -0.410497 -1.901587 0.455053
v -0.285151 -1.972298 0.406860
v -0.292215 -1.948179 0.399796
v -0.303452 -1.927469 0.388557
v -0.318097 -1.911577 0.373913
v -0.335151 -1.901587 0.356859
v -0.201602 -1.972298 0.342751
v -0.206597 -1.948179 0.334099
v -0.214543 -1.927469 0.320335
v -0.224899 -1.911577 0.302401
v -0.236958 -1.901587 0.281513
v -0.104308 -1.972298 0.302450
v -0.106894 -1.948179 0.292799
v -0.111007 -1.927469 0.277451
v -0.116367 -1.911577 0.257444
v -0.122610 -1.901587 0.234148
v 0.000101 -1.972298 0.288704
v 0.000101 -1.948179 0.278713
v 0.000101 -1.927469 0.262821
v 0.000101 -1.911577 0.242111
v 0.000101 -1.901587 0.217993
v 0.104511 -1.972298 0.302450
v 0.107096 -1.948179 0.292799
v 0.111210 -1.927469 0.277451
v 0.116570 -1.911577 0.257444
v 0.122812 -1.901587 0.234148
v 0.201805 -1.972298 0.342751
v 0.206800 -1.948179 0.334099
v 0.214746 -1.927469 0.320335
v 0.225101 -1.911577 0.302401
v 0.237160 -1.901587 0.281513
v 0.285353 -1.972298 0.406860
v 0.292417 -1.948179 0.399796
v 0.303655 -1.927469 0.388557
v 0.318299 -1.911577 0.373913
v 0.335353 -1.901587 0.356859
v 0.349462 -1.972298 0.490408
v 0.358114 -1.948179 0.485413
v 0.371877 -1.927469 0.477467
v 0.389813 -1.911577 0.467112
v 0.410700 -1.901587 0.455053
v 0.389763 -1.972298 0.587702
v 0.399413 -1.948179 0.585117
v 0.414763 -1.927469 0.581003
v 0.434768 -1.911577 0.575644
v 0.458064 -1.901587 0.569401
v 0.389763 -1.972298 0.796520
v 0.399413 -1.948179 0.799107
v 0.414763 -1.927469 0.803219
v 0.434768 -1.911577 0.808580
v 0.458064 -1.901587 0.814821
v 0.349462 -1.972298 0.893814
v 0.358114 -1.948179 0.898809
v 0.371877 -1.927469 0.906755
v 0.389813 -1.911577 0.917112
v 0.410700 -1.901587 0.929171
v 0.285353 -1.972298 0.977364
v 0.292417 -1.948179 0.984428
v 0.303655 -1.927469 0.995665
v 0.318299 -1.911577 1.010309
v 0.335353 -1.901587 1.027363
v 0.201805 -1.972298 1.041473
v 0.206800 -1.948179 1.050123
v 0.214746 -1.927469 1.063887
v 0.225101 -1.911577 1.081823
v 0.237160 -1.901587 1.102709
v 0.104511 -1.972298 1.081772
v 0.107096 -1.948179 1.091423
v 0.111210 -1.927469 1.106773
v 0.116570 -1.911577 1.126778
v 0.122812 -1.901587 1.150074
v 0.000101 -1.972298 1.095518
v 0.000101 -1.948179 1.105509
v 0.000101 -1.927469 1.121401
v 0.000101 -1.911577 1.142111
v 0.000101 -1.901587 1.166229
v -0.104308 -1.972298 1.081772
v -0.106894 -1.948179 1.091423
v -0.111007 -1.927469 1.106773
v -0.116367 -1.911577 1.126778
v -0.122610 -1.901587 1.150074
v -0.201602 -1.972298 1.041473
v -0.206597 -1.948179 1.050123
v -0.214543 -1.927469 1.063887
v -0.224899 -1.911577 1.081823
v -0.236958 -1.901587 1.102709
v -0.285151 -1.972298 0.977364
v -0.292215 -1.948179 0.984428
v -0.303452 -1.927469 0.995665
v -0.318097 -1.911577 1.010309
v -0.335151 -1.901587 1.027363
v -0.349260 -1.972298 0.893814
v -0.357911 -1.948179 0.898809
v -0.371674 -1.927469 0.906755
v -0.389610 -1.911577 0.917112
v -0.410497 -1.901587 0.929171
v -0.389560 -1.972298 0.796520
v -0.399210 -1.948179 0.799107
v -0.414560 -1.927469 0.803219
v -0.434565 -1.911577 0.808580
v -0.457862 -1.901587 0.814821
v -0.399899 -2.198179 0.692112
v -0.386269 -2.198179 0.588583
v -0.346309 -2.198179 0.492111
v -0.282741 -2.198179 0.409269
v -0.199899 -2.198179 0.345701
v -0.103426 -2.198179 0.305740
v 0.000101 -2.198179 0.292112
v 0.103629 -2.198179 0.305740
v 0.200101 -2.198179 0.345701
v 0.282944 -2.198179 0.409269
v 0.346511 -2.198179 0.492111
v 0.386472 -2.198179 0.588583
v 0.400101 -2.198179 0.692112
v 0.386472 -2.198179 0.795639
v 0.346511 -2.198179 0.892111
v 0.282944 -2.198179 0.974955
v 0.200101 -2.198179 1.038521
v 0.103629 -2.198179 1.078482
v 0.000101 -2.198179 1.092112
v -0.103426 -2.198179 1.078482
v -0.199899 -2.198179 1.038521
v -0.282741 -2.198179 0.974955
v -0.346309 -2.198179 0.892111
v -0.386269 -2.198179 0.795639
v -0.899899 -1.998179 0.692112
v -0.896491 -1.998179 0.666229
v -0.886501 -1.998179 0.642111
v -0.870609 -1.998179 0.621401
v -0.849899 -1.998179 0.605509
v -0.825781 -1.998179 0.595518
v -0.799899 -1.998179 0.592112
v -0.774017 -1.998179 0.595518
v -0.749899 -1.998179 0.605509
v -0.729188 -1.998179 0.621401
v -0.713296 -1.998179 0.642111
v -0.703306 -1.998179 0.666229
v -0.699899 -1.998179 0.692112
v -0.703306 -1.998179 0.717993
v -0.713296 -1.998179 0.742111
v -0.729188 -1.998179 0.762821
v -0.749899 -1.998179 0.778713
v -0.774017 -1.998179 0.788704
v -0.799899 -1.998179 0.792112
v -0.825781 -1.998179 0.788704
v -0.849899 -1.998179 0.778713
v -0.870609 -1.998179 0.762821
v -0.886501 -1.998179 0.742111
v -0.896491 -1.998179 0.717993
v -0.696491 -1.972298 0.692112
v -0.686501 -1.948179 0.692112
v -0.670609 -1.927469 0.692112
v -0.649899 -1.911577 0.692112
v -0.625781 -1.901587 0.692112
v -0.899783 -1.972298 0.665348
v -0.909432 -1.948179 0.662762
v -0.924783 -1.927469 0.658649
v -0.944788 -1.911577 0.653288
v -0.968084 -1.901587 0.647047
v -0.974017 -1.901587 0.692112
v -0.949899 -1.911577 0.692112
v -0.929188 -1.927469 0.692112
v -0.913296 -1.948179 0.692112
v -0.903306 -1.972298 0.692112
v -0.889452 -1.972298 0.640408
v -0.898104 -1.948179 0.635412
v -0.911867 -1.927469 0.627466
v -0.929803 -1.911577 0.617111
v -0.950689 -1.901587 0.605053
v -0.873019 -1.972298 0.618992
v -0.880083 -1.948179 0.611927
v -0.891320 -1.927469 0.600689
v -0.905965 -1.911577 0.586046
v -0.923019 -1.901587 0.568993
v -0.851602 -1.972298 0.602558
v -0.856597 -1.948179 0.593906
v -0.864543 -1.927469 0.580143
v -0.874899 -1.911577 0.562208
v -0.886958 -1.901587 0.541321
v -0.826663 -1.972298 0.592228
v -0.829248 -1.948179 0.582577
v -0.833361 -1.927469 0.567228
v -0.838722 -1.911577 0.547222
v -0.844964 -1.901587 0.523926
v -0.799899 -1.972298 0.588703
v -0.799899 -1.948179 0.578714
v -0.799899 -1.927469 0.562822
v -0.799899 -1.911577 0.542112
v -0.799899 -1.901587 0.517994
v -0.773135 -1.972298 0.592228
v -0.770549 -1.948179 0.582577
v -0.766436 -1.927469 0.567228
v -0.761076 -1.911577 0.547222
v -0.754834 -1.901587 0.523926
v -0.748195 -1.972298 0.602558
v -0.743200 -1.948179 0.593906
v -0.735254 -1.927469 0.580143
v -0.724899 -1.911577 0.562208
v -0.712840 -1.901587 0.541321
v -0.726779 -1.972298 0.618992
v -0.719715 -1.948179 0.611927
v -0.708477 -1.927469 0.600689
v -0.693833 -1.911577 0.586046
v -0.676779 -1.901587 0.568993
v -0.710345 -1.972298 0.640408
v -0.701694 -1.948179 0.635412
v -0.687931 -1.927469 0.627466
v -0.669995 -1.911577 0.617111
v -0.649108 -1.901587 0.605053
v -0.700015 -1.972298 0.665348
v -0.690365 -1.948179 0.662762
v -0.675015 -1.927469 0.658649
v -0.655010 -1.911577 0.653288
v -0.631714 -1.901587 0.647047
v -0.700015 -1.972298 0.718874
v -0.690365 -1.948179 0.721460
v -0.675015 -1.927469 0.725574
v -0.655010 -1.911577 0.730934
v -0.631714 -1.901587 0.737177
v -0.710345 -1.972298 0.743814
v -0.701694 -1.948179 0.748810
v -0.687931 -1.927469 0.756756
v -0.669995 -1.911577 0.767111
v -0.649108 -1.901587 0.779171
v -0.726779 -1.972298 0.765232
v -0.719715 -1.948179 0.772295
v -0.708477 -1.927469 0.783533
v -0.693833 -1.911577 0.798178
v -0.676779 -1.901587 0.815231
v -0.748195 -1.972298 0.781664
v -0.743200 -1.948179 0.790318
v -0.735254 -1.927469 0.804079
v -0.724899 -1.911577 0.822014
v -0.712840 -1.901587 0.842901
v -0.773135 -1.972298 0.791996
v -0.770549 -1.948179 0.801645
v -0.766436 -1.927469 0.816996
v -0.761076 -1.911577 0.837000
v -0.754834 -1.901587 0.860296
v -0.799899 -1.972298 0.795519
v -0.799899 -1.948179 0.805510
v -0.799899 -1.927469 0.821402
v -0.799899 -1.911577 0.842112
v -0.799899 -1.901587 0.866230
v -0.826663 -1.972298 0.791996
v -0.829248 -1.948179 0.801645
v -0.833361 -1.927469 0.816996
v -0.838722 -1.911577 0.837000
v -0.844964 -1.901587 0.860296
v -0.851602 -1.972298 0.781664
v -0.856597 -1.948179 0.790318
v -0.864543 -1.927469 0.804079
v -0.874899 -1.911577 0.822014
v -0.886958 -1.901587 0.842901
v -0.873019 -1.972298 0.765232
v -0.880083 -1.948179 0.772295
v -0.891320 -1.927469 0.783533
v -0.905965 -1.911577 0.798178
v -0.923019 -1.901587 0.815231
v -0.889452 -1.972298 0.743814
v -0.898104 -1.948179 0.748810
v -0.911867 -1.927469 0.756756
v -0.929803 -1.911577 0.767111
v -0.950689 -1.901587 0.779171
v -0.899783 -1.972298 0.718874
v -0.909432 -1.948179 0.721460
v -0.924783 -1.927469 0.725574
v -0.944788 -1.911577 0.730934
v -0.968084 -1.901587 0.737177
v -0.899899 -2.198179 0.692112
v -0.896491 -2.198179 0.666229
v -0.886501 -2.198179 0.642111
v -0.870609 -2.198179 0.621401
v -0.849899 -2.198179 0.605509
v -0.825781 -2.198179 0.595518
v -0.799899 -2.198179 0.592112
v -0.774017 -2.198179 0.595518
v -0.749899 -2.198179 0.605509
v -0.729188 -2.198179 0.621401
v -0.713296 -2.198179 0.642111
v -0.703306 -2.198179 0.666229
v -0.699899 -2.198179 0.692112
v -0.703306 -2.198179 0.717993
v -0.713296 -2.198179 0.742111
v -0.729188 -2.198179 0.762821
v -0.749899 -2.198179 0.778713
v -0.774017 -2.198179 0.788704
v -0.799899 -2.198179 0.792112
v -0.825781 -2.198179 0.788704
v -0.849899 -2.198179 0.778713
v -0.870609 -2.198179 0.762821
v -0.886501 -2.198179 0.742111
v -0.896491 -2.198179 0.717993
v 0.700101 -1.998179 0.692112
v 0.703509 -1.998179 0.666229
v 0.713499 -1.998179 0.642111
v 0.729391 -1.998179 0.621401
v 0.750101 -1.998179 0.605509
v 0.774219 -1.998179 0.595518
v 0.800101 -1.998179 0.592112
v 0.825983 -1.998179 0.595518
v 0.850101 -1.998179 0.605509
v 0.870812 -1.998179 0.621401
v 0.886704 -1.998179 0.642111
v 0.896694 -1.998179 0.666229
v 0.900101 -1.998179 0.692112
v 0.896694 -1.998179 0.717993
v 0.886704 -1.998179 0.742111
v 0.870812 -1.998179 0.762821
v 0.850101 -1.998179 0.778713
v 0.825983 -1.998179 0.788704
v 0.800101 -1.998179 0.792112
v 0.774219 -1.998179 0.788704
v 0.750101 -1.998179 0.778713
v 0.729391 -1.998179 0.762821
v 0.713499 -1.998179 0.742111
v 0.703509 -1.998179 0.717993
v 0.903509 -1.972298 0.692112
v 0.913499 -1.948179 0.692112
v 0.929391 -1.927469 0.692112
v 0.950101 -1.911577 0.692112
v 0.974219 -1.901587 0.692112
v 0.700217 -1.972298 0.665348
v 0.690568 -1.948179 0.662762
v 0.675217 -1.927469 0.658649
v 0.655212 -1.911577 0.653288
v 0.631916 -1.901587 0.647047
v 0.625983 -1.901587 0.692112
v 0.650101 -1.911577 0.692112
v 0.670812 -1.927469 0.692112
v 0.686704 -1.948179 0.692112
v 0.696694 -1.972298 0.692112
v 0.710548 -1.972298 0.640408
v 0.701896 -1.948179 0.635412
v 0.688133 -1.927469 0.627466
v 0.670197 -1.911577 0.617111
v 0.649311 -1.901587 0.605053
v 0.726981 -1.972298 0.618992
v 0.719917 -1.948179 0.611927
v 0.708680 -1.927469 0.600689
v 0.694035 -1.911577 0.586046
v 0.676981 -1.901587 0.568993
v 0.748398 -1.972298 0.602558
v 0.743403 -1.948179 0.593906
v 0.735457 -1.927469 0.580143
v 0.725101 -1.911577 0.562208
v 0.713042 -1.901587 0.541321
v 0.773337 -1.972298 0.592228
v 0.770752 -1.948179 0.582577
v 0.766639 -1.927469 0.567228
v 0.761278 -1.911577 0.547222
v 0.755036 -1.901587 0.523926
v 0.800101 -1.972298 0.588703
v 0.800101 -1.948179 0.578714
v 0.800101 -1.927469 0.562822
v 0.800101 -1.911577 0.542112
v 0.800101 -1.901587 0.517994
v 0.826865 -1.972298 0.592228
v 0.829451 -1.948179 0.582577
v 0.833564 -1.927469 0.567228
v 0.838924 -1.911577 0.547222
v 0.845166 -1.901587 0.523926
v 0.851805 -1.972298 0.602558
v 0.856800 -1.948179 0.593906
v 0.864746 -1.927469 0.580143
v 0.875101 -1.911577 0.562208
v 0.887160 -1.901587 0.541321
v 0.873221 -1.972298 0.618992
v 0.880285 -1.948179 0.611927
v 0.891523 -1.927469 0.600689
v 0.906167 -1.911577 0.586046
v 0.923221 -1.901587 0.568993
v 0.889655 -1.972298 0.640408
v 0.898306 -1.948179 0.635412
v 0.912069 -1.927469 0.627466
v 0.930005 -1.911577 0.617111
v 0.950892 -1.901587 0.605053
v 0.899985 -1.972298 0.665348
v 0.909635 -1.948179 0.662762
v 0.924985 -1.927469 0.658649
v 0.944990 -1.911577 0.653288
v 0.968286 -1.901587 0.647047
v 0.899985 -1.972298 0.718874
v 0.909635 -1.948179 0.721460
v 0.924985 -1.927469 0.725574
v 0.944990 -1.911577 0.730934
v 0.968286 -1.901587 0.737177
v 0.889655 -1.972298 0.743814
v 0.898306 -1.948179 0.748810
v 0.912069 -1.927469 0.756756
v 0.930005 -1.911577 0.767111
v 0.950892 -1.901587 0.779171
v 0.873221 -1.972298 0.765232
v 0.880285 -1.948179 0.772295
v 0.891523 -1.927469 0.783533
v 0.906167 -1.911577 0.798178
v 0.923221 -1.901587 0.815231
v 0.851805 -1.972298 0.781664
v 0.856800 -1.948179 0.790318
v 0.864746 -1.927469 0.804079
v 0.875101 -1.911577 0.822014
v 0.887160 -1.901587 0.842901
v 0.826865 -1.972298 0.791996
v 0.829451 -1.948179 0.801645
v 0.833564 -1.927469 0.816996
v 0.838924 -1.911577 0.837000
v 0.845166 -1.901587 0.860296
v 0.800101 -1.972298 0.795519
v 0.800101 -1.948179 0.805510
v 0.800101 -1.927469 0.821402
v 0.800101 -1.911577 0.842112
v 0.800101 -1.901587 0.866230
v 0.773337 -1.972298 0.791996
v 0.770752 -1.948179 0.801645
v 0.766639 -1.927469 0.816996
v 0.761278 -1.911577 0.837000
v 0.755036 -1.901587 0.860296
v 0.748398 -1.972298 0.781664
v 0.743403 -1.948179 0.790318
v 0.735457 -1.927469 0.804079
v 0.725101 -1.911577 0.822014
v 0.713042 -1.901587 0.842901
v 0.726981 -1.972298 0.765232
v 0.719917 -1.948179 0.772295
v 0.708680 -1.927469 0.783533
v 0.694035 -1.911577 0.798178
v 0.676981 -1.901587 0.815231
v 0.710548 -1.972298 0.743814
v 0.701896 -1.948179 0.748810
v 0.688133 -1.927469 0.756756
v 0.670197 -1.911577 0.767111
v 0.649311 -1.901587 0.779171
v 0.700217 -1.972298 0.718874
v 0.690568 -1.948179 0.721460
v 0.675217 -1.927469 0.725574
v 0.655212 -1.911577 0.730934
v 0.631916 -1.901587 0.737177
v 0.700101 -2.198179 0.692112
v 0.703509 -2.198179 0.666229
v 0.713499 -2.198179 0.642111
v 0.729391 -2.198179 0.621401
v 0.750101 -2.198179 0.605509
v 0.774219 -2.198179 0.595518
v 0.800101 -2.198179 0.592112
v 0.825983 -2.198179 0.595518
v 0.850101 -2.198179 0.605509
v 0.870812 -2.198179 0.621401
v 0.886704 -2.198179 0.642111
v 0.896694 -2.198179 0.666229
v 0.900101 -2.198179 0.692112
v 0.896694 -2.198179 0.717993
v 0.886704 -2.198179 0.742111
v 0.870812 -2.198179 0.762821
v 0.850101 -2.198179 0.778713
v 0.825983 -2.198179 0.788704
v 0.800101 -2.198179 0.792112
v 0.774219 -2.198179 0.788704
v 0.750101 -2.198179 0.778713
v 0.729391 -2.198179 0.762821
v 0.713499 -2.198179 0.742111
v 0.703509 -2.198179 0.717993
v -0.099899 -1.998179 1.492111
v -0.096491 -1.998179 1.466230
v -0.086501 -1.998179 1.442112
v -0.070609 -1.998179 1.421400
v -0.049899 -1.998179 1.405508
v -0.025781 -1.998179 1.395519
v 0.000101 -1.998179 1.392111
v 0.025983 -1.998179 1.395519
v 0.050101 -1.998179 1.405508
v 0.070812 -1.998179 1.421400
v 0.086704 -1.998179 1.442112
v 0.096694 -1.998179 1.466230
v 0.100101 -1.998179 1.492111
v 0.096694 -1.998179 1.517994
v 0.086704 -1.998179 1.542112
v 0.070812 -1.998179 1.562822
v 0.050101 -1.998179 1.578714
v 0.025983 -1.998179 1.588703
v 0.000101 -1.998179 1.592112
v -0.025781 -1.998179 1.588703
v -0.049899 -1.998179 1.578714
v -0.070609 -1.998179 1.562822
v -0.086501 -1.998179 1.542112
v -0.096491 -1.998179 1.517994
v -0.155366 -1.898181 1.617426
v -0.079487 -1.902108 1.644867
v 0.000101 -1.905478 1.654612
v 0.079689 -1.902108 1.644867
v 0.155568 -1.898181 1.617426
v 0.103509 -1.972298 1.492111
v 0.113499 -1.948179 1.492111
v 0.129391 -1.927469 1.492111
v 0.150101 -1.911577 1.492111
v 0.174219 -1.901587 1.492111
v 0.087160 -1.901587 1.642902
v -0.099783 -1.972298 1.465347
v -0.109432 -1.948179 1.462761
v -0.124783 -1.927469 1.458649
v -0.144788 -1.911577 1.453289
v -0.168084 -1.901587 1.447046
v -0.174017 -1.901587 1.492111
v -0.149899 -1.911577 1.492111
v -0.129188 -1.927469 1.492111
v -0.113296 -1.948179 1.492111
v -0.103306 -1.972298 1.492111
v -0.089452 -1.972298 1.440407
v -0.098104 -1.948179 1.435413
v -0.111867 -1.927469 1.427467
v -0.129803 -1.911577 1.417112
v -0.150689 -1.901587 1.405052
v -0.073019 -1.972298 1.418991
v -0.080083 -1.948179 1.411928
v -0.091320 -1.927469 1.400690
v -0.105965 -1.911577 1.386045
v -0.123019 -1.901587 1.368992
v -0.051602 -1.972298 1.402557
v -0.056597 -1.948179 1.393908
v -0.064543 -1.927469 1.380144
v -0.074899 -1.911577 1.362207
v -0.086958 -1.901587 1.341320
v -0.026663 -1.972298 1.392227
v -0.029248 -1.948179 1.382578
v -0.033361 -1.927469 1.367228
v -0.038722 -1.911577 1.347223
v -0.044964 -1.901587 1.323927
v 0.000101 -1.972298 1.388704
v 0.000101 -1.948179 1.378714
v 0.000101 -1.927469 1.362822
v 0.000101 -1.911577 1.342112
v 0.000101 -1.901587 1.317993
v 0.026865 -1.972298 1.392227
v 0.029451 -1.948179 1.382578
v 0.033564 -1.927469 1.367228
v 0.038924 -1.911577 1.347223
v 0.045166 -1.901587 1.323927
v 0.051805 -1.972298 1.402557
v 0.056800 -1.948179 1.393908
v 0.064746 -1.927469 1.380144
v 0.075101 -1.911577 1.362207
v 0.087160 -1.901587 1.341320
v 0.073221 -1.972298 1.418991
v 0.080285 -1.948179 1.411928
v 0.091523 -1.927469 1.400690
v 0.106167 -1.911577 1.386045
v 0.123221 -1.901587 1.368992
v 0.089655 -1.972298 1.440407
v 0.098306 -1.948179 1.435413
v 0.112069 -1.927469 1.427467
v 0.130005 -1.911577 1.417112
v 0.150892 -1.901587 1.405052
v 0.099985 -1.972298 1.465347
v 0.109635 -1.948179 1.462761
v 0.124985 -1.927469 1.458649
v 0.144990 -1.911577 1.453289
v 0.168286 -1.901587 1.447046
v 0.099985 -1.972298 1.518875
v 0.109635 -1.948179 1.521461
v 0.124985 -1.927469 1.525574
v 0.144990 -1.911577 1.530935
v 0.168286 -1.901587 1.537176
v 0.089655 -1.972298 1.543816
v 0.098306 -1.948179 1.548809
v 0.112069 -1.927469 1.556755
v 0.130005 -1.911577 1.567112
v 0.150892 -1.901587 1.579170
v 0.073221 -1.972298 1.565231
v 0.080285 -1.948179 1.572296
v 0.091523 -1.927469 1.583532
v 0.106167 -1.911577 1.598177
v 0.123221 -1.901587 1.615232
v 0.051805 -1.972298 1.581665
v 0.056800 -1.948179 1.590317
v 0.064746 -1.927469 1.604080
v 0.075101 -1.911577 1.622015
v 0.026865 -1.972298 1.591995
v 0.029451 -1.948179 1.601645
v 0.033564 -1.927469 1.616995
v 0.038924 -1.911577 1.637001
v 0.000101 -1.972298 1.595518
v 0.000101 -1.948179 1.605509
v 0.000101 -1.927469 1.621401
v 0.000101 -1.911577 1.642111
v -0.026663 -1.972298 1.591995
v -0.029248 -1.948179 1.601645
v -0.033361 -1.927469 1.616995
v -0.038722 -1.911577 1.637001
v -0.051602 -1.972298 1.581665
v -0.056597 -1.948179 1.590317
v -0.064543 -1.927469 1.604080
v -0.074899 -1.911577 1.622015
v -0.086958 -1.901587 1.642902
v -0.073019 -1.972298 1.565231
v -0.080083 -1.948179 1.572296
v -0.091320 -1.927469 1.583532
v -0.105965 -1.911577 1.598177
v -0.123019 -1.901587 1.615232
v -0.089452 -1.972298 1.543816
v -0.098104 -1.948179 1.548809
v -0.111867 -1.927469 1.556755
v -0.129803 -1.911577 1.567112
v -0.150689 -1.901587 1.579170
v -0.099783 -1.972298 1.518875
v -0.109432 -1.948179 1.521461
v -0.124783 -1.927469 1.525574
v -0.144788 -1.911577 1.530935
v -0.168084 -1.901587 1.537176
v -1.049899 -1.901587 1.642994
v -1.049899 -1.911577 1.667112
v -1.049899 -1.927469 1.687822
v -1.049899 -1.948179 1.703714
v -1.049899 -1.972298 1.713703
v -1.049899 -1.998179 1.717112
v 1.050101 -1.998179 1.717112
v 1.050101 -1.972298 1.713703
v 1.050101 -1.948179 1.703714
v 1.050101 -1.927469 1.687822
v 1.050101 -1.911577 1.667112
v 1.050101 -1.901587 1.642994
v 0.525101 -1.901587 1.642994
v -0.524899 -1.911577 1.667112
v 0.000101 -1.911577 1.667112
v 0.525101 -1.911577 1.667112
v -0.524899 -1.901587 1.642994
v -0.524899 -1.927469 1.687822
v 0.000101 -1.927469 1.687822
v 0.525101 -1.927469 1.687822
v -0.524899 -1.948179 1.703714
v 0.000101 -1.948179 1.703714
v 0.525101 -1.948179 1.703714
v -0.524899 -1.972298 1.713703
v 0.000101 -1.972298 1.713703
v 0.525101 -1.972298 1.713703
v -0.099899 -2.198179 1.492111
v -0.096491 -2.198179 1.466230
v -0.086501 -2.198179 1.442112
v -0.070609 -2.198179 1.421400
v -0.049899 -2.198179 1.405508
v -0.025781 -2.198179 1.395519
v 0.000101 -2.198179 1.392111
v 0.025983 -2.198179 1.395519
v 0.050101 -2.198179 1.405508
v 0.070812 -2.198179 1.421400
v 0.086704 -2.198179 1.442112
v 0.096694 -2.198179 1.466230
v 0.100101 -2.198179 1.492111
v 0.096694 -2.198179 1.517994
v 0.086704 -2.198179 1.542112
v 0.070812 -2.198179 1.562822
v 0.050101 -2.198179 1.578714
v 0.025983 -2.198179 1.588703
v 0.000101 -2.198179 1.592112
v -0.025781 -2.198179 1.588703
v -0.049899 -2.198179 1.578714
v -0.070609 -2.198179 1.562822
v -0.086501 -2.198179 1.542112
v -0.096491 -2.198179 1.517994
v -0.099899 1.998773 1.492111
v -0.096491 1.998773 1.517994
v -0.086501 1.998773 1.542112
v -0.070609 1.998773 1.562822
v -0.049899 1.998773 1.578714
v -0.025781 1.998773 1.588703
v 0.000101 1.998773 1.592112
v 0.025983 1.998773 1.588703
v 0.050101 1.998773 1.578714
v 0.070812 1.998773 1.562822
v 0.086704 1.998773 1.542112
v 0.096694 1.998773 1.517994
v 0.100101 1.998773 1.492111
v 0.096694 1.998773 1.466230
v 0.086704 1.998773 1.442112
v 0.070812 1.998773 1.421400
v 0.050101 1.998773 1.405508
v 0.025983 1.998773 1.395519
v 0.000101 1.998773 1.392111
v -0.025781 1.998773 1.395519
v -0.049899 1.998773 1.405508
v -0.070609 1.998773 1.421400
v -0.086501 1.998773 1.442112
v -0.096491 1.998773 1.466230
v 0.156226 1.898772 1.617111
v 0.155568 1.898772 1.617426
v 0.079689 1.902701 1.644867
v 0.000101 1.906071 1.654612
v -0.079487 1.902701 1.644867
v -0.155366 1.898772 1.617426
v -0.156024 1.898772 1.617111
v -0.182058 1.898772 1.574682
v -0.196808 1.898772 1.527136
v -0.199359 1.898772 1.477423
v -0.189552 1.898772 1.428617
v -0.167997 1.898772 1.383747
v -0.136028 1.898772 1.345589
v -0.095625 1.898772 1.316507
v -0.049292 1.898772 1.298307
v 0.000101 1.898772 1.292112
v 0.049494 1.898772 1.298307
v 0.095828 1.898772 1.316507
v 0.136230 1.898772 1.345589
v 0.168200 1.898772 1.383747
v 0.189755 1.898772 1.428617
v 0.199561 1.898772 1.477423
v 0.197010 1.898772 1.527136
v 0.182261 1.898772 1.574682
v -0.103306 1.972891 1.492111
v -0.113296 1.948772 1.492111
v -0.129188 1.928061 1.492111
v -0.149899 1.912169 1.492111
v -0.174017 1.902180 1.492111
v -0.086958 1.902180 1.642902
v -0.099783 1.972891 1.518875
v -0.109432 1.948772 1.521461
v -0.124783 1.928061 1.525574
v -0.144788 1.912169 1.530935
v -0.168084 1.902180 1.537176
v -0.089452 1.972891 1.543816
v -0.098104 1.948772 1.548809
v -0.111867 1.928061 1.556755
v -0.129803 1.912169 1.567112
v -0.150689 1.902180 1.579170
v -0.073019 1.972891 1.565231
v -0.080083 1.948772 1.572296
v -0.091320 1.928061 1.583532
v -0.105965 1.912169 1.598177
v -0.123019 1.902180 1.615232
v -0.051602 1.972891 1.581665
v -0.056597 1.948772 1.590317
v -0.064543 1.928061 1.604080
v -0.074899 1.912169 1.622015
v -0.026663 1.972891 1.591995
v -0.029248 1.948772 1.601645
v -0.033361 1.928061 1.616995
v -0.038722 1.912169 1.637001
v 0.000101 1.972891 1.595518
v 0.000101 1.948772 1.605509
v 0.000101 1.928061 1.621401
v 0.000101 1.912169 1.642111
v 0.026865 1.972891 1.591995
v 0.029451 1.948772 1.601645
v 0.033564 1.928061 1.616995
v 0.038924 1.912169 1.637001
v 0.051805 1.972891 1.581665
v 0.056800 1.948772 1.590317
v 0.064746 1.928061 1.604080
v 0.075101 1.912169 1.622015
v 0.087160 1.902180 1.642902
v 0.073221 1.972891 1.565231
v 0.080285 1.948772 1.572296
v 0.091523 1.928061 1.583532
v 0.106167 1.912169 1.598177
v 0.123221 1.902180 1.615232
v 0.089655 1.972891 1.543816
v 0.098306 1.948772 1.548809
v 0.112069 1.928061 1.556755
v 0.130005 1.912169 1.567112
v 0.150892 1.902180 1.579170
v 0.099985 1.972891 1.518875
v 0.109635 1.948772 1.521461
v 0.124985 1.928061 1.525574
v 0.144990 1.912169 1.530935
v 0.168286 1.902180 1.537176
v 0.103509 1.972891 1.492111
v 0.113499 1.948772 1.492111
v 0.129391 1.928061 1.492111
v 0.150101 1.912169 1.492111
v 0.174219 1.902180 1.492111
v 0.099985 1.972891 1.465347
v 0.109635 1.948772 1.462761
v 0.124985 1.928061 1.458649
v 0.144990 1.912169 1.453289
v 0.168286 1.902180 1.447046
v 0.089655 1.972891 1.440407
v 0.098306 1.948772 1.435413
v 0.112069 1.928061 1.427467
v 0.130005 1.912169 1.417112
v 0.150892 1.902180 1.405052
v 0.073221 1.972891 1.418991
v 0.080285 1.948772 1.411928
v 0.091523 1.928061 1.400690
v 0.106167 1.912169 1.386045
v 0.123221 1.902180 1.368992
v 0.051805 1.972891 1.402557
v 0.056800 1.948772 1.393908
v 0.064746 1.928061 1.380144
v 0.075101 1.912169 1.362207
v 0.087160 1.902180 1.341320
v 0.026865 1.972891 1.392227
v 0.029451 1.948772 1.382578
v 0.033564 1.928061 1.367228
v 0.038924 1.912169 1.347223
v 0.045166 1.902180 1.323927
v 0.000101 1.972891 1.388704
v 0.000101 1.948772 1.378714
v 0.000101 1.928061 1.362822
v 0.000101 1.912169 1.342112
v 0.000101 1.902180 1.317993
v -0.026663 1.972891 1.392227
v -0.029248 1.948772 1.382578
v -0.033361 1.928061 1.367228
v -0.038722 1.912169 1.347223
v -0.044964 1.902180 1.323927
v -0.051602 1.972891 1.402557
v -0.056597 1.948772 1.393908
v -0.064543 1.928061 1.380144
v -0.074899 1.912169 1.362207
v -0.086958 1.902180 1.341320
v -0.073019 1.972891 1.418991
v -0.080083 1.948772 1.411928
v -0.091320 1.928061 1.400690
v -0.105965 1.912169 1.386045
v -0.123019 1.902180 1.368992
v -0.089452 1.972891 1.440407
v -0.098104 1.948772 1.435413
v -0.111867 1.928061 1.427467
v -0.129803 1.912169 1.417112
v -0.150689 1.902180 1.405052
v -0.099783 1.972891 1.465347
v -0.109432 1.948772 1.462761
v -0.124783 1.928061 1.458649
v -0.144788 1.912169 1.453289
v -0.168084 1.902180 1.447046
v 1.050101 1.898772 1.617111
v 1.050101 1.902180 1.642994
v 1.050101 1.912169 1.667112
v 1.050101 1.928061 1.687822
v 1.050101 1.948772 1.703714
v 1.050101 1.972891 1.713703
v 1.050101 1.998773 1.717112
v -1.049899 1.998773 1.717112
v -1.049899 1.972891 1.713703
v -1.049899 1.948772 1.703714
v -1.049899 1.928061 1.687822
v -1.049899 1.912169 1.667112
v -1.049899 1.902180 1.642994
v -1.049899 1.898772 1.617111
v -0.524899 1.902180 1.642994
v 0.525101 1.912169 1.667112
v 0.000101 1.912169 1.667112
v -0.524899 1.912169 1.667112
v 0.525101 1.902180 1.642994
v 0.525101 1.928061 1.687822
v 0.000101 1.928061 1.687822
v -0.524899 1.928061 1.687822
v 0.525101 1.948772 1.703714
v 0.000101 1.948772 1.703714
v -0.524899 1.948772 1.703714
v 0.525101 1.972891 1.713703
v 0.000101 1.972891 1.713703
v -0.524899 1.972891 1.713703
v -0.099899 2.198772 1.492111
v -0.096491 2.198772 1.517994
v -0.086501 2.198772 1.542112
v -0.070609 2.198772 1.562822
v -0.049899 2.198772 1.578714
v -0.025781 2.198772 1.588703
v 0.000101 2.198772 1.592112
v 0.025983 2.198772 1.588703
v 0.050101 2.198772 1.578714
v 0.070812 2.198772 1.562822
v 0.086704 2.198772 1.542112
v 0.096694 2.198772 1.517994
v 0.100101 2.198772 1.492111
v 0.096694 2.198772 1.466230
v 0.086704 2.198772 1.442112
v 0.070812 2.198772 1.421400
v 0.050101 2.198772 1.405508
v 0.025983 2.198772 1.395519
v 0.000101 2.198772 1.392111
v -0.025781 2.198772 1.395519
v -0.049899 2.198772 1.405508
v -0.070609 2.198772 1.421400
v -0.086501 2.198772 1.442112
v -0.096491 2.198772 1.466230
v 0.700101 1.998773 0.692112
v 0.703509 1.998773 0.717993
v 0.713499 1.998773 0.742111
v 0.729391 1.998773 0.762821
v 0.750101 1.998773 0.778713
v 0.774219 1.998773 0.788704
v 0.800101 1.998773 0.792112
v 0.825983 1.998773 0.788704
v 0.850101 1.998773 0.778713
v 0.870812 1.998773 0.762821
v 0.886704 1.998773 0.742111
v 0.896694 1.998773 0.717993
v 0.900101 1.998773 0.692112
v 0.896694 1.998773 0.666229
v 0.886704 1.998773 0.642111
v 0.870812 1.998773 0.621401
v 0.850101 1.998773 0.605509
v 0.825983 1.998773 0.595518
v 0.800101 1.998773 0.592112
v 0.774219 1.998773 0.595518
v 0.750101 1.998773 0.605509
v 0.729391 1.998773 0.621401
v 0.713499 1.998773 0.642111
v 0.703509 1.998773 0.666229
v 0.600101 1.898772 0.692112
v 0.606916 1.898772 0.640348
v 0.626896 1.898772 0.592112
v 0.658680 1.898772 0.550690
v 0.700101 1.898772 0.518908
v 0.748337 1.898772 0.498926
v 0.800101 1.898772 0.492111
v 0.851865 1.898772 0.498926
v 0.900101 1.898772 0.518908
v 0.941523 1.898772 0.550690
v 0.973306 1.898772 0.592112
v 0.993286 1.898772 0.640348
v 1.000101 1.898772 0.692112
v 0.993286 1.898772 0.743876
v 0.973306 1.898772 0.792112
v 0.941523 1.898772 0.833532
v 0.900101 1.898772 0.865316
v 0.851865 1.898772 0.885296
v 0.800101 1.898772 0.892111
v 0.748337 1.898772 0.885296
v 0.700101 1.898772 0.865316
v 0.658680 1.898772 0.833532
v 0.626896 1.898772 0.792112
v 0.606916 1.898772 0.743876
v 0.696694 1.972891 0.692112
v 0.686704 1.948772 0.692112
v 0.670812 1.928061 0.692112
v 0.650101 1.912169 0.692112
v 0.625983 1.902180 0.692112
v 0.700217 1.972891 0.718874
v 0.690568 1.948772 0.721460
v 0.675217 1.928061 0.725574
v 0.655212 1.912169 0.730934
v 0.631916 1.902180 0.737177
v 0.710548 1.972891 0.743814
v 0.701896 1.948772 0.748810
v 0.688133 1.928061 0.756756
v 0.670197 1.912169 0.767111
v 0.649311 1.902180 0.779171
v 0.726981 1.972891 0.765232
v 0.719917 1.948772 0.772295
v 0.708680 1.928061 0.783533
v 0.694035 1.912169 0.798178
v 0.676981 1.902180 0.815231
v 0.748398 1.972891 0.781664
v 0.743403 1.948772 0.790318
v 0.735457 1.928061 0.804079
v 0.725101 1.912169 0.822014
v 0.713042 1.902180 0.842901
v 0.773337 1.972891 0.791996
v 0.770752 1.948772 0.801645
v 0.766639 1.928061 0.816996
v 0.761278 1.912169 0.837000
v 0.755036 1.902180 0.860296
v 0.800101 1.972891 0.795519
v 0.800101 1.948772 0.805510
v 0.800101 1.928061 0.821402
v 0.800101 1.912169 0.842112
v 0.800101 1.902180 0.866230
v 0.826865 1.972891 0.791996
v 0.829451 1.948772 0.801645
v 0.833564 1.928061 0.816996
v 0.838924 1.912169 0.837000
v 0.845166 1.902180 0.860296
v 0.851805 1.972891 0.781664
v 0.856800 1.948772 0.790318
v 0.864746 1.928061 0.804079
v 0.875101 1.912169 0.822014
v 0.887160 1.902180 0.842901
v 0.873221 1.972891 0.765232
v 0.880285 1.948772 0.772295
v 0.891523 1.928061 0.783533
v 0.906167 1.912169 0.798178
v 0.923221 1.902180 0.815231
v 0.889655 1.972891 0.743814
v 0.898306 1.948772 0.748810
v 0.912069 1.928061 0.756756
v 0.930005 1.912169 0.767111
v 0.950892 1.902180 0.779171
v 0.899985 1.972891 0.718874
v 0.909635 1.948772 0.721460
v 0.924985 1.928061 0.725574
v 0.944990 1.912169 0.730934
v 0.968286 1.902180 0.737177
v 0.903509 1.972891 0.692112
v 0.913499 1.948772 0.692112
v 0.929391 1.928061 0.692112
v 0.950101 1.912169 0.692112
v 0.974219 1.902180 0.692112
v 0.899985 1.972891 0.665348
v 0.909635 1.948772 0.662762
v 0.924985 1.928061 0.658649
v 0.944990 1.912169 0.653288
v 0.968286 1.902180 0.647047
v 0.889655 1.972891 0.640408
v 0.898306 1.948772 0.635412
v 0.912069 1.928061 0.627466
v 0.930005 1.912169 0.617111
v 0.950892 1.902180 0.605053
v 0.873221 1.972891 0.618992
v 0.880285 1.948772 0.611927
v 0.891523 1.928061 0.600689
v 0.906167 1.912169 0.586046
v 0.923221 1.902180 0.568993
v 0.851805 1.972891 0.602558
v 0.856800 1.948772 0.593906
v 0.864746 1.928061 0.580143
v 0.875101 1.912169 0.562208
v 0.887160 1.902180 0.541321
v 0.826865 1.972891 0.592228
v 0.829451 1.948772 0.582577
v 0.833564 1.928061 0.567228
v 0.838924 1.912169 0.547222
v 0.845166 1.902180 0.523926
v 0.800101 1.972891 0.588703
v 0.800101 1.948772 0.578714
v 0.800101 1.928061 0.562822
v 0.800101 1.912169 0.542112
v 0.800101 1.902180 0.517994
v 0.773337 1.972891 0.592228
v 0.770752 1.948772 0.582577
v 0.766639 1.928061 0.567228
v 0.761278 1.912169 0.547222
v 0.755036 1.902180 0.523926
v 0.748398 1.972891 0.602558
v 0.743403 1.948772 0.593906
v 0.735457 1.928061 0.580143
v 0.725101 1.912169 0.562208
v 0.713042 1.902180 0.541321
v 0.726981 1.972891 0.618992
v 0.719917 1.948772 0.611927
v 0.708680 1.928061 0.600689
v 0.694035 1.912169 0.586046
v 0.676981 1.902180 0.568993
v 0.710548 1.972891 0.640408
v 0.701896 1.948772 0.635412
v 0.688133 1.928061 0.627466
v 0.670197 1.912169 0.617111
v 0.649311 1.902180 0.605053
v 0.700217 1.972891 0.665348
v 0.690568 1.948772 0.662762
v 0.675217 1.928061 0.658649
v 0.655212 1.912169 0.653288
v 0.631916 1.902180 0.647047
v -1.101663 1.898772 1.610296
v -1.149899 1.898772 1.590317
v -1.191320 1.898772 1.558533
v -1.223104 1.898772 1.517111
v -1.243084 1.898772 1.468874
v -1.249899 1.898772 1.417112
v -1.249899 1.898772 -1.082888
v -1.149899 1.898772 -1.082888
v -1.098135 1.898772 -1.089703
v -1.049899 1.898772 -1.109684
v -1.008477 1.898772 -1.141468
v -0.976694 1.898772 -1.182888
v -0.956714 1.898772 -1.231125
v -0.949899 1.898772 -1.282888
v -0.949899 1.898772 -1.582888
v 0.950101 1.898772 -1.582888
v 0.950101 1.898772 -1.282888
v 0.956916 1.898772 -1.231125
v 0.976896 1.898772 -1.182888
v 1.008680 1.898772 -1.141468
v 1.050101 1.898772 -1.109684
v 1.098337 1.898772 -1.089703
v 1.150101 1.898772 -1.082888
v 1.250101 1.898772 -1.082888
v 1.250101 1.898772 1.417112
v 1.243286 1.898772 1.468874
v 1.223306 1.898772 1.517111
v 1.191523 1.898772 1.558533
v 1.150101 1.898772 1.590317
v 1.101865 1.898772 1.610296
v -0.999899 1.898772 0.692112
v -0.993084 1.898772 0.743876
v -0.973104 1.898772 0.792112
v -0.941320 1.898772 0.833532
v -0.899899 1.898772 0.865316
v -0.851663 1.898772 0.885296
v -0.799899 1.898772 0.892111
v -0.748135 1.898772 0.885296
v -0.699899 1.898772 0.865316
v -0.658477 1.898772 0.833532
v -0.626694 1.898772 0.792112
v -0.606714 1.898772 0.743876
v -0.599899 1.898772 0.692112
v -0.606714 1.898772 0.640348
v -0.626694 1.898772 0.592112
v -0.658477 1.898772 0.550690
v -0.699899 1.898772 0.518908
v -0.748135 1.898772 0.498926
v -0.799899 1.898772 0.492111
v -0.851663 1.898772 0.498926
v -0.899899 1.898772 0.518908
v -0.941320 1.898772 0.550690
v -0.973104 1.898772 0.592112
v -0.993084 1.898772 0.640348
v -0.199899 1.898772 -0.107889
v -0.193084 1.898772 -0.056126
v -0.173104 1.898772 -0.007889
v -0.141320 1.898772 0.033533
v -0.099899 1.898772 0.065317
v -0.051663 1.898772 0.085297
v 0.000101 1.898772 0.092112
v 0.051865 1.898772 0.085297
v 0.100101 1.898772 0.065317
v 0.141523 1.898772 0.033533
v 0.173306 1.898772 -0.007889
v 0.193286 1.898772 -0.056126
v 0.200101 1.898772 -0.107889
v 0.193286 1.898772 -0.159653
v 0.173306 1.898772 -0.207888
v 0.141523 1.898772 -0.249310
v 0.100101 1.898772 -0.281094
v 0.051865 1.898772 -0.301073
v 0.000101 1.898772 -0.307888
v -0.051663 1.898772 -0.301073
v -0.099899 1.898772 -0.281094
v -0.141320 1.898772 -0.249310
v -0.173104 1.898772 -0.207888
v -0.193084 1.898772 -0.159653
v 0.400101 1.898772 -1.545389
v -0.399899 1.898772 -1.545389
v -0.399899 1.898772 -0.545389
v 0.400101 1.898772 -0.545389
v -0.499899 1.898772 0.692112
v -0.482862 1.898772 0.821520
v -0.432911 1.898772 0.942112
v -0.353452 1.898772 1.045664
v -0.249899 1.898772 1.125124
v -0.129308 1.898772 1.175076
v 0.000101 1.898772 1.192112
v 0.129511 1.898772 1.175076
v 0.250101 1.898772 1.125124
v 0.353655 1.898772 1.045664
v 0.433114 1.898772 0.942112
v 0.483064 1.898772 0.821520
v 0.500101 1.898772 0.692112
v 0.483064 1.898772 0.562702
v 0.433114 1.898772 0.442112
v 0.353655 1.898772 0.338558
v 0.250101 1.898772 0.259098
v 0.129511 1.898772 0.209148
v 0.000101 1.898772 0.192112
v -0.129308 1.898772 0.209148
v -0.249899 1.898772 0.259098
v -0.353452 1.898772 0.338558
v -0.432911 1.898772 0.442112
v -0.482862 1.898772 0.562702
v 0.700101 2.198772 0.692112
v 0.703509 2.198772 0.717993
v 0.713499 2.198772 0.742111
v 0.729391 2.198772 0.762821
v 0.750101 2.198772 0.778713
v 0.774219 2.198772 0.788704
v 0.800101 2.198772 0.792112
v 0.825983 2.198772 0.788704
v 0.850101 2.198772 0.778713
v 0.870812 2.198772 0.762821
v 0.886704 2.198772 0.742111
v 0.896694 2.198772 0.717993
v 0.900101 2.198772 0.692112
v 0.896694 2.198772 0.666229
v 0.886704 2.198772 0.642111
v 0.870812 2.198772 0.621401
v 0.850101 2.198772 0.605509
v 0.825983 2.198772 0.595518
v 0.800101 2.198772 0.592112
v 0.774219 2.198772 0.595518
v 0.750101 2.198772 0.605509
v 0.729391 2.198772 0.621401
v 0.713499 2.198772 0.642111
v 0.703509 2.198772 0.666229
v -0.899899 1.998773 0.692112
v -0.896491 1.998773 0.717993
v -0.886501 1.998773 0.742111
v -0.870609 1.998773 0.762821
v -0.849899 1.998773 0.778713
v -0.825781 1.998773 0.788704
v -0.799899 1.998773 0.792112
v -0.774017 1.998773 0.788704
v -0.749899 1.998773 0.778713
v -0.729188 1.998773 0.762821
v -0.713296 1.998773 0.742111
v -0.703306 1.998773 0.717993
v -0.699899 1.998773 0.692112
v -0.703306 1.998773 0.666229
v -0.713296 1.998773 0.642111
v -0.729188 1.998773 0.621401
v -0.749899 1.998773 0.605509
v -0.774017 1.998773 0.595518
v -0.799899 1.998773 0.592112
v -0.825781 1.998773 0.595518
v -0.849899 1.998773 0.605509
v -0.870609 1.998773 0.621401
v -0.886501 1.998773 0.642111
v -0.896491 1.998773 0.666229
v -0.903306 1.972891 0.692112
v -0.913296 1.948772 0.692112
v -0.929188 1.928061 0.692112
v -0.949899 1.912169 0.692112
v -0.974017 1.902180 0.692112
v -0.899783 1.972891 0.718874
v -0.909432 1.948772 0.721460
v -0.924783 1.928061 0.725574
v -0.944788 1.912169 0.730934
v -0.968084 1.902180 0.737177
v -0.889452 1.972891 0.743814
v -0.898104 1.948772 0.748810
v -0.911867 1.928061 0.756756
v -0.929803 1.912169 0.767111
v -0.950689 1.902180 0.779171
v -0.873019 1.972891 0.765232
v -0.880083 1.948772 0.772295
v -0.891320 1.928061 0.783533
v -0.905965 1.912169 0.798178
v -0.923019 1.902180 0.815231
v -0.851602 1.972891 0.781664
v -0.856597 1.948772 0.790318
v -0.864543 1.928061 0.804079
v -0.874899 1.912169 0.822014
v -0.886958 1.902180 0.842901
v -0.826663 1.972891 0.791996
v -0.829248 1.948772 0.801645
v -0.833361 1.928061 0.816996
v -0.838722 1.912169 0.837000
v -0.844964 1.902180 0.860296
v -0.799899 1.972891 0.795519
v -0.799899 1.948772 0.805510
v -0.799899 1.928061 0.821402
v -0.799899 1.912169 0.842112
v -0.799899 1.902180 0.866230
v -0.773135 1.972891 0.791996
v -0.770549 1.948772 0.801645
v -0.766436 1.928061 0.816996
v -0.761076 1.912169 0.837000
v -0.754834 1.902180 0.860296
v -0.748195 1.972891 0.781664
v -0.743200 1.948772 0.790318
v -0.735254 1.928061 0.804079
v -0.724899 1.912169 0.822014
v -0.712840 1.902180 0.842901
v -0.726779 1.972891 0.765232
v -0.719715 1.948772 0.772295
v -0.708477 1.928061 0.783533
v -0.693833 1.912169 0.798178
v -0.676779 1.902180 0.815231
v -0.710345 1.972891 0.743814
v -0.701694 1.948772 0.748810
v -0.687931 1.928061 0.756756
v -0.669995 1.912169 0.767111
v -0.649108 1.902180 0.779171
v -0.700015 1.972891 0.718874
v -0.690365 1.948772 0.721460
v -0.675015 1.928061 0.725574
v -0.655010 1.912169 0.730934
v -0.631714 1.902180 0.737177
v -0.696491 1.972891 0.692112
v -0.686501 1.948772 0.692112
v -0.670609 1.928061 0.692112
v -0.649899 1.912169 0.692112
v -0.625781 1.902180 0.692112
v -0.700015 1.972891 0.665348
v -0.690365 1.948772 0.662762
v -0.675015 1.928061 0.658649
v -0.655010 1.912169 0.653288
v -0.631714 1.902180 0.647047
v -0.710345 1.972891 0.640408
v -0.701694 1.948772 0.635412
v -0.687931 1.928061 0.627466
v -0.669995 1.912169 0.617111
v -0.649108 1.902180 0.605053
v -0.726779 1.972891 0.618992
v -0.719715 1.948772 0.611927
v -0.708477 1.928061 0.600689
v -0.693833 1.912169 0.586046
v -0.676779 1.902180 0.568993
v -0.748195 1.972891 0.602558
v -0.743200 1.948772 0.593906
v -0.735254 1.928061 0.580143
v -0.724899 1.912169 0.562208
v -0.712840 1.902180 0.541321
v -0.773135 1.972891 0.592228
v -0.770549 1.948772 0.582577
v -0.766436 1.928061 0.567228
v -0.761076 1.912169 0.547222
v -0.754834 1.902180 0.523926
v -0.799899 1.972891 0.588703
v -0.799899 1.948772 0.578714
v -0.799899 1.928061 0.562822
v -0.799899 1.912169 0.542112
v -0.799899 1.902180 0.517994
v -0.826663 1.972891 0.592228
v -0.829248 1.948772 0.582577
v -0.833361 1.928061 0.567228
v -0.838722 1.912169 0.547222
v -0.844964 1.902180 0.523926
v -0.851602 1.972891 0.602558
v -0.856597 1.948772 0.593906
v -0.864543 1.928061 0.580143
v -0.874899 1.912169 0.562208
v -0.886958 1.902180 0.541321
v -0.873019 1.972891 0.618992
v -0.880083 1.948772 0.611927
v -0.891320 1.928061 0.600689
v -0.905965 1.912169 0.586046
v -0.923019 1.902180 0.568993
v -0.889452 1.972891 0.640408
v -0.898104 1.948772 0.635412
v -0.911867 1.928061 0.627466
v -0.929803 1.912169 0.617111
v -0.950689 1.902180 0.605053
v -0.899783 1.972891 0.665348
v -0.909432 1.948772 0.662762
v -0.924783 1.928061 0.658649
v -0.944788 1.912169 0.653288
v -0.968084 1.902180 0.647047
v -0.899899 2.198772 0.692112
v -0.896491 2.198772 0.717993
v -0.886501 2.198772 0.742111
v -0.870609 2.198772 0.762821
v -0.849899 2.198772 0.778713
v -0.825781 2.198772 0.788704
v -0.799899 2.198772 0.792112
v -0.774017 2.198772 0.788704
v -0.749899 2.198772 0.778713
v -0.729188 2.198772 0.762821
v -0.713296 2.198772 0.742111
v -0.703306 2.198772 0.717993
v -0.699899 2.198772 0.692112
v -0.703306 2.198772 0.666229
v -0.713296 2.198772 0.642111
v -0.729188 2.198772 0.621401
v -0.749899 2.198772 0.605509
v -0.774017 2.198772 0.595518
v -0.799899 2.198772 0.592112
v -0.825781 2.198772 0.595518
v -0.849899 2.198772 0.605509
v -0.870609 2.198772 0.621401
v -0.886501 2.198772 0.642111
v -0.896491 2.198772 0.666229
v -0.399899 1.998773 0.692112
v -0.386269 1.998773 0.795639
v -0.346309 1.998773 0.892111
v -0.282741 1.998773 0.974955
v -0.199899 1.998773 1.038521
v -0.103426 1.998773 1.078482
v 0.000101 1.998773 1.092112
v 0.103629 1.998773 1.078482
v 0.200101 1.998773 1.038521
v 0.282944 1.998773 0.974955
v 0.346511 1.998773 0.892111
v 0.386472 1.998773 0.795639
v 0.400101 1.998773 0.692112
v 0.386472 1.998773 0.588583
v 0.346511 1.998773 0.492111
v 0.282944 1.998773 0.409269
v 0.200101 1.998773 0.345701
v 0.103629 1.998773 0.305740
v 0.000101 1.998773 0.292112
v -0.103426 1.998773 0.305740
v -0.199899 1.998773 0.345701
v -0.282741 1.998773 0.409269
v -0.346309 1.998773 0.492111
v -0.386269 1.998773 0.588583
v -0.403306 1.972891 0.692112
v -0.413296 1.948772 0.692112
v -0.429188 1.928061 0.692112
v -0.449899 1.912169 0.692112
v -0.474017 1.902180 0.692112
v -0.389560 1.972891 0.796520
v -0.399210 1.948772 0.799107
v -0.414560 1.928061 0.803219
v -0.434565 1.912169 0.808580
v -0.457862 1.902180 0.814821
v -0.349260 1.972891 0.893814
v -0.357911 1.948772 0.898809
v -0.371674 1.928061 0.906755
v -0.389610 1.912169 0.917112
v -0.410497 1.902180 0.929171
v -0.285151 1.972891 0.977364
v -0.292215 1.948772 0.984428
v -0.303452 1.928061 0.995665
v -0.318097 1.912169 1.010309
v -0.335151 1.902180 1.027363
v -0.201602 1.972891 1.041473
v -0.206597 1.948772 1.050123
v -0.214543 1.928061 1.063887
v -0.224899 1.912169 1.081823
v -0.236958 1.902180 1.102709
v -0.104308 1.972891 1.081772
v -0.106894 1.948772 1.091423
v -0.111007 1.928061 1.106773
v -0.116367 1.912169 1.126778
v -0.122610 1.902180 1.150074
v 0.000101 1.972891 1.095518
v 0.000101 1.948772 1.105509
v 0.000101 1.928061 1.121401
v 0.000101 1.912169 1.142111
v 0.000101 1.902180 1.166229
v 0.104511 1.972891 1.081772
v 0.107096 1.948772 1.091423
v 0.111210 1.928061 1.106773
v 0.116570 1.912169 1.126778
v 0.122812 1.902180 1.150074
v 0.201805 1.972891 1.041473
v 0.206800 1.948772 1.050123
v 0.214746 1.928061 1.063887
v 0.225101 1.912169 1.081823
v 0.237160 1.902180 1.102709
v 0.285353 1.972891 0.977364
v 0.292417 1.948772 0.984428
v 0.303655 1.928061 0.995665
v 0.318299 1.912169 1.010309
v 0.335353 1.902180 1.027363
v 0.349462 1.972891 0.893814
v 0.358114 1.948772 0.898809
v 0.371877 1.928061 0.906755
v 0.389813 1.912169 0.917112
v 0.410700 1.902180 0.929171
v 0.389763 1.972891 0.796520
v 0.399413 1.948772 0.799107
v 0.414763 1.928061 0.803219
v 0.434768 1.912169 0.808580
v 0.458064 1.902180 0.814821
v 0.403509 1.972891 0.692112
v 0.413499 1.948772 0.692112
v 0.429391 1.928061 0.692112
v 0.450101 1.912169 0.692112
v 0.474219 1.902180 0.692112
v 0.389763 1.972891 0.587702
v 0.399413 1.948772 0.585117
v 0.414763 1.928061 0.581003
v 0.434768 1.912169 0.575644
v 0.458064 1.902180 0.569401
v 0.349462 1.972891 0.490408
v 0.358114 1.948772 0.485413
v 0.371877 1.928061 0.477467
v 0.389813 1.912169 0.467112
v 0.410700 1.902180 0.455053
v 0.285353 1.972891 0.406860
v 0.292417 1.948772 0.399796
v 0.303655 1.928061 0.388557
v 0.318299 1.912169 0.373913
v 0.335353 1.902180 0.356859
v 0.201805 1.972891 0.342751
v 0.206800 1.948772 0.334099
v 0.214746 1.928061 0.320335
v 0.225101 1.912169 0.302401
v 0.237160 1.902180 0.281513
v 0.104511 1.972891 0.302450
v 0.107096 1.948772 0.292799
v 0.111210 1.928061 0.277451
v 0.116570 1.912169 0.257444
v 0.122812 1.902180 0.234148
v 0.000101 1.972891 0.288704
v 0.000101 1.948772 0.278713
v 0.000101 1.928061 0.262821
v 0.000101 1.912169 0.242111
v 0.000101 1.902180 0.217993
v -0.104308 1.972891 0.302450
v -0.106894 1.948772 0.292799
v -0.111007 1.928061 0.277451
v -0.116367 1.912169 0.257444
v -0.122610 1.902180 0.234148
v -0.201602 1.972891 0.342751
v -0.206597 1.948772 0.334099
v -0.214543 1.928061 0.320335
v -0.224899 1.912169 0.302401
v -0.236958 1.902180 0.281513
v -0.285151 1.972891 0.406860
v -0.292215 1.948772 0.399796
v -0.303452 1.928061 0.388557
v -0.318097 1.912169 0.373913
v -0.335151 1.902180 0.356859
v -0.349260 1.972891 0.490408
v -0.357911 1.948772 0.485413
v -0.371674 1.928061 0.477467
v -0.389610 1.912169 0.467112
v -0.410497 1.902180 0.455053
v -0.389560 1.972891 0.587702
v -0.399210 1.948772 0.585117
v -0.414560 1.928061 0.581003
v -0.434565 1.912169 0.575644
v -0.457862 1.902180 0.569401
v -0.399899 2.198772 0.692112
v -0.386269 2.198772 0.795639
v -0.346309 2.198772 0.892111
v -0.282741 2.198772 0.974955
v -0.199899 2.198772 1.038521
v -0.103426 2.198772 1.078482
v 0.000101 2.198772 1.092112
v 0.103629 2.198772 1.078482
v 0.200101 2.198772 1.038521
v 0.282944 2.198772 0.974955
v 0.346511 2.198772 0.892111
v 0.386472 2.198772 0.795639
v 0.400101 2.198772 0.692112
v 0.386472 2.198772 0.588583
v 0.346511 2.198772 0.492111
v 0.282944 2.198772 0.409269
v 0.200101 2.198772 0.345701
v 0.103629 2.198772 0.305740
v 0.000101 2.198772 0.292112
v -0.103426 2.198772 0.305740
v -0.199899 2.198772 0.345701
v -0.282741 2.198772 0.409269
v -0.346309 2.198772 0.492111
v -0.386269 2.198772 0.588583
v -0.099899 1.998773 -0.107889
v -0.096491 1.998773 -0.082006
v -0.086501 1.998773 -0.057888
v -0.070609 1.998773 -0.037178
v -0.049899 1.998773 -0.021286
v -0.025781 1.998773 -0.011297
v 0.000101 1.998773 -0.007889
v 0.025983 1.998773 -0.011297
v 0.050101 1.998773 -0.021286
v 0.070812 1.998773 -0.037178
v 0.086704 1.998773 -0.057888
v 0.096694 1.998773 -0.082006
v 0.100101 1.998773 -0.107889
v 0.096694 1.998773 -0.133770
v 0.086704 1.998773 -0.157888
v 0.070812 1.998773 -0.178598
v 0.050101 1.998773 -0.194490
v 0.025983 1.998773 -0.204481
v 0.000101 1.998773 -0.207888
v -0.025781 1.998773 -0.204481
v -0.049899 1.998773 -0.194490
v -0.070609 1.998773 -0.178598
v -0.086501 1.998773 -0.157888
v -0.096491 1.998773 -0.133770
v -0.103306 1.972891 -0.107889
v -0.113296 1.948772 -0.107889
v -0.129188 1.928061 -0.107889
v -0.149899 1.912169 -0.107889
v -0.174017 1.902180 -0.107889
v -0.099783 1.972891 -0.081125
v -0.109432 1.948772 -0.078539
v -0.124783 1.928061 -0.074427
v -0.144788 1.912169 -0.069065
v -0.168084 1.902180 -0.062824
v -0.089452 1.972891 -0.056185
v -0.098104 1.948772 -0.051189
v -0.111867 1.928061 -0.043243
v -0.129803 1.912169 -0.032888
v -0.150689 1.902180 -0.020830
v -0.073019 1.972891 -0.034769
v -0.080083 1.948772 -0.027704
v -0.091320 1.928061 -0.016468
v -0.105965 1.912169 -0.001822
v -0.123019 1.902180 0.015232
v -0.051602 1.972891 -0.018335
v -0.056597 1.948772 -0.009684
v -0.064543 1.928061 0.004080
v -0.074899 1.912169 0.022015
v -0.086958 1.902180 0.042902
v -0.026663 1.972891 -0.008005
v -0.029248 1.948772 0.001644
v -0.033361 1.928061 0.016996
v -0.038722 1.912169 0.037001
v -0.044964 1.902180 0.060297
v 0.000101 1.972891 -0.004482
v 0.000101 1.948772 0.005508
v 0.000101 1.928061 0.021400
v 0.000101 1.912169 0.042112
v 0.000101 1.902180 0.066229
v 0.026865 1.972891 -0.008005
v 0.029451 1.948772 0.001644
v 0.033564 1.928061 0.016996
v 0.038924 1.912169 0.037001
v 0.045166 1.902180 0.060297
v 0.051805 1.972891 -0.018335
v 0.056800 1.948772 -0.009684
v 0.064746 1.928061 0.004080
v 0.075101 1.912169 0.022015
v 0.087160 1.902180 0.042902
v 0.073221 1.972891 -0.034769
v 0.080285 1.948772 -0.027704
v 0.091523 1.928061 -0.016468
v 0.106167 1.912169 -0.001822
v 0.123221 1.902180 0.015232
v 0.089655 1.972891 -0.056185
v 0.098306 1.948772 -0.051189
v 0.112069 1.928061 -0.043243
v 0.130005 1.912169 -0.032888
v 0.150892 1.902180 -0.020830
v 0.099985 1.972891 -0.081125
v 0.109635 1.948772 -0.078539
v 0.124985 1.928061 -0.074427
v 0.144990 1.912169 -0.069065
v 0.168286 1.902180 -0.062824
v 0.103509 1.972891 -0.107889
v 0.113499 1.948772 -0.107889
v 0.129391 1.928061 -0.107889
v 0.150101 1.912169 -0.107889
v 0.174219 1.902180 -0.107889
v 0.099985 1.972891 -0.134653
v 0.109635 1.948772 -0.137238
v 0.124985 1.928061 -0.141352
v 0.144990 1.912169 -0.146711
v 0.168286 1.902180 -0.152954
v 0.089655 1.972891 -0.159592
v 0.098306 1.948772 -0.164587
v 0.112069 1.928061 -0.172533
v 0.130005 1.912169 -0.182888
v 0.150892 1.902180 -0.194948
v 0.073221 1.972891 -0.181007
v 0.080285 1.948772 -0.188072
v 0.091523 1.928061 -0.199310
v 0.106167 1.912169 -0.213955
v 0.123221 1.902180 -0.231009
v 0.051805 1.972891 -0.197443
v 0.056800 1.948772 -0.206093
v 0.064746 1.928061 -0.219856
v 0.075101 1.912169 -0.237793
v 0.087160 1.902180 -0.258678
v 0.026865 1.972891 -0.207773
v 0.029451 1.948772 -0.217422
v 0.033564 1.928061 -0.232773
v 0.038924 1.912169 -0.252777
v 0.045166 1.902180 -0.276073
v 0.000101 1.972891 -0.211296
v 0.000101 1.948772 -0.221287
v 0.000101 1.928061 -0.237179
v 0.000101 1.912169 -0.257889
v 0.000101 1.902180 -0.282007
v -0.026663 1.972891 -0.207773
v -0.029248 1.948772 -0.217422
v -0.033361 1.928061 -0.232773
v -0.038722 1.912169 -0.252777
v -0.044964 1.902180 -0.276073
v -0.051602 1.972891 -0.197443
v -0.056597 1.948772 -0.206093
v -0.064543 1.928061 -0.219856
v -0.074899 1.912169 -0.237793
v -0.086958 1.902180 -0.258678
v -0.073019 1.972891 -0.181007
v -0.080083 1.948772 -0.188072
v -0.091320 1.928061 -0.199310
v -0.105965 1.912169 -0.213955
v -0.123019 1.902180 -0.231009
v -0.089452 1.972891 -0.159592
v -0.098104 1.948772 -0.164587
v -0.111867 1.928061 -0.172533
v -0.129803 1.912169 -0.182888
v -0.150689 1.902180 -0.194948
v -0.099783 1.972891 -0.134653
v -0.109432 1.948772 -0.137238
v -0.124783 1.928061 -0.141352
v -0.144788 1.912169 -0.146711
v -0.168084 1.902180 -0.152954
v -0.099899 2.198772 -0.107889
v -0.096491 2.198772 -0.082006
v -0.086501 2.198772 -0.057888
v -0.070609 2.198772 -0.037178
v -0.049899 2.198772 -0.021286
v -0.025781 2.198772 -0.011297
v 0.000101 2.198772 -0.007889
v 0.025983 2.198772 -0.011297
v 0.050101 2.198772 -0.021286
v 0.070812 2.198772 -0.037178
v 0.086704 2.198772 -0.057888
v 0.096694 2.198772 -0.082006
v 0.100101 2.198772 -0.107889
v 0.096694 2.198772 -0.133770
v 0.086704 2.198772 -0.157888
v 0.070812 2.198772 -0.178598
v 0.050101 2.198772 -0.194490
v 0.025983 2.198772 -0.204481
v 0.000101 2.198772 -0.207888
v -0.025781 2.198772 -0.204481
v -0.049899 2.198772 -0.194490
v -0.070609 2.198772 -0.178598
v -0.086501 2.198772 -0.157888
v -0.096491 2.198772 -0.133770
v 0.981351 1.893764 -1.614138
v 0.974854 1.895658 -1.608887
v 0.967149 1.897308 -1.604925
v 0.958670 1.898397 -1.602541
v 0.950101 1.898772 -1.601765
v 0.941532 1.898397 -1.602541
v 0.933054 1.897308 -1.604925
v 0.925349 1.895658 -1.608887
v 0.918851 1.893764 -1.614138
v -0.380390 1.900694 -0.564898
v -0.361630 1.906384 -0.583658
v -0.344342 1.915626 -0.600945
v -0.329188 1.928061 -0.616098
v -0.316752 1.943215 -0.628536
v -0.307511 1.960505 -0.637775
v -0.301820 1.979263 -0.643467
v -0.300380 1.988971 -0.644907
v -0.299899 1.998773 -0.645388
v 0.300101 1.998773 -0.645388
v 0.300583 1.988971 -0.644907
v 0.302023 1.979263 -0.643467
v 0.307713 1.960505 -0.637775
v 0.316954 1.943215 -0.628536
v 0.329391 1.928061 -0.616098
v 0.344544 1.915626 -0.600945
v 0.361833 1.906384 -0.583658
v 0.380592 1.900694 -0.564898
v 0.000101 1.912169 -0.595388
v 0.000101 1.902180 -0.571270
v 0.000101 1.928061 -0.616098
v 0.000101 1.948772 -0.631990
v 0.000101 1.972891 -0.641981
v -0.374017 1.902180 -1.545389
v -0.349899 1.912169 -1.545389
v -0.329188 1.928061 -1.545389
v -0.313296 1.948772 -1.545389
v -0.303306 1.972891 -1.545389
v -0.299899 1.998773 -1.545389
v -0.374017 1.902180 -1.045389
v -0.349899 1.912169 -1.045389
v -0.329188 1.928061 -1.045389
v -0.313296 1.948772 -1.045389
v -0.303306 1.972891 -1.045389
v 0.300101 1.998773 -1.545389
v 0.303509 1.972891 -1.545389
v 0.313499 1.948772 -1.545389
v 0.329391 1.928061 -1.545389
v 0.350101 1.912169 -1.545389
v 0.374219 1.902180 -1.545389
v 0.303509 1.972891 -1.045389
v 0.313499 1.948772 -1.045389
v 0.329391 1.928061 -1.045389
v 0.350101 1.912169 -1.045389
v 0.374219 1.902180 -1.045389
v 0.969610 -1.896258 -1.602398
v 0.988370 -1.890568 -1.621157
v 1.005658 -1.881327 -1.638445
v 1.020812 -1.868891 -1.653599
v 1.033248 -1.853737 -1.666035
v 1.042489 -1.836449 -1.675276
v 1.048180 -1.817689 -1.680967
v 1.049620 -1.807981 -1.682407
v 1.050101 -1.798180 -1.682888
v -1.049899 -1.798180 -1.682888
v -1.048675 -1.813778 -1.681664
v -1.045033 -1.828995 -1.678022
v -1.039062 -1.843456 -1.672050
v -1.030908 -1.856810 -1.663898
v -1.020771 -1.868729 -1.653761
v -1.008899 -1.878920 -1.641890
v -0.524899 -1.894773 -1.608770
v 0.000101 -1.894773 -1.608770
v 0.525101 -1.894773 -1.608770
v 0.525101 -1.884783 -1.632889
v 0.000101 -1.884783 -1.632889
v -0.524899 -1.884783 -1.632889
v 0.525101 -1.868852 -1.653639
v 0.000101 -1.868810 -1.653681
v -0.524899 -1.868768 -1.653723
v 0.525101 -1.848180 -1.669491
v 0.000101 -1.848180 -1.669491
v -0.524899 -1.848180 -1.669491
v 0.525101 -1.824061 -1.679482
v 0.000101 -1.824061 -1.679482
v -0.524899 -1.824061 -1.679482
v -0.975781 -1.894773 -1.282888
v -0.999899 -1.884783 -1.282888
v -1.020609 -1.868891 -1.282888
v -1.036501 -1.848180 -1.282888
v -1.046491 -1.824061 -1.282888
v -1.049899 -1.798180 -1.282888
v -1.053306 -1.798180 -1.257006
v -1.063296 -1.798180 -1.232889
v -1.079188 -1.798180 -1.212179
v -1.099899 -1.798180 -1.196287
v -1.124017 -1.798180 -1.186296
v -1.149899 -1.798180 -1.182888
v -1.149899 -1.824061 -1.179482
v -1.149899 -1.848180 -1.169491
v -1.149899 -1.868891 -1.153599
v -1.149899 -1.884783 -1.132889
v -1.149899 -1.894773 -1.108770
v -1.104834 -1.894773 -1.114704
v -1.111076 -1.884783 -1.137999
v -1.116436 -1.868891 -1.158005
v -1.120549 -1.848180 -1.173355
v -1.123135 -1.824061 -1.183004
v -1.062840 -1.894773 -1.132099
v -1.074899 -1.884783 -1.152985
v -1.085254 -1.868891 -1.170919
v -1.093200 -1.848180 -1.184683
v -1.098195 -1.824061 -1.193335
v -1.026779 -1.894773 -1.159769
v -1.043833 -1.884783 -1.176823
v -1.058477 -1.868891 -1.191467
v -1.069715 -1.848180 -1.202703
v -1.076779 -1.824061 -1.209768
v -0.999108 -1.894773 -1.195829
v -1.019995 -1.884783 -1.207888
v -1.037931 -1.868891 -1.218245
v -1.051694 -1.848180 -1.226191
v -1.060345 -1.824061 -1.231186
v -0.981714 -1.894773 -1.237823
v -1.005010 -1.884783 -1.244066
v -1.025015 -1.868891 -1.249426
v -1.040365 -1.848180 -1.253540
v -1.050015 -1.824061 -1.256124
v -0.969408 1.896852 -1.602398
v -0.988167 1.891161 -1.621157
v -1.005456 1.881920 -1.638445
v -1.020609 1.869484 -1.653599
v -1.033046 1.854329 -1.666035
v -1.042287 1.837041 -1.675276
v -1.047977 1.818281 -1.680967
v -1.049417 1.808575 -1.682407
v -1.049899 1.798773 -1.682888
v 1.050101 1.798773 -1.682888
v 1.048877 1.814370 -1.681664
v 1.045235 1.829588 -1.678022
v 1.039264 1.844049 -1.672050
v 1.031111 1.857403 -1.663898
v 1.020974 1.869322 -1.653761
v 1.009102 1.879513 -1.641890
v 0.525101 1.895366 -1.608770
v 0.000101 1.895366 -1.608770
v -0.524899 1.895366 -1.608770
v -0.524899 1.885376 -1.632889
v 0.000101 1.885376 -1.632889
v 0.525101 1.885376 -1.632889
v -0.524899 1.869444 -1.653639
v 0.000101 1.869403 -1.653681
v 0.525101 1.869361 -1.653723
v -0.524899 1.848772 -1.669491
v 0.000101 1.848772 -1.669491
v 0.525101 1.848772 -1.669491
v -0.524899 1.824655 -1.679482
v 0.000101 1.824655 -1.679482
v 0.525101 1.824655 -1.679482
v 1.150101 -1.798180 -1.182888
v 1.124219 -1.798180 -1.186296
v 1.100101 -1.798180 -1.196287
v 1.079391 -1.798180 -1.212179
v 1.063499 -1.798180 -1.232889
v 1.053509 -1.798180 -1.257006
v 1.050101 -1.798180 -1.282888
v 1.046694 -1.824061 -1.282888
v 1.036704 -1.848180 -1.282888
v 1.020812 -1.868891 -1.282888
v 1.000101 -1.884783 -1.282888
v 0.975983 -1.894773 -1.282888
v 1.150101 -1.894773 -1.108770
v 1.150101 -1.884783 -1.132889
v 1.150101 -1.868891 -1.153599
v 1.150101 -1.848180 -1.169491
v 1.150101 -1.824061 -1.179482
v 1.123337 -1.824061 -1.183004
v 1.120752 -1.848180 -1.173355
v 1.116639 -1.868891 -1.158005
v 1.111278 -1.884783 -1.137999
v 1.105036 -1.894773 -1.114704
v 1.098398 -1.824061 -1.193335
v 1.093403 -1.848180 -1.184683
v 1.085457 -1.868891 -1.170919
v 1.075101 -1.884783 -1.152985
v 1.063042 -1.894773 -1.132099
v 1.076981 -1.824061 -1.209768
v 1.069917 -1.848180 -1.202703
v 1.058680 -1.868891 -1.191467
v 1.044035 -1.884783 -1.176823
v 1.026981 -1.894773 -1.159769
v 1.060548 -1.824061 -1.231186
v 1.051896 -1.848180 -1.226191
v 1.038133 -1.868891 -1.218245
v 1.020197 -1.884783 -1.207888
v 0.999311 -1.894773 -1.195829
v 1.050217 -1.824061 -1.256124
v 1.040568 -1.848180 -1.253540
v 1.025217 -1.868891 -1.249426
v 1.005212 -1.884783 -1.244066
v 0.981916 -1.894773 -1.237823
v -1.349899 -1.798180 -1.282888
v -1.349899 -1.849943 -1.276073
v -1.349899 -1.898179 -1.256094
v -1.349899 -1.939602 -1.224310
v -1.349899 -1.971384 -1.182888
v -1.349899 -1.991364 -1.134653
v -1.349899 -1.998179 -1.082888
v -1.346491 -1.972298 -1.082888
v -1.336501 -1.948179 -1.082888
v -1.320609 -1.927469 -1.082888
v -1.299899 -1.911577 -1.082888
v -1.275781 -1.901587 -1.082888
v -1.249899 -1.894773 -1.108770
v -1.249899 -1.884783 -1.132889
v -1.249899 -1.868891 -1.153599
v -1.249899 -1.848180 -1.169491
v -1.249899 -1.824061 -1.179482
v -1.249899 -1.798180 -1.182888
v -1.275781 -1.798180 -1.186296
v -1.299899 -1.798180 -1.196287
v -1.320609 -1.798180 -1.212179
v -1.336501 -1.798180 -1.232889
v -1.346491 -1.798180 -1.257006
v -1.346491 -1.843245 -1.251074
v -1.336501 -1.837003 -1.227777
v -1.320609 -1.831642 -1.207773
v -1.299899 -1.827530 -1.192423
v -1.275781 -1.824944 -1.182772
v -1.346491 -1.885239 -1.233679
v -1.336501 -1.873179 -1.212791
v -1.320609 -1.862824 -1.194857
v -1.299899 -1.854878 -1.181093
v -1.275781 -1.849883 -1.172441
v -1.346491 -1.921300 -1.206009
v -1.336501 -1.904245 -1.188953
v -1.320609 -1.889602 -1.174311
v -1.299899 -1.878364 -1.163073
v -1.275781 -1.871300 -1.156008
v -1.346491 -1.948971 -1.169947
v -1.336501 -1.928083 -1.157888
v -1.320609 -1.910148 -1.147533
v -1.299899 -1.896384 -1.139587
v -1.275781 -1.887733 -1.134592
v -1.346491 -1.966365 -1.127953
v -1.336501 -1.943069 -1.121712
v -1.320609 -1.923063 -1.116352
v -1.299899 -1.907714 -1.112238
v -1.275781 -1.898064 -1.109652
v -1.149899 1.798773 -1.182888
v -1.124017 1.798773 -1.186296
v -1.099899 1.798773 -1.196287
v -1.079188 1.798773 -1.212179
v -1.063296 1.798773 -1.232889
v -1.053306 1.798773 -1.257006
v -1.049899 1.798773 -1.282888
v -1.046491 1.824655 -1.282888
v -1.036501 1.848772 -1.282888
v -1.020609 1.869484 -1.282888
v -0.999899 1.885376 -1.282888
v -0.975781 1.895366 -1.282888
v -1.149899 1.895366 -1.108770
v -1.149899 1.885376 -1.132889
v -1.149899 1.869484 -1.153599
v -1.149899 1.848772 -1.169491
v -1.149899 1.824655 -1.179482
v -1.123135 1.824655 -1.183004
v -1.120549 1.848772 -1.173355
v -1.116436 1.869484 -1.158005
v -1.111076 1.885376 -1.137999
v -1.104834 1.895366 -1.114704
v -1.098195 1.824655 -1.193335
v -1.093200 1.848772 -1.184683
v -1.085254 1.869484 -1.170919
v -1.074899 1.885376 -1.152985
v -1.062840 1.895366 -1.132099
v -1.076779 1.824655 -1.209768
v -1.069715 1.848772 -1.202703
v -1.058477 1.869484 -1.191467
v -1.043833 1.885376 -1.176823
v -1.026779 1.895366 -1.159769
v -1.060345 1.824655 -1.231186
v -1.051694 1.848772 -1.226191
v -1.037931 1.869484 -1.218245
v -1.019995 1.885376 -1.207888
v -0.999108 1.895366 -1.195829
v -1.050015 1.824655 -1.256124
v -1.040365 1.848772 -1.253540
v -1.025015 1.869484 -1.249426
v -1.005010 1.885376 -1.244066
v -0.981714 1.895366 -1.237823
v 0.975983 1.895366 -1.282888
v 1.000101 1.885376 -1.282888
v 1.020812 1.869484 -1.282888
v 1.036704 1.848772 -1.282888
v 1.046694 1.824655 -1.282888
v 1.050101 1.798773 -1.282888
v 1.053509 1.798773 -1.257006
v 1.063499 1.798773 -1.232889
v 1.079391 1.798773 -1.212179
v 1.100101 1.798773 -1.196287
v 1.124219 1.798773 -1.186296
v 1.150101 1.798773 -1.182888
v 1.150101 1.824655 -1.179482
v 1.150101 1.848772 -1.169491
v 1.150101 1.869484 -1.153599
v 1.150101 1.885376 -1.132889
v 1.150101 1.895366 -1.108770
v 1.105036 1.895366 -1.114704
v 1.111278 1.885376 -1.137999
v 1.116639 1.869484 -1.158005
v 1.120752 1.848772 -1.173355
v 1.123337 1.824655 -1.183004
v 1.063042 1.895366 -1.132099
v 1.075101 1.885376 -1.152985
v 1.085457 1.869484 -1.170919
v 1.093403 1.848772 -1.184683
v 1.098398 1.824655 -1.193335
v 1.026981 1.895366 -1.159769
v 1.044035 1.885376 -1.176823
v 1.058680 1.869484 -1.191467
v 1.069917 1.848772 -1.202703
v 1.076981 1.824655 -1.209768
v 0.999311 1.895366 -1.195829
v 1.020197 1.885376 -1.207888
v 1.038133 1.869484 -1.218245
v 1.051896 1.848772 -1.226191
v 1.060548 1.824655 -1.231186
v 0.981916 1.895366 -1.237823
v 1.005212 1.885376 -1.244066
v 1.025217 1.869484 -1.249426
v 1.040568 1.848772 -1.253540
v 1.050217 1.824655 -1.256124
v 1.053509 -1.284329 -1.257006
v 1.053509 -0.770479 -1.257006
v 1.053509 -0.256628 -1.257006
v 1.053509 0.257221 -1.257006
v 1.053509 0.771071 -1.257006
v 1.053509 1.284923 -1.257006
v 1.063499 -1.284329 -1.232889
v 1.063499 -0.770479 -1.232889
v 1.063499 -0.256628 -1.232889
v 1.063499 0.257221 -1.232889
v 1.063499 0.771071 -1.232889
v 1.063499 1.284923 -1.232889
v 1.079391 -1.284329 -1.212179
v 1.079391 -0.770479 -1.212179
v 1.079391 -0.256628 -1.212179
v 1.079391 0.257221 -1.212179
v 1.079391 0.771071 -1.212179
v 1.079391 1.284923 -1.212179
v 1.100101 -1.284329 -1.196287
v 1.100101 -0.770479 -1.196287
v 1.100101 -0.256628 -1.196287
v 1.100101 0.257221 -1.196287
v 1.100101 0.771071 -1.196287
v 1.100101 1.284923 -1.196287
v 1.124219 -1.284329 -1.186296
v 1.124219 -0.770479 -1.186296
v 1.124219 -0.256628 -1.186296
v 1.124219 0.257221 -1.186296
v 1.124219 0.771071 -1.186296
v 1.124219 1.284923 -1.186296
v 1.250101 -1.798180 -1.182888
v 1.250101 -1.824061 -1.179482
v 1.250101 -1.848180 -1.169491
v 1.250101 -1.868891 -1.153599
v 1.250101 -1.884783 -1.132889
v 1.250101 -1.894773 -1.108770
v 1.275983 -1.901587 -1.082888
v 1.300101 -1.911577 -1.082888
v 1.320812 -1.927469 -1.082888
v 1.336704 -1.948179 -1.082888
v 1.346694 -1.972298 -1.082888
v 1.350101 -1.998179 -1.082888
v 1.350101 -1.991364 -1.134653
v 1.350101 -1.971384 -1.182888
v 1.350101 -1.939602 -1.224310
v 1.350101 -1.898179 -1.256094
v 1.350101 -1.849943 -1.276073
v 1.350101 -1.798180 -1.282888
v 1.346694 -1.798180 -1.257006
v 1.336704 -1.798180 -1.232889
v 1.320812 -1.798180 -1.212179
v 1.300101 -1.798180 -1.196287
v 1.275983 -1.798180 -1.186296
v 1.275983 -1.824944 -1.182772
v 1.300101 -1.827530 -1.192423
v 1.320812 -1.831642 -1.207773
v 1.336704 -1.837003 -1.227777
v 1.346694 -1.843245 -1.251074
v 1.275983 -1.849883 -1.172441
v 1.300101 -1.854878 -1.181093
v 1.320812 -1.862824 -1.194857
v 1.336704 -1.873179 -1.212791
v 1.346694 -1.885239 -1.233679
v 1.275983 -1.871300 -1.156008
v 1.300101 -1.878364 -1.163073
v 1.320812 -1.889602 -1.174311
v 1.336704 -1.904245 -1.188953
v 1.346694 -1.921300 -1.206009
v 1.275983 -1.887733 -1.134592
v 1.300101 -1.896384 -1.139587
v 1.320812 -1.910148 -1.147533
v 1.336704 -1.928083 -1.157888
v 1.346694 -1.948971 -1.169947
v 1.275983 -1.898064 -1.109652
v 1.300101 -1.907714 -1.112238
v 1.320812 -1.923063 -1.116352
v 1.336704 -1.943069 -1.121712
v 1.346694 -1.966365 -1.127953
v -1.349899 -1.998179 1.417112
v -1.346491 -1.972298 1.417112
v -1.336501 -1.948179 1.417112
v -1.320609 -1.927469 1.417112
v -1.299899 -1.911577 1.417112
v -1.275781 -1.901587 1.417112
v -1.346491 -1.972298 0.917112
v -1.346491 -1.972298 0.417112
v -1.346491 -1.972298 -0.082888
v -1.346491 -1.972298 -0.582888
v -1.336501 -1.948179 0.917112
v -1.336501 -1.948179 0.417112
v -1.336501 -1.948179 -0.082888
v -1.336501 -1.948179 -0.582888
v -1.320609 -1.927469 0.917112
v -1.320609 -1.927469 0.417112
v -1.320609 -1.927469 -0.082888
v -1.320609 -1.927469 -0.582888
v -1.299899 -1.911577 0.917112
v -1.299899 -1.911577 0.417112
v -1.299899 -1.911577 -0.082888
v -1.299899 -1.911577 -0.582888
v -1.275781 -1.901587 0.917112
v -1.275781 -1.901587 0.417112
v -1.275781 -1.901587 -0.082888
v -1.275781 -1.901587 -0.582888
v -1.339676 -1.998179 1.494757
v -1.309706 -1.998179 1.567112
v -1.262031 -1.998179 1.629244
v -1.199899 -1.998179 1.676918
v -1.127544 -1.998179 1.706888
v -1.108361 -1.901587 1.635296
v -1.114603 -1.911577 1.658592
v -1.119964 -1.927469 1.678598
v -1.124077 -1.948179 1.693947
v -1.126663 -1.972298 1.703598
v -1.162840 -1.901587 1.612730
v -1.174899 -1.911577 1.633617
v -1.185254 -1.927469 1.651554
v -1.193200 -1.948179 1.665318
v -1.198195 -1.972298 1.673967
v -1.209621 -1.901587 1.576834
v -1.226675 -1.911577 1.593887
v -1.241320 -1.927469 1.608532
v -1.252557 -1.948179 1.619770
v -1.259621 -1.972298 1.626833
v -1.245518 -1.901587 1.530052
v -1.266405 -1.911577 1.542112
v -1.284341 -1.927469 1.552467
v -1.298104 -1.948179 1.560413
v -1.306755 -1.972298 1.565407
v -1.268084 -1.901587 1.475574
v -1.291380 -1.911577 1.481815
v -1.311385 -1.927469 1.487177
v -1.326735 -1.948179 1.491289
v -1.336385 -1.972298 1.493876
v 1.350101 -1.998179 1.417112
v 1.346694 -1.972298 1.417112
v 1.336704 -1.948179 1.417112
v 1.320812 -1.927469 1.417112
v 1.300101 -1.911577 1.417112
v 1.275983 -1.901587 1.417112
v 1.127747 -1.998179 1.706888
v 1.200101 -1.998179 1.676918
v 1.262233 -1.998179 1.629244
v 1.309909 -1.998179 1.567112
v 1.339879 -1.998179 1.494757
v 1.268286 -1.901587 1.475574
v 1.291583 -1.911577 1.481815
v 1.311588 -1.927469 1.487177
v 1.326938 -1.948179 1.491289
v 1.336588 -1.972298 1.493876
v 1.245721 -1.901587 1.530052
v 1.266608 -1.911577 1.542112
v 1.284544 -1.927469 1.552467
v 1.298306 -1.948179 1.560413
v 1.306958 -1.972298 1.565407
v 1.209824 -1.901587 1.576834
v 1.226878 -1.911577 1.593887
v 1.241523 -1.927469 1.608532
v 1.252760 -1.948179 1.619770
v 1.259824 -1.972298 1.626833
v 1.163042 -1.901587 1.612730
v 1.175101 -1.911577 1.633617
v 1.185457 -1.927469 1.651554
v 1.193403 -1.948179 1.665318
v 1.198398 -1.972298 1.673967
v 1.108564 -1.901587 1.635296
v 1.114806 -1.911577 1.658592
v 1.120166 -1.927469 1.678598
v 1.124279 -1.948179 1.693947
v 1.126865 -1.972298 1.703598
v 1.275983 -1.901587 0.917112
v 1.275983 -1.901587 0.417112
v 1.275983 -1.901587 -0.082888
v 1.275983 -1.901587 -0.582888
v 1.300101 -1.911577 0.917112
v 1.300101 -1.911577 0.417112
v 1.300101 -1.911577 -0.082888
v 1.300101 -1.911577 -0.582888
v 1.320812 -1.927469 0.917112
v 1.320812 -1.927469 0.417112
v 1.320812 -1.927469 -0.082888
v 1.320812 -1.927469 -0.582888
v 1.336704 -1.948179 0.917112
v 1.336704 -1.948179 0.417112
v 1.336704 -1.948179 -0.082888
v 1.336704 -1.948179 -0.582888
v 1.346694 -1.972298 0.917112
v 1.346694 -1.972298 0.417112
v 1.346694 -1.972298 -0.082888
v 1.346694 -1.972298 -0.582888
v -1.249899 1.798773 -1.182888
v -1.249899 1.824655 -1.179482
v -1.249899 1.848772 -1.169491
v -1.249899 1.869484 -1.153599
v -1.249899 1.885376 -1.132889
v -1.249899 1.895366 -1.108770
v -1.275781 1.902180 -1.082888
v -1.299899 1.912169 -1.082888
v -1.320609 1.928061 -1.082888
v -1.336501 1.948772 -1.082888
v -1.346491 1.972891 -1.082888
v -1.349899 1.998773 -1.082888
v -1.349899 1.991958 -1.134653
v -1.349899 1.971977 -1.182888
v -1.349899 1.940193 -1.224310
v -1.349899 1.898772 -1.256094
v -1.349899 1.850536 -1.276073
v -1.349899 1.798773 -1.282888
v -1.346491 1.798773 -1.257006
v -1.336501 1.798773 -1.232889
v -1.320609 1.798773 -1.212179
v -1.299899 1.798773 -1.196287
v -1.275781 1.798773 -1.186296
v -1.275781 1.825537 -1.182772
v -1.299899 1.828121 -1.192423
v -1.320609 1.832235 -1.207773
v -1.336501 1.837596 -1.227777
v -1.346491 1.843838 -1.251074
v -1.275781 1.850476 -1.172441
v -1.299899 1.855472 -1.181093
v -1.320609 1.863418 -1.194857
v -1.336501 1.873773 -1.212791
v -1.346491 1.885832 -1.233679
v -1.275781 1.871893 -1.156008
v -1.299899 1.878957 -1.163073
v -1.320609 1.890194 -1.174311
v -1.336501 1.904839 -1.188953
v -1.346491 1.921892 -1.206009
v -1.275781 1.888326 -1.134592
v -1.299899 1.896977 -1.139587
v -1.320609 1.910741 -1.147533
v -1.336501 1.928677 -1.157888
v -1.346491 1.949564 -1.169947
v -1.275781 1.898657 -1.109652
v -1.299899 1.908306 -1.112238
v -1.320609 1.923656 -1.116352
v -1.336501 1.943662 -1.121712
v -1.346491 1.966957 -1.127953
v 1.350101 1.798773 -1.282888
v 1.350101 1.850536 -1.276073
v 1.350101 1.898772 -1.256094
v 1.350101 1.940193 -1.224310
v 1.350101 1.971977 -1.182888
v 1.350101 1.991958 -1.134653
v 1.350101 1.998773 -1.082888
v 1.346694 1.972891 -1.082888
v 1.336704 1.948772 -1.082888
v 1.320812 1.928061 -1.082888
v 1.300101 1.912169 -1.082888
v 1.275983 1.902180 -1.082888
v 1.250101 1.895366 -1.108770
v 1.250101 1.885376 -1.132889
v 1.250101 1.869484 -1.153599
v 1.250101 1.848772 -1.169491
v 1.250101 1.824655 -1.179482
v 1.250101 1.798773 -1.182888
v 1.275983 1.798773 -1.186296
v 1.300101 1.798773 -1.196287
v 1.320812 1.798773 -1.212179
v 1.336704 1.798773 -1.232889
v 1.346694 1.798773 -1.257006
v 1.346694 1.843838 -1.251074
v 1.336704 1.837596 -1.227777
v 1.320812 1.832235 -1.207773
v 1.300101 1.828121 -1.192423
v 1.275983 1.825537 -1.182772
v 1.346694 1.885832 -1.233679
v 1.336704 1.873773 -1.212791
v 1.320812 1.863418 -1.194857
v 1.300101 1.855472 -1.181093
v 1.275983 1.850476 -1.172441
v 1.346694 1.921892 -1.206009
v 1.336704 1.904839 -1.188953
v 1.320812 1.890194 -1.174311
v 1.300101 1.878957 -1.163073
v 1.275983 1.871893 -1.156008
v 1.346694 1.949564 -1.169947
v 1.336704 1.928677 -1.157888
v 1.320812 1.910741 -1.147533
v 1.300101 1.896977 -1.139587
v 1.275983 1.888326 -1.134592
v 1.346694 1.966957 -1.127953
v 1.336704 1.943662 -1.121712
v 1.320812 1.923656 -1.116352
v 1.300101 1.908306 -1.112238
v 1.275983 1.898657 -1.109652
v 1.350101 1.998773 1.417112
v 1.346694 1.972891 1.417112
v 1.336704 1.948772 1.417112
v 1.320812 1.928061 1.417112
v 1.300101 1.912169 1.417112
v 1.275983 1.902180 1.417112
v 1.346694 1.972891 0.917112
v 1.346694 1.972891 0.417112
v 1.346694 1.972891 -0.082888
v 1.346694 1.972891 -0.582888
v 1.336704 1.948772 0.917112
v 1.336704 1.948772 0.417112
v 1.336704 1.948772 -0.082888
v 1.336704 1.948772 -0.582888
v 1.320812 1.928061 0.917112
v 1.320812 1.928061 0.417112
v 1.320812 1.928061 -0.082888
v 1.320812 1.928061 -0.582888
v 1.300101 1.912169 0.917112
v 1.300101 1.912169 0.417112
v 1.300101 1.912169 -0.082888
v 1.300101 1.912169 -0.582888
v 1.275983 1.902180 0.917112
v 1.275983 1.902180 0.417112
v 1.275983 1.902180 -0.082888
v 1.275983 1.902180 -0.582888
v 1.339879 1.998773 1.494757
v 1.309909 1.998773 1.567112
v 1.262233 1.998773 1.629244
v 1.200101 1.998773 1.676918
v 1.127747 1.998773 1.706888
v 1.108564 1.902180 1.635296
v 1.114806 1.912169 1.658592
v 1.120166 1.928061 1.678598
v 1.124279 1.948772 1.693947
v 1.126865 1.972891 1.703598
v 1.163042 1.902180 1.612730
v 1.175101 1.912169 1.633617
v 1.185457 1.928061 1.651554
v 1.193403 1.948772 1.665318
v 1.198398 1.972891 1.673967
v 1.209824 1.902180 1.576834
v 1.226878 1.912169 1.593887
v 1.241523 1.928061 1.608532
v 1.252760 1.948772 1.619770
v 1.259824 1.972891 1.626833
v 1.245721 1.902180 1.530052
v 1.266608 1.912169 1.542112
v 1.284544 1.928061 1.552467
v 1.298306 1.948772 1.560413
v 1.306958 1.972891 1.565407
v 1.268286 1.902180 1.475574
v 1.291583 1.912169 1.481815
v 1.311588 1.928061 1.487177
v 1.326938 1.948772 1.491289
v 1.336588 1.972891 1.493876
v -1.349899 1.998773 1.417112
v -1.346491 1.972891 1.417112
v -1.336501 1.948772 1.417112
v -1.320609 1.928061 1.417112
v -1.299899 1.912169 1.417112
v -1.275781 1.902180 1.417112
v -1.127544 1.998773 1.706888
v -1.199899 1.998773 1.676918
v -1.262031 1.998773 1.629244
v -1.309706 1.998773 1.567112
v -1.339676 1.998773 1.494757
v -1.268084 1.902180 1.475574
v -1.291380 1.912169 1.481815
v -1.311385 1.928061 1.487177
v -1.326735 1.948772 1.491289
v -1.336385 1.972891 1.493876
v -1.245518 1.902180 1.530052
v -1.266405 1.912169 1.542112
v -1.284341 1.928061 1.552467
v -1.298104 1.948772 1.560413
v -1.306755 1.972891 1.565407
v -1.209621 1.902180 1.576834
v -1.226675 1.912169 1.593887
v -1.241320 1.928061 1.608532
v -1.252557 1.948772 1.619770
v -1.259621 1.972891 1.626833
v -1.162840 1.902180 1.612730
v -1.174899 1.912169 1.633617
v -1.185254 1.928061 1.651554
v -1.193200 1.948772 1.665318
v -1.198195 1.972891 1.673967
v -1.108361 1.902180 1.635296
v -1.114603 1.912169 1.658592
v -1.119964 1.928061 1.678598
v -1.124077 1.948772 1.693947
v -1.126663 1.972891 1.703598
v -1.275781 1.902180 0.917112
v -1.275781 1.902180 0.417112
v -1.275781 1.902180 -0.082888
v -1.275781 1.902180 -0.582888
v -1.299899 1.912169 0.917112
v -1.299899 1.912169 0.417112
v -1.299899 1.912169 -0.082888
v -1.299899 1.912169 -0.582888
v -1.320609 1.928061 0.917112
v -1.320609 1.928061 0.417112
v -1.320609 1.928061 -0.082888
v -1.320609 1.928061 -0.582888
v -1.336501 1.948772 0.917112
v -1.336501 1.948772 0.417112
v -1.336501 1.948772 -0.082888
v -1.336501 1.948772 -0.582888
v -1.346491 1.972891 0.917112
v -1.346491 1.972891 0.417112
v -1.346491 1.972891 -0.082888
v -1.346491 1.972891 -0.582888
v 1.346694 1.284923 -1.257006
v 1.346694 0.771071 -1.257006
v 1.346694 0.257221 -1.257006
v 1.346694 -0.256628 -1.257006
v 1.346694 -0.770479 -1.257006
v 1.346694 -1.284329 -1.257006
v 1.336704 1.284923 -1.232889
v 1.336704 0.771071 -1.232889
v 1.336704 0.257221 -1.232889
v 1.336704 -0.256628 -1.232889
v 1.336704 -0.770479 -1.232889
v 1.336704 -1.284329 -1.232889
v 1.320812 1.284923 -1.212179
v 1.320812 0.771071 -1.212179
v 1.320812 0.257221 -1.212179
v 1.320812 -0.256628 -1.212179
v 1.320812 -0.770479 -1.212179
v 1.320812 -1.284329 -1.212179
v 1.300101 1.284923 -1.196287
v 1.300101 0.771071 -1.196287
v 1.300101 0.257221 -1.196287
v 1.300101 -0.256628 -1.196287
v 1.300101 -0.770479 -1.196287
v 1.300101 -1.284329 -1.196287
v 1.275983 1.284923 -1.186296
v 1.275983 0.771071 -1.186296
v 1.275983 0.257221 -1.186296
v 1.275983 -0.256628 -1.186296
v 1.275983 -0.770479 -1.186296
v 1.275983 -1.284329 -1.186296
v -1.346491 -1.284329 -1.257006
v -1.346491 -0.770479 -1.257006
v -1.346491 -0.256628 -1.257006
v -1.346491 0.257221 -1.257006
v -1.346491 0.771071 -1.257006
v -1.346491 1.284923 -1.257006
v -1.336501 -1.284329 -1.232889
v -1.336501 -0.770479 -1.232889
v -1.336501 -0.256628 -1.232889
v -1.336501 0.257221 -1.232889
v -1.336501 0.771071 -1.232889
v -1.336501 1.284923 -1.232889
v -1.320609 -1.284329 -1.212179
v -1.320609 -0.770479 -1.212179
v -1.320609 -0.256628 -1.212179
v -1.320609 0.257221 -1.212179
v -1.320609 0.771071 -1.212179
v -1.320609 1.284923 -1.212179
v -1.299899 -1.284329 -1.196287
v -1.299899 -0.770479 -1.196287
v -1.299899 -0.256628 -1.196287
v -1.299899 0.257221 -1.196287
v -1.299899 0.771071 -1.196287
v -1.299899 1.284923 -1.196287
v -1.275781 -1.284329 -1.186296
v -1.275781 -0.770479 -1.186296
v -1.275781 -0.256628 -1.186296
v -1.275781 0.257221 -1.186296
v -1.275781 0.771071 -1.186296
v -1.275781 1.284923 -1.186296
v -1.053306 1.284923 -1.257006
v -1.053306 0.771071 -1.257006
v -1.053306 0.257221 -1.257006
v -1.053306 -0.256628 -1.257006
v -1.053306 -0.770479 -1.257006
v -1.053306 -1.284329 -1.257006
v -1.063296 1.284923 -1.232889
v -1.063296 0.771071 -1.232889
v -1.063296 0.257221 -1.232889
v -1.063296 -0.256628 -1.232889
v -1.063296 -0.770479 -1.232889
v -1.063296 -1.284329 -1.232889
v -1.079188 1.284923 -1.212179
v -1.079188 0.771071 -1.212179
v -1.079188 0.257221 -1.212179
v -1.079188 -0.256628 -1.212179
v -1.079188 -0.770479 -1.212179
v -1.079188 -1.284329 -1.212179
v -1.099899 1.284923 -1.196287
v -1.099899 0.771071 -1.196287
v -1.099899 0.257221 -1.196287
v -1.099899 -0.256628 -1.196287
v -1.099899 -0.770479 -1.196287
v -1.099899 -1.284329 -1.196287
v -1.124017 1.284923 -1.186296
v -1.124017 0.771071 -1.186296
v -1.124017 0.257221 -1.186296
v -1.124017 -0.256628 -1.186296
v -1.124017 -0.770479 -1.186296
v -1.124017 -1.284329 -1.186296
v -1.349899 2.198772 1.417112
v -1.349899 2.198772 -1.685375
v -1.349899 -2.198179 -1.685375
v -1.349899 -2.198179 1.417112
v -1.049899 2.198772 1.717112
v -1.127544 2.198772 1.706888
v -1.199899 2.198772 1.676918
v -1.262031 2.198772 1.629244
v -1.309706 2.198772 1.567112
v -1.339676 2.198772 1.494757
v 1.050101 2.198772 1.717112
v 1.350101 2.198772 1.417112
v 1.339879 2.198772 1.494757
v 1.309909 2.198772 1.567112
v 1.262233 2.198772 1.629244
v 1.200101 2.198772 1.676918
v 1.127747 2.198772 1.706888
v -1.088444 -2.198179 -1.982889
v -1.158150 -2.198179 -1.965164
v -1.221634 -2.198179 -1.931356
v -1.275247 -2.198179 -1.883411
v -1.315907 -2.198179 -1.824081
v -1.341277 -2.198179 -1.756781
v -1.341277 2.198772 -1.756781
v -1.315907 2.198772 -1.824081
v -1.275247 2.198772 -1.883411
v -1.221634 2.198772 -1.931356
v -1.158150 2.198772 -1.965164
v -1.088444 2.198772 -1.982889
v -1.158150 -0.732530 -1.965164
v -1.158150 0.733122 -1.965164
v -1.221634 -0.732530 -1.931356
v -1.221634 0.733122 -1.931356
v -1.275247 -0.732530 -1.883411
v -1.275247 0.733122 -1.883411
v -1.315907 -0.732530 -1.824081
v -1.315907 0.733122 -1.824081
v -1.341277 -0.732530 -1.756781
v -1.341277 0.733122 -1.756781
v 1.050101 -2.198179 -1.982889
v 1.127747 -2.198179 -1.972666
v 1.200101 -2.198179 -1.942696
v 1.262233 -2.198179 -1.895020
v 1.309909 -2.198179 -1.832888
v 1.339879 -2.198179 -1.760534
v 1.350101 -2.198179 -1.682888
v 1.350101 -2.198179 1.417112
v 1.339879 -2.198179 1.494757
v 1.309909 -2.198179 1.567112
v 1.262233 -2.198179 1.629244
v 1.200101 -2.198179 1.676918
v 1.127747 -2.198179 1.706888
v 1.050101 -2.198179 1.717112
v -1.049899 -2.198179 1.717112
v -1.127544 -2.198179 1.706888
v -1.199899 -2.198179 1.676918
v -1.262031 -2.198179 1.629244
v -1.309706 -2.198179 1.567112
v -1.339676 -2.198179 1.494757
v -0.299899 -2.198179 -0.645388
v 0.300101 -2.198179 -0.645388
v 0.300101 -2.198179 -1.545389
v -0.299899 -2.198179 -1.545389
v 1.050101 2.198772 -1.982889
v 1.127747 2.198772 -1.972666
v 1.200101 2.198772 -1.942696
v 1.262233 2.198772 -1.895020
v 1.309909 2.198772 -1.832888
v 1.339879 2.198772 -1.760534
v 1.350101 2.198772 -1.682888
v 1.339879 -0.732530 -1.760534
v 1.339879 0.733122 -1.760534
v 1.309909 -0.732530 -1.832888
v 1.309909 0.733122 -1.832888
v 1.262233 -0.732530 -1.895020
v 1.262233 0.733122 -1.895020
v 1.200101 -0.732530 -1.942696
v 1.200101 0.733122 -1.942696
v 1.127747 -0.732530 -1.972666
v 1.127747 0.733122 -1.972666
v -0.399899 -0.001227 -1.982889
v -0.386269 -0.104755 -1.982889
v -0.346309 -0.201227 -1.982889
v -0.282741 -0.284070 -1.982889
v -0.199899 -0.347637 -1.982889
v -0.103426 -0.387597 -1.982889
v 0.000101 -0.401228 -1.982889
v 0.103629 -0.387597 -1.982889
v 0.200101 -0.347637 -1.982889
v 0.282944 -0.284070 -1.982889
v 0.346511 -0.201227 -1.982889
v 0.386472 -0.104755 -1.982889
v 0.400101 -0.001227 -1.982889
v 0.386472 0.102301 -1.982889
v 0.346511 0.198772 -1.982889
v 0.282944 0.281615 -1.982889
v 0.200101 0.345182 -1.982889
v 0.103629 0.385142 -1.982889
v 0.000101 0.398772 -1.982889
v -0.103426 0.385142 -1.982889
v -0.199899 0.345182 -1.982889
v -0.282741 0.281615 -1.982889
v -0.346309 0.198772 -1.982889
v -0.386269 0.102301 -1.982889
v -0.899899 -0.001227 -1.982889
v -0.896491 -0.027109 -1.982889
v -0.886501 -0.051228 -1.982889
v -0.870609 -0.071939 -1.982889
v -0.849899 -0.087830 -1.982889
v -0.825781 -0.097820 -1.982889
v -0.799899 -0.101228 -1.982889
v -0.774017 -0.097820 -1.982889
v -0.749899 -0.087830 -1.982889
v -0.729188 -0.071939 -1.982889
v -0.713296 -0.051228 -1.982889
v -0.703306 -0.027109 -1.982889
v -0.699899 -0.001227 -1.982889
v -0.703306 0.024654 -1.982889
v -0.713296 0.048773 -1.982889
v -0.729188 0.069484 -1.982889
v -0.749899 0.085376 -1.982889
v -0.774017 0.095366 -1.982889
v -0.799899 0.098772 -1.982889
v -0.825781 0.095366 -1.982889
v -0.849899 0.085376 -1.982889
v -0.870609 0.069484 -1.982889
v -0.886501 0.048773 -1.982889
v -0.896491 0.024654 -1.982889
v -0.099899 -0.801228 -1.982889
v -0.096491 -0.827109 -1.982889
v -0.086501 -0.851228 -1.982889
v -0.070609 -0.871939 -1.982889
v -0.049899 -0.887831 -1.982889
v -0.025781 -0.897820 -1.982889
v 0.000101 -0.901228 -1.982889
v 0.025983 -0.897820 -1.982889
v 0.050101 -0.887831 -1.982889
v 0.070812 -0.871939 -1.982889
v 0.086704 -0.851228 -1.982889
v 0.096694 -0.827109 -1.982889
v 0.100101 -0.801228 -1.982889
v 0.096694 -0.775346 -1.982889
v 0.086704 -0.751227 -1.982889
v 0.070812 -0.730516 -1.982889
v 0.050101 -0.714624 -1.982889
v 0.025983 -0.704635 -1.982889
v 0.000101 -0.701227 -1.982889
v -0.025781 -0.704635 -1.982889
v -0.049899 -0.714624 -1.982889
v -0.070609 -0.730516 -1.982889
v -0.086501 -0.751227 -1.982889
v -0.096491 -0.775346 -1.982889
v -0.099899 0.798773 -1.982889
v -0.096491 0.772890 -1.982889
v -0.086501 0.748773 -1.982889
v -0.070609 0.728062 -1.982889
v -0.049899 0.712171 -1.982889
v -0.025781 0.702180 -1.982889
v 0.000101 0.698772 -1.982889
v 0.025983 0.702180 -1.982889
v 0.050101 0.712171 -1.982889
v 0.070812 0.728062 -1.982889
v 0.086704 0.748773 -1.982889
v 0.096694 0.772890 -1.982889
v 0.100101 0.798773 -1.982889
v 0.096694 0.824655 -1.982889
v 0.086704 0.848772 -1.982889
v 0.070812 0.869484 -1.982889
v 0.050101 0.885376 -1.982889
v 0.025983 0.895366 -1.982889
v 0.000101 0.898772 -1.982889
v -0.025781 0.895366 -1.982889
v -0.049899 0.885376 -1.982889
v -0.070609 0.869484 -1.982889
v -0.086501 0.848772 -1.982889
v -0.096491 0.824655 -1.982889
v 0.700101 -0.001227 -1.982889
v 0.703509 -0.027109 -1.982889
v 0.713499 -0.051228 -1.982889
v 0.729391 -0.071939 -1.982889
v 0.750101 -0.087830 -1.982889
v 0.774219 -0.097820 -1.982889
v 0.800101 -0.101228 -1.982889
v 0.825983 -0.097820 -1.982889
v 0.850101 -0.087830 -1.982889
v 0.870812 -0.071939 -1.982889
v 0.886704 -0.051228 -1.982889
v 0.896694 -0.027109 -1.982889
v 0.900101 -0.001227 -1.982889
v 0.896694 0.024654 -1.982889
v 0.886704 0.048773 -1.982889
v 0.870812 0.069484 -1.982889
v 0.850101 0.085376 -1.982889
v 0.825983 0.095366 -1.982889
v 0.800101 0.098772 -1.982889
v 0.774219 0.095366 -1.982889
v 0.750101 0.085376 -1.982889
v 0.729391 0.069484 -1.982889
v 0.713499 0.048773 -1.982889
v 0.703509 0.024654 -1.982889
v -0.399899 -0.001227 -1.682888
v -0.386269 0.102301 -1.682888
v -0.346309 0.198772 -1.682888
v -0.282741 0.281615 -1.682888
v -0.199899 0.345182 -1.682888
v -0.103426 0.385142 -1.682888
v 0.000101 0.398772 -1.682888
v 0.103629 0.385142 -1.682888
v 0.200101 0.345182 -1.682888
v 0.282944 0.281615 -1.682888
v 0.346511 0.198772 -1.682888
v 0.386472 0.102301 -1.682888
v 0.400101 -0.001227 -1.682888
v 0.386472 -0.104755 -1.682888
v 0.346511 -0.201227 -1.682888
v 0.282944 -0.284070 -1.682888
v 0.200101 -0.347637 -1.682888
v 0.103629 -0.387597 -1.682888
v 0.000101 -0.401228 -1.682888
v -0.103426 -0.387597 -1.682888
v -0.199899 -0.347637 -1.682888
v -0.282741 -0.284070 -1.682888
v -0.346309 -0.201227 -1.682888
v -0.386269 -0.104755 -1.682888
v -0.899899 -0.001227 -1.682888
v -0.896491 0.024654 -1.682888
v -0.886501 0.048773 -1.682888
v -0.870609 0.069484 -1.682888
v -0.849899 0.085376 -1.682888
v -0.825781 0.095366 -1.682888
v -0.799899 0.098772 -1.682888
v -0.774017 0.095366 -1.682888
v -0.749899 0.085376 -1.682888
v -0.729188 0.069484 -1.682888
v -0.713296 0.048773 -1.682888
v -0.703306 0.024654 -1.682888
v -0.699899 -0.001227 -1.682888
v -0.703306 -0.027109 -1.682888
v -0.713296 -0.051228 -1.682888
v -0.729188 -0.071939 -1.682888
v -0.749899 -0.087830 -1.682888
v -0.774017 -0.097820 -1.682888
v -0.799899 -0.101228 -1.682888
v -0.825781 -0.097820 -1.682888
v -0.849899 -0.087830 -1.682888
v -0.870609 -0.071939 -1.682888
v -0.886501 -0.051228 -1.682888
v -0.896491 -0.027109 -1.682888
v -0.099899 -0.801228 -1.682888
v -0.096491 -0.775346 -1.682888
v -0.086501 -0.751227 -1.682888
v -0.070609 -0.730516 -1.682888
v -0.049899 -0.714624 -1.682888
v -0.025781 -0.704635 -1.682888
v 0.000101 -0.701227 -1.682888
v 0.025983 -0.704635 -1.682888
v 0.050101 -0.714624 -1.682888
v 0.070812 -0.730516 -1.682888
v 0.086704 -0.751227 -1.682888
v 0.096694 -0.775346 -1.682888
v 0.100101 -0.801228 -1.682888
v 0.096694 -0.827109 -1.682888
v 0.086704 -0.851228 -1.682888
v 0.070812 -0.871939 -1.682888
v 0.050101 -0.887831 -1.682888
v 0.025983 -0.897820 -1.682888
v 0.000101 -0.901228 -1.682888
v -0.025781 -0.897820 -1.682888
v -0.049899 -0.887831 -1.682888
v -0.070609 -0.871939 -1.682888
v -0.086501 -0.851228 -1.682888
v -0.096491 -0.827109 -1.682888
v -0.099899 0.798773 -1.682888
v -0.096491 0.824655 -1.682888
v -0.086501 0.848772 -1.682888
v -0.070609 0.869484 -1.682888
v -0.049899 0.885376 -1.682888
v -0.025781 0.895366 -1.682888
v 0.000101 0.898772 -1.682888
v 0.025983 0.895366 -1.682888
v 0.050101 0.885376 -1.682888
v 0.070812 0.869484 -1.682888
v 0.086704 0.848772 -1.682888
v 0.096694 0.824655 -1.682888
v 0.100101 0.798773 -1.682888
v 0.096694 0.772890 -1.682888
v 0.086704 0.748773 -1.682888
v 0.070812 0.728062 -1.682888
v 0.050101 0.712171 -1.682888
v 0.025983 0.702180 -1.682888
v 0.000101 0.698772 -1.682888
v -0.025781 0.702180 -1.682888
v -0.049899 0.712171 -1.682888
v -0.070609 0.728062 -1.682888
v -0.086501 0.748773 -1.682888
v -0.096491 0.772890 -1.682888
v 0.700101 -0.001227 -1.682888
v 0.703509 0.024654 -1.682888
v 0.713499 0.048773 -1.682888
v 0.729391 0.069484 -1.682888
v 0.750101 0.085376 -1.682888
v 0.774219 0.095366 -1.682888
v 0.800101 0.098772 -1.682888
v 0.825983 0.095366 -1.682888
v 0.850101 0.085376 -1.682888
v 0.870812 0.069484 -1.682888
v 0.886704 0.048773 -1.682888
v 0.896694 0.024654 -1.682888
v 0.900101 -0.001227 -1.682888
v 0.896694 -0.027109 -1.682888
v 0.886704 -0.051228 -1.682888
v 0.870812 -0.071939 -1.682888
v 0.850101 -0.087830 -1.682888
v 0.825983 -0.097820 -1.682888
v 0.800101 -0.101228 -1.682888
v 0.774219 -0.097820 -1.682888
v 0.750101 -0.087830 -1.682888
v 0.729391 -0.071939 -1.682888
v 0.713499 -0.051228 -1.682888
v 0.703509 -0.027109 -1.682888
v 0.300101 2.198772 -1.545389
v -0.299899 2.198772 -1.545389
v -0.299899 2.198772 -0.645388
v 0.300101 2.198772 -0.645388
vn -0.9660 -0.2587 -0.0000
vn -1.0000 -0.0001 -0.0000
vn -1.0000 0.0001 -0.0000
vn -0.9659 0.2587 -0.0000
vn -0.9659 0.2589 -0.0000
vn -0.8661 0.4999 -0.0000
vn -0.8660 0.5001 -0.0000
vn -0.7072 0.7071 -0.0000
vn -0.7071 0.7071 -0.0000
vn -0.5001 0.8660 -0.0000
vn -0.7070 0.7072 -0.0000
vn -0.4999 0.8661 -0.0000
vn -0.2589 0.9659 -0.0000
vn -0.2588 0.9659 -0.0000
vn -0.0001 1.0000 -0.0000
vn 0.0001 1.0000 -0.0000
vn 0.2588 0.9659 -0.0000
vn 0.2589 0.9659 -0.0000
vn 0.4999 0.8661 -0.0000
vn 0.5001 0.8660 -0.0000
vn 0.7070 0.7072 -0.0000
vn 0.7072 0.7071 -0.0000
vn 0.8660 0.5001 -0.0000
vn 0.8661 0.4999 -0.0000
vn 0.9659 0.2589 -0.0000
vn 0.9659 0.2588 -0.0000
vn 1.0000 0.0001 -0.0000
vn 0.9660 0.2587 -0.0000
vn 1.0000 -0.0001 -0.0000
vn 0.9660 -0.2587 -0.0000
vn 0.9659 -0.2588 -0.0000
vn 0.9659 -0.2589 -0.0000
vn 0.8661 -0.4999 -0.0000
vn 0.8660 -0.5001 -0.0000
vn 0.7072 -0.7071 -0.0000
vn 0.7070 -0.7072 -0.0000
vn 0.5001 -0.8660 -0.0000
vn 0.4999 -0.8661 -0.0000
vn 0.2589 -0.9659 -0.0000
vn 0.2588 -0.9659 -0.0000
vn 0.0001 -1.0000 -0.0000
vn -0.0001 -1.0000 -0.0000
vn -0.2588 -0.9659 -0.0000
vn -0.2589 -0.9659 -0.0000
vn -0.4999 -0.8661 -0.0000
vn -0.5001 -0.8660 -0.0000
vn -0.7071 -0.7072 -0.0000
vn -0.7072 -0.7071 -0.0000
vn -0.8660 -0.5001 -0.0000
vn -0.8661 -0.4999 -0.0000
vn -0.9659 -0.2589 -0.0000
vn 1.0000 -0.0000 -0.0000
vn 0.8661 -0.5000 -0.0000
vn 0.7071 -0.7071 -0.0000
vn 0.5000 -0.8660 -0.0000
vn -0.5000 -0.8661 -0.0000
vn 0.7071 0.7072 -0.0000
vn 0.2587 -0.9659 -0.0000
vn -0.2587 -0.9659 -0.0000
vn -0.0000 0.9499 0.3126
vn -0.0000 0.9309 0.3652
vn -0.0000 0.9310 0.3649
vn -0.0000 0.9500 0.3124
vn -0.0000 0.9309 0.3653
vn -0.0000 0.9144 0.4049
vn -0.0000 0.9147 0.4041
vn -0.0000 0.9312 0.3645
vn -0.0000 0.9146 0.4043
vn -0.0000 0.9037 0.4281
vn -0.0000 0.9033 0.4289
vn -0.0000 0.9143 0.4051
vn -0.0000 0.9036 0.4285
vn -0.0000 0.8998 0.4362
vn -0.0000 1.0000 -0.0000
vn -0.0000 0.9808 -0.1950
vn -0.0000 0.9808 -0.1952
vn -0.0000 1.0000 -0.0001
vn -0.0000 0.9659 -0.2588
vn -0.0000 0.9808 -0.1951
vn -0.0000 0.9239 -0.3826
vn -0.0000 0.9239 -0.3827
vn -0.0000 0.9659 -0.2589
vn -0.0000 0.8661 -0.4999
vn -0.0000 0.8316 -0.5554
vn -0.0000 0.8315 -0.5556
vn -0.0000 0.8660 -0.5001
vn -0.0000 0.7072 -0.7070
vn -0.0000 0.8314 -0.5557
vn -0.0000 0.7071 -0.7071
vn -0.0000 0.7071 -0.7072
vn -0.0000 0.5556 -0.8314
vn -0.0000 0.5555 -0.8315
vn -0.0000 0.7070 -0.7072
vn -0.0000 0.5000 -0.8660
vn -0.0000 0.5556 -0.8315
vn -0.0000 0.3828 -0.9238
vn -0.0000 0.3827 -0.9239
vn -0.0000 0.4999 -0.8661
vn -0.0000 0.2589 -0.9659
vn -0.0000 0.3826 -0.9239
vn -0.0000 0.2588 -0.9659
vn -0.0000 0.1951 -0.9808
vn -0.0000 0.0981 -0.9952
vn -0.0000 0.0980 -0.9952
vn -0.0000 -0.0000 -1.0000
vn -0.0000 0.9660 -0.2587
vn -0.0000 0.5001 -0.8660
vn -0.0000 0.1952 -0.9808
vn -0.0000 0.2587 -0.9660
vn -0.1950 0.9808 -0.0000
vn -0.1951 0.9808 -0.0000
vn -0.2587 0.9659 -0.0000
vn -0.3826 0.9239 -0.0000
vn -0.3827 0.9239 -0.0000
vn -0.5000 0.8660 -0.0000
vn -0.5555 0.8315 -0.0000
vn -0.5556 0.8315 -0.0000
vn -0.7071 0.7072 -0.0000
vn -0.5556 0.8314 -0.0000
vn -0.8314 0.5557 -0.0000
vn -0.8315 0.5556 -0.0000
vn -0.8315 0.5555 -0.0000
vn -0.8660 0.5000 -0.0000
vn -0.9239 0.3828 -0.0000
vn -0.9239 0.3827 -0.0000
vn -0.9239 0.3826 -0.0000
vn -0.9659 0.2588 -0.0000
vn -0.9808 0.1952 -0.0000
vn -0.9808 0.1951 -0.0000
vn -0.9952 0.0981 -0.0000
vn -0.9952 0.0980 -0.0000
vn -1.0000 -0.0000 -0.0000
vn -0.9660 0.2587 -0.0000
vn -0.7072 0.7070 -0.0000
vn 0.9952 0.0981 -0.0000
vn 0.9952 0.0980 -0.0000
vn 0.9659 0.2587 -0.0000
vn 0.9808 0.1951 -0.0000
vn 0.9808 0.1952 -0.0000
vn 0.9239 0.3826 -0.0000
vn 0.9239 0.3827 -0.0000
vn 0.8660 0.5000 -0.0000
vn 0.8315 0.5555 -0.0000
vn 0.8315 0.5556 -0.0000
vn 0.8314 0.5556 -0.0000
vn 0.5556 0.8314 -0.0000
vn 0.5556 0.8315 -0.0000
vn 0.5555 0.8315 -0.0000
vn 0.5000 0.8660 -0.0000
vn 0.3828 0.9238 -0.0000
vn 0.3827 0.9239 -0.0001
vn 0.5000 0.8661 -0.0000
vn 0.3826 0.9239 -0.0000
vn 0.1952 0.9808 -0.0000
vn 0.1950 0.9808 -0.0000
vn 0.2587 0.9659 -0.0000
vn 0.7072 0.7070 -0.0000
vn 0.9659 0.0001 0.2588
vn 0.9330 0.2588 0.2499
vn 1.0000 0.0001 0.0001
vn 0.9330 0.2588 0.2500
vn 0.9659 0.2588 0.0001
vn 1.0000 0.0001 -0.0001
vn 0.9659 0.2587 -0.0001
vn 0.9659 -0.0000 -0.2588
vn 0.9659 0.0001 -0.2587
vn 0.9659 0.2588 -0.0001
vn 0.9330 0.2588 -0.2499
vn 0.9659 0.0001 -0.2589
vn 0.9330 0.2588 -0.2501
vn 0.8660 0.0001 -0.5000
vn 0.8661 0.0001 -0.4999
vn 0.9330 0.2588 -0.2500
vn 0.8366 0.2588 -0.4829
vn 0.8366 0.2587 -0.4829
vn 0.7072 -0.0000 -0.7070
vn 0.7072 0.0001 -0.7071
vn 0.8365 0.2588 -0.4830
vn 0.6831 0.2588 -0.6830
vn 0.7071 0.0001 -0.7071
vn 0.6830 0.2588 -0.6831
vn 0.5001 0.0001 -0.8660
vn 0.5001 -0.0000 -0.8660
vn 0.6830 0.2587 -0.6831
vn 0.4830 0.2587 -0.8365
vn 0.4999 0.0001 -0.8661
vn 0.4829 0.2587 -0.8366
vn 0.2588 -0.0000 -0.9659
vn 0.2589 0.0001 -0.9659
vn 0.4829 0.2588 -0.8366
vn 0.2500 0.2587 -0.9330
vn 0.2588 0.0001 -0.9659
vn 0.2499 0.2588 -0.9330
vn 0.0001 0.0001 -1.0000
vn 0.0001 0.2587 -0.9659
vn -0.0001 0.0001 -1.0000
vn -0.0001 0.2588 -0.9659
vn -0.2587 -0.0000 -0.9659
vn -0.2588 0.0001 -0.9659
vn -0.2499 0.2588 -0.9330
vn -0.2500 0.2588 -0.9330
vn -0.4999 0.0001 -0.8661
vn -0.4829 0.2588 -0.8366
vn -0.5001 0.0001 -0.8660
vn -0.4830 0.2588 -0.8365
vn -0.7071 0.0001 -0.7071
vn -0.4831 0.2588 -0.8365
vn -0.6830 0.2588 -0.6830
vn -0.7072 0.0001 -0.7070
vn -0.6831 0.2587 -0.6830
vn -0.8660 -0.0000 -0.5000
vn -0.6831 0.2587 -0.6829
vn -0.8366 0.2588 -0.4829
vn -0.8660 0.0001 -0.5000
vn -0.8365 0.2587 -0.4830
vn -0.9659 -0.0000 -0.2589
vn -0.9659 0.0001 -0.2589
vn -0.9330 0.2588 -0.2501
vn -0.9659 0.0001 -0.2588
vn -0.9330 0.2588 -0.2500
vn -1.0000 0.0001 -0.0001
vn -1.0000 -0.0000 -0.0001
vn -0.9331 0.2587 -0.2499
vn -1.0000 0.0001 0.0001
vn -0.9660 0.2587 0.0001
vn -0.9659 -0.0000 0.2588
vn -0.9659 0.0001 0.2588
vn -0.9659 0.2588 0.0001
vn -0.9330 0.2588 0.2499
vn -0.9659 0.0001 0.2589
vn -0.9330 0.2588 0.2501
vn -0.8660 0.0001 0.5000
vn -0.8661 -0.0000 0.4999
vn -0.9330 0.2587 0.2500
vn -0.8366 0.2587 0.4829
vn -0.8660 0.0001 0.5001
vn -0.8365 0.2587 0.4831
vn -0.7071 -0.0000 0.7071
vn -0.7072 -0.0000 0.7070
vn -0.8365 0.2588 0.4830
vn -0.6831 0.2587 0.6829
vn -0.7070 0.0001 0.7072
vn -0.6830 0.2588 0.6831
vn -0.5000 0.0001 0.8660
vn -0.5001 0.0001 0.8660
vn -0.6830 0.2588 0.6830
vn -0.4831 0.2588 0.8365
vn -0.5000 -0.0000 0.8660
vn -0.4829 0.2588 0.8366
vn -0.2589 0.0001 0.9659
vn -0.2500 0.2588 0.9330
vn -0.2588 0.0001 0.9659
vn -0.2500 0.2587 0.9330
vn -0.0001 0.0001 1.0000
vn -0.2499 0.2588 0.9330
vn -0.0000 0.2587 0.9659
vn -0.0000 0.0001 1.0000
vn -0.0000 0.2588 0.9659
vn 0.2587 0.0001 0.9660
vn 0.2588 0.0001 0.9659
vn 0.0001 0.2588 0.9659
vn 0.2500 0.2588 0.9330
vn 0.2589 0.0001 0.9659
vn 0.2501 0.2587 0.9330
vn 0.5000 -0.0000 0.8660
vn 0.4999 0.0001 0.8661
vn 0.4829 0.2588 0.8366
vn 0.5000 0.0001 0.8660
vn 0.4830 0.2588 0.8365
vn 0.7070 -0.0000 0.7072
vn 0.7071 0.0001 0.7071
vn 0.4831 0.2588 0.8365
vn 0.6830 0.2588 0.6830
vn 0.8660 0.0001 0.5001
vn 0.8660 -0.0000 0.5000
vn 0.6831 0.2587 0.6829
vn 0.8365 0.2588 0.4830
vn 0.8661 0.0001 0.5000
vn 0.8366 0.2588 0.4829
vn 0.9659 -0.0000 0.2589
vn 0.9659 0.0001 0.2589
vn 0.9330 0.2588 0.2501
vn 0.2500 0.9659 -0.0670
vn 0.2499 0.9660 -0.0669
vn 0.2587 0.9660 -0.0000
vn 0.2499 0.9660 0.0669
vn 0.2499 0.9660 0.0670
vn 0.2241 0.9660 0.1293
vn 0.0001 1.0000 0.0001
vn 0.2241 0.9659 0.1294
vn 0.2241 0.9660 0.1294
vn 0.1830 0.9660 0.1829
vn 0.1294 0.9660 0.2240
vn -0.0000 1.0000 0.0001
vn 0.1294 0.9659 0.2242
vn 0.0670 0.9659 0.2500
vn 0.0669 0.9659 0.2499
vn 0.0670 0.9660 0.2499
vn -0.0000 0.9660 0.2587
vn -0.0669 0.9660 0.2499
vn -0.0670 0.9659 0.2499
vn -0.0670 0.9660 0.2499
vn -0.1294 0.9660 0.2241
vn -0.1294 0.9660 0.2240
vn -0.0001 1.0000 0.0001
vn -0.1294 0.9659 0.2241
vn -0.1830 0.9659 0.1830
vn -0.1830 0.9660 0.1829
vn -0.2241 0.9659 0.1294
vn -0.2241 0.9659 0.1293
vn -0.2499 0.9660 0.0670
vn -0.2499 0.9660 0.0669
vn -0.2499 0.9659 0.0670
vn -0.2587 0.9660 -0.0000
vn -0.2500 0.9659 -0.0670
vn -0.2499 0.9660 -0.0670
vn -0.2241 0.9659 -0.1293
vn -0.0001 1.0000 -0.0001
vn -0.2240 0.9660 -0.1294
vn -0.2241 0.9660 -0.1293
vn -0.1830 0.9660 -0.1829
vn -0.1829 0.9659 -0.1830
vn -0.1294 0.9660 -0.2240
vn -0.1293 0.9660 -0.2241
vn -0.1294 0.9659 -0.2242
vn -0.0670 0.9659 -0.2500
vn -0.0670 0.9659 -0.2499
vn -0.0670 0.9660 -0.2499
vn 0.0670 0.9660 -0.2499
vn 0.0670 0.9659 -0.2499
vn 0.1294 0.9660 -0.2241
vn 0.0001 1.0000 -0.0001
vn 0.1294 0.9659 -0.2241
vn 0.1294 0.9660 -0.2240
vn 0.1830 0.9660 -0.1829
vn 0.1830 0.9659 -0.1830
vn 0.2241 0.9659 -0.1294
vn 0.2241 0.9660 -0.1293
vn 0.2499 0.9660 -0.0670
vn -0.9659 0.2589 0.0001
vn -0.8661 0.4999 0.0001
vn -0.9330 0.2589 0.2500
vn -0.9330 0.2589 0.2499
vn -0.8660 0.5000 0.0001
vn -0.8365 0.5000 0.2241
vn -0.8366 0.4999 0.2242
vn -0.8366 0.2589 0.4829
vn -0.8366 0.2588 0.4829
vn -0.7501 0.4999 0.4330
vn -0.8365 0.2589 0.4830
vn -0.7500 0.5000 0.4331
vn -0.6830 0.2589 0.6829
vn -0.6830 0.2589 0.6830
vn -0.6124 0.5000 0.6124
vn -0.6829 0.2589 0.6831
vn -0.6123 0.4999 0.6125
vn -0.4829 0.2589 0.8365
vn -0.4830 0.2589 0.8365
vn -0.6123 0.4999 0.6124
vn -0.4331 0.4999 0.7500
vn -0.4330 0.4999 0.7500
vn -0.2501 0.2589 0.9330
vn -0.4330 0.5000 0.7500
vn -0.2242 0.5000 0.8365
vn -0.2500 0.2589 0.9330
vn -0.2241 0.4999 0.8366
vn -0.0001 0.2588 0.9659
vn -0.0000 0.2589 0.9659
vn -0.0000 0.4999 0.8661
vn -0.0001 0.2589 0.9659
vn 0.2498 0.2589 0.9330
vn 0.2501 0.2589 0.9330
vn 0.0002 0.4999 0.8661
vn 0.2242 0.4999 0.8366
vn 0.2242 0.5000 0.8365
vn 0.4829 0.2589 0.8365
vn 0.2243 0.5000 0.8365
vn 0.4330 0.4999 0.7500
vn 0.4830 0.2589 0.8365
vn 0.4330 0.5000 0.7500
vn 0.6829 0.2589 0.6831
vn 0.6829 0.2588 0.6831
vn 0.4331 0.4999 0.7500
vn 0.6123 0.4999 0.6125
vn 0.6830 0.2589 0.6830
vn 0.6124 0.4999 0.6124
vn 0.8365 0.2589 0.4830
vn 0.6124 0.5000 0.6124
vn 0.7500 0.5000 0.4331
vn 0.8365 0.2589 0.4829
vn 0.7501 0.4999 0.4330
vn 0.9330 0.2589 0.2500
vn 0.7501 0.5000 0.4330
vn 0.8366 0.4999 0.2242
vn 0.8366 0.4999 0.2241
vn 0.9659 0.2589 0.0001
vn 0.8661 0.4999 0.0001
vn 0.8661 0.4999 -0.0001
vn 0.9330 0.2589 -0.2499
vn 0.8660 0.5000 -0.0001
vn 0.8366 0.5000 -0.2241
vn 0.9330 0.2589 -0.2501
vn 0.8365 0.4999 -0.2242
vn 0.8365 0.2589 -0.4829
vn 0.8365 0.5000 -0.2242
vn 0.7501 0.4999 -0.4330
vn 0.8365 0.2589 -0.4830
vn 0.7500 0.5000 -0.4330
vn 0.6831 0.2589 -0.6829
vn 0.7500 0.4999 -0.4331
vn 0.6125 0.4999 -0.6123
vn 0.6829 0.2589 -0.6831
vn 0.6123 0.4999 -0.6125
vn 0.4830 0.2588 -0.8365
vn 0.4830 0.2589 -0.8365
vn 0.6124 0.5000 -0.6124
vn 0.4331 0.5000 -0.7500
vn 0.4829 0.2589 -0.8365
vn 0.4330 0.5000 -0.7500
vn 0.2501 0.2589 -0.9330
vn 0.4330 0.5000 -0.7501
vn 0.2242 0.5000 -0.8365
vn 0.2500 0.2589 -0.9330
vn 0.2241 0.4999 -0.8366
vn 0.0001 0.2588 -0.9659
vn 0.2241 0.5000 -0.8366
vn -0.2499 0.2589 -0.9330
vn -0.0001 0.4999 -0.8661
vn -0.2241 0.4999 -0.8366
vn -0.2500 0.2589 -0.9330
vn -0.2242 0.4999 -0.8365
vn -0.4829 0.2589 -0.8365
vn -0.2242 0.5000 -0.8365
vn -0.4330 0.5000 -0.7500
vn -0.4830 0.2589 -0.8365
vn -0.4330 0.4999 -0.7500
vn -0.6829 0.2589 -0.6831
vn -0.4331 0.4999 -0.7500
vn -0.6124 0.4999 -0.6124
vn -0.6831 0.2589 -0.6829
vn -0.6125 0.4999 -0.6123
vn -0.8365 0.2588 -0.4830
vn -0.8365 0.2589 -0.4830
vn -0.6124 0.5000 -0.6123
vn -0.7500 0.5000 -0.4331
vn -0.8365 0.2589 -0.4829
vn -0.7501 0.4999 -0.4330
vn -0.9330 0.2589 -0.2501
vn -0.7501 0.5000 -0.4330
vn -0.8365 0.5000 -0.2242
vn -0.9330 0.2589 -0.2500
vn -0.8366 0.4999 -0.2241
vn -0.9659 0.2589 -0.0001
vn -0.8661 0.4999 -0.0001
vn -0.8660 0.5001 0.0001
vn -0.7071 0.7071 0.0001
vn -0.8365 0.5001 0.2241
vn -0.7072 0.7070 0.0001
vn -0.6831 0.7070 0.1830
vn -0.8364 0.5001 0.2242
vn -0.6830 0.7071 0.1831
vn -0.7500 0.5001 0.4330
vn -0.7500 0.5001 0.4329
vn -0.6831 0.7071 0.1830
vn -0.6125 0.7071 0.3535
vn -0.7499 0.5001 0.4331
vn -0.6124 0.7071 0.3536
vn -0.6124 0.5000 0.6123
vn -0.6124 0.5001 0.6123
vn -0.5001 0.7071 0.5000
vn -0.6123 0.5000 0.6124
vn -0.5000 0.7070 0.5001
vn -0.4331 0.5001 0.7499
vn -0.5000 0.7071 0.5001
vn -0.3536 0.7071 0.6124
vn -0.4330 0.5001 0.7500
vn -0.2242 0.5001 0.8365
vn -0.3535 0.7071 0.6125
vn -0.1831 0.7070 0.6831
vn -0.2241 0.5001 0.8365
vn -0.1829 0.7071 0.6831
vn -0.0000 0.5001 0.8660
vn -0.0001 0.5001 0.8660
vn -0.1830 0.7071 0.6831
vn -0.0000 0.7071 0.7071
vn 0.2240 0.5001 0.8365
vn 0.2241 0.5000 0.8365
vn 0.0001 0.7070 0.7072
vn 0.1830 0.7071 0.6831
vn 0.2242 0.5001 0.8365
vn 0.1831 0.7071 0.6830
vn 0.4330 0.5001 0.7500
vn 0.4329 0.5001 0.7500
vn 0.1831 0.7070 0.6831
vn 0.3535 0.7071 0.6124
vn 0.4330 0.5001 0.7499
vn 0.3536 0.7071 0.6124
vn 0.6123 0.5001 0.6124
vn 0.6123 0.5001 0.6123
vn 0.3537 0.7071 0.6123
vn 0.5000 0.7071 0.5000
vn 0.7499 0.5001 0.4331
vn 0.7500 0.5000 0.4330
vn 0.5001 0.7071 0.5000
vn 0.6124 0.7070 0.3536
vn 0.6125 0.7070 0.3535
vn 0.8365 0.5000 0.2242
vn 0.8365 0.5001 0.2242
vn 0.6124 0.7071 0.3535
vn 0.6830 0.7071 0.1831
vn 0.8365 0.5001 0.2241
vn 0.6831 0.7071 0.1829
vn 0.8660 0.5001 0.0001
vn 0.8660 0.5000 0.0001
vn 0.6831 0.7070 0.1830
vn 0.8660 0.5001 -0.0001
vn 0.7072 0.7071 -0.0001
vn 0.8365 0.5000 -0.2241
vn 0.8365 0.5001 -0.2241
vn 0.6831 0.7071 -0.1830
vn 0.8365 0.5001 -0.2243
vn 0.6830 0.7071 -0.1832
vn 0.7500 0.5000 -0.4329
vn 0.6831 0.7070 -0.1830
vn 0.6125 0.7070 -0.3535
vn 0.7499 0.5001 -0.4331
vn 0.6124 0.7071 -0.3537
vn 0.6124 0.5001 -0.6123
vn 0.6124 0.7071 -0.3536
vn 0.5001 0.7071 -0.5000
vn 0.6123 0.5001 -0.6124
vn 0.5000 0.7071 -0.5001
vn 0.4330 0.5001 -0.7500
vn 0.4331 0.5001 -0.7499
vn 0.5000 0.7070 -0.5001
vn 0.3536 0.7071 -0.6124
vn 0.4329 0.5001 -0.7500
vn 0.3535 0.7071 -0.6124
vn 0.2242 0.5001 -0.8365
vn 0.3535 0.7071 -0.6125
vn 0.1831 0.7071 -0.6831
vn 0.2241 0.5001 -0.8365
vn 0.1830 0.7071 -0.6831
vn 0.0001 0.5001 -0.8660
vn 0.0001 0.5000 -0.8660
vn 0.1830 0.7070 -0.6831
vn 0.0001 0.7070 -0.7072
vn -0.0001 0.5001 -0.8660
vn -0.0001 0.7071 -0.7072
vn -0.2241 0.5001 -0.8365
vn -0.2241 0.5000 -0.8365
vn -0.1830 0.7071 -0.6831
vn -0.1831 0.7070 -0.6831
vn -0.4329 0.5000 -0.7500
vn -0.4330 0.5001 -0.7500
vn -0.1831 0.7071 -0.6830
vn -0.3536 0.7071 -0.6124
vn -0.4330 0.5001 -0.7499
vn -0.6123 0.5001 -0.6124
vn -0.6123 0.5000 -0.6124
vn -0.3537 0.7070 -0.6124
vn -0.5000 0.7070 -0.5001
vn -0.6124 0.5001 -0.6123
vn -0.5001 0.7070 -0.5000
vn -0.7499 0.5001 -0.4330
vn -0.7499 0.5001 -0.4331
vn -0.5000 0.7071 -0.5000
vn -0.6124 0.7071 -0.3536
vn -0.7500 0.5001 -0.4330
vn -0.6124 0.7071 -0.3535
vn -0.8365 0.5001 -0.2242
vn -0.6125 0.7070 -0.3535
vn -0.6831 0.7070 -0.1830
vn -0.8365 0.5001 -0.2241
vn -0.6831 0.7071 -0.1830
vn -0.8660 0.5001 -0.0001
vn -0.6830 0.7071 -0.1830
vn -0.6830 0.7072 0.1829
vn -0.6830 0.7071 0.1830
vn -0.5001 0.8660 0.0001
vn -0.4831 0.8660 0.1294
vn -0.6829 0.7072 0.1831
vn -0.4830 0.8660 0.1295
vn -0.6123 0.7072 0.3535
vn -0.6124 0.7072 0.3534
vn -0.4830 0.8660 0.1294
vn -0.4331 0.8660 0.2499
vn -0.6123 0.7071 0.3536
vn -0.4330 0.8660 0.2501
vn -0.5000 0.7071 0.5000
vn -0.5000 0.7072 0.4999
vn -0.3536 0.8660 0.3536
vn -0.4999 0.7072 0.4999
vn -0.3536 0.7072 0.6123
vn -0.2500 0.8660 0.4331
vn -0.3535 0.7072 0.6123
vn -0.1830 0.7072 0.6830
vn -0.1831 0.7072 0.6829
vn -0.2500 0.8660 0.4330
vn -0.1295 0.8660 0.4830
vn -0.1829 0.7072 0.6830
vn -0.1294 0.8660 0.4830
vn -0.0000 0.8660 0.5001
vn -0.0000 0.7072 0.7070
vn -0.0000 0.8660 0.5000
vn 0.1829 0.7072 0.6830
vn 0.1294 0.8660 0.4830
vn 0.1830 0.7072 0.6829
vn 0.1295 0.8660 0.4830
vn 0.3535 0.7072 0.6123
vn 0.2500 0.8660 0.4331
vn 0.3536 0.7071 0.6123
vn 0.2501 0.8660 0.4330
vn 0.4999 0.7072 0.5000
vn 0.4999 0.7071 0.5000
vn 0.2500 0.8660 0.4330
vn 0.3536 0.8660 0.3536
vn 0.5000 0.7072 0.5000
vn 0.6123 0.7072 0.3536
vn 0.6123 0.7071 0.3536
vn 0.4330 0.8660 0.2501
vn 0.4331 0.8660 0.2500
vn 0.6829 0.7072 0.1830
vn 0.4830 0.8660 0.1295
vn 0.6830 0.7071 0.1830
vn 0.4831 0.8659 0.1294
vn 0.7071 0.7071 -0.0000
vn 0.4830 0.8660 0.1294
vn 0.6830 0.7072 -0.1829
vn 0.6830 0.7072 -0.1830
vn 0.5000 0.8660 -0.0001
vn 0.4830 0.8660 -0.1294
vn 0.6829 0.7072 -0.1831
vn 0.4830 0.8660 -0.1295
vn 0.6124 0.7071 -0.3535
vn 0.6124 0.7072 -0.3535
vn 0.4331 0.8660 -0.2500
vn 0.4331 0.8660 -0.2501
vn 0.5000 0.7071 -0.5000
vn 0.3536 0.8660 -0.3536
vn 0.4999 0.7072 -0.5000
vn 0.3536 0.7072 -0.6123
vn 0.3535 0.7072 -0.6123
vn 0.3535 0.8660 -0.3537
vn 0.2500 0.8660 -0.4331
vn 0.3535 0.7072 -0.6124
vn 0.1830 0.7072 -0.6829
vn 0.1831 0.7072 -0.6829
vn 0.1295 0.8660 -0.4830
vn 0.1830 0.7071 -0.6830
vn 0.1294 0.8660 -0.4830
vn -0.0000 0.7072 -0.7071
vn 0.0001 0.7072 -0.7071
vn -0.1830 0.7071 -0.6830
vn -0.1829 0.7072 -0.6830
vn -0.1294 0.8660 -0.4830
vn -0.1830 0.7072 -0.6829
vn -0.1295 0.8660 -0.4830
vn -0.3535 0.7072 -0.6123
vn -0.2500 0.8660 -0.4330
vn -0.4999 0.7072 -0.5000
vn -0.2500 0.8660 -0.4331
vn -0.3535 0.8660 -0.3536
vn -0.3537 0.8660 -0.3536
vn -0.6123 0.7071 -0.3536
vn -0.6123 0.7072 -0.3535
vn -0.3536 0.8660 -0.3536
vn -0.4330 0.8660 -0.2501
vn -0.4330 0.8660 -0.2500
vn -0.6829 0.7072 -0.1831
vn -0.4331 0.8660 -0.2500
vn -0.4831 0.8660 -0.1295
vn -0.4830 0.8660 -0.1294
vn -0.7070 0.7072 -0.0001
vn -0.5000 0.8660 -0.0001
vn -0.4829 0.8661 0.1293
vn -0.4829 0.8661 0.1294
vn -0.2589 0.9659 0.0001
vn -0.2501 0.9659 0.0670
vn -0.2500 0.9659 0.0670
vn -0.4329 0.8661 0.2499
vn -0.4330 0.8660 0.2500
vn -0.2501 0.9659 0.0671
vn -0.2242 0.9659 0.1295
vn -0.4329 0.8661 0.2500
vn -0.2242 0.9659 0.1294
vn -0.3535 0.8661 0.3534
vn -0.3535 0.8661 0.3535
vn -0.1831 0.9659 0.1831
vn -0.1831 0.9659 0.1830
vn -0.2500 0.8661 0.4329
vn -0.1830 0.9659 0.1832
vn -0.1295 0.9659 0.2243
vn -0.2499 0.8661 0.4329
vn -0.1294 0.9659 0.2242
vn -0.1294 0.8661 0.4829
vn -0.0670 0.9659 0.2500
vn -0.0000 0.8661 0.4999
vn -0.0000 0.8661 0.5000
vn -0.0670 0.9659 0.2501
vn -0.0000 0.9659 0.2589
vn 0.1294 0.8661 0.4829
vn 0.0670 0.9659 0.2501
vn 0.2499 0.8661 0.4329
vn 0.2500 0.8661 0.4330
vn 0.2500 0.8661 0.4329
vn 0.1295 0.9659 0.2242
vn 0.3535 0.8661 0.3535
vn 0.3535 0.8660 0.3536
vn 0.1295 0.9659 0.2243
vn 0.1830 0.9659 0.1832
vn 0.3536 0.8661 0.3534
vn 0.1831 0.9659 0.1830
vn 0.4330 0.8661 0.2500
vn 0.4329 0.8660 0.2501
vn 0.1831 0.9659 0.1831
vn 0.2241 0.9659 0.1295
vn 0.4330 0.8661 0.2499
vn 0.2242 0.9659 0.1294
vn 0.4829 0.8661 0.1294
vn 0.2500 0.9659 0.0670
vn 0.4829 0.8661 0.1293
vn 0.2501 0.9659 0.0670
vn 0.4999 0.8661 0.0001
vn 0.2589 0.9659 0.0001
vn 0.4829 0.8661 -0.1293
vn 0.4829 0.8661 -0.1294
vn 0.2589 0.9659 -0.0001
vn 0.2501 0.9659 -0.0670
vn 0.4829 0.8660 -0.1294
vn 0.4330 0.8660 -0.2499
vn 0.4330 0.8661 -0.2499
vn 0.2242 0.9659 -0.1294
vn 0.4329 0.8661 -0.2499
vn 0.3535 0.8661 -0.3535
vn 0.3535 0.8660 -0.3536
vn 0.2242 0.9659 -0.1296
vn 0.1831 0.9659 -0.1831
vn 0.2500 0.8661 -0.4329
vn 0.2500 0.8660 -0.4330
vn 0.1831 0.9659 -0.1832
vn 0.1295 0.9659 -0.2243
vn 0.2499 0.8661 -0.4329
vn 0.1294 0.9659 -0.2242
vn 0.1294 0.8661 -0.4828
vn 0.1294 0.8661 -0.4829
vn 0.0670 0.9659 -0.2501
vn 0.0670 0.9659 -0.2500
vn -0.0000 0.8661 -0.5000
vn -0.1293 0.8661 -0.4828
vn -0.1294 0.8660 -0.4829
vn -0.0670 0.9659 -0.2501
vn -0.1294 0.8661 -0.4828
vn -0.2499 0.8661 -0.4329
vn -0.2499 0.8661 -0.4330
vn -0.2500 0.8661 -0.4329
vn -0.1295 0.9659 -0.2241
vn -0.3535 0.8661 -0.3535
vn -0.1294 0.9659 -0.2243
vn -0.1830 0.9659 -0.1832
vn -0.3536 0.8661 -0.3535
vn -0.1831 0.9659 -0.1830
vn -0.4330 0.8661 -0.2500
vn -0.4329 0.8661 -0.2500
vn -0.1831 0.9659 -0.1831
vn -0.2242 0.9659 -0.1295
vn -0.2242 0.9659 -0.1294
vn -0.4829 0.8660 -0.1294
vn -0.4829 0.8661 -0.1295
vn -0.2500 0.9659 -0.0671
vn -0.4829 0.8661 -0.1294
vn -0.2501 0.9659 -0.0670
vn -0.2589 0.9659 -0.0001
vn 0.9659 -0.0000 0.2588
vn 1.0000 -0.0000 0.0001
vn 0.9660 -0.0000 0.2587
vn 1.0000 -0.0000 -0.0001
vn 0.8661 -0.0000 -0.4999
vn 0.8660 -0.0000 -0.5000
vn 0.9659 -0.0000 -0.2589
vn 0.7071 -0.0000 -0.7071
vn 0.8660 -0.0000 -0.5001
vn 0.5000 -0.0000 -0.8660
vn 0.7070 -0.0000 -0.7072
vn 0.4999 -0.0000 -0.8661
vn 0.2589 -0.0000 -0.9659
vn 0.2587 -0.0000 -0.9660
vn 0.0001 -0.0000 -1.0000
vn -0.0001 -0.0000 -1.0000
vn -0.2588 -0.0000 -0.9659
vn -0.2587 -0.0000 -0.9660
vn -0.2589 -0.0000 -0.9659
vn -0.5000 -0.0000 -0.8660
vn -0.4999 -0.0000 -0.8661
vn -0.5001 -0.0000 -0.8660
vn -0.7070 -0.0000 -0.7072
vn -0.7071 -0.0000 -0.7071
vn -0.8660 -0.0000 -0.5001
vn -0.7072 -0.0000 -0.7070
vn -0.9659 -0.0000 -0.2588
vn -0.8661 -0.0000 -0.4999
vn -0.9660 -0.0000 -0.2587
vn -1.0000 -0.0000 0.0001
vn -0.9659 -0.0000 0.2587
vn -0.9659 -0.0000 0.2589
vn -0.8660 -0.0000 0.5000
vn -0.7070 -0.0000 0.7072
vn -0.5001 -0.0000 0.8660
vn -0.5000 -0.0000 0.8661
vn -0.2589 -0.0000 0.9659
vn -0.2587 -0.0000 0.9660
vn -0.0000 -0.0000 1.0000
vn 0.2587 -0.0000 0.9660
vn 0.2589 -0.0000 0.9659
vn 0.5000 -0.0000 0.8661
vn 0.7072 -0.0000 0.7070
vn 0.8661 -0.0000 0.4999
vn 0.9330 0.2587 0.2499
vn 0.9659 0.0001 -0.2588
vn 0.9330 0.2587 -0.2499
vn 0.9330 0.2587 -0.2501
vn 0.8660 0.0001 -0.5001
vn 0.8364 0.2588 -0.4831
vn 0.7072 0.0001 -0.7070
vn 0.7071 0.0001 -0.7072
vn 0.5000 0.0001 -0.8660
vn 0.6830 0.2588 -0.6830
vn 0.2500 0.2588 -0.9330
vn 0.2587 0.0001 -0.9659
vn 0.2499 0.2588 -0.9331
vn -0.0000 0.0001 -1.0000
vn -0.0001 0.2587 -0.9659
vn -0.2589 0.0001 -0.9659
vn -0.2501 0.2588 -0.9330
vn -0.4829 0.2588 -0.8365
vn -0.6830 0.2587 -0.6830
vn -0.8660 0.0001 -0.5001
vn -0.6831 0.2588 -0.6830
vn -0.8366 0.2587 -0.4829
vn -0.8365 0.2588 -0.4829
vn -0.9659 0.0001 -0.2587
vn -0.9660 0.2587 -0.0001
vn -0.9659 0.2587 0.0001
vn -0.8661 -0.0000 0.5000
vn -0.7071 0.0001 0.7071
vn -0.6831 0.2587 0.6830
vn -0.4830 0.2587 0.8365
vn -0.2499 0.2588 0.9331
vn 0.0001 0.2587 0.9659
vn 0.2588 -0.0000 0.9659
vn 0.4999 -0.0000 0.8661
vn 0.4830 0.2587 0.8365
vn 0.7070 0.0001 0.7072
vn 0.8659 0.0001 0.5001
vn 0.8660 0.0001 0.5000
vn 0.6831 0.2588 0.6829
vn 0.8365 0.2588 0.4829
vn 0.9330 0.2587 0.2501
vn 0.1830 0.9659 0.1830
vn 0.1829 0.9660 0.1829
vn 0.1293 0.9660 0.2241
vn 0.1294 0.9660 0.2241
vn -0.0000 0.9659 0.2588
vn -0.1293 0.9659 0.2241
vn -0.1829 0.9660 0.1829
vn -0.2241 0.9660 0.1293
vn -0.2499 0.9660 -0.0669
vn -0.2241 0.9660 -0.1294
vn -0.1830 0.9659 -0.1829
vn -0.1830 0.9659 -0.1830
vn -0.1829 0.9660 -0.1829
vn -0.1294 0.9659 -0.2241
vn -0.1294 0.9660 -0.2241
vn -0.0000 1.0000 -0.0002
vn -0.0669 0.9660 -0.2499
vn 0.1829 0.9659 -0.1830
vn 0.2241 0.9660 -0.1294
vn 0.2499 0.9659 -0.0670
vn -0.8661 0.5000 -0.0000
vn -0.8366 0.4999 0.2241
vn -0.9330 0.2589 0.2501
vn -0.8365 0.4999 0.2242
vn -0.8365 0.2589 0.4829
vn -0.7500 0.5000 0.4330
vn -0.6831 0.2589 0.6829
vn -0.6124 0.4999 0.6124
vn -0.4830 0.2588 0.8365
vn -0.4831 0.2589 0.8364
vn -0.4331 0.5000 0.7500
vn -0.4330 0.4999 0.7501
vn -0.2242 0.4999 0.8365
vn -0.2499 0.2589 0.9330
vn -0.0001 0.5000 0.8661
vn 0.2499 0.2589 0.9330
vn 0.0001 0.4999 0.8661
vn 0.2241 0.4999 0.8366
vn 0.2500 0.2589 0.9330
vn 0.2242 0.4999 0.8365
vn 0.4330 0.4999 0.7501
vn 0.6830 0.2588 0.6831
vn 0.6125 0.4999 0.6123
vn 0.7500 0.4999 0.4331
vn 0.9330 0.2589 0.2501
vn 0.9330 0.2589 0.2499
vn 0.8365 0.5000 0.2241
vn 0.8661 0.5000 -0.0001
vn 0.8366 0.4999 -0.2241
vn 0.6831 0.2589 -0.6830
vn 0.6830 0.2589 -0.6830
vn 0.7500 0.5000 -0.4331
vn 0.6124 0.4999 -0.6124
vn 0.4331 0.4999 -0.7500
vn 0.4330 0.4999 -0.7501
vn 0.0001 0.2589 -0.9659
vn -0.0001 0.2589 -0.9659
vn -0.0001 0.5000 -0.8660
vn -0.4330 0.4999 -0.7501
vn -0.6830 0.2589 -0.6830
vn -0.4331 0.5000 -0.7499
vn -0.6124 0.5000 -0.6124
vn -0.7500 0.4999 -0.4331
vn -0.8365 0.4999 -0.2242
vn -0.9330 0.2589 -0.2499
vn -0.7072 0.7071 0.0001
vn -0.8365 0.5001 0.2242
vn -0.7500 0.5000 0.4329
vn -0.6831 0.7071 0.1831
vn -0.6125 0.7070 0.3535
vn -0.7499 0.5000 0.4331
vn -0.6124 0.7070 0.3537
vn -0.6123 0.5001 0.6124
vn -0.4330 0.5001 0.7499
vn -0.4329 0.5001 0.7500
vn -0.3535 0.7071 0.6124
vn -0.1831 0.7071 0.6830
vn -0.1830 0.7070 0.6831
vn -0.0000 0.5000 0.8660
vn -0.0001 0.7070 0.7072
vn 0.2241 0.5001 0.8365
vn 0.0001 0.7071 0.7071
vn 0.1830 0.7071 0.6830
vn 0.4329 0.5000 0.7500
vn 0.3536 0.7070 0.6124
vn 0.5000 0.7071 0.5001
vn 0.6124 0.5001 0.6123
vn 0.7499 0.5001 0.4330
vn 0.7500 0.5001 0.4329
vn 0.6125 0.7071 0.3535
vn 0.6831 0.7071 0.1830
vn 0.7072 0.7070 0.0001
vn 0.7072 0.7070 -0.0001
vn 0.8365 0.5001 -0.2242
vn 0.6830 0.7071 -0.1831
vn 0.7500 0.5001 -0.4329
vn 0.6125 0.7071 -0.3535
vn 0.7499 0.5001 -0.4330
vn 0.6124 0.5000 -0.6123
vn 0.6124 0.7070 -0.3536
vn 0.5001 0.7070 -0.5000
vn 0.4330 0.5001 -0.7499
vn 0.3535 0.7070 -0.6125
vn 0.1831 0.7071 -0.6830
vn -0.1830 0.7070 -0.6831
vn -0.2242 0.5001 -0.8365
vn -0.3536 0.7070 -0.6124
vn -0.5000 0.7071 -0.5001
vn -0.7499 0.5000 -0.4331
vn -0.5001 0.7071 -0.5000
vn -0.6124 0.7070 -0.3536
vn -0.7072 0.7070 -0.0001
vn -0.6830 0.7072 0.1830
vn -0.6829 0.7072 0.1830
vn -0.4331 0.8660 0.2500
vn -0.4999 0.7072 0.5000
vn -0.3535 0.8660 0.3536
vn -0.3535 0.7071 0.6123
vn -0.2501 0.8660 0.4331
vn -0.1831 0.7072 0.6830
vn -0.1830 0.7071 0.6830
vn -0.1830 0.7072 0.6829
vn -0.0001 0.7072 0.7070
vn -0.1294 0.8660 0.4831
vn 0.0001 0.7072 0.7070
vn 0.0001 0.8660 0.5000
vn 0.1830 0.7072 0.6830
vn 0.3535 0.7072 0.6124
vn 0.3536 0.7072 0.6123
vn 0.2501 0.8660 0.4331
vn 0.3536 0.8660 0.3537
vn 0.5000 0.7071 0.4999
vn 0.6123 0.7072 0.3535
vn 0.6123 0.7071 0.3535
vn 0.6829 0.7072 0.1831
vn 0.6830 0.7072 0.1830
vn 0.7070 0.7072 0.0001
vn 0.4831 0.8660 0.1294
vn 0.6830 0.7071 -0.1830
vn 0.6123 0.7072 -0.3535
vn 0.5000 0.7072 -0.4999
vn 0.5000 0.7072 -0.5000
vn 0.4330 0.8660 -0.2501
vn 0.4999 0.7071 -0.5000
vn 0.3536 0.8660 -0.3537
vn 0.3536 0.7071 -0.6123
vn 0.2501 0.8660 -0.4330
vn 0.1829 0.7072 -0.6830
vn 0.0001 0.7072 -0.7070
vn -0.0000 0.8660 -0.5000
vn -0.1830 0.7072 -0.6830
vn -0.3535 0.7072 -0.6124
vn -0.3536 0.7072 -0.6123
vn -0.2501 0.8660 -0.4331
vn -0.4999 0.7071 -0.5000
vn -0.4999 0.7072 -0.4999
vn -0.2501 0.8660 -0.4330
vn -0.5000 0.7072 -0.4999
vn -0.6123 0.7072 -0.3536
vn -0.3536 0.8660 -0.3535
vn -0.4331 0.8660 -0.2501
vn -0.6830 0.7071 -0.1831
vn -0.6830 0.7072 -0.1830
vn -0.6830 0.7072 -0.1829
vn -0.7071 0.7072 -0.0001
vn -0.4330 0.8661 0.2500
vn -0.4330 0.8661 0.2499
vn -0.1830 0.9659 0.1831
vn -0.1295 0.9659 0.2242
vn -0.1294 0.8660 0.4829
vn 0.1294 0.8661 0.4828
vn 0.2499 0.8661 0.4330
vn 0.2500 0.8661 0.4328
vn 0.1295 0.9659 0.2241
vn 0.3535 0.8661 0.3534
vn 0.1830 0.9659 0.1831
vn 0.4329 0.8661 0.2499
vn 0.4329 0.8661 0.2500
vn 0.2242 0.9659 0.1295
vn 0.2243 0.9659 0.1294
vn 0.2501 0.9659 0.0671
vn 0.4330 0.8661 -0.2500
vn 0.4329 0.8661 -0.2500
vn 0.2242 0.9659 -0.1295
vn 0.1831 0.9659 -0.1830
vn 0.2500 0.8661 -0.4330
vn 0.1295 0.9659 -0.2242
vn -0.1294 0.8661 -0.4829
vn -0.3535 0.8661 -0.3536
vn -0.1830 0.9659 -0.1831
vn -0.4330 0.8661 -0.2499
vn 0.9659 -0.0000 0.2587
vn 0.9659 -0.0000 -0.2587
vn 0.7072 -0.0000 -0.7071
vn 0.2587 -0.0000 -0.9659
vn -0.9659 -0.0000 -0.2587
vn -0.8660 -0.0000 0.5001
vn -0.7072 -0.0000 0.7071
vn -0.7071 -0.0000 0.7072
vn -0.4999 -0.0000 0.8661
vn -0.2587 -0.0000 0.9659
vn -0.0001 -0.0000 1.0000
vn -0.2588 -0.0000 0.9659
vn 0.0001 -0.0000 1.0000
vn 0.2587 -0.0000 0.9659
vn 0.5001 -0.0000 0.8660
vn 0.7071 -0.0000 0.7072
vn 0.7072 -0.0000 0.7071
vn 0.8660 -0.0000 0.5001
vn 0.9331 0.2587 0.2499
vn 0.9660 0.2587 -0.0001
vn 0.8661 0.0001 -0.5000
vn 0.8365 0.2588 -0.4829
vn 0.8365 0.2588 -0.4831
vn 0.6830 0.2587 -0.6830
vn 0.4831 0.2587 -0.8365
vn 0.4998 0.0001 -0.8661
vn 0.4828 0.2588 -0.8366
vn 0.4829 0.2588 -0.8365
vn 0.2501 0.2587 -0.9330
vn -0.0000 0.2587 -0.9659
vn -0.2501 0.2587 -0.9330
vn -0.4998 0.0001 -0.8661
vn -0.4828 0.2587 -0.8366
vn -0.4831 0.2588 -0.8364
vn -0.6832 0.2587 -0.6829
vn -0.9331 0.2588 -0.2499
vn -0.9659 0.0001 0.2587
vn -0.9330 0.2587 0.2501
vn -0.8659 0.0001 0.5002
vn -0.8364 0.2588 0.4832
vn -0.7072 0.0001 0.7070
vn -0.8365 0.2587 0.4829
vn -0.6829 0.2588 0.6831
vn -0.4831 0.2587 0.8365
vn -0.2590 -0.0000 0.9659
vn -0.2587 0.0001 0.9660
vn 0.2501 0.2588 0.9330
vn 0.5001 0.0001 0.8660
vn 0.2502 0.2588 0.9330
vn 0.4831 0.2587 0.8365
vn 0.6830 0.2587 0.6831
vn 0.6830 0.2587 0.6830
vn 0.6831 0.2588 0.6830
vn 0.8366 0.2588 0.4828
vn 0.9330 0.2587 0.2500
vn 0.2499 0.9659 0.0670
vn 0.1829 0.9660 0.1830
vn 0.0670 0.9659 0.2499
vn -0.2499 0.9659 -0.0670
vn -0.2241 0.9659 -0.1294
vn 0.0669 0.9660 -0.2499
vn -0.8365 0.5000 0.2242
vn -0.7500 0.4999 0.4331
vn -0.2240 0.4999 0.8366
vn 0.0001 0.2589 0.9659
vn 0.0001 0.5000 0.8660
vn 0.2240 0.4999 0.8366
vn 0.2243 0.4999 0.8365
vn 0.4331 0.5000 0.7500
vn 0.6831 0.2589 0.6829
vn 0.8365 0.4999 0.2242
vn 0.8366 0.5000 0.2241
vn 0.9330 0.2589 -0.2500
vn 0.8366 0.2589 -0.4829
vn 0.7500 0.4999 -0.4330
vn 0.6125 0.4999 -0.6124
vn 0.6123 0.5000 -0.6125
vn 0.4831 0.2588 -0.8364
vn 0.4332 0.4999 -0.7499
vn 0.4828 0.2589 -0.8366
vn 0.4329 0.5000 -0.7501
vn 0.4330 0.4999 -0.7500
vn 0.2242 0.4999 -0.8365
vn 0.2499 0.2589 -0.9330
vn -0.0000 0.5000 -0.8661
vn -0.2498 0.2589 -0.9330
vn -0.2240 0.4999 -0.8366
vn -0.2501 0.2589 -0.9330
vn -0.2243 0.4999 -0.8365
vn -0.4828 0.2589 -0.8366
vn -0.4329 0.5000 -0.7501
vn -0.4331 0.5000 -0.7500
vn -0.6123 0.4999 -0.6124
vn -0.7500 0.5000 -0.4330
vn -0.6831 0.7070 0.1831
vn -0.6124 0.7071 0.3535
vn -0.3535 0.7070 0.6125
vn -0.1831 0.7071 0.6831
vn -0.2240 0.5000 0.8365
vn -0.0001 0.5000 0.8660
vn -0.0001 0.7071 0.7072
vn 0.0001 0.5001 0.8660
vn 0.1829 0.7071 0.6831
vn 0.1832 0.7070 0.6831
vn 0.3537 0.7070 0.6124
vn 0.5000 0.7070 0.5001
vn 0.5001 0.7070 0.5000
vn 0.7500 0.5000 0.4329
vn 0.8364 0.5001 0.2242
vn 0.7072 0.7071 0.0001
vn 0.8365 0.5000 -0.2240
vn 0.7071 0.7071 -0.0001
vn 0.8364 0.5001 -0.2243
vn 0.6123 0.5001 -0.6123
vn 0.6123 0.7071 -0.3537
vn 0.4331 0.5000 -0.7499
vn 0.2241 0.5000 -0.8365
vn -0.0001 0.7070 -0.7072
vn -0.4329 0.5001 -0.7500
vn -0.1831 0.7071 -0.6831
vn -0.3535 0.7071 -0.6124
vn -0.3537 0.7071 -0.6124
vn -0.5001 0.7070 -0.5001
vn -0.8364 0.5001 -0.2242
vn -0.6125 0.7071 -0.3535
vn -0.8365 0.5000 -0.2241
vn -0.8660 0.5000 -0.0001
vn -0.6123 0.7072 0.3536
vn -0.3536 0.8660 0.3535
vn -0.5000 0.7072 0.5000
vn -0.3536 0.7071 0.6123
vn -0.2501 0.8660 0.4330
vn -0.3535 0.7072 0.6124
vn -0.1293 0.8660 0.4830
vn -0.0000 0.7072 0.7071
vn -0.0001 0.7071 0.7071
vn -0.0001 0.8660 0.5001
vn 0.1829 0.7071 0.6830
vn 0.1831 0.7072 0.6829
vn 0.5000 0.7072 0.4999
vn 0.3536 0.8660 0.3535
vn 0.4332 0.8659 0.2500
vn 0.4330 0.8660 0.2500
vn 0.4829 0.8660 0.1295
vn 0.6830 0.7071 0.1829
vn 0.4831 0.8660 0.1293
vn 0.6829 0.7072 -0.1830
vn 0.6123 0.7071 -0.3536
vn 0.5000 0.7071 -0.4999
vn 0.3536 0.8660 -0.3535
vn 0.4999 0.7071 -0.5001
vn 0.1830 0.7072 -0.6830
vn -0.1829 0.7071 -0.6830
vn -0.1295 0.8660 -0.4829
vn -0.6829 0.7072 -0.1830
vn -0.4830 0.8660 -0.1295
vn -0.7071 0.7071 -0.0001
vn -0.5001 0.8660 -0.0001
vn -0.3534 0.8661 0.3535
vn -0.1294 0.8661 0.4828
vn -0.0671 0.9659 0.2501
vn -0.1293 0.8661 0.4829
vn -0.0669 0.9659 0.2500
vn -0.0001 0.8660 0.5000
vn -0.0001 0.9659 0.2589
vn 0.0001 0.8661 0.4999
vn 0.0001 0.9659 0.2589
vn 0.1294 0.8660 0.4829
vn 0.1295 0.8661 0.4829
vn 0.0671 0.9659 0.2500
vn 0.1294 0.9659 0.2243
vn 0.1294 0.9659 0.2241
vn 0.3535 0.8661 0.3536
vn 0.3536 0.8661 0.3535
vn 0.5000 0.8661 -0.0001
vn 0.3535 0.8661 -0.3534
vn 0.3535 0.8660 -0.3535
vn 0.1830 0.9659 -0.1831
vn 0.1294 0.9659 -0.2243
vn 0.0001 0.9659 -0.2589
vn -0.0001 0.9659 -0.2590
vn -0.3535 0.8661 -0.3534
vn -0.2243 0.9659 -0.1294
vn -0.2501 0.9659 -0.0671
vn -0.4829 0.8661 -0.1293
vn -0.4999 0.8661 -0.0001
vn 0.0002 -0.0000 -1.0000
vn 0.2586 -0.0000 -0.9660
vn -0.2586 -0.0000 -0.9660
vn -0.0002 -0.0000 -1.0000
vn -0.5000 -0.0000 -0.8661
vn -0.9659 -0.0000 -0.2590
vn -0.9660 -0.0000 0.2587
vn -0.2586 -0.0000 0.9660
vn 0.2586 -0.0000 0.9660
vn 0.9331 0.2588 0.2499
vn 0.9660 0.0001 -0.2587
vn 0.9331 0.2587 -0.2499
vn -0.2587 0.0001 -0.9659
vn -0.8659 0.0001 -0.5001
vn -0.6831 0.2588 -0.6829
vn -0.9330 0.2587 -0.2499
vn -0.8661 0.0001 0.4999
vn -0.6831 0.2588 0.6829
vn 0.4829 0.2587 0.8366
vn 0.7071 0.0001 0.7072
vn 0.8365 0.2587 0.4830
vn 0.8366 0.2587 0.4829
vn -0.8365 0.4999 0.2241
vn -0.2241 0.5000 0.8366
vn -0.0001 0.4999 0.8661
vn 0.6123 0.4999 0.6124
vn 0.8364 0.2589 0.4831
vn 0.9659 0.2589 -0.0001
vn 0.4332 0.4999 -0.7500
vn 0.4829 0.2589 -0.8366
vn -0.4831 0.2589 -0.8364
vn -0.7500 0.4999 -0.4330
vn -0.6124 0.7071 0.3537
vn -0.5001 0.7070 0.5000
vn -0.3536 0.7070 0.6124
vn -0.1829 0.7070 0.6831
vn 0.2240 0.5000 0.8365
vn -0.0000 0.7070 0.7072
vn 0.1829 0.7070 0.6831
vn 0.1832 0.7070 0.6830
vn -0.2240 0.5001 -0.8365
vn -0.2240 0.5000 -0.8365
vn -0.2242 0.5001 -0.8364
vn -0.3535 0.7070 -0.6125
vn -0.6124 0.7070 -0.3537
vn -0.7499 0.5001 -0.4329
vn -0.6831 0.7070 -0.1831
vn -0.4831 0.8659 0.1294
vn -0.1293 0.8660 0.4831
vn 0.7071 0.7071 0.0001
vn 0.5001 0.8660 -0.0001
vn 0.6123 0.7072 -0.3534
vn -0.1831 0.7072 -0.6829
vn -0.3537 0.8660 -0.3535
vn -0.6123 0.7071 -0.3535
vn -0.4329 0.8660 0.2501
vn -0.3535 0.8660 0.3535
vn -0.2500 0.8661 0.4328
vn -0.1294 0.9659 0.2243
vn -0.1293 0.8661 0.4828
vn 0.1830 0.9659 -0.1832
vn 0.0001 0.8660 -0.5000
vn -0.0001 0.9659 -0.2588
vn -0.2242 0.9659 -0.1296
vn 0.9659 -0.0000 -0.2590
vn 0.5000 -0.0000 -0.8661
vn 0.9330 0.2587 -0.2500
vn 0.6831 0.2588 -0.6829
vn 0.7070 0.0001 -0.7072
vn 0.6829 0.2588 -0.6832
vn 0.2590 -0.0000 -0.9659
vn -0.2590 0.0001 -0.9659
vn -0.2502 0.2587 -0.9330
vn -0.7070 0.0001 -0.7072
vn -0.8661 0.0001 -0.4999
vn -0.9659 0.2588 -0.0001
vn -0.9330 0.2588 0.2500
vn -0.8661 0.0001 0.5000
vn -0.8365 0.2588 0.4831
vn -0.2590 0.0001 0.9659
vn -0.0001 0.2587 0.9659
vn 0.0001 0.0001 1.0000
vn 0.2499 0.2588 0.9330
vn 0.2590 0.0001 0.9659
vn 0.2237 0.9660 -0.1296
vn -0.0004 1.0000 -0.0002
vn 0.0021 1.0000 -0.0022
vn 0.0025 1.0000 -0.0020
vn 0.0025 1.0000 -0.0021
vn 0.1293 0.8660 -0.4830
vn 0.0001 0.4999 -0.8661
vn -0.2239 0.4999 -0.8366
vn -0.2498 0.2589 -0.9331
vn 0.0028 1.0000 -0.0024
vn 0.1285 0.9606 -0.2466
vn 0.1297 0.9658 -0.2244
vn 0.1295 0.9657 -0.2252
vn 0.1283 0.9604 -0.2472
vn 0.1294 0.8655 -0.4838
vn 0.1282 0.9607 -0.2462
vn -0.0000 0.9270 -0.3751
vn 0.1294 0.8660 -0.4829
vn -0.0000 0.9270 -0.3750
vn 0.1294 0.8660 -0.4831
vn 0.0001 0.8660 -0.5001
vn 0.0001 0.7071 -0.7071
vn -0.0001 0.7071 -0.7071
vn -0.2243 0.5000 -0.8365
vn -0.1283 0.9607 -0.2462
vn -0.1282 0.9607 -0.2463
vn -0.2499 0.8660 -0.4330
vn -0.2502 0.8659 -0.4331
vn -0.1285 0.9606 -0.2463
vn -0.1296 0.9658 -0.2244
vn -0.1295 0.9659 -0.2243
vn -0.1831 0.9659 -0.1832
vn 0.0671 0.9659 0.2501
vn 0.5000 0.8661 0.0001
vn -0.1285 0.9605 -0.2470
vn -0.0027 1.0000 -0.0030
vn -0.1296 0.9657 -0.2251
vn -0.0025 1.0000 -0.0021
vn -0.0025 1.0000 -0.0020
vn -0.2236 0.9661 -0.1292
vn -0.0021 1.0000 -0.0019
vn 0.0004 1.0000 0.0001
vn -0.2499 0.9659 -0.0669
vn -0.0000 1.0000 0.0002
vn 0.2499 0.9659 0.0669
vn -0.6125 0.4999 0.6123
vn 0.7501 0.4999 0.4329
vn 0.2502 0.2589 -0.9330
vn 0.2243 0.5000 -0.8365
vn -0.0002 0.2589 -0.9659
vn -0.0002 0.5000 -0.8661
vn -0.4331 0.5000 0.7499
vn -0.3537 0.7070 0.6124
vn 0.0001 0.7071 0.7072
vn 0.4331 0.5001 0.7499
vn 0.6123 0.5000 0.6124
vn 0.6124 0.5000 0.6123
vn 0.6124 0.7070 0.3535
vn 0.6830 0.7070 -0.1832
vn 0.6124 0.7070 -0.3537
vn 0.6123 0.5000 -0.6124
vn 0.2243 0.5001 -0.8364
vn -0.7501 0.4999 -0.4329
vn -0.8364 0.2589 -0.4830
vn -0.6123 0.4999 -0.6125
vn -0.4331 0.8660 0.2501
vn 0.3537 0.8660 0.3536
vn 0.4831 0.8660 -0.1294
vn 0.6123 0.7072 -0.3536
vn 0.2501 0.8660 -0.4331
vn 0.2499 0.8660 -0.4331
vn -0.7500 0.5001 -0.4329
vn -0.3537 0.7071 -0.6123
vn -0.4331 0.5001 -0.7499
vn -0.5000 0.7071 -0.4999
vn -0.5000 0.7072 -0.5000
vn -0.1294 0.8660 -0.4831
vn -0.0000 1.0000 -0.0008
vn -0.0000 1.0000 0.0024
vn -0.0000 1.0000 0.0033
vn -0.0000 1.0000 0.0032
vn -0.0000 0.9607 0.2774
vn -0.0000 0.9607 0.2776
vn -0.0000 0.9607 0.2777
vn -0.0000 0.9270 0.3751
vn -0.0000 0.9270 0.3750
vn -0.0000 0.9607 0.2775
vn 0.4998 -0.0000 -0.8662
vn -0.4998 -0.0000 -0.8662
vn -0.2590 -0.0000 -0.9659
vn -0.4998 -0.0000 0.8662
vn -0.0002 -0.0000 1.0000
vn 0.0002 -0.0000 1.0000
vn 0.4998 -0.0000 0.8662
vn 0.2590 -0.0000 0.9659
vn 0.7071 -0.0000 0.7071
vn 0.9659 -0.0001 -0.2588
vn 0.9330 -0.2588 -0.2500
vn 1.0000 -0.0001 -0.0001
vn 0.9659 -0.2588 -0.0001
vn 1.0000 -0.0001 0.0001
vn 0.9659 -0.2588 0.0001
vn 0.9659 -0.0001 0.2588
vn 0.9659 -0.0001 0.2587
vn 0.9330 -0.2588 0.2500
vn 0.9330 -0.2587 0.2501
vn 0.8661 -0.0000 0.5000
vn 0.8661 -0.0001 0.4999
vn 0.8366 -0.2587 0.4829
vn 0.8660 -0.0001 0.5001
vn 0.8365 -0.2588 0.4831
vn 0.7071 -0.0001 0.7071
vn 0.7072 -0.0001 0.7070
vn 0.8365 -0.2588 0.4830
vn 0.6831 -0.2588 0.6829
vn 0.7070 -0.0001 0.7072
vn 0.6829 -0.2588 0.6831
vn 0.5000 -0.0001 0.8660
vn 0.6830 -0.2587 0.6831
vn 0.4830 -0.2587 0.8365
vn 0.2589 -0.0001 0.9659
vn 0.4829 -0.2588 0.8366
vn 0.2501 -0.2588 0.9330
vn 0.2588 -0.0001 0.9659
vn 0.2499 -0.2588 0.9330
vn 0.0001 -0.0001 1.0000
vn -0.0000 -0.2588 0.9659
vn -0.0001 -0.0001 1.0000
vn -0.0001 -0.2588 0.9659
vn -0.2588 -0.0001 0.9659
vn -0.0000 -0.2587 0.9659
vn -0.2499 -0.2588 0.9330
vn -0.2590 -0.0001 0.9659
vn -0.2502 -0.2587 0.9330
vn -0.4999 -0.0001 0.8661
vn -0.2501 -0.2588 0.9330
vn -0.4829 -0.2588 0.8366
vn -0.5000 -0.0001 0.8660
vn -0.4829 -0.2588 0.8365
vn -0.7070 -0.0001 0.7072
vn -0.4830 -0.2588 0.8365
vn -0.6830 -0.2587 0.6831
vn -0.7071 -0.0001 0.7071
vn -0.6831 -0.2588 0.6830
vn -0.8660 -0.0001 0.5001
vn -0.6831 -0.2587 0.6829
vn -0.8366 -0.2587 0.4829
vn -0.8661 -0.0001 0.4999
vn -0.8366 -0.2588 0.4829
vn -0.9659 -0.0001 0.2589
vn -0.8365 -0.2588 0.4829
vn -0.9330 -0.2588 0.2500
vn -0.9659 -0.0001 0.2588
vn -1.0000 -0.0001 0.0001
vn -0.9331 -0.2587 0.2499
vn -0.9659 -0.2587 -0.0000
vn -1.0000 -0.0001 -0.0001
vn -0.9659 -0.2587 -0.0001
vn -0.9659 -0.0001 -0.2588
vn -0.9659 -0.0001 -0.2587
vn -0.9659 -0.2588 -0.0001
vn -0.9330 -0.2587 -0.2500
vn -0.9659 -0.0001 -0.2589
vn -0.9330 -0.2587 -0.2501
vn -0.8661 -0.0001 -0.4999
vn -0.9330 -0.2588 -0.2501
vn -0.8366 -0.2587 -0.4829
vn -0.8660 -0.0001 -0.5001
vn -0.8365 -0.2587 -0.4831
vn -0.7072 -0.0001 -0.7070
vn -0.6831 -0.2587 -0.6829
vn -0.7070 -0.0001 -0.7072
vn -0.6829 -0.2588 -0.6831
vn -0.5000 -0.0001 -0.8660
vn -0.5001 -0.0001 -0.8660
vn -0.6830 -0.2588 -0.6831
vn -0.4830 -0.2587 -0.8365
vn -0.4830 -0.2588 -0.8365
vn -0.2590 -0.0001 -0.9659
vn -0.2588 -0.0001 -0.9659
vn -0.4829 -0.2588 -0.8366
vn -0.2500 -0.2588 -0.9330
vn -0.2499 -0.2588 -0.9330
vn -0.0001 -0.0001 -1.0000
vn -0.0001 -0.2587 -0.9659
vn 0.0001 -0.0001 -1.0000
vn 0.0001 -0.2588 -0.9659
vn 0.2588 -0.0001 -0.9659
vn 0.2587 -0.0001 -0.9660
vn -0.0000 -0.2588 -0.9659
vn 0.2499 -0.2588 -0.9330
vn 0.2590 -0.0001 -0.9659
vn 0.2502 -0.2588 -0.9330
vn 0.2501 -0.2587 -0.9330
vn 0.4829 -0.2588 -0.8366
vn 0.5000 -0.0001 -0.8660
vn 0.4829 -0.2588 -0.8365
vn 0.7070 -0.0001 -0.7072
vn 0.7071 -0.0001 -0.7072
vn 0.4830 -0.2588 -0.8365
vn 0.6830 -0.2588 -0.6831
vn 0.7071 -0.0001 -0.7071
vn 0.6830 -0.2588 -0.6830
vn 0.8660 -0.0001 -0.5001
vn 0.6831 -0.2588 -0.6829
vn 0.8366 -0.2587 -0.4830
vn 0.8366 -0.2588 -0.4829
vn 0.9659 -0.0001 -0.2589
vn 0.9330 -0.2588 -0.2501
vn -0.0001 -1.0000 -0.0001
vn -0.2241 -0.9659 -0.1294
vn -0.2235 -0.9661 -0.1292
vn 0.0006 -1.0000 0.0002
vn -0.0019 -1.0000 -0.0019
vn -0.0025 -1.0000 -0.0021
vn -0.1830 -0.9659 -0.1830
vn -0.1829 -0.9659 -0.1830
vn -0.1294 -0.9659 -0.2242
vn -0.1294 -0.9659 -0.2241
vn -0.2500 -0.8661 -0.4329
vn -0.2499 -0.8661 -0.4330
vn -0.1294 -0.8661 -0.4829
vn -0.2500 -0.8659 -0.4331
vn -0.1295 -0.8660 -0.4831
vn -0.1831 -0.7071 -0.6830
vn -0.1829 -0.7072 -0.6830
vn -0.1293 -0.8660 -0.4830
vn -0.0000 -0.7072 -0.7071
vn -0.1830 -0.7071 -0.6831
vn -0.0001 -0.7071 -0.7071
vn -0.0001 -0.5001 -0.8660
vn -0.0000 -0.5000 -0.8660
vn -0.0000 -0.7070 -0.7072
vn 0.2241 -0.5000 -0.8365
vn -0.0001 -0.4999 -0.8661
vn 0.2239 -0.5000 -0.8366
vn 0.2498 -0.2589 -0.9331
vn 0.2500 -0.2589 -0.9330
vn 0.2242 -0.5000 -0.8365
vn 0.4829 -0.2589 -0.8365
vn -0.0026 -1.0000 -0.0033
vn -0.1283 -0.9604 -0.2473
vn -0.1295 -0.9656 -0.2255
vn -0.1296 -0.9659 -0.2242
vn -0.1284 -0.9607 -0.2462
vn -0.1296 -0.8660 -0.4829
vn -0.1282 -0.9607 -0.2462
vn -0.0000 -0.9270 -0.3750
vn -0.1294 -0.8660 -0.4830
vn -0.0001 -0.9270 -0.3751
vn -0.0001 -0.8660 -0.5000
vn -0.0001 -0.8660 -0.5001
vn -0.0001 -0.7072 -0.7071
vn -0.0000 -0.7072 -0.7070
vn -0.0000 -0.8660 -0.5000
vn 0.1829 -0.7072 -0.6830
vn -0.0000 -0.7071 -0.7071
vn 0.1830 -0.7071 -0.6830
vn 0.2241 -0.5001 -0.8365
vn 0.1830 -0.7071 -0.6831
vn 0.4329 -0.5001 -0.7500
vn 0.2243 -0.4999 -0.8365
vn 0.4331 -0.4999 -0.7500
vn 0.4830 -0.2589 -0.8365
vn 0.4330 -0.5000 -0.7500
vn 0.6829 -0.2589 -0.6831
vn 0.0001 -0.9270 -0.3751
vn 0.1294 -0.8660 -0.4830
vn -0.0000 -0.9270 -0.3751
vn 0.1282 -0.9607 -0.2462
vn 0.1294 -0.8661 -0.4829
vn 0.2499 -0.8661 -0.4330
vn 0.2502 -0.8660 -0.4329
vn 0.1285 -0.9607 -0.2462
vn 0.1297 -0.9659 -0.2242
vn 0.2499 -0.8660 -0.4330
vn 0.1294 -0.9659 -0.2242
vn 0.3534 -0.8661 -0.3536
vn 0.3535 -0.8661 -0.3535
vn 0.1295 -0.9659 -0.2241
vn 0.1831 -0.9659 -0.1830
vn 0.3535 -0.8660 -0.3535
vn 0.1831 -0.9659 -0.1831
vn 0.4329 -0.8661 -0.2500
vn 0.4330 -0.8661 -0.2500
vn 0.2242 -0.9659 -0.1295
vn 0.4329 -0.8661 -0.2499
vn 0.2242 -0.9659 -0.1294
vn 0.4829 -0.8661 -0.1294
vn 0.2243 -0.9659 -0.1294
vn 0.2501 -0.9659 -0.0671
vn 0.2500 -0.9659 -0.0670
vn 0.2501 -0.9659 -0.0670
vn 0.4829 -0.8661 0.1293
vn 0.4829 -0.8661 0.1294
vn 0.2501 -0.9659 0.0669
vn 0.2501 -0.9659 0.0671
vn 0.4330 -0.8661 0.2499
vn 0.4330 -0.8661 0.2500
vn 0.2501 -0.9659 0.0670
vn 0.2242 -0.9659 0.1294
vn 0.4329 -0.8661 0.2500
vn 0.2242 -0.9659 0.1295
vn 0.3535 -0.8661 0.3535
vn 0.1831 -0.9659 0.1830
vn 0.3534 -0.8661 0.3536
vn 0.1830 -0.9659 0.1831
vn 0.2500 -0.8661 0.4329
vn 0.1295 -0.9659 0.2241
vn 0.2499 -0.8661 0.4330
vn 0.1294 -0.9659 0.2242
vn 0.1294 -0.8661 0.4829
vn 0.1294 -0.8661 0.4828
vn 0.0670 -0.9659 0.2500
vn 0.1294 -0.8660 0.4830
vn 0.0670 -0.9659 0.2501
vn -0.0000 -0.8660 0.5000
vn -0.0000 -0.8661 0.4999
vn 0.0001 -0.9659 0.2588
vn -0.0001 -0.9659 0.2590
vn -0.1294 -0.8660 0.4830
vn -0.1294 -0.8661 0.4829
vn -0.0001 -0.9659 0.2589
vn -0.0670 -0.9659 0.2500
vn -0.0670 -0.9659 0.2501
vn -0.2499 -0.8661 0.4330
vn -0.2500 -0.8661 0.4329
vn -0.1294 -0.9659 0.2242
vn -0.2500 -0.8660 0.4330
vn -0.1295 -0.9659 0.2242
vn -0.3535 -0.8661 0.3536
vn -0.3535 -0.8661 0.3535
vn -0.1295 -0.9659 0.2241
vn -0.1830 -0.9659 0.1830
vn -0.3535 -0.8660 0.3535
vn -0.1831 -0.9659 0.1831
vn -0.4329 -0.8661 0.2500
vn -0.4330 -0.8661 0.2500
vn -0.1831 -0.9659 0.1830
vn -0.2242 -0.9659 0.1294
vn -0.4330 -0.8661 0.2499
vn -0.4829 -0.8661 0.1294
vn -0.2501 -0.9659 0.0670
vn -0.5000 -0.8660 -0.0000
vn -0.4829 -0.8661 -0.1293
vn -0.4829 -0.8661 -0.1294
vn -0.2501 -0.9659 -0.0670
vn -0.4330 -0.8661 -0.2499
vn -0.2242 -0.9659 -0.1294
vn -0.4329 -0.8661 -0.2500
vn -0.2242 -0.9659 -0.1295
vn -0.3535 -0.8661 -0.3535
vn -0.1831 -0.9659 -0.1830
vn -0.3535 -0.8660 -0.3536
vn -0.1831 -0.9659 -0.1831
vn -0.2500 -0.8661 -0.4330
vn 0.1284 -0.9604 -0.2475
vn 0.0025 -1.0000 -0.0033
vn 0.1296 -0.9656 -0.2256
vn 0.0025 -1.0000 -0.0021
vn 0.1829 -0.9659 -0.1831
vn 0.1830 -0.9659 -0.1830
vn 0.0025 -1.0000 -0.0020
vn 0.2241 -0.9659 -0.1294
vn 0.2235 -0.9661 -0.1293
vn 0.0019 -1.0000 -0.0019
vn -0.0005 -1.0000 0.0001
vn 0.2241 -0.9660 -0.1293
vn 0.2499 -0.9660 -0.0669
vn 0.2499 -0.9659 -0.0670
vn -0.0000 -1.0000 -0.0000
vn 0.2587 -0.9660 -0.0000
vn 0.2499 -0.9659 0.0670
vn 0.2499 -0.9660 0.0669
vn 0.2241 -0.9660 0.1293
vn 0.2241 -0.9659 0.1294
vn 0.0001 -1.0000 0.0001
vn 0.1830 -0.9659 0.1830
vn 0.1830 -0.9660 0.1829
vn -0.0000 -1.0000 0.0001
vn 0.1294 -0.9659 0.2241
vn 0.1294 -0.9660 0.2240
vn 0.0670 -0.9659 0.2499
vn 0.0669 -0.9659 0.2500
vn -0.0000 -1.0000 0.0002
vn -0.0000 -0.9659 0.2588
vn -0.0000 -0.9659 0.2587
vn -0.0000 -0.9660 0.2587
vn -0.0670 -0.9660 0.2499
vn -0.0001 -1.0000 0.0001
vn -0.1294 -0.9659 0.2241
vn -0.1294 -0.9660 0.2241
vn -0.1830 -0.9659 0.1829
vn -0.2241 -0.9659 0.1294
vn -0.2241 -0.9660 0.1293
vn -0.2499 -0.9660 0.0670
vn -0.2499 -0.9659 0.0670
vn -0.2587 -0.9660 -0.0000
vn -0.2499 -0.9660 -0.0669
vn -0.2499 -0.9659 -0.0670
vn -0.2499 -0.9660 -0.0670
vn -0.2241 -0.9660 -0.1294
vn 0.8661 -0.4999 0.0001
vn 0.9330 -0.2589 0.2499
vn 0.8660 -0.5000 0.0001
vn 0.8366 -0.5000 0.2241
vn 0.9330 -0.2589 0.2501
vn 0.8365 -0.4999 0.2242
vn 0.8365 -0.2588 0.4829
vn 0.8365 -0.2589 0.4829
vn 0.8365 -0.5000 0.2242
vn 0.7501 -0.4999 0.4330
vn 0.8365 -0.2589 0.4830
vn 0.7500 -0.5000 0.4331
vn 0.6830 -0.2589 0.6830
vn 0.7500 -0.4999 0.4330
vn 0.6125 -0.4999 0.6123
vn 0.6829 -0.2589 0.6831
vn 0.6123 -0.5000 0.6124
vn 0.4830 -0.2589 0.8365
vn 0.4331 -0.5000 0.7500
vn 0.4829 -0.2589 0.8365
vn 0.4330 -0.4999 0.7501
vn 0.2500 -0.2589 0.9330
vn 0.2242 -0.4999 0.8365
vn 0.2499 -0.2589 0.9330
vn 0.2241 -0.5000 0.8366
vn -0.0000 -0.2589 0.9659
vn -0.0000 -0.4999 0.8661
vn -0.2499 -0.2589 0.9330
vn -0.2241 -0.4999 0.8366
vn -0.2500 -0.2589 0.9330
vn -0.2242 -0.4999 0.8365
vn -0.4829 -0.2589 0.8365
vn -0.2243 -0.4999 0.8365
vn -0.4330 -0.4999 0.7500
vn -0.4830 -0.2589 0.8365
vn -0.4331 -0.4999 0.7500
vn -0.6829 -0.2589 0.6831
vn -0.6830 -0.2589 0.6830
vn -0.6124 -0.4999 0.6124
vn -0.6124 -0.5000 0.6124
vn -0.8365 -0.2589 0.4830
vn -0.8365 -0.2589 0.4829
vn -0.6125 -0.4999 0.6123
vn -0.7501 -0.4999 0.4330
vn -0.9330 -0.2589 0.2501
vn -0.7500 -0.5000 0.4330
vn -0.8365 -0.4999 0.2242
vn -0.9330 -0.2589 0.2499
vn -0.8366 -0.5000 0.2241
vn -0.9659 -0.2589 0.0001
vn -0.8366 -0.4999 0.2241
vn -0.8661 -0.4999 0.0001
vn -0.9330 -0.2589 -0.2499
vn -0.9330 -0.2589 -0.2500
vn -0.8661 -0.4999 -0.0001
vn -0.8366 -0.4999 -0.2241
vn -0.9330 -0.2589 -0.2501
vn -0.8365 -0.5000 -0.2242
vn -0.8365 -0.2589 -0.4829
vn -0.8365 -0.4999 -0.2242
vn -0.7501 -0.4999 -0.4330
vn -0.8365 -0.2589 -0.4830
vn -0.7500 -0.4999 -0.4331
vn -0.6830 -0.2589 -0.6830
vn -0.6831 -0.2589 -0.6829
vn -0.7500 -0.5000 -0.4331
vn -0.6124 -0.5000 -0.6123
vn -0.6124 -0.5000 -0.6124
vn -0.4830 -0.2589 -0.8365
vn -0.6123 -0.5000 -0.6125
vn -0.4330 -0.4999 -0.7500
vn -0.4829 -0.2589 -0.8365
vn -0.4330 -0.5000 -0.7500
vn -0.2501 -0.2589 -0.9330
vn -0.2502 -0.2589 -0.9329
vn -0.4331 -0.4999 -0.7500
vn -0.2243 -0.4999 -0.8365
vn -0.2499 -0.2589 -0.9330
vn -0.2241 -0.5000 -0.8366
vn -0.0000 -0.2589 -0.9659
vn -0.2241 -0.4999 -0.8366
vn -0.0000 -0.4999 -0.8661
vn 0.0002 -0.2589 -0.9659
vn 0.0002 -0.4999 -0.8661
vn 0.2501 -0.2589 -0.9330
vn 0.8660 -0.5001 0.0001
vn 0.7071 -0.7071 0.0001
vn 0.8365 -0.5001 0.2241
vn 0.8365 -0.5000 0.2241
vn 0.7072 -0.7070 -0.0000
vn 0.6831 -0.7071 0.1829
vn 0.8364 -0.5001 0.2242
vn 0.6830 -0.7071 0.1831
vn 0.7500 -0.5001 0.4330
vn 0.7500 -0.5000 0.4329
vn 0.6831 -0.7070 0.1830
vn 0.6125 -0.7070 0.3535
vn 0.7499 -0.5000 0.4331
vn 0.6124 -0.7070 0.3537
vn 0.6124 -0.5000 0.6123
vn 0.6124 -0.5001 0.6123
vn 0.6124 -0.7071 0.3536
vn 0.5001 -0.7071 0.5000
vn 0.6123 -0.5001 0.6124
vn 0.5000 -0.7071 0.5001
vn 0.4330 -0.5001 0.7499
vn 0.4331 -0.5001 0.7499
vn 0.3536 -0.7071 0.6124
vn 0.4329 -0.5001 0.7500
vn 0.3535 -0.7071 0.6124
vn 0.2242 -0.5000 0.8365
vn 0.1831 -0.7071 0.6830
vn 0.2241 -0.5000 0.8365
vn 0.1830 -0.7070 0.6831
vn -0.0000 -0.5000 0.8660
vn 0.0001 -0.5001 0.8660
vn 0.0001 -0.7071 0.7071
vn -0.0001 -0.5001 0.8660
vn -0.0001 -0.7070 0.7072
vn -0.2241 -0.5001 0.8365
vn -0.0001 -0.7071 0.7071
vn -0.1830 -0.7071 0.6831
vn -0.2242 -0.5001 0.8365
vn -0.1831 -0.7070 0.6831
vn -0.4329 -0.5001 0.7500
vn -0.4330 -0.5001 0.7500
vn -0.1831 -0.7071 0.6830
vn -0.3536 -0.7071 0.6124
vn -0.4330 -0.5001 0.7499
vn -0.6123 -0.5001 0.6124
vn -0.6123 -0.5000 0.6124
vn -0.5000 -0.7071 0.5000
vn -0.6124 -0.5000 0.6123
vn -0.5001 -0.7070 0.5000
vn -0.7500 -0.5000 0.4331
vn -0.7499 -0.5001 0.4330
vn -0.6124 -0.7071 0.3536
vn -0.6125 -0.7070 0.3535
vn -0.8365 -0.5001 0.2242
vn -0.8365 -0.5000 0.2242
vn -0.6124 -0.7071 0.3535
vn -0.6830 -0.7071 0.1830
vn -0.8365 -0.5000 0.2241
vn -0.6831 -0.7070 0.1830
vn -0.8660 -0.5000 0.0001
vn -0.8660 -0.5001 0.0001
vn -0.6831 -0.7071 0.1830
vn -0.7071 -0.7071 0.0001
vn -0.8660 -0.5000 -0.0001
vn -0.7072 -0.7070 -0.0001
vn -0.8365 -0.5000 -0.2241
vn -0.8365 -0.5001 -0.2241
vn -0.6831 -0.7071 -0.1830
vn -0.8364 -0.5001 -0.2242
vn -0.6830 -0.7071 -0.1831
vn -0.7500 -0.5001 -0.4330
vn -0.7500 -0.5000 -0.4329
vn -0.6831 -0.7070 -0.1830
vn -0.6125 -0.7070 -0.3535
vn -0.7499 -0.5001 -0.4331
vn -0.6124 -0.7070 -0.3537
vn -0.6124 -0.5001 -0.6123
vn -0.6124 -0.7071 -0.3536
vn -0.5001 -0.7071 -0.4999
vn -0.6123 -0.5001 -0.6124
vn -0.5000 -0.7071 -0.5000
vn -0.4330 -0.5001 -0.7499
vn -0.5000 -0.7071 -0.5001
vn -0.3536 -0.7071 -0.6124
vn -0.4330 -0.5001 -0.7500
vn -0.2242 -0.5000 -0.8365
vn -0.2242 -0.5001 -0.8365
vn -0.3535 -0.7071 -0.6124
vn -0.1830 -0.7071 -0.6830
vn -0.2241 -0.5001 -0.8365
vn -0.1830 -0.7070 -0.6831
vn -0.0000 -0.5001 -0.8660
vn 0.8661 -0.4999 -0.0001
vn 0.9659 -0.2589 -0.0001
vn 0.8365 -0.5000 -0.2241
vn 0.8366 -0.4999 -0.2241
vn 0.9330 -0.2589 -0.2499
vn 0.8365 -0.5000 -0.2242
vn 0.9330 -0.2589 -0.2501
vn 0.7500 -0.5000 -0.4330
vn 0.7501 -0.4999 -0.4330
vn 0.8365 -0.2589 -0.4829
vn 0.8365 -0.2589 -0.4830
vn 0.6125 -0.4999 -0.6123
vn 0.6124 -0.4999 -0.6124
vn 0.6830 -0.2589 -0.6830
vn 0.7070 -0.7072 0.0001
vn 0.6830 -0.7072 0.1830
vn 0.6830 -0.7071 0.1830
vn 0.4831 -0.8660 0.1294
vn 0.6829 -0.7072 0.1831
vn 0.4830 -0.8660 0.1295
vn 0.6123 -0.7072 0.3535
vn 0.4331 -0.8660 0.2500
vn 0.6123 -0.7071 0.3536
vn 0.4331 -0.8660 0.2501
vn 0.5000 -0.7071 0.4999
vn 0.5000 -0.7072 0.4999
vn 0.3536 -0.8660 0.3535
vn 0.5000 -0.7072 0.5000
vn 0.3536 -0.8660 0.3536
vn 0.3536 -0.7072 0.6123
vn 0.2501 -0.8660 0.4331
vn 0.3535 -0.7072 0.6123
vn 0.2500 -0.8660 0.4331
vn 0.1830 -0.7072 0.6829
vn 0.1830 -0.7071 0.6830
vn 0.1295 -0.8660 0.4830
vn 0.1830 -0.7072 0.6830
vn -0.0000 -0.7072 0.7071
vn -0.0000 -0.7071 0.7071
vn -0.0000 -0.8660 0.5001
vn -0.0000 -0.7072 0.7070
vn -0.1829 -0.7071 0.6830
vn -0.1829 -0.7072 0.6830
vn -0.1830 -0.7071 0.6830
vn -0.1295 -0.8660 0.4830
vn -0.3535 -0.7072 0.6124
vn -0.3535 -0.7071 0.6124
vn -0.2500 -0.8660 0.4331
vn -0.3536 -0.7071 0.6123
vn -0.2501 -0.8660 0.4331
vn -0.4999 -0.7071 0.5000
vn -0.4999 -0.7072 0.5000
vn -0.2501 -0.8660 0.4330
vn -0.3535 -0.8660 0.3536
vn -0.5000 -0.7071 0.4999
vn -0.3537 -0.8660 0.3536
vn -0.6123 -0.7071 0.3536
vn -0.6123 -0.7072 0.3535
vn -0.3536 -0.8660 0.3536
vn -0.4330 -0.8660 0.2501
vn -0.4331 -0.8660 0.2500
vn -0.6830 -0.7071 0.1831
vn -0.6829 -0.7072 0.1831
vn -0.4330 -0.8660 0.2500
vn -0.4829 -0.8660 0.1295
vn -0.4831 -0.8660 0.1294
vn -0.7070 -0.7072 -0.0000
vn -0.4830 -0.8660 0.1294
vn -0.6830 -0.7072 -0.1829
vn -0.6830 -0.7071 -0.1830
vn -0.5001 -0.8660 -0.0001
vn -0.4831 -0.8660 -0.1294
vn -0.6829 -0.7072 -0.1831
vn -0.4830 -0.8660 -0.1295
vn -0.6123 -0.7072 -0.3535
vn -0.4331 -0.8660 -0.2500
vn -0.6123 -0.7072 -0.3536
vn -0.4330 -0.8660 -0.2501
vn -0.5000 -0.7072 -0.4999
vn -0.5000 -0.7071 -0.4999
vn -0.4331 -0.8660 -0.2501
vn -0.3537 -0.8660 -0.3536
vn -0.4999 -0.7071 -0.5000
vn -0.3535 -0.8660 -0.3537
vn -0.3535 -0.7072 -0.6123
vn -0.3536 -0.7071 -0.6123
vn -0.3536 -0.8660 -0.3536
vn -0.2501 -0.8660 -0.4330
vn -0.3534 -0.7072 -0.6123
vn -0.2500 -0.8660 -0.4331
vn -0.1830 -0.7072 -0.6830
vn 0.8660 -0.5000 -0.0000
vn 0.6831 -0.7071 -0.1830
vn 0.6831 -0.7070 -0.1830
vn 0.6830 -0.7071 -0.1831
vn 0.8364 -0.5001 -0.2242
vn 0.6124 -0.7071 -0.3535
vn 0.6125 -0.7070 -0.3535
vn 0.7500 -0.5000 -0.4329
vn 0.6124 -0.7071 -0.3536
vn 0.7499 -0.5001 -0.4330
vn 0.5001 -0.7071 -0.5000
vn 0.5001 -0.7070 -0.5000
vn 0.6124 -0.5000 -0.6123
vn 0.5000 -0.7071 -0.5000
vn 0.6123 -0.5001 -0.6124
vn 0.3536 -0.7071 -0.6123
vn 0.3537 -0.7070 -0.6124
vn 0.6123 -0.5000 -0.6124
vn 0.4331 -0.5000 -0.7500
vn 0.3536 -0.7070 -0.6124
vn 0.1831 -0.7071 -0.6830
vn 0.5001 -0.8660 -0.0001
vn 0.7071 -0.7071 -0.0001
vn 0.4831 -0.8660 -0.1294
vn 0.4830 -0.8660 -0.1294
vn 0.7070 -0.7072 -0.0001
vn 0.6830 -0.7071 -0.1830
vn 0.4830 -0.8660 -0.1295
vn 0.6829 -0.7072 -0.1830
vn 0.4331 -0.8660 -0.2500
vn 0.6829 -0.7072 -0.1831
vn 0.6123 -0.7072 -0.3535
vn 0.4330 -0.8660 -0.2500
vn 0.6123 -0.7072 -0.3536
vn 0.3536 -0.8660 -0.3536
vn 0.3537 -0.8660 -0.3536
vn 0.5000 -0.7072 -0.4999
vn 0.3536 -0.8660 -0.3537
vn 0.4999 -0.7071 -0.5000
vn 0.2500 -0.8660 -0.4331
vn 0.2501 -0.8660 -0.4331
vn 0.3535 -0.7071 -0.6124
vn 0.1295 -0.8660 -0.4830
vn 0.3535 -0.7071 -0.6123
vn 0.1831 -0.7072 -0.6829
vn 0.1829 -0.7071 -0.6830
vn -0.0000 -0.8660 -0.5001
vn -0.0000 -1.0000 0.0068
vn -0.0000 -1.0000 0.0099
vn -0.0000 -1.0000 0.0032
vn -0.0000 -0.9659 0.2589
vn 0.0001 -0.8661 0.4999
vn -0.0000 -0.7071 0.7072
vn -0.0000 -0.5001 0.8660
vn 0.0001 -0.2589 0.9659
vn -0.0000 -0.0001 1.0000
vn -0.0000 -0.7070 0.7072
vn -0.0000 -1.0000 0.0050
vn -0.0000 -1.0000 0.0082
vn -0.0000 -0.9607 0.2775
vn -0.0000 -0.9607 0.2776
vn -0.0000 -0.9270 0.3750
vn -0.0000 -0.9270 0.3751
vn 0.9330 -0.2587 -0.2499
vn 0.9659 -0.2587 -0.0000
vn 0.9659 -0.2587 0.0001
vn 0.9659 -0.0001 0.2589
vn 0.9330 -0.2587 0.2500
vn 0.8659 -0.0001 0.5002
vn 0.8364 -0.2588 0.4832
vn 0.6831 -0.2587 0.6829
vn 0.5001 -0.0001 0.8660
vn 0.6830 -0.2588 0.6831
vn 0.4830 -0.2588 0.8365
vn 0.4831 -0.2587 0.8365
vn 0.2590 -0.0001 0.9659
vn 0.2587 -0.0001 0.9660
vn 0.2499 -0.2588 0.9331
vn 0.2500 -0.2588 0.9330
vn 0.0001 -0.2588 0.9659
vn -0.2587 -0.0001 0.9660
vn -0.2500 -0.2588 0.9330
vn -0.2589 -0.0001 0.9659
vn -0.5001 -0.0001 0.8660
vn -0.2502 -0.2588 0.9330
vn -0.4830 -0.2587 0.8365
vn -0.6830 -0.2588 0.6830
vn -0.8365 -0.2588 0.4830
vn -0.9330 -0.2588 0.2499
vn -0.9659 -0.2588 -0.0000
vn -0.9330 -0.2588 -0.2500
vn -0.8660 -0.0001 -0.5000
vn -0.8661 -0.0001 -0.5000
vn -0.7071 -0.0001 -0.7071
vn -0.8365 -0.2588 -0.4831
vn -0.6830 -0.2588 -0.6830
vn -0.6830 -0.2587 -0.6830
vn -0.4831 -0.2587 -0.8365
vn -0.4998 -0.0001 -0.8661
vn -0.4828 -0.2588 -0.8366
vn -0.2589 -0.0001 -0.9659
vn -0.2501 -0.2588 -0.9330
vn 0.2587 -0.0001 -0.9659
vn 0.2589 -0.0001 -0.9659
vn 0.2501 -0.2588 -0.9330
vn 0.4999 -0.0001 -0.8661
vn 0.4998 -0.0001 -0.8661
vn 0.2500 -0.2588 -0.9330
vn 0.4828 -0.2588 -0.8366
vn 0.5001 -0.0001 -0.8660
vn 0.4830 -0.2587 -0.8365
vn 0.4831 -0.2588 -0.8364
vn 0.6831 -0.2587 -0.6830
vn 0.6832 -0.2587 -0.6829
vn 0.8366 -0.2587 -0.4829
vn 0.8660 -0.0001 -0.5000
vn 0.8365 -0.2588 -0.4830
vn 0.9330 -0.2587 -0.2500
vn 0.2499 -0.9659 0.0669
vn 0.2500 -0.9659 0.0670
vn 0.2499 -0.9660 -0.0670
vn 0.0001 -1.0000 -0.0001
vn -0.0000 -1.0000 -0.0001
vn 0.1829 -0.9659 -0.1830
vn 0.1294 -0.9659 -0.2241
vn 0.1294 -0.9660 -0.2241
vn 0.0670 -0.9659 -0.2500
vn 0.0669 -0.9660 -0.2499
vn -0.0000 -0.9659 -0.2588
vn -0.0000 -0.9660 -0.2587
vn -0.0670 -0.9659 -0.2500
vn -0.0670 -0.9659 -0.2499
vn -0.1294 -0.9660 -0.2240
vn -0.1830 -0.9660 -0.1829
vn -0.2241 -0.9659 -0.1293
vn -0.2499 -0.9659 -0.0669
vn -0.1829 -0.9659 0.1830
vn -0.0669 -0.9660 0.2499
vn 0.8366 -0.4999 0.2241
vn 0.8366 -0.2588 0.4829
vn 0.6831 -0.2589 0.6829
vn 0.6124 -0.4999 0.6124
vn 0.4331 -0.4999 0.7500
vn 0.2501 -0.2589 0.9330
vn 0.2240 -0.4999 0.8366
vn -0.0001 -0.2589 0.9659
vn -0.0001 -0.4999 0.8661
vn -0.2498 -0.2589 0.9330
vn -0.0000 -0.5000 0.8661
vn -0.2240 -0.5000 0.8366
vn -0.4331 -0.5000 0.7500
vn -0.6123 -0.4999 0.6125
vn -0.6831 -0.2589 0.6829
vn -0.8364 -0.2589 0.4830
vn -0.9330 -0.2589 0.2500
vn -0.8660 -0.5000 -0.0000
vn -0.8365 -0.5000 -0.2243
vn -0.7500 -0.5000 -0.4330
vn -0.7500 -0.4999 -0.4330
vn -0.6125 -0.4999 -0.6123
vn -0.6829 -0.2589 -0.6831
vn -0.4831 -0.2588 -0.8364
vn -0.6124 -0.4999 -0.6124
vn -0.4332 -0.4999 -0.7500
vn -0.4828 -0.2589 -0.8366
vn -0.4329 -0.4999 -0.7501
vn -0.2242 -0.4999 -0.8365
vn 0.0001 -0.2589 -0.9659
vn 0.0001 -0.4999 -0.8661
vn 0.2498 -0.2589 -0.9330
vn -0.0000 -0.5000 -0.8661
vn 0.2240 -0.5000 -0.8366
vn 0.2242 -0.4999 -0.8365
vn 0.4828 -0.2589 -0.8366
vn 0.2241 -0.4999 -0.8366
vn 0.4329 -0.5000 -0.7501
vn 0.6123 -0.4999 -0.6125
vn 0.6831 -0.2589 -0.6829
vn 0.6125 -0.4999 -0.6124
vn 0.7500 -0.4999 -0.4330
vn 0.8366 -0.5000 -0.2241
vn 0.6831 -0.7070 0.1831
vn 0.7500 -0.5001 0.4329
vn 0.6124 -0.7071 0.3535
vn 0.7499 -0.5001 0.4331
vn 0.4331 -0.5000 0.7499
vn 0.5000 -0.7071 0.5000
vn 0.2243 -0.5000 0.8364
vn 0.3536 -0.7070 0.6124
vn 0.1832 -0.7071 0.6830
vn 0.2240 -0.5000 0.8365
vn 0.1829 -0.7070 0.6831
vn 0.1830 -0.7071 0.6831
vn -0.2242 -0.5000 0.8365
vn -0.2240 -0.5001 0.8365
vn 0.0001 -0.7070 0.7072
vn -0.1828 -0.7071 0.6831
vn -0.4330 -0.5000 0.7500
vn -0.3536 -0.7070 0.6124
vn -0.7499 -0.5001 0.4331
vn -0.7500 -0.5001 0.4330
vn -0.5001 -0.7071 0.5000
vn -0.7500 -0.5000 0.4329
vn -0.8365 -0.5001 0.2241
vn -0.7072 -0.7070 -0.0000
vn -0.7500 -0.5001 -0.4329
vn -0.6124 -0.7071 -0.3535
vn -0.6123 -0.5001 -0.6123
vn -0.6123 -0.7071 -0.3536
vn -0.5001 -0.7070 -0.5000
vn -0.4331 -0.5000 -0.7499
vn -0.4331 -0.5001 -0.7499
vn -0.4329 -0.5001 -0.7500
vn -0.3535 -0.7071 -0.6125
vn -0.2241 -0.5000 -0.8365
vn 0.0001 -0.7071 -0.7071
vn 0.1831 -0.7070 -0.6831
vn 0.3535 -0.7070 -0.6125
vn 0.4331 -0.5000 -0.7499
vn 0.3537 -0.7071 -0.6124
vn 0.5000 -0.7071 -0.5001
vn 0.7500 -0.5000 -0.4331
vn 0.8365 -0.5001 -0.2242
vn 0.8660 -0.5000 -0.0001
vn 0.5001 -0.8660 0.0001
vn 0.4831 -0.8659 0.1294
vn 0.6124 -0.7072 0.3535
vn 0.6123 -0.7072 0.3536
vn 0.4330 -0.8660 0.2501
vn 0.4330 -0.8660 0.2500
vn 0.4999 -0.7072 0.5000
vn 0.3535 -0.7072 0.6124
vn 0.2499 -0.8660 0.4331
vn 0.1295 -0.8660 0.4831
vn 0.1829 -0.7072 0.6830
vn 0.1293 -0.8660 0.4830
vn 0.1294 -0.8660 0.4831
vn 0.0001 -0.8660 0.5001
vn -0.1831 -0.7072 0.6829
vn -0.3535 -0.7072 0.6123
vn -0.1294 -0.8660 0.4831
vn -0.3536 -0.7072 0.6123
vn -0.5000 -0.7072 0.4999
vn -0.6123 -0.7072 0.3536
vn -0.4830 -0.8660 0.1295
vn -0.4831 -0.8659 0.1294
vn -0.7071 -0.7071 -0.0000
vn -0.4830 -0.8660 -0.1294
vn -0.6829 -0.7072 -0.1830
vn -0.2500 -0.8660 -0.4330
vn -0.1830 -0.7072 -0.6829
vn -0.1831 -0.7072 -0.6829
vn -0.1295 -0.8660 -0.4830
vn -0.1829 -0.7071 -0.6830
vn 0.1830 -0.7072 -0.6829
vn 0.3535 -0.7072 -0.6124
vn 0.3536 -0.7072 -0.6123
vn 0.2501 -0.8660 -0.4330
vn 0.4999 -0.7072 -0.5000
vn 0.2500 -0.8660 -0.4330
vn 0.3535 -0.8660 -0.3536
vn 0.5000 -0.7071 -0.4999
vn 0.6123 -0.7071 -0.3536
vn 0.4330 -0.8660 -0.2501
vn 0.6830 -0.7072 -0.1829
vn 0.2500 -0.9659 0.0671
vn 0.1295 -0.9659 0.2242
vn 0.0671 -0.9659 0.2500
vn 0.0669 -0.9659 0.2501
vn -0.1294 -0.8660 0.4829
vn -0.1295 -0.8661 0.4829
vn -0.0671 -0.9659 0.2501
vn -0.2499 -0.8661 0.4329
vn -0.3536 -0.8661 0.3535
vn -0.2589 -0.9659 0.0001
vn -0.2501 -0.9659 -0.0671
vn -0.3536 -0.8661 -0.3535
vn -0.1830 -0.9659 -0.1831
vn -0.1295 -0.9659 -0.2242
vn -0.1294 -0.8660 -0.4829
vn -0.0670 -0.9659 -0.2501
vn -0.0000 -0.8661 -0.4999
vn -0.0001 -0.9659 -0.2589
vn 0.0001 -0.9659 -0.2590
vn 0.1294 -0.8660 -0.4829
vn 0.1294 -0.8661 -0.4828
vn 0.0001 -0.9659 -0.2589
vn 0.2499 -0.8661 -0.4329
vn 0.1295 -0.9659 -0.2242
vn 0.9331 -0.2587 -0.2499
vn 0.6832 -0.2588 0.6829
vn 0.6829 -0.2587 0.6831
vn 0.2500 -0.2587 0.9330
vn -0.9330 -0.2587 0.2500
vn -0.9659 -0.2588 0.0001
vn -0.9660 -0.0001 -0.2587
vn -0.8366 -0.2588 -0.4829
vn -0.2587 -0.0001 -0.9659
vn 0.5000 -0.0001 -0.8661
vn 0.4831 -0.2588 -0.8365
vn 0.4831 -0.2587 -0.8365
vn 0.6830 -0.2587 -0.6830
vn 0.8661 -0.0001 -0.5000
vn 0.6832 -0.2588 -0.6829
vn 0.9330 -0.2587 -0.2501
vn 0.2241 -0.9660 -0.1294
vn 0.0670 -0.9659 -0.2499
vn -0.0000 -1.0000 -0.0002
vn -0.1830 -0.9660 0.1829
vn 0.9659 -0.2589 0.0001
vn 0.6830 -0.2588 0.6830
vn 0.7500 -0.4999 0.4331
vn 0.6124 -0.4999 0.6125
vn -0.8364 -0.2589 0.4831
vn -0.9330 -0.2588 -0.2499
vn -0.4831 -0.2589 -0.8364
vn -0.4332 -0.5000 -0.7499
vn -0.4329 -0.5000 -0.7501
vn -0.2500 -0.2589 -0.9330
vn 0.4329 -0.4999 -0.7501
vn 0.7500 -0.4999 -0.4331
vn 0.7501 -0.5000 -0.4330
vn 0.8365 -0.5000 -0.2243
vn 0.8365 -0.5000 0.2240
vn 0.4330 -0.5000 0.7500
vn 0.2242 -0.5001 0.8365
vn -0.0001 -0.5000 0.8660
vn -0.6124 -0.5001 0.6123
vn -0.6125 -0.7070 -0.3536
vn -0.6125 -0.5000 -0.6123
vn 0.0001 -0.7071 -0.7072
vn 0.6123 -0.5001 -0.6123
vn 0.3537 -0.7071 -0.6123
vn 0.6124 -0.5001 -0.6123
vn 0.7500 -0.5001 -0.4330
vn 0.7072 -0.7070 -0.0001
vn 0.6830 -0.7072 0.1829
vn 0.5001 -0.8659 0.0001
vn 0.6829 -0.7072 0.1830
vn -0.1829 -0.7072 0.6829
vn -0.1293 -0.8660 0.4830
vn -0.4332 -0.8659 0.2500
vn -0.6829 -0.7072 0.1830
vn -0.1829 -0.7072 -0.6829
vn 0.3535 -0.7072 -0.6123
vn 0.5000 -0.8660 -0.0001
vn 0.2499 -0.8660 0.4330
vn 0.1294 -0.9659 0.2243
vn 0.1293 -0.8660 0.4829
vn -0.3534 -0.8661 0.3536
vn -0.3536 -0.8660 0.3535
vn -0.2500 -0.9659 0.0670
vn -0.2501 -0.9659 -0.0669
vn -0.4330 -0.8661 -0.2500
vn -0.2500 -0.9659 -0.0670
vn -0.3535 -0.8661 -0.3536
vn -0.1295 -0.9659 -0.2241
vn -0.1294 -0.8661 -0.4828
vn -0.0670 -0.9659 -0.2502
vn -0.0001 -0.9659 -0.2588
vn -0.0000 -0.9659 -0.2589
vn 0.0670 -0.9659 -0.2501
vn 0.2500 -0.8661 -0.4329
vn 0.4330 -0.8661 -0.2499
vn 0.4829 -0.8661 -0.1293
vn 0.9330 -0.2588 -0.2499
vn 0.9330 -0.2587 0.2499
vn 0.9330 -0.2588 0.2501
vn 0.8660 -0.0001 0.5000
vn 0.6831 -0.2588 0.6830
vn 0.4829 -0.2587 0.8366
vn -0.0001 -0.2587 0.9659
vn -0.4829 -0.2587 0.8366
vn -0.8365 -0.2587 0.4830
vn -0.9660 -0.2587 0.0001
vn -0.9330 -0.2587 -0.2499
vn -0.8661 -0.0000 -0.5000
vn -0.8365 -0.2588 -0.4830
vn -0.6831 -0.2587 -0.6830
vn -0.4829 -0.2587 -0.8366
vn -0.2499 -0.2588 -0.9331
vn -0.0001 -0.2588 -0.9659
vn -0.0000 -0.0001 -1.0000
vn 0.6830 -0.2587 -0.6831
vn 0.8661 -0.0001 -0.4999
vn 0.1830 -0.9659 -0.1829
vn 0.0670 -0.9660 -0.2499
vn 0.0669 -0.9659 -0.2500
vn -0.0000 -0.9659 -0.2587
vn -0.1830 -0.9659 -0.1829
vn -0.0670 -0.9659 0.2499
vn -0.0669 -0.9659 0.2500
vn 0.0670 -0.9660 0.2499
vn 0.1829 -0.9659 0.1830
vn 0.1830 -0.9659 0.1829
vn 0.2241 -0.9659 0.1293
vn 0.9330 -0.2589 0.2500
vn 0.8366 -0.4999 0.2242
vn 0.8366 -0.2589 0.4829
vn 0.7500 -0.5000 0.4330
vn 0.6123 -0.4999 0.6124
vn 0.2241 -0.4999 0.8366
vn 0.0001 -0.4999 0.8661
vn -0.4330 -0.4999 0.7501
vn -0.6829 -0.2589 0.6830
vn -0.6830 -0.2589 0.6829
vn -0.7500 -0.4999 0.4331
vn -0.8661 -0.5000 -0.0001
vn -0.6830 -0.2589 -0.6829
vn -0.6829 -0.2589 -0.6830
vn -0.4330 -0.4999 -0.7501
vn -0.0001 -0.2589 -0.9659
vn 0.0001 -0.5000 -0.8661
vn 0.2499 -0.2589 -0.9330
vn 0.4330 -0.4999 -0.7501
vn 0.6830 -0.2589 -0.6831
vn 0.6124 -0.4999 -0.6123
vn 0.8364 -0.2589 -0.4831
vn 0.9330 -0.2589 -0.2500
vn 0.8365 -0.4999 -0.2242
vn 0.7072 -0.7070 0.0001
vn 0.6831 -0.7071 0.1830
vn 0.5000 -0.7070 0.5001
vn 0.4329 -0.5000 0.7500
vn 0.3535 -0.7070 0.6125
vn 0.2241 -0.5001 0.8365
vn 0.0001 -0.5000 0.8660
vn -0.2241 -0.5000 0.8365
vn -0.1830 -0.7070 0.6831
vn -0.4329 -0.5000 0.7500
vn -0.7499 -0.5000 0.4331
vn -0.5001 -0.7071 0.4999
vn -0.6124 -0.7070 0.3536
vn -0.8660 -0.5001 -0.0001
vn -0.7071 -0.7071 -0.0001
vn -0.7072 -0.7071 -0.0001
vn -0.8365 -0.5001 -0.2242
vn -0.6125 -0.7071 -0.3535
vn -0.6124 -0.7070 -0.3536
vn -0.5000 -0.7070 -0.5001
vn -0.4329 -0.5000 -0.7500
vn -0.3535 -0.7070 -0.6125
vn -0.2242 -0.5001 -0.8364
vn 0.0001 -0.7070 -0.7072
vn 0.1830 -0.7070 -0.6831
vn 0.4329 -0.5000 -0.7500
vn 0.4330 -0.5001 -0.7500
vn 0.3536 -0.7071 -0.6124
vn 0.7499 -0.5000 -0.4331
vn 0.5001 -0.7071 -0.4999
vn 0.6124 -0.7070 -0.3536
vn 0.8365 -0.5001 -0.2241
vn 0.8660 -0.5001 -0.0001
vn 0.4830 -0.8660 0.1294
vn 0.3537 -0.8660 0.3536
vn 0.4999 -0.7071 0.5000
vn 0.3536 -0.7071 0.6123
vn 0.1831 -0.7072 0.6829
vn 0.0001 -0.7072 0.7071
vn -0.1830 -0.7072 0.6830
vn -0.6830 -0.7072 0.1830
vn -0.6830 -0.7072 -0.1830
vn -0.3536 -0.8660 -0.3537
vn -0.0001 -0.7072 -0.7070
vn 0.5000 -0.7072 -0.5000
vn 0.3536 -0.8660 -0.3535
vn 0.2243 -0.9659 0.1294
vn 0.3535 -0.8661 0.3534
vn 0.3535 -0.8661 0.3536
vn 0.1831 -0.9659 0.1831
vn 0.2500 -0.8660 0.4330
vn 0.1294 -0.8660 0.4829
vn -0.0000 -0.8661 0.4998
vn -0.0000 -0.9659 0.2590
vn -0.1294 -0.8661 0.4828
vn -0.1830 -0.9659 0.1831
vn -0.2242 -0.9659 0.1295
vn -0.4999 -0.8661 -0.0001
vn -0.2589 -0.9659 -0.0001
vn -0.3535 -0.8661 -0.3534
vn -0.2499 -0.8660 -0.4330
vn -0.1294 -0.9659 -0.2243
vn -0.0000 -0.9659 -0.2590
vn 0.1830 -0.9659 -0.1831
vn 0.9659 -0.0001 0.2590
vn 0.6831 -0.2587 0.6830
vn 0.6830 -0.2587 0.6830
vn -0.4831 -0.2588 0.8365
vn -0.6830 -0.2587 0.6830
vn -0.8660 -0.0001 0.5000
vn -0.6831 -0.2588 0.6829
vn -0.9330 -0.2588 0.2501
vn -0.9331 -0.2588 0.2499
vn -0.7072 -0.0001 -0.7071
vn -0.6831 -0.2588 -0.6830
vn -0.4999 -0.0001 -0.8661
vn 0.7072 -0.0001 -0.7070
vn 0.6831 -0.2588 -0.6830
vn -0.1829 -0.9660 0.1829
vn 0.1829 -0.9660 0.1829
vn 0.6124 -0.5000 0.6124
vn 0.6123 -0.4999 0.6125
vn -0.2501 -0.2589 0.9330
vn -0.0002 -0.5000 0.8661
vn -0.8366 -0.4999 0.2242
vn 0.4829 -0.2589 -0.8366
vn 0.6124 -0.5000 -0.6124
vn 0.8365 -0.2588 -0.4829
vn 0.9329 -0.2589 -0.2501
vn 0.8659 -0.5001 0.0001
vn 0.6123 -0.7071 0.3537
vn 0.6123 -0.5001 0.6123
vn 0.4330 -0.5001 0.7500
vn 0.4999 -0.7071 0.5001
vn -0.1831 -0.7070 0.6830
vn -0.6125 -0.7071 0.3535
vn -0.6831 -0.7070 -0.1831
vn -0.7499 -0.5000 -0.4331
vn -0.3537 -0.7071 -0.6124
vn -0.1831 -0.7070 -0.6831
vn -0.0002 -0.5000 -0.8660
vn -0.1829 -0.7071 -0.6831
vn 0.2242 -0.5001 -0.8365
vn 0.0002 -0.7071 -0.7071
vn 0.7499 -0.5001 -0.4331
vn 0.6831 -0.7070 -0.1831
vn 0.4831 -0.8660 0.1295
vn -0.5000 -0.7072 0.5000
vn -0.5000 -0.8660 -0.0001
vn -0.4999 -0.7072 -0.5000
vn -0.3535 -0.7071 -0.6123
vn -0.1294 -0.8660 -0.4831
vn 0.0001 -0.7072 -0.7070
vn 0.0001 -0.8660 -0.5000
vn 0.1830 -0.7072 -0.6830
vn 0.3537 -0.8660 -0.3535
vn 0.6123 -0.7071 -0.3535
vn 0.4831 -0.8660 -0.1295
vn -0.4329 -0.8661 0.2499
vn -0.4829 -0.8660 0.1294
vn -0.4829 -0.8660 -0.1294
vn -0.4330 -0.8660 -0.2499
vn -0.4329 -0.8661 -0.2499
vn 0.2500 -0.9659 -0.0671
vn -0.0000 -0.9499 0.3126
vn -0.0000 -0.9309 0.3652
vn -0.0000 -0.9312 0.3646
vn -0.0000 -0.9501 0.3121
vn -0.0000 -0.9144 0.4049
vn -0.0000 -0.9145 0.4045
vn -0.0000 -0.9310 0.3649
vn -0.0000 -0.9146 0.4043
vn -0.0000 -0.9037 0.4281
vn -0.0000 -0.9035 0.4287
vn -0.0000 -0.9144 0.4048
vn -0.0000 -0.9032 0.4293
vn -0.0000 -0.8995 0.4370
vn -0.0000 -0.9808 -0.1951
vn -0.0000 -0.9808 -0.1950
vn -0.0000 -0.9660 -0.2586
vn -0.0000 -0.9808 -0.1952
vn -0.0000 -0.9239 -0.3827
vn -0.0001 -0.9239 -0.3827
vn -0.0000 -0.8315 -0.5555
vn -0.0000 -0.8314 -0.5556
vn -0.0000 -0.5556 -0.8314
vn -0.0000 -0.5556 -0.8315
vn -0.0000 -0.5555 -0.8315
vn -0.0000 -0.3828 -0.9238
vn -0.0000 -0.3827 -0.9239
vn -0.0000 -0.3826 -0.9239
vn -0.0000 -0.1952 -0.9808
vn -0.0000 -0.1950 -0.9808
vn -0.0000 -0.2587 -0.9659
vn -0.0000 -0.0980 -0.9952
vn -0.0000 -0.9239 -0.3826
vn 0.0001 -0.9239 -0.3827
vn -0.0000 -0.2587 -0.9660
vn 0.1950 -0.9808 -0.0000
vn 0.1951 -0.9808 -0.0000
vn 0.1952 -0.9808 -0.0000
vn 0.3826 -0.9239 -0.0000
vn 0.3827 -0.9239 -0.0001
vn 0.5000 -0.8661 -0.0000
vn 0.3828 -0.9238 -0.0000
vn 0.5555 -0.8315 -0.0000
vn 0.5556 -0.8315 -0.0000
vn 0.5556 -0.8314 -0.0000
vn 0.7071 -0.7072 -0.0000
vn 0.8315 -0.5556 -0.0000
vn 0.8315 -0.5555 -0.0000
vn 0.9239 -0.3827 -0.0000
vn 0.9239 -0.3826 -0.0000
vn 0.9808 -0.1952 -0.0000
vn 0.9808 -0.1950 -0.0000
vn 0.9952 -0.0980 -0.0000
vn -0.9952 -0.0980 -0.0000
vn -0.9808 -0.1951 -0.0000
vn -0.9808 -0.1952 -0.0000
vn -0.9239 -0.3826 -0.0000
vn -0.9239 -0.3827 -0.0000
vn -0.9239 -0.3828 -0.0000
vn -0.8315 -0.5555 -0.0000
vn -0.8315 -0.5556 -0.0000
vn -0.8314 -0.5557 -0.0000
vn -0.5556 -0.8314 -0.0000
vn -0.5556 -0.8315 -0.0000
vn -0.5555 -0.8315 -0.0000
vn -0.3827 -0.9239 -0.0000
vn -0.3826 -0.9239 -0.0000
vn -0.1951 -0.9808 -0.0000
vn -0.1950 -0.9808 -0.0000
vn -0.0000 0.9499 0.3124
vn -0.0000 0.9499 0.3125
vn -0.0014 0.9659 0.2588
vn -0.0000 0.8075 0.5899
vn -0.0000 0.8074 0.5901
vn -0.0017 0.8660 0.5001
vn -0.0000 0.7059 0.7083
vn -0.0000 0.7060 0.7082
vn -0.0000 0.7056 0.7086
vn -0.0000 0.7054 0.7088
vn -0.0000 0.7057 0.7085
vn -0.0000 0.5862 0.8102
vn -0.0000 0.5863 0.8101
vn -0.0016 0.7058 0.7084
vn -0.0000 0.4528 0.8916
vn -0.0000 0.4527 0.8917
vn -0.0011 0.4999 0.8661
vn -0.0000 0.4527 0.8916
vn -0.0000 0.3081 0.9513
vn -0.0000 0.1560 0.9878
vn -0.0000 0.2587 0.9660
vn -0.0000 0.0980 0.9952
vn -0.0000 0.1951 0.9808
vn -0.0000 0.1952 0.9808
vn -0.0000 0.3826 0.9239
vn 0.0016 0.2589 0.9659
vn -0.0000 0.3828 0.9238
vn -0.0000 0.5555 0.8315
vn -0.0000 0.5556 0.8315
vn 0.0012 0.5000 0.8660
vn -0.0000 0.7066 0.7076
vn -0.0000 0.5557 0.8314
vn -0.0000 0.7068 0.7075
vn -0.0000 0.7067 0.7075
vn -0.0000 0.8314 0.5557
vn -0.0000 0.8315 0.5556
vn 0.0013 0.7068 0.7075
vn -0.0000 0.8315 0.5555
vn -0.0000 0.9238 0.3828
vn 0.0001 0.9239 0.3827
vn 0.0018 0.8660 0.5000
vn -0.0000 0.9239 0.3826
vn -0.0000 0.9808 0.1951
vn -0.0000 0.9808 0.1950
vn -0.0000 0.9659 0.2587
vn -0.0000 0.8074 0.5899
vn -0.0000 0.7063 0.7079
vn -0.0000 0.7064 0.7078
vn -0.0000 0.7068 0.7074
vn -0.0000 0.7063 0.7080
vn -0.0000 0.8659 0.5001
vn -0.0000 0.7058 0.7084
vn -0.0000 0.7062 0.7080
vn -0.0000 0.5000 0.8661
vn 0.2501 0.9659 0.0669
vn 0.0669 0.9659 0.2502
vn 0.1293 0.8660 0.4830
vn -0.0000 0.9659 0.2590
vn 0.0001 0.8660 0.5001
vn 0.1294 0.8660 0.4831
vn 0.0002 0.5000 0.8661
vn 0.4331 0.8660 0.2501
vn 0.1295 0.8660 0.4831
vn 0.3534 0.7072 0.6123
vn 0.6124 0.7071 0.3536
vn 0.3535 0.7070 0.6125
vn 0.4829 0.2589 0.8366
vn 0.9331 0.2587 0.2500
vn 0.8661 0.0001 0.4999
vn 0.6831 0.2587 0.6830
vn 0.9878 0.1560 -0.0000
vn 0.9878 0.1559 -0.0000
vn 0.9513 0.3081 -0.0000
vn 0.9513 0.3082 -0.0000
vn 0.8917 0.4527 -0.0000
vn 0.9659 0.2589 -0.0014
vn 0.8916 0.4528 -0.0000
vn 0.8101 0.5863 -0.0000
vn 0.7087 0.7055 -0.0000
vn 0.5900 0.8074 -0.0000
vn 0.3126 0.9499 -0.0000
vn 0.3125 0.9499 -0.0000
vn 0.4999 0.8661 -0.0017
vn 0.2475 0.9689 -0.0000
vn 0.1705 0.9854 -0.0000
vn 0.0857 0.9963 -0.0000
vn -0.0857 0.9963 -0.0000
vn -0.1705 0.9854 -0.0000
vn -0.1707 0.9853 -0.0001
vn -0.0002 1.0000 -0.0001
vn -0.2477 0.9688 -0.0001
vn -0.2470 0.9690 -0.0005
vn 0.0002 1.0000 -0.0006
vn -0.3119 0.9501 -0.0003
vn -0.0000 -0.9499 0.3124
vn -0.0000 -0.9499 0.3125
vn 0.0014 -0.9659 0.2589
vn -0.0000 -0.8075 0.5899
vn -0.0000 -0.8074 0.5900
vn 0.0017 -0.8660 0.5001
vn -0.0000 -0.7060 0.7083
vn -0.0000 -0.7055 0.7087
vn -0.0000 -0.7054 0.7088
vn -0.0000 -0.7058 0.7084
vn -0.0000 -0.5862 0.8101
vn -0.0000 -0.5863 0.8101
vn 0.0016 -0.7058 0.7084
vn -0.0000 -0.4528 0.8916
vn -0.0000 -0.4527 0.8917
vn 0.0011 -0.4999 0.8661
vn -0.0000 -0.4527 0.8916
vn -0.0000 -0.3081 0.9513
vn -0.0000 -0.3082 0.9513
vn -0.0000 -0.1560 0.9878
vn -0.0000 -0.0980 0.9952
vn -0.0000 -0.1951 0.9808
vn -0.0000 -0.1952 0.9808
vn -0.0000 -0.3826 0.9239
vn -0.0000 -0.3827 0.9239
vn -0.0016 -0.2589 0.9659
vn -0.0000 -0.3828 0.9238
vn -0.0000 -0.5555 0.8315
vn -0.0000 -0.5556 0.8314
vn -0.0012 -0.5001 0.8660
vn -0.0000 -0.7067 0.7076
vn -0.0000 -0.5556 0.8315
vn -0.0000 -0.7066 0.7076
vn -0.0000 -0.7068 0.7074
vn -0.0000 -0.8314 0.5556
vn -0.0013 -0.7067 0.7075
vn -0.0000 -0.8315 0.5555
vn -0.0000 -0.9238 0.3828
vn -0.0000 -0.9239 0.3827
vn -0.0018 -0.8660 0.5000
vn -0.0000 -0.9239 0.3825
vn -0.0000 -0.9808 0.1951
vn -0.0000 -0.9808 0.1950
vn -0.0000 -0.8074 0.5899
vn -0.0000 -0.8659 0.5001
vn -0.0000 -0.7063 0.7079
vn -0.0000 -0.7064 0.7078
vn -0.0000 -0.7063 0.7080
vn -0.0000 -0.7067 0.7075
vn -0.0000 -0.7060 0.7082
vn -0.0000 -0.7062 0.7080
vn -0.2499 0.2587 0.9331
vn -0.0002 0.0001 1.0000
vn -0.4829 0.2587 0.8366
vn -0.8366 0.2588 0.4828
vn -0.7501 0.4999 0.4329
vn -0.8364 0.2589 0.4831
vn -0.4330 0.5000 0.7501
vn -0.2241 0.5000 0.8365
vn -0.0000 0.7071 0.7072
vn -0.0669 0.9659 0.2501
vn -0.6124 0.7070 0.3536
vn -0.6124 0.7072 0.3535
vn -0.4999 0.7071 0.5001
vn -0.3536 0.8660 0.3537
vn -0.3536 0.8661 0.3534
vn -0.2500 0.8661 0.4330
vn -0.1952 0.9808 -0.0000
vn -0.3828 0.9238 -0.0000
vn -0.5001 0.8660 -0.0018
vn -0.8314 0.5556 -0.0000
vn -0.7072 0.7071 -0.0017
vn -0.9659 0.0670 0.2499
vn -0.9659 0.1294 0.2241
vn -0.9659 0.1830 0.1830
vn -0.9659 0.1829 0.1830
vn -0.9659 0.2241 0.1294
vn -0.9659 0.2499 0.0670
vn -0.9660 0.2499 0.0670
vn -0.9659 0.2500 0.0670
vn -0.9659 0.2501 0.0670
vn -0.8661 0.4829 0.1294
vn -0.9659 0.2501 0.0671
vn -0.9659 0.2242 0.1294
vn -0.9659 0.2243 0.1294
vn -0.8661 0.4330 0.2499
vn -0.9659 0.2242 0.1295
vn -0.8661 0.4329 0.2500
vn -0.9659 0.1831 0.1831
vn -0.9659 0.1831 0.1830
vn -0.8661 0.3535 0.3534
vn -0.8661 0.3535 0.3535
vn -0.9659 0.1294 0.2242
vn -0.9659 0.1295 0.2242
vn -0.8660 0.2500 0.4330
vn -0.8661 0.2499 0.4330
vn -0.9659 0.0670 0.2501
vn -0.8661 0.2499 0.4329
vn -0.8661 0.1294 0.4829
vn -0.8660 0.1294 0.4829
vn -0.8660 0.1294 0.4830
vn -0.7072 0.1830 0.6830
vn -0.7071 0.1830 0.6830
vn -0.5001 0.2241 0.8365
vn -0.4999 0.0001 0.8661
vn -0.4999 0.2241 0.8366
vn -0.2588 0.2500 0.9330
vn -0.2589 0.2499 0.9330
vn -0.2588 0.2499 0.9330
vn -0.8660 0.4831 0.1294
vn -0.8660 0.4830 0.1294
vn -0.7072 0.6829 0.1830
vn -0.8660 0.4830 0.1295
vn -0.7072 0.6829 0.1831
vn -0.8660 0.4331 0.2500
vn -0.7071 0.6830 0.1830
vn -0.7072 0.6124 0.3535
vn -0.8660 0.4331 0.2501
vn -0.7071 0.6123 0.3536
vn -0.8660 0.3537 0.3536
vn -0.8660 0.3536 0.3536
vn -0.7072 0.6123 0.3536
vn -0.7072 0.5000 0.4999
vn -0.8660 0.3536 0.3537
vn -0.7071 0.4999 0.5000
vn -0.8660 0.2501 0.4331
vn -0.7071 0.3536 0.6123
vn -0.8660 0.2500 0.4331
vn -0.7071 0.3535 0.6124
vn -0.8660 0.1295 0.4831
vn -0.8660 0.1295 0.4830
vn -0.7070 0.6831 0.1830
vn -0.5000 0.8660 0.0001
vn -0.5000 0.8365 0.2241
vn -0.7071 0.6830 0.1831
vn -0.5001 0.8365 0.2242
vn -0.7071 0.6124 0.3535
vn -0.7071 0.6124 0.3536
vn -0.5001 0.7500 0.4330
vn -0.5001 0.7499 0.4330
vn -0.7071 0.5001 0.5000
vn -0.7071 0.5000 0.5000
vn -0.5001 0.7499 0.4331
vn -0.5001 0.6124 0.6123
vn -0.5001 0.6123 0.6124
vn -0.7071 0.3536 0.6124
vn -0.5001 0.4330 0.7499
vn -0.5001 0.4330 0.7500
vn -0.7071 0.1831 0.6830
vn -0.7070 0.1831 0.6831
vn -0.5000 0.4330 0.7500
vn -0.5000 0.2242 0.8365
vn -0.4999 0.8661 0.0001
vn -0.4999 0.8366 0.2241
vn -0.4999 0.8366 0.2242
vn -0.2589 0.9330 0.2500
vn -0.2588 0.9330 0.2501
vn -0.4999 0.7501 0.4330
vn -0.4999 0.7500 0.4330
vn -0.2589 0.9330 0.2501
vn -0.2589 0.8365 0.4829
vn -0.4999 0.7500 0.4331
vn -0.2588 0.8365 0.4830
vn -0.4999 0.6125 0.6123
vn -0.2589 0.8365 0.4830
vn -0.2589 0.6831 0.6830
vn -0.5000 0.6124 0.6124
vn -0.2589 0.6830 0.6830
vn -0.5000 0.4331 0.7500
vn -0.4999 0.4331 0.7500
vn -0.2589 0.6829 0.6831
vn -0.2589 0.4830 0.8365
vn -0.4999 0.4330 0.7501
vn -0.2589 0.4829 0.8365
vn -0.2589 0.2501 0.9330
vn -0.2587 0.9659 0.0001
vn -0.2587 0.9331 0.2499
vn -0.2588 0.9330 0.2500
vn -0.2587 0.9330 0.2500
vn -0.2587 0.8366 0.4829
vn -0.2587 0.8365 0.4830
vn -0.2589 0.6831 0.6829
vn -0.2587 0.6830 0.6830
vn -0.2587 0.4831 0.8365
vn -0.0002 0.7070 0.7072
vn -0.0002 0.5000 0.8660
vn -0.2587 0.4829 0.8366
vn -0.2587 0.2501 0.9330
vn -0.2589 0.2500 0.9330
vn -0.0002 0.2589 0.9659
vn 0.2499 -0.2587 0.9331
vn 0.0002 -0.0001 1.0000
vn 0.8365 -0.2587 0.4830
vn 0.9330 -0.2588 0.2499
vn 0.8661 -0.5000 0.0001
vn 0.8366 -0.2589 0.4828
vn 0.2502 -0.2589 0.9329
vn 0.4328 -0.5000 0.7501
vn 0.0002 -0.2589 0.9659
vn 0.1293 -0.8661 0.4829
vn 0.7072 -0.7071 0.0001
vn 0.6124 -0.7070 0.3536
vn 0.5001 -0.7070 0.5000
vn 0.3537 -0.7070 0.6124
vn 0.3535 -0.7071 0.6125
vn 0.1831 -0.7070 0.6830
vn 0.3535 -0.8660 0.3536
vn 0.2589 -0.9659 0.0001
vn 0.3536 -0.8661 0.3534
vn 0.2241 -0.9659 0.1295
vn 0.3535 -0.8660 0.3535
vn 0.2500 -0.8660 0.4329
vn 0.2500 -0.8661 0.4330
vn 0.3827 -0.9239 -0.0000
vn 0.5000 -0.8660 -0.0018
vn 0.5557 -0.8314 -0.0000
vn 0.8314 -0.5556 -0.0000
vn 0.7071 -0.7071 -0.0017
vn 0.9238 -0.3828 -0.0000
vn 0.9808 -0.1951 -0.0000
vn 0.9952 -0.0981 -0.0000
vn -0.4999 -0.8661 0.0001
vn -0.1294 -0.9659 0.2243
vn -0.2499 -0.8660 0.4330
vn -0.0671 -0.9659 0.2500
vn -0.0669 -0.9659 0.2502
vn -0.0001 -0.8660 0.5001
vn -0.0001 -0.7071 0.7072
vn -0.0002 -0.4999 0.8661
vn -0.7070 -0.7072 0.0001
vn -0.6830 -0.7072 0.1829
vn -0.4331 -0.8660 0.2501
vn -0.3534 -0.7072 0.6124
vn -0.7072 -0.7071 0.0001
vn -0.6831 -0.7071 0.1831
vn -0.6124 -0.7070 0.3535
vn -0.6123 -0.5001 0.6123
vn -0.3537 -0.7070 0.6124
vn -0.3535 -0.7071 0.6125
vn -0.4329 -0.5000 0.7501
vn -0.1832 -0.7071 0.6830
vn -0.2243 -0.5001 0.8364
vn -0.7501 -0.4999 0.4329
vn -0.7500 -0.4999 0.4332
vn -0.4329 -0.4999 0.7501
vn -0.4829 -0.2589 0.8366
vn -0.2242 -0.4999 0.8366
vn -0.5000 -0.0001 0.8661
vn -0.9878 -0.1560 -0.0000
vn -0.9513 -0.3082 -0.0000
vn -0.8916 -0.4528 -0.0000
vn -0.8916 -0.4527 -0.0000
vn -0.9659 -0.2589 -0.0014
vn -0.8101 -0.5863 -0.0000
vn -0.7087 -0.7055 -0.0000
vn -0.5900 -0.8074 -0.0000
vn -0.5899 -0.8074 -0.0000
vn -0.3126 -0.9499 -0.0000
vn -0.3125 -0.9499 -0.0000
vn -0.5000 -0.8660 -0.0017
vn -0.3124 -0.9499 -0.0000
vn -0.2475 -0.9689 -0.0000
vn -0.1705 -0.9854 -0.0000
vn -0.0857 -0.9963 -0.0000
vn 0.0857 -0.9963 -0.0000
vn 0.0857 -0.9963 -0.0001
vn 0.1705 -0.9854 -0.0001
vn 0.1706 -0.9853 -0.0000
vn 0.2476 -0.9689 -0.0000
vn 0.2473 -0.9690 -0.0005
vn -0.0000 -1.0000 -0.0006
vn 0.3121 -0.9500 -0.0004
vn -0.2585 -0.0000 0.9660
vn -0.0003 -0.0000 1.0000
vn 0.2587 0.2499 0.9331
vn 0.2589 0.2500 0.9330
vn 0.0002 0.0001 1.0000
vn 0.0002 0.2587 0.9659
vn 0.2588 0.2501 0.9330
vn 0.2588 0.4829 0.8366
vn 0.2587 0.4829 0.8366
vn 0.2587 0.4830 0.8365
vn 0.2587 0.6829 0.6831
vn 0.2588 0.6830 0.6830
vn 0.2587 0.6831 0.6830
vn 0.2587 0.8365 0.4830
vn 0.2588 0.8365 0.4831
vn 0.2588 0.8366 0.4829
vn 0.2588 0.9330 0.2500
vn 0.2587 0.9330 0.2501
vn 0.2587 0.9331 0.2499
vn 0.2588 0.9659 0.0001
vn 0.0001 0.9659 0.2587
vn 0.2589 0.9330 0.2500
vn 0.2589 0.9330 0.2499
vn 0.4999 0.8366 0.2241
vn 0.2589 0.9330 0.2501
vn 0.5000 0.8365 0.2242
vn 0.2589 0.8365 0.4829
vn 0.2588 0.8365 0.4829
vn 0.4999 0.8366 0.2243
vn 0.4999 0.7501 0.4330
vn 0.2589 0.8365 0.4830
vn 0.4999 0.7500 0.4331
vn 0.2588 0.6831 0.6830
vn 0.2589 0.6831 0.6829
vn 0.5000 0.7500 0.4330
vn 0.5000 0.6124 0.6123
vn 0.2589 0.6830 0.6830
vn 0.4999 0.6124 0.6124
vn 0.2589 0.4830 0.8365
vn 0.2588 0.4830 0.8365
vn 0.4999 0.6124 0.6125
vn 0.4999 0.4331 0.7500
vn 0.2589 0.4829 0.8365
vn 0.4999 0.4330 0.7501
vn 0.2589 0.2501 0.9330
vn 0.5000 0.4330 0.7500
vn 0.5000 0.2242 0.8365
vn 0.5000 0.2241 0.8365
vn 0.4999 0.2241 0.8366
vn 0.5001 0.2241 0.8365
vn 0.7071 0.1830 0.6831
vn 0.7070 0.1830 0.6831
vn 0.7071 0.1830 0.6830
vn 0.8660 0.1294 0.4831
vn 0.8660 0.1294 0.4830
vn 0.8661 0.1294 0.4829
vn 0.9659 0.0670 0.2501
vn 0.9660 0.0669 0.2499
vn 0.5001 0.8365 0.2240
vn 0.5001 0.8365 0.2241
vn 0.7070 0.6831 0.1830
vn 0.7070 0.6830 0.1831
vn 0.5001 0.7500 0.4329
vn 0.7071 0.6830 0.1830
vn 0.7071 0.6124 0.3535
vn 0.5003 0.7498 0.4330
vn 0.7072 0.6123 0.3535
vn 0.5003 0.6123 0.6122
vn 0.7070 0.6124 0.3537
vn 0.7070 0.5001 0.5000
vn 0.5000 0.6123 0.6124
vn 0.7070 0.5000 0.5001
vn 0.5001 0.4330 0.7499
vn 0.7071 0.5000 0.5000
vn 0.7071 0.3536 0.6123
vn 0.7071 0.3535 0.6124
vn 0.7070 0.1831 0.6831
vn 0.7072 0.6830 0.1830
vn 0.7071 0.6830 0.1829
vn 0.8660 0.4831 0.1294
vn 0.7072 0.6829 0.1830
vn 0.8660 0.4830 0.1295
vn 0.8660 0.4331 0.2500
vn 0.7071 0.6123 0.3536
vn 0.8660 0.4331 0.2501
vn 0.7071 0.5000 0.4999
vn 0.7072 0.5000 0.4999
vn 0.8660 0.4330 0.2501
vn 0.8660 0.3536 0.3535
vn 0.7072 0.4999 0.5000
vn 0.8660 0.3535 0.3536
vn 0.7072 0.3535 0.6123
vn 0.8660 0.3536 0.3536
vn 0.8660 0.2501 0.4331
vn 0.8659 0.2500 0.4332
vn 0.7072 0.1830 0.6829
vn 0.8660 0.2500 0.4330
vn 0.8660 0.1294 0.4829
vn 0.8661 0.4829 0.1294
vn 0.8661 0.4829 0.1293
vn 0.9659 0.2501 0.0670
vn 0.8661 0.4330 0.2500
vn 0.8660 0.4330 0.2500
vn 0.9659 0.2501 0.0671
vn 0.9659 0.2243 0.1294
vn 0.8661 0.4329 0.2500
vn 0.9659 0.2241 0.1294
vn 0.8661 0.3535 0.3534
vn 0.8660 0.3535 0.3535
vn 0.9659 0.2242 0.1295
vn 0.9659 0.1831 0.1831
vn 0.8661 0.3535 0.3535
vn 0.9659 0.1830 0.1831
vn 0.8661 0.2500 0.4329
vn 0.9659 0.1295 0.2242
vn 0.8661 0.2499 0.4329
vn 0.9659 0.1294 0.2242
vn 0.8661 0.1294 0.4828
vn 0.9660 0.2499 0.0670
vn 0.9659 0.2500 0.0670
vn 0.9660 0.2241 0.1294
vn 0.9660 0.2241 0.1293
vn 0.9660 0.1829 0.1829
vn 0.9659 0.1830 0.1830
vn 0.9659 0.1294 0.2241
vn 0.9660 0.1294 0.2240
vn 0.9659 0.0670 0.2499
vn -0.2501 0.2588 0.9330
vn -0.7072 0.0001 0.7071
vn -0.6831 0.2588 0.6830
vn -0.9331 0.2587 0.2499
vn -0.6831 0.7071 0.1829
vn -0.4829 0.2589 0.8366
vn -0.4329 0.4999 0.7501
vn -0.7501 0.5000 0.4330
vn -0.7501 0.5000 0.4329
vn -0.7499 0.5001 0.4330
vn -0.4999 0.7071 0.5000
vn -0.2499 0.8661 0.4330
vn -0.3535 0.8661 0.3536
vn -0.4829 0.8660 0.1295
vn -0.2241 0.9659 0.1295
vn -0.2499 0.9659 0.0671
vn 0.9659 0.2587 0.0001
vn 0.8365 0.2587 0.4831
vn 0.6829 0.2587 0.6831
vn 0.4829 0.2588 0.8365
vn 0.2500 0.2587 0.9330
vn 0.2499 0.2588 0.9331
vn 0.1293 0.8661 0.4829
vn 0.0669 0.9660 0.2499
vn 0.4830 0.2589 0.8364
vn 0.4329 0.4999 0.7501
vn 0.6831 0.7070 0.1831
vn 0.7500 0.5001 0.4330
vn 0.2242 0.5001 0.8364
vn 0.3535 0.7071 0.6125
vn 0.3537 0.8660 0.3535
vn 0.1831 0.7072 0.6830
vn 0.0670 0.9659 0.2502
vn 0.2500 0.9659 0.0669
vn 0.2240 0.9660 0.1294
vn 0.1293 0.9659 0.2241
vn -0.2587 -0.2499 0.9331
vn -0.2589 -0.2500 0.9330
vn -0.0002 -0.0001 1.0000
vn -0.0002 -0.2588 0.9659
vn -0.2588 -0.2500 0.9330
vn -0.2588 -0.4829 0.8366
vn -0.2587 -0.4829 0.8366
vn -0.2587 -0.4830 0.8365
vn -0.2587 -0.6830 0.6831
vn -0.2588 -0.6830 0.6830
vn -0.2586 -0.6831 0.6830
vn -0.2587 -0.8365 0.4831
vn -0.2589 -0.8365 0.4830
vn -0.0002 -0.7072 0.7070
vn -0.0001 -0.8660 0.5000
vn -0.2589 -0.8365 0.4829
vn -0.0002 -0.8661 0.4999
vn -0.2589 -0.9330 0.2500
vn -0.2587 -0.9330 0.2501
vn -0.2588 -0.9331 0.2499
vn -0.0001 -0.9660 0.2587
vn -0.2587 -0.9659 0.0001
vn -0.0001 -0.9659 0.2588
vn -0.2589 -0.9330 0.2499
vn -0.4999 -0.8366 0.2242
vn -0.4999 -0.8365 0.2242
vn -0.2589 -0.8366 0.4828
vn -0.2588 -0.8365 0.4829
vn -0.4999 -0.8366 0.2243
vn -0.4998 -0.7501 0.4330
vn -0.2589 -0.8364 0.4830
vn -0.5000 -0.7499 0.4331
vn -0.2589 -0.6830 0.6830
vn -0.2589 -0.6831 0.6829
vn -0.5000 -0.7500 0.4330
vn -0.5000 -0.6124 0.6123
vn -0.2589 -0.6829 0.6831
vn -0.5000 -0.6123 0.6124
vn -0.2589 -0.4830 0.8365
vn -0.2588 -0.4830 0.8365
vn -0.4999 -0.6124 0.6125
vn -0.4999 -0.4331 0.7500
vn -0.2589 -0.4829 0.8365
vn -0.4999 -0.4330 0.7501
vn -0.2589 -0.2501 0.9330
vn -0.5000 -0.4330 0.7500
vn -0.5000 -0.2242 0.8365
vn -0.2589 -0.2499 0.9330
vn -0.4999 -0.2241 0.8366
vn -0.5002 -0.2241 0.8364
vn -0.7071 -0.1830 0.6830
vn -0.7070 -0.1830 0.6831
vn -0.8660 -0.1294 0.4831
vn -0.8660 -0.1294 0.4830
vn -0.8661 -0.1293 0.4829
vn -0.9659 -0.0670 0.2501
vn -0.9660 -0.0669 0.2499
vn -0.5001 -0.8365 0.2241
vn -0.7071 -0.6831 0.1830
vn -0.5000 -0.8365 0.2242
vn -0.7070 -0.6831 0.1831
vn -0.5000 -0.7500 0.4329
vn -0.5001 -0.7500 0.4330
vn -0.7071 -0.6830 0.1831
vn -0.7071 -0.6124 0.3535
vn -0.5002 -0.7499 0.4330
vn -0.7072 -0.6123 0.3535
vn -0.5002 -0.6123 0.6122
vn -0.7070 -0.6125 0.3536
vn -0.7070 -0.5002 0.5000
vn -0.5001 -0.6123 0.6124
vn -0.7071 -0.4999 0.5001
vn -0.5001 -0.4330 0.7499
vn -0.5000 -0.4331 0.7500
vn -0.7070 -0.5000 0.5001
vn -0.7070 -0.3537 0.6124
vn -0.5002 -0.4329 0.7499
vn -0.7071 -0.3535 0.6124
vn -0.5002 -0.2242 0.8364
vn -0.5001 -0.2242 0.8365
vn -0.7071 -0.1831 0.6830
vn -0.7072 -0.6830 0.1830
vn -0.7071 -0.6830 0.1829
vn -0.8660 -0.4831 0.1294
vn -0.7072 -0.6829 0.1830
vn -0.8660 -0.4830 0.1295
vn -0.8660 -0.4331 0.2500
vn -0.7071 -0.6123 0.3536
vn -0.8660 -0.4331 0.2501
vn -0.7071 -0.5000 0.4999
vn -0.8660 -0.3536 0.3536
vn -0.7072 -0.4999 0.5000
vn -0.8660 -0.3535 0.3536
vn -0.7072 -0.3535 0.6123
vn -0.7071 -0.3536 0.6123
vn -0.8660 -0.2501 0.4331
vn -0.8660 -0.2500 0.4331
vn -0.7072 -0.1830 0.6829
vn -0.8660 -0.2500 0.4330
vn -0.8660 -0.1295 0.4830
vn -0.8661 -0.4829 0.1294
vn -0.9659 -0.2501 0.0669
vn -0.9659 -0.2500 0.0671
vn -0.8661 -0.4330 0.2500
vn -0.8660 -0.4330 0.2500
vn -0.9659 -0.2501 0.0670
vn -0.9659 -0.2243 0.1294
vn -0.8661 -0.4329 0.2500
vn -0.9659 -0.2241 0.1294
vn -0.8661 -0.3535 0.3535
vn -0.8660 -0.3536 0.3535
vn -0.9659 -0.2243 0.1295
vn -0.9659 -0.1831 0.1831
vn -0.9659 -0.1830 0.1831
vn -0.8661 -0.2500 0.4329
vn -0.9659 -0.1295 0.2242
vn -0.8661 -0.2499 0.4329
vn -0.9659 -0.1294 0.2241
vn -0.8661 -0.1294 0.4828
vn -0.8661 -0.1294 0.4829
vn -0.9659 -0.1294 0.2242
vn -0.9659 -0.2499 0.0669
vn -0.9659 -0.2499 0.0670
vn -0.9660 -0.2240 0.1293
vn -0.9659 -0.1830 0.1829
vn -0.9660 -0.1829 0.1829
vn -0.9659 -0.1830 0.1830
vn -0.9659 -0.0670 0.2499
vn 0.9659 -0.0670 0.2499
vn 0.9659 -0.0670 0.2500
vn 0.9659 -0.1294 0.2241
vn 0.9660 -0.1294 0.2240
vn 0.9660 -0.1829 0.1830
vn 0.9659 -0.1830 0.1830
vn 0.9660 -0.1829 0.1829
vn 0.9660 -0.2241 0.1294
vn 0.9659 -0.2241 0.1294
vn 0.9660 -0.2241 0.1293
vn 0.9660 -0.2499 0.0670
vn 0.9659 -0.2499 0.0670
vn 0.9659 -0.2501 0.0670
vn 0.9659 -0.2500 0.0670
vn 0.8661 -0.4829 0.1293
vn 0.8660 -0.4829 0.1294
vn 0.9659 -0.2242 0.1294
vn 0.9659 -0.2243 0.1294
vn 0.8661 -0.4829 0.1294
vn 0.8661 -0.4330 0.2499
vn 0.9659 -0.2242 0.1295
vn 0.8660 -0.4330 0.2500
vn 0.9659 -0.1831 0.1831
vn 0.9659 -0.1831 0.1830
vn 0.8661 -0.4329 0.2500
vn 0.8661 -0.3535 0.3535
vn 0.9659 -0.1830 0.1831
vn 0.9659 -0.1295 0.2242
vn 0.8660 -0.2500 0.4330
vn 0.9659 -0.1294 0.2242
vn 0.8661 -0.2500 0.4330
vn 0.9659 -0.0670 0.2501
vn 0.8661 -0.1294 0.4829
vn 0.8660 -0.1294 0.4829
vn 0.8660 -0.1294 0.4830
vn 0.7072 -0.1829 0.6829
vn 0.7071 -0.1830 0.6830
vn 0.7071 -0.1830 0.6831
vn 0.5001 -0.2241 0.8365
vn 0.4999 -0.0001 0.8661
vn 0.4999 -0.2241 0.8366
vn 0.2588 -0.2499 0.9330
vn 0.2589 -0.2499 0.9330
vn 0.8659 -0.5001 -0.0000
vn 0.8660 -0.4831 0.1294
vn 0.8660 -0.4830 0.1294
vn 0.7072 -0.6830 0.1829
vn 0.8660 -0.4830 0.1295
vn 0.7072 -0.6829 0.1830
vn 0.8660 -0.4331 0.2500
vn 0.7071 -0.6830 0.1830
vn 0.7071 -0.6124 0.3535
vn 0.8660 -0.4331 0.2501
vn 0.7071 -0.6123 0.3536
vn 0.8660 -0.3536 0.3536
vn 0.7071 -0.5000 0.5000
vn 0.7072 -0.4999 0.5000
vn 0.8660 -0.2501 0.4330
vn 0.8660 -0.2501 0.4331
vn 0.7071 -0.3536 0.6123
vn 0.8660 -0.2500 0.4331
vn 0.7071 -0.3535 0.6124
vn 0.8660 -0.1295 0.4830
vn 0.7071 -0.1831 0.6830
vn 0.7071 -0.6831 0.1829
vn 0.5001 -0.8365 0.2240
vn 0.7070 -0.6831 0.1831
vn 0.5000 -0.8365 0.2242
vn 0.7070 -0.6125 0.3535
vn 0.5001 -0.8365 0.2242
vn 0.5001 -0.7500 0.4330
vn 0.7071 -0.6124 0.3536
vn 0.5001 -0.7499 0.4330
vn 0.7071 -0.5001 0.5000
vn 0.5001 -0.7499 0.4331
vn 0.5001 -0.6124 0.6123
vn 0.7070 -0.5000 0.5001
vn 0.5000 -0.6123 0.6124
vn 0.7070 -0.3537 0.6124
vn 0.7071 -0.3536 0.6124
vn 0.5001 -0.6123 0.6124
vn 0.5001 -0.4330 0.7499
vn 0.5000 -0.4329 0.7500
vn 0.5001 -0.4329 0.7500
vn 0.5001 -0.2242 0.8364
vn 0.5000 -0.8366 0.2241
vn 0.4999 -0.8366 0.2241
vn 0.2589 -0.9330 0.2500
vn 0.4999 -0.8365 0.2243
vn 0.2589 -0.9330 0.2501
vn 0.4999 -0.7501 0.4330
vn 0.2588 -0.9330 0.2500
vn 0.2589 -0.8366 0.4829
vn 0.4999 -0.7500 0.4331
vn 0.2588 -0.8365 0.4830
vn 0.4999 -0.6124 0.6124
vn 0.5000 -0.6124 0.6123
vn 0.2589 -0.8365 0.4830
vn 0.2589 -0.6830 0.6830
vn 0.5000 -0.6124 0.6124
vn 0.5000 -0.4331 0.7500
vn 0.4999 -0.4331 0.7500
vn 0.2589 -0.6829 0.6831
vn 0.2589 -0.4830 0.8365
vn 0.4999 -0.4330 0.7500
vn 0.2589 -0.4829 0.8365
vn 0.4999 -0.2242 0.8365
vn 0.5000 -0.2242 0.8365
vn 0.2590 -0.4829 0.8365
vn 0.2589 -0.2500 0.9330
vn 0.2588 -0.9331 0.2499
vn 0.2587 -0.9331 0.2499
vn 0.0001 -0.9660 0.2587
vn 0.2588 -0.9330 0.2501
vn 0.0001 -0.9659 0.2589
vn 0.2588 -0.8366 0.4829
vn 0.0001 -0.8660 0.5000
vn 0.2588 -0.6831 0.6830
vn 0.2587 -0.6831 0.6830
vn 0.2587 -0.6830 0.6831
vn 0.2587 -0.4830 0.8365
vn 0.2588 -0.4830 0.8365
vn 0.2587 -0.4829 0.8366
vn 0.2587 -0.2501 0.9330
vn 0.0002 -0.4999 0.8661
vn 0.0002 -0.2588 0.9659
vn 0.4829 -0.8660 0.1294
vn 0.4829 -0.2589 0.8366
vn 0.4329 -0.4999 0.7501
vn 0.7501 -0.5000 0.4329
vn 0.5001 -0.7071 0.4999
vn 0.6124 -0.7070 0.3535
vn 0.8365 -0.5001 0.2242
vn 0.2501 -0.8660 0.4330
vn 0.3536 -0.8660 0.3537
vn 0.2499 -0.8661 0.4329
vn 0.4829 -0.8661 0.1295
vn 0.1293 -0.9659 0.2241
vn 0.2241 -0.9660 0.1294
vn -0.9659 -0.2587 0.0001
vn -0.9330 -0.2587 0.2501
vn -0.8661 -0.0001 0.5000
vn -0.8365 -0.2587 0.4831
vn -0.7072 -0.0001 0.7070
vn -0.6830 -0.2588 0.6831
vn -0.2587 -0.0001 0.9659
vn -0.2499 -0.2587 0.9331
vn -0.2241 -0.5000 0.8366
vn -0.0001 -0.7072 0.7071
vn -0.1293 -0.8661 0.4829
vn -0.6124 -0.4999 0.6125
vn -0.6123 -0.4999 0.6124
vn -0.4330 -0.5000 0.7501
vn -0.5000 -0.7071 0.5001
vn -0.4331 -0.5001 0.7499
vn -0.1831 -0.7071 0.6831
vn -0.5001 -0.8660 0.0001
vn -0.2500 -0.8661 0.4330
vn -0.2499 -0.9659 0.0669
vn -0.2241 -0.9660 0.1294
vn -0.2241 -0.9659 0.1293
vn -0.1294 -0.9660 0.2240
vn -0.1293 -0.9659 0.2241
vn -0.0000 -0.2587 0.9660
vn 0.2585 -0.0000 0.9660
vn 0.0003 -0.0000 1.0000
vn -0.0000 0.8661 0.4998
vn -0.3607 -0.0000 -0.9327
vn -0.1285 -0.0000 -0.9917
vn -0.1286 -0.0000 -0.9917
vn -0.3608 -0.0000 -0.9327
vn -0.3608 -0.0000 -0.9326
vn -0.3609 -0.0000 -0.9326
vn -0.5724 -0.0000 -0.8200
vn -0.3610 -0.0000 -0.9326
vn -0.5725 -0.0000 -0.8199
vn -0.7511 -0.0000 -0.6602
vn -0.7512 -0.0000 -0.6601
vn -0.8866 -0.0000 -0.4625
vn -0.8867 -0.0000 -0.4624
vn -0.8867 -0.0000 -0.4623
vn -0.9712 -0.0000 -0.2381
vn -0.9713 -0.0000 -0.2379
vn 0.7071 -0.0000 -0.7072
vn -0.0005 -0.0000 -1.0000
vn 0.0011 -0.0000 -1.0000
vn -0.0003 -0.0000 -1.0000
vn -0.0011 -0.0000 -1.0000
vn 0.0003 -0.0000 -1.0000
vn 0.0005 -0.0000 1.0000
vn -0.5000 0.8661 -0.0000
vt 0.300000 -0.287979
vt 0.000000 -0.287979
vt 0.300000 -0.314159
vt 0.000000 -0.314159
vt 0.300000 0.314159
vt 0.000000 0.314159
vt 0.300000 0.287979
vt 0.000000 0.287979
vt 0.300000 0.261799
vt 0.000000 0.261799
vt 0.300000 0.235619
vt 0.000000 0.235619
vt 0.300000 0.209440
vt 0.000000 0.209440
vt 0.300000 0.183260
vt 0.000000 0.183260
vt 0.300000 0.157080
vt 0.000000 0.157080
vt 0.300000 0.130900
vt 0.000000 0.130900
vt 0.300000 0.104720
vt 0.000000 0.104720
vt 0.300000 0.078540
vt -0.000000 0.078540
vt 0.300000 0.052360
vt -0.000000 0.052360
vt 0.300000 0.026180
vt -0.000000 0.026180
vt 0.300000 0.000000
vt 0.000000 0.000000
vt 0.300000 -0.026180
vt 0.000000 -0.026180
vt 0.300000 -0.052360
vt 0.000000 -0.052360
vt 0.300000 -0.078540
vt 0.000000 -0.078540
vt 0.300000 -0.104720
vt 0.000000 -0.104720
vt 0.300000 -0.130900
vt 0.000000 -0.130900
vt 0.300000 -0.157080
vt 0.000000 -0.157080
vt 0.300000 -0.183260
vt 0.000000 -0.183260
vt 0.300000 -0.209440
vt 0.000000 -0.209440
vt 0.300000 -0.235619
vt 0.000000 -0.235619
vt 0.300000 -0.261799
vt 0.000000 -0.261799
vt 0.300000 0.209439
vt 0.000000 0.209439
vt 0.300000 -0.209439
vt 0.000000 -0.209439
vt -1.593750 -0.188862
vt -1.656250 -0.188862
vt -1.600247 -0.194445
vt -1.649753 -0.194445
vt -1.607953 -0.198737
vt -1.642047 -0.198737
vt -1.616431 -0.201359
vt -1.633569 -0.201359
vt -1.625000 -0.202220
vt -0.925000 -0.078540
vt -0.125000 -0.078540
vt -0.905491 -0.058905
vt -0.525000 -0.052360
vt -0.886732 -0.039270
vt -0.525000 -0.026180
vt -0.869443 -0.019635
vt -0.525000 -0.000000
vt -0.854289 -0.000000
vt -0.841853 0.019635
vt -0.525000 0.026180
vt -0.832612 0.039270
vt -0.525000 0.052360
vt -0.826921 0.058905
vt -0.825482 0.068722
vt -0.224518 0.068722
vt -0.825000 0.078540
vt -0.225000 0.078540
vt -0.144509 -0.058905
vt -0.163268 -0.039270
vt -0.180557 -0.019635
vt -0.195711 -0.000000
vt -0.208147 0.019635
vt -0.217388 0.039270
vt -0.223079 0.058905
vt -0.618750 -0.078540
vt 0.381250 -0.078540
vt -0.599241 -0.058905
vt -0.118750 -0.052360
vt -0.580482 -0.039270
vt -0.118750 -0.026180
vt -0.563193 -0.019635
vt -0.118750 -0.000000
vt -0.548039 -0.000000
vt -0.535603 0.019635
vt -0.118750 0.026180
vt -0.526362 0.039270
vt -0.118750 0.052360
vt -0.520671 0.058905
vt -0.519232 0.068722
vt -0.518750 0.078540
vt 0.381250 0.078540
vt 0.381250 0.052360
vt 0.381250 0.026180
vt 0.381250 -0.000000
vt 0.381250 -0.026180
vt 0.381250 -0.052360
vt 0.968750 0.078540
vt 0.068750 0.078540
vt 0.969232 0.068722
vt 0.568750 0.052360
vt 0.970671 0.058905
vt 0.976362 0.039270
vt 0.568750 0.026180
vt 0.985603 0.019635
vt 0.568750 -0.000000
vt 0.998039 -0.000000
vt 1.013193 -0.019635
vt 0.568750 -0.026180
vt 1.030482 -0.039270
vt 0.568750 -0.052360
vt 1.049241 -0.058905
vt 1.068750 -0.078540
vt 0.068750 -0.078540
vt 0.068750 -0.052360
vt 0.068750 -0.026180
vt 0.068750 -0.000000
vt 0.068750 0.026180
vt 0.068750 0.052360
vt 1.543185 1.523236
vt 1.750000 1.137500
vt 1.550000 1.575000
vt 1.703553 2.021447
vt 1.543185 1.626764
vt 1.600000 1.941987
vt 1.523205 1.675000
vt 1.491421 1.716421
vt 1.479410 1.892037
vt 1.450000 1.748205
vt 1.401764 1.768185
vt 1.350000 1.875000
vt 1.350000 1.775000
vt 1.298236 1.768185
vt 1.220590 1.892037
vt 1.250000 1.748205
vt 1.208579 1.716421
vt 1.100000 1.941987
vt 1.176795 1.675000
vt 1.156815 1.626764
vt 0.996447 2.021447
vt 1.150000 1.575000
vt 0.950000 1.137500
vt 1.156815 1.523236
vt 1.176795 1.475000
vt 1.208579 1.433579
vt 1.250000 1.401795
vt 1.298236 1.381815
vt 1.350000 1.375000
vt 1.401764 1.381815
vt 1.450000 1.401795
vt 1.491421 1.433579
vt 1.523205 1.475000
vt 2.343185 2.426764
vt 2.350000 2.375000
vt 2.600000 3.100000
vt 2.343185 2.323236
vt 2.600000 0.600000
vt 2.323205 2.275000
vt 2.291421 2.233579
vt 2.250000 2.201795
vt 2.500000 0.600000
vt 2.201764 2.181815
vt 2.448236 0.593185
vt 2.400000 0.573205
vt 2.358579 0.541421
vt 2.326795 0.500000
vt 2.306815 0.451764
vt 1.750000 0.137500
vt 2.300000 0.400000
vt 2.300000 0.100000
vt 0.950000 0.137500
vt 0.400000 0.100000
vt 0.400000 0.400000
vt 0.393185 0.451764
vt 0.373205 0.500000
vt 0.341421 0.541421
vt 0.300000 0.573205
vt 0.251764 0.593185
vt 0.498236 2.181815
vt 0.200000 0.600000
vt 0.450000 2.201795
vt 0.100000 0.600000
vt 0.408579 2.233579
vt 0.376795 2.275000
vt 2.150000 2.175000
vt 2.098236 2.181815
vt 1.783013 2.125000
vt 2.050000 2.201795
vt 2.008579 2.233579
vt 1.832963 2.245590
vt 1.976795 2.275000
vt 1.956815 2.323236
vt 1.850000 2.375000
vt 1.950000 2.375000
vt 1.956815 2.426764
vt 1.832963 2.504410
vt 1.976795 2.475000
vt 2.008579 2.516421
vt 1.783013 2.625000
vt 2.050000 2.548205
vt 2.098236 2.568185
vt 2.150000 2.575000
vt 2.400000 3.300000
vt 1.703553 2.728553
vt 2.201764 2.568185
vt 2.250000 2.548205
vt 2.291421 2.516421
vt 2.323205 2.475000
vt 1.506125 3.300000
vt 1.532160 3.257571
vt 1.546909 3.210026
vt 1.549460 3.160311
vt 1.539654 3.111506
vt 1.600000 2.808013
vt 1.518098 3.066635
vt 1.486129 3.028477
vt 1.479410 2.857963
vt 1.445726 2.999397
vt 1.399393 2.981195
vt 1.350000 2.875000
vt 1.350000 2.975000
vt 1.300607 2.981195
vt 1.220590 2.857963
vt 1.254274 2.999397
vt 1.213871 3.028477
vt 1.100000 2.808013
vt 1.181902 3.066635
vt 1.160346 3.111506
vt 0.996447 2.728553
vt 1.150540 3.160311
vt 0.300000 3.300000
vt 1.153091 3.210026
vt 1.167840 3.257571
vt 1.193875 3.300000
vt 0.248236 3.293185
vt 0.100000 3.100000
vt 0.450000 2.548205
vt 0.498236 2.568185
vt 0.200000 3.273205
vt 0.158579 3.241421
vt 0.126795 3.200000
vt 0.106815 3.151764
vt 0.356815 2.323236
vt 0.350000 2.375000
vt 0.356815 2.426764
vt 2.593185 3.151764
vt 2.573205 3.200000
vt 2.541421 3.241421
vt 2.500000 3.273205
vt 2.451764 3.293185
vt 0.743185 2.426764
vt 0.750000 2.375000
vt 0.850000 2.375000
vt 0.743185 2.323236
vt 0.867037 2.245590
vt 0.723205 2.275000
vt 0.691421 2.233579
vt 0.916987 2.125000
vt 0.650000 2.201795
vt 0.601764 2.181815
vt 0.550000 2.175000
vt 0.376795 2.475000
vt 0.408579 2.516421
vt 0.550000 2.575000
vt 0.601764 2.568185
vt 0.916987 2.625000
vt 0.650000 2.548205
vt 0.691421 2.516421
vt 0.867037 2.504410
vt 0.723205 2.475000
vt 0.314159 0.033848
vt 0.287979 0.033848
vt 0.314159 0.000000
vt 0.287979 0.000000
vt 0.314159 -0.033848
vt 0.287979 -0.033848
vt 0.314159 -0.067696
vt 0.287979 -0.067696
vt 0.314159 -0.101544
vt 0.287979 -0.101544
vt 0.314159 -0.135391
vt 0.287979 -0.135391
vt 0.314159 -0.169239
vt 0.287979 -0.169239
vt 0.314159 -0.203087
vt 0.287979 -0.203087
vt 0.314159 -0.236935
vt 0.287979 -0.236935
vt 0.314159 -0.270783
vt 0.287979 -0.270783
vt 0.314159 -0.304631
vt 0.287979 -0.304631
vt 0.314159 -0.338479
vt 0.287979 -0.338479
vt 0.314159 -0.372327
vt 0.287979 -0.372327
vt 0.314159 -0.406174
vt 0.287979 -0.406174
vt 0.314159 0.406174
vt 0.287979 0.406174
vt 0.314159 0.372327
vt 0.287979 0.372327
vt 0.314159 0.338479
vt 0.287979 0.338479
vt 0.314159 0.304631
vt 0.287979 0.304631
vt 0.314159 0.270783
vt 0.287979 0.270783
vt 0.314159 0.236935
vt 0.287979 0.236935
vt 0.314159 0.203087
vt 0.287979 0.203087
vt 0.314159 0.169239
vt 0.287979 0.169239
vt 0.314159 0.135391
vt 0.287979 0.135391
vt 0.314159 0.101544
vt 0.287979 0.101544
vt 0.314159 0.067696
vt 0.287979 0.067696
vt 0.157080 -0.033848
vt 0.183260 -0.033848
vt 0.157080 0.000000
vt 0.183260 0.000000
vt 0.157080 0.033848
vt 0.183260 0.033848
vt 0.157080 0.067696
vt 0.183260 0.067696
vt 0.157080 0.101544
vt 0.183260 0.101544
vt 0.157080 0.135391
vt 0.183260 0.135391
vt 0.157080 0.169239
vt 0.183260 0.169239
vt 0.157080 0.203087
vt 0.183260 0.203087
vt 0.157080 0.236935
vt 0.183260 0.236935
vt 0.157080 0.270783
vt 0.183260 0.270783
vt 0.157080 0.304631
vt 0.183260 0.304631
vt 0.157080 0.338479
vt 0.183260 0.338479
vt 0.157080 0.372327
vt 0.183260 0.372327
vt 0.157080 0.406174
vt 0.183260 0.406174
vt 0.157080 -0.406174
vt 0.183260 -0.406174
vt 0.157080 -0.372327
vt 0.183260 -0.372327
vt 0.157080 -0.338479
vt 0.183260 -0.338479
vt 0.157080 -0.304631
vt 0.183260 -0.304631
vt 0.157080 -0.270783
vt 0.183260 -0.270783
vt 0.157080 -0.236935
vt 0.183260 -0.236935
vt 0.157080 -0.203087
vt 0.183260 -0.203087
vt 0.157080 -0.169239
vt 0.183260 -0.169239
vt 0.157080 -0.135391
vt 0.183260 -0.135391
vt 0.157080 -0.101544
vt 0.183260 -0.101544
vt 0.157080 -0.067696
vt 0.183260 -0.067696
vt 0.261799 0.406174
vt 0.261799 0.372327
vt 0.261799 0.338479
vt 0.261799 0.304631
vt 0.261799 0.270783
vt 0.261799 0.236935
vt 0.261799 0.203087
vt 0.261799 0.169239
vt 0.261799 0.135391
vt 0.261799 0.101544
vt 0.261799 0.067696
vt 0.261799 0.033848
vt 0.261799 0.000000
vt 0.261799 -0.033848
vt 0.261799 -0.067696
vt 0.261799 -0.101544
vt 0.261799 -0.135391
vt 0.261799 -0.169239
vt 0.261799 -0.203087
vt 0.261799 -0.236935
vt 0.261799 -0.270783
vt 0.261799 -0.304631
vt 0.261799 -0.338479
vt 0.261799 -0.372327
vt 0.261799 -0.406174
vt 0.235619 0.406174
vt 0.235619 0.372327
vt 0.235619 0.338479
vt 0.235619 0.304631
vt 0.235619 0.270783
vt 0.235619 0.236935
vt 0.235619 0.203087
vt 0.235619 0.169239
vt 0.235619 0.135391
vt 0.235619 0.101544
vt 0.235619 0.067696
vt 0.235619 0.033848
vt 0.235619 0.000000
vt 0.235619 -0.033848
vt 0.235619 -0.067696
vt 0.235619 -0.101544
vt 0.235619 -0.135391
vt 0.235619 -0.169239
vt 0.235619 -0.203087
vt 0.235619 -0.236935
vt 0.235619 -0.270783
vt 0.235619 -0.304631
vt 0.235619 -0.338479
vt 0.235619 -0.372327
vt 0.235619 -0.406174
vt 0.209440 0.406174
vt 0.209440 0.372327
vt 0.209440 0.338479
vt 0.209440 0.304631
vt 0.209440 0.270783
vt 0.209440 0.236935
vt 0.209440 0.203087
vt 0.209440 0.169239
vt 0.209440 0.135391
vt 0.209440 0.101544
vt 0.209440 0.067696
vt 0.209440 0.033848
vt 0.209440 0.000000
vt 0.209440 -0.033848
vt 0.209440 -0.067696
vt 0.209440 -0.101544
vt 0.209440 -0.135391
vt 0.209440 -0.169239
vt 0.209440 -0.203087
vt 0.209440 -0.236935
vt 0.209440 -0.270783
vt 0.209440 -0.304631
vt 0.209440 -0.338479
vt 0.209440 -0.372327
vt 0.209440 -0.406174
vt 0.200000 0.287979
vt 0.200000 0.314159
vt 0.200000 -0.314159
vt 0.200000 -0.287979
vt 0.200000 -0.261799
vt 0.200000 -0.235619
vt 0.200000 -0.209440
vt 0.200000 -0.183260
vt 0.200000 -0.157080
vt 0.200000 -0.130900
vt 0.200000 -0.104720
vt 0.200000 -0.078540
vt 0.200000 -0.052360
vt 0.200000 -0.026180
vt 0.200000 0.000000
vt 0.200000 0.026180
vt 0.200000 0.052360
vt 0.200000 0.078540
vt 0.200000 0.104720
vt 0.200000 0.130900
vt 0.200000 0.157080
vt 0.200000 0.183260
vt 0.200000 0.209440
vt 0.200000 0.235619
vt 0.200000 0.261799
vt 0.314159 0.112388
vt 0.287979 0.112388
vt 0.314159 -0.112388
vt 0.287979 -0.112388
vt 0.314159 -0.224775
vt 0.287979 -0.224775
vt 0.314159 -0.337163
vt 0.287979 -0.337163
vt 0.314159 -0.449551
vt 0.287979 -0.449551
vt 0.314159 -0.561938
vt 0.287979 -0.561938
vt 0.314159 -0.674326
vt 0.287979 -0.674326
vt 0.314159 -0.786714
vt 0.287979 -0.786714
vt 0.314159 -0.899101
vt 0.287979 -0.899101
vt 0.314159 -1.011489
vt 0.287979 -1.011489
vt 0.314159 -1.123877
vt 0.287979 -1.123877
vt 0.314159 -1.236264
vt 0.287979 -1.236264
vt 0.314159 -1.348652
vt 0.287979 -1.348652
vt 0.314159 1.348652
vt 0.287979 1.348652
vt 0.314159 1.236264
vt 0.287979 1.236264
vt 0.314159 1.123877
vt 0.287979 1.123877
vt 0.314159 1.011489
vt 0.287979 1.011489
vt 0.314159 0.899101
vt 0.287979 0.899101
vt 0.314159 0.786714
vt 0.287979 0.786714
vt 0.314159 0.674326
vt 0.287979 0.674326
vt 0.314159 0.561938
vt 0.287979 0.561938
vt 0.314159 0.449551
vt 0.287979 0.449551
vt 0.314159 0.337163
vt 0.287979 0.337163
vt 0.314159 0.224775
vt 0.287979 0.224775
vt 0.157080 -0.112388
vt 0.183260 -0.112388
vt 0.157080 0.112388
vt 0.183260 0.112388
vt 0.157080 0.224775
vt 0.183260 0.224775
vt 0.157080 0.337163
vt 0.183260 0.337163
vt 0.157080 0.449551
vt 0.183260 0.449551
vt 0.157080 0.561938
vt 0.183260 0.561938
vt 0.157080 0.674326
vt 0.183260 0.674326
vt 0.157080 0.786714
vt 0.183260 0.786714
vt 0.157080 0.899101
vt 0.183260 0.899101
vt 0.157080 1.011489
vt 0.183260 1.011489
vt 0.157080 1.123877
vt 0.183260 1.123877
vt 0.157080 1.236264
vt 0.183260 1.236264
vt 0.157080 1.348652
vt 0.183260 1.348652
vt 0.157080 -1.348652
vt 0.183260 -1.348652
vt 0.157080 -1.236264
vt 0.183260 -1.236264
vt 0.157080 -1.123877
vt 0.183260 -1.123877
vt 0.157080 -1.011489
vt 0.183260 -1.011489
vt 0.157080 -0.899101
vt 0.183260 -0.899101
vt 0.157080 -0.786714
vt 0.183260 -0.786714
vt 0.157080 -0.674326
vt 0.183260 -0.674326
vt 0.157080 -0.561938
vt 0.183260 -0.561938
vt 0.157080 -0.449551
vt 0.183260 -0.449551
vt 0.157080 -0.337163
vt 0.183260 -0.337163
vt 0.157080 -0.224775
vt 0.183260 -0.224775
vt 0.261799 1.348652
vt 0.261799 1.236264
vt 0.261799 1.123877
vt 0.261799 1.011489
vt 0.261799 0.899101
vt 0.261799 0.786714
vt 0.261799 0.674326
vt 0.261799 0.561938
vt 0.261799 0.449551
vt 0.261799 0.337163
vt 0.261799 0.224775
vt 0.261799 0.112388
vt 0.261799 -0.112388
vt 0.261799 -0.224775
vt 0.261799 -0.337163
vt 0.261799 -0.449551
vt 0.261799 -0.561938
vt 0.261799 -0.674326
vt 0.261799 -0.786714
vt 0.261799 -0.899101
vt 0.261799 -1.011489
vt 0.261799 -1.123877
vt 0.261799 -1.236264
vt 0.261799 -1.348652
vt 0.235619 1.348652
vt 0.235619 1.236264
vt 0.235619 1.123877
vt 0.235619 1.011489
vt 0.235619 0.899101
vt 0.235619 0.786714
vt 0.235619 0.674326
vt 0.235619 0.561938
vt 0.235619 0.449551
vt 0.235619 0.337163
vt 0.235619 0.224775
vt 0.235619 0.112388
vt 0.235619 -0.112388
vt 0.235619 -0.224775
vt 0.235619 -0.337163
vt 0.235619 -0.449551
vt 0.235619 -0.561938
vt 0.235619 -0.674326
vt 0.235619 -0.786714
vt 0.235619 -0.899101
vt 0.235619 -1.011489
vt 0.235619 -1.123877
vt 0.235619 -1.236264
vt 0.235619 -1.348652
vt 0.209440 1.348652
vt 0.209440 1.236264
vt 0.209440 1.123877
vt 0.209440 1.011489
vt 0.209440 0.899101
vt 0.209440 0.786714
vt 0.209440 0.674326
vt 0.209440 0.561938
vt 0.209440 0.449551
vt 0.209440 0.337163
vt 0.209440 0.224775
vt 0.209440 0.112388
vt 0.209440 -0.112388
vt 0.209440 -0.224775
vt 0.209440 -0.337163
vt 0.209440 -0.449551
vt 0.209440 -0.561938
vt 0.209440 -0.674326
vt 0.209440 -0.786714
vt 0.209440 -0.899101
vt 0.209440 -1.011489
vt 0.209440 -1.123877
vt 0.209440 -1.236264
vt 0.209440 -1.348652
vt 0.000000 1.151917
vt 0.200000 1.151917
vt 0.000000 1.256637
vt 0.200000 1.256637
vt 0.000000 -1.256637
vt 0.200000 -1.256637
vt 0.000000 -1.151917
vt 0.200000 -1.151917
vt 0.000000 -1.047198
vt 0.200000 -1.047198
vt 0.000000 -0.942478
vt 0.200000 -0.942478
vt 0.000000 -0.837758
vt 0.200000 -0.837758
vt 0.000000 -0.733038
vt 0.200000 -0.733038
vt 0.000000 -0.628319
vt 0.200000 -0.628319
vt 0.000000 -0.523599
vt 0.200000 -0.523599
vt 0.000000 -0.418879
vt 0.200000 -0.418879
vt 0.000000 0.418879
vt 0.200000 0.418879
vt 0.000000 0.523599
vt 0.200000 0.523599
vt 0.000000 0.628319
vt 0.200000 0.628319
vt 0.000000 0.733038
vt 0.200000 0.733038
vt 0.000000 0.837758
vt 0.200000 0.837758
vt 0.000000 0.942478
vt 0.200000 0.942478
vt 0.000000 1.047198
vt 0.200000 1.047198
vt 0.157080 -0.055023
vt 0.157080 -0.087287
vt 0.157395 -0.087713
vt 0.185204 -0.140987
vt 0.195519 -0.203087
vt 0.185204 -0.265187
vt 0.157395 -0.318461
vt 0.157080 -0.318887
vt 0.157080 -0.351151
vt 0.157080 -0.383415
vt 0.157080 0.428934
vt 0.157080 0.396670
vt 0.157080 0.364406
vt 0.157080 0.332143
vt 0.157080 0.299879
vt 0.157080 0.267615
vt 0.157080 0.235351
vt 0.157080 0.170823
vt 0.157080 0.138560
vt 0.157080 0.106296
vt 0.157080 0.074032
vt 0.157080 0.041768
vt 0.157080 0.009504
vt 0.157080 -0.022760
vt -0.518875 0.078540
vt -0.519533 0.078224
vt 0.375000 0.078540
vt -0.150000 0.052360
vt 0.375000 0.052360
vt 0.375000 0.026180
vt -0.150000 0.026180
vt 0.375000 0.000000
vt -0.150000 0.000000
vt 0.375000 -0.026180
vt -0.150000 -0.026180
vt 0.375000 -0.052360
vt -0.150000 -0.052360
vt 0.375000 -0.078540
vt -0.675000 -0.052360
vt -1.725000 -0.078540
vt -1.200000 -0.052360
vt -1.725000 -0.052360
vt -1.725000 -0.026180
vt -1.200000 -0.026180
vt -1.725000 -0.000000
vt -1.200000 -0.000000
vt -1.725000 0.026180
vt -1.200000 0.026180
vt -1.725000 0.052360
vt -1.200000 0.052360
vt -1.725000 0.078540
vt -0.830467 0.078224
vt -0.831125 0.078540
vt -0.595412 0.050415
vt -0.675000 0.040100
vt -0.675000 0.026180
vt -0.675000 0.000000
vt -0.675000 -0.026180
vt -0.754588 0.050415
vt -1.725000 0.000000
vt 4.396952 -0.287979
vt 4.196952 -0.287979
vt 4.396952 -0.314159
vt 4.196952 -0.314159
vt 4.396952 0.314159
vt 4.196952 0.314159
vt 4.396952 0.287979
vt 4.196952 0.287979
vt 4.396952 0.261799
vt 4.196952 0.261799
vt 4.396952 0.235619
vt 4.196952 0.235619
vt 4.396952 0.209440
vt 4.196952 0.209440
vt 4.396952 0.183260
vt 4.196952 0.183260
vt 4.396952 0.157080
vt 4.196952 0.157080
vt 4.396952 0.130900
vt 4.196952 0.130900
vt 4.396952 0.104720
vt 4.196952 0.104720
vt 4.396952 0.078540
vt 4.196952 0.078540
vt 4.396952 0.052360
vt 4.196952 0.052360
vt 4.396952 0.026180
vt 4.196952 0.026180
vt 4.396952 0.000000
vt 4.196952 0.000000
vt 4.396952 -0.026180
vt 4.196952 -0.026180
vt 4.396952 -0.052360
vt 4.196952 -0.052360
vt 4.396952 -0.078540
vt 4.196952 -0.078540
vt 4.396952 -0.104720
vt 4.196952 -0.104720
vt 4.396952 -0.130900
vt 4.196952 -0.130900
vt 4.396952 -0.157080
vt 4.196952 -0.157080
vt 4.396952 -0.183260
vt 4.196952 -0.183260
vt 4.396952 -0.209440
vt 4.196952 -0.209440
vt 4.396952 -0.235619
vt 4.196952 -0.235619
vt 4.396952 -0.261799
vt 4.196952 -0.261799
vt 4.396952 -1.151917
vt 4.196952 -1.151917
vt 4.396952 -1.256637
vt 4.196952 -1.256637
vt 4.396952 1.256637
vt 4.196952 1.256637
vt 4.396952 1.151917
vt 4.196952 1.151917
vt 4.396952 1.047198
vt 4.196952 1.047198
vt 4.396952 0.942478
vt 4.196952 0.942478
vt 4.396952 0.837758
vt 4.196952 0.837758
vt 4.396952 0.733038
vt 4.196952 0.733038
vt 4.396952 0.628319
vt 4.196952 0.628319
vt 4.396952 0.523599
vt 4.196952 0.523599
vt 4.396952 0.418879
vt 4.196952 0.418879
vt 4.396952 -0.418879
vt 4.196952 -0.418879
vt 4.396952 -0.523599
vt 4.196952 -0.523599
vt 4.396952 -0.628319
vt 4.196952 -0.628319
vt 4.396952 -0.733038
vt 4.196952 -0.733038
vt 4.396952 -0.837758
vt 4.196952 -0.837758
vt 4.396952 -0.942478
vt 4.196952 -0.942478
vt 4.396952 -1.047198
vt 4.196952 -1.047198
vt -1.225000 -0.078540
vt -0.425000 -0.078540
vt -1.205491 -0.058905
vt -0.825000 -0.052360
vt -1.186732 -0.039270
vt -0.825000 -0.026180
vt -1.169443 -0.019635
vt -0.825000 -0.000000
vt -1.154289 -0.000000
vt -1.141853 0.019635
vt -0.825000 0.026180
vt -1.132612 0.039270
vt -0.825000 0.052360
vt -1.126921 0.058905
vt -1.125482 0.068722
vt -0.524518 0.068722
vt -1.125000 0.078540
vt -0.525000 0.078540
vt -0.444509 -0.058905
vt -0.463268 -0.039270
vt -0.480557 -0.019635
vt -0.495711 -0.000000
vt -0.508147 0.019635
vt -0.517388 0.039270
vt -0.523079 0.058905
vt -1.068750 -0.078540
vt -0.068750 -0.078540
vt -1.049241 -0.058905
vt -0.568750 -0.052360
vt -1.030482 -0.039270
vt -0.568750 -0.026180
vt -1.013193 -0.019635
vt -0.568750 -0.000000
vt -0.998039 -0.000000
vt -0.985603 0.019635
vt -0.568750 0.026180
vt -0.976362 0.039270
vt -0.568750 0.052360
vt -0.970671 0.058905
vt -0.969232 0.068722
vt -0.968750 0.078540
vt -0.068750 0.078540
vt -0.068750 0.052360
vt -0.068750 0.026180
vt -0.068750 -0.000000
vt -0.068750 -0.026180
vt -0.068750 -0.052360
vt 0.518750 0.078540
vt -0.381250 0.078540
vt 0.519232 0.068722
vt 0.118750 0.052360
vt 0.520671 0.058905
vt 0.526362 0.039270
vt 0.118750 0.026180
vt 0.535603 0.019635
vt 0.118750 -0.000000
vt 0.548039 -0.000000
vt 0.563193 -0.019635
vt 0.118750 -0.026180
vt 0.580482 -0.039270
vt 0.118750 -0.052360
vt 0.599241 -0.058905
vt 0.618750 -0.078540
vt -0.381250 -0.078540
vt -0.381250 -0.052360
vt -0.381250 -0.026180
vt -0.381250 -0.000000
vt -0.381250 0.026180
vt -0.381250 0.052360
vt -1.625000 -0.078540
vt -1.593750 -0.046757
vt -1.684001 -0.015433
vt -1.200000 0.000173
vt -1.695872 0.000229
vt -1.706009 0.015891
vt -1.714163 0.031553
vt -1.720134 0.047216
vt -1.723776 0.062878
vt -0.675000 0.052360
vt 0.374518 0.068722
vt 0.373079 0.058905
vt 0.367388 0.039270
vt 0.358147 0.019635
vt -0.150000 0.000056
vt 0.345711 -0.000000
vt 0.330557 -0.019635
vt 0.313268 -0.039270
vt 0.294509 -0.058905
vt 0.275000 -0.078540
vt -1.656250 -0.046757
vt -0.675000 0.000115
vt -0.183260 -0.203087
vt -0.157080 -0.203087
vt -0.183260 -0.169239
vt -0.157080 -0.169239
vt -0.183260 -0.135391
vt -0.157080 -0.135391
vt -0.183260 -0.101544
vt -0.157080 -0.101544
vt -0.183260 -0.067696
vt -0.157080 -0.067696
vt -0.183260 -0.033848
vt -0.157080 -0.033848
vt -0.183260 0.000000
vt -0.157080 0.000000
vt -0.209440 0.000000
vt -0.209440 -0.033848
vt -0.209440 -0.067696
vt -0.209440 -0.101544
vt -0.209440 -0.135391
vt -0.209440 -0.169239
vt -0.209440 -0.203087
vt -0.235619 -0.169239
vt -0.235619 -0.203087
vt -0.261799 -0.169239
vt -0.261799 -0.203087
vt -0.287979 -0.169239
vt -0.287979 -0.203087
vt -0.314159 -0.169239
vt -0.314159 -0.203087
vt -0.235619 0.000000
vt -0.235619 -0.033848
vt -0.235619 -0.067696
vt -0.235619 -0.101544
vt -0.235619 -0.135391
vt -0.261799 0.000000
vt -0.261799 -0.033848
vt -0.261799 -0.067696
vt -0.261799 -0.101544
vt -0.261799 -0.135391
vt -0.287979 0.000000
vt -0.287979 -0.033848
vt -0.287979 -0.067696
vt -0.287979 -0.101544
vt -0.287979 -0.135391
vt -0.314159 0.000000
vt -0.314159 -0.033848
vt -0.314159 -0.067696
vt -0.314159 -0.101544
vt -0.314159 -0.135391
vt 0.400000 -0.078540
vt 0.001224 -0.062878
vt 0.400000 -0.052360
vt 0.004866 -0.047216
vt 0.010837 -0.031553
vt 0.400000 -0.026180
vt 0.018991 -0.015891
vt 0.400000 -0.000000
vt 0.029128 -0.000229
vt 0.040999 0.015433
vt 0.400000 0.026180
vt 0.068750 0.046757
vt 0.400000 0.052360
vt 0.074002 0.053526
vt 0.077963 0.061409
vt 0.400000 0.078540
vt 0.080348 0.069960
vt 0.100000 0.078540
vt 0.081123 0.078540
vt 0.080348 0.087120
vt 0.077963 0.095671
vt 0.074002 0.103553
vt 0.068750 0.110322
vt -0.340339 -0.203087
vt -0.340339 -0.169239
vt -0.340339 -0.135391
vt -0.340339 -0.101544
vt -0.340339 -0.067696
vt -0.340339 -0.033848
vt -0.340339 0.000000
vt -0.366519 0.000000
vt -0.366519 -0.033848
vt -0.366519 -0.067696
vt -0.366519 -0.101544
vt -0.366519 -0.135391
vt -0.366519 -0.169239
vt -0.366519 -0.203087
vt -0.392699 -0.169239
vt -0.392699 -0.203087
vt -0.418879 -0.169239
vt -0.418879 -0.203087
vt -0.445059 -0.169239
vt -0.445059 -0.203087
vt -0.471239 -0.169239
vt -0.471239 -0.203087
vt -0.392699 0.000000
vt -0.392699 -0.033848
vt -0.392699 -0.067696
vt -0.392699 -0.101544
vt -0.392699 -0.135391
vt -0.418879 0.000000
vt -0.418879 -0.033848
vt -0.418879 -0.067696
vt -0.418879 -0.101544
vt -0.418879 -0.135391
vt -0.445059 0.000000
vt -0.445059 -0.033848
vt -0.445059 -0.067696
vt -0.445059 -0.101544
vt -0.445059 -0.135391
vt -0.471239 0.000000
vt -0.471239 -0.033848
vt -0.471239 -0.067696
vt -0.471239 -0.101544
vt -0.471239 -0.135391
vt -0.100000 0.078540
vt -0.400000 0.078540
vt -0.080491 0.058905
vt -0.400000 0.052360
vt -0.061732 0.039270
vt -0.400000 0.026180
vt -0.044443 0.019635
vt -0.400000 -0.000000
vt -0.029289 -0.000000
vt -0.016853 -0.019635
vt -0.400000 -0.026180
vt -0.007612 -0.039270
vt -0.400000 -0.052360
vt -0.001921 -0.058905
vt -0.000482 -0.068722
vt -0.400000 -0.078540
vt -0.183260 0.203087
vt -0.157080 0.203087
vt -0.183260 0.236935
vt -0.157080 0.236935
vt -0.183260 0.270783
vt -0.157080 0.270783
vt -0.183260 0.304631
vt -0.157080 0.304631
vt -0.183260 0.338479
vt -0.157080 0.338479
vt -0.183260 0.372327
vt -0.157080 0.372327
vt -0.183260 0.406174
vt -0.157080 0.406174
vt -0.209440 0.406174
vt -0.209440 0.372327
vt -0.209440 0.338479
vt -0.209440 0.304631
vt -0.209440 0.270783
vt -0.209440 0.236935
vt -0.209440 0.203087
vt -0.235619 0.236935
vt -0.235619 0.203087
vt -0.261799 0.236935
vt -0.261799 0.203087
vt -0.287979 0.236935
vt -0.287979 0.203087
vt -0.314159 0.236935
vt -0.314159 0.203087
vt -0.235619 0.406174
vt -0.235619 0.372327
vt -0.235619 0.338479
vt -0.235619 0.304631
vt -0.235619 0.270783
vt -0.261799 0.406174
vt -0.261799 0.372327
vt -0.261799 0.338479
vt -0.261799 0.304631
vt -0.261799 0.270783
vt -0.287979 0.406174
vt -0.287979 0.372327
vt -0.287979 0.338479
vt -0.287979 0.304631
vt -0.287979 0.270783
vt -0.314159 0.406174
vt -0.314159 0.372327
vt -0.314159 0.338479
vt -0.314159 0.304631
vt -0.314159 0.270783
vt -2.747714 0.052360
vt -2.233864 0.052360
vt -2.747714 0.078540
vt -1.720014 0.052360
vt -1.206163 0.052360
vt -1.206163 0.026180
vt -0.692313 0.026180
vt -0.692313 -0.000000
vt -0.178463 -0.000000
vt -0.178463 -0.026180
vt 0.335388 -0.026180
vt 0.335388 -0.052360
vt 0.849238 -0.052360
vt 0.849238 -0.078540
vt -0.178463 -0.052360
vt -0.692313 -0.052360
vt -0.692313 -0.026180
vt -1.206163 -0.026180
vt -1.206163 -0.000000
vt -1.720014 -0.000000
vt -1.720014 0.026180
vt -2.233864 0.026180
vt -2.747714 0.026180
vt -2.233864 -0.000000
vt -1.720014 -0.026180
vt -1.206163 -0.052360
vt -2.747714 -0.000000
vt -2.233864 -0.026180
vt -1.720014 -0.052360
vt -2.747714 -0.078540
vt -2.747714 -0.026180
vt -2.233864 -0.052360
vt -2.747714 -0.052360
vt 0.849238 -0.026180
vt 0.335388 0.000000
vt -0.178463 0.026180
vt -0.692313 0.052360
vt 0.849238 0.000000
vt 0.335388 0.026180
vt -0.178463 0.052360
vt 0.849238 0.078540
vt 0.849238 0.026180
vt 0.335388 0.052360
vt 0.849238 0.052360
vt -3.100000 0.052360
vt -2.600000 0.052360
vt -3.100000 0.078540
vt -2.100000 0.052360
vt -1.600000 0.052360
vt -1.600000 0.026180
vt -1.100000 0.026180
vt -1.100000 -0.000000
vt -0.600000 -0.000000
vt -0.600000 -0.026180
vt -1.100000 -0.026180
vt -0.600000 -0.052360
vt -1.100000 -0.052360
vt -0.600000 -0.078540
vt -1.600000 -0.052360
vt -2.100000 -0.052360
vt -2.100000 -0.026180
vt -2.600000 -0.026180
vt -2.600000 -0.000000
vt -3.100000 -0.000000
vt -3.100000 0.026180
vt -2.600000 0.026180
vt -3.100000 -0.026180
vt -2.600000 -0.052360
vt -3.100000 -0.078540
vt -3.100000 -0.052360
vt -0.600000 0.026180
vt -1.100000 0.052360
vt -0.600000 0.078540
vt -0.600000 0.052360
vt -2.100000 0.026180
vt -2.100000 -0.000000
vt -1.600000 -0.000000
vt -1.600000 -0.026180
vt -0.000000 -0.425231
vt -0.026180 -0.425231
vt -0.000000 -0.496103
vt -0.026180 -0.496103
vt -0.000000 -0.566975
vt -0.026180 -0.566975
vt -0.000000 -0.637847
vt -0.026180 -0.637847
vt -0.000000 -0.708719
vt -0.026180 -0.708719
vt -0.000000 -0.779591
vt -0.026180 -0.779591
vt -0.000000 -0.850463
vt -0.026180 -0.850463
vt -0.052360 -0.779591
vt -0.052360 -0.850463
vt -0.078540 -0.779591
vt -0.078540 -0.850463
vt -0.104720 -0.779591
vt -0.104720 -0.850463
vt -0.130900 -0.779591
vt -0.130900 -0.850463
vt -0.157080 -0.779591
vt -0.157080 -0.850463
vt -0.052360 -0.425231
vt -0.052360 -0.496103
vt -0.052360 -0.566975
vt -0.052360 -0.637847
vt -0.052360 -0.708719
vt -0.078540 -0.425231
vt -0.078540 -0.496103
vt -0.078540 -0.566975
vt -0.078540 -0.637847
vt -0.078540 -0.708719
vt -0.104720 -0.425231
vt -0.104720 -0.496103
vt -0.104720 -0.566975
vt -0.104720 -0.637847
vt -0.104720 -0.708719
vt -0.130900 -0.425231
vt -0.130900 -0.496103
vt -0.130900 -0.566975
vt -0.130900 -0.637847
vt -0.130900 -0.708719
vt -0.157080 -0.425231
vt -0.157080 -0.496103
vt -0.157080 -0.566975
vt -0.157080 -0.637847
vt -0.157080 -0.708719
vt -0.026180 0.000000
vt -0.000000 -0.070872
vt -0.026180 -0.070872
vt -0.000000 -0.141744
vt -0.026180 -0.141744
vt -0.000000 -0.212616
vt -0.026180 -0.212616
vt -0.000000 -0.283488
vt -0.026180 -0.283488
vt -0.000000 -0.354359
vt -0.026180 -0.354359
vt -0.052360 -0.354359
vt -0.078540 -0.354359
vt -0.104720 -0.354359
vt -0.130900 -0.354359
vt -0.157080 -0.354359
vt -0.052360 0.000000
vt -0.052360 -0.070872
vt -0.052360 -0.141744
vt -0.052360 -0.212616
vt -0.052360 -0.283488
vt -0.078540 0.000000
vt -0.078540 -0.070872
vt -0.078540 -0.141744
vt -0.078540 -0.212616
vt -0.078540 -0.283488
vt -0.104720 0.000000
vt -0.104720 -0.070872
vt -0.104720 -0.141744
vt -0.104720 -0.212616
vt -0.104720 -0.283488
vt -0.130900 0.000000
vt -0.130900 -0.070872
vt -0.130900 -0.141744
vt -0.130900 -0.212616
vt -0.130900 -0.283488
vt -0.157080 -0.070872
vt -0.157080 -0.141744
vt -0.157080 -0.212616
vt -0.157080 -0.283488
vt 1.225000 -0.078540
vt 1.325000 -0.078540
vt 1.225000 -0.052360
vt 1.325000 -0.052360
vt 1.225000 -0.026180
vt 1.325000 -0.026180
vt 1.225000 -0.000000
vt 1.325000 -0.000000
vt 1.225000 0.026180
vt 1.325000 0.026180
vt 1.225000 0.052360
vt 1.325000 0.052360
vt 1.225000 0.078540
vt 1.325000 0.078540
vt -0.699238 0.052360
vt -0.185388 0.052360
vt -0.699238 0.078540
vt 0.328463 0.052360
vt 0.842313 0.052360
vt 0.842313 0.026180
vt 1.356163 0.026180
vt 1.356163 -0.000000
vt 1.870014 -0.000000
vt 1.870014 -0.026180
vt 2.383864 -0.026180
vt 2.383864 -0.052360
vt 2.897714 -0.052360
vt 2.897714 -0.078540
vt 1.870014 -0.052360
vt 1.356163 -0.052360
vt 1.356163 -0.026180
vt 0.842313 -0.026180
vt 0.842313 -0.000000
vt 0.328463 -0.000000
vt 0.328463 0.026180
vt -0.185388 0.026180
vt -0.699238 0.026180
vt -0.185388 -0.000000
vt 0.328463 -0.026180
vt 0.842313 -0.052360
vt -0.699238 -0.000000
vt -0.185388 -0.026180
vt 0.328463 -0.052360
vt -0.699238 -0.078540
vt -0.699238 -0.026180
vt -0.185388 -0.052360
vt -0.699238 -0.052360
vt 2.897714 -0.026180
vt 2.383864 0.000000
vt 1.870014 0.026180
vt 1.356163 0.052360
vt 2.897714 0.000000
vt 2.383864 0.026180
vt 1.870014 0.052360
vt 2.897714 0.078540
vt 2.897714 0.026180
vt 2.383864 0.052360
vt 2.897714 0.052360
vt 0.025000 -0.078540
vt 0.125000 -0.078540
vt 0.025000 -0.052360
vt 0.125000 -0.052360
vt 0.025000 -0.026180
vt 0.125000 -0.026180
vt 0.025000 -0.000000
vt 0.125000 -0.000000
vt 0.025000 0.026180
vt 0.125000 0.026180
vt 0.025000 0.052360
vt 0.125000 0.052360
vt 0.025000 0.078540
vt 0.125000 0.078540
vt 3.696952 0.400000
vt 0.100000 0.400000
vt 3.696952 0.000000
vt 0.100000 0.000000
vt 0.200000 -3.100000
vt 0.200000 -0.600000
vt 0.000000 -3.100000
vt 0.000000 0.002487
vt 0.206815 -0.548236
vt 0.226795 -0.500000
vt 0.258579 -0.458579
vt 0.300000 -0.426795
vt 0.348236 -0.406815
vt 0.400000 -0.400000
vt 3.996952 -0.400000
vt 4.396952 0.002487
vt 4.048716 -0.406815
vt 4.096952 -0.426795
vt 4.138374 -0.458579
vt 4.170157 -0.500000
vt 4.190137 -0.548236
vt 4.196952 -0.600000
vt 4.396952 -3.100000
vt 4.196952 -3.100000
vt -4.396952 -0.942478
vt -4.196952 -0.942478
vt -4.396952 -0.863938
vt -4.196952 -0.863938
vt -4.396952 -0.785398
vt -4.196952 -0.785398
vt -4.396952 -0.706858
vt -4.196952 -0.706858
vt -4.396952 -0.628319
vt -4.196952 -0.628319
vt -4.396952 -0.549779
vt -4.196952 -0.549779
vt -4.396952 -0.471239
vt -4.196952 -0.471239
vt 0.050000 1.050000
vt -0.150000 1.050000
vt 0.050000 -1.050000
vt -0.150000 -1.050000
vt -4.396952 -0.392699
vt -4.196952 -0.392699
vt -4.396952 -0.314159
vt -4.196952 -0.314159
vt -4.396952 -0.235619
vt -4.196952 -0.235619
vt -4.396952 -0.157080
vt -4.196952 -0.157080
vt -4.396952 -0.078540
vt -4.196952 -0.078540
vt -4.396952 0.000000
vt -4.196952 0.000000
vt -1.798476 -0.050000
vt 1.798476 -0.050000
vt -1.798476 0.050000
vt 1.798476 0.050000
vt -4.396952 0.360489
vt -2.931302 0.360489
vt -4.396952 0.432587
vt -1.465651 0.360489
vt -0.000000 0.432587
vt 0.000000 0.360489
vt 0.000000 0.288391
vt -1.465651 0.288391
vt -0.000000 0.216293
vt -1.465651 0.216293
vt 0.000000 0.144196
vt -1.465651 0.144196
vt -0.000000 0.072098
vt -1.465651 0.072098
vt -2.931302 0.072098
vt -4.396952 0.072098
vt -4.396952 0.144196
vt -2.931302 0.144196
vt -4.396952 0.216293
vt -2.931302 0.216293
vt -4.396952 0.288391
vt -2.931302 0.288391
vt 1.446593 -3.200882
vt 2.400000 -3.400000
vt 1.450000 -3.175000
vt 1.632843 -2.657843
vt 1.446593 -3.149118
vt 1.550000 -2.721410
vt 1.436603 -3.125000
vt 1.453528 -2.761370
vt 1.420711 -3.104289
vt 1.400000 -3.088397
vt 1.375882 -3.078407
vt 1.350000 -2.775000
vt 1.350000 -3.075000
vt 1.324118 -3.078407
vt 1.246472 -2.761370
vt 1.300000 -3.088397
vt 1.279289 -3.104289
vt 1.263397 -3.125000
vt 1.150000 -2.721410
vt 1.253407 -3.149118
vt 1.067157 -2.657843
vt 1.250000 -3.175000
vt 0.300000 -3.400000
vt 1.253407 -3.200882
vt 1.263397 -3.225000
vt 1.279289 -3.245711
vt 1.300000 -3.261603
vt 1.324118 -3.271593
vt 1.350000 -3.275000
vt 1.375882 -3.271593
vt 1.400000 -3.261603
vt 1.420711 -3.245711
vt 1.436603 -3.225000
vt 0.646593 -2.349118
vt 0.650000 -2.375000
vt 0.950000 -2.375000
vt 0.646593 -2.400882
vt 0.963630 -2.478528
vt 0.636603 -2.425000
vt 0.620711 -2.445711
vt 1.003590 -2.575000
vt 0.600000 -2.461603
vt 0.575882 -2.471593
vt 0.550000 -2.475000
vt 0.524118 -2.471593
vt 0.500000 -2.461603
vt 0.222354 -3.389778
vt 0.150000 -3.359808
vt 0.087868 -3.312132
vt 0.040192 -3.250000
vt 0.010222 -3.177646
vt 0.479289 -2.445711
vt 0.463397 -2.425000
vt 0.453407 -2.400882
vt 0.450000 -2.375000
vt 0.453407 -2.349118
vt 0.463397 -2.325000
vt 0.479289 -2.304289
vt 0.500000 -2.288397
vt 1.050000 -1.037500
vt 0.300000 0.300000
vt 1.050000 -0.137500
vt 1.650000 -0.137500
vt 0.524118 -2.278407
vt 0.550000 -2.275000
vt 0.575882 -2.278407
vt 0.600000 -2.288397
vt 1.003590 -2.175000
vt 1.067157 -2.092157
vt 1.250000 -1.575000
vt 1.253407 -1.549118
vt 0.620711 -2.304289
vt 0.963630 -2.271472
vt 0.636603 -2.325000
vt 2.246593 -2.349118
vt 2.250000 -2.375000
vt 2.700000 -3.100000
vt 2.246593 -2.400882
vt 2.236603 -2.425000
vt 2.220711 -2.445711
vt 2.200000 -2.461603
vt 2.175882 -2.471593
vt 2.150000 -2.475000
vt 2.124118 -2.471593
vt 1.696410 -2.575000
vt 2.100000 -2.461603
vt 2.079289 -2.445711
vt 1.736370 -2.478528
vt 2.063397 -2.425000
vt 2.053407 -2.400882
vt 1.750000 -2.375000
vt 2.050000 -2.375000
vt 2.053407 -2.349118
vt 1.736370 -2.271472
vt 2.063397 -2.325000
vt 2.079289 -2.304289
vt 1.696410 -2.175000
vt 2.100000 -2.288397
vt 2.124118 -2.278407
vt 2.150000 -2.275000
vt 1.650000 -1.037500
vt 1.632843 -2.092157
vt 2.175882 -2.278407
vt 2.200000 -2.288397
vt 2.700000 0.002487
vt 2.220711 -2.304289
vt 2.236603 -2.325000
vt 1.253407 -1.600882
vt 1.150000 -2.028590
vt 1.263397 -1.625000
vt 1.246472 -1.988630
vt 1.279289 -1.645711
vt 1.300000 -1.661603
vt 1.324118 -1.671593
vt 1.350000 -1.975000
vt 1.350000 -1.675000
vt 1.375882 -1.671593
vt 1.453528 -1.988630
vt 1.400000 -1.661603
vt 1.420711 -1.645711
vt 1.436603 -1.625000
vt 1.550000 -2.028590
vt 1.446593 -1.600882
vt 1.450000 -1.575000
vt 1.446593 -1.549118
vt 1.436603 -1.525000
vt 1.420711 -1.504289
vt 1.400000 -1.488397
vt 1.375882 -1.478407
vt 1.350000 -1.475000
vt 1.324118 -1.478407
vt 1.300000 -1.488397
vt 1.279289 -1.504289
vt 1.263397 -1.525000
vt 2.691378 0.073892
vt 2.666008 0.141194
vt 2.625348 0.200522
vt 2.571735 0.248468
vt 2.508251 0.282275
vt 2.438545 0.300000
vt 0.222354 0.289778
vt 0.150000 0.259808
vt 0.087868 0.212132
vt 0.040192 0.150000
vt 0.010222 0.077646
vt 2.477646 -3.389778
vt 2.550000 -3.359808
vt 2.612132 -3.312132
vt 2.659808 -3.250000
vt 2.689778 -3.177646
vt -4.396952 -1.021018
vt -2.931302 -1.021018
vt -1.465651 -1.021018
vt -0.000000 -1.021018
vt -0.000000 -1.099557
vt -1.465651 -1.099557
vt -0.000000 -1.178097
vt -1.465651 -1.178097
vt -1.465651 -1.256637
vt -0.000000 -1.335177
vt -1.465651 -1.335177
vt -0.000000 -1.413717
vt -2.931302 -1.335177
vt -4.396952 -1.413717
vt -4.396952 -1.335177
vt -4.396952 -1.256637
vt -2.931302 -1.256637
vt -4.396952 -1.178097
vt -2.931302 -1.178097
vt -4.396952 -1.099557
vt -2.931302 -1.099557
vt -1.088545 -2.198476
vt -0.900000 0.001524
vt -1.088545 2.198476
vt -0.900000 0.601524
vt -0.896593 0.627406
vt 1.050000 -2.198476
vt -0.000000 -0.898476
vt -0.025882 -0.895069
vt -0.050000 -0.885079
vt 1.050000 2.198476
vt 0.900000 0.001524
vt 0.900000 -0.598476
vt 0.896593 -0.624358
vt -0.000000 0.901524
vt 0.025882 0.898116
vt 0.050000 0.888126
vt -0.386370 0.105051
vt -0.703407 0.027406
vt -0.400000 0.001524
vt -0.700000 0.001524
vt -0.703407 -0.024358
vt -0.346410 0.201524
vt -0.703407 0.575642
vt -0.713397 0.551524
vt -0.713397 0.051524
vt -0.729289 0.530813
vt -0.729289 0.072234
vt -0.750000 0.514921
vt -0.750000 0.088126
vt -0.774118 0.504931
vt -0.774118 0.098116
vt -0.800000 0.501524
vt -0.800000 0.101524
vt -0.825882 0.504931
vt -0.825882 0.098116
vt -0.850000 0.514921
vt -0.850000 0.088126
vt -0.870711 0.530813
vt -0.870711 0.072234
vt -0.886603 0.551524
vt -0.886603 0.051524
vt -0.896593 0.575642
vt -0.896593 0.027406
vt -0.700000 0.601524
vt -0.282843 0.284367
vt -0.703407 0.627406
vt -0.100000 0.801524
vt -0.096593 0.827406
vt -0.200000 0.347934
vt -0.096593 0.775642
vt -0.086603 0.751524
vt -0.103528 0.387894
vt -0.070711 0.730813
vt -0.050000 0.714921
vt -0.000000 0.401524
vt -0.025882 0.704931
vt -0.000000 0.701524
vt 0.025882 0.704931
vt 0.050000 0.714921
vt 0.103528 0.387894
vt 0.070711 0.730813
vt 0.086603 0.751524
vt 0.200000 0.347934
vt 0.096593 0.775642
vt 0.100000 0.801524
vt 0.282843 0.284367
vt 0.703407 0.627406
vt 0.700000 0.601524
vt 0.346410 0.201524
vt 0.703407 0.575642
vt 0.386370 0.105051
vt 0.713397 0.551524
vt 0.713397 0.051524
vt 0.729289 0.530813
vt 0.729289 0.072234
vt 0.750000 0.514921
vt 0.750000 0.088126
vt 0.774118 0.504931
vt 0.774118 0.098116
vt 0.800000 0.501524
vt 0.800000 0.101524
vt 0.825882 0.098116
vt 0.703407 0.027406
vt 0.400000 0.001524
vt 0.700000 0.001524
vt 0.703407 -0.024358
vt 0.386370 -0.102004
vt 0.713397 -0.048476
vt 0.713397 -0.548476
vt 0.729289 -0.069187
vt 0.729289 -0.527766
vt 0.750000 -0.085079
vt 0.750000 -0.511874
vt 0.774118 -0.095069
vt 0.774118 -0.501884
vt 0.800000 -0.098476
vt 0.800000 -0.498476
vt 0.825882 -0.501884
vt 0.703407 -0.572594
vt 0.346410 -0.198476
vt 0.700000 -0.598476
vt 0.282843 -0.281319
vt 0.703407 -0.624358
vt 0.100000 -0.798476
vt 0.096593 -0.824358
vt 0.200000 -0.344886
vt 0.096593 -0.772594
vt 0.086603 -0.748476
vt 0.103528 -0.384847
vt 0.070711 -0.727766
vt 0.050000 -0.711874
vt -0.000000 -0.398476
vt 0.025882 -0.701884
vt -0.000000 -0.698476
vt -0.025882 -0.701884
vt -0.050000 -0.711874
vt -0.103528 -0.384847
vt -0.070711 -0.727766
vt -0.086603 -0.748476
vt -0.200000 -0.344886
vt -0.096593 -0.772594
vt -0.100000 -0.798476
vt -0.282843 -0.281319
vt -0.703407 -0.624358
vt -0.700000 -0.598476
vt -0.346410 -0.198476
vt -0.703407 -0.572594
vt -0.386370 -0.102004
vt -0.713397 -0.548476
vt -0.713397 -0.048476
vt -0.729289 -0.527766
vt -0.729289 -0.069187
vt -0.750000 -0.511874
vt -0.750000 -0.085079
vt -0.774118 -0.501884
vt -0.774118 -0.095069
vt -0.800000 -0.498476
vt -0.800000 -0.098476
vt -0.825882 -0.501884
vt -0.825882 -0.095069
vt -0.850000 -0.511874
vt -0.850000 -0.085079
vt -0.870711 -0.527766
vt -0.870711 -0.069187
vt -0.886603 -0.548476
vt -0.886603 -0.048476
vt -0.896593 -0.572594
vt -0.896593 -0.024358
vt -0.900000 -0.598476
vt -0.713397 0.651524
vt -0.086603 0.851524
vt -0.729289 0.672234
vt -0.750000 0.688126
vt -0.774118 0.698116
vt -0.800000 0.701524
vt -0.825882 0.698116
vt -0.850000 0.688126
vt -0.870711 0.672234
vt -0.886603 0.651524
vt -0.070711 0.872234
vt -0.050000 0.888126
vt -0.025882 0.898116
vt 0.070711 0.872234
vt 0.086603 0.851524
vt 0.729289 0.672234
vt 0.713397 0.651524
vt 0.096593 0.827406
vt 0.713397 -0.648476
vt 0.086603 -0.848476
vt 0.729289 -0.669187
vt 0.750000 -0.685079
vt 0.774118 -0.695069
vt 0.800000 -0.698476
vt 0.825882 -0.695069
vt 0.850000 -0.685079
vt 0.870711 -0.669187
vt 0.886603 -0.648476
vt 0.070711 -0.869187
vt 0.050000 -0.885079
vt 0.025882 -0.895069
vt -0.070711 -0.869187
vt -0.086603 -0.848476
vt -0.729289 -0.669187
vt -0.713397 -0.648476
vt -0.096593 -0.824358
vt 0.825882 0.504931
vt 0.850000 0.088126
vt 0.850000 0.514921
vt 0.870711 0.072234
vt 0.870711 0.530813
vt 0.886603 0.051524
vt 0.886603 0.551524
vt 0.896593 0.027406
vt 0.896593 0.575642
vt 0.900000 0.601524
vt 0.896593 -0.024358
vt 0.896593 -0.572594
vt 0.886603 -0.048476
vt 0.886603 -0.548476
vt 0.870711 -0.069187
vt 0.870711 -0.527766
vt 0.850000 -0.085079
vt 0.850000 -0.511874
vt 0.825882 -0.095069
vt 0.750000 0.688126
vt 0.774118 0.698116
vt 0.800000 0.701524
vt 0.825882 0.698116
vt 0.850000 0.688126
vt 0.870711 0.672234
vt 0.886603 0.651524
vt 0.896593 0.627406
vt -0.750000 -0.685079
vt -0.774118 -0.695069
vt -0.800000 -0.698476
vt -0.825882 -0.695069
vt -0.850000 -0.685079
vt -0.870711 -0.669187
vt -0.886603 -0.648476
vt -0.896593 -0.624358
vt -0.000000 -0.471239
vt -0.200000 -0.471239
vt -0.000000 -0.549779
vt -0.200000 -0.549779
vt -0.200000 -0.628319
vt -0.000000 -0.706858
vt -0.200000 -0.706858
vt 0.000000 -0.785398
vt -0.200000 -0.785398
vt -0.000000 -0.863938
vt -0.200000 -0.863938
vt -0.200000 -0.942478
vt -0.200000 0.000000
vt -0.200000 -0.078540
vt -0.200000 -0.157080
vt -0.200000 -0.235619
vt -0.200000 -0.314159
vt -0.000000 -0.392699
vt -0.200000 -0.392699
vt -1.050000 1.798476
vt 1.050000 1.798476
vt -1.050000 -1.798476
vt 1.050000 -1.798476
vt 0.100000 0.300000
vt -0.700000 0.300000
vt 0.074118 0.296593
vt -0.674118 0.296593
vt 0.050000 0.286603
vt -0.650000 0.286603
vt 0.029289 0.270711
vt -0.629289 0.270711
vt 0.013397 0.250000
vt -0.613397 0.250000
vt 0.003407 0.225882
vt -0.603407 0.225882
vt 0.000000 0.200000
vt -0.600000 0.200000
vt -0.700000 4.096952
vt 0.100000 4.096952
vt -0.674118 4.100360
vt 0.074118 4.100360
vt -0.650000 4.110350
vt 0.050000 4.110350
vt -0.629289 4.126242
vt 0.029289 4.126242
vt -0.613397 4.146952
vt 0.013397 4.146952
vt -0.603407 4.171070
vt 0.003407 4.171070
vt -0.600000 4.196952
vt 0.000000 4.196952
vt -0.600000 4.396952
vt 0.000000 4.396952
vt -0.900000 0.200000
vt -0.900000 0.000000
vt -0.900000 4.196952
vt -0.900000 4.396952
vt -0.050000 -1.050000
vt 0.150000 -1.050000
vt -0.050000 1.050000
vt 0.150000 1.050000
vt 0.300000 -1.151917
vt 0.300000 -1.256637
vt 0.300000 1.256637
vt 0.300000 1.151917
vt 0.300000 1.047198
vt 0.300000 0.942478
vt 0.300000 0.837758
vt 0.300000 0.733038
vt 0.300000 0.628319
vt 0.300000 0.523599
vt 0.300000 0.418879
vt 0.300000 -0.418879
vt 0.300000 -0.523599
vt 0.300000 -0.628319
vt 0.300000 -0.733038
vt 0.300000 -0.837758
vt 0.300000 -0.942478
vt 0.300000 -1.047198
vt 0.191749 0.282275
vt 0.261455 0.300000
vt 2.400000 0.300000
vt 0.128265 0.248468
vt 0.074652 0.200522
vt 0.033992 0.141194
vt 0.008622 0.073892
vt 2.700000 -0.000000
vt 2.689778 0.077646
vt 2.659808 0.150000
vt 2.612132 0.212132
vt 2.550000 0.259808
vt 2.477646 0.289778
s 0
f 2/1/1 48/2/1 1/3/2
f 1/3/2 48/2/1 25/4/2
f 1/5/3 25/6/3 24/7/4
f 24/7/4 25/6/3 26/8/4
f 24/7/5 26/8/5 23/9/6
f 23/9/6 26/8/5 27/10/6
f 23/9/7 27/10/7 22/11/8
f 22/11/8 27/10/7 28/12/8
f 22/11/9 28/12/9 21/13/10
f 21/13/10 28/12/11 29/14/10
f 21/13/12 29/14/12 20/15/13
f 20/15/13 29/14/12 30/16/13
f 20/15/14 30/16/14 19/17/15
f 19/17/15 30/16/14 31/18/15
f 19/17/16 31/18/16 18/19/17
f 18/19/17 31/18/16 32/20/17
f 18/19/18 32/20/18 17/21/19
f 17/21/19 32/20/18 33/22/19
f 17/21/20 33/22/20 16/23/21
f 16/23/21 33/22/20 34/24/21
f 16/23/22 34/24/22 15/25/23
f 15/25/23 34/24/22 35/26/23
f 15/25/24 35/26/24 14/27/25
f 14/27/25 35/26/24 36/28/25
f 14/27/26 36/28/26 13/29/27
f 13/29/27 36/28/28 37/30/27
f 13/29/29 37/30/29 12/31/30
f 12/31/31 37/30/29 38/32/31
f 12/31/32 38/32/32 11/33/33
f 11/33/33 38/32/32 39/34/33
f 11/33/34 39/34/34 10/35/35
f 10/35/35 39/34/34 40/36/35
f 10/35/36 40/36/36 9/37/37
f 9/37/37 40/36/36 41/38/37
f 9/37/38 41/38/38 8/39/39
f 8/39/39 41/38/38 42/40/39
f 8/39/40 42/40/40 7/41/41
f 7/41/41 42/40/40 43/42/41
f 7/41/42 43/42/42 6/43/43
f 6/43/43 43/42/42 44/44/43
f 6/43/44 44/44/44 5/45/45
f 5/45/45 44/44/44 45/46/45
f 5/45/46 45/46/46 4/47/47
f 4/47/47 45/46/46 46/48/47
f 4/47/48 46/48/48 3/49/49
f 3/49/49 46/48/48 47/50/49
f 3/49/50 47/50/50 2/1/51
f 2/1/51 47/50/50 48/2/51
f 50/1/1 96/2/1 49/3/2
f 49/3/2 96/2/1 73/4/2
f 49/5/3 73/6/3 72/7/4
f 72/7/4 73/6/3 74/8/4
f 72/7/5 74/8/5 71/9/6
f 71/9/6 74/8/5 75/10/6
f 71/9/7 75/10/7 70/11/8
f 70/11/8 75/10/7 76/12/8
f 70/11/11 76/12/11 69/13/10
f 69/13/10 76/12/9 77/14/10
f 69/13/12 77/14/12 68/15/13
f 68/15/13 77/14/12 78/16/13
f 68/15/14 78/16/14 67/17/15
f 67/17/15 78/16/14 79/18/15
f 67/17/16 79/18/16 66/19/17
f 66/19/17 79/18/16 80/20/17
f 66/19/18 80/20/18 65/21/19
f 65/21/19 80/20/18 81/22/19
f 65/21/20 81/22/20 64/23/21
f 64/23/21 81/22/20 82/24/21
f 64/23/22 82/24/22 63/25/23
f 63/25/23 82/24/22 83/26/23
f 63/25/24 83/26/24 62/27/25
f 62/27/25 83/26/24 84/28/25
f 62/27/26 84/28/26 61/29/27
f 61/29/27 84/28/28 85/30/27
f 61/29/52 85/30/52 60/31/30
f 60/31/31 85/30/29 86/32/31
f 60/31/32 86/32/32 59/33/53
f 59/33/33 86/32/32 87/34/33
f 59/33/34 87/34/34 58/35/35
f 58/35/35 87/34/34 88/36/35
f 58/35/54 88/36/54 57/37/37
f 57/37/55 88/36/36 89/38/55
f 57/37/38 89/38/38 56/39/39
f 56/39/39 89/38/38 90/40/39
f 56/39/40 90/40/40 55/41/41
f 55/41/41 90/40/40 91/42/41
f 55/41/42 91/42/42 54/43/43
f 54/43/43 91/42/42 92/44/43
f 54/43/44 92/44/44 53/45/56
f 53/45/45 92/44/44 93/46/45
f 53/45/46 93/46/46 52/47/47
f 52/47/47 93/46/46 94/48/47
f 52/47/48 94/48/48 51/49/49
f 51/49/49 94/48/48 95/50/49
f 51/49/50 95/50/50 50/1/51
f 50/1/51 95/50/50 96/2/51
f 98/1/1 144/2/1 97/3/2
f 97/3/2 144/2/1 121/4/2
f 97/5/3 121/6/3 120/7/4
f 120/7/4 121/6/3 122/8/4
f 120/7/5 122/8/5 119/9/6
f 119/9/6 122/8/5 123/10/6
f 119/9/7 123/10/7 118/11/8
f 118/11/8 123/10/7 124/12/8
f 118/11/11 124/12/11 117/51/10
f 117/51/10 124/12/11 125/52/10
f 117/51/12 125/52/12 116/15/13
f 116/15/13 125/52/12 126/16/13
f 116/15/14 126/16/14 115/17/15
f 115/17/15 126/16/14 127/18/15
f 115/17/16 127/18/16 114/19/17
f 114/19/17 127/18/16 128/20/17
f 114/19/18 128/20/18 113/21/19
f 113/21/19 128/20/18 129/22/19
f 113/21/20 129/22/20 112/23/57
f 112/23/21 129/22/20 130/24/21
f 112/23/22 130/24/22 111/25/23
f 111/25/23 130/24/22 131/26/23
f 111/25/24 131/26/24 110/27/25
f 110/27/25 131/26/24 132/28/25
f 110/27/26 132/28/26 109/29/27
f 109/29/27 132/28/28 133/30/27
f 109/29/29 133/30/29 108/31/30
f 108/31/31 133/30/29 134/32/31
f 108/31/32 134/32/32 107/33/33
f 107/33/33 134/32/32 135/34/33
f 107/33/34 135/34/34 106/35/35
f 106/35/35 135/34/34 136/36/35
f 106/35/36 136/36/36 105/37/37
f 105/37/37 136/36/36 137/38/37
f 105/37/38 137/38/38 104/39/39
f 104/39/39 137/38/38 138/40/39
f 104/39/58 138/40/58 103/41/41
f 103/41/41 138/40/58 139/42/41
f 103/41/42 139/42/42 102/43/59
f 102/43/59 139/42/42 140/44/59
f 102/43/44 140/44/44 101/53/45
f 101/53/45 140/44/44 141/54/45
f 101/53/46 141/54/46 100/47/47
f 100/47/47 141/54/46 142/48/47
f 100/47/48 142/48/48 99/49/49
f 99/49/49 142/48/48 143/50/49
f 99/49/50 143/50/50 98/1/51
f 98/1/51 143/50/50 144/2/51
f 146/1/1 192/2/1 145/3/2
f 145/3/2 192/2/1 169/4/2
f 145/5/3 169/6/3 168/7/4
f 168/7/4 169/6/3 170/8/4
f 168/7/5 170/8/5 167/9/6
f 167/9/6 170/8/5 171/10/6
f 167/9/7 171/10/7 166/11/8
f 166/11/8 171/10/7 172/12/8
f 166/11/11 172/12/11 165/13/10
f 165/13/10 172/12/11 173/14/10
f 165/13/12 173/14/12 164/15/13
f 164/15/13 173/14/12 174/16/13
f 164/15/14 174/16/14 163/17/15
f 163/17/15 174/16/14 175/18/15
f 163/17/16 175/18/16 162/19/17
f 162/19/17 175/18/16 176/20/17
f 162/19/18 176/20/18 161/21/19
f 161/21/19 176/20/18 177/22/19
f 161/21/20 177/22/20 160/23/57
f 160/23/57 177/22/20 178/24/57
f 160/23/22 178/24/22 159/25/23
f 159/25/23 178/24/22 179/26/23
f 159/25/24 179/26/24 158/27/26
f 158/27/25 179/26/24 180/28/25
f 158/27/26 180/28/26 157/29/27
f 157/29/27 180/28/28 181/30/27
f 157/29/52 181/30/52 156/31/30
f 156/31/31 181/30/29 182/32/31
f 156/31/32 182/32/32 155/33/53
f 155/33/33 182/32/32 183/34/33
f 155/33/34 183/34/34 154/35/35
f 154/35/35 183/34/34 184/36/35
f 154/35/54 184/36/54 153/37/37
f 153/37/55 184/36/36 185/38/55
f 153/37/38 185/38/38 152/39/39
f 152/39/39 185/38/38 186/40/39
f 152/39/58 186/40/58 151/41/41
f 151/41/41 186/40/58 187/42/41
f 151/41/42 187/42/42 150/43/59
f 150/43/59 187/42/42 188/44/59
f 150/43/44 188/44/44 149/45/45
f 149/45/45 188/44/44 189/46/45
f 149/45/46 189/46/46 148/47/47
f 148/47/47 189/46/46 190/48/47
f 148/47/48 190/48/48 147/49/49
f 147/49/49 190/48/48 191/50/49
f 147/49/50 191/50/50 146/1/51
f 146/1/51 191/50/50 192/2/51
f 201/55/60 193/56/60 200/57/61
f 200/57/62 193/56/63 194/58/62
f 200/57/64 194/58/64 199/59/65
f 199/59/66 194/58/67 195/60/66
f 199/59/68 195/60/68 198/61/69
f 198/61/70 195/60/71 196/62/70
f 198/61/72 196/62/72 197/63/73
f 202/64/74 203/65/74 221/66/75
f 221/66/76 203/65/77 223/67/78
f 221/66/79 223/67/78 220/68/80
f 220/68/81 223/67/82 222/69/83
f 220/68/81 222/69/83 219/70/84
f 219/70/85 222/69/86 224/71/87
f 219/70/88 224/71/89 218/72/89
f 218/72/90 224/71/90 217/73/91
f 217/73/92 224/71/93 225/74/94
f 217/73/95 225/74/94 216/75/96
f 216/75/97 225/74/98 226/76/99
f 216/75/100 226/76/101 215/77/102
f 215/77/102 226/76/101 214/78/103
f 214/78/104 226/76/101 211/79/104
f 214/78/104 211/79/104 213/80/105
f 213/80/105 211/79/104 212/81/105
f 203/65/74 204/82/75 223/67/106
f 223/67/78 204/82/76 205/83/81
f 223/67/82 205/83/81 222/69/83
f 222/69/83 205/83/81 206/84/84
f 222/69/86 206/84/85 224/71/87
f 224/71/89 206/84/88 207/85/89
f 224/71/93 207/85/93 208/86/95
f 224/71/90 208/86/95 225/74/107
f 225/74/94 208/86/92 209/87/96
f 225/74/98 209/87/97 226/76/99
f 226/76/99 209/87/100 210/88/108
f 226/76/109 210/88/102 211/79/104
f 203/89/15 227/90/15 204/91/110
f 204/91/111 227/90/15 234/92/112
f 204/91/111 234/92/14 205/93/113
f 205/93/114 234/92/13 235/94/12
f 205/93/114 235/94/115 206/95/116
f 206/95/117 235/94/115 236/96/118
f 206/95/119 236/96/11 207/97/11
f 207/97/9 236/96/9 208/98/120
f 208/98/121 236/96/8 237/99/7
f 208/98/122 237/99/123 209/100/124
f 209/100/125 237/99/6 238/101/5
f 209/100/126 238/101/127 210/102/128
f 210/102/129 238/101/127 211/103/130
f 211/103/131 238/101/127 212/104/132
f 212/104/3 238/101/133 233/105/3
f 233/105/3 238/101/133 232/106/133
f 232/106/5 238/101/5 231/107/6
f 231/107/6 238/101/5 237/99/6
f 231/107/7 237/99/7 230/108/134
f 230/108/134 237/99/7 236/96/134
f 230/108/11 236/96/11 229/109/10
f 229/109/10 236/96/11 235/94/10
f 229/109/12 235/94/12 228/110/13
f 228/110/13 235/94/12 234/92/13
f 228/110/112 234/92/112 227/90/15
f 213/111/52 239/112/52 214/113/135
f 214/113/136 239/112/27 246/114/137
f 214/113/136 246/114/28 215/115/138
f 215/115/139 246/114/25 216/116/140
f 216/116/141 246/114/25 247/117/24
f 216/116/141 247/117/142 217/118/143
f 217/118/144 247/117/23 248/119/22
f 217/118/145 248/119/22 218/120/22
f 218/120/57 248/119/57 219/121/146
f 219/121/147 248/119/21 249/122/20
f 219/121/148 249/122/149 220/123/150
f 220/123/151 249/122/152 250/124/18
f 220/123/153 250/124/17 221/125/154
f 221/125/155 250/124/156 202/126/16
f 202/126/16 250/124/156 245/127/16
f 245/127/16 250/124/156 244/128/156
f 244/128/18 250/124/18 243/129/19
f 243/129/19 250/124/18 249/122/19
f 243/129/20 249/122/20 242/130/57
f 242/130/57 249/122/20 248/119/57
f 242/130/157 248/119/157 241/131/23
f 241/131/23 248/119/157 247/117/23
f 241/131/24 247/117/24 240/132/25
f 240/132/25 247/117/24 246/114/25
f 240/132/137 246/114/137 239/112/27
f 252/133/74 202/134/74 251/135/74
f 251/135/74 202/134/74 377/136/74
f 251/135/74 377/136/74 274/137/74
f 274/137/74 377/136/74 378/138/74
f 274/137/74 378/138/74 273/139/74
f 273/139/74 378/138/74 272/140/74
f 272/140/74 378/138/74 379/141/74
f 272/140/74 379/141/74 271/142/74
f 271/142/74 379/141/74 270/143/74
f 270/143/74 379/141/74 380/144/74
f 270/143/74 380/144/74 269/145/74
f 269/145/74 380/144/74 268/146/74
f 268/146/74 380/144/74 381/147/74
f 268/146/74 381/147/74 267/148/74
f 267/148/74 381/147/74 266/149/74
f 266/149/74 381/147/74 382/150/74
f 266/149/74 382/150/74 265/151/74
f 265/151/74 382/150/74 264/152/74
f 264/152/74 382/150/74 383/153/74
f 264/152/74 383/153/74 263/154/74
f 263/154/74 383/153/74 203/155/74
f 263/154/74 203/155/74 262/156/74
f 262/156/74 203/155/74 261/157/74
f 261/157/74 203/155/74 260/158/74
f 260/158/74 203/155/74 259/159/74
f 259/159/74 203/155/74 258/160/74
f 258/160/74 203/155/74 257/161/74
f 257/161/74 203/155/74 202/134/74
f 257/161/74 202/134/74 256/162/74
f 256/162/74 202/134/74 255/163/74
f 255/163/74 202/134/74 254/164/74
f 254/164/74 202/134/74 253/165/74
f 253/165/74 202/134/74 252/133/74
f 298/166/74 275/167/74 343/168/74
f 343/168/74 275/167/74 276/169/74
f 343/168/74 276/169/74 342/170/74
f 342/170/74 276/169/74 277/171/74
f 342/170/74 277/171/74 278/172/74
f 278/172/74 279/173/74 342/170/74
f 342/170/74 279/173/74 341/174/74
f 341/174/74 279/173/74 280/175/74
f 341/174/74 280/175/74 340/176/74
f 340/176/74 280/175/74 202/134/74
f 340/176/74 202/134/74 339/177/74
f 339/177/74 202/134/74 338/178/74
f 338/178/74 202/134/74 337/179/74
f 337/179/74 202/134/74 336/180/74
f 336/180/74 202/134/74 245/181/74
f 336/180/74 245/181/74 335/182/74
f 335/182/74 245/181/74 334/183/74
f 334/183/74 245/181/74 227/184/74
f 334/183/74 227/184/74 333/185/74
f 333/185/74 227/184/74 332/186/74
f 332/186/74 227/184/74 331/187/74
f 331/187/74 227/184/74 203/155/74
f 331/187/74 203/155/74 330/188/74
f 330/188/74 203/155/74 329/189/74
f 329/189/74 203/155/74 328/190/74
f 328/190/74 203/155/74 327/191/74
f 327/191/74 203/155/74 357/192/74
f 327/191/74 357/192/74 326/193/74
f 326/193/74 357/192/74 358/194/74
f 326/193/74 358/194/74 325/195/74
f 325/195/74 358/194/74 359/196/74
f 325/195/74 359/196/74 360/197/74
f 280/175/74 281/198/74 202/134/74
f 202/134/74 281/198/74 282/199/74
f 202/134/74 282/199/74 377/136/74
f 377/136/74 282/199/74 376/200/74
f 376/200/74 282/199/74 283/201/74
f 376/200/74 283/201/74 284/202/74
f 376/200/74 284/202/74 375/203/74
f 375/203/74 284/202/74 285/204/74
f 375/203/74 285/204/74 286/205/74
f 375/203/74 286/205/74 374/206/74
f 374/206/74 286/205/74 287/207/74
f 374/206/74 287/207/74 288/208/74
f 374/206/74 288/208/74 397/209/74
f 397/209/74 288/208/74 289/210/74
f 397/209/74 289/210/74 290/211/74
f 397/209/74 290/211/74 396/212/74
f 396/212/74 290/211/74 291/213/74
f 396/212/74 291/213/74 292/214/74
f 293/215/74 349/216/74 292/214/74
f 292/214/74 349/216/74 395/217/74
f 292/214/74 395/217/74 396/212/74
f 293/215/74 294/218/74 349/216/74
f 349/216/74 294/218/74 295/219/74
f 349/216/74 295/219/74 343/168/74
f 343/168/74 295/219/74 296/220/74
f 343/168/74 296/220/74 297/221/74
f 297/221/74 298/166/74 343/168/74
f 299/222/74 300/223/74 349/216/74
f 349/216/74 300/223/74 301/224/74
f 349/216/74 301/224/74 302/225/74
f 349/216/74 302/225/74 395/217/74
f 395/217/74 302/225/74 303/226/74
f 395/217/74 303/226/74 394/227/74
f 394/227/74 303/226/74 304/228/74
f 394/227/74 304/228/74 305/229/74
f 394/227/74 305/229/74 393/230/74
f 393/230/74 305/229/74 306/231/74
f 393/230/74 306/231/74 307/232/74
f 393/230/74 307/232/74 392/233/74
f 392/233/74 307/232/74 308/234/74
f 392/233/74 308/234/74 309/235/74
f 392/233/74 309/235/74 391/236/74
f 391/236/74 309/235/74 310/237/74
f 391/236/74 310/237/74 311/238/74
f 391/236/74 311/238/74 390/239/74
f 390/239/74 311/238/74 312/240/74
f 390/239/74 312/240/74 313/241/74
f 390/239/74 313/241/74 389/242/74
f 389/242/74 313/241/74 314/243/74
f 389/242/74 314/243/74 318/244/74
f 318/244/74 314/243/74 315/245/74
f 318/244/74 315/245/74 316/246/74
f 316/246/74 317/247/74 318/244/74
f 319/248/74 324/249/74 318/244/74
f 318/244/74 324/249/74 366/250/74
f 318/244/74 366/250/74 367/251/74
f 319/248/74 320/252/74 324/249/74
f 324/249/74 320/252/74 321/253/74
f 324/249/74 321/253/74 322/254/74
f 322/254/74 323/255/74 324/249/74
f 325/195/74 361/256/74 324/249/74
f 324/249/74 361/256/74 362/257/74
f 324/249/74 362/257/74 363/258/74
f 344/259/74 345/260/74 343/168/74
f 343/168/74 345/260/74 346/261/74
f 343/168/74 346/261/74 347/262/74
f 347/262/74 348/263/74 343/168/74
f 343/168/74 348/263/74 349/216/74
f 373/264/74 350/265/74 386/266/74
f 386/266/74 350/265/74 351/267/74
f 386/266/74 351/267/74 385/268/74
f 385/268/74 351/267/74 352/269/74
f 385/268/74 352/269/74 353/270/74
f 385/268/74 353/270/74 384/271/74
f 384/271/74 353/270/74 354/272/74
f 384/271/74 354/272/74 355/273/74
f 356/274/74 203/155/74 355/273/74
f 355/273/74 203/155/74 383/153/74
f 355/273/74 383/153/74 384/271/74
f 356/274/74 357/192/74 203/155/74
f 360/197/74 361/256/74 325/195/74
f 363/258/74 364/275/74 324/249/74
f 324/249/74 364/275/74 365/276/74
f 324/249/74 365/276/74 366/250/74
f 367/251/74 368/277/74 318/244/74
f 318/244/74 368/277/74 369/278/74
f 318/244/74 369/278/74 389/242/74
f 389/242/74 369/278/74 388/279/74
f 388/279/74 369/278/74 370/280/74
f 388/279/74 370/280/74 371/281/74
f 388/279/74 371/281/74 387/282/74
f 387/282/74 371/281/74 372/283/74
f 387/282/74 372/283/74 373/264/74
f 387/282/74 373/264/74 386/266/74
f 399/284/158 427/285/159 398/286/160
f 398/286/160 427/285/161 436/287/162
f 398/286/163 436/287/164 421/288/165
f 421/288/166 436/287/167 537/289/168
f 421/288/169 537/289/170 420/290/171
f 420/290/172 537/289/173 532/291/174
f 420/290/172 532/291/175 419/292/176
f 419/292/177 532/291/178 527/293/179
f 419/292/180 527/293/181 418/294/182
f 418/294/183 527/293/184 522/295/185
f 418/294/186 522/295/187 417/296/188
f 417/296/189 522/295/190 517/297/191
f 417/296/192 517/297/193 416/298/194
f 416/298/194 517/297/193 512/299/195
f 416/298/196 512/299/197 415/300/198
f 415/300/199 512/299/197 507/301/200
f 415/300/199 507/301/201 414/302/202
f 414/302/202 507/301/201 502/303/203
f 414/302/204 502/303/205 413/304/206
f 413/304/206 502/303/207 497/305/208
f 413/304/209 497/305/210 412/306/211
f 412/306/211 497/305/212 492/307/213
f 412/306/214 492/307/215 411/308/216
f 411/308/217 492/307/213 487/309/218
f 411/308/219 487/309/220 410/310/221
f 410/310/222 487/309/223 422/311/4
f 410/312/224 422/313/225 409/314/226
f 409/314/227 422/313/228 482/315/229
f 409/314/230 482/315/231 408/316/232
f 408/316/233 482/315/234 477/317/235
f 408/316/236 477/317/237 407/318/238
f 407/318/239 477/317/240 472/319/241
f 407/318/242 472/319/243 406/320/244
f 406/320/245 472/319/246 467/321/247
f 406/320/248 467/321/249 405/322/250
f 405/322/250 467/321/249 462/323/251
f 405/322/252 462/323/253 404/324/254
f 404/324/254 462/323/255 457/325/256
f 404/324/257 457/325/258 403/326/259
f 403/326/260 457/325/261 452/327/262
f 403/326/263 452/327/264 402/328/265
f 402/328/266 452/327/262 447/329/267
f 402/328/268 447/329/269 401/330/270
f 401/330/271 447/329/272 442/331/273
f 401/330/271 442/331/273 400/332/274
f 400/332/275 442/331/276 437/333/277
f 400/332/278 437/333/279 399/284/280
f 399/284/281 437/333/279 427/285/282
f 274/334/16 541/335/283 251/336/16
f 251/336/16 541/335/284 432/337/285
f 251/336/16 432/337/285 252/338/16
f 252/338/16 432/337/285 431/339/286
f 252/338/16 431/339/287 253/340/16
f 253/340/16 431/339/287 441/341/288
f 253/340/289 441/341/290 254/342/289
f 254/342/74 441/341/291 446/343/292
f 254/342/289 446/343/292 255/344/289
f 255/344/74 446/343/292 451/345/293
f 255/344/294 451/345/293 256/346/289
f 256/346/294 451/345/295 456/347/296
f 256/346/294 456/347/297 257/348/294
f 257/348/74 456/347/298 461/349/299
f 257/348/294 461/349/299 258/350/294
f 258/350/74 461/349/299 466/351/300
f 258/350/294 466/351/301 259/352/294
f 259/352/74 466/351/302 471/353/303
f 259/352/15 471/353/304 260/354/74
f 260/354/305 471/353/306 476/355/307
f 260/354/15 476/355/308 261/356/15
f 261/356/305 476/355/307 481/357/309
f 261/356/15 481/357/309 262/358/305
f 262/358/15 481/357/310 486/359/311
f 262/358/15 486/359/312 263/360/15
f 263/360/15 486/359/313 426/361/314
f 263/362/15 426/363/314 264/364/15
f 264/364/15 426/363/14 491/365/315
f 264/364/15 491/365/316 265/366/15
f 265/366/15 491/365/316 496/367/317
f 265/366/318 496/367/319 266/368/318
f 266/368/15 496/367/320 501/369/321
f 266/368/77 501/369/322 267/370/77
f 267/370/74 501/369/321 506/371/323
f 267/370/74 506/371/324 268/372/74
f 268/372/77 506/371/325 511/373/326
f 268/372/77 511/373/327 269/374/77
f 269/374/74 511/373/328 516/375/106
f 269/374/77 516/375/78 270/376/77
f 270/376/74 516/375/106 521/377/329
f 270/376/77 521/377/330 271/378/77
f 271/378/74 521/377/329 526/379/331
f 271/378/332 526/379/333 272/380/77
f 272/380/74 526/379/334 531/381/335
f 272/380/16 531/381/335 273/382/16
f 273/382/332 531/381/336 536/383/337
f 273/382/16 536/383/338 274/334/16
f 274/334/332 536/383/337 541/335/339
f 422/313/340 423/384/341 482/315/342
f 482/315/343 423/384/344 483/385/345
f 482/315/342 483/385/346 477/317/347
f 477/317/348 483/385/346 478/386/349
f 477/317/350 478/386/351 472/319/352
f 472/319/353 478/386/351 473/387/354
f 472/319/355 473/387/356 467/321/357
f 467/321/358 473/387/359 468/388/360
f 467/321/357 468/388/361 462/323/362
f 462/323/362 468/388/363 463/389/364
f 462/323/365 463/389/366 457/325/367
f 457/325/368 463/389/366 458/390/369
f 457/325/370 458/390/369 452/327/371
f 452/327/372 458/390/373 453/391/374
f 452/327/372 453/391/375 447/329/376
f 447/329/376 453/391/377 448/392/378
f 447/329/379 448/392/380 442/331/381
f 442/331/382 448/392/383 443/393/384
f 442/331/385 443/393/386 437/333/387
f 437/333/387 443/393/388 438/394/389
f 437/333/390 438/394/391 427/285/161
f 427/285/392 438/394/393 428/395/394
f 427/285/392 428/395/395 436/287/396
f 436/287/396 428/395/395 435/396/397
f 436/287/25 435/396/398 537/289/399
f 537/289/399 435/396/400 538/397/401
f 537/289/402 538/397/403 532/291/404
f 532/291/404 538/397/405 533/398/406
f 532/291/407 533/398/408 527/293/409
f 527/293/409 533/398/410 528/399/411
f 527/293/412 528/399/413 522/295/414
f 522/295/415 528/399/416 523/400/417
f 522/295/418 523/400/419 517/297/420
f 517/297/420 523/400/421 518/401/422
f 517/297/423 518/401/424 512/299/425
f 512/299/99 518/401/426 513/402/98
f 512/299/99 513/402/98 507/301/427
f 507/301/201 513/402/428 508/403/429
f 507/301/430 508/403/431 502/303/432
f 502/303/432 508/403/433 503/404/434
f 502/303/435 503/404/436 497/305/437
f 497/305/437 503/404/438 498/405/439
f 497/305/440 498/405/441 492/307/442
f 492/307/443 498/405/444 493/406/445
f 492/307/446 493/406/447 487/309/448
f 487/309/448 493/406/449 488/407/450
f 487/309/451 488/407/452 422/311/453
f 422/311/453 488/407/452 423/408/454
f 423/384/455 424/409/456 483/385/457
f 483/385/345 424/409/458 484/410/459
f 483/385/460 484/410/461 478/386/462
f 478/386/463 484/410/464 479/411/465
f 478/386/466 479/411/467 473/387/468
f 473/387/469 479/411/467 474/412/470
f 473/387/471 474/412/472 468/388/473
f 468/388/473 474/412/474 469/413/475
f 468/388/476 469/413/475 463/389/477
f 463/389/364 469/413/478 464/414/479
f 463/389/480 464/414/481 458/390/482
f 458/390/483 464/414/484 459/415/485
f 458/390/482 459/415/485 453/391/486
f 453/391/487 459/415/488 454/416/489
f 453/391/490 454/416/491 448/392/492
f 448/392/493 454/416/494 449/417/495
f 448/392/496 449/417/497 443/393/498
f 443/393/499 449/417/500 444/418/501
f 443/393/499 444/418/501 438/394/502
f 438/394/503 444/418/504 439/419/505
f 438/394/503 439/419/506 428/395/507
f 428/395/508 439/419/509 429/420/510
f 428/395/511 429/420/512 435/396/513
f 435/396/514 429/420/515 434/421/157
f 435/396/516 434/421/517 538/397/518
f 538/397/519 434/421/517 539/422/520
f 538/397/521 539/422/522 533/398/408
f 533/398/523 539/422/524 534/423/525
f 533/398/526 534/423/527 528/399/528
f 528/399/528 534/423/529 529/424/530
f 528/399/531 529/424/532 523/400/533
f 523/400/534 529/424/535 524/425/536
f 523/400/537 524/425/538 518/401/539
f 518/401/539 524/425/540 519/426/541
f 518/401/542 519/426/543 513/402/544
f 513/402/545 519/426/546 514/427/547
f 513/402/548 514/427/549 508/403/550
f 508/403/551 514/427/549 509/428/552
f 508/403/433 509/428/553 503/404/554
f 503/404/555 509/428/556 504/429/557
f 503/404/558 504/429/557 498/405/559
f 498/405/560 504/429/561 499/430/562
f 498/405/563 499/430/564 493/406/565
f 493/406/566 499/430/567 494/431/568
f 493/406/569 494/431/570 488/407/571
f 488/407/571 494/431/572 489/432/573
f 488/407/574 489/432/575 423/408/123
f 423/408/576 489/432/577 424/433/9
f 424/409/11 425/434/10 484/410/578
f 484/410/579 425/434/580 485/435/581
f 484/410/582 485/435/583 479/411/584
f 479/411/585 485/435/586 480/436/587
f 479/411/588 480/436/589 474/412/590
f 474/412/591 480/436/589 475/437/592
f 474/412/593 475/437/592 469/413/594
f 469/413/594 475/437/592 470/438/595
f 469/413/596 470/438/595 464/414/597
f 464/414/598 470/438/599 465/439/600
f 464/414/601 465/439/602 459/415/485
f 459/415/485 465/439/602 460/440/603
f 459/415/604 460/440/605 454/416/606
f 454/416/606 460/440/603 455/441/607
f 454/416/608 455/441/609 449/417/610
f 449/417/610 455/441/609 450/442/611
f 449/417/612 450/442/613 444/418/614
f 444/418/615 450/442/616 445/443/617
f 444/418/618 445/443/617 439/419/619
f 439/419/620 445/443/617 440/444/621
f 439/419/509 440/444/622 429/420/510
f 429/420/623 440/444/622 430/445/624
f 429/420/625 430/445/626 434/421/627
f 434/421/57 430/445/628 433/446/149
f 434/421/57 433/446/20 539/422/629
f 539/422/630 433/446/631 540/447/632
f 539/422/633 540/447/634 534/423/635
f 534/423/636 540/447/632 535/448/637
f 534/423/529 535/448/638 529/424/639
f 529/424/639 535/448/638 530/449/640
f 529/424/641 530/449/640 524/425/642
f 524/425/643 530/449/644 525/450/645
f 524/425/646 525/450/645 519/426/647
f 519/426/648 525/450/645 520/451/649
f 519/426/650 520/451/651 514/427/652
f 514/427/653 520/451/651 515/452/86
f 514/427/89 515/452/86 509/428/654
f 509/428/655 515/452/86 510/453/656
f 509/428/657 510/453/658 504/429/659
f 504/429/659 510/453/658 505/454/660
f 504/429/659 505/454/660 499/430/661
f 499/430/661 505/454/662 500/455/663
f 499/430/567 500/455/664 494/431/665
f 494/431/666 500/455/667 495/456/668
f 494/431/666 495/456/669 489/432/670
f 489/432/577 495/456/671 490/457/672
f 489/432/577 490/457/673 424/433/674
f 424/433/674 490/457/673 425/458/675
f 425/434/12 426/361/13 485/435/676
f 485/435/677 426/361/678 486/359/679
f 485/435/677 486/359/680 480/436/681
f 480/436/682 486/359/683 481/357/684
f 480/436/685 481/357/686 475/437/687
f 475/437/688 481/357/684 476/355/689
f 475/437/687 476/355/690 470/438/691
f 470/438/595 476/355/692 471/353/693
f 470/438/694 471/353/695 465/439/696
f 465/439/696 471/353/695 466/351/697
f 465/439/696 466/351/697 460/440/698
f 460/440/699 466/351/700 461/349/701
f 460/440/698 461/349/701 455/441/702
f 455/441/607 461/349/701 456/347/703
f 455/441/702 456/347/296 450/442/704
f 450/442/705 456/347/703 451/345/295
f 450/442/706 451/345/707 445/443/708
f 445/443/709 451/345/710 446/343/711
f 445/443/712 446/343/713 440/444/714
f 440/444/715 446/343/716 441/341/717
f 440/444/718 441/341/719 430/445/720
f 430/445/720 441/341/719 431/339/721
f 430/445/722 431/339/723 433/446/19
f 433/446/724 431/339/723 432/337/725
f 433/446/19 432/337/18 540/447/726
f 540/447/727 432/337/728 541/335/729
f 540/447/730 541/335/729 535/448/731
f 535/448/732 541/335/729 536/383/733
f 535/448/734 536/383/733 530/449/735
f 530/449/736 536/383/737 531/381/738
f 530/449/735 531/381/336 525/450/739
f 525/450/740 531/381/741 526/379/742
f 525/450/743 526/379/744 520/451/745
f 520/451/746 526/379/744 521/377/747
f 520/451/746 521/377/748 515/452/83
f 515/452/749 521/377/747 516/375/82
f 515/452/83 516/375/78 510/453/750
f 510/453/751 516/375/82 511/373/752
f 510/453/753 511/373/326 505/454/754
f 505/454/755 511/373/752 506/371/325
f 505/454/756 506/371/757 500/455/758
f 500/455/663 506/371/759 501/369/760
f 500/455/761 501/369/762 495/456/763
f 495/456/764 501/369/765 496/367/766
f 495/456/669 496/367/767 490/457/768
f 490/457/769 496/367/766 491/365/770
f 490/457/771 491/365/772 425/458/12
f 425/458/12 491/365/772 426/363/773
f 543/8/774 399/459/774 542/6/775
f 542/6/775 399/459/776 398/460/775
f 542/4/777 398/461/777 565/2/165
f 565/2/165 398/461/777 421/462/165
f 565/2/165 421/462/165 564/50/778
f 564/50/779 421/462/780 420/463/779
f 564/50/779 420/463/779 563/48/176
f 563/48/781 420/463/782 419/464/781
f 563/48/781 419/464/781 562/46/183
f 562/46/783 419/464/784 418/465/783
f 562/46/785 418/465/785 561/44/188
f 561/44/786 418/465/783 417/466/786
f 561/44/787 417/466/787 560/42/788
f 560/42/788 417/466/188 416/467/788
f 560/42/789 416/467/789 559/40/790
f 559/40/791 416/467/789 415/468/791
f 559/40/792 415/468/792 558/38/793
f 558/38/794 415/468/792 414/469/794
f 558/38/795 414/469/795 557/36/796
f 557/36/797 414/469/795 413/470/797
f 557/36/797 413/470/797 556/34/798
f 556/34/211 413/470/799 412/471/211
f 556/34/211 412/471/211 555/32/216
f 555/32/800 412/471/801 411/472/800
f 555/32/802 411/472/802 554/30/222
f 554/30/222 411/472/802 410/473/222
f 554/30/803 410/473/803 553/28/804
f 553/28/804 410/473/803 409/474/804
f 553/28/805 409/474/805 552/26/233
f 552/26/233 409/474/805 408/475/233
f 552/26/806 408/475/806 551/24/239
f 551/24/239 408/475/806 407/476/239
f 551/24/807 407/476/807 550/22/808
f 550/22/248 407/476/807 406/477/248
f 550/22/809 406/477/809 549/20/810
f 549/20/810 406/477/809 405/478/810
f 549/20/811 405/478/811 548/18/812
f 548/18/812 405/478/811 404/479/812
f 548/18/812 404/479/812 547/16/813
f 547/16/813 404/479/812 403/480/813
f 547/16/814 403/480/814 546/14/815
f 546/14/815 403/480/814 402/481/815
f 546/14/265 402/481/265 545/12/270
f 545/12/270 402/481/265 401/482/270
f 545/12/816 401/482/816 544/10/275
f 544/10/275 401/482/816 400/483/275
f 544/10/817 400/483/817 543/8/280
f 543/8/280 400/483/817 399/459/280
f 567/484/158 595/485/818 566/286/775
f 566/286/160 595/485/159 604/287/26
f 566/286/163 604/287/164 589/486/819
f 589/486/166 604/287/167 705/487/820
f 589/486/169 705/487/821 588/488/171
f 588/488/778 705/487/170 700/489/174
f 588/488/822 700/489/823 587/490/180
f 587/490/824 700/489/178 695/491/179
f 587/490/825 695/491/181 586/492/826
f 586/492/182 695/491/827 690/493/414
f 586/492/826 690/493/414 585/494/189
f 585/494/188 690/493/190 685/495/828
f 585/494/829 685/495/830 584/496/105
f 584/496/194 685/495/828 680/497/425
f 584/496/831 680/497/101 583/498/791
f 583/498/790 680/497/832 675/499/201
f 583/498/833 675/499/834 582/500/202
f 582/500/202 675/499/834 670/501/835
f 582/500/793 670/501/205 581/502/796
f 581/502/206 670/501/207 665/503/836
f 581/502/206 665/503/836 580/504/837
f 580/504/214 665/503/838 660/505/215
f 580/504/801 660/505/839 579/506/216
f 579/506/217 660/505/840 655/507/220
f 579/506/841 655/507/220 578/508/221
f 578/508/222 655/507/223 590/509/842
f 578/510/224 590/511/843 577/512/226
f 577/512/226 590/511/843 650/513/229
f 577/512/805 650/513/231 576/514/844
f 576/514/233 650/513/231 645/515/348
f 576/514/236 645/515/237 575/516/238
f 575/516/845 645/515/240 640/517/846
f 575/516/845 640/517/243 574/518/808
f 574/518/245 640/517/243 635/519/847
f 574/518/244 635/519/249 573/520/250
f 573/520/810 635/519/249 630/521/251
f 573/520/252 630/521/253 572/522/254
f 572/522/257 630/521/848 625/523/258
f 572/522/812 625/523/849 571/524/850
f 571/524/260 625/523/261 620/525/262
f 571/524/263 620/525/264 570/526/851
f 570/526/851 620/525/264 615/527/267
f 570/526/265 615/527/852 569/528/853
f 569/528/271 615/527/272 610/529/273
f 569/528/271 610/529/273 568/530/854
f 568/530/855 610/529/856 605/531/277
f 568/530/855 605/531/279 567/484/281
f 567/484/281 605/531/857 595/485/858
f 397/532/16 709/533/284 374/336/16
f 374/336/16 709/533/284 600/337/285
f 374/336/16 600/337/285 375/534/16
f 375/534/16 600/337/285 599/535/287
f 375/534/16 599/535/287 376/536/16
f 376/536/16 599/535/287 609/537/290
f 376/536/294 609/537/290 377/538/294
f 377/538/289 609/537/290 614/539/859
f 377/538/294 614/539/859 378/540/294
f 378/540/16 614/539/860 619/541/293
f 378/540/294 619/541/861 379/542/294
f 379/542/74 619/541/862 624/543/298
f 379/542/294 624/543/297 380/544/294
f 380/544/294 624/543/296 629/545/863
f 380/544/294 629/545/299 381/546/294
f 381/546/294 629/545/863 634/547/697
f 381/546/74 634/547/302 382/548/74
f 382/548/294 634/547/697 639/549/864
f 382/548/74 639/549/304 383/550/74
f 383/550/305 639/549/304 644/551/865
f 383/550/15 644/551/308 384/552/15
f 384/552/305 644/551/307 649/553/309
f 384/552/15 649/553/866 385/554/15
f 385/554/15 649/553/866 654/555/312
f 385/554/15 654/555/313 386/556/305
f 386/556/15 654/555/312 594/557/14
f 386/558/15 594/559/314 387/560/15
f 387/560/15 594/559/314 659/561/316
f 387/560/15 659/561/316 388/562/15
f 388/562/15 659/561/867 664/563/320
f 388/562/318 664/563/868 389/564/318
f 389/564/15 664/563/320 669/565/869
f 389/564/77 669/565/870 390/566/318
f 390/566/15 669/565/871 674/567/323
f 390/566/77 674/567/872 391/568/77
f 391/568/77 674/567/873 679/569/328
f 391/568/874 679/569/326 392/570/874
f 392/570/74 679/569/875 684/571/106
f 392/570/77 684/571/78 393/572/77
f 393/572/77 684/571/78 689/573/330
f 393/572/77 689/573/329 394/574/77
f 394/574/77 689/573/329 694/575/331
f 394/574/74 694/575/334 395/576/74
f 395/576/77 694/575/333 699/577/876
f 395/576/16 699/577/335 396/578/16
f 396/578/332 699/577/336 704/579/337
f 396/578/16 704/579/877 397/532/16
f 397/532/16 704/579/337 709/533/878
f 590/511/5 591/580/879 650/513/343
f 650/513/342 591/580/341 651/581/880
f 650/513/881 651/581/882 645/515/883
f 645/515/883 651/581/882 646/582/349
f 645/515/350 646/582/884 640/517/885
f 640/517/353 646/582/351 641/583/886
f 640/517/355 641/583/356 635/519/887
f 635/519/888 641/583/354 636/584/889
f 635/519/357 636/584/890 630/521/365
f 630/521/362 636/584/363 631/585/891
f 630/521/892 631/585/366 625/523/370
f 625/523/370 631/585/366 626/586/893
f 625/523/368 626/586/369 620/525/894
f 620/525/894 626/586/895 621/587/896
f 620/525/897 621/587/898 615/527/376
f 615/527/376 621/587/375 616/588/899
f 615/527/379 616/588/383 610/529/385
f 610/529/900 616/588/383 611/589/386
f 610/529/385 611/589/386 605/531/277
f 605/531/387 611/589/901 606/590/902
f 605/531/390 606/590/503 595/485/903
f 595/485/392 606/590/391 596/591/394
f 595/485/904 596/591/395 604/287/396
f 604/287/396 596/591/905 603/396/397
f 604/287/25 603/396/24 705/487/399
f 705/487/399 603/396/906 706/592/907
f 705/487/402 706/592/403 700/489/404
f 700/489/404 706/592/405 701/593/408
f 700/489/407 701/593/410 695/491/908
f 695/491/909 701/593/910 696/594/416
f 695/491/909 696/594/416 690/493/415
f 690/493/415 696/594/911 691/595/912
f 690/493/418 691/595/913 685/495/420
f 685/495/423 691/595/913 686/596/422
f 685/495/423 686/596/424 680/497/914
f 680/497/99 686/596/424 681/597/98
f 680/497/915 681/597/916 675/499/430
f 675/499/427 681/597/98 676/598/429
f 675/499/430 676/598/431 670/501/432
f 670/501/432 676/598/433 671/599/917
f 670/501/435 671/599/438 665/503/437
f 665/503/918 671/599/919 666/600/920
f 665/503/918 666/600/439 660/505/443
f 660/505/443 666/600/444 661/601/921
f 660/505/840 661/601/447 655/507/218
f 655/507/448 661/601/449 656/602/922
f 655/507/923 656/602/452 590/509/453
f 590/509/127 656/602/452 591/603/454
f 591/580/7 592/604/924 651/581/457
f 651/581/457 592/604/9 652/605/464
f 651/581/925 652/605/464 646/582/926
f 646/582/463 652/605/927 647/606/928
f 646/582/929 647/606/930 641/583/354
f 641/583/468 647/606/467 642/607/470
f 641/583/931 642/607/474 636/584/363
f 636/584/932 642/607/474 637/608/475
f 636/584/933 637/608/934 631/585/477
f 631/585/477 637/608/475 632/609/935
f 631/585/480 632/609/936 626/586/483
f 626/586/937 632/609/936 627/610/938
f 626/586/482 627/610/485 621/587/939
f 621/587/939 627/610/940 622/611/941
f 621/587/375 622/611/494 616/588/942
f 616/588/493 622/611/491 617/612/495
f 616/588/496 617/612/943 611/589/498
f 611/589/498 617/612/497 612/613/944
f 611/589/945 612/613/501 606/590/946
f 606/590/946 612/613/504 607/614/505
f 606/590/947 607/614/506 596/591/508
f 596/591/508 607/614/948 597/615/949
f 596/591/511 597/615/515 603/396/23
f 603/396/513 597/615/949 602/421/950
f 603/396/400 602/421/951 706/592/518
f 706/592/519 602/421/627 707/616/520
f 706/592/952 707/616/953 701/593/954
f 701/593/954 707/616/953 702/617/955
f 701/593/956 702/617/529 696/594/528
f 696/594/957 702/617/958 697/618/959
f 696/594/531 697/618/532 691/595/419
f 691/595/960 697/618/532 692/619/536
f 691/595/419 692/619/961 686/596/422
f 686/596/539 692/619/538 687/620/962
f 686/596/542 687/620/650 681/597/544
f 681/597/544 687/620/546 682/621/547
f 681/597/107 682/621/549 676/598/550
f 676/598/550 682/621/93 677/622/963
f 676/598/964 677/622/556 671/599/555
f 671/599/555 677/622/556 672/623/965
f 671/599/558 672/623/965 666/600/559
f 666/600/559 672/623/557 667/624/966
f 666/600/563 667/624/564 661/601/967
f 661/601/565 667/624/968 662/625/969
f 661/601/569 662/625/570 656/602/571
f 656/602/450 662/625/572 657/626/573
f 656/602/574 657/626/575 591/603/576
f 591/603/576 657/626/573 592/627/970
f 592/604/11 593/628/10 652/605/971
f 652/605/579 593/628/10 653/629/586
f 652/605/972 653/629/583 647/606/584
f 647/606/584 653/629/583 648/630/973
f 647/606/584 648/630/682 642/607/591
f 642/607/590 648/630/589 643/631/592
f 642/607/974 643/631/975 637/608/976
f 637/608/594 643/631/592 638/632/977
f 637/608/596 638/632/595 632/609/978
f 632/609/979 638/632/595 633/633/602
f 632/609/980 633/633/602 627/610/981
f 627/610/485 633/633/982 628/634/603
f 627/610/983 628/634/603 622/611/606
f 622/611/608 628/634/984 623/635/607
f 622/611/985 623/635/609 617/612/986
f 617/612/986 623/635/607 618/636/611
f 617/612/987 618/636/613 612/613/614
f 612/613/615 618/636/988 613/637/989
f 612/613/990 613/637/617 607/614/620
f 607/614/991 613/637/617 608/638/621
f 607/614/992 608/638/622 597/615/993
f 597/615/994 608/638/622 598/639/628
f 597/615/994 598/639/628 602/421/995
f 602/421/627 598/639/996 601/446/20
f 602/421/57 601/446/20 707/616/629
f 707/616/630 601/446/149 708/640/632
f 707/616/997 708/640/634 702/617/636
f 702/617/998 708/640/634 703/641/637
f 702/617/998 703/641/637 697/618/999
f 697/618/1000 703/641/1001 698/642/640
f 697/618/1002 698/642/1003 692/619/1004
f 692/619/642 698/642/640 693/643/1005
f 692/619/646 693/643/645 687/620/962
f 687/620/650 693/643/645 688/644/649
f 687/620/1006 688/644/651 682/621/87
f 682/621/1007 688/644/651 683/645/1008
f 682/621/89 683/645/86 677/622/655
f 677/622/1009 683/645/1008 678/646/656
f 677/622/654 678/646/658 672/623/1010
f 672/623/1010 678/646/658 673/647/662
f 672/623/1011 673/647/1012 667/624/1013
f 667/624/1014 673/647/1015 668/648/667
f 667/624/1016 668/648/667 662/625/1017
f 662/625/666 668/648/1018 663/649/1019
f 662/625/666 663/649/671 657/626/1020
f 657/626/1021 663/649/671 658/650/673
f 657/626/1022 658/650/673 592/627/674
f 592/627/1023 658/650/673 593/651/10
f 593/628/12 594/557/13 653/629/677
f 653/629/677 594/557/13 654/555/679
f 653/629/677 654/555/680 648/630/1024
f 648/630/1025 654/555/679 649/553/686
f 648/630/1024 649/553/686 643/631/687
f 643/631/975 649/553/684 644/551/689
f 643/631/688 644/551/690 638/632/691
f 638/632/691 644/551/1026 639/549/1027
f 638/632/599 639/549/695 633/633/1028
f 633/633/696 639/549/695 634/547/700
f 633/633/696 634/547/700 628/634/698
f 628/634/605 634/547/700 629/545/701
f 628/634/698 629/545/701 623/635/702
f 623/635/607 629/545/701 624/543/703
f 623/635/1029 624/543/296 618/636/706
f 618/636/1030 624/543/703 619/541/295
f 618/636/1031 619/541/1032 613/637/1033
f 613/637/708 619/541/707 614/539/1034
f 613/637/1033 614/539/713 608/638/1035
f 608/638/1036 614/539/716 609/537/1037
f 608/638/718 609/537/1038 598/639/720
f 598/639/720 609/537/719 599/535/1039
f 598/639/722 599/535/723 601/446/19
f 601/446/19 599/535/723 600/337/18
f 601/446/19 600/337/18 708/640/727
f 708/640/727 600/337/728 709/533/729
f 708/640/727 709/533/729 703/641/732
f 703/641/1040 709/533/729 704/579/733
f 703/641/1041 704/579/1042 698/642/735
f 698/642/735 704/579/733 699/577/1043
f 698/642/735 699/577/336 693/643/739
f 693/643/1044 699/577/738 694/575/1045
f 693/643/743 694/575/333 688/644/745
f 688/644/746 694/575/744 689/573/747
f 688/644/746 689/573/747 683/645/83
f 683/645/1008 689/573/747 684/571/82
f 683/645/83 684/571/82 678/646/1046
f 678/646/656 684/571/82 679/569/752
f 678/646/753 679/569/326 673/647/756
f 673/647/660 679/569/752 674/567/325
f 673/647/756 674/567/757 668/648/758
f 668/648/1047 674/567/325 669/565/1048
f 668/648/758 669/565/762 663/649/764
f 663/649/764 669/565/762 664/563/766
f 663/649/1049 664/563/767 658/650/771
f 658/650/771 664/563/767 659/561/315
f 658/650/771 659/561/772 593/651/12
f 593/651/12 659/561/772 594/559/13
f 711/652/1050 567/653/1050 710/654/775
f 710/654/775 567/653/1050 566/655/775
f 710/656/777 566/657/777 733/658/1051
f 733/658/1051 566/657/777 589/659/1051
f 733/658/780 589/659/780 732/660/778
f 732/660/778 589/659/780 588/661/778
f 732/660/782 588/661/782 731/662/1052
f 731/662/1052 588/661/782 587/663/1052
f 731/662/784 587/663/784 730/664/183
f 730/664/183 587/663/784 586/665/183
f 730/664/785 586/665/785 729/666/786
f 729/666/786 586/665/785 585/667/786
f 729/666/787 585/667/787 728/668/788
f 728/668/788 585/667/1053 584/669/788
f 728/668/789 584/669/789 727/670/198
f 727/670/791 584/669/105 583/671/791
f 727/670/792 583/671/792 726/672/794
f 726/672/794 583/671/792 582/673/794
f 726/672/795 582/673/795 725/4/796
f 725/4/796 582/673/795 581/461/796
f 725/4/799 581/461/799 724/46/798
f 724/46/798 581/461/799 580/465/798
f 724/46/801 580/465/801 723/38/216
f 723/38/216 580/465/801 579/469/216
f 723/38/1054 579/469/1054 722/30/222
f 722/30/222 579/469/1054 578/473/222
f 722/30/803 578/473/803 721/22/804
f 721/22/804 578/473/803 577/477/804
f 721/22/805 577/477/805 720/14/233
f 720/14/233 577/477/805 576/481/233
f 720/14/1055 576/481/1055 719/6/1056
f 719/6/1056 576/481/1055 575/460/1056
f 719/6/1057 575/460/1057 718/674/808
f 718/674/808 575/460/1057 574/675/808
f 718/674/1058 574/675/1058 717/676/810
f 717/676/810 574/675/1058 573/677/810
f 717/676/1059 573/677/1059 716/678/1060
f 716/678/1060 573/677/1061 572/679/1060
f 716/678/1062 572/679/1062 715/680/850
f 715/680/1063 572/679/1062 571/681/1063
f 715/680/814 571/681/814 714/682/851
f 714/682/851 571/681/814 570/683/851
f 714/682/1064 570/683/1064 713/684/1065
f 713/684/1065 570/683/1064 569/685/1065
f 713/684/1066 569/685/1066 712/686/1067
f 712/686/1067 569/685/1066 568/687/1067
f 712/686/817 568/687/817 711/652/280
f 711/652/280 568/687/817 567/653/280
f 735/284/158 763/285/161 734/286/160
f 734/286/52 763/285/1068 772/287/162
f 734/286/163 772/287/1069 757/288/165
f 757/288/165 772/287/164 873/289/173
f 757/288/169 873/289/170 756/290/171
f 756/290/1070 873/289/170 868/291/1071
f 756/290/778 868/291/175 755/292/176
f 755/292/180 868/291/1072 863/293/827
f 755/292/180 863/293/184 754/294/783
f 754/294/183 863/293/1073 858/295/1074
f 754/294/1075 858/295/1076 753/296/192
f 753/296/189 858/295/1077 853/297/1078
f 753/296/192 853/297/828 752/298/194
f 752/298/194 853/297/193 848/299/1079
f 752/298/196 848/299/197 751/300/198
f 751/300/199 848/299/197 843/301/200
f 751/300/833 843/301/1080 750/302/793
f 750/302/1081 843/301/200 838/303/1082
f 750/302/204 838/303/205 749/304/206
f 749/304/206 838/303/1083 833/305/838
f 749/304/206 833/305/836 748/306/798
f 748/306/801 833/305/1084 828/307/839
f 748/306/214 828/307/215 747/308/216
f 747/308/217 828/307/213 823/309/218
f 747/308/219 823/309/223 746/310/222
f 746/310/3 823/309/1085 758/311/4
f 746/312/224 758/313/843 745/314/227
f 745/314/1086 758/313/228 818/315/234
f 745/314/805 818/315/1087 744/316/233
f 744/316/233 818/315/234 813/317/348
f 744/316/1088 813/317/1089 743/318/242
f 743/318/1090 813/317/1091 808/319/241
f 743/318/242 808/319/1092 742/320/244
f 742/320/245 808/319/243 803/321/247
f 742/320/245 803/321/1093 741/322/1094
f 741/322/250 803/321/249 798/323/251
f 741/322/1095 798/323/848 740/324/812
f 740/324/254 798/323/251 793/325/367
f 740/324/257 793/325/258 739/326/259
f 739/326/260 793/325/261 788/327/262
f 739/326/263 788/327/1096 738/328/266
f 738/328/1097 788/327/1098 783/329/852
f 738/328/266 783/329/267 737/330/270
f 737/330/1065 783/329/1099 778/331/1100
f 737/330/271 778/331/1101 736/332/1067
f 736/332/274 778/331/1102 773/333/277
f 736/332/278 773/333/279 735/284/281
f 735/284/158 773/333/1103 763/285/1104
f 298/334/16 877/335/284 275/336/16
f 275/336/16 877/335/339 768/337/285
f 275/336/16 768/337/17 276/338/16
f 276/338/16 768/337/285 767/339/287
f 276/338/16 767/339/1105 277/340/16
f 277/340/16 767/339/286 777/341/288
f 277/340/294 777/341/290 278/342/289
f 278/342/16 777/341/290 782/343/859
f 278/342/289 782/343/860 279/344/289
f 279/344/294 782/343/1106 787/345/862
f 279/344/74 787/345/862 280/346/74
f 280/346/294 787/345/295 792/347/296
f 280/346/294 792/347/1107 281/348/294
f 281/348/74 792/347/298 797/349/299
f 281/348/294 797/349/863 282/350/294
f 282/350/74 797/349/299 802/351/300
f 282/350/294 802/351/301 283/352/294
f 283/352/74 802/351/301 807/353/306
f 283/352/74 807/353/304 284/354/15
f 284/354/294 807/353/306 812/355/307
f 284/354/15 812/355/308 285/356/15
f 285/356/305 812/355/307 817/357/309
f 285/356/305 817/357/309 286/358/305
f 286/358/15 817/357/866 822/359/680
f 286/358/15 822/359/312 287/360/15
f 287/360/15 822/359/680 762/361/14
f 287/362/15 762/363/314 288/364/15
f 288/364/15 762/363/314 827/365/316
f 288/364/15 827/365/1108 289/366/15
f 289/366/15 827/365/316 832/367/320
f 289/366/318 832/367/1109 290/368/318
f 290/368/15 832/367/320 837/369/321
f 290/368/77 837/369/870 291/370/318
f 291/370/74 837/369/321 842/371/323
f 291/370/74 842/371/324 292/372/74
f 292/372/77 842/371/325 847/373/326
f 292/372/77 847/373/326 293/374/77
f 293/374/74 847/373/328 852/375/106
f 293/374/77 852/375/106 294/376/77
f 294/376/74 852/375/106 857/377/1110
f 294/376/77 857/377/748 295/378/77
f 295/378/77 857/377/748 862/379/744
f 295/378/16 862/379/334 296/380/74
f 296/380/77 862/379/333 867/381/876
f 296/380/16 867/381/335 297/382/16
f 297/382/332 867/381/336 872/383/337
f 297/382/332 872/383/337 298/334/332
f 298/334/16 872/383/337 877/335/878
f 758/313/340 759/384/341 818/315/342
f 818/315/342 759/384/341 819/385/880
f 818/315/342 819/385/1111 813/317/883
f 813/317/883 819/385/882 814/386/349
f 813/317/350 814/386/351 808/319/885
f 808/319/353 814/386/1112 809/387/886
f 808/319/353 809/387/354 803/321/358
f 803/321/358 809/387/359 804/388/360
f 803/321/357 804/388/363 798/323/362
f 798/323/362 804/388/363 799/389/364
f 798/323/892 799/389/1113 793/325/368
f 793/325/370 799/389/366 794/390/369
f 793/325/1114 794/390/1115 788/327/894
f 788/327/894 794/390/369 789/391/1116
f 788/327/372 789/391/375 783/329/376
f 783/329/376 789/391/1117 784/392/378
f 783/329/379 784/392/380 778/331/381
f 778/331/385 784/392/1118 779/393/386
f 778/331/1119 779/393/386 773/333/387
f 773/333/387 779/393/386 774/394/902
f 773/333/390 774/394/393 763/285/903
f 763/285/903 774/394/391 764/395/1120
f 763/285/904 764/395/1121 772/287/396
f 772/287/25 764/395/395 771/396/24
f 772/287/25 771/396/24 873/289/168
f 873/289/399 771/396/398 874/397/907
f 873/289/1122 874/397/403 868/291/1123
f 868/291/404 874/397/405 869/398/408
f 868/291/404 869/398/1124 863/293/409
f 863/293/179 869/398/410 864/399/1125
f 863/293/412 864/399/1126 858/295/418
f 858/295/1127 864/399/911 859/400/1128
f 858/295/1129 859/400/1130 853/297/423
f 853/297/420 859/400/1131 854/401/1132
f 853/297/1133 854/401/426 848/299/99
f 848/299/99 854/401/426 849/402/1134
f 848/299/915 849/402/428 843/301/430
f 843/301/1135 849/402/98 844/403/1136
f 843/301/1137 844/403/1138 838/303/432
f 838/303/1139 844/403/551 839/404/1140
f 838/303/435 839/404/438 833/305/918
f 833/305/918 839/404/1141 834/405/1142
f 833/305/918 834/405/439 828/307/443
f 828/307/840 834/405/441 829/406/447
f 828/307/446 829/406/447 823/309/448
f 823/309/448 829/406/1143 824/407/450
f 823/309/923 824/407/452 758/311/453
f 758/311/453 824/407/452 759/408/454
f 759/384/455 760/409/924 819/385/345
f 819/385/457 760/409/456 820/410/464
f 819/385/1111 820/410/1144 814/386/926
f 814/386/463 820/410/579 815/411/1145
f 814/386/884 815/411/467 809/387/468
f 809/387/469 815/411/467 810/412/470
f 809/387/471 810/412/472 804/388/473
f 804/388/473 810/412/474 805/413/475
f 804/388/476 805/413/475 799/389/477
f 799/389/364 805/413/1146 800/414/1147
f 799/389/1148 800/414/481 794/390/937
f 794/390/1149 800/414/484 795/415/1150
f 794/390/1151 795/415/940 789/391/375
f 789/391/486 795/415/485 790/416/1152
f 789/391/490 790/416/941 784/392/493
f 784/392/380 790/416/1153 785/417/943
f 784/392/496 785/417/497 779/393/498
f 779/393/388 785/417/1154 780/418/1155
f 779/393/499 780/418/501 774/394/502
f 774/394/503 780/418/1156 775/419/505
f 774/394/1157 775/419/506 764/395/507
f 764/395/1158 775/419/509 765/420/510
f 764/395/511 765/420/949 771/396/142
f 771/396/514 765/420/949 770/421/1159
f 771/396/142 770/421/157 874/397/1160
f 874/397/518 770/421/1161 875/422/524
f 874/397/1162 875/422/953 869/398/408
f 869/398/954 875/422/997 870/423/635
f 869/398/408 870/423/958 864/399/957
f 864/399/1163 870/423/1164 865/424/639
f 864/399/416 865/424/959 859/400/1165
f 859/400/960 865/424/532 860/425/536
f 859/400/537 860/425/538 854/401/539
f 854/401/539 860/425/540 855/426/543
f 854/401/1166 855/426/543 849/402/94
f 849/402/544 855/426/650 850/427/89
f 849/402/107 850/427/89 844/403/550
f 844/403/551 850/427/1167 845/428/963
f 844/403/964 845/428/553 839/404/1168
f 839/404/1168 845/428/1169 840/429/1170
f 839/404/558 840/429/557 834/405/559
f 834/405/920 840/429/1171 835/430/1172
f 834/405/563 835/430/968 829/406/566
f 829/406/569 835/430/968 830/431/969
f 829/406/569 830/431/570 824/407/1173
f 824/407/571 830/431/1174 825/432/575
f 824/407/1175 825/432/573 759/408/1176
f 759/408/123 825/432/575 760/433/970
f 760/409/9 761/434/10 820/410/578
f 820/410/579 761/434/580 821/435/581
f 820/410/582 821/435/583 815/411/584
f 815/411/585 821/435/586 816/436/587
f 815/411/1177 816/436/589 810/412/590
f 810/412/591 816/436/682 811/437/1178
f 810/412/1179 811/437/592 805/413/594
f 805/413/1180 811/437/592 806/438/1181
f 805/413/1182 806/438/595 800/414/597
f 800/414/598 806/438/599 801/439/600
f 800/414/601 801/439/1183 795/415/1184
f 795/415/1185 801/439/982 796/440/1186
f 795/415/485 796/440/603 790/416/1187
f 790/416/606 796/440/603 791/441/607
f 790/416/1188 791/441/609 785/417/610
f 785/417/495 791/441/607 786/442/611
f 785/417/987 786/442/613 780/418/614
f 780/418/501 786/442/988 781/443/989
f 780/418/1189 781/443/617 775/419/619
f 775/419/619 781/443/1190 776/444/621
f 775/419/509 776/444/1191 765/420/510
f 765/420/623 776/444/1192 766/445/1193
f 765/420/1194 766/445/1195 770/421/627
f 770/421/57 766/445/628 769/446/20
f 770/421/57 769/446/20 875/422/629
f 875/422/629 769/446/20 876/447/632
f 875/422/1196 876/447/634 870/423/636
f 870/423/998 876/447/634 871/448/637
f 870/423/1197 871/448/638 865/424/1198
f 865/424/999 871/448/637 866/449/1199
f 865/424/1200 866/449/1003 860/425/536
f 860/425/643 866/449/736 861/450/645
f 860/425/646 861/450/645 855/426/648
f 855/426/648 861/450/645 856/451/649
f 855/426/1201 856/451/651 850/427/87
f 850/427/89 856/451/651 851/452/86
f 850/427/87 851/452/86 845/428/1202
f 845/428/655 851/452/86 846/453/656
f 845/428/657 846/453/1203 840/429/659
f 840/429/659 846/453/658 841/454/662
f 840/429/1011 841/454/660 835/430/661
f 835/430/661 841/454/1012 836/455/663
f 835/430/1016 836/455/667 830/431/1017
f 830/431/665 836/455/667 831/456/671
f 830/431/666 831/456/671 825/432/1204
f 825/432/1204 831/456/671 826/457/1205
f 825/432/577 826/457/673 760/433/1206
f 760/433/1023 826/457/673 761/458/1207
f 761/434/115 762/361/13 821/435/676
f 821/435/677 762/361/678 822/359/679
f 821/435/677 822/359/679 816/436/1025
f 816/436/1025 822/359/679 817/357/686
f 816/436/1024 817/357/686 811/437/687
f 811/437/975 817/357/684 812/355/689
f 811/437/1208 812/355/307 806/438/694
f 806/438/599 812/355/692 807/353/693
f 806/438/691 807/353/695 801/439/1209
f 801/439/696 807/353/695 802/351/1210
f 801/439/1211 802/351/1212 796/440/698
f 796/440/1213 802/351/700 797/349/1214
f 796/440/1215 797/349/1216 791/441/702
f 791/441/1217 797/349/701 792/347/703
f 791/441/1218 792/347/1219 786/442/706
f 786/442/1030 792/347/703 787/345/1220
f 786/442/706 787/345/1221 781/443/708
f 781/443/1222 787/345/710 782/343/1034
f 781/443/1223 782/343/713 776/444/1036
f 776/444/714 782/343/713 777/341/1037
f 776/444/718 777/341/719 766/445/720
f 766/445/720 777/341/1038 767/339/1039
f 766/445/720 767/339/723 769/446/19
f 769/446/724 767/339/723 768/337/725
f 769/446/1224 768/337/728 876/447/727
f 876/447/727 768/337/18 877/335/729
f 876/447/727 877/335/729 871/448/732
f 871/448/734 877/335/729 872/383/733
f 871/448/1040 872/383/1042 866/449/1225
f 866/449/1226 872/383/1042 867/381/738
f 866/449/1225 867/381/1043 861/450/739
f 861/450/740 867/381/1227 862/379/1045
f 861/450/743 862/379/744 856/451/745
f 856/451/746 862/379/1228 857/377/747
f 856/451/745 857/377/748 851/452/83
f 851/452/1008 857/377/747 852/375/1229
f 851/452/83 852/375/82 846/453/1046
f 846/453/656 852/375/1230 847/373/752
f 846/453/753 847/373/326 841/454/754
f 841/454/755 847/373/752 842/371/325
f 841/454/756 842/371/757 836/455/1231
f 836/455/663 842/371/759 837/369/760
f 836/455/758 837/369/762 831/456/764
f 831/456/669 837/369/765 832/367/766
f 831/456/763 832/367/767 826/457/771
f 826/457/771 832/367/1232 827/365/1233
f 826/457/1234 827/365/772 761/458/12
f 761/458/1235 827/365/772 762/363/773
f 879/8/774 735/459/774 878/6/775
f 878/6/775 735/459/774 734/460/775
f 878/4/777 734/461/777 901/2/165
f 901/2/165 734/461/777 757/462/165
f 901/2/165 757/462/165 900/50/778
f 900/50/779 757/462/780 756/463/779
f 900/50/779 756/463/779 899/48/176
f 899/48/176 756/463/779 755/464/176
f 899/48/784 755/464/784 898/46/783
f 898/46/783 755/464/784 754/465/783
f 898/46/783 754/465/783 897/44/786
f 897/44/786 754/465/783 753/466/786
f 897/44/786 753/466/786 896/42/1236
f 896/42/789 753/466/1237 752/467/789
f 896/42/788 752/467/788 895/40/1238
f 895/40/792 752/467/1239 751/468/792
f 895/40/792 751/468/792 894/38/1240
f 894/38/1240 751/468/792 750/469/1240
f 894/38/795 750/469/795 893/36/796
f 893/36/796 750/469/793 749/470/796
f 893/36/799 749/470/799 892/34/211
f 892/34/211 749/470/799 748/471/211
f 892/34/211 748/471/211 891/32/1241
f 891/32/800 748/471/801 747/472/800
f 891/32/1054 747/472/1054 890/30/222
f 890/30/222 747/472/1054 746/473/222
f 890/30/803 746/473/803 889/28/1242
f 889/28/1242 746/473/803 745/474/1242
f 889/28/805 745/474/805 888/26/233
f 888/26/233 745/474/805 744/475/233
f 888/26/806 744/475/806 887/24/239
f 887/24/239 744/475/806 743/476/239
f 887/24/807 743/476/807 886/22/808
f 886/22/248 743/476/807 742/477/248
f 886/22/809 742/477/809 885/20/810
f 885/20/810 742/477/809 741/478/810
f 885/20/1061 741/478/1061 884/18/1060
f 884/18/812 741/478/1243 740/479/812
f 884/18/812 740/479/812 883/16/1244
f 883/16/850 740/479/1062 739/480/850
f 883/16/814 739/480/814 882/14/265
f 882/14/265 739/480/814 738/481/265
f 882/14/265 738/481/265 881/12/270
f 881/12/270 738/481/265 737/482/270
f 881/12/816 737/482/816 880/10/275
f 880/10/275 737/482/816 736/483/275
f 880/10/817 736/483/817 879/8/280
f 879/8/280 736/483/817 735/459/280
f 903/284/158 931/285/161 902/286/160
f 902/286/775 931/285/1245 940/287/162
f 902/286/163 940/287/1069 925/288/165
f 925/288/1246 940/287/26 1041/289/1247
f 925/288/169 1041/289/170 924/290/171
f 924/290/778 1041/289/821 1036/291/175
f 924/290/778 1036/291/175 923/292/176
f 923/292/180 1036/291/1072 1031/293/827
f 923/292/781 1031/293/181 922/294/182
f 922/294/183 1031/293/1073 1026/295/1074
f 922/294/1075 1026/295/1076 921/296/192
f 921/296/189 1026/295/1077 1021/297/1078
f 921/296/192 1021/297/193 920/298/194
f 920/298/194 1021/297/193 1016/299/1079
f 920/298/196 1016/299/1079 919/300/198
f 919/300/1248 1016/299/101 1011/301/201
f 919/300/833 1011/301/834 918/302/202
f 918/302/1081 1011/301/200 1006/303/1082
f 918/302/204 1006/303/205 917/304/206
f 917/304/206 1006/303/1083 1001/305/838
f 917/304/206 1001/305/208 916/306/1249
f 916/306/801 1001/305/1250 996/307/213
f 916/306/214 996/307/215 915/308/216
f 915/308/217 996/307/840 991/309/218
f 915/308/219 991/309/1251 914/310/222
f 914/310/222 991/309/223 926/311/4
f 914/312/224 926/313/228 913/314/227
f 913/314/226 926/313/843 986/315/229
f 913/314/230 986/315/1087 912/316/1252
f 912/316/233 986/315/234 981/317/235
f 912/316/1088 981/317/1089 911/318/242
f 911/318/1090 981/317/240 976/319/1253
f 911/318/242 976/319/1092 910/320/244
f 910/320/245 976/319/243 971/321/247
f 910/320/245 971/321/247 909/322/1094
f 909/322/250 971/321/249 966/323/251
f 909/322/1095 966/323/848 908/324/812
f 908/324/254 966/323/251 961/325/367
f 908/324/257 961/325/258 907/326/259
f 907/326/260 961/325/261 956/327/262
f 907/326/263 956/327/1096 906/328/851
f 906/328/1097 956/327/1098 951/329/852
f 906/328/268 951/329/1254 905/330/270
f 905/330/1255 951/329/269 946/331/900
f 905/330/271 946/331/273 904/332/854
f 904/332/274 946/331/1102 941/333/1256
f 904/332/275 941/333/1257 903/284/280
f 903/284/158 941/333/1103 931/285/1104
f 373/334/16 1045/335/284 350/336/16
f 350/336/16 1045/335/284 936/337/285
f 350/336/16 936/337/17 351/338/16
f 351/338/16 936/337/285 935/339/287
f 351/338/16 935/339/1105 352/340/16
f 352/340/16 935/339/286 945/341/288
f 352/340/294 945/341/290 353/342/289
f 353/342/16 945/341/290 950/343/859
f 353/342/289 950/343/860 354/344/289
f 354/344/74 950/343/292 955/345/293
f 354/344/74 955/345/862 355/346/74
f 355/346/294 955/345/295 960/347/296
f 355/346/294 960/347/1107 356/348/294
f 356/348/74 960/347/298 965/349/299
f 356/348/294 965/349/863 357/350/294
f 357/350/294 965/349/299 970/351/300
f 357/350/294 970/351/301 358/352/294
f 358/352/294 970/351/697 975/353/695
f 358/352/74 975/353/304 359/354/15
f 359/354/294 975/353/306 980/355/307
f 359/354/15 980/355/308 360/356/15
f 360/356/305 980/355/307 985/357/309
f 360/356/305 985/357/309 361/358/305
f 361/358/15 985/357/310 990/359/312
f 361/358/15 990/359/311 362/360/15
f 362/360/15 990/359/680 930/361/14
f 362/362/15 930/363/314 363/364/15
f 363/364/15 930/363/314 995/365/316
f 363/364/15 995/365/316 364/366/15
f 364/366/15 995/365/316 1000/367/320
f 364/366/318 1000/367/1109 365/368/318
f 365/368/318 1000/367/1109 1005/369/870
f 365/368/318 1005/369/870 366/370/318
f 366/370/77 1005/369/870 1010/371/872
f 366/370/74 1010/371/324 367/372/74
f 367/372/77 1010/371/325 1015/373/326
f 367/372/77 1015/373/327 368/374/77
f 368/374/74 1015/373/328 1020/375/106
f 368/374/77 1020/375/106 369/376/77
f 369/376/74 1020/375/106 1025/377/1110
f 369/376/77 1025/377/330 370/378/77
f 370/378/74 1025/377/329 1030/379/331
f 370/378/332 1030/379/333 371/380/332
f 371/380/74 1030/379/334 1035/381/335
f 371/380/16 1035/381/335 372/382/16
f 372/382/332 1035/381/336 1040/383/337
f 372/382/332 1040/383/337 373/334/332
f 373/334/16 1040/383/337 1045/335/878
f 926/313/340 927/384/879 986/315/343
f 986/315/342 927/384/344 987/385/1258
f 986/315/881 987/385/1111 981/317/883
f 981/317/347 987/385/882 982/386/349
f 981/317/350 982/386/1112 976/319/353
f 976/319/352 982/386/1112 977/387/886
f 976/319/355 977/387/356 971/321/887
f 971/321/358 977/387/356 972/388/360
f 971/321/357 972/388/363 966/323/362
f 966/323/362 972/388/363 967/389/364
f 966/323/892 967/389/1113 961/325/368
f 961/325/370 967/389/1259 962/390/1260
f 961/325/1114 962/390/895 956/327/894
f 956/327/371 962/390/369 957/391/1116
f 956/327/897 957/391/898 951/329/376
f 951/329/376 957/391/375 952/392/380
f 951/329/379 952/392/383 946/331/381
f 946/331/381 952/392/383 947/393/1261
f 946/331/1119 947/393/901 941/333/387
f 941/333/1262 947/393/388 942/394/389
f 941/333/390 942/394/391 931/285/903
f 931/285/161 942/394/391 932/395/394
f 931/285/392 932/395/1121 940/287/396
f 940/287/26 932/395/395 939/396/397
f 940/287/1263 939/396/24 1041/289/399
f 1041/289/1122 939/396/400 1042/397/401
f 1041/289/402 1042/397/403 1036/291/404
f 1036/291/404 1042/397/405 1037/398/408
f 1036/291/404 1037/398/1124 1031/293/409
f 1031/293/179 1037/398/410 1032/399/1125
f 1031/293/412 1032/399/1126 1026/295/418
f 1026/295/1127 1032/399/911 1027/400/1264
f 1026/295/1265 1027/400/1130 1021/297/423
f 1021/297/420 1027/400/419 1022/401/1132
f 1021/297/1133 1022/401/424 1016/299/101
f 1016/299/99 1022/401/426 1017/402/94
f 1016/299/915 1017/402/428 1011/301/427
f 1011/301/1135 1017/402/98 1012/403/1136
f 1011/301/1137 1012/403/1138 1006/303/432
f 1006/303/1139 1012/403/551 1007/404/1140
f 1006/303/1266 1007/404/438 1001/305/918
f 1001/305/918 1007/404/1141 1002/405/1142
f 1001/305/440 1002/405/441 996/307/443
f 996/307/442 1002/405/441 997/406/1267
f 996/307/446 997/406/449 991/309/451
f 991/309/448 997/406/1143 992/407/450
f 991/309/923 992/407/452 926/311/453
f 926/311/127 992/407/452 927/408/454
f 927/384/7 928/409/9 987/385/457
f 987/385/457 928/409/456 988/410/464
f 987/385/1111 988/410/1144 982/386/884
f 982/386/463 988/410/461 983/411/1145
f 982/386/884 983/411/467 977/387/469
f 977/387/354 983/411/1268 978/412/1269
f 977/387/931 978/412/472 972/388/473
f 972/388/473 978/412/590 973/413/1180
f 972/388/476 973/413/1270 967/389/477
f 967/389/364 973/413/934 968/414/1147
f 967/389/1148 968/414/1271 962/390/937
f 962/390/483 968/414/484 963/415/1185
f 962/390/1151 963/415/940 957/391/939
f 957/391/1272 963/415/1273 958/416/1274
f 957/391/490 958/416/941 952/392/493
f 952/392/380 958/416/1275 953/417/943
f 952/392/496 953/417/497 947/393/498
f 947/393/498 953/417/1154 948/418/504
f 947/393/499 948/418/501 942/394/502
f 942/394/503 948/418/1156 943/419/505
f 942/394/947 943/419/948 932/395/508
f 932/395/1158 943/419/509 933/420/510
f 932/395/511 933/420/949 939/396/142
f 939/396/513 933/420/949 938/421/1159
f 939/396/400 938/421/951 1042/397/518
f 1042/397/519 938/421/1161 1043/422/520
f 1042/397/1162 1043/422/953 1037/398/408
f 1037/398/954 1043/422/953 1038/423/635
f 1037/398/408 1038/423/958 1032/399/957
f 1032/399/528 1038/423/1164 1033/424/639
f 1032/399/528 1033/424/530 1027/400/1165
f 1027/400/960 1033/424/532 1028/425/536
f 1027/400/537 1028/425/538 1022/401/539
f 1022/401/539 1028/425/540 1023/426/543
f 1022/401/542 1023/426/543 1017/402/107
f 1017/402/94 1023/426/543 1018/427/547
f 1017/402/107 1018/427/89 1012/403/1276
f 1012/403/1277 1018/427/1167 1013/428/963
f 1012/403/1278 1013/428/556 1007/404/555
f 1007/404/1168 1013/428/1169 1008/429/1279
f 1007/404/558 1008/429/557 1002/405/559
f 1002/405/559 1008/429/1171 1003/430/562
f 1002/405/563 1003/430/968 997/406/566
f 997/406/967 1003/430/567 998/431/1280
f 997/406/1281 998/431/568 992/407/1173
f 992/407/450 998/431/572 993/432/1282
f 992/407/1175 993/432/575 927/408/1176
f 927/408/123 993/432/575 928/433/970
f 928/409/11 929/434/10 988/410/578
f 988/410/579 929/434/580 989/435/1283
f 988/410/972 989/435/583 983/411/584
f 983/411/1145 989/435/583 984/436/973
f 983/411/584 984/436/682 978/412/591
f 978/412/591 984/436/682 979/437/592
f 978/412/591 979/437/592 973/413/594
f 973/413/1180 979/437/592 974/438/1181
f 973/413/1182 974/438/595 968/414/597
f 968/414/935 974/438/595 969/439/600
f 968/414/601 969/439/1284 963/415/1184
f 963/415/1185 969/439/602 964/440/1186
f 963/415/604 964/440/605 958/416/606
f 958/416/1187 964/440/603 959/441/607
f 958/416/491 959/441/609 953/417/495
f 953/417/610 959/441/607 954/442/611
f 953/417/987 954/442/613 948/418/614
f 948/418/501 954/442/613 949/443/617
f 948/418/1189 949/443/617 943/419/619
f 943/419/619 949/443/617 944/444/621
f 943/419/509 944/444/622 933/420/625
f 933/420/993 944/444/1192 934/445/624
f 933/420/1194 934/445/996 938/421/1285
f 938/421/627 934/445/996 937/446/20
f 938/421/57 937/446/20 1043/422/629
f 1043/422/630 937/446/1286 1044/447/632
f 1043/422/633 1044/447/634 1038/423/998
f 1038/423/1287 1044/447/632 1039/448/637
f 1038/423/1197 1039/448/638 1033/424/639
f 1033/424/999 1039/448/637 1034/449/1199
f 1033/424/1200 1034/449/1003 1028/425/536
f 1028/425/643 1034/449/736 1029/450/645
f 1028/425/646 1029/450/645 1023/426/648
f 1023/426/648 1029/450/645 1024/451/649
f 1023/426/1201 1024/451/651 1018/427/87
f 1018/427/89 1024/451/651 1019/452/86
f 1018/427/89 1019/452/86 1013/428/1202
f 1013/428/655 1019/452/86 1014/453/656
f 1013/428/1288 1014/453/658 1008/429/659
f 1008/429/1170 1014/453/658 1009/454/662
f 1008/429/1011 1009/454/1012 1003/430/661
f 1003/430/661 1009/454/1012 1004/455/663
f 1003/430/1016 1004/455/1289 998/431/1290
f 998/431/665 1004/455/667 999/456/668
f 998/431/666 999/456/671 993/432/670
f 993/432/1204 999/456/671 994/457/1205
f 993/432/577 994/457/673 928/433/1206
f 928/433/1023 994/457/673 929/458/1207
f 929/434/115 930/361/13 989/435/676
f 989/435/676 930/361/13 990/359/679
f 989/435/677 990/359/679 984/436/1025
f 984/436/1024 990/359/679 985/357/686
f 984/436/1291 985/357/684 979/437/1292
f 979/437/1178 985/357/684 980/355/689
f 979/437/1208 980/355/307 974/438/694
f 974/438/599 980/355/1026 975/353/1027
f 974/438/1293 975/353/306 969/439/1209
f 969/439/696 975/353/1294 970/351/1210
f 969/439/1295 970/351/1212 964/440/698
f 964/440/1213 970/351/700 965/349/1214
f 964/440/1215 965/349/1216 959/441/702
f 959/441/607 965/349/701 960/347/703
f 959/441/1218 960/347/1219 954/442/706
f 954/442/1030 960/347/703 955/345/295
f 954/442/706 955/345/1221 949/443/708
f 949/443/709 955/345/1220 950/343/711
f 949/443/1223 950/343/713 944/444/1036
f 944/444/714 950/343/716 945/341/1037
f 944/444/718 945/341/719 934/445/720
f 934/445/720 945/341/719 935/339/723
f 934/445/722 935/339/723 937/446/19
f 937/446/19 935/339/723 936/337/725
f 937/446/19 936/337/18 1044/447/726
f 1044/447/727 936/337/728 1045/335/729
f 1044/447/727 1045/335/729 1039/448/732
f 1039/448/1040 1045/335/729 1040/383/733
f 1039/448/1040 1040/383/1042 1034/449/1225
f 1034/449/640 1040/383/1042 1035/381/738
f 1034/449/1225 1035/381/336 1029/450/739
f 1029/450/740 1035/381/1296 1030/379/742
f 1029/450/743 1030/379/744 1024/451/745
f 1024/451/746 1030/379/744 1025/377/747
f 1024/451/745 1025/377/748 1019/452/83
f 1019/452/1297 1025/377/747 1020/375/1229
f 1019/452/83 1020/375/1298 1014/453/753
f 1014/453/751 1020/375/82 1015/373/752
f 1014/453/753 1015/373/326 1009/454/754
f 1009/454/755 1015/373/752 1010/371/759
f 1009/454/756 1010/371/757 1004/455/1231
f 1004/455/1047 1010/371/325 1005/369/1048
f 1004/455/758 1005/369/762 999/456/764
f 999/456/668 1005/369/765 1000/367/1299
f 999/456/1049 1000/367/767 994/457/771
f 994/457/769 1000/367/766 995/365/1233
f 994/457/1234 995/365/772 929/458/12
f 929/458/12 995/365/772 930/363/13
f 1047/8/776 903/459/776 1046/6/775
f 1046/6/775 903/459/776 902/460/775
f 1046/4/777 902/461/777 1069/2/1051
f 1069/2/1051 902/461/777 925/462/1051
f 1069/2/165 925/462/165 1068/50/778
f 1068/50/779 925/462/1300 924/463/779
f 1068/50/779 924/463/779 1067/48/176
f 1067/48/176 924/463/779 923/464/176
f 1067/48/784 923/464/784 1066/46/783
f 1066/46/783 923/464/784 922/465/783
f 1066/46/1301 922/465/1301 1065/44/786
f 1065/44/786 922/465/783 921/466/786
f 1065/44/786 921/466/786 1064/42/1236
f 1064/42/789 921/466/1237 920/467/789
f 1064/42/788 920/467/788 1063/40/1238
f 1063/40/792 920/467/1239 919/468/792
f 1063/40/792 919/468/792 1062/38/793
f 1062/38/1240 919/468/792 918/469/1240
f 1062/38/795 918/469/795 1061/36/796
f 1061/36/796 918/469/793 917/470/796
f 1061/36/799 917/470/799 1060/34/211
f 1060/34/211 917/470/799 916/471/211
f 1060/34/211 916/471/211 1059/32/1241
f 1059/32/800 916/471/801 915/472/800
f 1059/32/1054 915/472/1054 1058/30/222
f 1058/30/222 915/472/1054 914/473/222
f 1058/30/803 914/473/803 1057/28/1242
f 1057/28/1242 914/473/803 913/474/1242
f 1057/28/805 913/474/805 1056/26/233
f 1056/26/233 913/474/805 912/475/233
f 1056/26/806 912/475/806 1055/24/239
f 1055/24/239 912/475/806 911/476/239
f 1055/24/807 911/476/807 1054/22/808
f 1054/22/248 911/476/807 910/477/248
f 1054/22/809 910/477/809 1053/20/810
f 1053/20/810 910/477/809 909/478/810
f 1053/20/1061 909/478/1061 1052/18/1060
f 1052/18/812 909/478/1243 908/479/812
f 1052/18/812 908/479/812 1051/16/1244
f 1051/16/850 908/479/1062 907/480/850
f 1051/16/814 907/480/814 1050/14/815
f 1050/14/815 907/480/814 906/481/815
f 1050/14/265 906/481/265 1049/12/270
f 1049/12/270 906/481/265 905/482/270
f 1049/12/816 905/482/816 1048/10/275
f 1048/10/275 905/482/816 904/483/275
f 1048/10/817 904/483/817 1047/8/280
f 1047/8/280 904/483/817 903/459/280
f 1071/284/158 1105/285/161 1070/286/160
f 1070/286/775 1105/285/1068 1114/287/137
f 1070/286/163 1114/287/164 1093/288/819
f 1093/288/819 1114/287/167 1211/289/168
f 1093/288/169 1211/289/1302 1092/290/778
f 1092/290/172 1211/289/173 1206/291/174
f 1092/290/822 1206/291/1072 1091/292/180
f 1091/292/824 1206/291/178 1201/293/1303
f 1091/292/1304 1201/293/1305 1090/294/186
f 1090/294/183 1201/293/184 1196/295/185
f 1090/294/826 1196/295/185 1089/296/1306
f 1089/296/189 1196/295/190 1192/297/191
f 1089/296/192 1192/297/193 1088/298/194
f 1088/298/194 1192/297/193 1188/299/195
f 1088/298/196 1188/299/197 1087/300/790
f 1087/300/199 1188/299/197 1184/301/200
f 1087/300/1307 1184/301/1308 1086/302/204
f 1086/302/202 1184/301/201 1180/303/203
f 1086/302/202 1180/303/203 1085/304/1309
f 1085/304/206 1180/303/207 1175/305/208
f 1085/304/206 1175/305/836 1084/306/837
f 1084/306/211 1175/305/212 1170/307/213
f 1084/306/1310 1170/307/213 1083/308/216
f 1083/308/217 1170/307/213 1165/309/218
f 1083/308/219 1165/309/220 1082/310/221
f 1082/310/222 1165/309/223 1099/311/1311
f 1082/312/224 1099/313/843 1081/314/227
f 1081/314/227 1099/313/228 1160/315/1312
f 1081/314/230 1160/315/231 1080/316/1252
f 1080/316/1313 1160/315/231 1155/317/348
f 1080/316/236 1155/317/1314 1079/318/845
f 1079/318/1090 1155/317/1091 1150/319/241
f 1079/318/242 1150/319/1092 1078/320/244
f 1078/320/245 1150/319/243 1145/321/247
f 1078/320/244 1145/321/887 1077/322/1315
f 1077/322/250 1145/321/249 1140/323/251
f 1077/322/252 1140/323/255 1076/324/254
f 1076/324/254 1140/323/255 1135/325/1316
f 1076/324/1317 1135/325/261 1075/326/850
f 1075/326/259 1135/325/258 1130/327/1318
f 1075/326/1319 1130/327/1098 1074/328/1097
f 1074/328/266 1130/327/262 1125/329/267
f 1074/328/268 1125/329/269 1073/330/853
f 1073/330/1255 1125/329/269 1120/331/900
f 1073/330/271 1120/331/273 1072/332/274
f 1072/332/855 1120/331/856 1115/333/857
f 1072/332/275 1115/333/1257 1071/284/280
f 1071/284/158 1115/333/279 1105/285/161
f 300/688/16 299/689/16 1210/383/337
f 1210/383/1320 299/689/1321 1094/690/1322
f 1210/383/338 1094/690/1323 1205/381/335
f 1205/381/336 1094/690/1324 1200/379/333
f 1205/381/1296 1200/379/1228 1199/450/740
f 1199/450/1044 1200/379/744 1195/451/745
f 1199/450/645 1195/451/649 1194/426/648
f 1194/426/1006 1195/451/1325 1190/427/652
f 1194/426/543 1190/427/547 1189/402/94
f 1189/402/107 1190/427/89 1185/403/1276
f 1189/402/1326 1185/403/1327 1184/301/1328
f 1184/301/430 1185/403/431 1180/303/432
f 1094/690/1329 1095/691/1330 1200/379/1331
f 1200/379/1332 1095/691/1333 1195/451/1334
f 1095/691/1335 1096/692/1336 1195/451/1337
f 1195/451/1337 1096/692/1338 1191/452/1008
f 1195/451/1339 1191/452/1340 1190/427/1341
f 1190/427/87 1191/452/86 1186/428/1202
f 1190/427/1342 1186/428/552 1185/403/550
f 1185/403/433 1186/428/553 1181/404/554
f 1185/403/1343 1181/404/438 1180/303/435
f 1180/303/435 1181/404/436 1175/305/437
f 1191/452/749 1096/692/1338 1187/453/656
f 1187/453/751 1096/692/1336 1097/693/1344
f 1187/453/1046 1097/693/1345 1183/454/1346
f 1183/454/1347 1097/693/1348 1104/371/1349
f 1183/454/756 1104/371/872 1178/455/758
f 1178/455/663 1104/371/1350 1179/369/1351
f 1178/455/758 1179/369/762 1173/456/764
f 1173/456/764 1179/369/765 1174/367/766
f 1173/456/763 1174/367/767 1168/457/771
f 1168/457/769 1174/367/766 1169/365/1233
f 1168/457/1234 1169/365/772 1102/458/12
f 1102/458/12 1169/365/772 1103/363/773
f 1102/434/12 1103/361/13 1163/435/676
f 1163/435/677 1103/361/13 1164/359/679
f 1163/435/677 1164/359/679 1158/436/1025
f 1158/436/685 1164/359/683 1159/357/686
f 1158/436/685 1159/357/686 1153/437/687
f 1153/437/1178 1159/357/684 1154/355/689
f 1153/437/1208 1154/355/307 1148/438/691
f 1148/438/599 1154/355/692 1149/353/693
f 1148/438/694 1149/353/695 1143/439/1209
f 1143/439/696 1149/353/695 1144/351/1210
f 1143/439/696 1144/351/697 1138/440/698
f 1138/440/1213 1144/351/700 1139/349/1214
f 1138/440/698 1139/349/701 1133/441/702
f 1133/441/1217 1139/349/701 1134/347/703
f 1133/441/702 1134/347/296 1128/442/704
f 1128/442/1030 1134/347/1352 1129/345/295
f 1128/442/706 1129/345/707 1123/443/708
f 1123/443/709 1129/345/1220 1124/343/711
f 1123/443/708 1124/343/713 1118/444/1036
f 1118/444/621 1124/343/716 1119/341/1037
f 1118/444/718 1119/341/719 1108/445/720
f 1108/445/720 1119/341/1038 1109/339/723
f 1108/445/722 1109/339/723 1111/446/19
f 1111/446/1353 1109/339/723 1110/337/725
f 1111/446/19 1110/337/18 1214/447/726
f 1214/447/727 1110/337/728 1215/335/729
f 1214/447/727 1215/335/729 1209/448/732
f 1209/448/732 1215/335/729 1210/383/733
f 1209/448/1041 1210/383/733 1204/449/735
f 1204/449/736 1210/383/1042 1205/381/738
f 1204/449/1225 1205/381/1043 1199/450/739
f 1097/693/1354 1098/694/1355 1104/371/1356
f 1104/371/872 1098/694/1357 1179/369/870
f 1179/369/321 1098/694/1358 1174/367/320
f 1174/367/1359 1098/694/1360 317/695/1361
f 1174/367/1109 317/695/15 316/696/15
f 1174/367/1109 316/696/15 1169/365/1108
f 1169/365/1108 316/696/15 315/697/74
f 1169/365/1362 315/697/15 1103/363/112
f 1103/361/314 315/698/15 314/699/74
f 1103/361/112 314/699/15 1164/359/680
f 1164/359/312 314/699/15 313/700/74
f 1164/359/313 313/700/294 1159/357/309
f 1159/357/310 313/700/15 312/701/15
f 1159/357/309 312/701/305 1154/355/307
f 1154/355/308 312/701/15 311/702/15
f 1154/355/307 311/702/294 1149/353/306
f 1149/353/306 311/702/305 310/703/305
f 1149/353/695 310/703/1363 1144/351/697
f 1144/351/301 310/703/294 309/704/294
f 1144/351/300 309/704/74 1139/349/299
f 1139/349/863 309/704/294 308/348/294
f 1139/349/299 308/348/74 307/705/74
f 1139/349/863 307/705/294 1134/347/296
f 1134/347/1107 307/705/294 306/706/294
f 1134/347/1107 306/706/289 1129/345/1221
f 1129/345/1221 306/706/289 305/707/289
f 1129/345/293 305/707/289 1124/343/860
f 1124/343/292 305/707/16 304/708/16
f 1124/343/859 304/708/16 1119/341/290
f 1119/341/290 304/708/16 303/709/16
f 1119/341/290 303/709/289 1109/339/1105
f 1109/339/287 303/709/16 302/710/16
f 1109/339/1364 302/710/16 1110/337/156
f 1110/337/285 302/710/74 301/711/16
f 1110/337/156 301/711/16 1215/335/284
f 1215/335/878 301/711/16 300/688/332
f 1215/335/878 300/688/332 1210/383/337
f 1099/313/340 1100/384/341 1160/315/342
f 1160/315/342 1100/384/341 1161/385/880
f 1160/315/342 1161/385/1111 1155/317/883
f 1155/317/883 1161/385/882 1156/386/349
f 1155/317/350 1156/386/351 1150/319/353
f 1150/319/885 1156/386/1112 1151/387/1365
f 1150/319/355 1151/387/356 1145/321/358
f 1145/321/358 1151/387/359 1146/388/360
f 1145/321/357 1146/388/361 1140/323/362
f 1140/323/362 1146/388/363 1141/389/364
f 1140/323/892 1141/389/366 1135/325/258
f 1135/325/368 1141/389/366 1136/390/369
f 1135/325/368 1136/390/369 1130/327/894
f 1130/327/1318 1136/390/369 1131/391/896
f 1130/327/372 1131/391/375 1125/329/376
f 1125/329/376 1131/391/377 1126/392/378
f 1125/329/379 1126/392/380 1120/331/381
f 1120/331/381 1126/392/378 1121/393/1261
f 1120/331/385 1121/393/386 1115/333/387
f 1115/333/277 1121/393/901 1116/394/391
f 1115/333/390 1116/394/391 1105/285/903
f 1105/285/903 1116/394/1366 1106/395/1120
f 1105/285/904 1106/395/395 1114/287/396
f 1114/287/396 1106/395/905 1113/396/397
f 1114/287/25 1113/396/398 1211/289/399
f 1211/289/399 1113/396/400 1212/397/401
f 1211/289/402 1212/397/403 1206/291/1071
f 1206/291/404 1212/397/405 1207/398/406
f 1206/291/407 1207/398/910 1201/293/409
f 1201/293/909 1207/398/910 1202/399/416
f 1201/293/412 1202/399/413 1196/295/414
f 1196/295/415 1202/399/416 1197/400/417
f 1196/295/418 1197/400/419 1192/297/420
f 1192/297/1367 1197/400/912 1193/401/1368
f 1192/297/1133 1193/401/424 1188/299/101
f 1188/299/99 1193/401/426 1189/402/98
f 1188/299/1369 1189/402/1370 1184/301/430
f 1100/384/455 1101/409/924 1161/385/345
f 1161/385/457 1101/409/456 1162/410/464
f 1161/385/925 1162/410/461 1156/386/463
f 1156/386/463 1162/410/464 1157/411/465
f 1156/386/466 1157/411/467 1151/387/468
f 1151/387/469 1157/411/467 1152/412/470
f 1151/387/931 1152/412/474 1146/388/363
f 1146/388/1371 1152/412/472 1147/413/1372
f 1146/388/933 1147/413/934 1141/389/477
f 1141/389/364 1147/413/478 1142/414/479
f 1141/389/480 1142/414/481 1136/390/482
f 1136/390/483 1142/414/484 1137/415/1185
f 1136/390/1151 1137/415/1373 1131/391/939
f 1131/391/487 1137/415/488 1132/416/489
f 1131/391/490 1132/416/941 1126/392/493
f 1126/392/493 1132/416/494 1127/417/495
f 1126/392/1374 1127/417/497 1121/393/1375
f 1121/393/498 1127/417/497 1122/418/501
f 1121/393/1376 1122/418/1156 1116/394/503
f 1116/394/502 1122/418/501 1117/419/620
f 1116/394/947 1117/419/1377 1106/395/508
f 1106/395/508 1117/419/948 1107/420/625
f 1106/395/905 1107/420/949 1113/396/142
f 1113/396/513 1107/420/949 1112/421/1159
f 1113/396/516 1112/421/517 1212/397/518
f 1212/397/518 1112/421/157 1213/422/524
f 1212/397/405 1213/422/1378 1207/398/408
f 1207/398/954 1213/422/953 1208/423/635
f 1207/398/408 1208/423/1379 1202/399/957
f 1202/399/957 1208/423/529 1203/424/530
f 1202/399/1380 1203/424/535 1197/400/534
f 1197/400/960 1203/424/532 1198/425/536
f 1197/400/960 1198/425/536 1193/401/1381
f 1193/401/542 1198/425/540 1194/426/543
f 1193/401/542 1194/426/650 1189/402/107
f 1100/408/454 1099/311/453 1166/407/452
f 1166/407/452 1099/311/453 1165/309/451
f 1166/407/450 1165/309/451 1171/406/1382
f 1171/406/447 1165/309/448 1170/307/446
f 1171/406/445 1170/307/443 1176/405/920
f 1176/405/439 1170/307/1383 1175/305/918
f 1176/405/1384 1175/305/437 1181/404/438
f 1101/409/11 1102/434/10 1162/410/578
f 1162/410/579 1102/434/580 1163/435/581
f 1162/410/582 1163/435/583 1157/411/584
f 1157/411/584 1163/435/586 1158/436/973
f 1157/411/588 1158/436/1385 1152/412/590
f 1152/412/591 1158/436/589 1153/437/592
f 1152/412/593 1153/437/592 1147/413/594
f 1147/413/594 1153/437/592 1148/438/595
f 1147/413/596 1148/438/595 1142/414/597
f 1142/414/598 1148/438/599 1143/439/600
f 1142/414/601 1143/439/602 1137/415/485
f 1137/415/485 1143/439/602 1138/440/603
f 1137/415/604 1138/440/605 1132/416/606
f 1132/416/606 1138/440/603 1133/441/607
f 1132/416/608 1133/441/609 1127/417/610
f 1127/417/610 1133/441/609 1128/442/611
f 1127/417/612 1128/442/613 1122/418/614
f 1122/418/615 1128/442/616 1123/443/617
f 1122/418/990 1123/443/1386 1117/419/620
f 1117/419/620 1123/443/617 1118/444/621
f 1117/419/509 1118/444/622 1107/420/510
f 1107/420/993 1118/444/1192 1108/445/1193
f 1107/420/625 1108/445/626 1112/421/627
f 1112/421/57 1108/445/628 1111/446/149
f 1112/421/57 1111/446/20 1213/422/629
f 1213/422/997 1111/446/1286 1214/447/1387
f 1213/422/633 1214/447/634 1208/423/998
f 1208/423/998 1214/447/632 1209/448/637
f 1208/423/1388 1209/448/1001 1203/424/641
f 1203/424/639 1209/448/638 1204/449/640
f 1203/424/641 1204/449/736 1198/425/642
f 1198/425/1004 1204/449/640 1199/450/1389
f 1198/425/646 1199/450/1390 1194/426/1201
f 1101/433/970 1100/408/123 1167/432/573
f 1167/432/575 1100/408/576 1166/407/574
f 1167/432/1020 1166/407/1173 1172/431/570
f 1172/431/570 1166/407/450 1171/406/1391
f 1172/431/568 1171/406/565 1177/430/968
f 1177/430/564 1171/406/1143 1176/405/563
f 1177/430/966 1176/405/560 1182/429/965
f 1182/429/1392 1176/405/563 1181/404/1393
f 1182/429/557 1181/404/555 1186/428/556
f 1102/458/1207 1101/433/1206 1168/457/673
f 1168/457/673 1101/433/118 1167/432/577
f 1168/457/1205 1167/432/1021 1173/456/671
f 1173/456/671 1167/432/670 1172/431/666
f 1173/456/668 1172/431/1017 1178/455/667
f 1178/455/664 1172/431/665 1177/430/1394
f 1178/455/663 1177/430/661 1183/454/1015
f 1183/454/1015 1177/430/1395 1182/429/1011
f 1183/454/662 1182/429/1170 1187/453/1396
f 1187/453/658 1182/429/1170 1186/428/1288
f 1187/453/656 1186/428/1202 1191/452/86
f 317/712/1397 1098/713/1398 318/714/1397
f 318/714/294 1098/713/1399 1228/715/863
f 318/714/294 1228/715/863 1227/716/863
f 1227/716/701 1228/715/701 1226/717/1213
f 1226/717/698 1228/715/701 1231/718/698
f 1226/717/603 1231/718/603 1225/719/485
f 1225/719/604 1231/718/605 1235/720/604
f 1225/719/485 1235/720/485 1224/721/482
f 1224/721/482 1235/720/485 1238/722/482
f 1224/721/369 1238/722/369 1223/723/370
f 1223/723/368 1238/722/369 1241/724/368
f 1223/723/256 1241/724/256 1222/725/257
f 1222/725/257 1241/724/256 1240/726/256
f 1222/725/257 1240/726/256 1221/727/257
f 1221/727/257 1240/726/256 1239/728/256
f 1221/727/257 1239/728/256 1220/729/256
f 1220/729/368 1239/728/368 1219/730/369
f 1219/730/369 1239/728/370 1236/731/369
f 1219/730/482 1236/731/482 1218/732/485
f 1218/732/485 1236/731/482 1233/733/485
f 1218/732/604 1233/733/604 1217/734/605
f 1217/734/603 1233/733/485 1229/735/603
f 1217/734/698 1229/735/698 1216/736/701
f 1216/736/701 1229/735/1213 1232/737/701
f 1216/736/863 1232/737/863 349/738/294
f 349/738/294 1232/737/863 1094/739/1399
f 349/738/294 1094/739/1400 299/740/294
f 1098/713/1400 1097/741/1401 1228/715/299
f 1228/715/701 1097/741/1402 1231/718/698
f 1097/741/1403 1096/742/1404 1231/718/605
f 1231/718/605 1096/742/1405 1230/743/605
f 1231/718/605 1230/743/605 1235/720/604
f 1235/720/485 1230/743/603 1234/744/485
f 1235/720/485 1234/744/485 1238/722/482
f 1238/722/482 1234/744/485 1237/745/482
f 1238/722/369 1237/745/369 1241/724/368
f 1241/724/368 1237/745/369 1240/726/368
f 1230/743/699 1096/742/1405 1229/735/699
f 1229/735/605 1096/742/1405 1095/746/1402
f 1229/735/698 1095/746/1402 1232/737/701
f 1232/737/299 1095/746/1406 1094/739/1400
f 1234/744/485 1230/743/603 1229/735/603
f 1234/744/604 1229/735/605 1233/733/604
f 1237/745/482 1234/744/485 1233/733/485
f 1237/745/482 1233/733/485 1236/731/482
f 1240/726/370 1237/745/369 1236/731/369
f 1240/726/368 1236/731/369 1239/728/368
f 1243/8/776 1071/459/776 1242/6/775
f 1242/6/775 1071/459/774 1070/460/775
f 1242/4/777 1070/461/777 1265/2/165
f 1265/2/165 1070/461/777 1093/462/165
f 1265/2/780 1093/462/780 1264/50/778
f 1264/50/778 1093/462/780 1092/463/778
f 1264/50/779 1092/463/779 1263/48/176
f 1263/48/176 1092/463/779 1091/464/176
f 1263/48/784 1091/464/784 1262/46/783
f 1262/46/783 1091/464/784 1090/465/783
f 1262/46/183 1090/465/183 1261/44/1306
f 1261/44/787 1090/465/1407 1089/466/787
f 1261/44/786 1089/466/786 1260/42/1236
f 1260/42/788 1089/466/787 1088/467/788
f 1260/42/789 1088/467/789 1259/40/791
f 1259/40/792 1088/467/1239 1087/468/792
f 1259/40/791 1087/468/791 1258/38/1408
f 1258/38/795 1087/468/1409 1086/469/793
f 1258/38/795 1086/469/795 1257/36/796
f 1257/36/796 1086/469/793 1085/470/796
f 1257/36/799 1085/470/799 1256/34/211
f 1256/34/211 1085/470/799 1084/471/211
f 1256/34/801 1084/471/801 1255/32/216
f 1255/32/216 1084/471/801 1083/472/216
f 1255/32/802 1083/472/802 1254/30/222
f 1254/30/222 1083/472/802 1082/473/222
f 1254/30/803 1082/473/803 1253/28/804
f 1253/28/804 1082/473/803 1081/474/804
f 1253/28/805 1081/474/805 1252/26/233
f 1252/26/233 1081/474/805 1080/475/233
f 1252/26/806 1080/475/806 1251/24/239
f 1251/24/238 1080/475/1055 1079/476/238
f 1251/24/807 1079/476/807 1250/22/808
f 1250/22/248 1079/476/807 1078/477/248
f 1250/22/808 1078/477/808 1249/20/1094
f 1249/20/811 1078/477/1410 1077/478/811
f 1249/20/810 1077/478/810 1248/18/1411
f 1248/18/1060 1077/478/811 1076/479/1060
f 1248/18/1062 1076/479/1062 1247/16/813
f 1247/16/814 1076/479/1412 1075/480/814
f 1247/16/813 1075/480/813 1246/14/1413
f 1246/14/1064 1075/480/1414 1074/481/1064
f 1246/14/265 1074/481/265 1245/12/270
f 1245/12/270 1074/481/265 1073/482/270
f 1245/12/1415 1073/482/1415 1244/10/1067
f 1244/10/275 1073/482/816 1072/483/275
f 1244/10/817 1072/483/817 1243/8/280
f 1243/8/280 1072/483/817 1071/459/280
f 1267/308/1416 1320/309/1417 1266/310/1418
f 1266/310/1418 1320/309/1417 1314/311/1419
f 1266/312/1420 1314/313/1421 1289/314/1422
f 1289/314/1423 1314/313/1421 1426/315/1424
f 1289/314/280 1426/315/1425 1288/316/1426
f 1288/316/1427 1426/315/1424 1421/317/1428
f 1288/316/1429 1421/317/1430 1287/318/1431
f 1287/318/1432 1421/317/1433 1416/319/1434
f 1287/318/1435 1416/319/1436 1286/320/1437
f 1286/320/1064 1416/319/1438 1411/321/1439
f 1286/320/265 1411/321/1439 1285/322/1414
f 1285/322/1440 1411/321/1441 1406/323/1442
f 1285/322/1443 1406/323/1444 1284/324/1445
f 1284/324/1445 1406/323/1444 1401/325/1446
f 1284/324/1447 1401/325/1448 1283/326/1449
f 1283/326/1059 1401/325/1450 1396/327/1451
f 1283/326/1452 1396/327/1453 1282/328/248
f 1282/328/1454 1396/327/1455 1391/329/1456
f 1282/328/1457 1391/329/1458 1281/330/1459
f 1281/330/1459 1391/329/1460 1386/331/1461
f 1281/330/1462 1386/331/1463 1280/332/1464
f 1280/332/806 1386/331/1465 1381/333/1466
f 1280/332/1467 1381/333/1468 1279/284/1469
f 1279/284/1469 1381/333/1470 1376/285/1471
f 1279/284/1472 1376/285/1471 1278/286/1473
f 1278/286/132 1376/285/1474 1371/287/1475
f 1278/286/1476 1371/287/1477 1277/288/1478
f 1277/288/1479 1371/287/1480 1366/289/1481
f 1277/288/1482 1366/289/1483 1276/290/801
f 1276/290/1484 1366/289/1485 1361/291/1486
f 1276/290/1487 1361/291/1488 1275/292/797
f 1275/292/1489 1361/291/1486 1356/293/1490
f 1275/292/1491 1356/293/1492 1274/294/1493
f 1274/294/1494 1356/293/1495 1351/295/1496
f 1274/294/1493 1351/295/1497 1273/296/1498
f 1273/296/1499 1351/295/1500 1347/297/1501
f 1273/296/1499 1347/297/1502 1272/298/1503
f 1272/298/1503 1347/297/1502 1343/299/1504
f 1272/298/1505 1343/299/1506 1271/300/1507
f 1271/300/1508 1343/299/1509 1339/301/1510
f 1271/300/1511 1339/301/1512 1270/302/783
f 1270/302/785 1339/301/1513 1335/303/1514
f 1270/302/1515 1335/303/1516 1269/304/1517
f 1269/304/1518 1335/303/1519 1330/305/1520
f 1269/304/1521 1330/305/1522 1268/306/1523
f 1268/306/779 1330/305/1524 1325/307/1525
f 1268/306/778 1325/307/1526 1267/308/1527
f 1267/308/1527 1325/307/1526 1320/309/1528
f 1313/688/1529 1290/689/42 1365/383/1530
f 1365/383/1531 1290/689/1532 1291/690/1533
f 1365/383/1530 1291/690/1534 1360/381/1535
f 1360/381/1536 1291/690/1534 1355/379/1537
f 1360/381/1535 1355/379/1538 1354/450/1539
f 1354/450/1540 1355/379/1537 1350/451/1541
f 1354/450/1542 1350/451/1543 1349/426/1544
f 1349/426/1545 1350/451/1546 1345/427/1547
f 1349/426/1548 1345/427/1549 1344/402/1550
f 1344/402/1551 1345/427/1552 1340/403/1553
f 1344/402/1554 1340/403/1555 1339/301/1556
f 1339/301/1557 1340/403/1558 1335/303/1559
f 1291/690/1560 1292/691/1561 1355/379/1562
f 1355/379/1563 1292/691/1564 1350/451/1565
f 1292/691/1566 1293/692/1567 1350/451/1568
f 1350/451/1568 1293/692/1569 1346/452/1570
f 1350/451/1568 1346/452/1571 1345/427/1572
f 1345/427/1573 1346/452/1574 1341/428/1575
f 1345/427/1576 1341/428/1577 1340/403/1578
f 1340/403/1578 1341/428/1579 1336/404/1580
f 1340/403/1581 1336/404/1582 1335/303/1583
f 1335/303/1583 1336/404/1584 1330/305/1585
f 1346/452/1574 1293/692/1586 1342/453/1587
f 1342/453/1587 1293/692/1588 1294/693/1589
f 1342/453/1590 1294/693/1589 1338/454/1591
f 1338/454/1592 1294/693/1593 1319/371/1594
f 1338/454/1595 1319/371/1596 1333/455/1597
f 1333/455/1598 1319/371/1599 1334/369/1600
f 1333/455/1601 1334/369/1602 1328/456/1603
f 1328/456/1604 1334/369/1600 1329/367/1605
f 1328/456/1606 1329/367/1607 1323/457/1608
f 1323/457/1608 1329/367/1609 1324/365/1610
f 1323/457/1608 1324/365/1611 1317/458/38
f 1317/458/55 1324/365/1612 1318/363/39
f 1317/434/38 1318/361/39 1429/435/1613
f 1429/435/1614 1318/361/39 1430/359/1615
f 1429/435/1614 1430/359/1616 1424/436/1617
f 1424/436/1618 1430/359/1619 1425/357/1620
f 1424/436/1621 1425/357/1622 1419/437/1623
f 1419/437/1623 1425/357/1622 1420/355/1624
f 1419/437/1625 1420/355/1626 1414/438/1627
f 1414/438/1627 1420/355/1624 1415/353/1628
f 1414/438/1629 1415/353/1630 1409/439/1631
f 1409/439/1632 1415/353/1630 1410/351/1633
f 1409/439/1634 1410/351/1635 1404/440/1636
f 1404/440/1637 1410/351/1633 1405/349/1638
f 1404/440/1636 1405/349/1639 1399/441/1640
f 1399/441/1641 1405/349/1642 1400/347/1643
f 1399/441/1641 1400/347/1644 1394/442/1645
f 1394/442/1646 1400/347/1643 1395/345/1647
f 1394/442/1648 1395/345/1649 1389/443/1650
f 1389/443/1651 1395/345/1652 1390/343/1653
f 1389/443/1654 1390/343/1655 1384/444/1656
f 1384/444/1657 1390/343/1658 1385/341/1659
f 1384/444/1660 1385/341/1659 1379/445/1661
f 1379/445/1661 1385/341/1659 1380/339/1662
f 1379/445/1661 1380/339/1662 1374/446/45
f 1374/446/45 1380/339/1662 1375/337/44
f 1374/446/1663 1375/337/44 1369/447/1664
f 1369/447/1665 1375/337/44 1370/335/1666
f 1369/447/1665 1370/335/1666 1364/448/1667
f 1364/448/1667 1370/335/1666 1365/383/1668
f 1364/448/1669 1365/383/1670 1359/449/1671
f 1359/449/1671 1365/383/1668 1360/381/1672
f 1359/449/1673 1360/381/1674 1354/450/1675
f 1294/693/1676 1295/694/1677 1319/371/1678
f 1319/371/1596 1295/694/1679 1334/369/1680
f 1334/369/1681 1295/694/1682 1329/367/1683
f 1329/367/1684 1295/694/1685 1296/695/1686
f 1329/367/1683 1296/695/41 1297/696/41
f 1329/367/1687 1297/696/41 1324/365/1688
f 1324/365/1689 1297/696/41 1298/697/41
f 1324/365/1688 1298/697/1690 1318/363/1691
f 1318/361/58 1298/698/41 1299/699/41
f 1318/361/58 1299/699/41 1430/359/1692
f 1430/359/1692 1299/699/41 1300/700/41
f 1430/359/1693 1300/700/41 1425/357/1694
f 1425/357/1695 1300/700/1696 1301/701/1696
f 1425/357/1695 1301/701/1696 1420/355/1697
f 1420/355/1698 1301/701/41 1302/702/41
f 1420/355/1697 1302/702/1699 1415/353/1700
f 1415/353/1701 1302/702/1690 1303/703/1690
f 1415/353/1700 1303/703/1696 1410/351/1633
f 1410/351/1702 1303/703/1699 1304/704/1699
f 1410/351/1703 1304/704/1704 1405/349/1705
f 1405/349/1706 1304/704/1699 1305/348/1690
f 1405/349/1707 1305/348/1690 1306/705/1690
f 1405/349/1705 1306/705/1699 1400/347/1643
f 1400/347/1708 1306/705/1690 1307/706/1690
f 1400/347/1643 1307/706/1709 1395/345/1710
f 1395/345/1711 1307/706/1699 1308/707/1699
f 1395/345/1710 1308/707/1709 1390/343/1653
f 1390/343/1712 1308/707/42 1309/708/42
f 1390/343/1653 1309/708/1709 1385/341/1713
f 1385/341/1713 1309/708/42 1310/709/42
f 1385/341/1714 1310/709/42 1380/339/1715
f 1380/339/1716 1310/709/42 1311/710/42
f 1380/339/1716 1311/710/42 1375/337/59
f 1375/337/59 1311/710/42 1312/711/42
f 1375/337/1717 1312/711/42 1370/335/1718
f 1370/335/1719 1312/711/42 1313/688/42
f 1370/335/1720 1313/688/42 1365/383/1721
f 1314/313/32 1315/384/1722 1426/315/1723
f 1426/315/1723 1315/384/1724 1427/385/1725
f 1426/315/1726 1427/385/1727 1421/317/1728
f 1421/317/1729 1427/385/1730 1422/386/1731
f 1421/317/1732 1422/386/1733 1416/319/1734
f 1416/319/1434 1422/386/1735 1417/387/1736
f 1416/319/1737 1417/387/1738 1411/321/1739
f 1411/321/1739 1417/387/1738 1412/388/1740
f 1411/321/1741 1412/388/1742 1406/323/1743
f 1406/323/1442 1412/388/1742 1407/389/1744
f 1406/323/1745 1407/389/1746 1401/325/1747
f 1401/325/1747 1407/389/1746 1402/390/1748
f 1401/325/1747 1402/390/1748 1396/327/1749
f 1396/327/1749 1402/390/1748 1397/391/1750
f 1396/327/1751 1397/391/1752 1391/329/1753
f 1391/329/1753 1397/391/1754 1392/392/1755
f 1391/329/1756 1392/392/1757 1386/331/1758
f 1386/331/1759 1392/392/1757 1387/393/1760
f 1386/331/1759 1387/393/1761 1381/333/1762
f 1381/333/1763 1387/393/1764 1382/394/1765
f 1381/333/1763 1382/394/1765 1376/285/1766
f 1376/285/1766 1382/394/1767 1377/395/1768
f 1376/285/1769 1377/395/1770 1371/287/51
f 1371/287/1771 1377/395/1772 1372/396/1773
f 1371/287/51 1372/396/50 1366/289/1774
f 1366/289/1775 1372/396/1776 1367/397/1777
f 1366/289/1778 1367/397/1779 1361/291/1780
f 1361/291/1780 1367/397/1781 1362/398/1782
f 1361/291/1783 1362/398/1784 1356/293/1785
f 1356/293/1786 1362/398/1787 1357/399/1788
f 1356/293/1785 1357/399/1789 1351/295/1790
f 1351/295/1790 1357/399/1791 1352/400/1792
f 1351/295/1793 1352/400/1794 1347/297/1795
f 1347/297/1796 1352/400/1797 1348/401/1798
f 1347/297/1799 1348/401/1800 1343/299/1801
f 1343/299/1801 1348/401/1802 1344/402/1803
f 1343/299/1804 1344/402/1805 1339/301/1806
f 1315/384/1807 1316/409/1808 1427/385/1809
f 1427/385/1810 1316/409/1811 1428/410/1812
f 1427/385/1813 1428/410/1814 1422/386/1815
f 1422/386/1816 1428/410/1817 1423/411/1818
f 1422/386/1819 1423/411/1820 1417/387/1821
f 1417/387/1822 1423/411/1823 1418/412/1824
f 1417/387/1825 1418/412/1826 1412/388/1827
f 1412/388/1828 1418/412/1826 1413/413/1829
f 1412/388/1830 1413/413/1831 1407/389/1832
f 1407/389/1832 1413/413/1831 1408/414/1833
f 1407/389/1834 1408/414/1835 1402/390/1836
f 1402/390/1837 1408/414/1833 1403/415/1838
f 1402/390/1839 1403/415/1840 1397/391/1841
f 1397/391/1841 1403/415/1842 1398/416/1843
f 1397/391/1844 1398/416/1845 1392/392/1846
f 1392/392/1847 1398/416/1848 1393/417/1849
f 1392/392/1850 1393/417/1849 1387/393/1851
f 1387/393/1852 1393/417/1849 1388/418/1853
f 1387/393/1854 1388/418/1855 1382/394/1856
f 1382/394/1857 1388/418/1853 1383/419/1858
f 1382/394/1767 1383/419/1859 1377/395/1860
f 1377/395/1861 1383/419/1862 1378/420/1863
f 1377/395/1864 1378/420/1865 1372/396/1866
f 1372/396/1867 1378/420/1868 1373/421/1869
f 1372/396/1870 1373/421/1871 1367/397/1872
f 1367/397/1873 1373/421/48 1368/422/1874
f 1367/397/1875 1368/422/1876 1362/398/1877
f 1362/398/1878 1368/422/1879 1363/423/1880
f 1362/398/1881 1363/423/1882 1357/399/1788
f 1357/399/1883 1363/423/1884 1358/424/1885
f 1357/399/1886 1358/424/1887 1352/400/1888
f 1352/400/1888 1358/424/1889 1353/425/1890
f 1352/400/1891 1353/425/1890 1348/401/1892
f 1348/401/1893 1353/425/1894 1349/426/1895
f 1348/401/1896 1349/426/1897 1344/402/1898
f 1315/408/1899 1314/311/1900 1321/407/1901
f 1321/407/1902 1314/311/1900 1320/309/1903
f 1321/407/1904 1320/309/1905 1326/406/1906
f 1326/406/1907 1320/309/1905 1325/307/1908
f 1326/406/1906 1325/307/1909 1331/405/1910
f 1331/405/1911 1325/307/1909 1330/305/1912
f 1331/405/1911 1330/305/1912 1336/404/1582
f 1316/409/1913 1317/434/55 1428/410/1914
f 1428/410/1915 1317/434/37 1429/435/1916
f 1428/410/1917 1429/435/1918 1423/411/1919
f 1423/411/1919 1429/435/1918 1424/436/1920
f 1423/411/1921 1424/436/1922 1418/412/1923
f 1418/412/1924 1424/436/1920 1419/437/1925
f 1418/412/1926 1419/437/1927 1413/413/1928
f 1413/413/1928 1419/437/1927 1414/438/1929
f 1413/413/1930 1414/438/1931 1408/414/1932
f 1408/414/1933 1414/438/1931 1409/439/1934
f 1408/414/1935 1409/439/1634 1403/415/1936
f 1403/415/1937 1409/439/1634 1404/440/1938
f 1403/415/1939 1404/440/1938 1398/416/1940
f 1398/416/1941 1404/440/1938 1399/441/1640
f 1398/416/1942 1399/441/1943 1393/417/1944
f 1393/417/1945 1399/441/1943 1394/442/1946
f 1393/417/1947 1394/442/1948 1388/418/1949
f 1388/418/1950 1394/442/1951 1389/443/1952
f 1388/418/1953 1389/443/1954 1383/419/1955
f 1383/419/1956 1389/443/1957 1384/444/1958
f 1383/419/1862 1384/444/1959 1378/420/1960
f 1378/420/1961 1384/444/1962 1379/445/1963
f 1378/420/1863 1379/445/1964 1373/421/1869
f 1373/421/1965 1379/445/1966 1374/446/46
f 1373/421/1965 1374/446/46 1368/422/1967
f 1368/422/1968 1374/446/1969 1369/447/1970
f 1368/422/1971 1369/447/1972 1363/423/1973
f 1363/423/1973 1369/447/1972 1364/448/1974
f 1363/423/1975 1364/448/1976 1358/424/1977
f 1358/424/1978 1364/448/1979 1359/449/1980
f 1358/424/1981 1359/449/1982 1353/425/1983
f 1353/425/1984 1359/449/1985 1354/450/1986
f 1353/425/1987 1354/450/1988 1349/426/1989
f 1316/433/35 1315/408/1990 1322/432/1991
f 1322/432/1992 1315/408/1990 1321/407/1901
f 1322/432/1993 1321/407/1994 1327/431/1995
f 1327/431/1996 1321/407/1904 1326/406/1997
f 1327/431/1998 1326/406/1999 1332/430/2000
f 1332/430/2001 1326/406/1906 1331/405/2002
f 1332/430/2003 1331/405/2004 1337/429/2005
f 1337/429/2006 1331/405/2007 1336/404/2008
f 1337/429/2009 1336/404/1584 1341/428/2010
f 1317/458/2011 1316/433/2012 1323/457/2013
f 1323/457/2014 1316/433/2015 1322/432/2016
f 1323/457/2017 1322/432/2018 1328/456/2019
f 1328/456/2019 1322/432/2020 1327/431/2021
f 1328/456/2022 1327/431/2023 1333/455/2024
f 1333/455/2025 1327/431/2021 1332/430/2026
f 1333/455/2027 1332/430/2028 1338/454/2029
f 1338/454/2030 1332/430/2003 1337/429/2005
f 1338/454/2029 1337/429/2031 1342/453/1587
f 1342/453/2032 1337/429/2033 1341/428/2034
f 1342/453/1587 1341/428/2035 1346/452/2036
f 1296/712/2037 1295/713/2038 1444/714/2037
f 1444/714/1690 1295/713/2039 1445/715/1707
f 1444/714/1699 1445/715/1705 1443/716/1705
f 1443/716/2040 1445/715/2040 1442/717/2041
f 1442/717/1636 1445/715/2040 1448/718/1636
f 1442/717/1938 1448/718/1938 1441/719/1937
f 1441/719/1939 1448/718/1636 1452/720/1939
f 1441/719/2042 1452/720/2042 1440/721/2043
f 1440/721/2043 1452/720/2042 1455/722/2043
f 1440/721/1748 1455/722/1748 1439/723/2044
f 1439/723/1747 1455/722/1748 1458/724/1747
f 1439/723/1450 1458/724/1450 1438/725/2045
f 1438/725/2045 1458/724/1450 1457/726/1450
f 1438/725/2045 1457/726/1450 1437/727/2045
f 1437/727/2045 1457/726/1450 1456/728/1450
f 1437/727/2045 1456/728/1450 1436/729/1450
f 1436/729/1747 1456/728/1747 1435/730/1748
f 1435/730/1748 1456/728/2044 1453/731/1748
f 1435/730/2043 1453/731/2043 1434/747/2046
f 1434/747/2042 1453/731/2043 1450/733/2042
f 1434/747/1939 1450/733/1939 1433/734/1636
f 1433/734/1938 1450/733/1937 1446/735/1938
f 1433/734/1636 1446/735/1636 1432/736/2040
f 1432/736/2040 1446/735/2041 1449/737/2040
f 1432/736/1705 1449/737/1705 1431/738/1699
f 1431/738/1690 1449/737/1707 1291/739/2039
f 1431/738/2047 1291/739/2048 1290/740/2047
f 1295/713/2039 1294/741/2049 1445/715/1705
f 1445/715/2040 1294/741/2050 1448/718/1636
f 1294/741/2049 1293/742/2051 1448/718/1637
f 1448/718/1636 1293/742/2052 1447/743/1938
f 1448/718/1938 1447/743/1938 1452/720/1937
f 1452/720/1939 1447/743/1636 1451/744/1939
f 1452/720/2042 1451/744/2042 1455/722/2043
f 1455/722/2043 1451/744/2042 1454/745/2043
f 1455/722/1748 1454/745/1748 1458/724/2044
f 1458/724/1747 1454/745/1748 1457/726/1747
f 1447/743/1938 1293/742/2052 1446/735/1636
f 1446/735/1637 1293/742/2051 1292/746/2049
f 1446/735/1636 1292/746/2050 1449/737/2040
f 1449/737/1707 1292/746/2049 1291/739/2039
f 1451/744/1939 1447/743/1636 1446/735/1636
f 1451/744/1937 1446/735/1938 1450/733/1937
f 1454/745/2043 1451/744/2046 1450/733/2046
f 1454/745/2043 1450/733/2046 1453/731/2043
f 1457/726/1747 1454/745/1748 1453/731/1748
f 1457/726/1747 1453/731/1748 1456/728/1747
f 1460/748/165 1267/749/165 1459/750/777
f 1459/750/777 1267/749/165 1266/751/777
f 1459/752/775 1266/753/775 1482/754/774
f 1482/754/776 1266/753/775 1289/755/776
f 1482/754/280 1289/755/280 1481/756/817
f 1481/756/817 1289/755/280 1288/757/817
f 1481/756/275 1288/757/275 1480/758/816
f 1480/758/1415 1288/757/1067 1287/759/1415
f 1480/758/270 1287/759/270 1479/760/265
f 1479/760/265 1287/759/270 1286/761/265
f 1479/760/1064 1286/761/1064 1478/762/1414
f 1478/762/813 1286/761/1413 1285/763/813
f 1478/762/814 1285/763/814 1477/764/1412
f 1477/764/1062 1285/763/813 1284/765/1062
f 1477/764/1060 1284/765/1060 1476/766/811
f 1476/766/810 1284/765/1411 1283/767/810
f 1476/766/811 1283/767/811 1475/768/1410
f 1475/768/808 1283/767/1094 1282/769/248
f 1475/768/808 1282/769/808 1474/770/807
f 1474/770/807 1282/769/248 1281/771/807
f 1474/770/238 1281/771/238 1473/772/1055
f 1473/772/806 1281/771/239 1280/773/806
f 1473/772/233 1280/773/233 1472/774/805
f 1472/774/805 1280/773/233 1279/775/805
f 1472/774/804 1279/775/804 1471/776/803
f 1471/776/803 1279/775/804 1278/777/803
f 1471/776/222 1278/777/222 1470/778/802
f 1470/778/802 1278/777/222 1277/779/802
f 1470/778/216 1277/779/216 1469/780/801
f 1469/780/801 1277/779/216 1276/781/801
f 1469/780/211 1276/781/211 1468/782/799
f 1468/782/799 1276/781/211 1275/783/799
f 1468/782/796 1275/783/796 1467/784/795
f 1467/784/793 1275/783/796 1274/785/793
f 1467/784/793 1274/785/795 1466/786/1409
f 1466/786/791 1274/785/1408 1273/787/791
f 1466/786/792 1273/787/792 1465/788/1239
f 1465/788/789 1273/787/791 1272/789/789
f 1465/788/788 1272/789/788 1464/790/787
f 1464/790/786 1272/789/1236 1271/791/786
f 1464/790/787 1271/791/787 1463/792/1407
f 1463/792/183 1271/791/1306 1270/793/783
f 1463/792/783 1270/793/783 1462/794/784
f 1462/794/784 1270/793/783 1269/795/784
f 1462/794/176 1269/795/176 1461/796/779
f 1461/796/779 1269/795/176 1268/797/779
f 1461/796/778 1268/797/778 1460/748/780
f 1460/748/780 1268/797/778 1267/749/780
f 1484/308/1416 1536/309/2053 1483/310/1418
f 1483/310/777 1536/309/2053 1531/311/2054
f 1483/312/1420 1531/313/2055 1506/314/774
f 1506/314/1423 1531/313/31 1646/315/1424
f 1506/314/2056 1646/315/1424 1505/316/1427
f 1505/316/817 1646/315/2057 1641/317/1428
f 1505/316/2058 1641/317/2059 1504/318/1435
f 1504/318/1432 1641/317/1428 1636/319/2060
f 1504/318/1435 1636/319/1436 1503/320/1437
f 1503/320/2061 1636/319/2062 1631/321/2063
f 1503/320/1064 1631/321/2064 1502/322/2065
f 1502/322/1440 1631/321/1441 1626/323/1442
f 1502/322/2066 1626/323/2067 1501/324/812
f 1501/324/1445 1626/323/2068 1621/325/2069
f 1501/324/2045 1621/325/1446 1500/326/2070
f 1500/326/1449 1621/325/1448 1616/327/2071
f 1500/326/2072 1616/327/1455 1499/328/1454
f 1499/328/2073 1616/327/2074 1611/329/2075
f 1499/328/1457 1611/329/2075 1498/330/1459
f 1498/330/1462 1611/329/1460 1606/331/1461
f 1498/330/1462 1606/331/2076 1497/332/1464
f 1497/332/1464 1606/331/1463 1601/333/2077
f 1497/332/233 1601/333/1466 1496/284/1469
f 1496/284/226 1601/333/1468 1596/285/1471
f 1496/284/1472 1596/285/1471 1495/286/1473
f 1495/286/1473 1596/285/2078 1591/287/2079
f 1495/286/1476 1591/287/2079 1494/288/800
f 1494/288/800 1591/287/1477 1586/289/2080
f 1494/288/1482 1586/289/1485 1493/290/2081
f 1493/290/1484 1586/289/1485 1581/291/1486
f 1493/290/2082 1581/291/1486 1492/292/799
f 1492/292/2083 1581/291/2084 1576/293/2085
f 1492/292/2083 1576/293/2086 1491/294/1494
f 1491/294/795 1576/293/2086 1571/295/2087
f 1491/294/2088 1571/295/2089 1490/296/1499
f 1490/296/2090 1571/295/1500 1566/297/2091
f 1490/296/1499 1566/297/1502 1489/298/1503
f 1489/298/1503 1566/297/1502 1561/299/1509
f 1489/298/1505 1561/299/1506 1488/300/1053
f 1488/300/2092 1561/299/1509 1556/301/1510
f 1488/300/2093 1556/301/2094 1487/302/2095
f 1487/302/2096 1556/301/2097 1551/303/2098
f 1487/302/2099 1551/303/2100 1486/304/781
f 1486/304/1521 1551/303/2101 1546/305/2102
f 1486/304/1521 1546/305/1522 1485/306/1523
f 1485/306/778 1546/305/2103 1541/307/2104
f 1485/306/2105 1541/307/2106 1484/308/1300
f 1484/308/1527 1541/307/1526 1536/309/2107
f 1508/358/41 1650/359/2108 1507/360/41
f 1507/360/41 1650/359/2109 1535/361/58
f 1507/362/41 1535/363/58 1530/364/41
f 1530/364/41 1535/363/58 1540/365/1689
f 1530/364/41 1540/365/1689 1529/366/41
f 1529/366/41 1540/365/2110 1545/367/1683
f 1529/366/2111 1545/367/1683 1528/368/2111
f 1528/368/2111 1545/367/1683 1550/369/1681
f 1528/368/2112 1550/369/2113 1527/370/2111
f 1527/370/2112 1550/369/1681 1555/371/2114
f 1527/370/1690 1555/371/2115 1526/372/1690
f 1526/372/2112 1555/371/2114 1560/373/2116
f 1526/372/1690 1560/373/2117 1525/374/1690
f 1525/374/2112 1560/373/2116 1565/375/2118
f 1525/374/1690 1565/375/2119 1524/376/2112
f 1524/376/2112 1565/375/2118 1570/377/2120
f 1524/376/1690 1570/377/2121 1523/378/1690
f 1523/378/2112 1570/377/2121 1575/379/1538
f 1523/378/1690 1575/379/2122 1522/380/1690
f 1522/380/2112 1575/379/1538 1580/381/1536
f 1522/380/42 1580/381/2123 1521/382/42
f 1521/382/1529 1580/381/1535 1585/383/1530
f 1521/382/42 1585/383/2124 1520/334/42
f 1520/334/1529 1585/383/1530 1590/335/1719
f 1520/334/42 1590/335/2125 1519/336/42
f 1519/336/42 1590/335/1719 1595/337/59
f 1519/336/42 1595/337/59 1518/338/42
f 1518/338/42 1595/337/59 1600/339/1716
f 1518/338/42 1600/339/1716 1517/340/42
f 1517/340/1709 1600/339/1716 1605/341/1713
f 1517/340/1709 1605/341/1713 1516/342/42
f 1516/342/1709 1605/341/1713 1610/343/1653
f 1516/342/1709 1610/343/1653 1515/344/1709
f 1515/344/1709 1610/343/2126 1615/345/1710
f 1515/344/1690 1615/345/1710 1514/346/1690
f 1514/346/1699 1615/345/1710 1620/347/1643
f 1514/346/1690 1620/347/2127 1513/348/1690
f 1513/348/1699 1620/347/1643 1625/349/1705
f 1513/348/1690 1625/349/1706 1512/350/1690
f 1512/350/1704 1625/349/1705 1630/351/1703
f 1512/350/1690 1630/351/1702 1511/352/1690
f 1511/352/1699 1630/351/1633 1635/353/1700
f 1511/352/1696 1635/353/1700 1510/354/1696
f 1510/354/1699 1635/353/1700 1640/355/1697
f 1510/354/41 1640/355/1698 1509/356/1690
f 1509/356/1696 1640/355/1697 1645/357/1695
f 1509/356/41 1645/357/1695 1508/358/41
f 1508/358/41 1645/357/1695 1650/359/1692
f 1531/313/32 1532/384/1722 1646/315/1723
f 1646/315/1723 1532/384/1722 1647/385/2128
f 1646/315/1726 1647/385/1727 1641/317/1729
f 1641/317/2129 1647/385/1727 1642/386/1731
f 1641/317/1732 1642/386/1733 1636/319/2130
f 1636/319/1734 1642/386/1733 1637/387/2131
f 1636/319/1737 1637/387/1738 1631/321/1739
f 1631/321/1739 1637/387/1738 1632/388/2132
f 1631/321/1741 1632/388/1742 1626/323/2068
f 1626/323/2133 1632/388/1742 1627/389/1744
f 1626/323/1745 1627/389/2134 1621/325/1747
f 1621/325/1747 1627/389/1746 1622/390/1836
f 1621/325/2135 1622/390/2136 1616/327/1749
f 1616/327/2137 1622/390/2138 1617/391/2139
f 1616/327/1751 1617/391/1752 1611/329/1753
f 1611/329/1753 1617/391/1754 1612/392/1755
f 1611/329/1756 1612/392/2140 1606/331/1759
f 1606/331/1758 1612/392/1757 1607/393/2141
f 1606/331/2142 1607/393/1764 1601/333/2077
f 1601/333/2143 1607/393/1761 1602/394/1856
f 1601/333/1763 1602/394/1765 1596/285/1766
f 1596/285/2144 1602/394/1765 1597/395/1768
f 1596/285/1769 1597/395/1770 1591/287/51
f 1591/287/1771 1597/395/1772 1592/396/50
f 1591/287/1480 1592/396/50 1586/289/2080
f 1586/289/1774 1592/396/2145 1587/397/1777
f 1586/289/1778 1587/397/1779 1581/291/1780
f 1581/291/1780 1587/397/2146 1582/398/2147
f 1581/291/1783 1582/398/1784 1576/293/1786
f 1576/293/1786 1582/398/2148 1577/399/2149
f 1576/293/2150 1577/399/1791 1571/295/1790
f 1571/295/2151 1577/399/2152 1572/400/2153
f 1571/295/2154 1572/400/2155 1566/297/1799
f 1566/297/1795 1572/400/1792 1567/401/2156
f 1566/297/1799 1567/401/1802 1561/299/1801
f 1561/299/1801 1567/401/1802 1562/402/1803
f 1561/299/2157 1562/402/2158 1556/301/2097
f 1556/301/2159 1562/402/2160 1557/403/2161
f 1556/301/1806 1557/403/2162 1551/303/1516
f 1551/303/2163 1557/403/2164 1552/404/2165
f 1551/303/1583 1552/404/1582 1546/305/1912
f 1546/305/1585 1552/404/2008 1547/405/2166
f 1546/305/2167 1547/405/2168 1541/307/2106
f 1541/307/1909 1547/405/1910 1542/406/2169
f 1541/307/1908 1542/406/1907 1536/309/1905
f 1536/309/1905 1542/406/2169 1537/407/1904
f 1536/309/1903 1537/407/2170 1531/311/1900
f 1531/311/1419 1537/407/1902 1532/408/1899
f 1532/384/1807 1533/409/1808 1647/385/1809
f 1647/385/1810 1533/409/54 1648/410/1812
f 1647/385/1730 1648/410/2171 1642/386/1816
f 1642/386/2172 1648/410/1814 1643/411/2173
f 1642/386/2174 1643/411/1823 1637/387/1822
f 1637/387/1822 1643/411/1823 1638/412/1824
f 1637/387/1825 1638/412/1826 1632/388/1827
f 1632/388/2175 1638/412/2176 1633/413/1829
f 1632/388/1830 1633/413/1831 1627/389/1832
f 1627/389/2177 1633/413/2178 1628/414/2179
f 1627/389/2180 1628/414/2181 1622/390/1836
f 1622/390/1837 1628/414/2182 1623/415/1838
f 1622/390/1839 1623/415/1840 1617/391/2183
f 1617/391/2184 1623/415/2185 1618/416/2186
f 1617/391/2183 1618/416/1848 1612/392/2187
f 1612/392/2187 1618/416/1848 1613/417/2188
f 1612/392/1850 1613/417/1849 1607/393/1851
f 1607/393/1851 1613/417/1849 1608/418/1853
f 1607/393/1851 1608/418/1853 1602/394/2189
f 1602/394/2190 1608/418/2191 1603/419/1858
f 1602/394/2192 1603/419/1859 1597/395/1861
f 1597/395/1860 1603/419/1862 1598/420/1863
f 1597/395/2193 1598/420/1863 1592/396/49
f 1592/396/1867 1598/420/1868 1593/421/48
f 1592/396/2145 1593/421/2194 1587/397/1872
f 1587/397/1873 1593/421/48 1588/422/1874
f 1587/397/1875 1588/422/1876 1582/398/1877
f 1582/398/2195 1588/422/1876 1583/423/2196
f 1582/398/1787 1583/423/1882 1577/399/1788
f 1577/399/2197 1583/423/2198 1578/424/1887
f 1577/399/1789 1578/424/2199 1572/400/2200
f 1572/400/2201 1578/424/1887 1573/425/1890
f 1572/400/2202 1573/425/2203 1567/401/1896
f 1567/401/1893 1573/425/1894 1568/426/1544
f 1567/401/2204 1568/426/1897 1562/402/1551
f 1562/402/1550 1568/426/1548 1563/427/1549
f 1562/402/1551 1563/427/1552 1557/403/1553
f 1557/403/1578 1563/427/2205 1558/428/1579
f 1557/403/1578 1558/428/1579 1552/404/1580
f 1552/404/1580 1558/428/2206 1553/429/2207
f 1552/404/2208 1553/429/2006 1547/405/2007
f 1547/405/2004 1553/429/2209 1548/430/2210
f 1547/405/2002 1548/430/2001 1542/406/2211
f 1542/406/1999 1548/430/2000 1543/431/1998
f 1542/406/1999 1543/431/1995 1537/407/1994
f 1537/407/2212 1543/431/1995 1538/432/1993
f 1537/407/1901 1538/432/1992 1532/408/2213
f 1532/408/2213 1538/432/1991 1533/433/35
f 1533/409/1913 1534/434/55 1648/410/1914
f 1648/410/1915 1534/434/2214 1649/435/2215
f 1648/410/1917 1649/435/1918 1643/411/1919
f 1643/411/2216 1649/435/1918 1644/436/1920
f 1643/411/2217 1644/436/2218 1638/412/1926
f 1638/412/1924 1644/436/2219 1639/437/1927
f 1638/412/2220 1639/437/1927 1633/413/1928
f 1633/413/1928 1639/437/1927 1634/438/1929
f 1633/413/2221 1634/438/2222 1628/414/1932
f 1628/414/1833 1634/438/1931 1629/439/2223
f 1628/414/2224 1629/439/2225 1623/415/1939
f 1623/415/1838 1629/439/2226 1624/440/2227
f 1623/415/1937 1624/440/1938 1618/416/1940
f 1618/416/1941 1624/440/1938 1619/441/1640
f 1618/416/2228 1619/441/1943 1613/417/2229
f 1613/417/1945 1619/441/2230 1614/442/1946
f 1613/417/2231 1614/442/1951 1608/418/1950
f 1608/418/1853 1614/442/1951 1609/443/1957
f 1608/418/2232 1609/443/1957 1603/419/2233
f 1603/419/2233 1609/443/1957 1604/444/1958
f 1603/419/1862 1604/444/1959 1598/420/1863
f 1598/420/1961 1604/444/1962 1599/445/2234
f 1598/420/1863 1599/445/2235 1593/421/1869
f 1593/421/2236 1599/445/1966 1594/446/46
f 1593/421/1965 1594/446/46 1588/422/1967
f 1588/422/1968 1594/446/1969 1589/447/2237
f 1588/422/2238 1589/447/1972 1583/423/1973
f 1583/423/1973 1589/447/1972 1584/448/1974
f 1583/423/2198 1584/448/1979 1578/424/1978
f 1578/424/1977 1584/448/1974 1579/449/1985
f 1578/424/1981 1579/449/1985 1573/425/1984
f 1573/425/1983 1579/449/1673 1574/450/2239
f 1573/425/1983 1574/450/1988 1568/426/2240
f 1568/426/2241 1574/450/1988 1569/451/2242
f 1568/426/2243 1569/451/1568 1563/427/1576
f 1563/427/1576 1569/451/1568 1564/452/2036
f 1563/427/1573 1564/452/1574 1558/428/1575
f 1558/428/1575 1564/452/2036 1559/453/1587
f 1558/428/2244 1559/453/2032 1553/429/2245
f 1553/429/2031 1559/453/2032 1554/454/2029
f 1553/429/2246 1554/454/2247 1548/430/2248
f 1548/430/2248 1554/454/2249 1549/455/2250
f 1548/430/2251 1549/455/2025 1543/431/2252
f 1543/431/2252 1549/455/2024 1544/456/2253
f 1543/431/2021 1544/456/2019 1538/432/2020
f 1538/432/2020 1544/456/2019 1539/457/2017
f 1538/432/2254 1539/457/2014 1533/433/36
f 1533/433/54 1539/457/2014 1534/458/2011
f 1534/434/55 1535/361/39 1649/435/1613
f 1649/435/1614 1535/361/40 1650/359/1615
f 1649/435/1614 1650/359/2255 1644/436/1621
f 1644/436/1617 1650/359/1619 1645/357/1620
f 1644/436/1618 1645/357/1622 1639/437/1623
f 1639/437/1623 1645/357/1622 1640/355/1624
f 1639/437/1625 1640/355/1626 1634/438/1627
f 1634/438/1627 1640/355/1697 1635/353/1628
f 1634/438/1629 1635/353/1630 1629/439/1631
f 1629/439/1632 1635/353/2256 1630/351/2257
f 1629/439/2225 1630/351/2258 1624/440/1636
f 1624/440/1637 1630/351/1633 1625/349/1638
f 1624/440/1636 1625/349/1642 1619/441/2259
f 1619/441/1641 1625/349/1705 1620/347/1643
f 1619/441/2260 1620/347/2261 1614/442/1648
f 1614/442/2262 1620/347/1643 1615/345/1647
f 1614/442/1648 1615/345/1647 1609/443/1650
f 1609/443/1651 1615/345/1652 1610/343/1653
f 1609/443/2263 1610/343/1655 1604/444/1656
f 1604/444/1657 1610/343/1655 1605/341/1659
f 1604/444/1657 1605/341/1659 1599/445/1661
f 1599/445/1661 1605/341/1659 1600/339/1662
f 1599/445/1661 1600/339/1662 1594/446/45
f 1594/446/45 1600/339/1662 1595/337/2264
f 1594/446/45 1595/337/44 1589/447/1664
f 1589/447/1665 1595/337/44 1590/335/1666
f 1589/447/1665 1590/335/2265 1584/448/1667
f 1584/448/1667 1590/335/1666 1585/383/1668
f 1584/448/1669 1585/383/1670 1579/449/1671
f 1579/449/2266 1585/383/1670 1580/381/1672
f 1579/449/1671 1580/381/2267 1574/450/1539
f 1574/450/1539 1580/381/1535 1575/379/2268
f 1574/450/1540 1575/379/1537 1569/451/2269
f 1569/451/1541 1575/379/1537 1570/377/2120
f 1569/451/1568 1570/377/2270 1564/452/1574
f 1564/452/2271 1570/377/2120 1565/375/2272
f 1564/452/1574 1565/375/2273 1559/453/2274
f 1559/453/2275 1565/375/2276 1560/373/2116
f 1559/453/1590 1560/373/2116 1554/454/1591
f 1554/454/2277 1560/373/2116 1555/371/1596
f 1554/454/2249 1555/371/2278 1549/455/2250
f 1549/455/1598 1555/371/2114 1550/369/1681
f 1549/455/1598 1550/369/1602 1544/456/1603
f 1544/456/2022 1550/369/1600 1545/367/1605
f 1544/456/1604 1545/367/1607 1539/457/1608
f 1539/457/1608 1545/367/1609 1540/365/1612
f 1539/457/1608 1540/365/1612 1534/458/38
f 1534/458/38 1540/365/1612 1535/363/39
f 1290/222/1690 1313/223/1690 1431/216/1690
f 1431/216/1690 1313/223/1690 1312/224/1690
f 1431/216/1690 1312/224/1690 1311/225/1690
f 1431/216/1690 1311/225/1690 1742/217/1690
f 1742/217/1690 1311/225/1690 1310/226/1690
f 1742/217/1690 1310/226/1690 1741/227/1690
f 1741/227/1690 1310/226/1690 1309/228/1690
f 1741/227/1690 1309/228/1690 1308/229/1690
f 1741/227/1690 1308/229/1690 1740/230/1690
f 1740/230/1690 1308/229/1690 1307/231/1690
f 1740/230/1690 1307/231/1690 1306/232/1690
f 1740/230/1690 1306/232/1690 1739/233/1690
f 1739/233/1690 1306/232/1690 1305/234/1690
f 1739/233/1690 1305/234/1690 1304/235/1690
f 1739/233/1690 1304/235/1690 1738/236/1690
f 1738/236/1690 1304/235/1690 1303/237/1690
f 1738/236/1690 1303/237/1690 1302/238/1690
f 1738/236/1690 1302/238/1690 1737/239/1690
f 1737/239/1690 1302/238/1690 1301/240/1690
f 1737/239/1690 1301/240/1690 1300/241/1690
f 1737/239/1690 1300/241/1690 1736/242/1690
f 1736/242/1690 1300/241/1690 1299/243/1690
f 1736/242/1690 1299/243/1690 1444/244/1690
f 1444/244/1690 1299/243/1690 1298/245/1690
f 1444/244/1690 1298/245/1690 1297/246/1690
f 1297/246/1690 1296/247/1690 1444/244/1690
f 1651/248/1690 1656/249/1690 1444/244/1690
f 1444/244/1690 1656/249/1690 1685/250/1690
f 1444/244/1690 1685/250/1690 1686/251/1690
f 1651/248/1690 1652/252/1690 1656/249/1690
f 1656/249/1690 1652/252/1690 1653/253/1690
f 1656/249/1690 1653/253/1690 1654/254/1690
f 1654/254/1690 1655/255/1690 1656/249/1690
f 1657/195/1690 1704/256/1690 1656/249/1690
f 1656/249/1690 1704/256/1690 1681/257/1690
f 1656/249/1690 1681/257/1690 1682/258/1690
f 1658/193/1690 1701/194/1690 1657/195/1690
f 1657/195/1690 1701/194/1690 1702/196/1690
f 1657/195/1690 1702/196/1690 1703/197/1690
f 1701/194/1690 1658/193/1690 1700/192/1690
f 1700/192/1690 1658/193/1690 1659/191/1690
f 1700/192/1690 1659/191/1690 1731/155/1690
f 1731/155/1690 1659/191/1690 1660/190/1690
f 1731/155/1690 1660/190/1690 1661/189/1690
f 1661/189/1690 1662/188/1690 1731/155/1690
f 1731/155/1690 1662/188/1690 1663/187/1690
f 1731/155/1690 1663/187/1690 1730/184/1690
f 1730/184/1690 1663/187/1690 1664/186/1690
f 1730/184/1690 1664/186/1690 1665/185/1690
f 1665/185/1690 1666/183/1690 1730/184/1690
f 1730/184/1690 1666/183/1690 1729/181/1690
f 1729/181/1690 1666/183/1690 1667/182/1690
f 1729/181/1690 1667/182/1690 1668/180/1690
f 1729/181/1690 1668/180/1690 1732/134/1690
f 1732/134/1690 1668/180/1690 1669/179/1690
f 1732/134/1690 1669/179/1690 1670/178/1690
f 1670/178/1690 1671/177/1690 1732/134/1690
f 1732/134/1690 1671/177/1690 1672/176/1690
f 1732/134/1690 1672/176/1690 1514/175/1690
f 1514/175/1690 1672/176/1690 1673/174/1690
f 1514/175/1690 1673/174/1690 1515/173/1690
f 1515/173/1690 1673/174/1690 1674/170/1690
f 1515/173/1690 1674/170/1690 1516/172/1690
f 1516/172/1690 1674/170/1690 1517/171/1690
f 1517/171/1690 1674/170/1690 1518/169/1690
f 1518/169/1690 1674/170/1690 1675/168/1690
f 1518/169/1690 1675/168/1690 1519/167/1690
f 1519/167/1690 1675/168/1690 1520/166/1690
f 1520/166/1690 1675/168/1690 1521/221/1690
f 1521/221/1690 1675/168/1690 1522/220/1690
f 1522/220/1690 1675/168/1690 1523/219/1690
f 1523/219/1690 1675/168/1690 1431/216/1690
f 1523/219/1690 1431/216/1690 1524/218/1690
f 1524/218/1690 1431/216/1690 1525/215/1690
f 1525/215/1690 1431/216/1690 1526/214/1690
f 1526/214/1690 1431/216/1690 1742/217/1690
f 1526/214/1690 1742/217/1690 1743/212/1690
f 1676/259/1690 1677/260/1690 1675/168/1690
f 1675/168/1690 1677/260/1690 1678/261/1690
f 1675/168/1690 1678/261/1690 1679/262/1690
f 1679/262/1690 1680/263/1690 1675/168/1690
f 1675/168/1690 1680/263/1690 1431/216/1690
f 1682/258/1690 1683/275/1690 1656/249/1690
f 1656/249/1690 1683/275/1690 1684/276/1690
f 1656/249/1690 1684/276/1690 1685/250/1690
f 1686/251/1690 1687/277/1690 1444/244/1690
f 1444/244/1690 1687/277/1690 1688/278/1690
f 1444/244/1690 1688/278/1690 1736/242/1690
f 1736/242/1690 1688/278/1690 1735/279/1690
f 1735/279/1690 1688/278/1690 1689/280/1690
f 1735/279/1690 1689/280/1690 1690/281/1690
f 1735/279/1690 1690/281/1690 1734/282/1690
f 1734/282/1690 1690/281/1690 1691/283/1690
f 1734/282/1690 1691/283/1690 1692/264/1690
f 1734/282/1690 1692/264/1690 1733/266/1690
f 1733/266/1690 1692/264/1690 1693/265/1690
f 1733/266/1690 1693/265/1690 1694/267/1690
f 1733/266/1690 1694/267/1690 1756/268/1690
f 1756/268/1690 1694/267/1690 1695/269/1690
f 1756/268/1690 1695/269/1690 1696/270/1690
f 1756/268/1690 1696/270/1690 1755/271/1690
f 1755/271/1690 1696/270/1690 1697/272/1690
f 1755/271/1690 1697/272/1690 1698/273/1690
f 1699/274/1690 1731/155/1690 1698/273/1690
f 1698/273/1690 1731/155/1690 1754/153/1690
f 1698/273/1690 1754/153/1690 1755/271/1690
f 1699/274/1690 1700/192/1690 1731/155/1690
f 1703/197/1690 1704/256/1690 1657/195/1690
f 1706/152/1690 1754/153/1690 1705/154/1690
f 1705/154/1690 1754/153/1690 1731/155/1690
f 1705/154/1690 1731/155/1690 1728/156/1690
f 1728/156/1690 1731/155/1690 1727/157/1690
f 1727/157/1690 1731/155/1690 1726/158/1690
f 1726/158/1690 1731/155/1690 1725/159/1690
f 1725/159/1690 1731/155/1690 1724/160/1690
f 1724/160/1690 1731/155/1690 1723/161/1690
f 1723/161/1690 1731/155/1690 1732/134/1690
f 1723/161/1690 1732/134/1690 1722/162/1690
f 1722/162/1690 1732/134/1690 1721/163/1690
f 1721/163/1690 1732/134/1690 1720/164/1690
f 1720/164/1690 1732/134/1690 1719/165/1690
f 1719/165/1690 1732/134/1690 1718/133/1690
f 1718/133/1690 1732/134/1690 1717/135/1690
f 1717/135/1690 1732/134/1690 1748/136/1690
f 1717/135/1690 1748/136/1690 1716/137/1690
f 1716/137/1690 1748/136/1690 1749/138/1690
f 1716/137/1690 1749/138/1690 1715/139/1690
f 1715/139/1690 1749/138/1690 1714/140/1690
f 1714/140/1690 1749/138/1690 1750/141/1690
f 1714/140/1690 1750/141/1690 1713/142/1690
f 1713/142/1690 1750/141/1690 1712/143/1690
f 1712/143/1690 1750/141/1690 1751/144/1690
f 1712/143/1690 1751/144/1690 1711/145/1690
f 1711/145/1690 1751/144/1690 1710/146/1690
f 1710/146/1690 1751/144/1690 1752/147/1690
f 1710/146/1690 1752/147/1690 1709/148/1690
f 1709/148/1690 1752/147/1690 1708/149/1690
f 1708/149/1690 1752/147/1690 1753/150/1690
f 1708/149/1690 1753/150/1690 1707/151/1690
f 1707/151/1690 1753/150/1690 1706/152/1690
f 1706/152/1690 1753/150/1690 1754/153/1690
f 1744/209/1690 1528/211/1690 1743/212/1690
f 1743/212/1690 1528/211/1690 1527/213/1690
f 1743/212/1690 1527/213/1690 1526/214/1690
f 1745/206/1690 1530/208/1690 1744/209/1690
f 1744/209/1690 1530/208/1690 1529/210/1690
f 1744/209/1690 1529/210/1690 1528/211/1690
f 1746/203/1690 1508/205/1690 1745/206/1690
f 1745/206/1690 1508/205/1690 1507/207/1690
f 1745/206/1690 1507/207/1690 1530/208/1690
f 1747/200/1690 1510/202/1690 1746/203/1690
f 1746/203/1690 1510/202/1690 1509/204/1690
f 1746/203/1690 1509/204/1690 1508/205/1690
f 1748/136/1690 1512/199/1690 1747/200/1690
f 1747/200/1690 1512/199/1690 1511/201/1690
f 1747/200/1690 1511/201/1690 1510/202/1690
f 1514/175/1690 1513/198/1690 1732/134/1690
f 1732/134/1690 1513/198/1690 1512/199/1690
f 1732/134/1690 1512/199/1690 1748/136/1690
f 1758/748/1051 1484/749/1051 1757/750/777
f 1757/750/777 1484/749/1051 1483/751/777
f 1757/752/775 1483/753/775 1780/754/776
f 1780/754/776 1483/753/775 1506/755/776
f 1780/754/280 1506/755/280 1779/756/817
f 1779/756/817 1506/755/280 1505/757/817
f 1779/756/275 1505/757/275 1778/758/816
f 1778/758/816 1505/757/275 1504/759/816
f 1778/758/270 1504/759/270 1777/760/265
f 1777/760/265 1504/759/270 1503/761/265
f 1777/760/815 1503/761/815 1776/762/814
f 1776/762/814 1503/761/815 1502/763/814
f 1776/762/850 1502/763/850 1775/764/1062
f 1775/764/812 1502/763/1244 1501/765/812
f 1775/764/812 1501/765/812 1774/766/1243
f 1774/766/1061 1501/765/1060 1500/767/1061
f 1774/766/810 1500/767/810 1773/768/809
f 1773/768/809 1500/767/810 1499/769/809
f 1773/768/808 1499/769/808 1772/770/807
f 1772/770/807 1499/769/248 1498/771/807
f 1772/770/239 1498/771/239 1771/772/806
f 1771/772/806 1498/771/239 1497/773/806
f 1771/772/233 1497/773/233 1770/774/805
f 1770/774/805 1497/773/233 1496/775/805
f 1770/774/1242 1496/775/1242 1769/776/803
f 1769/776/803 1496/775/1242 1495/777/803
f 1769/776/222 1495/777/222 1768/778/1054
f 1768/778/1054 1495/777/222 1494/779/1054
f 1768/778/800 1494/779/800 1767/780/801
f 1767/780/211 1494/779/1241 1493/781/211
f 1767/780/211 1493/781/211 1766/782/799
f 1766/782/799 1493/781/211 1492/783/799
f 1766/782/796 1492/783/796 1765/784/795
f 1765/784/793 1492/783/796 1491/785/793
f 1765/784/1240 1491/785/1240 1764/786/792
f 1764/786/792 1491/785/793 1490/787/792
f 1764/786/792 1490/787/792 1763/788/1239
f 1763/788/788 1490/787/1238 1489/789/788
f 1763/788/789 1489/789/789 1762/790/1237
f 1762/790/786 1489/789/1236 1488/791/786
f 1762/790/786 1488/791/786 1761/792/783
f 1761/792/1301 1488/791/786 1487/793/1301
f 1761/792/783 1487/793/783 1760/794/784
f 1760/794/784 1487/793/783 1486/795/784
f 1760/794/176 1486/795/176 1759/796/779
f 1759/796/779 1486/795/176 1485/797/779
f 1759/796/779 1485/797/779 1758/748/1300
f 1758/748/165 1485/797/778 1484/749/165
f 1782/308/1416 1810/309/2053 1781/310/1418
f 1781/310/777 1810/309/2279 1805/311/2054
f 1781/312/1420 1805/313/2055 1804/314/774
f 1804/314/774 1805/313/1421 1920/315/2057
f 1804/314/1422 1920/315/1424 1803/316/1427
f 1803/316/1427 1920/315/1424 1915/317/2129
f 1803/316/2058 1915/317/2059 1802/318/1435
f 1802/318/1432 1915/317/2129 1910/319/2280
f 1802/318/270 1910/319/2281 1801/320/1437
f 1801/320/2061 1910/319/2062 1905/321/2063
f 1801/320/1064 1905/321/2064 1800/322/2065
f 1800/322/1440 1905/321/1441 1900/323/2068
f 1800/322/2066 1900/323/2067 1799/324/812
f 1799/324/1445 1900/323/2282 1895/325/2069
f 1799/324/2045 1895/325/1446 1798/326/2070
f 1798/326/1449 1895/325/1448 1890/327/2071
f 1798/326/2072 1890/327/1455 1797/328/1454
f 1797/328/2073 1890/327/2074 1885/329/1460
f 1797/328/1457 1885/329/1456 1796/330/1459
f 1796/330/1459 1885/329/1460 1880/331/1461
f 1796/330/1462 1880/331/2076 1795/332/1464
f 1795/332/1464 1880/331/1463 1875/333/2077
f 1795/332/233 1875/333/1466 1794/284/1469
f 1794/284/1472 1875/333/1468 1870/285/2283
f 1794/284/226 1870/285/2283 1793/286/1473
f 1793/286/1473 1870/285/2078 1865/287/2284
f 1793/286/1476 1865/287/2079 1792/288/800
f 1792/288/2285 1865/287/2079 1860/289/1481
f 1792/288/1482 1860/289/1485 1791/290/2081
f 1791/290/1484 1860/289/1485 1855/291/2286
f 1791/290/801 1855/291/1486 1790/292/799
f 1790/292/2083 1855/291/2084 1850/293/2085
f 1790/292/2083 1850/293/2086 1789/294/1494
f 1789/294/795 1850/293/2086 1845/295/2087
f 1789/294/2088 1845/295/2089 1788/296/2287
f 1788/296/2090 1845/295/1500 1840/297/2091
f 1788/296/790 1840/297/1502 1787/298/1503
f 1787/298/1503 1840/297/1502 1835/299/1509
f 1787/298/1505 1835/299/1506 1786/300/1507
f 1786/300/1053 1835/299/1509 1830/301/1510
f 1786/300/786 1830/301/2094 1785/302/2288
f 1785/302/2095 1830/301/2097 1825/303/2098
f 1785/302/2099 1825/303/2289 1784/304/781
f 1784/304/781 1825/303/2290 1820/305/2291
f 1784/304/1521 1820/305/2291 1783/306/782
f 1783/306/2292 1820/305/2293 1815/307/2104
f 1783/306/2105 1815/307/2106 1782/308/1527
f 1782/308/780 1815/307/2104 1810/309/2294
f 1704/358/41 1924/359/2108 1681/360/41
f 1681/360/41 1924/359/1692 1809/361/58
f 1681/362/41 1809/363/58 1682/364/41
f 1682/364/41 1809/363/58 1814/365/1689
f 1682/364/41 1814/365/1689 1683/366/41
f 1683/366/41 1814/365/2110 1819/367/2295
f 1683/366/2111 1819/367/1683 1684/368/41
f 1684/368/2111 1819/367/1683 1824/369/1681
f 1684/368/2112 1824/369/1681 1685/370/2111
f 1685/370/2112 1824/369/1681 1829/371/2114
f 1685/370/1690 1829/371/2115 1686/372/1690
f 1686/372/2112 1829/371/2114 1834/373/2116
f 1686/372/1690 1834/373/2296 1687/374/1690
f 1687/374/2112 1834/373/2116 1839/375/2118
f 1687/374/1690 1839/375/2119 1688/376/2112
f 1688/376/2297 1839/375/2118 1844/377/2120
f 1688/376/1690 1844/377/2121 1689/378/1690
f 1689/378/2112 1844/377/2120 1849/379/1538
f 1689/378/1690 1849/379/2122 1690/380/1690
f 1690/380/2112 1849/379/1538 1854/381/1536
f 1690/380/42 1854/381/2123 1691/382/42
f 1691/382/1529 1854/381/1535 1859/383/1530
f 1691/382/42 1859/383/2124 1692/334/42
f 1692/334/1529 1859/383/1530 1864/335/1719
f 1692/334/42 1864/335/2125 1693/336/42
f 1693/336/42 1864/335/1719 1869/337/59
f 1693/336/42 1869/337/59 1694/338/42
f 1694/338/42 1869/337/59 1874/339/1716
f 1694/338/42 1874/339/1716 1695/340/42
f 1695/340/42 1874/339/1716 1879/341/1713
f 1695/340/42 1879/341/1713 1696/342/42
f 1696/342/42 1879/341/1713 1884/343/1653
f 1696/342/1690 1884/343/2298 1697/344/1690
f 1697/344/1709 1884/343/2126 1889/345/1710
f 1697/344/1690 1889/345/1710 1698/346/1690
f 1698/346/1699 1889/345/1710 1894/347/1643
f 1698/346/1690 1894/347/2127 1699/348/1690
f 1699/348/1699 1894/347/1643 1899/349/1705
f 1699/348/1690 1899/349/1707 1700/350/1690
f 1700/350/1699 1899/349/1705 1904/351/1703
f 1700/350/1690 1904/351/1702 1701/352/1690
f 1701/352/1699 1904/351/1633 1909/353/1700
f 1701/352/1696 1909/353/1700 1702/354/1696
f 1702/354/1699 1909/353/1700 1914/355/1697
f 1702/354/41 1914/355/1698 1703/356/1690
f 1703/356/1696 1914/355/1697 1919/357/1695
f 1703/356/41 1919/357/1695 1704/358/41
f 1704/358/41 1919/357/1695 1924/359/1692
f 1805/313/2299 1806/384/1724 1920/315/1723
f 1920/315/1723 1806/384/1722 1921/385/2128
f 1920/315/1726 1921/385/1727 1915/317/1729
f 1915/317/1729 1921/385/1727 1916/386/1731
f 1915/317/1732 1916/386/1733 1910/319/1734
f 1910/319/2300 1916/386/2301 1911/387/2131
f 1910/319/1737 1911/387/1738 1905/321/1739
f 1905/321/1739 1911/387/2302 1906/388/2132
f 1905/321/1741 1906/388/1742 1900/323/2133
f 1900/323/2133 1906/388/1742 1901/389/1744
f 1900/323/1745 1901/389/2134 1895/325/1747
f 1895/325/1747 1901/389/1746 1896/390/1836
f 1895/325/2135 1896/390/2136 1890/327/1749
f 1890/327/2137 1896/390/1836 1891/391/2139
f 1890/327/1751 1891/391/1752 1885/329/1753
f 1885/329/1753 1891/391/2183 1886/392/1755
f 1885/329/1756 1886/392/2140 1880/331/1759
f 1880/331/1758 1886/392/1757 1881/393/1852
f 1880/331/2142 1881/393/1764 1875/333/1762
f 1875/333/2303 1881/393/1760 1876/394/1856
f 1875/333/1763 1876/394/1765 1870/285/1766
f 1870/285/1766 1876/394/1765 1871/395/1768
f 1870/285/1769 1871/395/1770 1865/287/51
f 1865/287/1771 1871/395/1772 1866/396/1773
f 1865/287/2079 1866/396/50 1860/289/2304
f 1860/289/1774 1866/396/2145 1861/397/1872
f 1860/289/1778 1861/397/1779 1855/291/1780
f 1855/291/1780 1861/397/1779 1856/398/2147
f 1855/291/1783 1856/398/1784 1850/293/1786
f 1850/293/1786 1856/398/1784 1851/399/2149
f 1850/293/2150 1851/399/1791 1845/295/1790
f 1845/295/2305 1851/399/2152 1846/400/2306
f 1845/295/2154 1846/400/2307 1840/297/2308
f 1840/297/1795 1846/400/1792 1841/401/1798
f 1840/297/1799 1841/401/1802 1835/299/1801
f 1835/299/1801 1841/401/1802 1836/402/1803
f 1835/299/2157 1836/402/2158 1830/301/1557
f 1830/301/2159 1836/402/2160 1831/403/2161
f 1830/301/2094 1831/403/1581 1825/303/1516
f 1825/303/2163 1831/403/2164 1826/404/2309
f 1825/303/1583 1826/404/1582 1820/305/1912
f 1820/305/1912 1826/404/2008 1821/405/2007
f 1820/305/2167 1821/405/1911 1815/307/2106
f 1815/307/2106 1821/405/2168 1816/406/2310
f 1815/307/1908 1816/406/2311 1810/309/1905
f 1810/309/1905 1816/406/1906 1811/407/2312
f 1810/309/1903 1811/407/1902 1805/311/32
f 1805/311/1419 1811/407/1902 1806/408/33
f 1806/384/1807 1807/409/1808 1921/385/1809
f 1921/385/2313 1807/409/1811 1922/410/1817
f 1921/385/1730 1922/410/1817 1916/386/1816
f 1916/386/2172 1922/410/1814 1917/411/2173
f 1916/386/2174 1917/411/1823 1911/387/1822
f 1911/387/1822 1917/411/1823 1912/412/1824
f 1911/387/1738 1912/412/1826 1906/388/2314
f 1906/388/1828 1912/412/2176 1907/413/1829
f 1906/388/1830 1907/413/1831 1901/389/2315
f 1901/389/2177 1907/413/2178 1902/414/2179
f 1901/389/2180 1902/414/2181 1896/390/1836
f 1896/390/1837 1902/414/2182 1897/415/2042
f 1896/390/2316 1897/415/1840 1891/391/2183
f 1891/391/2184 1897/415/2185 1892/416/2186
f 1891/391/2183 1892/416/1845 1886/392/2187
f 1886/392/2187 1892/416/1848 1887/417/2188
f 1886/392/1850 1887/417/1849 1881/393/1851
f 1881/393/1852 1887/417/1849 1882/418/1853
f 1881/393/2317 1882/418/1853 1876/394/2189
f 1876/394/2190 1882/418/2191 1877/419/1858
f 1876/394/2192 1877/419/1859 1871/395/1861
f 1871/395/1860 1877/419/1862 1872/420/1960
f 1871/395/2193 1872/420/1863 1866/396/1867
f 1866/396/1866 1872/420/1865 1867/421/48
f 1866/396/1870 1867/421/2194 1861/397/1872
f 1861/397/1872 1867/421/48 1862/422/1879
f 1861/397/1875 1862/422/1876 1856/398/2195
f 1856/398/2195 1862/422/1876 1857/423/2196
f 1856/398/2147 1857/423/2318 1851/399/2319
f 1851/399/2197 1857/423/2198 1852/424/1887
f 1851/399/1883 1852/424/2199 1846/400/2200
f 1846/400/2201 1852/424/1887 1847/425/1890
f 1846/400/2202 1847/425/2203 1841/401/1896
f 1841/401/1892 1847/425/1894 1842/426/1544
f 1841/401/2204 1842/426/1897 1836/402/1551
f 1836/402/1550 1842/426/1548 1837/427/1549
f 1836/402/1551 1837/427/1552 1831/403/1553
f 1831/403/1553 1837/427/2320 1832/428/1579
f 1831/403/1578 1832/428/1579 1826/404/1580
f 1826/404/1580 1832/428/2206 1827/429/2207
f 1826/404/2008 1827/429/2006 1821/405/2007
f 1821/405/2321 1827/429/2322 1822/430/2003
f 1821/405/2323 1822/430/2001 1816/406/1999
f 1816/406/1999 1822/430/2000 1817/431/1998
f 1816/406/2324 1817/431/1998 1811/407/2212
f 1811/407/1994 1817/431/1995 1812/432/1993
f 1811/407/1901 1812/432/1992 1806/408/2213
f 1806/408/2213 1812/432/1992 1807/433/2325
f 1807/409/1913 1808/434/55 1922/410/2326
f 1922/410/1915 1808/434/2327 1923/435/2215
f 1922/410/2328 1923/435/1918 1917/411/1919
f 1917/411/2173 1923/435/1918 1918/436/1920
f 1917/411/1919 1918/436/2219 1912/412/1924
f 1912/412/1924 1918/436/1922 1913/437/1927
f 1912/412/2220 1913/437/1927 1907/413/1928
f 1907/413/1928 1913/437/1927 1908/438/1929
f 1907/413/2221 1908/438/2222 1902/414/1932
f 1902/414/1833 1908/438/1931 1903/439/1934
f 1902/414/2224 1903/439/2225 1897/415/1939
f 1897/415/1838 1903/439/2226 1898/440/2227
f 1897/415/1939 1898/440/1938 1892/416/1940
f 1892/416/2329 1898/440/1636 1893/441/2330
f 1892/416/2228 1893/441/1943 1887/417/2229
f 1887/417/1945 1893/441/2230 1888/442/1946
f 1887/417/2231 1888/442/1948 1882/418/1950
f 1882/418/1853 1888/442/1948 1883/443/1957
f 1882/418/2232 1883/443/1957 1877/419/2233
f 1877/419/2233 1883/443/1957 1878/444/1958
f 1877/419/1862 1878/444/2331 1872/420/1960
f 1872/420/2332 1878/444/1962 1873/445/1963
f 1872/420/1863 1873/445/2235 1867/421/1869
f 1867/421/2236 1873/445/1966 1868/446/46
f 1867/421/2236 1868/446/46 1862/422/1967
f 1862/422/1968 1868/446/46 1863/447/2237
f 1862/422/1971 1863/447/1972 1857/423/1973
f 1857/423/1973 1863/447/1972 1858/448/1974
f 1857/423/2198 1858/448/1979 1852/424/1978
f 1852/424/1887 1858/448/1979 1853/449/1985
f 1852/424/1981 1853/449/1985 1847/425/1984
f 1847/425/1983 1853/449/1673 1848/450/2239
f 1847/425/1983 1848/450/1988 1842/426/2240
f 1842/426/1544 1848/450/1988 1843/451/2242
f 1842/426/2333 1843/451/1568 1837/427/1573
f 1837/427/1576 1843/451/1568 1838/452/2036
f 1837/427/1573 1838/452/1574 1832/428/1575
f 1832/428/1575 1838/452/2036 1833/453/1587
f 1832/428/2244 1833/453/1587 1827/429/2334
f 1827/429/2033 1833/453/2032 1828/454/2029
f 1827/429/2246 1828/454/2030 1822/430/2248
f 1822/430/2248 1828/454/2029 1823/455/2250
f 1822/430/2251 1823/455/2025 1817/431/2252
f 1817/431/2023 1823/455/2024 1818/456/2253
f 1817/431/1995 1818/456/2019 1812/432/1993
f 1812/432/2018 1818/456/2022 1813/457/2014
f 1812/432/2254 1813/457/2014 1807/433/2015
f 1807/433/2015 1813/457/2014 1808/458/2335
f 1808/434/55 1809/361/39 1923/435/1614
f 1923/435/1614 1809/361/39 1924/359/1615
f 1923/435/1614 1924/359/2109 1918/436/1618
f 1918/436/1617 1924/359/1619 1919/357/1620
f 1918/436/1621 1919/357/1622 1913/437/1623
f 1913/437/1623 1919/357/1622 1914/355/1624
f 1913/437/1625 1914/355/1626 1908/438/1627
f 1908/438/1627 1914/355/1626 1909/353/2256
f 1908/438/2336 1909/353/2337 1903/439/1634
f 1903/439/1631 1909/353/2256 1904/351/2257
f 1903/439/2338 1904/351/2258 1898/440/1636
f 1898/440/1637 1904/351/1633 1899/349/1638
f 1898/440/1636 1899/349/1642 1893/441/2259
f 1893/441/1641 1899/349/1705 1894/347/1643
f 1893/441/2260 1894/347/2261 1888/442/1648
f 1888/442/2262 1894/347/1643 1889/345/1647
f 1888/442/1648 1889/345/1647 1883/443/2339
f 1883/443/1651 1889/345/1652 1884/343/1653
f 1883/443/2340 1884/343/1655 1878/444/1962
f 1878/444/1657 1884/343/1658 1879/341/1659
f 1878/444/1660 1879/341/1659 1873/445/1661
f 1873/445/1661 1879/341/1659 1874/339/1662
f 1873/445/1661 1874/339/2341 1868/446/45
f 1868/446/1663 1874/339/1662 1869/337/44
f 1868/446/45 1869/337/44 1863/447/1664
f 1863/447/1665 1869/337/44 1864/335/2342
f 1863/447/1665 1864/335/2265 1858/448/1667
f 1858/448/2343 1864/335/2344 1859/383/1668
f 1858/448/1669 1859/383/1670 1853/449/1671
f 1853/449/2266 1859/383/1670 1854/381/1672
f 1853/449/2345 1854/381/2267 1848/450/1539
f 1848/450/1539 1854/381/1672 1849/379/2346
f 1848/450/1540 1849/379/1537 1843/451/1541
f 1843/451/2347 1849/379/1537 1844/377/2120
f 1843/451/1568 1844/377/2348 1838/452/1574
f 1838/452/2271 1844/377/2120 1839/375/2349
f 1838/452/1574 1839/375/2350 1833/453/1587
f 1833/453/1590 1839/375/2276 1834/373/2116
f 1833/453/2274 1834/373/2351 1828/454/1595
f 1828/454/2277 1834/373/2116 1829/371/1596
f 1828/454/2352 1829/371/2278 1823/455/1601
f 1823/455/1598 1829/371/2114 1824/369/1681
f 1823/455/1601 1824/369/1602 1818/456/1603
f 1818/456/2353 1824/369/1600 1819/367/1607
f 1818/456/1606 1819/367/1607 1813/457/1608
f 1813/457/1608 1819/367/1609 1814/365/1610
f 1813/457/2354 1814/365/1612 1808/458/38
f 1808/458/38 1814/365/1612 1809/363/39
f 1926/748/165 1782/749/165 1925/750/777
f 1925/750/777 1782/749/165 1781/751/777
f 1925/752/775 1781/753/775 1948/754/774
f 1948/754/774 1781/753/775 1804/755/774
f 1948/754/280 1804/755/280 1947/756/817
f 1947/756/817 1804/755/280 1803/757/817
f 1947/756/275 1803/757/275 1946/758/816
f 1946/758/816 1803/757/275 1802/759/816
f 1946/758/270 1802/759/270 1945/760/265
f 1945/760/265 1802/759/270 1801/761/265
f 1945/760/265 1801/761/265 1944/762/814
f 1944/762/814 1801/761/265 1800/763/814
f 1944/762/850 1800/763/850 1943/764/1062
f 1943/764/812 1800/763/1244 1799/765/812
f 1943/764/812 1799/765/812 1942/766/1243
f 1942/766/1061 1799/765/1060 1798/767/1061
f 1942/766/810 1798/767/810 1941/768/809
f 1941/768/809 1798/767/810 1797/769/809
f 1941/768/808 1797/769/808 1940/770/807
f 1940/770/807 1797/769/248 1796/771/807
f 1940/770/239 1796/771/239 1939/772/806
f 1939/772/806 1796/771/239 1795/773/806
f 1939/772/233 1795/773/233 1938/774/805
f 1938/774/805 1795/773/233 1794/775/805
f 1938/774/1242 1794/775/1242 1937/776/803
f 1937/776/803 1794/775/1242 1793/777/803
f 1937/776/222 1793/777/222 1936/778/1054
f 1936/778/1054 1793/777/222 1792/779/1054
f 1936/778/800 1792/779/800 1935/780/801
f 1935/780/211 1792/779/1241 1791/781/211
f 1935/780/211 1791/781/211 1934/782/799
f 1934/782/799 1791/781/211 1790/783/799
f 1934/782/796 1790/783/796 1933/784/795
f 1933/784/793 1790/783/796 1789/785/793
f 1933/784/1240 1789/785/1240 1932/786/792
f 1932/786/792 1789/785/1240 1788/787/792
f 1932/786/792 1788/787/792 1931/788/1239
f 1931/788/788 1788/787/1238 1787/789/788
f 1931/788/789 1787/789/789 1930/790/1237
f 1930/790/786 1787/789/1236 1786/791/786
f 1930/790/786 1786/791/786 1929/792/783
f 1929/792/783 1786/791/786 1785/793/783
f 1929/792/783 1785/793/783 1928/794/784
f 1928/794/784 1785/793/783 1784/795/784
f 1928/794/176 1784/795/176 1927/796/779
f 1927/796/779 1784/795/176 1783/797/779
f 1927/796/779 1783/797/779 1926/748/780
f 1926/748/165 1783/797/778 1782/749/165
f 1950/506/1416 1978/507/2107 1949/508/777
f 1949/508/29 1978/507/2355 1973/509/31
f 1949/510/1420 1973/511/1421 1972/512/1422
f 1972/512/774 1973/511/2055 2088/513/2356
f 1972/512/2056 2088/513/1425 1971/514/817
f 1971/514/1427 2088/513/2357 2083/515/2129
f 1971/514/2358 2083/515/1433 1970/516/1431
f 1970/516/1431 2083/515/1433 2078/517/2359
f 1970/516/1431 2078/517/2062 1969/518/2061
f 1969/518/2061 2078/517/2062 2073/519/2063
f 1969/518/1437 2073/519/1441 1968/520/814
f 1968/520/814 2073/519/2360 2068/521/2068
f 1968/520/1443 2068/521/2282 1967/522/1445
f 1967/522/2045 2068/521/2067 2063/523/1446
f 1967/522/812 2063/523/2361 1966/524/1061
f 1966/524/1449 2063/523/1448 2058/525/2071
f 1966/524/2072 2058/525/1455 1965/526/1454
f 1965/526/1454 2058/525/1455 2053/527/2362
f 1965/526/2073 2053/527/1460 1964/528/1462
f 1964/528/1459 2053/527/1460 2048/529/1461
f 1964/528/1462 2048/529/2076 1963/530/1464
f 1963/530/806 2048/529/1463 2043/531/2363
f 1963/530/806 2043/531/1466 1962/484/805
f 1962/484/1472 2043/531/1468 2038/485/1471
f 1962/484/1472 2038/485/1471 1961/286/1473
f 1961/286/132 2038/485/1474 2033/287/2364
f 1961/286/1476 2033/287/1480 1960/486/1478
f 1960/486/800 2033/287/1477 2028/487/2365
f 1960/486/1482 2028/487/1483 1959/488/2366
f 1959/488/801 2028/487/1483 2023/489/1486
f 1959/488/1487 2023/489/2084 1958/490/2083
f 1958/490/1489 2023/489/2367 2018/491/2368
f 1958/490/1491 2018/491/1495 1957/492/1493
f 1957/492/795 2018/491/1495 2013/493/1497
f 1957/492/1493 2013/493/2369 1956/494/792
f 1956/494/790 2013/493/1500 2008/495/1501
f 1956/494/2287 2008/495/2370 1955/496/105
f 1955/496/1503 2008/495/1501 2003/497/2371
f 1955/496/2372 2003/497/1509 1954/498/787
f 1954/498/1507 2003/497/1506 1998/499/2097
f 1954/498/2093 1998/499/2097 1953/500/2095
f 1953/500/1515 1998/499/2094 1993/501/1516
f 1953/500/1515 1993/501/1519 1952/502/1517
f 1952/502/1518 1993/501/1519 1988/503/2373
f 1952/502/781 1988/503/2102 1951/504/782
f 1951/504/1523 1988/503/1522 1983/505/2106
f 1951/504/2374 1983/505/1526 1950/506/1527
f 1950/506/1527 1983/505/1526 1978/507/2294
f 1756/554/41 2092/555/1692 1733/556/41
f 1733/556/41 2092/555/2108 1977/557/58
f 1733/558/41 1977/559/58 1734/560/41
f 1734/560/41 1977/559/58 1982/561/1689
f 1734/560/41 1982/561/1689 1735/562/41
f 1735/562/2111 1982/561/1689 1987/563/1683
f 1735/562/1690 1987/563/1683 1736/564/1690
f 1736/564/2111 1987/563/1683 1992/565/1681
f 1736/564/41 1992/565/2375 1737/566/1690
f 1737/566/2112 1992/565/1681 1997/567/2114
f 1737/566/1690 1997/567/2114 1738/568/1690
f 1738/568/2112 1997/567/2114 2002/569/2116
f 1738/568/1690 2002/569/2376 1739/570/1690
f 1739/570/2112 2002/569/2377 2007/571/2118
f 1739/570/1690 2007/571/2378 1740/572/1690
f 1740/572/2112 2007/571/2118 2012/573/2120
f 1740/572/1690 2012/573/2121 1741/574/1690
f 1741/574/2112 2012/573/2120 2017/575/1538
f 1741/574/42 2017/575/2122 1742/576/42
f 1742/576/1529 2017/575/1538 2022/577/1536
f 1742/576/42 2022/577/2379 1743/578/42
f 1743/578/1529 2022/577/1535 2027/579/1530
f 1743/578/42 2027/579/2124 1744/532/42
f 1744/532/42 2027/579/1530 2032/533/1719
f 1744/532/42 2032/533/1719 1745/336/42
f 1745/336/42 2032/533/1719 2037/337/59
f 1745/336/42 2037/337/59 1746/534/42
f 1746/534/42 2037/337/59 2042/535/1716
f 1746/534/42 2042/535/1716 1747/536/42
f 1747/536/1709 2042/535/1716 2047/537/1713
f 1747/536/1690 2047/537/1713 1748/538/1690
f 1748/538/1709 2047/537/1713 2052/539/1653
f 1748/538/1690 2052/539/1712 1749/540/1690
f 1749/540/1699 2052/539/1653 2057/541/1710
f 1749/540/1699 2057/541/1710 1750/542/1699
f 1750/542/1699 2057/541/1710 2062/543/2380
f 1750/542/1690 2062/543/1708 1751/544/1690
f 1751/544/1704 2062/543/2381 2067/545/1705
f 1751/544/1690 2067/545/1707 1752/546/1690
f 1752/546/1699 2067/545/1705 2072/547/1633
f 1752/546/1690 2072/547/2382 1753/548/1690
f 1753/548/1699 2072/547/1633 2077/549/1700
f 1753/548/41 2077/549/1701 1754/550/41
f 1754/550/1696 2077/549/1700 2082/551/2383
f 1754/550/41 2082/551/2384 1755/552/41
f 1755/552/1696 2082/551/1697 2087/553/1695
f 1755/552/41 2087/553/2385 1756/554/41
f 1756/554/1696 2087/553/1695 2092/555/1692
f 1973/511/2299 1974/580/1722 2088/513/1723
f 2088/513/1723 1974/580/1990 2089/581/1810
f 2088/513/2386 2089/581/2387 2083/515/2388
f 2083/515/1729 2089/581/1730 2084/582/2389
f 2083/515/1732 2084/582/1735 2078/517/1434
f 2078/517/1734 2084/582/1733 2079/583/2131
f 2078/517/1734 2079/583/2390 2073/519/1739
f 2073/519/1739 2079/583/2131 2074/584/2132
f 2073/519/1741 2074/584/1742 2068/521/2068
f 2068/521/2133 2074/584/2314 2069/585/1832
f 2068/521/1745 2069/585/2391 2063/523/2044
f 2063/523/2044 2069/585/2391 2064/586/2392
f 2063/523/1747 2064/586/1748 2058/525/1749
f 2058/525/1751 2064/586/2136 2059/587/1750
f 2058/525/1751 2059/587/1752 2053/527/1753
f 2053/527/1753 2059/587/1752 2054/588/2393
f 2053/527/1756 2054/588/1757 2048/529/2076
f 2048/529/2394 2054/588/1757 2049/589/1760
f 2048/529/2395 2049/589/1854 2043/531/1762
f 2043/531/1762 2049/589/1854 2044/590/2396
f 2043/531/1763 2044/590/1765 2038/485/1766
f 2038/485/2144 2044/590/1765 2039/591/1768
f 2038/485/2144 2039/591/1864 2033/287/1771
f 2033/287/2079 2039/591/1772 2034/396/1773
f 2033/287/51 2034/396/2145 2028/487/1774
f 2028/487/1775 2034/396/2397 2029/592/1777
f 2028/487/1775 2029/592/1781 2023/489/1780
f 2023/489/1780 2029/592/1781 2024/593/1782
f 2023/489/1783 2024/593/1784 2018/491/1786
f 2018/491/2398 2024/593/1787 2019/594/1789
f 2018/491/2399 2019/594/2152 2013/493/1790
f 2013/493/1790 2019/594/2152 2014/595/1797
f 2013/493/1793 2014/595/2400 2008/495/1795
f 2008/495/2308 2014/595/2400 2009/596/2156
f 2008/495/2308 2009/596/1802 2003/497/2401
f 2003/497/1801 2009/596/1800 2004/597/1554
f 2003/497/2157 2004/597/2402 1998/499/1557
f 1998/499/2403 2004/597/1803 1999/598/2164
f 1998/499/1557 1999/598/2162 1993/501/1559
f 1993/501/1559 1999/598/1558 1994/599/2404
f 1993/501/1583 1994/599/2008 1988/503/1912
f 1988/503/2405 1994/599/1582 1989/600/1911
f 1988/503/2167 1989/600/2406 1983/505/1909
f 1983/505/2407 1989/600/1911 1984/601/2310
f 1983/505/1908 1984/601/2169 1978/507/1905
f 1978/507/2408 1984/601/2311 1979/602/2409
f 1978/507/2408 1979/602/1902 1973/509/32
f 1973/509/1900 1979/602/1901 1974/603/1990
f 1974/580/1990 1975/604/2410 2089/581/1810
f 2089/581/1809 1975/604/1808 2090/605/2411
f 2089/581/1730 2090/605/2171 2084/582/2389
f 2084/582/2172 2090/605/1814 2085/606/2173
f 2084/582/1815 2085/606/1823 2079/583/1822
f 2079/583/1822 2085/606/1823 2080/607/1824
f 2079/583/1738 2080/607/2412 2074/584/2175
f 2074/584/1827 2080/607/1826 2075/608/1829
f 2074/584/2413 2075/608/2414 2069/585/1832
f 2069/585/2315 2075/608/1831 2070/609/1833
f 2069/585/2415 2070/609/2182 2064/586/2416
f 2064/586/2043 2070/609/2182 2065/610/1838
f 2064/586/2043 2065/610/2042 2059/587/2417
f 2059/587/1841 2065/610/1842 2060/611/1843
f 2059/587/2417 2060/611/2418 2054/588/2419
f 2054/588/1847 2060/611/1848 2055/612/1945
f 2054/588/1850 2055/612/1849 2049/589/1852
f 2049/589/1851 2055/612/1849 2050/613/1853
f 2049/589/1761 2050/613/1855 2044/590/2420
f 2044/590/2190 2050/613/2421 2045/614/2422
f 2044/590/2190 2045/614/1862 2039/591/1860
f 2039/591/1860 2045/614/1859 2040/615/1865
f 2039/591/2193 2040/615/1868 2034/396/1867
f 2034/396/2145 2040/615/1868 2035/421/48
f 2034/396/2423 2035/421/2424 2029/592/1872
f 2029/592/1873 2035/421/2425 2030/616/1874
f 2029/592/2426 2030/616/1876 2024/593/1877
f 2024/593/2195 2030/616/1879 2025/617/2427
f 2024/593/2147 2025/617/2428 2019/594/1883
f 2019/594/1883 2025/617/1884 2020/618/2199
f 2019/594/1886 2020/618/2429 2014/595/1794
f 2014/595/2201 2020/618/1889 2015/619/1890
f 2014/595/2430 2015/619/2431 2009/596/1892
f 2009/596/2432 2015/619/1894 2010/620/1544
f 2009/596/2204 2010/620/1897 2004/597/1551
f 2004/597/1550 2010/620/1548 2005/621/1576
f 2004/597/1551 2005/621/2433 1999/598/1553
f 1999/598/1578 2005/621/1576 2000/622/1577
f 1999/598/1553 2000/622/2434 1994/599/2435
f 1994/599/2436 2000/622/2010 1995/623/2437
f 1994/599/2436 1995/623/2437 1989/600/2007
f 1989/600/2004 1995/623/2209 1990/624/2003
f 1989/600/2323 1990/624/2003 1984/601/2438
f 1984/601/2324 1990/624/2439 1985/625/2440
f 1984/601/2324 1985/625/1995 1979/602/1904
f 1979/602/2441 1985/625/1995 1980/626/2016
f 1979/602/2441 1980/626/1992 1974/603/2442
f 1974/603/34 1980/626/1992 1975/627/35
f 1975/604/54 1976/628/55 2090/605/1915
f 2090/605/1915 1976/628/37 2091/629/2443
f 2090/605/2328 2091/629/1918 2085/606/2173
f 2085/606/1919 2091/629/1918 2086/630/1920
f 2085/606/2217 2086/630/2218 2080/607/1924
f 2080/607/1923 2086/630/1922 2081/631/2444
f 2080/607/2445 2081/631/1927 2075/608/1928
f 2075/608/2446 2081/631/1927 2076/632/1929
f 2075/608/1831 2076/632/1931 2070/609/2447
f 2070/609/1933 2076/632/1931 2071/633/1934
f 2070/609/1935 2071/633/1634 2065/610/2448
f 2065/610/1937 2071/633/1634 2066/634/1938
f 2065/610/1939 2066/634/1636 2060/611/2449
f 2060/611/1942 2066/634/1938 2061/635/2230
f 2060/611/2449 2061/635/1943 2055/612/1944
f 2055/612/2229 2061/635/1640 2056/636/1648
f 2055/612/1947 2056/636/1948 2050/613/1950
f 2050/613/1853 2056/636/1951 2051/637/1957
f 2050/613/2232 2051/637/1957 2045/614/2233
f 2045/614/2233 2051/637/1957 2046/638/1958
f 2045/614/1956 2046/638/1959 2040/615/1961
f 2040/615/2332 2046/638/1959 2041/639/2234
f 2040/615/2450 2041/639/1966 2035/421/1965
f 2035/421/2236 2041/639/1966 2036/446/46
f 2035/421/1965 2036/446/46 2030/616/2451
f 2030/616/1968 2036/446/46 2031/640/2237
f 2030/616/2238 2031/640/1972 2025/617/1973
f 2025/617/1973 2031/640/1972 2026/641/1974
f 2025/617/1975 2026/641/1979 2020/618/1978
f 2020/618/1887 2026/641/1976 2021/642/1985
f 2020/618/1887 2021/642/1985 2015/619/1984
f 2015/619/1983 2021/642/2452 2016/643/1988
f 2015/619/1894 2016/643/1988 2010/620/1989
f 2010/620/2240 2016/643/1988 2011/644/2242
f 2010/620/1545 2011/644/1568 2005/621/1576
f 2005/621/2453 2011/644/1568 2006/645/1574
f 2005/621/1573 2006/645/2036 2000/622/1575
f 2000/622/1577 2006/645/2036 2001/646/1587
f 2000/622/1577 2001/646/2032 1995/623/2245
f 1995/623/2334 2001/646/2032 1996/647/2029
f 1995/623/2246 1996/647/2249 1990/624/2248
f 1990/624/2028 1996/647/2030 1991/648/2027
f 1990/624/2454 1991/648/2024 1985/625/2023
f 1985/625/2021 1991/648/2455 1986/649/2022
f 1985/625/2021 1986/649/2019 1980/626/1993
f 1980/626/2018 1986/649/2019 1981/650/2017
f 1980/626/2016 1981/650/2014 1975/627/54
f 1975/627/54 1981/650/2014 1976/651/55
f 1976/628/38 1977/557/39 2091/629/1614
f 2091/629/1614 1977/557/39 2092/555/1619
f 2091/629/1614 2092/555/1616 2086/630/1621
f 2086/630/1617 2092/555/1619 2087/553/2456
f 2086/630/1621 2087/553/1622 2081/631/1623
f 2081/631/2457 2087/553/1622 2082/551/1624
f 2081/631/2458 2082/551/2459 2076/632/1627
f 2076/632/1627 2082/551/1626 2077/549/1628
f 2076/632/2460 2077/549/1630 2071/633/2461
f 2071/633/1631 2077/549/1630 2072/547/1635
f 2071/633/1634 2072/547/1635 2066/634/1636
f 2066/634/2462 2072/547/1633 2067/545/1705
f 2066/634/1636 2067/545/2463 2061/635/2330
f 2061/635/2464 2067/545/1705 2062/543/1643
f 2061/635/2259 2062/543/1644 2056/636/1645
f 2056/636/1645 2062/543/1644 2057/541/1647
f 2056/636/1646 2057/541/1649 2051/637/1651
f 2051/637/1651 2057/541/1649 2052/539/2465
f 2051/637/1651 2052/539/1658 2046/638/1657
f 2046/638/1657 2052/539/1658 2047/537/2466
f 2046/638/1657 2047/537/1659 2041/639/1661
f 2041/639/1661 2047/537/1659 2042/535/1662
f 2041/639/1661 2042/535/1662 2036/446/45
f 2036/446/45 2042/535/1662 2037/337/44
f 2036/446/2467 2037/337/2468 2031/640/1665
f 2031/640/1665 2037/337/44 2032/533/1666
f 2031/640/1665 2032/533/1666 2026/641/2343
f 2026/641/1667 2032/533/1666 2027/579/1668
f 2026/641/1669 2027/579/1670 2021/642/1671
f 2021/642/2469 2027/579/1668 2022/577/1672
f 2021/642/1673 2022/577/2267 2016/643/2239
f 2016/643/1539 2022/577/1672 2017/575/2346
f 2016/643/2470 2017/575/2471 2011/644/1541
f 2011/644/1541 2017/575/1537 2012/573/2270
f 2011/644/1541 2012/573/2270 2006/645/2271
f 2006/645/2271 2012/573/2120 2007/571/2272
f 2006/645/1574 2007/571/2472 2001/646/1587
f 2001/646/2275 2007/571/2118 2002/569/2116
f 2001/646/1590 2002/569/2351 1996/647/1591
f 1996/647/1591 2002/569/2351 1997/567/1596
f 1996/647/2352 1997/567/2278 1991/648/1598
f 1991/648/1598 1997/567/2278 1992/565/2473
f 1991/648/1598 1992/565/1602 1986/649/1603
f 1986/649/1604 1992/565/1600 1987/563/1605
f 1986/649/2353 1987/563/1607 1981/650/1608
f 1981/650/1608 1987/563/1607 1982/561/1612
f 1981/650/1608 1982/561/1611 1976/651/38
f 1976/651/38 1982/561/1612 1977/559/39
f 2094/798/1051 1950/799/1051 2093/800/777
f 2093/800/777 1950/799/1051 1949/801/777
f 2093/802/775 1949/803/775 2116/804/1050
f 2116/804/1050 1949/803/775 1972/805/1050
f 2116/804/280 1972/805/280 2115/806/817
f 2115/806/817 1972/805/280 1971/807/817
f 2115/806/1067 1971/807/1067 2114/808/1066
f 2114/808/1066 1971/807/1067 1970/809/1066
f 2114/808/1065 1970/809/1065 2113/810/1064
f 2113/810/1064 1970/809/1065 1969/811/1064
f 2113/810/851 1969/811/851 2112/812/814
f 2112/812/814 1969/811/851 1968/813/814
f 2112/812/1063 1968/813/1063 2111/814/1062
f 2111/814/1062 1968/813/850 1967/815/1062
f 2111/814/1060 1967/815/1060 2110/816/1061
f 2110/816/1059 1967/815/1060 1966/817/1059
f 2110/816/810 1966/817/810 2109/818/1058
f 2109/818/1058 1966/817/810 1965/819/1058
f 2109/818/808 1965/819/808 2108/752/1057
f 2108/752/1057 1965/819/808 1964/753/1057
f 2108/752/1056 1964/753/1056 2107/760/1055
f 2107/760/1055 1964/753/1056 1963/761/1055
f 2107/760/233 1963/761/233 2106/768/805
f 2106/768/805 1963/761/233 1962/769/805
f 2106/768/804 1962/769/804 2105/776/803
f 2105/776/803 1962/769/804 1961/777/803
f 2105/776/222 1961/777/222 2104/784/1054
f 2104/784/1054 1961/777/222 1960/785/1054
f 2104/784/216 1960/785/216 2103/792/801
f 2103/792/801 1960/785/216 1959/793/801
f 2103/792/798 1959/793/798 2102/750/799
f 2102/750/799 1959/793/798 1958/751/799
f 2102/750/796 1958/751/796 2101/820/795
f 2101/820/795 1958/751/796 1957/821/795
f 2101/820/794 1957/821/794 2100/822/792
f 2100/822/792 1957/821/794 1956/823/792
f 2100/822/791 1956/823/791 2099/824/789
f 2099/824/789 1956/823/198 1955/825/789
f 2099/824/788 1955/825/788 2098/826/1053
f 2098/826/787 1955/825/105 1954/827/787
f 2098/826/786 1954/827/786 2097/828/785
f 2097/828/785 1954/827/786 1953/829/785
f 2097/828/183 1953/829/183 2096/830/784
f 2096/830/784 1953/829/183 1952/831/784
f 2096/830/1052 1952/831/1052 2095/832/782
f 2095/832/782 1952/831/1052 1951/833/782
f 2095/832/778 1951/833/778 2094/798/780
f 2094/798/780 1951/833/778 1950/799/780
f 2118/308/1416 2146/309/1417 2117/310/1418
f 2117/310/777 2146/309/2279 2141/311/1419
f 2117/312/1420 2141/313/31 2140/314/1423
f 2140/314/1423 2141/313/1421 2256/315/1424
f 2140/314/2474 2256/315/2357 2139/316/2358
f 2139/316/817 2256/315/2057 2251/317/2129
f 2139/316/1429 2251/317/1430 2138/318/1431
f 2138/318/1432 2251/317/1433 2246/319/2475
f 2138/318/1435 2246/319/1438 2137/320/1437
f 2137/320/2061 2246/319/2476 2241/321/2064
f 2137/320/815 2241/321/2360 2136/322/1440
f 2136/322/1440 2241/321/1441 2236/323/1442
f 2136/322/1443 2236/323/2282 2135/324/1445
f 2135/324/1445 2236/323/1444 2231/325/2069
f 2135/324/2045 2231/325/1446 2134/326/2070
f 2134/326/1061 2231/325/2361 2226/327/2071
f 2134/326/2072 2226/327/1455 2133/328/1454
f 2133/328/1454 2226/327/2071 2221/329/1456
f 2133/328/1457 2221/329/1460 2132/330/1459
f 2132/330/1462 2221/329/2477 2216/331/2478
f 2132/330/1462 2216/331/2478 2131/332/1464
f 2131/332/2479 2216/331/2480 2211/333/2363
f 2131/332/1467 2211/333/1468 2130/284/1469
f 2130/284/1469 2211/333/2077 2206/285/2481
f 2130/284/1472 2206/285/2482 2129/286/1473
f 2129/286/803 2206/285/1474 2201/287/2284
f 2129/286/1476 2201/287/1477 2128/288/800
f 2128/288/1479 2201/287/1480 2196/289/1481
f 2128/288/1482 2196/289/1485 2127/290/2081
f 2127/290/1484 2196/289/1485 2191/291/1486
f 2127/290/801 2191/291/1486 2126/292/799
f 2126/292/2483 2191/291/2367 2186/293/2484
f 2126/292/2083 2186/293/2085 2125/294/1494
f 2125/294/1494 2186/293/1495 2181/295/1496
f 2125/294/2485 2181/295/1500 2124/296/1499
f 2124/296/1499 2181/295/1500 2176/297/1501
f 2124/296/1499 2176/297/1502 2123/298/1503
f 2123/298/1503 2176/297/1502 2171/299/1504
f 2123/298/1505 2171/299/1506 2122/300/1507
f 2122/300/1508 2171/299/1509 2166/301/1510
f 2122/300/1507 2166/301/2097 2121/302/2095
f 2121/302/785 2166/301/1513 2161/303/1514
f 2121/302/2099 2161/303/2289 2120/304/781
f 2120/304/1518 2161/303/1519 2156/305/1520
f 2120/304/2486 2156/305/2487 2119/306/2105
f 2119/306/779 2156/305/1524 2151/307/1525
f 2119/306/2105 2151/307/2106 2118/308/1527
f 2118/308/1527 2151/307/1526 2146/309/1528
f 1728/358/41 2260/359/2108 1705/360/41
f 1705/360/1690 2260/359/1692 2145/361/58
f 1705/362/41 2145/363/58 1706/364/41
f 1706/364/41 2145/363/58 2150/365/1689
f 1706/364/41 2150/365/1689 1707/366/41
f 1707/366/41 2150/365/1689 2155/367/1683
f 1707/366/41 2155/367/1683 1708/368/41
f 1708/368/41 2155/367/1683 2160/369/2375
f 1708/368/2112 2160/369/2113 1709/370/2111
f 1709/370/2112 2160/369/2113 2165/371/2114
f 1709/370/1690 2165/371/2115 1710/372/1690
f 1710/372/2112 2165/371/2114 2170/373/2116
f 1710/372/1690 2170/373/2296 1711/374/1690
f 1711/374/2112 2170/373/2116 2175/375/2118
f 1711/374/1690 2175/375/2378 1712/376/1690
f 1712/376/2112 2175/375/2118 2180/377/2120
f 1712/376/1690 2180/377/2121 1713/378/1690
f 1713/378/2112 2180/377/2120 2185/379/1538
f 1713/378/1690 2185/379/2122 1714/380/1690
f 1714/380/2112 2185/379/1538 2190/381/1536
f 1714/380/42 2190/381/2123 1715/382/42
f 1715/382/1529 2190/381/1535 2195/383/1530
f 1715/382/42 2195/383/2124 1716/334/42
f 1716/334/1529 2195/383/1530 2200/335/1719
f 1716/334/42 2200/335/1719 1717/336/42
f 1717/336/42 2200/335/2125 2205/337/59
f 1717/336/1690 2205/337/59 1718/338/1690
f 1718/338/42 2205/337/59 2210/339/2341
f 1718/338/1690 2210/339/1716 1719/340/1690
f 1719/340/42 2210/339/1716 2215/341/1713
f 1719/340/1709 2215/341/1713 1720/342/1690
f 1720/342/1709 2215/341/1713 2220/343/2488
f 1720/342/1690 2220/343/1712 1721/344/42
f 1721/344/1699 2220/343/1653 2225/345/1710
f 1721/344/1690 2225/345/1711 1722/346/1690
f 1722/346/1699 2225/345/1710 2230/347/1643
f 1722/346/1699 2230/347/2127 1723/348/1699
f 1723/348/1699 2230/347/1643 2235/349/1705
f 1723/348/1690 2235/349/1707 1724/350/1690
f 1724/350/1704 2235/349/1705 2240/351/1703
f 1724/350/1690 2240/351/1702 1725/352/1690
f 1725/352/1699 2240/351/1633 2245/353/1700
f 1725/352/1699 2245/353/1700 1726/354/1699
f 1726/354/1699 2245/353/1700 2250/355/1697
f 1726/354/41 2250/355/2489 1727/356/41
f 1727/356/1696 2250/355/1697 2255/357/1695
f 1727/356/41 2255/357/1695 1728/358/41
f 1728/358/1690 2255/357/1695 2260/359/1692
f 2141/313/32 2142/384/1722 2256/315/1723
f 2256/315/1723 2142/384/1724 2257/385/1725
f 2256/315/1424 2257/385/2387 2251/317/1728
f 2251/317/1729 2257/385/1727 2252/386/1731
f 2251/317/1732 2252/386/1733 2246/319/2130
f 2246/319/1734 2252/386/1733 2247/387/2490
f 2246/319/1737 2247/387/2491 2241/321/1739
f 2241/321/1739 2247/387/1738 2242/388/2132
f 2241/321/1741 2242/388/1742 2236/323/1743
f 2236/323/1442 2242/388/1742 2237/389/1744
f 2236/323/1743 2237/389/1744 2231/325/2044
f 2231/325/1747 2237/389/1746 2232/390/1748
f 2231/325/2044 2232/390/2416 2226/327/2137
f 2226/327/2492 2232/390/2493 2227/391/1752
f 2226/327/1751 2227/391/1752 2221/329/1753
f 2221/329/1753 2227/391/1754 2222/392/1755
f 2221/329/1756 2222/392/1757 2216/331/1758
f 2216/331/1758 2222/392/1757 2217/393/1760
f 2216/331/1759 2217/393/1760 2211/333/1762
f 2211/333/1762 2217/393/1854 2212/394/1856
f 2211/333/1763 2212/394/1765 2206/285/1471
f 2206/285/2481 2212/394/1765 2207/395/2494
f 2206/285/1769 2207/395/1770 2201/287/1771
f 2201/287/1771 2207/395/1772 2202/396/1773
f 2201/287/51 2202/396/50 2196/289/1774
f 2196/289/1775 2202/396/1776 2197/397/1777
f 2196/289/1778 2197/397/1779 2191/291/1780
f 2191/291/1780 2197/397/1779 2192/398/1782
f 2191/291/1783 2192/398/1787 2186/293/1785
f 2186/293/1786 2192/398/2148 2187/399/2149
f 2186/293/1785 2187/399/1789 2181/295/1790
f 2181/295/1790 2187/399/1791 2182/400/1794
f 2181/295/1793 2182/400/1794 2176/297/1795
f 2176/297/2308 2182/400/2307 2177/401/1892
f 2176/297/2308 2177/401/1892 2171/299/2401
f 2171/299/1801 2177/401/1802 2172/402/1803
f 2171/299/1801 2172/402/1803 2166/301/2403
f 2166/301/1557 2172/402/2158 2167/403/2164
f 2166/301/1557 2167/403/1558 2161/303/1559
f 2161/303/2495 2167/403/2162 2162/404/2404
f 2161/303/1583 2162/404/1584 2156/305/1585
f 2156/305/1912 2162/404/2008 2157/405/2496
f 2156/305/2167 2157/405/1910 2151/307/1909
f 2151/307/1909 2157/405/2002 2152/406/2310
f 2151/307/2497 2152/406/1907 2146/309/1905
f 2146/309/2498 2152/406/1906 2147/407/1904
f 2146/309/1903 2147/407/1902 2141/311/1900
f 2141/311/1900 2147/407/1901 2142/408/1899
f 2142/384/2499 2143/409/1808 2257/385/1809
f 2257/385/1810 2143/409/1811 2258/410/1817
f 2257/385/1730 2258/410/2171 2252/386/1816
f 2252/386/2172 2258/410/1814 2253/411/2173
f 2252/386/2174 2253/411/2500 2247/387/2501
f 2247/387/1822 2253/411/1823 2248/412/1824
f 2247/387/2490 2248/412/2412 2242/388/1828
f 2242/388/2502 2248/412/2503 2243/413/1829
f 2242/388/2502 2243/413/2178 2237/389/1832
f 2237/389/1832 2243/413/1831 2238/414/1833
f 2237/389/1834 2238/414/1835 2232/390/1836
f 2232/390/1837 2238/414/2182 2233/415/1937
f 2232/390/2043 2233/415/2046 2227/391/2184
f 2227/391/1841 2233/415/1842 2228/416/1843
f 2227/391/2183 2228/416/2504 2222/392/2187
f 2222/392/1847 2228/416/1848 2223/417/1849
f 2222/392/1850 2223/417/1849 2217/393/1851
f 2217/393/1852 2223/417/1849 2218/418/1853
f 2217/393/1851 2218/418/1853 2212/394/2189
f 2212/394/2190 2218/418/2191 2213/419/1858
f 2212/394/1767 2213/419/1858 2207/395/1861
f 2207/395/1864 2213/419/2505 2208/420/1865
f 2207/395/2193 2208/420/1863 2202/396/1867
f 2202/396/1867 2208/420/1868 2203/421/48
f 2202/396/1870 2203/421/1871 2197/397/1872
f 2197/397/1873 2203/421/2236 2198/422/1968
f 2197/397/2426 2198/422/2506 2192/398/2195
f 2192/398/1878 2198/422/1876 2193/423/1880
f 2192/398/2507 2193/423/1882 2187/399/1789
f 2187/399/1883 2193/423/2198 2188/424/1887
f 2187/399/1886 2188/424/1887 2182/400/1888
f 2182/400/2200 2188/424/1887 2183/425/2508
f 2182/400/1891 2183/425/1890 2177/401/1892
f 2177/401/1893 2183/425/1894 2178/426/1895
f 2177/401/1893 2178/426/2509 2172/402/2510
f 2172/402/1898 2178/426/2511 2173/427/1576
f 2172/402/1551 2173/427/1552 2167/403/1553
f 2167/403/2512 2173/427/2513 2168/428/2010
f 2167/403/1578 2168/428/1579 2162/404/1580
f 2162/404/2436 2168/428/2010 2163/429/2437
f 2162/404/1584 2163/429/2009 2157/405/2007
f 2157/405/2002 2163/429/2322 2158/430/2003
f 2157/405/2004 2158/430/2003 2152/406/2514
f 2152/406/1999 2158/430/2000 2153/431/1998
f 2152/406/2324 2153/431/1998 2147/407/2212
f 2147/407/1904 2153/431/1996 2148/432/2515
f 2147/407/2441 2148/432/1991 2142/408/2442
f 2142/408/2213 2148/432/1991 2143/433/35
f 2143/409/1913 2144/434/55 2258/410/1914
f 2258/410/1915 2144/434/37 2259/435/1916
f 2258/410/1917 2259/435/1918 2253/411/1919
f 2253/411/2173 2259/435/2516 2254/436/1920
f 2253/411/2217 2254/436/2218 2248/412/1926
f 2248/412/1924 2254/436/1920 2249/437/1925
f 2248/412/1926 2249/437/1927 2243/413/1928
f 2243/413/1928 2249/437/1927 2244/438/1929
f 2243/413/1930 2244/438/1931 2238/414/1932
f 2238/414/1933 2244/438/1931 2239/439/1934
f 2238/414/1935 2239/439/1634 2233/415/1936
f 2233/415/1937 2239/439/1634 2234/440/1938
f 2233/415/1939 2234/440/1938 2228/416/1940
f 2228/416/1941 2234/440/1938 2229/441/1640
f 2228/416/1942 2229/441/1943 2223/417/1944
f 2223/417/1945 2229/441/1943 2224/442/1946
f 2223/417/1947 2224/442/1948 2218/418/1949
f 2218/418/1950 2224/442/1951 2219/443/1952
f 2218/418/2517 2219/443/1957 2213/419/2233
f 2213/419/1956 2219/443/1957 2214/444/1958
f 2213/419/1862 2214/444/1959 2208/420/1960
f 2208/420/2332 2214/444/1959 2209/445/2234
f 2208/420/1863 2209/445/1964 2203/421/1869
f 2203/421/1965 2209/445/1966 2204/446/46
f 2203/421/1965 2204/446/46 2198/422/1967
f 2198/422/2238 2204/446/2518 2199/447/2237
f 2198/422/1876 2199/447/1972 2193/423/2196
f 2193/423/1973 2199/447/1972 2194/448/1974
f 2193/423/2196 2194/448/1979 2188/424/1885
f 2188/424/1977 2194/448/1976 2189/449/1985
f 2188/424/2519 2189/449/1673 2183/425/2520
f 2183/425/1983 2189/449/1673 2184/450/2239
f 2183/425/1983 2184/450/1988 2178/426/2240
f 2178/426/1544 2184/450/1988 2179/451/2242
f 2178/426/1895 2179/451/2521 2173/427/1549
f 2173/427/1572 2179/451/1568 2174/452/2036
f 2173/427/2522 2174/452/2523 2168/428/2524
f 2168/428/1575 2174/452/2036 2169/453/1587
f 2168/428/2244 2169/453/2032 2163/429/2334
f 2163/429/2031 2169/453/2032 2164/454/2029
f 2163/429/2334 2164/454/2249 2158/430/2248
f 2158/430/2248 2164/454/2029 2159/455/2250
f 2158/430/2251 2159/455/2525 2153/431/2526
f 2153/431/2252 2159/455/2024 2154/456/2253
f 2153/431/2021 2154/456/2022 2148/432/2020
f 2148/432/2016 2154/456/2019 2149/457/2527
f 2148/432/2254 2149/457/2014 2143/433/2015
f 2143/433/2015 2149/457/2014 2144/458/2335
f 2144/434/38 2145/361/39 2259/435/1613
f 2259/435/1614 2145/361/39 2260/359/1619
f 2259/435/1614 2260/359/2109 2254/436/1617
f 2254/436/1617 2260/359/1616 2255/357/2456
f 2254/436/1621 2255/357/1622 2249/437/1623
f 2249/437/1623 2255/357/1622 2250/355/1624
f 2249/437/1623 2250/355/2459 2244/438/2460
f 2244/438/1627 2250/355/1624 2245/353/1628
f 2244/438/1629 2245/353/1630 2239/439/1631
f 2239/439/1632 2245/353/1630 2240/351/1633
f 2239/439/1634 2240/351/1635 2234/440/1636
f 2234/440/1637 2240/351/1633 2235/349/1705
f 2234/440/1636 2235/349/2040 2229/441/1640
f 2229/441/1641 2235/349/1705 2230/347/1643
f 2229/441/1641 2230/347/1644 2224/442/1645
f 2224/442/2262 2230/347/1643 2225/345/1647
f 2224/442/1648 2225/345/1649 2219/443/1952
f 2219/443/1651 2225/345/1649 2220/343/1653
f 2219/443/1654 2220/343/1655 2214/444/1656
f 2214/444/2528 2220/343/1658 2215/341/1713
f 2214/444/1962 2215/341/1659 2209/445/1661
f 2209/445/1661 2215/341/1659 2210/339/2341
f 2209/445/2529 2210/339/1662 2204/446/1663
f 2204/446/45 2210/339/1662 2205/337/44
f 2204/446/45 2205/337/44 2199/447/1665
f 2199/447/1664 2205/337/44 2200/335/1666
f 2199/447/2530 2200/335/1666 2194/448/2531
f 2194/448/2532 2200/335/1666 2195/383/1668
f 2194/448/1669 2195/383/1670 2189/449/1671
f 2189/449/2266 2195/383/1668 2190/381/1672
f 2189/449/2345 2190/381/2267 2184/450/1675
f 2184/450/1539 2190/381/1672 2185/379/2346
f 2184/450/1540 2185/379/1537 2179/451/1541
f 2179/451/2347 2185/379/1537 2180/377/2120
f 2179/451/1568 2180/377/2270 2174/452/1574
f 2174/452/2271 2180/377/2120 2175/375/2118
f 2174/452/1574 2175/375/2350 2169/453/2274
f 2169/453/1590 2175/375/2118 2170/373/2116
f 2169/453/2274 2170/373/2351 2164/454/1591
f 2164/454/2277 2170/373/2116 2165/371/1596
f 2164/454/2249 2165/371/2278 2159/455/2250
f 2159/455/1598 2165/371/2114 2160/369/1681
f 2159/455/1601 2160/369/1602 2154/456/1603
f 2154/456/1604 2160/369/1600 2155/367/1605
f 2154/456/2353 2155/367/1609 2149/457/1608
f 2149/457/1608 2155/367/1605 2150/365/2533
f 2149/457/1608 2150/365/1612 2144/458/38
f 2144/458/38 2150/365/1612 2145/363/39
f 2262/748/165 2118/749/165 2261/750/777
f 2261/750/777 2118/749/165 2117/751/777
f 2261/752/775 2117/753/775 2284/754/776
f 2284/754/774 2117/753/775 2140/755/774
f 2284/754/280 2140/755/280 2283/756/817
f 2283/756/817 2140/755/280 2139/757/817
f 2283/756/275 2139/757/275 2282/758/816
f 2282/758/816 2139/757/275 2138/759/816
f 2282/758/270 2138/759/270 2281/760/265
f 2281/760/265 2138/759/270 2137/761/265
f 2281/760/815 2137/761/815 2280/762/814
f 2280/762/814 2137/761/815 2136/763/814
f 2280/762/813 2136/763/813 2279/764/812
f 2279/764/812 2136/763/813 2135/765/812
f 2279/764/812 2135/765/812 2278/766/811
f 2278/766/811 2135/765/812 2134/767/811
f 2278/766/810 2134/767/810 2277/768/809
f 2277/768/809 2134/767/810 2133/769/809
f 2277/768/808 2133/769/808 2276/770/807
f 2276/770/807 2133/769/248 2132/771/807
f 2276/770/239 2132/771/239 2275/772/806
f 2275/772/806 2132/771/239 2131/773/806
f 2275/772/233 2131/773/233 2274/774/805
f 2274/774/805 2131/773/233 2130/775/805
f 2274/774/804 2130/775/804 2273/776/803
f 2273/776/803 2130/775/804 2129/777/803
f 2273/776/222 2129/777/222 2272/778/802
f 2272/778/802 2129/777/222 2128/779/802
f 2272/778/216 2128/779/216 2271/780/801
f 2271/780/211 2128/779/216 2127/781/211
f 2271/780/211 2127/781/211 2270/782/799
f 2270/782/797 2127/781/798 2126/783/797
f 2270/782/797 2126/783/797 2269/784/795
f 2269/784/793 2126/783/796 2125/785/793
f 2269/784/794 2125/785/794 2268/786/792
f 2268/786/792 2125/785/793 2124/787/792
f 2268/786/791 2124/787/791 2267/788/789
f 2267/788/789 2124/787/790 2123/789/789
f 2267/788/788 2123/789/788 2266/790/188
f 2266/790/787 2123/789/788 2122/791/787
f 2266/790/786 2122/791/786 2265/792/783
f 2265/792/785 2122/791/188 2121/793/785
f 2265/792/783 2121/793/783 2264/794/784
f 2264/794/781 2121/793/183 2120/795/781
f 2264/794/781 2120/795/781 2263/796/782
f 2263/796/779 2120/795/176 2119/797/779
f 2263/796/779 2119/797/779 2262/748/780
f 2262/748/780 2119/797/778 2118/749/780
f 2293/55/2534 2285/56/2534 2292/57/2535
f 2292/57/2536 2285/56/2537 2286/58/2536
f 2292/57/2535 2286/58/2535 2291/59/2538
f 2291/59/2539 2286/58/2540 2287/60/2539
f 2291/59/2541 2287/60/2541 2290/61/2542
f 2290/61/2543 2287/60/2544 2288/62/2543
f 2290/61/2545 2288/62/2545 2289/63/2546
f 1732/834/2297 1731/835/2297 2311/836/2547
f 2311/836/2548 1731/835/1690 2313/837/2549
f 2311/836/2550 2313/837/2350 2310/838/2551
f 2310/838/2552 2313/837/2118 2312/839/2271
f 2310/838/2551 2312/839/1574 2309/840/2553
f 2309/840/2554 2312/839/2036 2314/841/1547
f 2309/840/2554 2314/841/1576 2308/842/1576
f 2308/842/1552 2314/841/1552 2307/843/2555
f 2307/843/2556 2314/841/1552 2315/844/1898
f 2307/843/2557 2315/844/1551 2306/845/2558
f 2306/845/2559 2315/844/1803 2316/846/1801
f 2306/845/2560 2316/846/1509 2305/847/2561
f 2305/847/2562 2316/846/2563 2304/848/2564
f 2304/848/2564 2316/846/1509 2301/849/2564
f 2304/848/2564 2301/849/2564 2303/850/105
f 2303/850/105 2301/849/2564 2302/851/105
f 1731/835/2297 2294/852/2547 2313/837/2118
f 2313/837/2118 2294/852/2550 2295/853/2565
f 2313/837/2350 2295/853/2566 2312/839/2271
f 2312/839/1574 2295/853/2551 2296/854/2553
f 2312/839/2036 2296/854/2554 2314/841/1547
f 2314/841/1547 2296/854/2554 2297/855/1547
f 2314/841/1552 2297/855/1576 2298/856/2555
f 2314/841/1552 2298/856/2556 2315/844/1898
f 2315/844/1551 2298/856/2557 2299/857/2558
f 2315/844/1803 2299/857/2559 2316/846/1801
f 2316/846/1509 2299/857/2560 2300/858/2561
f 2316/846/2567 2300/858/2562 2301/849/2564
f 1731/859/41 1730/860/41 2294/861/2568
f 2294/861/2569 1730/860/41 2323/862/40
f 2294/861/2570 2323/862/40 2295/863/2571
f 2295/863/2572 2323/862/39 2324/864/2573
f 2295/863/2574 2324/864/55 2296/865/2575
f 2296/865/2576 2324/864/37 2325/866/36
f 2296/865/2577 2325/866/2578 2297/867/2578
f 2297/867/1811 2325/866/1811 2298/868/2579
f 2298/868/2579 2325/866/1811 2326/869/34
f 2298/868/2580 2326/869/1990 2299/870/2581
f 2299/870/2581 2326/869/33 2327/871/32
f 2299/870/2582 2327/871/32 2300/872/2583
f 2300/872/2584 2327/871/30 2301/873/2585
f 2301/873/2585 2327/871/30 2302/874/52
f 2302/874/29 2327/871/2054 2322/875/29
f 2322/875/29 2327/871/2054 2321/876/2054
f 2321/876/32 2327/871/32 2320/877/33
f 2320/877/33 2327/871/32 2326/869/33
f 2320/877/34 2326/869/34 2319/878/35
f 2319/878/35 2326/869/34 2325/866/35
f 2319/878/2578 2325/866/2578 2318/879/37
f 2318/879/37 2325/866/2578 2324/864/37
f 2318/879/38 2324/864/38 2317/880/39
f 2317/880/39 2324/864/38 2323/862/39
f 2317/880/58 2323/862/58 1730/860/41
f 2303/881/132 2328/882/132 2304/883/2586
f 2304/883/2586 2328/882/2 2334/884/2079
f 2304/883/2586 2334/884/2079 2305/885/2587
f 2305/885/2588 2334/884/2079 2306/886/2589
f 2306/886/2590 2334/884/51 2335/887/50
f 2306/886/2591 2335/887/2145 2307/888/2592
f 2307/888/2593 2335/887/49 2336/889/2194
f 2307/888/2594 2336/889/48 2308/890/48
f 2308/890/1965 2336/889/1965 2309/891/2595
f 2309/891/2596 2336/889/47 2337/892/1663
f 2309/891/2597 2337/892/1663 2310/893/2598
f 2310/893/2598 2337/892/45 2338/894/44
f 2310/893/2599 2338/894/43 2311/895/2600
f 2311/895/2601 2338/894/59 1732/896/1690
f 1732/896/42 2338/894/59 1729/897/42
f 1729/897/42 2338/894/59 2333/898/59
f 2333/898/44 2338/894/44 2332/899/45
f 2332/899/45 2338/894/44 2337/892/45
f 2332/899/46 2337/892/46 2331/900/1965
f 2331/900/1965 2337/892/46 2336/889/1965
f 2331/900/48 2336/889/48 2330/901/49
f 2330/901/49 2336/889/48 2335/887/49
f 2330/901/50 2335/887/50 2329/902/51
f 2329/902/51 2335/887/50 2334/884/51
f 2329/902/1 2334/884/1 2328/882/2
f 334/903/294 2355/728/863 201/904/2602
f 201/904/2603 2355/728/2604 2360/731/698
f 201/904/60 2360/731/605 2354/905/2605
f 2354/905/2606 2360/731/2607 2363/906/2608
f 2354/905/2605 2363/906/2609 2353/907/2610
f 2353/907/2611 2363/906/2612 2352/908/2613
f 2352/908/2614 2363/906/2615 2366/735/482
f 2352/908/2614 2366/735/482 2351/909/2616
f 2351/909/2617 2366/735/2618 2369/737/368
f 2351/909/2619 2369/737/368 2350/910/2620
f 2350/910/2620 2369/737/258 2349/911/2621
f 2349/911/2621 2369/737/256 2348/738/812
f 2348/738/257 2369/737/2622 2368/912/2622
f 2348/738/257 2368/912/256 2346/913/2623
f 2346/913/2623 2368/912/258 2367/715/258
f 2346/913/2623 2367/715/258 2345/914/2624
f 2345/914/2625 2367/715/368 2344/915/2626
f 2344/915/2626 2367/715/2627 2364/718/369
f 2344/915/2628 2364/718/937 2343/916/2629
f 2343/916/2630 2364/718/2631 2361/917/2632
f 2343/916/2633 2361/917/2634 2342/918/1184
f 2342/918/485 2361/917/2635 2341/919/2636
f 2341/919/2637 2361/917/2638 2358/722/603
f 2341/919/2639 2358/722/605 2340/920/2640
f 2340/920/2641 2358/722/2642 2357/724/701
f 2340/920/2643 2357/724/863 2339/921/2644
f 2339/921/2645 2357/724/299 333/922/74
f 333/922/294 2357/724/2646 2356/726/2646
f 333/922/74 2356/726/299 334/903/74
f 334/903/1363 2356/726/701 2355/728/701
f 2346/913/2623 2347/714/812 2348/738/812
f 2354/905/2647 193/923/60 201/904/60
f 2355/728/701 2356/726/701 2360/731/605
f 2360/731/698 2356/726/701 2359/745/698
f 2360/731/603 2359/745/603 2362/924/2648
f 2362/924/2649 2359/745/605 2361/917/2650
f 2362/924/2651 2361/917/2635 2364/718/482
f 2356/726/701 2357/724/701 2359/745/605
f 2359/745/698 2357/724/701 2358/722/698
f 2359/745/2652 2358/722/2652 2361/917/2635
f 2363/906/2609 2360/731/605 2362/924/2649
f 2363/906/2653 2362/924/2654 2365/743/482
f 2365/743/482 2362/924/2654 2364/718/482
f 2365/743/369 2364/718/369 2368/912/368
f 2368/912/368 2364/718/369 2367/715/368
f 2369/737/368 2366/735/369 2365/743/369
f 2365/743/937 2366/735/937 2363/906/2653
f 2369/737/368 2365/743/2655 2368/912/368
f 2386/925/863 341/926/294 2387/927/1107
f 2387/927/297 341/926/294 340/928/294
f 2387/927/1107 340/928/294 2392/929/1221
f 2392/929/1221 340/928/294 339/930/294
f 2392/929/1221 339/930/289 2397/931/859
f 2397/931/860 339/930/16 338/932/74
f 2397/931/859 338/932/74 2402/933/290
f 2402/933/290 338/932/16 337/934/16
f 2402/933/290 337/934/16 2407/935/1105
f 2407/935/1364 337/934/16 336/936/16
f 2407/935/1105 336/936/16 2370/937/156
f 2370/937/156 336/936/16 335/938/16
f 2370/937/18 2371/939/19 2407/935/723
f 2407/935/2656 2371/939/149 2408/940/722
f 2407/935/1039 2408/940/720 2402/933/719
f 2402/933/719 2408/940/720 2403/941/718
f 2402/933/1037 2403/941/1036 2397/931/716
f 2397/931/713 2403/941/1036 2398/942/708
f 2397/931/716 2398/942/708 2392/929/707
f 2392/929/707 2398/942/708 2393/943/706
f 2392/929/295 2393/943/705 2387/927/703
f 2387/927/1219 2393/943/706 2388/944/1218
f 2387/927/2657 2388/944/2658 2386/925/2659
f 2386/925/863 2388/944/1029 2385/945/698
f 2385/945/2660 2388/944/2661 2389/946/941
f 2385/945/603 2389/946/1187 2384/947/485
f 2384/947/940 2389/946/491 2390/948/939
f 2384/947/1273 2390/948/487 2383/949/937
f 2383/949/2662 2390/948/898 2391/950/372
f 2383/949/369 2391/950/894 2382/951/368
f 2382/951/849 2391/950/262 2380/952/850
f 2382/951/261 2380/952/260 2381/953/1317
f 2371/939/20 2372/954/21 2408/940/628
f 2408/940/628 2372/954/627 2409/955/625
f 2408/940/624 2409/955/510 2403/941/622
f 2403/941/1192 2409/955/623 2404/956/991
f 2403/941/2663 2404/956/620 2398/942/617
f 2398/942/617 2404/956/619 2399/957/618
f 2398/942/709 2399/957/614 2393/943/988
f 2393/943/613 2399/957/614 2394/958/610
f 2393/943/611 2394/958/495 2388/944/2664
f 2388/944/607 2394/958/2665 2389/946/985
f 2372/954/22 2373/959/513 2409/955/515
f 2409/955/625 2373/959/23 2410/960/511
f 2409/955/510 2410/960/1158 2404/956/2666
f 2404/956/506 2410/960/507 2405/961/1157
f 2404/956/505 2405/961/503 2399/957/1156
f 2399/957/501 2405/961/502 2400/962/499
f 2399/957/1155 2400/962/1375 2394/958/1154
f 2394/958/497 2400/962/498 2395/963/496
f 2394/958/2667 2395/963/942 2389/946/489
f 2389/946/491 2395/963/492 2390/948/490
f 2373/959/142 2374/964/396 2410/960/905
f 2410/960/395 2374/964/396 2411/965/392
f 2410/960/1120 2411/965/161 2405/961/1366
f 2405/961/391 2411/965/392 2406/966/279
f 2405/961/389 2406/966/1262 2400/962/388
f 2400/962/386 2406/966/387 2401/967/385
f 2400/962/386 2401/967/381 2395/963/383
f 2395/963/378 2401/967/381 2396/968/379
f 2395/963/899 2396/968/2668 2390/948/375
f 2390/948/898 2396/968/376 2391/950/897
f 2374/964/162 2375/969/160 2411/965/161
f 2411/965/2669 2375/969/775 2376/970/774
f 2411/965/161 2376/970/281 2406/966/279
f 2406/966/279 2376/970/281 2377/971/2670
f 2406/966/277 2377/971/1067 2401/967/2671
f 2401/967/273 2377/971/274 2378/972/271
f 2401/967/1100 2378/972/853 2396/968/852
f 2396/968/852 2378/972/270 2379/973/265
f 2396/968/267 2379/973/851 2391/950/1096
f 2391/950/1096 2379/973/266 2380/952/263
f 2348/36/52 2375/974/52 2349/975/2672
f 2349/975/2673 2375/974/27 2374/976/28
f 2349/975/2672 2374/976/25 2350/977/2674
f 2350/977/2675 2374/976/25 2351/978/2676
f 2351/978/2676 2374/976/2677 2373/979/24
f 2351/978/2678 2373/979/142 2352/980/2679
f 2352/980/2679 2373/979/23 2372/981/627
f 2352/980/2679 2372/981/627 2353/982/2680
f 2353/982/2680 2372/981/627 2354/983/2681
f 2354/983/2681 2372/981/57 2371/984/20
f 2354/983/2681 2371/984/149 193/985/2682
f 193/985/2683 2371/984/2684 2370/986/18
f 193/985/2683 2370/986/17 194/987/2685
f 194/987/2685 2370/986/17 195/988/2686
f 195/988/2686 2370/986/156 335/989/16
f 195/988/2686 335/989/16 196/990/2687
f 196/990/2687 335/989/74 334/991/74
f 196/990/2687 334/991/74 197/992/74
f 197/992/74 334/991/74 198/993/2688
f 198/993/2688 334/991/15 199/994/2689
f 199/994/2690 334/991/2691 200/995/2692
f 200/995/2693 334/991/2694 201/996/2695
f 1666/903/1699 2428/728/1705 2293/904/2696
f 2293/904/2697 2428/728/2698 2433/731/1637
f 2293/904/2534 2433/731/1636 2427/905/2699
f 2427/905/2700 2433/731/2701 2436/906/2702
f 2427/905/2700 2436/906/2702 2426/907/2703
f 2426/907/2704 2436/906/2705 2425/908/2706
f 2425/908/2707 2436/906/2708 2439/735/2043
f 2425/908/2707 2439/735/2043 2424/909/2709
f 2424/909/2710 2439/735/2711 2442/737/1747
f 2424/909/2712 2442/737/1747 2423/910/2713
f 2423/910/2714 2442/737/1446 2422/911/2715
f 2422/911/2715 2442/737/1446 2421/738/812
f 2421/738/2045 2442/737/1446 2441/912/1446
f 2421/738/2045 2441/912/1450 2419/913/2716
f 2419/913/2716 2441/912/1446 2440/715/1446
f 2419/913/2716 2440/715/1446 2418/914/2717
f 2418/914/2718 2440/715/1446 2417/915/2719
f 2417/915/2720 2440/715/2721 2437/718/1748
f 2417/915/2722 2437/718/1836 2416/916/2723
f 2416/916/2724 2437/718/2725 2434/917/2726
f 2416/916/2727 2434/917/2728 2415/918/2046
f 2415/918/1939 2434/917/2729 2414/919/2730
f 2414/919/2730 2434/917/2731 2431/722/1938
f 2414/919/2732 2431/722/1636 2413/920/2733
f 2413/920/2734 2431/722/2735 2430/724/2040
f 2413/920/2736 2430/724/1706 2412/921/2737
f 2412/921/2738 2430/724/1705 1665/922/1699
f 1665/922/1690 2430/724/1707 2429/726/1707
f 1665/922/1690 2429/726/1707 1666/903/1690
f 1666/903/1699 2429/726/1705 2428/728/1705
f 2419/913/2716 2420/714/812 2421/738/812
f 2427/905/2739 2285/923/2534 2293/904/2534
f 2428/728/2040 2429/726/2040 2433/731/1636
f 2433/731/1637 2429/726/2040 2432/745/1637
f 2433/731/2740 2432/745/2740 2435/924/2741
f 2435/924/2742 2432/745/1636 2434/917/2729
f 2435/924/2743 2434/917/2744 2437/718/2043
f 2429/726/2040 2430/724/2040 2432/745/1636
f 2432/745/1637 2430/724/2040 2431/722/1637
f 2432/745/1636 2431/722/1636 2434/917/2729
f 2436/906/2745 2433/731/1636 2435/924/2742
f 2436/906/2705 2435/924/2741 2438/743/2043
f 2438/743/1836 2435/924/2746 2437/718/1836
f 2438/743/1748 2437/718/1748 2441/912/1747
f 2441/912/1747 2437/718/1748 2440/715/1747
f 2442/737/1747 2439/735/1748 2438/743/1748
f 2438/743/1836 2439/735/1836 2436/906/2705
f 2442/737/1747 2438/743/1748 2441/912/1747
f 2459/997/258 2443/953/812 2460/998/2747
f 2460/998/253 2443/953/2748 2444/952/250
f 2460/998/253 2444/952/252 2465/999/249
f 2465/999/2749 2444/952/810 2445/973/244
f 2465/999/887 2445/973/244 2470/1000/243
f 2470/1000/246 2445/973/245 2446/972/845
f 2470/1000/846 2446/972/239 2475/1001/240
f 2475/1001/1314 2446/972/845 2447/971/236
f 2475/1001/235 2447/971/1252 2480/1002/234
f 2480/1002/231 2447/971/1252 2448/970/230
f 2480/1002/229 2448/970/227 2450/1003/228
f 2450/1003/843 2448/970/227 2449/969/224
f 2450/1003/340 2451/1004/6 2480/1002/229
f 2480/1002/342 2451/1004/344 2481/1005/345
f 2480/1002/342 2481/1005/882 2475/1001/883
f 2475/1001/2750 2481/1005/1258 2476/1006/2751
f 2475/1001/2752 2476/1006/351 2470/1000/353
f 2470/1000/353 2476/1006/1112 2471/1007/886
f 2470/1000/355 2471/1007/471 2465/999/358
f 2465/999/887 2471/1007/356 2466/1008/360
f 2465/999/357 2466/1008/363 2460/998/362
f 2460/998/365 2466/1008/2753 2461/1009/364
f 2460/998/365 2461/1009/2754 2459/997/370
f 2459/997/370 2461/1009/366 2458/1010/1260
f 2458/1010/483 2461/1009/480 2462/1011/979
f 2458/1010/1149 2462/1011/936 2457/1012/2755
f 2457/1012/1185 2462/1011/979 2463/1013/602
f 2457/1012/485 2463/1013/602 2456/1014/603
f 2456/1014/698 2463/1013/1211 2464/1015/2756
f 2456/1014/605 2464/1015/700 2455/1016/701
f 2455/1016/299 2464/1015/302 327/1017/74
f 2455/1016/2646 327/1017/294 326/1018/294
f 2451/1004/7 2452/1019/9 2481/1005/457
f 2481/1005/345 2452/1019/134 2482/1020/459
f 2481/1005/1111 2482/1020/1144 2476/1006/884
f 2476/1006/884 2482/1020/461 2477/1021/2757
f 2476/1006/466 2477/1021/930 2471/1007/468
f 2471/1007/469 2477/1021/467 2472/1022/590
f 2471/1007/931 2472/1022/474 2466/1008/476
f 2466/1008/1371 2472/1022/472 2467/1023/1372
f 2466/1008/933 2467/1023/934 2461/1009/480
f 2461/1009/364 2467/1023/1270 2462/1011/479
f 2452/1019/118 2453/1024/10 2482/1020/578
f 2482/1020/579 2453/1024/115 2483/1025/586
f 2482/1020/972 2483/1025/586 2477/1021/584
f 2477/1021/2758 2483/1025/583 2478/1026/973
f 2477/1021/1145 2478/1026/973 2472/1022/591
f 2472/1022/590 2478/1026/589 2473/1027/592
f 2472/1022/2759 2473/1027/2760 2467/1023/475
f 2467/1023/596 2473/1027/975 2468/1028/595
f 2467/1023/596 2468/1028/595 2462/1011/978
f 2462/1011/980 2468/1028/595 2463/1013/602
f 2453/1024/12 2454/1029/13 2483/1025/676
f 2483/1025/677 2454/1029/13 2484/1030/679
f 2483/1025/677 2484/1030/683 2478/1026/1025
f 2478/1026/681 2484/1030/679 2479/1031/686
f 2478/1026/1024 2479/1031/686 2473/1027/2761
f 2473/1027/688 2479/1031/684 2474/1032/689
f 2473/1027/975 2474/1032/689 2468/1028/599
f 2468/1028/691 2474/1032/1026 2469/1033/1027
f 2468/1028/2762 2469/1033/1027 2463/1013/696
f 2463/1013/696 2469/1033/695 2464/1015/700
f 2454/1029/112 332/1034/15 2484/1030/313
f 2484/1030/313 332/1034/15 331/1035/305
f 2484/1030/313 331/1035/74 2479/1031/309
f 2479/1031/309 331/1035/15 330/1036/15
f 2479/1031/309 330/1036/74 2474/1032/865
f 2474/1032/307 330/1036/15 329/1037/15
f 2474/1032/865 329/1037/15 2469/1033/304
f 2469/1033/306 329/1037/305 328/1038/294
f 2469/1033/306 328/1038/294 2464/1015/301
f 2464/1015/697 328/1038/294 327/1017/294
f 333/1039/15 332/1040/15 2339/1041/110
f 2339/1041/111 332/1040/15 2454/1042/112
f 2339/1041/2763 2454/1042/14 2340/1043/113
f 2340/1043/114 2454/1042/13 2453/1044/12
f 2340/1043/2764 2453/1044/115 2341/1045/116
f 2341/1045/119 2453/1044/2765 2452/1046/11
f 2341/1045/119 2452/1046/118 2342/1047/118
f 2342/1047/8 2452/1046/8 2343/1048/2766
f 2343/1048/121 2452/1046/2767 2451/1049/7
f 2343/1048/122 2451/1049/123 2344/1050/125
f 2344/1050/125 2451/1049/879 2450/1051/5
f 2344/1050/126 2450/1051/127 2345/1052/128
f 2345/1052/129 2450/1051/127 2346/1053/131
f 2346/1053/131 2450/1051/127 2449/1054/3
f 2346/1053/131 2449/1054/132 2347/36/132
f 2507/1055/804 2485/1056/803 2508/1057/2768
f 2508/1057/2768 2485/1056/803 2486/1058/803
f 2508/1057/2768 2486/1058/224 2513/1059/2769
f 2513/1059/2769 2486/1058/803 2487/1060/803
f 2513/1059/2769 2487/1060/224 2518/1061/2770
f 2518/1061/2771 2487/1060/803 2488/1062/803
f 2518/1061/2770 2488/1062/3 2523/1063/2772
f 2523/1063/2772 2488/1062/3 2489/1064/132
f 2523/1063/2772 2489/1064/3 2528/1065/2773
f 2528/1065/2774 2489/1064/132 2490/1066/132
f 2528/1065/2775 2490/1066/3 2492/1067/127
f 2492/1067/133 2490/1066/3 2491/1068/3
f 2492/1067/5 2493/1069/6 2528/1065/2776
f 2528/1065/2776 2493/1069/6 2529/1070/2777
f 2528/1065/2778 2529/1070/2777 2523/1063/2779
f 2523/1063/2780 2529/1070/2777 2524/1071/2781
f 2523/1063/2782 2524/1071/2783 2518/1061/2784
f 2518/1061/2785 2524/1071/2783 2519/1072/2786
f 2518/1061/2770 2519/1072/2787 2513/1059/2788
f 2513/1059/2789 2519/1072/2787 2514/1073/2790
f 2513/1059/2788 2514/1073/2791 2508/1057/2792
f 2508/1057/2792 2514/1073/2793 2509/1074/2794
f 2508/1057/2792 2509/1074/2794 2507/1055/805
f 2507/1055/805 2509/1074/2795 2506/1075/806
f 2506/1075/806 2509/1074/2796 2510/1076/2797
f 2506/1075/236 2510/1076/2798 2505/1077/845
f 2505/1077/238 2510/1076/2798 2511/1078/2799
f 2505/1077/242 2511/1078/2799 2504/1079/248
f 2504/1079/2800 2511/1078/2801 2512/1080/2802
f 2504/1079/809 2512/1080/2803 2503/1081/250
f 2503/1081/252 2512/1080/2804 2501/1082/367
f 2503/1081/252 2501/1082/367 2502/1083/254
f 2493/1069/7 2494/1084/9 2529/1070/2805
f 2529/1070/2806 2494/1084/458 2530/1085/2807
f 2529/1070/2808 2530/1085/2809 2524/1071/2810
f 2524/1071/2810 2530/1085/2811 2525/1086/2812
f 2524/1071/2813 2525/1086/2814 2519/1072/2815
f 2519/1072/2816 2525/1086/2817 2520/1087/2818
f 2519/1072/2819 2520/1087/2820 2514/1073/2821
f 2514/1073/2821 2520/1087/2820 2515/1088/2822
f 2514/1073/2823 2515/1088/2824 2509/1074/2825
f 2509/1074/2826 2515/1088/2824 2510/1076/2798
f 2494/1084/9 2495/1089/580 2530/1085/2811
f 2530/1085/2827 2495/1089/2828 2531/1090/2829
f 2530/1085/2830 2531/1090/2831 2525/1086/2832
f 2525/1086/2833 2531/1090/2831 2526/1091/2834
f 2525/1086/2833 2526/1091/2835 2520/1087/2836
f 2520/1087/2837 2526/1091/2838 2521/1092/2839
f 2520/1087/2837 2521/1092/2840 2515/1088/2841
f 2515/1088/2841 2521/1092/2840 2516/1093/2842
f 2515/1088/2841 2516/1093/2843 2510/1076/2844
f 2510/1076/2845 2516/1093/2846 2511/1078/2847
f 2495/1089/2848 2496/1094/678 2531/1090/2849
f 2531/1090/2850 2496/1094/678 2532/1095/2851
f 2531/1090/2850 2532/1095/2852 2526/1091/2853
f 2526/1091/2854 2532/1095/2855 2527/1096/2856
f 2526/1091/2857 2527/1096/2858 2521/1092/2859
f 2521/1092/2859 2527/1096/2860 2522/1097/2861
f 2521/1092/2862 2522/1097/2863 2516/1093/2864
f 2516/1093/2865 2522/1097/2866 2517/1098/2867
f 2516/1093/2868 2517/1098/2869 2511/1078/2847
f 2511/1078/2847 2517/1098/2869 2512/1080/2870
f 2496/1094/2871 342/1099/294 2532/1095/2872
f 2532/1095/2873 342/1099/294 2497/1100/863
f 2532/1095/2874 2497/1100/701 2527/1096/2875
f 2527/1096/2876 2497/1100/701 2498/1101/1213
f 2527/1096/2858 2498/1101/1213 2522/1097/2877
f 2522/1097/2878 2498/1101/603 2499/1102/485
f 2522/1097/2878 2499/1102/485 2517/1098/2879
f 2517/1098/2867 2499/1102/2880 2500/1103/2881
f 2517/1098/2882 2500/1103/895 2512/1080/2883
f 2512/1080/2884 2500/1103/2881 2501/1082/2885
f 2549/997/1446 2533/953/812 2550/998/2886
f 2550/998/2282 2533/953/2887 2534/952/1440
f 2550/998/2282 2534/952/814 2555/999/1441
f 2555/999/1441 2534/952/814 2535/973/1437
f 2555/999/1439 2535/973/1064 2560/1000/1438
f 2560/1000/1438 2535/973/1064 2536/972/1415
f 2560/1000/2475 2536/972/1066 2565/1001/2888
f 2565/1001/1430 2536/972/1431 2537/971/1429
f 2565/1001/2129 2537/971/2358 2570/1002/2357
f 2570/1002/1424 2537/971/1427 2538/970/2056
f 2570/1002/2889 2538/970/1422 2540/1003/2055
f 2540/1003/2055 2538/970/774 2539/969/1420
f 2540/1003/32 2541/1004/1722 2570/1002/1723
f 2570/1002/1723 2541/1004/2890 2571/1005/2128
f 2570/1002/2386 2571/1005/2128 2565/1001/2891
f 2565/1001/1728 2571/1005/2387 2566/1006/1731
f 2565/1001/1732 2566/1006/1733 2560/1000/1734
f 2560/1000/1734 2566/1006/1733 2561/1007/2490
f 2560/1000/1734 2561/1007/2131 2555/999/1739
f 2555/999/1739 2561/1007/2491 2556/1008/2132
f 2555/999/1739 2556/1008/1740 2550/998/2892
f 2550/998/1745 2556/1008/2893 2551/1009/2391
f 2550/998/2133 2551/1009/1832 2549/997/2894
f 2549/997/1446 2551/1009/2391 2548/1010/1748
f 2548/1010/1836 2551/1009/2415 2552/1011/2182
f 2548/1010/1837 2552/1011/2182 2547/1012/2185
f 2547/1012/1838 2552/1011/1933 2553/1013/1634
f 2547/1012/1937 2553/1013/1634 2546/1014/1938
f 2546/1014/1637 2553/1013/2895 2554/1015/1703
f 2546/1014/1636 2554/1015/1635 2545/1016/2040
f 2545/1016/1706 2554/1015/1702 1659/1017/1699
f 2545/1016/1707 1659/1017/1699 1658/1018/1699
f 2541/1004/34 2542/1019/54 2571/1005/1809
f 2571/1005/1809 2542/1019/2896 2572/1020/2411
f 2571/1005/1730 2572/1020/2171 2566/1006/2389
f 2566/1006/2389 2572/1020/2171 2567/1021/1818
f 2566/1006/2389 2567/1021/2897 2561/1007/1821
f 2561/1007/1822 2567/1021/2500 2562/1022/2176
f 2561/1007/1738 2562/1022/2412 2556/1008/2314
f 2556/1008/2175 2562/1022/2898 2557/1023/2899
f 2556/1008/1830 2557/1023/2900 2551/1009/1834
f 2551/1009/1832 2557/1023/1829 2552/1011/2901
f 2542/1019/54 2543/1024/37 2572/1020/2326
f 2572/1020/1915 2543/1024/2214 2573/1025/2443
f 2572/1020/2328 2573/1025/2443 2567/1021/1919
f 2567/1021/2173 2573/1025/1918 2568/1026/1920
f 2567/1021/1921 2568/1026/1922 2562/1022/1923
f 2562/1022/1924 2568/1026/2218 2563/1027/1927
f 2562/1022/1924 2563/1027/1927 2557/1023/1928
f 2557/1023/1930 2563/1027/2902 2558/1028/2460
f 2557/1023/1930 2558/1028/2460 2552/1011/2447
f 2552/1011/1933 2558/1028/1931 2553/1013/2223
f 2543/1024/38 2544/1029/39 2573/1025/1613
f 2573/1025/1614 2544/1029/2903 2574/1030/1619
f 2573/1025/1614 2574/1030/1619 2568/1026/1617
f 2568/1026/1621 2574/1030/1616 2569/1031/1622
f 2568/1026/1617 2569/1031/1620 2563/1027/2904
f 2563/1027/1623 2569/1031/2905 2564/1032/1626
f 2563/1027/2906 2564/1032/2459 2558/1028/2907
f 2558/1028/2908 2564/1032/1626 2559/1033/1630
f 2558/1028/2908 2559/1033/2256 2553/1013/1631
f 2553/1013/2461 2559/1033/2337 2554/1015/1635
f 2544/1029/58 1664/1034/41 2574/1030/1692
f 2574/1030/1692 1664/1034/41 1663/1035/41
f 2574/1030/1692 1663/1035/1690 2569/1031/1695
f 2569/1031/2385 1663/1035/41 1662/1036/41
f 2569/1031/1695 1662/1036/1696 2564/1032/2383
f 2564/1032/1697 1662/1036/41 1661/1037/41
f 2564/1032/1697 1661/1037/1696 2559/1033/1700
f 2559/1033/1700 1661/1037/1696 1660/1038/1696
f 2559/1033/1700 1660/1038/1699 2554/1015/1702
f 2554/1015/1702 1660/1038/1690 1659/1017/1690
f 1665/1039/41 1664/1040/41 2412/1041/2568
f 2412/1041/2569 1664/1040/41 2544/1042/58
f 2412/1041/2570 2544/1042/40 2413/1043/2571
f 2413/1043/2909 2544/1042/39 2543/1044/38
f 2413/1043/2909 2543/1044/55 2414/1045/2575
f 2414/1045/2576 2543/1044/2910 2542/1046/2578
f 2414/1045/2911 2542/1046/36 2415/1047/36
f 2415/1047/54 2542/1046/54 2416/1048/2912
f 2416/1048/2579 2542/1046/2913 2541/1049/34
f 2416/1048/2580 2541/1049/1990 2417/1050/2914
f 2417/1050/2581 2541/1049/33 2540/1051/32
f 2417/1050/2582 2540/1051/32 2418/1052/2583
f 2418/1052/2915 2540/1051/31 2419/1053/2916
f 2419/1053/2585 2540/1051/30 2539/1054/29
f 2419/1053/2585 2539/1054/29 2420/36/29
f 2591/925/1706 1673/926/1690 2592/927/2380
f 2592/927/2380 1673/926/1699 1672/928/1699
f 2592/927/2380 1672/928/1699 2597/929/1710
f 2597/929/1710 1672/928/1690 1671/930/1690
f 2597/929/1710 1671/930/1690 2602/931/1712
f 2602/931/2126 1671/930/1699 1670/932/1699
f 2602/931/1653 1670/932/1690 2607/933/1713
f 2607/933/1713 1670/932/1709 1669/934/1709
f 2607/933/1713 1669/934/42 2612/935/1716
f 2612/935/1716 1669/934/42 1668/936/42
f 2612/935/1716 1668/936/42 2575/937/59
f 2575/937/59 1668/936/42 1667/938/42
f 2575/937/44 2576/939/45 2612/935/1662
f 2612/935/1662 2576/939/2917 2613/940/1966
f 2612/935/2341 2613/940/1661 2607/933/1659
f 2607/933/1659 2613/940/1661 2608/941/1660
f 2607/933/2466 2608/941/1657 2602/931/1655
f 2602/931/1658 2608/941/1656 2603/942/1651
f 2602/931/1655 2603/942/1952 2597/929/1649
f 2597/929/1649 2603/942/1651 2598/943/1646
f 2597/929/2918 2598/943/2919 2592/927/1644
f 2592/927/2920 2598/943/1646 2593/944/2260
f 2592/927/2921 2593/944/2330 2591/925/2463
f 2591/925/1705 2593/944/2464 2590/945/1637
f 2590/945/2922 2593/944/2230 2594/946/1942
f 2590/945/1938 2594/946/1941 2589/947/1939
f 2589/947/2923 2594/946/1843 2595/948/1841
f 2589/947/2046 2595/948/2417 2588/949/1836
f 2588/949/2924 2595/948/1752 2596/950/2492
f 2588/949/1748 2596/950/1749 2587/951/1747
f 2587/951/2361 2596/950/2071 2585/952/1061
f 2587/951/1448 2585/952/1449 2586/953/1447
f 2576/939/1663 2577/954/2925 2613/940/1966
f 2613/940/1966 2577/954/2236 2614/955/2926
f 2613/940/2234 2614/955/1961 2608/941/1959
f 2608/941/1959 2614/955/2332 2609/956/1956
f 2608/941/2927 2609/956/1955 2603/942/1957
f 2603/942/1957 2609/956/2233 2604/957/2517
f 2603/942/1957 2604/957/1950 2598/943/1951
f 2598/943/1648 2604/957/1950 2599/958/2229
f 2598/943/1946 2599/958/1945 2593/944/1943
f 2593/944/1640 2599/958/2928 2594/946/2449
f 2577/954/2929 2578/959/49 2614/955/1868
f 2614/955/1863 2578/959/1867 2615/960/2193
f 2614/955/2930 2615/960/1861 2609/956/1859
f 2609/956/2931 2615/960/1861 2610/961/1767
f 2609/956/2422 2610/961/1767 2604/957/1855
f 2604/957/1853 2610/961/2189 2605/962/2932
f 2604/957/1855 2605/962/1761 2599/958/2933
f 2599/958/1849 2605/962/1851 2600/963/1850
f 2599/958/2934 2600/963/2935 2594/946/1843
f 2594/946/2936 2600/963/2187 2595/948/2937
f 2578/959/1773 2579/964/1771 2615/960/1772
f 2615/960/1864 2579/964/1771 2616/965/2144
f 2615/960/2494 2616/965/1471 2610/961/1765
f 2610/961/2938 2616/965/2144 2611/966/1468
f 2610/961/2939 2611/966/2303 2605/962/1761
f 2605/962/1760 2611/966/1762 2606/967/2076
f 2605/962/1760 2606/967/2076 2600/963/1757
f 2600/963/2140 2606/967/2394 2601/968/1756
f 2600/963/2940 2601/968/2941 2595/948/2942
f 2595/948/2183 2601/968/1753 2596/950/1751
f 2579/964/2284 2580/969/1473 2616/965/1471
f 2616/965/1474 2580/969/803 2581/970/1472
f 2616/965/2283 2581/970/1469 2611/966/1468
f 2611/966/1468 2581/970/1469 2582/971/844
f 2611/966/2077 2582/971/1464 2606/967/1463
f 2606/967/2478 2582/971/1055 2583/972/1462
f 2606/967/1461 2583/972/1057 2601/968/1460
f 2601/968/1460 2583/972/1459 2584/973/1457
f 2601/968/1456 2584/973/1454 2596/950/2071
f 2596/950/1455 2584/973/2943 2585/952/2072
f 2421/36/132 2580/974/132 2422/975/2944
f 2422/975/2944 2580/974/2 2579/976/2079
f 2422/975/2944 2579/976/2079 2423/977/2945
f 2423/977/2945 2579/976/51 2424/978/2946
f 2424/978/2947 2579/976/2948 2578/979/50
f 2424/978/2946 2578/979/2145 2425/980/2949
f 2425/980/2949 2578/979/49 2577/981/48
f 2425/980/2949 2577/981/2236 2426/982/2950
f 2426/982/2950 2577/981/2236 2427/983/2951
f 2427/983/2951 2577/981/1965 2576/984/46
f 2427/983/2952 2576/984/1663 2285/985/2953
f 2285/985/2954 2576/984/2955 2575/986/44
f 2285/985/2956 2575/986/43 2286/987/2957
f 2286/987/2957 2575/986/43 2287/988/2958
f 2287/988/2958 2575/986/59 1667/989/42
f 2287/988/2958 1667/989/42 2288/990/2959
f 2288/990/2959 1667/989/1690 1666/991/1690
f 2288/990/2959 1666/991/1690 2289/992/1690
f 2289/992/1690 1666/991/1690 2290/993/2960
f 2290/993/2961 1666/991/2111 2291/994/2962
f 2291/994/2963 1666/991/41 2292/995/2964
f 2292/995/2965 1666/991/2966 2293/996/2967
f 2448/1104/226 2617/1105/226 2449/1106/803
f 2449/1106/803 2617/1105/226 2618/1107/226
f 2449/1106/132 2618/1107/1242 2619/1108/1242
f 2619/1108/805 2618/1107/805 2625/1109/233
f 2619/1108/805 2625/1109/233 2626/1110/233
f 2626/1110/806 2625/1109/806 2632/1111/239
f 2626/1110/806 2632/1111/239 2633/1112/239
f 2633/1112/238 2632/1111/238 2639/1113/808
f 2633/1112/238 2639/1113/808 2640/1114/808
f 2640/1114/1058 2639/1113/1058 2646/1115/1061
f 2640/1114/1058 2646/1115/1061 2585/1116/1061
f 2585/1116/1243 2646/1115/1243 2586/1117/812
f 2586/1117/812 2646/1115/1243 2645/1118/1243
f 2586/1117/812 2645/1118/811 2644/1119/811
f 2644/1119/1061 2645/1118/1061 2638/1120/1058
f 2644/1119/1094 2638/1120/248 2637/1121/248
f 2637/1121/248 2638/1120/248 2631/1122/807
f 2637/1121/248 2631/1122/807 2630/1123/807
f 2630/1123/239 2631/1122/239 2624/1124/806
f 2630/1123/238 2624/1124/1055 2623/1125/1055
f 2623/1125/233 2624/1124/233 2617/1105/805
f 2623/1125/233 2617/1105/805 2448/1104/805
f 2448/1104/805 2447/1126/233 2623/1125/233
f 2623/1125/1055 2447/1126/1055 2629/1127/238
f 2623/1125/806 2629/1127/239 2630/1123/239
f 2630/1123/238 2629/1127/238 2636/1128/808
f 2630/1123/238 2636/1128/808 2637/1121/808
f 2637/1121/1058 2636/1128/1058 2643/1129/1061
f 2637/1121/1058 2643/1129/1061 2644/1119/1061
f 2644/1119/2968 2643/1129/2968 2586/1117/1412
f 2447/1126/806 2446/1130/239 2629/1127/239
f 2629/1127/238 2446/1130/238 2635/1131/808
f 2629/1127/807 2635/1131/248 2636/1128/248
f 2636/1128/248 2635/1131/248 2642/1132/1094
f 2636/1128/248 2642/1132/1094 2643/1129/1094
f 2643/1129/2968 2642/1132/2968 2443/1133/1412
f 2643/1129/1094 2443/1133/2969 2586/1117/2969
f 2446/1130/807 2445/1134/248 2635/1131/248
f 2635/1131/248 2445/1134/248 2641/1135/1094
f 2635/1131/1058 2641/1135/1061 2642/1132/1061
f 2642/1132/1243 2641/1135/1243 2443/1133/812
f 2445/1134/1058 2444/1136/1061 2641/1135/1061
f 2641/1135/1243 2444/1136/1243 2443/1133/812
f 2585/1116/1094 2584/1137/248 2640/1114/248
f 2640/1114/248 2584/1137/248 2634/1138/807
f 2640/1114/248 2634/1138/807 2633/1112/807
f 2633/1112/239 2634/1138/239 2627/1139/806
f 2633/1112/238 2627/1139/1055 2626/1110/1055
f 2626/1110/233 2627/1139/233 2620/1140/805
f 2626/1110/233 2620/1140/805 2619/1108/805
f 2619/1108/1242 2620/1140/1242 2449/1106/132
f 2584/1137/808 2583/1141/238 2634/1138/238
f 2634/1138/239 2583/1141/239 2628/1142/806
f 2634/1138/238 2628/1142/1055 2627/1139/1055
f 2627/1139/233 2628/1142/233 2621/1143/805
f 2627/1139/233 2621/1143/805 2620/1140/805
f 2620/1140/1242 2621/1143/1242 2580/1144/132
f 2620/1140/226 2580/1144/803 2449/1106/803
f 2583/1141/238 2582/1145/1055 2628/1142/1055
f 2628/1142/233 2582/1145/233 2622/1146/805
f 2628/1142/233 2622/1146/805 2621/1143/805
f 2621/1143/226 2622/1146/226 2580/1144/803
f 2582/1145/233 2581/1147/805 2622/1146/805
f 2622/1146/226 2581/1147/226 2580/1144/803
f 2625/1109/233 2618/1107/805 2624/1124/233
f 2624/1124/233 2618/1107/805 2617/1105/805
f 2632/1111/238 2625/1109/1055 2631/1122/238
f 2631/1122/238 2625/1109/1055 2624/1124/1055
f 2639/1113/248 2632/1111/807 2638/1120/248
f 2638/1120/808 2632/1111/238 2631/1122/238
f 2646/1115/1094 2639/1113/248 2645/1118/1094
f 2645/1118/1094 2639/1113/248 2638/1120/248
f 2669/325/259 2647/324/257 2670/323/2970
f 2670/323/2971 2647/324/2972 2648/322/2973
f 2670/323/2974 2648/322/1114 2675/321/2975
f 2675/321/2976 2648/322/368 2649/320/369
f 2675/321/2977 2649/320/937 2680/319/2978
f 2680/319/2979 2649/320/1151 2650/318/940
f 2680/319/2980 2650/318/485 2685/317/2981
f 2685/317/2982 2650/318/940 2651/316/2660
f 2685/317/2983 2651/316/1215 2690/315/2984
f 2690/315/2985 2651/316/605 2652/314/701
f 2690/315/2986 2652/314/299 2653/313/156
f 2653/313/2987 2652/314/2988 325/312/289
f 2653/313/725 2654/384/1353 2690/315/2989
f 2690/315/2990 2654/384/724 2691/385/2991
f 2690/315/2992 2691/385/2993 2685/317/2994
f 2685/317/2995 2691/385/2996 2686/386/2997
f 2685/317/2998 2686/386/2999 2680/319/3000
f 2680/319/3001 2686/386/3002 2681/387/3003
f 2680/319/3004 2681/387/3005 2675/321/3006
f 2675/321/3007 2681/387/3008 2676/388/3009
f 2675/321/3010 2676/388/3011 2670/323/2971
f 2670/323/3012 2676/388/3013 2671/389/3014
f 2670/323/2971 2671/389/3015 2669/325/263
f 2669/325/260 2671/389/3016 2668/390/266
f 2668/390/1097 2671/389/3017 2672/414/3018
f 2668/390/268 2672/414/3019 2667/415/1065
f 2667/415/1415 2672/414/3020 2673/439/3021
f 2667/415/816 2673/439/3022 2666/440/275
f 2666/440/817 2673/439/3023 2674/351/3024
f 2666/440/817 2674/351/3024 2665/349/281
f 2665/349/776 2674/351/3025 2663/350/775
f 2665/349/774 2663/350/775 2664/348/775
f 2654/384/20 2655/409/627 2691/385/3026
f 2691/385/3027 2655/409/995 2692/410/3028
f 2691/385/2993 2692/410/3029 2686/386/3002
f 2686/386/3030 2692/410/3031 2687/411/3032
f 2686/386/3033 2687/411/3034 2681/387/3035
f 2681/387/3003 2687/411/3036 2682/412/3037
f 2681/387/3038 2682/412/3039 2676/388/3013
f 2676/388/3040 2682/412/3041 2677/413/3042
f 2676/388/3013 2677/413/3043 2671/389/3014
f 2671/389/3014 2677/413/3043 2672/414/3044
f 2655/409/157 2656/434/23 2692/410/3045
f 2692/410/3046 2656/434/23 2693/435/3047
f 2692/410/3048 2693/435/3049 2687/411/3034
f 2687/411/3034 2693/435/3049 2688/436/3050
f 2687/411/3051 2688/436/3052 2682/412/3053
f 2682/412/3054 2688/436/3055 2683/437/3056
f 2682/412/3057 2683/437/3058 2677/413/3059
f 2677/413/3042 2683/437/3060 2678/438/3061
f 2677/413/3043 2678/438/3062 2672/414/3020
f 2672/414/3063 2678/438/3064 2673/439/3065
f 2656/434/24 2657/361/25 2693/435/3066
f 2693/435/3067 2657/361/25 2694/359/3068
f 2693/435/3066 2694/359/3068 2688/436/3069
f 2688/436/3070 2694/359/3071 2689/357/3072
f 2688/436/3073 2689/357/3074 2683/437/3075
f 2683/437/3076 2689/357/3077 2684/355/3078
f 2683/437/3079 2684/355/3080 2678/438/3081
f 2678/438/3081 2684/355/3080 2679/353/3082
f 2678/438/3083 2679/353/3084 2673/439/3085
f 2673/439/3023 2679/353/3084 2674/351/3024
f 2657/361/28 2658/360/27 2694/359/3086
f 2694/359/3087 2658/360/27 2659/358/27
f 2694/359/3086 2659/358/27 2689/357/3088
f 2689/357/3089 2659/358/27 2660/356/27
f 2689/357/3088 2660/356/160 2684/355/3090
f 2684/355/3091 2660/356/27 2661/354/27
f 2684/355/3091 2661/354/775 2679/353/3092
f 2679/353/3093 2661/354/775 2662/352/160
f 2679/353/3092 2662/352/775 2674/351/3094
f 2674/351/3094 2662/352/775 2663/350/775
f 2696/1148/127 2701/1149/127 2695/1150/3
f 2695/1150/3 2701/1149/127 2702/1151/127
f 2695/1150/3 2702/1151/4 2703/1152/4
f 2703/1152/5 2702/1151/5 2707/1153/6
f 2703/1152/5 2707/1153/6 2708/1154/6
f 2708/1154/7 2707/1153/7 2712/1155/134
f 2708/1154/7 2712/1155/134 2494/1156/134
f 2494/1156/11 2712/1155/11 2495/1157/10
f 2495/1157/10 2712/1155/11 2716/1158/10
f 2495/1157/12 2716/1158/12 2496/1159/13
f 2496/1159/13 2716/1158/12 2720/1160/13
f 2496/1159/112 2720/1160/112 342/1161/15
f 342/1161/15 2720/1160/112 2719/1162/112
f 342/1161/15 2719/1162/112 2718/1163/112
f 2718/1163/13 2719/1162/13 2714/1164/12
f 2718/1163/13 2714/1164/12 2713/1165/12
f 2713/1165/10 2714/1164/10 2709/1166/11
f 2713/1165/10 2709/1166/11 2698/1167/11
f 2698/1167/134 2709/1166/134 2697/1168/7
f 2697/1168/7 2709/1166/134 2705/1169/7
f 2697/1168/6 2705/1169/6 2696/1148/5
f 2696/1148/5 2705/1169/6 2701/1149/5
f 2698/1167/11 2699/1170/10 2713/1165/10
f 2713/1165/12 2699/1170/12 2717/1171/13
f 2713/1165/12 2717/1171/13 2718/1163/13
f 2718/1163/112 2717/1171/112 343/1172/15
f 2718/1163/112 343/1172/15 342/1161/15
f 2699/1170/12 2700/1173/13 2717/1171/13
f 2717/1171/112 2700/1173/112 343/1172/15
f 2494/1156/134 2493/1174/7 2708/1154/7
f 2708/1154/6 2493/1174/6 2704/1175/5
f 2708/1154/6 2704/1175/5 2703/1152/5
f 2703/1152/127 2704/1175/127 2491/1176/3
f 2703/1152/133 2491/1176/3 2695/1150/3
f 2493/1174/6 2492/1177/5 2704/1175/5
f 2704/1175/127 2492/1177/127 2491/1176/3
f 2702/1151/5 2701/1149/5 2706/1178/6
f 2706/1178/6 2701/1149/5 2705/1169/6
f 2706/1178/7 2705/1169/7 2710/1179/134
f 2710/1179/134 2705/1169/7 2709/1166/134
f 2710/1179/11 2709/1166/11 2714/1164/10
f 2702/1151/5 2706/1178/6 2707/1153/6
f 2707/1153/7 2706/1178/7 2711/1180/134
f 2707/1153/7 2711/1180/134 2712/1155/134
f 2712/1155/11 2711/1180/11 2716/1158/10
f 2711/1180/134 2706/1178/7 2710/1179/134
f 2711/1180/11 2710/1179/11 2715/1181/10
f 2715/1181/10 2710/1179/11 2714/1164/10
f 2715/1181/12 2714/1164/12 2719/1162/13
f 2720/1160/13 2716/1158/12 2715/1181/12
f 2715/1181/10 2716/1158/10 2711/1180/11
f 2720/1160/13 2715/1181/12 2719/1162/13
f 1221/1182/257 1220/1183/258 2725/1184/811
f 2725/1184/252 1220/1183/367 2730/1185/251
f 2725/1184/252 2730/1185/253 2724/1186/1058
f 2724/1186/244 2730/1185/3095 2735/1187/887
f 2724/1186/248 2735/1187/847 2723/1188/807
f 2723/1188/845 2735/1187/887 2740/1189/243
f 2723/1188/3096 2740/1189/846 2722/1190/1055
f 2722/1190/232 2740/1189/3097 2745/1191/240
f 2722/1190/232 2745/1191/235 2721/1192/805
f 2721/1192/226 2745/1191/235 2750/1193/234
f 2721/1192/227 2750/1193/1312 2695/1194/224
f 2695/1194/132 2750/1193/3098 2696/1195/133
f 2696/1195/340 2750/1193/342 2749/1196/345
f 2696/1195/228 2749/1196/880 2697/1197/6
f 2697/1197/7 2749/1196/457 2748/1198/3099
f 2697/1197/344 2748/1198/459 2698/1199/458
f 2698/1199/456 2748/1198/579 2747/1200/581
f 2698/1199/11 2747/1200/586 2699/1201/115
f 2699/1201/12 2747/1200/676 2746/1202/679
f 2699/1201/12 2746/1202/679 2700/1203/13
f 2700/1203/14 2746/1202/680 344/1204/15
f 2700/1203/14 344/1204/15 343/1205/15
f 1220/1183/370 1219/1206/1149 2730/1185/365
f 2730/1185/365 1219/1206/1149 2729/1207/366
f 2730/1185/365 2729/1207/891 2735/1187/357
f 2735/1187/3100 2729/1207/2754 2734/1208/3101
f 2735/1187/358 2734/1208/360 2740/1189/355
f 2740/1189/353 2734/1208/889 2739/1209/354
f 2740/1189/353 2739/1209/886 2745/1191/350
f 2745/1191/350 2739/1209/468 2744/1210/1112
f 2745/1191/883 2744/1210/3102 2750/1193/342
f 2750/1193/342 2744/1210/3103 2749/1196/882
f 1219/1206/937 1218/1211/1273 2729/1207/2754
f 2729/1207/480 1218/1211/1185 2728/1212/979
f 2729/1207/2754 2728/1212/479 2734/1208/933
f 2734/1208/476 2728/1212/935 2733/1213/475
f 2734/1208/363 2733/1213/1270 2739/1209/471
f 2739/1209/471 2733/1213/1270 2738/1214/472
f 2739/1209/469 2738/1214/470 2744/1210/3104
f 2744/1210/884 2738/1214/470 2743/1215/2757
f 2744/1210/884 2743/1215/928 2749/1196/1111
f 2749/1196/925 2743/1215/1145 2748/1198/461
f 1218/1211/485 1217/1216/1186 2728/1212/979
f 2728/1212/597 1217/1216/1186 2727/1217/602
f 2728/1212/980 2727/1217/600 2733/1213/596
f 2733/1213/596 2727/1217/600 2732/1218/599
f 2733/1213/594 2732/1218/595 2738/1214/974
f 2738/1214/3105 2732/1218/595 2737/1219/2760
f 2738/1214/591 2737/1219/1178 2743/1215/584
f 2743/1215/1177 2737/1219/592 2742/1220/589
f 2743/1215/584 2742/1220/973 2748/1198/972
f 2748/1198/971 2742/1220/973 2747/1200/586
f 1217/1216/698 1216/1221/863 2727/1217/696
f 2727/1217/1211 1216/1221/701 2726/1222/700
f 2727/1217/696 2726/1222/697 2732/1218/691
f 2732/1218/3106 2726/1222/700 2731/1223/695
f 2732/1218/691 2731/1223/1027 2737/1219/688
f 2737/1219/3107 2731/1223/1027 2736/1224/689
f 2737/1219/687 2736/1224/690 2742/1220/1025
f 2742/1220/685 2736/1224/1026 2741/1225/684
f 2742/1220/1025 2741/1225/686 2747/1200/677
f 2747/1200/3108 2741/1225/684 2746/1202/683
f 1216/1221/863 349/1226/294 2726/1222/1212
f 2726/1222/302 349/1226/74 348/1227/74
f 2726/1222/697 348/1227/294 2731/1223/306
f 2731/1223/304 348/1227/74 347/1228/74
f 2731/1223/306 347/1228/74 2736/1224/308
f 2736/1224/308 347/1228/74 346/1229/15
f 2736/1224/307 346/1229/294 2741/1225/309
f 2741/1225/309 346/1229/305 345/1230/294
f 2741/1225/3109 345/1230/305 2746/1202/3110
f 2746/1202/311 345/1230/15 344/1204/15
f 2751/30/160 2752/1231/162 2761/1232/774
f 2761/1232/774 2752/1231/3111 2766/1233/818
f 2761/1232/281 2766/1233/858 2760/1234/817
f 2760/1234/2670 2766/1233/161 2771/1235/1257
f 2760/1234/274 2771/1235/3112 2759/1236/1415
f 2759/1236/816 2771/1235/1256 2776/1237/856
f 2759/1236/270 2776/1237/3113 2758/1238/265
f 2758/1238/268 2776/1237/900 2781/1239/269
f 2758/1238/268 2781/1239/3114 2757/1240/263
f 2757/1240/263 2781/1239/267 2786/1241/3115
f 2757/1240/1063 2786/1241/3116 1222/1182/257
f 1222/1182/1317 2786/1241/262 1223/1183/849
f 1223/1183/1114 2786/1241/897 2785/1242/896
f 1223/1183/1114 2785/1242/896 1224/1206/895
f 1224/1206/1151 2785/1242/939 2784/1243/941
f 1224/1206/482 2784/1243/489 1225/1211/488
f 1225/1211/940 2784/1243/985 2783/1244/607
f 1225/1211/983 2783/1244/607 1226/1216/2660
f 1226/1216/698 2783/1244/3117 2782/1245/703
f 1226/1216/605 2782/1245/703 1227/1221/2659
f 1227/1221/299 2782/1245/3118 319/1246/74
f 1227/1221/863 319/1246/294 318/1226/294
f 2752/1231/25 2753/1247/397 2766/1233/904
f 2766/1233/904 2753/1247/397 2765/1248/1121
f 2766/1233/392 2765/1248/1120 2771/1235/390
f 2771/1235/390 2765/1248/507 2770/1249/503
f 2771/1235/387 2770/1249/902 2776/1237/385
f 2776/1237/385 2770/1249/389 2775/1250/386
f 2776/1237/385 2775/1250/386 2781/1239/3119
f 2781/1239/379 2775/1250/1375 2780/1251/383
f 2781/1239/376 2780/1251/899 2786/1241/372
f 2786/1241/897 2780/1251/3120 2785/1242/375
f 2753/1247/513 2754/1252/1159 2765/1248/511
f 2765/1248/511 2754/1252/22 2764/1253/949
f 2765/1248/507 2764/1253/3121 2770/1249/1157
f 2770/1249/947 2764/1253/510 2769/1254/509
f 2770/1249/3122 2769/1254/2666 2775/1250/945
f 2775/1250/945 2769/1254/505 2774/1255/504
f 2775/1250/1375 2774/1255/1155 2780/1251/1374
f 2780/1251/492 2774/1255/944 2779/1256/497
f 2780/1251/492 2779/1256/495 2785/1242/3123
f 2785/1242/490 2779/1256/3124 2784/1243/494
f 2754/1252/57 2755/1257/149 2764/1253/994
f 2764/1253/625 2755/1257/20 2763/1258/996
f 2764/1253/993 2763/1258/624 2769/1254/991
f 2769/1254/509 2763/1258/624 2768/1259/622
f 2769/1254/619 2768/1259/621 2774/1255/501
f 2774/1255/1189 2768/1259/622 2773/1260/3125
f 2774/1255/614 2773/1260/989 2779/1256/987
f 2779/1256/987 2773/1260/617 2778/1261/613
f 2779/1256/986 2778/1261/611 2784/1243/3126
f 2784/1243/608 2778/1261/611 2783/1244/607
f 2755/1257/19 2756/1262/18 2763/1258/722
f 2763/1258/720 2756/1262/725 2762/1263/723
f 2763/1258/720 2762/1263/721 2768/1259/718
f 2768/1259/1192 2762/1263/1039 2767/1264/719
f 2768/1259/1036 2767/1264/719 2773/1260/708
f 2773/1260/708 2767/1264/1037 2772/1265/716
f 2773/1260/708 2772/1265/859 2778/1261/706
f 2778/1261/706 2772/1265/716 2777/1266/707
f 2778/1261/706 2777/1266/295 2783/1244/1029
f 2783/1244/607 2777/1266/1220 2782/1245/3127
f 2756/1262/285 324/938/16 2762/1263/287
f 2762/1263/3128 324/938/16 323/1267/16
f 2762/1263/287 323/1267/16 2767/1264/290
f 2767/1264/290 323/1267/289 322/1268/16
f 2767/1264/3129 322/1268/16 2772/1265/292
f 2772/1265/859 322/1268/289 321/1269/289
f 2772/1265/1106 321/1269/289 2777/1266/1221
f 2777/1266/293 321/1269/16 320/1270/74
f 2777/1266/3130 320/1270/294 2782/1245/296
f 2782/1245/298 320/1270/74 319/1246/74
f 2756/1148/156 2787/1149/156 324/1150/16
f 324/1150/16 2787/1149/156 2788/1151/156
f 324/1150/16 2788/1151/156 2789/1152/156
f 2789/1152/18 2788/1151/18 2793/1153/19
f 2789/1152/18 2793/1153/19 2794/1154/19
f 2794/1154/20 2793/1153/20 2798/1155/21
f 2794/1154/20 2798/1155/57 2655/1156/57
f 2655/1156/157 2798/1155/157 2656/1157/23
f 2656/1157/23 2798/1155/157 2802/1158/23
f 2656/1157/24 2802/1158/24 2657/1159/25
f 2657/1159/25 2802/1158/24 2806/1160/25
f 2657/1159/137 2806/1160/137 2658/1161/27
f 2658/1161/27 2806/1160/137 2805/1162/137
f 2658/1161/27 2805/1162/26 2804/1163/26
f 2804/1163/25 2805/1162/25 2800/1164/24
f 2804/1163/25 2800/1164/24 2799/1165/24
f 2799/1165/23 2800/1164/23 2795/1166/157
f 2799/1165/23 2795/1166/157 2754/1167/157
f 2754/1167/57 2795/1166/57 2755/1168/20
f 2755/1168/20 2795/1166/21 2791/1169/20
f 2755/1168/19 2791/1169/19 2756/1148/18
f 2756/1148/18 2791/1169/19 2787/1149/18
f 2754/1167/157 2753/1170/23 2799/1165/23
f 2799/1165/24 2753/1170/24 2803/1171/25
f 2799/1165/24 2803/1171/25 2804/1163/25
f 2804/1163/137 2803/1171/137 2751/1172/27
f 2804/1163/28 2751/1172/27 2658/1161/27
f 2753/1170/24 2752/1173/25 2803/1171/25
f 2803/1171/137 2752/1173/137 2751/1172/27
f 2655/1156/21 2654/1174/20 2794/1154/20
f 2794/1154/19 2654/1174/19 2790/1175/18
f 2794/1154/19 2790/1175/18 2789/1152/18
f 2789/1152/156 2790/1175/156 325/1176/16
f 2789/1152/156 325/1176/16 324/1150/16
f 2654/1174/19 2653/1177/18 2790/1175/18
f 2790/1175/156 2653/1177/156 325/1176/16
f 2788/1151/18 2787/1149/18 2792/1178/19
f 2792/1178/19 2787/1149/18 2791/1169/19
f 2792/1178/20 2791/1169/20 2796/1179/21
f 2796/1179/57 2791/1169/20 2795/1166/57
f 2796/1179/157 2795/1166/157 2800/1164/23
f 2788/1151/18 2792/1178/19 2793/1153/19
f 2793/1153/20 2792/1178/20 2797/1180/21
f 2793/1153/20 2797/1180/57 2798/1155/57
f 2798/1155/157 2797/1180/157 2802/1158/23
f 2797/1180/57 2792/1178/20 2796/1179/57
f 2797/1180/157 2796/1179/157 2801/1181/23
f 2801/1181/23 2796/1179/157 2800/1164/23
f 2801/1181/24 2800/1164/24 2805/1162/25
f 2806/1160/25 2802/1158/24 2801/1181/24
f 2801/1181/23 2802/1158/23 2797/1180/157
f 2806/1160/25 2801/1181/24 2805/1162/25
f 2829/325/2070 2807/324/2045 2830/323/3131
f 2830/323/3132 2807/324/3133 2808/322/3134
f 2830/323/3135 2808/322/2135 2835/321/3136
f 2835/321/3137 2808/322/1747 2809/320/1748
f 2835/321/3138 2809/320/1836 2840/319/3139
f 2840/319/3140 2809/320/1839 2810/318/1842
f 2840/319/3141 2810/318/1838 2845/317/3142
f 2845/317/3143 2810/318/3144 2811/316/3145
f 2845/317/3146 2811/316/3147 2850/315/3148
f 2850/315/3149 2811/316/1636 2812/314/2040
f 2850/315/3150 2812/314/3151 2813/313/43
f 2813/313/3152 2812/314/3153 1657/312/1709
f 2813/313/44 2814/384/45 2850/315/3154
f 2850/315/3148 2814/384/2917 2851/385/3155
f 2850/315/3148 2851/385/3156 2845/317/3157
f 2845/317/3158 2851/385/3159 2846/386/3160
f 2845/317/3161 2846/386/3162 2840/319/3163
f 2840/319/3164 2846/386/3165 2841/387/3166
f 2840/319/3167 2841/387/3168 2835/321/3169
f 2835/321/3170 2841/387/3171 2836/388/3172
f 2835/321/3173 2836/388/3174 2830/323/3175
f 2830/323/3175 2836/388/3176 2831/389/3177
f 2830/323/3178 2831/389/3179 2829/325/2072
f 2829/325/1061 2831/389/3179 2828/390/1454
f 2828/390/2073 2831/389/3180 2832/414/3181
f 2828/390/1457 2832/414/3182 2827/415/1459
f 2827/415/1462 2832/414/3181 2833/439/3183
f 2827/415/239 2833/439/3184 2826/440/1055
f 2826/440/233 2833/439/3185 2834/351/3186
f 2826/440/844 2834/351/3186 2825/349/805
f 2825/349/1242 2834/351/3187 2823/350/803
f 2825/349/226 2823/350/803 2824/348/803
f 2814/384/46 2815/409/2236 2851/385/3188
f 2851/385/3188 2815/409/2236 2852/410/3189
f 2851/385/3190 2852/410/3191 2846/386/3192
f 2846/386/3193 2852/410/3194 2847/411/3195
f 2846/386/3196 2847/411/3197 2841/387/3198
f 2841/387/3166 2847/411/3199 2842/412/3200
f 2841/387/3201 2842/412/3202 2836/388/3203
f 2836/388/3204 2842/412/3205 2837/413/3206
f 2836/388/3207 2837/413/3208 2831/389/3209
f 2831/389/3210 2837/413/3208 2832/414/3211
f 2815/409/2194 2816/434/2145 2852/410/3212
f 2852/410/3213 2816/434/49 2853/435/3214
f 2852/410/3215 2853/435/3216 2847/411/3197
f 2847/411/3197 2853/435/3216 2848/436/3217
f 2847/411/3218 2848/436/3219 2842/412/3220
f 2842/412/3220 2848/436/3219 2843/437/3221
f 2842/412/3222 2843/437/3223 2837/413/3224
f 2837/413/3225 2843/437/3221 2838/438/3226
f 2837/413/3208 2838/438/3227 2832/414/3211
f 2832/414/3228 2838/438/3229 2833/439/3230
f 2816/434/1773 2817/361/1771 2853/435/3231
f 2853/435/3231 2817/361/51 2854/359/3232
f 2853/435/3231 2854/359/3233 2848/436/3234
f 2848/436/3235 2854/359/3236 2849/357/3237
f 2848/436/3238 2849/357/3239 2843/437/3240
f 2843/437/3241 2849/357/3242 2844/355/3243
f 2843/437/3240 2844/355/3244 2838/438/3245
f 2838/438/3245 2844/355/3244 2839/353/3246
f 2838/438/3247 2839/353/3248 2833/439/3249
f 2833/439/3250 2839/353/3251 2834/351/3186
f 2817/361/2079 2818/360/2 2854/359/3252
f 2854/359/3253 2818/360/2 2819/358/2
f 2854/359/3253 2819/358/2 2849/357/3239
f 2849/357/3254 2819/358/2 2820/356/2
f 2849/357/3239 2820/356/1473 2844/355/3255
f 2844/355/3256 2820/356/132 2821/354/132
f 2844/355/3257 2821/354/1473 2839/353/3248
f 2839/353/3248 2821/354/803 2822/352/803
f 2839/353/3248 2822/352/803 2834/351/3258
f 2834/351/3258 2822/352/803 2823/350/803
f 2877/1055/774 2855/1056/775 2878/1057/3259
f 2878/1057/3260 2855/1056/775 2856/1058/775
f 2878/1057/3259 2856/1058/775 2883/1059/3261
f 2883/1059/3261 2856/1058/775 2857/1060/775
f 2883/1059/3262 2857/1060/775 2888/1061/3263
f 2888/1061/3264 2857/1060/1420 2858/1062/775
f 2888/1061/3265 2858/1062/29 2893/1063/3266
f 2893/1063/3267 2858/1062/29 2859/1064/1420
f 2893/1063/3268 2859/1064/29 2898/1065/3269
f 2898/1065/3269 2859/1064/29 2860/1066/29
f 2898/1065/3270 2860/1066/29 2862/1067/31
f 2862/1067/30 2860/1066/29 2861/1068/29
f 2862/1067/32 2863/1069/33 2898/1065/3271
f 2898/1065/3272 2863/1069/33 2899/1070/3273
f 2898/1065/3271 2899/1070/3274 2893/1063/3275
f 2893/1063/3276 2899/1070/3277 2894/1071/3278
f 2893/1063/3279 2894/1071/3280 2888/1061/3281
f 2888/1061/3282 2894/1071/3283 2889/1072/3284
f 2888/1061/3285 2889/1072/3284 2883/1059/3286
f 2883/1059/3286 2889/1072/3284 2884/1073/3287
f 2883/1059/3288 2884/1073/3289 2878/1057/3260
f 2878/1057/3290 2884/1073/3289 2879/1074/3291
f 2878/1057/3260 2879/1074/3291 2877/1055/280
f 2877/1055/2056 2879/1074/3292 2876/1075/2358
f 2876/1075/275 2879/1074/3293 2880/1076/3294
f 2876/1075/1067 2880/1076/3295 2875/1077/1415
f 2875/1077/1065 2880/1076/3296 2881/1078/3297
f 2875/1077/1415 2881/1078/3297 2874/1079/2061
f 2874/1079/3298 2881/1078/3299 2882/1080/3300
f 2874/1079/815 2882/1080/3301 2873/1081/1440
f 2873/1081/1443 2882/1080/3300 2871/1082/2069
f 2873/1081/1443 2871/1082/2069 2872/1083/1445
f 2863/1069/3302 2864/1084/54 2899/1070/3303
f 2899/1070/3304 2864/1084/1811 2900/1085/3305
f 2899/1070/3306 2900/1085/3307 2894/1071/3308
f 2894/1071/3308 2900/1085/3309 2895/1086/3310
f 2894/1071/3311 2895/1086/3312 2889/1072/3313
f 2889/1072/3313 2895/1086/3312 2890/1087/3314
f 2889/1072/3313 2890/1087/3315 2884/1073/3316
f 2884/1073/3317 2890/1087/3314 2885/1088/3318
f 2884/1073/3319 2885/1088/3320 2879/1074/3321
f 2879/1074/3321 2885/1088/3320 2880/1076/3322
f 2864/1084/1808 2865/1089/2214 2900/1085/3309
f 2900/1085/3323 2865/1089/37 2901/1090/3324
f 2900/1085/3325 2901/1090/3326 2895/1086/3327
f 2895/1086/3310 2901/1090/3328 2896/1091/3329
f 2895/1086/3330 2896/1091/3331 2890/1087/3332
f 2890/1087/3332 2896/1091/3333 2891/1092/3334
f 2890/1087/3335 2891/1092/3336 2885/1088/3337
f 2885/1088/3338 2891/1092/3339 2886/1093/3340
f 2885/1088/3320 2886/1093/3341 2880/1076/3322
f 2880/1076/3295 2886/1093/3342 2881/1078/3343
f 2865/1089/55 2866/1094/39 2901/1090/3344
f 2901/1090/3345 2866/1094/2903 2902/1095/3346
f 2901/1090/3347 2902/1095/3348 2896/1091/3349
f 2896/1091/3349 2902/1095/3350 2897/1096/3351
f 2896/1091/3352 2897/1096/3353 2891/1092/3354
f 2891/1092/3355 2897/1096/3356 2892/1097/3357
f 2891/1092/3358 2892/1097/3357 2886/1093/3359
f 2886/1093/3360 2892/1097/3361 2887/1098/3362
f 2886/1093/3363 2887/1098/3364 2881/1078/3365
f 2881/1078/3366 2887/1098/3367 2882/1080/3368
f 2866/1094/40 1674/1099/41 2902/1095/3369
f 2902/1095/3370 1674/1099/1690 2867/1100/3371
f 2902/1095/3372 2867/1100/3373 2897/1096/3353
f 2897/1096/3374 2867/1100/3373 2868/1101/2041
f 2897/1096/3353 2868/1101/3375 2892/1097/3376
f 2892/1097/3377 2868/1101/1938 2869/1102/1937
f 2892/1097/3378 2869/1102/2042 2887/1098/3379
f 2887/1098/3380 2869/1102/2185 2870/1103/2416
f 2887/1098/3381 2870/1103/1836 2882/1080/3382
f 2882/1080/3368 2870/1103/3383 2871/1082/3384
f 2904/1148/2054 2909/1149/2054 2903/1150/29
f 2903/1150/29 2909/1149/2054 2910/1151/2054
f 2903/1150/29 2910/1151/31 2911/1152/31
f 2911/1152/32 2910/1151/32 2915/1153/33
f 2911/1152/32 2915/1153/33 2916/1154/33
f 2916/1154/34 2915/1153/34 2920/1155/35
f 2916/1154/34 2920/1155/35 2864/1156/35
f 2864/1156/2578 2920/1155/2578 2865/1157/37
f 2865/1157/37 2920/1155/36 2924/1158/37
f 2865/1157/38 2924/1158/38 2866/1159/39
f 2866/1159/39 2924/1158/38 2928/1160/39
f 2866/1159/58 2928/1160/58 1674/1161/41
f 1674/1161/41 2928/1160/58 2927/1162/58
f 1674/1161/41 2927/1162/58 2926/1163/58
f 2926/1163/39 2927/1162/39 2922/1164/38
f 2926/1163/39 2922/1164/38 2921/1165/38
f 2921/1165/37 2922/1164/37 2917/1166/36
f 2921/1165/37 2917/1166/2578 2906/1167/2578
f 2906/1167/35 2917/1166/35 2905/1168/34
f 2905/1168/34 2917/1166/35 2913/1169/34
f 2905/1168/33 2913/1169/33 2904/1148/32
f 2904/1148/32 2913/1169/33 2909/1149/32
f 2906/1167/36 2907/1170/37 2921/1165/37
f 2921/1165/38 2907/1170/38 2925/1171/39
f 2921/1165/38 2925/1171/39 2926/1163/39
f 2926/1163/58 2925/1171/58 1675/1172/41
f 2926/1163/58 1675/1172/41 1674/1161/41
f 2907/1170/38 2908/1173/39 2925/1171/39
f 2925/1171/58 2908/1173/58 1675/1172/41
f 2864/1156/35 2863/1174/34 2916/1154/34
f 2916/1154/33 2863/1174/33 2912/1175/32
f 2916/1154/33 2912/1175/32 2911/1152/32
f 2911/1152/2054 2912/1175/2054 2861/1176/29
f 2911/1152/30 2861/1176/29 2903/1150/29
f 2863/1174/33 2862/1177/32 2912/1175/32
f 2912/1175/2054 2862/1177/2054 2861/1176/29
f 2910/1151/32 2909/1149/32 2914/1178/33
f 2914/1178/33 2909/1149/32 2913/1169/33
f 2914/1178/34 2913/1169/34 2918/1179/35
f 2918/1179/35 2913/1169/34 2917/1166/35
f 2918/1179/2578 2917/1166/2578 2922/1164/37
f 2910/1151/32 2914/1178/33 2915/1153/33
f 2915/1153/34 2914/1178/34 2919/1180/35
f 2915/1153/34 2919/1180/35 2920/1155/35
f 2920/1155/2578 2919/1180/2578 2924/1158/37
f 2919/1180/35 2914/1178/34 2918/1179/35
f 2919/1180/2578 2918/1179/2578 2923/1181/37
f 2923/1181/37 2918/1179/36 2922/1164/37
f 2923/1181/38 2922/1164/38 2927/1162/39
f 2928/1160/39 2924/1158/38 2923/1181/38
f 2923/1181/37 2924/1158/37 2919/1180/36
f 2928/1160/39 2923/1181/38 2927/1162/39
f 1437/1182/2045 1436/1183/1446 2933/1184/2066
f 2933/1184/850 1436/1183/2069 2938/1185/2068
f 2933/1184/1440 2938/1185/2068 2932/1186/3298
f 2932/1186/1437 2938/1185/1442 2943/1187/2360
f 2932/1186/1437 2943/1187/2063 2931/1188/1435
f 2931/1188/1435 2943/1187/2063 2948/1189/2062
f 2931/1188/1431 2948/1189/2476 2930/1190/1429
f 2930/1190/2358 2948/1189/2359 2953/1191/1433
f 2930/1190/1427 2953/1191/1428 2929/1192/280
f 2929/1192/2056 2953/1191/2129 2958/1193/1424
f 2929/1192/1422 2958/1193/1424 2903/1194/1420
f 2903/1194/29 2958/1193/2889 2904/1195/2055
f 2904/1195/2299 2958/1193/1723 2957/1196/1810
f 2904/1195/32 2957/1196/2128 2905/1197/1722
f 2905/1197/1990 2957/1196/1809 2956/1198/2411
f 2905/1197/1724 2956/1198/1817 2906/1199/35
f 2906/1199/1808 2956/1198/1914 2955/1200/1916
f 2906/1199/2578 2955/1200/2443 2907/1201/37
f 2907/1201/38 2955/1200/3385 2954/1202/1619
f 2907/1201/38 2954/1202/1619 2908/1203/39
f 2908/1203/58 2954/1202/1692 1676/1204/41
f 2908/1203/58 1676/1204/41 1675/1205/41
f 1436/1183/2044 1435/1206/2416 2938/1185/1743
f 2938/1185/1743 1435/1206/2392 2937/1207/2391
f 2938/1185/2133 2937/1207/1832 2943/1187/1741
f 2943/1187/3386 2937/1207/1834 2942/1208/3387
f 2943/1187/1739 2942/1208/2132 2948/1189/1734
f 2948/1189/1734 2942/1208/1740 2947/1209/2131
f 2948/1189/1734 2947/1209/2490 2953/1191/1732
f 2953/1191/1732 2947/1209/2490 2952/1210/2301
f 2953/1191/1729 2952/1210/3388 2958/1193/2386
f 2958/1193/1726 2952/1210/1731 2957/1196/1727
f 1435/1206/1837 1434/1211/2185 2937/1207/1834
f 2937/1207/1834 1434/1211/1838 2936/1212/2182
f 2937/1207/2415 2936/1212/1835 2942/1208/1830
f 2942/1208/2502 2936/1212/1833 2941/1213/1829
f 2942/1208/2314 2941/1213/1829 2947/1209/1825
f 2947/1209/1738 2941/1213/2178 2946/1214/2412
f 2947/1209/2490 2946/1214/2898 2952/1210/1819
f 2952/1210/1815 2946/1214/3389 2951/1215/2173
f 2952/1210/2389 2951/1215/3390 2957/1196/3391
f 2957/1196/3391 2951/1215/2173 2956/1198/1814
f 1434/1211/1939 1433/1216/3375 2936/1212/1935
f 2936/1212/1933 1433/1216/2227 2935/1217/2226
f 2936/1212/1932 2935/1217/1934 2941/1213/1930
f 2941/1213/2221 2935/1217/1934 2940/1218/1931
f 2941/1213/1928 2940/1218/3392 2946/1214/1926
f 2946/1214/2445 2940/1218/1929 2945/1219/3393
f 2946/1214/1923 2945/1219/1927 2951/1215/2217
f 2951/1215/2217 2945/1219/1927 2950/1220/2218
f 2951/1215/2173 2950/1220/1920 2956/1198/1917
f 2956/1198/1915 2950/1220/1920 2955/1200/1918
f 1433/1216/1637 1432/1221/2040 2935/1217/1631
f 2935/1217/2895 1432/1221/2040 2934/1222/1635
f 2935/1217/2461 2934/1222/1635 2940/1218/2460
f 2940/1218/3394 2934/1222/2257 2939/1223/1630
f 2940/1218/2908 2939/1223/1630 2945/1219/2458
f 2945/1219/1623 2939/1223/1628 2944/1224/1624
f 2945/1219/1925 2944/1224/2459 2950/1220/1621
f 2950/1220/1621 2944/1224/1624 2949/1225/1622
f 2950/1220/2219 2949/1225/1620 2955/1200/3395
f 2955/1200/1614 2949/1225/1620 2954/1202/2109
f 1432/1221/1706 1431/1226/1699 2934/1222/1702
f 2934/1222/1702 1431/1226/1690 1680/1227/1690
f 2934/1222/1702 1680/1227/1699 2939/1223/3396
f 2939/1223/1700 1680/1227/1690 1679/1228/1690
f 2939/1223/1700 1679/1228/1696 2944/1224/2383
f 2944/1224/2383 1679/1228/1696 1678/1229/1696
f 2944/1224/1697 1678/1229/1699 2949/1225/1695
f 2949/1225/3397 1678/1229/1690 1677/1230/1690
f 2949/1225/2385 1677/1230/41 2954/1202/1692
f 2954/1202/1692 1677/1230/41 1676/1204/41
f 2959/30/1473 2960/1231/2284 2969/1232/1472
f 2969/1232/226 2960/1231/3398 2974/1233/1474
f 2969/1232/805 2974/1233/3399 2968/1234/3400
f 2968/1234/844 2974/1233/3399 2979/1235/1466
f 2968/1234/1464 2979/1235/3401 2967/1236/238
f 2967/1236/3402 2979/1235/2077 2984/1237/1463
f 2967/1236/807 2984/1237/3403 2966/1238/1457
f 2966/1238/2073 2984/1237/3403 2989/1239/1460
f 2966/1238/1457 2989/1239/1460 2965/1240/2072
f 2965/1240/1449 2989/1239/1456 2994/1241/2071
f 2965/1240/3404 2994/1241/3405 1438/1182/2045
f 1438/1182/1447 2994/1241/2071 1439/1183/2361
f 1439/1183/2135 2994/1241/1751 2993/1242/1750
f 1439/1183/1747 2993/1242/3406 1440/1206/2136
f 1440/1206/2316 2993/1242/1841 2992/1243/1843
f 1440/1206/1839 2992/1243/1843 1441/1211/2042
f 1441/1211/3407 2992/1243/2449 2991/1244/1640
f 1441/1211/3407 2991/1244/1640 1442/1216/2922
f 1442/1216/1636 2991/1244/3408 2990/1245/1644
f 1442/1216/1637 2990/1245/1643 1443/1221/1705
f 1443/1221/1705 2990/1245/1643 1651/1246/1699
f 1443/1221/1706 1651/1246/1690 1444/1226/1690
f 2960/1231/51 2961/1247/2145 2974/1233/1769
f 2974/1233/2078 2961/1247/1773 2973/1248/1772
f 2974/1233/2144 2973/1248/1768 2979/1235/1763
f 2979/1235/1763 2973/1248/1768 2978/1249/1765
f 2979/1235/1762 2978/1249/1856 2984/1237/1759
f 2984/1237/2142 2978/1249/1856 2983/1250/1760
f 2984/1237/1759 2983/1250/3409 2989/1239/1756
f 2989/1239/1756 2983/1250/3410 2988/1251/2140
f 2989/1239/1753 2988/1251/2393 2994/1241/2492
f 2994/1241/1751 2988/1251/3411 2993/1242/2183
f 2961/1247/49 2962/1252/1869 2973/1248/1864
f 2973/1248/2193 2962/1252/2236 2972/1253/1868
f 2973/1248/1861 2972/1253/1960 2978/1249/1767
f 2978/1249/2190 2972/1253/1960 2977/1254/1862
f 2978/1249/2190 2977/1254/1858 2983/1250/2317
f 2983/1250/1854 2977/1254/1858 2982/1255/1855
f 2983/1250/1852 2982/1255/3412 2988/1251/2187
f 2988/1251/3413 2982/1255/1853 2987/1256/1849
f 2988/1251/1846 2987/1256/1945 2993/1242/1844
f 2993/1242/1844 2987/1256/1945 2992/1243/3414
f 2962/1252/2925 2963/1257/3415 2972/1253/1863
f 2972/1253/1863 2963/1257/1663 2971/1258/1966
f 2972/1253/2332 2971/1258/2234 2977/1254/1956
f 2977/1254/1862 2971/1258/1966 2976/1259/1959
f 2977/1254/2233 2976/1259/1962 2982/1255/2232
f 2982/1255/1853 2976/1259/2927 2981/1260/1957
f 2982/1255/1950 2981/1260/1957 2987/1256/2231
f 2987/1256/2231 2981/1260/1957 2986/1261/1951
f 2987/1256/2229 2986/1261/1946 2992/1243/2228
f 2992/1243/1942 2986/1261/1946 2991/1244/1640
f 2963/1257/45 2964/1262/44 2971/1258/1661
f 2971/1258/1661 2964/1262/44 2970/1263/1662
f 2971/1258/1661 2970/1263/2341 2976/1259/1657
f 2976/1259/1660 2970/1263/1662 2975/1264/1659
f 2976/1259/1656 2975/1264/1659 2981/1260/1651
f 2981/1260/2263 2975/1264/1659 2980/1265/1658
f 2981/1260/2339 2980/1265/2465 2986/1261/3416
f 2986/1261/1646 2980/1265/1655 2985/1266/1649
f 2986/1261/1648 2985/1266/1647 2991/1244/1641
f 2991/1244/1641 2985/1266/1647 2990/1245/1643
f 2964/1262/59 1656/938/42 2970/1263/1716
f 2970/1263/3417 1656/938/42 1655/1267/42
f 2970/1263/1716 1655/1267/42 2975/1264/3418
f 2975/1264/3419 1655/1267/42 1654/1268/42
f 2975/1264/1713 1654/1268/1709 2980/1265/1653
f 2980/1265/1712 1654/1268/1709 1653/1269/42
f 2980/1265/2126 1653/1269/1709 2985/1266/1710
f 2985/1266/3420 1653/1269/1690 1652/1270/42
f 2985/1266/3421 1652/1270/1699 2990/1245/2380
f 2990/1245/2380 1652/1270/1690 1651/1246/1690
f 2964/1148/59 2995/1149/59 1656/1150/42
f 1656/1150/42 2995/1149/59 2996/1151/59
f 1656/1150/42 2996/1151/59 2997/1152/59
f 2997/1152/44 2996/1151/44 3001/1153/45
f 2997/1152/44 3001/1153/45 3002/1154/45
f 3002/1154/46 3001/1153/46 3006/1155/1965
f 3002/1154/46 3006/1155/1965 2815/1156/1965
f 2815/1156/48 3006/1155/48 2816/1157/49
f 2816/1157/49 3006/1155/48 3010/1158/49
f 2816/1157/50 3010/1158/50 2817/1159/51
f 2817/1159/51 3010/1158/50 3014/1160/51
f 2817/1159/2079 3014/1160/2079 2818/1161/2
f 2818/1161/2 3014/1160/2079 3013/1162/2079
f 2818/1161/2 3013/1162/1475 3012/1163/1475
f 3012/1163/51 3013/1162/51 3008/1164/50
f 3012/1163/51 3008/1164/50 3007/1165/50
f 3007/1165/49 3008/1164/49 3003/1166/48
f 3007/1165/49 3003/1166/48 2962/1167/48
f 2962/1167/1965 3003/1166/1965 2963/1168/46
f 2963/1168/46 3003/1166/1965 2999/1169/46
f 2963/1168/45 2999/1169/45 2964/1148/44
f 2964/1148/44 2999/1169/45 2995/1149/44
f 2962/1167/48 2961/1170/49 3007/1165/49
f 3007/1165/50 2961/1170/50 3011/1171/51
f 3007/1165/50 3011/1171/51 3012/1163/51
f 3012/1163/2079 3011/1171/2079 2959/1172/2
f 3012/1163/1 2959/1172/2 2818/1161/2
f 2961/1170/50 2960/1173/51 3011/1171/51
f 3011/1171/2079 2960/1173/2079 2959/1172/2
f 2815/1156/1965 2814/1174/46 3002/1154/46
f 3002/1154/45 2814/1174/45 2998/1175/44
f 3002/1154/45 2998/1175/44 2997/1152/44
f 2997/1152/59 2998/1175/59 1657/1176/42
f 2997/1152/59 1657/1176/42 1656/1150/42
f 2814/1174/45 2813/1177/44 2998/1175/44
f 2998/1175/59 2813/1177/59 1657/1176/42
f 2996/1151/44 2995/1149/44 3000/1178/45
f 3000/1178/45 2995/1149/44 2999/1169/45
f 3000/1178/46 2999/1169/46 3004/1179/1965
f 3004/1179/1965 2999/1169/46 3003/1166/1965
f 3004/1179/48 3003/1166/48 3008/1164/49
f 2996/1151/44 3000/1178/45 3001/1153/45
f 3001/1153/46 3000/1178/46 3005/1180/1965
f 3001/1153/46 3005/1180/1965 3006/1155/1965
f 3006/1155/48 3005/1180/48 3010/1158/49
f 3005/1180/1965 3000/1178/46 3004/1179/1965
f 3005/1180/48 3004/1179/48 3009/1181/49
f 3009/1181/49 3004/1179/48 3008/1164/49
f 3009/1181/50 3008/1164/50 3013/1162/51
f 3014/1160/51 3010/1158/50 3009/1181/50
f 3009/1181/49 3010/1158/49 3005/1180/48
f 3014/1160/51 3009/1181/50 3013/1162/51
f 2586/1271/2045 2872/1272/2045 2587/1273/1446
f 2587/1273/3422 2872/1272/2045 2871/1274/3422
f 2587/1273/1747 2871/1274/1747 2588/1275/1836
f 2588/1275/1748 2871/1274/1747 2870/1276/1748
f 2588/1275/2043 2870/1276/2043 2589/1277/1937
f 2589/1277/2046 2870/1276/1836 2869/1278/2046
f 2589/1277/1937 2869/1278/1937 2590/1279/1938
f 2590/1279/1636 2869/1278/1939 2868/1280/1636
f 2590/1279/1637 2868/1280/1637 2591/1281/2040
f 2591/1281/2040 2868/1280/1637 2867/1282/2040
f 2591/1281/1705 2867/1282/1705 1673/1283/1699
f 1673/1283/1690 2867/1282/1707 1674/1284/1699
f 2877/1285/776 3015/1286/776 2855/1287/775
f 2855/1287/775 3015/1286/776 3016/1288/776
f 2855/1287/775 3016/1288/776 3017/1289/776
f 3017/1289/280 3016/1288/280 3023/1290/817
f 3017/1289/280 3023/1290/817 3024/1291/817
f 3024/1291/275 3023/1290/275 3030/1292/816
f 3024/1291/275 3030/1292/816 3031/1293/816
f 3031/1293/270 3030/1292/270 3037/1294/265
f 3031/1293/270 3037/1294/265 3038/1295/265
f 3038/1295/265 3037/1294/265 3044/1296/1414
f 3038/1295/851 3044/1296/850 2669/1297/850
f 2669/1297/1244 3044/1296/1244 2647/1298/812
f 2647/1298/812 3044/1296/1244 3043/1299/1244
f 2647/1298/812 3043/1299/1244 3042/1300/1244
f 3042/1300/1414 3043/1299/1414 3036/1301/265
f 3042/1300/1414 3036/1301/265 3035/1302/265
f 3035/1302/265 3036/1301/265 3029/1303/270
f 3035/1302/1064 3029/1303/1415 3028/1304/1415
f 3028/1304/816 3029/1303/816 3022/1305/275
f 3028/1304/1415 3022/1305/1067 3021/1306/1067
f 3021/1306/817 3022/1305/817 3015/1286/280
f 3021/1306/817 3015/1286/280 2877/1285/280
f 2877/1285/280 2876/1307/817 3021/1306/817
f 3021/1306/1067 2876/1307/1067 3027/1308/1415
f 3021/1306/275 3027/1308/816 3028/1304/816
f 3028/1304/270 3027/1308/270 3034/1309/265
f 3028/1304/270 3034/1309/265 3035/1302/265
f 3035/1302/265 3034/1309/265 3041/1310/1414
f 3035/1302/851 3041/1310/850 3042/1300/850
f 3042/1300/3423 3041/1310/3423 2647/1298/1411
f 2876/1307/275 2875/1311/816 3027/1308/816
f 3027/1308/1415 2875/1311/1415 3033/1312/1064
f 3027/1308/1415 3033/1312/1064 3034/1309/1064
f 3034/1309/851 3033/1312/851 3040/1313/850
f 3034/1309/851 3040/1313/850 3041/1310/850
f 3041/1310/850 3040/1313/850 2872/1314/1062
f 3041/1310/1414 2872/1314/3424 2647/1298/3424
f 2875/1311/270 2874/1315/265 3033/1312/265
f 3033/1312/265 2874/1315/265 3039/1316/1414
f 3033/1312/265 3039/1316/1414 3040/1313/1414
f 3040/1313/1244 3039/1316/1244 2872/1314/812
f 2874/1315/851 2873/1317/850 3039/1316/850
f 3039/1316/1244 2873/1317/1244 2872/1314/812
f 2669/1297/1414 2668/1318/265 3038/1295/265
f 3038/1295/265 2668/1318/265 3032/1319/270
f 3038/1295/1064 3032/1319/1415 3031/1293/1415
f 3031/1293/816 3032/1319/816 3025/1320/275
f 3031/1293/1415 3025/1320/1067 3024/1291/1067
f 3024/1291/817 3025/1320/817 3018/1321/280
f 3024/1291/817 3018/1321/280 3017/1289/280
f 3017/1289/1050 3018/1321/1050 2855/1287/775
f 2668/1318/1064 2667/1322/1415 3032/1319/1415
f 3032/1319/816 2667/1322/816 3026/1323/275
f 3032/1319/1415 3026/1323/1067 3025/1320/1067
f 3025/1320/817 3026/1323/817 3019/1324/280
f 3025/1320/817 3019/1324/280 3018/1321/280
f 3018/1321/776 3019/1324/776 2664/1325/775
f 3018/1321/774 2664/1325/775 2855/1287/775
f 2667/1322/1415 2666/1326/1067 3026/1323/1067
f 3026/1323/817 2666/1326/817 3020/1327/280
f 3026/1323/817 3020/1327/280 3019/1324/280
f 3019/1324/776 3020/1327/776 2664/1325/775
f 2666/1326/817 2665/1328/280 3020/1327/280
f 3020/1327/776 2665/1328/776 2664/1325/775
f 3023/1290/817 3016/1288/280 3022/1305/817
f 3022/1305/817 3016/1288/280 3015/1286/280
f 3030/1292/1415 3023/1290/1067 3029/1303/1415
f 3029/1303/1415 3023/1290/1067 3022/1305/1067
f 3037/1294/1064 3030/1292/1415 3036/1301/1064
f 3036/1301/1064 3030/1292/1415 3029/1303/1415
f 3044/1296/850 3037/1294/851 3043/1299/850
f 3043/1299/850 3037/1294/851 3036/1301/851
f 2507/1285/226 3045/1286/226 2485/1287/803
f 2485/1287/803 3045/1286/226 3046/1288/226
f 2485/1287/132 3046/1288/1242 3047/1289/1242
f 3047/1289/805 3046/1288/805 3053/1290/233
f 3047/1289/805 3053/1290/233 3054/1291/233
f 3054/1291/806 3053/1290/806 3060/1292/239
f 3054/1291/806 3060/1292/239 3061/1293/239
f 3061/1293/238 3060/1292/238 3067/1294/808
f 3061/1293/238 3067/1294/808 3068/1295/808
f 3068/1295/1058 3067/1294/1058 3074/1296/1061
f 3068/1295/1058 3074/1296/1061 2829/1297/1061
f 2829/1297/1243 3074/1296/1243 2807/1298/812
f 2807/1298/812 3074/1296/1243 3073/1299/1243
f 2807/1298/812 3073/1299/811 3072/1300/811
f 3072/1300/1061 3073/1299/1061 3066/1301/1058
f 3072/1300/1094 3066/1301/248 3065/1302/248
f 3065/1302/248 3066/1301/248 3059/1303/807
f 3065/1302/248 3059/1303/807 3058/1304/807
f 3058/1304/239 3059/1303/239 3052/1305/806
f 3058/1304/238 3052/1305/1055 3051/1306/1055
f 3051/1306/233 3052/1305/233 3045/1286/805
f 3051/1306/233 3045/1286/805 2507/1285/805
f 2507/1285/805 2506/1307/233 3051/1306/233
f 3051/1306/1055 2506/1307/1055 3057/1308/238
f 3051/1306/806 3057/1308/239 3058/1304/239
f 3058/1304/238 3057/1308/238 3064/1309/808
f 3058/1304/238 3064/1309/808 3065/1302/808
f 3065/1302/1058 3064/1309/1058 3071/1310/1061
f 3065/1302/1058 3071/1310/1061 3072/1300/1061
f 3072/1300/2968 3071/1310/2968 2807/1298/1412
f 2506/1307/806 2505/1311/239 3057/1308/239
f 3057/1308/238 2505/1311/238 3063/1312/808
f 3057/1308/807 3063/1312/248 3064/1309/248
f 3064/1309/248 3063/1312/248 3070/1313/1094
f 3064/1309/248 3070/1313/1094 3071/1310/1094
f 3071/1310/2968 3070/1313/2968 2502/1314/1412
f 3071/1310/1094 2502/1314/2969 2807/1298/2969
f 2505/1311/807 2504/1315/248 3063/1312/248
f 3063/1312/248 2504/1315/248 3069/1316/1094
f 3063/1312/1058 3069/1316/1061 3070/1313/1061
f 3070/1313/1243 3069/1316/1243 2502/1314/812
f 2504/1315/1058 2503/1317/1061 3069/1316/1061
f 3069/1316/1243 2503/1317/1243 2502/1314/812
f 2829/1297/1094 2828/1318/248 3068/1295/248
f 3068/1295/248 2828/1318/248 3062/1319/807
f 3068/1295/248 3062/1319/807 3061/1293/807
f 3061/1293/239 3062/1319/239 3055/1320/806
f 3061/1293/238 3055/1320/1055 3054/1291/1055
f 3054/1291/233 3055/1320/233 3048/1321/805
f 3054/1291/233 3048/1321/805 3047/1289/805
f 3047/1289/1242 3048/1321/1242 2485/1287/132
f 2828/1318/808 2827/1322/238 3062/1319/238
f 3062/1319/239 2827/1322/239 3056/1323/806
f 3062/1319/238 3056/1323/1055 3055/1320/1055
f 3055/1320/233 3056/1323/233 3049/1324/805
f 3055/1320/233 3049/1324/805 3048/1321/805
f 3048/1321/1242 3049/1324/1242 2824/1325/132
f 3048/1321/226 2824/1325/803 2485/1287/803
f 2827/1322/238 2826/1326/1055 3056/1323/1055
f 3056/1323/233 2826/1326/233 3050/1327/805
f 3056/1323/233 3050/1327/805 3049/1324/805
f 3049/1324/226 3050/1327/226 2824/1325/803
f 2826/1326/233 2825/1328/805 3050/1327/805
f 3050/1327/226 2825/1328/226 2824/1325/803
f 3053/1290/233 3046/1288/805 3052/1305/233
f 3052/1305/233 3046/1288/805 3045/1286/805
f 3060/1292/238 3053/1290/1055 3059/1303/238
f 3059/1303/238 3053/1290/1055 3052/1305/1055
f 3067/1294/248 3060/1292/807 3066/1301/248
f 3066/1301/808 3060/1292/238 3059/1303/238
f 3074/1296/1094 3067/1294/248 3073/1299/1094
f 3073/1299/1094 3067/1294/248 3066/1301/248
f 2807/1329/2045 2533/1330/2045 2808/1331/1446
f 2808/1331/3422 2533/1330/2045 2549/1332/3422
f 2808/1331/1747 2549/1332/1747 2809/1333/1836
f 2809/1333/1748 2549/1332/1747 2548/1334/1748
f 2809/1333/2043 2548/1334/2043 2810/1335/1937
f 2810/1335/2046 2548/1334/1836 2547/1336/2046
f 2810/1335/1937 2547/1336/1937 2811/1337/1938
f 2811/1337/1636 2547/1336/1939 2546/1338/1636
f 2811/1337/1637 2546/1338/1637 2812/1339/2040
f 2812/1339/2040 2546/1338/1637 2545/1340/2040
f 2812/1339/1705 2545/1340/1705 1657/1341/1699
f 1657/1341/1699 2545/1340/1707 1658/1342/1699
f 2647/1329/257 2443/1330/257 2648/1331/258
f 2648/1331/258 2443/1330/257 2459/1332/258
f 2648/1331/368 2459/1332/368 2649/1333/2655
f 2649/1333/369 2459/1332/368 2458/1334/369
f 2649/1333/482 2458/1334/482 2650/1335/2755
f 2650/1335/1273 2458/1334/937 2457/1336/1273
f 2650/1335/604 2457/1336/604 2651/1337/605
f 2651/1337/603 2457/1336/485 2456/1338/603
f 2651/1337/698 2456/1338/3425 2652/1339/863
f 2652/1339/2659 2456/1338/605 2455/1340/2659
f 2652/1339/299 2455/1340/299 325/1341/294
f 325/1341/74 2455/1340/299 326/1342/294
f 2538/1104/776 3075/1105/776 2539/1106/775
f 2539/1106/775 3075/1105/776 3076/1107/776
f 2539/1106/775 3076/1107/776 3077/1108/776
f 3077/1108/280 3076/1107/280 3083/1109/817
f 3077/1108/280 3083/1109/817 3084/1110/817
f 3084/1110/275 3083/1109/275 3090/1111/816
f 3084/1110/275 3090/1111/816 3091/1112/816
f 3091/1112/270 3090/1111/270 3097/1113/265
f 3091/1112/270 3097/1113/265 3098/1114/265
f 3098/1114/265 3097/1113/265 3104/1115/1414
f 3098/1114/851 3104/1115/850 2380/1116/850
f 2380/1116/1244 3104/1115/1244 2381/1117/812
f 2381/1117/812 3104/1115/1244 3103/1118/1244
f 2381/1117/812 3103/1118/1244 3102/1119/1244
f 3102/1119/1414 3103/1118/1414 3096/1120/265
f 3102/1119/1319 3096/1120/265 3095/1121/265
f 3095/1121/265 3096/1120/265 3089/1122/270
f 3095/1121/1064 3089/1122/1415 3088/1123/1415
f 3088/1123/816 3089/1122/816 3082/1124/275
f 3088/1123/1415 3082/1124/1067 3081/1125/1067
f 3081/1125/817 3082/1124/817 3075/1105/280
f 3081/1125/817 3075/1105/280 2538/1104/280
f 2538/1104/280 2537/1126/817 3081/1125/817
f 3081/1125/1067 2537/1126/1067 3087/1127/1415
f 3081/1125/275 3087/1127/816 3088/1123/816
f 3088/1123/270 3087/1127/270 3094/1128/265
f 3088/1123/270 3094/1128/265 3095/1121/265
f 3095/1121/265 3094/1128/265 3101/1129/1414
f 3095/1121/851 3101/1129/850 3102/1119/850
f 3102/1119/3423 3101/1129/3423 2381/1117/1411
f 2537/1126/275 2536/1130/816 3087/1127/816
f 3087/1127/1415 2536/1130/1415 3093/1131/1064
f 3087/1127/1415 3093/1131/1064 3094/1128/1064
f 3094/1128/851 3093/1131/851 3100/1132/850
f 3094/1128/851 3100/1132/850 3101/1129/850
f 3101/1129/850 3100/1132/850 2533/1133/1062
f 3101/1129/1414 2533/1133/3424 2381/1117/3424
f 2536/1130/270 2535/1134/265 3093/1131/265
f 3093/1131/265 2535/1134/265 3099/1135/1414
f 3093/1131/265 3099/1135/1414 3100/1132/1414
f 3100/1132/1244 3099/1135/1244 2533/1133/812
f 2535/1134/851 2534/1136/850 3099/1135/850
f 3099/1135/1244 2534/1136/1244 2533/1133/812
f 2380/1116/1414 2379/1137/265 3098/1114/265
f 3098/1114/265 2379/1137/265 3092/1138/270
f 3098/1114/1064 3092/1138/1415 3091/1112/1415
f 3091/1112/816 3092/1138/816 3085/1139/275
f 3091/1112/1415 3085/1139/1067 3084/1110/1067
f 3084/1110/817 3085/1139/817 3078/1140/280
f 3084/1110/817 3078/1140/280 3077/1108/280
f 3077/1108/1050 3078/1140/1050 2539/1106/775
f 2379/1137/1064 2378/1141/1415 3092/1138/1415
f 3092/1138/816 2378/1141/816 3086/1142/275
f 3092/1138/1415 3086/1142/1067 3085/1139/1067
f 3085/1139/817 3086/1142/817 3079/1143/280
f 3085/1139/817 3079/1143/280 3078/1140/280
f 3078/1140/776 3079/1143/776 2375/1144/775
f 3078/1140/774 2375/1144/775 2539/1106/775
f 2378/1141/1415 2377/1145/1067 3086/1142/1067
f 3086/1142/817 2377/1145/817 3080/1146/280
f 3086/1142/817 3080/1146/280 3079/1143/280
f 3079/1143/776 3080/1146/776 2375/1144/775
f 2377/1145/817 2376/1147/280 3080/1146/280
f 3080/1146/776 2376/1147/776 2375/1144/775
f 3083/1109/817 3076/1107/280 3082/1124/817
f 3082/1124/817 3076/1107/280 3075/1105/280
f 3090/1111/1415 3083/1109/1067 3089/1122/1415
f 3089/1122/1415 3083/1109/1067 3082/1124/1067
f 3097/1113/1064 3090/1111/1415 3096/1120/1064
f 3096/1120/1064 3090/1111/1415 3089/1122/1415
f 3104/1115/850 3097/1113/851 3103/1118/850
f 3103/1118/850 3097/1113/851 3096/1120/851
f 2381/1271/257 2502/1272/257 2382/1273/258
f 2382/1273/2622 2502/1272/257 2501/1274/2622
f 2382/1273/368 2501/1274/368 2383/1275/369
f 2383/1275/369 2501/1274/368 2500/1276/369
f 2383/1275/482 2500/1276/482 2384/1277/2755
f 2384/1277/1273 2500/1276/937 2499/1278/1273
f 2384/1277/604 2499/1278/604 2385/1279/605
f 2385/1279/605 2499/1278/604 2498/1280/605
f 2385/1279/698 2498/1280/698 2386/1281/701
f 2386/1281/701 2498/1280/698 2497/1282/701
f 2386/1281/863 2497/1282/863 341/1283/294
f 341/1283/74 2497/1282/299 342/1284/74
f 2449/1343/132 2580/1344/132 2347/1345/132
f 2347/1345/132 2580/1344/132 2421/1346/132
f 2695/1347/132 2491/1348/132 3108/1349/132
f 3108/1349/132 2491/1348/132 3107/1350/132
f 3107/1350/132 2491/1348/132 2490/1351/132
f 3107/1350/132 2490/1351/132 2489/1352/132
f 2489/1352/132 2488/1353/132 3107/1350/132
f 3107/1350/132 2488/1353/132 2487/1354/132
f 3107/1350/132 2487/1354/132 2486/1355/132
f 2486/1355/132 2485/1356/132 3107/1350/132
f 3107/1350/132 2485/1356/132 2824/1357/132
f 3107/1350/132 2824/1357/132 3106/1358/132
f 3106/1358/132 2824/1357/132 2823/1359/132
f 3106/1358/132 2823/1359/132 2822/1360/132
f 2822/1360/132 2821/1361/132 3106/1358/132
f 3106/1358/132 2821/1361/132 2820/1362/132
f 3106/1358/132 2820/1362/132 2819/1363/132
f 2819/1363/132 2818/1364/132 3106/1358/132
f 3106/1358/132 2818/1364/132 3105/1365/132
f 3105/1365/132 2818/1364/132 2959/1366/132
f 3105/1367/803 2959/1368/803 3114/1369/226
f 3114/1369/226 2959/1368/803 2969/1370/226
f 3114/1369/805 2969/1370/805 3113/1371/233
f 3113/1371/233 2969/1370/805 2968/1372/233
f 3113/1371/806 2968/1372/806 3112/1373/1090
f 3112/1373/238 2968/1372/1055 2967/1374/238
f 3112/1373/807 2967/1374/807 3111/1375/808
f 3111/1375/808 2967/1374/807 2966/1376/808
f 3111/1375/1058 2966/1376/1058 3110/1377/810
f 3110/1377/810 2966/1376/1058 2965/1378/810
f 3110/1377/1061 2965/1378/1061 3109/1379/1060
f 3109/1379/1060 2965/1378/1061 1438/1380/1060
f 1437/1381/812 3115/1382/812 1438/1383/812
f 1438/1383/812 3115/1382/812 3109/1384/812
f 3115/1379/1062 1437/1380/1062 3121/1385/850
f 3121/1385/850 1437/1380/1062 2933/1386/850
f 3121/1385/814 2933/1386/814 3120/1387/851
f 3120/1387/851 2933/1386/263 2932/1388/851
f 3120/1387/1064 2932/1388/1064 3119/1389/270
f 3119/1389/270 2932/1388/1064 2931/1390/270
f 3119/1389/1415 2931/1390/1415 3118/1391/1067
f 3118/1391/275 2931/1390/816 2930/1392/275
f 3118/1391/817 2930/1392/817 3117/1393/280
f 3117/1393/280 2930/1392/817 2929/1394/280
f 3117/1393/1050 2929/1394/1050 3116/1395/775
f 3116/1395/775 2929/1394/1050 2903/1396/775
f 2586/1397/812 2443/1398/812 2872/1399/812
f 2872/1399/812 2443/1398/812 2647/1400/812
f 2807/1397/812 2502/1398/812 2533/1399/812
f 2533/1399/812 2502/1398/812 2381/1400/812
f 3123/1401/3426 3134/1402/3426 3122/1403/3427
f 3122/1403/3428 3134/1402/3429 3135/1404/3429
f 3122/1403/3428 3135/1404/3430 3133/1405/3428
f 3133/1405/3427 3135/1404/3426 3132/1406/3426
f 3132/1406/3431 3135/1404/3431 3131/1407/3432
f 3131/1407/3432 3135/1404/3433 3137/1408/3432
f 3131/1407/3434 3137/1408/3434 3130/1409/3435
f 3130/1409/3435 3137/1408/3434 3139/1410/3435
f 3130/1409/3436 3139/1410/3436 3129/1411/3437
f 3129/1411/3438 3139/1410/3436 3141/1412/3438
f 3129/1411/3439 3141/1412/3439 3128/1413/3440
f 3128/1413/3440 3141/1412/3439 3143/1414/3440
f 3128/1413/3441 3143/1414/3441 3106/30/222
f 3106/30/222 3143/1414/3441 3142/1415/3441
f 3106/30/222 3142/1415/3441 3107/1395/222
f 3107/1395/222 3142/1415/3441 3127/1416/3441
f 3127/1416/3440 3142/1415/3440 3126/1417/3439
f 3126/1417/3439 3142/1415/3440 3140/1418/3439
f 3126/1417/3438 3140/1418/3438 3125/1419/3436
f 3125/1419/3436 3140/1418/3438 3138/1420/3436
f 3125/1419/3435 3138/1420/3435 3124/1421/3434
f 3124/1421/3434 3138/1420/3435 3136/1422/3434
f 3124/1421/3432 3136/1422/3432 3123/1401/3431
f 3123/1401/3431 3136/1422/3432 3134/1402/3431
f 3137/1408/3432 3135/1404/3431 3134/1402/3431
f 3137/1408/3432 3134/1402/3431 3136/1422/3432
f 3139/1410/3435 3137/1408/3434 3136/1422/3434
f 3139/1410/3435 3136/1422/3434 3138/1420/3435
f 3141/1412/3438 3139/1410/3436 3138/1420/3436
f 3141/1412/3437 3138/1420/3436 3140/1418/3437
f 3143/1414/3440 3141/1412/3439 3140/1418/3439
f 3143/1414/3440 3140/1418/3439 3142/1415/3440
f 1265/1423/1690 3158/1424/1690 1242/1425/1690
f 1242/1425/1690 3158/1424/1690 731/1426/1690
f 1242/1425/1690 731/1426/1690 1243/1427/1690
f 1243/1427/1690 731/1426/1690 730/1428/1690
f 1243/1427/1690 730/1428/1690 1244/1429/1690
f 1244/1429/1690 730/1428/1690 729/1430/1690
f 1244/1429/1690 729/1430/1690 1245/1431/1690
f 1245/1431/1690 729/1430/1690 1246/1432/1690
f 1246/1432/1690 729/1430/1690 1247/1433/1690
f 1247/1433/1690 729/1430/1690 728/1434/1690
f 1247/1433/1690 728/1434/1690 1248/1435/1690
f 1248/1435/1690 728/1434/1690 1249/1436/1690
f 1249/1436/1690 728/1434/1690 727/1437/1690
f 1249/1436/1690 727/1437/1690 1250/1438/1690
f 1250/1438/1690 727/1437/1690 1251/1439/1690
f 1251/1439/1690 727/1437/1690 1252/1440/1690
f 1252/1440/1690 727/1437/1690 726/1441/1690
f 1252/1440/1690 726/1441/1690 1253/1442/1690
f 1253/1442/1690 726/1441/1690 725/1443/1690
f 1253/1442/1690 725/1443/1690 1254/1444/1690
f 1254/1444/1690 725/1443/1690 3157/1445/1690
f 1254/1444/1690 3157/1445/1690 1255/1446/1690
f 1255/1446/1690 3157/1445/1690 1256/1447/1690
f 1256/1447/1690 3157/1445/1690 1257/1448/1690
f 1257/1448/1690 3157/1445/1690 1258/1449/1690
f 1258/1449/1690 3157/1445/1690 1259/1450/1690
f 1259/1450/1690 3157/1445/1690 1260/1451/1690
f 1260/1451/1690 3157/1445/1690 3158/1424/1690
f 1260/1451/1699 3158/1424/1699 1261/1452/1699
f 1261/1452/1690 3158/1424/1690 1262/1453/1690
f 1262/1453/1690 3158/1424/1690 1263/1454/1690
f 1263/1454/1690 3158/1424/1690 1264/1455/1690
f 1264/1455/1690 3158/1424/1690 1265/1423/1690
f 1047/1456/1690 1046/1457/1690 722/1458/1690
f 722/1458/1690 1046/1457/1690 1069/1459/1690
f 722/1458/1690 1069/1459/1690 723/1460/1690
f 723/1460/1690 1069/1459/1690 1068/1461/1690
f 723/1460/1690 1068/1461/1690 1067/1462/1690
f 723/1460/1690 1067/1462/1690 724/1463/1690
f 724/1463/1690 1067/1462/1690 1066/1464/1690
f 724/1463/1690 1066/1464/1690 1065/1465/1690
f 724/1463/1690 1065/1465/1690 3157/1445/1690
f 3157/1445/1690 1065/1465/1690 1064/1466/1690
f 3157/1445/1690 1064/1466/1690 1063/1467/1690
f 1063/1467/1690 1062/1468/1690 3157/1445/1690
f 3157/1445/1690 1062/1468/1690 3151/1349/1690
f 3157/1445/1690 3151/1349/1690 3156/1469/1690
f 3156/1469/1690 3151/1349/1690 3155/1470/1690
f 3155/1470/1690 3151/1349/1690 3154/1471/1690
f 3154/1471/1690 3151/1349/1690 3153/1472/1690
f 3153/1472/1690 3151/1349/1690 3152/1473/1690
f 1062/1468/1690 1061/1474/1690 3151/1349/1690
f 3151/1349/1690 1061/1474/1690 1060/1475/1690
f 3151/1349/1690 1060/1475/1690 1059/1476/1690
f 1059/1476/1690 1058/1477/1690 3151/1349/1690
f 3151/1349/1690 1058/1477/1690 1057/1478/1690
f 3151/1349/1690 1057/1478/1690 3150/30/1690
f 3150/30/1690 1057/1478/1690 1056/1479/1690
f 3150/30/1690 1056/1479/1690 1055/1480/1690
f 1055/1480/1690 1054/1481/1690 3150/30/1690
f 3150/30/1690 1054/1481/1690 3165/1482/1690
f 3150/30/1690 3165/1482/1690 3144/1483/1690
f 3144/1483/1690 3165/1482/1690 3166/1484/1690
f 3144/1483/1690 3166/1484/1690 3167/1485/1690
f 1054/1481/1690 1053/1486/1690 3165/1482/1690
f 3165/1482/1690 1053/1486/1690 1052/1487/1690
f 3165/1482/1690 1052/1487/1690 1051/1488/1690
f 1050/1489/1690 720/1490/1690 1051/1488/1690
f 1051/1488/1690 720/1490/1690 719/1491/1690
f 1051/1488/1690 719/1491/1690 3165/1482/1690
f 3165/1482/1690 719/1491/1690 554/1492/1690
f 3165/1482/1690 554/1492/1690 553/1493/1690
f 1050/1489/1690 1049/1494/1690 720/1490/1690
f 720/1490/1690 1049/1494/1690 721/1495/1690
f 721/1495/1690 1049/1494/1690 1048/1496/1690
f 721/1495/1690 1048/1496/1690 1047/1456/1690
f 721/1495/1690 1047/1456/1690 722/1458/1690
f 879/1497/1690 878/1498/1690 3108/1499/1690
f 3108/1499/1690 878/1498/1690 901/1500/1690
f 3108/1499/1690 901/1500/1690 900/1501/1690
f 900/1501/1690 899/1502/1690 3108/1499/1690
f 3108/1499/1690 899/1502/1690 898/1503/1690
f 3108/1499/1690 898/1503/1690 3158/1424/1690
f 3158/1424/1690 898/1503/1690 897/1504/1690
f 3158/1424/1690 897/1504/1690 896/1505/1690
f 896/1505/1690 895/1506/1690 3158/1424/1690
f 3158/1424/1690 895/1506/1690 732/1507/1690
f 3158/1424/1690 732/1507/1690 731/1426/1690
f 895/1506/1690 894/1508/1690 732/1507/1690
f 732/1507/1690 894/1508/1690 893/1509/1690
f 732/1507/1690 893/1509/1690 733/1510/1690
f 733/1510/1690 893/1509/1690 892/1511/1690
f 733/1510/1690 892/1511/1690 891/1512/1690
f 733/1510/1690 891/1512/1690 710/1513/1690
f 710/1513/1690 891/1512/1690 890/1514/1690
f 710/1513/1690 890/1514/1690 889/1515/1690
f 710/1513/1690 889/1515/1690 711/1516/1690
f 711/1516/1690 889/1515/1690 888/1517/1690
f 711/1516/1690 888/1517/1690 887/1518/1690
f 711/1516/1690 887/1518/1690 712/1519/1690
f 712/1519/1690 887/1518/1690 886/1520/1690
f 712/1519/1690 886/1520/1690 885/1521/1690
f 884/1522/1690 3164/1523/1690 885/1521/1690
f 885/1521/1690 3164/1523/1690 713/1524/1690
f 885/1521/1690 713/1524/1690 712/1519/1690
f 884/1522/1690 883/1525/1690 3164/1523/1690
f 3164/1523/1690 883/1525/1690 882/1526/1690
f 3164/1523/1690 882/1526/1690 3107/1527/1690
f 3107/1527/1690 882/1526/1690 881/1528/1690
f 3107/1527/1690 881/1528/1690 880/1529/1690
f 880/1529/1690 879/1497/1690 3107/1527/1690
f 3107/1527/1690 879/1497/1690 3108/1499/1690
f 725/1443/1690 724/1463/1690 3157/1445/1690
f 554/1492/1690 719/1491/1690 555/1530/1690
f 555/1530/1690 719/1491/1690 718/1531/1690
f 555/1530/1690 718/1531/1690 556/1532/1690
f 556/1532/1690 718/1531/1690 717/1533/1690
f 556/1532/1690 717/1533/1690 557/1534/1690
f 557/1534/1690 717/1533/1690 558/1535/1690
f 558/1535/1690 717/1533/1690 559/1536/1690
f 559/1536/1690 717/1533/1690 716/1537/1690
f 559/1536/1690 716/1537/1690 560/1538/1690
f 560/1538/1690 716/1537/1690 561/1539/1690
f 561/1539/1690 716/1537/1690 715/1540/1690
f 561/1539/1690 715/1540/1690 562/1541/1690
f 562/1541/1690 715/1540/1690 563/1542/1690
f 563/1542/1690 715/1540/1690 564/1543/1690
f 564/1543/1690 715/1540/1690 714/1544/1690
f 564/1543/1690 714/1544/1690 565/1545/1690
f 565/1545/1690 714/1544/1690 713/1524/1690
f 565/1545/1690 713/1524/1690 542/1546/1690
f 542/1546/1690 713/1524/1690 3164/1523/1690
f 542/1546/1690 3164/1523/1690 543/1547/1690
f 543/1547/1690 3164/1523/1690 544/1548/1690
f 544/1548/1690 3164/1523/1690 545/1549/1690
f 545/1549/1690 3164/1523/1690 546/1550/1690
f 546/1550/1690 3164/1523/1690 547/1551/1690
f 547/1551/1690 3164/1523/1690 548/1552/1690
f 548/1552/1690 3164/1523/1690 3165/1482/1690
f 548/1552/1690 3165/1482/1690 549/1553/1690
f 549/1553/1690 3165/1482/1690 550/1554/1690
f 550/1554/1690 3165/1482/1690 551/1555/1690
f 551/1555/1690 3165/1482/1690 552/1556/1690
f 552/1556/1690 3165/1482/1690 553/1493/1690
f 3127/1557/1690 3126/1558/1690 3107/1527/1690
f 3107/1527/1690 3126/1558/1690 3125/1559/1690
f 3107/1527/1690 3125/1559/1690 3124/1560/1690
f 3124/1560/1690 3123/1561/1690 3107/1527/1690
f 3107/1527/1690 3123/1561/1690 3122/1562/1690
f 3107/1527/1690 3122/1562/1690 3167/1485/1690
f 3167/1485/1690 3122/1562/1690 3144/1483/1690
f 3144/1483/1690 3145/1563/1690 3150/30/1690
f 3150/30/1690 3145/1563/1690 3146/1564/1690
f 3150/30/1690 3146/1564/1690 3147/1565/1690
f 3147/1565/1690 3148/1566/1690 3150/30/1690
f 3150/30/1690 3148/1566/1690 3149/1567/1690
f 3158/1424/1690 3159/1568/1690 3108/1499/1690
f 3108/1499/1690 3159/1568/1690 3160/1569/1690
f 3108/1499/1690 3160/1569/1690 3161/1570/1690
f 3161/1570/1690 3162/1571/1690 3108/1499/1690
f 3108/1499/1690 3162/1571/1690 3163/1572/1690
f 3167/1485/1690 3164/1523/1690 3107/1527/1690
f 3149/1573/1051 3175/1574/1051 3150/1367/777
f 3150/1367/777 3175/1574/1051 3176/1575/1051
f 3150/1367/777 3176/1575/1051 3174/662/777
f 3174/662/777 3176/1575/1051 3173/1576/1051
f 3173/1576/780 3176/1575/780 3172/1577/778
f 3172/1577/778 3176/1575/780 3178/1578/778
f 3172/1577/782 3178/1578/782 3171/1579/1052
f 3171/1579/1052 3178/1578/822 3180/1580/1052
f 3171/1579/3442 3180/1580/3442 3170/656/183
f 3170/656/183 3180/1580/3442 3182/1581/183
f 3170/656/785 3182/1581/785 3169/1582/188
f 3169/1582/786 3182/1581/785 3184/1583/786
f 3169/1582/188 3184/1583/188 3168/1584/1505
f 3168/1584/788 3184/1583/188 3183/1585/188
f 3168/1584/788 3183/1585/188 3144/1586/788
f 3144/1586/788 3183/1585/188 3145/1587/188
f 3145/1587/786 3183/1585/786 3146/1588/785
f 3146/1588/785 3183/1585/786 3181/1589/785
f 3146/1588/183 3181/1589/183 3147/1590/3442
f 3147/1590/3442 3181/1589/183 3179/1591/3442
f 3147/1590/176 3179/1591/176 3148/1592/782
f 3148/1592/782 3179/1591/1052 3177/1593/782
f 3148/1592/778 3177/1593/778 3149/1573/780
f 3149/1573/780 3177/1593/778 3175/1574/780
f 3178/1578/778 3176/1575/780 3175/1574/780
f 3178/1578/778 3175/1574/780 3177/1593/778
f 3180/1580/1052 3178/1578/782 3177/1593/782
f 3180/1580/176 3177/1593/782 3179/1591/176
f 3182/1581/183 3180/1580/3442 3179/1591/3442
f 3182/1581/183 3179/1591/3442 3181/1589/183
f 3184/1583/1507 3182/1581/785 3181/1589/785
f 3184/1583/786 3181/1589/785 3183/1585/786
f 3133/1594/105 3209/1595/105 3122/1596/105
f 3122/1596/105 3209/1595/105 181/1597/105
f 3122/1596/105 181/1597/105 180/1598/105
f 3168/1599/105 3275/1600/105 3133/1594/105
f 3133/1594/105 3275/1600/105 3276/1601/105
f 3133/1594/105 3276/1601/105 3277/1602/105
f 3144/1603/105 3293/1604/105 3168/1599/105
f 3168/1599/105 3293/1604/105 25/1605/105
f 3168/1599/3443 25/1605/3443 48/1606/3443
f 3122/1596/105 3239/1607/105 3144/1603/105
f 3144/1603/105 3239/1607/105 3240/1608/105
f 3144/1603/105 3240/1608/105 3241/1609/105
f 3186/1610/105 3220/1611/105 3185/1612/105
f 3185/1612/105 3220/1611/105 3221/1613/105
f 3185/1612/105 3221/1613/105 3222/1614/105
f 3187/1615/105 192/1616/105 3186/1610/105
f 3186/1610/105 192/1616/105 191/1617/105
f 3186/1610/105 191/1617/105 3219/1618/105
f 3219/1618/105 191/1617/105 190/1619/105
f 3219/1618/105 190/1619/105 3218/1620/105
f 3218/1620/105 190/1619/105 189/1621/105
f 3218/1620/105 189/1621/105 3217/1622/105
f 3217/1622/105 189/1621/105 188/1623/105
f 3217/1622/105 188/1623/105 3216/1624/105
f 3216/1624/105 188/1623/105 187/1625/105
f 3216/1624/105 187/1625/105 3215/1626/105
f 3215/1626/105 187/1625/105 186/1627/105
f 3215/1626/105 186/1627/105 3214/1628/105
f 3214/1628/105 186/1627/105 185/1629/105
f 3214/1628/105 185/1629/105 3213/1630/105
f 3213/1630/105 185/1629/105 184/1631/105
f 3213/1630/105 184/1631/105 3212/1632/105
f 3212/1632/105 184/1631/105 183/1633/105
f 3212/1632/105 183/1633/105 3211/1634/105
f 3211/1634/105 183/1633/105 182/1635/105
f 3211/1634/105 182/1635/105 3210/1636/105
f 3210/1636/105 182/1635/105 181/1597/105
f 3210/1636/105 181/1597/105 3209/1595/105
f 192/1616/105 3187/1615/105 169/1637/105
f 169/1637/105 3187/1615/105 3188/1638/105
f 169/1637/105 3188/1638/105 170/1639/105
f 170/1639/105 3188/1638/105 3233/1640/105
f 170/1639/105 3233/1640/105 3234/1641/105
f 3188/1638/105 3189/1642/105 3233/1640/105
f 3233/1640/3443 3189/1642/3443 3256/1643/3443
f 3256/1643/105 3189/1642/105 3255/1644/105
f 3255/1644/105 3189/1642/105 3190/1645/105
f 3255/1644/105 3190/1645/105 3254/1646/105
f 3254/1646/105 3190/1645/105 3253/1647/105
f 3253/1647/105 3190/1645/105 3191/1648/105
f 3253/1647/105 3191/1648/105 3252/1649/105
f 3252/1649/105 3191/1648/105 3251/1650/105
f 3251/1650/105 3191/1648/105 3250/1651/105
f 3250/1651/105 3191/1648/105 3249/1652/105
f 3249/1652/105 3191/1648/105 3192/1653/105
f 3249/1652/105 3192/1653/105 3248/1654/105
f 3248/1654/105 3192/1653/105 3247/1655/105
f 3247/1655/105 3192/1653/105 3193/1656/105
f 3247/1655/105 3193/1656/105 3246/1657/105
f 3246/1657/105 3193/1656/105 3245/1658/105
f 3245/1658/105 3193/1656/105 3194/1659/105
f 3245/1658/105 3194/1659/105 132/1660/105
f 132/1660/105 3194/1659/105 133/1661/105
f 133/1661/105 3194/1659/105 3195/1662/105
f 133/1661/105 3195/1662/105 134/1663/105
f 134/1663/105 3195/1662/105 3196/1664/105
f 134/1663/105 3196/1664/105 135/1665/105
f 135/1665/105 3196/1664/105 3283/1666/105
f 135/1665/105 3283/1666/105 136/1667/105
f 136/1667/105 3283/1666/105 3284/1668/105
f 136/1667/105 3284/1668/105 137/1669/105
f 137/1669/105 3284/1668/105 3285/1670/105
f 137/1669/105 3285/1670/105 138/1671/105
f 138/1671/105 3285/1670/105 3286/1672/105
f 138/1671/105 3286/1672/105 139/1673/105
f 139/1673/105 3286/1672/105 3287/1674/105
f 139/1673/105 3287/1674/105 3288/1675/105
f 3283/1666/105 3196/1664/105 3282/1676/105
f 3282/1676/105 3196/1664/105 3197/1677/105
f 3282/1676/105 3197/1677/105 3281/1678/105
f 3281/1678/105 3197/1677/105 3304/1679/105
f 3304/1679/105 3197/1677/105 3198/1680/105
f 3304/1679/105 3198/1680/105 3303/1681/105
f 3303/1681/105 3198/1680/105 35/1682/105
f 3303/1681/105 35/1682/105 3302/1683/105
f 3302/1683/105 35/1682/105 34/1684/105
f 3302/1683/105 34/1684/105 3301/1685/105
f 3301/1685/105 34/1684/105 33/1686/105
f 3301/1685/105 33/1686/105 3300/1687/105
f 3300/1687/105 33/1686/105 32/1688/105
f 3300/1687/105 32/1688/105 3299/1689/105
f 3299/1689/105 32/1688/105 31/1690/105
f 3299/1689/105 31/1690/105 30/1691/105
f 35/1682/105 3198/1680/105 36/1692/105
f 36/1692/105 3198/1680/105 3199/1693/105
f 36/1692/105 3199/1693/105 37/1694/105
f 37/1694/105 3199/1693/105 3200/1695/105
f 37/1694/105 3200/1695/105 38/1696/105
f 38/1696/105 3200/1695/105 3269/1697/105
f 38/1696/105 3269/1697/105 3270/1698/105
f 3200/1695/105 3201/1699/105 3269/1697/105
f 3269/1697/105 3201/1699/105 3268/1700/105
f 3268/1700/105 3201/1699/105 3267/1701/105
f 3267/1701/105 3201/1699/105 3202/1702/105
f 3267/1701/105 3202/1702/105 3266/1703/105
f 3266/1703/105 3202/1702/105 3265/1704/105
f 3265/1704/105 3202/1702/105 3203/1705/105
f 3265/1704/105 3203/1705/105 3264/1706/105
f 3264/1706/105 3203/1705/105 3263/1707/105
f 3263/1707/105 3203/1705/105 3262/1708/105
f 3262/1708/105 3203/1705/105 3261/1709/105
f 3261/1709/105 3203/1705/105 3204/1710/105
f 3261/1709/105 3204/1710/105 3260/1711/105
f 3260/1711/105 3204/1710/105 3259/1712/105
f 3259/1712/105 3204/1710/105 3205/1713/105
f 3259/1712/105 3205/1713/105 3258/1714/105
f 3258/1714/105 3205/1713/105 3257/1715/105
f 3257/1715/105 3205/1713/105 3206/1716/105
f 3257/1715/105 3206/1716/105 96/1717/105
f 96/1717/105 3206/1716/105 73/1718/105
f 73/1718/105 3206/1716/105 3207/1719/105
f 73/1718/105 3207/1719/105 74/1720/105
f 74/1720/105 3207/1719/105 3208/1721/105
f 74/1720/105 3208/1721/105 75/1722/105
f 75/1722/105 3208/1721/105 3223/1723/105
f 75/1722/105 3223/1723/105 76/1724/105
f 76/1724/105 3223/1723/105 3224/1725/105
f 76/1724/105 3224/1725/105 77/1726/105
f 77/1726/105 3224/1725/105 3225/1727/105
f 77/1726/105 3225/1727/105 78/1728/105
f 78/1728/105 3225/1727/105 3226/1729/105
f 78/1728/105 3226/1729/105 79/1730/105
f 79/1730/105 3226/1729/105 3227/1731/105
f 79/1730/105 3227/1731/105 80/1732/105
f 80/1732/105 3227/1731/105 3228/1733/105
f 80/1732/105 3228/1733/105 81/1734/105
f 81/1734/105 3228/1733/105 3229/1735/105
f 81/1734/105 3229/1735/105 82/1736/105
f 82/1736/105 3229/1735/105 3230/1737/105
f 82/1736/105 3230/1737/105 83/1738/105
f 83/1738/105 3230/1737/105 3231/1739/105
f 83/1738/105 3231/1739/105 84/1740/105
f 84/1740/105 3231/1739/105 3232/1741/105
f 84/1740/3444 3232/1741/3444 85/1742/3444
f 85/1742/105 3232/1741/105 3209/1595/105
f 85/1742/105 3209/1595/105 3133/1594/105
f 3223/1723/105 3208/1721/105 3222/1614/105
f 3222/1614/105 3208/1721/105 3185/1612/105
f 3219/1618/105 3220/1611/105 3186/1610/105
f 170/1639/105 3234/1641/105 171/1743/105
f 171/1743/105 3234/1641/105 3235/1744/105
f 171/1743/105 3235/1744/105 172/1745/105
f 172/1745/105 3235/1744/105 3122/1596/105
f 172/1745/105 3122/1596/105 173/1746/105
f 173/1746/105 3122/1596/105 174/1747/105
f 174/1747/105 3122/1596/105 175/1748/105
f 175/1748/105 3122/1596/105 176/1749/105
f 176/1749/105 3122/1596/105 177/1750/105
f 177/1750/105 3122/1596/105 178/1751/105
f 178/1751/105 3122/1596/105 179/1752/105
f 179/1752/105 3122/1596/105 180/1598/105
f 3235/1744/105 3236/1753/105 3122/1596/105
f 3122/1596/105 3236/1753/105 3237/1754/105
f 3122/1596/105 3237/1754/105 3238/1755/105
f 3238/1755/3445 3239/1607/3445 3122/1596/3445
f 3241/1609/105 3242/1756/105 3144/1603/105
f 3144/1603/105 3242/1756/105 3243/1757/105
f 3144/1603/105 3243/1757/105 130/1758/105
f 130/1758/105 3243/1757/105 131/1759/105
f 131/1759/105 3243/1757/105 3244/1760/105
f 131/1759/105 3244/1760/105 132/1660/105
f 132/1660/105 3244/1760/105 3245/1658/105
f 38/1696/105 3270/1698/105 39/1761/105
f 39/1761/105 3270/1698/105 3271/1762/105
f 39/1761/105 3271/1762/105 40/1763/105
f 40/1763/105 3271/1762/105 3168/1599/105
f 40/1763/105 3168/1599/105 41/1764/105
f 41/1764/105 3168/1599/105 42/1765/105
f 42/1765/105 3168/1599/105 43/1766/105
f 43/1766/105 3168/1599/105 44/1767/105
f 44/1767/105 3168/1599/105 45/1768/105
f 45/1768/105 3168/1599/105 46/1769/105
f 46/1769/105 3168/1599/105 47/1770/105
f 47/1770/105 3168/1599/105 48/1606/105
f 3271/1762/105 3272/1771/105 3168/1599/105
f 3168/1599/105 3272/1771/105 3273/1772/105
f 3168/1599/105 3273/1772/105 3274/1773/105
f 3274/1773/105 3275/1600/105 3168/1599/105
f 3277/1602/105 3278/1774/105 3133/1594/105
f 3133/1594/105 3278/1774/105 3279/1775/105
f 3133/1594/105 3279/1775/105 94/1776/105
f 94/1776/105 3279/1775/105 95/1777/105
f 95/1777/105 3279/1775/105 3280/1778/105
f 95/1777/105 3280/1778/105 96/1717/105
f 96/1717/105 3280/1778/105 3257/1715/105
f 139/1673/105 3288/1675/105 140/1779/105
f 140/1779/105 3288/1675/105 3289/1780/105
f 140/1779/105 3289/1780/105 141/1781/105
f 141/1781/105 3289/1780/105 3290/1782/105
f 141/1781/105 3290/1782/105 142/1783/105
f 142/1783/105 3290/1782/105 3291/1784/105
f 142/1783/105 3291/1784/105 143/1785/105
f 143/1785/105 3291/1784/105 3292/1786/105
f 143/1785/105 3292/1786/105 144/1787/105
f 144/1787/105 3292/1786/105 121/1788/105
f 121/1788/105 3292/1786/105 3293/1604/105
f 121/1788/105 3293/1604/105 3144/1603/105
f 3293/1604/105 3294/1789/105 25/1605/105
f 25/1605/3446 3294/1789/3446 26/1790/3446
f 26/1790/105 3294/1789/105 3295/1791/105
f 26/1790/105 3295/1791/105 27/1792/105
f 27/1792/105 3295/1791/105 3296/1793/105
f 27/1792/105 3296/1793/105 28/1794/105
f 28/1794/105 3296/1793/105 3297/1795/105
f 28/1794/105 3297/1795/105 29/1796/105
f 29/1796/105 3297/1795/105 3298/1797/105
f 29/1796/105 3298/1797/105 30/1691/105
f 30/1691/105 3298/1797/105 3299/1689/105
f 130/1758/105 129/1798/105 3144/1603/105
f 3144/1603/105 129/1798/105 128/1799/105
f 3144/1603/105 128/1799/105 127/1800/105
f 127/1800/105 126/1801/105 3144/1603/105
f 3144/1603/105 126/1801/105 125/1802/105
f 3144/1603/105 125/1802/105 124/1803/105
f 124/1803/105 123/1804/105 3144/1603/105
f 3144/1603/3447 123/1804/3447 122/1805/3447
f 3144/1603/105 122/1805/105 121/1788/105
f 94/1776/105 93/1806/105 3133/1594/105
f 3133/1594/105 93/1806/105 92/1807/105
f 3133/1594/105 92/1807/105 91/1808/105
f 91/1808/105 90/1809/105 3133/1594/105
f 3133/1594/105 90/1809/105 89/1810/105
f 3133/1594/105 89/1810/105 88/1811/105
f 88/1811/105 87/1812/105 3133/1594/105
f 3133/1594/105 87/1812/105 86/1813/105
f 3133/1594/105 86/1813/105 85/1742/105
f 3158/1814/1060 1221/1815/1060 3159/1816/1061
f 3159/1816/1061 1221/1815/1060 2725/1817/1061
f 3159/1816/810 2725/1817/810 3160/668/1058
f 3160/668/1058 2725/1817/810 2724/1818/1058
f 3160/668/808 2724/1818/808 3161/1819/807
f 3161/1819/807 2724/1818/808 2723/1820/807
f 3161/1819/238 2723/1820/238 3162/1821/1055
f 3162/1821/806 2723/1820/1090 2722/1822/806
f 3162/1821/233 2722/1822/233 3163/1823/805
f 3163/1823/805 2722/1822/1467 2721/1824/805
f 3163/1823/226 2721/1824/226 3108/662/803
f 3108/662/803 2721/1824/226 2695/1825/803
f 3151/30/775 2751/1826/775 3152/36/1050
f 3152/36/1050 2751/1826/775 2761/1827/1050
f 3152/36/280 2761/1827/280 3153/42/817
f 3153/42/817 2761/1827/280 2760/1828/817
f 3153/42/275 2760/1828/275 3154/48/816
f 3154/48/1415 2760/1828/1067 2759/1829/1415
f 3154/48/270 2759/1829/270 3155/4/1064
f 3155/4/1064 2759/1829/270 2758/1830/1064
f 3155/4/851 2758/1830/851 3156/1831/814
f 3156/1831/814 2758/1830/3298 2757/1832/814
f 3156/1831/850 2757/1832/850 3157/1814/1062
f 3157/1814/1062 2757/1832/850 1222/1815/1062
f 2751/1366/52 3151/1365/52 2658/1364/52
f 2658/1364/52 3151/1365/52 3150/776/52
f 2658/1364/52 3150/776/52 2659/1363/52
f 2659/1363/52 3150/776/52 2660/1362/52
f 2660/1362/52 3150/776/52 2661/1361/52
f 2661/1361/52 3150/776/52 2662/1360/52
f 2662/1360/52 3150/776/52 2663/1359/52
f 2663/1359/52 3150/776/52 2664/1357/52
f 2664/1357/52 3150/776/52 3174/30/52
f 2664/1357/52 3174/30/52 2855/1356/52
f 2855/1356/52 3174/30/52 2856/1355/52
f 2856/1355/52 3174/30/52 2857/1354/52
f 2857/1354/52 3174/30/52 2858/1353/52
f 2858/1353/52 3174/30/52 2859/1352/52
f 2859/1352/52 3174/30/52 2860/1351/52
f 2860/1351/52 3174/30/52 2861/1348/52
f 2861/1348/52 3174/30/52 3116/1349/52
f 2861/1348/52 3116/1349/52 2903/1347/52
f 2348/1346/52 2420/1345/52 2375/1344/52
f 2375/1344/52 2420/1345/52 2539/1343/52
f 2347/1833/812 3371/1607/812 2348/1834/812
f 2348/1834/812 3371/1607/812 3372/1608/812
f 2348/1834/812 3372/1608/812 3373/1609/812
f 2421/1835/812 3413/1595/812 2347/1833/812
f 2347/1833/812 3413/1595/812 97/1597/812
f 2347/1833/812 97/1597/812 120/1598/812
f 2420/1836/812 3383/1600/812 2421/1835/812
f 2421/1835/812 3383/1600/812 3384/1601/812
f 2421/1835/812 3384/1601/812 3385/1602/812
f 2348/1834/812 3329/1604/812 2420/1836/812
f 2420/1836/812 3329/1604/812 61/1605/812
f 2420/1836/812 61/1605/812 60/1606/812
f 3306/1680/812 3340/1679/812 3305/1677/812
f 3305/1677/812 3340/1679/812 3341/1678/812
f 3305/1677/812 3341/1678/812 3342/1676/812
f 3307/1693/812 72/1692/812 3306/1680/812
f 3306/1680/812 72/1692/812 71/1682/812
f 3306/1680/812 71/1682/812 3339/1681/812
f 3339/1681/812 71/1682/812 70/1684/812
f 3339/1681/812 70/1684/812 3338/1683/812
f 3338/1683/812 70/1684/812 69/1686/812
f 3338/1683/812 69/1686/812 3337/1685/812
f 3337/1685/812 69/1686/812 68/1688/812
f 3337/1685/812 68/1688/812 3336/1687/812
f 3336/1687/812 68/1688/812 67/1690/812
f 3336/1687/812 67/1690/812 3335/1689/812
f 3335/1689/812 67/1690/812 66/1691/812
f 3335/1689/812 66/1691/812 3334/1797/812
f 3334/1797/812 66/1691/812 65/1796/812
f 3334/1797/812 65/1796/812 3333/1795/812
f 3333/1795/812 65/1796/812 64/1794/812
f 3333/1795/812 64/1794/812 3332/1793/812
f 3332/1793/812 64/1794/812 63/1792/812
f 3332/1793/812 63/1792/812 3331/1791/812
f 3331/1791/812 63/1792/812 62/1790/812
f 3331/1791/812 62/1790/812 3330/1789/812
f 3330/1789/812 62/1790/812 61/1605/812
f 3330/1789/812 61/1605/812 3329/1604/812
f 72/1692/812 3307/1693/812 49/1694/812
f 49/1694/812 3307/1693/812 3308/1695/812
f 49/1694/812 3308/1695/812 50/1696/812
f 50/1696/812 3308/1695/812 3377/1697/812
f 50/1696/812 3377/1697/812 3378/1698/812
f 3308/1695/812 3309/1699/812 3377/1697/812
f 3377/1697/3448 3309/1699/3448 3400/1700/3448
f 3400/1700/812 3309/1699/812 3399/1701/812
f 3399/1701/812 3309/1699/812 3310/1702/812
f 3399/1701/812 3310/1702/812 3398/1703/812
f 3398/1703/812 3310/1702/812 3397/1704/812
f 3397/1704/812 3310/1702/812 3396/1706/812
f 3396/1706/812 3310/1702/812 3311/1705/812
f 3396/1706/812 3311/1705/812 3395/1707/812
f 3395/1707/812 3311/1705/812 3394/1708/812
f 3394/1708/812 3311/1705/812 3312/1710/812
f 3394/1708/812 3312/1710/812 3393/1709/812
f 3393/1709/812 3312/1710/812 3392/1711/812
f 3392/1711/812 3312/1710/812 3391/1712/812
f 3391/1712/812 3312/1710/812 3313/1713/812
f 3391/1712/812 3313/1713/812 3390/1714/812
f 3390/1714/812 3313/1713/812 3389/1715/812
f 3389/1715/812 3313/1713/812 3314/1716/812
f 3389/1715/812 3314/1716/812 12/1717/812
f 12/1717/812 3314/1716/812 13/1718/812
f 13/1718/812 3314/1716/812 3315/1719/812
f 13/1718/812 3315/1719/812 14/1720/812
f 14/1720/812 3315/1719/812 3316/1721/812
f 14/1720/812 3316/1721/812 15/1722/812
f 15/1722/812 3316/1721/812 3403/1723/812
f 15/1722/812 3403/1723/812 16/1724/812
f 16/1724/812 3403/1723/812 3404/1725/812
f 16/1724/812 3404/1725/812 17/1726/812
f 17/1726/812 3404/1725/812 3405/1727/812
f 17/1726/812 3405/1727/812 18/1728/812
f 18/1728/812 3405/1727/812 3406/1729/812
f 18/1728/812 3406/1729/812 19/1730/812
f 19/1730/812 3406/1729/812 3407/1731/812
f 19/1730/812 3407/1731/812 20/1732/812
f 20/1732/812 3407/1731/812 3408/1733/812
f 20/1732/812 3408/1733/812 21/1734/812
f 21/1734/812 3408/1733/812 3409/1735/812
f 21/1734/812 3409/1735/812 22/1736/812
f 22/1736/812 3409/1735/812 3410/1737/812
f 22/1736/812 3410/1737/812 23/1738/812
f 23/1738/812 3410/1737/812 3411/1739/812
f 23/1738/812 3411/1739/812 24/1740/812
f 24/1740/812 3411/1739/812 3412/1741/812
f 24/1740/812 3412/1741/812 1/1742/812
f 1/1742/812 3412/1741/812 3413/1595/812
f 1/1742/812 3413/1595/812 2421/1835/812
f 3403/1723/812 3316/1721/812 3402/1614/812
f 3402/1614/812 3316/1721/812 3317/1612/812
f 3402/1614/812 3317/1612/812 3401/1613/812
f 3401/1613/812 3317/1612/812 3424/1611/812
f 3424/1611/812 3317/1612/812 3318/1610/812
f 3424/1611/812 3318/1610/812 3423/1618/812
f 3423/1618/812 3318/1610/812 107/1617/812
f 3423/1618/812 107/1617/812 106/1619/812
f 107/1617/812 3318/1610/812 108/1616/812
f 108/1616/812 3318/1610/812 3319/1615/812
f 108/1616/812 3319/1615/812 109/1637/812
f 109/1637/812 3319/1615/812 3320/1638/812
f 109/1637/812 3320/1638/812 110/1639/812
f 110/1639/812 3320/1638/812 3365/1640/812
f 110/1639/812 3365/1640/812 3366/1641/812
f 3320/1638/812 3321/1642/812 3365/1640/812
f 3365/1640/812 3321/1642/812 3364/1643/812
f 3364/1643/812 3321/1642/812 3363/1644/812
f 3363/1644/812 3321/1642/812 3322/1645/812
f 3363/1644/812 3322/1645/812 3362/1646/812
f 3362/1646/812 3322/1645/812 3361/1647/812
f 3361/1647/812 3322/1645/812 3360/1649/812
f 3360/1649/812 3322/1645/812 3323/1648/812
f 3360/1649/812 3323/1648/812 3359/1650/812
f 3359/1650/812 3323/1648/812 3358/1651/812
f 3358/1651/812 3323/1648/812 3324/1653/812
f 3358/1651/812 3324/1653/812 3357/1652/812
f 3357/1652/812 3324/1653/812 3356/1654/812
f 3356/1654/812 3324/1653/812 3355/1655/812
f 3355/1655/812 3324/1653/812 3325/1656/812
f 3355/1655/812 3325/1656/812 3354/1657/812
f 3354/1657/3448 3325/1656/3448 3353/1658/3448
f 3353/1658/812 3325/1656/812 3326/1659/812
f 3353/1658/812 3326/1659/812 168/1660/812
f 168/1660/812 3326/1659/812 145/1661/812
f 145/1661/812 3326/1659/812 3327/1662/812
f 145/1661/812 3327/1662/812 146/1663/812
f 146/1663/812 3327/1662/812 3328/1664/812
f 146/1663/812 3328/1664/812 147/1665/812
f 147/1665/812 3328/1664/812 3343/1666/812
f 147/1665/812 3343/1666/812 148/1667/812
f 148/1667/812 3343/1666/812 3344/1668/812
f 148/1667/812 3344/1668/812 149/1669/812
f 149/1669/812 3344/1668/812 3345/1670/812
f 149/1669/812 3345/1670/812 150/1671/812
f 150/1671/812 3345/1670/812 3346/1672/812
f 150/1671/812 3346/1672/812 151/1673/812
f 151/1673/812 3346/1672/812 3347/1674/812
f 151/1673/812 3347/1674/812 152/1779/812
f 152/1779/812 3347/1674/812 3348/1675/812
f 152/1779/812 3348/1675/812 153/1781/812
f 153/1781/812 3348/1675/812 3349/1780/812
f 153/1781/812 3349/1780/812 154/1783/812
f 154/1783/812 3349/1780/812 3350/1782/812
f 154/1783/812 3350/1782/812 155/1785/812
f 155/1785/812 3350/1782/812 3351/1784/812
f 155/1785/812 3351/1784/812 156/1787/812
f 156/1787/812 3351/1784/812 3352/1786/812
f 156/1787/812 3352/1786/812 157/1788/812
f 157/1788/812 3352/1786/812 3329/1604/812
f 157/1788/812 3329/1604/812 2348/1834/812
f 3343/1666/812 3328/1664/812 3342/1676/812
f 3342/1676/812 3328/1664/812 3305/1677/812
f 3339/1681/812 3340/1679/812 3306/1680/812
f 3367/1744/812 112/1745/812 3366/1641/812
f 3366/1641/812 112/1745/812 111/1743/812
f 3366/1641/812 111/1743/812 110/1639/812
f 112/1745/812 3367/1744/812 2347/1833/812
f 2347/1833/812 3367/1744/812 3368/1753/812
f 2347/1833/812 3368/1753/812 3369/1754/812
f 3369/1754/812 3370/1755/812 2347/1833/812
f 2347/1833/812 3370/1755/812 3371/1607/812
f 3373/1609/3424 3374/1756/3424 2348/1834/3424
f 2348/1834/812 3374/1756/812 3375/1757/812
f 2348/1834/812 3375/1757/812 166/1758/812
f 166/1758/812 3375/1757/812 3376/1760/812
f 166/1758/812 3376/1760/812 167/1759/812
f 167/1759/812 3376/1760/812 168/1660/812
f 168/1660/812 3376/1760/812 3353/1658/812
f 3379/1762/812 52/1763/812 3378/1698/812
f 3378/1698/812 52/1763/812 51/1761/812
f 3378/1698/812 51/1761/812 50/1696/812
f 52/1763/812 3379/1762/812 2420/1836/812
f 2420/1836/812 3379/1762/812 3380/1771/812
f 2420/1836/812 3380/1771/812 3381/1772/812
f 3381/1772/812 3382/1773/812 2420/1836/812
f 2420/1836/812 3382/1773/812 3383/1600/812
f 3385/1602/812 3386/1774/812 2421/1835/812
f 2421/1835/812 3386/1774/812 3387/1775/812
f 2421/1835/812 3387/1775/812 10/1776/812
f 10/1776/812 3387/1775/812 3388/1778/812
f 10/1776/812 3388/1778/812 11/1777/812
f 11/1777/812 3388/1778/812 12/1717/812
f 12/1717/812 3388/1778/812 3389/1715/812
f 3413/1595/812 3414/1636/812 97/1597/812
f 97/1597/812 3414/1636/812 98/1635/812
f 98/1635/812 3414/1636/812 99/1633/812
f 99/1633/812 3414/1636/812 3415/1634/812
f 99/1633/812 3415/1634/812 100/1631/812
f 100/1631/812 3415/1634/812 3416/1632/812
f 100/1631/812 3416/1632/812 101/1629/812
f 101/1629/812 3416/1632/812 3417/1630/812
f 101/1629/812 3417/1630/812 102/1627/812
f 102/1627/812 3417/1630/812 3418/1628/812
f 102/1627/812 3418/1628/812 103/1625/812
f 103/1625/812 3418/1628/812 3419/1626/812
f 103/1625/812 3419/1626/812 3420/1624/812
f 103/1625/812 3420/1624/812 104/1623/812
f 104/1623/812 3420/1624/812 3421/1622/812
f 104/1623/812 3421/1622/812 105/1621/812
f 105/1621/812 3421/1622/812 3422/1620/812
f 105/1621/812 3422/1620/812 106/1619/812
f 106/1619/812 3422/1620/812 3423/1618/812
f 166/1758/812 165/1798/812 2348/1834/812
f 2348/1834/812 165/1798/812 164/1799/812
f 2348/1834/812 164/1799/812 163/1800/812
f 163/1800/812 162/1801/812 2348/1834/812
f 2348/1834/812 162/1801/812 161/1802/812
f 2348/1834/812 161/1802/812 160/1803/812
f 160/1803/812 159/1804/812 2348/1834/812
f 2348/1834/812 159/1804/812 158/1805/812
f 2348/1834/812 158/1805/812 157/1788/812
f 120/1598/812 119/1752/812 2347/1833/812
f 2347/1833/812 119/1752/812 118/1751/812
f 2347/1833/812 118/1751/812 117/1750/812
f 117/1750/812 116/1749/812 2347/1833/812
f 2347/1833/812 116/1749/812 115/1748/812
f 2347/1833/812 115/1748/812 114/1747/812
f 114/1747/812 113/1746/812 2347/1833/812
f 2347/1833/812 113/1746/812 112/1745/812
f 60/1606/812 59/1770/812 2420/1836/812
f 2420/1836/812 59/1770/812 58/1769/812
f 2420/1836/812 58/1769/812 57/1768/812
f 57/1768/812 56/1767/812 2420/1836/812
f 2420/1836/812 56/1767/812 55/1766/812
f 2420/1836/812 55/1766/812 54/1765/812
f 54/1765/812 53/1764/812 2420/1836/812
f 2420/1836/812 53/1764/812 52/1763/812
f 10/1776/812 9/1806/812 2421/1835/812
f 2421/1835/812 9/1806/812 8/1807/812
f 2421/1835/812 8/1807/812 7/1808/812
f 7/1808/812 6/1809/812 2421/1835/812
f 2421/1835/812 6/1809/812 5/1810/812
f 2421/1835/812 5/1810/812 4/1811/812
f 4/1811/812 3/1812/812 2421/1835/812
f 2421/1835/812 3/1812/812 2/1813/812
f 2421/1835/812 2/1813/812 1/1742/812
f 227/1837/812 245/1838/812 228/1839/812
f 228/1839/812 245/1838/812 244/1840/812
f 228/1839/812 244/1840/812 229/1841/812
f 229/1841/812 244/1840/812 243/1842/812
f 229/1841/812 243/1842/812 230/1843/812
f 230/1843/812 243/1842/812 242/1844/812
f 230/1843/812 242/1844/812 231/1845/812
f 231/1845/812 242/1844/812 241/1846/812
f 231/1845/812 241/1846/812 232/1847/812
f 232/1847/812 241/1846/812 240/1848/812
f 232/1847/812 240/1848/812 233/1849/812
f 233/1849/812 240/1848/812 239/1850/812
f 233/1849/812 239/1850/812 3166/30/812
f 3166/30/812 239/1850/812 3167/1156/812
f 1730/1851/812 1729/1852/812 2317/1853/812
f 2317/1853/812 1729/1852/812 2333/1854/812
f 2317/1853/812 2333/1854/812 2318/1855/812
f 2318/1855/812 2333/1854/812 2332/1856/812
f 2318/1855/812 2332/1856/812 2319/1857/812
f 2319/1857/812 2332/1856/812 2331/1858/812
f 2319/1857/812 2331/1858/812 2320/1859/812
f 2320/1859/812 2331/1858/812 2330/1860/812
f 2320/1859/812 2330/1860/812 2321/1861/812
f 2321/1861/812 2330/1860/812 2329/1862/812
f 2321/1861/812 2329/1862/812 2322/1863/812
f 2322/1863/812 2329/1862/812 2328/1864/812
f 2322/1863/812 2328/1864/812 3426/1865/812
f 3426/1865/812 2328/1864/812 3425/1866/812
f 239/1849/52 213/1867/52 3167/30/52
f 3167/30/52 213/1867/52 3164/1868/52
f 2302/1869/52 2322/1864/52 3427/1870/52
f 3427/1870/52 2322/1864/52 3426/1866/52
f 212/1849/132 233/1867/132 3165/30/132
f 3165/30/132 233/1867/132 3166/1868/132
f 213/1849/105 212/1850/105 3164/30/105
f 3164/30/105 212/1850/105 3165/1156/105
f 2303/1863/105 2302/1864/105 3428/1865/105
f 3428/1865/105 2302/1864/105 3427/1866/105
f 2328/1869/132 2303/1864/132 3425/1870/132
f 3425/1870/132 2303/1864/132 3428/1866/132
f 1221/1871/812 3158/1872/812 1222/1873/812
f 1222/1873/812 3158/1872/812 3157/1874/812
f 3208/1875/2054 3306/658/2054 3185/1876/29
f 3185/1876/29 3306/658/2054 3305/656/29
f 3185/1877/27 3305/654/27 3186/1878/137
f 3186/1878/137 3305/654/27 3328/652/137
f 3186/1878/25 3328/652/25 3187/1879/24
f 3187/1879/24 3328/652/25 3327/686/24
f 3187/1879/23 3327/686/23 3188/1880/22
f 3188/1880/22 3327/686/23 3326/684/22
f 3188/1880/57 3326/684/57 3189/1881/20
f 3189/1881/20 3326/684/57 3325/682/20
f 3189/1881/19 3325/682/19 3190/1882/18
f 3190/1882/18 3325/682/19 3324/680/18
f 3190/1882/17 3324/680/17 3191/1883/16
f 3191/1883/16 3324/680/17 3323/678/16
f 3191/1883/15 3323/678/15 3192/1884/14
f 3192/1884/14 3323/678/15 3322/676/14
f 3192/1884/13 3322/676/13 3193/1885/12
f 3193/1885/12 3322/676/13 3321/674/12
f 3193/1885/10 3321/674/10 3194/5/118
f 3194/5/118 3321/674/10 3320/6/118
f 3194/5/134 3320/6/134 3195/13/7
f 3195/13/7 3320/6/134 3319/14/7
f 3195/13/6 3319/14/6 3196/21/5
f 3196/21/5 3319/14/6 3318/22/5
f 3196/21/4 3318/22/4 3197/29/3
f 3197/29/3 3318/22/4 3317/30/3
f 3197/29/2 3317/30/2 3198/37/1475
f 3198/37/1475 3317/30/2 3316/38/1475
f 3198/37/51 3316/38/51 3199/45/50
f 3199/45/50 3316/38/51 3315/46/50
f 3199/45/49 3315/46/49 3200/3/2194
f 3200/3/2194 3315/46/49 3314/4/2194
f 3200/3/47 3314/4/47 3201/1886/46
f 3201/1886/46 3314/4/47 3313/672/46
f 3201/1886/45 3313/672/45 3202/1887/44
f 3202/1887/44 3313/672/45 3312/670/44
f 3202/1887/59 3312/670/59 3203/1888/42
f 3203/1888/42 3312/670/59 3311/668/42
f 3203/1888/41 3311/668/41 3204/1889/58
f 3204/1889/58 3311/668/41 3310/666/58
f 3204/1889/39 3310/666/39 3205/1890/38
f 3205/1890/38 3310/666/39 3309/664/38
f 3205/1890/37 3309/664/37 3206/1891/2578
f 3206/1891/2578 3309/664/37 3308/662/2578
f 3206/1891/35 3308/662/35 3207/1892/34
f 3207/1892/34 3308/662/35 3307/660/34
f 3207/1892/33 3307/660/33 3208/1875/32
f 3208/1875/32 3307/660/33 3306/658/32
f 3232/1/31 3330/2/31 3209/3/29
f 3209/3/29 3330/2/30 3329/4/52
f 3209/5/27 3329/6/27 3210/7/28
f 3210/7/26 3329/6/27 3352/8/26
f 3210/7/25 3352/8/25 3211/9/24
f 3211/9/24 3352/8/26 3351/10/24
f 3211/9/23 3351/10/23 3212/11/22
f 3212/11/22 3351/10/23 3350/12/22
f 3212/11/21 3350/12/21 3213/13/20
f 3213/13/20 3350/12/21 3349/14/20
f 3213/13/19 3349/14/19 3214/15/18
f 3214/15/18 3349/14/19 3348/16/18
f 3214/15/156 3348/16/156 3215/17/16
f 3215/17/16 3348/16/156 3347/18/16
f 3215/17/15 3347/18/15 3216/19/112
f 3216/19/112 3347/18/15 3346/20/112
f 3216/19/13 3346/20/13 3217/21/12
f 3217/21/3449 3346/20/13 3345/22/3449
f 3217/21/10 3345/22/10 3218/23/9
f 3218/23/11 3345/22/10 3344/24/11
f 3218/23/8 3344/24/8 3219/25/7
f 3219/25/7 3344/24/8 3343/26/7
f 3219/25/6 3343/26/6 3220/27/5
f 3220/27/5 3343/26/6 3342/28/5
f 3220/27/4 3342/28/4 3221/29/3
f 3221/29/3 3342/28/4 3341/30/3
f 3221/29/2 3341/30/2 3222/31/1475
f 3222/31/1475 3341/30/2 3340/32/1475
f 3222/31/51 3340/32/51 3223/33/50
f 3223/33/50 3340/32/51 3339/34/50
f 3223/33/49 3339/34/49 3224/35/48
f 3224/35/48 3339/34/49 3338/36/48
f 3224/35/47 3338/36/47 3225/37/46
f 3225/37/46 3338/36/47 3337/38/46
f 3225/37/45 3337/38/45 3226/39/44
f 3226/39/44 3337/38/45 3336/40/44
f 3226/39/43 3336/40/43 3227/41/42
f 3227/41/42 3336/40/43 3335/42/42
f 3227/41/41 3335/42/41 3228/43/40
f 3228/43/40 3335/42/41 3334/44/40
f 3228/43/39 3334/44/39 3229/45/38
f 3229/45/38 3334/44/39 3333/46/38
f 3229/45/55 3333/46/55 3230/47/36
f 3230/47/54 3333/46/37 3332/48/54
f 3230/47/35 3332/48/35 3231/49/34
f 3231/49/34 3332/48/35 3331/50/34
f 3231/49/33 3331/50/33 3232/1/31
f 3232/1/32 3331/50/33 3330/2/32
f 3256/1/30 3354/2/30 3233/3/52
f 3233/3/29 3354/2/31 3353/4/29
f 3233/5/27 3353/6/27 3234/7/26
f 3234/7/28 3353/6/52 3376/8/28
f 3234/7/25 3376/8/25 3235/9/24
f 3235/9/24 3376/8/25 3375/10/24
f 3235/9/23 3375/10/23 3236/11/22
f 3236/11/22 3375/10/23 3374/12/22
f 3236/11/21 3374/12/21 3237/13/149
f 3237/13/20 3374/12/627 3373/14/20
f 3237/13/19 3373/14/19 3238/15/18
f 3238/15/18 3373/14/19 3372/16/18
f 3238/15/156 3372/16/156 3239/17/16
f 3239/17/16 3372/16/156 3371/18/16
f 3239/17/15 3371/18/15 3240/19/112
f 3240/19/112 3371/18/15 3370/20/112
f 3240/19/13 3370/20/13 3241/21/12
f 3241/21/12 3370/20/13 3369/22/12
f 3241/21/10 3369/22/10 3242/23/118
f 3242/23/118 3369/22/10 3368/24/118
f 3242/23/8 3368/24/8 3243/25/7
f 3243/25/7 3368/24/8 3367/26/7
f 3243/25/6 3367/26/6 3244/27/5
f 3244/27/5 3367/26/6 3366/28/5
f 3244/27/4 3366/28/4 3245/29/3
f 3245/29/3 3366/28/4 3365/30/3
f 3245/29/2 3365/30/2 3246/31/1475
f 3246/31/1475 3365/30/2 3364/32/1475
f 3246/31/51 3364/32/51 3247/33/50
f 3247/33/50 3364/32/51 3363/34/50
f 3247/33/49 3363/34/49 3248/35/48
f 3248/35/48 3363/34/49 3362/36/48
f 3248/35/47 3362/36/47 3249/37/46
f 3249/37/46 3362/36/47 3361/38/46
f 3249/37/45 3361/38/45 3250/39/44
f 3250/39/44 3361/38/45 3360/40/44
f 3250/39/59 3360/40/59 3251/41/42
f 3251/41/42 3360/40/59 3359/42/42
f 3251/41/41 3359/42/41 3252/43/58
f 3252/43/58 3359/42/41 3358/44/58
f 3252/43/39 3358/44/39 3253/45/38
f 3253/45/38 3358/44/39 3357/46/38
f 3253/45/37 3357/46/37 3254/47/36
f 3254/47/36 3357/46/37 3356/48/36
f 3254/47/35 3356/48/35 3255/49/34
f 3255/49/34 3356/48/35 3355/50/34
f 3255/49/33 3355/50/33 3256/1/32
f 3256/1/32 3355/50/33 3354/2/32
f 3280/1/30 3378/2/30 3257/3/52
f 3257/3/29 3378/2/31 3377/4/29
f 3257/5/27 3377/6/27 3258/7/26
f 3258/7/28 3377/6/27 3400/8/28
f 3258/7/25 3400/8/25 3259/9/24
f 3259/9/24 3400/8/25 3399/10/24
f 3259/9/23 3399/10/23 3260/11/22
f 3260/11/22 3399/10/23 3398/12/22
f 3260/11/21 3398/12/21 3261/13/20
f 3261/13/20 3398/12/21 3397/14/20
f 3261/13/19 3397/14/19 3262/15/18
f 3262/15/18 3397/14/19 3396/16/18
f 3262/15/156 3396/16/156 3263/17/16
f 3263/17/16 3396/16/156 3395/18/16
f 3263/17/15 3395/18/15 3264/19/112
f 3264/19/112 3395/18/15 3394/20/112
f 3264/19/13 3394/20/13 3265/21/12
f 3265/21/12 3394/20/13 3393/22/12
f 3265/21/10 3393/22/10 3266/23/11
f 3266/23/9 3393/22/10 3392/24/9
f 3266/23/8 3392/24/8 3267/25/7
f 3267/25/7 3392/24/8 3391/26/7
f 3267/25/6 3391/26/6 3268/27/5
f 3268/27/5 3391/26/6 3390/28/5
f 3268/27/133 3390/28/133 3269/29/3
f 3269/29/3 3390/28/133 3389/30/3
f 3269/29/2 3389/30/2 3270/31/1475
f 3270/31/1475 3389/30/2 3388/32/1475
f 3270/31/51 3388/32/51 3271/33/50
f 3271/33/50 3388/32/51 3387/34/50
f 3271/33/49 3387/34/49 3272/35/2194
f 3272/35/2194 3387/34/2145 3386/36/2194
f 3272/35/47 3386/36/47 3273/37/46
f 3273/37/46 3386/36/47 3385/38/46
f 3273/37/45 3385/38/45 3274/39/44
f 3274/39/44 3385/38/45 3384/40/44
f 3274/39/43 3384/40/43 3275/41/42
f 3275/41/42 3384/40/43 3383/42/42
f 3275/41/41 3383/42/41 3276/43/40
f 3276/43/40 3383/42/41 3382/44/40
f 3276/43/39 3382/44/39 3277/45/38
f 3277/45/38 3382/44/39 3381/46/38
f 3277/45/37 3381/46/37 3278/47/36
f 3278/47/36 3381/46/37 3380/48/36
f 3278/47/1811 3380/48/1811 3279/49/34
f 3279/49/1990 3380/48/1811 3379/50/1990
f 3279/49/33 3379/50/33 3280/1/32
f 3280/1/32 3379/50/33 3378/2/32
f 3304/1/31 3402/2/31 3281/3/29
f 3281/3/29 3402/2/30 3401/4/29
f 3281/5/27 3401/6/27 3282/7/28
f 3282/7/26 3401/6/27 3424/8/26
f 3282/7/25 3424/8/25 3283/9/24
f 3283/9/24 3424/8/25 3423/10/24
f 3283/9/23 3423/10/23 3284/11/22
f 3284/11/22 3423/10/23 3422/12/22
f 3284/11/21 3422/12/21 3285/13/20
f 3285/13/20 3422/12/21 3421/14/20
f 3285/13/19 3421/14/19 3286/15/18
f 3286/15/18 3421/14/19 3420/16/18
f 3286/15/156 3420/16/156 3287/17/16
f 3287/17/16 3420/16/156 3419/18/16
f 3287/17/15 3419/18/15 3288/19/112
f 3288/19/112 3419/18/15 3418/20/112
f 3288/19/13 3418/20/13 3289/21/12
f 3289/21/12 3418/20/13 3417/22/12
f 3289/21/10 3417/22/10 3290/23/11
f 3290/23/9 3417/22/10 3416/24/9
f 3290/23/8 3416/24/8 3291/25/7
f 3291/25/7 3416/24/8 3415/26/7
f 3291/25/6 3415/26/6 3292/27/5
f 3292/27/5 3415/26/6 3414/28/5
f 3292/27/4 3414/28/4 3293/29/3
f 3293/29/3 3414/28/4 3413/30/3
f 3293/29/2 3413/30/2 3294/31/1475
f 3294/31/1475 3413/30/2 3412/32/1475
f 3294/31/51 3412/32/51 3295/33/50
f 3295/33/50 3412/32/51 3411/34/50
f 3295/33/49 3411/34/49 3296/35/48
f 3296/35/48 3411/34/49 3410/36/48
f 3296/35/47 3410/36/47 3297/37/46
f 3297/37/46 3410/36/47 3409/38/46
f 3297/37/45 3409/38/45 3298/39/44
f 3298/39/44 3409/38/45 3408/40/44
f 3298/39/43 3408/40/43 3299/41/42
f 3299/41/42 3408/40/43 3407/42/42
f 3299/41/41 3407/42/41 3300/43/40
f 3300/43/40 3407/42/41 3406/44/40
f 3300/43/39 3406/44/39 3301/45/38
f 3301/45/38 3406/44/39 3405/46/38
f 3301/45/37 3405/46/37 3302/47/36
f 3302/47/36 3405/46/37 3404/48/36
f 3302/47/35 3404/48/35 3303/49/34
f 3303/49/34 3404/48/35 3403/50/34
f 3303/49/33 3403/50/33 3304/1/32
f 3304/1/32 3403/50/33 3402/2/32
f 3132/1893/74 3106/1350/74 3133/1894/74
f 3133/1894/74 3106/1350/74 3426/1484/74
f 3133/1894/74 3426/1484/74 3168/1895/74
f 3168/1895/74 3426/1484/74 3425/1485/74
f 3168/1895/74 3425/1485/74 3428/1523/74
f 3132/1893/74 3131/1896/74 3106/1350/74
f 3106/1350/74 3131/1896/74 3130/1897/74
f 3106/1350/74 3130/1897/74 3129/1898/74
f 3129/1898/74 3128/1899/74 3106/1350/74
f 3105/1349/74 1948/1478/74 3106/1350/74
f 3106/1350/74 1948/1478/74 1947/1479/74
f 3106/1350/74 1947/1479/74 1946/1480/74
f 3114/1473/74 3113/1472/74 3105/1349/74
f 3105/1349/74 3113/1472/74 3112/1471/74
f 3105/1349/74 3112/1471/74 3111/1470/74
f 3111/1470/74 3110/1469/74 3105/1349/74
f 3105/1349/74 3110/1469/74 3109/1445/74
f 3105/1349/74 3109/1445/74 1929/1468/74
f 1929/1468/74 3109/1445/74 1930/1467/74
f 1930/1467/74 3109/1445/74 1931/1466/74
f 1931/1466/74 3109/1445/74 1932/1465/74
f 1932/1465/74 3109/1445/74 2095/1463/74
f 1932/1465/74 2095/1463/74 1933/1464/74
f 1933/1464/74 2095/1463/74 1934/1462/74
f 1934/1462/74 2095/1463/74 2094/1460/74
f 1934/1462/74 2094/1460/74 1935/1461/74
f 1935/1461/74 2094/1460/74 1936/1459/74
f 1936/1459/74 2094/1460/74 2093/1458/74
f 1936/1459/74 2093/1458/74 1937/1457/74
f 1937/1457/74 2093/1458/74 1938/1456/74
f 1938/1456/74 2093/1458/74 2116/1495/74
f 1938/1456/74 2116/1495/74 1939/1496/74
f 1939/1496/74 2116/1495/74 1940/1494/74
f 1940/1494/74 2116/1495/74 2115/1490/74
f 1940/1494/74 2115/1490/74 1941/1489/74
f 1941/1489/74 2115/1490/74 1942/1488/74
f 1942/1488/74 2115/1490/74 2114/1491/74
f 1942/1488/74 2114/1491/74 3427/1482/74
f 3427/1482/74 2114/1491/74 2261/1492/74
f 3427/1482/74 2261/1492/74 2284/1493/74
f 3115/1424/74 1465/1451/74 3109/1445/74
f 3109/1445/74 1465/1451/74 1464/1450/74
f 3109/1445/74 1464/1450/74 1463/1449/74
f 3121/1568/74 3116/1499/74 3115/1424/74
f 3115/1424/74 3116/1499/74 1765/1503/74
f 3115/1424/74 1765/1503/74 1764/1504/74
f 3121/1568/74 3120/1569/74 3116/1499/74
f 3116/1499/74 3120/1569/74 3119/1570/74
f 3116/1499/74 3119/1570/74 3118/1571/74
f 3118/1571/74 3117/1572/74 3116/1499/74
f 3174/1900/74 1770/1497/74 3116/1499/74
f 3116/1499/74 1770/1497/74 1769/1498/74
f 3116/1499/74 1769/1498/74 1768/1500/74
f 3173/1901/74 3172/1902/74 3174/1900/74
f 3174/1900/74 3172/1902/74 3171/1903/74
f 3174/1900/74 3171/1903/74 3170/1904/74
f 3170/1904/74 3169/1905/74 3174/1900/74
f 3174/1900/74 3169/1905/74 3168/1895/74
f 3174/1900/74 3168/1895/74 3428/1523/74
f 3427/1482/74 2279/1552/74 3428/1523/74
f 3428/1523/74 2279/1552/74 2278/1551/74
f 3428/1523/74 2278/1551/74 2277/1550/74
f 3426/1484/74 3106/1350/74 3427/1482/74
f 3427/1482/74 3106/1350/74 1945/1481/74
f 3427/1482/74 1945/1481/74 1944/1486/74
f 2284/1493/74 2283/1556/74 3427/1482/74
f 3427/1482/74 2283/1556/74 2282/1555/74
f 3427/1482/74 2282/1555/74 2281/1554/74
f 2281/1554/74 2280/1553/74 3427/1482/74
f 3427/1482/74 2280/1553/74 2279/1552/74
f 2277/1550/74 2276/1549/74 3428/1523/74
f 3428/1523/74 2276/1549/74 2275/1548/74
f 3428/1523/74 2275/1548/74 2274/1547/74
f 2274/1547/74 2273/1546/74 3428/1523/74
f 3428/1523/74 2273/1546/74 2108/1524/74
f 3428/1523/74 2108/1524/74 1776/1521/74
f 1776/1521/74 2108/1524/74 2107/1519/74
f 1776/1521/74 2107/1519/74 1777/1520/74
f 1777/1520/74 2107/1519/74 1778/1518/74
f 1778/1518/74 2107/1519/74 2106/1516/74
f 1778/1518/74 2106/1516/74 1779/1517/74
f 1779/1517/74 2106/1516/74 1780/1515/74
f 1780/1515/74 2106/1516/74 2105/1513/74
f 1780/1515/74 2105/1513/74 1757/1514/74
f 1757/1514/74 2105/1513/74 1758/1512/74
f 1758/1512/74 2105/1513/74 2104/1510/74
f 1758/1512/74 2104/1510/74 1759/1511/74
f 1759/1511/74 2104/1510/74 1760/1509/74
f 1760/1509/74 2104/1510/74 2103/1507/74
f 1760/1509/74 2103/1507/74 1761/1508/74
f 1761/1508/74 2103/1507/74 1762/1506/74
f 1762/1506/74 2103/1507/74 3115/1424/74
f 1762/1506/74 3115/1424/74 1763/1505/74
f 1763/1505/74 3115/1424/74 1764/1504/74
f 2273/1546/74 2272/1545/74 2108/1524/74
f 2108/1524/74 2272/1545/74 2109/1544/74
f 2109/1544/74 2272/1545/74 2271/1543/74
f 2109/1544/74 2271/1543/74 2110/1540/74
f 2110/1540/74 2271/1543/74 2270/1542/74
f 2110/1540/74 2270/1542/74 2269/1541/74
f 2269/1541/74 2268/1539/74 2110/1540/74
f 2110/1540/74 2268/1539/74 2111/1537/74
f 2111/1537/74 2268/1539/74 2267/1538/74
f 2111/1537/74 2267/1538/74 2266/1536/74
f 2111/1537/74 2266/1536/74 2112/1533/74
f 2112/1533/74 2266/1536/74 2265/1535/74
f 2112/1533/74 2265/1535/74 2264/1534/74
f 2264/1534/74 2263/1532/74 2112/1533/74
f 2112/1533/74 2263/1532/74 2113/1531/74
f 2113/1531/74 2263/1532/74 2262/1530/74
f 2113/1531/74 2262/1530/74 2114/1491/74
f 2114/1491/74 2262/1530/74 2261/1492/74
f 2103/1507/74 2102/1426/74 3115/1424/74
f 3115/1424/74 2102/1426/74 1471/1425/74
f 3115/1424/74 1471/1425/74 1470/1423/74
f 1471/1425/74 2102/1426/74 1472/1427/74
f 1472/1427/74 2102/1426/74 2101/1428/74
f 1472/1427/74 2101/1428/74 1473/1429/74
f 1473/1429/74 2101/1428/74 2100/1430/74
f 1473/1429/74 2100/1430/74 1474/1431/74
f 1474/1431/74 2100/1430/74 1475/1432/74
f 1475/1432/74 2100/1430/74 1476/1433/74
f 1476/1433/74 2100/1430/74 2099/1434/74
f 1476/1433/74 2099/1434/74 1477/1435/74
f 1477/1435/74 2099/1434/74 1478/1436/74
f 1478/1436/74 2099/1434/74 2098/1437/74
f 1478/1436/74 2098/1437/74 1479/1438/74
f 1479/1438/74 2098/1437/74 1480/1439/74
f 1480/1439/74 2098/1437/74 1481/1440/74
f 1481/1440/74 2098/1437/74 2097/1441/74
f 1481/1440/74 2097/1441/74 1482/1442/74
f 1482/1442/74 2097/1441/74 2096/1443/74
f 1482/1442/74 2096/1443/74 1459/1444/74
f 1459/1444/74 2096/1443/74 3109/1445/74
f 1459/1444/74 3109/1445/74 1460/1446/74
f 1460/1446/74 3109/1445/74 1461/1447/74
f 1461/1447/74 3109/1445/74 1462/1448/74
f 1462/1448/74 3109/1445/74 1463/1449/74
f 2096/1443/74 2095/1463/74 3109/1445/74
f 1926/1476/74 1925/1477/74 3105/1349/74
f 3105/1349/74 1925/1477/74 1948/1478/74
f 1946/1480/74 1945/1481/74 3106/1350/74
f 1944/1486/74 1943/1487/74 3427/1482/74
f 3427/1482/74 1943/1487/74 1942/1488/74
f 1929/1468/74 1928/1474/74 3105/1349/74
f 3105/1349/74 1928/1474/74 1927/1475/74
f 3105/1349/74 1927/1475/74 1926/1476/74
f 1776/1521/74 1775/1522/74 3428/1523/74
f 3428/1523/74 1775/1522/74 1774/1525/74
f 3428/1523/74 1774/1525/74 1773/1526/74
f 3428/1523/74 1773/1526/74 3174/1900/74
f 3174/1900/74 1773/1526/74 1772/1528/74
f 3174/1900/74 1772/1528/74 1771/1529/74
f 1771/1529/74 1770/1497/74 3174/1900/74
f 1768/1500/74 1767/1501/74 3116/1499/74
f 3116/1499/74 1767/1501/74 1766/1502/74
f 3116/1499/74 1766/1502/74 1765/1503/74
f 1470/1423/74 1469/1455/74 3115/1424/74
f 3115/1424/74 1469/1455/74 1468/1454/74
f 3115/1424/74 1468/1454/74 1467/1453/74
f 1467/1453/74 1466/1452/74 3115/1424/74
f 3115/1424/77 1466/1452/77 1465/1451/77
