# Blender 4.2.23 LTS
# www.blender.org
o tmp_export_Cuerpo3:7
v 0.801342 0.700100 -1.682690
v 0.775460 0.696692 -1.682690
v 0.751343 0.686702 -1.682690
v 0.730633 0.670810 -1.682690
v 0.714741 0.650100 -1.682690
v 0.704751 0.625982 -1.682690
v 0.701342 0.600101 -1.682690
v 0.704751 0.574218 -1.682690
v 0.714741 0.550100 -1.682690
v 0.730633 0.529389 -1.682690
v 0.751343 0.513497 -1.682690
v 0.775460 0.503507 -1.682690
v 0.801342 0.500100 -1.682690
v 0.827224 0.503507 -1.682690
v 0.851342 0.513497 -1.682690
v 0.872053 0.529389 -1.682690
v 0.887945 0.550100 -1.682690
v 0.897935 0.574218 -1.682690
v 0.901342 0.600101 -1.682690
v 0.897935 0.625982 -1.682690
v 0.887945 0.650100 -1.682690
v 0.872053 0.670810 -1.682690
v 0.851342 0.686702 -1.682690
v 0.827224 0.696692 -1.682690
v 0.801342 0.700100 -1.982689
v 0.827224 0.696692 -1.982689
v 0.851342 0.686702 -1.982689
v 0.872053 0.670810 -1.982689
v 0.887945 0.650100 -1.982689
v 0.897935 0.625982 -1.982689
v 0.901342 0.600101 -1.982689
v 0.897935 0.574218 -1.982689
v 0.887945 0.550100 -1.982689
v 0.872053 0.529389 -1.982689
v 0.851342 0.513497 -1.982689
v 0.827224 0.503507 -1.982689
v 0.801342 0.500100 -1.982689
v 0.775460 0.503507 -1.982689
v 0.751343 0.513497 -1.982689
v 0.730633 0.529389 -1.982689
v 0.714741 0.550100 -1.982689
v 0.704751 0.574218 -1.982689
v 0.701342 0.600101 -1.982689
v 0.704751 0.625982 -1.982689
v 0.714741 0.650100 -1.982689
v 0.730633 0.670810 -1.982689
v 0.751343 0.686702 -1.982689
v 0.775460 0.696692 -1.982689
v 0.801342 -0.499900 -1.682690
v 0.775460 -0.503308 -1.682690
v 0.751343 -0.513298 -1.682690
v 0.730633 -0.529190 -1.682690
v 0.714741 -0.549900 -1.682690
v 0.704751 -0.574018 -1.682690
v 0.701342 -0.599900 -1.682690
v 0.704751 -0.625782 -1.682690
v 0.714741 -0.649899 -1.682690
v 0.730633 -0.670611 -1.682690
v 0.751343 -0.686502 -1.682690
v 0.775460 -0.696493 -1.682690
v 0.801342 -0.699900 -1.682690
v 0.827224 -0.696493 -1.682690
v 0.851342 -0.686502 -1.682690
v 0.872053 -0.670611 -1.682690
v 0.887945 -0.649899 -1.682690
v 0.897935 -0.625782 -1.682690
v 0.901342 -0.599900 -1.682690
v 0.897935 -0.574018 -1.682690
v 0.887945 -0.549900 -1.682690
v 0.872053 -0.529190 -1.682690
v 0.851342 -0.513298 -1.682690
v 0.827224 -0.503308 -1.682690
v 0.801342 -0.499900 -1.982689
v 0.827224 -0.503308 -1.982689
v 0.851342 -0.513298 -1.982689
v 0.872053 -0.529190 -1.982689
v 0.887945 -0.549900 -1.982689
v 0.897935 -0.574018 -1.982689
v 0.901342 -0.599900 -1.982689
v 0.897935 -0.625782 -1.982689
v 0.887945 -0.649899 -1.982689
v 0.872053 -0.670611 -1.982689
v 0.851342 -0.686502 -1.982689
v 0.827224 -0.696493 -1.982689
v 0.801342 -0.699900 -1.982689
v 0.775460 -0.696493 -1.982689
v 0.751343 -0.686502 -1.982689
v 0.730633 -0.670611 -1.982689
v 0.714741 -0.649899 -1.982689
v 0.704751 -0.625782 -1.982689
v 0.701342 -0.599900 -1.982689
v 0.704751 -0.574018 -1.982689
v 0.714741 -0.549900 -1.982689
v 0.730633 -0.529190 -1.982689
v 0.751343 -0.513298 -1.982689
v 0.775460 -0.503308 -1.982689
v -0.798658 0.700100 -1.682690
v -0.824540 0.696692 -1.682690
v -0.848657 0.686702 -1.682690
v -0.869367 0.670810 -1.682690
v -0.885259 0.650100 -1.682690
v -0.895250 0.625982 -1.682690
v -0.898658 0.600101 -1.682690
v -0.895250 0.574218 -1.682690
v -0.885259 0.550100 -1.682690
v -0.869367 0.529389 -1.682690
v -0.848657 0.513497 -1.682690
v -0.824540 0.503507 -1.682690
v -0.798658 0.500100 -1.682690
v -0.772776 0.503507 -1.682690
v -0.748657 0.513497 -1.682690
v -0.727947 0.529389 -1.682690
v -0.712054 0.550100 -1.682690
v -0.702065 0.574218 -1.682690
v -0.698658 0.600101 -1.682690
v -0.702065 0.625982 -1.682690
v -0.712054 0.650100 -1.682690
v -0.727947 0.670810 -1.682690
v -0.748657 0.686702 -1.682690
v -0.772776 0.696692 -1.682690
v -0.798658 0.700100 -1.982689
v -0.772776 0.696692 -1.982689
v -0.748657 0.686702 -1.982689
v -0.727947 0.670810 -1.982689
v -0.712054 0.650100 -1.982689
v -0.702065 0.625982 -1.982689
v -0.698658 0.600101 -1.982689
v -0.702065 0.574218 -1.982689
v -0.712054 0.550100 -1.982689
v -0.727947 0.529389 -1.982689
v -0.748657 0.513497 -1.982689
v -0.772776 0.503507 -1.982689
v -0.798658 0.500100 -1.982689
v -0.824540 0.503507 -1.982689
v -0.848657 0.513497 -1.982689
v -0.869367 0.529389 -1.982689
v -0.885259 0.550100 -1.982689
v -0.895250 0.574218 -1.982689
v -0.898658 0.600101 -1.982689
v -0.895250 0.625982 -1.982689
v -0.885259 0.650100 -1.982689
v -0.869367 0.670810 -1.982689
v -0.848657 0.686702 -1.982689
v -0.824540 0.696692 -1.982689
v -0.798658 -0.499900 -1.682690
v -0.824540 -0.503308 -1.682690
v -0.848657 -0.513298 -1.682690
v -0.869367 -0.529190 -1.682690
v -0.885259 -0.549900 -1.682690
v -0.895250 -0.574018 -1.682690
v -0.898658 -0.599900 -1.682690
v -0.895250 -0.625782 -1.682690
v -0.885259 -0.649899 -1.682690
v -0.869367 -0.670611 -1.682690
v -0.848657 -0.686502 -1.682690
v -0.824540 -0.696493 -1.682690
v -0.798658 -0.699900 -1.682690
v -0.772776 -0.696493 -1.682690
v -0.748657 -0.686502 -1.682690
v -0.727947 -0.670611 -1.682690
v -0.712054 -0.649899 -1.682690
v -0.702065 -0.625782 -1.682690
v -0.698658 -0.599900 -1.682690
v -0.702065 -0.574018 -1.682690
v -0.712054 -0.549900 -1.682690
v -0.727947 -0.529190 -1.682690
v -0.748657 -0.513298 -1.682690
v -0.772776 -0.503308 -1.682690
v -0.798658 -0.499900 -1.982689
v -0.772776 -0.503308 -1.982689
v -0.748657 -0.513298 -1.982689
v -0.727947 -0.529190 -1.982689
v -0.712054 -0.549900 -1.982689
v -0.702065 -0.574018 -1.982689
v -0.698658 -0.599900 -1.982689
v -0.702065 -0.625782 -1.982689
v -0.712054 -0.649899 -1.982689
v -0.727947 -0.670611 -1.982689
v -0.748657 -0.686502 -1.982689
v -0.772776 -0.696493 -1.982689
v -0.798658 -0.699900 -1.982689
v -0.824540 -0.696493 -1.982689
v -0.848657 -0.686502 -1.982689
v -0.869367 -0.670611 -1.982689
v -0.885259 -0.649899 -1.982689
v -0.895250 -0.625782 -1.982689
v -0.898658 -0.599900 -1.982689
v -0.895250 -0.574018 -1.982689
v -0.885259 -0.549900 -1.982689
v -0.869367 -0.529190 -1.982689
v -0.848657 -0.513298 -1.982689
v -0.824540 -0.503308 -1.982689
v 1.893286 -0.981150 -1.613939
v 1.895179 -0.974653 -1.608686
v 1.896830 -0.966948 -1.604725
v 1.897920 -0.958469 -1.602343
v 1.898295 -0.949900 -1.601566
v 1.897920 -0.941331 -1.602343
v 1.896830 -0.932853 -1.604725
v 1.895179 -0.925148 -1.608686
v 1.893286 -0.918650 -1.613939
v 1.898295 -0.399899 -0.545189
v 1.898295 0.400100 -0.545189
v 1.900216 0.380591 -0.564697
v 1.905907 0.361831 -0.583458
v 1.915148 0.344543 -0.600746
v 1.927584 0.329389 -0.615900
v 1.942738 0.316953 -0.628336
v 1.960026 0.307713 -0.637577
v 1.978786 0.302021 -0.643269
v 1.988493 0.300581 -0.644709
v 1.998295 0.300100 -0.645189
v 1.998295 -0.299900 -0.645189
v 1.988493 -0.300382 -0.644709
v 1.978786 -0.301822 -0.643269
v 1.960026 -0.307512 -0.637577
v 1.942738 -0.316753 -0.628336
v 1.927584 -0.329190 -0.615900
v 1.915148 -0.344343 -0.600746
v 1.905907 -0.361632 -0.583458
v 1.900216 -0.380391 -0.564697
v 1.911692 0.000100 -0.595188
v 1.901702 0.000100 -0.571072
v 1.927584 0.000100 -0.615900
v 1.948295 0.000100 -0.631792
v 1.972413 0.000100 -0.641783
v 1.898295 0.400100 -1.545189
v 1.901702 0.374218 -1.545189
v 1.911692 0.350101 -1.545189
v 1.927584 0.329389 -1.545189
v 1.948295 0.313498 -1.545189
v 1.972413 0.303507 -1.545189
v 1.998295 0.300100 -1.545189
v 1.901702 0.374218 -1.045189
v 1.911692 0.350101 -1.045189
v 1.927584 0.329389 -1.045189
v 1.948295 0.313498 -1.045189
v 1.972413 0.303507 -1.045189
v 1.998295 -0.299900 -1.545189
v 1.972413 -0.303308 -1.545189
v 1.948295 -0.313298 -1.545189
v 1.927584 -0.329190 -1.545189
v 1.911692 -0.349900 -1.545189
v 1.901702 -0.374018 -1.545189
v 1.898295 -0.399899 -1.545189
v 1.972413 -0.303308 -1.045189
v 1.948295 -0.313298 -1.045189
v 1.927584 -0.329190 -1.045189
v 1.911692 -0.349900 -1.045189
v 1.901702 -0.374018 -1.045189
v 1.898295 -0.199900 -0.107689
v 1.898295 -0.193085 -0.159452
v 1.898295 -0.173105 -0.207689
v 1.898295 -0.141322 -0.249111
v 1.898295 -0.099900 -0.280893
v 1.898295 -0.051664 -0.300875
v 1.898295 0.000100 -0.307690
v 1.898295 0.051864 -0.300875
v 1.898295 0.100101 -0.280893
v 1.898295 0.141521 -0.249111
v 1.898295 0.173306 -0.207689
v 1.898295 0.193285 -0.159452
v 1.898295 0.200100 -0.107689
v 1.898295 0.193285 -0.055925
v 1.898295 0.173306 -0.007689
v 1.898295 0.141521 0.033731
v 1.898295 0.100101 0.065516
v 1.898295 0.051864 0.085497
v 1.898295 0.000100 0.092312
v 1.898295 -0.051664 0.085497
v 1.898295 -0.099900 0.065516
v 1.898295 -0.141322 0.033731
v 1.898295 -0.173105 -0.007689
v 1.898295 -0.193085 -0.055925
v 1.898295 -0.999900 0.692310
v 1.898295 -0.993085 0.640547
v 1.898295 -0.973104 0.592312
v 1.898295 -0.941322 0.550890
v 1.898295 -0.899899 0.519106
v 1.898295 -0.851664 0.499126
v 1.898295 -0.799900 0.492311
v 1.898295 -0.748136 0.499126
v 1.898295 -0.699900 0.519106
v 1.898295 -0.658479 0.550890
v 1.898295 -0.626695 0.592312
v 1.898295 -0.606715 0.640547
v 1.898295 -0.599900 0.692310
v 1.898295 -0.606715 0.744074
v 1.898295 -0.626695 0.792311
v 1.898295 -0.658479 0.833733
v 1.898295 -0.699900 0.865517
v 1.898295 -0.748136 0.885496
v 1.898295 -0.799900 0.892311
v 1.898295 -0.851664 0.885496
v 1.898295 -0.899899 0.865517
v 1.898295 -0.941322 0.833733
v 1.898295 -0.973104 0.792311
v 1.898295 -0.993085 0.744074
v 1.898295 -0.156025 1.617311
v 1.898295 -0.182060 1.574881
v 1.898295 -0.196809 1.527336
v 1.898295 -0.199360 1.477623
v 1.898295 -0.189554 1.428818
v 1.898295 -0.167999 1.383945
v 1.898295 -0.136029 1.345789
v 1.898295 -0.095627 1.316708
v 1.898295 -0.049293 1.298506
v 1.898295 0.000100 1.292311
v 1.898295 0.049493 1.298506
v 1.898295 0.095826 1.316708
v 1.898295 0.136230 1.345789
v 1.898295 0.168198 1.383945
v 1.898295 0.189754 1.428818
v 1.898295 0.199560 1.477623
v 1.898295 0.197009 1.527336
v 1.898295 0.182260 1.574881
v 1.898295 0.156225 1.617311
v 1.898295 1.050100 1.617311
v 1.898295 1.101864 1.610497
v 1.898295 1.150100 1.590517
v 1.898295 1.191521 1.558733
v 1.898295 1.223305 1.517311
v 1.898295 1.243285 1.469074
v 1.898295 1.250100 1.417311
v 1.898295 1.250100 -1.082689
v 1.898295 1.150100 -1.082689
v 1.898295 1.098336 -1.089504
v 1.898295 1.050100 -1.109484
v 1.898295 1.008678 -1.141268
v 1.898295 0.976895 -1.182690
v 1.898295 0.956915 -1.230927
v 1.898295 0.950100 -1.282688
v 1.898295 0.950100 -1.582689
v 1.898295 -0.949900 -1.582689
v 1.898295 -0.949900 -1.282688
v 1.898295 -0.956715 -1.230927
v 1.898295 -0.976695 -1.182690
v 1.898295 -1.008479 -1.141268
v 1.898295 -1.049900 -1.109484
v 1.898295 -1.098136 -1.089504
v 1.898295 -1.149899 -1.082689
v 1.898295 -1.249900 -1.082689
v 1.898295 -1.249900 1.417311
v 1.898295 -1.243085 1.469074
v 1.898295 -1.223104 1.517311
v 1.898295 -1.191322 1.558733
v 1.898295 -1.149899 1.590517
v 1.898295 -1.101664 1.610497
v 1.898295 -1.049900 1.617311
v 1.898295 0.600101 0.692310
v 1.898295 0.606915 0.640547
v 1.898295 0.626895 0.592312
v 1.898295 0.658678 0.550890
v 1.898295 0.700100 0.519106
v 1.898295 0.748336 0.499126
v 1.898295 0.800100 0.492311
v 1.898295 0.851864 0.499126
v 1.898295 0.900100 0.519106
v 1.898295 0.941521 0.550890
v 1.898295 0.973305 0.592312
v 1.898295 0.993285 0.640547
v 1.898295 1.000100 0.692310
v 1.898295 0.993285 0.744074
v 1.898295 0.973305 0.792311
v 1.898295 0.941521 0.833733
v 1.898295 0.900100 0.865517
v 1.898295 0.851864 0.885496
v 1.898295 0.800100 0.892311
v 1.898295 0.748336 0.885496
v 1.898295 0.700100 0.865517
v 1.898295 0.658678 0.833733
v 1.898295 0.626895 0.792311
v 1.898295 0.606915 0.744074
v 1.898295 -0.499900 0.692310
v 1.898295 -0.482862 0.562901
v 1.898295 -0.432913 0.442310
v 1.898295 -0.353454 0.338757
v 1.898295 -0.249900 0.259298
v 1.898295 -0.129310 0.209349
v 1.898295 0.000100 0.192310
v 1.898295 0.129509 0.209349
v 1.898295 0.250100 0.259298
v 1.898295 0.353653 0.338757
v 1.898295 0.433112 0.442310
v 1.898295 0.483063 0.562901
v 1.898295 0.500100 0.692310
v 1.898295 0.483063 0.821720
v 1.898295 0.433112 0.942310
v 1.898295 0.353653 1.045864
v 1.898295 0.250100 1.125322
v 1.898295 0.129509 1.175274
v 1.898295 0.000100 1.192310
v 1.898295 -0.129310 1.175274
v 1.898295 -0.249900 1.125322
v 1.898295 -0.353454 1.045864
v 1.898295 -0.432913 0.942310
v 1.898295 -0.482862 0.821720
v 1.998295 -0.099900 -0.107689
v 1.998295 -0.096493 -0.133572
v 1.998295 -0.086503 -0.157688
v 1.998295 -0.070611 -0.178400
v 1.998295 -0.049900 -0.194292
v 1.998295 -0.025782 -0.204283
v 1.998295 0.000100 -0.207689
v 1.998295 0.025982 -0.204283
v 1.998295 0.050100 -0.194292
v 1.998295 0.070810 -0.178400
v 1.998295 0.086702 -0.157688
v 1.998295 0.096692 -0.133572
v 1.998295 0.100101 -0.107689
v 1.998295 0.096692 -0.081806
v 1.998295 0.086702 -0.057690
v 1.998295 0.070810 -0.036980
v 1.998295 0.050100 -0.021088
v 1.998295 0.025982 -0.011097
v 1.998295 0.000100 -0.007689
v 1.998295 -0.025782 -0.011097
v 1.998295 -0.049900 -0.021088
v 1.998295 -0.070611 -0.036980
v 1.998295 -0.086503 -0.057690
v 1.998295 -0.096493 -0.081806
v 1.972413 0.103507 -0.107689
v 1.948295 0.113497 -0.107689
v 1.927584 0.129389 -0.107689
v 1.911692 0.150100 -0.107689
v 1.901702 0.174218 -0.107689
v 1.972413 -0.099784 -0.134453
v 1.948295 -0.109434 -0.137039
v 1.927584 -0.124784 -0.141151
v 1.911692 -0.144789 -0.146511
v 1.901702 -0.168085 -0.152754
v 1.901702 -0.174018 -0.107689
v 1.911692 -0.149899 -0.107689
v 1.927584 -0.129189 -0.107689
v 1.948295 -0.113297 -0.107689
v 1.972413 -0.103308 -0.107689
v 1.972413 -0.089454 -0.159393
v 1.948295 -0.098104 -0.164389
v 1.927584 -0.111868 -0.172335
v 1.911692 -0.129804 -0.182690
v 1.901702 -0.150691 -0.194748
v 1.972413 -0.073020 -0.180809
v 1.948295 -0.080084 -0.187872
v 1.927584 -0.091322 -0.199110
v 1.911692 -0.105966 -0.213755
v 1.901702 -0.123020 -0.230808
v 1.972413 -0.051604 -0.197243
v 1.948295 -0.056599 -0.205894
v 1.927584 -0.064545 -0.219656
v 1.911692 -0.074900 -0.237593
v 1.901702 -0.086959 -0.258480
v 1.972413 -0.026664 -0.207573
v 1.948295 -0.029250 -0.217222
v 1.927584 -0.033363 -0.232573
v 1.911692 -0.038723 -0.252579
v 1.901702 -0.044965 -0.275873
v 1.972413 0.000100 -0.211098
v 1.948295 0.000100 -0.221087
v 1.927584 0.000100 -0.236979
v 1.911692 0.000100 -0.257689
v 1.901702 0.000100 -0.281807
v 1.972413 0.026864 -0.207573
v 1.948295 0.029449 -0.217222
v 1.927584 0.033562 -0.232573
v 1.911692 0.038923 -0.252579
v 1.901702 0.045165 -0.275873
v 1.972413 0.051803 -0.197243
v 1.948295 0.056798 -0.205894
v 1.927584 0.064744 -0.219656
v 1.911692 0.075100 -0.237593
v 1.901702 0.087159 -0.258480
v 1.972413 0.073220 -0.180809
v 1.948295 0.080284 -0.187872
v 1.927584 0.091521 -0.199110
v 1.911692 0.106166 -0.213755
v 1.901702 0.123220 -0.230808
v 1.972413 0.089653 -0.159393
v 1.948295 0.098305 -0.164389
v 1.927584 0.112068 -0.172335
v 1.911692 0.130004 -0.182690
v 1.901702 0.150890 -0.194748
v 1.972413 0.099984 -0.134453
v 1.948295 0.109633 -0.137039
v 1.927584 0.124984 -0.141151
v 1.911692 0.144989 -0.146511
v 1.901702 0.168285 -0.152754
v 1.972413 0.099984 -0.080925
v 1.948295 0.109633 -0.078341
v 1.927584 0.124984 -0.074226
v 1.911692 0.144989 -0.068867
v 1.901702 0.168285 -0.062624
v 1.972413 0.089653 -0.055986
v 1.948295 0.098305 -0.050991
v 1.927584 0.112068 -0.043045
v 1.911692 0.130004 -0.032688
v 1.901702 0.150890 -0.020630
v 1.972413 0.073220 -0.034569
v 1.948295 0.080284 -0.027504
v 1.927584 0.091521 -0.016268
v 1.911692 0.106166 -0.001623
v 1.901702 0.123220 0.015430
v 1.972413 0.051803 -0.018135
v 1.948295 0.056798 -0.009483
v 1.927584 0.064744 0.004280
v 1.911692 0.075100 0.022215
v 1.901702 0.087159 0.043100
v 1.972413 0.026864 -0.007805
v 1.948295 0.029449 0.001844
v 1.927584 0.033562 0.017195
v 1.911692 0.038923 0.037201
v 1.901702 0.045165 0.060495
v 1.972413 0.000100 -0.004282
v 1.948295 0.000100 0.005709
v 1.927584 0.000100 0.021601
v 1.911692 0.000100 0.042311
v 1.901702 0.000100 0.066429
v 1.972413 -0.026664 -0.007805
v 1.948295 -0.029250 0.001844
v 1.927584 -0.033363 0.017195
v 1.911692 -0.038723 0.037201
v 1.901702 -0.044965 0.060495
v 1.972413 -0.051604 -0.018135
v 1.948295 -0.056599 -0.009483
v 1.927584 -0.064545 0.004280
v 1.911692 -0.074900 0.022215
v 1.901702 -0.086959 0.043100
v 1.972413 -0.073020 -0.034569
v 1.948295 -0.080084 -0.027504
v 1.927584 -0.091322 -0.016268
v 1.911692 -0.105966 -0.001623
v 1.901702 -0.123020 0.015430
v 1.972413 -0.089454 -0.055986
v 1.948295 -0.098104 -0.050991
v 1.927584 -0.111868 -0.043045
v 1.911692 -0.129804 -0.032688
v 1.901702 -0.150691 -0.020630
v 1.972413 -0.099784 -0.080925
v 1.948295 -0.109434 -0.078341
v 1.927584 -0.124784 -0.074226
v 1.911692 -0.144789 -0.068867
v 1.901702 -0.168085 -0.062624
v 2.198295 -0.099900 -0.107689
v 2.198295 -0.096493 -0.133572
v 2.198295 -0.086503 -0.157688
v 2.198295 -0.070611 -0.178400
v 2.198295 -0.049900 -0.194292
v 2.198295 -0.025782 -0.204283
v 2.198295 0.000100 -0.207689
v 2.198295 0.025982 -0.204283
v 2.198295 0.050100 -0.194292
v 2.198295 0.070810 -0.178400
v 2.198295 0.086702 -0.157688
v 2.198295 0.096692 -0.133572
v 2.198295 0.100101 -0.107689
v 2.198295 0.096692 -0.081806
v 2.198295 0.086702 -0.057690
v 2.198295 0.070810 -0.036980
v 2.198295 0.050100 -0.021088
v 2.198295 0.025982 -0.011097
v 2.198295 0.000100 -0.007689
v 2.198295 -0.025782 -0.011097
v 2.198295 -0.049900 -0.021088
v 2.198295 -0.070611 -0.036980
v 2.198295 -0.086503 -0.057690
v 2.198295 -0.096493 -0.081806
v 1.998295 -0.399899 0.692310
v 1.998295 -0.386271 0.588783
v 1.998295 -0.346310 0.492311
v 1.998295 -0.282743 0.409468
v 1.998295 -0.199900 0.345901
v 1.998295 -0.103428 0.305941
v 1.998295 0.000100 0.292311
v 1.998295 0.103627 0.305941
v 1.998295 0.200100 0.345901
v 1.998295 0.282942 0.409468
v 1.998295 0.346510 0.492311
v 1.998295 0.386470 0.588783
v 1.998295 0.400100 0.692310
v 1.998295 0.386470 0.795837
v 1.998295 0.346510 0.892311
v 1.998295 0.282942 0.975153
v 1.998295 0.200100 1.038721
v 1.998295 0.103627 1.078682
v 1.998295 0.000100 1.092312
v 1.998295 -0.103428 1.078682
v 1.998295 -0.199900 1.038721
v 1.998295 -0.282743 0.975153
v 1.998295 -0.346310 0.892311
v 1.998295 -0.386271 0.795837
v 1.972413 0.403507 0.692310
v 1.948295 0.413497 0.692310
v 1.927584 0.429389 0.692310
v 1.911692 0.450100 0.692310
v 1.901702 0.474218 0.692310
v 1.972413 -0.389562 0.587902
v 1.948295 -0.399212 0.585316
v 1.927584 -0.414562 0.581202
v 1.911692 -0.434566 0.575842
v 1.901702 -0.457863 0.569601
v 1.901702 -0.474018 0.692310
v 1.911692 -0.449900 0.692310
v 1.927584 -0.429190 0.692310
v 1.948295 -0.413298 0.692310
v 1.972413 -0.403308 0.692310
v 1.972413 -0.349261 0.490606
v 1.948295 -0.357913 0.485613
v 1.927584 -0.371675 0.477667
v 1.911692 -0.389612 0.467312
v 1.901702 -0.410499 0.455252
v 1.972413 -0.285151 0.407059
v 1.948295 -0.292216 0.399996
v 1.927584 -0.303453 0.388758
v 1.911692 -0.318098 0.374113
v 1.901702 -0.335152 0.357059
v 1.972413 -0.201604 0.342951
v 1.948295 -0.206599 0.334299
v 1.927584 -0.214545 0.320536
v 1.911692 -0.224900 0.302599
v 1.901702 -0.236959 0.281712
v 1.972413 -0.104310 0.302649
v 1.948295 -0.106894 0.292999
v 1.927584 -0.111009 0.277649
v 1.911692 -0.116369 0.257645
v 1.901702 -0.122611 0.234348
v 1.972413 0.000100 0.288902
v 1.948295 0.000100 0.278913
v 1.927584 0.000100 0.263021
v 1.911692 0.000100 0.242311
v 1.901702 0.000100 0.218193
v 1.972413 0.104509 0.302649
v 1.948295 0.107095 0.292999
v 1.927584 0.111208 0.277649
v 1.911692 0.116568 0.257645
v 1.901702 0.122811 0.234348
v 1.972413 0.201803 0.342951
v 1.948295 0.206799 0.334299
v 1.927584 0.214744 0.320536
v 1.911692 0.225101 0.302599
v 1.901702 0.237159 0.281712
v 1.972413 0.285352 0.407059
v 1.948295 0.292416 0.399996
v 1.927584 0.303653 0.388758
v 1.911692 0.318298 0.374113
v 1.901702 0.335352 0.357059
v 1.972413 0.349462 0.490606
v 1.948295 0.358112 0.485613
v 1.927584 0.371875 0.477667
v 1.911692 0.389812 0.467312
v 1.901702 0.410698 0.455252
v 1.972413 0.389761 0.587902
v 1.948295 0.399411 0.585316
v 1.927584 0.414762 0.581202
v 1.911692 0.434766 0.575842
v 1.901702 0.458063 0.569601
v 1.972413 0.389761 0.796721
v 1.948295 0.399411 0.799307
v 1.927584 0.414762 0.803419
v 1.911692 0.434766 0.808779
v 1.901702 0.458063 0.815022
v 1.972413 0.349462 0.894014
v 1.948295 0.358112 0.899010
v 1.927584 0.371875 0.906956
v 1.911692 0.389812 0.917311
v 1.901702 0.410698 0.929371
v 1.972413 0.285352 0.977564
v 1.948295 0.292416 0.984627
v 1.927584 0.303653 0.995865
v 1.911692 0.318298 1.010509
v 1.901702 0.335352 1.027563
v 1.972413 0.201803 1.041672
v 1.948295 0.206799 1.050323
v 1.927584 0.214744 1.064087
v 1.911692 0.225101 1.082022
v 1.901702 0.237159 1.102909
v 1.972413 0.104509 1.081972
v 1.948295 0.107095 1.091621
v 1.927584 0.111208 1.106972
v 1.911692 0.116568 1.126978
v 1.901702 0.122811 1.150274
v 1.972413 0.000100 1.095718
v 1.948295 0.000100 1.105709
v 1.927584 0.000100 1.121601
v 1.911692 0.000100 1.142311
v 1.901702 0.000100 1.166430
v 1.972413 -0.104310 1.081972
v 1.948295 -0.106894 1.091621
v 1.927584 -0.111009 1.106972
v 1.911692 -0.116369 1.126978
v 1.901702 -0.122611 1.150274
v 1.972413 -0.201604 1.041672
v 1.948295 -0.206599 1.050323
v 1.927584 -0.214545 1.064087
v 1.911692 -0.224900 1.082022
v 1.901702 -0.236959 1.102909
v 1.972413 -0.285151 0.977564
v 1.948295 -0.292216 0.984627
v 1.927584 -0.303453 0.995865
v 1.911692 -0.318098 1.010509
v 1.901702 -0.335152 1.027563
v 1.972413 -0.349261 0.894014
v 1.948295 -0.357913 0.899010
v 1.927584 -0.371675 0.906956
v 1.911692 -0.389612 0.917311
v 1.901702 -0.410499 0.929371
v 1.972413 -0.389562 0.796721
v 1.948295 -0.399212 0.799307
v 1.927584 -0.414562 0.803419
v 1.911692 -0.434566 0.808779
v 1.901702 -0.457863 0.815022
v 2.198295 -0.399899 0.692310
v 2.198295 -0.386271 0.588783
v 2.198295 -0.346310 0.492311
v 2.198295 -0.282743 0.409468
v 2.198295 -0.199900 0.345901
v 2.198295 -0.103428 0.305941
v 2.198295 0.000100 0.292311
v 2.198295 0.103627 0.305941
v 2.198295 0.200100 0.345901
v 2.198295 0.282942 0.409468
v 2.198295 0.346510 0.492311
v 2.198295 0.386470 0.588783
v 2.198295 0.400100 0.692310
v 2.198295 0.386470 0.795837
v 2.198295 0.346510 0.892311
v 2.198295 0.282942 0.975153
v 2.198295 0.200100 1.038721
v 2.198295 0.103627 1.078682
v 2.198295 0.000100 1.092312
v 2.198295 -0.103428 1.078682
v 2.198295 -0.199900 1.038721
v 2.198295 -0.282743 0.975153
v 2.198295 -0.346310 0.892311
v 2.198295 -0.386271 0.795837
v 1.998295 -0.899899 0.692310
v 1.998295 -0.896493 0.666430
v 1.998295 -0.886503 0.642311
v 1.998295 -0.870611 0.621601
v 1.998295 -0.849900 0.605709
v 1.998295 -0.825782 0.595718
v 1.998295 -0.799900 0.592312
v 1.998295 -0.774018 0.595718
v 1.998295 -0.749900 0.605709
v 1.998295 -0.729190 0.621601
v 1.998295 -0.713298 0.642311
v 1.998295 -0.703308 0.666430
v 1.998295 -0.699900 0.692310
v 1.998295 -0.703308 0.718193
v 1.998295 -0.713298 0.742311
v 1.998295 -0.729190 0.763021
v 1.998295 -0.749900 0.778913
v 1.998295 -0.774018 0.788902
v 1.998295 -0.799900 0.792311
v 1.998295 -0.825782 0.788902
v 1.998295 -0.849900 0.778913
v 1.998295 -0.870611 0.763021
v 1.998295 -0.886503 0.742311
v 1.998295 -0.896493 0.718193
v 1.972413 -0.696493 0.692310
v 1.948295 -0.686502 0.692310
v 1.927584 -0.670611 0.692310
v 1.911692 -0.649899 0.692310
v 1.901702 -0.625782 0.692310
v 1.972413 -0.899784 0.665546
v 1.948295 -0.909434 0.662962
v 1.927584 -0.924784 0.658848
v 1.911692 -0.944789 0.653488
v 1.901702 -0.968085 0.647245
v 1.901702 -0.974018 0.692310
v 1.911692 -0.949900 0.692310
v 1.927584 -0.929190 0.692310
v 1.948295 -0.913298 0.692310
v 1.972413 -0.903308 0.692310
v 1.972413 -0.889454 0.640608
v 1.948295 -0.898105 0.635612
v 1.927584 -0.911868 0.627666
v 1.911692 -0.929804 0.617311
v 1.901702 -0.950691 0.605251
v 1.972413 -0.873020 0.619192
v 1.948295 -0.880084 0.612127
v 1.927584 -0.891322 0.600889
v 1.911692 -0.905966 0.586245
v 1.901702 -0.923020 0.569191
v 1.972413 -0.851604 0.602757
v 1.948295 -0.856599 0.594107
v 1.927584 -0.864545 0.580343
v 1.911692 -0.874900 0.562407
v 1.901702 -0.886959 0.541521
v 1.972413 -0.826664 0.592426
v 1.948295 -0.829250 0.582777
v 1.927584 -0.833363 0.567427
v 1.911692 -0.838723 0.547422
v 1.901702 -0.844965 0.524126
v 1.972413 -0.799900 0.588903
v 1.948295 -0.799900 0.578913
v 1.927584 -0.799900 0.563021
v 1.911692 -0.799900 0.542311
v 1.901702 -0.799900 0.518192
v 1.972413 -0.773136 0.592426
v 1.948295 -0.770551 0.582777
v 1.927584 -0.766438 0.567427
v 1.911692 -0.761077 0.547422
v 1.901702 -0.754835 0.524126
v 1.972413 -0.748197 0.602757
v 1.948295 -0.743202 0.594107
v 1.927584 -0.735256 0.580343
v 1.911692 -0.724900 0.562407
v 1.901702 -0.712841 0.541521
v 1.972413 -0.726780 0.619192
v 1.948295 -0.719716 0.612127
v 1.927584 -0.708479 0.600889
v 1.911692 -0.693834 0.586245
v 1.901702 -0.676780 0.569191
v 1.972413 -0.710347 0.640608
v 1.948295 -0.701694 0.635612
v 1.927584 -0.687932 0.627666
v 1.911692 -0.669996 0.617311
v 1.901702 -0.649110 0.605251
v 1.972413 -0.700016 0.665546
v 1.948295 -0.690367 0.662962
v 1.927584 -0.675015 0.658848
v 1.911692 -0.655011 0.653488
v 1.901702 -0.631715 0.647245
v 1.972413 -0.700016 0.719074
v 1.948295 -0.690367 0.721661
v 1.927584 -0.675015 0.725773
v 1.911692 -0.655011 0.731134
v 1.901702 -0.631715 0.737375
v 1.972413 -0.710347 0.744015
v 1.948295 -0.701694 0.749010
v 1.927584 -0.687932 0.756956
v 1.911692 -0.669996 0.767311
v 1.901702 -0.649110 0.779369
v 1.972413 -0.726780 0.765430
v 1.948295 -0.719716 0.772495
v 1.927584 -0.708479 0.783731
v 1.911692 -0.693834 0.798378
v 1.901702 -0.676780 0.815432
v 1.972413 -0.748197 0.781864
v 1.948295 -0.743202 0.790516
v 1.927584 -0.735256 0.804279
v 1.911692 -0.724900 0.822214
v 1.901702 -0.712841 0.843102
v 1.972413 -0.773136 0.792194
v 1.948295 -0.770551 0.801844
v 1.927584 -0.766438 0.817196
v 1.911692 -0.761077 0.837200
v 1.901702 -0.754835 0.860497
v 1.972413 -0.799900 0.795717
v 1.948295 -0.799900 0.805708
v 1.927584 -0.799900 0.821600
v 1.911692 -0.799900 0.842312
v 1.901702 -0.799900 0.866428
v 1.972413 -0.826664 0.792194
v 1.948295 -0.829250 0.801844
v 1.927584 -0.833363 0.817196
v 1.911692 -0.838723 0.837200
v 1.901702 -0.844965 0.860497
v 1.972413 -0.851604 0.781864
v 1.948295 -0.856599 0.790516
v 1.927584 -0.864545 0.804279
v 1.911692 -0.874900 0.822214
v 1.901702 -0.886959 0.843102
v 1.972413 -0.873020 0.765430
v 1.948295 -0.880084 0.772495
v 1.927584 -0.891322 0.783731
v 1.911692 -0.905966 0.798378
v 1.901702 -0.923020 0.815432
v 1.972413 -0.889454 0.744015
v 1.948295 -0.898105 0.749010
v 1.927584 -0.911868 0.756956
v 1.911692 -0.929804 0.767311
v 1.901702 -0.950691 0.779369
v 1.972413 -0.899784 0.719074
v 1.948295 -0.909434 0.721661
v 1.927584 -0.924784 0.725773
v 1.911692 -0.944789 0.731134
v 1.901702 -0.968085 0.737375
v 2.198295 -0.899899 0.692310
v 2.198295 -0.896493 0.666430
v 2.198295 -0.886503 0.642311
v 2.198295 -0.870611 0.621601
v 2.198295 -0.849900 0.605709
v 2.198295 -0.825782 0.595718
v 2.198295 -0.799900 0.592312
v 2.198295 -0.774018 0.595718
v 2.198295 -0.749900 0.605709
v 2.198295 -0.729190 0.621601
v 2.198295 -0.713298 0.642311
v 2.198295 -0.703308 0.666430
v 2.198295 -0.699900 0.692310
v 2.198295 -0.703308 0.718193
v 2.198295 -0.713298 0.742311
v 2.198295 -0.729190 0.763021
v 2.198295 -0.749900 0.778913
v 2.198295 -0.774018 0.788902
v 2.198295 -0.799900 0.792311
v 2.198295 -0.825782 0.788902
v 2.198295 -0.849900 0.778913
v 2.198295 -0.870611 0.763021
v 2.198295 -0.886503 0.742311
v 2.198295 -0.896493 0.718193
v 1.998295 0.700100 0.692310
v 1.998295 0.703507 0.666430
v 1.998295 0.713497 0.642311
v 1.998295 0.729389 0.621601
v 1.998295 0.750100 0.605709
v 1.998295 0.774219 0.595718
v 1.998295 0.800100 0.592312
v 1.998295 0.825982 0.595718
v 1.998295 0.850101 0.605709
v 1.998295 0.870811 0.621601
v 1.998295 0.886703 0.642311
v 1.998295 0.896692 0.666430
v 1.998295 0.900100 0.692310
v 1.998295 0.896692 0.718193
v 1.998295 0.886703 0.742311
v 1.998295 0.870811 0.763021
v 1.998295 0.850101 0.778913
v 1.998295 0.825982 0.788902
v 1.998295 0.800100 0.792311
v 1.998295 0.774219 0.788902
v 1.998295 0.750100 0.778913
v 1.998295 0.729389 0.763021
v 1.998295 0.713497 0.742311
v 1.998295 0.703507 0.718193
v 1.972413 0.903507 0.692310
v 1.948295 0.913497 0.692310
v 1.927584 0.929389 0.692310
v 1.911692 0.950100 0.692310
v 1.901702 0.974218 0.692310
v 1.972413 0.700216 0.665546
v 1.948295 0.690566 0.662962
v 1.927584 0.675216 0.658848
v 1.911692 0.655211 0.653488
v 1.901702 0.631915 0.647245
v 1.901702 0.625982 0.692310
v 1.911692 0.650100 0.692310
v 1.927584 0.670810 0.692310
v 1.948295 0.686702 0.692310
v 1.972413 0.696692 0.692310
v 1.972413 0.710546 0.640608
v 1.948295 0.701895 0.635612
v 1.927584 0.688132 0.627666
v 1.911692 0.670197 0.617311
v 1.901702 0.649309 0.605251
v 1.972413 0.726980 0.619192
v 1.948295 0.719916 0.612127
v 1.927584 0.708678 0.600889
v 1.911692 0.694034 0.586245
v 1.901702 0.676980 0.569191
v 1.972413 0.748396 0.602757
v 1.948295 0.743402 0.594107
v 1.927584 0.735456 0.580343
v 1.911692 0.725101 0.562407
v 1.901702 0.713041 0.541521
v 1.972413 0.773336 0.592426
v 1.948295 0.770750 0.582777
v 1.927584 0.766637 0.567427
v 1.911692 0.761277 0.547422
v 1.901702 0.755035 0.524126
v 1.972413 0.800100 0.588903
v 1.948295 0.800100 0.578913
v 1.927584 0.800100 0.563021
v 1.911692 0.800100 0.542311
v 1.901702 0.800100 0.518192
v 1.972413 0.826864 0.592426
v 1.948295 0.829449 0.582777
v 1.927584 0.833562 0.567427
v 1.911692 0.838923 0.547422
v 1.901702 0.845165 0.524126
v 1.972413 0.851803 0.602757
v 1.948295 0.856798 0.594107
v 1.927584 0.864744 0.580343
v 1.911692 0.875100 0.562407
v 1.901702 0.887159 0.541521
v 1.972413 0.873220 0.619192
v 1.948295 0.880284 0.612127
v 1.927584 0.891521 0.600889
v 1.911692 0.906166 0.586245
v 1.901702 0.923220 0.569191
v 1.972413 0.889653 0.640608
v 1.948295 0.898305 0.635612
v 1.927584 0.912068 0.627666
v 1.911692 0.930004 0.617311
v 1.901702 0.950891 0.605251
v 1.972413 0.899984 0.665546
v 1.948295 0.909633 0.662962
v 1.927584 0.924984 0.658848
v 1.911692 0.944989 0.653488
v 1.901702 0.968285 0.647245
v 1.972413 0.899984 0.719074
v 1.948295 0.909633 0.721661
v 1.927584 0.924984 0.725773
v 1.911692 0.944989 0.731134
v 1.901702 0.968285 0.737375
v 1.972413 0.889653 0.744015
v 1.948295 0.898305 0.749010
v 1.927584 0.912068 0.756956
v 1.911692 0.930004 0.767311
v 1.901702 0.950891 0.779369
v 1.972413 0.873220 0.765430
v 1.948295 0.880284 0.772495
v 1.927584 0.891521 0.783731
v 1.911692 0.906166 0.798378
v 1.901702 0.923220 0.815432
v 1.972413 0.851803 0.781864
v 1.948295 0.856798 0.790516
v 1.927584 0.864744 0.804279
v 1.911692 0.875100 0.822214
v 1.901702 0.887159 0.843102
v 1.972413 0.826864 0.792194
v 1.948295 0.829449 0.801844
v 1.927584 0.833562 0.817196
v 1.911692 0.838923 0.837200
v 1.901702 0.845165 0.860497
v 1.972413 0.800100 0.795717
v 1.948295 0.800100 0.805708
v 1.927584 0.800100 0.821600
v 1.911692 0.800100 0.842312
v 1.901702 0.800100 0.866428
v 1.972413 0.773336 0.792194
v 1.948295 0.770750 0.801844
v 1.927584 0.766637 0.817196
v 1.911692 0.761277 0.837200
v 1.901702 0.755035 0.860497
v 1.972413 0.748396 0.781864
v 1.948295 0.743402 0.790516
v 1.927584 0.735456 0.804279
v 1.911692 0.725101 0.822214
v 1.901702 0.713041 0.843102
v 1.972413 0.726980 0.765430
v 1.948295 0.719916 0.772495
v 1.927584 0.708678 0.783731
v 1.911692 0.694034 0.798378
v 1.901702 0.676980 0.815432
v 1.972413 0.710546 0.744015
v 1.948295 0.701895 0.749010
v 1.927584 0.688132 0.756956
v 1.911692 0.670197 0.767311
v 1.901702 0.649309 0.779369
v 1.972413 0.700216 0.719074
v 1.948295 0.690566 0.721661
v 1.927584 0.675216 0.725773
v 1.911692 0.655211 0.731134
v 1.901702 0.631915 0.737375
v 2.198295 0.700100 0.692310
v 2.198295 0.703507 0.666430
v 2.198295 0.713497 0.642311
v 2.198295 0.729389 0.621601
v 2.198295 0.750100 0.605709
v 2.198295 0.774219 0.595718
v 2.198295 0.800100 0.592312
v 2.198295 0.825982 0.595718
v 2.198295 0.850101 0.605709
v 2.198295 0.870811 0.621601
v 2.198295 0.886703 0.642311
v 2.198295 0.896692 0.666430
v 2.198295 0.900100 0.692310
v 2.198295 0.896692 0.718193
v 2.198295 0.886703 0.742311
v 2.198295 0.870811 0.763021
v 2.198295 0.850101 0.778913
v 2.198295 0.825982 0.788902
v 2.198295 0.800100 0.792311
v 2.198295 0.774219 0.788902
v 2.198295 0.750100 0.778913
v 2.198295 0.729389 0.763021
v 2.198295 0.713497 0.742311
v 2.198295 0.703507 0.718193
v 1.998295 -0.099900 1.492311
v 1.998295 -0.096493 1.466429
v 1.998295 -0.086503 1.442310
v 1.998295 -0.070611 1.421600
v 1.998295 -0.049900 1.405708
v 1.998295 -0.025782 1.395718
v 1.998295 0.000100 1.392311
v 1.998295 0.025982 1.395718
v 1.998295 0.050100 1.405708
v 1.998295 0.070810 1.421600
v 1.998295 0.086702 1.442310
v 1.998295 0.096692 1.466429
v 1.998295 0.100101 1.492311
v 1.998295 0.096692 1.518192
v 1.998295 0.086702 1.542311
v 1.998295 0.070810 1.563021
v 1.998295 0.050100 1.578913
v 1.998295 0.025982 1.588903
v 1.998295 0.000100 1.592312
v 1.998295 -0.025782 1.588903
v 1.998295 -0.049900 1.578913
v 1.998295 -0.070611 1.563021
v 1.998295 -0.086503 1.542311
v 1.998295 -0.096493 1.518192
v 1.898295 -0.155367 1.617626
v 1.902223 -0.079488 1.645065
v 1.905592 0.000100 1.654812
v 1.902223 0.079688 1.645065
v 1.898295 0.155567 1.617626
v 1.972413 0.103507 1.492311
v 1.948295 0.113497 1.492311
v 1.927584 0.129389 1.492311
v 1.911692 0.150100 1.492311
v 1.901702 0.174218 1.492311
v 1.901702 0.087159 1.643101
v 1.972413 -0.099784 1.465548
v 1.948295 -0.109434 1.462961
v 1.927584 -0.124784 1.458849
v 1.911692 -0.144789 1.453487
v 1.901702 -0.168085 1.447247
v 1.901702 -0.174018 1.492311
v 1.911692 -0.149899 1.492311
v 1.927584 -0.129189 1.492311
v 1.948295 -0.113297 1.492311
v 1.972413 -0.103308 1.492311
v 1.972413 -0.089454 1.440607
v 1.948295 -0.098104 1.435612
v 1.927584 -0.111868 1.427666
v 1.911692 -0.129804 1.417311
v 1.901702 -0.150691 1.405252
v 1.972413 -0.073020 1.419191
v 1.948295 -0.080084 1.412127
v 1.927584 -0.091322 1.400888
v 1.911692 -0.105966 1.386246
v 1.901702 -0.123020 1.369192
v 1.972413 -0.051604 1.402758
v 1.948295 -0.056599 1.394106
v 1.927584 -0.064545 1.380342
v 1.911692 -0.074900 1.362408
v 1.901702 -0.086959 1.341520
v 1.972413 -0.026664 1.392427
v 1.948295 -0.029250 1.382776
v 1.927584 -0.033363 1.367428
v 1.911692 -0.038723 1.347422
v 1.901702 -0.044965 1.324125
v 1.972413 0.000100 1.388903
v 1.948295 0.000100 1.378914
v 1.927584 0.000100 1.363022
v 1.911692 0.000100 1.342312
v 1.901702 0.000100 1.318193
v 1.972413 0.026864 1.392427
v 1.948295 0.029449 1.382776
v 1.927584 0.033562 1.367428
v 1.911692 0.038923 1.347422
v 1.901702 0.045165 1.324125
v 1.972413 0.051803 1.402758
v 1.948295 0.056798 1.394106
v 1.927584 0.064744 1.380342
v 1.911692 0.075100 1.362408
v 1.901702 0.087159 1.341520
v 1.972413 0.073220 1.419191
v 1.948295 0.080284 1.412127
v 1.927584 0.091521 1.400888
v 1.911692 0.106166 1.386246
v 1.901702 0.123220 1.369192
v 1.972413 0.089653 1.440607
v 1.948295 0.098305 1.435612
v 1.927584 0.112068 1.427666
v 1.911692 0.130004 1.417311
v 1.901702 0.150890 1.405252
v 1.972413 0.099984 1.465548
v 1.948295 0.109633 1.462961
v 1.927584 0.124984 1.458849
v 1.911692 0.144989 1.453487
v 1.901702 0.168285 1.447247
v 1.972413 0.099984 1.519073
v 1.948295 0.109633 1.521660
v 1.927584 0.124984 1.525774
v 1.911692 0.144989 1.531134
v 1.901702 0.168285 1.537376
v 1.972413 0.089653 1.544014
v 1.948295 0.098305 1.549009
v 1.927584 0.112068 1.556955
v 1.911692 0.130004 1.567310
v 1.901702 0.150890 1.579370
v 1.972413 0.073220 1.565432
v 1.948295 0.080284 1.572495
v 1.927584 0.091521 1.583733
v 1.911692 0.106166 1.598377
v 1.901702 0.123220 1.615431
v 1.972413 0.051803 1.581863
v 1.948295 0.056798 1.590517
v 1.927584 0.064744 1.604279
v 1.911692 0.075100 1.622213
v 1.972413 0.026864 1.592196
v 1.948295 0.029449 1.601845
v 1.927584 0.033562 1.617195
v 1.911692 0.038923 1.637199
v 1.972413 0.000100 1.595718
v 1.948295 0.000100 1.605709
v 1.927584 0.000100 1.621601
v 1.911692 0.000100 1.642311
v 1.972413 -0.026664 1.592196
v 1.948295 -0.029250 1.601845
v 1.927584 -0.033363 1.617195
v 1.911692 -0.038723 1.637199
v 1.972413 -0.051604 1.581863
v 1.948295 -0.056599 1.590517
v 1.927584 -0.064545 1.604279
v 1.911692 -0.074900 1.622213
v 1.901702 -0.086959 1.643101
v 1.972413 -0.073020 1.565432
v 1.948295 -0.080084 1.572495
v 1.927584 -0.091322 1.583733
v 1.911692 -0.105966 1.598377
v 1.901702 -0.123020 1.615431
v 1.972413 -0.089454 1.544014
v 1.948295 -0.098104 1.549009
v 1.927584 -0.111868 1.556955
v 1.911692 -0.129804 1.567310
v 1.901702 -0.150691 1.579370
v 1.972413 -0.099784 1.519073
v 1.948295 -0.109434 1.521660
v 1.927584 -0.124784 1.525774
v 1.911692 -0.144789 1.531134
v 1.901702 -0.168085 1.537376
v 1.901702 -1.049900 1.643192
v 1.911692 -1.049900 1.667311
v 1.927584 -1.049900 1.688021
v 1.948295 -1.049900 1.703913
v 1.972413 -1.049900 1.713903
v 1.998295 -1.049900 1.717312
v 1.998295 1.050100 1.717312
v 1.972413 1.050100 1.713903
v 1.948295 1.050100 1.703913
v 1.927584 1.050100 1.688021
v 1.911692 1.050100 1.667311
v 1.901702 1.050100 1.643192
v 1.901702 0.525100 1.643192
v 1.911692 -0.524899 1.667311
v 1.911692 0.000100 1.667311
v 1.911692 0.525100 1.667311
v 1.901702 -0.524899 1.643192
v 1.927584 -0.524899 1.688021
v 1.927584 0.000100 1.688021
v 1.927584 0.525100 1.688021
v 1.948295 -0.524899 1.703913
v 1.948295 0.000100 1.703913
v 1.948295 0.525100 1.703913
v 1.972413 -0.524899 1.713903
v 1.972413 0.000100 1.713903
v 1.972413 0.525100 1.713903
v 2.198295 -0.099900 1.492311
v 2.198295 -0.096493 1.466429
v 2.198295 -0.086503 1.442310
v 2.198295 -0.070611 1.421600
v 2.198295 -0.049900 1.405708
v 2.198295 -0.025782 1.395718
v 2.198295 0.000100 1.392311
v 2.198295 0.025982 1.395718
v 2.198295 0.050100 1.405708
v 2.198295 0.070810 1.421600
v 2.198295 0.086702 1.442310
v 2.198295 0.096692 1.466429
v 2.198295 0.100101 1.492311
v 2.198295 0.096692 1.518192
v 2.198295 0.086702 1.542311
v 2.198295 0.070810 1.563021
v 2.198295 0.050100 1.578913
v 2.198295 0.025982 1.588903
v 2.198295 0.000100 1.592312
v 2.198295 -0.025782 1.588903
v 2.198295 -0.049900 1.578913
v 2.198295 -0.070611 1.563021
v 2.198295 -0.086503 1.542311
v 2.198295 -0.096493 1.518192
v -1.998657 -0.099900 1.492311
v -1.998657 -0.096493 1.518192
v -1.998657 -0.086503 1.542311
v -1.998657 -0.070611 1.563021
v -1.998657 -0.049900 1.578913
v -1.998657 -0.025782 1.588903
v -1.998657 0.000100 1.592312
v -1.998657 0.025982 1.588903
v -1.998657 0.050100 1.578913
v -1.998657 0.070810 1.563021
v -1.998657 0.086702 1.542311
v -1.998657 0.096692 1.518192
v -1.998657 0.100101 1.492311
v -1.998657 0.096692 1.466429
v -1.998657 0.086702 1.442310
v -1.998657 0.070810 1.421600
v -1.998657 0.050100 1.405708
v -1.998657 0.025982 1.395718
v -1.998657 0.000100 1.392311
v -1.998657 -0.025782 1.395718
v -1.998657 -0.049900 1.405708
v -1.998657 -0.070611 1.421600
v -1.998657 -0.086503 1.442310
v -1.998657 -0.096493 1.466429
v -1.898658 0.156225 1.617311
v -1.898658 0.155567 1.617626
v -1.902586 0.079688 1.645065
v -1.905955 0.000100 1.654812
v -1.902586 -0.079488 1.645065
v -1.898658 -0.155367 1.617626
v -1.898658 -0.156025 1.617311
v -1.898658 -0.182060 1.574881
v -1.898658 -0.196809 1.527336
v -1.898658 -0.199360 1.477623
v -1.898658 -0.189554 1.428818
v -1.898658 -0.167999 1.383945
v -1.898658 -0.136029 1.345789
v -1.898658 -0.095627 1.316708
v -1.898658 -0.049293 1.298506
v -1.898658 0.000100 1.292311
v -1.898658 0.049493 1.298506
v -1.898658 0.095826 1.316708
v -1.898658 0.136230 1.345789
v -1.898658 0.168198 1.383945
v -1.898658 0.189754 1.428818
v -1.898658 0.199560 1.477623
v -1.898658 0.197009 1.527336
v -1.898658 0.182260 1.574881
v -1.972776 -0.103308 1.492311
v -1.948658 -0.113297 1.492311
v -1.927947 -0.129189 1.492311
v -1.912055 -0.149899 1.492311
v -1.902065 -0.174018 1.492311
v -1.902065 -0.086959 1.643101
v -1.972776 -0.099784 1.519073
v -1.948658 -0.109434 1.521660
v -1.927947 -0.124784 1.525774
v -1.912055 -0.144789 1.531134
v -1.902065 -0.168085 1.537376
v -1.972776 -0.089454 1.544014
v -1.948658 -0.098104 1.549009
v -1.927947 -0.111868 1.556955
v -1.912055 -0.129804 1.567310
v -1.902065 -0.150691 1.579370
v -1.972776 -0.073020 1.565432
v -1.948658 -0.080084 1.572495
v -1.927947 -0.091322 1.583733
v -1.912055 -0.105966 1.598377
v -1.902065 -0.123020 1.615431
v -1.972776 -0.051604 1.581863
v -1.948658 -0.056599 1.590517
v -1.927947 -0.064545 1.604279
v -1.912055 -0.074900 1.622213
v -1.972776 -0.026664 1.592196
v -1.948658 -0.029250 1.601845
v -1.927947 -0.033363 1.617195
v -1.912055 -0.038723 1.637199
v -1.972776 0.000100 1.595718
v -1.948658 0.000100 1.605709
v -1.927947 0.000100 1.621601
v -1.912055 0.000100 1.642311
v -1.972776 0.026864 1.592196
v -1.948658 0.029449 1.601845
v -1.927947 0.033562 1.617195
v -1.912055 0.038923 1.637199
v -1.972776 0.051803 1.581863
v -1.948658 0.056798 1.590517
v -1.927947 0.064744 1.604279
v -1.912055 0.075100 1.622213
v -1.902065 0.087159 1.643101
v -1.972776 0.073220 1.565432
v -1.948658 0.080284 1.572495
v -1.927947 0.091521 1.583733
v -1.912055 0.106166 1.598377
v -1.902065 0.123220 1.615431
v -1.972776 0.089653 1.544014
v -1.948658 0.098305 1.549009
v -1.927947 0.112068 1.556955
v -1.912055 0.130004 1.567310
v -1.902065 0.150890 1.579370
v -1.972776 0.099984 1.519073
v -1.948658 0.109633 1.521660
v -1.927947 0.124984 1.525774
v -1.912055 0.144989 1.531134
v -1.902065 0.168285 1.537376
v -1.972776 0.103507 1.492311
v -1.948658 0.113497 1.492311
v -1.927947 0.129389 1.492311
v -1.912055 0.150100 1.492311
v -1.902065 0.174218 1.492311
v -1.972776 0.099984 1.465548
v -1.948658 0.109633 1.462961
v -1.927947 0.124984 1.458849
v -1.912055 0.144989 1.453487
v -1.902065 0.168285 1.447247
v -1.972776 0.089653 1.440607
v -1.948658 0.098305 1.435612
v -1.927947 0.112068 1.427666
v -1.912055 0.130004 1.417311
v -1.902065 0.150890 1.405252
v -1.972776 0.073220 1.419191
v -1.948658 0.080284 1.412127
v -1.927947 0.091521 1.400888
v -1.912055 0.106166 1.386246
v -1.902065 0.123220 1.369192
v -1.972776 0.051803 1.402758
v -1.948658 0.056798 1.394106
v -1.927947 0.064744 1.380342
v -1.912055 0.075100 1.362408
v -1.902065 0.087159 1.341520
v -1.972776 0.026864 1.392427
v -1.948658 0.029449 1.382776
v -1.927947 0.033562 1.367428
v -1.912055 0.038923 1.347422
v -1.902065 0.045165 1.324125
v -1.972776 0.000100 1.388903
v -1.948658 0.000100 1.378914
v -1.927947 0.000100 1.363022
v -1.912055 0.000100 1.342312
v -1.902065 0.000100 1.318193
v -1.972776 -0.026664 1.392427
v -1.948658 -0.029250 1.382776
v -1.927947 -0.033363 1.367428
v -1.912055 -0.038723 1.347422
v -1.902065 -0.044965 1.324125
v -1.972776 -0.051604 1.402758
v -1.948658 -0.056599 1.394106
v -1.927947 -0.064545 1.380342
v -1.912055 -0.074900 1.362408
v -1.902065 -0.086959 1.341520
v -1.972776 -0.073020 1.419191
v -1.948658 -0.080084 1.412127
v -1.927947 -0.091322 1.400888
v -1.912055 -0.105966 1.386246
v -1.902065 -0.123020 1.369192
v -1.972776 -0.089454 1.440607
v -1.948658 -0.098104 1.435612
v -1.927947 -0.111868 1.427666
v -1.912055 -0.129804 1.417311
v -1.902065 -0.150691 1.405252
v -1.972776 -0.099784 1.465548
v -1.948658 -0.109434 1.462961
v -1.927947 -0.124784 1.458849
v -1.912055 -0.144789 1.453487
v -1.902065 -0.168085 1.447247
v -1.898658 1.050100 1.617311
v -1.902065 1.050100 1.643192
v -1.912055 1.050100 1.667311
v -1.927947 1.050100 1.688021
v -1.948658 1.050100 1.703913
v -1.972776 1.050100 1.713903
v -1.998657 1.050100 1.717312
v -1.998657 -1.049900 1.717312
v -1.972776 -1.049900 1.713903
v -1.948658 -1.049900 1.703913
v -1.927947 -1.049900 1.688021
v -1.912055 -1.049900 1.667311
v -1.902065 -1.049900 1.643192
v -1.898658 -1.049900 1.617311
v -1.902065 -0.524899 1.643192
v -1.912055 0.525100 1.667311
v -1.912055 0.000100 1.667311
v -1.912055 -0.524899 1.667311
v -1.902065 0.525100 1.643192
v -1.927947 0.525100 1.688021
v -1.927947 0.000100 1.688021
v -1.927947 -0.524899 1.688021
v -1.948658 0.525100 1.703913
v -1.948658 0.000100 1.703913
v -1.948658 -0.524899 1.703913
v -1.972776 0.525100 1.713903
v -1.972776 0.000100 1.713903
v -1.972776 -0.524899 1.713903
v -2.198658 -0.099900 1.492311
v -2.198658 -0.096493 1.518192
v -2.198658 -0.086503 1.542311
v -2.198658 -0.070611 1.563021
v -2.198658 -0.049900 1.578913
v -2.198658 -0.025782 1.588903
v -2.198658 0.000100 1.592312
v -2.198658 0.025982 1.588903
v -2.198658 0.050100 1.578913
v -2.198658 0.070810 1.563021
v -2.198658 0.086702 1.542311
v -2.198658 0.096692 1.518192
v -2.198658 0.100101 1.492311
v -2.198658 0.096692 1.466429
v -2.198658 0.086702 1.442310
v -2.198658 0.070810 1.421600
v -2.198658 0.050100 1.405708
v -2.198658 0.025982 1.395718
v -2.198658 0.000100 1.392311
v -2.198658 -0.025782 1.395718
v -2.198658 -0.049900 1.405708
v -2.198658 -0.070611 1.421600
v -2.198658 -0.086503 1.442310
v -2.198658 -0.096493 1.466429
v -1.998657 0.700100 0.692310
v -1.998657 0.703507 0.718193
v -1.998657 0.713497 0.742311
v -1.998657 0.729389 0.763021
v -1.998657 0.750100 0.778913
v -1.998657 0.774219 0.788902
v -1.998657 0.800100 0.792311
v -1.998657 0.825982 0.788902
v -1.998657 0.850101 0.778913
v -1.998657 0.870811 0.763021
v -1.998657 0.886703 0.742311
v -1.998657 0.896692 0.718193
v -1.998657 0.900100 0.692310
v -1.998657 0.896692 0.666430
v -1.998657 0.886703 0.642311
v -1.998657 0.870811 0.621601
v -1.998657 0.850101 0.605709
v -1.998657 0.825982 0.595718
v -1.998657 0.800100 0.592312
v -1.998657 0.774219 0.595718
v -1.998657 0.750100 0.605709
v -1.998657 0.729389 0.621601
v -1.998657 0.713497 0.642311
v -1.998657 0.703507 0.666430
v -1.898658 0.600101 0.692310
v -1.898658 0.606915 0.640547
v -1.898658 0.626895 0.592312
v -1.898658 0.658678 0.550890
v -1.898658 0.700100 0.519106
v -1.898658 0.748336 0.499126
v -1.898658 0.800100 0.492311
v -1.898658 0.851864 0.499126
v -1.898658 0.900100 0.519106
v -1.898658 0.941521 0.550890
v -1.898658 0.973305 0.592312
v -1.898658 0.993285 0.640547
v -1.898658 1.000100 0.692310
v -1.898658 0.993285 0.744074
v -1.898658 0.973305 0.792311
v -1.898658 0.941521 0.833733
v -1.898658 0.900100 0.865517
v -1.898658 0.851864 0.885496
v -1.898658 0.800100 0.892311
v -1.898658 0.748336 0.885496
v -1.898658 0.700100 0.865517
v -1.898658 0.658678 0.833733
v -1.898658 0.626895 0.792311
v -1.898658 0.606915 0.744074
v -1.972776 0.696692 0.692310
v -1.948658 0.686702 0.692310
v -1.927947 0.670810 0.692310
v -1.912055 0.650100 0.692310
v -1.902065 0.625982 0.692310
v -1.972776 0.700216 0.719074
v -1.948658 0.690566 0.721661
v -1.927947 0.675216 0.725773
v -1.912055 0.655211 0.731134
v -1.902065 0.631915 0.737375
v -1.972776 0.710546 0.744015
v -1.948658 0.701895 0.749010
v -1.927947 0.688132 0.756956
v -1.912055 0.670197 0.767311
v -1.902065 0.649309 0.779369
v -1.972776 0.726980 0.765430
v -1.948658 0.719916 0.772495
v -1.927947 0.708678 0.783731
v -1.912055 0.694034 0.798378
v -1.902065 0.676980 0.815432
v -1.972776 0.748396 0.781864
v -1.948658 0.743402 0.790516
v -1.927947 0.735456 0.804279
v -1.912055 0.725101 0.822214
v -1.902065 0.713041 0.843102
v -1.972776 0.773336 0.792194
v -1.948658 0.770750 0.801844
v -1.927947 0.766637 0.817196
v -1.912055 0.761277 0.837200
v -1.902065 0.755035 0.860497
v -1.972776 0.800100 0.795717
v -1.948658 0.800100 0.805708
v -1.927947 0.800100 0.821600
v -1.912055 0.800100 0.842312
v -1.902065 0.800100 0.866428
v -1.972776 0.826864 0.792194
v -1.948658 0.829449 0.801844
v -1.927947 0.833562 0.817196
v -1.912055 0.838923 0.837200
v -1.902065 0.845165 0.860497
v -1.972776 0.851803 0.781864
v -1.948658 0.856798 0.790516
v -1.927947 0.864744 0.804279
v -1.912055 0.875100 0.822214
v -1.902065 0.887159 0.843102
v -1.972776 0.873220 0.765430
v -1.948658 0.880284 0.772495
v -1.927947 0.891521 0.783731
v -1.912055 0.906166 0.798378
v -1.902065 0.923220 0.815432
v -1.972776 0.889653 0.744015
v -1.948658 0.898305 0.749010
v -1.927947 0.912068 0.756956
v -1.912055 0.930004 0.767311
v -1.902065 0.950891 0.779369
v -1.972776 0.899984 0.719074
v -1.948658 0.909633 0.721661
v -1.927947 0.924984 0.725773
v -1.912055 0.944989 0.731134
v -1.902065 0.968285 0.737375
v -1.972776 0.903507 0.692310
v -1.948658 0.913497 0.692310
v -1.927947 0.929389 0.692310
v -1.912055 0.950100 0.692310
v -1.902065 0.974218 0.692310
v -1.972776 0.899984 0.665546
v -1.948658 0.909633 0.662962
v -1.927947 0.924984 0.658848
v -1.912055 0.944989 0.653488
v -1.902065 0.968285 0.647245
v -1.972776 0.889653 0.640608
v -1.948658 0.898305 0.635612
v -1.927947 0.912068 0.627666
v -1.912055 0.930004 0.617311
v -1.902065 0.950891 0.605251
v -1.972776 0.873220 0.619192
v -1.948658 0.880284 0.612127
v -1.927947 0.891521 0.600889
v -1.912055 0.906166 0.586245
v -1.902065 0.923220 0.569191
v -1.972776 0.851803 0.602757
v -1.948658 0.856798 0.594107
v -1.927947 0.864744 0.580343
v -1.912055 0.875100 0.562407
v -1.902065 0.887159 0.541521
v -1.972776 0.826864 0.592426
v -1.948658 0.829449 0.582777
v -1.927947 0.833562 0.567427
v -1.912055 0.838923 0.547422
v -1.902065 0.845165 0.524126
v -1.972776 0.800100 0.588903
v -1.948658 0.800100 0.578913
v -1.927947 0.800100 0.563021
v -1.912055 0.800100 0.542311
v -1.902065 0.800100 0.518192
v -1.972776 0.773336 0.592426
v -1.948658 0.770750 0.582777
v -1.927947 0.766637 0.567427
v -1.912055 0.761277 0.547422
v -1.902065 0.755035 0.524126
v -1.972776 0.748396 0.602757
v -1.948658 0.743402 0.594107
v -1.927947 0.735456 0.580343
v -1.912055 0.725101 0.562407
v -1.902065 0.713041 0.541521
v -1.972776 0.726980 0.619192
v -1.948658 0.719916 0.612127
v -1.927947 0.708678 0.600889
v -1.912055 0.694034 0.586245
v -1.902065 0.676980 0.569191
v -1.972776 0.710546 0.640608
v -1.948658 0.701895 0.635612
v -1.927947 0.688132 0.627666
v -1.912055 0.670197 0.617311
v -1.902065 0.649309 0.605251
v -1.972776 0.700216 0.665546
v -1.948658 0.690566 0.662962
v -1.927947 0.675216 0.658848
v -1.912055 0.655211 0.653488
v -1.902065 0.631915 0.647245
v -1.898658 -1.101664 1.610497
v -1.898658 -1.149899 1.590517
v -1.898658 -1.191322 1.558733
v -1.898658 -1.223104 1.517311
v -1.898658 -1.243085 1.469074
v -1.898658 -1.249900 1.417311
v -1.898658 -1.249900 -1.082689
v -1.898658 -1.149899 -1.082689
v -1.898658 -1.098136 -1.089504
v -1.898658 -1.049900 -1.109484
v -1.898658 -1.008479 -1.141268
v -1.898658 -0.976695 -1.182690
v -1.898658 -0.956715 -1.230927
v -1.898658 -0.949900 -1.282688
v -1.898658 -0.949900 -1.582689
v -1.898658 0.950100 -1.582689
v -1.898658 0.950100 -1.282688
v -1.898658 0.956915 -1.230927
v -1.898658 0.976895 -1.182690
v -1.898658 1.008678 -1.141268
v -1.898658 1.050100 -1.109484
v -1.898658 1.098336 -1.089504
v -1.898658 1.150100 -1.082689
v -1.898658 1.250100 -1.082689
v -1.898658 1.250100 1.417311
v -1.898658 1.243285 1.469074
v -1.898658 1.223305 1.517311
v -1.898658 1.191521 1.558733
v -1.898658 1.150100 1.590517
v -1.898658 1.101864 1.610497
v -1.898658 -0.999900 0.692310
v -1.898658 -0.993085 0.744074
v -1.898658 -0.973104 0.792311
v -1.898658 -0.941322 0.833733
v -1.898658 -0.899899 0.865517
v -1.898658 -0.851664 0.885496
v -1.898658 -0.799900 0.892311
v -1.898658 -0.748136 0.885496
v -1.898658 -0.699900 0.865517
v -1.898658 -0.658479 0.833733
v -1.898658 -0.626695 0.792311
v -1.898658 -0.606715 0.744074
v -1.898658 -0.599900 0.692310
v -1.898658 -0.606715 0.640547
v -1.898658 -0.626695 0.592312
v -1.898658 -0.658479 0.550890
v -1.898658 -0.699900 0.519106
v -1.898658 -0.748136 0.499126
v -1.898658 -0.799900 0.492311
v -1.898658 -0.851664 0.499126
v -1.898658 -0.899899 0.519106
v -1.898658 -0.941322 0.550890
v -1.898658 -0.973104 0.592312
v -1.898658 -0.993085 0.640547
v -1.898658 -0.199900 -0.107689
v -1.898658 -0.193085 -0.055925
v -1.898658 -0.173105 -0.007689
v -1.898658 -0.141322 0.033731
v -1.898658 -0.099900 0.065516
v -1.898658 -0.051664 0.085497
v -1.898658 0.000100 0.092312
v -1.898658 0.051864 0.085497
v -1.898658 0.100101 0.065516
v -1.898658 0.141521 0.033731
v -1.898658 0.173306 -0.007689
v -1.898658 0.193285 -0.055925
v -1.898658 0.200100 -0.107689
v -1.898658 0.193285 -0.159452
v -1.898658 0.173306 -0.207689
v -1.898658 0.141521 -0.249111
v -1.898658 0.100101 -0.280893
v -1.898658 0.051864 -0.300875
v -1.898658 0.000100 -0.307690
v -1.898658 -0.051664 -0.300875
v -1.898658 -0.099900 -0.280893
v -1.898658 -0.141322 -0.249111
v -1.898658 -0.173105 -0.207689
v -1.898658 -0.193085 -0.159452
v -1.898658 0.400100 -1.545189
v -1.898658 -0.399899 -1.545189
v -1.898658 -0.399899 -0.545189
v -1.898658 0.400100 -0.545189
v -1.898658 -0.499900 0.692310
v -1.898658 -0.482862 0.821720
v -1.898658 -0.432913 0.942310
v -1.898658 -0.353454 1.045864
v -1.898658 -0.249900 1.125322
v -1.898658 -0.129310 1.175274
v -1.898658 0.000100 1.192310
v -1.898658 0.129509 1.175274
v -1.898658 0.250100 1.125322
v -1.898658 0.353653 1.045864
v -1.898658 0.433112 0.942310
v -1.898658 0.483063 0.821720
v -1.898658 0.500100 0.692310
v -1.898658 0.483063 0.562901
v -1.898658 0.433112 0.442310
v -1.898658 0.353653 0.338757
v -1.898658 0.250100 0.259298
v -1.898658 0.129509 0.209349
v -1.898658 0.000100 0.192310
v -1.898658 -0.129310 0.209349
v -1.898658 -0.249900 0.259298
v -1.898658 -0.353454 0.338757
v -1.898658 -0.432913 0.442310
v -1.898658 -0.482862 0.562901
v -2.198658 0.700100 0.692310
v -2.198658 0.703507 0.718193
v -2.198658 0.713497 0.742311
v -2.198658 0.729389 0.763021
v -2.198658 0.750100 0.778913
v -2.198658 0.774219 0.788902
v -2.198658 0.800100 0.792311
v -2.198658 0.825982 0.788902
v -2.198658 0.850101 0.778913
v -2.198658 0.870811 0.763021
v -2.198658 0.886703 0.742311
v -2.198658 0.896692 0.718193
v -2.198658 0.900100 0.692310
v -2.198658 0.896692 0.666430
v -2.198658 0.886703 0.642311
v -2.198658 0.870811 0.621601
v -2.198658 0.850101 0.605709
v -2.198658 0.825982 0.595718
v -2.198658 0.800100 0.592312
v -2.198658 0.774219 0.595718
v -2.198658 0.750100 0.605709
v -2.198658 0.729389 0.621601
v -2.198658 0.713497 0.642311
v -2.198658 0.703507 0.666430
v -1.998657 -0.899899 0.692310
v -1.998657 -0.896493 0.718193
v -1.998657 -0.886503 0.742311
v -1.998657 -0.870611 0.763021
v -1.998657 -0.849900 0.778913
v -1.998657 -0.825782 0.788902
v -1.998657 -0.799900 0.792311
v -1.998657 -0.774018 0.788902
v -1.998657 -0.749900 0.778913
v -1.998657 -0.729190 0.763021
v -1.998657 -0.713298 0.742311
v -1.998657 -0.703308 0.718193
v -1.998657 -0.699900 0.692310
v -1.998657 -0.703308 0.666430
v -1.998657 -0.713298 0.642311
v -1.998657 -0.729190 0.621601
v -1.998657 -0.749900 0.605709
v -1.998657 -0.774018 0.595718
v -1.998657 -0.799900 0.592312
v -1.998657 -0.825782 0.595718
v -1.998657 -0.849900 0.605709
v -1.998657 -0.870611 0.621601
v -1.998657 -0.886503 0.642311
v -1.998657 -0.896493 0.666430
v -1.972776 -0.903308 0.692310
v -1.948658 -0.913298 0.692310
v -1.927947 -0.929190 0.692310
v -1.912055 -0.949900 0.692310
v -1.902065 -0.974018 0.692310
v -1.972776 -0.899784 0.719074
v -1.948658 -0.909434 0.721661
v -1.927947 -0.924784 0.725773
v -1.912055 -0.944789 0.731134
v -1.902065 -0.968085 0.737375
v -1.972776 -0.889454 0.744015
v -1.948658 -0.898105 0.749010
v -1.927947 -0.911868 0.756956
v -1.912055 -0.929804 0.767311
v -1.902065 -0.950691 0.779369
v -1.972776 -0.873020 0.765430
v -1.948658 -0.880084 0.772495
v -1.927947 -0.891322 0.783731
v -1.912055 -0.905966 0.798378
v -1.902065 -0.923020 0.815432
v -1.972776 -0.851604 0.781864
v -1.948658 -0.856599 0.790516
v -1.927947 -0.864545 0.804279
v -1.912055 -0.874900 0.822214
v -1.902065 -0.886959 0.843102
v -1.972776 -0.826664 0.792194
v -1.948658 -0.829250 0.801844
v -1.927947 -0.833363 0.817196
v -1.912055 -0.838723 0.837200
v -1.902065 -0.844965 0.860497
v -1.972776 -0.799900 0.795717
v -1.948658 -0.799900 0.805708
v -1.927947 -0.799900 0.821600
v -1.912055 -0.799900 0.842312
v -1.902065 -0.799900 0.866428
v -1.972776 -0.773136 0.792194
v -1.948658 -0.770551 0.801844
v -1.927947 -0.766438 0.817196
v -1.912055 -0.761077 0.837200
v -1.902065 -0.754835 0.860497
v -1.972776 -0.748197 0.781864
v -1.948658 -0.743202 0.790516
v -1.927947 -0.735256 0.804279
v -1.912055 -0.724900 0.822214
v -1.902065 -0.712841 0.843102
v -1.972776 -0.726780 0.765430
v -1.948658 -0.719716 0.772495
v -1.927947 -0.708479 0.783731
v -1.912055 -0.693834 0.798378
v -1.902065 -0.676780 0.815432
v -1.972776 -0.710347 0.744015
v -1.948658 -0.701694 0.749010
v -1.927947 -0.687932 0.756956
v -1.912055 -0.669996 0.767311
v -1.902065 -0.649110 0.779369
v -1.972776 -0.700016 0.719074
v -1.948658 -0.690367 0.721661
v -1.927947 -0.675015 0.725773
v -1.912055 -0.655011 0.731134
v -1.902065 -0.631715 0.737375
v -1.972776 -0.696493 0.692310
v -1.948658 -0.686502 0.692310
v -1.927947 -0.670611 0.692310
v -1.912055 -0.649899 0.692310
v -1.902065 -0.625782 0.692310
v -1.972776 -0.700016 0.665546
v -1.948658 -0.690367 0.662962
v -1.927947 -0.675015 0.658848
v -1.912055 -0.655011 0.653488
v -1.902065 -0.631715 0.647245
v -1.972776 -0.710347 0.640608
v -1.948658 -0.701694 0.635612
v -1.927947 -0.687932 0.627666
v -1.912055 -0.669996 0.617311
v -1.902065 -0.649110 0.605251
v -1.972776 -0.726780 0.619192
v -1.948658 -0.719716 0.612127
v -1.927947 -0.708479 0.600889
v -1.912055 -0.693834 0.586245
v -1.902065 -0.676780 0.569191
v -1.972776 -0.748197 0.602757
v -1.948658 -0.743202 0.594107
v -1.927947 -0.735256 0.580343
v -1.912055 -0.724900 0.562407
v -1.902065 -0.712841 0.541521
v -1.972776 -0.773136 0.592426
v -1.948658 -0.770551 0.582777
v -1.927947 -0.766438 0.567427
v -1.912055 -0.761077 0.547422
v -1.902065 -0.754835 0.524126
v -1.972776 -0.799900 0.588903
v -1.948658 -0.799900 0.578913
v -1.927947 -0.799900 0.563021
v -1.912055 -0.799900 0.542311
v -1.902065 -0.799900 0.518192
v -1.972776 -0.826664 0.592426
v -1.948658 -0.829250 0.582777
v -1.927947 -0.833363 0.567427
v -1.912055 -0.838723 0.547422
v -1.902065 -0.844965 0.524126
v -1.972776 -0.851604 0.602757
v -1.948658 -0.856599 0.594107
v -1.927947 -0.864545 0.580343
v -1.912055 -0.874900 0.562407
v -1.902065 -0.886959 0.541521
v -1.972776 -0.873020 0.619192
v -1.948658 -0.880084 0.612127
v -1.927947 -0.891322 0.600889
v -1.912055 -0.905966 0.586245
v -1.902065 -0.923020 0.569191
v -1.972776 -0.889454 0.640608
v -1.948658 -0.898105 0.635612
v -1.927947 -0.911868 0.627666
v -1.912055 -0.929804 0.617311
v -1.902065 -0.950691 0.605251
v -1.972776 -0.899784 0.665546
v -1.948658 -0.909434 0.662962
v -1.927947 -0.924784 0.658848
v -1.912055 -0.944789 0.653488
v -1.902065 -0.968085 0.647245
v -2.198658 -0.899899 0.692310
v -2.198658 -0.896493 0.718193
v -2.198658 -0.886503 0.742311
v -2.198658 -0.870611 0.763021
v -2.198658 -0.849900 0.778913
v -2.198658 -0.825782 0.788902
v -2.198658 -0.799900 0.792311
v -2.198658 -0.774018 0.788902
v -2.198658 -0.749900 0.778913
v -2.198658 -0.729190 0.763021
v -2.198658 -0.713298 0.742311
v -2.198658 -0.703308 0.718193
v -2.198658 -0.699900 0.692310
v -2.198658 -0.703308 0.666430
v -2.198658 -0.713298 0.642311
v -2.198658 -0.729190 0.621601
v -2.198658 -0.749900 0.605709
v -2.198658 -0.774018 0.595718
v -2.198658 -0.799900 0.592312
v -2.198658 -0.825782 0.595718
v -2.198658 -0.849900 0.605709
v -2.198658 -0.870611 0.621601
v -2.198658 -0.886503 0.642311
v -2.198658 -0.896493 0.666430
v -1.998657 -0.399899 0.692310
v -1.998657 -0.386271 0.795837
v -1.998657 -0.346310 0.892311
v -1.998657 -0.282743 0.975153
v -1.998657 -0.199900 1.038721
v -1.998657 -0.103428 1.078682
v -1.998657 0.000100 1.092312
v -1.998657 0.103627 1.078682
v -1.998657 0.200100 1.038721
v -1.998657 0.282942 0.975153
v -1.998657 0.346510 0.892311
v -1.998657 0.386470 0.795837
v -1.998657 0.400100 0.692310
v -1.998657 0.386470 0.588783
v -1.998657 0.346510 0.492311
v -1.998657 0.282942 0.409468
v -1.998657 0.200100 0.345901
v -1.998657 0.103627 0.305941
v -1.998657 0.000100 0.292311
v -1.998657 -0.103428 0.305941
v -1.998657 -0.199900 0.345901
v -1.998657 -0.282743 0.409468
v -1.998657 -0.346310 0.492311
v -1.998657 -0.386271 0.588783
v -1.972776 -0.403308 0.692310
v -1.948658 -0.413298 0.692310
v -1.927947 -0.429190 0.692310
v -1.912055 -0.449900 0.692310
v -1.902065 -0.474018 0.692310
v -1.972776 -0.389562 0.796721
v -1.948658 -0.399212 0.799307
v -1.927947 -0.414562 0.803419
v -1.912055 -0.434566 0.808779
v -1.902065 -0.457863 0.815022
v -1.972776 -0.349261 0.894014
v -1.948658 -0.357913 0.899010
v -1.927947 -0.371675 0.906956
v -1.912055 -0.389612 0.917311
v -1.902065 -0.410499 0.929371
v -1.972776 -0.285151 0.977564
v -1.948658 -0.292216 0.984627
v -1.927947 -0.303453 0.995865
v -1.912055 -0.318098 1.010509
v -1.902065 -0.335152 1.027563
v -1.972776 -0.201604 1.041672
v -1.948658 -0.206599 1.050323
v -1.927947 -0.214545 1.064087
v -1.912055 -0.224900 1.082022
v -1.902065 -0.236959 1.102909
v -1.972776 -0.104310 1.081972
v -1.948658 -0.106894 1.091621
v -1.927947 -0.111009 1.106972
v -1.912055 -0.116369 1.126978
v -1.902065 -0.122611 1.150274
v -1.972776 0.000100 1.095718
v -1.948658 0.000100 1.105709
v -1.927947 0.000100 1.121601
v -1.912055 0.000100 1.142311
v -1.902065 0.000100 1.166430
v -1.972776 0.104509 1.081972
v -1.948658 0.107095 1.091621
v -1.927947 0.111208 1.106972
v -1.912055 0.116568 1.126978
v -1.902065 0.122811 1.150274
v -1.972776 0.201803 1.041672
v -1.948658 0.206799 1.050323
v -1.927947 0.214744 1.064087
v -1.912055 0.225101 1.082022
v -1.902065 0.237159 1.102909
v -1.972776 0.285352 0.977564
v -1.948658 0.292416 0.984627
v -1.927947 0.303653 0.995865
v -1.912055 0.318298 1.010509
v -1.902065 0.335352 1.027563
v -1.972776 0.349462 0.894014
v -1.948658 0.358112 0.899010
v -1.927947 0.371875 0.906956
v -1.912055 0.389812 0.917311
v -1.902065 0.410698 0.929371
v -1.972776 0.389761 0.796721
v -1.948658 0.399411 0.799307
v -1.927947 0.414762 0.803419
v -1.912055 0.434766 0.808779
v -1.902065 0.458063 0.815022
v -1.972776 0.403507 0.692310
v -1.948658 0.413497 0.692310
v -1.927947 0.429389 0.692310
v -1.912055 0.450100 0.692310
v -1.902065 0.474218 0.692310
v -1.972776 0.389761 0.587902
v -1.948658 0.399411 0.585316
v -1.927947 0.414762 0.581202
v -1.912055 0.434766 0.575842
v -1.902065 0.458063 0.569601
v -1.972776 0.349462 0.490606
v -1.948658 0.358112 0.485613
v -1.927947 0.371875 0.477667
v -1.912055 0.389812 0.467312
v -1.902065 0.410698 0.455252
v -1.972776 0.285352 0.407059
v -1.948658 0.292416 0.399996
v -1.927947 0.303653 0.388758
v -1.912055 0.318298 0.374113
v -1.902065 0.335352 0.357059
v -1.972776 0.201803 0.342951
v -1.948658 0.206799 0.334299
v -1.927947 0.214744 0.320536
v -1.912055 0.225101 0.302599
v -1.902065 0.237159 0.281712
v -1.972776 0.104509 0.302649
v -1.948658 0.107095 0.292999
v -1.927947 0.111208 0.277649
v -1.912055 0.116568 0.257645
v -1.902065 0.122811 0.234348
v -1.972776 0.000100 0.288902
v -1.948658 0.000100 0.278913
v -1.927947 0.000100 0.263021
v -1.912055 0.000100 0.242311
v -1.902065 0.000100 0.218193
v -1.972776 -0.104310 0.302649
v -1.948658 -0.106894 0.292999
v -1.927947 -0.111009 0.277649
v -1.912055 -0.116369 0.257645
v -1.902065 -0.122611 0.234348
v -1.972776 -0.201604 0.342951
v -1.948658 -0.206599 0.334299
v -1.927947 -0.214545 0.320536
v -1.912055 -0.224900 0.302599
v -1.902065 -0.236959 0.281712
v -1.972776 -0.285151 0.407059
v -1.948658 -0.292216 0.399996
v -1.927947 -0.303453 0.388758
v -1.912055 -0.318098 0.374113
v -1.902065 -0.335152 0.357059
v -1.972776 -0.349261 0.490606
v -1.948658 -0.357913 0.485613
v -1.927947 -0.371675 0.477667
v -1.912055 -0.389612 0.467312
v -1.902065 -0.410499 0.455252
v -1.972776 -0.389562 0.587902
v -1.948658 -0.399212 0.585316
v -1.927947 -0.414562 0.581202
v -1.912055 -0.434566 0.575842
v -1.902065 -0.457863 0.569601
v -2.198658 -0.399899 0.692310
v -2.198658 -0.386271 0.795837
v -2.198658 -0.346310 0.892311
v -2.198658 -0.282743 0.975153
v -2.198658 -0.199900 1.038721
v -2.198658 -0.103428 1.078682
v -2.198658 0.000100 1.092312
v -2.198658 0.103627 1.078682
v -2.198658 0.200100 1.038721
v -2.198658 0.282942 0.975153
v -2.198658 0.346510 0.892311
v -2.198658 0.386470 0.795837
v -2.198658 0.400100 0.692310
v -2.198658 0.386470 0.588783
v -2.198658 0.346510 0.492311
v -2.198658 0.282942 0.409468
v -2.198658 0.200100 0.345901
v -2.198658 0.103627 0.305941
v -2.198658 0.000100 0.292311
v -2.198658 -0.103428 0.305941
v -2.198658 -0.199900 0.345901
v -2.198658 -0.282743 0.409468
v -2.198658 -0.346310 0.492311
v -2.198658 -0.386271 0.588783
v -1.998657 -0.099900 -0.107689
v -1.998657 -0.096493 -0.081806
v -1.998657 -0.086503 -0.057690
v -1.998657 -0.070611 -0.036980
v -1.998657 -0.049900 -0.021088
v -1.998657 -0.025782 -0.011097
v -1.998657 0.000100 -0.007689
v -1.998657 0.025982 -0.011097
v -1.998657 0.050100 -0.021088
v -1.998657 0.070810 -0.036980
v -1.998657 0.086702 -0.057690
v -1.998657 0.096692 -0.081806
v -1.998657 0.100101 -0.107689
v -1.998657 0.096692 -0.133572
v -1.998657 0.086702 -0.157688
v -1.998657 0.070810 -0.178400
v -1.998657 0.050100 -0.194292
v -1.998657 0.025982 -0.204283
v -1.998657 0.000100 -0.207689
v -1.998657 -0.025782 -0.204283
v -1.998657 -0.049900 -0.194292
v -1.998657 -0.070611 -0.178400
v -1.998657 -0.086503 -0.157688
v -1.998657 -0.096493 -0.133572
v -1.972776 -0.103308 -0.107689
v -1.948658 -0.113297 -0.107689
v -1.927947 -0.129189 -0.107689
v -1.912055 -0.149899 -0.107689
v -1.902065 -0.174018 -0.107689
v -1.972776 -0.099784 -0.080925
v -1.948658 -0.109434 -0.078341
v -1.927947 -0.124784 -0.074226
v -1.912055 -0.144789 -0.068867
v -1.902065 -0.168085 -0.062624
v -1.972776 -0.089454 -0.055986
v -1.948658 -0.098104 -0.050991
v -1.927947 -0.111868 -0.043045
v -1.912055 -0.129804 -0.032688
v -1.902065 -0.150691 -0.020630
v -1.972776 -0.073020 -0.034569
v -1.948658 -0.080084 -0.027504
v -1.927947 -0.091322 -0.016268
v -1.912055 -0.105966 -0.001623
v -1.902065 -0.123020 0.015430
v -1.972776 -0.051604 -0.018135
v -1.948658 -0.056599 -0.009483
v -1.927947 -0.064545 0.004280
v -1.912055 -0.074900 0.022215
v -1.902065 -0.086959 0.043100
v -1.972776 -0.026664 -0.007805
v -1.948658 -0.029250 0.001844
v -1.927947 -0.033363 0.017195
v -1.912055 -0.038723 0.037201
v -1.902065 -0.044965 0.060495
v -1.972776 0.000100 -0.004282
v -1.948658 0.000100 0.005709
v -1.927947 0.000100 0.021601
v -1.912055 0.000100 0.042311
v -1.902065 0.000100 0.066429
v -1.972776 0.026864 -0.007805
v -1.948658 0.029449 0.001844
v -1.927947 0.033562 0.017195
v -1.912055 0.038923 0.037201
v -1.902065 0.045165 0.060495
v -1.972776 0.051803 -0.018135
v -1.948658 0.056798 -0.009483
v -1.927947 0.064744 0.004280
v -1.912055 0.075100 0.022215
v -1.902065 0.087159 0.043100
v -1.972776 0.073220 -0.034569
v -1.948658 0.080284 -0.027504
v -1.927947 0.091521 -0.016268
v -1.912055 0.106166 -0.001623
v -1.902065 0.123220 0.015430
v -1.972776 0.089653 -0.055986
v -1.948658 0.098305 -0.050991
v -1.927947 0.112068 -0.043045
v -1.912055 0.130004 -0.032688
v -1.902065 0.150890 -0.020630
v -1.972776 0.099984 -0.080925
v -1.948658 0.109633 -0.078341
v -1.927947 0.124984 -0.074226
v -1.912055 0.144989 -0.068867
v -1.902065 0.168285 -0.062624
v -1.972776 0.103507 -0.107689
v -1.948658 0.113497 -0.107689
v -1.927947 0.129389 -0.107689
v -1.912055 0.150100 -0.107689
v -1.902065 0.174218 -0.107689
v -1.972776 0.099984 -0.134453
v -1.948658 0.109633 -0.137039
v -1.927947 0.124984 -0.141151
v -1.912055 0.144989 -0.146511
v -1.902065 0.168285 -0.152754
v -1.972776 0.089653 -0.159393
v -1.948658 0.098305 -0.164389
v -1.927947 0.112068 -0.172335
v -1.912055 0.130004 -0.182690
v -1.902065 0.150890 -0.194748
v -1.972776 0.073220 -0.180809
v -1.948658 0.080284 -0.187872
v -1.927947 0.091521 -0.199110
v -1.912055 0.106166 -0.213755
v -1.902065 0.123220 -0.230808
v -1.972776 0.051803 -0.197243
v -1.948658 0.056798 -0.205894
v -1.927947 0.064744 -0.219656
v -1.912055 0.075100 -0.237593
v -1.902065 0.087159 -0.258480
v -1.972776 0.026864 -0.207573
v -1.948658 0.029449 -0.217222
v -1.927947 0.033562 -0.232573
v -1.912055 0.038923 -0.252579
v -1.902065 0.045165 -0.275873
v -1.972776 0.000100 -0.211098
v -1.948658 0.000100 -0.221087
v -1.927947 0.000100 -0.236979
v -1.912055 0.000100 -0.257689
v -1.902065 0.000100 -0.281807
v -1.972776 -0.026664 -0.207573
v -1.948658 -0.029250 -0.217222
v -1.927947 -0.033363 -0.232573
v -1.912055 -0.038723 -0.252579
v -1.902065 -0.044965 -0.275873
v -1.972776 -0.051604 -0.197243
v -1.948658 -0.056599 -0.205894
v -1.927947 -0.064545 -0.219656
v -1.912055 -0.074900 -0.237593
v -1.902065 -0.086959 -0.258480
v -1.972776 -0.073020 -0.180809
v -1.948658 -0.080084 -0.187872
v -1.927947 -0.091322 -0.199110
v -1.912055 -0.105966 -0.213755
v -1.902065 -0.123020 -0.230808
v -1.972776 -0.089454 -0.159393
v -1.948658 -0.098104 -0.164389
v -1.927947 -0.111868 -0.172335
v -1.912055 -0.129804 -0.182690
v -1.902065 -0.150691 -0.194748
v -1.972776 -0.099784 -0.134453
v -1.948658 -0.109434 -0.137039
v -1.927947 -0.124784 -0.141151
v -1.912055 -0.144789 -0.146511
v -1.902065 -0.168085 -0.152754
v -2.198658 -0.099900 -0.107689
v -2.198658 -0.096493 -0.081806
v -2.198658 -0.086503 -0.057690
v -2.198658 -0.070611 -0.036980
v -2.198658 -0.049900 -0.021088
v -2.198658 -0.025782 -0.011097
v -2.198658 0.000100 -0.007689
v -2.198658 0.025982 -0.011097
v -2.198658 0.050100 -0.021088
v -2.198658 0.070810 -0.036980
v -2.198658 0.086702 -0.057690
v -2.198658 0.096692 -0.081806
v -2.198658 0.100101 -0.107689
v -2.198658 0.096692 -0.133572
v -2.198658 0.086702 -0.157688
v -2.198658 0.070810 -0.178400
v -2.198658 0.050100 -0.194292
v -2.198658 0.025982 -0.204283
v -2.198658 0.000100 -0.207689
v -2.198658 -0.025782 -0.204283
v -2.198658 -0.049900 -0.194292
v -2.198658 -0.070611 -0.178400
v -2.198658 -0.086503 -0.157688
v -2.198658 -0.096493 -0.133572
v -1.893648 0.981350 -1.613939
v -1.895541 0.974852 -1.608686
v -1.897193 0.967147 -1.604725
v -1.898283 0.958669 -1.602343
v -1.898658 0.950100 -1.601566
v -1.898283 0.941531 -1.602343
v -1.897193 0.933052 -1.604725
v -1.895541 0.925347 -1.608686
v -1.893648 0.918850 -1.613939
v -1.900579 -0.380391 -0.564697
v -1.906270 -0.361632 -0.583458
v -1.915510 -0.344343 -0.600746
v -1.927947 -0.329190 -0.615900
v -1.943101 -0.316753 -0.628336
v -1.960388 -0.307512 -0.637577
v -1.979149 -0.301822 -0.643269
v -1.988856 -0.300382 -0.644709
v -1.998657 -0.299900 -0.645189
v -1.998657 0.300100 -0.645189
v -1.988856 0.300581 -0.644709
v -1.979149 0.302021 -0.643269
v -1.960388 0.307713 -0.637577
v -1.943101 0.316953 -0.628336
v -1.927947 0.329389 -0.615900
v -1.915510 0.344543 -0.600746
v -1.906270 0.361831 -0.583458
v -1.900579 0.380591 -0.564697
v -1.912055 0.000100 -0.595188
v -1.902065 0.000100 -0.571072
v -1.927947 0.000100 -0.615900
v -1.948658 0.000100 -0.631792
v -1.972776 0.000100 -0.641783
v -1.902065 -0.374018 -1.545189
v -1.912055 -0.349900 -1.545189
v -1.927947 -0.329190 -1.545189
v -1.948658 -0.313298 -1.545189
v -1.972776 -0.303308 -1.545189
v -1.998657 -0.299900 -1.545189
v -1.902065 -0.374018 -1.045189
v -1.912055 -0.349900 -1.045189
v -1.927947 -0.329190 -1.045189
v -1.948658 -0.313298 -1.045189
v -1.972776 -0.303308 -1.045189
v -1.998657 0.300100 -1.545189
v -1.972776 0.303507 -1.545189
v -1.948658 0.313498 -1.545189
v -1.927947 0.329389 -1.545189
v -1.912055 0.350101 -1.545189
v -1.902065 0.374218 -1.545189
v -1.972776 0.303507 -1.045189
v -1.948658 0.313498 -1.045189
v -1.927947 0.329389 -1.045189
v -1.912055 0.350101 -1.045189
v -1.902065 0.374218 -1.045189
v 1.896373 0.969609 -1.602198
v 1.890683 0.988368 -1.620958
v 1.881442 1.005657 -1.638247
v 1.869005 1.020810 -1.653400
v 1.853852 1.033247 -1.665836
v 1.836563 1.042488 -1.675077
v 1.817804 1.048178 -1.680767
v 1.808096 1.049618 -1.682207
v 1.798295 1.050100 -1.682690
v 1.798295 -1.049900 -1.682690
v 1.813893 -1.048676 -1.681465
v 1.829109 -1.045033 -1.677822
v 1.843571 -1.039062 -1.671852
v 1.856925 -1.030910 -1.663698
v 1.868843 -1.020773 -1.653563
v 1.879034 -1.008901 -1.641689
v 1.894887 -0.524899 -1.608570
v 1.894887 0.000100 -1.608570
v 1.894887 0.525100 -1.608570
v 1.884897 0.525100 -1.632689
v 1.884897 0.000100 -1.632689
v 1.884897 -0.524899 -1.632689
v 1.868966 0.525100 -1.653439
v 1.868924 0.000100 -1.653481
v 1.868883 -0.524899 -1.653522
v 1.848295 0.525100 -1.669292
v 1.848295 0.000100 -1.669292
v 1.848295 -0.524899 -1.669292
v 1.824177 0.525100 -1.679281
v 1.824177 0.000100 -1.679281
v 1.824177 -0.524899 -1.679281
v 1.894887 -0.975781 -1.282688
v 1.884897 -0.999900 -1.282688
v 1.869005 -1.020611 -1.282688
v 1.848295 -1.036503 -1.282688
v 1.824177 -1.046493 -1.282688
v 1.798295 -1.049900 -1.282688
v 1.798295 -1.053308 -1.256807
v 1.798295 -1.063298 -1.232689
v 1.798295 -1.079190 -1.211979
v 1.798295 -1.099900 -1.196087
v 1.798295 -1.124018 -1.186096
v 1.798295 -1.149899 -1.182690
v 1.824177 -1.149899 -1.179281
v 1.848295 -1.149899 -1.169292
v 1.869005 -1.149899 -1.153400
v 1.884897 -1.149899 -1.132689
v 1.894887 -1.149899 -1.108570
v 1.894887 -1.104835 -1.114504
v 1.884897 -1.111077 -1.137800
v 1.869005 -1.116438 -1.157804
v 1.848295 -1.120551 -1.173157
v 1.824177 -1.123136 -1.182804
v 1.894887 -1.062840 -1.131899
v 1.884897 -1.074900 -1.152786
v 1.869005 -1.085256 -1.170721
v 1.848295 -1.093202 -1.184484
v 1.824177 -1.098197 -1.193136
v 1.894887 -1.026780 -1.159569
v 1.884897 -1.043834 -1.176622
v 1.869005 -1.058479 -1.191267
v 1.848295 -1.069715 -1.202505
v 1.824177 -1.076780 -1.209568
v 1.894887 -0.999110 -1.195629
v 1.884897 -1.019996 -1.207689
v 1.869005 -1.037931 -1.218044
v 1.848295 -1.051695 -1.225990
v 1.824177 -1.060347 -1.230986
v 1.894887 -0.981715 -1.237623
v 1.884897 -1.005011 -1.243866
v 1.869005 -1.025016 -1.249228
v 1.848295 -1.040367 -1.253340
v 1.824177 -1.050015 -1.255926
v -1.896735 -0.969409 -1.602198
v -1.891046 -0.988169 -1.620958
v -1.881805 -1.005457 -1.638247
v -1.869367 -1.020611 -1.653400
v -1.854214 -1.033047 -1.665836
v -1.836926 -1.042288 -1.675077
v -1.818166 -1.047979 -1.680767
v -1.808459 -1.049418 -1.682207
v -1.798658 -1.049900 -1.682690
v -1.798658 1.050100 -1.682690
v -1.814255 1.048876 -1.681465
v -1.829471 1.045234 -1.677822
v -1.843933 1.039263 -1.671852
v -1.857288 1.031109 -1.663698
v -1.869206 1.020972 -1.653563
v -1.879398 1.009100 -1.641689
v -1.895250 0.525100 -1.608570
v -1.895250 0.000100 -1.608570
v -1.895250 -0.524899 -1.608570
v -1.885259 -0.524899 -1.632689
v -1.885259 0.000100 -1.632689
v -1.885259 0.525100 -1.632689
v -1.869329 -0.524899 -1.653439
v -1.869287 0.000100 -1.653481
v -1.869246 0.525100 -1.653522
v -1.848657 -0.524899 -1.669292
v -1.848657 0.000100 -1.669292
v -1.848657 0.525100 -1.669292
v -1.824539 -0.524899 -1.679281
v -1.824539 0.000100 -1.679281
v -1.824539 0.525100 -1.679281
v 1.798295 1.150100 -1.182690
v 1.798295 1.124218 -1.186096
v 1.798295 1.100101 -1.196087
v 1.798295 1.079389 -1.211979
v 1.798295 1.063498 -1.232689
v 1.798295 1.053507 -1.256807
v 1.798295 1.050100 -1.282688
v 1.824177 1.046692 -1.282688
v 1.848295 1.036702 -1.282688
v 1.869005 1.020810 -1.282688
v 1.884897 1.000100 -1.282688
v 1.894887 0.975982 -1.282688
v 1.894887 1.150100 -1.108570
v 1.884897 1.150100 -1.132689
v 1.869005 1.150100 -1.153400
v 1.848295 1.150100 -1.169292
v 1.824177 1.150100 -1.179281
v 1.824177 1.123336 -1.182804
v 1.848295 1.120750 -1.173157
v 1.869005 1.116637 -1.157804
v 1.884897 1.111277 -1.137800
v 1.894887 1.105035 -1.114504
v 1.824177 1.098396 -1.193136
v 1.848295 1.093401 -1.184484
v 1.869005 1.085455 -1.170721
v 1.884897 1.075100 -1.152786
v 1.894887 1.063041 -1.131899
v 1.824177 1.076980 -1.209568
v 1.848295 1.069916 -1.202505
v 1.869005 1.058678 -1.191267
v 1.884897 1.044034 -1.176622
v 1.894887 1.026980 -1.159569
v 1.824177 1.060546 -1.230986
v 1.848295 1.051895 -1.225990
v 1.869005 1.038132 -1.218044
v 1.884897 1.020196 -1.207689
v 1.894887 0.999310 -1.195629
v 1.824177 1.050216 -1.255926
v 1.848295 1.040566 -1.253340
v 1.869005 1.025216 -1.249228
v 1.884897 1.005211 -1.243866
v 1.894887 0.981915 -1.237623
v 1.798295 -1.349900 -1.282688
v 1.850058 -1.349900 -1.275873
v 1.898295 -1.349900 -1.255894
v 1.939716 -1.349900 -1.224112
v 1.971500 -1.349900 -1.182690
v 1.991480 -1.349900 -1.134453
v 1.998295 -1.349900 -1.082689
v 1.972413 -1.346493 -1.082689
v 1.948295 -1.336503 -1.082689
v 1.927584 -1.320611 -1.082689
v 1.911692 -1.299900 -1.082689
v 1.901702 -1.275782 -1.082689
v 1.894887 -1.249900 -1.108570
v 1.884897 -1.249900 -1.132689
v 1.869005 -1.249900 -1.153400
v 1.848295 -1.249900 -1.169292
v 1.824177 -1.249900 -1.179281
v 1.798295 -1.249900 -1.182690
v 1.798295 -1.275782 -1.186096
v 1.798295 -1.299900 -1.196087
v 1.798295 -1.320611 -1.211979
v 1.798295 -1.336503 -1.232689
v 1.798295 -1.346493 -1.256807
v 1.843360 -1.346493 -1.250874
v 1.837117 -1.336503 -1.227577
v 1.831757 -1.320611 -1.207573
v 1.827644 -1.299900 -1.192223
v 1.825058 -1.275782 -1.182573
v 1.885354 -1.346493 -1.233480
v 1.873295 -1.336503 -1.212593
v 1.862939 -1.320611 -1.194656
v 1.854993 -1.299900 -1.180893
v 1.849998 -1.275782 -1.172243
v 1.921415 -1.346493 -1.205809
v 1.904361 -1.336503 -1.188755
v 1.889716 -1.320611 -1.174110
v 1.878479 -1.299900 -1.162872
v 1.871415 -1.275782 -1.155809
v 1.949085 -1.346493 -1.169748
v 1.928198 -1.336503 -1.157688
v 1.910262 -1.320611 -1.147333
v 1.896500 -1.299900 -1.139387
v 1.887848 -1.275782 -1.134394
v 1.966480 -1.346493 -1.127754
v 1.943184 -1.336503 -1.121511
v 1.923179 -1.320611 -1.116152
v 1.907828 -1.299900 -1.112040
v 1.898179 -1.275782 -1.109453
v -1.798658 -1.149899 -1.182690
v -1.798658 -1.124018 -1.186096
v -1.798658 -1.099900 -1.196087
v -1.798658 -1.079190 -1.211979
v -1.798658 -1.063298 -1.232689
v -1.798658 -1.053308 -1.256807
v -1.798658 -1.049900 -1.282688
v -1.824539 -1.046493 -1.282688
v -1.848657 -1.036503 -1.282688
v -1.869367 -1.020611 -1.282688
v -1.885259 -0.999900 -1.282688
v -1.895250 -0.975781 -1.282688
v -1.895250 -1.149899 -1.108570
v -1.885259 -1.149899 -1.132689
v -1.869367 -1.149899 -1.153400
v -1.848657 -1.149899 -1.169292
v -1.824539 -1.149899 -1.179281
v -1.824539 -1.123136 -1.182804
v -1.848657 -1.120551 -1.173157
v -1.869367 -1.116438 -1.157804
v -1.885259 -1.111077 -1.137800
v -1.895250 -1.104835 -1.114504
v -1.824539 -1.098197 -1.193136
v -1.848657 -1.093202 -1.184484
v -1.869367 -1.085256 -1.170721
v -1.885259 -1.074900 -1.152786
v -1.895250 -1.062840 -1.131899
v -1.824539 -1.076780 -1.209568
v -1.848657 -1.069715 -1.202505
v -1.869367 -1.058479 -1.191267
v -1.885259 -1.043834 -1.176622
v -1.895250 -1.026780 -1.159569
v -1.824539 -1.060347 -1.230986
v -1.848657 -1.051695 -1.225990
v -1.869367 -1.037931 -1.218044
v -1.885259 -1.019996 -1.207689
v -1.895250 -0.999110 -1.195629
v -1.824539 -1.050015 -1.255926
v -1.848657 -1.040367 -1.253340
v -1.869367 -1.025016 -1.249228
v -1.885259 -1.005011 -1.243866
v -1.895250 -0.981715 -1.237623
v -1.895250 0.975982 -1.282688
v -1.885259 1.000100 -1.282688
v -1.869367 1.020810 -1.282688
v -1.848657 1.036702 -1.282688
v -1.824539 1.046692 -1.282688
v -1.798658 1.050100 -1.282688
v -1.798658 1.053507 -1.256807
v -1.798658 1.063498 -1.232689
v -1.798658 1.079389 -1.211979
v -1.798658 1.100101 -1.196087
v -1.798658 1.124218 -1.186096
v -1.798658 1.150100 -1.182690
v -1.824539 1.150100 -1.179281
v -1.848657 1.150100 -1.169292
v -1.869367 1.150100 -1.153400
v -1.885259 1.150100 -1.132689
v -1.895250 1.150100 -1.108570
v -1.895250 1.105035 -1.114504
v -1.885259 1.111277 -1.137800
v -1.869367 1.116637 -1.157804
v -1.848657 1.120750 -1.173157
v -1.824539 1.123336 -1.182804
v -1.895250 1.063041 -1.131899
v -1.885259 1.075100 -1.152786
v -1.869367 1.085455 -1.170721
v -1.848657 1.093401 -1.184484
v -1.824539 1.098396 -1.193136
v -1.895250 1.026980 -1.159569
v -1.885259 1.044034 -1.176622
v -1.869367 1.058678 -1.191267
v -1.848657 1.069916 -1.202505
v -1.824539 1.076980 -1.209568
v -1.895250 0.999310 -1.195629
v -1.885259 1.020196 -1.207689
v -1.869367 1.038132 -1.218044
v -1.848657 1.051895 -1.225990
v -1.824539 1.060546 -1.230986
v -1.895250 0.981915 -1.237623
v -1.885259 1.005211 -1.243866
v -1.869367 1.025216 -1.249228
v -1.848657 1.040566 -1.253340
v -1.824539 1.050216 -1.255926
v 1.284444 1.053507 -1.256807
v 0.770594 1.053507 -1.256807
v 0.256744 1.053507 -1.256807
v -0.257107 1.053507 -1.256807
v -0.770957 1.053507 -1.256807
v -1.284806 1.053507 -1.256807
v 1.284444 1.063498 -1.232689
v 0.770594 1.063498 -1.232689
v 0.256744 1.063498 -1.232689
v -0.257107 1.063498 -1.232689
v -0.770957 1.063498 -1.232689
v -1.284806 1.063498 -1.232689
v 1.284444 1.079389 -1.211979
v 0.770594 1.079389 -1.211979
v 0.256744 1.079389 -1.211979
v -0.257107 1.079389 -1.211979
v -0.770957 1.079389 -1.211979
v -1.284806 1.079389 -1.211979
v 1.284444 1.100101 -1.196087
v 0.770594 1.100101 -1.196087
v 0.256744 1.100101 -1.196087
v -0.257107 1.100101 -1.196087
v -0.770957 1.100101 -1.196087
v -1.284806 1.100101 -1.196087
v 1.284444 1.124218 -1.186096
v 0.770594 1.124218 -1.186096
v 0.256744 1.124218 -1.186096
v -0.257107 1.124218 -1.186096
v -0.770957 1.124218 -1.186096
v -1.284806 1.124218 -1.186096
v 1.798295 1.250100 -1.182690
v 1.824177 1.250100 -1.179281
v 1.848295 1.250100 -1.169292
v 1.869005 1.250100 -1.153400
v 1.884897 1.250100 -1.132689
v 1.894887 1.250100 -1.108570
v 1.901702 1.275982 -1.082689
v 1.911692 1.300100 -1.082689
v 1.927584 1.320810 -1.082689
v 1.948295 1.336702 -1.082689
v 1.972413 1.346692 -1.082689
v 1.998295 1.350101 -1.082689
v 1.991480 1.350101 -1.134453
v 1.971500 1.350101 -1.182690
v 1.939716 1.350101 -1.224112
v 1.898295 1.350101 -1.255894
v 1.850058 1.350101 -1.275873
v 1.798295 1.350101 -1.282688
v 1.798295 1.346692 -1.256807
v 1.798295 1.336702 -1.232689
v 1.798295 1.320810 -1.211979
v 1.798295 1.300100 -1.196087
v 1.798295 1.275982 -1.186096
v 1.825058 1.275982 -1.182573
v 1.827644 1.300100 -1.192223
v 1.831757 1.320810 -1.207573
v 1.837117 1.336702 -1.227577
v 1.843360 1.346692 -1.250874
v 1.849998 1.275982 -1.172243
v 1.854993 1.300100 -1.180893
v 1.862939 1.320810 -1.194656
v 1.873295 1.336702 -1.212593
v 1.885354 1.346692 -1.233480
v 1.871415 1.275982 -1.155809
v 1.878479 1.300100 -1.162872
v 1.889716 1.320810 -1.174110
v 1.904361 1.336702 -1.188755
v 1.921415 1.346692 -1.205809
v 1.887848 1.275982 -1.134394
v 1.896500 1.300100 -1.139387
v 1.910262 1.320810 -1.147333
v 1.928198 1.336702 -1.157688
v 1.949085 1.346692 -1.169748
v 1.898179 1.275982 -1.109453
v 1.907828 1.300100 -1.112040
v 1.923179 1.320810 -1.116152
v 1.943184 1.336702 -1.121511
v 1.966480 1.346692 -1.127754
v 1.998295 -1.349900 1.417311
v 1.972413 -1.346493 1.417311
v 1.948295 -1.336503 1.417311
v 1.927584 -1.320611 1.417311
v 1.911692 -1.299900 1.417311
v 1.901702 -1.275782 1.417311
v 1.972413 -1.346493 0.917311
v 1.972413 -1.346493 0.417311
v 1.972413 -1.346493 -0.082689
v 1.972413 -1.346493 -0.582689
v 1.948295 -1.336503 0.917311
v 1.948295 -1.336503 0.417311
v 1.948295 -1.336503 -0.082689
v 1.948295 -1.336503 -0.582689
v 1.927584 -1.320611 0.917311
v 1.927584 -1.320611 0.417311
v 1.927584 -1.320611 -0.082689
v 1.927584 -1.320611 -0.582689
v 1.911692 -1.299900 0.917311
v 1.911692 -1.299900 0.417311
v 1.911692 -1.299900 -0.082689
v 1.911692 -1.299900 -0.582689
v 1.901702 -1.275782 0.917311
v 1.901702 -1.275782 0.417311
v 1.901702 -1.275782 -0.082689
v 1.901702 -1.275782 -0.582689
v 1.998295 -1.339678 1.494957
v 1.998295 -1.309708 1.567310
v 1.998295 -1.262032 1.629444
v 1.998295 -1.199900 1.677118
v 1.998295 -1.127546 1.707088
v 1.901702 -1.108363 1.635496
v 1.911692 -1.114605 1.658792
v 1.927584 -1.119965 1.678797
v 1.948295 -1.124078 1.694147
v 1.972413 -1.126664 1.703796
v 1.901702 -1.162841 1.612930
v 1.911692 -1.174900 1.633818
v 1.927584 -1.185256 1.651752
v 1.948295 -1.193202 1.665516
v 1.972413 -1.198197 1.674168
v 1.901702 -1.209623 1.577034
v 1.911692 -1.226677 1.594088
v 1.927584 -1.241322 1.608732
v 1.948295 -1.252559 1.619968
v 1.972413 -1.259623 1.627033
v 1.901702 -1.245520 1.530252
v 1.911692 -1.266407 1.542311
v 1.927584 -1.284343 1.552666
v 1.948295 -1.298105 1.560612
v 1.972413 -1.306757 1.565607
v 1.901702 -1.268085 1.475773
v 1.911692 -1.291382 1.482016
v 1.927584 -1.311387 1.487375
v 1.948295 -1.326736 1.491489
v 1.972413 -1.336387 1.494074
v 1.998295 1.350101 1.417311
v 1.972413 1.346692 1.417311
v 1.948295 1.336702 1.417311
v 1.927584 1.320810 1.417311
v 1.911692 1.300100 1.417311
v 1.901702 1.275982 1.417311
v 1.998295 1.127745 1.707088
v 1.998295 1.200100 1.677118
v 1.998295 1.262232 1.629444
v 1.998295 1.309907 1.567310
v 1.998295 1.339877 1.494957
v 1.901702 1.268285 1.475773
v 1.911692 1.291581 1.482016
v 1.927584 1.311586 1.487375
v 1.948295 1.326937 1.491489
v 1.972413 1.336586 1.494074
v 1.901702 1.245719 1.530252
v 1.911692 1.266606 1.542311
v 1.927584 1.284542 1.552666
v 1.948295 1.298306 1.560612
v 1.972413 1.306956 1.565607
v 1.901702 1.209822 1.577034
v 1.911692 1.226876 1.594088
v 1.927584 1.241521 1.608732
v 1.948295 1.252758 1.619968
v 1.972413 1.259822 1.627033
v 1.901702 1.163041 1.612930
v 1.911692 1.175100 1.633818
v 1.927584 1.185455 1.651752
v 1.948295 1.193401 1.665516
v 1.972413 1.198396 1.674168
v 1.901702 1.108562 1.635496
v 1.911692 1.114804 1.658792
v 1.927584 1.120165 1.678797
v 1.948295 1.124278 1.694147
v 1.972413 1.126864 1.703796
v 1.901702 1.275982 0.917311
v 1.901702 1.275982 0.417311
v 1.901702 1.275982 -0.082689
v 1.901702 1.275982 -0.582689
v 1.911692 1.300100 0.917311
v 1.911692 1.300100 0.417311
v 1.911692 1.300100 -0.082689
v 1.911692 1.300100 -0.582689
v 1.927584 1.320810 0.917311
v 1.927584 1.320810 0.417311
v 1.927584 1.320810 -0.082689
v 1.927584 1.320810 -0.582689
v 1.948295 1.336702 0.917311
v 1.948295 1.336702 0.417311
v 1.948295 1.336702 -0.082689
v 1.948295 1.336702 -0.582689
v 1.972413 1.346692 0.917311
v 1.972413 1.346692 0.417311
v 1.972413 1.346692 -0.082689
v 1.972413 1.346692 -0.582689
v -1.798658 -1.249900 -1.182690
v -1.824539 -1.249900 -1.179281
v -1.848657 -1.249900 -1.169292
v -1.869367 -1.249900 -1.153400
v -1.885259 -1.249900 -1.132689
v -1.895250 -1.249900 -1.108570
v -1.902065 -1.275782 -1.082689
v -1.912055 -1.299900 -1.082689
v -1.927947 -1.320611 -1.082689
v -1.948658 -1.336503 -1.082689
v -1.972776 -1.346493 -1.082689
v -1.998657 -1.349900 -1.082689
v -1.991843 -1.349900 -1.134453
v -1.971863 -1.349900 -1.182690
v -1.940078 -1.349900 -1.224112
v -1.898658 -1.349900 -1.255894
v -1.850421 -1.349900 -1.275873
v -1.798658 -1.349900 -1.282688
v -1.798658 -1.346493 -1.256807
v -1.798658 -1.336503 -1.232689
v -1.798658 -1.320611 -1.211979
v -1.798658 -1.299900 -1.196087
v -1.798658 -1.275782 -1.186096
v -1.825421 -1.275782 -1.182573
v -1.828007 -1.299900 -1.192223
v -1.832120 -1.320611 -1.207573
v -1.837481 -1.336503 -1.227577
v -1.843723 -1.346493 -1.250874
v -1.850361 -1.275782 -1.172243
v -1.855356 -1.299900 -1.180893
v -1.863302 -1.320611 -1.194656
v -1.873657 -1.336503 -1.212593
v -1.885717 -1.346493 -1.233480
v -1.871778 -1.275782 -1.155809
v -1.878842 -1.299900 -1.162872
v -1.890079 -1.320611 -1.174110
v -1.904723 -1.336503 -1.188755
v -1.921777 -1.346493 -1.205809
v -1.888211 -1.275782 -1.134394
v -1.896863 -1.299900 -1.139387
v -1.910625 -1.320611 -1.147333
v -1.928560 -1.336503 -1.157688
v -1.949447 -1.346493 -1.169748
v -1.898542 -1.275782 -1.109453
v -1.908190 -1.299900 -1.112040
v -1.923542 -1.320611 -1.116152
v -1.943547 -1.336503 -1.121511
v -1.966842 -1.346493 -1.127754
v -1.798658 1.350101 -1.282688
v -1.850421 1.350101 -1.275873
v -1.898658 1.350101 -1.255894
v -1.940078 1.350101 -1.224112
v -1.971863 1.350101 -1.182690
v -1.991843 1.350101 -1.134453
v -1.998657 1.350101 -1.082689
v -1.972776 1.346692 -1.082689
v -1.948658 1.336702 -1.082689
v -1.927947 1.320810 -1.082689
v -1.912055 1.300100 -1.082689
v -1.902065 1.275982 -1.082689
v -1.895250 1.250100 -1.108570
v -1.885259 1.250100 -1.132689
v -1.869367 1.250100 -1.153400
v -1.848657 1.250100 -1.169292
v -1.824539 1.250100 -1.179281
v -1.798658 1.250100 -1.182690
v -1.798658 1.275982 -1.186096
v -1.798658 1.300100 -1.196087
v -1.798658 1.320810 -1.211979
v -1.798658 1.336702 -1.232689
v -1.798658 1.346692 -1.256807
v -1.843723 1.346692 -1.250874
v -1.837481 1.336702 -1.227577
v -1.832120 1.320810 -1.207573
v -1.828007 1.300100 -1.192223
v -1.825421 1.275982 -1.182573
v -1.885717 1.346692 -1.233480
v -1.873657 1.336702 -1.212593
v -1.863302 1.320810 -1.194656
v -1.855356 1.300100 -1.180893
v -1.850361 1.275982 -1.172243
v -1.921777 1.346692 -1.205809
v -1.904723 1.336702 -1.188755
v -1.890079 1.320810 -1.174110
v -1.878842 1.300100 -1.162872
v -1.871778 1.275982 -1.155809
v -1.949447 1.346692 -1.169748
v -1.928560 1.336702 -1.157688
v -1.910625 1.320810 -1.147333
v -1.896863 1.300100 -1.139387
v -1.888211 1.275982 -1.134394
v -1.966842 1.346692 -1.127754
v -1.943547 1.336702 -1.121511
v -1.923542 1.320810 -1.116152
v -1.908190 1.300100 -1.112040
v -1.898542 1.275982 -1.109453
v -1.998657 1.350101 1.417311
v -1.972776 1.346692 1.417311
v -1.948658 1.336702 1.417311
v -1.927947 1.320810 1.417311
v -1.912055 1.300100 1.417311
v -1.902065 1.275982 1.417311
v -1.972776 1.346692 0.917311
v -1.972776 1.346692 0.417311
v -1.972776 1.346692 -0.082689
v -1.972776 1.346692 -0.582689
v -1.948658 1.336702 0.917311
v -1.948658 1.336702 0.417311
v -1.948658 1.336702 -0.082689
v -1.948658 1.336702 -0.582689
v -1.927947 1.320810 0.917311
v -1.927947 1.320810 0.417311
v -1.927947 1.320810 -0.082689
v -1.927947 1.320810 -0.582689
v -1.912055 1.300100 0.917311
v -1.912055 1.300100 0.417311
v -1.912055 1.300100 -0.082689
v -1.912055 1.300100 -0.582689
v -1.902065 1.275982 0.917311
v -1.902065 1.275982 0.417311
v -1.902065 1.275982 -0.082689
v -1.902065 1.275982 -0.582689
v -1.998657 1.339877 1.494957
v -1.998657 1.309907 1.567310
v -1.998657 1.262232 1.629444
v -1.998657 1.200100 1.677118
v -1.998657 1.127745 1.707088
v -1.902065 1.108562 1.635496
v -1.912055 1.114804 1.658792
v -1.927947 1.120165 1.678797
v -1.948658 1.124278 1.694147
v -1.972776 1.126864 1.703796
v -1.902065 1.163041 1.612930
v -1.912055 1.175100 1.633818
v -1.927947 1.185455 1.651752
v -1.948658 1.193401 1.665516
v -1.972776 1.198396 1.674168
v -1.902065 1.209822 1.577034
v -1.912055 1.226876 1.594088
v -1.927947 1.241521 1.608732
v -1.948658 1.252758 1.619968
v -1.972776 1.259822 1.627033
v -1.902065 1.245719 1.530252
v -1.912055 1.266606 1.542311
v -1.927947 1.284542 1.552666
v -1.948658 1.298306 1.560612
v -1.972776 1.306956 1.565607
v -1.902065 1.268285 1.475773
v -1.912055 1.291581 1.482016
v -1.927947 1.311586 1.487375
v -1.948658 1.326937 1.491489
v -1.972776 1.336586 1.494074
v -1.998657 -1.349900 1.417311
v -1.972776 -1.346493 1.417311
v -1.948658 -1.336503 1.417311
v -1.927947 -1.320611 1.417311
v -1.912055 -1.299900 1.417311
v -1.902065 -1.275782 1.417311
v -1.998657 -1.127546 1.707088
v -1.998657 -1.199900 1.677118
v -1.998657 -1.262032 1.629444
v -1.998657 -1.309708 1.567310
v -1.998657 -1.339678 1.494957
v -1.902065 -1.268085 1.475773
v -1.912055 -1.291382 1.482016
v -1.927947 -1.311387 1.487375
v -1.948658 -1.326736 1.491489
v -1.972776 -1.336387 1.494074
v -1.902065 -1.245520 1.530252
v -1.912055 -1.266407 1.542311
v -1.927947 -1.284343 1.552666
v -1.948658 -1.298105 1.560612
v -1.972776 -1.306757 1.565607
v -1.902065 -1.209623 1.577034
v -1.912055 -1.226677 1.594088
v -1.927947 -1.241322 1.608732
v -1.948658 -1.252559 1.619968
v -1.972776 -1.259623 1.627033
v -1.902065 -1.162841 1.612930
v -1.912055 -1.174900 1.633818
v -1.927947 -1.185256 1.651752
v -1.948658 -1.193202 1.665516
v -1.972776 -1.198197 1.674168
v -1.902065 -1.108363 1.635496
v -1.912055 -1.114605 1.658792
v -1.927947 -1.119965 1.678797
v -1.948658 -1.124078 1.694147
v -1.972776 -1.126664 1.703796
v -1.902065 -1.275782 0.917311
v -1.902065 -1.275782 0.417311
v -1.902065 -1.275782 -0.082689
v -1.902065 -1.275782 -0.582689
v -1.912055 -1.299900 0.917311
v -1.912055 -1.299900 0.417311
v -1.912055 -1.299900 -0.082689
v -1.912055 -1.299900 -0.582689
v -1.927947 -1.320611 0.917311
v -1.927947 -1.320611 0.417311
v -1.927947 -1.320611 -0.082689
v -1.927947 -1.320611 -0.582689
v -1.948658 -1.336503 0.917311
v -1.948658 -1.336503 0.417311
v -1.948658 -1.336503 -0.082689
v -1.948658 -1.336503 -0.582689
v -1.972776 -1.346493 0.917311
v -1.972776 -1.346493 0.417311
v -1.972776 -1.346493 -0.082689
v -1.972776 -1.346493 -0.582689
v -1.284806 1.346692 -1.256807
v -0.770957 1.346692 -1.256807
v -0.257107 1.346692 -1.256807
v 0.256744 1.346692 -1.256807
v 0.770594 1.346692 -1.256807
v 1.284444 1.346692 -1.256807
v -1.284806 1.336702 -1.232689
v -0.770957 1.336702 -1.232689
v -0.257107 1.336702 -1.232689
v 0.256744 1.336702 -1.232689
v 0.770594 1.336702 -1.232689
v 1.284444 1.336702 -1.232689
v -1.284806 1.320810 -1.211979
v -0.770957 1.320810 -1.211979
v -0.257107 1.320810 -1.211979
v 0.256744 1.320810 -1.211979
v 0.770594 1.320810 -1.211979
v 1.284444 1.320810 -1.211979
v -1.284806 1.300100 -1.196087
v -0.770957 1.300100 -1.196087
v -0.257107 1.300100 -1.196087
v 0.256744 1.300100 -1.196087
v 0.770594 1.300100 -1.196087
v 1.284444 1.300100 -1.196087
v -1.284806 1.275982 -1.186096
v -0.770957 1.275982 -1.186096
v -0.257107 1.275982 -1.186096
v 0.256744 1.275982 -1.186096
v 0.770594 1.275982 -1.186096
v 1.284444 1.275982 -1.186096
v 1.284444 -1.346493 -1.256807
v 0.770594 -1.346493 -1.256807
v 0.256744 -1.346493 -1.256807
v -0.257107 -1.346493 -1.256807
v -0.770957 -1.346493 -1.256807
v -1.284806 -1.346493 -1.256807
v 1.284444 -1.336503 -1.232689
v 0.770594 -1.336503 -1.232689
v 0.256744 -1.336503 -1.232689
v -0.257107 -1.336503 -1.232689
v -0.770957 -1.336503 -1.232689
v -1.284806 -1.336503 -1.232689
v 1.284444 -1.320611 -1.211979
v 0.770594 -1.320611 -1.211979
v 0.256744 -1.320611 -1.211979
v -0.257107 -1.320611 -1.211979
v -0.770957 -1.320611 -1.211979
v -1.284806 -1.320611 -1.211979
v 1.284444 -1.299900 -1.196087
v 0.770594 -1.299900 -1.196087
v 0.256744 -1.299900 -1.196087
v -0.257107 -1.299900 -1.196087
v -0.770957 -1.299900 -1.196087
v -1.284806 -1.299900 -1.196087
v 1.284444 -1.275782 -1.186096
v 0.770594 -1.275782 -1.186096
v 0.256744 -1.275782 -1.186096
v -0.257107 -1.275782 -1.186096
v -0.770957 -1.275782 -1.186096
v -1.284806 -1.275782 -1.186096
v -1.284806 -1.053308 -1.256807
v -0.770957 -1.053308 -1.256807
v -0.257107 -1.053308 -1.256807
v 0.256744 -1.053308 -1.256807
v 0.770594 -1.053308 -1.256807
v 1.284444 -1.053308 -1.256807
v -1.284806 -1.063298 -1.232689
v -0.770957 -1.063298 -1.232689
v -0.257107 -1.063298 -1.232689
v 0.256744 -1.063298 -1.232689
v 0.770594 -1.063298 -1.232689
v 1.284444 -1.063298 -1.232689
v -1.284806 -1.079190 -1.211979
v -0.770957 -1.079190 -1.211979
v -0.257107 -1.079190 -1.211979
v 0.256744 -1.079190 -1.211979
v 0.770594 -1.079190 -1.211979
v 1.284444 -1.079190 -1.211979
v -1.284806 -1.099900 -1.196087
v -0.770957 -1.099900 -1.196087
v -0.257107 -1.099900 -1.196087
v 0.256744 -1.099900 -1.196087
v 0.770594 -1.099900 -1.196087
v 1.284444 -1.099900 -1.196087
v -1.284806 -1.124018 -1.186096
v -0.770957 -1.124018 -1.186096
v -0.257107 -1.124018 -1.186096
v 0.256744 -1.124018 -1.186096
v 0.770594 -1.124018 -1.186096
v 1.284444 -1.124018 -1.186096
v -2.198658 -1.349900 1.417311
v -2.198658 -1.349900 -1.685175
v 2.198295 -1.349900 -1.685175
v 2.198295 -1.349900 1.417311
v -2.198658 -1.049900 1.717312
v -2.198658 -1.127546 1.707088
v -2.198658 -1.199900 1.677118
v -2.198658 -1.262032 1.629444
v -2.198658 -1.309708 1.567310
v -2.198658 -1.339678 1.494957
v -2.198658 1.050100 1.717312
v -2.198658 1.350101 1.417311
v -2.198658 1.339877 1.494957
v -2.198658 1.309907 1.567310
v -2.198658 1.262232 1.629444
v -2.198658 1.200100 1.677118
v -2.198658 1.127745 1.707088
v 2.198295 -1.088445 -1.982689
v 2.198295 -1.158152 -1.964964
v 2.198295 -1.221636 -1.931158
v 2.198295 -1.275248 -1.883211
v 2.198295 -1.315907 -1.823883
v 2.198295 -1.341278 -1.756582
v -2.198658 -1.341278 -1.756582
v -2.198658 -1.315907 -1.823883
v -2.198658 -1.275248 -1.883211
v -2.198658 -1.221636 -1.931158
v -2.198658 -1.158152 -1.964964
v -2.198658 -1.088445 -1.982689
v 0.732644 -1.158152 -1.964964
v -0.733006 -1.158152 -1.964964
v 0.732644 -1.221636 -1.931158
v -0.733006 -1.221636 -1.931158
v 0.732644 -1.275248 -1.883211
v -0.733006 -1.275248 -1.883211
v 0.732644 -1.315907 -1.823883
v -0.733006 -1.315907 -1.823883
v 0.732644 -1.341278 -1.756582
v -0.733006 -1.341278 -1.756582
v 2.198295 1.050100 -1.982689
v 2.198295 1.127745 -1.972467
v 2.198295 1.200100 -1.942497
v 2.198295 1.262232 -1.894821
v 2.198295 1.309907 -1.832689
v 2.198295 1.339877 -1.760334
v 2.198295 1.350101 -1.682690
v 2.198295 1.350101 1.417311
v 2.198295 1.339877 1.494957
v 2.198295 1.309907 1.567310
v 2.198295 1.262232 1.629444
v 2.198295 1.200100 1.677118
v 2.198295 1.127745 1.707088
v 2.198295 1.050100 1.717312
v 2.198295 -1.049900 1.717312
v 2.198295 -1.127546 1.707088
v 2.198295 -1.199900 1.677118
v 2.198295 -1.262032 1.629444
v 2.198295 -1.309708 1.567310
v 2.198295 -1.339678 1.494957
v 2.198295 -0.299900 -0.645189
v 2.198295 0.300100 -0.645189
v 2.198295 0.300100 -1.545189
v 2.198295 -0.299900 -1.545189
v -2.198658 1.050100 -1.982689
v -2.198658 1.127745 -1.972467
v -2.198658 1.200100 -1.942497
v -2.198658 1.262232 -1.894821
v -2.198658 1.309907 -1.832689
v -2.198658 1.339877 -1.760334
v -2.198658 1.350101 -1.682690
v 0.732644 1.339877 -1.760334
v -0.733006 1.339877 -1.760334
v 0.732644 1.309907 -1.832689
v -0.733006 1.309907 -1.832689
v 0.732644 1.262232 -1.894821
v -0.733006 1.262232 -1.894821
v 0.732644 1.200100 -1.942497
v -0.733006 1.200100 -1.942497
v 0.732644 1.127745 -1.972467
v -0.733006 1.127745 -1.972467
v 0.001343 -0.399899 -1.982689
v 0.104870 -0.386271 -1.982689
v 0.201342 -0.346310 -1.982689
v 0.284185 -0.282743 -1.982689
v 0.347752 -0.199900 -1.982689
v 0.387713 -0.103428 -1.982689
v 0.401342 0.000100 -1.982689
v 0.387713 0.103627 -1.982689
v 0.347752 0.200100 -1.982689
v 0.284185 0.282942 -1.982689
v 0.201342 0.346510 -1.982689
v 0.104870 0.386470 -1.982689
v 0.001343 0.400100 -1.982689
v -0.102185 0.386470 -1.982689
v -0.198658 0.346510 -1.982689
v -0.281500 0.282942 -1.982689
v -0.345068 0.200100 -1.982689
v -0.385028 0.103627 -1.982689
v -0.398658 0.000100 -1.982689
v -0.385028 -0.103428 -1.982689
v -0.345068 -0.199900 -1.982689
v -0.281500 -0.282743 -1.982689
v -0.198658 -0.346310 -1.982689
v -0.102185 -0.386271 -1.982689
v 0.001343 -0.899899 -1.982689
v 0.027225 -0.896493 -1.982689
v 0.051342 -0.886503 -1.982689
v 0.072053 -0.870611 -1.982689
v 0.087945 -0.849900 -1.982689
v 0.097935 -0.825782 -1.982689
v 0.101342 -0.799900 -1.982689
v 0.097935 -0.774018 -1.982689
v 0.087945 -0.749900 -1.982689
v 0.072053 -0.729190 -1.982689
v 0.051342 -0.713298 -1.982689
v 0.027225 -0.703308 -1.982689
v 0.001343 -0.699900 -1.982689
v -0.024539 -0.703308 -1.982689
v -0.048658 -0.713298 -1.982689
v -0.069368 -0.729190 -1.982689
v -0.085260 -0.749900 -1.982689
v -0.095250 -0.774018 -1.982689
v -0.098658 -0.799900 -1.982689
v -0.095250 -0.825782 -1.982689
v -0.085260 -0.849900 -1.982689
v -0.069368 -0.870611 -1.982689
v -0.048658 -0.886503 -1.982689
v -0.024539 -0.896493 -1.982689
v 0.801342 -0.099900 -1.982689
v 0.827224 -0.096493 -1.982689
v 0.851342 -0.086503 -1.982689
v 0.872053 -0.070611 -1.982689
v 0.887945 -0.049900 -1.982689
v 0.897935 -0.025782 -1.982689
v 0.901342 0.000100 -1.982689
v 0.897935 0.025982 -1.982689
v 0.887945 0.050100 -1.982689
v 0.872053 0.070810 -1.982689
v 0.851342 0.086702 -1.982689
v 0.827224 0.096692 -1.982689
v 0.801342 0.100101 -1.982689
v 0.775460 0.096692 -1.982689
v 0.751343 0.086702 -1.982689
v 0.730633 0.070810 -1.982689
v 0.714741 0.050100 -1.982689
v 0.704751 0.025982 -1.982689
v 0.701342 0.000100 -1.982689
v 0.704751 -0.025782 -1.982689
v 0.714741 -0.049900 -1.982689
v 0.730633 -0.070611 -1.982689
v 0.751343 -0.086503 -1.982689
v 0.775460 -0.096493 -1.982689
v -0.798658 -0.099900 -1.982689
v -0.772776 -0.096493 -1.982689
v -0.748657 -0.086503 -1.982689
v -0.727947 -0.070611 -1.982689
v -0.712054 -0.049900 -1.982689
v -0.702065 -0.025782 -1.982689
v -0.698658 0.000100 -1.982689
v -0.702065 0.025982 -1.982689
v -0.712054 0.050100 -1.982689
v -0.727947 0.070810 -1.982689
v -0.748657 0.086702 -1.982689
v -0.772776 0.096692 -1.982689
v -0.798658 0.100101 -1.982689
v -0.824540 0.096692 -1.982689
v -0.848657 0.086702 -1.982689
v -0.869367 0.070810 -1.982689
v -0.885259 0.050100 -1.982689
v -0.895250 0.025982 -1.982689
v -0.898658 0.000100 -1.982689
v -0.895250 -0.025782 -1.982689
v -0.885259 -0.049900 -1.982689
v -0.869367 -0.070611 -1.982689
v -0.848657 -0.086503 -1.982689
v -0.824540 -0.096493 -1.982689
v 0.001343 0.700100 -1.982689
v 0.027225 0.703507 -1.982689
v 0.051342 0.713497 -1.982689
v 0.072053 0.729389 -1.982689
v 0.087945 0.750100 -1.982689
v 0.097935 0.774219 -1.982689
v 0.101342 0.800100 -1.982689
v 0.097935 0.825982 -1.982689
v 0.087945 0.850101 -1.982689
v 0.072053 0.870811 -1.982689
v 0.051342 0.886703 -1.982689
v 0.027225 0.896692 -1.982689
v 0.001343 0.900100 -1.982689
v -0.024539 0.896692 -1.982689
v -0.048658 0.886703 -1.982689
v -0.069368 0.870811 -1.982689
v -0.085260 0.850101 -1.982689
v -0.095250 0.825982 -1.982689
v -0.098658 0.800100 -1.982689
v -0.095250 0.774219 -1.982689
v -0.085260 0.750100 -1.982689
v -0.069368 0.729389 -1.982689
v -0.048658 0.713497 -1.982689
v -0.024539 0.703507 -1.982689
v 0.001343 -0.399899 -1.682690
v -0.102185 -0.386271 -1.682690
v -0.198658 -0.346310 -1.682690
v -0.281500 -0.282743 -1.682690
v -0.345068 -0.199900 -1.682690
v -0.385028 -0.103428 -1.682690
v -0.398658 0.000100 -1.682690
v -0.385028 0.103627 -1.682690
v -0.345068 0.200100 -1.682690
v -0.281500 0.282942 -1.682690
v -0.198658 0.346510 -1.682690
v -0.102185 0.386470 -1.682690
v 0.001343 0.400100 -1.682690
v 0.104870 0.386470 -1.682690
v 0.201342 0.346510 -1.682690
v 0.284185 0.282942 -1.682690
v 0.347752 0.200100 -1.682690
v 0.387713 0.103627 -1.682690
v 0.401342 0.000100 -1.682690
v 0.387713 -0.103428 -1.682690
v 0.347752 -0.199900 -1.682690
v 0.284185 -0.282743 -1.682690
v 0.201342 -0.346310 -1.682690
v 0.104870 -0.386271 -1.682690
v 0.001343 -0.899899 -1.682690
v -0.024539 -0.896493 -1.682690
v -0.048658 -0.886503 -1.682690
v -0.069368 -0.870611 -1.682690
v -0.085260 -0.849900 -1.682690
v -0.095250 -0.825782 -1.682690
v -0.098658 -0.799900 -1.682690
v -0.095250 -0.774018 -1.682690
v -0.085260 -0.749900 -1.682690
v -0.069368 -0.729190 -1.682690
v -0.048658 -0.713298 -1.682690
v -0.024539 -0.703308 -1.682690
v 0.001343 -0.699900 -1.682690
v 0.027225 -0.703308 -1.682690
v 0.051342 -0.713298 -1.682690
v 0.072053 -0.729190 -1.682690
v 0.087945 -0.749900 -1.682690
v 0.097935 -0.774018 -1.682690
v 0.101342 -0.799900 -1.682690
v 0.097935 -0.825782 -1.682690
v 0.087945 -0.849900 -1.682690
v 0.072053 -0.870611 -1.682690
v 0.051342 -0.886503 -1.682690
v 0.027225 -0.896493 -1.682690
v 0.801342 -0.099900 -1.682690
v 0.775460 -0.096493 -1.682690
v 0.751343 -0.086503 -1.682690
v 0.730633 -0.070611 -1.682690
v 0.714741 -0.049900 -1.682690
v 0.704751 -0.025782 -1.682690
v 0.701342 0.000100 -1.682690
v 0.704751 0.025982 -1.682690
v 0.714741 0.050100 -1.682690
v 0.730633 0.070810 -1.682690
v 0.751343 0.086702 -1.682690
v 0.775460 0.096692 -1.682690
v 0.801342 0.100101 -1.682690
v 0.827224 0.096692 -1.682690
v 0.851342 0.086702 -1.682690
v 0.872053 0.070810 -1.682690
v 0.887945 0.050100 -1.682690
v 0.897935 0.025982 -1.682690
v 0.901342 0.000100 -1.682690
v 0.897935 -0.025782 -1.682690
v 0.887945 -0.049900 -1.682690
v 0.872053 -0.070611 -1.682690
v 0.851342 -0.086503 -1.682690
v 0.827224 -0.096493 -1.682690
v -0.798658 -0.099900 -1.682690
v -0.824540 -0.096493 -1.682690
v -0.848657 -0.086503 -1.682690
v -0.869367 -0.070611 -1.682690
v -0.885259 -0.049900 -1.682690
v -0.895250 -0.025782 -1.682690
v -0.898658 0.000100 -1.682690
v -0.895250 0.025982 -1.682690
v -0.885259 0.050100 -1.682690
v -0.869367 0.070810 -1.682690
v -0.848657 0.086702 -1.682690
v -0.824540 0.096692 -1.682690
v -0.798658 0.100101 -1.682690
v -0.772776 0.096692 -1.682690
v -0.748657 0.086702 -1.682690
v -0.727947 0.070810 -1.682690
v -0.712054 0.050100 -1.682690
v -0.702065 0.025982 -1.682690
v -0.698658 0.000100 -1.682690
v -0.702065 -0.025782 -1.682690
v -0.712054 -0.049900 -1.682690
v -0.727947 -0.070611 -1.682690
v -0.748657 -0.086503 -1.682690
v -0.772776 -0.096493 -1.682690
v 0.001343 0.700100 -1.682690
v -0.024539 0.703507 -1.682690
v -0.048658 0.713497 -1.682690
v -0.069368 0.729389 -1.682690
v -0.085260 0.750100 -1.682690
v -0.095250 0.774219 -1.682690
v -0.098658 0.800100 -1.682690
v -0.095250 0.825982 -1.682690
v -0.085260 0.850101 -1.682690
v -0.069368 0.870811 -1.682690
v -0.048658 0.886703 -1.682690
v -0.024539 0.896692 -1.682690
v 0.001343 0.900100 -1.682690
v 0.027225 0.896692 -1.682690
v 0.051342 0.886703 -1.682690
v 0.072053 0.870811 -1.682690
v 0.087945 0.850101 -1.682690
v 0.097935 0.825982 -1.682690
v 0.101342 0.800100 -1.682690
v 0.097935 0.774219 -1.682690
v 0.087945 0.750100 -1.682690
v 0.072053 0.729389 -1.682690
v 0.051342 0.713497 -1.682690
v 0.027225 0.703507 -1.682690
v -2.198658 0.300100 -1.545189
v -2.198658 -0.299900 -1.545189
v -2.198658 -0.299900 -0.645189
v -2.198658 0.300100 -0.645189
vn 0.2587 -0.9659 -0.0000
vn 0.0001 -1.0000 -0.0000
vn -0.0001 -1.0000 -0.0000
vn -0.2587 -0.9659 -0.0000
vn -0.2589 -0.9659 -0.0000
vn -0.4999 -0.8661 -0.0000
vn -0.5001 -0.8660 -0.0000
vn -0.7071 -0.7072 -0.0000
vn -0.7072 -0.7070 -0.0000
vn -0.8660 -0.5000 -0.0000
vn -0.8660 -0.5001 -0.0000
vn -0.7071 -0.7071 -0.0000
vn -0.8661 -0.4999 -0.0000
vn -0.9659 -0.2589 -0.0000
vn -0.9659 -0.2587 -0.0000
vn -1.0000 -0.0001 -0.0000
vn -1.0000 0.0001 -0.0000
vn -0.9660 0.2587 -0.0000
vn -0.9659 0.2589 -0.0000
vn -0.8661 0.4999 -0.0000
vn -0.8660 0.5001 -0.0000
vn -0.7072 0.7071 -0.0000
vn -0.7071 0.7072 -0.0000
vn -0.5001 0.8660 -0.0000
vn -0.4999 0.8661 -0.0000
vn -0.2589 0.9659 -0.0000
vn -0.2588 0.9659 -0.0000
vn -0.0001 1.0000 -0.0000
vn 0.0001 1.0000 -0.0000
vn 0.2588 0.9659 -0.0000
vn 0.2589 0.9659 -0.0000
vn 0.4999 0.8661 -0.0000
vn 0.5001 0.8660 -0.0000
vn 0.7070 0.7072 -0.0000
vn 0.7072 0.7071 -0.0000
vn 0.8660 0.5001 -0.0000
vn 0.8661 0.4999 -0.0000
vn 0.9659 0.2589 -0.0000
vn 0.9660 0.2587 -0.0000
vn 1.0000 0.0001 -0.0000
vn 1.0000 -0.0001 -0.0000
vn 0.9659 -0.2587 -0.0000
vn 0.9659 -0.2589 -0.0000
vn 0.8661 -0.4999 -0.0000
vn 0.8660 -0.5001 -0.0000
vn 0.7071 -0.7071 -0.0000
vn 0.7072 -0.7070 -0.0000
vn 0.7070 -0.7072 -0.0000
vn 0.5001 -0.8660 -0.0000
vn 0.4999 -0.8661 -0.0000
vn 0.2589 -0.9659 -0.0000
vn -0.9660 -0.2587 -0.0000
vn -0.9659 0.2587 -0.0000
vn -0.7071 0.7071 -0.0000
vn -0.7072 0.7070 -0.0000
vn -0.8660 0.5000 -0.0000
vn -0.7070 0.7072 -0.0000
vn 0.7072 0.7070 -0.0000
vn 0.8660 0.5000 -0.0000
vn 0.7071 0.7071 -0.0000
vn 0.9659 0.2587 -0.0000
vn 0.9660 -0.2587 -0.0000
vn -0.5000 -0.8661 -0.0000
vn -0.5000 0.8661 -0.0000
vn 0.8661 0.5000 -0.0000
vn 0.9659 0.2588 -0.0000
vn 1.0000 -0.0000 -0.0000
vn 0.9659 -0.2588 -0.0000
vn 0.8661 -0.5000 -0.0000
vn -0.5000 0.8660 -0.0000
vn -0.9499 -0.0000 0.3125
vn -0.9310 -0.0000 0.3650
vn -0.9311 -0.0000 0.3649
vn -0.9500 -0.0000 0.3123
vn -0.9309 -0.0000 0.3652
vn -0.9144 -0.0000 0.4048
vn -0.9145 -0.0000 0.4045
vn -0.9146 -0.0000 0.4044
vn -0.9036 -0.0000 0.4283
vn -0.9036 -0.0000 0.4285
vn -0.9145 -0.0000 0.4047
vn -0.9041 -0.0000 0.4273
vn -0.9004 -0.0000 0.4350
vn -1.0000 -0.0000 -0.0001
vn -0.9808 -0.0000 -0.1950
vn -0.9808 -0.0000 -0.1951
vn -0.9659 -0.0000 -0.2588
vn -0.9808 -0.0000 -0.1952
vn -0.9659 -0.0000 -0.2589
vn -0.9239 -0.0000 -0.3826
vn -0.9239 -0.0000 -0.3827
vn -0.8661 -0.0000 -0.4999
vn -0.8315 -0.0000 -0.5555
vn -0.8660 -0.0000 -0.5000
vn -0.7072 -0.0000 -0.7070
vn -0.8313 -0.0000 -0.5558
vn -0.7070 -0.0000 -0.7072
vn -0.7070 -0.0000 -0.7073
vn -0.5555 -0.0000 -0.8315
vn -0.5556 -0.0000 -0.8314
vn -0.5001 -0.0000 -0.8660
vn -0.4999 -0.0000 -0.8661
vn -0.3827 -0.0000 -0.9239
vn -0.5000 -0.0000 -0.8660
vn -0.2589 -0.0000 -0.9659
vn -0.1953 -0.0000 -0.9807
vn -0.1948 -0.0000 -0.9808
vn -0.2585 -0.0000 -0.9660
vn -0.0977 -0.0000 -0.9952
vn -0.0980 -0.0000 -0.9952
vn -0.2588 -0.0000 -0.9659
vn -0.0978 -0.0000 -0.9952
vn 0.0002 -0.0000 -1.0000
vn -0.0002 -0.0000 -1.0000
vn -0.0983 -0.0000 -0.9952
vn -1.0000 -0.0000 -0.0000
vn -0.8316 -0.0000 -0.5554
vn -0.7071 -0.0000 -0.7071
vn -0.8314 -0.0000 -0.5557
vn -0.3826 -0.0000 -0.9239
vn -0.1952 -0.0000 -0.9808
vn -0.1949 -0.0000 -0.9808
vn -0.9808 -0.1950 -0.0000
vn -0.9808 -0.1951 -0.0000
vn -0.9808 -0.1952 -0.0000
vn -0.9659 -0.2588 -0.0000
vn -0.9239 -0.3826 -0.0000
vn -0.9239 -0.3827 -0.0000
vn -0.8315 -0.5555 -0.0000
vn -0.8315 -0.5556 -0.0000
vn -0.8314 -0.5556 -0.0000
vn -0.5556 -0.8314 -0.0000
vn -0.5556 -0.8315 -0.0000
vn -0.5555 -0.8315 -0.0000
vn -0.5000 -0.8660 -0.0000
vn -0.3828 -0.9239 -0.0000
vn -0.3827 -0.9239 -0.0000
vn -0.3826 -0.9239 -0.0000
vn -0.2588 -0.9659 -0.0000
vn -0.1952 -0.9808 -0.0000
vn -0.1951 -0.9808 -0.0000
vn -0.0980 -0.9952 -0.0000
vn -0.2587 -0.9660 -0.0000
vn -0.0000 -1.0000 -0.0000
vn -0.0000 1.0000 -0.0000
vn -0.0980 0.9952 -0.0000
vn -0.1951 0.9808 -0.0000
vn -0.1952 0.9808 -0.0000
vn -0.3826 0.9239 -0.0000
vn -0.3827 0.9239 -0.0000
vn -0.3828 0.9239 -0.0000
vn -0.5555 0.8315 -0.0000
vn -0.5556 0.8315 -0.0000
vn -0.5556 0.8314 -0.0000
vn -0.8314 0.5557 -0.0000
vn -0.8315 0.5556 -0.0000
vn -0.8315 0.5555 -0.0000
vn -0.9239 0.3827 -0.0000
vn -0.9239 0.3827 -0.0001
vn -0.9239 0.3826 -0.0000
vn -0.9659 0.2588 -0.0000
vn -0.9808 0.1952 -0.0000
vn -0.9808 0.1951 -0.0000
vn -0.2587 0.9659 -0.0000
vn -0.0001 0.9660 0.2587
vn -0.2588 0.9330 0.2499
vn -0.0001 1.0000 0.0001
vn -0.2588 0.9659 0.0001
vn -0.0001 0.9660 -0.2587
vn -0.0001 0.9659 -0.2587
vn -0.2588 0.9659 -0.0001
vn -0.2588 0.9330 -0.2500
vn -0.0001 0.9659 -0.2588
vn -0.0001 0.8661 -0.4999
vn -0.0000 0.8661 -0.4999
vn -0.2587 0.9330 -0.2501
vn -0.2587 0.8366 -0.4829
vn -0.0000 0.8660 -0.5001
vn -0.2587 0.8365 -0.4831
vn -0.0000 0.7071 -0.7071
vn -0.0001 0.7072 -0.7071
vn -0.2588 0.8365 -0.4830
vn -0.2588 0.6831 -0.6830
vn -0.0002 0.7071 -0.7072
vn -0.2589 0.6829 -0.6830
vn -0.0002 0.5000 -0.8660
vn -0.0001 0.5000 -0.8660
vn -0.2588 0.6829 -0.6831
vn -0.2588 0.4830 -0.8365
vn 0.0001 0.5000 -0.8660
vn -0.2586 0.4830 -0.8366
vn 0.0001 0.2589 -0.9659
vn -0.0001 0.2589 -0.9659
vn -0.2588 0.4829 -0.8366
vn -0.2588 0.2501 -0.9330
vn -0.0002 0.2587 -0.9659
vn -0.2589 0.2499 -0.9330
vn 0.0001 0.0001 -1.0000
vn -0.2586 0.2499 -0.9331
vn -0.2586 0.0001 -0.9660
vn -0.0001 -0.0000 -1.0000
vn -0.0002 -0.2587 -0.9659
vn 0.0001 -0.2588 -0.9659
vn -0.2586 -0.0001 -0.9660
vn -0.2586 -0.2500 -0.9331
vn -0.0001 -0.2589 -0.9659
vn -0.2588 -0.2501 -0.9330
vn -0.0001 -0.4999 -0.8661
vn -0.2588 -0.4829 -0.8365
vn -0.0000 -0.5000 -0.8660
vn -0.2587 -0.4830 -0.8365
vn -0.0000 -0.7070 -0.7072
vn -0.0000 -0.7071 -0.7071
vn -0.2587 -0.4831 -0.8365
vn -0.2586 -0.6830 -0.6831
vn -0.0000 -0.7072 -0.7070
vn -0.2587 -0.6831 -0.6830
vn -0.0000 -0.8660 -0.5000
vn -0.0000 -0.8660 -0.5001
vn -0.2587 -0.8365 -0.4830
vn -0.0001 -0.8661 -0.4999
vn -0.2588 -0.8366 -0.4829
vn -0.0001 -0.9659 -0.2589
vn -0.2588 -0.9330 -0.2500
vn -0.0001 -0.9659 -0.2588
vn -0.2587 -0.9330 -0.2499
vn -0.0001 -1.0000 -0.0001
vn -0.2587 -0.9331 -0.2499
vn -0.0001 -1.0000 0.0001
vn -0.0000 -0.9659 0.2587
vn -0.0001 -0.9660 0.2587
vn -0.2588 -0.9330 0.2499
vn -0.0000 -0.9659 0.2589
vn -0.2587 -0.9330 0.2501
vn -0.0000 -0.8660 0.5000
vn -0.0000 -0.8661 0.4999
vn -0.2587 -0.9330 0.2500
vn -0.2587 -0.8366 0.4829
vn -0.0001 -0.8660 0.5001
vn -0.2587 -0.8365 0.4831
vn -0.0000 -0.7071 0.7071
vn -0.0001 -0.7072 0.7071
vn -0.2588 -0.8365 0.4830
vn -0.2588 -0.6831 0.6830
vn -0.0000 -0.7070 0.7072
vn -0.2587 -0.6830 0.6831
vn -0.0000 -0.5000 0.8660
vn -0.0002 -0.5001 0.8660
vn -0.2589 -0.6830 0.6830
vn -0.2589 -0.4830 0.8364
vn 0.0002 -0.4999 0.8661
vn -0.2585 -0.4829 0.8366
vn 0.0002 -0.2588 0.9659
vn -0.0002 -0.2589 0.9659
vn -0.2589 -0.4829 0.8365
vn -0.2589 -0.2501 0.9330
vn -0.0002 -0.2587 0.9659
vn -0.2589 -0.2500 0.9330
vn -0.0001 -0.0001 1.0000
vn 0.0001 -0.0001 1.0000
vn -0.2587 -0.2499 0.9331
vn -0.2586 -0.0001 0.9660
vn -0.0001 0.0001 1.0000
vn -0.2588 0.0001 0.9659
vn -0.0000 0.2587 0.9659
vn -0.2587 0.0001 0.9659
vn -0.2587 0.2499 0.9331
vn -0.0002 0.2589 0.9659
vn -0.2589 0.2501 0.9330
vn -0.0002 0.5000 0.8660
vn 0.0001 0.5000 0.8660
vn -0.2586 0.2501 0.9330
vn -0.2586 0.4830 0.8366
vn -0.0001 0.5000 0.8660
vn -0.2588 0.4829 0.8365
vn -0.0001 0.7070 0.7072
vn -0.0001 0.7071 0.7071
vn -0.2588 0.4831 0.8365
vn -0.2587 0.6830 0.6831
vn -0.0000 0.7071 0.7071
vn -0.2587 0.6831 0.6830
vn -0.0000 0.8660 0.5001
vn -0.0002 0.8660 0.5001
vn -0.2589 0.6831 0.6829
vn -0.2589 0.8365 0.4830
vn -0.0000 0.8661 0.4999
vn -0.2587 0.8366 0.4829
vn -0.0000 0.9659 0.2588
vn -0.0001 0.9659 0.2589
vn -0.2588 0.8365 0.4829
vn -0.2587 0.9330 0.2501
vn -0.9660 0.2499 -0.0669
vn -0.9659 0.2500 -0.0670
vn -0.9660 0.2499 0.0670
vn -0.9660 0.2241 0.1293
vn -1.0000 0.0001 0.0001
vn -0.9659 0.2241 0.1294
vn -0.9659 0.1830 0.1830
vn -1.0000 -0.0000 0.0001
vn -0.9659 0.1829 0.1830
vn -0.9660 0.1829 0.1830
vn -0.9659 0.1294 0.2241
vn -0.9660 0.1294 0.2241
vn -0.9659 0.0670 0.2499
vn -0.9660 0.0669 0.2499
vn -0.9659 -0.0000 0.2588
vn -0.9659 -0.0670 0.2499
vn -0.9660 -0.0670 0.2499
vn -0.9659 -0.1294 0.2241
vn -1.0000 -0.0001 0.0001
vn -0.9660 -0.1294 0.2241
vn -0.9659 -0.1830 0.1830
vn -0.9660 -0.1829 0.1829
vn -0.9659 -0.2241 0.1294
vn -0.9660 -0.2241 0.1294
vn -0.9660 -0.2499 0.0670
vn -0.9660 -0.2499 0.0669
vn -0.9659 -0.2500 0.0670
vn -0.9660 -0.2499 -0.0670
vn -0.9660 -0.2240 -0.1294
vn -0.9659 -0.2241 -0.1294
vn -0.9659 -0.1830 -0.1830
vn -0.9660 -0.1829 -0.1830
vn -0.9659 -0.1294 -0.2241
vn -0.9660 -0.1293 -0.2241
vn -0.9660 -0.1294 -0.2240
vn -0.9660 -0.0670 -0.2499
vn -0.9660 -0.0669 -0.2499
vn -0.9659 -0.0670 -0.2499
vn -0.9660 -0.0000 -0.2587
vn -0.9660 0.0669 -0.2499
vn -0.9659 0.0670 -0.2499
vn -0.9660 0.0670 -0.2499
vn -0.9660 0.1293 -0.2241
vn -0.9659 0.1294 -0.2241
vn -0.9659 0.1830 -0.1830
vn -0.9659 0.2241 -0.1294
vn -0.9660 0.2241 -0.1293
vn -0.9659 0.2499 -0.0670
vn -0.2588 -0.9659 0.0002
vn -0.4999 -0.8661 0.0002
vn -0.2588 -0.9330 0.2501
vn -0.2589 -0.9330 0.2499
vn -0.5000 -0.8366 0.2240
vn -0.2589 -0.9330 0.2501
vn -0.4999 -0.8365 0.2242
vn -0.2588 -0.8365 0.4829
vn -0.4999 -0.8366 0.2242
vn -0.4999 -0.7501 0.4330
vn -0.2587 -0.8365 0.4830
vn -0.4998 -0.7501 0.4331
vn -0.2587 -0.6831 0.6829
vn -0.2591 -0.6830 0.6829
vn -0.5001 -0.7499 0.4330
vn -0.5001 -0.6124 0.6123
vn -0.2586 -0.6830 0.6831
vn -0.4997 -0.6124 0.6126
vn -0.2587 -0.4830 0.8366
vn -0.2588 -0.4831 0.8365
vn -0.4999 -0.6124 0.6124
vn -0.4999 -0.4331 0.7500
vn -0.2590 -0.4829 0.8365
vn -0.5000 -0.4330 0.7500
vn -0.2590 -0.2500 0.9330
vn -0.2588 -0.2501 0.9330
vn -0.4999 -0.4330 0.7501
vn -0.4999 -0.2242 0.8366
vn -0.4999 -0.2241 0.8366
vn -0.2589 -0.0001 0.9659
vn -0.5000 -0.2241 0.8366
vn -0.4999 -0.0001 0.8661
vn -0.2590 -0.0000 0.9659
vn -0.5000 -0.0000 0.8660
vn -0.2589 0.2499 0.9330
vn -0.5000 0.2241 0.8365
vn -0.2587 0.2500 0.9330
vn -0.4998 0.2243 0.8366
vn -0.2587 0.4829 0.8366
vn -0.2590 0.4829 0.8365
vn -0.5000 0.2242 0.8365
vn -0.5000 0.4330 0.7500
vn -0.2589 0.4830 0.8365
vn -0.2589 0.6829 0.6831
vn -0.5000 0.4331 0.7500
vn -0.5000 0.6123 0.6124
vn -0.2588 0.6831 0.6830
vn -0.4999 0.6125 0.6124
vn -0.2588 0.8365 0.4830
vn -0.5000 0.6124 0.6123
vn -0.5000 0.7500 0.4330
vn -0.4999 0.7500 0.4331
vn -0.2588 0.9330 0.2501
vn -0.2589 0.9330 0.2500
vn -0.4999 0.7501 0.4329
vn -0.4999 0.8366 0.2242
vn -0.2589 0.9330 0.2499
vn -0.5000 0.8366 0.2241
vn -0.2589 0.9659 0.0001
vn -0.5000 0.8366 0.2240
vn -0.5000 0.8660 0.0001
vn -0.2589 0.9330 -0.2498
vn -0.4999 0.8661 -0.0001
vn -0.4999 0.8366 -0.2241
vn -0.2589 0.9330 -0.2501
vn -0.4999 0.8366 -0.2242
vn -0.2588 0.8365 -0.4829
vn -0.2590 0.8365 -0.4829
vn -0.5001 0.8365 -0.2242
vn -0.5001 0.7500 -0.4330
vn -0.2589 0.8365 -0.4830
vn -0.4999 0.7500 -0.4331
vn -0.2589 0.6831 -0.6829
vn -0.5000 0.7500 -0.4331
vn -0.5000 0.6124 -0.6123
vn -0.2589 0.6829 -0.6831
vn -0.4999 0.6123 -0.6125
vn -0.2589 0.4830 -0.8365
vn -0.4998 0.4331 -0.7501
vn -0.2589 0.4829 -0.8365
vn -0.4999 0.4330 -0.7501
vn -0.2589 0.2501 -0.9330
vn -0.4999 0.2242 -0.8366
vn -0.2590 0.2499 -0.9330
vn -0.5000 0.2241 -0.8365
vn -0.2590 0.0001 -0.9659
vn -0.2588 0.0001 -0.9659
vn -0.4999 0.2241 -0.8366
vn -0.4999 0.0001 -0.8661
vn -0.2591 -0.0001 -0.9659
vn -0.2590 -0.2499 -0.9330
vn -0.2589 -0.2499 -0.9330
vn -0.5000 -0.0001 -0.8660
vn -0.5000 -0.2241 -0.8365
vn -0.2589 -0.2501 -0.9330
vn -0.4999 -0.2242 -0.8365
vn -0.2589 -0.4829 -0.8365
vn -0.2588 -0.4829 -0.8366
vn -0.4999 -0.2242 -0.8366
vn -0.4998 -0.4330 -0.7501
vn -0.2589 -0.4830 -0.8364
vn -0.5000 -0.4331 -0.7500
vn -0.2589 -0.6830 -0.6830
vn -0.2588 -0.6829 -0.6831
vn -0.4999 -0.4331 -0.7501
vn -0.4999 -0.6123 -0.6125
vn -0.2590 -0.6831 -0.6829
vn -0.5000 -0.6124 -0.6123
vn -0.2589 -0.8365 -0.4830
vn -0.2588 -0.8365 -0.4830
vn -0.4999 -0.6125 -0.6124
vn -0.4999 -0.7500 -0.4331
vn -0.2589 -0.8365 -0.4829
vn -0.5000 -0.7500 -0.4330
vn -0.2589 -0.9330 -0.2501
vn -0.4999 -0.7501 -0.4330
vn -0.4999 -0.8366 -0.2242
vn -0.2589 -0.9330 -0.2499
vn -0.5000 -0.8365 -0.2241
vn -0.2588 -0.9659 -0.0002
vn -0.4999 -0.8661 -0.0001
vn -0.5002 -0.8659 -0.0000
vn -0.5001 -0.8365 0.2240
vn -0.5000 -0.8365 0.2241
vn -0.7070 -0.7072 0.0001
vn -0.7070 -0.6831 0.1830
vn -0.5000 -0.8365 0.2242
vn -0.7070 -0.6831 0.1831
vn -0.5000 -0.7500 0.4329
vn -0.5001 -0.7500 0.4329
vn -0.7071 -0.6830 0.1830
vn -0.7071 -0.6124 0.3535
vn -0.7071 -0.6124 0.3536
vn -0.5000 -0.6124 0.6123
vn -0.7070 -0.5001 0.5000
vn -0.5001 -0.6123 0.6124
vn -0.7070 -0.5000 0.5001
vn -0.5001 -0.4331 0.7499
vn -0.5000 -0.4331 0.7499
vn -0.7070 -0.3537 0.6124
vn -0.5002 -0.4329 0.7499
vn -0.7072 -0.3535 0.6123
vn -0.5002 -0.2242 0.8364
vn -0.5000 -0.2242 0.8365
vn -0.7071 -0.3535 0.6124
vn -0.7070 -0.1831 0.6831
vn -0.5001 -0.2241 0.8365
vn -0.7071 -0.1830 0.6830
vn -0.5001 -0.0001 0.8659
vn -0.7070 -0.1830 0.6831
vn -0.7070 -0.0001 0.7072
vn -0.5000 0.0001 0.8660
vn -0.7070 0.0001 0.7072
vn -0.5001 0.2241 0.8365
vn -0.7071 0.0001 0.7071
vn -0.7071 0.1830 0.6831
vn -0.7070 0.1831 0.6831
vn -0.5002 0.4329 0.7499
vn -0.7072 0.1830 0.6829
vn -0.7072 0.3535 0.6123
vn -0.7071 0.3536 0.6124
vn -0.5001 0.6123 0.6124
vn -0.7071 0.5000 0.5001
vn -0.7071 0.5001 0.5000
vn -0.5000 0.7499 0.4331
vn -0.7070 0.5001 0.5000
vn -0.7070 0.6124 0.3536
vn -0.7071 0.6124 0.3535
vn -0.5000 0.8365 0.2242
vn -0.5001 0.8364 0.2242
vn -0.7071 0.6830 0.1830
vn -0.5001 0.8365 0.2241
vn -0.5001 0.8660 0.0001
vn -0.7070 0.6831 0.1830
vn -0.5001 0.8660 -0.0001
vn -0.7071 0.7071 -0.0001
vn -0.5001 0.8365 -0.2241
vn -0.5000 0.8365 -0.2241
vn -0.7070 0.7072 -0.0001
vn -0.7070 0.6831 -0.1830
vn -0.5001 0.8364 -0.2241
vn -0.7071 0.6830 -0.1830
vn -0.5001 0.7500 -0.4329
vn -0.7071 0.6830 -0.1831
vn -0.7071 0.6125 -0.3535
vn -0.5002 0.7499 -0.4330
vn -0.7071 0.6123 -0.3536
vn -0.5001 0.6123 -0.6123
vn -0.7071 0.6124 -0.3536
vn -0.7071 0.5001 -0.5000
vn -0.4999 0.6124 -0.6124
vn -0.7069 0.5001 -0.5002
vn -0.4999 0.4331 -0.7500
vn -0.5001 0.4330 -0.7499
vn -0.7071 0.5000 -0.5001
vn -0.7071 0.3536 -0.6124
vn -0.5000 0.4330 -0.7500
vn -0.7070 0.3535 -0.6125
vn -0.5000 0.2242 -0.8365
vn -0.7070 0.1831 -0.6831
vn -0.7070 0.1830 -0.6831
vn -0.5000 0.0001 -0.8660
vn -0.5001 0.0001 -0.8660
vn -0.7071 0.1830 -0.6831
vn -0.7071 0.0001 -0.7071
vn -0.7070 -0.0001 -0.7072
vn -0.7071 -0.0001 -0.7072
vn -0.7070 -0.1830 -0.6831
vn -0.5001 -0.2242 -0.8364
vn -0.7071 -0.1831 -0.6830
vn -0.5001 -0.4329 -0.7500
vn -0.5000 -0.4330 -0.7500
vn -0.7070 -0.1831 -0.6831
vn -0.7070 -0.3536 -0.6125
vn -0.5001 -0.4330 -0.7499
vn -0.7071 -0.3536 -0.6124
vn -0.5001 -0.6123 -0.6124
vn -0.7070 -0.5000 -0.5001
vn -0.5001 -0.6124 -0.6123
vn -0.7071 -0.5001 -0.5000
vn -0.5000 -0.7500 -0.4331
vn -0.7070 -0.5001 -0.5001
vn -0.7070 -0.6124 -0.3537
vn -0.5001 -0.7500 -0.4329
vn -0.7071 -0.6125 -0.3535
vn -0.5001 -0.8365 -0.2242
vn -0.5001 -0.8364 -0.2242
vn -0.7071 -0.6124 -0.3536
vn -0.7071 -0.6830 -0.1831
vn -0.5001 -0.8365 -0.2241
vn -0.7070 -0.6831 -0.1830
vn -0.5001 -0.8660 -0.0001
vn -0.5000 -0.8660 -0.0001
vn -0.7070 -0.7072 -0.0000
vn -0.7072 -0.6830 0.1830
vn -0.8660 -0.5001 0.0001
vn -0.8660 -0.4831 0.1294
vn -0.7072 -0.6829 0.1830
vn -0.8660 -0.4830 0.1294
vn -0.7072 -0.6123 0.3535
vn -0.7072 -0.6124 0.3535
vn -0.8660 -0.4830 0.1295
vn -0.8660 -0.4331 0.2500
vn -0.8661 -0.4330 0.2500
vn -0.7072 -0.4999 0.4999
vn -0.7071 -0.5000 0.5000
vn -0.8659 -0.4331 0.2501
vn -0.8659 -0.3537 0.3536
vn -0.7071 -0.4999 0.5000
vn -0.8660 -0.3536 0.3537
vn -0.7071 -0.3536 0.6123
vn -0.8660 -0.3536 0.3536
vn -0.8660 -0.2501 0.4331
vn -0.8660 -0.2500 0.4331
vn -0.8659 -0.2500 0.4332
vn -0.8659 -0.1295 0.4831
vn -0.7072 -0.1829 0.6830
vn -0.8660 -0.1294 0.4831
vn -0.7071 -0.0000 0.7071
vn -0.7071 -0.0001 0.7071
vn -0.8659 -0.0001 0.5001
vn -0.8660 -0.0000 0.5001
vn -0.7071 0.1830 0.6830
vn -0.8659 -0.0000 0.5002
vn -0.8659 0.1294 0.4831
vn -0.7072 0.1830 0.6830
vn -0.8660 0.1295 0.4830
vn -0.7071 0.3535 0.6124
vn -0.8660 0.2500 0.4331
vn -0.7072 0.3536 0.6123
vn -0.8660 0.2500 0.4330
vn -0.7072 0.4999 0.5000
vn -0.7071 0.5000 0.5000
vn -0.8659 0.2501 0.4331
vn -0.8659 0.3536 0.3537
vn -0.7072 0.5000 0.4999
vn -0.8660 0.3536 0.3536
vn -0.7072 0.6123 0.3536
vn -0.7072 0.6123 0.3535
vn -0.8660 0.3536 0.3535
vn -0.8660 0.4330 0.2500
vn -0.8660 0.4331 0.2500
vn -0.7072 0.6829 0.1830
vn -0.8660 0.4830 0.1295
vn -0.8660 0.4831 0.1294
vn -0.7071 0.7071 0.0001
vn -0.7072 0.7071 0.0001
vn -0.8660 0.4830 0.1294
vn -0.8660 0.5001 0.0001
vn -0.8660 0.5001 -0.0001
vn -0.8660 0.4830 -0.1294
vn -0.7072 0.6829 -0.1830
vn -0.7072 0.6123 -0.3535
vn -0.7071 0.6124 -0.3535
vn -0.8660 0.4830 -0.1295
vn -0.8660 0.4331 -0.2500
vn -0.7073 0.6122 -0.3535
vn -0.8661 0.4330 -0.2500
vn -0.7073 0.4999 -0.4998
vn -0.7071 0.5000 -0.5000
vn -0.8660 0.4331 -0.2501
vn -0.8660 0.3537 -0.3536
vn -0.7073 0.4999 -0.4999
vn -0.8661 0.3535 -0.3535
vn -0.7073 0.3535 -0.6122
vn -0.8659 0.3536 -0.3537
vn -0.8659 0.2501 -0.4331
vn -0.7072 0.3535 -0.6123
vn -0.8660 0.2500 -0.4330
vn -0.7072 0.1830 -0.6829
vn -0.7072 0.1831 -0.6829
vn -0.8660 0.2500 -0.4331
vn -0.8660 0.1295 -0.4830
vn -0.7072 0.1829 -0.6829
vn -0.8660 0.1294 -0.4830
vn -0.7072 0.0001 -0.7070
vn -0.8660 0.1294 -0.4831
vn -0.8659 0.0001 -0.5001
vn -0.8660 -0.0001 -0.5001
vn -0.7072 -0.1830 -0.6830
vn -0.7071 -0.1830 -0.6830
vn -0.8660 -0.0000 -0.5001
vn -0.8660 -0.1294 -0.4831
vn -0.7072 -0.1830 -0.6829
vn -0.8660 -0.1295 -0.4829
vn -0.7072 -0.3535 -0.6123
vn -0.7071 -0.3535 -0.6124
vn -0.8660 -0.1295 -0.4831
vn -0.8660 -0.2500 -0.4331
vn -0.8660 -0.2500 -0.4330
vn -0.7072 -0.4999 -0.4999
vn -0.7071 -0.4999 -0.5000
vn -0.8660 -0.2501 -0.4330
vn -0.8660 -0.3536 -0.3536
vn -0.7072 -0.5000 -0.4999
vn -0.7072 -0.6123 -0.3536
vn -0.8660 -0.4330 -0.2501
vn -0.7071 -0.6124 -0.3535
vn -0.8660 -0.4331 -0.2500
vn -0.7071 -0.6830 -0.1830
vn -0.7072 -0.6829 -0.1830
vn -0.8660 -0.4330 -0.2500
vn -0.8660 -0.4830 -0.1295
vn -0.7071 -0.6830 -0.1829
vn -0.8660 -0.4831 -0.1294
vn -0.7071 -0.7071 -0.0001
vn -0.7072 -0.7070 -0.0001
vn -0.8660 -0.4830 -0.1294
vn -0.8661 -0.4829 0.1293
vn -0.8661 -0.4829 0.1294
vn -0.9659 -0.2501 0.0670
vn -0.8660 -0.4330 0.2499
vn -0.9659 -0.2501 0.0671
vn -0.9659 -0.2243 0.1294
vn -0.9659 -0.2242 0.1295
vn -0.8661 -0.3535 0.3535
vn -0.8661 -0.3536 0.3535
vn -0.9659 -0.1831 0.1830
vn -0.8661 -0.3534 0.3535
vn -0.8661 -0.2499 0.4329
vn -0.8660 -0.2500 0.4330
vn -0.9659 -0.1831 0.1831
vn -0.9659 -0.1295 0.2242
vn -0.9659 -0.1294 0.2243
vn -0.8660 -0.1294 0.4830
vn -0.8661 -0.1294 0.4828
vn -0.9659 -0.1294 0.2242
vn -0.9659 -0.0670 0.2500
vn -0.8661 -0.0000 0.4999
vn -0.9659 -0.0670 0.2501
vn -0.9659 -0.0000 0.2589
vn -0.8661 0.1293 0.4829
vn -0.8661 0.1294 0.4829
vn -0.9659 0.0670 0.2500
vn -0.8661 0.2500 0.4330
vn -0.9659 0.0670 0.2501
vn -0.9659 0.1294 0.2243
vn -0.8661 0.2500 0.4329
vn -0.9659 0.1295 0.2242
vn -0.8661 0.3535 0.3535
vn -0.9659 0.1830 0.1831
vn -0.8661 0.3536 0.3535
vn -0.9659 0.1831 0.1830
vn -0.8661 0.4330 0.2500
vn -0.8661 0.4329 0.2500
vn -0.9659 0.2242 0.1295
vn -0.8661 0.4330 0.2499
vn -0.9659 0.2242 0.1294
vn -0.8661 0.4829 0.1294
vn -0.9659 0.2243 0.1294
vn -0.9659 0.2501 0.0670
vn -0.8661 0.4829 0.1293
vn -0.8661 0.4829 -0.1294
vn -0.9659 0.2501 -0.0670
vn -0.8661 0.4329 -0.2499
vn -0.8660 0.4330 -0.2500
vn -0.9659 0.2243 -0.1294
vn -0.8661 0.4329 -0.2500
vn -0.9659 0.2242 -0.1295
vn -0.8660 0.3536 -0.3535
vn -0.9659 0.1832 -0.1831
vn -0.9659 0.1830 -0.1831
vn -0.8661 0.2500 -0.4330
vn -0.8661 0.2500 -0.4329
vn -0.9659 0.1831 -0.1831
vn -0.9659 0.1295 -0.2242
vn -0.9659 0.1294 -0.2242
vn -0.8661 0.1294 -0.4829
vn -0.8660 0.1294 -0.4829
vn -0.9659 0.0671 -0.2501
vn -0.8661 0.1294 -0.4828
vn -0.9659 0.0670 -0.2500
vn -0.9659 0.0670 -0.2501
vn -0.8661 -0.1293 -0.4829
vn -0.8661 -0.1294 -0.4829
vn -0.9659 -0.0670 -0.2500
vn -0.8661 -0.1294 -0.4828
vn -0.8661 -0.2499 -0.4329
vn -0.9659 -0.0671 -0.2501
vn -0.9659 -0.1294 -0.2243
vn -0.8661 -0.2500 -0.4329
vn -0.9659 -0.1295 -0.2242
vn -0.8661 -0.3535 -0.3535
vn -0.9659 -0.1830 -0.1831
vn -0.8661 -0.3536 -0.3535
vn -0.9659 -0.1831 -0.1830
vn -0.8661 -0.4330 -0.2500
vn -0.9659 -0.2242 -0.1295
vn -0.8661 -0.4330 -0.2499
vn -0.9659 -0.2242 -0.1294
vn -0.8661 -0.4829 -0.1294
vn -0.8660 -0.4829 -0.1294
vn -0.9659 -0.2243 -0.1294
vn -0.9659 -0.2501 -0.0670
vn -0.9659 -0.2500 -0.0670
vn -0.0000 1.0000 0.0002
vn -0.0000 0.9660 0.2587
vn -0.0000 0.9660 -0.2587
vn -0.0000 0.9659 -0.2588
vn -0.0000 1.0000 -0.0002
vn -0.0000 0.8660 -0.5000
vn -0.0000 0.9659 -0.2589
vn -0.0000 0.7072 -0.7070
vn -0.0000 0.7071 -0.7072
vn -0.0000 0.5001 -0.8660
vn -0.0000 0.5000 -0.8660
vn -0.0000 0.7070 -0.7072
vn -0.0000 0.5000 -0.8661
vn -0.0000 0.2589 -0.9659
vn -0.0000 0.4999 -0.8661
vn -0.0000 0.2587 -0.9659
vn -0.0000 0.0001 -1.0000
vn -0.0000 -0.0001 -1.0000
vn -0.0000 -0.2587 -0.9659
vn -0.0000 -0.2589 -0.9659
vn -0.0000 -0.4999 -0.8661
vn -0.0000 -0.5000 -0.8661
vn -0.0000 -0.8661 -0.4999
vn -0.0000 -0.9659 -0.2589
vn -0.0000 -0.9659 -0.2588
vn -0.0000 -1.0000 -0.0001
vn -0.0000 -0.9660 -0.2587
vn -0.0000 -1.0000 0.0001
vn -0.0000 -0.9660 0.2587
vn -0.0000 -0.9659 0.2588
vn -0.0000 -0.7072 0.7070
vn -0.0000 -0.5000 0.8661
vn -0.0000 -0.2589 0.9659
vn -0.0000 -0.4999 0.8661
vn -0.0000 -0.2588 0.9659
vn -0.0000 -0.0001 1.0000
vn -0.0000 0.0001 1.0000
vn -0.0000 0.2587 0.9660
vn -0.0000 0.2588 0.9659
vn -0.0000 0.2589 0.9659
vn -0.0000 0.4999 0.8661
vn -0.0000 0.5000 0.8661
vn -0.0000 0.5000 0.8660
vn -0.0000 0.7070 0.7072
vn -0.0000 0.7071 0.7072
vn -0.0000 0.5001 0.8660
vn -0.0000 0.7072 0.7070
vn -0.0000 0.8660 0.5000
vn -0.0000 0.9659 0.2590
vn -0.0001 0.9659 0.2588
vn -0.2588 0.9330 0.2500
vn -0.0000 1.0000 0.0001
vn -0.2587 0.9331 0.2499
vn -0.2587 0.9659 0.0001
vn -0.0001 1.0000 -0.0001
vn -0.2587 0.9659 -0.0001
vn -0.2587 0.9330 -0.2500
vn -0.0000 0.8661 -0.5000
vn -0.2587 0.8365 -0.4830
vn -0.0001 0.7071 -0.7071
vn -0.2588 0.6830 -0.6830
vn -0.0001 0.5001 -0.8660
vn -0.2587 0.4830 -0.8365
vn -0.2587 0.4829 -0.8366
vn -0.2587 0.2501 -0.9330
vn -0.0000 0.2588 -0.9659
vn -0.2587 0.2499 -0.9331
vn -0.0002 0.0001 -1.0000
vn -0.2589 0.0001 -0.9659
vn -0.0000 -0.0000 -1.0000
vn -0.2587 -0.0001 -0.9660
vn -0.0000 -0.2588 -0.9659
vn -0.0002 -0.2588 -0.9659
vn -0.2589 -0.0001 -0.9659
vn -0.2589 -0.2500 -0.9330
vn -0.2587 -0.2501 -0.9330
vn -0.0002 -0.4999 -0.8661
vn -0.0000 -0.7071 -0.7072
vn -0.0001 -0.7071 -0.7071
vn -0.2588 -0.4830 -0.8365
vn -0.2588 -0.6830 -0.6831
vn -0.0001 -0.7072 -0.7070
vn -0.2588 -0.6831 -0.6830
vn -0.0001 -0.8660 -0.5001
vn -0.2587 -0.8366 -0.4829
vn -0.2587 -0.9330 -0.2501
vn -0.2588 -0.9330 -0.2499
vn -0.2588 -0.9659 0.0001
vn -0.0001 -0.9659 0.2588
vn -0.2587 -0.9659 0.0001
vn -0.0001 -0.9659 0.2589
vn -0.2588 -0.9330 0.2500
vn -0.0001 -0.8661 0.4999
vn -0.0001 -0.7071 0.7071
vn -0.0001 -0.7072 0.7070
vn -0.0000 -0.5001 0.8660
vn -0.0001 -0.5000 0.8660
vn -0.2588 -0.6829 0.6831
vn -0.2587 -0.4830 0.8365
vn -0.0002 -0.5000 0.8661
vn -0.0001 -0.2589 0.9659
vn -0.2588 -0.4829 0.8366
vn -0.2588 -0.2500 0.9330
vn 0.0001 -0.2588 0.9659
vn -0.2586 -0.2500 0.9331
vn -0.0001 -0.0000 1.0000
vn -0.2588 -0.2499 0.9330
vn -0.2588 -0.0001 0.9659
vn -0.2588 -0.0000 0.9659
vn -0.0001 0.2588 0.9659
vn -0.2588 0.2499 0.9330
vn -0.0004 0.2589 0.9659
vn -0.2591 0.2500 0.9329
vn -0.0004 0.4999 0.8661
vn 0.0001 0.5000 0.8661
vn -0.2586 0.4829 0.8366
vn -0.2587 0.4830 0.8365
vn -0.2588 0.4830 0.8365
vn 0.0001 0.7072 0.7071
vn -0.2586 0.6831 0.6830
vn 0.0001 0.8660 0.5001
vn -0.0001 0.8660 0.5000
vn -0.0000 0.9659 0.2589
vn -0.9660 0.2499 -0.0670
vn -0.9659 0.2500 0.0670
vn -0.9659 0.2499 0.0670
vn -0.9660 -0.0000 0.2587
vn -0.9660 -0.2240 0.1294
vn -0.9659 -0.2499 0.0670
vn -0.9660 -0.2241 -0.1294
vn -1.0000 -0.0001 -0.0001
vn -0.9660 -0.1294 -0.2241
vn -0.9660 0.1294 -0.2241
vn -1.0000 0.0001 -0.0001
vn -0.9660 0.1829 -0.1829
vn -0.9660 0.2241 -0.1294
vn -0.4999 -0.8661 0.0001
vn -0.2589 -0.9330 0.2500
vn -0.5000 -0.8660 0.0001
vn -0.4999 -0.8366 0.2241
vn -0.2589 -0.8365 0.4829
vn -0.5000 -0.7500 0.4330
vn -0.4999 -0.7500 0.4331
vn -0.5000 -0.7500 0.4331
vn -0.2589 -0.6829 0.6830
vn -0.5000 -0.6123 0.6124
vn -0.2589 -0.4830 0.8365
vn -0.2590 -0.4830 0.8364
vn -0.2588 -0.4829 0.8365
vn -0.2590 -0.2501 0.9330
vn -0.2590 -0.2499 0.9330
vn -0.5000 -0.2241 0.8365
vn -0.2589 -0.0000 0.9659
vn -0.4998 0.0001 0.8661
vn -0.2591 0.2499 0.9330
vn -0.5001 0.0001 0.8659
vn -0.5002 0.2241 0.8364
vn -0.2588 0.2500 0.9330
vn -0.4998 0.2242 0.8366
vn -0.2588 0.4829 0.8366
vn -0.4999 0.2242 0.8365
vn -0.4999 0.4330 0.7501
vn -0.2590 0.4830 0.8365
vn -0.2590 0.6829 0.6830
vn -0.2590 0.6830 0.6830
vn -0.2589 0.6831 0.6830
vn -0.4999 0.6124 0.6124
vn -0.4999 0.6125 0.6123
vn -0.2589 0.8365 0.4829
vn -0.2589 0.9330 0.2501
vn -0.4999 0.8366 0.2241
vn -0.5000 0.8365 0.2241
vn -0.4999 0.8661 0.0001
vn -0.2589 0.9659 -0.0001
vn -0.2589 0.9330 -0.2499
vn -0.5000 0.8365 -0.2242
vn -0.2589 0.8365 -0.4829
vn -0.4999 0.7501 -0.4330
vn -0.2589 0.6830 -0.6829
vn -0.4999 0.6125 -0.6124
vn -0.2590 0.6829 -0.6830
vn -0.5000 0.6123 -0.6124
vn -0.2589 0.4830 -0.8364
vn -0.4999 0.6124 -0.6125
vn -0.2590 0.4829 -0.8365
vn -0.2590 0.2501 -0.9330
vn -0.4999 -0.0001 -0.8661
vn -0.2588 -0.2499 -0.9330
vn -0.4999 -0.2241 -0.8366
vn -0.2590 -0.4829 -0.8365
vn -0.5001 -0.2242 -0.8365
vn -0.4999 -0.4331 -0.7500
vn -0.4999 -0.6124 -0.6125
vn -0.2589 -0.9330 -0.2500
vn -0.4999 -0.8365 -0.2242
vn -0.4999 -0.8366 -0.2241
vn -0.2589 -0.9659 -0.0001
vn -0.5001 -0.8365 0.2241
vn -0.7071 -0.7071 0.0001
vn -0.7071 -0.6831 0.1830
vn -0.5001 -0.8365 0.2242
vn -0.7071 -0.6830 0.1831
vn -0.7070 -0.6124 0.3536
vn -0.7070 -0.5001 0.5002
vn -0.7071 -0.5000 0.5001
vn -0.7071 -0.3536 0.6124
vn -0.7071 -0.1831 0.6831
vn -0.7069 -0.1830 0.6832
vn -0.7071 -0.1830 0.6831
vn -0.7071 -0.0000 0.7072
vn -0.5001 0.2242 0.8365
vn -0.7071 0.1831 0.6830
vn -0.5001 0.4330 0.7500
vn -0.7070 0.3537 0.6125
vn -0.7071 0.6124 0.3536
vn -0.5000 0.7500 0.4329
vn -0.7070 0.6125 0.3535
vn -0.5001 0.8365 0.2242
vn -0.7071 0.6830 0.1831
vn -0.7071 0.6831 0.1830
vn -0.7071 0.6831 -0.1830
vn -0.7070 0.6831 -0.1831
vn -0.5000 0.7500 -0.4330
vn -0.5001 0.7499 -0.4330
vn -0.5002 0.6123 -0.6123
vn -0.7070 0.6124 -0.3536
vn -0.7070 0.5001 -0.5000
vn -0.5001 0.6123 -0.6124
vn -0.5000 0.4331 -0.7500
vn -0.7070 0.5001 -0.5002
vn -0.7070 0.3537 -0.6125
vn -0.5001 0.4330 -0.7500
vn -0.7071 0.3535 -0.6124
vn -0.5001 0.2242 -0.8365
vn -0.7071 0.1831 -0.6830
vn -0.7071 -0.0000 -0.7072
vn -0.5001 -0.2241 -0.8365
vn -0.7071 -0.1830 -0.6831
vn -0.5000 -0.2242 -0.8365
vn -0.7071 -0.1831 -0.6831
vn -0.5001 -0.4330 -0.7500
vn -0.5000 -0.6123 -0.6124
vn -0.7071 -0.5000 -0.5001
vn -0.7071 -0.5000 -0.5000
vn -0.5001 -0.7499 -0.4330
vn -0.7070 -0.5001 -0.5000
vn -0.7070 -0.6124 -0.3536
vn -0.5000 -0.8365 -0.2242
vn -0.7070 -0.6831 -0.1831
vn -0.7071 -0.6831 -0.1830
vn -0.7072 -0.7071 -0.0000
vn -0.7072 -0.6830 0.1829
vn -0.7071 -0.6123 0.3536
vn -0.8660 -0.4331 0.2501
vn -0.7071 -0.5000 0.4999
vn -0.7072 -0.5000 0.4999
vn -0.8660 -0.4330 0.2501
vn -0.7072 -0.4999 0.5000
vn -0.7072 -0.3536 0.6123
vn -0.8660 -0.2501 0.4330
vn -0.7072 -0.1830 0.6829
vn -0.7071 -0.1831 0.6830
vn -0.8660 -0.1295 0.4830
vn -0.7072 -0.1829 0.6829
vn -0.7072 -0.0000 0.7070
vn -0.8659 -0.1294 0.4832
vn -0.8659 -0.0001 0.5002
vn -0.8659 0.0001 0.5002
vn -0.8660 0.1294 0.4831
vn -0.8660 0.1295 0.4831
vn -0.8660 0.2501 0.4330
vn -0.7071 0.4999 0.5000
vn -0.8660 0.2501 0.4331
vn -0.8660 0.3536 0.3537
vn -0.8660 0.4331 0.2501
vn -0.7072 0.6830 -0.1830
vn -0.7071 0.5000 -0.4999
vn -0.7072 0.4999 -0.4999
vn -0.8660 0.3535 -0.3535
vn -0.7071 0.4999 -0.5000
vn -0.8660 0.3536 -0.3537
vn -0.7071 0.3536 -0.6123
vn -0.8660 0.3536 -0.3536
vn -0.7071 0.1830 -0.6830
vn -0.7071 -0.0001 -0.7071
vn -0.8660 -0.1294 -0.4830
vn -0.8660 -0.1295 -0.4830
vn -0.7072 -0.3535 -0.6124
vn -0.8659 -0.2502 -0.4331
vn -0.7072 -0.4999 -0.5000
vn -0.8660 -0.3535 -0.3536
vn -0.8660 -0.3536 -0.3535
vn -0.7072 -0.6123 -0.3535
vn -0.7072 -0.6829 -0.1831
vn -0.7072 -0.6830 -0.1830
vn -0.7072 -0.7071 -0.0001
vn -0.8661 -0.4330 0.2499
vn -0.9659 -0.2242 0.1294
vn -0.8661 -0.4329 0.2500
vn -0.8661 -0.2500 0.4329
vn -0.8661 -0.1294 0.4829
vn -0.9659 -0.0671 0.2501
vn -0.9659 -0.0001 0.2589
vn -0.8661 0.2499 0.4329
vn -0.8661 0.2499 0.4330
vn -0.9659 0.1831 0.1831
vn -0.8661 0.4330 -0.2499
vn -0.9659 0.2243 -0.1295
vn -0.9659 0.1831 -0.1830
vn -0.9659 0.1295 -0.2243
vn -0.8660 0.1295 -0.4829
vn -0.9659 0.0670 -0.2502
vn -0.9659 -0.0670 -0.2501
vn -0.8661 -0.2499 -0.4330
vn -0.8661 -0.4329 -0.2500
vn -0.0000 0.9659 0.2587
vn -0.0000 1.0000 -0.0001
vn -0.0000 0.9659 -0.2587
vn -0.0000 0.7072 -0.7071
vn -0.0000 -0.5001 -0.8660
vn -0.0000 -0.7072 -0.7071
vn -0.0000 -0.9659 -0.2587
vn -0.0000 -0.8660 0.5001
vn -0.0000 -0.7072 0.7071
vn -0.0000 -0.2587 0.9659
vn -0.2588 0.9331 0.2499
vn -0.2587 0.9331 -0.2499
vn 0.0001 0.9659 -0.2589
vn -0.2586 0.9330 -0.2501
vn 0.0001 0.8660 -0.5000
vn -0.2588 0.8366 -0.4829
vn -0.0001 0.8660 -0.5001
vn -0.2588 0.8365 -0.4831
vn -0.2586 0.6831 -0.6830
vn -0.0002 0.7071 -0.7071
vn -0.2589 0.6830 -0.6830
vn -0.0002 0.5001 -0.8660
vn -0.2586 0.6830 -0.6831
vn -0.0003 0.2588 -0.9659
vn -0.2587 0.0001 -0.9659
vn -0.0002 -0.0001 -1.0000
vn -0.0001 -0.2588 -0.9659
vn -0.2588 -0.0001 -0.9659
vn -0.2588 -0.2500 -0.9330
vn -0.2587 -0.2500 -0.9330
vn -0.2587 -0.4829 -0.8366
vn -0.0002 -0.5001 -0.8660
vn -0.2589 -0.4830 -0.8365
vn -0.0002 -0.7071 -0.7072
vn 0.0001 -0.7071 -0.7071
vn -0.2586 -0.4831 -0.8365
vn -0.2587 -0.6830 -0.6830
vn -0.0001 -0.8660 -0.5000
vn -0.2588 -0.6831 -0.6829
vn -0.2587 -0.8366 -0.4828
vn -0.0000 -0.9659 -0.2590
vn -0.2587 -0.8366 -0.4830
vn -0.2587 -0.9331 0.2499
vn -0.0000 -0.8661 0.5000
vn -0.0000 -0.7071 0.7072
vn -0.0001 -0.5001 0.8660
vn -0.2588 -0.6830 0.6830
vn -0.2588 -0.4830 0.8365
vn -0.0001 -0.4999 0.8661
vn -0.0001 -0.2588 0.9659
vn -0.2587 -0.2500 0.9330
vn 0.0001 0.2588 0.9659
vn -0.2586 0.0001 0.9660
vn -0.2586 0.2500 0.9331
vn -0.0001 0.2589 0.9659
vn -0.0001 0.4999 0.8661
vn -0.0001 0.5000 0.8661
vn -0.2588 0.2501 0.9330
vn -0.2587 0.6830 0.6830
vn -0.2588 0.6830 0.6830
vn -0.0001 0.8660 0.5001
vn -0.2586 0.8365 0.4830
vn -0.0001 0.8661 0.4999
vn -0.2587 0.8366 0.4830
vn -0.9660 0.2240 0.1294
vn -0.9659 0.1830 0.1829
vn -0.9660 0.1829 0.1829
vn -0.9660 0.1294 0.2240
vn -0.9660 0.1293 0.2241
vn -0.9660 0.0670 0.2499
vn -0.9660 -0.1293 0.2241
vn -0.9660 -0.1294 0.2240
vn -0.9660 -0.1829 0.1830
vn -0.9660 -0.2241 0.1293
vn -0.9660 -0.1830 -0.1829
vn -0.9660 0.1294 -0.2240
vn -0.2592 -0.9329 0.2500
vn -0.5002 -0.8364 0.2241
vn -0.2591 -0.8365 0.4828
vn -0.4999 -0.8365 0.2243
vn -0.4999 -0.7500 0.4330
vn -0.2589 -0.8365 0.4830
vn -0.4999 -0.6125 0.6124
vn -0.2588 -0.6830 0.6831
vn -0.4998 -0.6124 0.6125
vn -0.2590 -0.0001 0.9659
vn -0.2591 0.0001 0.9659
vn -0.5001 -0.0000 0.8660
vn -0.2590 0.2499 0.9330
vn -0.4999 0.0001 0.8661
vn -0.4999 0.2241 0.8366
vn -0.2589 0.4829 0.8365
vn -0.5001 0.4330 0.7499
vn -0.5000 0.4331 0.7499
vn -0.2590 0.8365 0.4830
vn -0.4999 0.7500 0.4330
vn -0.4999 0.8365 0.2242
vn -0.2589 0.9330 -0.2500
vn -0.2590 0.4830 -0.8365
vn -0.5001 0.4329 -0.7500
vn -0.2590 0.2500 -0.9330
vn -0.2589 0.2500 -0.9330
vn -0.4998 -0.2242 -0.8366
vn -0.2589 -0.6829 -0.6831
vn -0.2588 -0.6830 -0.6830
vn -0.4999 -0.6124 -0.6124
vn -0.4999 -0.7501 -0.4329
vn -0.2588 -0.9659 -0.0001
vn -0.5000 -0.8366 -0.2241
vn -0.7071 -0.6830 0.1829
vn -0.7070 -0.6124 0.3537
vn -0.7071 -0.5001 0.5000
vn -0.5002 -0.6123 0.6124
vn -0.5001 -0.4330 0.7499
vn -0.5000 -0.4331 0.7500
vn -0.7070 -0.3536 0.6125
vn -0.7070 -0.3535 0.6125
vn -0.5001 -0.2241 0.8364
vn -0.5002 -0.0001 0.8659
vn -0.5000 -0.0001 0.8660
vn -0.5000 0.4330 0.7501
vn -0.5001 0.4329 0.7500
vn -0.7070 0.3536 0.6124
vn -0.5001 0.6124 0.6123
vn -0.5001 0.7499 0.4331
vn -0.7071 0.6831 0.1829
vn -0.5001 0.6124 -0.6123
vn -0.5000 0.6125 -0.6123
vn -0.7070 0.6125 -0.3537
vn -0.7070 0.5002 -0.5000
vn -0.7070 0.5000 -0.5001
vn -0.7070 0.3536 -0.6125
vn -0.5002 0.2242 -0.8364
vn -0.7072 0.1830 -0.6830
vn -0.5001 0.2241 -0.8365
vn -0.7070 0.0001 -0.7072
vn -0.7070 -0.3536 -0.6124
vn -0.7070 -0.3537 -0.6125
vn -0.7069 -0.5000 -0.5002
vn -0.5000 -0.7499 -0.4331
vn -0.5001 -0.7500 -0.4330
vn -0.7071 -0.6831 -0.1829
vn -0.7072 -0.6829 0.1829
vn -0.8660 -0.4831 0.1295
vn -0.7072 -0.6123 0.3534
vn -0.8659 -0.4332 0.2502
vn -0.8660 -0.4330 0.2500
vn -0.7072 -0.3535 0.6122
vn -0.8660 -0.3535 0.3536
vn -0.7073 -0.1830 0.6829
vn -0.8661 -0.2500 0.4330
vn -0.8660 -0.1294 0.4829
vn -0.8660 -0.0000 0.5000
vn -0.8660 0.0001 0.5001
vn -0.8660 0.1294 0.4830
vn -0.7072 0.1831 0.6829
vn -0.8660 0.4330 0.2501
vn -0.7072 0.6124 0.3535
vn -0.7072 0.6830 0.1830
vn -0.7072 0.7070 0.0001
vn -0.7072 0.7070 -0.0001
vn -0.7071 0.6830 -0.1829
vn -0.8659 0.5001 -0.0000
vn -0.8660 0.4831 -0.1294
vn -0.7072 0.6124 -0.3535
vn -0.7071 0.3535 -0.6123
vn -0.7072 0.3535 -0.6122
vn -0.8660 0.3535 -0.3536
vn -0.8659 0.2500 -0.4332
vn -0.8660 0.0001 -0.5001
vn -0.7072 -0.1829 -0.6829
vn -0.7071 -0.3535 -0.6123
vn -0.8660 -0.2501 -0.4331
vn -0.7072 -0.6829 -0.1829
vn -0.8660 -0.5001 -0.0001
vn -0.8661 -0.4329 0.2499
vn -0.8660 -0.3536 0.3535
vn -0.9659 -0.2243 0.1295
vn -0.9659 -0.1832 0.1831
vn -0.9659 -0.1830 0.1831
vn -0.9659 -0.1831 0.1832
vn -0.9659 -0.1295 0.2243
vn -0.8661 -0.2499 0.4330
vn -0.8660 0.0001 0.5000
vn -0.9659 -0.0000 0.2590
vn -0.8661 0.1293 0.4828
vn -0.8660 0.1294 0.4829
vn -0.9659 0.1294 0.2242
vn -0.9659 0.2501 0.0671
vn -0.8660 0.5000 -0.0001
vn -0.9659 0.2589 -0.0001
vn -0.8661 0.4828 -0.1294
vn -0.9659 0.2501 -0.0671
vn -0.8661 0.2499 -0.4329
vn -0.9659 0.1294 -0.2243
vn -0.9659 -0.1295 -0.2243
vn -0.9659 -0.1831 -0.1831
vn -0.8660 -0.4330 -0.2499
vn -0.9659 -0.2501 -0.0671
vn -0.8661 -0.4829 -0.1293
vn -0.0000 0.9659 -0.2590
vn -0.0000 0.8661 -0.4998
vn -0.0000 -0.9659 0.2590
vn -0.0000 -0.2587 0.9660
vn -0.0000 0.8661 0.4998
vn -0.2586 0.9331 -0.2501
vn 0.0001 0.8661 -0.4999
vn 0.0001 0.5001 -0.8660
vn -0.2586 0.4830 -0.8365
vn -0.0001 -0.2587 -0.9659
vn -0.0001 -0.7071 -0.7072
vn -0.2587 -0.9330 -0.2500
vn -0.2588 -0.9331 -0.2498
vn -0.0003 -0.5001 0.8660
vn -0.2590 -0.4830 0.8365
vn -0.0001 -0.5000 0.8661
vn 0.0001 -0.0000 1.0000
vn -0.2587 0.9330 0.2500
vn -0.9660 -0.0669 0.2499
vn -0.9659 -0.2499 -0.0670
vn -0.9660 -0.2241 -0.1293
vn -0.9660 -0.1829 -0.1829
vn -0.9660 0.2240 -0.1294
vn -0.5000 -0.8366 0.2241
vn -0.2590 -0.8365 0.4829
vn -0.2589 -0.8365 0.4831
vn -0.2589 -0.6831 0.6829
vn -0.4999 -0.6124 0.6125
vn -0.5001 0.0001 0.8660
vn -0.4999 0.4331 0.7500
vn -0.2588 0.6830 0.6831
vn -0.5000 0.7500 0.4331
vn -0.2590 0.9330 0.2501
vn -0.5000 0.8366 -0.2241
vn -0.4999 0.8365 -0.2242
vn -0.5000 0.7501 -0.4329
vn -0.4998 0.7501 -0.4332
vn -0.2587 0.6831 -0.6830
vn -0.2590 0.4830 -0.8364
vn -0.4999 -0.4330 -0.7501
vn -0.2589 -0.8366 -0.4829
vn -0.2588 -0.9330 -0.2501
vn -0.4999 -0.8365 -0.2243
vn -0.5000 -0.8366 -0.2240
vn -0.5001 -0.7500 0.4330
vn -0.5000 -0.7499 0.4331
vn -0.7070 -0.3536 0.6124
vn -0.5001 -0.2242 0.8365
vn -0.5000 0.4329 0.7500
vn -0.7071 0.3535 0.6125
vn -0.5001 0.7500 0.4330
vn -0.5000 0.8660 -0.0001
vn -0.5001 0.8364 -0.2242
vn -0.7071 0.6831 -0.1831
vn -0.7070 0.3537 -0.6124
vn -0.7072 0.3535 -0.6124
vn -0.5002 0.2241 -0.8364
vn -0.5002 -0.0000 -0.8659
vn -0.5000 0.0001 -0.8661
vn -0.7070 0.1830 -0.6832
vn -0.5002 -0.2242 -0.8364
vn -0.7072 -0.1831 -0.6829
vn -0.5002 -0.4330 -0.7499
vn -0.5000 -0.4329 -0.7500
vn -0.7071 -0.3535 -0.6125
vn -0.5001 -0.4331 -0.7499
vn -0.7069 -0.3537 -0.6125
vn -0.5001 -0.7499 -0.4331
vn -0.5001 -0.8364 -0.2241
vn -0.7072 -0.3535 0.6124
vn -0.7072 -0.1831 0.6830
vn -0.7072 0.1829 0.6829
vn -0.8660 0.4831 -0.1295
vn -0.7072 0.4999 -0.5000
vn -0.7072 0.3536 -0.6123
vn -0.8660 0.2501 -0.4330
vn -0.7072 -0.1829 -0.6830
vn -0.8660 -0.4829 -0.1295
vn -0.8661 0.1294 0.4828
vn -0.8660 0.4829 -0.1294
vn -0.9659 -0.1294 -0.2242
vn -0.0001 0.7070 -0.7072
vn -0.2588 0.6830 -0.6831
vn -0.2587 0.4829 -0.8365
vn -0.2588 0.4829 -0.8365
vn -0.2588 0.2500 -0.9330
vn -0.0001 0.2588 -0.9659
vn -0.2588 0.2499 -0.9330
vn -0.0001 0.0001 -1.0000
vn -0.0003 -0.2587 -0.9659
vn -0.2590 -0.0001 -0.9659
vn -0.0001 -0.7072 -0.7071
vn -0.0000 -0.8661 -0.5000
vn -0.0001 -0.8660 0.5000
vn -0.2588 -0.8366 0.4828
vn 0.0002 -0.8660 0.5001
vn -0.2585 -0.8365 0.4831
vn 0.0002 -0.7071 0.7071
vn -0.0002 -0.7072 0.7070
vn -0.2587 -0.4831 0.8365
vn -0.2587 -0.4829 0.8366
vn -0.2587 -0.2501 0.9330
vn -0.2587 -0.2500 0.9331
vn -0.2587 0.2501 0.9330
vn -0.0003 0.4999 0.8661
vn -0.0002 0.7071 0.7071
vn -0.2589 0.6830 0.6830
vn -0.0002 0.8661 0.4999
vn -0.2589 0.8366 0.4828
vn -0.0002 0.9659 0.2588
vn -0.9659 0.2240 -0.1294
vn -1.0000 0.0024 -0.0020
vn -1.0000 0.0025 -0.0020
vn -0.9659 0.1830 -0.1829
vn -1.0000 0.0025 -0.0021
vn -0.8661 0.2499 -0.4330
vn -0.7071 0.1829 -0.6830
vn -0.8659 0.1294 -0.4831
vn -1.0000 0.0026 -0.0020
vn -0.9607 0.1283 -0.2461
vn -0.9659 0.1295 -0.2241
vn -0.9658 0.1296 -0.2244
vn -0.9606 0.1284 -0.2464
vn -0.8659 0.1296 -0.4831
vn -0.9607 0.1282 -0.2462
vn -0.9270 0.0001 -0.3751
vn -0.9271 -0.0000 -0.3749
vn -0.8661 -0.0000 -0.4998
vn -0.9270 -0.0000 -0.3751
vn -0.9607 -0.1282 -0.2462
vn -0.9607 -0.1283 -0.2462
vn -0.9607 -0.1283 -0.2463
vn -0.9659 -0.2502 -0.0670
vn -0.8661 -0.3535 0.3534
vn -0.9659 -0.0670 0.2502
vn -0.9659 0.0671 0.2501
vn -0.8661 0.5000 -0.0000
vn -0.9659 0.2589 0.0001
vn -0.9659 0.1831 -0.1832
vn -0.9606 -0.1286 -0.2465
vn -1.0000 -0.0029 -0.0024
vn -0.9658 -0.1297 -0.2243
vn -1.0000 -0.0025 -0.0021
vn -0.9659 -0.1830 -0.1829
vn -1.0000 -0.0025 -0.0020
vn -0.9659 -0.2240 -0.1294
vn -1.0000 -0.0024 -0.0020
vn -0.9660 0.2241 0.1294
vn -0.2589 -0.6829 0.6831
vn -0.4999 -0.6123 0.6125
vn -0.5000 -0.6124 0.6124
vn -0.4999 -0.2242 0.8365
vn -0.4998 -0.2241 0.8366
vn -0.2587 0.2499 0.9330
vn -0.4998 0.2241 0.8366
vn -0.2589 0.2500 0.9330
vn -0.2588 0.6829 0.6831
vn -0.4999 0.6124 0.6125
vn -0.4999 0.8366 -0.2243
vn -0.4998 0.7501 -0.4331
vn -0.4997 0.6124 -0.6125
vn -0.4998 0.4330 -0.7501
vn -0.2590 0.2501 -0.9329
vn -0.4998 -0.0001 -0.8661
vn -0.2587 -0.2499 -0.9331
vn -0.5001 -0.8364 0.2242
vn -0.7070 -0.6125 0.3535
vn -0.5001 -0.0000 0.8659
vn -0.7070 0.1830 0.6831
vn -0.5002 0.2242 0.8364
vn -0.5002 0.4329 0.7500
vn -0.7070 0.3535 0.6125
vn -0.5002 0.4330 0.7499
vn -0.7071 0.3536 0.6123
vn -0.7070 0.6124 0.3537
vn -0.7070 0.6831 0.1831
vn -0.5000 0.4331 -0.7499
vn -0.5000 0.4330 -0.7501
vn -0.4999 0.2242 -0.8365
vn -0.2589 -0.9659 -0.0002
vn -0.4999 -0.6125 -0.6123
vn -0.2589 -0.6831 -0.6829
vn -0.5000 -0.6123 -0.6125
vn -0.8660 -0.5000 0.0001
vn -0.8660 -0.3535 0.3535
vn -0.7071 0.6123 0.3536
vn -0.7072 0.6829 0.1831
vn -0.8660 0.4831 0.1295
vn -0.8660 0.5000 0.0001
vn -0.7072 0.5000 -0.4999
vn -0.7070 -0.6125 -0.3536
vn -0.7071 -0.6124 -0.3537
vn -0.7070 -0.3535 -0.6125
vn -0.8660 -0.3537 -0.3536
vn -0.7071 -0.6123 -0.3536
vn -0.7071 -0.5000 -0.4999
vn -0.7072 -0.3536 -0.6123
vn -0.8659 -0.2500 -0.4332
vn -0.8659 -0.1295 -0.4831
vn -0.8659 -0.1294 -0.4831
vn -1.0000 -0.0000 0.0031
vn -1.0000 -0.0000 0.0032
vn -0.9659 -0.0000 0.2587
vn -0.4999 -0.0000 0.8661
vn -0.0003 -0.0000 1.0000
vn -0.0000 -0.0000 1.0000
vn -0.2586 -0.0000 0.9660
vn -0.9607 -0.0000 0.2774
vn -0.9607 -0.0000 0.2776
vn -0.9270 -0.0000 0.3750
vn -0.9270 -0.0000 0.3751
vn -0.7070 -0.0000 0.7072
vn -0.9607 -0.0000 0.2775
vn 0.0001 0.9659 -0.2588
vn 0.2588 0.9330 -0.2500
vn 0.0001 1.0000 -0.0001
vn 0.2588 0.9659 -0.0001
vn 0.0001 0.9660 0.2587
vn 0.0001 0.9659 0.2588
vn 0.2588 0.9659 0.0002
vn 0.2587 0.9330 0.2500
vn 0.0002 0.9659 0.2588
vn 0.2589 0.9330 0.2499
vn 0.0002 0.8661 0.4999
vn 0.0001 0.8660 0.5000
vn 0.2588 0.9330 0.2501
vn 0.2588 0.8365 0.4830
vn -0.0002 0.8660 0.5000
vn 0.2585 0.8366 0.4831
vn -0.0002 0.7072 0.7071
vn 0.0001 0.7072 0.7070
vn 0.2588 0.6830 0.6830
vn 0.0002 0.7071 0.7072
vn 0.2589 0.6830 0.6830
vn 0.0002 0.5001 0.8660
vn 0.0001 0.5001 0.8660
vn 0.2588 0.6830 0.6831
vn 0.2587 0.4830 0.8365
vn 0.0002 0.5000 0.8660
vn 0.2589 0.4830 0.8365
vn 0.0002 0.2589 0.9659
vn 0.2587 0.4829 0.8366
vn 0.2587 0.2500 0.9330
vn 0.2587 0.2500 0.9331
vn 0.0001 0.0001 1.0000
vn 0.2588 0.2500 0.9330
vn 0.2588 -0.0000 0.9659
vn 0.2587 -0.0000 0.9659
vn 0.2587 -0.0001 0.9659
vn 0.2587 -0.2499 0.9331
vn 0.2587 -0.2501 0.9330
vn 0.2587 -0.4829 0.8366
vn 0.2587 -0.4830 0.8365
vn 0.0001 -0.7071 0.7071
vn 0.2588 -0.4831 0.8365
vn 0.2587 -0.6830 0.6830
vn 0.0001 -0.7072 0.7071
vn 0.2588 -0.6831 0.6830
vn 0.0001 -0.8660 0.5000
vn 0.2587 -0.6831 0.6830
vn 0.2587 -0.8365 0.4831
vn 0.2588 -0.8365 0.4830
vn 0.0002 -0.9659 0.2590
vn 0.0001 -0.9659 0.2589
vn 0.2588 -0.8366 0.4829
vn 0.2588 -0.9330 0.2501
vn 0.0001 -0.9659 0.2588
vn 0.2587 -0.9330 0.2499
vn 0.0001 -1.0000 0.0001
vn 0.2588 -0.9331 0.2499
vn 0.2587 -0.9659 0.0001
vn 0.0001 -1.0000 -0.0001
vn 0.2588 -0.9659 -0.0001
vn 0.0001 -0.9659 -0.2588
vn 0.0001 -0.9659 -0.2587
vn 0.2588 -0.9330 -0.2499
vn 0.2587 -0.9330 -0.2501
vn 0.0002 -0.8661 -0.4999
vn 0.2589 -0.9330 -0.2501
vn 0.2588 -0.8365 -0.4829
vn 0.2587 -0.8365 -0.4830
vn 0.2588 -0.8365 -0.4831
vn 0.2588 -0.6830 -0.6830
vn 0.0001 -0.7071 -0.7072
vn 0.2587 -0.6830 -0.6831
vn 0.0001 -0.5001 -0.8660
vn 0.2587 -0.6830 -0.6830
vn 0.2587 -0.4831 -0.8365
vn 0.2587 -0.4829 -0.8366
vn 0.0003 -0.2589 -0.9659
vn 0.2590 -0.4829 -0.8365
vn 0.2590 -0.2500 -0.9330
vn 0.2588 -0.2499 -0.9330
vn 0.0001 -0.0001 -1.0000
vn 0.0002 -0.0001 -1.0000
vn 0.2589 -0.2499 -0.9330
vn 0.2589 -0.0001 -0.9659
vn 0.2587 0.0001 -0.9660
vn 0.0003 0.2587 -0.9659
vn 0.2590 0.0001 -0.9659
vn 0.2590 0.2499 -0.9330
vn 0.2588 0.2501 -0.9330
vn 0.0001 0.4999 -0.8661
vn 0.0001 0.5000 -0.8661
vn 0.2588 0.4829 -0.8365
vn 0.2587 0.4830 -0.8365
vn 0.0001 0.7070 -0.7072
vn 0.0001 0.7071 -0.7072
vn 0.2588 0.4830 -0.8365
vn 0.2588 0.6830 -0.6831
vn 0.2588 0.6831 -0.6830
vn 0.0001 0.8660 -0.5001
vn 0.2588 0.6830 -0.6830
vn 0.2588 0.8365 -0.4830
vn 0.2587 0.8366 -0.4829
vn 0.2588 0.8366 -0.4829
vn 0.2587 0.9330 -0.2500
vn 1.0000 -0.0001 -0.0001
vn 0.9659 -0.2241 -0.1294
vn 1.0000 -0.0025 -0.0020
vn 0.9659 -0.1829 -0.1830
vn 1.0000 -0.0025 -0.0021
vn 0.9659 -0.1294 -0.2241
vn 0.9659 -0.1830 -0.1831
vn 0.9659 -0.1295 -0.2242
vn 0.8661 -0.2500 -0.4329
vn 0.8661 -0.2499 -0.4330
vn 0.9659 -0.1294 -0.2242
vn 0.8661 -0.1294 -0.4829
vn 0.8660 -0.2500 -0.4331
vn 0.8660 -0.1294 -0.4830
vn 0.7072 -0.1830 -0.6829
vn 0.7073 -0.1829 -0.6829
vn 0.7072 -0.0000 -0.7070
vn 0.7070 -0.1830 -0.6831
vn 0.7070 -0.0001 -0.7072
vn 0.5000 -0.0000 -0.8660
vn 0.5001 -0.0000 -0.8660
vn 0.7070 -0.0000 -0.7072
vn 0.5000 0.2241 -0.8365
vn 0.5000 0.0001 -0.8660
vn 0.2589 0.2499 -0.9330
vn 0.2589 0.2501 -0.9330
vn 0.4999 0.2242 -0.8365
vn 1.0000 -0.0023 -0.0019
vn 0.9608 -0.1281 -0.2460
vn 0.9660 -0.1293 -0.2241
vn 0.9658 -0.1296 -0.2244
vn 0.9606 -0.1284 -0.2464
vn 0.8659 -0.1295 -0.4831
vn 0.9607 -0.1282 -0.2462
vn 0.9270 -0.0000 -0.3750
vn 0.8661 -0.1294 -0.4828
vn 0.9271 -0.0000 -0.3749
vn 0.8661 -0.0000 -0.4999
vn 0.8659 -0.1294 -0.4831
vn 0.8659 -0.0001 -0.5001
vn 0.7071 -0.0001 -0.7071
vn 0.7071 -0.0000 -0.7071
vn 0.8660 0.0001 -0.5001
vn 0.7071 0.1830 -0.6830
vn 0.7071 0.0001 -0.7071
vn 0.5001 0.2241 -0.8365
vn 0.5001 0.2242 -0.8364
vn 0.5001 0.4329 -0.7500
vn 0.5000 0.2242 -0.8365
vn 0.5000 0.4330 -0.7500
vn 0.2590 0.4829 -0.8365
vn 0.4999 0.4331 -0.7500
vn 0.9270 0.0001 -0.3750
vn 0.8661 0.1293 -0.4828
vn 0.8660 0.1294 -0.4830
vn 0.9270 -0.0000 -0.3751
vn 0.9607 0.1282 -0.2462
vn 0.8661 0.1294 -0.4829
vn 0.8661 0.2499 -0.4329
vn 0.8660 0.2499 -0.4331
vn 0.9607 0.1282 -0.2463
vn 0.9659 0.1293 -0.2243
vn 0.8661 0.2500 -0.4330
vn 0.9659 0.1295 -0.2242
vn 0.8661 0.3535 -0.3535
vn 0.9659 0.1830 -0.1831
vn 0.9659 0.1830 -0.1830
vn 0.8661 0.4329 -0.2500
vn 0.9659 0.1831 -0.1830
vn 0.9659 0.2242 -0.1295
vn 0.8661 0.4330 -0.2500
vn 0.9659 0.2242 -0.1294
vn 0.8661 0.4829 -0.1294
vn 0.9659 0.2500 -0.0670
vn 0.9659 0.2501 -0.0670
vn 0.9659 0.2589 -0.0001
vn 0.8661 0.4829 0.1294
vn 0.9659 0.2501 0.0670
vn 0.9659 0.2500 0.0670
vn 0.8661 0.4329 0.2500
vn 0.8661 0.4329 0.2499
vn 0.9659 0.2242 0.1294
vn 0.8660 0.4330 0.2500
vn 0.9659 0.2242 0.1295
vn 0.8660 0.3536 0.3535
vn 0.8661 0.3535 0.3535
vn 0.9659 0.1830 0.1830
vn 0.8660 0.3535 0.3536
vn 0.9659 0.1831 0.1832
vn 0.8660 0.2500 0.4330
vn 0.8661 0.2500 0.4329
vn 0.9659 0.1831 0.1831
vn 0.9659 0.1295 0.2242
vn 0.8661 0.2499 0.4330
vn 0.9659 0.1294 0.2242
vn 0.8661 0.1294 0.4829
vn 0.9659 0.0670 0.2501
vn 0.8660 0.1294 0.4830
vn 0.9659 0.0670 0.2502
vn 0.8660 -0.0000 0.5000
vn 0.8661 -0.0000 0.4999
vn 0.9659 0.0670 0.2500
vn 0.9659 -0.0000 0.2588
vn 0.9659 -0.0000 0.2589
vn 0.8660 -0.1294 0.4830
vn 0.8661 -0.1294 0.4829
vn 0.9659 -0.0670 0.2500
vn 0.8660 -0.1294 0.4829
vn 0.9659 -0.0670 0.2501
vn 0.8660 -0.2499 0.4330
vn 0.8661 -0.2500 0.4330
vn 0.9659 -0.1294 0.2243
vn 0.8661 -0.2500 0.4329
vn 0.9659 -0.1295 0.2242
vn 0.8661 -0.3535 0.3535
vn 0.9659 -0.1831 0.1831
vn 0.9659 -0.1831 0.1830
vn 0.8661 -0.4329 0.2500
vn 0.9659 -0.2242 0.1294
vn 0.8661 -0.4329 0.2499
vn 0.8661 -0.4829 0.1294
vn 0.9659 -0.2501 0.0670
vn 0.8661 -0.4829 0.1293
vn 0.8661 -0.4829 -0.1294
vn 0.8660 -0.4830 -0.1294
vn 0.9659 -0.2501 -0.0670
vn 0.9659 -0.2500 -0.0670
vn 0.8661 -0.4329 -0.2499
vn 0.8661 -0.4330 -0.2500
vn 0.9659 -0.2243 -0.1294
vn 0.8661 -0.4329 -0.2500
vn 0.9659 -0.2242 -0.1295
vn 0.8661 -0.3535 -0.3535
vn 0.9659 -0.2242 -0.1294
vn 0.9659 -0.1830 -0.1830
vn 0.8660 -0.3535 -0.3536
vn 0.9659 -0.1831 -0.1832
vn 0.8660 -0.2500 -0.4330
vn 0.9606 0.1285 -0.2464
vn 1.0000 0.0027 -0.0023
vn 0.9659 0.1296 -0.2243
vn 0.9659 0.1294 -0.2241
vn 1.0000 0.0025 -0.0021
vn 0.9659 0.1829 -0.1830
vn 1.0000 0.0025 -0.0020
vn 0.9659 0.2241 -0.1294
vn 1.0000 0.0001 -0.0001
vn 0.9659 0.2499 -0.0670
vn 0.9660 0.2499 -0.0670
vn 0.9660 0.2499 0.0669
vn 0.9659 0.2499 0.0670
vn 0.9659 0.2241 0.1294
vn 0.9660 0.2241 0.1294
vn 1.0000 0.0001 0.0001
vn 1.0000 -0.0000 0.0001
vn 0.9660 0.1830 0.1829
vn 0.9660 0.1829 0.1829
vn 0.9659 0.1294 0.2241
vn 0.9659 0.0670 0.2499
vn 0.9660 0.0669 0.2499
vn 0.9660 -0.0000 0.2587
vn 0.9659 -0.0670 0.2499
vn 0.9659 -0.1294 0.2241
vn 1.0000 -0.0001 0.0001
vn 0.9660 -0.1293 0.2241
vn 0.9660 -0.1829 0.1830
vn 0.9660 -0.1829 0.1829
vn 0.9659 -0.1830 0.1829
vn 0.9659 -0.2241 0.1294
vn 0.9660 -0.2241 0.1294
vn 0.9659 -0.2499 0.0670
vn 0.9660 -0.2499 0.0669
vn 0.9660 -0.2499 -0.0670
vn 0.9660 -0.2240 -0.1294
vn 0.2588 0.9330 0.2498
vn 0.2589 0.9330 0.2500
vn 0.5000 0.8660 0.0001
vn 0.5000 0.8365 0.2241
vn 0.4999 0.8365 0.2242
vn 0.2589 0.8365 0.4829
vn 0.5000 0.8365 0.2242
vn 0.5000 0.7500 0.4330
vn 0.2590 0.8365 0.4830
vn 0.2590 0.6831 0.6829
vn 0.2589 0.6831 0.6829
vn 0.5000 0.7500 0.4331
vn 0.5000 0.6124 0.6123
vn 0.2589 0.6829 0.6831
vn 0.4999 0.6123 0.6125
vn 0.2588 0.4830 0.8365
vn 0.4998 0.4331 0.7501
vn 0.2589 0.4829 0.8365
vn 0.4999 0.4330 0.7500
vn 0.2589 0.2501 0.9330
vn 0.5000 0.2242 0.8365
vn 0.2588 0.2499 0.9330
vn 0.4998 0.2241 0.8366
vn 0.2587 0.0001 0.9659
vn 0.4999 0.2241 0.8366
vn 0.4999 -0.0000 0.8661
vn 0.2588 -0.0001 0.9659
vn 0.2588 -0.2499 0.9330
vn 0.4999 -0.0001 0.8661
vn 0.4999 -0.2241 0.8366
vn 0.2591 -0.2501 0.9329
vn 0.5002 -0.2242 0.8364
vn 0.2591 -0.4829 0.8365
vn 0.2588 -0.4829 0.8366
vn 0.4999 -0.2242 0.8366
vn 0.4999 -0.4330 0.7501
vn 0.2590 -0.4830 0.8364
vn 0.5000 -0.4331 0.7499
vn 0.2590 -0.6830 0.6830
vn 0.2588 -0.6829 0.6831
vn 0.4999 -0.4331 0.7500
vn 0.4999 -0.6123 0.6125
vn 0.2589 -0.6831 0.6829
vn 0.4999 -0.6125 0.6123
vn 0.2589 -0.8365 0.4830
vn 0.5000 -0.6124 0.6123
vn 0.5000 -0.7500 0.4330
vn 0.2589 -0.8365 0.4829
vn 0.4999 -0.7501 0.4330
vn 0.2589 -0.9330 0.2501
vn 0.2590 -0.9330 0.2500
vn 0.5000 -0.8365 0.2242
vn 0.2588 -0.9330 0.2499
vn 0.4999 -0.8366 0.2241
vn 0.2588 -0.9659 -0.0000
vn 0.2589 -0.9659 0.0002
vn 0.4999 -0.8365 0.2242
vn 0.4999 -0.8661 0.0001
vn 0.2589 -0.9659 -0.0002
vn 0.5000 -0.8661 -0.0002
vn 0.2589 -0.9330 -0.2499
vn 0.4999 -0.8366 -0.2240
vn 0.2588 -0.9330 -0.2501
vn 0.4999 -0.8365 -0.2242
vn 0.4999 -0.8366 -0.2242
vn 0.4999 -0.7501 -0.4330
vn 0.4998 -0.7501 -0.4331
vn 0.2587 -0.6831 -0.6830
vn 0.2589 -0.6830 -0.6829
vn 0.5000 -0.7500 -0.4330
vn 0.5000 -0.6124 -0.6123
vn 0.2588 -0.6830 -0.6831
vn 0.4999 -0.6123 -0.6125
vn 0.2588 -0.4830 -0.8365
vn 0.2589 -0.4830 -0.8365
vn 0.5000 -0.6124 -0.6124
vn 0.5000 -0.4331 -0.7500
vn 0.2588 -0.4829 -0.8365
vn 0.4998 -0.4330 -0.7501
vn 0.2588 -0.2501 -0.9330
vn 0.2591 -0.2500 -0.9329
vn 0.5001 -0.4329 -0.7500
vn 0.5001 -0.2241 -0.8365
vn 0.2587 -0.2500 -0.9331
vn 0.4998 -0.2241 -0.8366
vn 0.2587 -0.0001 -0.9660
vn 0.2588 -0.0000 -0.9659
vn 0.4999 -0.2241 -0.8366
vn 0.4999 -0.0001 -0.8661
vn 0.4998 0.0001 -0.8661
vn 0.2587 0.2499 -0.9331
vn 0.5001 0.8660 0.0001
vn 0.7071 0.7071 0.0001
vn 0.5001 0.8365 0.2241
vn 0.7070 0.7072 0.0001
vn 0.7070 0.6831 0.1830
vn 0.7071 0.6830 0.1830
vn 0.5001 0.7500 0.4329
vn 0.5000 0.7500 0.4329
vn 0.7070 0.6831 0.1831
vn 0.7070 0.6125 0.3535
vn 0.7070 0.6124 0.3536
vn 0.5000 0.6124 0.6124
vn 0.7070 0.6124 0.3537
vn 0.7070 0.5001 0.5000
vn 0.5002 0.6123 0.6123
vn 0.7071 0.4999 0.5000
vn 0.5002 0.4330 0.7499
vn 0.5001 0.4330 0.7499
vn 0.7071 0.5000 0.5001
vn 0.7071 0.3536 0.6124
vn 0.5000 0.4330 0.7500
vn 0.7070 0.3535 0.6125
vn 0.5002 0.2242 0.8364
vn 0.7071 0.3535 0.6124
vn 0.7071 0.1830 0.6830
vn 0.5001 0.2241 0.8365
vn 0.7071 0.1830 0.6831
vn 0.5001 -0.0000 0.8660
vn 0.5001 0.0001 0.8660
vn 0.7071 0.0001 0.7071
vn 0.5000 -0.0000 0.8660
vn 0.7070 -0.0001 0.7072
vn 0.5000 -0.2241 0.8365
vn 0.5001 -0.2241 0.8365
vn 0.7071 -0.0000 0.7071
vn 0.7071 -0.1830 0.6831
vn 0.5000 -0.2242 0.8365
vn 0.5000 -0.4329 0.7500
vn 0.5001 -0.4329 0.7500
vn 0.7071 -0.1831 0.6830
vn 0.7071 -0.3536 0.6124
vn 0.5000 -0.4331 0.7500
vn 0.7070 -0.3536 0.6124
vn 0.5000 -0.6123 0.6124
vn 0.5001 -0.6123 0.6124
vn 0.7071 -0.5000 0.5000
vn 0.5001 -0.6123 0.6123
vn 0.5001 -0.7499 0.4331
vn 0.4999 -0.7500 0.4331
vn 0.7070 -0.5001 0.5000
vn 0.7070 -0.6125 0.3537
vn 0.5000 -0.7500 0.4329
vn 0.7070 -0.6125 0.3535
vn 0.7070 -0.6124 0.3536
vn 0.7070 -0.6831 0.1831
vn 0.5000 -0.8365 0.2241
vn 0.7070 -0.6831 0.1830
vn 0.5000 -0.8660 0.0001
vn 0.7071 -0.6831 0.1830
vn 0.7071 -0.7072 -0.0000
vn 0.5001 -0.8365 -0.2240
vn 0.5001 -0.8365 -0.2241
vn 0.7071 -0.7072 -0.0001
vn 0.7070 -0.6831 -0.1830
vn 0.5000 -0.8365 -0.2242
vn 0.7070 -0.6831 -0.1831
vn 0.5001 -0.7500 -0.4329
vn 0.7071 -0.6831 -0.1830
vn 0.7071 -0.6125 -0.3535
vn 0.5001 -0.7499 -0.4330
vn 0.7071 -0.6123 -0.3536
vn 0.5001 -0.6124 -0.6123
vn 0.7070 -0.6124 -0.3537
vn 0.7070 -0.5001 -0.5001
vn 0.5001 -0.6123 -0.6124
vn 0.7071 -0.5000 -0.5000
vn 0.5001 -0.4331 -0.7499
vn 0.7070 -0.5000 -0.5001
vn 0.7070 -0.3536 -0.6124
vn 0.5000 -0.4330 -0.7500
vn 0.7070 -0.3536 -0.6125
vn 0.5000 -0.2242 -0.8365
vn 0.7070 -0.3535 -0.6125
vn 0.7070 -0.1831 -0.6831
vn 0.7071 -0.1829 -0.6830
vn 0.5002 -0.0001 -0.8659
vn 0.5000 0.8366 -0.2240
vn 0.4999 0.8366 -0.2241
vn 0.2589 0.9330 -0.2499
vn 0.4999 0.8366 -0.2242
vn 0.4999 0.7501 -0.4329
vn 0.4999 0.7500 -0.4331
vn 0.2588 0.9330 -0.2501
vn 0.2589 0.8365 -0.4830
vn 0.4999 0.6125 -0.6123
vn 0.4998 0.6125 -0.6124
vn 0.2588 0.6831 -0.6829
vn 0.5000 0.6123 -0.6125
vn 0.2589 0.6829 -0.6831
vn 0.8660 0.5001 0.0001
vn 0.7072 0.6829 0.1830
vn 0.8660 0.4830 0.1294
vn 0.7072 0.6830 0.1830
vn 0.8660 0.4830 0.1295
vn 0.7072 0.6124 0.3535
vn 0.7071 0.6124 0.3535
vn 0.8660 0.4331 0.2500
vn 0.7071 0.6123 0.3536
vn 0.8660 0.4331 0.2501
vn 0.7071 0.5000 0.4999
vn 0.7072 0.5000 0.4999
vn 0.8660 0.4330 0.2501
vn 0.8660 0.3536 0.3536
vn 0.7072 0.4999 0.4999
vn 0.8660 0.3535 0.3535
vn 0.7072 0.3535 0.6122
vn 0.7072 0.3535 0.6123
vn 0.8659 0.2500 0.4332
vn 0.7071 0.1831 0.6830
vn 0.7072 0.1830 0.6829
vn 0.8660 0.1295 0.4829
vn 0.7072 -0.0000 0.7070
vn 0.7072 -0.0001 0.7070
vn 0.8660 -0.0001 0.5001
vn 0.7072 -0.1830 0.6830
vn 0.7072 -0.1829 0.6829
vn 0.8660 -0.1295 0.4830
vn 0.7072 -0.3535 0.6123
vn 0.7072 -0.3534 0.6123
vn 0.8660 -0.2500 0.4330
vn 0.7072 -0.3536 0.6123
vn 0.7072 -0.4999 0.5000
vn 0.8660 -0.2501 0.4330
vn 0.8660 -0.3536 0.3536
vn 0.7072 -0.4999 0.4999
vn 0.8660 -0.3535 0.3535
vn 0.7072 -0.6123 0.3536
vn 0.8660 -0.4330 0.2500
vn 0.7072 -0.6123 0.3535
vn 0.8660 -0.4331 0.2500
vn 0.7072 -0.6829 0.1830
vn 0.7071 -0.6830 0.1831
vn 0.8660 -0.4332 0.2500
vn 0.8659 -0.4831 0.1295
vn 0.7072 -0.6829 0.1829
vn 0.8660 -0.4830 0.1294
vn 0.8660 -0.5000 -0.0000
vn 0.7071 -0.6830 -0.1830
vn 0.8660 -0.5001 -0.0001
vn 0.8660 -0.4831 -0.1294
vn 0.7072 -0.6829 -0.1830
vn 0.7072 -0.6123 -0.3535
vn 0.7071 -0.6124 -0.3535
vn 0.8660 -0.4831 -0.1295
vn 0.8660 -0.4331 -0.2500
vn 0.8660 -0.4331 -0.2501
vn 0.7071 -0.5000 -0.4999
vn 0.7072 -0.5000 -0.4999
vn 0.8660 -0.4330 -0.2500
vn 0.8660 -0.3536 -0.3535
vn 0.7071 -0.4999 -0.5000
vn 0.8660 -0.3536 -0.3537
vn 0.7071 -0.3536 -0.6123
vn 0.7072 -0.3535 -0.6122
vn 0.7071 -0.3535 -0.6124
vn 0.8659 -0.2500 -0.4332
vn 0.7071 -0.1830 -0.6830
vn 0.7071 0.7072 -0.0000
vn 0.5001 0.8660 -0.0001
vn 0.7070 0.6831 -0.1830
vn 0.7071 0.6830 -0.1830
vn 0.5001 0.8365 -0.2241
vn 0.7070 0.6831 -0.1831
vn 0.5000 0.8365 -0.2242
vn 0.7070 0.6125 -0.3535
vn 0.7071 0.6124 -0.3535
vn 0.5001 0.8365 -0.2242
vn 0.5001 0.7500 -0.4329
vn 0.7070 0.6124 -0.3536
vn 0.5001 0.7499 -0.4330
vn 0.7071 0.5001 -0.5000
vn 0.7070 0.5001 -0.5000
vn 0.5000 0.7499 -0.4331
vn 0.5000 0.6124 -0.6123
vn 0.7071 0.5000 -0.5001
vn 0.5001 0.6123 -0.6124
vn 0.7071 0.3536 -0.6124
vn 0.7070 0.3537 -0.6124
vn 0.5000 0.6123 -0.6124
vn 0.5000 0.4331 -0.7500
vn 0.7069 0.3536 -0.6126
vn 0.4999 0.4330 -0.7501
vn 0.7070 0.1831 -0.6831
vn 0.8660 0.5000 -0.0001
vn 0.7072 0.7070 -0.0001
vn 0.8660 0.4830 -0.1294
vn 0.8660 0.4830 -0.1295
vn 0.7072 0.6829 -0.1830
vn 0.8660 0.4331 -0.2500
vn 0.7072 0.6829 -0.1831
vn 0.8660 0.4330 -0.2500
vn 0.7072 0.6123 -0.3535
vn 0.8660 0.3536 -0.3535
vn 0.8660 0.3536 -0.3536
vn 0.7072 0.6123 -0.3536
vn 0.7072 0.5000 -0.4999
vn 0.8660 0.3535 -0.3536
vn 0.7072 0.4999 -0.5000
vn 0.8660 0.2500 -0.4330
vn 0.8660 0.2501 -0.4331
vn 0.7071 0.4999 -0.5000
vn 0.7071 0.3536 -0.6123
vn 0.8660 0.2500 -0.4331
vn 0.7071 0.3535 -0.6124
vn 0.8660 0.1295 -0.4831
vn 0.8660 0.1295 -0.4830
vn 0.7072 0.3535 -0.6123
vn 0.7072 0.1830 -0.6829
vn 0.8660 0.1294 -0.4831
vn 0.7071 0.1829 -0.6830
vn 0.8660 -0.0000 -0.5001
vn 1.0000 -0.0000 0.0031
vn 1.0000 -0.0000 0.0032
vn 0.9659 -0.0000 0.2587
vn 0.8660 -0.0000 0.5001
vn 0.2589 -0.0000 0.9659
vn 0.0003 -0.0000 1.0000
vn 0.2586 -0.0000 0.9660
vn 0.9607 -0.0000 0.2775
vn 0.9607 -0.0000 0.2776
vn 0.9270 -0.0000 0.3749
vn 0.9270 -0.0000 0.3751
vn 0.7070 -0.0000 0.7072
vn 0.9270 -0.0000 0.3750
vn 0.0001 0.9660 -0.2587
vn 0.2588 0.9330 -0.2499
vn 0.0001 1.0000 0.0001
vn 0.2587 0.9659 0.0001
vn 0.2588 0.9331 0.2499
vn 0.2587 0.9330 0.2501
vn 0.2587 0.8366 0.4829
vn 0.2587 0.8365 0.4830
vn 0.2587 0.8365 0.4831
vn 0.2587 0.6830 0.6830
vn 0.2585 0.6830 0.6831
vn -0.0002 0.5001 0.8660
vn 0.0003 0.4999 0.8661
vn 0.2590 0.4829 0.8365
vn 0.0003 0.2588 0.9659
vn 0.2586 0.4829 0.8366
vn 0.2586 0.2501 0.9330
vn 0.2587 0.2499 0.9331
vn 0.2586 0.0001 0.9660
vn 0.2586 -0.0001 0.9660
vn 0.2586 -0.2500 0.9331
vn 0.0001 -0.2589 0.9659
vn 0.2587 -0.2500 0.9330
vn 0.0001 -0.4999 0.8661
vn 0.0001 -0.5000 0.8660
vn 0.2588 -0.2501 0.9330
vn 0.2588 -0.4829 0.8365
vn 0.2588 -0.4830 0.8365
vn 0.0001 -0.7070 0.7072
vn 0.0001 -0.7071 0.7072
vn 0.2588 -0.6830 0.6831
vn 0.2587 -0.8365 0.4830
vn 0.0001 -0.8661 0.4999
vn 0.2587 -0.8366 0.4829
vn 0.2587 -0.9330 0.2501
vn 0.2588 -0.9330 0.2500
vn 0.2588 -0.9331 0.2498
vn 0.0001 -0.9660 -0.2587
vn 0.2587 -0.9659 -0.0001
vn 0.2586 -0.9330 -0.2501
vn 0.0001 -0.8660 -0.5001
vn 0.0002 -0.7071 -0.7071
vn 0.2589 -0.6830 -0.6830
vn 0.0002 -0.5001 -0.8660
vn -0.0001 -0.5000 -0.8660
vn 0.2586 -0.6830 -0.6832
vn 0.2585 -0.4830 -0.8366
vn 0.0002 -0.5000 -0.8660
vn 0.0002 -0.2589 -0.9659
vn 0.2586 -0.4829 -0.8366
vn 0.2586 -0.2500 -0.9331
vn 0.0003 -0.2588 -0.9659
vn 0.0003 -0.0001 -1.0000
vn 0.2587 -0.2499 -0.9331
vn 0.2587 -0.0000 -0.9659
vn 0.2589 -0.0000 -0.9659
vn 0.0002 0.2587 -0.9659
vn 0.0001 0.2587 -0.9659
vn 0.2588 0.0001 -0.9659
vn 0.2588 0.2500 -0.9330
vn 0.2587 0.4829 -0.8366
vn 0.0002 0.5000 -0.8660
vn 0.2589 0.4830 -0.8365
vn 0.0002 0.7070 -0.7072
vn 0.2586 0.4831 -0.8365
vn 0.2586 0.6831 -0.6831
vn 0.2587 0.6830 -0.6830
vn 0.2588 0.8365 -0.4829
vn 0.2587 0.9330 -0.2501
vn 0.9660 0.2499 0.0670
vn 0.9660 0.2241 -0.1293
vn 0.9660 0.2241 -0.1294
vn 0.9660 0.1830 -0.1829
vn 1.0000 -0.0000 -0.0001
vn 0.9660 0.1829 -0.1830
vn 0.9660 0.1293 -0.2241
vn 0.9660 0.0670 -0.2499
vn 0.9659 0.0670 -0.2499
vn 0.9659 -0.0000 -0.2588
vn 0.9660 -0.0000 -0.2587
vn 0.9660 -0.0669 -0.2499
vn 0.9660 -0.0670 -0.2499
vn 0.9660 -0.1829 -0.1829
vn 0.9660 -0.2241 -0.1293
vn 0.9659 -0.2499 -0.0670
vn 0.9660 -0.2499 0.0670
vn 0.9660 -0.2240 0.1294
vn 0.9659 -0.1830 0.1830
vn 0.9660 -0.0670 0.2499
vn 0.9660 -0.0669 0.2499
vn 0.9660 0.0670 0.2499
vn 0.9660 0.1293 0.2241
vn 0.9660 0.1294 0.2241
vn 0.9660 0.1829 0.1830
vn 0.9659 0.1830 0.1829
vn 0.9660 0.2240 0.1294
vn 0.2589 0.9659 0.0001
vn 0.4999 0.8661 0.0001
vn 0.5000 0.8660 -0.0000
vn 0.5000 0.8366 0.2241
vn 0.2590 0.9329 0.2501
vn 0.2590 0.8365 0.4829
vn 0.2588 0.8366 0.4829
vn 0.4999 0.8366 0.2242
vn 0.4999 0.7501 0.4330
vn 0.5001 0.7500 0.4330
vn 0.2590 0.6830 0.6829
vn 0.4999 0.7500 0.4331
vn 0.4999 0.6125 0.6124
vn 0.4999 0.6124 0.6124
vn 0.2589 0.4830 0.8364
vn 0.5000 0.4331 0.7500
vn 0.2589 0.2500 0.9330
vn 0.5000 0.4329 0.7500
vn 0.2590 0.2499 0.9330
vn 0.5000 0.2241 0.8365
vn 0.2590 0.0001 0.9659
vn 0.2588 0.0001 0.9659
vn 0.4999 0.0001 0.8661
vn 0.2590 -0.0000 0.9659
vn 0.5001 -0.0001 0.8660
vn 0.2590 -0.2499 0.9330
vn 0.2588 -0.2500 0.9330
vn 0.4999 -0.2243 0.8366
vn 0.2589 -0.4829 0.8365
vn 0.5000 -0.4330 0.7500
vn 0.2589 -0.4830 0.8364
vn 0.2589 -0.6830 0.6830
vn 0.2588 -0.6830 0.6830
vn 0.4999 -0.6124 0.6124
vn 0.2590 -0.8365 0.4830
vn 0.5000 -0.7500 0.4331
vn 0.2590 -0.8365 0.4829
vn 0.5000 -0.7501 0.4329
vn 0.2589 -0.9329 0.2502
vn 0.5000 -0.8365 0.2243
vn 0.2589 -0.9330 0.2498
vn 0.5000 -0.8366 0.2240
vn 0.2589 -0.9659 0.0001
vn 0.5000 -0.8660 -0.0000
vn 0.5000 -0.8366 -0.2241
vn 0.2587 -0.8365 -0.4831
vn 0.4998 -0.7501 -0.4332
vn 0.2589 -0.6831 -0.6829
vn 0.5000 -0.7500 -0.4331
vn 0.2589 -0.4831 -0.8364
vn 0.2590 -0.4830 -0.8365
vn 0.5000 -0.6123 -0.6124
vn 0.4999 -0.4330 -0.7501
vn 0.4999 -0.2242 -0.8366
vn 0.2588 -0.0001 -0.9659
vn 0.2589 0.0001 -0.9659
vn 0.4999 -0.0000 -0.8661
vn 0.2588 0.2499 -0.9330
vn 0.4999 0.0001 -0.8661
vn 0.4999 0.2241 -0.8366
vn 0.2587 0.2501 -0.9330
vn 0.4998 0.2243 -0.8366
vn 0.2589 0.4829 -0.8365
vn 0.2589 0.6829 -0.6830
vn 0.4999 0.6124 -0.6124
vn 0.2589 0.6831 -0.6829
vn 0.2588 0.8365 -0.4831
vn 0.4999 0.6125 -0.6124
vn 0.2589 0.8365 -0.4829
vn 0.4999 0.7501 -0.4330
vn 0.2589 0.9330 -0.2501
vn 0.5000 0.7500 -0.4330
vn 0.4999 0.8365 -0.2242
vn 0.2589 0.9330 -0.2500
vn 0.2589 0.9659 -0.0001
vn 0.5000 0.8366 -0.2241
vn 0.5001 0.8364 0.2242
vn 0.7071 0.6830 0.1831
vn 0.5001 0.6124 0.6123
vn 0.7071 0.6124 0.3536
vn 0.7071 0.5000 0.5000
vn 0.5001 0.6123 0.6124
vn 0.7070 0.5000 0.5001
vn 0.5001 0.4331 0.7499
vn 0.7070 0.3537 0.6124
vn 0.7070 0.3536 0.6124
vn 0.7070 0.3536 0.6125
vn 0.7071 0.1829 0.6830
vn 0.5002 -0.0000 0.8659
vn 0.5000 0.0001 0.8660
vn 0.7071 -0.0000 0.7072
vn 0.5000 -0.2240 0.8365
vn 0.7071 -0.1830 0.6830
vn 0.7071 -0.3535 0.6125
vn 0.5001 -0.4331 0.7499
vn 0.7071 -0.3536 0.6123
vn 0.7071 -0.5000 0.5001
vn 0.5000 -0.6124 0.6124
vn 0.7070 -0.5000 0.5001
vn 0.5000 -0.7499 0.4331
vn 0.5001 -0.7500 0.4330
vn 0.7071 -0.5001 0.5000
vn 0.7071 -0.6124 0.3536
vn 0.7070 -0.6125 0.3536
vn 0.5001 -0.8365 0.2242
vn 0.7071 -0.6125 0.3535
vn 0.7071 -0.6830 0.1830
vn 0.5001 -0.8660 0.0001
vn 0.7071 -0.7071 0.0001
vn 0.5000 -0.8660 -0.0001
vn 0.5000 -0.8365 -0.2241
vn 0.7070 -0.7072 -0.0001
vn 0.5001 -0.8364 -0.2241
vn 0.7071 -0.6830 -0.1831
vn 0.7071 -0.6124 -0.3536
vn 0.4999 -0.6125 -0.6123
vn 0.7069 -0.6125 -0.3537
vn 0.7070 -0.5002 -0.5000
vn 0.7070 -0.3537 -0.6124
vn 0.5001 -0.2242 -0.8364
vn 0.7071 -0.1831 -0.6830
vn 0.5000 -0.0001 -0.8660
vn 0.7071 -0.1830 -0.6831
vn 0.5002 -0.0000 -0.8659
vn 0.7070 0.0001 -0.7072
vn 0.7070 0.1830 -0.6831
vn 0.5001 0.2242 -0.8365
vn 0.7071 0.1831 -0.6830
vn 0.5000 0.4331 -0.7499
vn 0.7070 0.3536 -0.6124
vn 0.5001 0.6124 -0.6123
vn 0.5000 0.7500 -0.4331
vn 0.5001 0.7500 -0.4330
vn 0.7071 0.6124 -0.3536
vn 0.7070 0.6124 -0.3535
vn 0.7071 0.6831 -0.1829
vn 0.7072 0.7070 0.0001
vn 0.7072 0.6830 0.1829
vn 0.8660 0.4831 0.1295
vn 0.7072 0.6123 0.3535
vn 0.8660 0.3536 0.3537
vn 0.7071 0.3536 0.6123
vn 0.8660 0.2500 0.4331
vn 0.8660 0.1295 0.4830
vn 0.8660 0.1294 0.4831
vn 0.8660 -0.0001 0.5000
vn 0.7072 -0.1830 0.6829
vn 0.8659 -0.0001 0.5002
vn 0.8659 -0.1294 0.4831
vn 0.8660 -0.1295 0.4831
vn 0.7071 -0.3535 0.6124
vn 0.8660 -0.2500 0.4331
vn 0.7071 -0.6123 0.3536
vn 0.8660 -0.4331 0.2501
vn 0.8660 -0.4830 0.1295
vn 0.7072 -0.6830 0.1829
vn 0.7072 -0.7071 -0.0000
vn 0.7071 -0.6830 -0.1829
vn 0.8660 -0.4830 -0.1295
vn 0.7072 -0.6124 -0.3535
vn 0.7072 -0.6122 -0.3535
vn 0.7072 -0.4999 -0.4999
vn 0.8660 -0.3536 -0.3536
vn 0.7072 -0.4999 -0.5000
vn 0.7072 -0.3536 -0.6123
vn 0.8660 -0.2501 -0.4331
vn 0.8660 -0.1295 -0.4830
vn 0.8660 -0.1294 -0.4831
vn 0.8660 -0.0001 -0.5001
vn 0.7072 0.1829 -0.6829
vn 0.8660 -0.0000 -0.5000
vn 0.7072 0.3536 -0.6123
vn 0.8660 0.2501 -0.4330
vn 0.7072 0.4999 -0.4999
vn 0.7071 0.6123 -0.3536
vn 0.8660 0.4331 -0.2501
vn 0.7071 0.6830 -0.1831
vn 0.9659 0.2501 0.0671
vn 0.9659 0.2243 0.1294
vn 0.9659 0.2243 0.1295
vn 0.9659 0.1832 0.1831
vn 0.9659 0.1830 0.1831
vn 0.9659 0.1295 0.2243
vn 0.9659 -0.0001 0.2590
vn 0.8661 -0.1293 0.4828
vn 0.9659 -0.0671 0.2501
vn 0.8661 -0.2499 0.4330
vn 0.8661 -0.2499 0.4329
vn 0.9659 -0.1294 0.2242
vn 0.9659 -0.2242 0.1295
vn 0.8660 -0.4829 0.1294
vn 0.9659 -0.2243 0.1294
vn 0.9659 -0.2501 0.0671
vn 0.8661 -0.4828 0.1294
vn 0.9659 -0.2500 0.0670
vn 0.8661 -0.4999 -0.0001
vn 0.8660 -0.4830 -0.1293
vn 0.9659 -0.2590 -0.0000
vn 0.9659 -0.2243 -0.1295
vn 0.9659 -0.1832 -0.1831
vn 0.8661 -0.2499 -0.4329
vn 0.9659 -0.1294 -0.2243
vn 0.9659 -0.0671 -0.2501
vn 0.9659 -0.0670 -0.2500
vn 0.9659 -0.0670 -0.2501
vn 0.9659 -0.0001 -0.2589
vn 0.9659 -0.0000 -0.2589
vn 0.8661 0.1293 -0.4829
vn 0.9659 0.0670 -0.2501
vn 0.9659 0.0670 -0.2500
vn 0.9659 0.0671 -0.2501
vn 0.9659 0.1295 -0.2243
vn 0.9659 0.1831 -0.1831
vn 0.8661 0.4330 -0.2499
vn 0.8660 0.4829 -0.1294
vn 0.9659 0.2501 -0.0671
vn 0.9659 0.2590 -0.0000
vn 0.2588 0.9331 -0.2499
vn 0.2588 0.9659 0.0001
vn 0.2587 0.6831 0.6830
vn 0.0001 0.4999 0.8661
vn 0.2588 0.4829 0.8366
vn 0.0001 0.2589 0.9659
vn 0.2588 0.2501 0.9330
vn 0.0002 -0.5001 0.8660
vn 0.2589 -0.4830 0.8365
vn -0.0001 -0.7070 0.7072
vn 0.2586 -0.4830 0.8366
vn 0.2586 -0.6830 0.6831
vn 0.0001 -0.8660 -0.5000
vn 0.2588 -0.8365 -0.4830
vn 0.0001 -0.7072 -0.7071
vn 0.0002 -0.7070 -0.7072
vn 0.2589 -0.6829 -0.6831
vn -0.0001 -0.5001 -0.8660
vn 0.2586 -0.6830 -0.6831
vn 0.2586 -0.4831 -0.8365
vn 0.0001 -0.2589 -0.9659
vn 0.2588 -0.4829 -0.8366
vn 0.0002 0.0001 -1.0000
vn 0.0001 0.2587 -0.9660
vn 0.0002 0.7071 -0.7072
vn 0.2586 0.6830 -0.6831
vn 0.9660 0.1294 -0.2241
vn 0.9660 -0.2499 -0.0669
vn 0.9660 -0.1830 0.1829
vn 0.9660 -0.1294 0.2240
vn 0.5000 0.8661 0.0001
vn 0.4999 0.8366 0.2241
vn 0.2590 0.9330 0.2500
vn 0.5001 0.8365 0.2242
vn 0.2588 0.8365 0.4829
vn 0.4999 0.8366 0.2243
vn 0.4998 0.6124 0.6125
vn 0.2590 0.4830 0.8364
vn 0.2588 0.4829 0.8365
vn 0.4998 0.4330 0.7501
vn 0.5001 -0.2242 0.8364
vn 0.5001 -0.4330 0.7500
vn 0.2590 -0.9329 0.2500
vn 0.5001 -0.7500 0.4329
vn 0.2589 -0.9330 0.2500
vn 0.2588 -0.9659 0.0001
vn 0.2589 -0.9330 -0.2500
vn 0.5000 -0.8661 -0.0001
vn 0.4999 -0.8366 -0.2241
vn 0.2589 -0.8366 -0.4828
vn 0.4999 -0.8365 -0.2243
vn 0.4999 -0.6124 -0.6124
vn 0.2589 -0.4829 -0.8365
vn 0.4999 -0.4330 -0.7500
vn 0.2589 -0.2501 -0.9330
vn 0.2588 -0.2500 -0.9330
vn 0.2590 -0.2499 -0.9330
vn 0.5000 -0.2241 -0.8365
vn 0.2590 -0.0001 -0.9659
vn 0.2589 0.2500 -0.9330
vn 0.2589 0.4828 -0.8366
vn 0.2589 0.6830 -0.6830
vn 0.4999 0.6124 -0.6125
vn 0.4999 0.7500 -0.4330
vn 0.4999 0.8365 -0.2243
vn 0.4999 0.8661 -0.0001
vn 0.5000 0.8365 0.2240
vn 0.7070 0.6125 0.3536
vn 0.4999 0.4331 0.7500
vn 0.7070 0.3537 0.6125
vn 0.5001 0.2242 0.8365
vn 0.7070 0.1831 0.6831
vn 0.7070 0.1830 0.6831
vn 0.5001 -0.2241 0.8364
vn 0.7070 -0.1831 0.6831
vn 0.5001 -0.4330 0.7499
vn 0.7071 -0.6124 0.3535
vn 0.7071 -0.6831 0.1829
vn 0.5001 -0.8660 -0.0001
vn 0.7071 -0.7071 -0.0001
vn 0.5000 -0.8365 -0.2240
vn 0.7070 -0.6831 -0.1829
vn 0.5001 -0.8364 -0.2242
vn 0.7071 -0.6831 -0.1831
vn 0.7070 -0.6124 -0.3536
vn 0.7070 -0.6125 -0.3537
vn 0.7070 -0.5002 -0.5001
vn 0.5002 -0.2242 -0.8364
vn 0.5001 -0.0001 -0.8660
vn 0.5001 0.2240 -0.8365
vn 0.5001 0.2241 -0.8364
vn 0.5000 0.7499 -0.4330
vn 0.5001 0.8364 -0.2242
vn 0.7071 0.6830 0.1829
vn 0.8660 0.4831 0.1294
vn 0.7072 0.4999 0.5000
vn 0.8659 0.2501 0.4331
vn 0.7073 0.1830 0.6828
vn 0.8661 0.2500 0.4330
vn 0.8659 0.1294 0.4831
vn 0.7071 -0.0001 0.7071
vn 0.8660 -0.4831 0.1295
vn 0.7072 -0.7071 0.0001
vn 0.7072 -0.6830 -0.1829
vn 0.7072 -0.6830 -0.1830
vn 0.8660 -0.1294 -0.4829
vn 0.7072 0.1830 -0.6830
vn 0.7071 0.5000 -0.5000
vn 0.7072 0.6830 -0.1830
vn 0.7072 0.7071 -0.0001
vn 0.8661 0.4999 0.0001
vn 0.8661 -0.4330 0.2500
vn 0.8661 -0.4828 0.1293
vn 0.9659 -0.2500 0.0669
vn 0.8660 -0.4829 -0.1294
vn 0.9659 -0.2501 -0.0669
vn 0.8661 -0.4828 -0.1294
vn 0.9659 -0.2502 -0.0671
vn 0.8660 -0.3535 -0.3535
vn 0.9659 -0.1831 -0.1831
vn 0.0001 0.8661 0.5000
vn -0.0000 0.7072 0.7071
vn 0.2588 0.6831 0.6830
vn 0.2587 0.6830 0.6831
vn 0.0002 0.5000 0.8661
vn -0.0001 -0.2587 0.9659
vn 0.0002 -0.2589 0.9659
vn 0.2589 -0.2500 0.9330
vn 0.2587 -0.6830 0.6831
vn 0.0001 -0.8660 0.5001
vn 0.0002 -0.8661 0.4999
vn 0.0002 -0.9659 0.2589
vn 0.0001 -0.8661 -0.5000
vn 0.2586 -0.8365 -0.4831
vn 0.2588 -0.6831 -0.6830
vn 0.2587 -0.4830 -0.8365
vn 0.0002 -0.4999 -0.8661
vn 0.2587 -0.2501 -0.9330
vn 0.0002 0.2588 -0.9659
vn 0.2588 0.4829 -0.8366
vn 0.0001 0.7072 -0.7071
vn 0.2587 0.6831 -0.6830
vn 0.2587 0.8365 -0.4830
vn 0.9659 -0.0670 -0.2499
vn 0.9660 -0.1830 -0.1829
vn 0.9660 -0.2241 -0.1294
vn 0.2588 0.9330 0.2500
vn 0.2588 0.6831 0.6829
vn 0.5000 0.6123 0.6124
vn 0.2590 0.4830 0.8365
vn 0.4999 0.4330 0.7501
vn 0.4999 0.2242 0.8366
vn 0.2589 0.2499 0.9330
vn 0.2589 0.0001 0.9659
vn 0.2589 -0.0001 0.9659
vn 0.5000 -0.0001 0.8660
vn 0.2589 -0.2499 0.9330
vn 0.2590 -0.2501 0.9330
vn 0.2590 -0.4830 0.8365
vn 0.2590 -0.6829 0.6830
vn 0.2589 -0.6831 0.6830
vn 0.4999 -0.8661 -0.0001
vn 0.2589 -0.8366 -0.4829
vn 0.2589 -0.8365 -0.4829
vn 0.4999 -0.7500 -0.4331
vn 0.4998 -0.6124 -0.6125
vn 0.2588 -0.4831 -0.8365
vn 0.4999 -0.6124 -0.6125
vn 0.4999 -0.4331 -0.7500
vn 0.2590 -0.2501 -0.9330
vn 0.2590 0.2500 -0.9330
vn 0.4999 0.2242 -0.8366
vn 0.2590 0.6830 -0.6830
vn 0.2590 0.6830 -0.6829
vn 0.2590 0.8365 -0.4830
vn 0.4998 0.7500 -0.4331
vn 0.5000 0.8365 -0.2241
vn 0.7071 0.6831 0.1830
vn 0.7070 0.5001 0.5001
vn 0.5001 0.4330 0.7500
vn 0.7070 -0.1830 0.6831
vn 0.5001 -0.2242 0.8365
vn 0.7069 -0.3537 0.6125
vn 0.5001 -0.6124 0.6123
vn 0.5001 -0.7499 0.4330
vn 0.5000 -0.7500 -0.4329
vn 0.5001 -0.7500 -0.4330
vn 0.5002 -0.7499 -0.4330
vn 0.7070 -0.5001 -0.5000
vn 0.5001 -0.4330 -0.7499
vn 0.5001 -0.4330 -0.7500
vn 0.7071 -0.5000 -0.5001
vn 0.7071 -0.3536 -0.6124
vn 0.5001 -0.2242 -0.8365
vn 0.7071 -0.0000 -0.7072
vn 0.7071 0.1830 -0.6831
vn 0.5001 0.4330 -0.7499
vn 0.4999 0.6123 -0.6124
vn 0.7070 0.5000 -0.5002
vn 0.7071 0.6831 -0.1830
vn 0.7072 0.7071 0.0001
vn 0.7072 0.6123 0.3536
vn 0.8660 0.2501 0.4331
vn 0.7072 0.1830 0.6830
vn 0.8660 0.1294 0.4829
vn 0.8659 0.1294 0.4832
vn 0.8659 0.0001 0.5002
vn 0.8660 -0.1294 0.4831
vn 0.8660 -0.2501 0.4331
vn 0.7071 -0.4999 0.5000
vn 0.7072 -0.5000 0.4999
vn 0.8660 -0.3536 0.3535
vn 0.8660 -0.4330 0.2501
vn 0.8660 -0.4831 0.1294
vn 0.7072 -0.6829 -0.1831
vn 0.8660 -0.4330 -0.2501
vn 0.7072 -0.1830 -0.6830
vn 0.7072 -0.0000 -0.7071
vn 0.8660 0.3536 -0.3537
vn 0.7071 0.5000 -0.4999
vn 0.8660 0.3537 -0.3536
vn 0.8660 0.4330 -0.2501
vn 0.8661 0.4330 0.2500
vn 0.8661 0.3534 0.3535
vn 0.8661 0.2499 0.4329
vn 0.9659 0.1294 0.2243
vn 0.9659 0.0671 0.2501
vn 0.9659 0.0001 0.2589
vn 0.9659 -0.1830 0.1831
vn 0.9659 -0.2501 -0.0671
vn 0.9659 -0.1831 -0.1830
vn 0.9659 -0.0670 -0.2502
vn 0.8661 0.2499 -0.4330
vn 0.9659 0.1294 -0.2243
vn 0.8661 0.2500 -0.4329
vn 0.8660 0.3535 -0.3535
vn 0.8661 0.4829 -0.1293
vn 0.0001 0.9659 0.2589
vn 0.0001 0.8661 0.4999
vn 0.2586 0.4830 0.8366
vn 0.2589 0.4829 0.8366
vn 0.0002 0.2587 0.9659
vn 0.2589 -0.2501 0.9330
vn 0.0002 -0.5000 0.8660
vn 0.2586 -0.2501 0.9331
vn 0.2585 -0.4829 0.8366
vn 0.0001 -0.7072 0.7070
vn 0.0001 -0.9659 -0.2589
vn 0.2587 -0.8366 -0.4829
vn 0.0001 -0.4999 -0.8661
vn 0.0002 -0.2587 -0.9659
vn 0.2585 -0.2499 -0.9331
vn 0.2585 -0.0001 -0.9660
vn 0.2586 0.0001 -0.9660
vn 0.2586 0.2500 -0.9331
vn 0.0001 0.7071 -0.7071
vn 0.2586 0.9331 -0.2500
vn 0.9660 0.2240 -0.1294
vn 0.9660 0.1829 -0.1829
vn 0.9660 -0.1294 -0.2241
vn 0.9660 -0.1829 -0.1830
vn 0.9660 -0.2241 0.1293
vn 0.9660 -0.1294 0.2241
vn 0.9660 0.1294 0.2240
vn 0.9660 0.2241 0.1293
vn 0.4998 0.7501 0.4331
vn 0.2591 0.6830 0.6829
vn 0.5001 0.7499 0.4330
vn 0.2588 0.6829 0.6831
vn 0.4999 0.6124 0.6125
vn 0.5000 0.6123 0.6125
vn 0.2591 0.0001 0.9659
vn 0.2590 -0.0001 0.9659
vn 0.4998 -0.2241 0.8366
vn 0.4999 -0.2242 0.8365
vn 0.2589 -0.4828 0.8366
vn 0.2587 -0.4831 0.8365
vn 0.4998 -0.4332 0.7500
vn 0.4998 -0.4331 0.7501
vn 0.2588 -0.6831 0.6829
vn 0.2588 -0.8365 0.4829
vn 0.4999 -0.8366 0.2242
vn 0.2589 -0.9330 0.2499
vn 0.5000 -0.8660 -0.0002
vn 0.2590 -0.8365 -0.4829
vn 0.4999 -0.7500 -0.4330
vn 0.2590 -0.0000 -0.9659
vn 0.2588 0.6829 -0.6831
vn 0.2590 0.6829 -0.6831
vn 0.2589 0.6830 -0.6829
vn 0.4999 0.6124 -0.6123
vn 0.5000 0.7501 -0.4329
vn 0.7070 0.5001 0.5002
vn 0.5000 0.4331 0.7499
vn 0.5002 0.4329 0.7499
vn 0.7071 0.1831 0.6831
vn 0.7071 -0.0001 0.7072
vn 0.7070 -0.3536 0.6125
vn 0.7070 -0.6124 0.3537
vn 0.5001 -0.8365 0.2241
vn 0.5002 -0.6123 -0.6123
vn 0.5001 -0.6123 -0.6123
vn 0.7070 0.3537 -0.6125
vn 0.7070 0.5000 -0.5001
vn 0.5001 0.7499 -0.4331
vn 0.7071 0.6831 -0.1831
vn 0.5000 0.8660 -0.0001
vn 0.7072 0.6123 0.3534
vn 0.8660 0.3537 0.3536
vn 0.8659 0.0001 0.5001
vn 0.7072 -0.3535 0.6124
vn 0.8659 -0.2501 0.4331
vn 0.8659 -0.3536 0.3537
vn 0.8659 -0.4831 0.1294
vn 0.7072 -0.6123 -0.3536
vn 0.7073 -0.4999 -0.4999
vn 0.7073 -0.3535 -0.6122
vn 0.7072 -0.0001 -0.7070
vn 0.7072 0.0001 -0.7070
vn 0.8660 0.0001 -0.5000
vn 0.8659 -0.0000 -0.5002
vn 0.8659 0.1294 -0.4831
vn 0.7072 0.1831 -0.6829
vn 0.8660 0.4831 -0.1294
vn 0.7071 0.7071 -0.0001
vn 0.8660 0.5001 -0.0001
vn 0.9659 0.2500 0.0671
vn 0.9659 0.2241 0.1295
vn 0.8661 0.3536 0.3535
vn 0.9659 0.1831 0.1830
vn 0.8661 0.3534 0.3534
vn 0.8660 0.2499 0.4330
vn 0.8661 0.1294 0.4828
vn 0.8661 -0.0000 0.4998
vn 0.8660 -0.4330 -0.2499
vn 0.8661 -0.4328 -0.2499
vn 0.8661 -0.3534 -0.3534
vn 0.8661 -0.0000 -0.4998
vn 0.8661 0.1294 -0.4828
vn 0.8661 0.4329 -0.2499
vn 0.9659 0.2243 -0.1294
vn 0.8661 0.4828 -0.1293
vn 0.9659 0.2502 -0.0670
vn -0.0000 -1.0000 -0.0002
vn 0.9499 -0.0000 0.3125
vn 0.9310 -0.0000 0.3650
vn 0.9311 -0.0000 0.3648
vn 0.9500 -0.0000 0.3123
vn 0.9309 -0.0000 0.3652
vn 0.9144 -0.0000 0.4048
vn 0.9145 -0.0000 0.4046
vn 0.9146 -0.0000 0.4045
vn 0.9036 -0.0000 0.4283
vn 0.9036 -0.0000 0.4285
vn 0.9044 -0.0000 0.4266
vn 0.9007 -0.0000 0.4344
vn 0.9808 -0.0000 -0.1950
vn 0.9808 -0.0000 -0.1951
vn 0.9659 -0.0000 -0.2587
vn 0.9808 -0.0000 -0.1952
vn 0.9239 -0.0000 -0.3826
vn 0.9239 -0.0000 -0.3827
vn 0.8315 -0.0000 -0.5555
vn 0.8313 -0.0000 -0.5558
vn 0.7070 -0.0000 -0.7073
vn 0.5555 -0.0000 -0.8315
vn 0.5556 -0.0000 -0.8314
vn 0.5000 -0.0000 -0.8661
vn 0.3827 -0.0000 -0.9239
vn 0.3826 -0.0000 -0.9239
vn 0.1951 -0.0000 -0.9808
vn 0.1948 -0.0000 -0.9808
vn 0.2585 -0.0000 -0.9660
vn 0.0977 -0.0000 -0.9952
vn 0.0980 -0.0000 -0.9952
vn 0.0982 -0.0000 -0.9952
vn 0.0001 -0.0000 -1.0000
vn 0.8314 -0.0000 -0.5557
vn 0.5556 -0.0000 -0.8315
vn 0.1952 -0.0000 -0.9808
vn 0.1949 -0.0000 -0.9808
vn 0.0978 -0.0000 -0.9952
vn 0.9808 0.1950 -0.0000
vn 0.9808 0.1951 -0.0000
vn 0.9808 0.1952 -0.0000
vn 0.9239 0.3826 -0.0000
vn 0.9239 0.3827 -0.0001
vn 0.9239 0.3827 -0.0000
vn 0.8315 0.5555 -0.0000
vn 0.8314 0.5556 -0.0000
vn 0.5556 0.8314 -0.0000
vn 0.5556 0.8315 -0.0000
vn 0.5555 0.8315 -0.0000
vn 0.3828 0.9239 -0.0000
vn 0.3827 0.9239 -0.0000
vn 0.1952 0.9808 -0.0000
vn 0.1950 0.9808 -0.0000
vn 0.2587 0.9660 -0.0000
vn 0.0980 0.9952 -0.0000
vn 0.2587 0.9659 -0.0000
vn 0.5000 0.8661 -0.0000
vn 0.0980 -0.9952 -0.0000
vn 0.0981 -0.9952 -0.0000
vn 0.2587 -0.9660 -0.0000
vn 0.1950 -0.9808 -0.0000
vn 0.1952 -0.9808 -0.0000
vn 0.3826 -0.9239 -0.0000
vn 0.3827 -0.9239 0.0001
vn 0.3828 -0.9239 -0.0000
vn 0.5555 -0.8315 -0.0000
vn 0.5556 -0.8315 -0.0000
vn 0.5556 -0.8314 -0.0000
vn 0.8314 -0.5557 -0.0000
vn 0.8314 -0.5556 -0.0000
vn 0.8315 -0.5555 -0.0000
vn 0.9239 -0.3827 -0.0000
vn 0.9239 -0.3827 -0.0001
vn 0.9239 -0.3826 -0.0000
vn 0.9808 -0.1952 -0.0000
vn 0.9808 -0.1949 -0.0000
vn 0.5000 -0.8661 -0.0000
vn -0.9499 -0.0000 0.3124
vn -0.9659 -0.0014 0.2589
vn -0.8661 -0.0000 0.5000
vn -0.8075 -0.0000 0.5899
vn -0.8074 -0.0000 0.5900
vn -0.8660 -0.0017 0.5001
vn -0.7059 -0.0000 0.7083
vn -0.7060 -0.0000 0.7082
vn -0.7056 -0.0000 0.7086
vn -0.7053 -0.0000 0.7089
vn -0.7057 -0.0000 0.7085
vn -0.5862 -0.0000 0.8102
vn -0.5863 -0.0000 0.8101
vn -0.7058 -0.0016 0.7084
vn -0.5865 -0.0000 0.8100
vn -0.5002 -0.0000 0.8659
vn -0.4530 -0.0000 0.8915
vn -0.4527 -0.0000 0.8917
vn -0.4999 -0.0011 0.8661
vn -0.4531 -0.0000 0.8915
vn -0.2592 -0.0000 0.9658
vn -0.3085 -0.0000 0.9512
vn -0.3080 -0.0000 0.9514
vn -0.2587 -0.0000 0.9660
vn -0.1558 -0.0000 0.9878
vn -0.1562 -0.0000 0.9877
vn -0.0002 -0.0000 1.0000
vn -0.0978 -0.0000 0.9952
vn -0.0981 -0.0000 0.9952
vn -0.0980 -0.0000 0.9952
vn -0.1950 -0.0000 0.9808
vn -0.1951 -0.0000 0.9808
vn -0.3826 -0.0000 0.9239
vn -0.2588 0.0016 0.9659
vn -0.3827 -0.0000 0.9239
vn -0.5555 -0.0000 0.8315
vn -0.5556 -0.0000 0.8314
vn -0.5001 0.0012 0.8660
vn -0.7067 -0.0000 0.7075
vn -0.7066 -0.0000 0.7076
vn -0.8314 -0.0000 0.5557
vn -0.8315 -0.0000 0.5556
vn -0.7068 0.0013 0.7075
vn -0.9238 -0.0000 0.3828
vn -0.9239 -0.0000 0.3826
vn -0.8661 0.0018 0.4999
vn -0.9808 -0.0000 0.1952
vn -0.9808 -0.0000 0.1950
vn -0.0983 -0.0000 0.9952
vn -0.9499 -0.0000 0.3126
vn -0.7063 -0.0000 0.7079
vn -0.7064 -0.0000 0.7079
vn -0.7068 -0.0000 0.7075
vn -0.7062 -0.0000 0.7080
vn -0.7068 -0.0000 0.7074
vn -0.7060 -0.0000 0.7083
vn -0.7064 -0.0000 0.7078
vn -0.7058 -0.0000 0.7084
vn -0.8661 0.4329 0.2499
vn -0.9659 0.0669 0.2500
vn -0.2590 0.0001 0.9659
vn -0.0001 0.2587 0.9659
vn -0.8660 0.3537 0.3536
vn -0.7072 0.4999 0.4999
vn -0.7070 0.6125 0.3536
vn -0.7070 0.3536 0.6125
vn -0.4999 0.8365 0.2241
vn -0.5000 0.7501 0.4330
vn -0.4999 0.7501 0.4330
vn -0.4999 0.6123 0.6125
vn -0.0001 0.9659 0.2587
vn -0.2588 0.8366 0.4829
vn -0.2587 0.8365 0.4830
vn -0.1559 0.9878 -0.0000
vn -0.1560 0.9878 -0.0000
vn -0.3081 0.9513 -0.0000
vn -0.3082 0.9513 -0.0000
vn -0.4527 0.8916 -0.0000
vn -0.4528 0.8916 -0.0000
vn -0.2589 0.9659 -0.0014
vn -0.5863 0.8101 -0.0000
vn -0.7055 0.7087 -0.0000
vn -0.8074 0.5900 -0.0000
vn -0.9499 0.3126 -0.0000
vn -0.9499 0.3125 -0.0000
vn -0.8661 0.4999 -0.0017
vn -0.9689 0.2476 -0.0000
vn -0.9854 0.1705 -0.0000
vn -0.9854 0.1704 -0.0000
vn -0.9963 0.0857 -0.0000
vn -0.9963 0.0856 -0.0000
vn -0.9963 -0.0857 -0.0000
vn -0.9963 -0.0857 -0.0001
vn -0.9854 -0.1705 -0.0000
vn -0.9854 -0.1703 0.0001
vn -0.9689 -0.2474 0.0001
vn -0.9688 -0.2480 -0.0005
vn -1.0000 -0.0005 -0.0005
vn -0.9497 -0.3131 -0.0005
vn 0.9499 -0.0000 0.3124
vn 0.9659 0.0014 0.2589
vn 0.9499 -0.0000 0.3126
vn 0.8075 -0.0000 0.5899
vn 0.8074 -0.0000 0.5901
vn 0.8660 0.0017 0.5001
vn 0.7059 -0.0000 0.7083
vn 0.8074 -0.0000 0.5900
vn 0.7060 -0.0000 0.7082
vn 0.7056 -0.0000 0.7087
vn 0.7053 -0.0000 0.7089
vn 0.7057 -0.0000 0.7085
vn 0.5862 -0.0000 0.8102
vn 0.5863 -0.0000 0.8101
vn 0.7058 0.0016 0.7084
vn 0.5865 -0.0000 0.8100
vn 0.4530 -0.0000 0.8915
vn 0.4527 -0.0000 0.8917
vn 0.4999 0.0011 0.8661
vn 0.4531 -0.0000 0.8915
vn 0.2592 -0.0000 0.9658
vn 0.3085 -0.0000 0.9512
vn 0.3080 -0.0000 0.9514
vn 0.2587 -0.0000 0.9660
vn 0.1558 -0.0000 0.9878
vn 0.1562 -0.0000 0.9877
vn 0.0002 -0.0000 1.0000
vn 0.0978 -0.0000 0.9952
vn 0.0981 -0.0000 0.9952
vn 0.0976 -0.0000 0.9952
vn 0.2583 -0.0000 0.9661
vn 0.1947 -0.0000 0.9809
vn 0.1953 -0.0000 0.9807
vn 0.3828 -0.0000 0.9238
vn 0.3826 -0.0000 0.9239
vn 0.2589 -0.0016 0.9659
vn 0.3827 -0.0000 0.9239
vn 0.5555 -0.0000 0.8315
vn 0.5556 -0.0000 0.8314
vn 0.5001 -0.0012 0.8659
vn 0.7067 -0.0000 0.7075
vn 0.7066 -0.0000 0.7076
vn 0.8314 -0.0000 0.5556
vn 0.8315 -0.0000 0.5556
vn 0.7068 -0.0013 0.7074
vn 0.9238 -0.0000 0.3828
vn 0.9239 -0.0000 0.3826
vn 0.8661 -0.0018 0.4999
vn 0.9808 -0.0000 0.1952
vn 0.9808 -0.0000 0.1950
vn 0.0983 -0.0000 0.9952
vn 0.8074 -0.0000 0.5899
vn 0.9659 -0.0000 0.2590
vn 0.7064 -0.0000 0.7079
vn 0.7064 -0.0000 0.7078
vn 0.7068 -0.0000 0.7074
vn 0.7062 -0.0000 0.7080
vn 0.7059 -0.0000 0.7084
vn 0.7063 -0.0000 0.7079
vn 0.7058 -0.0000 0.7084
vn -0.2586 -0.2499 0.9331
vn -0.2586 -0.2501 0.9330
vn -0.2586 -0.4829 0.8366
vn -0.0002 -0.2588 0.9659
vn -0.2586 -0.8366 0.4829
vn -0.2586 -0.9331 0.2500
vn -0.2589 -0.8365 0.4828
vn -0.2590 -0.6829 0.6830
vn -0.5001 -0.4329 0.7500
vn -0.2591 -0.2500 0.9330
vn -0.2591 -0.0000 0.9659
vn -0.4998 -0.0001 0.8661
vn -0.5000 -0.0000 0.8661
vn -0.7072 -0.0000 0.7071
vn -0.7072 -0.1830 0.6830
vn -0.5000 -0.7501 0.4329
vn -0.7070 -0.6125 0.3536
vn -0.7070 -0.6125 0.3537
vn -0.4999 -0.6125 0.6123
vn -0.7070 -0.5001 0.5001
vn -0.5001 -0.2242 0.8364
vn -0.7072 -0.7071 0.0001
vn -0.8659 -0.3536 0.3537
vn -0.8659 -0.2501 0.4331
vn -0.9659 -0.2589 0.0001
vn -0.9659 -0.2499 0.0669
vn -0.9239 -0.3828 -0.0000
vn -0.8660 -0.5000 -0.0018
vn -0.7071 -0.7071 -0.0017
vn -0.3828 -0.9238 -0.0000
vn -0.0669 -0.9659 0.2499
vn -0.0669 -0.9660 0.2499
vn -0.0670 -0.9659 0.2500
vn -0.1294 -0.9659 0.2241
vn -0.1294 -0.9660 0.2240
vn -0.1829 -0.9659 0.1830
vn -0.1830 -0.9659 0.1829
vn -0.2241 -0.9659 0.1294
vn -0.2499 -0.9659 0.0670
vn -0.2501 -0.9659 0.0669
vn -0.2501 -0.9659 0.0670
vn -0.4829 -0.8661 0.1293
vn -0.2501 -0.9659 0.0671
vn -0.4829 -0.8661 0.1294
vn -0.2242 -0.9659 0.1294
vn -0.2242 -0.9659 0.1295
vn -0.4829 -0.8661 0.1295
vn -0.4330 -0.8661 0.2500
vn -0.1831 -0.9659 0.1830
vn -0.1831 -0.9659 0.1831
vn -0.4329 -0.8660 0.2500
vn -0.3535 -0.8660 0.3535
vn -0.1830 -0.9659 0.1830
vn -0.3535 -0.8661 0.3535
vn -0.1295 -0.9659 0.2242
vn -0.3535 -0.8661 0.3536
vn -0.2500 -0.8660 0.4330
vn -0.1294 -0.9659 0.2242
vn -0.2500 -0.8661 0.4329
vn -0.0670 -0.9659 0.2501
vn -0.2499 -0.8661 0.4330
vn -0.1294 -0.8661 0.4829
vn -0.1294 -0.8660 0.4829
vn -0.0001 -0.9659 0.2590
vn -0.1294 -0.8660 0.4830
vn -0.1829 -0.7072 0.6830
vn -0.1830 -0.7071 0.6830
vn -0.2241 -0.5001 0.8365
vn -0.2240 -0.5001 0.8365
vn -0.2241 -0.4999 0.8366
vn -0.2499 -0.2589 0.9330
vn -0.2499 -0.2588 0.9330
vn -0.2587 -0.0001 0.9659
vn -0.2587 -0.0000 0.9659
vn -0.5001 -0.8660 0.0001
vn -0.4830 -0.8660 0.1294
vn -0.4831 -0.8660 0.1294
vn -0.6830 -0.7071 0.1829
vn -0.4830 -0.8660 0.1295
vn -0.6829 -0.7072 0.1831
vn -0.4330 -0.8660 0.2500
vn -0.4331 -0.8660 0.2500
vn -0.6830 -0.7071 0.1830
vn -0.6124 -0.7071 0.3535
vn -0.4331 -0.8660 0.2501
vn -0.6123 -0.7072 0.3536
vn -0.3536 -0.8660 0.3536
vn -0.3537 -0.8660 0.3536
vn -0.6123 -0.7071 0.3536
vn -0.5000 -0.7071 0.4999
vn -0.4999 -0.7072 0.5000
vn -0.2501 -0.8660 0.4330
vn -0.3536 -0.7072 0.6123
vn -0.2500 -0.8660 0.4331
vn -0.3535 -0.7071 0.6124
vn -0.1295 -0.8660 0.4831
vn -0.1295 -0.8660 0.4830
vn -0.3535 -0.7072 0.6124
vn -0.1830 -0.7072 0.6829
vn -0.6831 -0.7071 0.1830
vn -0.8365 -0.5001 0.2241
vn -0.6831 -0.7070 0.1831
vn -0.8365 -0.5000 0.2242
vn -0.6125 -0.7071 0.3535
vn -0.6124 -0.7071 0.3536
vn -0.8364 -0.5001 0.2242
vn -0.7499 -0.5001 0.4330
vn -0.6124 -0.7070 0.3536
vn -0.7500 -0.5000 0.4330
vn -0.5001 -0.7071 0.5000
vn -0.5001 -0.7070 0.5000
vn -0.7499 -0.5000 0.4331
vn -0.6124 -0.5000 0.6124
vn -0.5000 -0.7071 0.5001
vn -0.6123 -0.5001 0.6124
vn -0.3536 -0.7071 0.6124
vn -0.3537 -0.7070 0.6124
vn -0.4331 -0.5000 0.7499
vn -0.3534 -0.7071 0.6124
vn -0.4329 -0.5001 0.7500
vn -0.1830 -0.7071 0.6831
vn -0.1831 -0.7070 0.6831
vn -0.4330 -0.5000 0.7500
vn -0.2242 -0.5000 0.8365
vn -0.8366 -0.4999 0.2241
vn -0.8366 -0.5000 0.2241
vn -0.9330 -0.2589 0.2500
vn -0.8365 -0.4999 0.2242
vn -0.9330 -0.2589 0.2501
vn -0.7501 -0.4999 0.4330
vn -0.8365 -0.2589 0.4829
vn -0.7500 -0.4999 0.4330
vn -0.8365 -0.2588 0.4830
vn -0.6125 -0.4999 0.6123
vn -0.6124 -0.4999 0.6124
vn -0.8364 -0.2589 0.4831
vn -0.6830 -0.2589 0.6830
vn -0.6830 -0.2589 0.6831
vn -0.4331 -0.4999 0.7500
vn -0.6829 -0.2589 0.6831
vn -0.4830 -0.2589 0.8365
vn -0.4330 -0.4999 0.7500
vn -0.4829 -0.2589 0.8365
vn -0.2243 -0.5000 0.8365
vn -0.2242 -0.4999 0.8365
vn -0.2500 -0.2589 0.9330
vn -0.9331 -0.2587 0.2499
vn -0.9330 -0.2588 0.2500
vn -0.9659 -0.0001 0.2588
vn -0.8366 -0.2588 0.4829
vn -0.8366 -0.2587 0.4829
vn -0.8661 -0.0001 0.4999
vn -0.8365 -0.2588 0.4829
vn -0.6831 -0.2587 0.6829
vn -0.6830 -0.2587 0.6830
vn -0.8660 -0.0001 0.5001
vn -0.6830 -0.2587 0.6831
vn -0.7071 -0.0001 0.7072
vn -0.4830 -0.2588 0.8365
vn -0.4829 -0.2588 0.8365
vn -0.4829 -0.2587 0.8366
vn -0.5000 -0.0001 0.8661
vn -0.2501 -0.2588 0.9330
vn -0.2501 -0.2587 0.9330
vn 0.2586 0.2499 0.9331
vn 0.0001 0.2587 0.9659
vn 0.0002 0.4999 0.8661
vn 0.0001 0.7070 0.7072
vn 0.2589 0.8366 0.4828
vn 0.4999 0.8365 0.2243
vn 0.4999 0.7500 0.4330
vn 0.2589 0.8365 0.4830
vn 0.2590 0.2500 0.9330
vn 0.5001 0.4329 0.7500
vn 0.2591 0.2500 0.9329
vn 0.4998 0.0001 0.8661
vn 0.7071 0.6831 0.1829
vn 0.4999 0.7501 0.4329
vn 0.7070 0.6125 0.3537
vn 0.4999 0.6125 0.6123
vn 0.7071 0.5001 0.5000
vn 0.7072 0.6829 0.1829
vn 0.8660 0.5000 0.0001
vn 0.7072 0.1831 0.6829
vn 0.8660 0.4829 0.1294
vn 0.8661 0.4330 0.2499
vn 0.8660 0.5001 -0.0018
vn 0.5557 0.8314 -0.0000
vn 0.7071 0.7071 -0.0017
vn 0.3828 0.9238 -0.0000
vn 0.3826 0.9239 -0.0000
vn 0.1951 0.9808 -0.0000
vn 0.8661 -0.4330 0.2499
vn 0.7072 -0.1829 0.6830
vn 0.0001 -0.2587 0.9659
vn 0.7072 -0.7070 0.0001
vn 0.7072 -0.6829 0.1831
vn 0.8660 -0.3537 0.3536
vn 0.7070 -0.7072 0.0001
vn 0.5000 -0.4329 0.7501
vn 0.4999 -0.8366 0.2240
vn 0.5000 -0.6123 0.6125
vn 0.2590 -0.6829 0.6831
vn 0.2590 -0.4829 0.8365
vn 0.2587 -0.9330 0.2500
vn 0.1559 -0.9878 -0.0000
vn 0.1560 -0.9878 -0.0000
vn 0.3081 -0.9513 -0.0000
vn 0.3082 -0.9513 -0.0000
vn 0.4527 -0.8916 -0.0000
vn 0.4527 -0.8917 -0.0000
vn 0.2589 -0.9659 -0.0014
vn 0.4528 -0.8916 -0.0000
vn 0.5863 -0.8101 -0.0000
vn 0.7055 -0.7088 -0.0000
vn 0.7055 -0.7087 -0.0000
vn 0.8074 -0.5900 -0.0000
vn 0.8075 -0.5899 -0.0000
vn 0.9499 -0.3126 -0.0000
vn 0.9499 -0.3125 -0.0000
vn 0.8661 -0.4999 -0.0017
vn 0.9689 -0.2475 -0.0000
vn 0.9689 -0.2476 -0.0000
vn 0.9854 -0.1705 -0.0000
vn 0.9854 -0.1704 -0.0000
vn 0.9963 -0.0857 -0.0000
vn 0.9963 -0.0858 -0.0000
vn 0.9963 0.0857 -0.0000
vn 0.9854 0.1705 -0.0000
vn 0.9854 0.1704 -0.0001
vn 0.9689 0.2474 -0.0001
vn 0.9689 0.2476 0.0005
vn 1.0000 -0.0002 0.0006
vn 0.9498 0.3127 0.0003
vn -0.0000 -1.0000 0.0003
vn -0.0000 -1.0000 0.0002
vn -0.2499 0.2588 0.9330
vn -0.2499 0.2587 0.9330
vn -0.2500 0.2588 0.9330
vn -0.2589 0.0001 0.9659
vn -0.4829 0.2588 0.8366
vn -0.4830 0.2587 0.8365
vn -0.6830 0.2587 0.6831
vn -0.6829 0.2588 0.6832
vn -0.5000 0.0001 0.8661
vn -0.6831 0.2588 0.6829
vn -0.7072 0.0001 0.7070
vn -0.8365 0.2588 0.4830
vn -0.8365 0.2588 0.4831
vn -0.8366 0.2587 0.4829
vn -0.8661 0.0001 0.4999
vn -0.9330 0.2588 0.2501
vn -0.9330 0.2587 0.2501
vn -0.8661 0.0001 0.5000
vn -0.9330 0.2588 0.2499
vn -0.9659 0.0001 0.2588
vn -0.9659 0.2588 0.0001
vn -0.8661 0.5000 0.0001
vn -0.9330 0.2589 0.2499
vn -0.8661 0.4999 0.0001
vn -0.8366 0.4999 0.2241
vn -0.9330 0.2589 0.2500
vn -0.8365 0.5000 0.2242
vn -0.8365 0.2589 0.4829
vn -0.8365 0.4999 0.2242
vn -0.7500 0.4999 0.4330
vn -0.8365 0.2589 0.4830
vn -0.7500 0.5000 0.4331
vn -0.6830 0.2589 0.6830
vn -0.6831 0.2589 0.6829
vn -0.7500 0.4999 0.4331
vn -0.6125 0.4999 0.6124
vn -0.6829 0.2589 0.6831
vn -0.6123 0.5000 0.6124
vn -0.4830 0.2589 0.8365
vn -0.6124 0.5000 0.6124
vn -0.4331 0.5000 0.7500
vn -0.4829 0.2589 0.8365
vn -0.4330 0.5000 0.7500
vn -0.2501 0.2589 0.9330
vn -0.4330 0.4999 0.7501
vn -0.2242 0.4999 0.8365
vn -0.2499 0.2589 0.9330
vn -0.2241 0.4999 0.8366
vn -0.2241 0.5000 0.8366
vn -0.2240 0.5001 0.8365
vn -0.1829 0.7071 0.6831
vn -0.1830 0.7070 0.6831
vn -0.1829 0.7072 0.6829
vn -0.1294 0.8660 0.4830
vn -0.1294 0.8660 0.4831
vn -0.1294 0.8661 0.4829
vn -0.0670 0.9659 0.2500
vn -0.0670 0.9659 0.2501
vn -0.0001 0.9659 0.2590
vn -0.8365 0.5001 0.2241
vn -0.8365 0.5000 0.2240
vn -0.6831 0.7070 0.1830
vn -0.8365 0.5001 0.2242
vn -0.6831 0.7070 0.1831
vn -0.7500 0.5000 0.4329
vn -0.7500 0.5000 0.4330
vn -0.6830 0.7071 0.1831
vn -0.6125 0.7070 0.3535
vn -0.7500 0.5001 0.4330
vn -0.6124 0.7071 0.3536
vn -0.6124 0.5001 0.6123
vn -0.5001 0.7071 0.5000
vn -0.6123 0.5001 0.6124
vn -0.5000 0.7071 0.5001
vn -0.4331 0.5000 0.7499
vn -0.5000 0.7071 0.5000
vn -0.3537 0.7070 0.6124
vn -0.4330 0.5001 0.7500
vn -0.3536 0.7071 0.6124
vn -0.2242 0.5001 0.8365
vn -0.2242 0.5000 0.8365
vn -0.3535 0.7071 0.6124
vn -0.1830 0.7071 0.6830
vn -0.6830 0.7072 0.1830
vn -0.6830 0.7071 0.1829
vn -0.4831 0.8660 0.1294
vn -0.6829 0.7072 0.1831
vn -0.4830 0.8660 0.1295
vn -0.6123 0.7072 0.3535
vn -0.4331 0.8660 0.2500
vn -0.6123 0.7071 0.3536
vn -0.4331 0.8660 0.2501
vn -0.5000 0.7071 0.4999
vn -0.3536 0.8660 0.3536
vn -0.5000 0.7072 0.5000
vn -0.3536 0.7072 0.6123
vn -0.2500 0.8660 0.4330
vn -0.2500 0.8660 0.4331
vn -0.1830 0.7072 0.6830
vn -0.1831 0.7072 0.6830
vn -0.1295 0.8660 0.4830
vn -0.4829 0.8661 0.1293
vn -0.4829 0.8661 0.1294
vn -0.2501 0.9659 0.0670
vn -0.4330 0.8661 0.2499
vn -0.4329 0.8661 0.2500
vn -0.2501 0.9659 0.0671
vn -0.2242 0.9659 0.1294
vn -0.2242 0.9659 0.1295
vn -0.3535 0.8661 0.3535
vn -0.3536 0.8660 0.3535
vn -0.1831 0.9659 0.1831
vn -0.3534 0.8661 0.3535
vn -0.1830 0.9659 0.1831
vn -0.2499 0.8661 0.4329
vn -0.1295 0.9659 0.2242
vn -0.1294 0.9659 0.2242
vn -0.1294 0.8661 0.4828
vn -0.1294 0.8660 0.4829
vn -0.1294 0.9659 0.2243
vn -0.0671 0.9659 0.2501
vn -0.2587 0.9660 -0.0000
vn -0.2499 0.9660 0.0670
vn -0.2500 0.9659 0.0670
vn -0.2241 0.9660 0.1293
vn -0.2241 0.9660 0.1294
vn -0.1830 0.9660 0.1829
vn -0.1830 0.9659 0.1830
vn -0.1294 0.9659 0.2241
vn -0.1294 0.9660 0.2241
vn -0.0670 0.9660 0.2499
vn -0.2589 -0.2499 0.9330
vn -0.0002 -0.4999 0.8661
vn -0.2588 -0.8366 0.4829
vn -0.2589 -0.9659 0.0001
vn -0.5001 -0.0001 0.8660
vn -0.5002 -0.7499 0.4330
vn -0.7071 -0.6831 0.1831
vn -0.7072 -0.0001 0.7070
vn -0.8660 -0.1295 0.4831
vn -0.8660 -0.3537 0.3536
vn -0.7072 -0.6122 0.3536
vn -0.7072 -0.6829 0.1831
vn -0.8660 -0.4829 0.1294
vn -0.9660 -0.1830 0.1829
vn -0.0000 0.8661 0.5000
vn -0.0001 0.7072 0.7071
vn -0.0001 0.5001 0.8660
vn -0.0003 0.0001 1.0000
vn -0.5000 0.2241 0.8366
vn -0.7072 0.0001 0.7071
vn -0.7072 0.1829 0.6830
vn -0.9659 0.0670 0.2502
vn -0.2590 0.4830 0.8364
vn -0.2590 0.2500 0.9329
vn -0.7070 0.6830 0.1831
vn -0.5001 0.7499 0.4330
vn -0.7070 0.5000 0.5001
vn -0.7070 0.3537 0.6124
vn -0.7071 0.6123 0.3535
vn -0.8660 0.3535 0.3535
vn -0.9660 0.1830 0.1829
vn 0.2499 -0.2588 0.9330
vn 0.2499 -0.2587 0.9330
vn 0.2500 -0.2588 0.9330
vn 0.4829 -0.2588 0.8366
vn 0.4830 -0.2587 0.8365
vn 0.4830 -0.2588 0.8365
vn 0.6830 -0.2587 0.6831
vn 0.6829 -0.2588 0.6831
vn 0.6831 -0.2587 0.6829
vn 0.8365 -0.2587 0.4830
vn 0.8365 -0.2588 0.4830
vn 0.8366 -0.2587 0.4829
vn 0.9330 -0.2587 0.2500
vn 0.9330 -0.2587 0.2501
vn 0.9659 -0.0001 0.2589
vn 0.9330 -0.2588 0.2500
vn 0.9659 -0.0001 0.2588
vn 0.9659 -0.2588 0.0001
vn 0.9660 -0.2587 0.0001
vn 0.9659 -0.2589 0.0001
vn 0.8661 -0.4999 0.0001
vn 0.9330 -0.2589 0.2499
vn 0.8366 -0.4999 0.2241
vn 0.9330 -0.2589 0.2501
vn 0.8365 -0.4999 0.2242
vn 0.8365 -0.2589 0.4829
vn 0.8365 -0.5000 0.2242
vn 0.7500 -0.5000 0.4330
vn 0.8364 -0.2589 0.4830
vn 0.7500 -0.4999 0.4331
vn 0.6830 -0.2589 0.6830
vn 0.6831 -0.2588 0.6829
vn 0.6125 -0.4999 0.6123
vn 0.6829 -0.2589 0.6831
vn 0.6123 -0.5000 0.6124
vn 0.4830 -0.2589 0.8365
vn 0.6124 -0.5000 0.6124
vn 0.4331 -0.5000 0.7500
vn 0.4829 -0.2589 0.8365
vn 0.4330 -0.4999 0.7500
vn 0.2501 -0.2589 0.9330
vn 0.2501 -0.2588 0.9330
vn 0.4330 -0.4999 0.7501
vn 0.2242 -0.4999 0.8365
vn 0.2499 -0.2589 0.9330
vn 0.2241 -0.5000 0.8365
vn 0.2241 -0.4999 0.8366
vn 0.2242 -0.5000 0.8365
vn 0.1830 -0.7070 0.6831
vn 0.1829 -0.7071 0.6830
vn 0.1294 -0.8660 0.4831
vn 0.1294 -0.8660 0.4830
vn 0.0670 -0.9659 0.2501
vn 0.0670 -0.9659 0.2500
vn 0.8660 -0.5000 0.0001
vn 0.8365 -0.5000 0.2241
vn 0.8365 -0.5001 0.2241
vn 0.6831 -0.7071 0.1830
vn 0.8365 -0.5001 0.2242
vn 0.6831 -0.7070 0.1831
vn 0.7500 -0.5000 0.4329
vn 0.7500 -0.5001 0.4330
vn 0.6830 -0.7071 0.1831
vn 0.6124 -0.7071 0.3536
vn 0.7499 -0.5001 0.4331
vn 0.6124 -0.5000 0.6123
vn 0.6124 -0.5001 0.6123
vn 0.5001 -0.7071 0.5000
vn 0.6123 -0.5001 0.6124
vn 0.5000 -0.7071 0.5001
vn 0.4330 -0.5001 0.7499
vn 0.4331 -0.5000 0.7499
vn 0.5001 -0.7070 0.5000
vn 0.3537 -0.7070 0.6124
vn 0.4328 -0.5001 0.7501
vn 0.3534 -0.7071 0.6125
vn 0.2242 -0.5001 0.8364
vn 0.3535 -0.7071 0.6124
vn 0.1831 -0.7071 0.6830
vn 0.6830 -0.7072 0.1830
vn 0.6830 -0.7071 0.1829
vn 0.4831 -0.8660 0.1294
vn 0.6829 -0.7072 0.1831
vn 0.4830 -0.8660 0.1295
vn 0.6123 -0.7072 0.3536
vn 0.6123 -0.7072 0.3534
vn 0.4830 -0.8660 0.1294
vn 0.4331 -0.8660 0.2500
vn 0.6123 -0.7071 0.3536
vn 0.5000 -0.7071 0.4999
vn 0.5000 -0.7072 0.4999
vn 0.3536 -0.8660 0.3535
vn 0.5000 -0.7072 0.5000
vn 0.3536 -0.8660 0.3536
vn 0.3536 -0.7072 0.6123
vn 0.3535 -0.7071 0.6123
vn 0.3536 -0.8660 0.3537
vn 0.2501 -0.8660 0.4331
vn 0.3535 -0.7072 0.6123
vn 0.2500 -0.8660 0.4331
vn 0.1830 -0.7072 0.6829
vn 0.1830 -0.7071 0.6830
vn 0.1295 -0.8660 0.4830
vn 0.4829 -0.8661 0.1293
vn 0.2501 -0.9659 0.0669
vn 0.4829 -0.8661 0.1295
vn 0.2501 -0.9659 0.0671
vn 0.4330 -0.8661 0.2500
vn 0.4330 -0.8661 0.2499
vn 0.2501 -0.9659 0.0670
vn 0.2242 -0.9659 0.1294
vn 0.4329 -0.8661 0.2499
vn 0.3535 -0.8661 0.3534
vn 0.2242 -0.9659 0.1295
vn 0.1831 -0.9659 0.1831
vn 0.3534 -0.8661 0.3536
vn 0.1830 -0.9659 0.1831
vn 0.2499 -0.8661 0.4330
vn 0.2500 -0.8660 0.4330
vn 0.1295 -0.9659 0.2242
vn 0.2499 -0.8660 0.4330
vn 0.1294 -0.9659 0.2243
vn 0.1294 -0.8660 0.4829
vn 0.1294 -0.8661 0.4828
vn 0.1294 -0.9659 0.2241
vn 0.2499 -0.9659 0.0669
vn 0.2499 -0.9659 0.0670
vn 0.2241 -0.9659 0.1294
vn 0.2241 -0.9660 0.1293
vn 0.1830 -0.9659 0.1829
vn 0.1829 -0.9659 0.1830
vn 0.1294 -0.9659 0.2242
vn 0.0670 -0.9659 0.2499
vn 0.0670 0.9659 0.2499
vn 0.0670 0.9660 0.2499
vn 0.0670 0.9659 0.2500
vn 0.1294 0.9659 0.2241
vn 0.1829 0.9659 0.1830
vn 0.1830 0.9659 0.1830
vn 0.2241 0.9659 0.1294
vn 0.2241 0.9660 0.1293
vn 0.2499 0.9660 0.0670
vn 0.2500 0.9659 0.0670
vn 0.2501 0.9659 0.0670
vn 0.4829 0.8661 0.1294
vn 0.2242 0.9659 0.1294
vn 0.4329 0.8661 0.2499
vn 0.2242 0.9659 0.1295
vn 0.4330 0.8660 0.2500
vn 0.1831 0.9659 0.1830
vn 0.1831 0.9659 0.1831
vn 0.4329 0.8661 0.2500
vn 0.3535 0.8661 0.3535
vn 0.1830 0.9659 0.1831
vn 0.1295 0.9659 0.2242
vn 0.2500 0.8661 0.4329
vn 0.1294 0.9659 0.2242
vn 0.2499 0.8661 0.4330
vn 0.0670 0.9659 0.2501
vn 0.2499 0.8661 0.4329
vn 0.1294 0.8661 0.4829
vn 0.1294 0.8660 0.4829
vn 0.1294 0.8660 0.4830
vn 0.1829 0.7072 0.6830
vn 0.1829 0.7071 0.6831
vn 0.2240 0.5001 0.8365
vn 0.0001 0.7071 0.7072
vn 0.2241 0.5000 0.8365
vn 0.2241 0.4999 0.8366
vn 0.2499 0.2589 0.9330
vn 0.2499 0.2588 0.9330
vn 0.4830 0.8660 0.1294
vn 0.4831 0.8660 0.1294
vn 0.6830 0.7071 0.1830
vn 0.4830 0.8660 0.1295
vn 0.6829 0.7072 0.1831
vn 0.4331 0.8660 0.2500
vn 0.6830 0.7072 0.1830
vn 0.6124 0.7072 0.3535
vn 0.4330 0.8660 0.2501
vn 0.6123 0.7072 0.3536
vn 0.3536 0.8660 0.3536
vn 0.3537 0.8660 0.3536
vn 0.6123 0.7071 0.3536
vn 0.5000 0.7071 0.4999
vn 0.3536 0.8660 0.3537
vn 0.4999 0.7071 0.5000
vn 0.2501 0.8660 0.4331
vn 0.4999 0.7072 0.5000
vn 0.3536 0.7071 0.6123
vn 0.2500 0.8660 0.4331
vn 0.3535 0.7071 0.6124
vn 0.1295 0.8660 0.4830
vn 0.3535 0.7072 0.6124
vn 0.1830 0.7071 0.6830
vn 0.6831 0.7070 0.1830
vn 0.8365 0.5001 0.2241
vn 0.6831 0.7070 0.1831
vn 0.8365 0.5000 0.2242
vn 0.6125 0.7070 0.3535
vn 0.6124 0.7071 0.3535
vn 0.8364 0.5001 0.2242
vn 0.7500 0.5001 0.4329
vn 0.6124 0.7070 0.3536
vn 0.7500 0.5000 0.4330
vn 0.5001 0.7071 0.5000
vn 0.5000 0.7071 0.5000
vn 0.7499 0.5001 0.4330
vn 0.6124 0.5001 0.6123
vn 0.5000 0.7070 0.5000
vn 0.6123 0.5000 0.6124
vn 0.3537 0.7070 0.6124
vn 0.3536 0.7071 0.6124
vn 0.6123 0.5001 0.6124
vn 0.4330 0.5001 0.7499
vn 0.4330 0.5001 0.7500
vn 0.1831 0.7071 0.6830
vn 0.1831 0.7070 0.6831
vn 0.4330 0.5000 0.7500
vn 0.2242 0.5001 0.8365
vn 0.9659 0.2588 0.0001
vn 0.8366 0.4999 0.2241
vn 0.9330 0.2589 0.2499
vn 0.8366 0.4999 0.2242
vn 0.9330 0.2589 0.2501
vn 0.7501 0.4999 0.4330
vn 0.9330 0.2589 0.2500
vn 0.8365 0.2589 0.4829
vn 0.7501 0.4999 0.4331
vn 0.8365 0.2588 0.4830
vn 0.6125 0.4999 0.6123
vn 0.6124 0.5000 0.6124
vn 0.8365 0.2589 0.4830
vn 0.6830 0.2589 0.6830
vn 0.6124 0.4999 0.6124
vn 0.4331 0.4999 0.7500
vn 0.6829 0.2589 0.6831
vn 0.4830 0.2589 0.8365
vn 0.4829 0.2589 0.8365
vn 0.2242 0.5000 0.8365
vn 0.2242 0.4999 0.8366
vn 0.4829 0.2589 0.8366
vn 0.2500 0.2589 0.9330
vn 0.9331 0.2587 0.2499
vn 0.9330 0.2588 0.2500
vn 0.9659 0.0001 0.2588
vn 0.9330 0.2588 0.2501
vn 0.8366 0.2588 0.4829
vn 0.8366 0.2587 0.4829
vn 0.8661 -0.0000 0.5000
vn 0.8660 0.0001 0.5000
vn 0.6831 0.2588 0.6829
vn 0.6831 0.2587 0.6830
vn 0.6830 0.2587 0.6830
vn 0.4831 0.2587 0.8365
vn 0.4829 0.2588 0.8365
vn 0.7070 0.0001 0.7072
vn 0.4829 0.2588 0.8366
vn 0.2501 0.2587 0.9330
vn 0.2502 0.2588 0.9330
vn 0.0002 0.2588 0.9659
vn 0.0002 0.7070 0.7072
vn 0.0001 0.7071 0.7071
vn 0.2587 0.9331 0.2499
vn 0.2588 0.9330 0.2499
vn 0.2589 0.6829 0.6830
vn 0.4999 0.6124 0.6123
vn 0.2589 0.9330 0.2501
vn 0.7072 -0.0000 0.7071
vn 0.7072 0.1829 0.6830
vn 0.7072 0.1829 0.6829
vn 0.8660 0.1295 0.4831
vn 0.7072 0.6122 0.3536
vn 0.7072 0.6829 0.1831
vn 0.0002 -0.7071 0.7072
vn 0.2589 -0.6829 0.6831
vn 0.2586 -0.4831 0.8365
vn 0.0003 -0.0001 1.0000
vn 0.8661 -0.0001 0.5000
vn 0.4998 -0.7501 0.4331
vn 0.4999 -0.6124 0.6125
vn 0.7071 -0.7072 0.0001
vn 0.7070 -0.3537 0.6124
vn 0.8660 -0.5001 0.0001
vn 0.7072 -0.6830 0.1830
vn 0.8660 -0.3536 0.3537
vn 0.8661 -0.3534 0.3535
vn 0.8661 -0.1294 0.4828
vn 0.9659 -0.2499 0.0669
vn 0.9659 -0.0669 0.2500
vn -0.0000 0.9660 0.2586
vn -0.0000 1.0000 0.0004
vn -0.0000 -0.3608 -0.9327
vn -0.0000 -0.1286 -0.9917
vn -0.0000 -0.3609 -0.9326
vn -0.0000 -0.5724 -0.8200
vn -0.0000 -0.5725 -0.8199
vn -0.0000 -0.7511 -0.6602
vn -0.0000 -0.7512 -0.6600
vn -0.0000 -0.8867 -0.4624
vn -0.0000 -0.8866 -0.4625
vn -0.0000 -0.7512 -0.6601
vn -0.0000 -0.8867 -0.4623
vn -0.0000 -0.9712 -0.2381
vn -0.0000 -0.9713 -0.2380
vn -0.0000 -0.9713 -0.2379
vn -0.0001 0.2587 -0.9659
vn -0.0003 -0.0000 -1.0000
vn 0.0003 -0.0000 -1.0000
vn -0.0014 -0.0000 1.0000
vn 0.0014 -0.0000 1.0000
vt 0.300000 -0.287979
vt 0.000000 -0.287979
vt 0.300000 -0.314159
vt 0.000000 -0.314159
vt 0.300000 0.314159
vt 0.000000 0.314159
vt 0.300000 0.287979
vt 0.000000 0.287979
vt 0.300000 0.261799
vt 0.000000 0.261799
vt 0.300000 0.235619
vt 0.000000 0.235619
vt 0.300000 0.209440
vt 0.000000 0.209440
vt 0.300000 0.183260
vt 0.000000 0.183260
vt 0.300000 0.157080
vt 0.000000 0.157080
vt 0.300000 0.130900
vt 0.000000 0.130900
vt 0.300000 0.104720
vt 0.000000 0.104720
vt 0.300000 0.078540
vt -0.000000 0.078540
vt 0.300000 0.052360
vt -0.000000 0.052360
vt 0.300000 0.026180
vt -0.000000 0.026180
vt 0.300000 0.000000
vt 0.000000 0.000000
vt 0.300000 -0.026180
vt 0.000000 -0.026180
vt 0.300000 -0.052360
vt 0.000000 -0.052360
vt 0.300000 -0.078540
vt 0.000000 -0.078540
vt 0.300000 -0.104720
vt 0.000000 -0.104720
vt 0.300000 -0.130900
vt 0.000000 -0.130900
vt 0.300000 -0.157080
vt 0.000000 -0.157080
vt 0.300000 -0.183260
vt 0.000000 -0.183260
vt 0.300000 -0.209440
vt 0.000000 -0.209440
vt 0.300000 -0.235619
vt 0.000000 -0.235619
vt 0.300000 -0.261799
vt 0.000000 -0.261799
vt -1.593750 -0.188862
vt -1.656250 -0.188862
vt -1.600247 -0.194445
vt -1.649753 -0.194445
vt -1.607953 -0.198737
vt -1.642047 -0.198737
vt -1.616431 -0.201359
vt -1.633569 -0.201359
vt -1.625000 -0.202220
vt -0.925000 -0.078540
vt -0.125000 -0.078540
vt -0.905491 -0.058905
vt -0.525000 -0.052360
vt -0.886732 -0.039270
vt -0.525000 -0.026180
vt -0.869443 -0.019635
vt -0.525000 -0.000000
vt -0.854289 -0.000000
vt -0.841853 0.019635
vt -0.525000 0.026180
vt -0.832612 0.039270
vt -0.525000 0.052360
vt -0.826921 0.058905
vt -0.825482 0.068722
vt -0.224518 0.068722
vt -0.825000 0.078540
vt -0.225000 0.078540
vt -0.144509 -0.058905
vt -0.163268 -0.039270
vt -0.180557 -0.019635
vt -0.195711 -0.000000
vt -0.208147 0.019635
vt -0.217388 0.039270
vt -0.223079 0.058905
vt -0.618750 -0.078540
vt 0.381250 -0.078540
vt -0.599241 -0.058905
vt -0.118750 -0.052360
vt -0.580482 -0.039270
vt -0.118750 -0.026180
vt -0.563193 -0.019635
vt -0.118750 -0.000000
vt -0.548039 -0.000000
vt -0.535603 0.019635
vt -0.118750 0.026180
vt -0.526362 0.039270
vt -0.118750 0.052360
vt -0.520671 0.058905
vt -0.519232 0.068722
vt -0.518750 0.078540
vt 0.381250 0.078540
vt 0.381250 0.052360
vt 0.381250 0.026180
vt 0.381250 -0.000000
vt 0.381250 -0.026180
vt 0.381250 -0.052360
vt 0.968750 0.078540
vt 0.068750 0.078540
vt 0.969232 0.068722
vt 0.568750 0.052360
vt 0.970671 0.058905
vt 0.976362 0.039270
vt 0.568750 0.026180
vt 0.985603 0.019635
vt 0.568750 -0.000000
vt 0.998039 -0.000000
vt 1.013193 -0.019635
vt 0.568750 -0.026180
vt 1.030482 -0.039270
vt 0.568750 -0.052360
vt 1.049241 -0.058905
vt 1.068750 -0.078540
vt 0.068750 -0.078540
vt 0.068750 -0.052360
vt 0.068750 -0.026180
vt 0.068750 -0.000000
vt 0.068750 0.026180
vt 0.068750 0.052360
vt 1.543185 1.523236
vt 1.750000 1.137500
vt 1.550000 1.575000
vt 1.703553 2.021447
vt 1.543185 1.626764
vt 1.600000 1.941987
vt 1.523205 1.675000
vt 1.491421 1.716421
vt 1.479410 1.892037
vt 1.450000 1.748205
vt 1.401764 1.768185
vt 1.350000 1.875000
vt 1.350000 1.775000
vt 1.298236 1.768185
vt 1.220590 1.892037
vt 1.250000 1.748205
vt 1.208579 1.716421
vt 1.100000 1.941987
vt 1.176795 1.675000
vt 1.156815 1.626764
vt 0.996447 2.021447
vt 1.150000 1.575000
vt 0.950000 1.137500
vt 1.156815 1.523236
vt 1.176795 1.475000
vt 1.208579 1.433579
vt 1.250000 1.401795
vt 1.298236 1.381815
vt 1.350000 1.375000
vt 1.401764 1.381815
vt 1.450000 1.401795
vt 1.491421 1.433579
vt 1.523205 1.475000
vt 2.343185 2.426764
vt 2.350000 2.375000
vt 2.600000 3.100000
vt 2.343185 2.323236
vt 2.600000 0.600000
vt 2.323205 2.275000
vt 2.291421 2.233579
vt 2.250000 2.201795
vt 2.500000 0.600000
vt 2.201764 2.181815
vt 2.448236 0.593185
vt 2.400000 0.573205
vt 2.358579 0.541421
vt 2.326795 0.500000
vt 2.306815 0.451764
vt 1.750000 0.137500
vt 2.300000 0.400000
vt 2.300000 0.100000
vt 0.950000 0.137500
vt 0.400000 0.100000
vt 0.400000 0.400000
vt 0.393185 0.451764
vt 0.373205 0.500000
vt 0.341421 0.541421
vt 0.300000 0.573205
vt 0.251764 0.593185
vt 0.498236 2.181815
vt 0.200000 0.600000
vt 0.450000 2.201795
vt 0.100000 0.600000
vt 0.408579 2.233579
vt 0.376795 2.275000
vt 2.150000 2.175000
vt 2.098236 2.181815
vt 1.783013 2.125000
vt 2.050000 2.201795
vt 2.008579 2.233579
vt 1.832963 2.245590
vt 1.976795 2.275000
vt 1.956815 2.323236
vt 1.850000 2.375000
vt 1.950000 2.375000
vt 1.956815 2.426764
vt 1.832963 2.504410
vt 1.976795 2.475000
vt 2.008579 2.516421
vt 1.783013 2.625000
vt 2.050000 2.548205
vt 2.098236 2.568185
vt 2.150000 2.575000
vt 2.400000 3.300000
vt 1.703553 2.728553
vt 2.201764 2.568185
vt 2.250000 2.548205
vt 2.291421 2.516421
vt 2.323205 2.475000
vt 1.506125 3.300000
vt 1.532160 3.257571
vt 1.546909 3.210026
vt 1.549460 3.160311
vt 1.539654 3.111506
vt 1.600000 2.808013
vt 1.518098 3.066635
vt 1.486129 3.028477
vt 1.479410 2.857963
vt 1.445726 2.999397
vt 1.399393 2.981195
vt 1.350000 2.875000
vt 1.350000 2.975000
vt 1.300607 2.981195
vt 1.220590 2.857963
vt 1.254274 2.999397
vt 1.213871 3.028477
vt 1.100000 2.808013
vt 1.181902 3.066635
vt 1.160346 3.111506
vt 0.996447 2.728553
vt 1.150540 3.160311
vt 0.300000 3.300000
vt 1.153091 3.210026
vt 1.167840 3.257571
vt 1.193875 3.300000
vt 0.248236 3.293185
vt 0.100000 3.100000
vt 0.450000 2.548205
vt 0.498236 2.568185
vt 0.200000 3.273205
vt 0.158579 3.241421
vt 0.126795 3.200000
vt 0.106815 3.151764
vt 0.356815 2.323236
vt 0.350000 2.375000
vt 0.356815 2.426764
vt 2.593185 3.151764
vt 2.573205 3.200000
vt 2.541421 3.241421
vt 2.500000 3.273205
vt 2.451764 3.293185
vt 0.743185 2.426764
vt 0.750000 2.375000
vt 0.850000 2.375000
vt 0.743185 2.323236
vt 0.867037 2.245590
vt 0.723205 2.275000
vt 0.691421 2.233579
vt 0.916987 2.125000
vt 0.650000 2.201795
vt 0.601764 2.181815
vt 0.550000 2.175000
vt 0.376795 2.475000
vt 0.408579 2.516421
vt 0.550000 2.575000
vt 0.601764 2.568185
vt 0.916987 2.625000
vt 0.650000 2.548205
vt 0.691421 2.516421
vt 0.867037 2.504410
vt 0.723205 2.475000
vt 0.314159 0.033848
vt 0.287979 0.033848
vt 0.314159 0.000000
vt 0.287979 0.000000
vt 0.314159 -0.033848
vt 0.287979 -0.033848
vt 0.314159 -0.067696
vt 0.287979 -0.067696
vt 0.314159 -0.101544
vt 0.287979 -0.101544
vt 0.314159 -0.135391
vt 0.287979 -0.135391
vt 0.314159 -0.169239
vt 0.287979 -0.169239
vt 0.314159 -0.203087
vt 0.287979 -0.203087
vt 0.314159 -0.236935
vt 0.287979 -0.236935
vt 0.314159 -0.270783
vt 0.287979 -0.270783
vt 0.314159 -0.304631
vt 0.287979 -0.304631
vt 0.314159 -0.338479
vt 0.287979 -0.338479
vt 0.314159 -0.372327
vt 0.287979 -0.372327
vt 0.314159 -0.406174
vt 0.287979 -0.406174
vt 0.314159 0.406174
vt 0.287979 0.406174
vt 0.314159 0.372327
vt 0.287979 0.372327
vt 0.314159 0.338479
vt 0.287979 0.338479
vt 0.314159 0.304631
vt 0.287979 0.304631
vt 0.314159 0.270783
vt 0.287979 0.270783
vt 0.314159 0.236935
vt 0.287979 0.236935
vt 0.314159 0.203087
vt 0.287979 0.203087
vt 0.314159 0.169239
vt 0.287979 0.169239
vt 0.314159 0.135391
vt 0.287979 0.135391
vt 0.314159 0.101544
vt 0.287979 0.101544
vt 0.314159 0.067696
vt 0.287979 0.067696
vt 0.157080 -0.033848
vt 0.183260 -0.033848
vt 0.157080 0.000000
vt 0.183260 0.000000
vt 0.157080 0.033848
vt 0.183260 0.033848
vt 0.157080 0.067696
vt 0.183260 0.067696
vt 0.157080 0.101544
vt 0.183260 0.101544
vt 0.157080 0.135391
vt 0.183260 0.135391
vt 0.157080 0.169239
vt 0.183260 0.169239
vt 0.157080 0.203087
vt 0.183260 0.203087
vt 0.157080 0.236935
vt 0.183260 0.236935
vt 0.157080 0.270783
vt 0.183260 0.270783
vt 0.157080 0.304631
vt 0.183260 0.304631
vt 0.157080 0.338479
vt 0.183260 0.338479
vt 0.157080 0.372327
vt 0.183260 0.372327
vt 0.157080 0.406174
vt 0.183260 0.406174
vt 0.157080 -0.406174
vt 0.183260 -0.406174
vt 0.157080 -0.372327
vt 0.183260 -0.372327
vt 0.157080 -0.338479
vt 0.183260 -0.338479
vt 0.157080 -0.304631
vt 0.183260 -0.304631
vt 0.157080 -0.270783
vt 0.183260 -0.270783
vt 0.157080 -0.236935
vt 0.183260 -0.236935
vt 0.157080 -0.203087
vt 0.183260 -0.203087
vt 0.157080 -0.169239
vt 0.183260 -0.169239
vt 0.157080 -0.135391
vt 0.183260 -0.135391
vt 0.157080 -0.101544
vt 0.183260 -0.101544
vt 0.157080 -0.067696
vt 0.183260 -0.067696
vt 0.261799 0.406174
vt 0.261799 0.372327
vt 0.261799 0.338479
vt 0.261799 0.304631
vt 0.261799 0.270783
vt 0.261799 0.236935
vt 0.261799 0.203087
vt 0.261799 0.169239
vt 0.261799 0.135391
vt 0.261799 0.101544
vt 0.261799 0.067696
vt 0.261799 0.033848
vt 0.261799 0.000000
vt 0.261799 -0.033848
vt 0.261799 -0.067696
vt 0.261799 -0.101544
vt 0.261799 -0.135391
vt 0.261799 -0.169239
vt 0.261799 -0.203087
vt 0.261799 -0.236935
vt 0.261799 -0.270783
vt 0.261799 -0.304631
vt 0.261799 -0.338479
vt 0.261799 -0.372327
vt 0.261799 -0.406174
vt 0.235619 0.406174
vt 0.235619 0.372327
vt 0.235619 0.338479
vt 0.235619 0.304631
vt 0.235619 0.270783
vt 0.235619 0.236935
vt 0.235619 0.203087
vt 0.235619 0.169239
vt 0.235619 0.135391
vt 0.235619 0.101544
vt 0.235619 0.067696
vt 0.235619 0.033848
vt 0.235619 0.000000
vt 0.235619 -0.033848
vt 0.235619 -0.067696
vt 0.235619 -0.101544
vt 0.235619 -0.135391
vt 0.235619 -0.169239
vt 0.235619 -0.203087
vt 0.235619 -0.236935
vt 0.235619 -0.270783
vt 0.235619 -0.304631
vt 0.235619 -0.338479
vt 0.235619 -0.372327
vt 0.235619 -0.406174
vt 0.209440 0.406174
vt 0.209440 0.372327
vt 0.209440 0.338479
vt 0.209440 0.304631
vt 0.209440 0.270783
vt 0.209440 0.236935
vt 0.209440 0.203087
vt 0.209440 0.169239
vt 0.209440 0.135391
vt 0.209440 0.101544
vt 0.209440 0.067696
vt 0.209440 0.033848
vt 0.209440 0.000000
vt 0.209440 -0.033848
vt 0.209440 -0.067696
vt 0.209440 -0.101544
vt 0.209440 -0.135391
vt 0.209440 -0.169239
vt 0.209440 -0.203087
vt 0.209440 -0.236935
vt 0.209440 -0.270783
vt 0.209440 -0.304631
vt 0.209440 -0.338479
vt 0.209440 -0.372327
vt 0.209440 -0.406174
vt 0.200000 0.287979
vt 0.200000 0.314159
vt 0.200000 -0.314159
vt 0.200000 -0.287979
vt 0.200000 -0.261799
vt 0.200000 -0.235619
vt 0.200000 -0.209440
vt 0.200000 -0.183260
vt 0.200000 -0.157080
vt 0.200000 -0.130900
vt 0.200000 -0.104720
vt 0.200000 -0.078540
vt 0.200000 -0.052360
vt 0.200000 -0.026180
vt 0.200000 0.000000
vt 0.200000 0.026180
vt 0.200000 0.052360
vt 0.200000 0.078540
vt 0.200000 0.104720
vt 0.200000 0.130900
vt 0.200000 0.157080
vt 0.200000 0.183260
vt 0.200000 0.209440
vt 0.200000 0.235619
vt 0.200000 0.261799
vt 0.314159 0.112388
vt 0.287979 0.112388
vt 0.314159 -0.112388
vt 0.287979 -0.112388
vt 0.314159 -0.224775
vt 0.287979 -0.224775
vt 0.314159 -0.337163
vt 0.287979 -0.337163
vt 0.314159 -0.449551
vt 0.287979 -0.449551
vt 0.314159 -0.561938
vt 0.287979 -0.561938
vt 0.314159 -0.674326
vt 0.287979 -0.674326
vt 0.314159 -0.786714
vt 0.287979 -0.786714
vt 0.314159 -0.899101
vt 0.287979 -0.899101
vt 0.314159 -1.011489
vt 0.287979 -1.011489
vt 0.314159 -1.123877
vt 0.287979 -1.123877
vt 0.314159 -1.236264
vt 0.287979 -1.236264
vt 0.314159 -1.348652
vt 0.287979 -1.348652
vt 0.314159 1.348652
vt 0.287979 1.348652
vt 0.314159 1.236264
vt 0.287979 1.236264
vt 0.314159 1.123877
vt 0.287979 1.123877
vt 0.314159 1.011489
vt 0.287979 1.011489
vt 0.314159 0.899101
vt 0.287979 0.899101
vt 0.314159 0.786714
vt 0.287979 0.786714
vt 0.314159 0.674326
vt 0.287979 0.674326
vt 0.314159 0.561938
vt 0.287979 0.561938
vt 0.314159 0.449551
vt 0.287979 0.449551
vt 0.314159 0.337163
vt 0.287979 0.337163
vt 0.314159 0.224775
vt 0.287979 0.224775
vt 0.157080 -0.112388
vt 0.183260 -0.112388
vt 0.157080 0.112388
vt 0.183260 0.112388
vt 0.157080 0.224775
vt 0.183260 0.224775
vt 0.157080 0.337163
vt 0.183260 0.337163
vt 0.157080 0.449551
vt 0.183260 0.449551
vt 0.157080 0.561938
vt 0.183260 0.561938
vt 0.157080 0.674326
vt 0.183260 0.674326
vt 0.157080 0.786714
vt 0.183260 0.786714
vt 0.157080 0.899101
vt 0.183260 0.899101
vt 0.157080 1.011489
vt 0.183260 1.011489
vt 0.157080 1.123877
vt 0.183260 1.123877
vt 0.157080 1.236264
vt 0.183260 1.236264
vt 0.157080 1.348652
vt 0.183260 1.348652
vt 0.157080 -1.348652
vt 0.183260 -1.348652
vt 0.157080 -1.236264
vt 0.183260 -1.236264
vt 0.157080 -1.123877
vt 0.183260 -1.123877
vt 0.157080 -1.011489
vt 0.183260 -1.011489
vt 0.157080 -0.899101
vt 0.183260 -0.899101
vt 0.157080 -0.786714
vt 0.183260 -0.786714
vt 0.157080 -0.674326
vt 0.183260 -0.674326
vt 0.157080 -0.561938
vt 0.183260 -0.561938
vt 0.157080 -0.449551
vt 0.183260 -0.449551
vt 0.157080 -0.337163
vt 0.183260 -0.337163
vt 0.157080 -0.224775
vt 0.183260 -0.224775
vt 0.261799 1.348652
vt 0.261799 1.236264
vt 0.261799 1.123877
vt 0.261799 1.011489
vt 0.261799 0.899101
vt 0.261799 0.786714
vt 0.261799 0.674326
vt 0.261799 0.561938
vt 0.261799 0.449551
vt 0.261799 0.337163
vt 0.261799 0.224775
vt 0.261799 0.112388
vt 0.261799 -0.112388
vt 0.261799 -0.224775
vt 0.261799 -0.337163
vt 0.261799 -0.449551
vt 0.261799 -0.561938
vt 0.261799 -0.674326
vt 0.261799 -0.786714
vt 0.261799 -0.899101
vt 0.261799 -1.011489
vt 0.261799 -1.123877
vt 0.261799 -1.236264
vt 0.261799 -1.348652
vt 0.235619 1.348652
vt 0.235619 1.236264
vt 0.235619 1.123877
vt 0.235619 1.011489
vt 0.235619 0.899101
vt 0.235619 0.786714
vt 0.235619 0.674326
vt 0.235619 0.561938
vt 0.235619 0.449551
vt 0.235619 0.337163
vt 0.235619 0.224775
vt 0.235619 0.112388
vt 0.235619 -0.112388
vt 0.235619 -0.224775
vt 0.235619 -0.337163
vt 0.235619 -0.449551
vt 0.235619 -0.561938
vt 0.235619 -0.674326
vt 0.235619 -0.786714
vt 0.235619 -0.899101
vt 0.235619 -1.011489
vt 0.235619 -1.123877
vt 0.235619 -1.236264
vt 0.235619 -1.348652
vt 0.209440 1.348652
vt 0.209440 1.236264
vt 0.209440 1.123877
vt 0.209440 1.011489
vt 0.209440 0.899101
vt 0.209440 0.786714
vt 0.209440 0.674326
vt 0.209440 0.561938
vt 0.209440 0.449551
vt 0.209440 0.337163
vt 0.209440 0.224775
vt 0.209440 0.112388
vt 0.209440 -0.112388
vt 0.209440 -0.224775
vt 0.209440 -0.337163
vt 0.209440 -0.449551
vt 0.209440 -0.561938
vt 0.209440 -0.674326
vt 0.209440 -0.786714
vt 0.209440 -0.899101
vt 0.209440 -1.011489
vt 0.209440 -1.123877
vt 0.209440 -1.236264
vt 0.209440 -1.348652
vt 0.000000 1.151917
vt 0.200000 1.151917
vt 0.000000 1.256637
vt 0.200000 1.256637
vt 0.000000 -1.256637
vt 0.200000 -1.256637
vt 0.000000 -1.151917
vt 0.200000 -1.151917
vt 0.000000 -1.047198
vt 0.200000 -1.047198
vt 0.000000 -0.942478
vt 0.200000 -0.942478
vt 0.000000 -0.837758
vt 0.200000 -0.837758
vt 0.000000 -0.733038
vt 0.200000 -0.733038
vt 0.000000 -0.628319
vt 0.200000 -0.628319
vt 0.000000 -0.523599
vt 0.200000 -0.523599
vt 0.000000 -0.418879
vt 0.200000 -0.418879
vt 0.000000 0.418879
vt 0.200000 0.418879
vt 0.000000 0.523599
vt 0.200000 0.523599
vt 0.000000 0.628319
vt 0.200000 0.628319
vt 0.000000 0.733038
vt 0.200000 0.733038
vt 0.000000 0.837758
vt 0.200000 0.837758
vt 0.000000 0.942478
vt 0.200000 0.942478
vt 0.000000 1.047198
vt 0.200000 1.047198
vt 0.157080 -0.055023
vt 0.157080 -0.087287
vt 0.157395 -0.087713
vt 0.185204 -0.140987
vt 0.195519 -0.203087
vt 0.185204 -0.265187
vt 0.157395 -0.318461
vt 0.157080 -0.318887
vt 0.157080 -0.351151
vt 0.157080 -0.383415
vt 0.157080 0.428934
vt 0.157080 0.396670
vt 0.157080 0.364406
vt 0.157080 0.332143
vt 0.157080 0.299879
vt 0.157080 0.267615
vt 0.157080 0.235351
vt 0.157080 0.170823
vt 0.157080 0.138560
vt 0.157080 0.106296
vt 0.157080 0.074032
vt 0.157080 0.041768
vt 0.157080 0.009504
vt 0.157080 -0.022760
vt -0.518875 0.078540
vt -0.519533 0.078224
vt 0.375000 0.078540
vt -0.150000 0.052360
vt 0.375000 0.052360
vt 0.375000 0.026180
vt -0.150000 0.026180
vt 0.375000 0.000000
vt -0.150000 0.000000
vt 0.375000 -0.026180
vt -0.150000 -0.026180
vt 0.375000 -0.052360
vt -0.150000 -0.052360
vt 0.375000 -0.078540
vt -0.675000 -0.052360
vt -1.725000 -0.078540
vt -1.200000 -0.052360
vt -1.725000 -0.052360
vt -1.725000 -0.026180
vt -1.200000 -0.026180
vt -1.725000 -0.000000
vt -1.200000 -0.000000
vt -1.725000 0.026180
vt -1.200000 0.026180
vt -1.725000 0.052360
vt -1.200000 0.052360
vt -1.725000 0.078540
vt -0.830467 0.078224
vt -0.831125 0.078540
vt -0.595412 0.050415
vt -0.675000 0.040100
vt -0.675000 0.026180
vt -0.675000 0.000000
vt -0.675000 -0.026180
vt -0.754588 0.050415
vt -1.725000 0.000000
vt 4.396952 -0.287979
vt 4.196952 -0.287979
vt 4.396952 -0.314159
vt 4.196952 -0.314159
vt 4.396952 0.314159
vt 4.196952 0.314159
vt 4.396952 0.287979
vt 4.196952 0.287979
vt 4.396952 0.261799
vt 4.196952 0.261799
vt 4.396952 0.235619
vt 4.196952 0.235619
vt 4.396952 0.209440
vt 4.196952 0.209440
vt 4.396952 0.183260
vt 4.196952 0.183260
vt 4.396952 0.157080
vt 4.196952 0.157080
vt 4.396952 0.130900
vt 4.196952 0.130900
vt 4.396952 0.104720
vt 4.196952 0.104720
vt 4.396952 0.078540
vt 4.196952 0.078540
vt 4.396952 0.052360
vt 4.196952 0.052360
vt 4.396952 0.026180
vt 4.196952 0.026180
vt 4.396952 0.000000
vt 4.196952 0.000000
vt 4.396952 -0.026180
vt 4.196952 -0.026180
vt 4.396952 -0.052360
vt 4.196952 -0.052360
vt 4.396952 -0.078540
vt 4.196952 -0.078540
vt 4.396952 -0.104720
vt 4.196952 -0.104720
vt 4.396952 -0.130900
vt 4.196952 -0.130900
vt 4.396952 -0.157080
vt 4.196952 -0.157080
vt 4.396952 -0.183260
vt 4.196952 -0.183260
vt 4.396952 -0.209440
vt 4.196952 -0.209440
vt 4.396952 -0.235619
vt 4.196952 -0.235619
vt 4.396952 -0.261799
vt 4.196952 -0.261799
vt 4.396952 -1.151917
vt 4.196952 -1.151917
vt 4.396952 -1.256637
vt 4.196952 -1.256637
vt 4.396952 1.256637
vt 4.196952 1.256637
vt 4.396952 1.151917
vt 4.196952 1.151917
vt 4.396952 1.047198
vt 4.196952 1.047198
vt 4.396952 0.942478
vt 4.196952 0.942478
vt 4.396952 0.837758
vt 4.196952 0.837758
vt 4.396952 0.733038
vt 4.196952 0.733038
vt 4.396952 0.628319
vt 4.196952 0.628319
vt 4.396952 0.523599
vt 4.196952 0.523599
vt 4.396952 0.418879
vt 4.196952 0.418879
vt 4.396952 -0.418879
vt 4.196952 -0.418879
vt 4.396952 -0.523599
vt 4.196952 -0.523599
vt 4.396952 -0.628319
vt 4.196952 -0.628319
vt 4.396952 -0.733038
vt 4.196952 -0.733038
vt 4.396952 -0.837758
vt 4.196952 -0.837758
vt 4.396952 -0.942478
vt 4.196952 -0.942478
vt 4.396952 -1.047198
vt 4.196952 -1.047198
vt -1.225000 -0.078540
vt -0.425000 -0.078540
vt -1.205491 -0.058905
vt -0.825000 -0.052360
vt -1.186732 -0.039270
vt -0.825000 -0.026180
vt -1.169443 -0.019635
vt -0.825000 -0.000000
vt -1.154289 -0.000000
vt -1.141853 0.019635
vt -0.825000 0.026180
vt -1.132612 0.039270
vt -0.825000 0.052360
vt -1.126921 0.058905
vt -1.125482 0.068722
vt -0.524518 0.068722
vt -1.125000 0.078540
vt -0.525000 0.078540
vt -0.444509 -0.058905
vt -0.463268 -0.039270
vt -0.480557 -0.019635
vt -0.495711 -0.000000
vt -0.508147 0.019635
vt -0.517388 0.039270
vt -0.523079 0.058905
vt -1.068750 -0.078540
vt -0.068750 -0.078540
vt -1.049241 -0.058905
vt -0.568750 -0.052360
vt -1.030482 -0.039270
vt -0.568750 -0.026180
vt -1.013193 -0.019635
vt -0.568750 -0.000000
vt -0.998039 -0.000000
vt -0.985603 0.019635
vt -0.568750 0.026180
vt -0.976362 0.039270
vt -0.568750 0.052360
vt -0.970671 0.058905
vt -0.969232 0.068722
vt -0.968750 0.078540
vt -0.068750 0.078540
vt -0.068750 0.052360
vt -0.068750 0.026180
vt -0.068750 -0.000000
vt -0.068750 -0.026180
vt -0.068750 -0.052360
vt 0.518750 0.078540
vt -0.381250 0.078540
vt 0.519232 0.068722
vt 0.118750 0.052360
vt 0.520671 0.058905
vt 0.526362 0.039270
vt 0.118750 0.026180
vt 0.535603 0.019635
vt 0.118750 -0.000000
vt 0.548039 -0.000000
vt 0.563193 -0.019635
vt 0.118750 -0.026180
vt 0.580482 -0.039270
vt 0.118750 -0.052360
vt 0.599241 -0.058905
vt 0.618750 -0.078540
vt -0.381250 -0.078540
vt -0.381250 -0.052360
vt -0.381250 -0.026180
vt -0.381250 -0.000000
vt -0.381250 0.026180
vt -0.381250 0.052360
vt -1.625000 -0.078540
vt -1.593750 -0.046757
vt -1.684001 -0.015433
vt -1.200000 0.000173
vt -1.695872 0.000229
vt -1.706009 0.015891
vt -1.714163 0.031553
vt -1.720134 0.047216
vt -1.723776 0.062878
vt -0.675000 0.052360
vt 0.374518 0.068722
vt 0.373079 0.058905
vt 0.367388 0.039270
vt 0.358147 0.019635
vt -0.150000 0.000056
vt 0.345711 -0.000000
vt 0.330557 -0.019635
vt 0.313268 -0.039270
vt 0.294509 -0.058905
vt 0.275000 -0.078540
vt -1.656250 -0.046757
vt -0.675000 0.000115
vt -0.183260 -0.203087
vt -0.157080 -0.203087
vt -0.183260 -0.169239
vt -0.157080 -0.169239
vt -0.183260 -0.135391
vt -0.157080 -0.135391
vt -0.183260 -0.101544
vt -0.157080 -0.101544
vt -0.183260 -0.067696
vt -0.157080 -0.067696
vt -0.183260 -0.033848
vt -0.157080 -0.033848
vt -0.183260 0.000000
vt -0.157080 0.000000
vt -0.209440 0.000000
vt -0.209440 -0.033848
vt -0.209440 -0.067696
vt -0.209440 -0.101544
vt -0.209440 -0.135391
vt -0.209440 -0.169239
vt -0.209440 -0.203087
vt -0.235619 -0.169239
vt -0.235619 -0.203087
vt -0.261799 -0.169239
vt -0.261799 -0.203087
vt -0.287979 -0.169239
vt -0.287979 -0.203087
vt -0.314159 -0.169239
vt -0.314159 -0.203087
vt -0.235619 0.000000
vt -0.235619 -0.033848
vt -0.235619 -0.067696
vt -0.235619 -0.101544
vt -0.235619 -0.135391
vt -0.261799 0.000000
vt -0.261799 -0.033848
vt -0.261799 -0.067696
vt -0.261799 -0.101544
vt -0.261799 -0.135391
vt -0.287979 0.000000
vt -0.287979 -0.033848
vt -0.287979 -0.067696
vt -0.287979 -0.101544
vt -0.287979 -0.135391
vt -0.314159 0.000000
vt -0.314159 -0.033848
vt -0.314159 -0.067696
vt -0.314159 -0.101544
vt -0.314159 -0.135391
vt 0.400000 -0.078540
vt 0.001224 -0.062878
vt 0.400000 -0.052360
vt 0.004866 -0.047216
vt 0.010837 -0.031553
vt 0.400000 -0.026180
vt 0.018991 -0.015891
vt 0.400000 -0.000000
vt 0.029128 -0.000229
vt 0.040999 0.015433
vt 0.400000 0.026180
vt 0.068750 0.046757
vt 0.400000 0.052360
vt 0.074002 0.053526
vt 0.077963 0.061409
vt 0.400000 0.078540
vt 0.080348 0.069960
vt 0.100000 0.078540
vt 0.081123 0.078540
vt 0.080348 0.087120
vt 0.077963 0.095671
vt 0.074002 0.103553
vt 0.068750 0.110322
vt -0.340339 -0.203087
vt -0.340339 -0.169239
vt -0.340339 -0.135391
vt -0.340339 -0.101544
vt -0.340339 -0.067696
vt -0.340339 -0.033848
vt -0.340339 0.000000
vt -0.366519 0.000000
vt -0.366519 -0.033848
vt -0.366519 -0.067696
vt -0.366519 -0.101544
vt -0.366519 -0.135391
vt -0.366519 -0.169239
vt -0.366519 -0.203087
vt -0.392699 -0.169239
vt -0.392699 -0.203087
vt -0.418879 -0.169239
vt -0.418879 -0.203087
vt -0.445059 -0.169239
vt -0.445059 -0.203087
vt -0.471239 -0.169239
vt -0.471239 -0.203087
vt -0.392699 0.000000
vt -0.392699 -0.033848
vt -0.392699 -0.067696
vt -0.392699 -0.101544
vt -0.392699 -0.135391
vt -0.418879 0.000000
vt -0.418879 -0.033848
vt -0.418879 -0.067696
vt -0.418879 -0.101544
vt -0.418879 -0.135391
vt -0.445059 0.000000
vt -0.445059 -0.033848
vt -0.445059 -0.067696
vt -0.445059 -0.101544
vt -0.445059 -0.135391
vt -0.471239 0.000000
vt -0.471239 -0.033848
vt -0.471239 -0.067696
vt -0.471239 -0.101544
vt -0.471239 -0.135391
vt -0.100000 0.078540
vt -0.400000 0.078540
vt -0.080491 0.058905
vt -0.400000 0.052360
vt -0.061732 0.039270
vt -0.400000 0.026180
vt -0.044443 0.019635
vt -0.400000 -0.000000
vt -0.029289 -0.000000
vt -0.016853 -0.019635
vt -0.400000 -0.026180
vt -0.007612 -0.039270
vt -0.400000 -0.052360
vt -0.001921 -0.058905
vt -0.000482 -0.068722
vt -0.400000 -0.078540
vt -0.183260 0.203087
vt -0.157080 0.203087
vt -0.183260 0.236935
vt -0.157080 0.236935
vt -0.183260 0.270783
vt -0.157080 0.270783
vt -0.183260 0.304631
vt -0.157080 0.304631
vt -0.183260 0.338479
vt -0.157080 0.338479
vt -0.183260 0.372327
vt -0.157080 0.372327
vt -0.183260 0.406174
vt -0.157080 0.406174
vt -0.209440 0.406174
vt -0.209440 0.372327
vt -0.209440 0.338479
vt -0.209440 0.304631
vt -0.209440 0.270783
vt -0.209440 0.236935
vt -0.209440 0.203087
vt -0.235619 0.236935
vt -0.235619 0.203087
vt -0.261799 0.236935
vt -0.261799 0.203087
vt -0.287979 0.236935
vt -0.287979 0.203087
vt -0.314159 0.236935
vt -0.314159 0.203087
vt -0.235619 0.406174
vt -0.235619 0.372327
vt -0.235619 0.338479
vt -0.235619 0.304631
vt -0.235619 0.270783
vt -0.261799 0.406174
vt -0.261799 0.372327
vt -0.261799 0.338479
vt -0.261799 0.304631
vt -0.261799 0.270783
vt -0.287979 0.406174
vt -0.287979 0.372327
vt -0.287979 0.338479
vt -0.287979 0.304631
vt -0.287979 0.270783
vt -0.314159 0.406174
vt -0.314159 0.372327
vt -0.314159 0.338479
vt -0.314159 0.304631
vt -0.314159 0.270783
vt -2.747714 0.052360
vt -2.233864 0.052360
vt -2.747714 0.078540
vt -1.720014 0.052360
vt -1.206163 0.052360
vt -1.206163 0.026180
vt -0.692313 0.026180
vt -0.692313 -0.000000
vt -0.178463 -0.000000
vt -0.178463 -0.026180
vt 0.335388 -0.026180
vt 0.335388 -0.052360
vt 0.849238 -0.052360
vt 0.849238 -0.078540
vt -0.178463 -0.052360
vt -0.692313 -0.052360
vt -0.692313 -0.026180
vt -1.206163 -0.026180
vt -1.206163 -0.000000
vt -1.720014 -0.000000
vt -1.720014 0.026180
vt -2.233864 0.026180
vt -2.747714 0.026180
vt -2.233864 -0.000000
vt -1.720014 -0.026180
vt -1.206163 -0.052360
vt -2.747714 -0.000000
vt -2.233864 -0.026180
vt -1.720014 -0.052360
vt -2.747714 -0.078540
vt -2.747714 -0.026180
vt -2.233864 -0.052360
vt -2.747714 -0.052360
vt 0.849238 -0.026180
vt 0.335388 0.000000
vt -0.178463 0.026180
vt -0.692313 0.052360
vt 0.849238 0.000000
vt 0.335388 0.026180
vt -0.178463 0.052360
vt 0.849238 0.078540
vt 0.849238 0.026180
vt 0.335388 0.052360
vt 0.849238 0.052360
vt -3.100000 0.052360
vt -2.600000 0.052360
vt -3.100000 0.078540
vt -2.100000 0.052360
vt -1.600000 0.052360
vt -1.600000 0.026180
vt -1.100000 0.026180
vt -1.100000 -0.000000
vt -0.600000 -0.000000
vt -0.600000 -0.026180
vt -1.100000 -0.026180
vt -0.600000 -0.052360
vt -1.100000 -0.052360
vt -0.600000 -0.078540
vt -1.600000 -0.052360
vt -2.100000 -0.052360
vt -2.100000 -0.026180
vt -2.600000 -0.026180
vt -2.600000 -0.000000
vt -3.100000 -0.000000
vt -3.100000 0.026180
vt -2.600000 0.026180
vt -3.100000 -0.026180
vt -2.600000 -0.052360
vt -3.100000 -0.078540
vt -3.100000 -0.052360
vt -0.600000 0.026180
vt -1.100000 0.052360
vt -0.600000 0.078540
vt -0.600000 0.052360
vt -2.100000 0.026180
vt -2.100000 -0.000000
vt -1.600000 -0.000000
vt -1.600000 -0.026180
vt -0.000000 -0.425231
vt -0.026180 -0.425231
vt -0.000000 -0.496103
vt -0.026180 -0.496103
vt -0.000000 -0.566975
vt -0.026180 -0.566975
vt -0.000000 -0.637847
vt -0.026180 -0.637847
vt -0.000000 -0.708719
vt -0.026180 -0.708719
vt -0.000000 -0.779591
vt -0.026180 -0.779591
vt -0.000000 -0.850463
vt -0.026180 -0.850463
vt -0.052360 -0.779591
vt -0.052360 -0.850463
vt -0.078540 -0.779591
vt -0.078540 -0.850463
vt -0.104720 -0.779591
vt -0.104720 -0.850463
vt -0.130900 -0.779591
vt -0.130900 -0.850463
vt -0.157080 -0.779591
vt -0.157080 -0.850463
vt -0.052360 -0.425231
vt -0.052360 -0.496103
vt -0.052360 -0.566975
vt -0.052360 -0.637847
vt -0.052360 -0.708719
vt -0.078540 -0.425231
vt -0.078540 -0.496103
vt -0.078540 -0.566975
vt -0.078540 -0.637847
vt -0.078540 -0.708719
vt -0.104720 -0.425231
vt -0.104720 -0.496103
vt -0.104720 -0.566975
vt -0.104720 -0.637847
vt -0.104720 -0.708719
vt -0.130900 -0.425231
vt -0.130900 -0.496103
vt -0.130900 -0.566975
vt -0.130900 -0.637847
vt -0.130900 -0.708719
vt -0.157080 -0.425231
vt -0.157080 -0.496103
vt -0.157080 -0.566975
vt -0.157080 -0.637847
vt -0.157080 -0.708719
vt -0.026180 0.000000
vt -0.000000 -0.070872
vt -0.026180 -0.070872
vt -0.000000 -0.141744
vt -0.026180 -0.141744
vt -0.000000 -0.212616
vt -0.026180 -0.212616
vt -0.000000 -0.283488
vt -0.026180 -0.283488
vt -0.000000 -0.354359
vt -0.026180 -0.354359
vt -0.052360 -0.354359
vt -0.078540 -0.354359
vt -0.104720 -0.354359
vt -0.130900 -0.354359
vt -0.157080 -0.354359
vt -0.052360 0.000000
vt -0.052360 -0.070872
vt -0.052360 -0.141744
vt -0.052360 -0.212616
vt -0.052360 -0.283488
vt -0.078540 0.000000
vt -0.078540 -0.070872
vt -0.078540 -0.141744
vt -0.078540 -0.212616
vt -0.078540 -0.283488
vt -0.104720 0.000000
vt -0.104720 -0.070872
vt -0.104720 -0.141744
vt -0.104720 -0.212616
vt -0.104720 -0.283488
vt -0.130900 0.000000
vt -0.130900 -0.070872
vt -0.130900 -0.141744
vt -0.130900 -0.212616
vt -0.130900 -0.283488
vt -0.157080 -0.070872
vt -0.157080 -0.141744
vt -0.157080 -0.212616
vt -0.157080 -0.283488
vt 1.225000 -0.078540
vt 1.325000 -0.078540
vt 1.225000 -0.052360
vt 1.325000 -0.052360
vt 1.225000 -0.026180
vt 1.325000 -0.026180
vt 1.225000 -0.000000
vt 1.325000 -0.000000
vt 1.225000 0.026180
vt 1.325000 0.026180
vt 1.225000 0.052360
vt 1.325000 0.052360
vt 1.225000 0.078540
vt 1.325000 0.078540
vt -0.699238 0.052360
vt -0.185388 0.052360
vt -0.699238 0.078540
vt 0.328463 0.052360
vt 0.842313 0.052360
vt 0.842313 0.026180
vt 1.356163 0.026180
vt 1.356163 -0.000000
vt 1.870014 -0.000000
vt 1.870014 -0.026180
vt 2.383864 -0.026180
vt 2.383864 -0.052360
vt 2.897714 -0.052360
vt 2.897714 -0.078540
vt 1.870014 -0.052360
vt 1.356163 -0.052360
vt 1.356163 -0.026180
vt 0.842313 -0.026180
vt 0.842313 -0.000000
vt 0.328463 -0.000000
vt 0.328463 0.026180
vt -0.185388 0.026180
vt -0.699238 0.026180
vt -0.185388 -0.000000
vt 0.328463 -0.026180
vt 0.842313 -0.052360
vt -0.699238 -0.000000
vt -0.185388 -0.026180
vt 0.328463 -0.052360
vt -0.699238 -0.078540
vt -0.699238 -0.026180
vt -0.185388 -0.052360
vt -0.699238 -0.052360
vt 2.897714 -0.026180
vt 2.383864 0.000000
vt 1.870014 0.026180
vt 1.356163 0.052360
vt 2.897714 0.000000
vt 2.383864 0.026180
vt 1.870014 0.052360
vt 2.897714 0.078540
vt 2.897714 0.026180
vt 2.383864 0.052360
vt 2.897714 0.052360
vt 0.025000 -0.078540
vt 0.125000 -0.078540
vt 0.025000 -0.052360
vt 0.125000 -0.052360
vt 0.025000 -0.026180
vt 0.125000 -0.026180
vt 0.025000 -0.000000
vt 0.125000 -0.000000
vt 0.025000 0.026180
vt 0.125000 0.026180
vt 0.025000 0.052360
vt 0.125000 0.052360
vt 0.025000 0.078540
vt 0.125000 0.078540
vt 3.696952 0.400000
vt 0.100000 0.400000
vt 3.696952 0.000000
vt 0.100000 0.000000
vt 0.200000 -3.100000
vt 0.200000 -0.600000
vt 0.000000 -3.100000
vt 0.000000 0.002487
vt 0.206815 -0.548236
vt 0.226795 -0.500000
vt 0.258579 -0.458579
vt 0.300000 -0.426795
vt 0.348236 -0.406815
vt 0.400000 -0.400000
vt 3.996952 -0.400000
vt 4.396952 0.002487
vt 4.048716 -0.406815
vt 4.096952 -0.426795
vt 4.138374 -0.458579
vt 4.170157 -0.500000
vt 4.190137 -0.548236
vt 4.196952 -0.600000
vt 4.396952 -3.100000
vt 4.196952 -3.100000
vt -4.396952 -0.942478
vt -4.196952 -0.942478
vt -4.396952 -0.863938
vt -4.196952 -0.863938
vt -4.396952 -0.785398
vt -4.196952 -0.785398
vt -4.396952 -0.706858
vt -4.196952 -0.706858
vt -4.396952 -0.628319
vt -4.196952 -0.628319
vt -4.396952 -0.549779
vt -4.196952 -0.549779
vt -4.396952 -0.471239
vt -4.196952 -0.471239
vt 0.050000 1.050000
vt -0.150000 1.050000
vt 0.050000 -1.050000
vt -0.150000 -1.050000
vt -4.396952 -0.392699
vt -4.196952 -0.392699
vt -4.396952 -0.314159
vt -4.196952 -0.314159
vt -4.396952 -0.235619
vt -4.196952 -0.235619
vt -4.396952 -0.157080
vt -4.196952 -0.157080
vt -4.396952 -0.078540
vt -4.196952 -0.078540
vt -4.396952 0.000000
vt -4.196952 0.000000
vt -1.798476 -0.050000
vt 1.798476 -0.050000
vt -1.798476 0.050000
vt 1.798476 0.050000
vt -4.396952 0.360489
vt -2.931302 0.360489
vt -4.396952 0.432587
vt -1.465651 0.360489
vt -0.000000 0.432587
vt 0.000000 0.360489
vt 0.000000 0.288391
vt -1.465651 0.288391
vt -0.000000 0.216293
vt -1.465651 0.216293
vt 0.000000 0.144196
vt -1.465651 0.144196
vt -0.000000 0.072098
vt -1.465651 0.072098
vt -2.931302 0.072098
vt -4.396952 0.072098
vt -4.396952 0.144196
vt -2.931302 0.144196
vt -4.396952 0.216293
vt -2.931302 0.216293
vt -4.396952 0.288391
vt -2.931302 0.288391
vt 1.446593 -3.200882
vt 2.400000 -3.400000
vt 1.450000 -3.175000
vt 1.632843 -2.657843
vt 1.446593 -3.149118
vt 1.550000 -2.721410
vt 1.436603 -3.125000
vt 1.453528 -2.761370
vt 1.420711 -3.104289
vt 1.400000 -3.088397
vt 1.375882 -3.078407
vt 1.350000 -2.775000
vt 1.350000 -3.075000
vt 1.324118 -3.078407
vt 1.246472 -2.761370
vt 1.300000 -3.088397
vt 1.279289 -3.104289
vt 1.263397 -3.125000
vt 1.150000 -2.721410
vt 1.253407 -3.149118
vt 1.067157 -2.657843
vt 1.250000 -3.175000
vt 0.300000 -3.400000
vt 1.253407 -3.200882
vt 1.263397 -3.225000
vt 1.279289 -3.245711
vt 1.300000 -3.261603
vt 1.324118 -3.271593
vt 1.350000 -3.275000
vt 1.375882 -3.271593
vt 1.400000 -3.261603
vt 1.420711 -3.245711
vt 1.436603 -3.225000
vt 0.646593 -2.349118
vt 0.650000 -2.375000
vt 0.950000 -2.375000
vt 0.646593 -2.400882
vt 0.963630 -2.478528
vt 0.636603 -2.425000
vt 0.620711 -2.445711
vt 1.003590 -2.575000
vt 0.600000 -2.461603
vt 0.575882 -2.471593
vt 0.550000 -2.475000
vt 0.524118 -2.471593
vt 0.500000 -2.461603
vt 0.222354 -3.389778
vt 0.150000 -3.359808
vt 0.087868 -3.312132
vt 0.040192 -3.250000
vt 0.010222 -3.177646
vt 0.479289 -2.445711
vt 0.463397 -2.425000
vt 0.453407 -2.400882
vt 0.450000 -2.375000
vt 0.453407 -2.349118
vt 0.463397 -2.325000
vt 0.479289 -2.304289
vt 0.500000 -2.288397
vt 1.050000 -1.037500
vt 0.300000 0.300000
vt 1.050000 -0.137500
vt 1.650000 -0.137500
vt 0.524118 -2.278407
vt 0.550000 -2.275000
vt 0.575882 -2.278407
vt 0.600000 -2.288397
vt 1.003590 -2.175000
vt 1.067157 -2.092157
vt 1.250000 -1.575000
vt 1.253407 -1.549118
vt 0.620711 -2.304289
vt 0.963630 -2.271472
vt 0.636603 -2.325000
vt 2.246593 -2.349118
vt 2.250000 -2.375000
vt 2.700000 -3.100000
vt 2.246593 -2.400882
vt 2.236603 -2.425000
vt 2.220711 -2.445711
vt 2.200000 -2.461603
vt 2.175882 -2.471593
vt 2.150000 -2.475000
vt 2.124118 -2.471593
vt 1.696410 -2.575000
vt 2.100000 -2.461603
vt 2.079289 -2.445711
vt 1.736370 -2.478528
vt 2.063397 -2.425000
vt 2.053407 -2.400882
vt 1.750000 -2.375000
vt 2.050000 -2.375000
vt 2.053407 -2.349118
vt 1.736370 -2.271472
vt 2.063397 -2.325000
vt 2.079289 -2.304289
vt 1.696410 -2.175000
vt 2.100000 -2.288397
vt 2.124118 -2.278407
vt 2.150000 -2.275000
vt 1.650000 -1.037500
vt 1.632843 -2.092157
vt 2.175882 -2.278407
vt 2.200000 -2.288397
vt 2.700000 0.002487
vt 2.220711 -2.304289
vt 2.236603 -2.325000
vt 1.253407 -1.600882
vt 1.150000 -2.028590
vt 1.263397 -1.625000
vt 1.246472 -1.988630
vt 1.279289 -1.645711
vt 1.300000 -1.661603
vt 1.324118 -1.671593
vt 1.350000 -1.975000
vt 1.350000 -1.675000
vt 1.375882 -1.671593
vt 1.453528 -1.988630
vt 1.400000 -1.661603
vt 1.420711 -1.645711
vt 1.436603 -1.625000
vt 1.550000 -2.028590
vt 1.446593 -1.600882
vt 1.450000 -1.575000
vt 1.446593 -1.549118
vt 1.436603 -1.525000
vt 1.420711 -1.504289
vt 1.400000 -1.488397
vt 1.375882 -1.478407
vt 1.350000 -1.475000
vt 1.324118 -1.478407
vt 1.300000 -1.488397
vt 1.279289 -1.504289
vt 1.263397 -1.525000
vt 2.691378 0.073892
vt 2.666008 0.141194
vt 2.625348 0.200522
vt 2.571735 0.248468
vt 2.508251 0.282275
vt 2.438545 0.300000
vt 0.222354 0.289778
vt 0.150000 0.259808
vt 0.087868 0.212132
vt 0.040192 0.150000
vt 0.010222 0.077646
vt 2.477646 -3.389778
vt 2.550000 -3.359808
vt 2.612132 -3.312132
vt 2.659808 -3.250000
vt 2.689778 -3.177646
vt -4.396952 -1.021018
vt -2.931302 -1.021018
vt -1.465651 -1.021018
vt -0.000000 -1.021018
vt -0.000000 -1.099557
vt -1.465651 -1.099557
vt -0.000000 -1.178097
vt -1.465651 -1.178097
vt -1.465651 -1.256637
vt -0.000000 -1.335177
vt -1.465651 -1.335177
vt -0.000000 -1.413717
vt -2.931302 -1.335177
vt -4.396952 -1.413717
vt -4.396952 -1.335177
vt -4.396952 -1.256637
vt -2.931302 -1.256637
vt -4.396952 -1.178097
vt -2.931302 -1.178097
vt -4.396952 -1.099557
vt -2.931302 -1.099557
vt -1.088545 -2.198476
vt -0.900000 0.001524
vt -1.088545 2.198476
vt -0.896593 0.027406
vt -0.886603 0.051524
vt 1.050000 -2.198476
vt -0.000000 -0.898476
vt -0.025882 -0.895069
vt -0.050000 -0.885079
vt 1.050000 2.198476
vt 0.900000 0.001524
vt 0.896593 -0.024358
vt 0.886603 -0.048476
vt -0.000000 0.901524
vt 0.025882 0.898116
vt 0.050000 0.888126
vt -0.386370 0.105051
vt -0.703407 0.027406
vt -0.400000 0.001524
vt -0.700000 0.001524
vt -0.703407 -0.024358
vt -0.346410 0.201524
vt -0.550000 0.714921
vt -0.574118 0.704931
vt -0.713397 0.051524
vt -0.600000 0.701524
vt -0.625882 0.704931
vt -0.282843 0.284367
vt -0.513397 0.751524
vt -0.529289 0.730813
vt -0.200000 0.347934
vt -0.500000 0.801524
vt -0.503407 0.775642
vt -0.103528 0.387894
vt -0.086603 0.751524
vt -0.096593 0.775642
vt -0.100000 0.801524
vt -0.000000 0.401524
vt -0.050000 0.714921
vt -0.070711 0.730813
vt 0.103528 0.387894
vt 0.050000 0.714921
vt 0.025882 0.704931
vt -0.000000 0.701524
vt 0.200000 0.347934
vt 0.086603 0.751524
vt 0.070711 0.730813
vt 0.282843 0.284367
vt 0.500000 0.801524
vt 0.100000 0.801524
vt 0.096593 0.775642
vt 0.346410 0.201524
vt 0.513397 0.751524
vt 0.503407 0.775642
vt 0.386370 0.105051
vt 0.550000 0.714921
vt 0.529289 0.730813
vt 0.400000 0.001524
vt 0.703407 0.027406
vt 0.574118 0.704931
vt 0.386370 -0.102004
vt 0.703407 -0.024358
vt 0.700000 0.001524
vt 0.346410 -0.198476
vt 0.550000 -0.711874
vt 0.574118 -0.701884
vt 0.713397 -0.048476
vt 0.600000 -0.698476
vt 0.625882 -0.701884
vt 0.282843 -0.281319
vt 0.513397 -0.748476
vt 0.529289 -0.727766
vt 0.200000 -0.344886
vt 0.500000 -0.798476
vt 0.503407 -0.772594
vt 0.103528 -0.384847
vt 0.086603 -0.748476
vt 0.096593 -0.772594
vt 0.100000 -0.798476
vt -0.000000 -0.398476
vt 0.050000 -0.711874
vt 0.070711 -0.727766
vt -0.103528 -0.384847
vt -0.050000 -0.711874
vt -0.025882 -0.701884
vt -0.000000 -0.698476
vt -0.200000 -0.344886
vt -0.086603 -0.748476
vt -0.070711 -0.727766
vt -0.282843 -0.281319
vt -0.500000 -0.798476
vt -0.100000 -0.798476
vt -0.096593 -0.772594
vt -0.346410 -0.198476
vt -0.513397 -0.748476
vt -0.503407 -0.772594
vt -0.386370 -0.102004
vt -0.550000 -0.711874
vt -0.529289 -0.727766
vt -0.574118 -0.701884
vt -0.700000 0.801524
vt -0.870711 0.072234
vt -0.696593 0.775642
vt -0.850000 0.088126
vt -0.825882 0.098116
vt -0.686603 0.751524
vt -0.800000 0.101524
vt -0.774118 0.098116
vt -0.670711 0.730813
vt -0.750000 0.088126
vt -0.650000 0.714921
vt -0.729289 0.072234
vt -0.713397 -0.048476
vt -0.600000 -0.698476
vt -0.625882 -0.701884
vt -0.729289 -0.069187
vt -0.650000 -0.711874
vt -0.750000 -0.085079
vt -0.670711 -0.727766
vt -0.774118 -0.095069
vt -0.686603 -0.748476
vt -0.800000 -0.098476
vt -0.825882 -0.095069
vt -0.696593 -0.772594
vt -0.850000 -0.085079
vt -0.870711 -0.069187
vt -0.700000 -0.798476
vt -0.886603 -0.048476
vt -0.896593 -0.024358
vt -0.096593 0.827406
vt -0.503407 0.827406
vt -0.513397 0.851524
vt -0.086603 0.851524
vt -0.529289 0.872234
vt -0.070711 0.872234
vt -0.550000 0.888126
vt -0.050000 0.888126
vt -0.025882 0.898116
vt 0.550000 0.888126
vt 0.070711 0.872234
vt 0.529289 0.872234
vt 0.086603 0.851524
vt 0.513397 0.851524
vt 0.096593 0.827406
vt 0.503407 0.827406
vt -0.025882 0.704931
vt 0.025882 -0.701884
vt 0.096593 -0.824358
vt 0.503407 -0.824358
vt 0.513397 -0.848476
vt 0.086603 -0.848476
vt 0.529289 -0.869187
vt 0.070711 -0.869187
vt 0.550000 -0.885079
vt 0.050000 -0.885079
vt 0.025882 -0.895069
vt -0.550000 -0.885079
vt -0.070711 -0.869187
vt -0.529289 -0.869187
vt -0.086603 -0.848476
vt -0.513397 -0.848476
vt -0.096593 -0.824358
vt -0.503407 -0.824358
vt 0.713397 0.051524
vt 0.600000 0.701524
vt 0.625882 0.704931
vt 0.729289 0.072234
vt 0.650000 0.714921
vt 0.750000 0.088126
vt 0.670711 0.730813
vt 0.774118 0.098116
vt 0.686603 0.751524
vt 0.800000 0.101524
vt 0.825882 0.098116
vt 0.696593 0.775642
vt 0.850000 0.088126
vt 0.870711 0.072234
vt 0.700000 0.801524
vt 0.886603 0.051524
vt 0.896593 0.027406
vt 0.700000 -0.798476
vt 0.870711 -0.069187
vt 0.696593 -0.772594
vt 0.850000 -0.085079
vt 0.825882 -0.095069
vt 0.686603 -0.748476
vt 0.800000 -0.098476
vt 0.774118 -0.095069
vt 0.670711 -0.727766
vt 0.750000 -0.085079
vt 0.650000 -0.711874
vt 0.729289 -0.069187
vt -0.574118 -0.895069
vt -0.600000 -0.898476
vt -0.625882 -0.895069
vt -0.650000 -0.885079
vt -0.670711 -0.869187
vt -0.686603 -0.848476
vt -0.696593 -0.824358
vt 0.696593 -0.824358
vt 0.686603 -0.848476
vt 0.670711 -0.869187
vt 0.650000 -0.885079
vt 0.625882 -0.895069
vt 0.600000 -0.898476
vt 0.574118 -0.895069
vt -0.696593 0.827406
vt -0.686603 0.851524
vt -0.670711 0.872234
vt -0.650000 0.888126
vt -0.625882 0.898116
vt -0.600000 0.901524
vt -0.574118 0.898116
vt 0.574118 0.898116
vt 0.600000 0.901524
vt 0.625882 0.898116
vt 0.650000 0.888126
vt 0.670711 0.872234
vt 0.686603 0.851524
vt 0.696593 0.827406
vt -0.000000 -0.471239
vt -0.200000 -0.471239
vt -0.000000 -0.549779
vt -0.200000 -0.549779
vt -0.200000 -0.628319
vt -0.000000 -0.706858
vt -0.200000 -0.706858
vt 0.000000 -0.785398
vt -0.200000 -0.785398
vt -0.000000 -0.863938
vt -0.200000 -0.863938
vt -0.200000 -0.942478
vt -0.200000 0.000000
vt -0.200000 -0.078540
vt -0.200000 -0.157080
vt -0.200000 -0.235619
vt -0.200000 -0.314159
vt -0.000000 -0.392699
vt -0.200000 -0.392699
vt -1.050000 1.798476
vt 1.050000 1.798476
vt -1.050000 -1.798476
vt 1.050000 -1.798476
vt 0.100000 0.300000
vt -0.700000 0.300000
vt 0.074118 0.296593
vt -0.674118 0.296593
vt 0.050000 0.286603
vt -0.650000 0.286603
vt 0.029289 0.270711
vt -0.629289 0.270711
vt 0.013397 0.250000
vt -0.613397 0.250000
vt 0.003407 0.225882
vt -0.603407 0.225882
vt 0.000000 0.200000
vt -0.600000 0.200000
vt -0.700000 4.096952
vt 0.100000 4.096952
vt -0.674118 4.100360
vt 0.074118 4.100360
vt -0.650000 4.110350
vt 0.050000 4.110350
vt -0.629289 4.126242
vt 0.029289 4.126242
vt -0.613397 4.146952
vt 0.013397 4.146952
vt -0.603407 4.171070
vt 0.003407 4.171070
vt -0.600000 4.196952
vt 0.000000 4.196952
vt -0.600000 4.396952
vt 0.000000 4.396952
vt -0.900000 0.200000
vt -0.900000 0.000000
vt -0.900000 4.196952
vt -0.900000 4.396952
vt -0.050000 -1.050000
vt 0.150000 -1.050000
vt -0.050000 1.050000
vt 0.150000 1.050000
vt 0.300000 -1.151917
vt 0.300000 -1.256637
vt 0.300000 1.256637
vt 0.300000 1.151917
vt 0.300000 1.047198
vt 0.300000 0.942478
vt 0.300000 0.837758
vt 0.300000 0.733038
vt 0.300000 0.628319
vt 0.300000 0.523599
vt 0.300000 0.418879
vt 0.300000 -0.418879
vt 0.300000 -0.523599
vt 0.300000 -0.628319
vt 0.300000 -0.733038
vt 0.300000 -0.837758
vt 0.300000 -0.942478
vt 0.300000 -1.047198
vt 0.191749 0.282275
vt 0.261455 0.300000
vt 2.400000 0.300000
vt 0.128265 0.248468
vt 0.074652 0.200522
vt 0.033992 0.141194
vt 0.008622 0.073892
vt 2.700000 -0.000000
vt 2.689778 0.077646
vt 2.659808 0.150000
vt 2.612132 0.212132
vt 2.550000 0.259808
vt 2.477646 0.289778
s 0
f 2/1/1 48/2/1 1/3/2
f 1/3/2 48/2/1 25/4/2
f 1/5/3 25/6/3 24/7/4
f 24/7/4 25/6/3 26/8/4
f 24/7/5 26/8/5 23/9/6
f 23/9/6 26/8/5 27/10/6
f 23/9/7 27/10/7 22/11/8
f 22/11/8 27/10/7 28/12/8
f 22/11/9 28/12/9 21/13/10
f 21/13/11 28/12/12 29/14/11
f 21/13/13 29/14/13 20/15/14
f 20/15/14 29/14/13 30/16/14
f 20/15/15 30/16/15 19/17/16
f 19/17/16 30/16/15 31/18/16
f 19/17/17 31/18/17 18/19/18
f 18/19/18 31/18/17 32/20/18
f 18/19/19 32/20/19 17/21/20
f 17/21/20 32/20/19 33/22/20
f 17/21/21 33/22/21 16/23/22
f 16/23/22 33/22/21 34/24/22
f 16/23/23 34/24/23 15/25/24
f 15/25/24 34/24/23 35/26/24
f 15/25/25 35/26/25 14/27/26
f 14/27/26 35/26/25 36/28/26
f 14/27/27 36/28/27 13/29/28
f 13/29/28 36/28/27 37/30/28
f 13/29/29 37/30/29 12/31/30
f 12/31/30 37/30/29 38/32/30
f 12/31/31 38/32/31 11/33/32
f 11/33/32 38/32/31 39/34/32
f 11/33/33 39/34/33 10/35/34
f 10/35/34 39/34/33 40/36/34
f 10/35/35 40/36/35 9/37/36
f 9/37/36 40/36/35 41/38/36
f 9/37/37 41/38/37 8/39/38
f 8/39/38 41/38/37 42/40/38
f 8/39/39 42/40/39 7/41/40
f 7/41/40 42/40/39 43/42/40
f 7/41/41 43/42/41 6/43/42
f 6/43/42 43/42/41 44/44/42
f 6/43/43 44/44/43 5/45/44
f 5/45/44 44/44/43 45/46/44
f 5/45/45 45/46/45 4/47/46
f 4/47/47 45/46/45 46/48/47
f 4/47/48 46/48/48 3/49/49
f 3/49/49 46/48/48 47/50/49
f 3/49/50 47/50/50 2/1/51
f 2/1/51 47/50/50 48/2/51
f 50/1/1 96/2/1 49/3/2
f 49/3/2 96/2/1 73/4/2
f 49/5/3 73/6/3 72/7/4
f 72/7/4 73/6/3 74/8/4
f 72/7/5 74/8/5 71/9/6
f 71/9/6 74/8/5 75/10/6
f 71/9/7 75/10/7 70/11/8
f 70/11/8 75/10/7 76/12/8
f 70/11/9 76/12/9 69/13/10
f 69/13/11 76/12/12 77/14/11
f 69/13/13 77/14/13 68/15/14
f 68/15/14 77/14/13 78/16/14
f 68/15/52 78/16/52 67/17/16
f 67/17/16 78/16/52 79/18/16
f 67/17/17 79/18/17 66/19/53
f 66/19/53 79/18/17 80/20/53
f 66/19/19 80/20/19 65/21/20
f 65/21/20 80/20/19 81/22/20
f 65/21/21 81/22/21 64/23/54
f 64/23/55 81/22/56 82/24/55
f 64/23/57 82/24/57 63/25/24
f 63/25/24 82/24/57 83/26/24
f 63/25/25 83/26/25 62/27/26
f 62/27/26 83/26/25 84/28/26
f 62/27/27 84/28/27 61/29/28
f 61/29/28 84/28/27 85/30/28
f 61/29/29 85/30/29 60/31/30
f 60/31/30 85/30/29 86/32/30
f 60/31/31 86/32/31 59/33/32
f 59/33/32 86/32/31 87/34/32
f 59/33/33 87/34/33 58/35/34
f 58/35/34 87/34/33 88/36/34
f 58/35/58 88/36/58 57/37/59
f 57/37/36 88/36/60 89/38/36
f 57/37/37 89/38/37 56/39/38
f 56/39/38 89/38/37 90/40/38
f 56/39/61 90/40/61 55/41/40
f 55/41/40 90/40/61 91/42/40
f 55/41/41 91/42/41 54/43/62
f 54/43/62 91/42/41 92/44/62
f 54/43/43 92/44/43 53/45/44
f 53/45/44 92/44/43 93/46/44
f 53/45/45 93/46/45 52/47/46
f 52/47/47 93/46/45 94/48/47
f 52/47/48 94/48/48 51/49/49
f 51/49/49 94/48/48 95/50/49
f 51/49/50 95/50/50 50/1/51
f 50/1/51 95/50/50 96/2/51
f 98/1/1 144/2/1 97/3/2
f 97/3/2 144/2/1 121/4/2
f 97/5/3 121/6/3 120/7/4
f 120/7/4 121/6/3 122/8/4
f 120/7/5 122/8/5 119/9/63
f 119/9/63 122/8/5 123/10/63
f 119/9/7 123/10/7 118/11/8
f 118/11/8 123/10/7 124/12/8
f 118/11/9 124/12/9 117/13/10
f 117/13/11 124/12/9 125/14/11
f 117/13/13 125/14/13 116/15/14
f 116/15/14 125/14/13 126/16/14
f 116/15/15 126/16/15 115/17/16
f 115/17/16 126/16/15 127/18/16
f 115/17/17 127/18/17 114/19/18
f 114/19/18 127/18/17 128/20/18
f 114/19/19 128/20/19 113/21/20
f 113/21/20 128/20/19 129/22/20
f 113/21/21 129/22/21 112/23/22
f 112/23/22 129/22/21 130/24/22
f 112/23/23 130/24/23 111/25/24
f 111/25/24 130/24/23 131/26/24
f 111/25/64 131/26/64 110/27/26
f 110/27/26 131/26/64 132/28/26
f 110/27/27 132/28/27 109/29/28
f 109/29/28 132/28/27 133/30/28
f 109/29/29 133/30/29 108/31/30
f 108/31/30 133/30/29 134/32/30
f 108/31/31 134/32/31 107/33/32
f 107/33/32 134/32/31 135/34/32
f 107/33/33 135/34/33 106/35/34
f 106/35/34 135/34/33 136/36/34
f 106/35/35 136/36/35 105/37/36
f 105/37/36 136/36/35 137/38/36
f 105/37/37 137/38/37 104/39/38
f 104/39/38 137/38/65 138/40/38
f 104/39/66 138/40/66 103/41/40
f 103/41/67 138/40/39 139/42/67
f 103/41/41 139/42/41 102/43/62
f 102/43/68 139/42/41 140/44/68
f 102/43/43 140/44/43 101/45/69
f 101/45/44 140/44/43 141/46/44
f 101/45/45 141/46/45 100/47/46
f 100/47/47 141/46/45 142/48/47
f 100/47/48 142/48/48 99/49/49
f 99/49/49 142/48/48 143/50/49
f 99/49/50 143/50/50 98/1/51
f 98/1/51 143/50/50 144/2/51
f 146/1/1 192/2/1 145/3/2
f 145/3/2 192/2/1 169/4/2
f 145/5/3 169/6/3 168/7/4
f 168/7/4 169/6/3 170/8/4
f 168/7/5 170/8/5 167/9/6
f 167/9/6 170/8/5 171/10/6
f 167/9/7 171/10/7 166/11/8
f 166/11/8 171/10/7 172/12/8
f 166/11/9 172/12/9 165/13/10
f 165/13/11 172/12/9 173/14/11
f 165/13/13 173/14/13 164/15/14
f 164/15/14 173/14/13 174/16/14
f 164/15/52 174/16/52 163/17/16
f 163/17/16 174/16/52 175/18/16
f 163/17/17 175/18/17 162/19/53
f 162/19/53 175/18/17 176/20/53
f 162/19/19 176/20/19 161/21/20
f 161/21/20 176/20/19 177/22/20
f 161/21/56 177/22/56 160/23/55
f 160/23/55 177/22/56 178/24/55
f 160/23/57 178/24/57 159/25/24
f 159/25/70 178/24/57 179/26/70
f 159/25/64 179/26/64 158/27/26
f 158/27/26 179/26/64 180/28/26
f 158/27/27 180/28/27 157/29/28
f 157/29/28 180/28/27 181/30/28
f 157/29/29 181/30/29 156/31/30
f 156/31/30 181/30/29 182/32/30
f 156/31/31 182/32/31 155/33/32
f 155/33/32 182/32/31 183/34/32
f 155/33/33 183/34/33 154/35/34
f 154/35/34 183/34/33 184/36/34
f 154/35/58 184/36/58 153/37/59
f 153/37/36 184/36/60 185/38/36
f 153/37/37 185/38/37 152/39/38
f 152/39/38 185/38/65 186/40/38
f 152/39/66 186/40/66 151/41/40
f 151/41/40 186/40/39 187/42/40
f 151/41/67 187/42/67 150/43/62
f 150/43/68 187/42/41 188/44/68
f 150/43/43 188/44/43 149/45/69
f 149/45/44 188/44/43 189/46/44
f 149/45/45 189/46/45 148/47/46
f 148/47/47 189/46/45 190/48/47
f 148/47/48 190/48/48 147/49/49
f 147/49/49 190/48/48 191/50/49
f 147/49/50 191/50/50 146/1/51
f 146/1/51 191/50/50 192/2/51
f 201/51/71 193/52/71 200/53/72
f 200/53/73 193/52/74 194/54/73
f 200/53/75 194/54/75 199/55/76
f 199/55/77 194/54/72 195/56/77
f 199/55/78 195/56/78 198/57/79
f 198/57/80 195/56/81 196/58/80
f 198/57/82 196/58/82 197/59/83
f 202/60/84 203/61/84 221/62/85
f 221/62/86 203/61/84 223/63/87
f 221/62/88 223/63/89 220/64/90
f 220/64/91 223/63/89 222/65/92
f 220/64/91 222/65/92 219/66/93
f 219/66/93 222/65/94 224/67/95
f 219/66/96 224/67/97 218/68/97
f 218/68/98 224/67/98 217/69/99
f 217/69/100 224/67/97 225/70/101
f 217/69/99 225/70/102 216/71/103
f 216/71/103 225/70/104 226/72/105
f 216/71/103 226/72/105 215/73/106
f 215/73/107 226/72/108 214/74/109
f 214/74/110 226/72/111 211/75/110
f 214/74/112 211/75/112 213/76/113
f 213/76/114 211/75/115 212/77/114
f 203/61/116 204/78/85 223/63/87
f 223/63/89 204/78/88 205/79/90
f 223/63/89 205/79/91 222/65/92
f 222/65/92 205/79/90 206/80/117
f 222/65/94 206/80/93 224/67/95
f 224/67/118 206/80/119 207/81/118
f 224/67/97 207/81/97 208/82/99
f 224/67/97 208/82/100 225/70/101
f 225/70/102 208/82/99 209/83/103
f 225/70/104 209/83/103 226/72/105
f 226/72/111 209/83/120 210/84/121
f 226/72/108 210/84/122 211/75/112
f 203/85/16 227/86/16 204/87/123
f 204/87/124 227/86/16 234/88/15
f 204/87/125 234/88/126 205/89/127
f 205/89/128 234/88/14 235/90/13
f 205/89/128 235/90/10 206/91/129
f 206/91/130 235/90/11 236/92/12
f 206/91/131 236/92/12 207/93/12
f 207/93/8 236/92/8 208/94/132
f 208/94/133 236/92/8 237/95/7
f 208/94/134 237/95/135 209/96/136
f 209/96/137 237/95/6 238/97/5
f 209/96/138 238/97/139 210/98/140
f 210/98/141 238/97/139 211/99/142
f 211/99/142 238/97/143 212/100/144
f 212/100/3 238/97/139 233/101/3
f 233/101/3 238/97/139 232/102/139
f 232/102/5 238/97/5 231/103/6
f 231/103/6 238/97/5 237/95/6
f 231/103/7 237/95/7 230/104/8
f 230/104/12 237/95/7 236/92/12
f 230/104/9 236/92/9 229/105/11
f 229/105/11 236/92/9 235/90/11
f 229/105/13 235/90/13 228/106/14
f 228/106/14 235/90/13 234/88/14
f 228/106/15 234/88/15 227/86/16
f 213/107/145 239/108/145 214/109/146
f 214/109/146 239/108/28 246/110/27
f 214/109/146 246/110/27 215/111/147
f 215/111/148 246/110/27 216/112/149
f 216/112/150 246/110/26 247/113/25
f 216/112/151 247/113/70 217/114/152
f 217/114/153 247/113/24 248/115/57
f 217/114/154 248/115/23 218/116/23
f 218/116/55 248/115/55 219/117/155
f 219/117/156 248/115/54 249/118/21
f 219/117/157 249/118/56 220/119/158
f 220/119/159 249/118/20 250/120/19
f 220/119/160 250/120/161 221/121/162
f 221/121/163 250/120/53 202/122/17
f 202/122/17 250/120/53 245/123/17
f 245/123/17 250/120/53 244/124/53
f 244/124/19 250/120/19 243/125/20
f 243/125/20 250/120/19 249/118/20
f 243/125/21 249/118/21 242/126/55
f 242/126/55 249/118/21 248/115/55
f 242/126/23 248/115/23 241/127/24
f 241/127/24 248/115/57 247/113/24
f 241/127/25 247/113/25 240/128/26
f 240/128/26 247/113/25 246/110/26
f 240/128/164 246/110/164 239/108/28
f 252/129/116 202/130/116 251/131/116
f 251/131/116 202/130/116 377/132/116
f 251/131/116 377/132/116 274/133/116
f 274/133/116 377/132/116 378/134/116
f 274/133/116 378/134/116 273/135/116
f 273/135/116 378/134/116 272/136/116
f 272/136/116 378/134/116 379/137/116
f 272/136/116 379/137/116 271/138/116
f 271/138/116 379/137/116 270/139/116
f 270/139/116 379/137/116 380/140/116
f 270/139/116 380/140/116 269/141/116
f 269/141/116 380/140/116 268/142/116
f 268/142/116 380/140/116 381/143/116
f 268/142/116 381/143/116 267/144/116
f 267/144/116 381/143/116 266/145/116
f 266/145/116 381/143/116 382/146/116
f 266/145/116 382/146/116 265/147/116
f 265/147/116 382/146/116 264/148/116
f 264/148/116 382/146/116 383/149/116
f 264/148/116 383/149/116 263/150/116
f 263/150/116 383/149/116 203/151/116
f 263/150/116 203/151/116 262/152/116
f 262/152/116 203/151/116 261/153/116
f 261/153/116 203/151/116 260/154/116
f 260/154/116 203/151/116 259/155/116
f 259/155/116 203/151/116 258/156/116
f 258/156/116 203/151/116 257/157/116
f 257/157/116 203/151/116 202/130/116
f 257/157/116 202/130/116 256/158/116
f 256/158/116 202/130/116 255/159/116
f 255/159/116 202/130/116 254/160/116
f 254/160/116 202/130/116 253/161/116
f 253/161/116 202/130/116 252/129/116
f 298/162/116 275/163/116 343/164/116
f 343/164/116 275/163/116 276/165/116
f 343/164/116 276/165/116 342/166/116
f 342/166/116 276/165/116 277/167/116
f 342/166/116 277/167/116 278/168/116
f 278/168/116 279/169/116 342/166/116
f 342/166/116 279/169/116 341/170/116
f 341/170/116 279/169/116 280/171/116
f 341/170/116 280/171/116 340/172/116
f 340/172/116 280/171/116 202/130/116
f 340/172/116 202/130/116 339/173/116
f 339/173/116 202/130/116 338/174/116
f 338/174/116 202/130/116 337/175/116
f 337/175/116 202/130/116 336/176/116
f 336/176/116 202/130/116 245/177/116
f 336/176/116 245/177/116 335/178/116
f 335/178/116 245/177/116 334/179/116
f 334/179/116 245/177/116 227/180/116
f 334/179/116 227/180/116 333/181/116
f 333/181/116 227/180/116 332/182/116
f 332/182/116 227/180/116 331/183/116
f 331/183/116 227/180/116 203/151/116
f 331/183/116 203/151/116 330/184/116
f 330/184/116 203/151/116 329/185/116
f 329/185/116 203/151/116 328/186/116
f 328/186/116 203/151/116 327/187/116
f 327/187/116 203/151/116 357/188/116
f 327/187/116 357/188/116 326/189/116
f 326/189/116 357/188/116 358/190/116
f 326/189/116 358/190/116 325/191/116
f 325/191/116 358/190/116 359/192/116
f 325/191/116 359/192/116 360/193/116
f 280/171/116 281/194/116 202/130/116
f 202/130/116 281/194/116 282/195/116
f 202/130/116 282/195/116 377/132/116
f 377/132/116 282/195/116 376/196/116
f 376/196/116 282/195/116 283/197/116
f 376/196/116 283/197/116 284/198/116
f 376/196/116 284/198/116 375/199/116
f 375/199/116 284/198/116 285/200/116
f 375/199/116 285/200/116 286/201/116
f 375/199/116 286/201/116 374/202/116
f 374/202/116 286/201/116 287/203/116
f 374/202/116 287/203/116 288/204/116
f 374/202/116 288/204/116 397/205/116
f 397/205/116 288/204/116 289/206/116
f 397/205/116 289/206/116 290/207/116
f 397/205/116 290/207/116 396/208/116
f 396/208/116 290/207/116 291/209/116
f 396/208/116 291/209/116 292/210/116
f 293/211/116 349/212/116 292/210/116
f 292/210/116 349/212/116 395/213/116
f 292/210/116 395/213/116 396/208/116
f 293/211/116 294/214/116 349/212/116
f 349/212/116 294/214/116 295/215/116
f 349/212/116 295/215/116 343/164/116
f 343/164/116 295/215/116 296/216/116
f 343/164/116 296/216/116 297/217/116
f 297/217/116 298/162/116 343/164/116
f 299/218/116 300/219/116 349/212/116
f 349/212/116 300/219/116 301/220/116
f 349/212/116 301/220/116 302/221/116
f 349/212/116 302/221/116 395/213/116
f 395/213/116 302/221/116 303/222/116
f 395/213/116 303/222/116 394/223/116
f 394/223/116 303/222/116 304/224/116
f 394/223/116 304/224/116 305/225/116
f 394/223/116 305/225/116 393/226/116
f 393/226/116 305/225/116 306/227/116
f 393/226/116 306/227/116 307/228/116
f 393/226/116 307/228/116 392/229/116
f 392/229/116 307/228/116 308/230/116
f 392/229/116 308/230/116 309/231/116
f 392/229/116 309/231/116 391/232/116
f 391/232/116 309/231/116 310/233/116
f 391/232/116 310/233/116 311/234/116
f 391/232/116 311/234/116 390/235/116
f 390/235/116 311/234/116 312/236/116
f 390/235/116 312/236/116 313/237/116
f 390/235/116 313/237/116 389/238/116
f 389/238/116 313/237/116 314/239/116
f 389/238/116 314/239/116 318/240/116
f 318/240/116 314/239/116 315/241/116
f 318/240/116 315/241/116 316/242/116
f 316/242/116 317/243/116 318/240/116
f 319/244/116 324/245/116 318/240/116
f 318/240/116 324/245/116 366/246/116
f 318/240/116 366/246/116 367/247/116
f 319/244/116 320/248/116 324/245/116
f 324/245/116 320/248/116 321/249/116
f 324/245/116 321/249/116 322/250/116
f 322/250/116 323/251/116 324/245/116
f 325/191/116 361/252/116 324/245/116
f 324/245/116 361/252/116 362/253/116
f 324/245/116 362/253/116 363/254/116
f 344/255/116 345/256/116 343/164/116
f 343/164/116 345/256/116 346/257/116
f 343/164/116 346/257/116 347/258/116
f 347/258/116 348/259/116 343/164/116
f 343/164/116 348/259/116 349/212/116
f 373/260/116 350/261/116 386/262/116
f 386/262/116 350/261/116 351/263/116
f 386/262/116 351/263/116 385/264/116
f 385/264/116 351/263/116 352/265/116
f 385/264/116 352/265/116 353/266/116
f 385/264/116 353/266/116 384/267/116
f 384/267/116 353/266/116 354/268/116
f 384/267/116 354/268/116 355/269/116
f 356/270/116 203/151/116 355/269/116
f 355/269/116 203/151/116 383/149/116
f 355/269/116 383/149/116 384/267/116
f 356/270/116 357/188/116 203/151/116
f 360/193/116 361/252/116 325/191/116
f 363/254/116 364/271/116 324/245/116
f 324/245/116 364/271/116 365/272/116
f 324/245/116 365/272/116 366/246/116
f 367/247/116 368/273/116 318/240/116
f 318/240/116 368/273/116 369/274/116
f 318/240/116 369/274/116 389/238/116
f 389/238/116 369/274/116 388/275/116
f 388/275/116 369/274/116 370/276/116
f 388/275/116 370/276/116 371/277/116
f 388/275/116 371/277/116 387/278/116
f 387/278/116 371/277/116 372/279/116
f 387/278/116 372/279/116 373/260/116
f 387/278/116 373/260/116 386/262/116
f 399/280/165 427/281/166 398/282/28
f 398/282/167 427/281/166 436/283/168
f 398/282/28 436/283/27 421/284/169
f 421/284/170 436/283/171 537/285/172
f 421/284/173 537/285/172 420/286/174
f 420/286/175 537/285/176 532/287/177
f 420/286/178 532/287/179 419/288/180
f 419/288/181 532/287/182 527/289/183
f 419/288/184 527/289/185 418/290/186
f 418/290/187 527/289/188 522/291/189
f 418/290/190 522/291/191 417/292/192
f 417/292/193 522/291/194 517/293/195
f 417/292/196 517/293/197 416/294/114
f 416/294/198 517/293/199 512/295/200
f 416/294/201 512/295/105 415/296/202
f 415/296/203 512/295/204 507/297/205
f 415/296/206 507/297/207 414/298/208
f 414/298/208 507/297/207 502/299/209
f 414/298/210 502/299/211 413/300/212
f 413/300/213 502/299/214 497/301/215
f 413/300/216 497/301/217 412/302/218
f 412/302/219 497/301/217 492/303/220
f 412/302/221 492/303/222 411/304/223
f 411/304/223 492/303/222 487/305/224
f 411/304/225 487/305/226 410/306/227
f 410/306/144 487/305/228 422/307/4
f 410/308/229 422/309/4 409/310/230
f 409/310/231 422/309/139 482/311/232
f 409/310/233 482/311/234 408/312/235
f 408/312/236 482/311/237 477/313/238
f 408/312/239 477/313/240 407/314/241
f 407/314/242 477/313/243 472/315/244
f 407/314/245 472/315/246 406/316/247
f 406/316/248 472/315/249 467/317/250
f 406/316/251 467/317/252 405/318/253
f 405/318/254 467/317/255 462/319/256
f 405/318/257 462/319/258 404/320/259
f 404/320/260 462/319/261 457/321/262
f 404/320/263 457/321/264 403/322/265
f 403/322/265 457/321/266 452/323/267
f 403/322/268 452/323/269 402/324/270
f 402/324/271 452/323/272 447/325/273
f 402/324/274 447/325/275 401/326/276
f 401/326/277 447/325/278 442/327/279
f 401/326/280 442/327/281 400/328/282
f 400/328/283 442/327/284 437/329/285
f 400/328/286 437/329/287 399/280/288
f 399/280/289 437/329/290 427/281/291
f 274/330/17 541/331/292 251/332/17
f 251/332/17 541/331/293 432/333/161
f 251/332/17 432/333/161 252/334/17
f 252/334/17 432/333/18 431/335/294
f 252/334/17 431/335/294 253/336/17
f 253/336/17 431/335/294 441/337/295
f 253/336/296 441/337/297 254/338/296
f 254/338/17 441/337/297 446/339/298
f 254/338/299 446/339/300 255/340/116
f 255/340/299 446/339/301 451/341/302
f 255/340/299 451/341/303 256/342/299
f 256/342/299 451/341/302 456/343/304
f 256/342/299 456/343/305 257/344/299
f 257/344/299 456/343/304 461/345/306
f 257/344/299 461/345/306 258/346/299
f 258/346/299 461/345/306 466/347/307
f 258/346/299 466/347/307 259/348/299
f 259/348/299 466/347/308 471/349/309
f 259/348/310 471/349/311 260/350/299
f 260/350/299 471/349/309 476/351/312
f 260/350/16 476/351/313 261/352/116
f 261/352/310 476/351/312 481/353/314
f 261/352/16 481/353/314 262/354/16
f 262/354/16 481/353/315 486/355/316
f 262/354/16 486/355/317 263/356/16
f 263/356/16 486/355/318 426/357/126
f 263/358/16 426/359/126 264/360/16
f 264/360/16 426/359/52 491/361/319
f 264/360/16 491/361/319 265/362/16
f 265/362/16 491/361/319 496/363/320
f 265/362/84 496/363/321 266/364/84
f 266/364/16 496/363/321 501/365/322
f 266/364/84 501/365/323 267/366/84
f 267/366/16 501/365/322 506/367/324
f 267/366/84 506/367/325 268/368/84
f 268/368/84 506/367/326 511/369/327
f 268/368/84 511/369/328 269/370/84
f 269/370/84 511/369/329 516/371/87
f 269/370/84 516/371/87 270/372/84
f 270/372/84 516/371/330 521/373/331
f 270/372/84 521/373/332 271/374/84
f 271/374/84 521/373/333 526/375/334
f 271/374/116 526/375/335 272/376/84
f 272/376/84 526/375/335 531/377/336
f 272/376/17 531/377/336 273/378/17
f 273/378/17 531/377/336 536/379/337
f 273/378/116 536/379/338 274/330/17
f 274/330/17 536/379/337 541/331/339
f 422/309/340 423/380/341 482/311/342
f 482/311/343 423/380/6 483/381/344
f 482/311/345 483/381/346 477/313/347
f 477/313/347 483/381/348 478/382/349
f 477/313/350 478/382/351 472/315/352
f 472/315/353 478/382/354 473/383/355
f 472/315/356 473/383/357 467/317/358
f 467/317/359 473/383/360 468/384/361
f 467/317/362 468/384/363 462/319/364
f 462/319/365 468/384/366 463/385/367
f 462/319/258 463/385/368 457/321/369
f 457/321/369 463/385/370 458/386/371
f 457/321/372 458/386/373 452/323/374
f 452/323/374 458/386/373 453/387/375
f 452/323/376 453/387/377 447/325/378
f 447/325/379 453/387/380 448/388/381
f 447/325/382 448/388/381 442/327/383
f 442/327/383 448/388/384 443/389/385
f 442/327/386 443/389/387 437/329/388
f 437/329/285 443/389/389 438/390/390
f 437/329/388 438/390/391 427/281/392
f 427/281/393 438/390/394 428/391/395
f 427/281/396 428/391/397 436/283/398
f 436/283/26 428/391/399 435/392/25
f 436/283/398 435/392/400 537/285/401
f 537/285/172 435/392/402 538/393/403
f 537/285/404 538/393/405 532/287/406
f 532/287/407 538/393/408 533/394/409
f 532/287/410 533/394/411 527/289/412
f 527/289/412 533/394/413 528/395/414
f 527/289/415 528/395/416 522/291/417
f 522/291/189 528/395/416 523/396/418
f 522/291/419 523/396/420 517/293/421
f 517/293/195 523/396/420 518/397/422
f 517/293/423 518/397/424 512/295/425
f 512/295/426 518/397/427 513/398/428
f 512/295/429 513/398/101 507/297/430
f 507/297/431 513/398/432 508/399/433
f 507/297/434 508/399/435 502/299/436
f 502/299/437 508/399/438 503/400/439
f 502/299/440 503/400/441 497/301/442
f 497/301/443 503/400/444 498/401/445
f 497/301/446 498/401/447 492/303/448
f 492/303/449 498/401/450 493/402/451
f 492/303/452 493/402/453 487/305/454
f 487/305/454 493/402/455 488/403/456
f 487/305/457 488/403/458 422/307/5
f 422/307/459 488/403/456 423/404/460
f 423/380/461 424/405/12 483/381/462
f 483/381/463 424/405/464 484/406/465
f 483/381/466 484/406/467 478/382/468
f 478/382/469 484/406/470 479/407/471
f 478/382/354 479/407/472 473/383/355
f 473/383/473 479/407/472 474/408/474
f 473/383/475 474/408/476 468/384/477
f 468/384/478 474/408/476 469/409/479
f 468/384/480 469/409/481 463/385/482
f 463/385/483 469/409/484 464/410/485
f 463/385/486 464/410/487 458/386/488
f 458/386/373 464/410/489 459/411/490
f 458/386/491 459/411/492 453/387/375
f 453/387/493 459/411/494 454/412/495
f 453/387/380 454/412/496 448/388/381
f 448/388/497 454/412/498 449/413/499
f 448/388/381 449/413/500 443/389/385
f 443/389/501 449/413/500 444/414/502
f 443/389/389 444/414/503 438/390/390
f 438/390/504 444/414/505 439/415/506
f 438/390/390 439/415/507 428/391/508
f 428/391/509 439/415/507 429/416/510
f 428/391/511 429/416/510 435/392/512
f 435/392/400 429/416/513 434/417/23
f 435/392/514 434/417/515 538/393/516
f 538/393/517 434/417/518 539/418/519
f 538/393/520 539/418/521 533/394/522
f 533/394/522 539/418/523 534/419/524
f 533/394/525 534/419/526 528/395/527
f 528/395/414 534/419/528 529/420/529
f 528/395/530 529/420/531 523/396/532
f 523/396/533 529/420/534 524/421/535
f 523/396/536 524/421/537 518/397/538
f 518/397/538 524/421/537 519/422/539
f 518/397/424 519/422/540 513/398/541
f 513/398/542 519/422/543 514/423/544
f 513/398/104 514/423/545 508/399/433
f 508/399/433 514/423/546 509/424/547
f 508/399/548 509/424/549 503/400/550
f 503/400/551 509/424/552 504/425/553
f 503/400/554 504/425/555 498/401/556
f 498/401/556 504/425/555 499/426/557
f 498/401/558 499/426/559 493/402/453
f 493/402/560 499/426/561 494/427/562
f 493/402/563 494/427/564 488/403/565
f 488/403/566 494/427/567 489/428/568
f 488/403/569 489/428/570 423/404/571
f 423/404/572 489/428/570 424/429/573
f 424/405/12 425/430/11 484/406/574
f 484/406/470 425/430/575 485/431/576
f 484/406/577 485/431/578 479/407/579
f 479/407/580 485/431/581 480/432/582
f 479/407/579 480/432/583 474/408/584
f 474/408/585 480/432/586 475/433/587
f 474/408/588 475/433/589 469/409/590
f 469/409/590 475/433/591 470/434/592
f 469/409/484 470/434/593 464/410/487
f 464/410/485 470/434/594 465/435/595
f 464/410/596 465/435/597 459/411/598
f 459/411/599 465/435/597 460/436/600
f 459/411/598 460/436/601 454/412/602
f 454/412/602 460/436/603 455/437/604
f 454/412/605 455/437/606 449/413/607
f 449/413/607 455/437/606 450/438/608
f 449/413/609 450/438/610 444/414/611
f 444/414/612 450/438/613 445/439/614
f 444/414/615 445/439/616 439/415/617
f 439/415/618 445/439/619 440/440/620
f 439/415/507 440/440/621 429/416/622
f 429/416/622 440/440/620 430/441/623
f 429/416/510 430/441/624 434/417/625
f 434/417/626 430/441/627 433/442/628
f 434/417/515 433/442/629 539/418/521
f 539/418/521 433/442/21 540/443/630
f 539/418/631 540/443/630 534/419/632
f 534/419/633 540/443/634 535/444/635
f 534/419/636 535/444/637 529/420/638
f 529/420/639 535/444/640 530/445/641
f 529/420/642 530/445/643 524/421/644
f 524/421/535 530/445/645 525/446/646
f 524/421/647 525/446/648 519/422/649
f 519/422/650 525/446/651 520/447/652
f 519/422/653 520/447/654 514/423/655
f 514/423/544 520/447/656 515/448/657
f 514/423/95 515/448/658 509/424/659
f 509/424/660 515/448/661 510/449/662
f 509/424/663 510/449/664 504/425/665
f 504/425/666 510/449/667 505/450/668
f 504/425/665 505/450/669 499/426/670
f 499/426/671 505/450/672 500/451/673
f 499/426/674 500/451/673 494/427/675
f 494/427/675 500/451/673 495/452/676
f 494/427/677 495/452/678 489/428/679
f 489/428/680 495/452/681 490/453/682
f 489/428/683 490/453/684 424/429/685
f 424/429/686 490/453/687 425/454/10
f 425/430/13 426/357/14 485/431/688
f 485/431/689 426/357/14 486/355/690
f 485/431/689 486/355/318 480/432/583
f 480/432/691 486/355/692 481/353/693
f 480/432/583 481/353/694 475/433/695
f 475/433/696 481/353/694 476/351/697
f 475/433/698 476/351/312 470/434/699
f 470/434/700 476/351/701 471/349/702
f 470/434/700 471/349/703 465/435/704
f 465/435/705 471/349/706 466/347/707
f 465/435/705 466/347/707 460/436/708
f 460/436/708 466/347/709 461/345/710
f 460/436/708 461/345/710 455/437/711
f 455/437/712 461/345/710 456/343/713
f 455/437/712 456/343/713 450/438/714
f 450/438/610 456/343/715 451/341/716
f 450/438/717 451/341/718 445/439/719
f 445/439/719 451/341/718 446/339/720
f 445/439/721 446/339/722 440/440/723
f 440/440/724 446/339/722 441/337/725
f 440/440/726 441/337/727 430/441/728
f 430/441/728 441/337/729 431/335/730
f 430/441/731 431/335/730 433/442/20
f 433/442/20 431/335/730 432/333/19
f 433/442/20 432/333/19 540/443/732
f 540/443/732 432/333/19 541/331/733
f 540/443/732 541/331/293 535/444/734
f 535/444/735 541/331/733 536/379/736
f 535/444/737 536/379/738 530/445/643
f 530/445/739 536/379/738 531/377/740
f 530/445/643 531/377/741 525/446/742
f 525/446/743 531/377/744 526/375/745
f 525/446/648 526/375/746 520/447/747
f 520/447/748 526/375/746 521/373/749
f 520/447/750 521/373/751 515/448/92
f 515/448/92 521/373/752 516/371/89
f 515/448/92 516/371/89 510/449/753
f 510/449/754 516/371/89 511/369/755
f 510/449/756 511/369/755 505/450/757
f 505/450/669 511/369/758 506/367/759
f 505/450/760 506/367/761 500/451/762
f 500/451/762 506/367/761 501/365/763
f 500/451/764 501/365/765 495/452/766
f 495/452/766 501/365/765 496/363/767
f 495/452/768 496/363/769 490/453/770
f 490/453/771 496/363/772 491/361/773
f 490/453/770 491/361/774 425/454/13
f 425/454/10 491/361/773 426/359/14
f 543/8/288 399/455/288 542/6/775
f 542/6/145 399/455/776 398/456/145
f 542/4/145 398/457/145 565/2/777
f 565/2/778 398/457/779 421/458/778
f 565/2/778 421/458/778 564/50/175
f 564/50/780 421/458/781 420/459/780
f 564/50/780 420/459/780 563/48/782
f 563/48/782 420/459/780 419/460/782
f 563/48/783 419/460/783 562/46/784
f 562/46/785 419/460/786 418/461/785
f 562/46/787 418/461/787 561/44/788
f 561/44/788 418/461/789 417/462/788
f 561/44/790 417/462/790 560/42/791
f 560/42/791 417/462/790 416/463/791
f 560/42/792 416/463/792 559/40/793
f 559/40/793 416/463/792 415/464/793
f 559/40/794 415/464/794 558/38/795
f 558/38/796 415/464/794 414/465/796
f 558/38/210 414/465/210 557/36/212
f 557/36/212 414/465/210 413/466/212
f 557/36/216 413/466/216 556/34/218
f 556/34/218 413/466/216 412/467/218
f 556/34/797 412/467/797 555/32/798
f 555/32/798 412/467/797 411/468/798
f 555/32/799 411/468/799 554/30/800
f 554/30/800 411/468/801 410/469/800
f 554/30/802 410/469/802 553/28/803
f 553/28/804 410/469/802 409/470/804
f 553/28/233 409/470/233 552/26/236
f 552/26/236 409/470/233 408/471/236
f 552/26/235 408/471/235 551/24/805
f 551/24/805 408/471/235 407/472/805
f 551/24/245 407/472/245 550/22/247
f 550/22/247 407/472/245 406/473/247
f 550/22/806 406/473/806 549/20/807
f 549/20/807 406/473/808 405/474/807
f 549/20/809 405/474/809 548/18/810
f 548/18/810 405/474/809 404/475/810
f 548/18/811 404/475/811 547/16/812
f 547/16/813 404/475/811 403/476/813
f 547/16/814 403/476/814 546/14/815
f 546/14/816 403/476/814 402/477/816
f 546/14/817 402/477/817 545/12/818
f 545/12/819 402/477/820 401/478/819
f 545/12/821 401/478/821 544/10/822
f 544/10/822 401/478/821 400/479/822
f 544/10/822 400/479/822 543/8/823
f 543/8/288 400/479/286 399/455/288
f 567/480/824 595/481/825 566/282/826
f 566/282/826 595/481/827 604/283/828
f 566/282/829 604/283/830 589/482/778
f 589/482/173 604/283/171 705/483/172
f 589/482/781 705/483/831 588/484/174
f 588/484/832 705/483/176 700/485/177
f 588/484/780 700/485/833 587/486/782
f 587/486/834 700/485/182 695/487/183
f 587/486/834 695/487/835 586/488/836
f 586/488/187 695/487/188 690/489/837
f 586/488/785 690/489/838 585/490/788
f 585/490/788 690/489/838 685/491/839
f 585/490/840 685/491/841 584/492/791
f 584/492/842 685/491/197 680/493/843
f 584/492/844 680/493/845 583/494/846
f 583/494/847 680/493/848 675/495/849
f 583/494/794 675/495/850 582/496/795
f 582/496/851 675/495/849 670/497/436
f 582/496/210 670/497/211 581/498/852
f 581/498/853 670/497/854 665/499/855
f 581/498/856 665/499/857 580/500/858
f 580/500/218 665/499/217 660/501/220
f 580/500/218 660/501/222 579/502/223
f 579/502/798 660/501/859 655/503/860
f 579/502/225 655/503/861 578/504/227
f 578/504/3 655/503/861 590/505/4
f 578/506/229 590/507/862 577/508/863
f 577/508/863 590/507/864 650/509/237
f 577/508/865 650/509/866 576/510/867
f 576/510/235 650/509/234 645/511/350
f 576/510/239 645/511/243 575/512/868
f 575/512/869 645/511/243 640/513/244
f 575/512/241 640/513/246 574/514/870
f 574/514/871 640/513/872 635/515/873
f 574/514/874 635/515/255 573/516/254
f 573/516/875 635/515/876 630/517/877
f 573/516/878 630/517/879 572/518/260
f 572/518/880 630/517/881 625/519/882
f 572/518/880 625/519/883 571/520/813
f 571/520/884 625/519/264 620/521/885
f 571/520/886 620/521/887 570/522/888
f 570/522/889 620/521/272 615/523/890
f 570/522/817 615/523/891 569/524/280
f 569/524/277 615/523/892 610/525/279
f 569/524/893 610/525/894 568/526/895
f 568/526/896 610/525/386 605/527/388
f 568/526/896 605/527/290 567/480/289
f 567/480/897 605/527/287 595/481/291
f 397/528/17 709/529/293 374/332/17
f 374/332/17 709/529/898 600/333/18
f 374/332/17 600/333/161 375/530/17
f 375/530/17 600/333/161 599/531/899
f 375/530/17 599/531/294 376/532/17
f 376/532/17 599/531/900 609/533/297
f 376/532/299 609/533/297 377/534/17
f 377/534/116 609/533/297 614/535/298
f 377/534/299 614/535/298 378/536/299
f 378/536/299 614/535/298 619/537/302
f 378/536/299 619/537/302 379/538/299
f 379/538/299 619/537/302 624/539/304
f 379/538/299 624/539/713 380/540/299
f 380/540/299 624/539/304 629/541/306
f 380/540/299 629/541/306 381/542/299
f 381/542/116 629/541/901 634/543/308
f 381/542/299 634/543/308 382/544/299
f 382/544/299 634/543/707 639/545/309
f 382/544/310 639/545/311 383/546/310
f 383/546/299 639/545/309 644/547/312
f 383/546/16 644/547/312 384/548/16
f 384/548/16 644/547/313 649/549/902
f 384/548/16 649/549/315 385/550/16
f 385/550/16 649/549/314 654/551/903
f 385/550/16 654/551/318 386/552/16
f 386/552/16 654/551/903 594/553/126
f 386/554/16 594/555/126 387/556/16
f 387/556/16 594/555/126 659/557/774
f 387/556/16 659/557/319 388/558/16
f 388/558/16 659/557/319 664/559/904
f 388/558/16 664/559/321 389/560/905
f 389/560/16 664/559/321 669/561/322
f 389/560/905 669/561/322 390/562/905
f 390/562/84 669/561/323 674/563/906
f 390/562/84 674/563/324 391/564/84
f 391/564/84 674/563/324 679/565/329
f 391/564/84 679/565/755 392/566/84
f 392/566/84 679/565/327 684/567/330
f 392/566/84 684/567/330 393/568/84
f 393/568/84 684/567/87 689/569/751
f 393/568/84 689/569/332 394/570/84
f 394/570/84 689/569/333 694/571/907
f 394/570/908 694/571/907 395/572/908
f 395/572/84 694/571/335 699/573/336
f 395/572/908 699/573/336 396/574/908
f 396/574/116 699/573/909 704/575/910
f 396/574/17 704/575/338 397/528/17
f 397/528/17 704/575/338 709/529/898
f 590/507/5 591/576/911 650/509/343
f 650/509/912 591/576/913 651/577/914
f 650/509/912 651/577/466 645/511/915
f 645/511/915 651/577/466 646/578/916
f 645/511/243 646/578/917 640/513/244
f 640/513/249 646/578/918 641/579/473
f 640/513/919 641/579/920 635/515/921
f 635/515/922 641/579/475 636/580/363
f 635/515/923 636/580/366 630/517/365
f 630/517/924 636/580/363 631/581/483
f 630/517/925 631/581/926 625/519/369
f 625/519/927 631/581/926 626/582/373
f 625/519/883 626/582/928 620/521/376
f 620/521/929 626/582/930 621/583/931
f 620/521/932 621/583/933 615/523/934
f 615/523/275 621/583/935 616/584/936
f 615/523/937 616/584/384 610/525/938
f 610/525/939 616/584/381 611/585/385
f 610/525/940 611/585/941 605/527/388
f 605/527/285 611/585/942 606/586/391
f 605/527/943 606/586/390 595/481/393
f 595/481/944 606/586/390 596/587/508
f 595/481/393 596/587/945 604/283/26
f 604/283/398 596/587/946 603/392/947
f 604/283/948 603/392/402 705/483/172
f 705/483/949 603/392/402 706/588/403
f 705/483/404 706/588/950 700/485/951
f 700/485/951 706/588/950 701/589/952
f 700/485/410 701/589/411 695/487/953
f 695/487/183 701/589/411 696/590/954
f 695/487/955 696/590/956 690/489/957
f 690/489/189 696/590/958 691/591/532
f 690/489/959 691/591/536 685/491/960
f 685/491/195 691/591/420 686/592/422
f 685/491/423 686/592/424 680/493/843
f 680/493/111 686/592/427 681/593/428
f 680/493/111 681/593/961 675/495/962
f 675/495/962 681/593/961 676/594/963
f 675/495/207 676/594/438 670/497/437
f 670/497/964 676/594/965 671/595/551
f 670/497/854 671/595/966 665/499/855
f 665/499/855 671/595/966 666/596/967
f 665/499/442 666/596/447 660/501/448
f 660/501/449 666/596/450 661/597/451
f 660/501/452 661/597/453 655/503/968
f 655/503/454 661/597/455 656/598/969
f 655/503/968 656/598/970 590/505/971
f 590/505/5 656/598/970 591/599/63
f 591/576/135 592/600/8 651/577/463
f 651/577/972 592/600/973 652/601/974
f 651/577/975 652/601/976 646/578/916
f 646/578/916 652/601/976 647/602/977
f 646/578/916 647/602/472 641/579/473
f 641/579/473 647/602/977 642/603/474
f 641/579/360 642/603/978 636/580/361
f 636/580/477 642/603/979 637/604/980
f 636/580/363 637/604/980 631/581/483
f 631/581/483 637/604/484 632/605/981
f 631/581/368 632/605/982 626/582/371
f 626/582/373 632/605/983 627/606/598
f 626/582/491 627/606/984 621/583/375
f 621/583/375 627/606/984 622/607/495
f 621/583/985 622/607/986 616/584/987
f 616/584/987 622/607/986 617/608/607
f 616/584/384 617/608/988 611/585/941
f 611/585/501 617/608/500 612/609/502
f 611/585/389 612/609/503 606/586/390
f 606/586/390 612/609/503 607/610/989
f 606/586/990 607/610/991 596/587/508
f 596/587/992 607/610/507 597/611/993
f 596/587/511 597/611/994 603/392/512
f 603/392/512 597/611/994 602/417/625
f 603/392/70 602/417/23 706/588/517
f 706/588/517 602/417/23 707/612/995
f 706/588/950 707/612/996 701/589/997
f 701/589/522 707/612/523 702/613/633
f 701/589/998 702/613/526 696/590/999
f 696/590/414 702/613/1000 697/614/1001
f 696/590/1002 697/614/639 691/591/533
f 691/591/1003 697/614/1004 692/615/1005
f 691/591/1006 692/615/1007 686/592/1008
f 686/592/1008 692/615/1007 687/616/1009
f 686/592/424 687/616/540 681/593/541
f 681/593/101 687/616/543 682/617/1010
f 681/593/101 682/617/1010 676/594/433
f 676/594/1011 682/617/1010 677/618/1012
f 676/594/1013 677/618/1014 671/595/551
f 671/595/1015 677/618/549 672/619/666
f 671/595/551 672/619/555 666/596/1016
f 666/596/556 672/619/555 667/620/1017
f 666/596/558 667/620/1018 661/597/1019
f 661/597/453 667/620/1020 662/621/1021
f 661/597/563 662/621/677 656/598/565
f 656/598/1022 662/621/677 657/622/1023
f 656/598/458 657/622/1024 591/599/571
f 591/599/7 657/622/1024 592/623/685
f 592/600/1025 593/624/11 652/601/1026
f 652/601/1026 593/624/11 653/625/578
f 652/601/577 653/625/581 647/602/579
f 647/602/471 653/625/581 648/626/582
f 647/602/1027 648/626/1028 642/603/1029
f 642/603/1030 648/626/1031 643/627/591
f 642/603/1032 643/627/591 637/604/590
f 637/604/1033 643/627/591 638/628/1034
f 637/604/481 638/628/700 632/605/1035
f 632/605/1036 638/628/593 633/629/1037
f 632/605/1038 633/629/704 627/606/1039
f 627/606/984 633/629/1040 628/630/1041
f 627/606/984 628/630/1042 622/607/495
f 622/607/602 628/630/601 623/631/1043
f 622/607/602 623/631/1044 617/608/607
f 617/608/499 623/631/606 618/632/608
f 617/608/609 618/632/1045 612/609/1046
f 612/609/1046 618/632/1047 613/633/1048
f 612/609/615 613/633/616 607/610/617
f 607/610/617 613/633/616 608/634/1049
f 607/610/507 608/634/621 597/611/510
f 597/611/622 608/634/621 598/635/623
f 597/611/510 598/635/627 602/417/626
f 602/417/626 598/635/627 601/442/21
f 602/417/55 601/442/56 707/612/1050
f 707/612/521 601/442/21 708/636/630
f 707/612/631 708/636/634 702/613/632
f 702/613/632 708/636/634 703/637/635
f 702/613/526 703/637/640 697/614/1051
f 697/614/1052 703/637/735 698/638/1053
f 697/614/1054 698/638/1055 692/615/1056
f 692/615/647 698/638/1057 693/639/648
f 692/615/1007 693/639/651 687/616/1058
f 687/616/649 693/639/648 688/640/748
f 687/616/653 688/640/654 682/617/95
f 682/617/95 688/640/654 683/641/94
f 682/617/1059 683/641/661 677/618/660
f 677/618/663 683/641/94 678/642/1060
f 677/618/660 678/642/1061 672/619/1062
f 672/619/666 678/642/667 673/643/668
f 672/619/555 673/643/1063 667/620/1017
f 667/620/1064 673/643/669 668/644/1065
f 667/620/674 668/644/1066 662/621/1067
f 662/621/675 668/644/673 663/645/676
f 662/621/1067 663/645/678 657/622/1068
f 657/622/680 663/645/678 658/646/682
f 657/622/1069 658/646/687 592/623/1070
f 592/623/12 658/646/684 593/647/11
f 593/624/13 594/553/14 653/625/689
f 653/625/689 594/553/14 654/551/690
f 653/625/689 654/551/690 648/626/1071
f 648/626/583 654/551/318 649/549/1072
f 648/626/1073 649/549/694 643/627/695
f 643/627/695 649/549/694 644/547/701
f 643/627/695 644/547/312 638/628/1074
f 638/628/1074 644/547/701 639/545/702
f 638/628/699 639/545/706 633/629/1075
f 633/629/1075 639/545/706 634/543/1076
f 633/629/1075 634/543/707 628/630/708
f 628/630/708 634/543/709 629/541/1077
f 628/630/708 629/541/306 623/631/712
f 623/631/712 629/541/710 624/539/715
f 623/631/712 624/539/713 618/632/1078
f 618/632/1079 624/539/715 619/537/716
f 618/632/717 619/537/718 613/633/719
f 613/633/719 619/537/718 614/535/720
f 613/633/719 614/535/722 608/634/724
f 608/634/724 614/535/1080 609/533/725
f 608/634/726 609/533/727 598/635/728
f 598/635/728 609/533/727 599/531/730
f 598/635/728 599/531/730 601/442/20
f 601/442/20 599/531/730 600/333/19
f 601/442/20 600/333/19 708/636/732
f 708/636/732 600/333/19 709/529/733
f 708/636/732 709/529/733 703/637/637
f 703/637/1081 709/529/733 704/575/736
f 703/637/735 704/575/1082 698/638/739
f 698/638/643 704/575/738 699/573/1083
f 698/638/643 699/573/741 693/639/742
f 693/639/743 699/573/741 694/571/745
f 693/639/648 694/571/1084 688/640/1085
f 688/640/747 694/571/746 689/569/751
f 688/640/654 689/569/1086 683/641/94
f 683/641/92 689/569/752 684/567/89
f 683/641/92 684/567/89 678/642/754
f 678/642/754 684/567/89 679/565/1087
f 678/642/754 679/565/755 673/643/1088
f 673/643/1088 679/565/1087 674/563/759
f 673/643/760 674/563/324 668/644/762
f 668/644/762 674/563/761 669/561/763
f 668/644/762 669/561/765 663/645/1089
f 663/645/1089 669/561/765 664/559/767
f 663/645/768 664/559/769 658/646/770
f 658/646/770 664/559/769 659/557/774
f 658/646/770 659/557/773 593/647/13
f 593/647/13 659/557/773 594/555/14
f 711/648/1090 567/649/1090 710/650/826
f 710/650/826 567/649/1090 566/651/826
f 710/652/1091 566/653/1091 733/654/1092
f 733/654/1092 566/653/1091 589/655/1092
f 733/654/781 589/655/781 732/656/175
f 732/656/175 589/655/781 588/657/175
f 732/656/178 588/657/178 731/658/1093
f 731/658/1093 588/657/178 587/659/1093
f 731/658/783 587/659/783 730/660/784
f 730/660/784 587/659/783 586/661/784
f 730/660/789 586/661/789 729/662/788
f 729/662/788 586/661/789 585/663/788
f 729/662/790 585/663/790 728/664/791
f 728/664/791 585/663/790 584/665/791
f 728/664/792 584/665/792 727/666/793
f 727/666/793 584/665/792 583/667/793
f 727/666/794 583/667/794 726/668/795
f 726/668/795 583/667/794 582/669/795
f 726/668/1094 582/669/1094 725/4/852
f 725/4/852 582/669/1094 581/457/852
f 725/4/216 581/457/216 724/46/219
f 724/46/219 581/457/1095 580/461/219
f 724/46/797 580/461/797 723/38/798
f 723/38/798 580/461/797 579/465/798
f 723/38/1096 579/465/1096 722/30/800
f 722/30/800 579/465/1096 578/469/800
f 722/30/802 578/469/802 721/22/230
f 721/22/230 578/469/802 577/473/230
f 721/22/233 577/473/233 720/14/236
f 720/14/236 577/473/233 576/477/236
f 720/14/1097 576/477/1097 719/6/1098
f 719/6/1098 576/477/1097 575/456/1098
f 719/6/245 575/456/245 718/670/870
f 718/670/870 575/456/245 574/671/870
f 718/670/808 574/671/808 717/672/807
f 717/672/807 574/671/808 573/673/807
f 717/672/1099 573/673/1099 716/674/810
f 716/674/810 573/673/1099 572/675/810
f 716/674/811 572/675/811 715/676/265
f 715/676/265 572/675/811 571/677/265
f 715/676/814 571/677/814 714/678/815
f 714/678/815 571/677/814 570/679/815
f 714/678/820 570/679/820 713/680/818
f 713/680/818 570/679/820 569/681/818
f 713/680/821 569/681/821 712/682/282
f 712/682/282 569/681/821 568/683/282
f 712/682/286 568/683/286 711/648/897
f 711/648/897 568/683/286 567/649/897
f 735/280/165 763/281/1100 734/282/28
f 734/282/167 763/281/166 772/283/168
f 734/282/829 772/283/171 757/284/173
f 757/284/777 772/283/164 873/285/1101
f 757/284/1102 873/285/1103 756/286/1104
f 756/286/175 873/285/176 868/287/1105
f 756/286/1106 868/287/1107 755/288/834
f 755/288/180 868/287/179 863/289/1108
f 755/288/1109 863/289/1110 754/290/1111
f 754/290/190 863/289/1112 858/291/191
f 754/290/789 858/291/838 753/292/788
f 753/292/193 858/291/194 853/293/195
f 753/292/1113 853/293/197 752/294/842
f 752/294/844 853/293/841 848/295/1114
f 752/294/1115 848/295/105 751/296/202
f 751/296/1116 848/295/1117 843/297/1118
f 751/296/206 843/297/1119 750/298/795
f 750/298/795 843/297/850 838/299/1120
f 750/298/1121 838/299/1122 749/300/1123
f 749/300/1124 838/299/1125 833/301/215
f 749/300/213 833/301/1126 748/302/219
f 748/302/1127 833/301/1128 828/303/449
f 748/302/797 828/303/1129 747/304/799
f 747/304/1130 828/303/1131 823/305/860
f 747/304/225 823/305/226 746/306/227
f 746/306/144 823/305/228 758/307/4
f 746/308/229 758/309/862 745/310/863
f 745/310/230 758/309/864 818/311/1132
f 745/310/233 818/311/234 744/312/236
f 744/312/1133 818/311/342 813/313/238
f 744/312/1097 813/313/240 743/314/241
f 743/314/242 813/313/243 808/315/244
f 743/314/1134 808/315/246 742/316/870
f 742/316/1135 808/315/1136 803/317/1137
f 742/316/1138 803/317/876 741/318/875
f 741/318/875 803/317/876 798/319/365
f 741/318/1139 798/319/1140 740/320/259
f 740/320/260 798/319/261 793/321/262
f 740/320/263 793/321/264 739/322/884
f 739/322/1141 793/321/1142 788/323/1143
f 739/322/1144 788/323/376 738/324/1145
f 738/324/1146 788/323/1147 783/325/275
f 738/324/274 783/325/892 737/326/276
f 737/326/277 783/325/892 778/327/1148
f 737/326/277 778/327/1149 736/328/1150
f 736/328/822 778/327/281 773/329/1151
f 736/328/1152 773/329/287 735/280/897
f 735/280/897 773/329/1153 763/281/291
f 298/330/17 877/331/898 275/332/17
f 275/332/17 877/331/339 768/333/161
f 275/332/17 768/333/161 276/334/17
f 276/334/17 768/333/18 767/335/294
f 276/334/17 767/335/900 277/336/17
f 277/336/17 767/335/900 777/337/297
f 277/336/296 777/337/1154 278/338/299
f 278/338/17 777/337/297 782/339/1155
f 278/338/299 782/339/301 279/340/299
f 279/340/17 782/339/1156 787/341/1157
f 279/340/299 787/341/1158 280/342/299
f 280/342/299 787/341/303 792/343/1159
f 280/342/299 792/343/1159 281/344/299
f 281/344/299 792/343/1159 797/345/901
f 281/344/299 797/345/901 282/346/299
f 282/346/299 797/345/306 802/347/707
f 282/346/299 802/347/308 283/348/299
f 283/348/299 802/347/308 807/349/1160
f 283/348/16 807/349/1161 284/350/299
f 284/350/299 807/349/311 812/351/1162
f 284/350/16 812/351/312 285/352/310
f 285/352/16 812/351/313 817/353/315
f 285/352/16 817/353/1163 286/354/16
f 286/354/16 817/353/314 822/355/903
f 286/354/16 822/355/317 287/356/16
f 287/356/16 822/355/318 762/357/126
f 287/358/16 762/359/126 288/360/16
f 288/360/16 762/359/52 827/361/319
f 288/360/16 827/361/319 289/362/16
f 289/362/16 827/361/319 832/363/320
f 289/362/905 832/363/321 290/364/16
f 290/364/16 832/363/904 837/365/1164
f 290/364/84 837/365/322 291/366/84
f 291/366/16 837/365/322 842/367/324
f 291/366/84 842/367/324 292/368/84
f 292/368/84 842/367/325 847/369/327
f 292/368/84 847/369/755 293/370/84
f 293/370/84 847/369/329 852/371/87
f 293/370/84 852/371/87 294/372/84
f 294/372/84 852/371/87 857/373/751
f 294/372/84 857/373/333 295/374/84
f 295/374/84 857/373/332 862/375/335
f 295/374/17 862/375/1165 296/376/84
f 296/376/908 862/375/335 867/377/336
f 296/376/17 867/377/909 297/378/908
f 297/378/84 867/377/336 872/379/337
f 297/378/17 872/379/910 298/330/17
f 298/330/17 872/379/337 877/331/339
f 758/309/5 759/380/6 818/311/343
f 818/311/866 759/380/911 819/381/914
f 818/311/1166 819/381/1167 813/313/1168
f 813/313/915 819/381/1169 814/382/1170
f 813/313/1171 814/382/917 808/315/249
f 808/315/244 814/382/917 809/383/1172
f 808/315/1173 809/383/1174 803/317/1137
f 803/317/921 809/383/920 804/384/361
f 803/317/362 804/384/363 798/319/256
f 798/319/256 804/384/363 799/385/483
f 798/319/925 799/385/926 793/321/1175
f 793/321/882 799/385/368 794/386/371
f 793/321/1176 794/386/1177 788/323/1178
f 788/323/885 794/386/1179 789/387/1180
f 788/323/269 789/387/935 783/325/1181
f 783/325/934 789/387/935 784/388/936
f 783/325/937 784/388/1182 778/327/938
f 778/327/938 784/388/1183 779/389/385
f 778/327/284 779/389/389 773/329/285
f 773/329/1184 779/389/389 774/390/390
f 773/329/943 774/390/390 763/281/393
f 763/281/944 774/390/1185 764/391/508
f 763/281/393 764/391/1186 772/283/398
f 772/283/398 764/391/945 771/392/947
f 772/283/948 771/392/402 873/285/1187
f 873/285/949 771/392/402 874/393/403
f 873/285/404 874/393/950 868/287/951
f 868/287/951 874/393/950 869/394/952
f 868/287/410 869/394/411 863/289/183
f 863/289/412 869/394/997 864/395/414
f 863/289/1110 864/395/530 858/291/417
f 858/291/1188 864/395/956 859/396/1003
f 858/291/959 859/396/1189 853/293/1190
f 853/293/195 859/396/420 854/397/422
f 853/293/1191 854/397/427 848/295/426
f 848/295/426 854/397/427 849/398/428
f 848/295/105 849/398/961 843/297/431
f 843/297/431 849/398/432 844/399/433
f 843/297/850 844/399/1192 838/299/1120
f 838/299/964 844/399/1013 839/400/551
f 838/299/1122 839/400/551 833/301/1193
f 833/301/1194 839/400/966 834/401/1195
f 833/301/442 834/401/1195 828/303/449
f 828/303/449 834/401/1195 829/402/451
f 828/303/452 829/402/455 823/305/454
f 823/305/968 829/402/1196 824/403/969
f 823/305/968 824/403/456 758/307/1197
f 758/307/5 824/403/1198 759/404/6
f 759/380/913 760/405/464 819/381/463
f 819/381/462 760/405/12 820/406/1199
f 819/381/466 820/406/467 814/382/916
f 814/382/469 820/406/470 815/407/471
f 814/382/916 815/407/1200 809/383/473
f 809/383/355 815/407/472 810/408/1201
f 809/383/1202 810/408/588 804/384/1203
f 804/384/1204 810/408/476 805/409/479
f 804/384/363 805/409/1205 799/385/483
f 799/385/483 805/409/1206 800/410/485
f 799/385/1207 800/410/487 794/386/1208
f 794/386/1209 800/410/983 795/411/984
f 794/386/491 795/411/492 789/387/375
f 789/387/493 795/411/598 790/412/602
f 789/387/380 790/412/496 784/388/1210
f 784/388/1211 790/412/986 785/413/607
f 784/388/381 785/413/1212 779/389/385
f 779/389/501 785/413/500 780/414/502
f 779/389/1213 780/414/503 774/390/1214
f 774/390/1214 780/414/503 775/415/989
f 774/390/390 775/415/507 764/391/508
f 764/391/992 775/415/989 765/416/993
f 764/391/946 765/416/513 771/392/70
f 771/392/512 765/416/1215 770/417/54
f 771/392/70 770/417/57 874/393/517
f 874/393/517 770/417/518 875/418/519
f 874/393/516 875/418/521 869/394/522
f 869/394/409 875/418/523 870/419/528
f 869/394/998 870/419/526 864/395/1216
f 864/395/1217 870/419/1218 865/420/1219
f 864/395/527 865/420/639 859/396/533
f 859/396/1003 865/420/1220 860/421/1005
f 859/396/536 860/421/1221 854/397/538
f 854/397/1222 860/421/1007 855/422/1223
f 854/397/1224 855/422/543 849/398/542
f 849/398/542 855/422/543 850/423/1225
f 849/398/432 850/423/545 844/399/433
f 844/399/1011 850/423/1059 845/424/660
f 844/399/1013 845/424/552 839/400/551
f 839/400/550 845/424/660 840/425/666
f 839/400/551 840/425/1226 834/401/1016
f 834/401/445 840/425/1227 835/426/1228
f 834/401/558 835/426/559 829/402/1019
f 829/402/1229 835/426/1020 830/427/1021
f 829/402/1230 830/427/567 824/403/1022
f 824/403/565 830/427/677 825/428/568
f 824/403/458 825/428/570 759/404/572
f 759/404/7 825/428/1231 760/429/12
f 760/405/9 761/430/10 820/406/1232
f 820/406/574 761/430/11 821/431/578
f 820/406/976 821/431/1233 815/407/471
f 815/407/1234 821/431/578 816/432/691
f 815/407/1200 816/432/1235 810/408/474
f 810/408/1030 816/432/1236 811/433/591
f 810/408/588 811/433/589 805/409/590
f 805/409/1237 811/433/1238 806/434/700
f 805/409/484 806/434/593 800/410/487
f 800/410/1239 806/434/1240 801/435/1241
f 800/410/487 801/435/597 795/411/599
f 795/411/1039 801/435/704 796/436/1242
f 795/411/598 796/436/1243 790/412/602
f 790/412/605 796/436/601 791/437/1244
f 790/412/1245 791/437/606 785/413/499
f 785/413/607 791/437/606 786/438/608
f 785/413/609 786/438/610 780/414/611
f 780/414/611 786/438/610 781/439/616
f 780/414/615 781/439/616 775/415/617
f 775/415/617 781/439/616 776/440/1246
f 775/415/1247 776/440/621 765/416/622
f 765/416/993 776/440/621 766/441/623
f 765/416/1248 766/441/627 770/417/1249
f 770/417/54 766/441/624 769/442/21
f 770/417/1250 769/442/56 875/418/631
f 875/418/1251 769/442/1252 876/443/1253
f 875/418/521 876/443/634 870/419/1254
f 870/419/632 876/443/634 871/444/635
f 870/419/632 871/444/735 865/420/1052
f 865/420/639 871/444/640 866/445/641
f 865/420/1054 866/445/1057 860/421/1255
f 860/421/1256 866/445/1257 861/446/648
f 860/421/1007 861/446/1258 855/422/1009
f 855/422/650 861/446/651 856/447/652
f 855/422/653 856/447/654 850/423/655
f 850/423/544 856/447/656 851/448/1259
f 850/423/118 851/448/661 845/424/659
f 845/424/1260 851/448/94 846/449/1060
f 845/424/660 846/449/667 840/425/666
f 840/425/1062 846/449/1061 841/450/668
f 840/425/1261 841/450/1262 835/426/671
f 835/426/1064 841/450/672 836/451/673
f 835/426/674 836/451/673 830/427/675
f 830/427/675 836/451/673 831/452/681
f 830/427/677 831/452/678 825/428/568
f 825/428/680 831/452/678 826/453/682
f 825/428/1263 826/453/687 760/429/9
f 760/429/685 826/453/684 761/454/1264
f 761/430/13 762/357/14 821/431/688
f 821/431/689 762/357/14 822/355/690
f 821/431/689 822/355/690 816/432/1265
f 816/432/1071 822/355/690 817/353/693
f 816/432/1073 817/353/694 811/433/695
f 811/433/1266 817/353/1267 812/351/1268
f 811/433/695 812/351/1269 806/434/1074
f 806/434/700 812/351/1270 807/349/1271
f 806/434/1272 807/349/706 801/435/1075
f 801/435/1075 807/349/706 802/347/707
f 801/435/1075 802/347/707 796/436/708
f 796/436/708 802/347/709 797/345/710
f 796/436/1273 797/345/1274 791/437/1244
f 791/437/1275 797/345/306 792/343/713
f 791/437/1276 792/343/715 786/438/610
f 786/438/1078 792/343/713 787/341/1277
f 786/438/717 787/341/718 781/439/719
f 781/439/719 787/341/718 782/339/1080
f 781/439/719 782/339/1080 776/440/724
f 776/440/724 782/339/1080 777/337/725
f 776/440/726 777/337/727 766/441/728
f 766/441/728 777/337/729 767/335/1278
f 766/441/728 767/335/730 769/442/20
f 769/442/20 767/335/730 768/333/19
f 769/442/1279 768/333/1280 876/443/732
f 876/443/732 768/333/19 877/331/733
f 876/443/1281 877/331/293 871/444/734
f 871/444/735 877/331/1282 872/379/736
f 871/444/737 872/379/738 866/445/643
f 866/445/643 872/379/738 867/377/1083
f 866/445/643 867/377/741 861/446/743
f 861/446/743 867/377/741 862/375/745
f 861/446/1283 862/375/746 856/447/750
f 856/447/747 862/375/1284 857/373/749
f 856/447/747 857/373/752 851/448/92
f 851/448/94 857/373/752 852/371/89
f 851/448/94 852/371/89 846/449/753
f 846/449/754 852/371/89 847/369/1087
f 846/449/754 847/369/755 841/450/757
f 841/450/669 847/369/758 842/367/1285
f 841/450/669 842/367/761 836/451/1065
f 836/451/762 842/367/761 837/365/763
f 836/451/762 837/365/765 831/452/1089
f 831/452/681 837/365/1286 832/363/767
f 831/452/1287 832/363/769 826/453/770
f 826/453/770 832/363/772 827/361/1288
f 826/453/1289 827/361/773 761/454/13
f 761/454/13 827/361/773 762/359/14
f 879/8/776 735/455/776 878/6/145
f 878/6/145 735/455/776 734/456/145
f 878/4/1091 734/457/145 901/2/777
f 901/2/777 734/457/1091 757/458/777
f 901/2/1290 757/458/1290 900/50/780
f 900/50/1291 757/458/778 756/459/175
f 900/50/178 756/459/178 899/48/180
f 899/48/782 756/459/780 755/460/782
f 899/48/786 755/460/786 898/46/785
f 898/46/784 755/460/783 754/461/784
f 898/46/789 754/461/789 897/44/788
f 897/44/788 754/461/789 753/462/788
f 897/44/790 753/462/790 896/42/791
f 896/42/791 753/462/790 752/463/791
f 896/42/792 752/463/792 895/40/793
f 895/40/793 752/463/792 751/464/793
f 895/40/794 751/464/794 894/38/795
f 894/38/795 751/464/794 750/465/795
f 894/38/210 750/465/210 893/36/212
f 893/36/213 750/465/1094 749/466/213
f 893/36/213 749/466/213 892/34/219
f 892/34/218 749/466/216 748/467/218
f 892/34/218 748/467/218 891/32/1130
f 891/32/799 748/467/797 747/468/799
f 891/32/799 747/468/799 890/30/800
f 890/30/800 747/468/801 746/469/800
f 890/30/144 746/469/144 889/28/803
f 889/28/804 746/469/802 745/470/804
f 889/28/804 745/470/804 888/26/236
f 888/26/235 745/470/1292 744/471/235
f 888/26/235 744/471/235 887/24/805
f 887/24/241 744/471/1097 743/472/241
f 887/24/241 743/472/241 886/22/870
f 886/22/247 743/472/245 742/473/247
f 886/22/808 742/473/808 885/20/807
f 885/20/807 742/473/808 741/474/807
f 885/20/1293 741/474/1293 884/18/810
f 884/18/810 741/474/809 740/475/810
f 884/18/811 740/475/811 883/16/813
f 883/16/813 740/475/811 739/476/813
f 883/16/814 739/476/814 882/14/815
f 882/14/815 739/476/814 738/477/815
f 882/14/820 738/477/820 881/12/819
f 881/12/818 738/477/817 737/478/818
f 881/12/821 737/478/821 880/10/822
f 880/10/282 737/478/280 736/479/282
f 880/10/286 736/479/1294 879/8/288
f 879/8/823 736/479/822 735/455/823
f 903/280/165 931/281/166 902/282/28
f 902/282/775 931/281/825 940/283/168
f 902/282/829 940/283/830 925/284/173
f 925/284/778 940/283/830 1041/285/831
f 925/284/1102 1041/285/1295 924/286/1296
f 924/286/175 1041/285/176 1036/287/1105
f 924/286/1106 1036/287/1107 923/288/834
f 923/288/180 1036/287/179 1031/289/1108
f 923/288/1109 1031/289/1110 922/290/1111
f 922/290/1297 1031/289/1112 1026/291/1298
f 922/290/789 1026/291/838 921/292/788
f 921/292/193 1026/291/194 1021/293/195
f 921/292/1113 1021/293/197 920/294/842
f 920/294/844 1021/293/841 1016/295/1114
f 920/294/1115 1016/295/105 919/296/202
f 919/296/1299 1016/295/111 1011/297/962
f 919/296/794 1011/297/207 918/298/208
f 918/298/796 1011/297/850 1006/299/1120
f 918/298/1121 1006/299/854 917/300/1300
f 917/300/1124 1006/299/1125 1001/301/215
f 917/300/213 1001/301/1126 916/302/219
f 916/302/1127 1001/301/1128 996/303/449
f 916/302/797 996/303/1129 915/304/799
f 915/304/1130 996/303/1131 991/305/860
f 915/304/225 991/305/1301 914/306/800
f 914/306/3 991/305/1302 926/307/4
f 914/308/3 926/309/139 913/310/231
f 913/310/230 926/309/864 986/311/1132
f 913/310/233 986/311/234 912/312/236
f 912/312/235 986/311/342 981/313/238
f 912/312/1097 981/313/240 911/314/241
f 911/314/242 981/313/243 976/315/244
f 911/314/1134 976/315/246 910/316/870
f 910/316/1303 976/315/919 971/317/1304
f 910/316/1305 971/317/876 909/318/807
f 909/318/875 971/317/923 966/319/365
f 909/318/1139 966/319/1140 908/320/259
f 908/320/1306 966/319/261 961/321/262
f 908/320/263 961/321/264 907/322/884
f 907/322/1141 961/321/1142 956/323/1143
f 907/322/1144 956/323/376 906/324/1145
f 906/324/1145 956/323/1147 951/325/934
f 906/324/274 951/325/892 905/326/276
f 905/326/280 951/325/892 946/327/1148
f 905/326/277 946/327/1149 904/328/1150
f 904/328/822 946/327/281 941/329/1151
f 904/328/1152 941/329/287 903/280/897
f 903/280/897 941/329/287 931/281/1307
f 373/330/17 1045/331/292 350/332/17
f 350/332/17 1045/331/339 936/333/161
f 350/332/17 936/333/161 351/334/17
f 351/334/17 936/333/18 935/335/294
f 351/334/17 935/335/294 352/336/17
f 352/336/17 935/335/294 945/337/295
f 352/336/17 945/337/1154 353/338/17
f 353/338/17 945/337/297 950/339/298
f 353/338/299 950/339/301 354/340/299
f 354/340/17 950/339/1156 955/341/1157
f 354/340/299 955/341/303 355/342/299
f 355/342/299 955/341/1158 960/343/1159
f 355/342/299 960/343/305 356/344/299
f 356/344/299 960/343/305 965/345/306
f 356/344/299 965/345/901 357/346/299
f 357/346/299 965/345/901 970/347/1308
f 357/346/299 970/347/308 358/348/299
f 358/348/299 970/347/308 975/349/1160
f 358/348/310 975/349/1161 359/350/299
f 359/350/299 975/349/311 980/351/1162
f 359/350/16 980/351/312 360/352/310
f 360/352/16 980/351/313 985/353/315
f 360/352/16 985/353/1163 361/354/16
f 361/354/16 985/353/314 990/355/903
f 361/354/16 990/355/317 362/356/16
f 362/356/16 990/355/318 930/357/126
f 362/358/16 930/359/126 363/360/16
f 363/360/16 930/359/126 995/361/1309
f 363/360/16 995/361/319 364/362/16
f 364/362/16 995/361/319 1000/363/1310
f 364/362/905 1000/363/321 365/364/16
f 365/364/16 1000/363/904 1005/365/1311
f 365/364/84 1005/365/322 366/366/84
f 366/366/84 1005/365/322 1010/367/324
f 366/366/84 1010/367/324 367/368/84
f 367/368/84 1010/367/906 1015/369/327
f 367/368/84 1015/369/755 368/370/84
f 368/370/84 1015/369/329 1020/371/87
f 368/370/84 1020/371/87 369/372/84
f 369/372/84 1020/371/330 1025/373/331
f 369/372/84 1025/373/333 370/374/84
f 370/374/84 1025/373/333 1030/375/334
f 370/374/116 1030/375/335 371/376/84
f 371/376/908 1030/375/335 1035/377/336
f 371/376/17 1035/377/336 372/378/908
f 372/378/17 1035/377/909 1040/379/1312
f 372/378/17 1040/379/337 373/330/17
f 373/330/17 1040/379/337 1045/331/339
f 926/309/5 927/380/135 986/311/343
f 986/311/343 927/380/135 987/381/1313
f 986/311/345 987/381/466 981/313/1314
f 981/313/1314 987/381/466 982/382/916
f 981/313/1315 982/382/917 976/315/1136
f 976/315/1316 982/382/916 977/383/473
f 976/315/1136 977/383/1317 971/317/359
f 971/317/921 977/383/920 972/384/1204
f 971/317/876 972/384/366 966/319/365
f 966/319/256 972/384/363 967/385/483
f 966/319/925 967/385/486 961/321/1175
f 961/321/883 967/385/368 962/386/371
f 961/321/372 962/386/1318 956/323/929
f 956/323/885 962/386/1179 957/387/1180
f 956/323/269 957/387/935 951/325/1181
f 951/325/379 957/387/985 952/388/987
f 951/325/892 952/388/1319 946/327/1320
f 946/327/938 952/388/1183 947/389/385
f 946/327/284 947/389/389 941/329/285
f 941/329/285 947/389/941 942/390/1321
f 941/329/943 942/390/390 931/281/944
f 931/281/1322 942/390/390 932/391/508
f 931/281/393 932/391/945 940/283/398
f 940/283/27 932/391/945 939/392/25
f 940/283/948 939/392/402 1041/285/1187
f 1041/285/949 939/392/402 1042/393/1323
f 1041/285/404 1042/393/1324 1036/287/951
f 1036/287/951 1042/393/950 1037/394/1325
f 1036/287/833 1037/394/1326 1031/289/1327
f 1031/289/1110 1037/394/413 1032/395/414
f 1031/289/955 1032/395/1002 1026/291/1328
f 1026/291/189 1032/395/530 1027/396/532
f 1026/291/419 1027/396/420 1021/293/421
f 1021/293/195 1027/396/420 1022/397/422
f 1021/293/197 1022/397/427 1016/295/843
f 1016/295/426 1022/397/427 1017/398/428
f 1016/295/848 1017/398/102 1011/297/431
f 1011/297/962 1017/398/961 1012/399/963
f 1011/297/1118 1012/399/438 1006/299/437
f 1006/299/209 1012/399/438 1007/400/1329
f 1006/299/1122 1007/400/441 1001/301/442
f 1001/301/1194 1007/400/966 1002/401/1195
f 1001/301/442 1002/401/1195 996/303/449
f 996/303/448 1002/401/1195 997/402/560
f 996/303/1330 997/402/1196 991/305/968
f 991/305/1331 997/402/455 992/403/1332
f 991/305/457 992/403/1333 926/307/5
f 926/307/1197 992/403/970 927/404/460
f 927/380/135 928/405/573 987/381/463
f 987/381/463 928/405/973 988/406/974
f 987/381/972 988/406/974 982/382/468
f 982/382/1334 988/406/976 983/407/472
f 982/382/1335 983/407/977 977/383/473
f 977/383/355 983/407/472 978/408/1201
f 977/383/1202 978/408/588 972/384/1203
f 972/384/1204 978/408/476 973/409/1336
f 972/384/363 973/409/1336 967/385/483
f 967/385/1337 973/409/484 968/410/1036
f 967/385/486 968/410/983 962/386/1177
f 962/386/1209 968/410/983 963/411/984
f 962/386/491 963/411/492 957/387/375
f 957/387/493 963/411/598 958/412/602
f 957/387/380 958/412/496 952/388/381
f 952/388/1338 958/412/986 953/413/1339
f 952/388/1183 953/413/1212 947/389/385
f 947/389/501 953/413/500 948/414/502
f 947/389/1213 948/414/503 942/390/1340
f 942/390/1214 948/414/503 943/415/506
f 942/390/1340 943/415/507 932/391/992
f 932/391/509 943/415/507 933/416/510
f 932/391/946 933/416/513 939/392/400
f 939/392/512 933/416/1215 938/417/54
f 939/392/1341 938/417/518 1042/393/517
f 1042/393/517 938/417/57 1043/418/519
f 1042/393/1342 1043/418/523 1037/394/409
f 1037/394/522 1043/418/1343 1038/419/633
f 1037/394/998 1038/419/526 1032/395/1216
f 1032/395/1217 1038/419/1218 1033/420/1219
f 1032/395/1002 1033/420/639 1027/396/533
f 1027/396/1003 1033/420/1220 1028/421/1344
f 1027/396/536 1028/421/1221 1022/397/538
f 1022/397/1222 1028/421/1345 1023/422/1223
f 1022/397/1346 1023/422/1223 1017/398/1347
f 1017/398/1348 1023/422/1349 1018/423/1225
f 1017/398/101 1018/423/118 1012/399/1011
f 1012/399/1011 1018/423/118 1013/424/1012
f 1012/399/1350 1013/424/1351 1007/400/1352
f 1007/400/1353 1013/424/1012 1008/425/1354
f 1007/400/1355 1008/425/555 1002/401/556
f 1002/401/445 1008/425/1356 1003/426/1228
f 1002/401/558 1003/426/1018 997/402/1357
f 997/402/1019 1003/426/559 998/427/567
f 997/402/453 998/427/567 992/403/1022
f 992/403/1358 998/427/677 993/428/679
f 992/403/458 993/428/570 927/404/572
f 927/404/571 993/428/1024 928/429/8
f 928/405/9 929/430/10 988/406/1232
f 988/406/470 929/430/11 989/431/576
f 988/406/976 989/431/1233 983/407/471
f 983/407/1234 989/431/578 984/432/691
f 983/407/1200 984/432/1235 978/408/474
f 978/408/1030 984/432/1236 979/433/591
f 978/408/588 979/433/589 973/409/590
f 973/409/1237 979/433/1238 974/434/700
f 973/409/1359 974/434/593 968/410/1360
f 968/410/487 974/434/593 969/435/1037
f 968/410/487 969/435/597 963/411/599
f 963/411/1039 969/435/704 964/436/1242
f 963/411/598 964/436/1243 958/412/602
f 958/412/1361 964/436/1242 959/437/1244
f 958/412/498 959/437/606 953/413/499
f 953/413/607 959/437/606 954/438/608
f 953/413/609 954/438/610 948/414/611
f 948/414/1046 954/438/608 949/439/616
f 948/414/615 949/439/619 943/415/618
f 943/415/617 949/439/616 944/440/1049
f 943/415/618 944/440/621 933/416/622
f 933/416/510 944/440/621 934/441/623
f 933/416/622 934/441/627 938/417/1249
f 938/417/54 934/441/624 937/442/21
f 938/417/1250 937/442/56 1043/418/631
f 1043/418/521 937/442/21 1044/443/1253
f 1043/418/521 1044/443/1362 1038/419/633
f 1038/419/632 1044/443/634 1039/444/635
f 1038/419/632 1039/444/735 1033/420/1052
f 1033/420/639 1039/444/640 1034/445/641
f 1033/420/1363 1034/445/1057 1028/421/647
f 1028/421/1364 1034/445/1257 1029/446/1365
f 1028/421/1007 1029/446/1258 1023/422/1009
f 1023/422/649 1029/446/648 1024/447/652
f 1023/422/649 1024/447/747 1018/423/95
f 1018/423/544 1024/447/656 1019/448/1259
f 1018/423/118 1019/448/661 1013/424/1366
f 1013/424/1260 1019/448/94 1014/449/1060
f 1013/424/660 1014/449/667 1008/425/666
f 1008/425/1062 1014/449/1061 1009/450/668
f 1008/425/1261 1009/450/1262 1003/426/671
f 1003/426/1064 1009/450/672 1004/451/673
f 1003/426/674 1004/451/673 998/427/675
f 998/427/675 1004/451/673 999/452/681
f 998/427/677 999/452/678 993/428/679
f 993/428/1068 999/452/681 994/453/1367
f 993/428/683 994/453/687 928/429/1025
f 928/429/12 994/453/684 929/454/11
f 929/430/13 930/357/14 989/431/689
f 989/431/689 930/357/14 990/355/690
f 989/431/689 990/355/318 984/432/1265
f 984/432/1071 990/355/690 985/353/693
f 984/432/1073 985/353/694 979/433/695
f 979/433/1266 985/353/1267 980/351/1268
f 979/433/695 980/351/1269 974/434/1240
f 974/434/1074 980/351/701 975/349/702
f 974/434/1272 975/349/706 969/435/1075
f 969/435/1075 975/349/706 970/347/707
f 969/435/1075 970/347/709 964/436/708
f 964/436/708 970/347/709 965/345/710
f 964/436/1273 965/345/1274 959/437/1244
f 959/437/1368 965/345/306 960/343/713
f 959/437/1276 960/343/715 954/438/610
f 954/438/1078 960/343/713 955/341/1277
f 954/438/714 955/341/718 949/439/719
f 949/439/719 955/341/718 950/339/720
f 949/439/721 950/339/1080 944/440/724
f 944/440/724 950/339/1080 945/337/725
f 944/440/726 945/337/727 934/441/728
f 934/441/728 945/337/729 935/335/1278
f 934/441/728 935/335/730 937/442/20
f 937/442/20 935/335/730 936/333/19
f 937/442/56 936/333/19 1044/443/1369
f 1044/443/732 936/333/19 1045/331/733
f 1044/443/1281 1045/331/293 1039/444/734
f 1039/444/735 1045/331/1282 1040/379/736
f 1039/444/737 1040/379/738 1034/445/643
f 1034/445/739 1040/379/738 1035/377/744
f 1034/445/643 1035/377/741 1029/446/743
f 1029/446/743 1035/377/741 1030/375/745
f 1029/446/1283 1030/375/746 1024/447/750
f 1024/447/748 1030/375/1284 1025/373/749
f 1024/447/747 1025/373/751 1019/448/92
f 1019/448/94 1025/373/752 1020/371/89
f 1019/448/94 1020/371/89 1014/449/753
f 1014/449/754 1020/371/89 1015/369/1087
f 1014/449/754 1015/369/755 1009/450/757
f 1009/450/669 1015/369/758 1010/367/1285
f 1009/450/760 1010/367/761 1004/451/1065
f 1004/451/762 1010/367/1370 1005/365/322
f 1004/451/762 1005/365/765 999/452/1089
f 999/452/1089 1005/365/1286 1000/363/767
f 999/452/1287 1000/363/769 994/453/770
f 994/453/770 1000/363/769 995/361/773
f 994/453/1289 995/361/773 929/454/10
f 929/454/13 995/361/773 930/359/14
f 1047/8/288 903/455/288 1046/6/826
f 1046/6/826 903/455/288 902/456/826
f 1046/4/1091 902/457/1091 1069/2/1092
f 1069/2/1092 902/457/1091 925/458/1092
f 1069/2/781 925/458/781 1068/50/175
f 1068/50/175 925/458/781 924/459/175
f 1068/50/780 924/459/780 1067/48/782
f 1067/48/180 924/459/178 923/460/180
f 1067/48/783 923/460/783 1066/46/784
f 1066/46/784 923/460/783 922/461/784
f 1066/46/789 922/461/789 1065/44/788
f 1065/44/788 922/461/789 921/462/788
f 1065/44/790 921/462/790 1064/42/791
f 1064/42/791 921/462/790 920/463/791
f 1064/42/792 920/463/792 1063/40/793
f 1063/40/793 920/463/792 919/464/793
f 1063/40/794 919/464/794 1062/38/795
f 1062/38/795 919/464/794 918/465/795
f 1062/38/1094 918/465/1094 1061/36/213
f 1061/36/212 918/465/210 917/466/212
f 1061/36/213 917/466/213 1060/34/219
f 1060/34/218 917/466/216 916/467/218
f 1060/34/218 916/467/218 1059/32/798
f 1059/32/798 916/467/797 915/468/798
f 1059/32/799 915/468/799 1058/30/800
f 1058/30/800 915/468/801 914/469/800
f 1058/30/144 914/469/144 1057/28/803
f 1057/28/804 914/469/802 913/470/804
f 1057/28/233 913/470/233 1056/26/236
f 1056/26/235 913/470/233 912/471/235
f 1056/26/235 912/471/235 1055/24/805
f 1055/24/241 912/471/1097 911/472/241
f 1055/24/245 911/472/245 1054/22/247
f 1054/22/870 911/472/241 910/473/870
f 1054/22/808 910/473/808 1053/20/807
f 1053/20/807 910/473/808 909/474/807
f 1053/20/1293 909/474/1293 1052/18/810
f 1052/18/810 909/474/809 908/475/810
f 1052/18/811 908/475/811 1051/16/813
f 1051/16/812 908/475/811 907/476/812
f 1051/16/814 907/476/814 1050/14/815
f 1050/14/815 907/476/814 906/477/815
f 1050/14/820 906/477/820 1049/12/819
f 1049/12/819 906/477/820 905/478/819
f 1049/12/280 905/478/280 1048/10/282
f 1048/10/822 905/478/821 904/479/822
f 1048/10/286 904/479/286 1047/8/897
f 1047/8/897 904/479/286 903/455/897
f 1071/280/165 1105/281/166 1070/282/28
f 1070/282/167 1105/281/166 1114/283/828
f 1070/282/28 1114/283/27 1093/284/169
f 1093/284/173 1114/283/171 1211/285/172
f 1093/284/778 1211/285/176 1092/286/175
f 1092/286/175 1211/285/176 1206/287/1105
f 1092/286/178 1206/287/179 1091/288/180
f 1091/288/181 1206/287/182 1201/289/183
f 1091/288/1371 1201/289/1372 1090/290/785
f 1090/290/187 1201/289/1372 1196/291/189
f 1090/290/785 1196/291/1373 1089/292/788
f 1089/292/193 1196/291/1374 1192/293/1375
f 1089/292/1376 1192/293/1377 1088/294/1378
f 1088/294/842 1192/293/197 1188/295/843
f 1088/294/792 1188/295/845 1087/296/846
f 1087/296/1379 1188/295/1380 1184/297/431
f 1087/296/206 1184/297/207 1086/298/208
f 1086/298/851 1184/297/849 1180/299/436
f 1086/298/210 1180/299/211 1085/300/212
f 1085/300/853 1180/299/854 1175/301/1194
f 1085/300/1381 1175/301/857 1084/302/1127
f 1084/302/858 1175/301/1194 1170/303/449
f 1084/302/1382 1170/303/859 1083/304/798
f 1083/304/223 1170/303/222 1165/305/1331
f 1083/304/225 1165/305/861 1082/306/227
f 1082/306/227 1165/305/861 1099/307/139
f 1082/308/3 1099/309/862 1081/310/863
f 1081/310/230 1099/309/864 1160/311/1132
f 1081/310/865 1160/311/342 1080/312/1383
f 1080/312/867 1160/311/866 1155/313/1384
f 1080/312/1385 1155/313/1386 1079/314/1387
f 1079/314/1388 1155/313/1171 1150/315/1316
f 1079/314/245 1150/315/246 1078/316/247
f 1078/316/870 1150/315/246 1145/317/1389
f 1078/316/808 1145/317/1390 1077/318/807
f 1077/318/807 1145/317/1390 1140/319/1391
f 1077/318/809 1140/319/1392 1076/320/810
f 1076/320/259 1140/319/877 1135/321/883
f 1076/320/263 1135/321/264 1075/322/265
f 1075/322/265 1135/321/266 1130/323/267
f 1075/322/814 1130/323/1393 1074/324/817
f 1074/324/1394 1130/323/269 1125/325/1181
f 1074/324/817 1125/325/891 1073/326/818
f 1073/326/1395 1125/325/382 1120/327/1396
f 1073/326/280 1120/327/1148 1072/328/282
f 1072/328/822 1120/327/281 1115/329/1151
f 1072/328/1397 1115/329/1398 1071/280/1399
f 1071/280/289 1115/329/388 1105/281/392
f 300/684/17 299/685/116 1210/379/910
f 1210/379/1400 299/685/116 1094/686/1401
f 1210/379/337 1094/686/1402 1205/377/1403
f 1205/377/336 1094/686/1404 1200/375/335
f 1205/377/741 1200/375/745 1199/446/743
f 1199/446/1405 1200/375/746 1195/447/747
f 1199/446/651 1195/447/652 1194/422/650
f 1194/422/1406 1195/447/1407 1190/423/544
f 1194/422/543 1190/423/544 1189/398/542
f 1189/398/101 1190/423/118 1185/399/1011
f 1189/398/961 1185/399/963 1184/297/962
f 1184/297/434 1185/399/1013 1180/299/209
f 1094/686/1408 1095/687/1409 1200/375/1410
f 1200/375/1411 1095/687/1412 1195/447/1413
f 1095/687/1414 1096/688/1415 1195/447/654
f 1195/447/747 1096/688/1416 1191/448/1417
f 1195/447/1407 1191/448/661 1190/423/544
f 1190/423/95 1191/448/658 1186/424/659
f 1190/423/546 1186/424/547 1185/399/433
f 1185/399/1013 1186/424/552 1181/400/551
f 1185/399/1013 1181/400/1353 1180/299/436
f 1180/299/854 1181/400/966 1175/301/855
f 1191/448/92 1096/688/1416 1187/449/754
f 1187/449/1060 1096/688/1418 1097/689/1419
f 1187/449/754 1097/689/1420 1183/450/757
f 1183/450/668 1097/689/1421 1104/367/759
f 1183/450/760 1104/367/761 1178/451/762
f 1178/451/762 1104/367/761 1179/365/763
f 1178/451/762 1179/365/765 1173/452/1089
f 1173/452/766 1179/365/1286 1174/363/767
f 1173/452/681 1174/363/769 1168/453/771
f 1168/453/770 1174/363/769 1169/361/774
f 1168/453/687 1169/361/1422 1102/454/10
f 1102/454/13 1169/361/773 1103/359/14
f 1102/430/13 1103/357/14 1163/431/689
f 1163/431/689 1103/357/14 1164/355/690
f 1163/431/689 1164/355/690 1158/432/1265
f 1158/432/583 1164/355/690 1159/353/1072
f 1158/432/1236 1159/353/1267 1153/433/1266
f 1153/433/1423 1159/353/1072 1154/351/312
f 1153/433/1238 1154/351/1270 1148/434/700
f 1148/434/1074 1154/351/1269 1149/349/702
f 1148/434/1272 1149/349/706 1143/435/1075
f 1143/435/1075 1149/349/706 1144/347/707
f 1143/435/704 1144/347/1424 1138/436/1242
f 1138/436/708 1144/347/707 1139/345/306
f 1138/436/1242 1139/345/1274 1133/437/1276
f 1133/437/712 1139/345/710 1134/343/713
f 1133/437/1276 1134/343/1425 1128/438/610
f 1128/438/1079 1134/343/1425 1129/341/1277
f 1128/438/717 1129/341/718 1123/439/719
f 1123/439/719 1129/341/718 1124/339/1080
f 1123/439/719 1124/339/722 1118/440/723
f 1118/440/724 1124/339/722 1119/337/725
f 1118/440/723 1119/337/727 1108/441/728
f 1108/441/728 1119/337/727 1109/335/730
f 1108/441/731 1109/335/730 1111/442/1426
f 1111/442/20 1109/335/899 1110/333/1427
f 1111/442/20 1110/333/19 1214/443/732
f 1214/443/732 1110/333/19 1215/331/733
f 1214/443/732 1215/331/293 1209/444/734
f 1209/444/735 1215/331/733 1210/379/736
f 1209/444/735 1210/379/738 1204/445/739
f 1204/445/643 1210/379/738 1205/377/1083
f 1204/445/1057 1205/377/1428 1199/446/648
f 1097/689/1429 1098/690/1430 1104/367/1431
f 1104/367/324 1098/690/1432 1179/365/322
f 1179/365/1433 1098/690/1434 1174/363/321
f 1174/363/1435 1098/690/1436 317/691/116
f 1174/363/904 317/691/116 316/692/116
f 1174/363/321 316/692/16 1169/361/1309
f 1169/361/1309 316/692/16 315/693/16
f 1169/361/1309 315/693/16 1103/359/126
f 1103/357/126 315/694/16 314/695/16
f 1103/357/126 314/695/16 1164/355/318
f 1164/355/903 314/695/16 313/696/16
f 1164/355/903 313/696/16 1159/353/314
f 1159/353/1163 313/696/16 312/697/16
f 1159/353/314 312/697/310 1154/351/312
f 1154/351/313 312/697/116 311/698/16
f 1154/351/312 311/698/310 1149/349/309
f 1149/349/309 311/698/310 310/699/310
f 1149/349/309 310/699/299 1144/347/307
f 1144/347/707 310/699/299 309/700/299
f 1144/347/1308 309/700/299 1139/345/901
f 1139/345/901 309/700/299 308/344/299
f 1139/345/901 308/344/299 307/701/299
f 1139/345/901 307/701/299 1134/343/305
f 1134/343/304 307/701/299 306/702/299
f 1134/343/304 306/702/299 1129/341/302
f 1129/341/302 306/702/296 305/703/299
f 1129/341/302 305/703/296 1124/339/298
f 1124/339/1156 305/703/116 304/704/116
f 1124/339/298 304/704/296 1119/337/297
f 1119/337/1437 304/704/17 303/705/17
f 1119/337/297 303/705/17 1109/335/900
f 1109/335/900 303/705/17 302/706/17
f 1109/335/900 302/706/17 1110/333/53
f 1110/333/161 302/706/17 301/707/17
f 1110/333/161 301/707/17 1215/331/339
f 1215/331/339 301/707/17 300/684/17
f 1215/331/898 300/684/116 1210/379/337
f 1099/309/340 1100/380/341 1160/311/342
f 1160/311/343 1100/380/6 1161/381/914
f 1160/311/345 1161/381/346 1155/313/347
f 1155/313/1314 1161/381/466 1156/382/916
f 1155/313/1171 1156/382/1170 1150/315/1316
f 1150/315/1316 1156/382/916 1151/383/473
f 1150/315/1438 1151/383/1439 1145/317/921
f 1145/317/922 1151/383/1440 1146/384/478
f 1145/317/362 1146/384/363 1140/319/364
f 1140/319/256 1146/384/366 1141/385/1441
f 1140/319/881 1141/385/1442 1135/321/882
f 1135/321/927 1141/385/926 1136/386/373
f 1135/321/883 1136/386/1179 1130/323/885
f 1130/323/1443 1136/386/928 1131/387/1444
f 1130/323/1445 1131/387/380 1125/325/1181
f 1125/325/275 1131/387/935 1126/388/936
f 1125/325/892 1126/388/1319 1120/327/1446
f 1120/327/1446 1126/388/1319 1121/389/1447
f 1120/327/284 1121/389/942 1115/329/285
f 1115/329/1184 1121/389/389 1116/390/390
f 1115/329/285 1116/390/1185 1105/281/944
f 1105/281/393 1116/390/990 1106/391/946
f 1105/281/396 1106/391/397 1114/283/398
f 1114/283/26 1106/391/399 1113/392/64
f 1114/283/26 1113/392/25 1211/285/401
f 1211/285/1187 1113/392/1341 1212/393/517
f 1211/285/404 1212/393/950 1206/287/951
f 1206/287/406 1212/393/1448 1207/394/952
f 1206/287/833 1207/394/1449 1201/289/1327
f 1201/289/953 1207/394/997 1202/395/414
f 1201/289/1112 1202/395/1450 1196/291/837
f 1196/291/1188 1202/395/956 1197/396/536
f 1196/291/1374 1197/396/1451 1192/293/195
f 1192/293/1452 1197/396/536 1193/397/538
f 1192/293/1377 1193/397/427 1188/295/111
f 1188/295/843 1193/397/427 1189/398/428
f 1188/295/1117 1189/398/1453 1184/297/1454
f 1100/380/461 1101/405/12 1161/381/462
f 1161/381/463 1101/405/464 1162/406/465
f 1161/381/1455 1162/406/976 1156/382/469
f 1156/382/916 1162/406/467 1157/407/1456
f 1156/382/1335 1157/407/977 1151/383/473
f 1151/383/473 1157/407/1200 1152/408/474
f 1151/383/360 1152/408/978 1146/384/361
f 1146/384/1203 1152/408/979 1147/409/980
f 1146/384/363 1147/409/1336 1141/385/483
f 1141/385/1337 1147/409/484 1142/410/1036
f 1141/385/486 1142/410/983 1136/386/1177
f 1136/386/373 1142/410/489 1137/411/490
f 1136/386/1457 1137/411/598 1131/387/493
f 1131/387/375 1137/411/492 1132/412/1458
f 1131/387/1459 1132/412/602 1126/388/1460
f 1126/388/1338 1132/412/496 1127/413/1461
f 1126/388/1462 1127/413/1463 1121/389/501
f 1121/389/501 1127/413/500 1122/414/502
f 1121/389/1213 1122/414/503 1116/390/1214
f 1116/390/1321 1122/414/505 1117/415/1464
f 1116/390/390 1117/415/991 1106/391/508
f 1106/391/992 1117/415/991 1107/416/1465
f 1106/391/946 1107/416/513 1113/392/400
f 1113/392/400 1107/416/513 1112/417/23
f 1113/392/514 1112/417/515 1212/393/516
f 1212/393/516 1112/417/54 1213/418/995
f 1212/393/520 1213/418/521 1207/394/522
f 1207/394/522 1213/418/523 1208/419/524
f 1207/394/998 1208/419/526 1202/395/1216
f 1202/395/414 1208/419/1000 1203/420/1001
f 1202/395/1002 1203/420/534 1197/396/1466
f 1197/396/1466 1203/420/1220 1198/421/1344
f 1197/396/1467 1198/421/537 1193/397/1468
f 1193/397/1468 1198/421/537 1194/422/539
f 1193/397/424 1194/422/540 1189/398/541
f 1100/404/460 1099/307/1469 1166/403/1022
f 1166/403/970 1099/307/5 1165/305/457
f 1166/403/969 1165/305/1331 1171/402/455
f 1171/402/455 1165/305/1331 1170/303/449
f 1171/402/451 1170/303/449 1176/401/1470
f 1176/401/1470 1170/303/448 1175/301/1471
f 1176/401/1472 1175/301/1193 1181/400/551
f 1101/405/9 1102/430/10 1162/406/577
f 1162/406/577 1102/430/1473 1163/431/578
f 1162/406/470 1163/431/581 1157/407/471
f 1157/407/471 1163/431/578 1158/432/582
f 1157/407/1027 1158/432/1028 1152/408/1029
f 1152/408/1030 1158/432/1031 1153/433/591
f 1152/408/584 1153/433/1474 1147/409/481
f 1147/409/1033 1153/433/591 1148/434/1034
f 1147/409/481 1148/434/700 1142/410/1035
f 1142/410/1035 1148/434/593 1143/435/704
f 1142/410/596 1143/435/597 1137/411/598
f 1137/411/1039 1143/435/704 1138/436/1242
f 1137/411/1039 1138/436/1273 1132/412/1361
f 1132/412/1361 1138/436/1242 1133/437/1244
f 1132/412/986 1133/437/606 1127/413/607
f 1127/413/499 1133/437/1244 1128/438/610
f 1127/413/499 1128/438/1045 1122/414/611
f 1122/414/611 1128/438/1045 1123/439/616
f 1122/414/615 1123/439/616 1117/415/1475
f 1117/415/618 1123/439/619 1118/440/620
f 1117/415/618 1118/440/621 1107/416/1476
f 1107/416/993 1118/440/621 1108/441/1477
f 1107/416/622 1108/441/627 1112/417/1249
f 1112/417/55 1108/441/627 1111/442/1478
f 1112/417/1250 1111/442/1279 1213/418/631
f 1213/418/521 1111/442/21 1214/443/1253
f 1213/418/631 1214/443/630 1208/419/632
f 1208/419/633 1214/443/634 1209/444/635
f 1208/419/526 1209/444/640 1203/420/1051
f 1203/420/1479 1209/444/735 1204/445/739
f 1203/420/639 1204/445/1057 1198/421/1056
f 1198/421/1364 1204/445/1057 1199/446/1365
f 1198/421/647 1199/446/648 1194/422/649
f 1101/429/8 1100/404/135 1167/428/1024
f 1167/428/679 1100/404/571 1166/403/569
f 1167/428/1023 1166/403/1022 1172/427/1480
f 1172/427/677 1166/403/569 1171/402/563
f 1172/427/1481 1171/402/1229 1177/426/1020
f 1177/426/1020 1171/402/560 1176/401/447
f 1177/426/1018 1176/401/556 1182/425/555
f 1182/425/1226 1176/401/1016 1181/400/551
f 1182/425/1482 1181/400/551 1186/424/552
f 1102/454/1264 1101/429/12 1168/453/684
f 1168/453/684 1101/429/12 1167/428/1069
f 1168/453/682 1167/428/680 1173/452/678
f 1173/452/678 1167/428/679 1172/427/677
f 1173/452/681 1172/427/675 1178/451/673
f 1178/451/1483 1172/427/1484 1177/426/1485
f 1178/451/1065 1177/426/1064 1183/450/672
f 1183/450/672 1177/426/1018 1182/425/1486
f 1183/450/1487 1182/425/666 1187/449/1488
f 1187/449/1061 1182/425/665 1186/424/663
f 1187/449/1489 1186/424/660 1191/448/661
f 317/708/116 1098/709/1490 318/710/116
f 318/710/299 1098/709/1491 1228/711/901
f 318/710/299 1228/711/1492 1227/712/1492
f 1227/712/306 1228/711/710 1226/713/708
f 1226/713/708 1228/711/710 1231/714/708
f 1226/713/1242 1231/714/1242 1225/715/1039
f 1225/715/598 1231/714/601 1235/716/598
f 1225/715/598 1235/716/598 1224/717/1177
f 1224/717/1177 1235/716/598 1238/718/1177
f 1224/717/1493 1238/718/1493 1223/719/927
f 1223/719/927 1238/718/1493 1241/720/927
f 1223/719/883 1241/720/883 1222/721/880
f 1222/721/1494 1241/720/927 1240/722/927
f 1222/721/1495 1240/722/1496 1221/723/1495
f 1221/723/1494 1240/722/927 1239/724/927
f 1221/723/880 1239/724/883 1220/725/883
f 1220/725/927 1239/724/927 1219/726/1493
f 1219/726/1493 1239/724/927 1236/727/1493
f 1219/726/1177 1236/727/1177 1218/728/598
f 1218/728/598 1236/727/1177 1233/729/598
f 1218/728/598 1233/729/598 1217/730/601
f 1217/730/1242 1233/729/1039 1229/731/1242
f 1217/730/708 1229/731/708 1216/732/710
f 1216/732/710 1229/731/708 1232/733/710
f 1216/732/1492 1232/733/1492 349/734/299
f 349/734/299 1232/733/901 1094/735/1491
f 349/734/116 1094/735/1490 299/736/116
f 1098/709/1491 1097/737/1497 1228/711/1492
f 1228/711/710 1097/737/1498 1231/714/708
f 1097/737/1498 1096/738/1499 1231/714/708
f 1231/714/1242 1096/738/1500 1230/739/1242
f 1231/714/1242 1230/739/1242 1235/716/1039
f 1235/716/1039 1230/739/1242 1234/740/1039
f 1235/716/1501 1234/740/1501 1238/718/373
f 1238/718/1177 1234/740/598 1237/741/1177
f 1238/718/1493 1237/741/1493 1241/720/369
f 1241/720/927 1237/741/1493 1240/722/927
f 1230/739/1242 1096/738/1500 1229/731/1242
f 1229/731/708 1096/738/1499 1095/742/1498
f 1229/731/708 1095/742/1498 1232/733/710
f 1232/733/1492 1095/742/1502 1094/735/1491
f 1234/740/1039 1230/739/1242 1229/731/1242
f 1234/740/1039 1229/731/1242 1233/729/1039
f 1237/741/373 1234/740/1501 1233/729/1501
f 1237/741/1177 1233/729/598 1236/727/1177
f 1240/722/927 1237/741/1493 1236/727/1493
f 1240/722/927 1236/727/1493 1239/724/927
f 1243/8/288 1071/455/288 1242/6/775
f 1242/6/145 1071/455/776 1070/456/145
f 1242/4/145 1070/457/145 1265/2/777
f 1265/2/778 1070/457/779 1093/458/778
f 1265/2/778 1093/458/778 1264/50/175
f 1264/50/780 1093/458/1290 1092/459/780
f 1264/50/780 1092/459/780 1263/48/782
f 1263/48/782 1092/459/780 1091/460/782
f 1263/48/783 1091/460/783 1262/46/784
f 1262/46/785 1091/460/786 1090/461/785
f 1262/46/787 1090/461/787 1261/44/788
f 1261/44/788 1090/461/789 1089/462/788
f 1261/44/790 1089/462/790 1260/42/791
f 1260/42/791 1089/462/790 1088/463/791
f 1260/42/792 1088/463/792 1259/40/793
f 1259/40/793 1088/463/792 1087/464/793
f 1259/40/794 1087/464/794 1258/38/795
f 1258/38/796 1087/464/794 1086/465/796
f 1258/38/210 1086/465/210 1257/36/212
f 1257/36/212 1086/465/210 1085/466/212
f 1257/36/216 1085/466/216 1256/34/218
f 1256/34/218 1085/466/216 1084/467/218
f 1256/34/797 1084/467/797 1255/32/798
f 1255/32/798 1084/467/797 1083/468/798
f 1255/32/799 1083/468/799 1254/30/800
f 1254/30/144 1083/468/801 1082/469/144
f 1254/30/802 1082/469/802 1253/28/803
f 1253/28/804 1082/469/802 1081/470/804
f 1253/28/233 1081/470/233 1252/26/236
f 1252/26/236 1081/470/233 1080/471/236
f 1252/26/235 1080/471/235 1251/24/805
f 1251/24/805 1080/471/235 1079/472/805
f 1251/24/245 1079/472/245 1250/22/247
f 1250/22/247 1079/472/245 1078/473/247
f 1250/22/806 1078/473/806 1249/20/807
f 1249/20/807 1078/473/808 1077/474/807
f 1249/20/809 1077/474/809 1248/18/810
f 1248/18/810 1077/474/809 1076/475/810
f 1248/18/811 1076/475/811 1247/16/812
f 1247/16/813 1076/475/811 1075/476/813
f 1247/16/814 1075/476/814 1246/14/815
f 1246/14/816 1075/476/814 1074/477/816
f 1246/14/817 1074/477/817 1245/12/818
f 1245/12/819 1074/477/820 1073/478/819
f 1245/12/821 1073/478/821 1244/10/822
f 1244/10/822 1073/478/821 1072/479/822
f 1244/10/822 1072/479/822 1243/8/823
f 1243/8/288 1072/479/286 1071/455/288
f 1267/304/1503 1320/305/1504 1266/306/1505
f 1266/306/1505 1320/305/1504 1314/307/1506
f 1266/308/29 1314/309/30 1289/310/1507
f 1289/310/1508 1314/309/1509 1426/311/1510
f 1289/310/1511 1426/311/1512 1288/312/1513
f 1288/312/1514 1426/311/1515 1421/313/1516
f 1288/312/1517 1421/313/1518 1287/314/1519
f 1287/314/1520 1421/313/1516 1416/315/1521
f 1287/314/1522 1416/315/1523 1286/316/1524
f 1286/316/1525 1416/315/1526 1411/317/1527
f 1286/316/1528 1411/317/1529 1285/318/1530
f 1285/318/814 1411/317/1531 1406/319/1532
f 1285/318/813 1406/319/1533 1284/320/811
f 1284/320/1534 1406/319/1535 1401/321/1536
f 1284/320/260 1401/321/1537 1283/322/1099
f 1283/322/1099 1401/321/1538 1396/323/1539
f 1283/322/807 1396/323/1540 1282/324/247
f 1282/324/808 1396/323/1540 1391/325/1541
f 1282/324/870 1391/325/1542 1281/326/241
f 1281/326/1543 1391/325/1544 1386/327/1545
f 1281/326/1546 1386/327/1547 1280/328/1548
f 1280/328/1097 1386/327/1549 1381/329/1550
f 1280/328/1548 1381/329/1551 1279/280/1552
f 1279/280/1553 1381/329/1554 1376/281/1555
f 1279/280/1556 1376/281/1557 1278/282/1558
f 1278/282/144 1376/281/1559 1371/283/1560
f 1278/282/1561 1371/283/1562 1277/284/1563
f 1277/284/1564 1371/283/1562 1366/285/1565
f 1277/284/223 1366/285/1566 1276/286/218
f 1276/286/1567 1366/285/1568 1361/287/1569
f 1276/286/218 1361/287/1570 1275/288/216
f 1275/288/1124 1361/287/1571 1356/289/1572
f 1275/288/1573 1356/289/1574 1274/290/1575
f 1274/290/1094 1356/289/1576 1351/291/1577
f 1274/290/795 1351/291/1578 1273/292/794
f 1273/292/1579 1351/291/1580 1347/293/1581
f 1273/292/203 1347/293/1582 1272/294/1583
f 1272/294/1584 1347/293/1585 1343/295/1586
f 1272/294/791 1343/295/1587 1271/296/840
f 1271/296/1588 1343/295/1589 1339/297/1590
f 1271/296/192 1339/297/1591 1270/298/1592
f 1270/298/1593 1339/297/1591 1335/299/1594
f 1270/298/785 1335/299/1595 1269/300/1596
f 1269/300/1597 1335/299/1598 1330/301/1599
f 1269/300/782 1330/301/1600 1268/302/1104
f 1268/302/1601 1330/301/1602 1325/303/1603
f 1268/302/832 1325/303/1604 1267/304/781
f 1267/304/1503 1325/303/1605 1320/305/1606
f 1313/684/1607 1290/685/1607 1365/379/1608
f 1365/379/1608 1290/685/1607 1291/686/1609
f 1365/379/1608 1291/686/1609 1360/377/1610
f 1360/377/1610 1291/686/1611 1355/375/1612
f 1360/377/1613 1355/375/1614 1354/446/1615
f 1354/446/1616 1355/375/1617 1350/447/1618
f 1354/446/1619 1350/447/1620 1349/422/1621
f 1349/422/1622 1350/447/1618 1345/423/1623
f 1349/422/1624 1345/423/1625 1344/398/1626
f 1344/398/1627 1345/423/1628 1340/399/1629
f 1344/398/1630 1340/399/1629 1339/297/1631
f 1339/297/1632 1340/399/1633 1335/299/1594
f 1291/686/1634 1292/687/1635 1355/375/1636
f 1355/375/1637 1292/687/1638 1350/447/1639
f 1292/687/1640 1293/688/1641 1350/447/1620
f 1350/447/1642 1293/688/1643 1346/448/1644
f 1350/447/1645 1346/448/1646 1345/423/1647
f 1345/423/1648 1346/448/1649 1341/424/1650
f 1345/423/1651 1341/424/1650 1340/399/1652
f 1340/399/1653 1341/424/1650 1336/400/1654
f 1340/399/1655 1336/400/1656 1335/299/1657
f 1335/299/1598 1336/400/1658 1330/301/1599
f 1346/448/1644 1293/688/1659 1342/449/1660
f 1342/449/1661 1293/688/1662 1294/689/1663
f 1342/449/1664 1294/689/1663 1338/450/1665
f 1338/450/1666 1294/689/1667 1319/367/1668
f 1338/450/1669 1319/367/1670 1333/451/1671
f 1333/451/1671 1319/367/1670 1334/365/1672
f 1333/451/1671 1334/365/1673 1328/452/1674
f 1328/452/1674 1334/365/1675 1329/363/1676
f 1328/452/1677 1329/363/1678 1323/453/1679
f 1323/453/1679 1329/363/1678 1324/361/1680
f 1323/453/1679 1324/361/1681 1317/454/65
f 1317/454/65 1324/361/1681 1318/359/1682
f 1317/430/37 1318/357/38 1429/431/1683
f 1429/431/1683 1318/357/38 1430/355/1684
f 1429/431/1683 1430/355/1685 1424/432/1686
f 1424/432/1687 1430/355/1684 1425/353/1688
f 1424/432/1689 1425/353/1690 1419/433/1691
f 1419/433/1692 1425/353/1688 1420/351/1693
f 1419/433/1694 1420/351/1695 1414/434/1696
f 1414/434/1697 1420/351/1698 1415/349/1699
f 1414/434/1700 1415/349/1701 1409/435/1702
f 1409/435/1702 1415/349/1701 1410/347/1703
f 1409/435/1704 1410/347/1705 1404/436/1706
f 1404/436/1707 1410/347/1708 1405/345/1709
f 1404/436/1706 1405/345/1710 1399/437/1711
f 1399/437/1712 1405/345/1709 1400/343/1713
f 1399/437/1714 1400/343/1715 1394/438/1716
f 1394/438/1717 1400/343/1715 1395/341/1718
f 1394/438/1719 1395/341/1720 1389/439/1721
f 1389/439/1721 1395/341/1720 1390/339/1722
f 1389/439/1721 1390/339/1723 1384/440/1724
f 1384/440/1724 1390/339/1723 1385/337/1725
f 1384/440/1726 1385/337/1725 1379/441/1727
f 1379/441/1727 1385/337/1725 1380/335/1728
f 1379/441/1729 1380/335/1728 1374/442/69
f 1374/442/44 1380/335/1728 1375/333/43
f 1374/442/44 1375/333/43 1369/443/1730
f 1369/443/1731 1375/333/43 1370/331/1732
f 1369/443/1730 1370/331/1733 1364/444/1734
f 1364/444/1735 1370/331/1732 1365/379/1736
f 1364/444/1737 1365/379/1738 1359/445/1739
f 1359/445/1739 1365/379/1740 1360/377/1741
f 1359/445/1742 1360/377/1743 1354/446/1744
f 1294/689/1745 1295/690/1746 1319/367/1747
f 1319/367/1748 1295/690/1749 1334/365/1750
f 1334/365/1750 1295/690/1751 1329/363/1752
f 1329/363/1752 1295/690/1751 1296/691/1753
f 1329/363/1752 1296/691/40 1297/692/40
f 1329/363/1752 1297/692/40 1324/361/1754
f 1324/361/1680 1297/692/40 1298/693/40
f 1324/361/1755 1298/693/40 1318/359/39
f 1318/357/66 1298/694/40 1299/695/40
f 1318/357/39 1299/695/67 1430/355/1756
f 1430/355/1757 1299/695/40 1300/696/40
f 1430/355/1757 1300/696/40 1425/353/1758
f 1425/353/1759 1300/696/1760 1301/697/40
f 1425/353/1758 1301/697/1761 1420/351/1762
f 1420/351/1763 1301/697/67 1302/698/40
f 1420/351/1693 1302/698/1761 1415/349/1764
f 1415/349/1764 1302/698/1760 1303/699/1760
f 1415/349/1764 1303/699/1761 1410/347/1765
f 1410/347/1765 1303/699/1761 1304/700/1761
f 1410/347/1766 1304/700/1761 1405/345/1767
f 1405/345/1767 1304/700/1761 1305/344/1761
f 1405/345/1767 1305/344/1761 1306/701/1761
f 1405/345/1767 1306/701/1761 1400/343/1713
f 1400/343/1713 1306/701/1761 1307/702/1761
f 1400/343/1768 1307/702/1761 1395/341/1769
f 1395/341/1769 1307/702/1770 1308/703/1770
f 1395/341/1771 1308/703/1761 1390/339/1772
f 1390/339/1773 1308/703/67 1309/704/67
f 1390/339/1774 1309/704/67 1385/337/1775
f 1385/337/1776 1309/704/41 1310/705/41
f 1385/337/1775 1310/705/41 1380/335/1777
f 1380/335/1777 1310/705/41 1311/706/41
f 1380/335/1778 1311/706/67 1375/333/62
f 1375/333/68 1311/706/41 1312/707/41
f 1375/333/62 1312/707/41 1370/331/1779
f 1370/331/1733 1312/707/41 1313/684/41
f 1370/331/1779 1313/684/67 1365/379/1780
f 1314/309/31 1315/380/32 1426/311/1781
f 1426/311/1782 1315/380/1783 1427/381/1784
f 1426/311/1782 1427/381/1785 1421/313/1786
f 1421/313/1786 1427/381/1787 1422/382/1788
f 1421/313/1789 1422/382/1788 1416/315/1790
f 1416/315/1791 1422/382/1792 1417/383/1793
f 1416/315/1794 1417/383/1795 1411/317/1529
f 1411/317/1796 1417/383/1795 1412/384/1797
f 1411/317/1798 1412/384/1799 1406/319/1800
f 1406/319/1800 1412/384/1799 1407/385/1801
f 1406/319/1802 1407/385/1803 1401/321/1804
f 1401/321/1536 1407/385/1805 1402/386/1806
f 1401/321/1807 1402/386/1806 1396/323/1808
f 1396/323/1808 1402/386/1809 1397/387/1810
f 1396/323/1811 1397/387/1812 1391/325/1813
f 1391/325/1814 1397/387/1815 1392/388/1816
f 1391/325/1817 1392/388/1818 1386/327/1819
f 1386/327/1820 1392/388/1821 1387/389/1822
f 1386/327/1823 1387/389/1824 1381/329/1825
f 1381/329/1825 1387/389/1826 1382/390/1827
f 1381/329/1828 1382/390/1829 1376/281/1830
f 1376/281/1831 1382/390/1827 1377/391/1832
f 1376/281/1833 1377/391/1834 1371/283/1835
f 1371/283/1836 1377/391/1837 1372/392/1838
f 1371/283/1839 1372/392/1840 1366/285/1568
f 1366/285/1841 1372/392/50 1367/393/1842
f 1366/285/1843 1367/393/1844 1361/287/1569
f 1361/287/1569 1367/393/1845 1362/394/1846
f 1361/287/1570 1362/394/1847 1356/289/1848
f 1356/289/1849 1362/394/1850 1357/395/1851
f 1356/289/1852 1357/395/1853 1351/291/1854
f 1351/291/1855 1357/395/1856 1352/396/1857
f 1351/291/1858 1352/396/1859 1347/293/1860
f 1347/293/1861 1352/396/1862 1348/397/1863
f 1347/293/1864 1348/397/1865 1343/295/1866
f 1343/295/1867 1348/397/1868 1344/398/1869
f 1343/295/1587 1344/398/1870 1339/297/1871
f 1315/380/1872 1316/405/1873 1427/381/1874
f 1427/381/1784 1316/405/1875 1428/406/1876
f 1427/381/1874 1428/406/1877 1422/382/1878
f 1422/382/1879 1428/406/1880 1423/407/1881
f 1422/382/1788 1423/407/1882 1417/383/1793
f 1417/383/1883 1423/407/1884 1418/408/1885
f 1417/383/1886 1418/408/1887 1412/384/1888
f 1412/384/1889 1418/408/1890 1413/409/1891
f 1412/384/1892 1413/409/1893 1407/385/1801
f 1407/385/1894 1413/409/1895 1408/410/1896
f 1407/385/1897 1408/410/1898 1402/386/1899
f 1402/386/1900 1408/410/1898 1403/411/1901
f 1402/386/1902 1403/411/1903 1397/387/1904
f 1397/387/1905 1403/411/1906 1398/412/1907
f 1397/387/1908 1398/412/1907 1392/388/1909
f 1392/388/1910 1398/412/1911 1393/413/1912
f 1392/388/1913 1393/413/1914 1387/389/1915
f 1387/389/1916 1393/413/1912 1388/414/1917
f 1387/389/1918 1388/414/1917 1382/390/1919
f 1382/390/1920 1388/414/1921 1383/415/1922
f 1382/390/1923 1383/415/1924 1377/391/1832
f 1377/391/1832 1383/415/1925 1378/416/1926
f 1377/391/1927 1378/416/1928 1372/392/1929
f 1372/392/49 1378/416/1930 1373/417/1931
f 1372/392/49 1373/417/46 1367/393/1932
f 1367/393/1933 1373/417/1934 1368/418/1935
f 1367/393/1936 1368/418/1937 1362/394/1850
f 1362/394/1938 1368/418/1939 1363/419/1940
f 1362/394/1941 1363/419/1942 1357/395/1943
f 1357/395/1856 1363/419/1944 1358/420/1945
f 1357/395/1946 1358/420/1947 1352/396/1948
f 1352/396/1857 1358/420/1949 1353/421/1950
f 1352/396/1951 1353/421/1952 1348/397/1953
f 1348/397/1953 1353/421/1954 1349/422/1955
f 1348/397/1863 1349/422/1956 1344/398/1957
f 1315/404/32 1314/307/31 1321/403/1958
f 1321/403/1959 1314/307/31 1320/305/1960
f 1321/403/1961 1320/305/1504 1326/402/1962
f 1326/402/1963 1320/305/1964 1325/303/1603
f 1326/402/1963 1325/303/1965 1331/401/1966
f 1331/401/1967 1325/303/1603 1330/301/1968
f 1331/401/1969 1330/301/1970 1336/400/1656
f 1316/405/1873 1317/430/1971 1428/406/1877
f 1428/406/1972 1317/430/59 1429/431/1973
f 1428/406/1974 1429/431/1975 1423/407/1976
f 1423/407/1977 1429/431/1975 1424/432/1978
f 1423/407/1979 1424/432/1980 1418/408/1981
f 1418/408/1982 1424/432/1983 1419/433/1984
f 1418/408/1985 1419/433/1986 1413/409/1987
f 1413/409/1988 1419/433/1694 1414/434/1696
f 1413/409/1895 1414/434/1989 1408/410/1990
f 1408/410/1991 1414/434/1696 1409/435/1992
f 1408/410/1896 1409/435/1704 1403/411/1906
f 1403/411/1993 1409/435/1704 1404/436/1706
f 1403/411/1994 1404/436/1995 1398/412/1996
f 1398/412/1997 1404/436/1706 1399/437/1711
f 1398/412/1911 1399/437/1998 1393/413/1999
f 1393/413/2000 1399/437/1711 1394/438/2001
f 1393/413/2002 1394/438/2001 1388/414/2003
f 1388/414/2003 1394/438/2004 1389/439/2005
f 1388/414/2006 1389/439/2007 1383/415/2008
f 1383/415/2008 1389/439/2005 1384/440/2009
f 1383/415/2010 1384/440/2011 1378/416/2012
f 1378/416/2013 1384/440/2014 1379/441/2015
f 1378/416/2016 1379/441/2017 1373/417/47
f 1373/417/47 1379/441/2017 1374/442/2018
f 1373/417/46 1374/442/45 1368/418/2019
f 1368/418/2019 1374/442/2020 1369/443/2021
f 1368/418/2022 1369/443/1731 1363/419/2023
f 1363/419/2024 1369/443/2025 1364/444/2026
f 1363/419/1942 1364/444/2027 1358/420/2028
f 1358/420/2029 1364/444/2030 1359/445/2031
f 1358/420/2032 1359/445/2033 1353/421/2034
f 1353/421/2035 1359/445/1739 1354/446/1615
f 1353/421/2036 1354/446/2037 1349/422/2038
f 1316/429/2039 1315/404/2040 1322/428/2041
f 1322/428/2042 1315/404/2040 1321/403/2043
f 1322/428/2044 1321/403/2045 1327/427/2046
f 1327/427/2047 1321/403/2048 1326/402/2049
f 1327/427/2050 1326/402/2051 1332/426/2052
f 1332/426/2053 1326/402/2054 1331/401/2055
f 1332/426/2056 1331/401/2057 1337/425/2058
f 1337/425/2059 1331/401/2060 1336/400/2061
f 1337/425/2062 1336/400/2063 1341/424/2064
f 1317/454/2065 1316/429/2066 1323/453/2067
f 1323/453/2067 1316/429/2066 1322/428/2042
f 1323/453/2068 1322/428/2069 1328/452/2070
f 1328/452/2070 1322/428/2071 1327/427/2047
f 1328/452/2072 1327/427/2073 1333/451/2074
f 1333/451/2075 1327/427/2076 1332/426/2077
f 1333/451/2078 1332/426/2079 1338/450/2080
f 1338/450/2081 1332/426/2082 1337/425/2083
f 1338/450/2084 1337/425/2085 1342/449/2086
f 1342/449/2087 1337/425/2088 1341/424/2089
f 1342/449/2090 1341/424/2091 1346/448/2092
f 1296/708/67 1295/709/2093 1444/710/67
f 1444/710/1761 1295/709/2094 1445/711/1767
f 1444/710/1761 1445/711/2095 1443/712/2095
f 1443/712/1709 1445/711/1709 1442/713/1707
f 1442/713/1707 1445/711/1710 1448/714/1707
f 1442/713/1706 1448/714/1706 1441/715/1993
f 1441/715/1906 1448/714/2096 1452/716/1906
f 1441/715/1906 1452/716/1906 1440/717/1899
f 1440/717/1899 1452/716/1906 1455/718/1899
f 1440/717/1806 1455/718/1806 1439/719/2097
f 1439/719/2097 1455/718/1806 1458/720/2097
f 1439/719/1536 1458/720/1536 1438/721/1306
f 1438/721/2098 1458/720/2097 1457/722/2097
f 1438/721/1495 1457/722/2099 1437/723/1495
f 1437/723/2098 1457/722/2097 1456/724/2097
f 1437/723/1306 1456/724/1536 1436/725/1536
f 1436/725/2097 1456/724/2097 1435/726/1806
f 1435/726/1806 1456/724/2097 1453/727/1806
f 1435/726/1899 1453/727/1899 1434/743/1906
f 1434/743/1906 1453/727/1899 1450/729/1906
f 1434/743/1906 1450/729/1906 1433/730/2096
f 1433/730/1706 1450/729/1993 1446/731/1706
f 1433/730/1707 1446/731/1707 1432/732/1710
f 1432/732/1709 1446/731/1707 1449/733/1709
f 1432/732/2095 1449/733/2095 1431/734/1761
f 1431/734/1761 1449/733/1767 1291/735/2094
f 1431/734/67 1291/735/2093 1290/736/67
f 1295/709/2094 1294/737/2100 1445/711/2095
f 1445/711/1710 1294/737/2101 1448/714/1707
f 1294/737/2101 1293/738/2102 1448/714/1707
f 1448/714/2096 1293/738/2103 1447/739/2096
f 1448/714/1706 1447/739/1706 1452/716/1993
f 1452/716/1993 1447/739/1706 1451/740/1993
f 1452/716/2104 1451/740/2104 1455/718/1902
f 1455/718/1899 1451/740/1906 1454/741/1899
f 1455/718/1806 1454/741/1806 1458/720/2097
f 1458/720/2097 1454/741/1806 1457/722/2097
f 1447/739/2096 1293/738/2103 1446/731/2096
f 1446/731/1707 1293/738/2105 1292/742/2101
f 1446/731/1707 1292/742/2101 1449/733/1710
f 1449/733/2095 1292/742/2100 1291/735/2094
f 1451/740/1993 1447/739/1706 1446/731/1706
f 1451/740/1993 1446/731/1706 1450/729/1993
f 1454/741/1902 1451/740/2104 1450/729/2104
f 1454/741/1899 1450/729/1906 1453/727/1899
f 1457/722/2097 1454/741/1806 1453/727/1806
f 1457/722/2097 1453/727/1809 1456/724/2097
f 1460/744/778 1267/745/778 1459/746/1091
f 1459/746/145 1267/745/777 1266/747/145
f 1459/748/145 1266/749/145 1482/750/776
f 1482/750/1090 1266/749/826 1289/751/1090
f 1482/750/897 1289/751/897 1481/752/286
f 1481/752/286 1289/751/897 1288/753/286
f 1481/752/282 1288/753/282 1480/754/280
f 1480/754/821 1288/753/822 1287/755/821
f 1480/754/819 1287/755/819 1479/756/820
f 1479/756/817 1287/755/818 1286/757/817
f 1479/756/815 1286/757/815 1478/758/814
f 1478/758/814 1286/757/815 1285/759/814
f 1478/758/813 1285/759/813 1477/760/811
f 1477/760/811 1285/759/812 1284/761/811
f 1477/760/810 1284/761/810 1476/762/1293
f 1476/762/809 1284/761/810 1283/763/809
f 1476/762/807 1283/763/807 1475/764/808
f 1475/764/806 1283/763/807 1282/765/806
f 1475/764/247 1282/765/247 1474/766/245
f 1474/766/241 1282/765/870 1281/767/241
f 1474/766/241 1281/767/241 1473/768/1097
f 1473/768/235 1281/767/805 1280/769/235
f 1473/768/236 1280/769/236 1472/770/233
f 1472/770/233 1280/769/236 1279/771/233
f 1472/770/803 1279/771/803 1471/772/802
f 1471/772/802 1279/771/804 1278/773/802
f 1471/772/800 1278/773/800 1470/774/799
f 1470/774/801 1278/773/144 1277/775/801
f 1470/774/798 1277/775/798 1469/776/797
f 1469/776/797 1277/775/798 1276/777/797
f 1469/776/218 1276/777/218 1468/778/216
f 1468/778/213 1276/777/219 1275/779/213
f 1468/778/213 1275/779/213 1467/780/1094
f 1467/780/210 1275/779/212 1274/781/210
f 1467/780/795 1274/781/795 1466/782/794
f 1466/782/794 1274/781/796 1273/783/794
f 1466/782/793 1273/783/793 1465/784/792
f 1465/784/792 1273/783/793 1272/785/792
f 1465/784/791 1272/785/791 1464/786/790
f 1464/786/790 1272/785/791 1271/787/790
f 1464/786/788 1271/787/788 1463/788/789
f 1463/788/789 1271/787/788 1270/789/789
f 1463/788/785 1270/789/785 1462/790/786
f 1462/790/783 1270/789/784 1269/791/783
f 1462/790/782 1269/791/782 1461/792/780
f 1461/792/178 1269/791/180 1268/793/178
f 1461/792/175 1268/793/175 1460/744/781
f 1460/744/781 1268/793/175 1267/745/781
f 1484/304/2106 1536/305/2107 1483/306/29
f 1483/306/1505 1536/305/1504 1531/307/1506
f 1483/308/2108 1531/309/2109 1506/310/1508
f 1506/310/1507 1531/309/30 1646/311/2110
f 1506/310/897 1646/311/2111 1505/312/822
f 1505/312/286 1646/311/2111 1641/313/2112
f 1505/312/822 1641/313/2113 1504/314/821
f 1504/314/280 1641/313/2114 1636/315/2115
f 1504/314/1395 1636/315/2116 1503/316/2117
f 1503/316/1525 1636/315/1526 1631/317/1796
f 1503/316/2118 1631/317/2119 1502/318/2120
f 1502/318/1144 1631/317/2121 1626/319/2122
f 1502/318/1141 1626/319/1532 1501/320/1534
f 1501/320/880 1626/319/2123 1621/321/2124
f 1501/320/260 1621/321/1807 1500/322/878
f 1500/322/1139 1621/321/2125 1616/323/2126
f 1500/322/2127 1616/323/2128 1499/324/2129
f 1499/324/2130 1616/323/2131 1611/325/2132
f 1499/324/2130 1611/325/2133 1498/326/2134
f 1498/326/2135 1611/325/2133 1606/327/2136
f 1498/326/241 1606/327/1545 1497/328/1097
f 1497/328/1548 1606/327/1547 1601/329/2137
f 1497/328/2138 1601/329/2139 1496/280/1553
f 1496/280/233 1601/329/2139 1596/281/2140
f 1496/280/1556 1596/281/2141 1495/282/1558
f 1495/282/2 1596/281/2142 1591/283/1
f 1495/282/2 1591/283/1835 1494/284/2143
f 1494/284/799 1591/283/2144 1586/285/1565
f 1494/284/223 1586/285/2145 1493/286/221
f 1493/286/1567 1586/285/1568 1581/287/1569
f 1493/286/2146 1581/287/1571 1492/288/1124
f 1492/288/1095 1581/287/1570 1576/289/1848
f 1492/288/2147 1576/289/2148 1491/290/2149
f 1491/290/2150 1576/289/2151 1571/291/2152
f 1491/290/2153 1571/291/1855 1490/292/2154
f 1490/292/1116 1571/291/2155 1566/293/2156
f 1490/292/2157 1566/293/1585 1489/294/2158
f 1489/294/844 1566/293/2159 1561/295/2160
f 1489/294/198 1561/295/2161 1488/296/2162
f 1488/296/2163 1561/295/2164 1556/297/2165
f 1488/296/192 1556/297/2165 1487/298/789
f 1487/298/1593 1556/297/1591 1551/299/2166
f 1487/298/2167 1551/299/2168 1486/300/2169
f 1486/300/834 1551/299/2170 1546/301/2171
f 1486/300/180 1546/301/2172 1485/302/178
f 1485/302/1601 1546/301/1600 1541/303/1603
f 1485/302/780 1541/303/1604 1484/304/781
f 1484/304/1102 1541/303/2173 1536/305/2174
f 1508/354/40 1650/355/1685 1507/356/40
f 1507/356/40 1650/355/2175 1535/357/39
f 1507/358/40 1535/359/39 1530/360/40
f 1530/360/40 1535/359/39 1540/361/1755
f 1530/360/40 1540/361/1754 1529/362/40
f 1529/362/40 1540/361/1755 1545/363/2176
f 1529/362/1753 1545/363/1752 1528/364/40
f 1528/364/40 1545/363/2177 1550/365/2178
f 1528/364/1753 1550/365/1673 1527/366/1753
f 1527/366/2179 1550/365/2180 1555/367/1748
f 1527/366/2179 1555/367/1748 1526/368/2179
f 1526/368/2179 1555/367/2181 1560/369/2182
f 1526/368/2179 1560/369/2183 1525/370/2179
f 1525/370/2179 1560/369/2183 1565/371/2184
f 1525/370/2179 1565/371/2184 1524/372/2179
f 1524/372/2179 1565/371/2185 1570/373/2186
f 1524/372/2179 1570/373/2187 1523/374/2179
f 1523/374/2179 1570/373/2187 1575/375/1636
f 1523/374/1607 1575/375/1612 1522/376/41
f 1522/376/2179 1575/375/1612 1580/377/1741
f 1522/376/1607 1580/377/1741 1521/378/1607
f 1521/378/2179 1580/377/2188 1585/379/1780
f 1521/378/41 1585/379/2189 1520/330/41
f 1520/330/41 1585/379/1608 1590/331/2190
f 1520/330/41 1590/331/2190 1519/332/41
f 1519/332/41 1590/331/1779 1595/333/62
f 1519/332/41 1595/333/62 1518/334/41
f 1518/334/41 1595/333/62 1600/335/2191
f 1518/334/41 1600/335/1777 1517/336/41
f 1517/336/41 1600/335/1777 1605/337/1775
f 1517/336/1770 1605/337/1776 1516/338/1770
f 1516/338/1770 1605/337/2192 1610/339/1773
f 1516/338/41 1610/339/2193 1515/340/41
f 1515/340/1761 1610/339/1772 1615/341/1771
f 1515/340/1761 1615/341/1771 1514/342/1761
f 1514/342/1761 1615/341/1771 1620/343/2194
f 1514/342/1761 1620/343/2194 1513/344/67
f 1513/344/1761 1620/343/2195 1625/345/1709
f 1513/344/1761 1625/345/1767 1512/346/1761
f 1512/346/1761 1625/345/1709 1630/347/1765
f 1512/346/1761 1630/347/2196 1511/348/1761
f 1511/348/1761 1630/347/2196 1635/349/2197
f 1511/348/1760 1635/349/1764 1510/350/1760
f 1510/350/1761 1635/349/2198 1640/351/2199
f 1510/350/1760 1640/351/2200 1509/352/1760
f 1509/352/67 1640/351/2199 1645/353/2201
f 1509/352/40 1645/353/1758 1508/354/40
f 1508/354/40 1645/353/1758 1650/355/1685
f 1531/309/2202 1532/380/2203 1646/311/1782
f 1646/311/1512 1532/380/2204 1647/381/2205
f 1646/311/2206 1647/381/1787 1641/313/2207
f 1641/313/2208 1647/381/2209 1642/382/2210
f 1641/313/1789 1642/382/2211 1636/315/2212
f 1636/315/1521 1642/382/2213 1637/383/2214
f 1636/315/1523 1637/383/2215 1631/317/1529
f 1631/317/2216 1637/383/1883 1632/384/2217
f 1631/317/2119 1632/384/1892 1626/319/1800
f 1626/319/2218 1632/384/2219 1627/385/1801
f 1626/319/2220 1627/385/2221 1621/321/2222
f 1621/321/2223 1627/385/1805 1622/386/2224
f 1621/321/2225 1622/386/2226 1616/323/2227
f 1616/323/1808 1622/386/1809 1617/387/1810
f 1616/323/2228 1617/387/2229 1611/325/2132
f 1611/325/2230 1617/387/1908 1612/388/2231
f 1611/325/2232 1612/388/1913 1606/327/2233
f 1606/327/2234 1612/388/1821 1607/389/2235
f 1606/327/2233 1607/389/2235 1601/329/1551
f 1601/329/2236 1607/389/1826 1602/390/2237
f 1601/329/2238 1602/390/2239 1596/281/1831
f 1596/281/2240 1602/390/1827 1597/391/2241
f 1596/281/2242 1597/391/2243 1591/283/51
f 1591/283/2244 1597/391/1927 1592/392/1929
f 1591/283/51 1592/392/50 1586/285/1565
f 1586/285/1841 1592/392/2245 1587/393/2246
f 1586/285/1843 1587/393/1845 1581/287/1569
f 1581/287/1569 1587/393/1845 1582/394/1846
f 1581/287/2247 1582/394/2248 1576/289/1848
f 1576/289/2249 1582/394/2250 1577/395/1851
f 1576/289/2148 1577/395/1856 1571/291/2251
f 1571/291/2252 1577/395/2253 1572/396/1951
f 1571/291/1580 1572/396/1951 1566/293/1581
f 1566/293/1860 1572/396/2254 1567/397/2255
f 1566/293/1582 1567/397/1868 1561/295/2256
f 1561/295/1867 1567/397/1868 1562/398/1869
f 1561/295/2257 1562/398/2258 1556/297/1631
f 1556/297/2259 1562/398/2260 1557/399/2261
f 1556/297/2262 1557/399/2263 1551/299/2166
f 1551/299/2264 1557/399/1655 1552/400/1656
f 1551/299/2168 1552/400/2061 1546/301/2265
f 1546/301/1602 1552/400/1658 1547/401/2266
f 1546/301/2267 1547/401/2055 1541/303/1965
f 1541/303/2268 1547/401/2269 1542/402/1963
f 1541/303/2270 1542/402/2271 1536/305/1964
f 1536/305/2272 1542/402/2273 1537/403/2274
f 1536/305/2275 1537/403/1959 1531/307/2276
f 1531/307/31 1537/403/2277 1532/404/2204
f 1532/380/2204 1533/405/34 1647/381/1784
f 1647/381/1784 1533/405/2039 1648/406/1876
f 1647/381/2278 1648/406/2279 1642/382/2211
f 1642/382/1878 1648/406/2279 1643/407/1977
f 1642/382/1788 1643/407/1882 1637/383/1793
f 1637/383/2280 1643/407/2281 1638/408/2282
f 1637/383/2283 1638/408/2284 1632/384/2285
f 1632/384/2217 1638/408/2284 1633/409/2286
f 1632/384/1892 1633/409/2287 1627/385/1801
f 1627/385/1801 1633/409/2288 1628/410/1990
f 1627/385/1897 1628/410/2289 1622/386/2290
f 1622/386/2291 1628/410/1898 1623/411/2292
f 1622/386/1902 1623/411/2104 1617/387/2293
f 1617/387/1905 1623/411/1906 1618/412/2294
f 1617/387/1908 1618/412/1911 1612/388/2231
f 1612/388/1909 1618/412/1907 1613/413/2295
f 1612/388/2296 1613/413/2297 1607/389/1918
f 1607/389/1915 1613/413/1914 1608/414/2298
f 1607/389/2299 1608/414/2300 1602/390/2301
f 1602/390/2302 1608/414/2303 1603/415/2304
f 1602/390/1827 1603/415/2305 1597/391/1832
f 1597/391/2306 1603/415/2307 1598/416/2308
f 1597/391/1927 1598/416/1930 1592/392/2245
f 1592/392/2309 1598/416/2308 1593/417/2310
f 1592/392/2311 1593/417/48 1587/393/2312
f 1587/393/2312 1593/417/2313 1588/418/1935
f 1587/393/2314 1588/418/2019 1582/394/1938
f 1582/394/1938 1588/418/2315 1583/419/2316
f 1582/394/1941 1583/419/1942 1577/395/1943
f 1577/395/2317 1583/419/2318 1578/420/2319
f 1577/395/2253 1578/420/1949 1572/396/1857
f 1572/396/1857 1578/420/1949 1573/421/2320
f 1572/396/1862 1573/421/2036 1567/397/2321
f 1567/397/2321 1573/421/2036 1568/422/2322
f 1567/397/1863 1568/422/1956 1562/398/1627
f 1562/398/2323 1568/422/2324 1563/423/1625
f 1562/398/2325 1563/423/1648 1557/399/1652
f 1557/399/1629 1563/423/2326 1558/424/2327
f 1557/399/2328 1558/424/2329 1552/400/1656
f 1552/400/1654 1558/424/1650 1553/425/2085
f 1552/400/2330 1553/425/2331 1547/401/2060
f 1547/401/2057 1553/425/2058 1548/426/2056
f 1547/401/2332 1548/426/2052 1542/402/2051
f 1542/402/2333 1548/426/2053 1543/427/2050
f 1542/402/2334 1543/427/2335 1537/403/2048
f 1537/403/2045 1543/427/2336 1538/428/2044
f 1537/403/2043 1538/428/2337 1532/404/33
f 1532/404/2040 1538/428/2041 1533/429/2039
f 1533/405/2338 1534/430/59 1648/406/1974
f 1648/406/2339 1534/430/36 1649/431/1973
f 1648/406/2279 1649/431/2340 1643/407/1977
f 1643/407/2341 1649/431/1973 1644/432/1689
f 1643/407/1979 1644/432/1980 1638/408/1981
f 1638/408/1981 1644/432/1980 1639/433/1984
f 1638/408/1887 1639/433/2342 1633/409/2343
f 1633/409/1988 1639/433/1984 1634/434/2344
f 1633/409/1895 1634/434/2344 1628/410/1896
f 1628/410/1991 1634/434/2344 1629/435/2345
f 1628/410/1896 1629/435/2346 1623/411/1901
f 1623/411/1993 1629/435/1704 1624/436/1706
f 1623/411/1994 1624/436/2347 1618/412/2348
f 1618/412/1907 1624/436/2349 1619/437/2350
f 1618/412/2294 1619/437/2351 1613/413/2352
f 1613/413/1999 1619/437/1711 1614/438/2353
f 1613/413/1999 1614/438/2001 1608/414/2003
f 1608/414/1917 1614/438/2004 1609/439/2005
f 1608/414/1917 1609/439/2005 1603/415/2354
f 1603/415/2354 1609/439/2005 1604/440/2355
f 1603/415/2010 1604/440/2011 1598/416/2012
f 1598/416/2013 1604/440/2011 1599/441/2356
f 1598/416/2357 1599/441/2017 1593/417/46
f 1593/417/2358 1599/441/2017 1594/442/2018
f 1593/417/46 1594/442/45 1588/418/2359
f 1588/418/2359 1594/442/45 1589/443/2021
f 1588/418/2315 1589/443/2360 1583/419/2024
f 1583/419/2361 1589/443/1731 1584/444/2026
f 1583/419/2362 1584/444/2030 1578/420/2363
f 1578/420/1947 1584/444/2027 1579/445/2364
f 1578/420/2365 1579/445/2364 1573/421/2366
f 1573/421/2034 1579/445/2033 1574/446/2367
f 1573/421/2036 1574/446/1619 1568/422/2322
f 1568/422/1621 1574/446/1744 1569/447/2368
f 1568/422/1621 1569/447/1618 1563/423/1623
f 1563/423/1647 1569/447/2369 1564/448/2370
f 1563/423/1648 1564/448/2092 1558/424/1650
f 1558/424/2371 1564/448/2372 1559/449/1661
f 1558/424/2329 1559/449/2086 1553/425/2085
f 1553/425/2085 1559/449/2087 1554/450/2084
f 1553/425/2373 1554/450/2080 1548/426/2079
f 1548/426/2079 1554/450/2374 1549/451/2075
f 1548/426/2375 1549/451/2078 1543/427/2076
f 1543/427/2376 1549/451/2075 1544/452/2377
f 1543/427/2047 1544/452/2070 1538/428/2378
f 1538/428/2069 1544/452/2070 1539/453/2068
f 1538/428/2069 1539/453/2067 1533/429/2066
f 1533/429/58 1539/453/2067 1534/454/36
f 1534/430/37 1535/357/38 1649/431/1683
f 1649/431/1683 1535/357/38 1650/355/1684
f 1649/431/1683 1650/355/1685 1644/432/1687
f 1644/432/1689 1650/355/2379 1645/353/2380
f 1644/432/1686 1645/353/1758 1639/433/1692
f 1639/433/1691 1645/353/2381 1640/351/2382
f 1639/433/1692 1640/351/2383 1634/434/1697
f 1634/434/1696 1640/351/1695 1635/349/2384
f 1634/434/1700 1635/349/1701 1629/435/1702
f 1629/435/1702 1635/349/1701 1630/347/1708
f 1629/435/1702 1630/347/1708 1624/436/1707
f 1624/436/1707 1630/347/1703 1625/345/1710
f 1624/436/1706 1625/345/2385 1619/437/1711
f 1619/437/2386 1625/345/1709 1620/343/1713
f 1619/437/1712 1620/343/2387 1614/438/2388
f 1614/438/2389 1620/343/1713 1615/341/2390
f 1614/438/1719 1615/341/1720 1609/439/1721
f 1609/439/1721 1615/341/1720 1610/339/1722
f 1609/439/1721 1610/339/1722 1604/440/2009
f 1604/440/2009 1610/339/1722 1605/337/2391
f 1604/440/1726 1605/337/1725 1599/441/1727
f 1599/441/2392 1605/337/2393 1600/335/2394
f 1599/441/2395 1600/335/2396 1594/442/44
f 1594/442/2018 1600/335/1728 1595/333/43
f 1594/442/2397 1595/333/43 1589/443/1730
f 1589/443/2398 1595/333/2399 1590/331/1732
f 1589/443/1730 1590/331/1733 1584/444/1737
f 1584/444/2030 1590/331/1732 1585/379/1740
f 1584/444/1737 1585/379/1738 1579/445/1739
f 1579/445/2031 1585/379/2400 1580/377/2401
f 1579/445/1742 1580/377/1743 1574/446/1744
f 1574/446/1615 1580/377/1741 1575/375/1612
f 1574/446/2402 1575/375/1617 1569/447/1618
f 1569/447/1618 1575/375/2403 1570/373/2404
f 1569/447/1618 1570/373/2405 1564/448/1644
f 1564/448/2372 1570/373/2406 1565/371/2407
f 1564/448/2372 1565/371/2408 1559/449/2409
f 1559/449/1664 1565/371/2408 1560/369/2410
f 1559/449/1664 1560/369/2411 1554/450/1665
f 1554/450/2080 1560/369/2412 1555/367/2413
f 1554/450/1669 1555/367/1670 1549/451/1671
f 1549/451/1671 1555/367/1670 1550/365/1672
f 1549/451/1671 1550/365/1675 1544/452/1674
f 1544/452/1674 1550/365/2414 1545/363/1676
f 1544/452/2415 1545/363/1678 1539/453/1679
f 1539/453/2416 1545/363/1678 1540/361/2417
f 1539/453/1679 1540/361/1681 1534/454/37
f 1534/454/59 1540/361/1681 1535/359/2418
f 1290/218/67 1313/219/67 1431/212/67
f 1431/212/67 1313/219/67 1312/220/67
f 1431/212/67 1312/220/67 1311/221/67
f 1431/212/67 1311/221/67 1742/213/67
f 1742/213/67 1311/221/67 1310/222/67
f 1742/213/67 1310/222/67 1741/223/67
f 1741/223/67 1310/222/67 1309/224/67
f 1741/223/67 1309/224/67 1308/225/67
f 1741/223/67 1308/225/67 1740/226/67
f 1740/226/67 1308/225/67 1307/227/67
f 1740/226/67 1307/227/67 1306/228/67
f 1740/226/67 1306/228/67 1739/229/67
f 1739/229/67 1306/228/67 1305/230/67
f 1739/229/67 1305/230/67 1304/231/67
f 1739/229/67 1304/231/67 1738/232/67
f 1738/232/67 1304/231/67 1303/233/67
f 1738/232/67 1303/233/67 1302/234/67
f 1738/232/67 1302/234/67 1737/235/67
f 1737/235/67 1302/234/67 1301/236/67
f 1737/235/67 1301/236/67 1300/237/67
f 1737/235/67 1300/237/67 1736/238/67
f 1736/238/67 1300/237/67 1299/239/67
f 1736/238/67 1299/239/67 1444/240/67
f 1444/240/67 1299/239/67 1298/241/67
f 1444/240/67 1298/241/67 1297/242/67
f 1297/242/67 1296/243/67 1444/240/67
f 1651/244/67 1656/245/67 1444/240/67
f 1444/240/67 1656/245/67 1685/246/67
f 1444/240/67 1685/246/67 1686/247/67
f 1651/244/67 1652/248/67 1656/245/67
f 1656/245/67 1652/248/67 1653/249/67
f 1656/245/67 1653/249/67 1654/250/67
f 1654/250/67 1655/251/67 1656/245/67
f 1657/191/67 1704/252/67 1656/245/67
f 1656/245/67 1704/252/67 1681/253/67
f 1656/245/67 1681/253/67 1682/254/67
f 1658/189/67 1701/190/67 1657/191/67
f 1657/191/67 1701/190/67 1702/192/67
f 1657/191/67 1702/192/67 1703/193/67
f 1701/190/67 1658/189/67 1700/188/67
f 1700/188/67 1658/189/67 1659/187/67
f 1700/188/67 1659/187/67 1731/151/67
f 1731/151/67 1659/187/67 1660/186/67
f 1731/151/67 1660/186/67 1661/185/67
f 1661/185/67 1662/184/67 1731/151/67
f 1731/151/67 1662/184/67 1663/183/67
f 1731/151/67 1663/183/67 1730/180/67
f 1730/180/67 1663/183/67 1664/182/67
f 1730/180/67 1664/182/67 1665/181/67
f 1665/181/67 1666/179/67 1730/180/67
f 1730/180/67 1666/179/67 1729/177/67
f 1729/177/67 1666/179/67 1667/178/67
f 1729/177/67 1667/178/67 1668/176/67
f 1729/177/67 1668/176/67 1732/130/67
f 1732/130/67 1668/176/67 1669/175/67
f 1732/130/67 1669/175/67 1670/174/67
f 1670/174/67 1671/173/67 1732/130/67
f 1732/130/67 1671/173/67 1672/172/67
f 1732/130/67 1672/172/67 1514/171/67
f 1514/171/67 1672/172/67 1673/170/67
f 1514/171/67 1673/170/67 1515/169/67
f 1515/169/67 1673/170/67 1674/166/67
f 1515/169/67 1674/166/67 1516/168/67
f 1516/168/67 1674/166/67 1517/167/67
f 1517/167/67 1674/166/67 1518/165/67
f 1518/165/67 1674/166/67 1675/164/67
f 1518/165/67 1675/164/67 1519/163/67
f 1519/163/67 1675/164/67 1520/162/67
f 1520/162/67 1675/164/67 1521/217/67
f 1521/217/67 1675/164/67 1522/216/67
f 1522/216/67 1675/164/67 1523/215/67
f 1523/215/67 1675/164/67 1431/212/67
f 1523/215/67 1431/212/67 1524/214/67
f 1524/214/67 1431/212/67 1525/211/67
f 1525/211/67 1431/212/67 1526/210/67
f 1526/210/67 1431/212/67 1742/213/67
f 1526/210/67 1742/213/67 1743/208/67
f 1676/255/67 1677/256/67 1675/164/67
f 1675/164/67 1677/256/67 1678/257/67
f 1675/164/67 1678/257/67 1679/258/67
f 1679/258/67 1680/259/67 1675/164/67
f 1675/164/67 1680/259/67 1431/212/67
f 1682/254/67 1683/271/67 1656/245/67
f 1656/245/67 1683/271/67 1684/272/67
f 1656/245/67 1684/272/67 1685/246/67
f 1686/247/67 1687/273/67 1444/240/67
f 1444/240/67 1687/273/67 1688/274/67
f 1444/240/67 1688/274/67 1736/238/67
f 1736/238/67 1688/274/67 1735/275/67
f 1735/275/67 1688/274/67 1689/276/67
f 1735/275/67 1689/276/67 1690/277/67
f 1735/275/67 1690/277/67 1734/278/67
f 1734/278/67 1690/277/67 1691/279/67
f 1734/278/67 1691/279/67 1692/260/67
f 1734/278/67 1692/260/67 1733/262/67
f 1733/262/67 1692/260/67 1693/261/67
f 1733/262/67 1693/261/67 1694/263/67
f 1733/262/67 1694/263/67 1756/264/67
f 1756/264/67 1694/263/67 1695/265/67
f 1756/264/67 1695/265/67 1696/266/67
f 1756/264/67 1696/266/67 1755/267/67
f 1755/267/67 1696/266/67 1697/268/67
f 1755/267/67 1697/268/67 1698/269/67
f 1699/270/67 1731/151/67 1698/269/67
f 1698/269/67 1731/151/67 1754/149/67
f 1698/269/67 1754/149/67 1755/267/67
f 1699/270/67 1700/188/67 1731/151/67
f 1703/193/67 1704/252/67 1657/191/67
f 1706/148/67 1754/149/67 1705/150/67
f 1705/150/67 1754/149/67 1731/151/67
f 1705/150/67 1731/151/67 1728/152/67
f 1728/152/67 1731/151/67 1727/153/67
f 1727/153/67 1731/151/67 1726/154/67
f 1726/154/67 1731/151/67 1725/155/67
f 1725/155/67 1731/151/67 1724/156/67
f 1724/156/67 1731/151/67 1723/157/67
f 1723/157/67 1731/151/67 1732/130/67
f 1723/157/67 1732/130/67 1722/158/67
f 1722/158/67 1732/130/67 1721/159/67
f 1721/159/67 1732/130/67 1720/160/67
f 1720/160/67 1732/130/67 1719/161/67
f 1719/161/67 1732/130/67 1718/129/67
f 1718/129/67 1732/130/67 1717/131/67
f 1717/131/67 1732/130/67 1748/132/67
f 1717/131/67 1748/132/67 1716/133/67
f 1716/133/67 1748/132/67 1749/134/67
f 1716/133/67 1749/134/67 1715/135/67
f 1715/135/67 1749/134/67 1714/136/67
f 1714/136/67 1749/134/67 1750/137/67
f 1714/136/67 1750/137/67 1713/138/67
f 1713/138/67 1750/137/67 1712/139/67
f 1712/139/67 1750/137/67 1751/140/67
f 1712/139/67 1751/140/67 1711/141/67
f 1711/141/67 1751/140/67 1710/142/67
f 1710/142/67 1751/140/67 1752/143/67
f 1710/142/67 1752/143/67 1709/144/67
f 1709/144/67 1752/143/67 1708/145/67
f 1708/145/67 1752/143/67 1753/146/67
f 1708/145/67 1753/146/67 1707/147/67
f 1707/147/67 1753/146/67 1706/148/67
f 1706/148/67 1753/146/67 1754/149/67
f 1744/205/67 1528/207/67 1743/208/67
f 1743/208/67 1528/207/67 1527/209/67
f 1743/208/67 1527/209/67 1526/210/67
f 1745/202/67 1530/204/67 1744/205/67
f 1744/205/67 1530/204/67 1529/206/67
f 1744/205/67 1529/206/67 1528/207/67
f 1746/199/67 1508/201/67 1745/202/67
f 1745/202/67 1508/201/67 1507/203/67
f 1745/202/67 1507/203/67 1530/204/67
f 1747/196/67 1510/198/67 1746/199/67
f 1746/199/67 1510/198/67 1509/200/67
f 1746/199/67 1509/200/67 1508/201/67
f 1748/132/67 1512/195/67 1747/196/67
f 1747/196/67 1512/195/67 1511/197/67
f 1747/196/67 1511/197/67 1510/198/67
f 1514/171/67 1513/194/67 1732/130/67
f 1732/130/67 1513/194/67 1512/195/67
f 1732/130/67 1512/195/67 1748/132/67
f 1758/744/1092 1484/745/1092 1757/746/1091
f 1757/746/1091 1484/745/1092 1483/747/1091
f 1757/748/826 1483/749/826 1780/750/288
f 1780/750/288 1483/749/826 1506/751/288
f 1780/750/897 1506/751/897 1779/752/286
f 1779/752/286 1506/751/897 1505/753/286
f 1779/752/822 1505/753/822 1778/754/821
f 1778/754/821 1505/753/822 1504/755/821
f 1778/754/818 1504/755/818 1777/756/817
f 1777/756/820 1504/755/819 1503/757/820
f 1777/756/815 1503/757/815 1776/758/814
f 1776/758/814 1503/757/816 1502/759/814
f 1776/758/812 1502/759/812 1775/760/811
f 1775/760/811 1502/759/813 1501/761/811
f 1775/760/810 1501/761/810 1774/762/809
f 1774/762/1293 1501/761/810 1500/763/1293
f 1774/762/807 1500/763/807 1773/764/808
f 1773/764/806 1500/763/807 1499/765/806
f 1773/764/247 1499/765/247 1772/766/245
f 1772/766/241 1499/765/870 1498/767/241
f 1772/766/241 1498/767/241 1771/768/1097
f 1771/768/235 1498/767/805 1497/769/235
f 1771/768/235 1497/769/235 1770/770/233
f 1770/770/233 1497/769/236 1496/771/233
f 1770/770/804 1496/771/804 1769/772/802
f 1769/772/144 1496/771/803 1495/773/144
f 1769/772/800 1495/773/800 1768/774/801
f 1768/774/799 1495/773/800 1494/775/799
f 1768/774/798 1494/775/798 1767/776/797
f 1767/776/218 1494/775/798 1493/777/218
f 1767/776/218 1493/777/218 1766/778/216
f 1766/778/213 1493/777/219 1492/779/213
f 1766/778/213 1492/779/213 1765/780/1094
f 1765/780/210 1492/779/212 1491/781/210
f 1765/780/795 1491/781/795 1764/782/794
f 1764/782/794 1491/781/795 1490/783/794
f 1764/782/793 1490/783/793 1763/784/792
f 1763/784/792 1490/783/793 1489/785/792
f 1763/784/791 1489/785/791 1762/786/790
f 1762/786/790 1489/785/791 1488/787/790
f 1762/786/788 1488/787/788 1761/788/789
f 1761/788/789 1488/787/788 1487/789/789
f 1761/788/784 1487/789/784 1760/790/783
f 1760/790/786 1487/789/785 1486/791/786
f 1760/790/782 1486/791/782 1759/792/780
f 1759/792/780 1486/791/782 1485/793/780
f 1759/792/175 1485/793/175 1758/744/781
f 1758/744/781 1485/793/175 1484/745/781
f 1782/304/1503 1810/305/1504 1781/306/1505
f 1781/306/29 1810/305/2419 1805/307/30
f 1781/308/2108 1805/309/2420 1804/310/1508
f 1804/310/1507 1805/309/30 1920/311/2110
f 1804/310/897 1920/311/2111 1803/312/822
f 1803/312/286 1920/311/2111 1915/313/2112
f 1803/312/282 1915/313/2114 1802/314/280
f 1802/314/280 1915/313/2113 1910/315/2421
f 1802/314/1395 1910/315/2116 1801/316/2117
f 1801/316/271 1910/315/1526 1905/317/1796
f 1801/316/2422 1905/317/2423 1800/318/2424
f 1800/318/2424 1905/317/2423 1900/319/2425
f 1800/318/1141 1900/319/1532 1799/320/1534
f 1799/320/880 1900/319/2123 1895/321/2124
f 1799/320/260 1895/321/1807 1798/322/878
f 1798/322/1139 1895/321/2125 1890/323/2126
f 1798/322/2127 1890/323/2128 1797/324/2129
f 1797/324/2129 1890/323/2131 1885/325/2132
f 1797/324/2426 1885/325/2427 1796/326/1387
f 1796/326/2428 1885/325/2429 1880/327/2430
f 1796/326/1098 1880/327/1549 1795/328/235
f 1795/328/1548 1880/327/1547 1875/329/2137
f 1795/328/2138 1875/329/2139 1794/280/1553
f 1794/280/233 1875/329/2139 1870/281/2140
f 1794/280/1556 1870/281/1833 1793/282/1558
f 1793/282/1558 1870/281/1833 1865/283/1835
f 1793/282/1561 1865/283/1562 1792/284/1563
f 1792/284/799 1865/283/2144 1860/285/1565
f 1792/284/223 1860/285/2145 1791/286/221
f 1791/286/1567 1860/285/1568 1855/287/1569
f 1791/286/2431 1855/287/2432 1790/288/2433
f 1790/288/1095 1855/287/1570 1850/289/1848
f 1790/288/2434 1850/289/2435 1789/290/2153
f 1789/290/2436 1850/289/2437 1845/291/2438
f 1789/290/795 1845/291/1578 1788/292/794
f 1788/292/2439 1845/291/2440 1840/293/1860
f 1788/292/2157 1840/293/1585 1787/294/2158
f 1787/294/844 1840/293/2159 1835/295/2160
f 1787/294/2441 1835/295/2161 1786/296/2162
f 1786/296/2442 1835/295/1867 1830/297/2259
f 1786/296/192 1830/297/2165 1785/298/789
f 1785/298/190 1830/297/1591 1825/299/2166
f 1785/298/2167 1825/299/2168 1784/300/2443
f 1784/300/834 1825/299/2170 1820/301/2444
f 1784/300/180 1820/301/2172 1783/302/178
f 1783/302/1104 1820/301/1600 1815/303/1603
f 1783/302/780 1815/303/1604 1782/304/781
f 1782/304/1102 1815/303/2173 1810/305/2174
f 1704/354/40 1924/355/1685 1681/356/40
f 1681/356/40 1924/355/2175 1809/357/39
f 1681/358/40 1809/359/39 1682/360/40
f 1682/360/40 1809/359/39 1814/361/1755
f 1682/360/40 1814/361/1754 1683/362/40
f 1683/362/40 1814/361/1755 1819/363/2177
f 1683/362/1753 1819/363/1752 1684/364/1753
f 1684/364/40 1819/363/2177 1824/365/2178
f 1684/364/1753 1824/365/1673 1685/366/1753
f 1685/366/2179 1824/365/2180 1829/367/2445
f 1685/366/2179 1829/367/1748 1686/368/2179
f 1686/368/2179 1829/367/2181 1834/369/2182
f 1686/368/2179 1834/369/2183 1687/370/2179
f 1687/370/2179 1834/369/2182 1839/371/2185
f 1687/370/2179 1839/371/2184 1688/372/2179
f 1688/372/2179 1839/371/2185 1844/373/2186
f 1688/372/2179 1844/373/2187 1689/374/2179
f 1689/374/2179 1844/373/2187 1849/375/1636
f 1689/374/1607 1849/375/1612 1690/376/1607
f 1690/376/2179 1849/375/1612 1854/377/1741
f 1690/376/1607 1854/377/1741 1691/378/1607
f 1691/378/2179 1854/377/2188 1859/379/1780
f 1691/378/41 1859/379/2189 1692/330/41
f 1692/330/41 1859/379/1608 1864/331/2190
f 1692/330/41 1864/331/2446 1693/332/41
f 1693/332/41 1864/331/1779 1869/333/62
f 1693/332/41 1869/333/62 1694/334/41
f 1694/334/41 1869/333/62 1874/335/2191
f 1694/334/41 1874/335/2396 1695/336/41
f 1695/336/41 1874/335/1777 1879/337/1775
f 1695/336/1770 1879/337/1776 1696/338/1770
f 1696/338/1770 1879/337/2192 1884/339/2447
f 1696/338/41 1884/339/2193 1697/340/41
f 1697/340/1761 1884/339/1773 1889/341/2448
f 1697/340/1761 1889/341/1771 1698/342/1761
f 1698/342/1761 1889/341/1771 1894/343/2194
f 1698/342/1761 1894/343/1768 1699/344/1761
f 1699/344/1761 1894/343/2195 1899/345/1709
f 1699/344/67 1899/345/1767 1700/346/67
f 1700/346/1761 1899/345/1709 1904/347/1765
f 1700/346/1761 1904/347/2196 1701/348/1761
f 1701/348/1761 1904/347/1765 1909/349/1764
f 1701/348/1760 1909/349/1764 1702/350/1760
f 1702/350/1761 1909/349/2198 1914/351/2199
f 1702/350/40 1914/351/1693 1703/352/40
f 1703/352/67 1914/351/2199 1919/353/1758
f 1703/352/40 1919/353/1758 1704/354/40
f 1704/354/40 1919/353/1758 1924/355/1685
f 1805/309/2202 1806/380/1783 1920/311/1782
f 1920/311/1782 1806/380/2449 1921/381/2450
f 1920/311/2451 1921/381/2452 1915/313/2207
f 1915/313/2453 1921/381/2454 1916/382/2210
f 1915/313/1789 1916/382/1788 1910/315/1790
f 1910/315/1791 1916/382/1792 1911/383/1793
f 1910/315/1526 1911/383/2455 1905/317/1796
f 1905/317/2456 1911/383/2283 1906/384/1889
f 1905/317/2457 1906/384/2458 1900/319/2425
f 1900/319/1800 1906/384/2219 1901/385/1801
f 1900/319/2220 1901/385/1897 1895/321/2222
f 1895/321/2223 1901/385/1805 1896/386/2224
f 1895/321/2225 1896/386/1899 1890/323/2227
f 1890/323/1808 1896/386/1809 1891/387/1810
f 1890/323/2228 1891/387/1815 1885/325/2132
f 1885/325/1813 1891/387/2459 1886/388/2460
f 1885/325/2133 1886/388/1821 1880/327/2234
f 1880/327/2234 1886/388/1821 1881/389/2235
f 1880/327/2233 1881/389/2235 1875/329/1551
f 1875/329/1825 1881/389/1826 1876/390/1827
f 1875/329/2238 1876/390/1827 1870/281/1830
f 1870/281/2461 1876/390/2462 1871/391/2306
f 1870/281/2463 1871/391/1834 1865/283/2464
f 1865/283/2244 1871/391/1834 1866/392/50
f 1865/283/51 1866/392/50 1860/285/1841
f 1860/285/2465 1866/392/2466 1861/393/1845
f 1860/285/2465 1861/393/2467 1855/287/2468
f 1855/287/1569 1861/393/2469 1856/394/1846
f 1855/287/1570 1856/394/1847 1850/289/1848
f 1850/289/2148 1856/394/2250 1851/395/1856
f 1850/289/2148 1851/395/2470 1845/291/1855
f 1845/291/1855 1851/395/2253 1846/396/1951
f 1845/291/2471 1846/396/2472 1840/293/2473
f 1840/293/2474 1846/396/2254 1841/397/2255
f 1840/293/2475 1841/397/2476 1835/295/2477
f 1835/295/2256 1841/397/1868 1836/398/1869
f 1835/295/2257 1836/398/1630 1830/297/2478
f 1830/297/2259 1836/398/2260 1831/399/2261
f 1830/297/1632 1831/399/1633 1825/299/2264
f 1825/299/2479 1831/399/1655 1826/400/1656
f 1825/299/2168 1826/400/1658 1820/301/2480
f 1820/301/1599 1826/400/1658 1821/401/2481
f 1820/301/2267 1821/401/2055 1815/303/1965
f 1815/303/1965 1821/401/1966 1816/402/2482
f 1815/303/2173 1816/402/2271 1810/305/1504
f 1810/305/2272 1816/402/2271 1811/403/2483
f 1810/305/2275 1811/403/1961 1805/307/2276
f 1805/307/1506 1811/403/1959 1806/404/2484
f 1806/380/2204 1807/405/34 1921/381/2485
f 1921/381/1874 1807/405/60 1922/406/1877
f 1921/381/2278 1922/406/2279 1916/382/1878
f 1916/382/1878 1922/406/1880 1917/407/2486
f 1916/382/1788 1917/407/1882 1911/383/1793
f 1911/383/2280 1917/407/2281 1912/408/2282
f 1911/383/2283 1912/408/2284 1906/384/2285
f 1906/384/2487 1912/408/2284 1907/409/2488
f 1906/384/1892 1907/409/2287 1901/385/2489
f 1901/385/1801 1907/409/1893 1902/410/2490
f 1901/385/1897 1902/410/2289 1896/386/2290
f 1896/386/1900 1902/410/2491 1897/411/2104
f 1896/386/1899 1897/411/2104 1891/387/1904
f 1891/387/2492 1897/411/1906 1892/412/2294
f 1891/387/1908 1892/412/2493 1886/388/2231
f 1886/388/1909 1892/412/1911 1887/413/2352
f 1886/388/2494 1887/413/1912 1881/389/1916
f 1881/389/1915 1887/413/1912 1882/414/2298
f 1881/389/1918 1882/414/1917 1876/390/1919
f 1876/390/2302 1882/414/2303 1877/415/1925
f 1876/390/1827 1877/415/1925 1871/391/1832
f 1871/391/2306 1877/415/2495 1872/416/2013
f 1871/391/1927 1872/416/1930 1866/392/2245
f 1866/392/49 1872/416/2496 1867/417/1931
f 1866/392/2497 1867/417/2498 1861/393/1933
f 1861/393/2499 1867/417/48 1862/418/2500
f 1861/393/2501 1862/418/2315 1856/394/1938
f 1856/394/1850 1862/418/2502 1857/419/2503
f 1856/394/1941 1857/419/2024 1851/395/1943
f 1851/395/2317 1857/419/2504 1852/420/2505
f 1851/395/2253 1852/420/1949 1846/396/1857
f 1846/396/1857 1852/420/1949 1847/421/2320
f 1846/396/1951 1847/421/1954 1841/397/1953
f 1841/397/2506 1847/421/2036 1842/422/1621
f 1841/397/1863 1842/422/2324 1836/398/2507
f 1836/398/2507 1842/422/2324 1837/423/1648
f 1836/398/1627 1837/423/1648 1831/399/2508
f 1831/399/1629 1837/423/2326 1832/424/2327
f 1831/399/2509 1832/424/1650 1826/400/1654
f 1826/400/1654 1832/424/2329 1827/425/2085
f 1826/400/1656 1827/425/2059 1821/401/2060
f 1821/401/2057 1827/425/2058 1822/426/2056
f 1821/401/2055 1822/426/2053 1816/402/2510
f 1816/402/2054 1822/426/2053 1817/427/2050
f 1816/402/2334 1817/427/2335 1811/403/2045
f 1811/403/2511 1817/427/2047 1812/428/2378
f 1811/403/2043 1812/428/2337 1806/404/33
f 1806/404/2040 1812/428/2041 1807/429/2039
f 1807/405/2338 1808/430/59 1922/406/1974
f 1922/406/2512 1808/430/36 1923/431/2513
f 1922/406/2279 1923/431/1975 1917/407/1977
f 1917/407/2341 1923/431/1973 1918/432/1689
f 1917/407/1979 1918/432/1980 1912/408/1981
f 1912/408/1982 1918/432/1980 1913/433/1984
f 1912/408/2514 1913/433/1694 1907/409/1988
f 1907/409/2343 1913/433/2342 1908/434/2515
f 1907/409/1895 1908/434/2344 1902/410/1896
f 1902/410/2516 1908/434/2517 1903/435/1702
f 1902/410/2289 1903/435/2518 1897/411/1906
f 1897/411/1993 1903/435/1704 1898/436/1706
f 1897/411/2519 1898/436/1995 1892/412/2294
f 1892/412/1997 1898/436/1706 1893/437/1711
f 1892/412/2294 1893/437/2351 1887/413/2352
f 1887/413/1999 1893/437/1711 1888/438/2353
f 1887/413/1999 1888/438/2001 1882/414/2003
f 1882/414/1917 1888/438/2004 1883/439/2005
f 1882/414/1917 1883/439/2005 1877/415/2354
f 1877/415/2354 1883/439/2005 1878/440/2355
f 1877/415/2010 1878/440/2011 1872/416/2012
f 1872/416/2308 1878/440/2011 1873/441/2520
f 1872/416/2357 1873/441/2017 1867/417/2358
f 1867/417/2521 1873/441/2017 1868/442/45
f 1867/417/2358 1868/442/45 1862/418/2522
f 1862/418/2523 1868/442/45 1863/443/1731
f 1862/418/2315 1863/443/2360 1857/419/2024
f 1857/419/2361 1863/443/1731 1858/444/2026
f 1857/419/2362 1858/444/2030 1852/420/2363
f 1852/420/1947 1858/444/2027 1853/445/2364
f 1852/420/2365 1853/445/2364 1847/421/2366
f 1847/421/2034 1853/445/2033 1848/446/2367
f 1847/421/2036 1848/446/2037 1842/422/2322
f 1842/422/2322 1848/446/1619 1843/447/2368
f 1842/422/1621 1843/447/2524 1837/423/1623
f 1837/423/1647 1843/447/2369 1838/448/2370
f 1837/423/1648 1838/448/2092 1832/424/1650
f 1832/424/2525 1838/448/2372 1833/449/1661
f 1832/424/1650 1833/449/2087 1827/425/2085
f 1827/425/2085 1833/449/2087 1828/450/2084
f 1827/425/2373 1828/450/2080 1822/426/2079
f 1822/426/2526 1828/450/2081 1823/451/2075
f 1822/426/2375 1823/451/2074 1817/427/2076
f 1817/427/2073 1823/451/2074 1818/452/2072
f 1817/427/2047 1818/452/2070 1812/428/2042
f 1812/428/2069 1818/452/2072 1813/453/2067
f 1812/428/2527 1813/453/2067 1807/429/2528
f 1807/429/60 1813/453/2067 1808/454/36
f 1808/430/2529 1809/357/66 1923/431/1683
f 1923/431/1683 1809/357/38 1924/355/1684
f 1923/431/1683 1924/355/1685 1918/432/1687
f 1918/432/1689 1924/355/2379 1919/353/2380
f 1918/432/1686 1919/353/1758 1913/433/1692
f 1913/433/1692 1919/353/1690 1914/351/1698
f 1913/433/1692 1914/351/1693 1908/434/1697
f 1908/434/1696 1914/351/1695 1909/349/2384
f 1908/434/1700 1909/349/1701 1903/435/1702
f 1903/435/1702 1909/349/1701 1904/347/1708
f 1903/435/1702 1904/347/1708 1898/436/1707
f 1898/436/1707 1904/347/1703 1899/345/1710
f 1898/436/1706 1899/345/2385 1893/437/1711
f 1893/437/2386 1899/345/1709 1894/343/1713
f 1893/437/1712 1894/343/2387 1888/438/2388
f 1888/438/2389 1894/343/1713 1889/341/2390
f 1888/438/1719 1889/341/1720 1883/439/1721
f 1883/439/1721 1889/341/1720 1884/339/1722
f 1883/439/1721 1884/339/1723 1878/440/2530
f 1878/440/2009 1884/339/1722 1879/337/2391
f 1878/440/1726 1879/337/1725 1873/441/1727
f 1873/441/1727 1879/337/2393 1874/335/2394
f 1873/441/2531 1874/335/2532 1868/442/44
f 1868/442/69 1874/335/1728 1869/333/43
f 1868/442/2018 1869/333/43 1863/443/1730
f 1863/443/2533 1869/333/43 1864/331/2534
f 1863/443/2535 1864/331/2190 1858/444/1734
f 1858/444/2030 1864/331/2536 1859/379/2400
f 1858/444/1737 1859/379/1738 1853/445/1739
f 1853/445/2537 1859/379/1738 1854/377/2538
f 1853/445/1739 1854/377/1613 1848/446/1615
f 1848/446/1615 1854/377/1613 1849/375/1614
f 1848/446/2402 1849/375/1617 1843/447/1618
f 1843/447/1618 1849/375/2403 1844/373/2404
f 1843/447/1618 1844/373/2406 1838/448/1644
f 1838/448/2372 1844/373/2406 1839/371/2407
f 1838/448/1644 1839/371/2408 1833/449/2409
f 1833/449/1664 1839/371/2408 1834/369/2410
f 1833/449/1664 1834/369/2411 1828/450/1665
f 1828/450/2080 1834/369/2412 1829/367/2413
f 1828/450/1669 1829/367/1670 1823/451/2078
f 1823/451/1671 1829/367/1670 1824/365/2414
f 1823/451/1671 1824/365/1673 1818/452/1674
f 1818/452/1674 1824/365/2414 1819/363/1676
f 1818/452/2415 1819/363/1678 1813/453/1679
f 1813/453/2416 1819/363/1678 1814/361/1681
f 1813/453/1679 1814/361/1680 1808/454/37
f 1808/454/59 1814/361/1681 1809/359/38
f 1926/744/777 1782/745/777 1925/746/1091
f 1925/746/145 1782/745/777 1781/747/1091
f 1925/748/145 1781/749/145 1948/750/776
f 1948/750/776 1781/749/145 1804/751/776
f 1948/750/823 1804/751/823 1947/752/822
f 1947/752/1294 1804/751/288 1803/753/286
f 1947/752/282 1803/753/282 1946/754/280
f 1946/754/821 1803/753/822 1802/755/821
f 1946/754/819 1802/755/819 1945/756/820
f 1945/756/820 1802/755/819 1801/757/820
f 1945/756/815 1801/757/815 1944/758/814
f 1944/758/814 1801/757/816 1800/759/814
f 1944/758/812 1800/759/812 1943/760/811
f 1943/760/811 1800/759/813 1799/761/811
f 1943/760/810 1799/761/810 1942/762/809
f 1942/762/1293 1799/761/810 1798/763/1293
f 1942/762/807 1798/763/807 1941/764/808
f 1941/764/806 1798/763/807 1797/765/806
f 1941/764/870 1797/765/870 1940/766/241
f 1940/766/245 1797/765/247 1796/767/245
f 1940/766/805 1796/767/805 1939/768/235
f 1939/768/1097 1796/767/241 1795/769/1097
f 1939/768/236 1795/769/236 1938/770/233
f 1938/770/233 1795/769/236 1794/771/233
f 1938/770/803 1794/771/803 1937/772/144
f 1937/772/144 1794/771/803 1793/773/144
f 1937/772/800 1793/773/800 1936/774/801
f 1936/774/801 1793/773/800 1792/775/801
f 1936/774/798 1792/775/798 1935/776/797
f 1935/776/797 1792/775/798 1791/777/797
f 1935/776/219 1791/777/219 1934/778/213
f 1934/778/216 1791/777/218 1790/779/216
f 1934/778/212 1790/779/212 1933/780/210
f 1933/780/1094 1790/779/213 1789/781/1094
f 1933/780/795 1789/781/795 1932/782/794
f 1932/782/794 1789/781/795 1788/783/794
f 1932/782/793 1788/783/793 1931/784/792
f 1931/784/792 1788/783/793 1787/785/792
f 1931/784/791 1787/785/791 1930/786/790
f 1930/786/790 1787/785/791 1786/787/790
f 1930/786/788 1786/787/788 1929/788/789
f 1929/788/789 1786/787/788 1785/789/789
f 1929/788/784 1785/789/784 1928/790/783
f 1928/790/783 1785/789/784 1784/791/783
f 1928/790/782 1784/791/782 1927/792/780
f 1927/792/178 1784/791/180 1783/793/178
f 1927/792/175 1783/793/175 1926/744/778
f 1926/744/1290 1783/793/780 1782/745/1290
f 1950/502/1503 1978/503/2107 1949/504/1505
f 1949/504/1505 1978/503/2107 1973/505/30
f 1949/506/2108 1973/507/2109 1972/508/288
f 1972/508/1508 1973/507/2109 2088/509/1510
f 1972/508/897 2088/509/2111 1971/510/286
f 1971/510/2539 2088/509/2111 2083/511/2112
f 1971/510/822 2083/511/2113 1970/512/2540
f 1970/512/1520 2083/511/1516 2078/513/2541
f 1970/512/280 2078/513/2542 1969/514/820
f 1969/514/1525 2078/513/1526 2073/515/1796
f 1969/514/2543 2073/515/1798 1968/516/1530
f 1968/516/2424 2073/515/2423 2068/517/1535
f 1968/516/813 2068/517/2123 1967/518/811
f 1967/518/1306 2068/517/1802 2063/519/2223
f 1967/518/259 2063/519/2125 1966/520/2544
f 1966/520/878 2063/519/1807 2058/521/1808
f 1966/520/2545 2058/521/2546 1965/522/251
f 1965/522/2129 2058/521/2228 2053/523/1814
f 1965/522/247 2053/523/1542 1964/524/241
f 1964/524/1543 2053/523/2133 2048/525/2547
f 1964/524/241 2048/525/1549 1963/526/235
f 1963/526/2548 2048/525/1547 2043/527/1551
f 1963/526/2549 2043/527/1828 1962/480/2550
f 1962/480/233 2043/527/2139 2038/481/2140
f 1962/480/1556 2038/481/1557 1961/282/1558
f 1961/282/2 2038/481/1833 2033/283/1
f 1961/282/1561 2033/283/1 1960/482/1096
f 1960/482/1563 2033/283/1562 2028/483/1565
f 1960/482/798 2028/483/2145 1959/484/221
f 1959/484/2551 2028/483/1843 2023/485/1569
f 1959/484/858 2023/485/2552 1958/486/853
f 1958/486/1124 2023/485/2432 2018/487/2553
f 1958/486/1124 2018/487/1572 1957/488/1575
f 1957/488/1094 2018/487/1574 2013/489/2554
f 1957/488/2555 2013/489/2471 1956/490/2154
f 1956/490/794 2013/489/1578 2008/491/2556
f 1956/490/846 2008/491/2159 1955/492/792
f 1955/492/1584 2008/491/1585 2003/493/1586
f 1955/492/2441 2003/493/2164 1954/494/2557
f 1954/494/840 2003/493/1587 1998/495/1871
f 1954/494/788 1998/495/2262 1953/496/785
f 1953/496/1592 1998/495/1591 1993/497/2558
f 1953/496/2167 1993/497/2168 1952/498/2443
f 1952/498/834 1993/497/1595 1988/499/2444
f 1952/498/2559 1988/499/1602 1951/500/1601
f 1951/500/178 1988/499/2560 1983/501/2561
f 1951/500/1104 1983/501/2173 1950/502/1102
f 1950/502/778 1983/501/1604 1978/503/2174
f 1756/550/40 2092/551/1685 1733/552/40
f 1733/552/67 2092/551/2175 1977/553/39
f 1733/554/40 1977/555/66 1734/556/40
f 1734/556/40 1977/555/66 1982/557/1680
f 1734/556/40 1982/557/1755 1735/558/40
f 1735/558/40 1982/557/1755 1987/559/2176
f 1735/558/40 1987/559/1752 1736/560/40
f 1736/560/40 1987/559/2177 1992/561/2178
f 1736/560/1753 1992/561/1673 1737/562/1753
f 1737/562/2179 1992/561/2180 1997/563/2445
f 1737/562/2179 1997/563/1748 1738/564/2179
f 1738/564/2179 1997/563/1748 2002/565/2183
f 1738/564/2179 2002/565/2411 1739/566/2179
f 1739/566/2179 2002/565/2182 2007/567/2185
f 1739/566/2179 2007/567/2185 1740/568/2179
f 1740/568/2179 2007/567/2184 2012/569/2405
f 1740/568/2179 2012/569/2562 1741/570/2179
f 1741/570/2179 2012/569/2187 2017/571/1636
f 1741/570/1607 2017/571/1612 1742/572/1607
f 1742/572/2179 2017/571/1612 2022/573/1741
f 1742/572/41 2022/573/1741 1743/574/41
f 1743/574/41 2022/573/2563 2027/575/2564
f 1743/574/41 2027/575/2564 1744/528/41
f 1744/528/41 2027/575/2564 2032/529/1779
f 1744/528/41 2032/529/1733 1745/332/41
f 1745/332/67 2032/529/1779 2037/333/62
f 1745/332/41 2037/333/68 1746/530/41
f 1746/530/41 2037/333/68 2042/531/2396
f 1746/530/41 2042/531/2191 1747/532/41
f 1747/532/41 2042/531/2396 2047/533/1775
f 1747/532/41 2047/533/1775 1748/534/41
f 1748/534/1761 2047/533/1776 2052/535/1773
f 1748/534/41 2052/535/2193 1749/536/41
f 1749/536/1761 2052/535/1772 2057/537/1769
f 1749/536/1761 2057/537/1769 1750/538/1761
f 1750/538/1761 2057/537/1771 2062/539/1768
f 1750/538/1761 2062/539/1713 1751/540/1761
f 1751/540/1761 2062/539/1768 2067/541/1709
f 1751/540/1761 2067/541/1709 1752/542/1761
f 1752/542/67 2067/541/1767 2072/543/2196
f 1752/542/1761 2072/543/2196 1753/544/1761
f 1753/544/1761 2072/543/1708 2077/545/1764
f 1753/544/1760 2077/545/1764 1754/546/1760
f 1754/546/1761 2077/545/2197 2082/547/2199
f 1754/546/1760 2082/547/1693 1755/548/1760
f 1755/548/40 2082/547/1763 2087/549/2201
f 1755/548/40 2087/549/1759 1756/550/40
f 1756/550/40 2087/549/1758 2092/551/1757
f 1973/507/2202 1974/576/2203 2088/509/2565
f 2088/509/1512 1974/576/2204 2089/577/1784
f 2088/509/1782 2089/577/1785 2083/511/1786
f 2083/511/1786 2089/577/1787 2084/578/1788
f 2083/511/1516 2084/578/2213 2078/513/2566
f 2078/513/1523 2084/578/1792 2079/579/1883
f 2078/513/1523 2079/579/2567 2073/515/1529
f 2073/515/2568 2079/579/2283 2074/580/1892
f 2073/515/2457 2074/580/2569 2068/517/2425
f 2068/517/1535 2074/580/2569 2069/581/2570
f 2068/517/2571 2069/581/2221 2063/519/2572
f 2063/519/2097 2069/581/2221 2064/582/1902
f 2063/519/2573 2064/582/2574 2058/521/2575
f 2058/521/2227 2064/582/2574 2059/583/1904
f 2058/521/2576 2059/583/1908 2053/523/2230
f 2053/523/1814 2059/583/1815 2054/584/1816
f 2053/523/2577 2054/584/1913 2048/525/2578
f 2048/525/2233 2054/584/1913 2049/585/1915
f 2048/525/2579 2049/585/2235 2043/527/1551
f 2043/527/1825 2049/585/1826 2044/586/2237
f 2043/527/1828 2044/586/1923 2038/481/2463
f 2038/481/1830 2044/586/1827 2039/587/1832
f 2038/481/2463 2039/587/1834 2033/283/2244
f 2033/283/51 2039/587/1927 2034/392/2245
f 2033/283/51 2034/392/50 2028/483/1841
f 2028/483/1841 2034/392/2580 2029/588/2467
f 2028/483/2465 2029/588/1844 2023/485/2581
f 2023/485/2582 2029/588/1936 2024/589/1850
f 2023/485/2432 2024/589/2583 2018/487/2249
f 2018/487/2148 2024/589/2583 2019/590/2470
f 2018/487/1852 2019/590/2584 2013/489/2585
f 2013/489/1854 2019/590/2586 2014/591/2587
f 2013/489/1580 2014/591/1951 2008/491/2588
f 2008/491/1860 2014/591/2254 2009/592/2255
f 2008/491/2474 2009/592/1868 2003/493/2256
f 2003/493/1586 2009/592/1868 2004/593/1869
f 2003/493/2164 2004/593/2260 1998/495/2165
f 1998/495/2589 2004/593/1626 1999/594/1629
f 1998/495/1591 1999/594/2590 1993/497/2558
f 1993/497/1657 1999/594/1655 1994/595/1656
f 1993/497/1598 1994/595/1658 1988/499/1599
f 1988/499/2591 1994/595/1656 1989/596/2060
f 1988/499/2592 1989/596/2055 1983/501/2593
f 1983/501/1603 1989/596/1967 1984/597/2594
f 1983/501/2270 1984/597/2273 1978/503/2275
f 1978/503/2272 1984/597/2271 1979/598/2274
f 1978/503/1960 1979/598/1959 1973/505/2276
f 1973/505/2276 1979/598/2595 1974/599/2484
f 1974/576/2204 1975/600/34 2089/577/1784
f 2089/577/1874 1975/600/1873 2090/601/2596
f 2089/577/1787 2090/601/2279 2084/578/2211
f 2084/578/1788 2090/601/1880 2085/602/1881
f 2084/578/1788 2085/602/1882 2079/579/1793
f 2079/579/1793 2085/602/1882 2080/603/1885
f 2079/579/1883 2080/603/2597 2074/580/2487
f 2074/580/2598 2080/603/1890 2075/604/1891
f 2074/580/2598 2075/604/1895 2069/581/2489
f 2069/581/2489 2075/604/1895 2070/605/1990
f 2069/581/2221 2070/605/1898 2064/582/1902
f 2064/582/1899 2070/605/1898 2065/606/2292
f 2064/582/1899 2065/606/2292 2059/583/1904
f 2059/583/1810 2065/606/2104 2060/607/2599
f 2059/583/2600 2060/607/2493 2054/584/1909
f 2054/584/2460 2060/607/1911 2055/608/1912
f 2054/584/1821 2055/608/2601 2049/585/2235
f 2049/585/1916 2055/608/1912 2050/609/2298
f 2049/585/2602 2050/609/1921 2044/586/2603
f 2044/586/1827 2050/609/2303 2045/610/2304
f 2044/586/1827 2045/610/1924 2039/587/1832
f 2039/587/2306 2045/610/2495 2040/611/2013
f 2039/587/1927 2040/611/1928 2034/392/2245
f 2034/392/2309 2040/611/1930 2035/417/46
f 2034/392/2245 2035/417/2313 2029/588/1933
f 2029/588/2312 2035/417/1931 2030/612/1939
f 2029/588/1936 2030/612/1937 2024/589/2604
f 2024/589/2605 2030/612/2315 2025/613/2024
f 2024/589/2606 2025/613/1942 2019/590/1943
f 2019/590/1851 2025/613/2503 2020/614/2607
f 2019/590/1946 2020/614/1947 2014/591/2608
f 2014/591/2609 2020/614/2610 2015/615/2611
f 2014/591/2609 2015/615/2036 2009/592/2612
f 2009/592/1953 2015/615/2036 2010/616/1955
f 2009/592/2476 2010/616/1624 2004/593/2323
f 2004/593/1627 2010/616/2324 2005/617/2613
f 2004/593/1627 2005/617/2613 1999/594/1629
f 1999/594/1652 2005/617/2613 2000/618/2614
f 1999/594/2328 2000/618/1650 1994/595/1654
f 1994/595/1654 2000/618/2329 1995/619/2085
f 1994/595/2615 1995/619/2058 1989/596/2057
f 1989/596/2616 1995/619/2331 1990/620/2617
f 1989/596/2332 1990/620/2526 1984/597/2051
f 1984/597/2273 1990/620/2053 1985/621/2050
f 1984/597/2049 1985/621/2047 1979/598/2048
f 1979/598/2045 1985/621/2047 1980/622/2044
f 1979/598/2043 1980/622/2618 1974/599/2204
f 1974/599/33 1980/622/2618 1975/623/60
f 1975/600/2619 1976/624/36 2090/601/1877
f 2090/601/1877 1976/624/36 2091/625/2513
f 2090/601/1972 2091/625/1975 2085/602/2341
f 2085/602/1977 2091/625/2340 2086/626/1978
f 2085/602/2620 2086/626/1983 2080/603/1981
f 2080/603/1982 2086/626/1983 2081/627/1984
f 2080/603/2282 2081/627/2342 2075/604/2343
f 2075/604/2343 2081/627/1984 2076/628/2621
f 2075/604/1988 2076/628/2344 2070/605/2622
f 2070/605/1991 2076/628/1696 2071/629/1704
f 2070/605/1991 2071/629/2623 2065/606/1993
f 2065/606/2104 2071/629/2624 2066/630/2625
f 2065/606/1906 2066/630/2096 2060/607/2294
f 2060/607/2294 2066/630/2096 2061/631/2626
f 2060/607/2348 2061/631/1998 2055/608/1999
f 2055/608/1999 2061/631/1998 2056/632/2353
f 2055/608/2297 2056/632/2627 2050/609/1917
f 2050/609/2628 2056/632/2627 2051/633/2005
f 2050/609/2629 2051/633/2630 2045/610/2010
f 2045/610/2354 2051/633/2005 2046/634/2631
f 2045/610/2010 2046/634/2011 2040/611/2308
f 2040/611/2308 2046/634/2011 2041/635/2356
f 2040/611/2308 2041/635/2017 2035/417/2521
f 2035/417/2358 2041/635/2632 2036/442/45
f 2035/417/2358 2036/442/45 2030/612/2522
f 2030/612/2019 2036/442/2020 2031/636/2021
f 2030/612/2633 2031/636/2360 2025/613/2023
f 2025/613/2023 2031/636/2360 2026/637/2026
f 2025/613/1942 2026/637/2634 2020/614/2029
f 2020/614/2363 2026/637/2030 2021/638/2031
f 2020/614/2032 2021/638/2364 2015/615/2034
f 2015/615/2034 2021/638/2033 2016/639/2367
f 2015/615/2036 2016/639/2037 2010/616/1955
f 2010/616/1621 2016/639/1744 2011/640/2524
f 2010/616/2635 2011/640/1620 2005/617/2636
f 2005/617/1623 2011/640/1620 2006/641/2372
f 2005/617/1648 2006/641/1649 2000/618/1650
f 2000/618/2371 2006/641/2372 2001/642/1661
f 2000/618/2525 2001/642/2087 1995/619/2088
f 1995/619/2088 2001/642/2087 1996/643/2084
f 1995/619/2373 1996/643/2374 1990/620/2079
f 1990/620/2082 1996/643/2081 1991/644/2637
f 1990/620/2638 1991/644/2639 1985/621/2376
f 1985/621/2073 1991/644/2075 1986/645/2640
f 1985/621/2073 1986/645/2070 1980/622/2071
f 1980/622/2069 1986/645/2070 1981/646/2068
f 1980/622/2527 1981/646/2067 1975/623/2528
f 1975/623/60 1981/646/2067 1976/647/36
f 1976/624/37 1977/553/38 2091/625/1683
f 2091/625/1683 1977/553/38 2092/551/1684
f 2091/625/1683 2092/551/2379 2086/626/2641
f 2086/626/1687 2092/551/1685 2087/549/1688
f 2086/626/2641 2087/549/1690 2081/627/1692
f 2081/627/1986 2087/549/1690 2082/547/1698
f 2081/627/2642 2082/547/2383 2076/628/1697
f 2076/628/2517 2082/547/1698 2077/545/1699
f 2076/628/2643 2077/545/1701 2071/629/1702
f 2071/629/1702 2077/545/2644 2072/543/2645
f 2071/629/1702 2072/543/1708 2066/630/1707
f 2066/630/1707 2072/543/1703 2067/541/2646
f 2066/630/1707 2067/541/1709 2061/631/1712
f 2061/631/1712 2067/541/1710 2062/539/1715
f 2061/631/1712 2062/539/1713 2056/632/2389
f 2056/632/1717 2062/539/2387 2057/537/1718
f 2056/632/1717 2057/537/1720 2051/633/1721
f 2051/633/1721 2057/537/1720 2052/535/2647
f 2051/633/1721 2052/535/2193 2046/634/1724
f 2046/634/2530 2052/535/1723 2047/533/2391
f 2046/634/1726 2047/533/1725 2041/635/1727
f 2041/635/1727 2047/533/1725 2042/531/2396
f 2041/635/1729 2042/531/1728 2036/442/44
f 2036/442/69 2042/531/1728 2037/333/43
f 2036/442/2018 2037/333/43 2031/636/1730
f 2031/636/1730 2037/333/43 2032/529/1732
f 2031/636/1730 2032/529/1733 2026/637/1734
f 2026/637/1735 2032/529/2648 2027/575/1740
f 2026/637/1735 2027/575/1738 2021/638/1739
f 2021/638/1739 2027/575/1738 2022/573/2649
f 2021/638/2537 2022/573/1613 2016/639/1744
f 2016/639/1615 2022/573/2538 2017/571/1614
f 2016/639/1744 2017/571/2403 2011/640/2524
f 2011/640/1618 2017/571/1617 2012/569/2405
f 2011/640/1620 2012/569/2650 2006/641/2372
f 2006/641/1644 2012/569/2405 2007/567/2184
f 2006/641/1644 2007/567/2408 2001/642/1664
f 2001/642/1664 2007/567/2408 2002/565/2410
f 2001/642/1664 2002/565/2410 1996/643/2651
f 1996/643/1669 2002/565/2412 1997/563/2652
f 1996/643/2653 1997/563/1748 1991/644/1671
f 1991/644/2654 1997/563/1670 1992/561/2414
f 1991/644/1671 1992/561/1675 1986/645/1674
f 1986/645/1677 1992/561/1675 1987/559/1676
f 1986/645/1677 1987/559/1678 1981/646/1679
f 1981/646/1679 1987/559/1678 1982/557/1680
f 1981/646/2655 1982/557/1681 1976/647/37
f 1976/647/37 1982/557/1681 1977/555/38
f 2094/794/1092 1950/795/1092 2093/796/1091
f 2093/796/1091 1950/795/1092 1949/797/1091
f 2093/798/826 1949/799/826 2116/800/1090
f 2116/800/1090 1949/799/826 1972/801/1090
f 2116/800/897 1972/801/897 2115/802/286
f 2115/802/286 1972/801/897 1971/803/286
f 2115/802/282 1971/803/282 2114/804/821
f 2114/804/821 1971/803/282 1970/805/821
f 2114/804/818 1970/805/818 2113/806/820
f 2113/806/820 1970/805/818 1969/807/820
f 2113/806/815 1969/807/815 2112/808/814
f 2112/808/814 1969/807/815 1968/809/814
f 2112/808/265 1968/809/265 2111/810/811
f 2111/810/811 1968/809/265 1967/811/811
f 2111/810/810 1967/811/810 2110/812/1099
f 2110/812/1099 1967/811/810 1966/813/1099
f 2110/812/807 1966/813/807 2109/814/808
f 2109/814/808 1966/813/807 1965/815/808
f 2109/814/870 1965/815/870 2108/748/245
f 2108/748/245 1965/815/870 1964/749/245
f 2108/748/1098 1964/749/1098 2107/756/1097
f 2107/756/1097 1964/749/1098 1963/757/1097
f 2107/756/236 1963/757/236 2106/764/233
f 2106/764/233 1963/757/236 1962/765/233
f 2106/764/230 1962/765/230 2105/772/802
f 2105/772/802 1962/765/230 1961/773/802
f 2105/772/800 1961/773/800 2104/780/1096
f 2104/780/1096 1961/773/800 1960/781/1096
f 2104/780/798 1960/781/798 2103/788/797
f 2103/788/797 1960/781/798 1959/789/797
f 2103/788/219 1959/789/219 2102/746/1095
f 2102/746/1095 1959/789/219 1958/747/1095
f 2102/746/852 1958/747/852 2101/816/1094
f 2101/816/1094 1958/747/852 1957/817/1094
f 2101/816/795 1957/817/795 2100/818/794
f 2100/818/794 1957/817/795 1956/819/794
f 2100/818/793 1956/819/793 2099/820/792
f 2099/820/792 1956/819/793 1955/821/792
f 2099/820/791 1955/821/791 2098/822/790
f 2098/822/790 1955/821/791 1954/823/790
f 2098/822/788 1954/823/788 2097/824/789
f 2097/824/789 1954/823/788 1953/825/789
f 2097/824/784 1953/825/784 2096/826/783
f 2096/826/783 1953/825/784 1952/827/783
f 2096/826/1093 1952/827/1093 2095/828/178
f 2095/828/178 1952/827/1093 1951/829/178
f 2095/828/175 1951/829/175 2094/794/781
f 2094/794/781 1951/829/175 1950/795/781
f 2118/304/1503 2146/305/1504 2117/306/1505
f 2117/306/1505 2146/305/1504 2141/307/1506
f 2117/308/29 2141/309/30 2140/310/1507
f 2140/310/2656 2141/309/1509 2256/311/1515
f 2140/310/1508 2256/311/2565 2139/312/2657
f 2139/312/1514 2256/311/1515 2251/313/1516
f 2139/312/1514 2251/313/1516 2138/314/1520
f 2138/314/280 2251/313/2113 2246/315/2421
f 2138/314/818 2246/315/2542 2137/316/817
f 2137/316/1525 2246/315/1526 2241/317/1527
f 2137/316/274 2241/317/2658 2136/318/1144
f 2136/318/1530 2241/317/2659 2236/319/2218
f 2136/318/2660 2236/319/2218 2135/320/1534
f 2135/320/263 2236/319/2123 2231/321/2124
f 2135/320/260 2231/321/1537 2134/322/1099
f 2134/322/1099 2231/321/1538 2226/323/1539
f 2134/322/2545 2226/323/2661 2133/324/2662
f 2133/324/1138 2226/323/2663 2221/325/2664
f 2133/324/2426 2221/325/2133 2132/326/2135
f 2132/326/1543 2221/325/1544 2216/327/1545
f 2132/326/2665 2216/327/1549 2131/328/235
f 2131/328/1385 2216/327/2233 2211/329/1825
f 2131/328/1548 2211/329/2137 2130/280/1292
f 2130/280/1553 2211/329/1554 2206/281/1555
f 2130/280/1556 2206/281/1833 2129/282/1558
f 2129/282/1558 2206/281/1833 2201/283/1835
f 2129/282/1561 2201/283/1 2128/284/1096
f 2128/284/2143 2201/283/1835 2196/285/1565
f 2128/284/2666 2196/285/1843 2127/286/2431
f 2127/286/218 2196/285/1843 2191/287/2667
f 2127/286/218 2191/287/1570 2126/288/216
f 2126/288/213 2191/287/2247 2186/289/1576
f 2126/288/1573 2186/289/1852 2125/290/1575
f 2125/290/2436 2186/289/2437 2181/291/2438
f 2125/290/2668 2181/291/2440 2124/292/2439
f 2124/292/2439 2181/291/2440 2176/293/1860
f 2124/292/2669 2176/293/1585 2123/294/113
f 2123/294/114 2176/293/2670 2171/295/2671
f 2123/294/2441 2171/295/2161 2122/296/2162
f 2122/296/1376 2171/295/2672 2166/297/2673
f 2122/296/192 2166/297/1591 2121/298/1592
f 2121/298/785 2166/297/2262 2161/299/2166
f 2121/298/190 2161/299/1598 2120/300/1596
f 2120/300/2674 2161/299/1598 2156/301/1599
f 2120/300/782 2156/301/1600 2119/302/1104
f 2119/302/780 2156/301/2560 2151/303/1603
f 2119/302/1296 2151/303/1605 2118/304/1102
f 2118/304/778 2151/303/1604 2146/305/2675
f 1728/354/40 2260/355/1685 1705/356/40
f 1705/356/40 2260/355/2175 2145/357/39
f 1705/358/40 2145/359/39 1706/360/40
f 1706/360/40 2145/359/39 2150/361/1755
f 1706/360/40 2150/361/1754 1707/362/40
f 1707/362/40 2150/361/1755 2155/363/2176
f 1707/362/1753 2155/363/1752 1708/364/1753
f 1708/364/1753 2155/363/2676 2160/365/2677
f 1708/364/1753 2160/365/1673 1709/366/40
f 1709/366/2179 2160/365/1673 2165/367/1748
f 1709/366/2179 2165/367/1748 1710/368/2179
f 1710/368/2179 2165/367/1748 2170/369/2183
f 1710/368/2179 2170/369/2183 1711/370/2179
f 1711/370/2179 2170/369/2183 2175/371/2184
f 1711/370/2179 2175/371/2184 1712/372/2179
f 1712/372/2179 2175/371/2184 2180/373/2186
f 1712/372/2179 2180/373/2562 1713/374/2179
f 1713/374/2179 2180/373/2187 2185/375/1636
f 1713/374/1607 2185/375/1612 1714/376/1607
f 1714/376/2179 2185/375/2678 2190/377/2679
f 1714/376/41 2190/377/1741 1715/378/41
f 1715/378/2179 2190/377/2679 2195/379/1780
f 1715/378/41 2195/379/1608 1716/330/41
f 1716/330/41 2195/379/1608 2200/331/1779
f 1716/330/41 2200/331/1733 1717/332/41
f 1717/332/41 2200/331/1779 2205/333/62
f 1717/332/41 2205/333/62 1718/334/41
f 1718/334/41 2205/333/62 2210/335/2191
f 1718/334/41 2210/335/1777 1719/336/41
f 1719/336/41 2210/335/2191 2215/337/2680
f 1719/336/1770 2215/337/1775 1720/338/1770
f 1720/338/67 2215/337/2192 2220/339/1773
f 1720/338/1770 2220/339/2193 1721/340/1770
f 1721/340/1761 2220/339/1772 2225/341/1771
f 1721/340/1761 2225/341/2681 1722/342/1761
f 1722/342/1761 2225/341/1769 2230/343/1768
f 1722/342/1761 2230/343/1768 1723/344/1761
f 1723/344/1761 2230/343/1768 2235/345/1709
f 1723/344/1761 2235/345/1709 1724/346/1761
f 1724/346/1761 2235/345/1767 2240/347/1766
f 1724/346/1760 2240/347/1765 1725/348/1760
f 1725/348/1761 2240/347/2196 2245/349/2197
f 1725/348/1760 2245/349/1764 1726/350/1760
f 1726/350/1761 2245/349/2682 2250/351/2199
f 1726/350/40 2250/351/1693 1727/352/40
f 1727/352/1761 2250/351/2199 2255/353/2201
f 1727/352/40 2255/353/2683 1728/354/40
f 1728/354/40 2255/353/1758 2260/355/1685
f 2141/309/31 2142/380/32 2256/311/1781
f 2256/311/1782 2142/380/2203 2257/381/2450
f 2256/311/1782 2257/381/1787 2251/313/1786
f 2251/313/1786 2257/381/1787 2252/382/2210
f 2251/313/2113 2252/382/2684 2246/315/2421
f 2246/315/2685 2252/382/2686 2247/383/2280
f 2246/315/2687 2247/383/2688 2241/317/1796
f 2241/317/1529 2247/383/2689 2242/384/1892
f 2241/317/1798 2242/384/1799 2236/319/1800
f 2236/319/2425 2242/384/2569 2237/385/2570
f 2236/319/1802 2237/385/1805 2231/321/1536
f 2231/321/2690 2237/385/1897 2232/386/1899
f 2231/321/2691 2232/386/2574 2226/323/2227
f 2226/323/1808 2232/386/1809 2227/387/2692
f 2226/323/2661 2227/387/2693 2221/325/2230
f 2221/325/2694 2227/387/1908 2222/388/2231
f 2221/325/2695 2222/388/2696 2216/327/2547
f 2216/327/1820 2222/388/2697 2217/389/1822
f 2216/327/2698 2217/389/1824 2211/329/1551
f 2211/329/2236 2217/389/1826 2212/390/1827
f 2211/329/2699 2212/390/1829 2206/281/1555
f 2206/281/1555 2212/390/1829 2207/391/2700
f 2206/281/2701 2207/391/1834 2201/283/1835
f 2201/283/1836 2207/391/1837 2202/392/1838
f 2201/283/1839 2202/392/2702 2196/285/2465
f 2196/285/1565 2202/392/50 2197/393/2467
f 2196/285/1843 2197/393/1845 2191/287/1569
f 2191/287/2703 2197/393/1936 2192/394/1850
f 2191/287/2582 2192/394/2704 2186/289/2249
f 2186/289/1849 2192/394/2250 2187/395/1851
f 2186/289/2435 2187/395/1853 2181/291/1855
f 2181/291/1855 2187/395/2470 2182/396/2587
f 2181/291/2471 2182/396/2254 2176/293/1860
f 2176/293/2474 2182/396/2254 2177/397/2255
f 2176/293/2475 2177/397/1863 2171/295/2477
f 2171/295/2161 2177/397/2476 2172/398/1626
f 2171/295/2705 2172/398/1627 2166/297/1590
f 2166/297/2259 2172/398/2260 2167/399/2261
f 2166/297/2262 2167/399/2263 2161/299/2166
f 2161/299/1594 2167/399/2590 2162/400/2063
f 2161/299/2168 2162/400/1658 2156/301/2706
f 2156/301/2707 2162/400/1656 2157/401/2060
f 2156/301/2708 2157/401/2709 2151/303/1965
f 2151/303/1965 2157/401/2055 2152/402/1963
f 2151/303/1965 2152/402/2273 2146/305/2272
f 2146/305/2275 2152/402/2710 2147/403/2595
f 2146/305/1960 2147/403/1959 2141/307/2276
f 2141/307/31 2147/403/1958 2142/404/32
f 2142/380/1872 2143/405/1873 2257/381/1874
f 2257/381/1784 2143/405/1875 2258/406/1876
f 2257/381/1787 2258/406/1880 2252/382/1788
f 2252/382/1878 2258/406/1877 2253/407/1977
f 2252/382/2686 2253/407/2281 2247/383/2280
f 2247/383/1883 2253/407/1884 2248/408/1885
f 2247/383/2215 2248/408/2711 2242/384/2487
f 2242/384/2712 2248/408/2284 2243/409/2286
f 2242/384/2713 2243/409/1988 2237/385/1894
f 2237/385/1801 2243/409/2288 2238/410/2714
f 2237/385/2221 2238/410/2491 2232/386/2291
f 2232/386/1900 2238/410/1898 2233/411/1901
f 2232/386/1899 2233/411/1906 2227/387/1905
f 2227/387/1904 2233/411/2715 2228/412/2599
f 2227/387/2600 2228/412/2294 2222/388/1910
f 2222/388/2231 2228/412/2493 2223/413/2716
f 2222/388/2494 2223/413/1912 2217/389/1916
f 2217/389/1916 2223/413/1912 2218/414/1917
f 2217/389/2602 2218/414/1921 2212/390/1919
f 2212/390/2301 2218/414/1921 2213/415/2717
f 2212/390/2462 2213/415/2307 2207/391/2306
f 2207/391/2306 2213/415/2495 2208/416/2013
f 2207/391/2718 2208/416/1930 2202/392/1929
f 2202/392/49 2208/416/1930 2203/417/1931
f 2202/392/49 2203/417/46 2197/393/1932
f 2197/393/2312 2203/417/2313 2198/418/1935
f 2197/393/2501 2198/418/2315 2192/394/2605
f 2192/394/1938 2198/418/1939 2193/419/1940
f 2192/394/2606 2193/419/1942 2187/395/2719
f 2187/395/2470 2193/419/2318 2188/420/1945
f 2187/395/2720 2188/420/1947 2182/396/1948
f 2182/396/2608 2188/420/2610 2183/421/2611
f 2182/396/1951 2183/421/1954 2177/397/1953
f 2177/397/1953 2183/421/1952 2178/422/1955
f 2177/397/2476 2178/422/1624 2172/398/2323
f 2172/398/1626 2178/422/1624 2173/423/1625
f 2172/398/1627 2173/423/1628 2167/399/1629
f 2167/399/1652 2173/423/1651 2168/424/2614
f 2167/399/1655 2168/424/2064 2162/400/1656
f 2162/400/1656 2168/424/2329 2163/425/2085
f 2162/400/2330 2163/425/2331 2157/401/2060
f 2157/401/2060 2163/425/2721 2158/426/2722
f 2157/401/2332 2158/426/2526 2152/402/2723
f 2152/402/2273 2158/426/2052 2153/427/2050
f 2152/402/2273 2153/427/2046 2147/403/2045
f 2147/403/2048 2153/427/2047 2148/428/2724
f 2147/403/2595 2148/428/2041 2142/404/2725
f 2142/404/2040 2148/428/2041 2143/429/2039
f 2143/405/1873 2144/430/1971 2258/406/1877
f 2258/406/1877 2144/430/36 2259/431/2513
f 2258/406/1972 2259/431/1973 2253/407/2726
f 2253/407/2341 2259/431/1975 2254/432/1978
f 2253/407/2620 2254/432/1983 2248/408/1982
f 2248/408/2282 2254/432/1980 2249/433/2727
f 2248/408/2282 2249/433/1984 2243/409/2343
f 2243/409/1891 2249/433/2342 2244/434/2515
f 2243/409/1895 2244/434/2344 2238/410/1896
f 2238/410/1990 2244/434/2344 2239/435/2345
f 2238/410/1896 2239/435/1704 2233/411/1906
f 2233/411/1906 2239/435/2346 2234/436/2728
f 2233/411/1994 2234/436/1995 2228/412/1996
f 2228/412/2294 2234/436/2096 2229/437/2626
f 2228/412/2348 2229/437/1998 2223/413/2729
f 2223/413/2352 2229/437/1998 2224/438/2353
f 2223/413/1999 2224/438/2001 2218/414/2003
f 2218/414/1917 2224/438/2730 2219/439/2731
f 2218/414/2629 2219/439/2005 2213/415/2008
f 2213/415/2008 2219/439/2005 2214/440/2009
f 2213/415/2010 2214/440/2011 2208/416/2012
f 2208/416/2012 2214/440/2011 2209/441/2356
f 2208/416/2308 2209/441/2732 2203/417/2310
f 2203/417/46 2209/441/2017 2204/442/2018
f 2203/417/46 2204/442/45 2198/418/2019
f 2198/418/2019 2204/442/2020 2199/443/2021
f 2198/418/2022 2199/443/1731 2193/419/2023
f 2193/419/2023 2199/443/2360 2194/444/2026
f 2193/419/2733 2194/444/2027 2188/420/2029
f 2188/420/1947 2194/444/2027 2189/445/2364
f 2188/420/2734 2189/445/1739 2183/421/2735
f 2183/421/2034 2189/445/2033 2184/446/2367
f 2183/421/2036 2184/446/1619 2178/422/2322
f 2178/422/1621 2184/446/1619 2179/447/1620
f 2178/422/1621 2179/447/1620 2173/423/2736
f 2173/423/1648 2179/447/2369 2174/448/1646
f 2173/423/2737 2174/448/2738 2168/424/2371
f 2168/424/2614 2174/448/2739 2169/449/2740
f 2168/424/2741 2169/449/2087 2163/425/2088
f 2163/425/2088 2169/449/2087 2164/450/2080
f 2163/425/2373 2164/450/2080 2158/426/2079
f 2158/426/2526 2164/450/2374 2159/451/2075
f 2158/426/2077 2159/451/2074 2153/427/2076
f 2153/427/2076 2159/451/2075 2154/452/2072
f 2153/427/2073 2154/452/2070 2148/428/2071
f 2148/428/2069 2154/452/2070 2149/453/2068
f 2148/428/2042 2149/453/2742 2143/429/2743
f 2143/429/60 2149/453/2742 2144/454/2744
f 2144/430/37 2145/357/66 2259/431/1683
f 2259/431/1683 2145/357/38 2260/355/1684
f 2259/431/1683 2260/355/2745 2254/432/1687
f 2254/432/1689 2260/355/1684 2255/353/2380
f 2254/432/1686 2255/353/2746 2249/433/1692
f 2249/433/2747 2255/353/1690 2250/351/2748
f 2249/433/2749 2250/351/1693 2244/434/2643
f 2244/434/1696 2250/351/1698 2245/349/1699
f 2244/434/2750 2245/349/2644 2239/435/2623
f 2239/435/2751 2245/349/1701 2240/347/1708
f 2239/435/2751 2240/347/1708 2234/436/2752
f 2234/436/1707 2240/347/1703 2235/345/1710
f 2234/436/1707 2235/345/1709 2229/437/1712
f 2229/437/1712 2235/345/1710 2230/343/1713
f 2229/437/1712 2230/343/1715 2224/438/2388
f 2224/438/2001 2230/343/2387 2225/341/1718
f 2224/438/1719 2225/341/1769 2219/439/1721
f 2219/439/1721 2225/341/1720 2220/339/1722
f 2219/439/1721 2220/339/1722 2214/440/2530
f 2214/440/2530 2220/339/1723 2215/337/2391
f 2214/440/1726 2215/337/1725 2209/441/2395
f 2209/441/1727 2215/337/2393 2210/335/2394
f 2209/441/2531 2210/335/2396 2204/442/44
f 2204/442/2018 2210/335/1728 2205/333/43
f 2204/442/44 2205/333/43 2199/443/1730
f 2199/443/1730 2205/333/43 2200/331/1732
f 2199/443/2535 2200/331/1733 2194/444/1737
f 2194/444/2753 2200/331/2648 2195/379/1736
f 2194/444/2754 2195/379/1608 2189/445/2755
f 2189/445/2031 2195/379/2400 2190/377/2401
f 2189/445/1739 2190/377/1613 2184/446/1615
f 2184/446/1615 2190/377/2538 2185/375/1614
f 2184/446/1616 2185/375/1617 2179/447/1618
f 2179/447/2524 2185/375/1617 2180/373/2404
f 2179/447/1642 2180/373/2405 2174/448/2756
f 2174/448/1644 2180/373/2406 2175/371/2408
f 2174/448/1644 2175/371/2184 2169/449/1664
f 2169/449/1664 2175/371/2408 2170/369/2411
f 2169/449/2757 2170/369/2411 2164/450/1665
f 2164/450/2080 2170/369/2412 2165/367/2413
f 2164/450/2653 2165/367/1670 2159/451/1671
f 2159/451/1671 2165/367/1670 2160/365/1672
f 2159/451/1671 2160/365/2414 2154/452/1674
f 2154/452/2072 2160/365/2414 2155/363/1676
f 2154/452/2758 2155/363/1678 2149/453/1679
f 2149/453/1679 2155/363/2759 2150/361/1681
f 2149/453/2760 2150/361/1680 2144/454/37
f 2144/454/59 2150/361/2761 2145/359/2418
f 2262/744/1092 2118/745/1092 2261/746/1091
f 2261/746/145 2118/745/777 2117/747/145
f 2261/748/145 2117/749/145 2284/750/776
f 2284/750/1090 2117/749/826 2140/751/1090
f 2284/750/897 2140/751/897 2283/752/286
f 2283/752/286 2140/751/897 2139/753/286
f 2283/752/282 2139/753/282 2282/754/280
f 2282/754/821 2139/753/822 2138/755/821
f 2282/754/819 2138/755/819 2281/756/820
f 2281/756/817 2138/755/818 2137/757/817
f 2281/756/815 2137/757/815 2280/758/814
f 2280/758/814 2137/757/815 2136/759/814
f 2280/758/813 2136/759/813 2279/760/811
f 2279/760/811 2136/759/812 2135/761/811
f 2279/760/810 2135/761/810 2278/762/1293
f 2278/762/809 2135/761/810 2134/763/809
f 2278/762/807 2134/763/807 2277/764/808
f 2277/764/806 2134/763/807 2133/765/806
f 2277/764/247 2133/765/247 2276/766/245
f 2276/766/241 2133/765/870 2132/767/241
f 2276/766/241 2132/767/241 2275/768/1097
f 2275/768/235 2132/767/805 2131/769/235
f 2275/768/236 2131/769/236 2274/770/233
f 2274/770/233 2131/769/236 2130/771/233
f 2274/770/803 2130/771/803 2273/772/802
f 2273/772/802 2130/771/804 2129/773/802
f 2273/772/800 2129/773/2762 2272/774/799
f 2272/774/801 2129/773/800 2128/775/801
f 2272/774/798 2128/775/798 2271/776/797
f 2271/776/797 2128/775/798 2127/777/797
f 2271/776/218 2127/777/218 2270/778/216
f 2270/778/213 2127/777/219 2126/779/213
f 2270/778/213 2126/779/213 2269/780/1094
f 2269/780/210 2126/779/212 2125/781/210
f 2269/780/795 2125/781/795 2268/782/794
f 2268/782/794 2125/781/796 2124/783/794
f 2268/782/793 2124/783/793 2267/784/792
f 2267/784/792 2124/783/793 2123/785/792
f 2267/784/791 2123/785/791 2266/786/790
f 2266/786/790 2123/785/791 2122/787/790
f 2266/786/788 2122/787/788 2265/788/789
f 2265/788/789 2122/787/788 2121/789/789
f 2265/788/785 2121/789/785 2264/790/786
f 2264/790/783 2121/789/784 2120/791/783
f 2264/790/782 2120/791/782 2263/792/780
f 2263/792/178 2120/791/180 2119/793/178
f 2263/792/175 2119/793/175 2262/744/781
f 2262/744/781 2119/793/175 2118/745/781
f 2293/51/2763 2285/52/2763 2292/53/2764
f 2292/53/2765 2285/52/2766 2286/54/2765
f 2292/53/2767 2286/54/2767 2291/55/2768
f 2291/55/2769 2286/54/2764 2287/56/2769
f 2291/55/2770 2287/56/2770 2290/57/2771
f 2290/57/2772 2287/56/2769 2288/58/2772
f 2290/57/2773 2288/58/2773 2289/59/2774
f 1732/830/2179 1731/831/2179 2311/832/2775
f 2311/832/2776 1731/831/2179 2313/833/2777
f 2311/832/2778 2313/833/2408 2310/834/2779
f 2310/834/2780 2313/833/2408 2312/835/1644
f 2310/834/2780 2312/835/1644 2309/836/2781
f 2309/836/2781 2312/835/2372 2314/837/1623
f 2309/836/2782 2314/837/1628 2308/838/1628
f 2308/838/2783 2314/837/2783 2307/839/2784
f 2307/839/2785 2314/837/1628 2315/840/1627
f 2307/839/2784 2315/840/2786 2306/841/2787
f 2306/841/2787 2315/840/1626 2316/842/2161
f 2306/841/2788 2316/842/1867 2305/843/2789
f 2305/843/2790 2316/842/2791 2304/844/2792
f 2304/844/2793 2316/842/1867 2301/845/2793
f 2304/844/2794 2301/845/2794 2303/846/2795
f 2303/846/113 2301/845/2794 2302/847/113
f 1731/831/67 2294/848/2775 2313/833/2184
f 2313/833/2408 2294/848/2778 2295/849/2779
f 2313/833/2408 2295/849/2780 2312/835/1644
f 2312/835/1644 2295/849/2780 2296/850/2781
f 2312/835/2372 2296/850/2781 2314/837/1623
f 2314/837/1648 2296/850/2796 2297/851/1648
f 2314/837/1628 2297/851/1628 2298/852/2797
f 2314/837/1628 2298/852/2785 2315/840/1627
f 2315/840/2786 2298/852/2784 2299/853/2787
f 2315/840/1626 2299/853/2787 2316/842/2161
f 2316/842/2161 2299/853/2788 2300/854/2798
f 2316/842/2791 2300/854/2799 2301/845/2800
f 1731/855/40 1730/856/40 2294/857/2801
f 2294/857/2802 1730/856/40 2323/858/61
f 2294/857/2803 2323/858/66 2295/859/2804
f 2295/859/2805 2323/858/38 2324/860/37
f 2295/859/2806 2324/860/59 2296/861/2807
f 2296/861/2808 2324/860/36 2325/862/35
f 2296/861/2808 2325/862/35 2297/863/35
f 2297/863/34 2325/862/34 2298/864/2809
f 2298/864/2810 2325/862/34 2326/865/2204
f 2298/864/2811 2326/865/2204 2299/866/2812
f 2299/866/2813 2326/865/32 2327/867/31
f 2299/866/2813 2327/867/30 2300/868/2814
f 2300/868/2815 2327/867/2816 2301/869/2817
f 2301/869/2817 2327/867/2816 2302/870/145
f 2302/870/29 2327/867/2818 2322/871/29
f 2322/871/29 2327/867/2818 2321/872/2818
f 2321/872/31 2327/867/31 2320/873/32
f 2320/873/2819 2327/867/31 2326/865/2819
f 2320/873/33 2326/865/33 2319/874/2039
f 2319/874/2039 2326/865/33 2325/862/2039
f 2319/874/58 2325/862/58 2318/875/36
f 2318/875/36 2325/862/58 2324/860/36
f 2318/875/37 2324/860/37 2317/876/38
f 2317/876/38 2324/860/37 2323/858/38
f 2317/876/61 2323/858/61 1730/856/40
f 2303/877/144 2328/878/144 2304/879/2820
f 2304/879/2821 2328/878/2 2334/880/1
f 2304/879/2820 2334/880/2822 2305/881/2823
f 2305/881/2824 2334/880/1835 2306/882/2825
f 2306/882/2826 2334/880/51 2335/883/50
f 2306/882/2827 2335/883/2245 2307/884/2828
f 2307/884/2829 2335/883/2245 2336/885/48
f 2307/884/2830 2336/885/1931 2308/886/1931
f 2308/886/47 2336/885/47 2309/887/2831
f 2309/887/2832 2336/885/2358 2337/888/45
f 2309/887/2833 2337/888/2018 2310/889/2834
f 2310/889/2835 2337/888/44 2338/890/43
f 2310/889/2836 2338/890/68 2311/891/2837
f 2311/891/2838 2338/890/62 1732/892/67
f 1732/892/41 2338/890/68 1729/893/41
f 1729/893/41 2338/890/42 2333/894/42
f 2333/894/43 2338/890/43 2332/895/44
f 2332/895/44 2338/890/43 2337/888/44
f 2332/895/45 2337/888/45 2331/896/47
f 2331/896/47 2337/888/45 2336/885/47
f 2331/896/46 2336/885/46 2330/897/49
f 2330/897/49 2336/885/46 2335/883/49
f 2330/897/2839 2335/883/2839 2329/898/51
f 2329/898/51 2335/883/50 2334/880/51
f 2329/898/1835 2334/880/1835 2328/878/2
f 334/899/299 2355/724/306 201/900/2840
f 201/900/71 2355/724/2841 2360/727/708
f 201/900/71 2360/727/2842 2354/901/2843
f 2354/901/2844 2360/727/2845 2363/902/2846
f 2354/901/2844 2363/902/2847 2353/903/2848
f 2353/903/2849 2363/902/2850 2352/904/2851
f 2352/904/2852 2363/902/2853 2366/731/373
f 2352/904/2854 2366/731/2855 2351/905/2856
f 2351/905/2857 2366/731/2858 2369/733/883
f 2351/905/2859 2369/733/2860 2350/906/2861
f 2350/906/2862 2369/733/2863 2349/907/2864
f 2349/907/2865 2369/733/927 2348/734/2866
f 2348/734/880 2369/733/883 2368/908/883
f 2348/734/1306 2368/908/1496 2346/909/2867
f 2346/909/2868 2368/908/927 2367/711/927
f 2346/909/2869 2367/711/2863 2345/910/2870
f 2345/910/2871 2367/711/883 2344/911/2872
f 2344/911/2872 2367/711/2873 2364/714/1493
f 2344/911/2874 2364/714/1493 2343/912/2875
f 2343/912/2876 2364/714/2877 2361/913/2878
f 2343/912/2875 2361/913/2879 2342/914/1501
f 2342/914/598 2361/913/2878 2341/915/2880
f 2341/915/2881 2361/913/2882 2358/718/601
f 2341/915/2881 2358/718/1242 2340/916/2883
f 2340/916/2884 2358/718/2885 2357/720/710
f 2340/916/2884 2357/720/306 2339/917/2886
f 2339/917/2887 2357/720/1492 333/918/299
f 333/918/299 2357/720/901 2356/722/901
f 333/918/299 2356/722/306 334/899/299
f 334/899/299 2356/722/901 2355/724/901
f 2346/909/2888 2347/710/1494 2348/734/1494
f 2354/901/2844 193/919/2889 201/900/2889
f 2355/724/710 2356/722/710 2360/727/708
f 2360/727/1242 2356/722/1274 2359/741/1242
f 2360/727/601 2359/741/601 2362/920/2890
f 2362/920/2891 2359/741/601 2361/913/2892
f 2362/920/2893 2361/913/2879 2364/714/373
f 2356/722/710 2357/720/710 2359/741/708
f 2359/741/1242 2357/720/1274 2358/718/1242
f 2359/741/601 2358/718/601 2361/913/2894
f 2363/902/2895 2360/727/1242 2362/920/2896
f 2363/902/2897 2362/920/2890 2365/739/1177
f 2365/739/1177 2362/920/2890 2364/714/1177
f 2365/739/373 2364/714/373 2368/908/927
f 2368/908/883 2364/714/1493 2367/711/927
f 2369/733/927 2366/731/373 2365/739/373
f 2365/739/373 2366/731/373 2363/902/2897
f 2369/733/883 2365/739/1493 2368/908/927
f 2386/921/306 341/922/299 2387/923/304
f 2387/923/1159 341/922/299 340/924/299
f 2387/923/304 340/924/299 2392/925/302
f 2392/925/302 340/924/299 339/926/299
f 2392/925/302 339/926/116 2397/927/298
f 2397/927/298 339/926/299 338/928/299
f 2397/927/298 338/928/116 2402/929/297
f 2402/929/297 338/928/296 337/930/296
f 2402/929/297 337/930/17 2407/931/900
f 2407/931/900 337/930/17 336/932/17
f 2407/931/900 336/932/17 2370/933/161
f 2370/933/161 336/932/17 335/934/17
f 2370/933/19 2371/935/20 2407/931/730
f 2407/931/899 2371/935/20 2408/936/728
f 2407/931/1278 2408/936/728 2402/929/729
f 2402/929/727 2408/936/728 2403/937/2898
f 2402/929/725 2403/937/724 2397/927/1080
f 2397/927/1080 2403/937/723 2398/938/721
f 2397/927/1080 2398/938/719 2392/925/718
f 2392/925/718 2398/938/719 2393/939/717
f 2392/925/1277 2393/939/714 2387/923/715
f 2387/923/713 2393/939/714 2388/940/712
f 2387/923/2899 2388/940/1368 2386/921/306
f 2386/921/1274 2388/940/1244 2385/941/1242
f 2385/941/1242 2388/940/1244 2389/942/1361
f 2385/941/1243 2389/942/602 2384/943/598
f 2384/943/492 2389/942/1458 2390/944/375
f 2384/943/598 2390/944/493 2383/945/1177
f 2383/945/491 2390/944/375 2391/946/1445
f 2383/945/491 2391/946/374 2382/947/2900
f 2382/947/1142 2391/946/1143 2380/948/1141
f 2382/947/264 2380/948/2901 2381/949/263
f 2371/935/56 2372/950/1249 2408/936/627
f 2408/936/627 2372/950/55 2409/951/622
f 2408/936/623 2409/951/510 2403/937/621
f 2403/937/621 2409/951/622 2404/952/618
f 2403/937/1049 2404/952/1475 2398/938/2902
f 2398/938/619 2404/952/618 2399/953/2903
f 2398/938/1048 2399/953/612 2393/939/1047
f 2393/939/1045 2399/953/611 2394/954/609
f 2393/939/610 2394/954/499 2388/940/1244
f 2388/940/1244 2394/954/499 2389/942/498
f 2372/950/57 2373/955/70 2409/951/1215
f 2409/951/510 2373/955/512 2410/956/511
f 2409/951/1465 2410/956/508 2404/952/2904
f 2404/952/507 2410/956/992 2405/957/1340
f 2404/952/506 2405/957/1321 2399/953/505
f 2399/953/505 2405/957/1321 2400/958/389
f 2399/953/612 2400/958/501 2394/954/500
f 2394/954/607 2400/958/501 2395/959/1182
f 2394/954/2905 2395/959/1338 2389/942/496
f 2389/942/496 2395/959/1338 2390/944/380
f 2373/955/947 2374/960/168 2410/956/2906
f 2410/956/1186 2374/960/398 2411/961/393
f 2410/956/1186 2411/961/393 2405/957/2907
f 2405/957/2908 2411/961/944 2406/962/943
f 2405/957/1321 2406/962/285 2400/958/389
f 2400/958/942 2406/962/285 2401/963/284
f 2400/958/2909 2401/963/383 2395/959/1319
f 2395/959/1319 2401/963/383 2396/964/382
f 2395/959/381 2396/964/1181 2390/944/380
f 2390/944/380 2396/964/1181 2391/946/1445
f 2374/960/168 2375/965/167 2411/961/825
f 2411/961/1100 2375/965/28 2376/966/2910
f 2411/961/392 2376/966/289 2406/962/2911
f 2406/962/2911 2376/966/824 2377/967/1152
f 2406/962/2912 2377/967/282 2401/963/281
f 2401/963/1148 2377/967/282 2378/968/280
f 2401/963/1149 2378/968/277 2396/964/892
f 2396/964/891 2378/968/818 2379/969/817
f 2396/964/378 2379/969/816 2391/946/1147
f 2391/946/1147 2379/969/1145 2380/948/814
f 2348/36/145 2375/970/145 2349/971/2913
f 2349/971/2914 2375/970/28 2374/972/164
f 2349/971/2914 2374/972/27 2350/973/2915
f 2350/973/2916 2374/972/26 2351/974/2917
f 2351/974/2918 2374/972/2919 2373/975/25
f 2351/974/2918 2373/975/70 2352/976/2920
f 2352/976/2920 2373/975/24 2372/977/23
f 2352/976/2920 2372/977/54 2353/978/2921
f 2353/978/2921 2372/977/54 2354/979/2922
f 2354/979/2922 2372/977/55 2371/980/21
f 2354/979/2922 2371/980/56 193/981/2923
f 193/981/2924 2371/980/2925 2370/982/19
f 193/981/2924 2370/982/161 194/983/2926
f 194/983/2926 2370/982/161 195/984/2927
f 195/984/2927 2370/982/53 335/985/17
f 195/984/2928 335/985/17 196/986/2929
f 196/986/2930 335/985/116 334/987/116
f 196/986/2929 334/987/116 197/988/116
f 197/988/116 334/987/116 198/989/2931
f 198/989/2932 334/987/905 199/990/2933
f 199/990/2934 334/987/296 200/991/2935
f 200/991/2936 334/987/2937 201/992/2938
f 1666/899/1761 2428/724/1709 2293/900/2939
f 2293/900/2763 2428/724/2940 2433/727/1707
f 2293/900/2941 2433/727/1707 2427/901/2942
f 2427/901/2943 2433/727/2944 2436/902/2945
f 2427/901/2946 2436/902/2947 2426/903/2948
f 2426/903/2949 2436/902/2950 2425/904/2951
f 2425/904/2952 2436/902/2953 2439/731/1902
f 2425/904/2954 2439/731/2290 2424/905/2955
f 2424/905/2956 2439/731/2957 2442/733/2097
f 2424/905/2958 2442/733/2959 2423/906/2960
f 2423/906/2961 2442/733/2962 2422/907/2963
f 2422/907/2964 2442/733/2097 2421/734/2965
f 2421/734/1306 2442/733/1536 2441/908/1536
f 2421/734/880 2441/908/2099 2419/909/2966
f 2419/909/2967 2441/908/2097 2440/711/2097
f 2419/909/2968 2440/711/2969 2418/910/2970
f 2418/910/2971 2440/711/2225 2417/911/2972
f 2417/911/2973 2440/711/2974 2437/714/1806
f 2417/911/2975 2437/714/1806 2416/912/2976
f 2416/912/2977 2437/714/2978 2434/913/2979
f 2416/912/2976 2434/913/2980 2415/914/2104
f 2415/914/1906 2434/913/2979 2414/915/2981
f 2414/915/2982 2434/913/2983 2431/718/2096
f 2414/915/2982 2431/718/1706 2413/916/2984
f 2413/916/2985 2431/718/2986 2430/720/1710
f 2413/916/2985 2430/720/1709 2412/917/2987
f 2412/917/2988 2430/720/1709 1665/918/1761
f 1665/918/1761 2430/720/1767 2429/722/1767
f 1665/918/1761 2429/722/1709 1666/899/1761
f 1666/899/1761 2429/722/1767 2428/724/1767
f 2419/909/2989 2420/710/2098 2421/734/2098
f 2427/901/2990 2285/919/2941 2293/900/2941
f 2428/724/1709 2429/722/1709 2433/727/1707
f 2433/727/1706 2429/722/2991 2432/741/1706
f 2433/727/1706 2432/741/1706 2435/920/2992
f 2435/920/2993 2432/741/2096 2434/913/2994
f 2435/920/2995 2434/913/2980 2437/714/1899
f 2429/722/1709 2430/720/1709 2432/741/1707
f 2432/741/1706 2430/720/2991 2431/718/1706
f 2432/741/1706 2431/718/1706 2434/913/2994
f 2436/902/2947 2433/727/1706 2435/920/2993
f 2436/902/2996 2435/920/2997 2438/739/1899
f 2438/739/1899 2435/920/2997 2437/714/1899
f 2438/739/1902 2437/714/1902 2441/908/2097
f 2441/908/1536 2437/714/1806 2440/711/1536
f 2442/733/2097 2439/731/1902 2438/739/1902
f 2438/739/1902 2439/731/1902 2436/902/2998
f 2442/733/1536 2438/739/1806 2441/908/1536
f 2459/993/262 2443/949/260 2460/994/2999
f 2460/994/881 2443/949/259 2444/948/1139
f 2460/994/3000 2444/948/2127 2465/995/3001
f 2465/995/255 2444/948/3002 2445/969/874
f 2465/995/1137 2445/969/1135 2470/996/1173
f 2470/996/1173 2445/969/1135 2446/968/868
f 2470/996/244 2446/968/242 2475/997/243
f 2475/997/240 2446/968/1543 2447/967/1097
f 2475/997/3003 2447/967/2138 2480/998/3004
f 2480/998/342 2447/967/1383 2448/966/865
f 2480/998/237 2448/966/804 2450/999/864
f 2450/999/862 2448/966/863 2449/965/229
f 2450/999/862 2451/1000/6 2480/998/232
f 2480/998/912 2451/1000/913 2481/1001/463
f 2480/998/912 2481/1001/466 2475/997/915
f 2475/997/3005 2481/1001/466 2476/1002/468
f 2475/997/1171 2476/1002/917 2470/996/1136
f 2470/996/1316 2476/1002/916 2471/1003/473
f 2470/996/3006 2471/1003/920 2465/995/1304
f 2465/995/1137 2471/1003/1317 2466/1004/361
f 2465/995/255 2466/1004/366 2460/994/258
f 2460/994/364 2466/1004/3007 2461/1005/1337
f 2460/994/3008 2461/1005/486 2459/993/3009
f 2459/993/882 2461/1005/1442 2458/1006/3010
f 2458/1006/3011 2461/1005/926 2462/1007/489
f 2458/1006/1209 2462/1007/489 2457/1008/984
f 2457/1008/3012 2462/1007/3013 2463/1009/704
f 2457/1008/3012 2463/1009/704 2456/1010/1242
f 2456/1010/708 2463/1009/1075 2464/1011/709
f 2456/1010/708 2464/1011/707 2455/1012/306
f 2455/1012/306 2464/1011/307 327/1013/299
f 2455/1012/901 327/1013/299 326/1014/299
f 2451/1000/913 2452/1015/464 2481/1001/463
f 2481/1001/463 2452/1015/12 2482/1016/974
f 2481/1001/1455 2482/1016/976 2476/1002/469
f 2476/1002/3014 2482/1016/467 2477/1017/3015
f 2476/1002/918 2477/1017/3016 2471/1003/3017
f 2471/1003/473 2477/1017/1200 2472/1018/3018
f 2471/1003/920 2472/1018/476 2466/1004/363
f 2466/1004/1203 2472/1018/585 2467/1019/980
f 2466/1004/480 2467/1019/484 2461/1005/3019
f 2461/1005/483 2467/1019/1206 2462/1007/485
f 2452/1015/3020 2453/1020/575 2482/1016/574
f 2482/1016/577 2453/1020/1473 2483/1021/578
f 2482/1016/574 2483/1021/578 2477/1017/471
f 2477/1017/471 2483/1021/581 2478/1022/582
f 2477/1017/1027 2478/1022/1028 2472/1018/1029
f 2472/1018/1030 2478/1022/1236 2473/1023/1266
f 2472/1018/584 2473/1023/695 2467/1019/1237
f 2467/1019/980 2473/1023/3021 2468/1024/3022
f 2467/1019/481 2468/1024/700 2462/1007/1035
f 2462/1007/1036 2468/1024/593 2463/1009/1037
f 2453/1020/13 2454/1025/14 2483/1021/688
f 2483/1021/689 2454/1025/3023 2484/1026/318
f 2483/1021/689 2484/1026/690 2478/1022/1071
f 2478/1022/1071 2484/1026/690 2479/1027/1072
f 2478/1022/1073 2479/1027/694 2473/1023/695
f 2473/1023/695 2479/1027/694 2474/1028/697
f 2473/1023/695 2474/1028/1269 2468/1024/1074
f 2468/1024/1074 2474/1028/701 2469/1029/702
f 2468/1024/700 2469/1029/703 2463/1009/704
f 2463/1009/1075 2469/1029/706 2464/1011/709
f 2454/1025/126 332/1030/16 2484/1026/903
f 2484/1026/3024 332/1030/16 331/1031/16
f 2484/1026/903 331/1031/16 2479/1027/314
f 2479/1027/314 331/1031/16 330/1032/16
f 2479/1027/314 330/1032/116 2474/1028/312
f 2474/1028/312 330/1032/16 329/1033/16
f 2474/1028/312 329/1033/116 2469/1029/309
f 2469/1029/1161 329/1033/116 328/1034/116
f 2469/1029/309 328/1034/299 2464/1011/307
f 2464/1011/307 328/1034/299 327/1013/299
f 333/1035/16 332/1036/16 2339/1037/123
f 2339/1037/124 332/1036/16 2454/1038/15
f 2339/1037/125 2454/1038/14 2340/1039/127
f 2340/1039/128 2454/1038/14 2453/1040/13
f 2340/1039/3025 2453/1040/10 2341/1041/129
f 2341/1041/130 2453/1040/3026 2452/1042/12
f 2341/1041/131 2452/1042/9 2342/1043/9
f 2342/1043/12 2452/1042/12 2343/1044/133
f 2343/1044/133 2452/1042/3027 2451/1045/7
f 2343/1044/134 2451/1045/135 2344/1046/3028
f 2344/1046/137 2451/1045/6 2450/1047/5
f 2344/1046/138 2450/1047/139 2345/1048/140
f 2345/1048/141 2450/1047/4 2346/1049/142
f 2346/1049/142 2450/1047/143 2449/1050/3
f 2346/1049/142 2449/1050/144 2347/36/144
f 2507/1051/230 2485/1052/802 2508/1053/3029
f 2508/1053/3030 2485/1052/144 2486/1054/144
f 2508/1053/3031 2486/1054/802 2513/1055/3032
f 2513/1055/3033 2486/1054/144 2487/1056/144
f 2513/1055/3032 2487/1056/229 2518/1057/3034
f 2518/1057/3034 2487/1056/229 2488/1058/229
f 2518/1057/3035 2488/1058/229 2523/1059/3036
f 2523/1059/3036 2488/1058/3 2489/1060/3
f 2523/1059/3036 2489/1060/3 2528/1061/3037
f 2528/1061/3037 2489/1060/3 2490/1062/3
f 2528/1061/3037 2490/1062/3 2492/1063/4
f 2492/1063/4 2490/1062/3 2491/1064/3
f 2492/1063/5 2493/1065/135 2528/1061/3038
f 2528/1061/3039 2493/1065/6 2529/1066/3040
f 2528/1061/3041 2529/1066/3042 2523/1059/3043
f 2523/1059/3044 2529/1066/3045 2524/1067/3046
f 2523/1059/3044 2524/1067/3046 2518/1057/3047
f 2518/1057/3048 2524/1067/3049 2519/1068/3050
f 2518/1057/3051 2519/1068/3052 2513/1055/3032
f 2513/1055/3053 2519/1068/3054 2514/1069/3055
f 2513/1055/3056 2514/1069/3057 2508/1053/3031
f 2508/1053/3058 2514/1069/3059 2509/1070/3060
f 2508/1053/3058 2509/1070/3061 2507/1051/3062
f 2507/1051/233 2509/1070/3061 2506/1071/235
f 2506/1071/1097 2509/1070/3063 2510/1072/3064
f 2506/1071/235 2510/1072/3064 2505/1073/805
f 2505/1073/868 2510/1072/3065 2511/1074/3066
f 2505/1073/245 2511/1074/3067 2504/1075/870
f 2504/1075/808 2511/1074/3068 2512/1076/3069
f 2504/1075/808 2512/1076/3069 2503/1077/807
f 2503/1077/809 2512/1076/3070 2501/1078/3071
f 2503/1077/2544 2501/1078/3072 2502/1079/259
f 2493/1065/3073 2494/1080/464 2529/1066/3074
f 2529/1066/3075 2494/1080/973 2530/1081/3076
f 2529/1066/3077 2530/1081/3078 2524/1067/3079
f 2524/1067/3080 2530/1081/3081 2525/1082/3082
f 2524/1067/3083 2525/1082/3084 2519/1068/3085
f 2519/1068/3086 2525/1082/3087 2520/1083/3088
f 2519/1068/3085 2520/1083/3089 2514/1069/3090
f 2514/1069/3090 2520/1083/3089 2515/1084/3091
f 2514/1069/3092 2515/1084/3093 2509/1070/3094
f 2509/1070/3095 2515/1084/3096 2510/1072/3097
f 2494/1080/12 2495/1085/11 2530/1081/3098
f 2530/1081/3098 2495/1085/1473 2531/1086/3099
f 2530/1081/3100 2531/1086/3101 2525/1082/3102
f 2525/1082/3103 2531/1086/3104 2526/1087/3105
f 2525/1082/3106 2526/1087/3107 2520/1083/3108
f 2520/1083/3109 2526/1087/3110 2521/1088/3111
f 2520/1083/3112 2521/1088/3113 2515/1084/3114
f 2515/1084/3115 2521/1088/3111 2516/1089/3116
f 2515/1084/3117 2516/1089/3118 2510/1072/3119
f 2510/1072/3120 2516/1089/3121 2511/1074/3122
f 2495/1085/13 2496/1090/14 2531/1086/3123
f 2531/1086/3124 2496/1090/3023 2532/1091/3125
f 2531/1086/3126 2532/1091/3127 2526/1087/3107
f 2526/1087/3128 2532/1091/3127 2527/1092/3129
f 2526/1087/3130 2527/1092/3131 2521/1088/3132
f 2521/1088/3133 2527/1092/3134 2522/1093/3135
f 2521/1088/3133 2522/1093/3136 2516/1089/3137
f 2516/1089/3137 2522/1093/3138 2517/1094/3139
f 2516/1089/3140 2517/1094/3141 2511/1074/3142
f 2511/1074/3143 2517/1094/3141 2512/1076/3144
f 2496/1090/15 342/1095/116 2532/1091/3145
f 2532/1091/3146 342/1095/310 2497/1096/3147
f 2532/1091/3146 2497/1096/1077 2527/1092/3148
f 2527/1092/3149 2497/1096/710 2498/1097/3150
f 2527/1092/3151 2498/1097/1242 2522/1093/3152
f 2522/1093/3153 2498/1097/3154 2499/1098/599
f 2522/1093/3155 2499/1098/3156 2517/1094/3157
f 2517/1094/3158 2499/1098/490 2500/1099/1209
f 2517/1094/3159 2500/1099/3160 2512/1076/3161
f 2512/1076/3162 2500/1099/1209 2501/1078/927
f 2549/993/2124 2533/949/263 2550/994/3163
f 2550/994/1802 2533/949/1534 2534/948/3164
f 2550/994/2122 2534/948/1144 2555/995/2121
f 2555/995/1798 2534/948/1530 2535/969/3165
f 2555/995/1527 2535/969/1525 2560/996/1526
f 2560/996/2687 2535/969/271 2536/968/3166
f 2560/996/2421 2536/968/2540 2565/997/2113
f 2565/997/2113 2536/968/821 2537/967/822
f 2565/997/2208 2537/967/2657 2570/998/1515
f 2570/998/2565 2537/967/2657 2538/966/1508
f 2570/998/1510 2538/966/288 2540/999/2109
f 2540/999/30 2538/966/1507 2539/965/29
f 2540/999/2420 2541/1000/2203 2570/998/2565
f 2570/998/1782 2541/1000/1783 2571/1001/1784
f 2570/998/2565 2571/1001/2209 2565/997/3167
f 2565/997/1786 2571/1001/3168 2566/1002/3169
f 2565/997/3170 2566/1002/2213 2560/996/1791
f 2560/996/2212 2566/1002/1788 2561/1003/1793
f 2560/996/2687 2561/1003/2688 2555/995/1796
f 2555/995/1529 2561/1003/2215 2556/1004/2487
f 2555/995/1798 2556/1004/2569 2550/994/2425
f 2550/994/3171 2556/1004/3172 2551/1005/1801
f 2550/994/3173 2551/1005/1897 2549/993/2690
f 2549/993/2223 2551/1005/1803 2548/1006/3174
f 2548/1006/2291 2551/1005/2221 2552/1007/2491
f 2548/1006/1899 2552/1007/1896 2547/1008/1901
f 2547/1008/1901 2552/1007/1896 2553/1009/2346
f 2547/1008/1993 2553/1009/1704 2546/1010/1706
f 2546/1010/1707 2553/1009/1702 2554/1011/1703
f 2546/1010/1707 2554/1011/1708 2545/1012/1709
f 2545/1012/1709 2554/1011/1765 1659/1013/1761
f 2545/1012/1767 1659/1013/1761 1658/1014/1761
f 2541/1000/1783 2542/1015/1875 2571/1001/1784
f 2571/1001/1874 2542/1015/60 2572/1016/3175
f 2571/1001/2278 2572/1016/2279 2566/1002/2686
f 2566/1002/3176 2572/1016/1880 2567/1017/2486
f 2566/1002/2213 2567/1017/3177 2561/1003/3178
f 2561/1003/1793 2567/1017/2281 2562/1018/3179
f 2561/1003/2567 2562/1018/2284 2556/1004/1892
f 2556/1004/1888 2562/1018/2282 2557/1019/2343
f 2556/1004/2713 2557/1019/1895 2551/1005/1894
f 2551/1005/1801 2557/1019/1893 2552/1007/2490
f 2542/1015/58 2543/1020/59 2572/1016/3180
f 2572/1016/1972 2543/1020/3181 2573/1021/1973
f 2572/1016/1877 2573/1021/1975 2567/1017/1976
f 2567/1017/2341 2573/1021/1975 2568/1022/1978
f 2567/1017/2341 2568/1022/1689 2562/1018/1982
f 2562/1018/1982 2568/1022/1980 2563/1023/1984
f 2562/1018/1887 2563/1023/1984 2557/1019/1891
f 2557/1019/1988 2563/1023/1694 2558/1024/1696
f 2557/1019/1988 2558/1024/1696 2552/1007/1991
f 2552/1007/3182 2558/1024/2344 2553/1009/2345
f 2543/1020/37 2544/1025/66 2573/1021/1683
f 2573/1021/3183 2544/1025/38 2574/1026/1684
f 2573/1021/1683 2574/1026/1684 2568/1022/1687
f 2568/1022/3184 2574/1026/1684 2569/1027/1688
f 2568/1022/1686 2569/1027/1688 2563/1023/1692
f 2563/1023/1692 2569/1027/1690 2564/1028/1698
f 2563/1023/1692 2564/1028/2383 2558/1024/1697
f 2558/1024/1697 2564/1028/1698 2559/1029/1699
f 2558/1024/1700 2559/1029/2644 2553/1009/2623
f 2553/1009/1702 2559/1029/1701 2554/1011/1708
f 2544/1025/66 1664/1030/40 2574/1026/1757
f 2574/1026/1756 1664/1030/40 1663/1031/40
f 2574/1026/1757 1663/1031/40 2569/1027/1758
f 2569/1027/1758 1663/1031/40 1662/1032/40
f 2569/1027/1758 1662/1032/1760 2564/1028/1693
f 2564/1028/1763 1662/1032/1761 1661/1033/1761
f 2564/1028/1693 1661/1033/67 2559/1029/1764
f 2559/1029/1764 1661/1033/1761 1660/1034/1761
f 2559/1029/1764 1660/1034/1761 2554/1011/1765
f 2554/1011/1765 1660/1034/1761 1659/1013/1761
f 1665/1035/40 1664/1036/40 2412/1037/2801
f 2412/1037/2802 1664/1036/40 2544/1038/61
f 2412/1037/2802 2544/1038/66 2413/1039/2804
f 2413/1039/2806 2544/1038/38 2543/1040/65
f 2413/1039/2806 2543/1040/59 2414/1041/2807
f 2414/1041/2808 2543/1040/3185 2542/1042/58
f 2414/1041/2808 2542/1042/58 2415/1043/60
f 2415/1043/60 2542/1042/60 2416/1044/3186
f 2416/1044/2810 2542/1042/3187 2541/1045/2204
f 2416/1044/2811 2541/1045/2204 2417/1046/3188
f 2417/1046/2813 2541/1045/32 2540/1047/31
f 2417/1046/3189 2540/1047/30 2418/1048/2814
f 2418/1048/3190 2540/1047/2818 2419/1049/2817
f 2419/1049/2817 2540/1047/2818 2539/1050/29
f 2419/1049/2817 2539/1050/145 2420/36/145
f 2591/921/1709 1673/922/1761 2592/923/1768
f 2592/923/2195 1673/922/1761 1672/924/1761
f 2592/923/1768 1672/924/1761 2597/925/1769
f 2597/925/1769 1672/924/1761 1671/926/1761
f 2597/925/1769 1671/926/67 2602/927/2193
f 2602/927/1773 1671/926/67 1670/928/1761
f 2602/927/1774 1670/928/41 2607/929/1775
f 2607/929/2192 1670/928/1761 1669/930/1761
f 2607/929/1775 1669/930/41 2612/931/1777
f 2612/931/1777 1669/930/41 1668/932/41
f 2612/931/2532 1668/932/41 2575/933/68
f 2575/933/62 1668/932/41 1667/934/41
f 2575/933/43 2576/935/44 2612/931/1728
f 2612/931/2396 2576/935/44 2613/936/2531
f 2612/931/2394 2613/936/2392 2607/929/2393
f 2607/929/1725 2613/936/1727 2608/937/3191
f 2607/929/2391 2608/937/2530 2602/927/1723
f 2602/927/1723 2608/937/2009 2603/938/2007
f 2602/927/1722 2603/938/2007 2597/925/1720
f 2597/925/1720 2603/938/1721 2598/939/1719
f 2597/925/2390 2598/939/1717 2592/923/1713
f 2592/923/1715 2598/939/2388 2593/940/1712
f 2592/923/1715 2593/940/1712 2591/921/1709
f 2591/921/1710 2593/940/1712 2590/941/1707
f 2590/941/2096 2593/940/1711 2594/942/3192
f 2590/941/1706 2594/942/1997 2589/943/1993
f 2589/943/2104 2594/942/2599 2595/944/1904
f 2589/943/1903 2595/944/1904 2588/945/2574
f 2588/945/1809 2595/944/1810 2596/946/2575
f 2588/945/1902 2596/946/2227 2587/947/2225
f 2587/947/2125 2596/946/2126 2585/948/1139
f 2587/947/1807 2585/948/3193 2586/949/260
f 2576/935/2018 2577/950/47 2613/936/2017
f 2613/936/2017 2577/950/3194 2614/951/2012
f 2613/936/2356 2614/951/2308 2608/937/2014
f 2608/937/2009 2614/951/3195 2609/952/2010
f 2608/937/2355 2609/952/2354 2603/938/3196
f 2603/938/2005 2609/952/2008 2604/953/2629
f 2603/938/2005 2604/953/2628 2598/939/2627
f 2598/939/2627 2604/953/2003 2599/954/1999
f 2598/939/2353 2599/954/1999 2593/940/1711
f 2593/940/1998 2599/954/1999 2594/942/2348
f 2577/950/3197 2578/955/1929 2614/951/1928
f 2614/951/2308 2578/955/2309 2615/956/2718
f 2614/951/1926 2615/956/1832 2609/952/1924
f 2609/952/2495 2615/956/1832 2610/957/2462
f 2609/952/1925 2610/957/2301 2604/953/1921
f 2604/953/1921 2610/957/2237 2605/958/1826
f 2604/953/1917 2605/958/1916 2599/954/1912
f 2599/954/1914 2605/958/1915 2600/959/2231
f 2599/954/2716 2600/959/3198 2594/942/2493
f 2594/942/1911 2600/959/2460 2595/944/2600
f 2578/955/1838 2579/960/2244 2615/956/1834
f 2615/956/3199 2579/960/51 2616/961/2701
f 2615/956/1832 2616/961/2463 2610/957/1923
f 2610/957/1827 2616/961/1830 2611/962/1828
f 2610/957/1827 2611/962/2236 2605/958/1826
f 2605/958/1826 2611/962/1825 2606/963/2233
f 2605/958/3200 2606/963/3201 2600/959/2231
f 2600/959/1821 2606/963/2233 2601/964/2232
f 2600/959/2231 2601/964/2230 2595/944/1908
f 2595/944/1908 2601/964/3202 2596/946/2546
f 2579/960/1560 2580/965/1558 2616/961/1833
f 2616/961/2141 2580/965/1558 2581/966/1556
f 2616/961/3203 2581/966/804 2611/962/2139
f 2611/962/1554 2581/966/1553 2582/967/1548
f 2611/962/2137 2582/967/1097 2606/963/1549
f 2606/963/1549 2582/967/1548 2583/968/805
f 2606/963/2136 2583/968/2135 2601/964/2133
f 2601/964/1542 2583/968/241 2584/969/870
f 2601/964/1814 2584/969/2129 2596/946/2131
f 2596/946/2131 2584/969/2130 2585/948/807
f 2421/36/144 2580/970/144 2422/971/3204
f 2422/971/3205 2580/970/2 2579/972/1835
f 2422/971/3205 2579/972/1835 2423/973/3206
f 2423/973/3207 2579/972/51 2424/974/3208
f 2424/974/3209 2579/972/3210 2578/975/50
f 2424/974/3211 2578/975/49 2425/976/3212
f 2425/976/3212 2578/975/49 2577/977/1931
f 2425/976/3212 2577/977/46 2426/978/3213
f 2426/978/3214 2577/977/46 2427/979/3215
f 2427/979/3215 2577/977/2358 2576/980/45
f 2427/979/3216 2576/980/2018 2285/981/3217
f 2285/981/3218 2576/980/3219 2575/982/43
f 2285/981/3218 2575/982/68 2286/983/3220
f 2286/983/3221 2575/982/43 2287/984/3222
f 2287/984/3223 2575/982/62 1667/985/41
f 2287/984/3223 1667/985/67 2288/986/3224
f 2288/986/3225 1667/985/41 1666/987/41
f 2288/986/3224 1666/987/67 2289/988/67
f 2289/988/67 1666/987/67 2290/989/3226
f 2290/989/3226 1666/987/40 2291/990/3227
f 2291/990/3228 1666/987/2179 2292/991/3229
f 2292/991/3230 1666/987/3231 2293/992/3232
f 2448/1100/804 2617/1101/804 2449/1102/802
f 2449/1102/144 2617/1101/803 2618/1103/803
f 2449/1102/802 2618/1103/804 2619/1104/804
f 2619/1104/233 2618/1103/233 2625/1105/1133
f 2619/1104/233 2625/1105/1133 2626/1106/1133
f 2626/1106/235 2625/1105/235 2632/1107/805
f 2626/1106/1097 2632/1107/805 2633/1108/805
f 2633/1108/245 2632/1107/245 2639/1109/247
f 2633/1108/241 2639/1109/870 2640/1110/870
f 2640/1110/808 2639/1109/808 2646/1111/807
f 2640/1110/808 2646/1111/807 2585/1112/807
f 2585/1112/809 2646/1111/809 2586/1113/810
f 2586/1113/810 2646/1111/809 2645/1114/809
f 2586/1113/810 2645/1114/809 2644/1115/809
f 2644/1115/807 2645/1114/807 2638/1116/808
f 2644/1115/807 2638/1116/808 2637/1117/808
f 2637/1117/870 2638/1116/870 2631/1118/241
f 2637/1117/247 2631/1118/245 2630/1119/245
f 2630/1119/805 2631/1118/805 2624/1120/1097
f 2630/1119/805 2624/1120/1097 2623/1121/1097
f 2623/1121/1133 2624/1120/1133 2617/1101/233
f 2623/1121/1133 2617/1101/233 2448/1100/233
f 2448/1100/233 2447/1122/1133 2623/1121/1133
f 2623/1121/235 2447/1122/235 2629/1123/805
f 2623/1121/1097 2629/1123/805 2630/1119/805
f 2630/1119/241 2629/1123/241 2636/1124/870
f 2630/1119/241 2636/1124/870 2637/1117/870
f 2637/1117/808 2636/1124/808 2643/1125/807
f 2637/1117/808 2643/1125/807 2644/1115/807
f 2644/1115/809 2643/1125/809 2586/1113/810
f 2447/1122/1097 2446/1126/805 2629/1123/805
f 2629/1123/241 2446/1126/241 2635/1127/870
f 2629/1123/241 2635/1127/870 2636/1124/870
f 2636/1124/808 2635/1127/808 2642/1128/807
f 2636/1124/808 2642/1128/807 2643/1125/807
f 2643/1125/1293 2642/1128/1293 2443/1129/810
f 2643/1125/809 2443/1129/810 2586/1113/810
f 2446/1126/241 2445/1130/870 2635/1127/870
f 2635/1127/808 2445/1130/808 2641/1131/807
f 2635/1127/808 2641/1131/807 2642/1128/807
f 2642/1128/809 2641/1131/809 2443/1129/810
f 2445/1130/808 2444/1132/807 2641/1131/807
f 2641/1131/809 2444/1132/809 2443/1129/810
f 2585/1112/807 2584/1133/808 2640/1110/808
f 2640/1110/870 2584/1133/870 2634/1134/241
f 2640/1110/247 2634/1134/245 2633/1108/245
f 2633/1108/805 2634/1134/805 2627/1135/1097
f 2633/1108/805 2627/1135/235 2626/1106/235
f 2626/1106/1133 2627/1135/1133 2620/1136/233
f 2626/1106/1133 2620/1136/233 2619/1104/233
f 2619/1104/1292 2620/1136/1292 2449/1102/3233
f 2584/1133/870 2583/1137/241 2634/1134/241
f 2634/1134/1098 2583/1137/1098 2628/1138/1097
f 2634/1134/805 2628/1138/235 2627/1135/235
f 2627/1135/1133 2628/1138/1133 2621/1139/233
f 2627/1135/1133 2621/1139/233 2620/1136/233
f 2620/1136/233 2621/1139/233 2580/1140/3234
f 2620/1136/804 2580/1140/802 2449/1102/802
f 2583/1137/805 2582/1141/1097 2628/1138/1097
f 2628/1138/236 2582/1141/236 2622/1142/804
f 2628/1138/1133 2622/1142/233 2621/1139/233
f 2621/1139/803 2622/1142/803 2580/1140/144
f 2582/1141/1133 2581/1143/233 2622/1142/233
f 2622/1142/804 2581/1143/804 2580/1140/802
f 2625/1105/1133 2618/1103/233 2624/1120/1133
f 2624/1120/236 2618/1103/804 2617/1101/804
f 2632/1107/805 2625/1105/1097 2631/1118/805
f 2631/1118/805 2625/1105/235 2624/1120/235
f 2639/1109/870 2632/1107/241 2638/1116/870
f 2638/1116/870 2632/1107/241 2631/1118/241
f 2646/1111/807 2639/1109/808 2645/1114/807
f 2645/1114/807 2639/1109/808 2638/1116/808
f 2669/321/813 2647/320/263 2670/319/3235
f 2670/319/3236 2647/320/263 2648/318/264
f 2670/319/3237 2648/318/3238 2675/317/3239
f 2675/317/3240 2648/318/372 2649/316/491
f 2675/317/3240 2649/316/1177 2680/315/3241
f 2680/315/3242 2649/316/3243 2650/314/492
f 2680/315/3244 2650/314/3245 2685/313/3246
f 2685/313/3247 2650/314/494 2651/312/601
f 2685/313/3248 2651/312/3249 2690/311/3250
f 2690/311/3251 2651/312/3252 2652/310/710
f 2690/311/3253 2652/310/3254 2653/309/3255
f 2653/309/3255 2652/310/306 325/308/296
f 2653/309/19 2654/380/3256 2690/311/3257
f 2690/311/3257 2654/380/3258 2691/381/3259
f 2690/311/3260 2691/381/3261 2685/313/3262
f 2685/313/3262 2691/381/3263 2686/382/3264
f 2685/313/3265 2686/382/3266 2680/315/3267
f 2680/315/3268 2686/382/3269 2681/383/3270
f 2680/315/3271 2681/383/3272 2675/317/3273
f 2675/317/3273 2681/383/3274 2676/384/3275
f 2675/317/3276 2676/384/3277 2670/319/3278
f 2670/319/3278 2676/384/3279 2671/385/3280
f 2670/319/3281 2671/385/3282 2669/321/813
f 2669/321/814 2671/385/3283 2668/386/816
f 2668/386/820 2671/385/3284 2672/410/3285
f 2668/386/274 2672/410/3286 2667/411/276
f 2667/411/821 2672/410/3287 2673/435/3288
f 2667/411/280 2673/435/3289 2666/436/1150
f 2666/436/286 2673/435/3290 2674/347/3291
f 2666/436/896 2674/347/3292 2665/345/3293
f 2665/345/288 2674/347/3291 2663/346/826
f 2665/345/776 2663/346/826 2664/344/826
f 2654/380/21 2655/405/626 2691/381/3294
f 2691/381/3295 2655/405/55 2692/406/3296
f 2691/381/3297 2692/406/3298 2686/382/3299
f 2686/382/3300 2692/406/3301 2687/407/3302
f 2686/382/3303 2687/407/3304 2681/383/3305
f 2681/383/3305 2687/407/3304 2682/408/3306
f 2681/383/3307 2682/408/3308 2676/384/3277
f 2676/384/3309 2682/408/3310 2677/409/3311
f 2676/384/3312 2677/409/3313 2671/385/3314
f 2671/385/3315 2677/409/3316 2672/410/3317
f 2655/405/23 2656/430/70 2692/406/3318
f 2692/406/3319 2656/430/24 2693/431/3320
f 2692/406/3321 2693/431/3322 2687/407/3323
f 2687/407/3323 2693/431/3322 2688/432/3324
f 2687/407/3325 2688/432/3326 2682/408/3327
f 2682/408/3327 2688/432/3326 2683/433/3328
f 2682/408/3329 2683/433/3328 2677/409/3330
f 2677/409/3330 2683/433/3328 2678/434/3331
f 2677/409/3316 2678/434/3332 2672/410/3333
f 2672/410/3334 2678/434/3332 2673/435/3335
f 2656/430/25 2657/357/26 2693/431/3336
f 2693/431/3337 2657/357/398 2694/355/3338
f 2693/431/3337 2694/355/3338 2688/432/3339
f 2688/432/3340 2694/355/3341 2689/353/3342
f 2688/432/3340 2689/353/3343 2683/433/3344
f 2683/433/3345 2689/353/3343 2684/351/3346
f 2683/433/3347 2684/351/3348 2678/434/3349
f 2678/434/3331 2684/351/3348 2679/349/3350
f 2678/434/3349 2679/349/3351 2673/435/3352
f 2673/435/3353 2679/349/3354 2674/347/3355
f 2657/357/3356 2658/356/28 2694/355/3357
f 2694/355/3357 2658/356/28 2659/354/28
f 2694/355/3358 2659/354/28 2689/353/3359
f 2689/353/3360 2659/354/28 2660/352/28
f 2689/353/3359 2660/352/28 2684/351/3361
f 2684/351/3362 2660/352/826 2661/350/826
f 2684/351/3362 2661/350/826 2679/349/3363
f 2679/349/3363 2661/350/826 2662/348/826
f 2679/349/3364 2662/348/145 2674/347/3365
f 2674/347/3291 2662/348/826 2663/346/826
f 2696/1144/4 2701/1145/4 2695/1146/3
f 2695/1146/3 2701/1145/4 2702/1147/4
f 2695/1146/3 2702/1147/4 2703/1148/4
f 2703/1148/5 2702/1147/5 2707/1149/6
f 2703/1148/5 2707/1149/6 2708/1150/6
f 2708/1150/7 2707/1149/7 2712/1151/573
f 2708/1150/7 2712/1151/8 2494/1152/8
f 2494/1152/1025 2712/1151/1025 2495/1153/11
f 2495/1153/11 2712/1151/1025 2716/1154/11
f 2495/1153/13 2716/1154/13 2496/1155/14
f 2496/1155/14 2716/1154/13 2720/1156/14
f 2496/1155/15 2720/1156/15 342/1157/16
f 342/1157/16 2720/1156/15 2719/1158/15
f 342/1157/116 2719/1158/52 2718/1159/52
f 2718/1159/14 2719/1158/14 2714/1160/13
f 2718/1159/14 2714/1160/13 2713/1161/13
f 2713/1161/11 2714/1160/11 2709/1162/1025
f 2713/1161/11 2709/1162/1025 2698/1163/1025
f 2698/1163/8 2709/1162/8 2697/1164/7
f 2697/1164/7 2709/1162/573 2705/1165/7
f 2697/1164/6 2705/1165/6 2696/1144/5
f 2696/1144/5 2705/1165/6 2701/1145/5
f 2698/1163/1025 2699/1166/11 2713/1161/11
f 2713/1161/13 2699/1166/13 2717/1167/14
f 2713/1161/13 2717/1167/14 2718/1159/14
f 2718/1159/15 2717/1167/15 343/1168/16
f 2718/1159/52 343/1168/16 342/1157/16
f 2699/1166/13 2700/1169/14 2717/1167/14
f 2717/1167/15 2700/1169/15 343/1168/16
f 2494/1152/573 2493/1170/7 2708/1150/7
f 2708/1150/6 2493/1170/6 2704/1171/5
f 2708/1150/6 2704/1171/5 2703/1148/5
f 2703/1148/4 2704/1171/4 2491/1172/3
f 2703/1148/4 2491/1172/3 2695/1146/3
f 2493/1170/6 2492/1173/5 2704/1171/5
f 2704/1171/4 2492/1173/4 2491/1172/3
f 2702/1147/5 2701/1145/5 2706/1174/6
f 2706/1174/6 2701/1145/5 2705/1165/6
f 2706/1174/7 2705/1165/7 2710/1175/573
f 2710/1175/8 2705/1165/7 2709/1162/8
f 2710/1175/1025 2709/1162/1025 2714/1160/11
f 2702/1147/5 2706/1174/6 2707/1149/6
f 2707/1149/7 2706/1174/7 2711/1176/573
f 2707/1149/7 2711/1176/8 2712/1151/8
f 2712/1151/1025 2711/1176/1025 2716/1154/11
f 2711/1176/8 2706/1174/7 2710/1175/8
f 2711/1176/1025 2710/1175/1025 2715/1177/11
f 2715/1177/11 2710/1175/1025 2714/1160/11
f 2715/1177/13 2714/1160/13 2719/1158/14
f 2720/1156/14 2716/1154/13 2715/1177/13
f 2715/1177/11 2716/1154/11 2711/1176/1025
f 2720/1156/14 2715/1177/13 2719/1158/14
f 1221/1178/259 1220/1179/882 2725/1180/2544
f 2725/1180/3002 1220/1179/369 2730/1181/3366
f 2725/1180/807 2730/1181/3000 2724/1182/2129
f 2724/1182/3367 2730/1181/258 2735/1183/923
f 2724/1182/247 2735/1183/873 2723/1184/1134
f 2723/1184/868 2735/1183/1137 2740/1185/1173
f 2723/1184/868 2740/1185/244 2722/1186/239
f 2722/1186/1097 2740/1185/244 2745/1187/350
f 2722/1186/236 2745/1187/238 2721/1188/233
f 2721/1188/865 2745/1187/3368 2750/1189/342
f 2721/1188/863 2750/1189/232 2695/1190/229
f 2695/1190/229 2750/1189/232 2696/1191/862
f 2696/1191/3369 2750/1189/912 2749/1192/914
f 2696/1191/3369 2749/1192/463 2697/1193/911
f 2697/1193/135 2749/1192/972 2748/1194/974
f 2697/1193/3073 2748/1194/974 2698/1195/973
f 2698/1195/1025 2748/1194/470 2747/1196/576
f 2698/1195/9 2747/1196/578 2699/1197/10
f 2699/1197/13 2747/1196/689 2746/1198/690
f 2699/1197/13 2746/1198/690 2700/1199/14
f 2700/1199/52 2746/1198/317 344/1200/16
f 2700/1199/126 344/1200/16 343/1201/16
f 1220/1179/3071 1219/1202/3010 2730/1181/1140
f 2730/1181/3366 1219/1202/1209 2729/1203/926
f 2730/1181/256 2729/1203/483 2735/1183/255
f 2735/1183/923 2729/1203/367 2734/1204/366
f 2735/1183/1137 2734/1204/361 2740/1185/1173
f 2740/1185/249 2734/1204/1204 2739/1205/920
f 2740/1185/244 2739/1205/3017 2745/1187/1171
f 2745/1187/243 2739/1205/1172 2744/1206/917
f 2745/1187/1314 2744/1206/916 2750/1189/345
f 2750/1189/912 2744/1206/3014 2749/1192/466
f 1219/1202/3370 1218/1207/599 2729/1203/486
f 2729/1203/926 1218/1207/490 2728/1208/489
f 2729/1203/1337 2728/1208/1036 2734/1204/3007
f 2734/1204/3007 2728/1208/1036 2733/1209/484
f 2734/1204/363 2733/1209/479 2739/1205/920
f 2739/1205/475 2733/1209/1336 2738/1210/476
f 2739/1205/1440 2738/1210/474 2744/1206/918
f 2744/1206/3371 2738/1210/1030 2743/1211/1027
f 2744/1206/468 2743/1211/1456 2749/1192/466
f 2749/1192/975 2743/1211/471 2748/1194/3372
f 1218/1207/3373 1217/1212/601 2728/1208/3013
f 2728/1208/3013 1217/1212/1242 2727/1213/704
f 2728/1208/1036 2727/1213/3374 2733/1209/484
f 2733/1209/484 2727/1213/1037 2732/1214/593
f 2733/1209/481 2732/1214/700 2738/1210/584
f 2738/1210/588 2732/1214/592 2737/1215/589
f 2738/1210/1029 2737/1215/3375 2743/1211/1027
f 2743/1211/3376 2737/1215/1266 2742/1216/1236
f 2743/1211/579 2742/1216/582 2748/1194/3377
f 2748/1194/976 2742/1216/582 2747/1196/581
f 1217/1212/708 1216/1217/710 2727/1213/1075
f 2727/1213/704 1216/1217/1274 2726/1218/1424
f 2727/1213/1075 2726/1218/709 2732/1214/699
f 2732/1214/699 2726/1218/707 2731/1219/706
f 2732/1214/1074 2731/1219/702 2737/1215/695
f 2737/1215/1238 2731/1219/702 2736/1220/701
f 2737/1215/695 2736/1220/697 2742/1216/1073
f 2742/1216/1073 2736/1220/701 2741/1221/694
f 2742/1216/1071 2741/1221/1072 2747/1196/3378
f 2747/1196/689 2741/1221/1072 2746/1198/318
f 1216/1217/901 349/1222/299 2726/1218/308
f 2726/1218/707 349/1222/299 348/1223/299
f 2726/1218/307 348/1223/299 2731/1219/309
f 2731/1219/1160 348/1223/299 347/1224/299
f 2731/1219/309 347/1224/299 2736/1220/312
f 2736/1220/313 347/1224/116 346/1225/116
f 2736/1220/3379 346/1225/310 2741/1221/315
f 2741/1221/314 346/1225/16 345/1226/299
f 2741/1221/314 345/1226/16 2746/1198/903
f 2746/1198/316 345/1226/16 344/1200/16
f 2751/30/167 2752/1227/27 2761/1228/165
f 2761/1228/824 2752/1227/168 2766/1229/166
f 2761/1228/289 2766/1229/825 2760/1230/1152
f 2760/1230/3380 2766/1229/291 2771/1231/287
f 2760/1230/1150 2771/1231/388 2759/1232/3381
f 2759/1232/280 2771/1231/2912 2776/1233/281
f 2759/1232/277 2776/1233/1320 2758/1234/274
f 2758/1234/3382 2776/1233/1149 2781/1235/892
f 2758/1234/815 2781/1235/378 2757/1236/814
f 2757/1236/814 2781/1235/378 2786/1237/1393
f 2757/1236/884 2786/1237/267 1222/1178/811
f 1222/1178/3383 2786/1237/374 1223/1179/3238
f 1223/1179/266 2786/1237/932 2785/1238/1444
f 1223/1179/3238 2785/1238/3384 1224/1202/373
f 1224/1202/491 2785/1238/375 2784/1239/1458
f 1224/1202/1318 2784/1239/495 1225/1207/494
f 1225/1207/3385 2784/1239/3386 2783/1240/1244
f 1225/1207/3245 2783/1240/1244 1226/1212/1242
f 1226/1212/708 2783/1240/712 2782/1241/715
f 1226/1212/1242 2782/1241/3387 1227/1217/1274
f 1227/1217/901 2782/1241/1159 319/1242/299
f 1227/1217/901 319/1242/299 318/1222/299
f 2752/1227/26 2753/1243/64 2766/1229/396
f 2766/1229/396 2753/1243/947 2765/1244/945
f 2766/1229/393 2765/1244/508 2771/1231/943
f 2771/1231/943 2765/1244/1186 2770/1245/1185
f 2771/1231/388 2770/1245/391 2776/1233/386
f 2776/1233/1396 2770/1245/1321 2775/1246/389
f 2776/1233/1396 2775/1246/1447 2781/1235/382
f 2781/1235/3388 2775/1246/385 2780/1247/987
f 2781/1235/934 2780/1247/936 2786/1237/1147
f 2786/1237/3389 2780/1247/987 2785/1238/380
f 2753/1243/512 2754/1248/625 2765/1244/511
f 2765/1244/946 2754/1248/23 2764/1249/994
f 2765/1244/992 2764/1249/1465 2770/1245/990
f 2770/1245/1340 2764/1249/3390 2769/1250/991
f 2770/1245/3391 2769/1250/989 2775/1246/389
f 2775/1246/1213 2769/1250/989 2774/1251/503
f 2775/1246/501 2774/1251/502 2780/1247/1182
f 2780/1247/384 2774/1251/3392 2779/1252/3393
f 2780/1247/381 2779/1252/1461 2785/1238/380
f 2785/1238/1459 2779/1252/607 2784/1239/986
f 2754/1248/54 2755/1253/628 2764/1249/510
f 2764/1249/510 2755/1253/21 2763/1254/627
f 2764/1249/1248 2763/1254/623 2769/1250/1247
f 2769/1250/3394 2763/1254/623 2768/1255/621
f 2769/1250/617 2768/1255/1246 2774/1251/615
f 2774/1251/615 2768/1255/620 2773/1256/619
f 2774/1251/2903 2773/1256/3395 2779/1252/499
f 2779/1252/1463 2773/1256/1048 2778/1257/1047
f 2779/1252/607 2778/1257/608 2784/1239/986
f 2784/1239/986 2778/1257/608 2783/1240/606
f 2755/1253/20 2756/1258/19 2763/1254/728
f 2763/1254/728 2756/1258/19 2762/1259/730
f 2763/1254/728 2762/1259/899 2768/1255/726
f 2768/1255/723 2762/1259/730 2767/1260/727
f 2768/1255/724 2767/1260/725 2773/1256/721
f 2773/1256/719 2767/1260/725 2772/1261/722
f 2773/1256/719 2772/1261/720 2778/1257/717
f 2778/1257/717 2772/1261/720 2777/1262/718
f 2778/1257/1079 2777/1262/1277 2783/1240/712
f 2783/1240/1368 2777/1262/1277 2782/1241/713
f 2756/1258/18 324/934/17 2762/1259/294
f 2762/1259/899 324/934/17 323/1263/17
f 2762/1259/900 323/1263/17 2767/1260/297
f 2767/1260/295 323/1263/17 322/1264/17
f 2767/1260/1154 322/1264/17 2772/1261/3396
f 2772/1261/298 322/1264/299 321/1265/17
f 2772/1261/301 321/1265/296 2777/1262/302
f 2777/1262/303 321/1265/116 320/1266/116
f 2777/1262/1158 320/1266/299 2782/1241/1159
f 2782/1241/1159 320/1266/299 319/1242/299
f 2756/1144/53 2787/1145/53 324/1146/17
f 324/1146/17 2787/1145/53 2788/1147/53
f 324/1146/116 2788/1147/18 2789/1148/18
f 2789/1148/19 2788/1147/19 2793/1149/20
f 2789/1148/19 2793/1149/20 2794/1150/20
f 2794/1150/21 2793/1149/21 2798/1151/55
f 2794/1150/21 2798/1151/55 2655/1152/55
f 2655/1152/23 2798/1151/23 2656/1153/24
f 2656/1153/24 2798/1151/57 2802/1154/24
f 2656/1153/25 2802/1154/25 2657/1155/26
f 2657/1155/26 2802/1154/25 2806/1156/26
f 2657/1155/164 2806/1156/164 2658/1157/28
f 2658/1157/28 2806/1156/164 2805/1158/164
f 2658/1157/28 2805/1158/164 2804/1159/164
f 2804/1159/26 2805/1158/26 2800/1160/25
f 2804/1159/26 2800/1160/25 2799/1161/25
f 2799/1161/24 2800/1160/24 2795/1162/57
f 2799/1161/24 2795/1162/23 2754/1163/23
f 2754/1163/55 2795/1162/55 2755/1164/21
f 2755/1164/21 2795/1162/55 2791/1165/21
f 2755/1164/20 2791/1165/20 2756/1144/19
f 2756/1144/19 2791/1165/20 2787/1145/19
f 2754/1163/57 2753/1166/24 2799/1161/24
f 2799/1161/25 2753/1166/25 2803/1167/26
f 2799/1161/25 2803/1167/26 2804/1159/26
f 2804/1159/164 2803/1167/164 2751/1168/28
f 2804/1159/164 2751/1168/28 2658/1157/28
f 2753/1166/25 2752/1169/26 2803/1167/26
f 2803/1167/164 2752/1169/164 2751/1168/28
f 2655/1152/55 2654/1170/21 2794/1150/21
f 2794/1150/20 2654/1170/20 2790/1171/19
f 2794/1150/20 2790/1171/19 2789/1148/19
f 2789/1148/53 2790/1171/53 325/1172/17
f 2789/1148/18 325/1172/17 324/1146/17
f 2654/1170/20 2653/1173/19 2790/1171/19
f 2790/1171/53 2653/1173/53 325/1172/17
f 2788/1147/19 2787/1145/19 2792/1174/20
f 2792/1174/20 2787/1145/19 2791/1165/20
f 2792/1174/21 2791/1165/21 2796/1175/55
f 2796/1175/55 2791/1165/21 2795/1162/55
f 2796/1175/23 2795/1162/23 2800/1160/24
f 2788/1147/19 2792/1174/20 2793/1149/20
f 2793/1149/21 2792/1174/21 2797/1176/55
f 2793/1149/21 2797/1176/55 2798/1151/55
f 2798/1151/23 2797/1176/23 2802/1154/24
f 2797/1176/55 2792/1174/21 2796/1175/55
f 2797/1176/23 2796/1175/23 2801/1177/24
f 2801/1177/24 2796/1175/57 2800/1160/24
f 2801/1177/25 2800/1160/25 2805/1158/26
f 2806/1156/26 2802/1154/25 2801/1177/25
f 2801/1177/24 2802/1154/24 2797/1176/57
f 2806/1156/26 2801/1177/25 2805/1158/26
f 2829/321/809 2807/320/1495 2830/319/3397
f 2830/319/3398 2807/320/260 2808/318/1807
f 2830/319/3399 2808/318/2573 2835/317/3400
f 2835/317/3401 2808/318/2691 2809/316/1902
f 2835/317/3402 2809/316/1899 2840/315/3403
f 2840/315/3404 2809/316/2574 2810/314/1903
f 2840/315/3405 2810/314/1993 2845/313/3406
f 2845/313/3407 2810/314/2519 2811/312/1995
f 2845/313/3408 2811/312/1707 2850/311/3409
f 2850/311/3410 2811/312/1707 2812/310/3411
f 2850/311/3412 2812/310/3413 2813/309/3414
f 2813/309/3415 2812/310/2095 1657/308/1761
f 2813/309/3416 2814/380/3417 2850/311/3418
f 2850/311/3418 2814/380/3417 2851/381/3419
f 2850/311/3420 2851/381/3421 2845/313/3422
f 2845/313/3422 2851/381/3423 2846/382/3424
f 2845/313/3425 2846/382/3426 2840/315/3427
f 2840/315/3428 2846/382/3426 2841/383/3429
f 2840/315/3430 2841/383/3431 2835/317/3432
f 2835/317/3432 2841/383/3433 2836/384/3434
f 2835/317/3435 2836/384/3436 2830/319/3437
f 2830/319/3438 2836/384/3439 2831/385/3440
f 2830/319/3441 2831/385/3442 2829/321/807
f 2829/321/807 2831/385/3443 2828/386/808
f 2828/386/2130 2831/385/3444 2832/410/3445
f 2828/386/870 2832/410/3446 2827/411/241
f 2827/411/241 2832/410/3446 2833/435/3447
f 2827/411/805 2833/435/3448 2826/436/235
f 2826/436/235 2833/435/3448 2834/347/3449
f 2826/436/236 2834/347/3450 2825/345/1553
f 2825/345/804 2834/347/3450 2823/346/802
f 2825/345/803 2823/346/802 2824/344/802
f 2814/380/3451 2815/405/3194 2851/381/3452
f 2851/381/3453 2815/405/46 2852/406/3454
f 2851/381/3455 2852/406/3456 2846/382/3457
f 2846/382/3458 2852/406/3459 2847/407/3460
f 2846/382/3461 2847/407/3460 2841/383/3462
f 2841/383/3463 2847/407/3460 2842/408/3464
f 2841/383/3465 2842/408/3466 2836/384/3467
f 2836/384/3468 2842/408/3469 2837/409/3470
f 2836/384/3471 2837/409/3472 2831/385/3442
f 2831/385/3473 2837/409/3474 2832/410/3475
f 2815/405/3197 2816/430/1929 2852/406/3476
f 2852/406/3477 2816/430/49 2853/431/3478
f 2852/406/3479 2853/431/3480 2847/407/3481
f 2847/407/3482 2853/431/3483 2848/432/3484
f 2847/407/3485 2848/432/3484 2842/408/3486
f 2842/408/3487 2848/432/3484 2843/433/3488
f 2842/408/3489 2843/433/3490 2837/409/3491
f 2837/409/3492 2843/433/3493 2838/434/3494
f 2837/409/3495 2838/434/3496 2832/410/3497
f 2832/410/3498 2838/434/3496 2833/435/3499
f 2816/430/50 2817/357/51 2853/431/3500
f 2853/431/3500 2817/357/51 2854/355/3501
f 2853/431/3502 2854/355/3503 2848/432/3504
f 2848/432/3505 2854/355/3506 2849/353/3507
f 2848/432/3508 2849/353/3507 2843/433/3509
f 2843/433/3488 2849/353/3510 2844/351/3511
f 2843/433/3512 2844/351/3513 2838/434/3514
f 2838/434/3515 2844/351/3511 2839/349/3516
f 2838/434/3517 2839/349/3518 2833/435/3519
f 2833/435/3520 2839/349/3521 2834/347/3450
f 2817/357/1 2818/356/2 2854/355/3522
f 2854/355/3523 2818/356/144 2819/354/2
f 2854/355/3523 2819/354/1558 2849/353/3524
f 2849/353/3525 2819/354/2 2820/352/2
f 2849/353/3524 2820/352/1558 2844/351/3526
f 2844/351/3527 2820/352/1558 2821/350/1558
f 2844/351/3527 2821/350/802 2839/349/3528
f 2839/349/3521 2821/350/1558 2822/348/1558
f 2839/349/3521 2822/348/802 2834/347/3450
f 2834/347/3529 2822/348/144 2823/346/144
f 2877/1051/776 2855/1052/826 2878/1053/3530
f 2878/1053/3531 2855/1052/826 2856/1054/826
f 2878/1053/3532 2856/1054/826 2883/1055/3533
f 2883/1055/3533 2856/1054/145 2857/1056/145
f 2883/1055/3533 2857/1056/2108 2888/1057/3534
f 2888/1057/3535 2857/1056/2108 2858/1058/2108
f 2888/1057/3535 2858/1058/29 2893/1059/3536
f 2893/1059/3536 2858/1058/2108 2859/1060/2108
f 2893/1059/3537 2859/1060/29 2898/1061/3538
f 2898/1061/3539 2859/1060/29 2860/1062/29
f 2898/1061/3538 2860/1062/29 2862/1063/2816
f 2862/1063/2816 2860/1062/29 2861/1064/29
f 2862/1063/31 2863/1065/32 2898/1061/3540
f 2898/1061/3540 2863/1065/32 2899/1066/3541
f 2898/1061/3540 2899/1066/3541 2893/1059/3542
f 2893/1059/3542 2899/1066/3541 2894/1067/3543
f 2893/1059/3544 2894/1067/3545 2888/1057/3546
f 2888/1057/3547 2894/1067/3548 2889/1068/3549
f 2888/1057/3550 2889/1068/3549 2883/1055/3551
f 2883/1055/3551 2889/1068/3549 2884/1069/3552
f 2883/1055/3553 2884/1069/3554 2878/1053/3555
f 2878/1053/3532 2884/1069/3556 2879/1070/3557
f 2878/1053/3555 2879/1070/3558 2877/1051/897
f 2877/1051/897 2879/1070/3557 2876/1071/286
f 2876/1071/282 2879/1070/3559 2880/1072/3560
f 2876/1071/822 2880/1072/3560 2875/1073/821
f 2875/1073/280 2880/1072/3561 2881/1074/3562
f 2875/1073/3563 2881/1074/3564 2874/1075/271
f 2874/1075/271 2881/1074/3565 2882/1076/3566
f 2874/1075/815 2882/1076/3566 2873/1077/814
f 2873/1077/813 2882/1076/3567 2871/1078/1804
f 2873/1077/1141 2871/1078/1537 2872/1079/1534
f 2863/1065/2204 2864/1080/34 2899/1066/3568
f 2899/1066/3569 2864/1080/1873 2900/1081/3570
f 2899/1066/3571 2900/1081/3572 2894/1067/3545
f 2894/1067/3573 2900/1081/3574 2895/1082/3575
f 2894/1067/3576 2895/1082/3577 2889/1068/3578
f 2889/1068/3579 2895/1082/3580 2890/1083/3581
f 2889/1068/3582 2890/1083/3583 2884/1069/3584
f 2884/1069/3584 2890/1083/3585 2885/1084/3586
f 2884/1069/3587 2885/1084/3588 2879/1070/3589
f 2879/1070/3559 2885/1084/3590 2880/1072/3591
f 2864/1080/58 2865/1085/59 2900/1081/3592
f 2900/1081/3592 2865/1085/59 2901/1086/3593
f 2900/1081/3594 2901/1086/3595 2895/1082/3596
f 2895/1082/3597 2901/1086/3598 2896/1087/3599
f 2895/1082/3600 2896/1087/3601 2890/1083/3602
f 2890/1083/3603 2896/1087/3604 2891/1088/3605
f 2890/1083/3606 2891/1088/3607 2885/1084/3608
f 2885/1084/3609 2891/1088/3610 2886/1089/3611
f 2885/1084/3588 2886/1089/3612 2880/1072/3613
f 2880/1072/3614 2886/1089/3615 2881/1074/3616
f 2865/1085/2529 2866/1090/3617 2901/1086/3618
f 2901/1086/3618 2866/1090/38 2902/1091/3619
f 2901/1086/3620 2902/1091/3621 2896/1087/3622
f 2896/1087/3601 2902/1091/3623 2897/1092/3624
f 2896/1087/3625 2897/1092/3626 2891/1088/3627
f 2891/1088/3628 2897/1092/3629 2892/1093/3630
f 2891/1088/3631 2892/1093/3630 2886/1089/3632
f 2886/1089/3615 2892/1093/3633 2887/1094/3634
f 2886/1089/3615 2887/1094/3635 2881/1074/3636
f 2881/1074/3637 2887/1094/3638 2882/1076/3639
f 2866/1090/61 1674/1095/67 2902/1091/3640
f 2902/1091/3641 1674/1095/1760 2867/1096/3642
f 2902/1091/3643 2867/1096/2646 2897/1092/3644
f 2897/1092/3645 2867/1096/1710 2868/1097/3646
f 2897/1092/3644 2868/1097/3647 2892/1093/3648
f 2892/1093/3649 2868/1097/2096 2869/1098/1901
f 2892/1093/3650 2869/1098/1906 2887/1094/3651
f 2887/1094/3652 2869/1098/3653 2870/1099/2291
f 2887/1094/3654 2870/1099/1806 2882/1076/3655
f 2882/1076/3656 2870/1099/2291 2871/1078/2222
f 2904/1144/2818 2909/1145/2818 2903/1146/29
f 2903/1146/29 2909/1145/2818 2910/1147/2818
f 2903/1146/29 2910/1147/2818 2911/1148/2818
f 2911/1148/31 2910/1147/31 2915/1149/32
f 2911/1148/31 2915/1149/32 2916/1150/32
f 2916/1150/33 2915/1149/33 2920/1151/2039
f 2916/1150/33 2920/1151/2039 2864/1152/2039
f 2864/1152/58 2920/1151/58 2865/1153/36
f 2865/1153/36 2920/1151/58 2924/1154/36
f 2865/1153/37 2924/1154/37 2866/1155/38
f 2866/1155/38 2924/1154/37 2928/1156/38
f 2866/1155/61 2928/1156/61 1674/1157/40
f 1674/1157/40 2928/1156/61 2927/1158/61
f 1674/1157/40 2927/1158/61 2926/1159/61
f 2926/1159/38 2927/1158/38 2922/1160/37
f 2926/1159/38 2922/1160/37 2921/1161/37
f 2921/1161/36 2922/1160/36 2917/1162/58
f 2921/1161/36 2917/1162/58 2906/1163/58
f 2906/1163/2039 2917/1162/2039 2905/1164/33
f 2905/1164/33 2917/1162/2039 2913/1165/33
f 2905/1164/32 2913/1165/32 2904/1144/31
f 2904/1144/31 2913/1165/32 2909/1145/31
f 2906/1163/58 2907/1166/36 2921/1161/36
f 2921/1161/37 2907/1166/37 2925/1167/38
f 2921/1161/37 2925/1167/38 2926/1159/38
f 2926/1159/61 2925/1167/61 1675/1168/40
f 2926/1159/39 1675/1168/40 1674/1157/40
f 2907/1166/37 2908/1169/38 2925/1167/38
f 2925/1167/61 2908/1169/61 1675/1168/40
f 2864/1152/2039 2863/1170/33 2916/1150/33
f 2916/1150/32 2863/1170/32 2912/1171/31
f 2916/1150/32 2912/1171/31 2911/1148/31
f 2911/1148/2818 2912/1171/2818 2861/1172/29
f 2911/1148/2818 2861/1172/29 2903/1146/29
f 2863/1170/32 2862/1173/31 2912/1171/31
f 2912/1171/2818 2862/1173/2818 2861/1172/29
f 2910/1147/31 2909/1145/31 2914/1174/32
f 2914/1174/32 2909/1145/31 2913/1165/32
f 2914/1174/33 2913/1165/33 2918/1175/2039
f 2918/1175/2039 2913/1165/33 2917/1162/2039
f 2918/1175/58 2917/1162/58 2922/1160/36
f 2910/1147/31 2914/1174/32 2915/1149/32
f 2915/1149/33 2914/1174/33 2919/1176/2039
f 2915/1149/33 2919/1176/2039 2920/1151/2039
f 2920/1151/58 2919/1176/58 2924/1154/36
f 2919/1176/2039 2914/1174/33 2918/1175/2039
f 2919/1176/58 2918/1175/58 2923/1177/36
f 2923/1177/36 2918/1175/58 2922/1160/36
f 2923/1177/37 2922/1160/37 2927/1158/38
f 2928/1156/38 2924/1154/37 2923/1177/37
f 2923/1177/36 2924/1154/36 2919/1176/58
f 2928/1156/38 2923/1177/37 2927/1158/38
f 1437/1178/1534 1436/1179/2223 2933/1180/3164
f 2933/1180/3657 1436/1179/2572 2938/1181/2571
f 2933/1180/1144 2938/1181/2122 2932/1182/274
f 2932/1182/2422 2938/1181/2425 2943/1183/2423
f 2932/1182/820 2943/1183/1527 2931/1184/280
f 2931/1184/3658 2943/1183/1796 2948/1185/1526
f 2931/1184/3659 2948/1185/2541 2930/1186/895
f 2930/1186/282 2948/1185/2541 2953/1187/2113
f 2930/1186/822 2953/1187/2112 2929/1188/897
f 2929/1188/2656 2953/1187/2208 2958/1189/2565
f 2929/1188/1508 2958/1189/3660 2903/1190/826
f 2903/1190/2108 2958/1189/3661 2904/1191/2420
f 2904/1191/30 2958/1189/1512 2957/1192/2450
f 2904/1191/2202 2957/1192/1784 2905/1193/2449
f 2905/1193/1783 2957/1192/1784 2956/1194/2596
f 2905/1193/1872 2956/1194/2596 2906/1195/60
f 2906/1195/1873 2956/1194/1877 2955/1196/2513
f 2906/1195/2338 2955/1196/1973 2907/1197/36
f 2907/1197/37 2955/1196/1683 2954/1198/1684
f 2907/1197/37 2954/1198/1684 2908/1199/38
f 2908/1199/39 2954/1198/1756 1676/1200/40
f 2908/1199/39 1676/1200/40 1675/1201/40
f 1436/1179/1804 1435/1202/3174 2938/1181/1532
f 2938/1181/2571 1435/1202/2291 2937/1203/2221
f 2938/1181/1800 2937/1203/1801 2943/1183/1798
f 2943/1183/1798 2937/1203/1801 2942/1204/1892
f 2943/1183/2216 2942/1204/2217 2948/1185/1523
f 2948/1185/3662 2942/1204/2217 2947/1205/2567
f 2948/1185/2541 2947/1205/3178 2953/1187/1516
f 2953/1187/3170 2947/1205/3663 2952/1206/1792
f 2953/1187/1786 2952/1206/1788 2958/1189/3664
f 2958/1189/3664 2952/1206/3169 2957/1192/1785
f 1435/1202/1900 1434/1207/1901 2937/1203/1897
f 2937/1203/2221 1434/1207/3653 2936/1208/2491
f 2937/1203/2489 2936/1208/1990 2942/1204/3172
f 2942/1204/3172 2936/1208/1990 2941/1209/1895
f 2942/1204/1892 2941/1209/2287 2947/1205/2567
f 2947/1205/2283 2941/1209/2287 2946/1210/2284
f 2947/1205/1793 2946/1210/1885 2952/1206/1792
f 2952/1206/2686 2946/1210/2282 2951/1211/2281
f 2952/1206/1788 2951/1211/1881 2957/1192/1787
f 2957/1192/1787 2951/1211/1881 2956/1194/1880
f 1434/1207/3665 1433/1212/2096 2936/1208/3666
f 2936/1208/3667 1433/1212/1706 2935/1213/1704
f 2936/1208/1990 2935/1213/3668 2941/1209/1895
f 2941/1209/1895 2935/1213/3668 2940/1214/2344
f 2941/1209/1988 2940/1214/1696 2946/1210/2514
f 2946/1210/1887 2940/1214/2621 2945/1215/2342
f 2946/1210/1981 2945/1215/2727 2951/1211/1979
f 2951/1211/3669 2945/1215/1691 2950/1216/1689
f 2951/1211/2341 2950/1216/1978 2956/1194/1972
f 2956/1194/3670 2950/1216/1978 2955/1196/1975
f 1433/1212/1707 1432/1217/1709 2935/1213/1702
f 2935/1213/2346 1432/1217/2991 2934/1218/1705
f 2935/1213/1702 2934/1218/1708 2940/1214/2643
f 2940/1214/2517 2934/1218/1708 2939/1219/1701
f 2940/1214/2517 2939/1219/1699 2945/1215/1692
f 2945/1215/1692 2939/1219/1699 2944/1220/2383
f 2945/1215/1692 2944/1220/1693 2950/1216/1686
f 2950/1216/1689 2944/1220/1698 2949/1221/1690
f 2950/1216/3184 2949/1221/2380 2955/1196/1683
f 2955/1196/1683 2949/1221/1688 2954/1198/1685
f 1432/1217/1767 1431/1222/67 2934/1218/2196
f 2934/1218/1708 1431/1222/1761 1680/1223/1761
f 2934/1218/2196 1680/1223/1761 2939/1219/2198
f 2939/1219/2198 1680/1223/1761 1679/1224/1761
f 2939/1219/1764 1679/1224/1761 2944/1220/1693
f 2944/1220/1763 1679/1224/1761 1678/1225/1761
f 2944/1220/1763 1678/1225/1760 2949/1221/1759
f 2949/1221/1758 1678/1225/1760 1677/1226/1760
f 2949/1221/1758 1677/1226/40 2954/1198/1685
f 2954/1198/1757 1677/1226/40 1676/1200/40
f 2959/30/1558 2960/1227/2464 2969/1228/1556
f 2969/1228/1556 2960/1227/1835 2974/1229/1833
f 2969/1228/1553 2974/1229/1555 2968/1230/1548
f 2968/1230/236 2974/1229/2140 2979/1231/2139
f 2968/1230/1097 2979/1231/2137 2967/1232/1098
f 2967/1232/1543 2979/1231/1551 2984/1233/1547
f 2967/1232/3671 2984/1233/3672 2966/1234/2662
f 2966/1234/871 2984/1233/2430 2989/1235/3673
f 2966/1234/2130 2989/1235/1814 2965/1236/2127
f 2965/1236/807 2989/1235/1541 2994/1237/1540
f 2965/1236/878 2994/1237/2228 1438/1178/260
f 1438/1178/3674 2994/1237/2575 1439/1179/2573
f 1439/1179/1538 2994/1237/1539 2993/1238/2692
f 1439/1179/2573 2993/1238/1904 1440/1202/1902
f 1440/1202/2574 2993/1238/1904 2992/1239/2599
f 1440/1202/2226 2992/1239/1907 1441/1207/1906
f 1441/1207/2519 2992/1239/2294 2991/1240/2626
f 1441/1207/1994 2991/1240/1711 1442/1212/1706
f 1442/1212/1707 2991/1240/1712 2990/1241/1715
f 1442/1212/3675 2990/1241/1715 1443/1217/1710
f 1443/1217/1767 2990/1241/2195 1651/1242/1761
f 1443/1217/1767 1651/1242/1761 1444/1222/1761
f 2960/1227/2244 2961/1243/1838 2974/1229/2463
f 2974/1229/2463 2961/1243/1838 2973/1244/1834
f 2974/1229/1830 2973/1244/1832 2979/1231/1828
f 2979/1231/1828 2973/1244/1837 2978/1245/1829
f 2979/1231/2137 2978/1245/3676 2984/1233/1549
f 2984/1233/2233 2978/1245/2237 2983/1246/2299
f 2984/1233/2136 2983/1246/3677 2989/1235/2133
f 2989/1235/2427 2983/1246/1915 2988/1247/1913
f 2989/1235/2230 2988/1247/2231 2994/1237/2661
f 2994/1237/2661 2988/1247/2231 2993/1238/2693
f 2961/1243/49 2962/1248/3678 2973/1244/2718
f 2973/1244/1927 2962/1248/48 2972/1249/1928
f 2973/1244/1832 2972/1249/1926 2978/1245/1923
f 2978/1245/1923 2972/1249/1926 2977/1250/1924
f 2978/1245/2603 2977/1250/2304 2983/1246/2602
f 2983/1246/1826 2977/1250/2304 2982/1251/1917
f 2983/1246/1916 2982/1251/2298 2988/1247/2494
f 2988/1247/1913 2982/1251/2300 2987/1252/3679
f 2988/1247/1910 2987/1252/2352 2993/1238/2459
f 2993/1238/2600 2987/1252/2352 2992/1239/1911
f 2962/1248/2358 2963/1253/3680 2972/1249/3681
f 2972/1249/2357 2963/1253/45 2971/1254/2017
f 2972/1249/3195 2971/1254/2356 2977/1250/2010
f 2977/1250/2010 2971/1254/2356 2976/1255/2011
f 2977/1250/2008 2976/1255/2631 2982/1251/2629
f 2982/1251/2629 2976/1255/2009 2981/1256/2630
f 2982/1251/2006 2981/1256/2007 2987/1252/1999
f 2987/1252/2297 2981/1256/3682 2986/1257/2627
f 2987/1252/2352 2986/1257/2353 2992/1239/1911
f 2992/1239/2294 2986/1257/2353 2991/1240/2351
f 2963/1253/44 2964/1258/43 2971/1254/1727
f 2971/1254/1727 2964/1258/43 2970/1259/1728
f 2971/1254/1727 2970/1259/2396 2976/1255/2530
f 2976/1255/3191 2970/1259/1728 2975/1260/1725
f 2976/1255/2009 2975/1260/2391 2981/1256/1721
f 2981/1256/1721 2975/1260/2391 2980/1261/1723
f 2981/1256/3683 2980/1261/2647 2986/1257/2389
f 2986/1257/2001 2980/1261/1722 2985/1262/1720
f 2986/1257/2388 2985/1262/1718 2991/1240/1712
f 2991/1240/3684 2985/1262/1769 2990/1241/1713
f 2964/1258/62 1656/934/41 2970/1259/2191
f 2970/1259/3685 1656/934/41 1655/1263/41
f 2970/1259/1777 1655/1263/41 2975/1260/1775
f 2975/1260/1775 1655/1263/41 1654/1264/41
f 2975/1260/1775 1654/1264/41 2980/1261/2193
f 2980/1261/2193 1654/1264/41 1653/1265/41
f 2980/1261/1772 1653/1265/1770 2985/1262/2681
f 2985/1262/2448 1653/1265/1770 1652/1266/1770
f 2985/1262/1771 1652/1266/1761 2990/1241/3686
f 2990/1241/2194 1652/1266/1761 1651/1242/1770
f 2964/1144/42 2995/1145/42 1656/1146/41
f 1656/1146/41 2995/1145/42 2996/1147/42
f 1656/1146/41 2996/1147/42 2997/1148/42
f 2997/1148/43 2996/1147/43 3001/1149/44
f 2997/1148/43 3001/1149/44 3002/1150/44
f 3002/1150/45 3001/1149/45 3006/1151/2358
f 3002/1150/45 3006/1151/2358 2815/1152/2358
f 2815/1152/1931 3006/1151/1931 2816/1153/49
f 2816/1153/49 3006/1151/1931 3010/1154/49
f 2816/1153/50 3010/1154/50 2817/1155/51
f 2817/1155/51 3010/1154/50 3014/1156/51
f 2817/1155/1 3014/1156/1 2818/1157/2
f 2818/1157/2 3014/1156/1 3013/1158/1
f 2818/1157/2 3013/1158/1835 3012/1159/1835
f 3012/1159/51 3013/1158/51 3008/1160/50
f 3012/1159/51 3008/1160/50 3007/1161/50
f 3007/1161/49 3008/1160/49 3003/1162/1931
f 3007/1161/49 3003/1162/1931 2962/1163/1931
f 2962/1163/2358 3003/1162/2358 2963/1164/45
f 2963/1164/45 3003/1162/2358 2999/1165/45
f 2963/1164/44 2999/1165/44 2964/1144/43
f 2964/1144/43 2999/1165/44 2995/1145/43
f 2962/1163/1931 2961/1166/49 3007/1161/49
f 3007/1161/50 2961/1166/50 3011/1167/51
f 3007/1161/50 3011/1167/51 3012/1159/51
f 3012/1159/1 3011/1167/1 2959/1168/2
f 3012/1159/1 2959/1168/2 2818/1157/2
f 2961/1166/50 2960/1169/51 3011/1167/51
f 3011/1167/1 2960/1169/1 2959/1168/2
f 2815/1152/2358 2814/1170/45 3002/1150/45
f 3002/1150/44 2814/1170/44 2998/1171/43
f 3002/1150/44 2998/1171/43 2997/1148/43
f 2997/1148/42 2998/1171/42 1657/1172/41
f 2997/1148/62 1657/1172/41 1656/1146/41
f 2814/1170/44 2813/1173/43 2998/1171/43
f 2998/1171/42 2813/1173/42 1657/1172/41
f 2996/1147/43 2995/1145/43 3000/1174/44
f 3000/1174/44 2995/1145/43 2999/1165/44
f 3000/1174/45 2999/1165/45 3004/1175/2358
f 3004/1175/2358 2999/1165/45 3003/1162/2358
f 3004/1175/1931 3003/1162/1931 3008/1160/49
f 2996/1147/43 3000/1174/44 3001/1149/44
f 3001/1149/45 3000/1174/45 3005/1176/2358
f 3001/1149/45 3005/1176/2358 3006/1151/2358
f 3006/1151/1931 3005/1176/1931 3010/1154/49
f 3005/1176/2358 3000/1174/45 3004/1175/2358
f 3005/1176/1931 3004/1175/1931 3009/1177/49
f 3009/1177/49 3004/1175/1931 3008/1160/49
f 3009/1177/50 3008/1160/50 3013/1158/51
f 3014/1156/51 3010/1154/50 3009/1177/50
f 3009/1177/49 3010/1154/49 3005/1176/1931
f 3014/1156/51 3009/1177/50 3013/1158/51
f 2586/1267/880 2872/1268/880 2587/1269/2099
f 2587/1269/2097 2872/1268/2965 2871/1270/2097
f 2587/1269/2097 2871/1270/2097 2588/1271/1806
f 2588/1271/1806 2871/1270/2097 2870/1272/1806
f 2588/1271/1902 2870/1272/1902 2589/1273/2104
f 2589/1273/1906 2870/1272/2290 2869/1274/1906
f 2589/1273/1906 2869/1274/1906 2590/1275/2096
f 2590/1275/2096 2869/1274/1906 2868/1276/2096
f 2590/1275/1707 2868/1276/1707 2591/1277/1710
f 2591/1277/1710 2868/1276/1707 2867/1278/1710
f 2591/1277/1767 2867/1278/1767 1673/1279/1761
f 1673/1279/1761 2867/1278/1709 1674/1280/1761
f 2877/1281/288 3015/1282/288 2855/1283/826
f 2855/1283/826 3015/1282/288 3016/1284/288
f 2855/1283/826 3016/1284/288 3017/1285/288
f 3017/1285/897 3016/1284/897 3023/1286/822
f 3017/1285/2656 3023/1286/286 3024/1287/286
f 3024/1287/282 3023/1286/282 3030/1288/280
f 3024/1287/822 3030/1288/821 3031/1289/821
f 3031/1289/280 3030/1288/280 3037/1290/820
f 3031/1289/280 3037/1290/820 3038/1291/820
f 3038/1291/815 3037/1290/815 3044/1292/814
f 3038/1291/815 3044/1292/814 2669/1293/814
f 2669/1293/813 3044/1292/813 2647/1294/811
f 2647/1294/811 3044/1292/813 3043/1295/813
f 2647/1294/811 3043/1295/813 3042/1296/813
f 3042/1296/814 3043/1295/814 3036/1297/815
f 3042/1296/814 3036/1297/815 3035/1298/815
f 3035/1298/820 3036/1297/820 3029/1299/280
f 3035/1298/820 3029/1299/280 3028/1300/280
f 3028/1300/821 3029/1299/821 3022/1301/822
f 3028/1300/280 3022/1301/282 3021/1302/282
f 3021/1302/1294 3022/1301/1294 3015/1282/288
f 3021/1302/896 3015/1282/897 2877/1281/897
f 2877/1281/897 2876/1303/286 3021/1302/286
f 3021/1302/822 2876/1303/822 3027/1304/821
f 3021/1302/822 3027/1304/821 3028/1300/821
f 3028/1300/280 3027/1304/280 3034/1305/820
f 3028/1300/280 3034/1305/820 3035/1298/820
f 3035/1298/815 3034/1305/815 3041/1306/814
f 3035/1298/815 3041/1306/814 3042/1296/814
f 3042/1296/813 3041/1306/813 2647/1294/811
f 2876/1303/822 2875/1307/821 3027/1304/821
f 3027/1304/280 2875/1307/280 3033/1308/820
f 3027/1304/280 3033/1308/820 3034/1305/820
f 3034/1305/815 3033/1308/815 3040/1309/814
f 3034/1305/815 3040/1309/814 3041/1306/814
f 3041/1306/813 3040/1309/813 2872/1310/811
f 3041/1306/812 2872/1310/811 2647/1294/811
f 2875/1307/280 2874/1311/820 3033/1308/820
f 3033/1308/815 2874/1311/815 3039/1312/814
f 3033/1308/815 3039/1312/814 3040/1309/814
f 3040/1309/813 3039/1312/813 2872/1310/811
f 2874/1311/815 2873/1313/814 3039/1312/814
f 3039/1312/813 2873/1313/813 2872/1310/811
f 2669/1293/814 2668/1314/815 3038/1291/815
f 3038/1291/820 2668/1314/820 3032/1315/280
f 3038/1291/817 3032/1315/818 3031/1289/818
f 3031/1289/821 3032/1315/821 3025/1316/822
f 3031/1289/280 3025/1316/282 3024/1287/282
f 3024/1287/1294 3025/1316/1294 3018/1317/288
f 3024/1287/286 3018/1317/897 3017/1285/897
f 3017/1285/288 3018/1317/288 2855/1283/826
f 2668/1314/820 2667/1318/280 3032/1315/280
f 3032/1315/821 2667/1318/821 3026/1319/822
f 3032/1315/821 3026/1319/822 3025/1316/822
f 3025/1316/286 3026/1319/286 3019/1320/897
f 3025/1316/822 3019/1320/897 3018/1317/897
f 3018/1317/288 3019/1320/288 2664/1321/826
f 3018/1317/1090 2664/1321/826 2855/1283/826
f 2667/1318/280 2666/1322/282 3026/1319/282
f 3026/1319/286 2666/1322/286 3020/1323/897
f 3026/1319/822 3020/1323/897 3019/1320/897
f 3019/1320/288 3020/1323/288 2664/1321/826
f 2666/1322/286 2665/1324/897 3020/1323/897
f 3020/1323/288 2665/1324/288 2664/1321/826
f 3023/1286/1294 3016/1284/288 3022/1301/1294
f 3022/1301/822 3016/1284/897 3015/1282/897
f 3030/1288/821 3023/1286/822 3029/1299/821
f 3029/1299/280 3023/1286/282 3022/1301/282
f 3037/1290/820 3030/1288/280 3036/1297/820
f 3036/1297/820 3030/1288/280 3029/1299/280
f 3044/1292/814 3037/1290/816 3043/1295/814
f 3043/1295/814 3037/1290/815 3036/1297/815
f 2507/1281/804 3045/1282/804 2485/1283/802
f 2485/1283/144 3045/1282/803 3046/1284/803
f 2485/1283/802 3046/1284/804 3047/1285/804
f 3047/1285/233 3046/1284/233 3053/1286/236
f 3047/1285/233 3053/1286/1133 3054/1287/1133
f 3054/1287/235 3053/1286/235 3060/1288/805
f 3054/1287/1097 3060/1288/241 3061/1289/241
f 3061/1289/241 3060/1288/241 3067/1290/870
f 3061/1289/1134 3067/1290/870 3068/1291/870
f 3068/1291/808 3067/1290/808 3074/1292/807
f 3068/1291/808 3074/1292/807 2829/1293/807
f 2829/1293/809 3074/1292/809 2807/1294/810
f 2807/1294/810 3074/1292/809 3073/1295/809
f 2807/1294/810 3073/1295/1293 3072/1296/1293
f 3072/1296/807 3073/1295/807 3066/1297/806
f 3072/1296/807 3066/1297/808 3065/1298/808
f 3065/1298/870 3066/1297/870 3059/1299/1134
f 3065/1298/870 3059/1299/241 3058/1300/241
f 3058/1300/241 3059/1299/241 3052/1301/1097
f 3058/1300/805 3052/1301/235 3051/1302/235
f 3051/1302/235 3052/1301/235 3045/1282/233
f 3051/1302/236 3045/1282/233 2507/1281/233
f 2507/1281/233 2506/1303/1133 3051/1302/1133
f 3051/1302/235 2506/1303/235 3057/1304/805
f 3051/1302/1097 3057/1304/241 3058/1300/241
f 3058/1300/241 3057/1304/241 3064/1305/870
f 3058/1300/1134 3064/1305/870 3065/1298/870
f 3065/1298/808 3064/1305/808 3071/1306/807
f 3065/1298/808 3071/1306/807 3072/1296/807
f 3072/1296/809 3071/1306/809 2807/1294/810
f 2506/1303/235 2505/1307/805 3057/1304/805
f 3057/1304/241 2505/1307/241 3063/1308/870
f 3057/1304/1134 3063/1308/870 3064/1305/870
f 3064/1305/808 3063/1308/808 3070/1309/807
f 3064/1305/806 3070/1309/807 3071/1306/807
f 3071/1306/1293 3070/1309/1293 2502/1310/810
f 3071/1306/809 2502/1310/810 2807/1294/810
f 2505/1307/1134 2504/1311/870 3063/1308/870
f 3063/1308/808 2504/1311/808 3069/1312/807
f 3063/1308/808 3069/1312/807 3070/1309/807
f 3070/1309/809 3069/1312/809 2502/1310/810
f 2504/1311/808 2503/1313/807 3069/1312/807
f 3069/1312/809 2503/1313/809 2502/1310/810
f 2829/1293/807 2828/1314/808 3068/1291/808
f 3068/1291/870 2828/1314/870 3062/1315/1134
f 3068/1291/870 3062/1315/241 3061/1289/241
f 3061/1289/241 3062/1315/241 3055/1316/1097
f 3061/1289/805 3055/1316/235 3054/1287/235
f 3054/1287/235 3055/1316/235 3048/1317/1553
f 3054/1287/236 3048/1317/233 3047/1285/233
f 3047/1285/1292 3048/1317/1292 2485/1283/3233
f 2828/1314/870 2827/1318/241 3062/1315/241
f 3062/1315/805 2827/1318/805 3056/1319/235
f 3062/1315/805 3056/1319/235 3055/1316/235
f 3055/1316/235 3056/1319/235 3049/1320/865
f 3055/1316/236 3049/1320/233 3048/1317/233
f 3048/1317/233 3049/1320/233 2824/1321/3234
f 3048/1317/803 2824/1321/144 2485/1283/144
f 2827/1318/805 2826/1322/235 3056/1319/235
f 3056/1319/235 2826/1322/235 3050/1323/233
f 3056/1319/236 3050/1323/233 3049/1320/233
f 3049/1320/804 3050/1323/804 2824/1321/802
f 2826/1322/236 2825/1324/233 3050/1323/233
f 3050/1323/804 2825/1324/804 2824/1321/802
f 3053/1286/235 3046/1284/1553 3052/1301/235
f 3052/1301/236 3046/1284/233 3045/1282/233
f 3060/1288/805 3053/1286/235 3059/1299/805
f 3059/1299/805 3053/1286/235 3052/1301/235
f 3067/1290/870 3060/1288/1134 3066/1297/870
f 3066/1297/870 3060/1288/241 3059/1299/241
f 3074/1292/807 3067/1290/806 3073/1295/807
f 3073/1295/807 3067/1290/808 3066/1297/808
f 2807/1325/880 2533/1326/880 2808/1327/2099
f 2808/1327/2097 2533/1326/2965 2549/1328/2097
f 2808/1327/2097 2549/1328/2097 2809/1329/1806
f 2809/1329/1806 2549/1328/2097 2548/1330/1806
f 2809/1329/1902 2548/1330/1902 2810/1331/2104
f 2810/1331/1906 2548/1330/2290 2547/1332/1906
f 2810/1331/1906 2547/1332/1906 2811/1333/2096
f 2811/1333/2096 2547/1332/1906 2546/1334/2096
f 2811/1333/1707 2546/1334/1707 2812/1335/1710
f 2812/1335/1710 2546/1334/1707 2545/1336/1710
f 2812/1335/1767 2545/1336/1767 1657/1337/1761
f 1657/1337/1761 2545/1336/1709 1658/1338/1761
f 2647/1325/1306 2443/1326/1306 2648/1327/1496
f 2648/1327/927 2443/1326/2866 2459/1328/927
f 2648/1327/927 2459/1328/927 2649/1329/1493
f 2649/1329/1493 2459/1328/927 2458/1330/1493
f 2649/1329/373 2458/1330/373 2650/1331/1501
f 2650/1331/598 2458/1330/2855 2457/1332/598
f 2650/1331/598 2457/1332/598 2651/1333/601
f 2651/1333/601 2457/1332/598 2456/1334/601
f 2651/1333/708 2456/1334/708 2652/1335/710
f 2652/1335/710 2456/1334/708 2455/1336/710
f 2652/1335/901 2455/1336/901 325/1337/299
f 325/1337/299 2455/1336/306 326/1338/299
f 2538/1100/288 3075/1101/288 2539/1102/826
f 2539/1102/145 3075/1101/776 3076/1103/776
f 2539/1102/1091 3076/1103/3687 3077/1104/3687
f 3077/1104/897 3076/1103/897 3083/1105/286
f 3077/1104/897 3083/1105/3380 3084/1106/3380
f 3084/1106/282 3083/1105/282 3090/1107/280
f 3084/1106/282 3090/1107/280 3091/1108/280
f 3091/1108/280 3090/1107/280 3097/1109/820
f 3091/1108/280 3097/1109/820 3098/1110/820
f 3098/1110/815 3097/1109/815 3104/1111/814
f 3098/1110/815 3104/1111/814 2380/1112/814
f 2380/1112/813 3104/1111/813 2381/1113/811
f 2381/1113/811 3104/1111/813 3103/1114/813
f 2381/1113/811 3103/1114/812 3102/1115/812
f 3102/1115/814 3103/1114/814 3096/1116/815
f 3102/1115/814 3096/1116/815 3095/1117/815
f 3095/1117/820 3096/1116/820 3089/1118/280
f 3095/1117/820 3089/1118/280 3088/1119/280
f 3088/1119/280 3089/1118/280 3082/1120/282
f 3088/1119/821 3082/1120/822 3081/1121/822
f 3081/1121/3380 3082/1120/3380 3075/1101/897
f 3081/1121/286 3075/1101/288 2538/1100/288
f 2538/1100/897 2537/1122/286 3081/1121/286
f 3081/1121/282 2537/1122/282 3087/1123/280
f 3081/1121/282 3087/1123/280 3088/1119/280
f 3088/1119/280 3087/1123/280 3094/1124/820
f 3088/1119/280 3094/1124/820 3095/1117/820
f 3095/1117/815 3094/1124/815 3101/1125/814
f 3095/1117/815 3101/1125/814 3102/1115/814
f 3102/1115/812 3101/1125/812 2381/1113/1495
f 2537/1122/822 2536/1126/821 3087/1123/821
f 3087/1123/280 2536/1126/280 3093/1127/820
f 3087/1123/280 3093/1127/820 3094/1124/820
f 3094/1124/815 3093/1127/815 3100/1128/814
f 3094/1124/815 3100/1128/814 3101/1125/814
f 3101/1125/813 3100/1128/813 2533/1129/811
f 3101/1125/813 2533/1129/811 2381/1113/811
f 2536/1126/280 2535/1130/820 3093/1127/820
f 3093/1127/815 2535/1130/815 3099/1131/814
f 3093/1127/815 3099/1131/814 3100/1128/814
f 3100/1128/813 3099/1131/813 2533/1129/811
f 2535/1130/815 2534/1132/814 3099/1131/814
f 3099/1131/813 2534/1132/813 2533/1129/811
f 2380/1112/814 2379/1133/815 3098/1110/815
f 3098/1110/820 2379/1133/820 3092/1134/280
f 3098/1110/820 3092/1134/280 3091/1108/280
f 3091/1108/280 3092/1134/280 3085/1135/282
f 3091/1108/821 3085/1135/822 3084/1106/822
f 3084/1106/3380 3085/1135/3380 3078/1136/897
f 3084/1106/286 3078/1136/288 3077/1104/288
f 3077/1104/823 3078/1136/823 2539/1102/3688
f 2379/1133/820 2378/1137/280 3092/1134/280
f 3092/1134/821 2378/1137/821 3086/1138/822
f 3092/1134/821 3086/1138/822 3085/1135/822
f 3085/1135/286 3086/1138/286 3079/1139/897
f 3085/1135/286 3079/1139/897 3078/1136/897
f 3078/1136/288 3079/1139/288 2375/1140/826
f 3078/1136/776 2375/1140/145 2539/1102/145
f 2378/1137/280 2377/1141/282 3086/1138/282
f 3086/1138/3380 2377/1141/3380 3080/1142/897
f 3086/1138/3380 3080/1142/897 3079/1139/897
f 3079/1139/288 3080/1142/288 2375/1140/826
f 2377/1141/286 2376/1143/288 3080/1142/288
f 3080/1142/288 2376/1143/288 2375/1140/826
f 3083/1105/3380 3076/1103/897 3082/1120/3380
f 3082/1120/286 3076/1103/897 3075/1101/897
f 3090/1107/821 3083/1105/822 3089/1118/821
f 3089/1118/821 3083/1105/822 3082/1120/822
f 3097/1109/820 3090/1107/280 3096/1116/820
f 3096/1116/820 3090/1107/280 3089/1118/280
f 3104/1111/814 3097/1109/815 3103/1114/814
f 3103/1114/814 3097/1109/815 3096/1116/815
f 2381/1267/1306 2502/1268/1306 2382/1269/1496
f 2382/1269/927 2502/1268/2866 2501/1270/927
f 2382/1269/927 2501/1270/927 2383/1271/1493
f 2383/1271/1493 2501/1270/927 2500/1272/1493
f 2383/1271/373 2500/1272/373 2384/1273/1501
f 2384/1273/598 2500/1272/2855 2499/1274/598
f 2384/1273/598 2499/1274/598 2385/1275/601
f 2385/1275/601 2499/1274/598 2498/1276/601
f 2385/1275/708 2498/1276/708 2386/1277/710
f 2386/1277/710 2498/1276/708 2497/1278/710
f 2386/1277/901 2497/1278/901 341/1279/299
f 341/1279/299 2497/1278/306 342/1280/299
f 2449/1339/144 2580/1340/144 2347/1341/144
f 2347/1341/144 2580/1340/144 2421/1342/144
f 2695/1343/144 2491/1344/144 3108/1345/144
f 3108/1345/144 2491/1344/144 3107/1346/144
f 3107/1346/144 2491/1344/144 2490/1347/144
f 3107/1346/144 2490/1347/144 2489/1348/144
f 2489/1348/144 2488/1349/144 3107/1346/144
f 3107/1346/144 2488/1349/144 2487/1350/144
f 3107/1346/144 2487/1350/144 2486/1351/144
f 2486/1351/144 2485/1352/144 3107/1346/144
f 3107/1346/144 2485/1352/144 2824/1353/144
f 3107/1346/144 2824/1353/144 3106/1354/144
f 3106/1354/144 2824/1353/144 2823/1355/144
f 3106/1354/144 2823/1355/144 2822/1356/144
f 2822/1356/144 2821/1357/144 3106/1354/144
f 3106/1354/144 2821/1357/144 2820/1358/144
f 3106/1354/144 2820/1358/144 2819/1359/144
f 2819/1359/144 2818/1360/144 3106/1354/144
f 3106/1354/144 2818/1360/144 3105/1361/144
f 3105/1361/144 2818/1360/144 2959/1362/144
f 3105/1363/802 2959/1364/802 3114/1365/230
f 3114/1365/230 2959/1364/229 2969/1366/230
f 3114/1365/233 2969/1366/233 3113/1367/236
f 3113/1367/236 2969/1366/233 2968/1368/236
f 3113/1367/1097 2968/1368/1097 3112/1369/2665
f 3112/1369/805 2968/1368/239 2967/1370/805
f 3112/1369/245 2967/1370/245 3111/1371/870
f 3111/1371/870 2967/1370/241 2966/1372/870
f 3111/1371/808 2966/1372/808 3110/1373/807
f 3110/1373/807 2966/1372/808 2965/1374/807
f 3110/1373/809 2965/1374/809 3109/1375/810
f 3109/1375/810 2965/1374/809 1438/1376/810
f 1437/1377/1495 3115/1378/1495 1438/1379/1495
f 1438/1379/1495 3115/1378/1495 3109/1380/1495
f 3115/1375/811 1437/1376/811 3121/1381/813
f 3121/1381/813 1437/1376/811 2933/1382/813
f 3121/1381/814 2933/1382/814 3120/1383/815
f 3120/1383/815 2933/1382/814 2932/1384/815
f 3120/1383/820 2932/1384/820 3119/1385/818
f 3119/1385/818 2932/1384/820 2931/1386/818
f 3119/1385/821 2931/1386/821 3118/1387/822
f 3118/1387/282 2931/1386/821 2930/1388/282
f 3118/1387/286 2930/1388/286 3117/1389/897
f 3117/1389/897 2930/1388/286 2929/1390/897
f 3117/1389/288 2929/1390/288 3116/1391/826
f 3116/1391/826 2929/1390/288 2903/1392/826
f 2586/1393/1495 2443/1394/1495 2872/1395/1495
f 2872/1395/1495 2443/1394/1495 2647/1396/1495
f 2807/1393/1495 2502/1394/1495 2533/1395/1495
f 2533/1395/1495 2502/1394/1495 2381/1396/1495
f 3123/1397/3689 3134/1398/3689 3122/1399/3690
f 3122/1399/3690 3134/1398/3689 3135/1400/3689
f 3122/1399/3690 3135/1400/3689 3133/1401/3690
f 3133/1401/3690 3135/1400/3689 3132/1402/3689
f 3132/1402/3691 3135/1400/3691 3131/1403/3692
f 3131/1403/3692 3135/1400/3691 3137/1404/3692
f 3131/1403/3693 3137/1404/3693 3130/1405/3694
f 3130/1405/3694 3137/1404/3693 3139/1406/3694
f 3130/1405/3695 3139/1406/3695 3129/1407/3696
f 3129/1407/3697 3139/1406/3698 3141/1408/3697
f 3129/1407/3699 3141/1408/3699 3128/1409/3700
f 3128/1409/3700 3141/1408/3699 3143/1410/3700
f 3128/1409/3701 3143/1410/3701 3106/30/800
f 3106/30/800 3143/1410/3702 3142/1411/3702
f 3106/30/800 3142/1411/3702 3107/1391/800
f 3107/1391/800 3142/1411/3702 3127/1412/3702
f 3127/1412/3700 3142/1411/3700 3126/1413/3699
f 3126/1413/3699 3142/1411/3700 3140/1414/3699
f 3126/1413/3696 3140/1414/3696 3125/1415/3698
f 3125/1415/3698 3140/1414/3696 3138/1416/3698
f 3125/1415/3694 3138/1416/3694 3124/1417/3693
f 3124/1417/3693 3138/1416/3694 3136/1418/3693
f 3124/1417/3692 3136/1418/3692 3123/1397/3691
f 3123/1397/3691 3136/1418/3692 3134/1398/3691
f 3137/1404/3692 3135/1400/3691 3134/1398/3691
f 3137/1404/3692 3134/1398/3691 3136/1418/3692
f 3139/1406/3694 3137/1404/3693 3136/1418/3693
f 3139/1406/3694 3136/1418/3693 3138/1416/3694
f 3141/1408/3696 3139/1406/3695 3138/1416/3695
f 3141/1408/3697 3138/1416/3698 3140/1414/3697
f 3143/1410/3700 3141/1408/3699 3140/1414/3699
f 3143/1410/3700 3140/1414/3699 3142/1411/3700
f 1265/1419/67 3158/1420/67 1242/1421/67
f 1242/1421/67 3158/1420/67 731/1422/67
f 1242/1421/67 731/1422/67 1243/1423/67
f 1243/1423/67 731/1422/67 730/1424/67
f 1243/1423/67 730/1424/67 1244/1425/67
f 1244/1425/67 730/1424/67 729/1426/67
f 1244/1425/67 729/1426/67 1245/1427/67
f 1245/1427/67 729/1426/67 1246/1428/67
f 1246/1428/67 729/1426/67 1247/1429/67
f 1247/1429/67 729/1426/67 728/1430/67
f 1247/1429/67 728/1430/67 1248/1431/67
f 1248/1431/67 728/1430/67 1249/1432/67
f 1249/1432/67 728/1430/67 727/1433/67
f 1249/1432/67 727/1433/67 1250/1434/67
f 1250/1434/67 727/1433/67 1251/1435/67
f 1251/1435/67 727/1433/67 1252/1436/67
f 1252/1436/67 727/1433/67 726/1437/67
f 1252/1436/67 726/1437/67 1253/1438/67
f 1253/1438/67 726/1437/67 725/1439/67
f 1253/1438/67 725/1439/67 1254/1440/67
f 1254/1440/67 725/1439/67 3157/1441/67
f 1254/1440/67 3157/1441/67 1255/1442/67
f 1255/1442/67 3157/1441/67 1256/1443/67
f 1256/1443/67 3157/1441/67 1257/1444/67
f 1257/1444/67 3157/1441/67 1258/1445/67
f 1258/1445/67 3157/1441/67 1259/1446/67
f 1259/1446/67 3157/1441/67 1260/1447/67
f 1260/1447/67 3157/1441/67 3158/1420/67
f 1260/1447/67 3158/1420/67 1261/1448/67
f 1261/1448/67 3158/1420/67 1262/1449/67
f 1262/1449/67 3158/1420/67 1263/1450/67
f 1263/1450/67 3158/1420/67 1264/1451/67
f 1264/1451/67 3158/1420/67 1265/1419/67
f 1047/1452/67 1046/1453/67 722/1454/67
f 722/1454/67 1046/1453/67 1069/1455/67
f 722/1454/67 1069/1455/67 723/1456/67
f 723/1456/67 1069/1455/67 1068/1457/67
f 723/1456/67 1068/1457/67 1067/1458/67
f 723/1456/67 1067/1458/67 724/1459/67
f 724/1459/67 1067/1458/67 1066/1460/67
f 724/1459/67 1066/1460/67 1065/1461/67
f 724/1459/67 1065/1461/67 3157/1441/67
f 3157/1441/67 1065/1461/67 1064/1462/67
f 3157/1441/67 1064/1462/67 1063/1463/67
f 1063/1463/67 1062/1464/67 3157/1441/67
f 3157/1441/67 1062/1464/67 3151/1345/67
f 3157/1441/67 3151/1345/67 3156/1465/67
f 3156/1465/67 3151/1345/67 3155/1466/67
f 3155/1466/67 3151/1345/67 3154/1467/67
f 3154/1467/67 3151/1345/67 3153/1468/67
f 3153/1468/67 3151/1345/67 3152/1469/67
f 1062/1464/67 1061/1470/67 3151/1345/67
f 3151/1345/67 1061/1470/67 1060/1471/67
f 3151/1345/67 1060/1471/67 1059/1472/67
f 1059/1472/67 1058/1473/67 3151/1345/67
f 3151/1345/67 1058/1473/67 1057/1474/67
f 3151/1345/67 1057/1474/67 3150/30/67
f 3150/30/67 1057/1474/67 1056/1475/67
f 3150/30/67 1056/1475/67 1055/1476/67
f 1055/1476/67 1054/1477/67 3150/30/67
f 3150/30/67 1054/1477/67 3165/1478/67
f 3150/30/67 3165/1478/67 3144/1479/67
f 3144/1479/67 3165/1478/67 3166/1480/67
f 3144/1479/67 3166/1480/67 3167/1481/67
f 1054/1477/67 1053/1482/67 3165/1478/67
f 3165/1478/67 1053/1482/67 1052/1483/67
f 3165/1478/67 1052/1483/67 1051/1484/67
f 1050/1485/67 720/1486/67 1051/1484/67
f 1051/1484/67 720/1486/67 719/1487/67
f 1051/1484/67 719/1487/67 3165/1478/67
f 3165/1478/67 719/1487/67 554/1488/67
f 3165/1478/67 554/1488/67 553/1489/67
f 1050/1485/67 1049/1490/67 720/1486/67
f 720/1486/67 1049/1490/67 721/1491/67
f 721/1491/67 1049/1490/67 1048/1492/67
f 721/1491/67 1048/1492/67 1047/1452/67
f 721/1491/67 1047/1452/67 722/1454/67
f 879/1493/67 878/1494/67 3108/1495/67
f 3108/1495/67 878/1494/67 901/1496/67
f 3108/1495/67 901/1496/67 900/1497/67
f 900/1497/67 899/1498/67 3108/1495/67
f 3108/1495/67 899/1498/67 898/1499/67
f 3108/1495/67 898/1499/67 3158/1420/67
f 3158/1420/67 898/1499/67 897/1500/67
f 3158/1420/67 897/1500/67 896/1501/67
f 896/1501/67 895/1502/67 3158/1420/67
f 3158/1420/67 895/1502/67 732/1503/67
f 3158/1420/67 732/1503/67 731/1422/67
f 895/1502/67 894/1504/67 732/1503/67
f 732/1503/67 894/1504/67 893/1505/67
f 732/1503/67 893/1505/67 733/1506/67
f 733/1506/67 893/1505/67 892/1507/67
f 733/1506/67 892/1507/67 891/1508/67
f 733/1506/67 891/1508/67 710/1509/67
f 710/1509/67 891/1508/67 890/1510/67
f 710/1509/67 890/1510/67 889/1511/67
f 710/1509/67 889/1511/67 711/1512/67
f 711/1512/67 889/1511/67 888/1513/67
f 711/1512/67 888/1513/67 887/1514/67
f 711/1512/67 887/1514/67 712/1515/67
f 712/1515/67 887/1514/67 886/1516/67
f 712/1515/67 886/1516/67 885/1517/67
f 884/1518/67 3164/1519/67 885/1517/67
f 885/1517/67 3164/1519/67 713/1520/67
f 885/1517/67 713/1520/67 712/1515/67
f 884/1518/67 883/1521/67 3164/1519/67
f 3164/1519/67 883/1521/67 882/1522/67
f 3164/1519/67 882/1522/67 3107/1523/67
f 3107/1523/67 882/1522/67 881/1524/67
f 3107/1523/67 881/1524/67 880/1525/67
f 880/1525/67 879/1493/67 3107/1523/67
f 3107/1523/67 879/1493/67 3108/1495/67
f 725/1439/67 724/1459/67 3157/1441/67
f 554/1488/67 719/1487/67 555/1526/67
f 555/1526/67 719/1487/67 718/1527/67
f 555/1526/67 718/1527/67 556/1528/67
f 556/1528/67 718/1527/67 717/1529/67
f 556/1528/67 717/1529/67 557/1530/67
f 557/1530/67 717/1529/67 558/1531/67
f 558/1531/67 717/1529/67 559/1532/67
f 559/1532/67 717/1529/67 716/1533/67
f 559/1532/67 716/1533/67 560/1534/67
f 560/1534/67 716/1533/67 561/1535/67
f 561/1535/67 716/1533/67 715/1536/67
f 561/1535/67 715/1536/67 562/1537/67
f 562/1537/67 715/1536/67 563/1538/67
f 563/1538/67 715/1536/67 564/1539/67
f 564/1539/67 715/1536/67 714/1540/67
f 564/1539/67 714/1540/67 565/1541/67
f 565/1541/67 714/1540/67 713/1520/67
f 565/1541/67 713/1520/67 542/1542/67
f 542/1542/67 713/1520/67 3164/1519/67
f 542/1542/67 3164/1519/67 543/1543/67
f 543/1543/67 3164/1519/67 544/1544/67
f 544/1544/67 3164/1519/67 545/1545/67
f 545/1545/67 3164/1519/67 546/1546/67
f 546/1546/67 3164/1519/67 547/1547/67
f 547/1547/67 3164/1519/67 548/1548/67
f 548/1548/67 3164/1519/67 3165/1478/67
f 548/1548/67 3165/1478/67 549/1549/67
f 549/1549/67 3165/1478/67 550/1550/67
f 550/1550/67 3165/1478/67 551/1551/67
f 551/1551/67 3165/1478/67 552/1552/67
f 552/1552/67 3165/1478/67 553/1489/67
f 3127/1553/67 3126/1554/67 3107/1523/67
f 3107/1523/67 3126/1554/67 3125/1555/67
f 3107/1523/67 3125/1555/67 3124/1556/67
f 3124/1556/67 3123/1557/67 3107/1523/67
f 3107/1523/67 3123/1557/67 3122/1558/67
f 3107/1523/67 3122/1558/67 3167/1481/67
f 3167/1481/67 3122/1558/67 3144/1479/67
f 3144/1479/67 3145/1559/67 3150/30/67
f 3150/30/67 3145/1559/67 3146/1560/67
f 3150/30/67 3146/1560/67 3147/1561/67
f 3147/1561/67 3148/1562/67 3150/30/67
f 3150/30/67 3148/1562/67 3149/1563/67
f 3158/1420/67 3159/1564/67 3108/1495/67
f 3108/1495/67 3159/1564/67 3160/1565/67
f 3108/1495/67 3160/1565/67 3161/1566/67
f 3161/1566/67 3162/1567/67 3108/1495/67
f 3108/1495/67 3162/1567/67 3163/1568/67
f 3167/1481/67 3164/1519/67 3107/1523/67
f 3149/1569/778 3175/1570/778 3150/1363/1091
f 3150/1363/1091 3175/1570/778 3176/1571/778
f 3150/1363/1091 3176/1571/778 3174/658/1091
f 3174/658/1091 3176/1571/778 3173/1572/778
f 3173/1572/781 3176/1571/781 3172/1573/175
f 3172/1573/175 3176/1571/781 3178/1574/175
f 3172/1573/178 3178/1574/178 3171/1575/1093
f 3171/1575/1093 3178/1574/178 3180/1576/1093
f 3171/1575/783 3180/1576/783 3170/652/784
f 3170/652/784 3180/1576/783 3182/1577/784
f 3170/652/789 3182/1577/789 3169/1578/788
f 3169/1578/788 3182/1577/789 3184/1579/788
f 3169/1578/790 3184/1579/790 3168/1580/791
f 3168/1580/791 3184/1579/790 3183/1581/790
f 3168/1580/791 3183/1581/790 3144/1582/791
f 3144/1582/791 3183/1581/790 3145/1583/3703
f 3145/1583/788 3183/1581/788 3146/1584/789
f 3146/1584/789 3183/1581/788 3181/1585/789
f 3146/1584/784 3181/1585/784 3147/1586/783
f 3147/1586/783 3181/1585/784 3179/1587/783
f 3147/1586/1093 3179/1587/1093 3148/1588/178
f 3148/1588/178 3179/1587/1093 3177/1589/178
f 3148/1588/175 3177/1589/175 3149/1569/781
f 3149/1569/781 3177/1589/175 3175/1570/781
f 3178/1574/175 3176/1571/781 3175/1570/781
f 3178/1574/175 3175/1570/781 3177/1589/175
f 3180/1576/1093 3178/1574/178 3177/1589/178
f 3180/1576/1093 3177/1589/178 3179/1587/1093
f 3182/1577/784 3180/1576/783 3179/1587/783
f 3182/1577/784 3179/1587/783 3181/1585/784
f 3184/1579/788 3182/1577/789 3181/1585/789
f 3184/1579/788 3181/1585/789 3183/1581/788
f 3133/1590/844 3209/1591/844 3122/1592/844
f 3122/1592/844 3209/1591/844 3210/1593/844
f 3122/1592/844 3210/1593/844 3211/1594/844
f 3168/1595/844 3275/1596/844 3133/1590/844
f 3133/1590/844 3275/1596/844 3276/1597/844
f 3133/1590/844 3276/1597/844 3277/1598/844
f 3144/1599/844 3293/1600/844 3168/1595/844
f 3168/1595/844 3293/1600/844 3294/1601/844
f 3168/1595/844 3294/1601/844 3295/1602/844
f 3122/1592/844 3239/1603/844 3144/1599/844
f 3144/1599/844 3239/1603/844 3240/1604/844
f 3144/1599/844 3240/1604/844 3241/1605/844
f 3186/1606/844 3220/1607/844 3185/1608/844
f 3185/1608/844 3220/1607/844 3221/1609/844
f 3185/1608/844 3221/1609/844 3222/1610/844
f 3187/1611/844 93/1612/844 3186/1606/844
f 3186/1606/844 93/1612/844 92/1613/844
f 3186/1606/844 92/1613/844 3220/1607/844
f 3220/1607/844 92/1613/844 3219/1614/844
f 3219/1614/844 92/1613/844 91/1615/844
f 3219/1614/844 91/1615/844 90/1616/844
f 3188/1617/844 95/1618/844 3187/1611/844
f 3187/1611/844 95/1618/844 94/1619/844
f 3187/1611/844 94/1619/844 93/1612/844
f 3189/1620/844 73/1621/844 3188/1617/844
f 3188/1617/844 73/1621/844 96/1622/844
f 3188/1617/844 96/1622/844 95/1618/844
f 3190/1623/844 3255/1624/844 3189/1620/844
f 3189/1620/844 3255/1624/844 3256/1625/844
f 3189/1620/844 3256/1625/844 3233/1626/844
f 3191/1627/844 3253/1628/844 3190/1623/844
f 3190/1623/844 3253/1628/844 3254/1629/844
f 3190/1623/844 3254/1629/844 3255/1624/844
f 3192/1630/844 3249/1631/844 3191/1627/844
f 3191/1627/844 3249/1631/844 3250/1632/844
f 3191/1627/844 3250/1632/844 3251/1633/844
f 3193/1634/844 3247/1635/844 3192/1630/844
f 3192/1630/844 3247/1635/844 3248/1636/844
f 3192/1630/844 3248/1636/844 3249/1631/844
f 3194/1637/844 37/1638/844 3193/1634/844
f 3193/1634/844 37/1638/844 3245/1639/844
f 3193/1634/844 3245/1639/844 3246/1640/844
f 3195/1641/844 39/1642/844 3194/1637/844
f 3194/1637/844 39/1642/844 38/1643/844
f 3194/1637/844 38/1643/844 37/1638/844
f 3196/1644/844 41/1645/844 3195/1641/844
f 3195/1641/844 41/1645/844 40/1646/844
f 3195/1641/844 40/1646/844 39/1642/844
f 3197/1647/844 3282/1648/844 3196/1644/844
f 3196/1644/844 3282/1648/844 42/1649/844
f 3196/1644/844 42/1649/844 41/1645/844
f 3198/1650/844 3304/1651/844 3197/1647/844
f 3197/1647/844 3304/1651/844 3281/1652/844
f 3197/1647/844 3281/1652/844 3282/1648/844
f 3199/1653/844 129/1654/844 3198/1650/844
f 3198/1650/844 129/1654/844 128/1655/844
f 3198/1650/844 128/1655/844 3304/1651/844
f 3304/1651/844 128/1655/844 3303/1656/844
f 3303/1656/844 128/1655/844 127/1657/844
f 3303/1656/844 127/1657/844 126/1658/844
f 3200/1659/844 131/1660/844 3199/1653/844
f 3199/1653/844 131/1660/844 130/1661/844
f 3199/1653/844 130/1661/844 129/1654/844
f 3201/1662/844 133/1663/844 3200/1659/844
f 3200/1659/844 133/1663/844 132/1664/844
f 3200/1659/844 132/1664/844 131/1660/844
f 3202/1665/844 3267/1666/844 3201/1662/844
f 3201/1662/844 3267/1666/844 3268/1667/844
f 3201/1662/844 3268/1667/844 3269/1668/844
f 3203/1669/844 3265/1670/844 3202/1665/844
f 3202/1665/844 3265/1670/844 3266/1671/844
f 3202/1665/844 3266/1671/844 3267/1666/844
f 3204/1672/844 3261/1673/844 3203/1669/844
f 3203/1669/844 3261/1673/844 3262/1674/844
f 3203/1669/844 3262/1674/844 3263/1675/844
f 3205/1676/844 3259/1677/844 3204/1672/844
f 3204/1672/844 3259/1677/844 3260/1678/844
f 3204/1672/844 3260/1678/844 3261/1673/844
f 3206/1679/844 169/1680/844 3205/1676/844
f 3205/1676/844 169/1680/844 3257/1681/844
f 3205/1676/844 3257/1681/844 3258/1682/844
f 3207/1683/844 171/1684/844 3206/1679/844
f 3206/1679/844 171/1684/844 170/1685/844
f 3206/1679/844 170/1685/844 169/1680/844
f 3208/1686/844 173/1687/844 3207/1683/844
f 3207/1683/844 173/1687/844 172/1688/844
f 3207/1683/844 172/1688/844 171/1684/844
f 3185/1608/844 3222/1610/844 3208/1686/844
f 3208/1686/844 3222/1610/844 174/1689/844
f 3208/1686/844 174/1689/844 173/1687/844
f 3122/1592/844 3211/1594/844 85/1690/844
f 85/1690/844 3211/1594/844 3212/1691/844
f 85/1690/844 3212/1691/844 86/1692/844
f 86/1692/844 3212/1691/844 3213/1693/844
f 86/1692/844 3213/1693/844 3214/1694/844
f 86/1692/844 3214/1694/844 87/1695/844
f 87/1695/844 3214/1694/844 3215/1696/844
f 87/1695/844 3215/1696/844 3216/1697/844
f 87/1695/844 3216/1697/844 88/1698/844
f 88/1698/844 3216/1697/844 3217/1699/844
f 88/1698/844 3217/1699/844 89/1700/844
f 89/1700/844 3217/1699/844 3218/1701/844
f 89/1700/844 3218/1701/844 90/1616/844
f 90/1616/844 3218/1701/844 3219/1614/844
f 3222/1610/844 3223/1702/844 174/1689/844
f 174/1689/844 3223/1702/844 175/1703/844
f 175/1703/844 3223/1702/844 176/1704/844
f 176/1704/844 3223/1702/844 3224/1705/844
f 176/1704/844 3224/1705/844 177/1706/844
f 177/1706/844 3224/1705/844 3225/1707/844
f 177/1706/844 3225/1707/844 178/1708/844
f 178/1708/844 3225/1707/844 3226/1709/844
f 178/1708/844 3226/1709/844 179/1710/844
f 179/1710/844 3226/1709/844 3227/1711/844
f 179/1710/844 3227/1711/844 3228/1712/844
f 179/1710/844 3228/1712/844 180/1713/844
f 180/1713/844 3228/1712/844 3229/1714/844
f 180/1713/844 3229/1714/844 3230/1715/844
f 180/1713/3704 3230/1715/3704 181/1716/3704
f 181/1716/844 3230/1715/844 3231/1717/844
f 181/1716/844 3231/1717/844 3133/1590/844
f 3133/1590/844 3231/1717/844 3232/1718/844
f 3133/1590/844 3232/1718/844 3209/1591/844
f 3234/1719/844 74/1720/844 3233/1626/844
f 3233/1626/844 74/1720/844 73/1621/844
f 3233/1626/844 73/1621/844 3189/1620/844
f 74/1720/844 3234/1719/844 75/1721/844
f 75/1721/844 3234/1719/844 3235/1722/844
f 75/1721/844 3235/1722/844 76/1723/844
f 76/1723/844 3235/1722/844 3236/1724/844
f 76/1723/3704 3236/1724/3704 77/1725/3704
f 77/1725/844 3236/1724/844 3237/1726/844
f 77/1725/844 3237/1726/844 3122/1592/844
f 3122/1592/844 3237/1726/844 3238/1727/844
f 3122/1592/844 3238/1727/844 3239/1603/844
f 3144/1599/844 3241/1605/844 33/1728/844
f 33/1728/844 3241/1605/844 3242/1729/844
f 33/1728/844 3242/1729/844 34/1730/844
f 34/1730/844 3242/1729/844 3243/1731/844
f 34/1730/844 3243/1731/844 35/1732/844
f 35/1732/844 3243/1731/844 3244/1733/844
f 35/1732/844 3244/1733/844 36/1734/844
f 36/1734/844 3244/1733/844 3245/1639/844
f 36/1734/844 3245/1639/844 37/1638/844
f 3246/1640/844 3247/1635/844 3193/1634/844
f 3251/1633/844 3252/1735/844 3191/1627/844
f 3191/1627/844 3252/1735/844 3253/1628/844
f 3258/1682/844 3259/1677/844 3205/1676/844
f 3263/1675/844 3264/1736/844 3203/1669/844
f 3203/1669/844 3264/1736/844 3265/1670/844
f 3270/1737/844 134/1738/844 3269/1668/844
f 3269/1668/844 134/1738/844 133/1663/844
f 3269/1668/844 133/1663/844 3201/1662/844
f 134/1738/844 3270/1737/844 135/1739/844
f 135/1739/844 3270/1737/844 3271/1740/844
f 135/1739/844 3271/1740/844 136/1741/844
f 136/1741/844 3271/1740/844 3272/1742/844
f 136/1741/844 3272/1742/844 137/1743/844
f 137/1743/844 3272/1742/844 3273/1744/844
f 137/1743/844 3273/1744/844 3168/1595/844
f 3168/1595/844 3273/1744/844 3274/1745/844
f 3168/1595/844 3274/1745/844 3275/1596/844
f 3133/1590/844 3277/1598/844 189/1746/844
f 189/1746/844 3277/1598/844 3278/1747/844
f 189/1746/3705 3278/1747/3705 190/1748/3705
f 190/1748/844 3278/1747/844 3279/1749/844
f 190/1748/844 3279/1749/844 191/1750/844
f 191/1750/844 3279/1749/844 3280/1751/844
f 191/1750/844 3280/1751/844 192/1752/844
f 192/1752/844 3280/1751/844 3257/1681/844
f 192/1752/844 3257/1681/844 169/1680/844
f 3282/1648/844 3283/1753/844 42/1649/844
f 42/1649/844 3283/1753/844 43/1754/844
f 43/1754/844 3283/1753/844 44/1755/844
f 44/1755/844 3283/1753/844 3284/1756/844
f 44/1755/844 3284/1756/844 45/1757/844
f 45/1757/844 3284/1756/844 3285/1758/844
f 45/1757/844 3285/1758/844 46/1759/844
f 46/1759/844 3285/1758/844 3286/1760/844
f 46/1759/844 3286/1760/844 47/1761/844
f 47/1761/844 3286/1760/844 3287/1762/844
f 47/1761/844 3287/1762/844 3288/1763/844
f 47/1761/844 3288/1763/844 48/1764/844
f 48/1764/844 3288/1763/844 3289/1765/844
f 48/1764/844 3289/1765/844 3290/1766/844
f 48/1764/844 3290/1766/844 25/1767/844
f 25/1767/844 3290/1766/844 3291/1768/844
f 25/1767/844 3291/1768/844 3144/1599/844
f 3144/1599/844 3291/1768/844 3292/1769/844
f 3144/1599/844 3292/1769/844 3293/1600/844
f 3168/1595/844 3295/1602/844 121/1770/844
f 121/1770/844 3295/1602/844 3296/1771/844
f 121/1770/844 3296/1771/844 122/1772/844
f 122/1772/844 3296/1771/844 3297/1773/844
f 122/1772/844 3297/1773/844 3298/1774/844
f 122/1772/844 3298/1774/844 123/1775/844
f 123/1775/844 3298/1774/844 3299/1776/844
f 123/1775/844 3299/1776/844 3300/1777/844
f 123/1775/844 3300/1777/844 124/1778/844
f 124/1778/844 3300/1777/844 3301/1779/844
f 124/1778/844 3301/1779/844 125/1780/844
f 125/1780/844 3301/1779/844 3302/1781/844
f 125/1780/844 3302/1781/844 126/1658/844
f 126/1658/844 3302/1781/844 3303/1656/844
f 189/1746/844 188/1782/844 3133/1590/844
f 3133/1590/844 188/1782/844 187/1783/844
f 3133/1590/844 187/1783/844 186/1784/844
f 186/1784/844 185/1785/844 3133/1590/844
f 3133/1590/844 185/1785/844 184/1786/844
f 3133/1590/844 184/1786/844 183/1787/844
f 183/1787/844 182/1788/844 3133/1590/844
f 3133/1590/844 182/1788/844 181/1716/844
f 121/1770/844 144/1789/844 3168/1595/844
f 3168/1595/844 144/1789/844 143/1790/844
f 3168/1595/844 143/1790/844 142/1791/844
f 142/1791/844 141/1792/844 3168/1595/844
f 3168/1595/844 141/1792/844 140/1793/844
f 3168/1595/844 140/1793/844 139/1794/844
f 139/1794/844 138/1795/844 3168/1595/844
f 3168/1595/844 138/1795/844 137/1743/844
f 85/1690/844 84/1796/844 3122/1592/844
f 3122/1592/844 84/1796/844 83/1797/844
f 3122/1592/844 83/1797/844 82/1798/844
f 82/1798/844 81/1799/844 3122/1592/844
f 3122/1592/844 81/1799/844 80/1800/844
f 3122/1592/844 80/1800/844 79/1801/844
f 79/1801/844 78/1802/844 3122/1592/844
f 3122/1592/844 78/1802/844 77/1725/844
f 33/1728/844 32/1803/844 3144/1599/844
f 3144/1599/844 32/1803/844 31/1804/844
f 3144/1599/844 31/1804/844 30/1805/844
f 30/1805/844 29/1806/844 3144/1599/844
f 3144/1599/844 29/1806/844 28/1807/844
f 3144/1599/844 28/1807/844 27/1808/844
f 27/1808/844 26/1809/844 3144/1599/844
f 3144/1599/844 26/1809/844 25/1767/844
f 3158/1810/810 1221/1811/810 3159/1812/809
f 3159/1812/809 1221/1811/810 2725/1813/809
f 3159/1812/807 2725/1813/807 3160/664/808
f 3160/664/808 2725/1813/2127 2724/1814/808
f 3160/664/870 2724/1814/870 3161/1815/245
f 3161/1815/245 2724/1814/870 2723/1816/245
f 3161/1815/805 2723/1816/805 3162/1817/1097
f 3162/1817/1097 2723/1816/805 2722/1818/1097
f 3162/1817/236 2722/1818/236 3163/1819/233
f 3163/1819/233 2722/1818/236 2721/1820/233
f 3163/1819/230 2721/1820/230 3108/658/229
f 3108/658/802 2721/1820/230 2695/1821/802
f 3151/30/826 2751/1822/826 3152/36/288
f 3152/36/288 2751/1822/826 2761/1823/288
f 3152/36/897 2761/1823/897 3153/42/286
f 3153/42/286 2761/1823/897 2760/1824/286
f 3153/42/282 2760/1824/282 3154/48/821
f 3154/48/821 2760/1824/282 2759/1825/821
f 3154/48/818 2759/1825/818 3155/4/820
f 3155/4/820 2759/1825/818 2758/1826/820
f 3155/4/815 2758/1826/815 3156/1827/814
f 3156/1827/814 2758/1826/815 2757/1828/814
f 3156/1827/813 2757/1828/813 3157/1810/811
f 3157/1810/811 2757/1828/1141 1222/1811/811
f 2751/1362/145 3151/1361/145 2658/1360/145
f 2658/1360/145 3151/1361/145 3150/772/145
f 2658/1360/145 3150/772/145 2659/1359/145
f 2659/1359/145 3150/772/145 2660/1358/145
f 2660/1358/145 3150/772/145 2661/1357/145
f 2661/1357/145 3150/772/145 2662/1356/145
f 2662/1356/145 3150/772/145 2663/1355/145
f 2663/1355/145 3150/772/145 2664/1353/145
f 2664/1353/145 3150/772/145 3174/30/145
f 2664/1353/145 3174/30/145 2855/1352/145
f 2855/1352/145 3174/30/145 2856/1351/145
f 2856/1351/145 3174/30/145 2857/1350/145
f 2857/1350/145 3174/30/145 2858/1349/145
f 2858/1349/145 3174/30/145 2859/1348/145
f 2859/1348/145 3174/30/145 2860/1347/145
f 2860/1347/145 3174/30/145 2861/1344/145
f 2861/1344/145 3174/30/145 3116/1345/145
f 2861/1344/145 3116/1345/145 2903/1343/145
f 2348/1342/145 2420/1341/145 2375/1340/145
f 2375/1340/145 2420/1341/145 2539/1339/145
f 2347/1829/1495 3371/1603/1495 2348/1830/1495
f 2348/1830/1495 3371/1603/1495 3372/1604/1495
f 2348/1830/1495 3372/1604/1495 3373/1605/1495
f 2421/1831/1495 3413/1591/1495 2347/1829/1495
f 2347/1829/1495 3413/1591/1495 3414/1593/1495
f 2347/1829/1495 3414/1593/1495 3415/1594/1495
f 2420/1832/1495 3383/1596/1495 2421/1831/1495
f 2421/1831/1495 3383/1596/1495 3384/1597/1495
f 2421/1831/1495 3384/1597/1495 3385/1598/1495
f 2348/1830/1495 3329/1600/1495 2420/1832/1495
f 2420/1832/1495 3329/1600/1495 3330/1601/1495
f 2420/1832/1495 3330/1601/1495 3331/1602/1495
f 3306/1650/1495 3340/1651/1495 3305/1647/1495
f 3305/1647/1495 3340/1651/1495 3341/1652/1495
f 3305/1647/1495 3341/1652/1495 3342/1648/1495
f 3307/1653/1495 164/1655/1495 3306/1650/1495
f 3306/1650/1495 164/1655/1495 3339/1656/1495
f 3306/1650/1495 3339/1656/1495 3340/1651/1495
f 3308/1659/1495 166/1661/1495 3307/1653/1495
f 3307/1653/1495 166/1661/1495 165/1654/1495
f 3307/1653/1495 165/1654/1495 164/1655/1495
f 3309/1662/1495 168/1664/1495 3308/1659/1495
f 3308/1659/1495 168/1664/1495 167/1660/1495
f 3308/1659/1495 167/1660/1495 166/1661/1495
f 3310/1665/1495 3399/1666/1495 3309/1662/1495
f 3309/1662/1495 3399/1666/1495 3400/1667/1495
f 3309/1662/1495 3400/1667/1495 168/1664/1495
f 168/1664/1495 3400/1667/1495 145/1663/1495
f 145/1663/1495 3400/1667/1495 3377/1668/1495
f 145/1663/1495 3377/1668/1495 146/1738/1495
f 146/1738/1495 3377/1668/1495 3378/1737/1495
f 146/1738/1495 3378/1737/1495 147/1739/1495
f 147/1739/1495 3378/1737/1495 3379/1740/1495
f 147/1739/1495 3379/1740/1495 148/1741/1495
f 148/1741/1495 3379/1740/1495 3380/1742/1495
f 148/1741/1494 3380/1742/1494 149/1743/1494
f 149/1743/1495 3380/1742/1495 3381/1744/1495
f 149/1743/1495 3381/1744/1495 2420/1832/1495
f 2420/1832/1495 3381/1744/1495 3382/1745/1495
f 2420/1832/1495 3382/1745/1495 3383/1596/1495
f 3311/1669/1495 3396/1736/1495 3310/1665/1495
f 3310/1665/1495 3396/1736/1495 3397/1670/1495
f 3310/1665/1495 3397/1670/1495 3398/1671/1495
f 3312/1672/1495 3394/1674/1495 3311/1669/1495
f 3311/1669/1495 3394/1674/1495 3395/1675/1495
f 3311/1669/1495 3395/1675/1495 3396/1736/1495
f 3313/1676/1495 3391/1677/1495 3312/1672/1495
f 3312/1672/1495 3391/1677/1495 3392/1678/1495
f 3312/1672/1495 3392/1678/1495 3393/1673/1495
f 3314/1679/1495 110/1685/1495 3313/1676/1495
f 3313/1676/1495 110/1685/1495 3390/1682/1495
f 3313/1676/1495 3390/1682/1495 3391/1677/1495
f 3315/1683/1495 112/1688/1495 3314/1679/1495
f 3314/1679/1495 112/1688/1495 111/1684/1495
f 3314/1679/1495 111/1684/1495 110/1685/1495
f 3316/1686/1495 114/1689/1495 3315/1683/1495
f 3315/1683/1495 114/1689/1495 113/1687/1495
f 3315/1683/1495 113/1687/1495 112/1688/1495
f 3317/1608/1495 3402/1610/1495 3316/1686/1495
f 3316/1686/1495 3402/1610/1495 3403/1702/1495
f 3316/1686/1495 3403/1702/1495 114/1689/1495
f 114/1689/1495 3403/1702/1495 115/1703/1495
f 115/1703/1495 3403/1702/1495 3404/1705/1495
f 115/1703/1495 3404/1705/1495 116/1704/1495
f 116/1704/1495 3404/1705/1495 3405/1707/1495
f 116/1704/1495 3405/1707/1495 117/1706/1495
f 117/1706/1495 3405/1707/1495 3406/1709/1495
f 117/1706/1495 3406/1709/1495 118/1708/1495
f 118/1708/1495 3406/1709/1495 3407/1711/1495
f 118/1708/1495 3407/1711/1495 119/1710/1495
f 119/1710/1495 3407/1711/1495 3408/1712/1495
f 119/1710/1495 3408/1712/1495 3409/1714/1495
f 3318/1606/1495 3424/1607/1495 3317/1608/1495
f 3317/1608/1495 3424/1607/1495 3401/1609/1495
f 3317/1608/1495 3401/1609/1495 3402/1610/1495
f 3319/1611/1495 8/1613/1495 3318/1606/1495
f 3318/1606/1495 8/1613/1495 3423/1614/1495
f 3318/1606/1495 3423/1614/1495 3424/1607/1495
f 3320/1617/1495 10/1619/1495 3319/1611/1495
f 3319/1611/1495 10/1619/1495 9/1612/1495
f 3319/1611/1495 9/1612/1495 8/1613/1495
f 3321/1620/1495 12/1622/1495 3320/1617/1495
f 3320/1617/1495 12/1622/1495 11/1618/1495
f 3320/1617/1495 11/1618/1495 10/1619/1495
f 3322/1623/1495 3363/1624/1495 3321/1620/1495
f 3321/1620/1495 3363/1624/1495 3364/1625/1495
f 3321/1620/1495 3364/1625/1495 12/1622/1495
f 12/1622/1495 3364/1625/1495 13/1621/1495
f 13/1621/1495 3364/1625/1495 3365/1626/1495
f 13/1621/1495 3365/1626/1495 14/1720/1495
f 14/1720/1495 3365/1626/1495 3366/1719/1495
f 14/1720/1495 3366/1719/1495 15/1721/1495
f 15/1721/1495 3366/1719/1495 3367/1722/1495
f 15/1721/1495 3367/1722/1495 16/1723/1495
f 16/1723/1495 3367/1722/1495 3368/1724/1495
f 16/1723/2098 3368/1724/2098 17/1725/2098
f 17/1725/1495 3368/1724/1495 3369/1726/1495
f 17/1725/1495 3369/1726/1495 2347/1829/1495
f 2347/1829/1495 3369/1726/1495 3370/1727/1495
f 2347/1829/1495 3370/1727/1495 3371/1603/1495
f 3323/1627/1495 3360/1735/1495 3322/1623/1495
f 3322/1623/1495 3360/1735/1495 3361/1628/1495
f 3322/1623/1495 3361/1628/1495 3362/1629/1495
f 3324/1630/1495 3358/1632/1495 3323/1627/1495
f 3323/1627/1495 3358/1632/1495 3359/1633/1495
f 3323/1627/1495 3359/1633/1495 3360/1735/1495
f 3325/1634/1495 3355/1635/1495 3324/1630/1495
f 3324/1630/1495 3355/1635/1495 3356/1636/1495
f 3324/1630/1495 3356/1636/1495 3357/1631/1495
f 3326/1637/1495 50/1643/1495 3325/1634/1495
f 3325/1634/1495 50/1643/1495 3354/1640/1495
f 3325/1634/1495 3354/1640/1495 3355/1635/1495
f 3327/1641/1495 52/1646/1495 3326/1637/1495
f 3326/1637/1495 52/1646/1495 51/1642/1495
f 3326/1637/1495 51/1642/1495 50/1643/1495
f 3328/1644/1495 54/1649/1495 3327/1641/1495
f 3327/1641/1495 54/1649/1495 53/1645/1495
f 3327/1641/1495 53/1645/1495 52/1646/1495
f 3305/1647/1495 3342/1648/1495 3328/1644/1495
f 3328/1644/1495 3342/1648/1495 3343/1753/1495
f 3328/1644/1495 3343/1753/1495 54/1649/1495
f 54/1649/1495 3343/1753/1495 55/1754/1495
f 55/1754/1495 3343/1753/1495 3344/1756/1495
f 55/1754/1495 3344/1756/1495 56/1755/1495
f 56/1755/1495 3344/1756/1495 3345/1758/1495
f 56/1755/1495 3345/1758/1495 57/1757/1495
f 57/1757/1495 3345/1758/1495 3346/1760/1495
f 57/1757/1495 3346/1760/1495 58/1759/1495
f 58/1759/1495 3346/1760/1495 3347/1762/1495
f 58/1759/1495 3347/1762/1495 59/1761/1495
f 59/1761/1495 3347/1762/1495 3348/1763/1495
f 59/1761/1495 3348/1763/1495 3349/1765/1495
f 2420/1832/1495 3331/1602/1495 157/1770/1495
f 157/1770/1495 3331/1602/1495 3332/1771/1495
f 157/1770/1495 3332/1771/1495 158/1772/1495
f 158/1772/1495 3332/1771/1495 3333/1773/1495
f 158/1772/1495 3333/1773/1495 159/1775/1495
f 159/1775/1495 3333/1773/1495 3334/1774/1495
f 159/1775/1495 3334/1774/1495 3335/1776/1495
f 159/1775/1495 3335/1776/1495 160/1778/1495
f 160/1778/1495 3335/1776/1495 3336/1777/1495
f 160/1778/1495 3336/1777/1495 161/1780/1495
f 161/1780/1495 3336/1777/1495 3337/1779/1495
f 161/1780/1495 3337/1779/1495 162/1658/1495
f 162/1658/1495 3337/1779/1495 3338/1781/1495
f 162/1658/1495 3338/1781/1495 163/1657/1495
f 163/1657/1495 3338/1781/1495 3339/1656/1495
f 163/1657/1495 3339/1656/1495 164/1655/1495
f 59/1761/1495 3349/1765/1495 60/1764/1495
f 60/1764/1495 3349/1765/1495 3350/1766/1495
f 60/1764/1495 3350/1766/1495 61/1767/1495
f 61/1767/1495 3350/1766/1495 3351/1768/1495
f 61/1767/1495 3351/1768/1495 2348/1830/1495
f 2348/1830/1495 3351/1768/1495 3352/1769/1495
f 2348/1830/1495 3352/1769/1495 3329/1600/1495
f 3354/1640/1495 49/1638/1495 3353/1639/1495
f 3353/1639/1495 49/1638/1495 72/1734/1495
f 3353/1639/1495 72/1734/1495 3376/1733/1495
f 3376/1733/1495 72/1734/1495 71/1732/1495
f 3376/1733/1495 71/1732/1495 3375/1731/1495
f 3375/1731/1495 71/1732/1495 70/1730/1495
f 3375/1731/1495 70/1730/1495 3374/1729/1495
f 3374/1729/2098 70/1730/2098 69/1728/2098
f 3374/1729/1495 69/1728/1495 3373/1605/1495
f 3373/1605/1495 69/1728/1495 2348/1830/1495
f 3357/1631/1495 3358/1632/1495 3324/1630/1495
f 3362/1629/1495 3363/1624/1495 3322/1623/1495
f 2421/1831/1495 3385/1598/1495 105/1746/1495
f 105/1746/1495 3385/1598/1495 3386/1747/1495
f 105/1746/1494 3386/1747/1494 106/1748/1494
f 106/1748/1495 3386/1747/1495 3387/1749/1495
f 106/1748/1495 3387/1749/1495 107/1750/1495
f 107/1750/1495 3387/1749/1495 3388/1751/1495
f 107/1750/1495 3388/1751/1495 108/1752/1495
f 108/1752/1495 3388/1751/1495 3389/1681/1495
f 108/1752/1495 3389/1681/1495 109/1680/1495
f 109/1680/1495 3389/1681/1495 3390/1682/1495
f 109/1680/1495 3390/1682/1495 110/1685/1495
f 3393/1673/1495 3394/1674/1495 3312/1672/1495
f 3398/1671/1495 3399/1666/1495 3310/1665/1495
f 119/1710/1495 3409/1714/1495 120/1713/1495
f 120/1713/1495 3409/1714/1495 3410/1715/1495
f 120/1713/1495 3410/1715/1495 97/1716/1495
f 97/1716/1495 3410/1715/1495 3411/1717/1495
f 97/1716/1495 3411/1717/1495 2421/1831/1495
f 2421/1831/1495 3411/1717/1495 3412/1718/1495
f 2421/1831/1495 3412/1718/1495 3413/1591/1495
f 2347/1829/1495 3415/1594/1495 1/1690/1495
f 1/1690/1495 3415/1594/1495 3416/1691/1495
f 1/1690/1495 3416/1691/1495 2/1692/1495
f 2/1692/1495 3416/1691/1495 3417/1693/1495
f 2/1692/1495 3417/1693/1495 3/1695/1495
f 3/1695/1495 3417/1693/1495 3418/1694/1495
f 3/1695/1495 3418/1694/1495 3419/1696/1495
f 3/1695/1495 3419/1696/1495 4/1698/1495
f 4/1698/1495 3419/1696/1495 3420/1697/1495
f 4/1698/1495 3420/1697/1495 5/1700/1495
f 5/1700/1495 3420/1697/1495 3421/1699/1495
f 5/1700/1495 3421/1699/1495 6/1616/1495
f 6/1616/1495 3421/1699/1495 3422/1701/1495
f 6/1616/1495 3422/1701/1495 7/1615/1495
f 7/1615/1495 3422/1701/1495 3423/1614/1495
f 7/1615/1495 3423/1614/1495 8/1613/1495
f 157/1770/1495 156/1789/1495 2420/1832/1495
f 2420/1832/1495 156/1789/1495 155/1790/1495
f 2420/1832/1495 155/1790/1495 154/1791/1495
f 154/1791/1495 153/1792/1495 2420/1832/1495
f 2420/1832/1495 153/1792/1495 152/1793/1495
f 2420/1832/1495 152/1793/1495 151/1794/1495
f 151/1794/1495 150/1795/1495 2420/1832/1495
f 2420/1832/1495 150/1795/1495 149/1743/1495
f 105/1746/1495 104/1782/1495 2421/1831/1495
f 2421/1831/1495 104/1782/1495 103/1783/1495
f 2421/1831/1495 103/1783/1495 102/1784/1495
f 102/1784/1495 101/1785/1495 2421/1831/1495
f 2421/1831/1495 101/1785/1495 100/1786/1495
f 2421/1831/1495 100/1786/1495 99/1787/1495
f 99/1787/1495 98/1788/1495 2421/1831/1495
f 2421/1831/1495 98/1788/1495 97/1716/1495
f 69/1728/1495 68/1803/1495 2348/1830/1495
f 2348/1830/1495 68/1803/1495 67/1804/1495
f 2348/1830/1495 67/1804/1495 66/1805/1495
f 66/1805/1495 65/1806/1495 2348/1830/1495
f 2348/1830/1495 65/1806/1495 64/1807/1495
f 2348/1830/1495 64/1807/1495 63/1808/1495
f 63/1808/1495 62/1809/1495 2348/1830/1495
f 2348/1830/1495 62/1809/1495 61/1767/1495
f 50/1643/1495 49/1638/1495 3354/1640/1495
f 1/1690/1495 24/1796/1495 2347/1829/1495
f 2347/1829/1495 24/1796/1495 23/1797/1495
f 2347/1829/1495 23/1797/1495 22/1798/1495
f 22/1798/1495 21/1799/1495 2347/1829/1495
f 2347/1829/1495 21/1799/1495 20/1800/1495
f 2347/1829/1495 20/1800/1495 19/1801/1495
f 19/1801/1495 18/1802/1495 2347/1829/1495
f 2347/1829/1495 18/1802/1495 17/1725/1495
f 227/1833/3706 245/1834/3706 228/1835/3706
f 228/1835/2098 245/1834/2098 244/1836/2098
f 228/1835/1495 244/1836/1495 229/1837/1495
f 229/1837/1495 244/1836/1495 243/1838/1495
f 229/1837/1495 243/1838/1495 230/1839/1495
f 230/1839/1495 243/1838/1495 242/1840/1495
f 230/1839/1495 242/1840/1495 231/1841/1495
f 231/1841/1495 242/1840/1495 241/1842/1495
f 231/1841/1495 241/1842/1495 232/1843/1495
f 232/1843/1495 241/1842/1495 240/1844/1495
f 232/1843/1495 240/1844/1495 233/1845/1495
f 233/1845/1495 240/1844/1495 239/1846/1495
f 233/1845/1495 239/1846/1495 3166/30/1495
f 3166/30/1495 239/1846/1495 3167/1152/1495
f 1730/1847/3707 1729/1848/3707 2317/1849/3707
f 2317/1849/1494 1729/1848/1494 2333/1850/1494
f 2317/1849/1495 2333/1850/1495 2318/1851/1495
f 2318/1851/1495 2333/1850/1495 2332/1852/1495
f 2318/1851/1495 2332/1852/1495 2319/1853/1495
f 2319/1853/1495 2332/1852/1495 2331/1854/1495
f 2319/1853/1495 2331/1854/1495 2320/1855/1495
f 2320/1855/1495 2331/1854/1495 2330/1856/1495
f 2320/1855/1495 2330/1856/1495 2321/1857/1495
f 2321/1857/1495 2330/1856/1495 2329/1858/1495
f 2321/1857/1495 2329/1858/1495 2322/1859/1495
f 2322/1859/1495 2329/1858/1495 2328/1860/1495
f 2322/1859/1495 2328/1860/1495 3426/1861/1495
f 3426/1861/1495 2328/1860/1495 3425/1862/1495
f 239/1845/145 213/1863/145 3167/30/145
f 3167/30/145 213/1863/145 3164/1864/145
f 2302/1865/145 2322/1860/145 3427/1866/145
f 3427/1866/145 2322/1860/145 3426/1862/145
f 212/1845/144 233/1863/144 3165/30/144
f 3165/30/144 233/1863/144 3166/1864/144
f 213/1845/844 212/1846/844 3164/30/844
f 3164/30/844 212/1846/844 3165/1152/844
f 2303/1859/844 2302/1860/844 3428/1861/844
f 3428/1861/844 2302/1860/844 3427/1862/844
f 2328/1865/144 2303/1860/144 3425/1866/144
f 3425/1866/144 2303/1860/144 3428/1862/144
f 1221/1867/1495 3158/1868/1495 1222/1869/1495
f 1222/1869/1495 3158/1868/1495 3157/1870/1495
f 3208/1871/2818 3306/654/2818 3185/1872/29
f 3185/1872/29 3306/654/2818 3305/652/29
f 3185/1873/28 3305/650/28 3186/1874/164
f 3186/1874/164 3305/650/28 3328/648/164
f 3186/1874/26 3328/648/26 3187/1875/25
f 3187/1875/25 3328/648/26 3327/682/25
f 3187/1875/24 3327/682/24 3188/1876/57
f 3188/1876/23 3327/682/24 3326/680/23
f 3188/1876/55 3326/680/55 3189/1877/21
f 3189/1877/21 3326/680/55 3325/678/21
f 3189/1877/20 3325/678/20 3190/1878/19
f 3190/1878/19 3325/678/20 3324/676/19
f 3190/1878/53 3324/676/53 3191/1879/17
f 3191/1879/17 3324/676/53 3323/674/17
f 3191/1879/16 3323/674/16 3192/1880/15
f 3192/1880/15 3323/674/16 3322/672/15
f 3192/1880/14 3322/672/14 3193/1881/13
f 3193/1881/13 3322/672/14 3321/670/13
f 3193/1881/11 3321/670/11 3194/5/1025
f 3194/5/1025 3321/670/11 3320/6/1025
f 3194/5/8 3320/6/8 3195/13/7
f 3195/13/7 3320/6/8 3319/14/7
f 3195/13/6 3319/14/6 3196/21/5
f 3196/21/5 3319/14/6 3318/22/5
f 3196/21/4 3318/22/4 3197/29/3
f 3197/29/3 3318/22/4 3317/30/3
f 3197/29/2 3317/30/2 3198/37/1
f 3198/37/1 3317/30/2 3316/38/1
f 3198/37/51 3316/38/51 3199/45/50
f 3199/45/50 3316/38/51 3315/46/50
f 3199/45/49 3315/46/49 3200/3/1931
f 3200/3/1931 3315/46/49 3314/4/1931
f 3200/3/2358 3314/4/2358 3201/1882/45
f 3201/1882/45 3314/4/2358 3313/668/45
f 3201/1882/44 3313/668/44 3202/1883/43
f 3202/1883/43 3313/668/44 3312/666/43
f 3202/1883/42 3312/666/42 3203/1884/41
f 3203/1884/41 3312/666/42 3311/664/41
f 3203/1884/40 3311/664/40 3204/1885/61
f 3204/1885/61 3311/664/40 3310/662/61
f 3204/1885/38 3310/662/38 3205/1886/37
f 3205/1886/37 3310/662/38 3309/660/37
f 3205/1886/36 3309/660/36 3206/1887/35
f 3206/1887/35 3309/660/36 3308/658/35
f 3206/1887/2039 3308/658/2039 3207/1888/33
f 3207/1888/33 3308/658/2039 3307/656/33
f 3207/1888/32 3307/656/32 3208/1871/31
f 3208/1871/31 3307/656/32 3306/654/31
f 3232/1/30 3330/2/30 3209/3/29
f 3209/3/29 3330/2/30 3329/4/29
f 3209/5/28 3329/6/28 3210/7/27
f 3210/7/27 3329/6/28 3352/8/27
f 3210/7/26 3352/8/26 3211/9/25
f 3211/9/25 3352/8/26 3351/10/25
f 3211/9/24 3351/10/24 3212/11/23
f 3212/11/23 3351/10/24 3350/12/23
f 3212/11/22 3350/12/22 3213/13/21
f 3213/13/21 3350/12/22 3349/14/21
f 3213/13/20 3349/14/20 3214/15/19
f 3214/15/19 3349/14/20 3348/16/19
f 3214/15/53 3348/16/53 3215/17/17
f 3215/17/17 3348/16/53 3347/18/17
f 3215/17/16 3347/18/16 3216/19/15
f 3216/19/15 3347/18/16 3346/20/15
f 3216/19/14 3346/20/14 3217/21/13
f 3217/21/13 3346/20/14 3345/22/13
f 3217/21/11 3345/22/11 3218/23/9
f 3218/23/12 3345/22/11 3344/24/12
f 3218/23/8 3344/24/8 3219/25/7
f 3219/25/7 3344/24/8 3343/26/7
f 3219/25/6 3343/26/6 3220/27/5
f 3220/27/5 3343/26/6 3342/28/5
f 3220/27/4 3342/28/4 3221/29/3
f 3221/29/3 3342/28/4 3341/30/3
f 3221/29/2 3341/30/2 3222/31/1
f 3222/31/1 3341/30/2 3340/32/1
f 3222/31/51 3340/32/51 3223/33/50
f 3223/33/50 3340/32/51 3339/34/50
f 3223/33/49 3339/34/49 3224/35/46
f 3224/35/48 3339/34/49 3338/36/48
f 3224/35/46 3338/36/46 3225/37/45
f 3225/37/2018 3338/36/47 3337/38/2018
f 3225/37/44 3337/38/44 3226/39/43
f 3226/39/43 3337/38/44 3336/40/43
f 3226/39/68 3336/40/68 3227/41/41
f 3227/41/67 3336/40/62 3335/42/67
f 3227/41/67 3335/42/67 3228/43/39
f 3228/43/66 3335/42/40 3334/44/66
f 3228/43/38 3334/44/38 3229/45/37
f 3229/45/37 3334/44/38 3333/46/37
f 3229/45/36 3333/46/36 3230/47/35
f 3230/47/35 3333/46/36 3332/48/35
f 3230/47/34 3332/48/34 3231/49/33
f 3231/49/33 3332/48/60 3331/50/33
f 3231/49/32 3331/50/32 3232/1/31
f 3232/1/31 3331/50/32 3330/2/31
f 3256/1/2818 3354/2/2818 3233/3/29
f 3233/3/29 3354/2/2818 3353/4/29
f 3233/5/28 3353/6/28 3234/7/164
f 3234/7/164 3353/6/28 3376/8/164
f 3234/7/26 3376/8/26 3235/9/25
f 3235/9/25 3376/8/26 3375/10/25
f 3235/9/24 3375/10/24 3236/11/23
f 3236/11/23 3375/10/24 3374/12/23
f 3236/11/22 3374/12/22 3237/13/21
f 3237/13/21 3374/12/22 3373/14/21
f 3237/13/20 3373/14/20 3238/15/19
f 3238/15/19 3373/14/20 3372/16/19
f 3238/15/53 3372/16/53 3239/17/17
f 3239/17/17 3372/16/53 3371/18/17
f 3239/17/16 3371/18/16 3240/19/15
f 3240/19/15 3371/18/16 3370/20/15
f 3240/19/14 3370/20/14 3241/21/13
f 3241/21/13 3370/20/14 3369/22/13
f 3241/21/11 3369/22/11 3242/23/12
f 3242/23/9 3369/22/10 3368/24/9
f 3242/23/8 3368/24/8 3243/25/7
f 3243/25/7 3368/24/8 3367/26/7
f 3243/25/6 3367/26/6 3244/27/5
f 3244/27/5 3367/26/6 3366/28/5
f 3244/27/4 3366/28/4 3245/29/3
f 3245/29/3 3366/28/4 3365/30/3
f 3245/29/2 3365/30/2 3246/31/1
f 3246/31/1 3365/30/2 3364/32/1
f 3246/31/51 3364/32/51 3247/33/50
f 3247/33/50 3364/32/51 3363/34/50
f 3247/33/49 3363/34/49 3248/35/48
f 3248/35/48 3363/34/49 3362/36/48
f 3248/35/47 3362/36/47 3249/37/45
f 3249/37/45 3362/36/46 3361/38/45
f 3249/37/44 3361/38/44 3250/39/43
f 3250/39/43 3361/38/44 3360/40/43
f 3250/39/42 3360/40/42 3251/41/41
f 3251/41/41 3360/40/42 3359/42/41
f 3251/41/40 3359/42/40 3252/43/61
f 3252/43/61 3359/42/40 3358/44/61
f 3252/43/38 3358/44/38 3253/45/37
f 3253/45/37 3358/44/38 3357/46/37
f 3253/45/36 3357/46/36 3254/47/35
f 3254/47/35 3357/46/36 3356/48/35
f 3254/47/34 3356/48/34 3255/49/33
f 3255/49/33 3356/48/34 3355/50/33
f 3255/49/32 3355/50/32 3256/1/31
f 3256/1/31 3355/50/32 3354/2/31
f 3280/1/2818 3378/2/2818 3257/3/29
f 3257/3/29 3378/2/2818 3377/4/29
f 3257/5/28 3377/6/28 3258/7/164
f 3258/7/164 3377/6/28 3400/8/164
f 3258/7/26 3400/8/26 3259/9/25
f 3259/9/25 3400/8/26 3399/10/25
f 3259/9/24 3399/10/24 3260/11/23
f 3260/11/23 3399/10/24 3398/12/23
f 3260/11/22 3398/12/22 3261/13/21
f 3261/13/21 3398/12/22 3397/14/21
f 3261/13/20 3397/14/20 3262/15/19
f 3262/15/19 3397/14/20 3396/16/19
f 3262/15/53 3396/16/53 3263/17/17
f 3263/17/17 3396/16/53 3395/18/17
f 3263/17/16 3395/18/16 3264/19/15
f 3264/19/15 3395/18/16 3394/20/15
f 3264/19/14 3394/20/14 3265/21/13
f 3265/21/13 3394/20/14 3393/22/13
f 3265/21/11 3393/22/11 3266/23/9
f 3266/23/9 3393/22/10 3392/24/9
f 3266/23/8 3392/24/8 3267/25/7
f 3267/25/7 3392/24/8 3391/26/7
f 3267/25/6 3391/26/6 3268/27/5
f 3268/27/5 3391/26/6 3390/28/5
f 3268/27/4 3390/28/4 3269/29/3
f 3269/29/3 3390/28/4 3389/30/3
f 3269/29/2 3389/30/2 3270/31/1
f 3270/31/1 3389/30/2 3388/32/1
f 3270/31/51 3388/32/51 3271/33/50
f 3271/33/50 3388/32/51 3387/34/50
f 3271/33/49 3387/34/49 3272/35/48
f 3272/35/48 3387/34/49 3386/36/48
f 3272/35/47 3386/36/47 3273/37/45
f 3273/37/45 3386/36/46 3385/38/45
f 3273/37/44 3385/38/44 3274/39/68
f 3274/39/43 3385/38/44 3384/40/43
f 3274/39/68 3384/40/68 3275/41/41
f 3275/41/41 3384/40/62 3383/42/41
f 3275/41/40 3383/42/40 3276/43/39
f 3276/43/66 3383/42/40 3382/44/66
f 3276/43/38 3382/44/38 3277/45/37
f 3277/45/37 3382/44/66 3381/46/37
f 3277/45/36 3381/46/36 3278/47/35
f 3278/47/35 3381/46/36 3380/48/35
f 3278/47/34 3380/48/34 3279/49/33
f 3279/49/33 3380/48/34 3379/50/33
f 3279/49/32 3379/50/32 3280/1/31
f 3280/1/31 3379/50/32 3378/2/31
f 3304/1/2818 3402/2/2818 3281/3/29
f 3281/3/29 3402/2/2818 3401/4/29
f 3281/5/28 3401/6/28 3282/7/164
f 3282/7/164 3401/6/28 3424/8/164
f 3282/7/26 3424/8/26 3283/9/25
f 3283/9/25 3424/8/26 3423/10/25
f 3283/9/24 3423/10/24 3284/11/23
f 3284/11/23 3423/10/24 3422/12/23
f 3284/11/22 3422/12/22 3285/13/21
f 3285/13/21 3422/12/22 3421/14/21
f 3285/13/20 3421/14/20 3286/15/19
f 3286/15/19 3421/14/20 3420/16/19
f 3286/15/53 3420/16/53 3287/17/17
f 3287/17/17 3420/16/53 3419/18/17
f 3287/17/16 3419/18/16 3288/19/15
f 3288/19/15 3419/18/16 3418/20/15
f 3288/19/14 3418/20/14 3289/21/13
f 3289/21/13 3418/20/14 3417/22/13
f 3289/21/11 3417/22/11 3290/23/9
f 3290/23/12 3417/22/11 3416/24/12
f 3290/23/8 3416/24/8 3291/25/7
f 3291/25/7 3416/24/8 3415/26/7
f 3291/25/6 3415/26/6 3292/27/5
f 3292/27/5 3415/26/6 3414/28/5
f 3292/27/4 3414/28/4 3293/29/3
f 3293/29/3 3414/28/4 3413/30/3
f 3293/29/2 3413/30/2 3294/31/1
f 3294/31/1 3413/30/2 3412/32/1
f 3294/31/51 3412/32/51 3295/33/50
f 3295/33/50 3412/32/51 3411/34/50
f 3295/33/49 3411/34/49 3296/35/46
f 3296/35/48 3411/34/49 3410/36/48
f 3296/35/46 3410/36/46 3297/37/45
f 3297/37/2018 3410/36/47 3409/38/2018
f 3297/37/44 3409/38/44 3298/39/43
f 3298/39/43 3409/38/44 3408/40/43
f 3298/39/68 3408/40/68 3299/41/41
f 3299/41/67 3408/40/62 3407/42/67
f 3299/41/67 3407/42/67 3300/43/39
f 3300/43/66 3407/42/40 3406/44/66
f 3300/43/38 3406/44/38 3301/45/37
f 3301/45/37 3406/44/38 3405/46/37
f 3301/45/36 3405/46/36 3302/47/35
f 3302/47/35 3405/46/36 3404/48/35
f 3302/47/34 3404/48/34 3303/49/33
f 3303/49/33 3404/48/60 3403/50/33
f 3303/49/32 3403/50/32 3304/1/31
f 3304/1/31 3403/50/32 3402/2/31
f 3132/1889/116 3106/1346/116 3133/1890/116
f 3133/1890/116 3106/1346/116 3426/1480/116
f 3133/1890/116 3426/1480/116 3168/1891/116
f 3168/1891/116 3426/1480/116 3425/1481/116
f 3168/1891/116 3425/1481/116 3428/1519/116
f 3132/1889/116 3131/1892/116 3106/1346/116
f 3106/1346/116 3131/1892/116 3130/1893/116
f 3106/1346/116 3130/1893/116 3129/1894/116
f 3129/1894/116 3128/1895/116 3106/1346/116
f 3105/1345/116 1948/1474/116 3106/1346/116
f 3106/1346/116 1948/1474/116 1947/1475/116
f 3106/1346/116 1947/1475/116 1946/1476/116
f 3114/1469/116 3113/1468/116 3105/1345/116
f 3105/1345/116 3113/1468/116 3112/1467/116
f 3105/1345/116 3112/1467/116 3111/1466/116
f 3111/1466/116 3110/1465/116 3105/1345/116
f 3105/1345/116 3110/1465/116 3109/1441/116
f 3105/1345/116 3109/1441/116 1929/1464/116
f 1929/1464/116 3109/1441/116 1930/1463/116
f 1930/1463/116 3109/1441/116 1931/1462/116
f 1931/1462/116 3109/1441/116 1932/1461/116
f 1932/1461/116 3109/1441/116 2095/1459/116
f 1932/1461/116 2095/1459/116 1933/1460/116
f 1933/1460/116 2095/1459/116 1934/1458/116
f 1934/1458/116 2095/1459/116 2094/1456/116
f 1934/1458/116 2094/1456/116 1935/1457/116
f 1935/1457/116 2094/1456/116 1936/1455/116
f 1936/1455/116 2094/1456/116 2093/1454/116
f 1936/1455/116 2093/1454/116 1937/1453/116
f 1937/1453/116 2093/1454/116 1938/1452/116
f 1938/1452/116 2093/1454/116 2116/1491/116
f 1938/1452/116 2116/1491/116 1939/1492/116
f 1939/1492/116 2116/1491/116 1940/1490/116
f 1940/1490/116 2116/1491/116 2115/1486/116
f 1940/1490/116 2115/1486/116 1941/1485/116
f 1941/1485/116 2115/1486/116 1942/1484/116
f 1942/1484/116 2115/1486/116 2114/1487/116
f 1942/1484/116 2114/1487/116 3427/1478/116
f 3427/1478/116 2114/1487/116 2261/1488/116
f 3427/1478/116 2261/1488/116 2284/1489/116
f 3115/1420/116 1465/1447/116 3109/1441/116
f 3109/1441/116 1465/1447/116 1464/1446/116
f 3109/1441/116 1464/1446/116 1463/1445/116
f 3121/1564/116 3116/1495/116 3115/1420/116
f 3115/1420/116 3116/1495/116 1765/1499/116
f 3115/1420/116 1765/1499/116 1764/1500/116
f 3121/1564/116 3120/1565/116 3116/1495/116
f 3116/1495/116 3120/1565/116 3119/1566/116
f 3116/1495/116 3119/1566/116 3118/1567/116
f 3118/1567/116 3117/1568/116 3116/1495/116
f 3174/1896/116 1770/1493/116 3116/1495/116
f 3116/1495/116 1770/1493/116 1769/1494/116
f 3116/1495/116 1769/1494/116 1768/1496/116
f 3173/1897/116 3172/1898/116 3174/1896/116
f 3174/1896/116 3172/1898/116 3171/1899/116
f 3174/1896/116 3171/1899/116 3170/1900/116
f 3170/1900/116 3169/1901/116 3174/1896/116
f 3174/1896/116 3169/1901/116 3168/1891/116
f 3174/1896/116 3168/1891/116 3428/1519/116
f 3427/1478/116 2279/1548/116 3428/1519/116
f 3428/1519/116 2279/1548/116 2278/1547/116
f 3428/1519/116 2278/1547/116 2277/1546/116
f 3426/1480/116 3106/1346/116 3427/1478/116
f 3427/1478/116 3106/1346/116 1945/1477/116
f 3427/1478/116 1945/1477/116 1944/1482/116
f 2284/1489/116 2283/1552/116 3427/1478/116
f 3427/1478/116 2283/1552/116 2282/1551/116
f 3427/1478/116 2282/1551/116 2281/1550/116
f 2281/1550/116 2280/1549/116 3427/1478/116
f 3427/1478/116 2280/1549/116 2279/1548/116
f 2277/1546/116 2276/1545/116 3428/1519/116
f 3428/1519/116 2276/1545/116 2275/1544/116
f 3428/1519/116 2275/1544/116 2274/1543/116
f 2274/1543/116 2273/1542/116 3428/1519/116
f 3428/1519/116 2273/1542/116 2108/1520/116
f 3428/1519/116 2108/1520/116 1776/1517/116
f 1776/1517/116 2108/1520/116 2107/1515/116
f 1776/1517/116 2107/1515/116 1777/1516/116
f 1777/1516/116 2107/1515/116 1778/1514/116
f 1778/1514/116 2107/1515/116 2106/1512/116
f 1778/1514/116 2106/1512/116 1779/1513/116
f 1779/1513/116 2106/1512/116 1780/1511/116
f 1780/1511/116 2106/1512/116 2105/1509/116
f 1780/1511/116 2105/1509/116 1757/1510/116
f 1757/1510/116 2105/1509/116 1758/1508/116
f 1758/1508/116 2105/1509/116 2104/1506/116
f 1758/1508/116 2104/1506/116 1759/1507/116
f 1759/1507/116 2104/1506/116 1760/1505/116
f 1760/1505/116 2104/1506/116 2103/1503/116
f 1760/1505/116 2103/1503/116 1761/1504/116
f 1761/1504/116 2103/1503/116 1762/1502/116
f 1762/1502/116 2103/1503/116 3115/1420/116
f 1762/1502/116 3115/1420/116 1763/1501/116
f 1763/1501/116 3115/1420/116 1764/1500/116
f 2273/1542/116 2272/1541/116 2108/1520/116
f 2108/1520/116 2272/1541/116 2109/1540/116
f 2109/1540/116 2272/1541/116 2271/1539/116
f 2109/1540/116 2271/1539/116 2110/1536/116
f 2110/1536/116 2271/1539/116 2270/1538/116
f 2110/1536/116 2270/1538/116 2269/1537/116
f 2269/1537/116 2268/1535/116 2110/1536/116
f 2110/1536/116 2268/1535/116 2111/1533/116
f 2111/1533/116 2268/1535/116 2267/1534/116
f 2111/1533/116 2267/1534/116 2266/1532/116
f 2111/1533/116 2266/1532/116 2112/1529/116
f 2112/1529/116 2266/1532/116 2265/1531/116
f 2112/1529/116 2265/1531/116 2264/1530/116
f 2264/1530/116 2263/1528/116 2112/1529/116
f 2112/1529/116 2263/1528/116 2113/1527/116
f 2113/1527/116 2263/1528/116 2262/1526/116
f 2113/1527/116 2262/1526/116 2114/1487/116
f 2114/1487/116 2262/1526/116 2261/1488/116
f 2103/1503/116 2102/1422/116 3115/1420/116
f 3115/1420/116 2102/1422/116 1471/1421/116
f 3115/1420/116 1471/1421/116 1470/1419/116
f 1471/1421/116 2102/1422/116 1472/1423/116
f 1472/1423/116 2102/1422/116 2101/1424/116
f 1472/1423/116 2101/1424/116 1473/1425/116
f 1473/1425/116 2101/1424/116 2100/1426/116
f 1473/1425/116 2100/1426/116 1474/1427/116
f 1474/1427/116 2100/1426/116 1475/1428/116
f 1475/1428/116 2100/1426/116 1476/1429/116
f 1476/1429/116 2100/1426/116 2099/1430/116
f 1476/1429/116 2099/1430/116 1477/1431/116
f 1477/1431/116 2099/1430/116 1478/1432/116
f 1478/1432/116 2099/1430/116 2098/1433/116
f 1478/1432/116 2098/1433/116 1479/1434/116
f 1479/1434/116 2098/1433/116 1480/1435/116
f 1480/1435/116 2098/1433/116 1481/1436/116
f 1481/1436/116 2098/1433/116 2097/1437/116
f 1481/1436/116 2097/1437/116 1482/1438/116
f 1482/1438/116 2097/1437/116 2096/1439/116
f 1482/1438/116 2096/1439/116 1459/1440/116
f 1459/1440/116 2096/1439/116 3109/1441/116
f 1459/1440/116 3109/1441/116 1460/1442/116
f 1460/1442/116 3109/1441/116 1461/1443/116
f 1461/1443/116 3109/1441/116 1462/1444/116
f 1462/1444/116 3109/1441/116 1463/1445/116
f 2096/1439/116 2095/1459/116 3109/1441/116
f 1926/1472/116 1925/1473/116 3105/1345/116
f 3105/1345/116 1925/1473/116 1948/1474/116
f 1946/1476/116 1945/1477/116 3106/1346/116
f 1944/1482/116 1943/1483/116 3427/1478/116
f 3427/1478/116 1943/1483/116 1942/1484/116
f 1929/1464/116 1928/1470/116 3105/1345/116
f 3105/1345/116 1928/1470/116 1927/1471/116
f 3105/1345/116 1927/1471/116 1926/1472/116
f 1776/1517/116 1775/1518/116 3428/1519/116
f 3428/1519/116 1775/1518/116 1774/1521/116
f 3428/1519/116 1774/1521/116 1773/1522/116
f 3428/1519/116 1773/1522/116 3174/1896/116
f 3174/1896/116 1773/1522/116 1772/1524/116
f 3174/1896/116 1772/1524/116 1771/1525/116
f 1771/1525/116 1770/1493/116 3174/1896/116
f 1768/1496/116 1767/1497/116 3116/1495/116
f 3116/1495/116 1767/1497/116 1766/1498/116
f 3116/1495/116 1766/1498/116 1765/1499/116
f 1470/1419/116 1469/1451/116 3115/1420/116
f 3115/1420/116 1469/1451/116 1468/1450/116
f 3115/1420/116 1468/1450/116 1467/1449/116
f 1467/1449/116 1466/1448/116 3115/1420/116
f 3115/1420/116 1466/1448/116 1465/1447/116
