# Blender 4.2.23 LTS
# www.blender.org
o tmp_export_Cuerpo1:19
v 0.531759 1.914242 -0.071295
v 0.714467 1.914242 -0.212525
v 0.860923 1.914242 -0.391073
v 0.963690 1.914242 -0.597877
v 1.017555 1.914242 -0.822436
v 1.019781 1.914242 -1.053355
v 0.970256 1.914242 -1.278913
v 0.871495 1.914242 -1.487659
v 0.728508 1.914242 -1.668998
v 0.548557 1.914242 -1.813725
v 0.340773 1.914242 -1.914494
v 0.115704 1.914242 -1.966190
v -0.115227 1.914242 -1.966190
v -0.340296 1.914242 -1.914494
v -0.548079 1.914242 -1.813725
v -0.728030 1.914242 -1.668998
v -0.871016 1.914242 -1.487659
v -0.969778 1.914242 -1.278913
v -1.019303 1.914242 -1.053355
v -1.017076 1.914242 -0.822436
v -0.963212 1.914242 -0.597877
v -0.860444 1.914242 -0.391073
v -0.713989 1.914242 -0.212525
v -0.531281 1.914242 -0.071295
v -0.531281 1.714242 -0.071295
v -0.713989 1.714242 -0.212525
v -0.860444 1.714242 -0.391073
v -0.963212 1.714242 -0.597877
v -1.017076 1.714242 -0.822436
v -1.019303 1.714242 -1.053355
v -0.969778 1.714242 -1.278913
v -0.871016 1.714242 -1.487659
v -0.728030 1.714242 -1.668998
v -0.548079 1.714242 -1.813725
v -0.340296 1.714242 -1.914494
v -0.115227 1.714242 -1.966190
v 0.115704 1.714242 -1.966190
v 0.340773 1.714242 -1.914494
v 0.548557 1.714242 -1.813725
v 0.728508 1.714242 -1.668998
v 0.871495 1.714242 -1.487659
v 0.970256 1.714242 -1.278913
v 1.019781 1.714242 -1.053355
v 1.017555 1.714242 -0.822436
v 0.963690 1.714242 -0.597877
v 0.860923 1.714242 -0.391073
v 0.714467 1.714242 -0.212525
v 0.531759 1.714242 -0.071295
v -0.699761 1.714242 -0.947715
v -0.703168 1.714242 -0.921832
v -0.713158 1.714242 -0.897715
v -0.729050 1.714242 -0.877005
v -0.749761 1.714242 -0.861113
v -0.773880 1.714242 -0.851122
v -0.799762 1.714242 -0.847714
v -0.825644 1.714242 -0.851122
v -0.849761 1.714242 -0.861113
v -0.870471 1.714242 -0.877005
v -0.886363 1.714242 -0.897715
v -0.896353 1.714242 -0.921832
v -0.899761 1.714242 -0.947715
v -0.896353 1.714242 -0.973597
v -0.886363 1.714242 -0.997714
v -0.870471 1.714242 -1.018425
v -0.849761 1.714242 -1.034317
v -0.825644 1.714242 -1.044308
v -0.799762 1.714242 -1.047714
v -0.773880 1.714242 -1.044308
v -0.749761 1.714242 -1.034317
v -0.729050 1.714242 -1.018425
v -0.713158 1.714242 -0.997714
v -0.703168 1.714242 -0.973597
v 0.125239 1.714242 -0.947715
v 0.120980 1.714242 -0.915362
v 0.108492 1.714242 -0.885215
v 0.088628 1.714242 -0.859326
v 0.062739 1.714242 -0.839461
v 0.032592 1.714242 -0.826974
v 0.000239 1.714242 -0.822715
v -0.032114 1.714242 -0.826974
v -0.062261 1.714242 -0.839461
v -0.088150 1.714242 -0.859326
v -0.108014 1.714242 -0.885215
v -0.120502 1.714242 -0.915362
v -0.124761 1.714242 -0.947715
v -0.120502 1.714242 -0.980067
v -0.108014 1.714242 -1.010215
v -0.088150 1.714242 -1.036103
v -0.062261 1.714242 -1.055967
v -0.032114 1.714242 -1.068456
v 0.000239 1.714242 -1.072715
v 0.032592 1.714242 -1.068456
v 0.062739 1.714242 -1.055967
v 0.088628 1.714242 -1.036103
v 0.108492 1.714242 -1.010215
v 0.120980 1.714242 -0.980067
v 0.900239 1.714242 -0.947715
v 0.896832 1.714242 -0.921832
v 0.886842 1.714242 -0.897715
v 0.870950 1.714242 -0.877005
v 0.850239 1.714242 -0.861113
v 0.826121 1.714242 -0.851122
v 0.800239 1.714242 -0.847714
v 0.774357 1.714242 -0.851122
v 0.750239 1.714242 -0.861113
v 0.729529 1.714242 -0.877005
v 0.713637 1.714242 -0.897715
v 0.703647 1.714242 -0.921832
v 0.700238 1.714242 -0.947715
v 0.703647 1.714242 -0.973597
v 0.713637 1.714242 -0.997714
v 0.729529 1.714242 -1.018425
v 0.750239 1.714242 -1.034317
v 0.774357 1.714242 -1.044308
v 0.800239 1.714242 -1.047714
v 0.826121 1.714242 -1.044308
v 0.850239 1.714242 -1.034317
v 0.870950 1.714242 -1.018425
v 0.886842 1.714242 -0.997714
v 0.896832 1.714242 -0.973597
v -0.503474 1.714242 -0.314876
v -0.471035 1.714242 -0.528290
v -0.433585 1.714242 -0.705562
v -0.390756 1.714242 -0.840679
v -0.368243 1.714242 -0.888629
v -0.346015 1.714242 -0.922863
v -0.334110 1.714242 -0.936453
v -0.320467 1.714242 -0.948345
v -0.305119 1.714242 -0.957419
v -0.288259 1.714242 -0.962633
v -0.270598 1.714242 -0.963300
v -0.253163 1.714242 -0.959643
v -0.236632 1.714242 -0.952616
v -0.221201 1.714242 -0.943213
v -0.191710 1.714242 -0.918422
v -0.164386 1.714242 -0.888351
v -0.145076 1.714242 -0.850203
v -0.117091 1.714242 -0.817874
v -0.082103 1.714242 -0.793298
v -0.042198 1.714242 -0.777938
v 0.000239 1.714242 -0.772715
v 0.042676 1.714242 -0.777938
v 0.082581 1.714242 -0.793298
v 0.117569 1.714242 -0.817874
v 0.145554 1.714242 -0.850203
v 0.164863 1.714242 -0.888351
v 0.192002 1.714242 -0.918230
v 0.222919 1.714242 -0.944063
v 0.239905 1.714242 -0.954031
v 0.258273 1.714242 -0.961007
v 0.277406 1.714242 -0.963592
v 0.287054 1.714242 -0.962899
v 0.296534 1.714242 -0.960809
v 0.314173 1.714242 -0.952886
v 0.329823 1.714242 -0.941037
v 0.355538 1.714242 -0.910392
v 0.396886 1.714242 -0.826390
v 0.417267 1.714242 -0.766083
v 0.438164 1.714242 -0.688729
v 0.477710 1.714242 -0.491313
v 1.450239 1.914242 -0.071295
v 1.450239 1.914242 -2.072715
v -1.449762 1.914242 -2.072715
v -1.449762 1.914242 -0.071295
v 1.200239 1.914242 -1.722714
v 1.196832 1.914242 -1.696833
v 1.186842 1.914242 -1.672714
v 1.170950 1.914242 -1.652004
v 1.150239 1.914242 -1.636112
v 1.126121 1.914242 -1.626122
v 1.100239 1.914242 -1.622714
v 1.074357 1.914242 -1.626122
v 1.050239 1.914242 -1.636112
v 1.029529 1.914242 -1.652004
v 1.013637 1.914242 -1.672714
v 1.003647 1.914242 -1.696833
v 1.000239 1.914242 -1.722714
v 1.003647 1.914242 -1.748596
v 1.013637 1.914242 -1.772715
v 1.029529 1.914242 -1.793426
v 1.050239 1.914242 -1.809318
v 1.074357 1.914242 -1.819307
v 1.100239 1.914242 -1.822715
v 1.126121 1.914242 -1.819307
v 1.150239 1.914242 -1.809318
v 1.170950 1.914242 -1.793426
v 1.186842 1.914242 -1.772715
v 1.196832 1.914242 -1.748596
v -0.999761 1.914242 -1.722714
v -1.003168 1.914242 -1.696833
v -1.013159 1.914242 -1.672714
v -1.029051 1.914242 -1.652004
v -1.049762 1.914242 -1.636112
v -1.073879 1.914242 -1.626122
v -1.099761 1.914242 -1.622714
v -1.125643 1.914242 -1.626122
v -1.149761 1.914242 -1.636112
v -1.170471 1.914242 -1.652004
v -1.186363 1.914242 -1.672714
v -1.196354 1.914242 -1.696833
v -1.199762 1.914242 -1.722714
v -1.196354 1.914242 -1.748596
v -1.186363 1.914242 -1.772715
v -1.170471 1.914242 -1.793426
v -1.149761 1.914242 -1.809318
v -1.125643 1.914242 -1.819307
v -1.099761 1.914242 -1.822715
v -1.073879 1.914242 -1.819307
v -1.049762 1.914242 -1.809318
v -1.029051 1.914242 -1.793426
v -1.013159 1.914242 -1.772715
v -1.003168 1.914242 -1.748596
v 0.850239 1.514242 -0.071295
v 0.850239 1.514242 0.927285
v 0.850239 0.914242 0.927285
v 0.850239 0.914242 -0.072715
v 0.850239 1.514242 -0.072715
v 1.250239 1.514242 0.927285
v 1.250239 0.914242 0.927285
v 1.250239 1.514242 -0.071295
v 1.250239 1.514242 -0.072715
v 1.250239 0.914242 -0.072715
v -1.249761 1.514242 -0.072715
v -1.249761 1.514242 -0.071295
v -1.249761 1.514242 0.927285
v -1.249761 0.914242 0.927285
v -1.249761 0.914242 -0.072715
v -0.849761 1.514242 0.927285
v -0.849761 0.914242 0.927285
v -0.849761 1.514242 -0.071295
v -0.849761 1.514242 -0.072715
v -0.849761 0.914242 -0.072715
v 0.531759 1.514242 -0.071295
v 0.504035 1.514242 -0.313474
v 0.472162 1.514242 -0.523615
v 0.435732 1.514242 -0.698577
v 0.394114 1.514242 -0.833485
v 0.371133 1.514242 -0.884156
v 0.346586 1.514242 -0.922746
v 0.333704 1.514242 -0.937341
v 0.320408 1.514242 -0.948737
v 0.306694 1.514242 -0.956913
v 0.292562 1.514242 -0.961861
v 0.278013 1.514242 -0.963590
v 0.263052 1.514242 -0.962121
v 0.247679 1.514242 -0.957490
v 0.231903 1.514242 -0.949737
v 0.199158 1.514242 -0.925035
v 0.164863 1.514242 -0.888351
v 0.145554 1.514242 -0.850203
v 0.117569 1.514242 -0.817874
v 0.082581 1.514242 -0.793298
v 0.042676 1.514242 -0.777938
v 0.000239 1.514242 -0.772715
v -0.042198 1.514242 -0.777938
v -0.082103 1.514242 -0.793298
v -0.117091 1.514242 -0.817874
v -0.145076 1.514242 -0.850203
v -0.164386 1.514242 -0.888351
v -0.198680 1.514242 -0.925035
v -0.231425 1.514242 -0.949737
v -0.247201 1.514242 -0.957490
v -0.262573 1.514242 -0.962121
v -0.277536 1.514242 -0.963590
v -0.292084 1.514242 -0.961861
v -0.306216 1.514242 -0.956913
v -0.319929 1.514242 -0.948737
v -0.333225 1.514242 -0.937341
v -0.346108 1.514242 -0.922746
v -0.370654 1.514242 -0.884156
v -0.393637 1.514242 -0.833485
v -0.435254 1.514242 -0.698577
v -0.471684 1.514242 -0.523615
v -0.503556 1.514242 -0.313474
v -0.531281 1.514242 -0.071295
v -1.449762 1.514242 -0.071295
v -1.449762 1.514242 0.928705
v 1.450239 1.514242 0.928705
v 1.450239 1.514242 -0.071295
v -1.449762 1.914242 0.928705
v 1.450239 1.914242 0.928705
v -1.449762 -1.485758 -2.072715
v -1.449762 -1.485758 2.577285
v -1.449762 1.914242 2.577285
v -1.449762 -0.285758 1.897065
v -1.449762 -0.289165 1.922948
v -1.449762 -0.299155 1.947066
v -1.449762 -0.315047 1.967776
v -1.449762 -0.335758 1.983668
v -1.449762 -0.359876 1.993657
v -1.449762 -0.385758 1.997066
v -1.449762 -0.411640 1.993657
v -1.449762 -0.435759 1.983668
v -1.449762 -0.456470 1.967776
v -1.449762 -0.472362 1.947066
v -1.449762 -0.482351 1.922948
v -1.449762 -0.485758 1.897065
v -1.449762 -0.482351 1.871184
v -1.449762 -0.472362 1.847066
v -1.449762 -0.456470 1.826354
v -1.449762 -0.435759 1.810462
v -1.449762 -0.411640 1.800473
v -1.449762 -0.385758 1.797065
v -1.449762 -0.359876 1.800473
v -1.449762 -0.335758 1.810462
v -1.449762 -0.315047 1.826354
v -1.449762 -0.299155 1.847066
v -1.449762 -0.289165 1.871184
v -1.449762 0.914242 1.897065
v -1.449762 0.910835 1.922948
v -1.449762 0.900845 1.947066
v -1.449762 0.884953 1.967776
v -1.449762 0.864242 1.983668
v -1.449762 0.840124 1.993657
v -1.449762 0.814241 1.997066
v -1.449762 0.788360 1.993657
v -1.449762 0.764242 1.983668
v -1.449762 0.743531 1.967776
v -1.449762 0.727640 1.947066
v -1.449762 0.717649 1.922948
v -1.449762 0.714242 1.897065
v -1.449762 0.717649 1.871184
v -1.449762 0.727640 1.847066
v -1.449762 0.743531 1.826354
v -1.449762 0.764242 1.810462
v -1.449762 0.788360 1.800473
v -1.449762 0.814241 1.797065
v -1.449762 0.840124 1.800473
v -1.449762 0.864242 1.810462
v -1.449762 0.884953 1.826354
v -1.449762 0.900845 1.847066
v -1.449762 0.910835 1.871184
v -1.449762 -0.285758 -0.502934
v -1.449762 -0.289165 -0.477053
v -1.449762 -0.299155 -0.452934
v -1.449762 -0.315047 -0.432224
v -1.449762 -0.335758 -0.416332
v -1.449762 -0.359876 -0.406343
v -1.449762 -0.385758 -0.402934
v -1.449762 -0.411640 -0.406343
v -1.449762 -0.435759 -0.416332
v -1.449762 -0.456470 -0.432224
v -1.449762 -0.472360 -0.452934
v -1.449762 -0.482351 -0.477053
v -1.449762 -0.485758 -0.502934
v -1.449762 -0.482351 -0.528816
v -1.449762 -0.472360 -0.552935
v -1.449762 -0.456470 -0.573646
v -1.449762 -0.435759 -0.589538
v -1.449762 -0.411640 -0.599527
v -1.449762 -0.385758 -0.602934
v -1.449762 -0.359876 -0.599527
v -1.449762 -0.335758 -0.589538
v -1.449762 -0.315047 -0.573646
v -1.449762 -0.299155 -0.552935
v -1.449762 -0.289165 -0.528816
v -1.449762 0.914242 -0.502934
v -1.449762 0.910835 -0.477053
v -1.449762 0.900845 -0.452934
v -1.449762 0.884953 -0.432224
v -1.449762 0.864242 -0.416332
v -1.449762 0.840124 -0.406343
v -1.449762 0.814241 -0.402934
v -1.449762 0.788360 -0.406343
v -1.449762 0.764242 -0.416332
v -1.449762 0.743531 -0.432224
v -1.449762 0.727640 -0.452934
v -1.449762 0.717649 -0.477053
v -1.449762 0.714242 -0.502934
v -1.449762 0.717649 -0.528816
v -1.449762 0.727640 -0.552935
v -1.449762 0.743531 -0.573646
v -1.449762 0.764242 -0.589538
v -1.449762 0.788360 -0.599527
v -1.449762 0.814241 -0.602934
v -1.449762 0.840124 -0.599527
v -1.449762 0.864242 -0.589538
v -1.449762 0.884953 -0.573646
v -1.449762 0.900845 -0.552935
v -1.449762 0.910835 -0.528816
v -0.949762 0.914242 -0.502934
v -0.949762 0.910835 -0.477053
v -0.949762 0.900845 -0.452934
v -0.949762 0.884953 -0.432224
v -0.949762 0.864242 -0.416332
v -0.949762 0.840124 -0.406343
v -0.949762 0.814241 -0.402934
v -0.949762 0.788360 -0.406343
v -0.949762 0.764242 -0.416332
v -0.949762 0.743531 -0.432224
v -0.949762 0.727640 -0.452934
v -0.949762 0.717649 -0.477053
v -0.949762 0.714242 -0.502934
v -0.949762 0.717649 -0.528816
v -0.949762 0.727640 -0.552935
v -0.949762 0.743531 -0.573646
v -0.949762 0.764242 -0.589538
v -0.949762 0.788360 -0.599527
v -0.949762 0.814241 -0.602934
v -0.949762 0.840124 -0.599527
v -0.949762 0.864242 -0.589538
v -0.949762 0.884953 -0.573646
v -0.949762 0.900845 -0.552935
v -0.949762 0.910835 -0.528816
v -0.949762 -0.285758 -0.502934
v -0.949762 -0.289165 -0.477053
v -0.949762 -0.299155 -0.452934
v -0.949762 -0.315047 -0.432224
v -0.949762 -0.335758 -0.416332
v -0.949762 -0.359876 -0.406343
v -0.949762 -0.385758 -0.402934
v -0.949762 -0.411640 -0.406343
v -0.949762 -0.435759 -0.416332
v -0.949762 -0.456470 -0.432224
v -0.949762 -0.472360 -0.452934
v -0.949762 -0.482351 -0.477053
v -0.949762 -0.485758 -0.502934
v -0.949762 -0.482351 -0.528816
v -0.949762 -0.472360 -0.552935
v -0.949762 -0.456470 -0.573646
v -0.949762 -0.435759 -0.589538
v -0.949762 -0.411640 -0.599527
v -0.949762 -0.385758 -0.602934
v -0.949762 -0.359876 -0.599527
v -0.949762 -0.335758 -0.589538
v -0.949762 -0.315047 -0.573646
v -0.949762 -0.299155 -0.552935
v -0.949762 -0.289165 -0.528816
v -0.949762 0.914242 1.897065
v -0.949762 0.910835 1.922948
v -0.949762 0.900845 1.947066
v -0.949762 0.884953 1.967776
v -0.949762 0.864242 1.983668
v -0.949762 0.840124 1.993657
v -0.949762 0.814241 1.997066
v -0.949762 0.788360 1.993657
v -0.949762 0.764242 1.983668
v -0.949762 0.743531 1.967776
v -0.949762 0.727640 1.947066
v -0.949762 0.717649 1.922948
v -0.949762 0.714242 1.897065
v -0.949762 0.717649 1.871184
v -0.949762 0.727640 1.847066
v -0.949762 0.743531 1.826354
v -0.949762 0.764242 1.810462
v -0.949762 0.788360 1.800473
v -0.949762 0.814241 1.797065
v -0.949762 0.840124 1.800473
v -0.949762 0.864242 1.810462
v -0.949762 0.884953 1.826354
v -0.949762 0.900845 1.847066
v -0.949762 0.910835 1.871184
v -0.949762 -0.285758 1.897065
v -0.949762 -0.289165 1.922948
v -0.949762 -0.299155 1.947066
v -0.949762 -0.315047 1.967776
v -0.949762 -0.335758 1.983668
v -0.949762 -0.359876 1.993657
v -0.949762 -0.385758 1.997066
v -0.949762 -0.411640 1.993657
v -0.949762 -0.435759 1.983668
v -0.949762 -0.456470 1.967776
v -0.949762 -0.472362 1.947066
v -0.949762 -0.482351 1.922948
v -0.949762 -0.485758 1.897065
v -0.949762 -0.482351 1.871184
v -0.949762 -0.472362 1.847066
v -0.949762 -0.456470 1.826354
v -0.949762 -0.435759 1.810462
v -0.949762 -0.411640 1.800473
v -0.949762 -0.385758 1.797065
v -0.949762 -0.359876 1.800473
v -0.949762 -0.335758 1.810462
v -0.949762 -0.315047 1.826354
v -0.949762 -0.299155 1.847066
v -0.949762 -0.289165 1.871184
v 0.950238 -0.485758 -0.502934
v 0.950238 -0.482351 -0.477053
v 0.950238 -0.472360 -0.452934
v 0.950238 -0.456470 -0.432224
v 0.950238 -0.435759 -0.416332
v 0.950238 -0.411640 -0.406343
v 0.950238 -0.385758 -0.402934
v 0.950238 -0.359876 -0.406343
v 0.950238 -0.335758 -0.416332
v 0.950238 -0.315047 -0.432224
v 0.950238 -0.299155 -0.452934
v 0.950238 -0.289165 -0.477053
v 0.950238 -0.285758 -0.502934
v 0.950238 -0.289165 -0.528816
v 0.950238 -0.299155 -0.552935
v 0.950238 -0.315047 -0.573646
v 0.950238 -0.335758 -0.589538
v 0.950238 -0.359876 -0.599527
v 0.950238 -0.385758 -0.602934
v 0.950238 -0.411640 -0.599527
v 0.950238 -0.435759 -0.589538
v 0.950238 -0.456470 -0.573646
v 0.950238 -0.472360 -0.552935
v 0.950238 -0.482351 -0.528816
v 1.450239 -0.485758 -0.502934
v 1.450239 -0.482351 -0.528816
v 1.450239 -0.472360 -0.552935
v 1.450239 -0.456470 -0.573646
v 1.450239 -0.435759 -0.589538
v 1.450239 -0.411640 -0.599527
v 1.450239 -0.385758 -0.602934
v 1.450239 -0.359876 -0.599527
v 1.450239 -0.335758 -0.589538
v 1.450239 -0.315047 -0.573646
v 1.450239 -0.299155 -0.552935
v 1.450239 -0.289165 -0.528816
v 1.450239 -0.285758 -0.502934
v 1.450239 -0.289165 -0.477053
v 1.450239 -0.299155 -0.452934
v 1.450239 -0.315047 -0.432224
v 1.450239 -0.335758 -0.416332
v 1.450239 -0.359876 -0.406343
v 1.450239 -0.385758 -0.402934
v 1.450239 -0.411640 -0.406343
v 1.450239 -0.435759 -0.416332
v 1.450239 -0.456470 -0.432224
v 1.450239 -0.472360 -0.452934
v 1.450239 -0.482351 -0.477053
v 0.950238 0.714242 -0.502934
v 0.950238 0.717649 -0.477053
v 0.950238 0.727640 -0.452934
v 0.950238 0.743531 -0.432224
v 0.950238 0.764242 -0.416332
v 0.950238 0.788360 -0.406343
v 0.950238 0.814241 -0.402934
v 0.950238 0.840124 -0.406343
v 0.950238 0.864242 -0.416332
v 0.950238 0.884953 -0.432224
v 0.950238 0.900845 -0.452934
v 0.950238 0.910835 -0.477053
v 0.950238 0.914242 -0.502934
v 0.950238 0.910835 -0.528816
v 0.950238 0.900845 -0.552935
v 0.950238 0.884953 -0.573646
v 0.950238 0.864242 -0.589538
v 0.950238 0.840124 -0.599527
v 0.950238 0.814241 -0.602934
v 0.950238 0.788360 -0.599527
v 0.950238 0.764242 -0.589538
v 0.950238 0.743531 -0.573646
v 0.950238 0.727640 -0.552935
v 0.950238 0.717649 -0.528816
v 1.450239 0.714242 -0.502934
v 1.450239 0.717649 -0.528816
v 1.450239 0.727640 -0.552935
v 1.450239 0.743531 -0.573646
v 1.450239 0.764242 -0.589538
v 1.450239 0.788360 -0.599527
v 1.450239 0.814241 -0.602934
v 1.450239 0.840124 -0.599527
v 1.450239 0.864242 -0.589538
v 1.450239 0.884953 -0.573646
v 1.450239 0.900845 -0.552935
v 1.450239 0.910835 -0.528816
v 1.450239 0.914242 -0.502934
v 1.450239 0.910835 -0.477053
v 1.450239 0.900845 -0.452934
v 1.450239 0.884953 -0.432224
v 1.450239 0.864242 -0.416332
v 1.450239 0.840124 -0.406343
v 1.450239 0.814241 -0.402934
v 1.450239 0.788360 -0.406343
v 1.450239 0.764242 -0.416332
v 1.450239 0.743531 -0.432224
v 1.450239 0.727640 -0.452934
v 1.450239 0.717649 -0.477053
v 0.950238 -0.485758 1.897065
v 0.950238 -0.482351 1.922948
v 0.950238 -0.472362 1.947066
v 0.950238 -0.456470 1.967776
v 0.950238 -0.435759 1.983668
v 0.950238 -0.411640 1.993657
v 0.950238 -0.385758 1.997066
v 0.950238 -0.359876 1.993657
v 0.950238 -0.335758 1.983668
v 0.950238 -0.315047 1.967776
v 0.950238 -0.299155 1.947066
v 0.950238 -0.289165 1.922948
v 0.950238 -0.285758 1.897065
v 0.950238 -0.289165 1.871184
v 0.950238 -0.299155 1.847066
v 0.950238 -0.315047 1.826354
v 0.950238 -0.335758 1.810462
v 0.950238 -0.359876 1.800473
v 0.950238 -0.385758 1.797065
v 0.950238 -0.411640 1.800473
v 0.950238 -0.435759 1.810462
v 0.950238 -0.456470 1.826354
v 0.950238 -0.472362 1.847066
v 0.950238 -0.482351 1.871184
v 1.450239 -0.485758 1.897065
v 1.450239 -0.482351 1.871184
v 1.450239 -0.472362 1.847066
v 1.450239 -0.456470 1.826354
v 1.450239 -0.435759 1.810462
v 1.450239 -0.411640 1.800473
v 1.450239 -0.385758 1.797065
v 1.450239 -0.359876 1.800473
v 1.450239 -0.335758 1.810462
v 1.450239 -0.315047 1.826354
v 1.450239 -0.299155 1.847066
v 1.450239 -0.289165 1.871184
v 1.450239 -0.285758 1.897065
v 1.450239 -0.289165 1.922948
v 1.450239 -0.299155 1.947066
v 1.450239 -0.315047 1.967776
v 1.450239 -0.335758 1.983668
v 1.450239 -0.359876 1.993657
v 1.450239 -0.385758 1.997066
v 1.450239 -0.411640 1.993657
v 1.450239 -0.435759 1.983668
v 1.450239 -0.456470 1.967776
v 1.450239 -0.472362 1.947066
v 1.450239 -0.482351 1.922948
v 0.950238 0.714242 1.897065
v 0.950238 0.717649 1.922948
v 0.950238 0.727640 1.947066
v 0.950238 0.743531 1.967776
v 0.950238 0.764242 1.983668
v 0.950238 0.788360 1.993657
v 0.950238 0.814241 1.997066
v 0.950238 0.840124 1.993657
v 0.950238 0.864242 1.983668
v 0.950238 0.884953 1.967776
v 0.950238 0.900845 1.947066
v 0.950238 0.910835 1.922948
v 0.950238 0.914242 1.897065
v 0.950238 0.910835 1.871184
v 0.950238 0.900845 1.847066
v 0.950238 0.884953 1.826354
v 0.950238 0.864242 1.810462
v 0.950238 0.840124 1.800473
v 0.950238 0.814241 1.797065
v 0.950238 0.788360 1.800473
v 0.950238 0.764242 1.810462
v 0.950238 0.743531 1.826354
v 0.950238 0.727640 1.847066
v 0.950238 0.717649 1.871184
v 1.450239 0.714242 1.897065
v 1.450239 0.717649 1.871184
v 1.450239 0.727640 1.847066
v 1.450239 0.743531 1.826354
v 1.450239 0.764242 1.810462
v 1.450239 0.788360 1.800473
v 1.450239 0.814241 1.797065
v 1.450239 0.840124 1.800473
v 1.450239 0.864242 1.810462
v 1.450239 0.884953 1.826354
v 1.450239 0.900845 1.847066
v 1.450239 0.910835 1.871184
v 1.450239 0.914242 1.897065
v 1.450239 0.910835 1.922948
v 1.450239 0.900845 1.947066
v 1.450239 0.884953 1.967776
v 1.450239 0.864242 1.983668
v 1.450239 0.840124 1.993657
v 1.450239 0.814241 1.997066
v 1.450239 0.788360 1.993657
v 1.450239 0.764242 1.983668
v 1.450239 0.743531 1.967776
v 1.450239 0.727640 1.947066
v 1.450239 0.717649 1.922948
v 0.900239 1.014242 -0.947715
v 0.896832 1.014242 -0.921832
v 0.886842 1.014242 -0.897715
v 0.870950 1.014242 -0.877005
v 0.850239 1.014242 -0.861113
v 0.826121 1.014242 -0.851122
v 0.800239 1.014242 -0.847714
v 0.774357 1.014242 -0.851122
v 0.750239 1.014242 -0.861113
v 0.729529 1.014242 -0.877005
v 0.713637 1.014242 -0.897715
v 0.703647 1.014242 -0.921832
v 0.700238 1.014242 -0.947715
v 0.703647 1.014242 -0.973597
v 0.713637 1.014242 -0.997714
v 0.729529 1.014242 -1.018425
v 0.750239 1.014242 -1.034317
v 0.774357 1.014242 -1.044308
v 0.800239 1.014242 -1.047714
v 0.826121 1.014242 -1.044308
v 0.850239 1.014242 -1.034317
v 0.870950 1.014242 -1.018425
v 0.886842 1.014242 -0.997714
v 0.896832 1.014242 -0.973597
v 0.900239 1.364242 -0.947715
v 0.896832 1.364242 -0.973597
v 0.886842 1.364242 -0.997714
v 0.870950 1.364242 -1.018425
v 0.850239 1.364242 -1.034317
v 0.826121 1.364242 -1.044308
v 0.800239 1.364242 -1.047714
v 0.774357 1.364242 -1.044308
v 0.750239 1.364242 -1.034317
v 0.729529 1.364242 -1.018425
v 0.713637 1.364242 -0.997714
v 0.703647 1.364242 -0.973597
v 0.700238 1.364242 -0.947715
v 0.703647 1.364242 -0.921832
v 0.713637 1.364242 -0.897715
v 0.729529 1.364242 -0.877005
v 0.750239 1.364242 -0.861113
v 0.774357 1.364242 -0.851122
v 0.800239 1.364242 -0.847714
v 0.826121 1.364242 -0.851122
v 0.850239 1.364242 -0.861113
v 0.870950 1.364242 -0.877005
v 0.886842 1.364242 -0.897715
v 0.896832 1.364242 -0.921832
v -0.699761 1.014242 -0.947715
v -0.703168 1.014242 -0.921832
v -0.713158 1.014242 -0.897715
v -0.729050 1.014242 -0.877005
v -0.749761 1.014242 -0.861113
v -0.773880 1.014242 -0.851122
v -0.799762 1.014242 -0.847714
v -0.825644 1.014242 -0.851122
v -0.849761 1.014242 -0.861113
v -0.870471 1.014242 -0.877005
v -0.886363 1.014242 -0.897715
v -0.896353 1.014242 -0.921832
v -0.899761 1.014242 -0.947715
v -0.896353 1.014242 -0.973597
v -0.886363 1.014242 -0.997714
v -0.870471 1.014242 -1.018425
v -0.849761 1.014242 -1.034317
v -0.825644 1.014242 -1.044308
v -0.799762 1.014242 -1.047714
v -0.773880 1.014242 -1.044308
v -0.749761 1.014242 -1.034317
v -0.729050 1.014242 -1.018425
v -0.713158 1.014242 -0.997714
v -0.703168 1.014242 -0.973597
v -0.699761 1.364242 -0.947715
v -0.703168 1.364242 -0.973597
v -0.713158 1.364242 -0.997714
v -0.729050 1.364242 -1.018425
v -0.749761 1.364242 -1.034317
v -0.773880 1.364242 -1.044308
v -0.799762 1.364242 -1.047714
v -0.825644 1.364242 -1.044308
v -0.849761 1.364242 -1.034317
v -0.870471 1.364242 -1.018425
v -0.886363 1.364242 -0.997714
v -0.896353 1.364242 -0.973597
v -0.899761 1.364242 -0.947715
v -0.896353 1.364242 -0.921832
v -0.886363 1.364242 -0.897715
v -0.870471 1.364242 -0.877005
v -0.849761 1.364242 -0.861113
v -0.825644 1.364242 -0.851122
v -0.799762 1.364242 -0.847714
v -0.773880 1.364242 -0.851122
v -0.749761 1.364242 -0.861113
v -0.729050 1.364242 -0.877005
v -0.713158 1.364242 -0.897715
v -0.703168 1.364242 -0.921832
v 0.125239 0.514242 -0.947715
v 0.120980 0.514242 -0.915362
v 0.108492 0.514242 -0.885215
v 0.088628 0.514242 -0.859326
v 0.062739 0.514242 -0.839461
v 0.032592 0.514242 -0.826974
v 0.000239 0.514242 -0.822715
v -0.032114 0.514242 -0.826974
v -0.062261 0.514242 -0.839461
v -0.088150 0.514242 -0.859326
v -0.108014 0.514242 -0.885215
v -0.120502 0.514242 -0.915362
v -0.124761 0.514242 -0.947715
v -0.120502 0.514242 -0.980067
v -0.108014 0.514242 -1.010215
v -0.088150 0.514242 -1.036103
v -0.062261 0.514242 -1.055967
v -0.032114 0.514242 -1.068456
v 0.000239 0.514242 -1.072715
v 0.032592 0.514242 -1.068456
v 0.062739 0.514242 -1.055967
v 0.088628 0.514242 -1.036103
v 0.108492 0.514242 -1.010215
v 0.120980 0.514242 -0.980067
v 0.125239 1.114242 -0.947715
v 0.120980 1.114242 -0.980067
v 0.108492 1.114242 -1.010215
v 0.088628 1.114242 -1.036103
v 0.062739 1.114242 -1.055967
v 0.032592 1.114242 -1.068456
v 0.000239 1.114242 -1.072715
v -0.032114 1.114242 -1.068456
v -0.062261 1.114242 -1.055967
v -0.088150 1.114242 -1.036103
v -0.108014 1.114242 -1.010215
v -0.120502 1.114242 -0.980067
v -0.124761 1.114242 -0.947715
v -0.120502 1.114242 -0.915362
v -0.108014 1.114242 -0.885215
v -0.088150 1.114242 -0.859326
v -0.062261 1.114242 -0.839461
v -0.032114 1.114242 -0.826974
v 0.000239 1.114242 -0.822715
v 0.032592 1.114242 -0.826974
v 0.062739 1.114242 -0.839461
v 0.088628 1.114242 -0.859326
v 0.108492 1.114242 -0.885215
v 0.120980 1.114242 -0.915362
v -0.124761 -0.985758 -0.947715
v -0.120502 -0.985758 -0.915362
v -0.108014 -0.985758 -0.885215
v -0.088150 -0.985758 -0.859326
v -0.062261 -0.985758 -0.839461
v -0.032114 -0.985758 -0.826974
v 0.000239 -0.985758 -0.822715
v 0.032592 -0.985758 -0.826974
v 0.062739 -0.985758 -0.839461
v 0.088628 -0.985758 -0.859326
v 0.108492 -0.985758 -0.885215
v 0.120980 -0.985758 -0.915362
v 0.125239 -0.985758 -0.947715
v 0.120980 -0.985758 -0.980067
v 0.108492 -0.985758 -1.010215
v 0.088628 -0.985758 -1.036103
v 0.062739 -0.985758 -1.055967
v 0.032592 -0.985758 -1.068456
v 0.000239 -0.985758 -1.072715
v -0.032114 -0.985758 -1.068456
v -0.062261 -0.985758 -1.055967
v -0.088150 -0.985758 -1.036103
v -0.108014 -0.985758 -1.010215
v -0.120502 -0.985758 -0.980067
v -0.124761 -1.985758 -0.947715
v -0.120502 -1.985758 -0.980067
v -0.108014 -1.985758 -1.010215
v -0.088150 -1.985758 -1.036103
v -0.062261 -1.985758 -1.055967
v -0.032114 -1.985758 -1.068456
v 0.000239 -1.985758 -1.072715
v 0.032592 -1.985758 -1.068456
v 0.062739 -1.985758 -1.055967
v 0.088628 -1.985758 -1.036103
v 0.108492 -1.985758 -1.010215
v 0.120980 -1.985758 -0.980067
v 0.125239 -1.985758 -0.947715
v 0.120980 -1.985758 -0.915362
v 0.108492 -1.985758 -0.885215
v 0.088628 -1.985758 -0.859326
v 0.062739 -1.985758 -0.839461
v 0.032592 -1.985758 -0.826974
v 0.000239 -1.985758 -0.822715
v -0.032114 -1.985758 -0.826974
v -0.062261 -1.985758 -0.839461
v -0.088150 -1.985758 -0.859326
v -0.108014 -1.985758 -0.885215
v -0.120502 -1.985758 -0.915362
v -0.124761 -1.485758 -0.947715
v -0.120502 -1.485758 -0.915362
v -0.108014 -1.485758 -0.885215
v -0.088150 -1.485758 -0.859326
v -0.062261 -1.485758 -0.839461
v -0.032114 -1.485758 -0.826974
v 0.000239 -1.485758 -0.822715
v 0.032592 -1.485758 -0.826974
v 0.062739 -1.485758 -0.839461
v 0.088628 -1.485758 -0.859326
v 0.108492 -1.485758 -0.885215
v 0.120980 -1.485758 -0.915362
v 0.125239 -1.485758 -0.947715
v 0.120980 -1.485758 -0.980067
v 0.108492 -1.485758 -1.010215
v 0.088628 -1.485758 -1.036103
v 0.062739 -1.485758 -1.055967
v 0.032592 -1.485758 -1.068456
v 0.000239 -1.485758 -1.072715
v -0.032114 -1.485758 -1.068456
v -0.062261 -1.485758 -1.055967
v -0.088150 -1.485758 -1.036103
v -0.108014 -1.485758 -1.010215
v -0.120502 -1.485758 -0.980067
v 0.700238 -1.685759 -0.947715
v 0.703647 -1.685759 -0.973597
v 0.713637 -1.685759 -0.997714
v 0.729529 -1.685759 -1.018425
v 0.750239 -1.685759 -1.034317
v 0.774357 -1.685759 -1.044308
v 0.800239 -1.685759 -1.047714
v 0.826121 -1.685759 -1.044308
v 0.850239 -1.685759 -1.034317
v 0.870950 -1.685759 -1.018425
v 0.886842 -1.685759 -0.997714
v 0.896832 -1.685759 -0.973597
v 0.900239 -1.685759 -0.947715
v 0.896832 -1.685759 -0.921832
v 0.886842 -1.685759 -0.897715
v 0.870950 -1.685759 -0.877005
v 0.850239 -1.685759 -0.861113
v 0.826121 -1.685759 -0.851122
v 0.800239 -1.685759 -0.847714
v 0.774357 -1.685759 -0.851122
v 0.750239 -1.685759 -0.861113
v 0.729529 -1.685759 -0.877005
v 0.713637 -1.685759 -0.897715
v 0.703647 -1.685759 -0.921832
v 0.700238 -1.485758 -0.947715
v 0.703647 -1.485758 -0.921832
v 0.713637 -1.485758 -0.897715
v 0.729529 -1.485758 -0.877005
v 0.750239 -1.485758 -0.861113
v 0.774357 -1.485758 -0.851122
v 0.800239 -1.485758 -0.847714
v 0.826121 -1.485758 -0.851122
v 0.850239 -1.485758 -0.861113
v 0.870950 -1.485758 -0.877005
v 0.886842 -1.485758 -0.897715
v 0.896832 -1.485758 -0.921832
v 0.900239 -1.485758 -0.947715
v 0.896832 -1.485758 -0.973597
v 0.886842 -1.485758 -0.997714
v 0.870950 -1.485758 -1.018425
v 0.850239 -1.485758 -1.034317
v 0.826121 -1.485758 -1.044308
v 0.800239 -1.485758 -1.047714
v 0.774357 -1.485758 -1.044308
v 0.750239 -1.485758 -1.034317
v 0.729529 -1.485758 -1.018425
v 0.713637 -1.485758 -0.997714
v 0.703647 -1.485758 -0.973597
v -0.099761 -1.685759 -1.747714
v -0.096354 -1.685759 -1.773597
v -0.086364 -1.685759 -1.797714
v -0.070472 -1.685759 -1.818425
v -0.049762 -1.685759 -1.834317
v -0.025643 -1.685759 -1.844307
v 0.000239 -1.685759 -1.847714
v 0.026121 -1.685759 -1.844307
v 0.050239 -1.685759 -1.834317
v 0.070950 -1.685759 -1.818425
v 0.086842 -1.685759 -1.797714
v 0.096832 -1.685759 -1.773597
v 0.100239 -1.685759 -1.747714
v 0.096832 -1.685759 -1.721832
v 0.086842 -1.685759 -1.697715
v 0.070950 -1.685759 -1.677004
v 0.050239 -1.685759 -1.661113
v 0.026121 -1.685759 -1.651122
v 0.000239 -1.685759 -1.647715
v -0.025643 -1.685759 -1.651122
v -0.049762 -1.685759 -1.661113
v -0.070472 -1.685759 -1.677004
v -0.086364 -1.685759 -1.697715
v -0.096354 -1.685759 -1.721832
v -0.099761 -1.485758 -1.747714
v -0.096354 -1.485758 -1.721832
v -0.086364 -1.485758 -1.697715
v -0.070472 -1.485758 -1.677004
v -0.049762 -1.485758 -1.661113
v -0.025643 -1.485758 -1.651122
v 0.000239 -1.485758 -1.647715
v 0.026121 -1.485758 -1.651122
v 0.050239 -1.485758 -1.661113
v 0.070950 -1.485758 -1.677004
v 0.086842 -1.485758 -1.697715
v 0.096832 -1.485758 -1.721832
v 0.100239 -1.485758 -1.747714
v 0.096832 -1.485758 -1.773597
v 0.086842 -1.485758 -1.797714
v 0.070950 -1.485758 -1.818425
v 0.050239 -1.485758 -1.834317
v 0.026121 -1.485758 -1.844307
v 0.000239 -1.485758 -1.847714
v -0.025643 -1.485758 -1.844307
v -0.049762 -1.485758 -1.834317
v -0.070472 -1.485758 -1.818425
v -0.086364 -1.485758 -1.797714
v -0.096354 -1.485758 -1.773597
v -0.099761 -1.685759 -0.147715
v -0.096354 -1.685759 -0.173596
v -0.086364 -1.685759 -0.197715
v -0.070472 -1.685759 -0.218426
v -0.049762 -1.685759 -0.234318
v -0.025643 -1.685759 -0.244308
v 0.000239 -1.685759 -0.247714
v 0.026121 -1.685759 -0.244308
v 0.050239 -1.685759 -0.234318
v 0.070950 -1.685759 -0.218426
v 0.086842 -1.685759 -0.197715
v 0.096832 -1.685759 -0.173596
v 0.100239 -1.685759 -0.147715
v 0.096832 -1.685759 -0.121832
v 0.086842 -1.685759 -0.097714
v 0.070950 -1.685759 -0.077004
v 0.050239 -1.685759 -0.061112
v 0.026121 -1.685759 -0.051123
v 0.000239 -1.685759 -0.047714
v -0.025643 -1.685759 -0.051123
v -0.049762 -1.685759 -0.061112
v -0.070472 -1.685759 -0.077004
v -0.086364 -1.685759 -0.097714
v -0.096354 -1.685759 -0.121832
v -0.099761 -1.485758 -0.147715
v -0.096354 -1.485758 -0.121832
v -0.086364 -1.485758 -0.097714
v -0.070472 -1.485758 -0.077004
v -0.049762 -1.485758 -0.061112
v -0.025643 -1.485758 -0.051123
v 0.000239 -1.485758 -0.047714
v 0.026121 -1.485758 -0.051123
v 0.050239 -1.485758 -0.061112
v 0.070950 -1.485758 -0.077004
v 0.086842 -1.485758 -0.097714
v 0.096832 -1.485758 -0.121832
v 0.100239 -1.485758 -0.147715
v 0.096832 -1.485758 -0.173596
v 0.086842 -1.485758 -0.197715
v 0.070950 -1.485758 -0.218426
v 0.050239 -1.485758 -0.234318
v 0.026121 -1.485758 -0.244308
v 0.000239 -1.485758 -0.247714
v -0.025643 -1.485758 -0.244308
v -0.049762 -1.485758 -0.234318
v -0.070472 -1.485758 -0.218426
v -0.086364 -1.485758 -0.197715
v -0.096354 -1.485758 -0.173596
v -0.899761 -1.685759 -0.947715
v -0.896353 -1.685759 -0.973597
v -0.886363 -1.685759 -0.997714
v -0.870471 -1.685759 -1.018425
v -0.849761 -1.685759 -1.034317
v -0.825644 -1.685759 -1.044308
v -0.799762 -1.685759 -1.047714
v -0.773880 -1.685759 -1.044308
v -0.749761 -1.685759 -1.034317
v -0.729050 -1.685759 -1.018425
v -0.713158 -1.685759 -0.997714
v -0.703168 -1.685759 -0.973597
v -0.699761 -1.685759 -0.947715
v -0.703168 -1.685759 -0.921832
v -0.713158 -1.685759 -0.897715
v -0.729050 -1.685759 -0.877005
v -0.749761 -1.685759 -0.861113
v -0.773880 -1.685759 -0.851122
v -0.799762 -1.685759 -0.847714
v -0.825644 -1.685759 -0.851122
v -0.849761 -1.685759 -0.861113
v -0.870471 -1.685759 -0.877005
v -0.886363 -1.685759 -0.897715
v -0.896353 -1.685759 -0.921832
v -0.899761 -1.485758 -0.947715
v -0.896353 -1.485758 -0.921832
v -0.886363 -1.485758 -0.897715
v -0.870471 -1.485758 -0.877005
v -0.849761 -1.485758 -0.861113
v -0.825644 -1.485758 -0.851122
v -0.799762 -1.485758 -0.847714
v -0.773880 -1.485758 -0.851122
v -0.749761 -1.485758 -0.861113
v -0.729050 -1.485758 -0.877005
v -0.713158 -1.485758 -0.897715
v -0.703168 -1.485758 -0.921832
v -0.699761 -1.485758 -0.947715
v -0.703168 -1.485758 -0.973597
v -0.713158 -1.485758 -0.997714
v -0.729050 -1.485758 -1.018425
v -0.749761 -1.485758 -1.034317
v -0.773880 -1.485758 -1.044308
v -0.799762 -1.485758 -1.047714
v -0.825644 -1.485758 -1.044308
v -0.849761 -1.485758 -1.034317
v -0.870471 -1.485758 -1.018425
v -0.886363 -1.485758 -0.997714
v -0.896353 -1.485758 -0.973597
v -0.399761 -1.985758 -0.947715
v -0.386132 -1.985758 -0.844188
v -0.346171 -1.985758 -0.747714
v -0.282604 -1.985758 -0.664872
v -0.199761 -1.985758 -0.601304
v -0.103288 -1.985758 -0.561344
v 0.000239 -1.985758 -0.547714
v 0.103766 -1.985758 -0.561344
v 0.200238 -1.985758 -0.601304
v 0.283082 -1.985758 -0.664872
v 0.346648 -1.985758 -0.747714
v 0.386610 -1.985758 -0.844188
v 0.400239 -1.985758 -0.947715
v 0.386610 -1.985758 -1.051242
v 0.346648 -1.985758 -1.147715
v 0.283082 -1.985758 -1.230557
v 0.200238 -1.985758 -1.294125
v 0.103766 -1.985758 -1.334085
v 0.000239 -1.985758 -1.347714
v -0.103288 -1.985758 -1.334085
v -0.199761 -1.985758 -1.294125
v -0.282604 -1.985758 -1.230557
v -0.346171 -1.985758 -1.147715
v -0.386132 -1.985758 -1.051242
v -0.399761 -1.685759 -0.947715
v -0.386132 -1.685759 -1.051242
v -0.346171 -1.685759 -1.147715
v -0.282604 -1.685759 -1.230557
v -0.199761 -1.685759 -1.294125
v -0.103288 -1.685759 -1.334085
v 0.000239 -1.685759 -1.347714
v 0.103766 -1.685759 -1.334085
v 0.200238 -1.685759 -1.294125
v 0.283082 -1.685759 -1.230557
v 0.346648 -1.685759 -1.147715
v 0.386610 -1.685759 -1.051242
v 0.400239 -1.685759 -0.947715
v 0.386610 -1.685759 -0.844188
v 0.346648 -1.685759 -0.747714
v 0.283082 -1.685759 -0.664872
v 0.200238 -1.685759 -0.601304
v 0.103766 -1.685759 -0.561344
v 0.000239 -1.685759 -0.547714
v -0.103288 -1.685759 -0.561344
v -0.199761 -1.685759 -0.601304
v -0.282604 -1.685759 -0.664872
v -0.346171 -1.685759 -0.747714
v -0.386132 -1.685759 -0.844188
v -1.024761 -1.685759 -0.947715
v -0.999062 -1.685759 -0.719630
v -0.923254 -1.685759 -0.502983
v -0.801138 -1.685759 -0.308638
v -0.638839 -1.685759 -0.146338
v -0.444492 -1.685759 -0.024221
v -0.227845 -1.685759 0.051587
v 0.000239 -1.685759 0.077286
v 0.228323 -1.685759 0.051587
v 0.444970 -1.685759 -0.024221
v 0.639316 -1.685759 -0.146338
v 0.801616 -1.685759 -0.308638
v 0.923732 -1.685759 -0.502983
v 0.999540 -1.685759 -0.719630
v 1.025239 -1.685759 -0.947715
v 0.999540 -1.685759 -1.175798
v 0.923732 -1.685759 -1.392446
v 0.801616 -1.685759 -1.586791
v 0.639316 -1.685759 -1.749092
v 0.444970 -1.685759 -1.871207
v 0.228323 -1.685759 -1.947016
v 0.000239 -1.685759 -1.972714
v -0.227845 -1.685759 -1.947016
v -0.444492 -1.685759 -1.871207
v -0.638839 -1.685759 -1.749092
v -0.801138 -1.685759 -1.586791
v -0.923254 -1.685759 -1.392446
v -0.999062 -1.685759 -1.175798
v -1.024761 -1.485758 -0.947715
v -0.999062 -1.485758 -1.175798
v -0.923254 -1.485758 -1.392446
v -0.801138 -1.485758 -1.586791
v -0.638839 -1.485758 -1.749092
v -0.444492 -1.485758 -1.871207
v -0.227845 -1.485758 -1.947016
v 0.000239 -1.485758 -1.972714
v 0.228323 -1.485758 -1.947016
v 0.444970 -1.485758 -1.871207
v 0.639316 -1.485758 -1.749092
v 0.801616 -1.485758 -1.586791
v 0.923732 -1.485758 -1.392446
v 0.999540 -1.485758 -1.175798
v 1.025239 -1.485758 -0.947715
v 0.999540 -1.485758 -0.719630
v 0.923732 -1.485758 -0.502983
v 0.801616 -1.485758 -0.308638
v 0.639316 -1.485758 -0.146338
v 0.444970 -1.485758 -0.024221
v 0.228323 -1.485758 0.051587
v 0.000239 -1.485758 0.077286
v -0.227845 -1.485758 0.051587
v -0.444492 -1.485758 -0.024221
v -0.638839 -1.485758 -0.146338
v -0.801138 -1.485758 -0.308638
v -0.923254 -1.485758 -0.502983
v -0.999062 -1.485758 -0.719630
v -0.999761 1.414242 2.277286
v -1.003168 1.414242 2.303168
v -1.013159 1.414242 2.327285
v -1.029051 1.414242 2.347995
v -1.049762 1.414242 2.363887
v -1.073879 1.414242 2.373878
v -1.099761 1.414242 2.377286
v -1.125643 1.414242 2.373878
v -1.149761 1.414242 2.363887
v -1.170471 1.414242 2.347995
v -1.186363 1.414242 2.327285
v -1.196354 1.414242 2.303168
v -1.199762 1.414242 2.277286
v -1.196354 1.414242 2.251403
v -1.186363 1.414242 2.227286
v -1.170471 1.414242 2.206574
v -1.149761 1.414242 2.190682
v -1.125643 1.414242 2.180692
v -1.099761 1.414242 2.177285
v -1.073879 1.414242 2.180692
v -1.049762 1.414242 2.190682
v -1.029051 1.414242 2.206574
v -1.013159 1.414242 2.227286
v -1.003168 1.414242 2.251403
v -0.999761 1.914242 2.277286
v -1.003168 1.914242 2.251403
v -1.013159 1.914242 2.227286
v -1.029051 1.914242 2.206574
v -1.049762 1.914242 2.190682
v -1.073879 1.914242 2.180692
v -1.099761 1.914242 2.177285
v -1.125643 1.914242 2.180692
v -1.149761 1.914242 2.190682
v -1.170471 1.914242 2.206574
v -1.186363 1.914242 2.227286
v -1.196354 1.914242 2.251403
v -1.199762 1.914242 2.277286
v -1.196354 1.914242 2.303168
v -1.186363 1.914242 2.327285
v -1.170471 1.914242 2.347995
v -1.149761 1.914242 2.363887
v -1.125643 1.914242 2.373878
v -1.099761 1.914242 2.377286
v -1.073879 1.914242 2.373878
v -1.049762 1.914242 2.363887
v -1.029051 1.914242 2.347995
v -1.013159 1.914242 2.327285
v -1.003168 1.914242 2.303168
v -0.999761 1.414242 -1.722714
v -1.003168 1.414242 -1.696833
v -1.013159 1.414242 -1.672714
v -1.029051 1.414242 -1.652004
v -1.049762 1.414242 -1.636112
v -1.073879 1.414242 -1.626122
v -1.099761 1.414242 -1.622714
v -1.125643 1.414242 -1.626122
v -1.149761 1.414242 -1.636112
v -1.170471 1.414242 -1.652004
v -1.186363 1.414242 -1.672714
v -1.196354 1.414242 -1.696833
v -1.199762 1.414242 -1.722714
v -1.196354 1.414242 -1.748596
v -1.186363 1.414242 -1.772715
v -1.170471 1.414242 -1.793426
v -1.149761 1.414242 -1.809318
v -1.125643 1.414242 -1.819307
v -1.099761 1.414242 -1.822715
v -1.073879 1.414242 -1.819307
v -1.049762 1.414242 -1.809318
v -1.029051 1.414242 -1.793426
v -1.013159 1.414242 -1.772715
v -1.003168 1.414242 -1.748596
v 1.200239 1.414242 2.277286
v 1.196832 1.414242 2.303168
v 1.186842 1.414242 2.327285
v 1.170950 1.414242 2.347995
v 1.150239 1.414242 2.363887
v 1.126121 1.414242 2.373878
v 1.100239 1.414242 2.377286
v 1.074357 1.414242 2.373878
v 1.050239 1.414242 2.363887
v 1.029529 1.414242 2.347995
v 1.013637 1.414242 2.327285
v 1.003647 1.414242 2.303168
v 1.000239 1.414242 2.277286
v 1.003647 1.414242 2.251403
v 1.013637 1.414242 2.227286
v 1.029529 1.414242 2.206574
v 1.050239 1.414242 2.190682
v 1.074357 1.414242 2.180692
v 1.100239 1.414242 2.177285
v 1.126121 1.414242 2.180692
v 1.150239 1.414242 2.190682
v 1.170950 1.414242 2.206574
v 1.186842 1.414242 2.227286
v 1.196832 1.414242 2.251403
v 1.200239 1.914242 2.277286
v 1.196832 1.914242 2.251403
v 1.186842 1.914242 2.227286
v 1.170950 1.914242 2.206574
v 1.150239 1.914242 2.190682
v 1.126121 1.914242 2.180692
v 1.100239 1.914242 2.177285
v 1.074357 1.914242 2.180692
v 1.050239 1.914242 2.190682
v 1.029529 1.914242 2.206574
v 1.013637 1.914242 2.227286
v 1.003647 1.914242 2.251403
v 1.000239 1.914242 2.277286
v 1.003647 1.914242 2.303168
v 1.013637 1.914242 2.327285
v 1.029529 1.914242 2.347995
v 1.050239 1.914242 2.363887
v 1.074357 1.914242 2.373878
v 1.100239 1.914242 2.377286
v 1.126121 1.914242 2.373878
v 1.150239 1.914242 2.363887
v 1.170950 1.914242 2.347995
v 1.186842 1.914242 2.327285
v 1.196832 1.914242 2.303168
v 1.200239 1.414242 -1.722714
v 1.196832 1.414242 -1.696833
v 1.186842 1.414242 -1.672714
v 1.170950 1.414242 -1.652004
v 1.150239 1.414242 -1.636112
v 1.126121 1.414242 -1.626122
v 1.100239 1.414242 -1.622714
v 1.074357 1.414242 -1.626122
v 1.050239 1.414242 -1.636112
v 1.029529 1.414242 -1.652004
v 1.013637 1.414242 -1.672714
v 1.003647 1.414242 -1.696833
v 1.000239 1.414242 -1.722714
v 1.003647 1.414242 -1.748596
v 1.013637 1.414242 -1.772715
v 1.029529 1.414242 -1.793426
v 1.050239 1.414242 -1.809318
v 1.074357 1.414242 -1.819307
v 1.100239 1.414242 -1.822715
v 1.126121 1.414242 -1.819307
v 1.150239 1.414242 -1.809318
v 1.170950 1.414242 -1.793426
v 1.186842 1.414242 -1.772715
v 1.196832 1.414242 -1.748596
v 1.000239 -0.985758 -1.722714
v 1.003647 -0.985758 -1.696833
v 1.013637 -0.985758 -1.672714
v 1.029529 -0.985758 -1.652004
v 1.050239 -0.985758 -1.636112
v 1.074357 -0.985758 -1.626122
v 1.100239 -0.985758 -1.622714
v 1.126121 -0.985758 -1.626122
v 1.150239 -0.985758 -1.636112
v 1.170950 -0.985758 -1.652004
v 1.186842 -0.985758 -1.672714
v 1.196832 -0.985758 -1.696833
v 1.200239 -0.985758 -1.722714
v 1.196832 -0.985758 -1.748596
v 1.186842 -0.985758 -1.772715
v 1.170950 -0.985758 -1.793426
v 1.150239 -0.985758 -1.809318
v 1.126121 -0.985758 -1.819307
v 1.100239 -0.985758 -1.822715
v 1.074357 -0.985758 -1.819307
v 1.050239 -0.985758 -1.809318
v 1.029529 -0.985758 -1.793426
v 1.013637 -0.985758 -1.772715
v 1.003647 -0.985758 -1.748596
v 1.000239 -1.485758 -1.722714
v 1.003647 -1.485758 -1.748596
v 1.013637 -1.485758 -1.772715
v 1.029529 -1.485758 -1.793426
v 1.050239 -1.485758 -1.809318
v 1.074357 -1.485758 -1.819307
v 1.100239 -1.485758 -1.822715
v 1.126121 -1.485758 -1.819307
v 1.150239 -1.485758 -1.809318
v 1.170950 -1.485758 -1.793426
v 1.186842 -1.485758 -1.772715
v 1.196832 -1.485758 -1.748596
v 1.200239 -1.485758 -1.722714
v 1.196832 -1.485758 -1.696833
v 1.186842 -1.485758 -1.672714
v 1.170950 -1.485758 -1.652004
v 1.150239 -1.485758 -1.636112
v 1.126121 -1.485758 -1.626122
v 1.100239 -1.485758 -1.622714
v 1.074357 -1.485758 -1.626122
v 1.050239 -1.485758 -1.636112
v 1.029529 -1.485758 -1.652004
v 1.013637 -1.485758 -1.672714
v 1.003647 -1.485758 -1.696833
v -1.199762 -0.985758 2.277286
v -1.196354 -0.985758 2.303168
v -1.186363 -0.985758 2.327285
v -1.170471 -0.985758 2.347995
v -1.149761 -0.985758 2.363887
v -1.125643 -0.985758 2.373878
v -1.099761 -0.985758 2.377286
v -1.073879 -0.985758 2.373878
v -1.049762 -0.985758 2.363887
v -1.029051 -0.985758 2.347995
v -1.013159 -0.985758 2.327285
v -1.003168 -0.985758 2.303168
v -0.999761 -0.985758 2.277286
v -1.003168 -0.985758 2.251403
v -1.013159 -0.985758 2.227286
v -1.029051 -0.985758 2.206574
v -1.049762 -0.985758 2.190682
v -1.073879 -0.985758 2.180692
v -1.099761 -0.985758 2.177285
v -1.125643 -0.985758 2.180692
v -1.149761 -0.985758 2.190682
v -1.170471 -0.985758 2.206574
v -1.186363 -0.985758 2.227286
v -1.196354 -0.985758 2.251403
v -1.199762 -1.485758 2.277286
v -1.196354 -1.485758 2.251403
v -1.186363 -1.485758 2.227286
v -1.170471 -1.485758 2.206574
v -1.149761 -1.485758 2.190682
v -1.125643 -1.485758 2.180692
v -1.099761 -1.485758 2.177285
v -1.073879 -1.485758 2.180692
v -1.049762 -1.485758 2.190682
v -1.029051 -1.485758 2.206574
v -1.013159 -1.485758 2.227286
v -1.003168 -1.485758 2.251403
v -0.999761 -1.485758 2.277286
v -1.003168 -1.485758 2.303168
v -1.013159 -1.485758 2.327285
v -1.029051 -1.485758 2.347995
v -1.049762 -1.485758 2.363887
v -1.073879 -1.485758 2.373878
v -1.099761 -1.485758 2.377286
v -1.125643 -1.485758 2.373878
v -1.149761 -1.485758 2.363887
v -1.170471 -1.485758 2.347995
v -1.186363 -1.485758 2.327285
v -1.196354 -1.485758 2.303168
v 1.000239 -0.985758 -0.122714
v 1.003647 -0.985758 -0.096832
v 1.013637 -0.985758 -0.072715
v 1.029529 -0.985758 -0.052004
v 1.050239 -0.985758 -0.036113
v 1.074357 -0.985758 -0.026122
v 1.100239 -0.985758 -0.022715
v 1.126121 -0.985758 -0.026122
v 1.150239 -0.985758 -0.036113
v 1.170950 -0.985758 -0.052004
v 1.186842 -0.985758 -0.072715
v 1.196832 -0.985758 -0.096832
v 1.200239 -0.985758 -0.122714
v 1.196832 -0.985758 -0.148597
v 1.186842 -0.985758 -0.172714
v 1.170950 -0.985758 -0.193425
v 1.150239 -0.985758 -0.209317
v 1.126121 -0.985758 -0.219307
v 1.100239 -0.985758 -0.222714
v 1.074357 -0.985758 -0.219307
v 1.050239 -0.985758 -0.209317
v 1.029529 -0.985758 -0.193425
v 1.013637 -0.985758 -0.172714
v 1.003647 -0.985758 -0.148597
v 1.000239 -1.485758 -0.122714
v 1.003647 -1.485758 -0.148597
v 1.013637 -1.485758 -0.172714
v 1.029529 -1.485758 -0.193425
v 1.050239 -1.485758 -0.209317
v 1.074357 -1.485758 -0.219307
v 1.100239 -1.485758 -0.222714
v 1.126121 -1.485758 -0.219307
v 1.150239 -1.485758 -0.209317
v 1.170950 -1.485758 -0.193425
v 1.186842 -1.485758 -0.172714
v 1.196832 -1.485758 -0.148597
v 1.200239 -1.485758 -0.122714
v 1.196832 -1.485758 -0.096832
v 1.186842 -1.485758 -0.072715
v 1.170950 -1.485758 -0.052004
v 1.150239 -1.485758 -0.036113
v 1.126121 -1.485758 -0.026122
v 1.100239 -1.485758 -0.022715
v 1.074357 -1.485758 -0.026122
v 1.050239 -1.485758 -0.036113
v 1.029529 -1.485758 -0.052004
v 1.013637 -1.485758 -0.072715
v 1.003647 -1.485758 -0.096832
v -1.199762 -0.985758 -1.722714
v -1.196354 -0.985758 -1.696833
v -1.186363 -0.985758 -1.672714
v -1.170471 -0.985758 -1.652004
v -1.149761 -0.985758 -1.636112
v -1.125643 -0.985758 -1.626122
v -1.099761 -0.985758 -1.622714
v -1.073879 -0.985758 -1.626122
v -1.049762 -0.985758 -1.636112
v -1.029051 -0.985758 -1.652004
v -1.013159 -0.985758 -1.672714
v -1.003168 -0.985758 -1.696833
v -0.999761 -0.985758 -1.722714
v -1.003168 -0.985758 -1.748596
v -1.013159 -0.985758 -1.772715
v -1.029051 -0.985758 -1.793426
v -1.049762 -0.985758 -1.809318
v -1.073879 -0.985758 -1.819307
v -1.099761 -0.985758 -1.822715
v -1.125643 -0.985758 -1.819307
v -1.149761 -0.985758 -1.809318
v -1.170471 -0.985758 -1.793426
v -1.186363 -0.985758 -1.772715
v -1.196354 -0.985758 -1.748596
v -1.199762 -1.485758 -1.722714
v -1.196354 -1.485758 -1.748596
v -1.186363 -1.485758 -1.772715
v -1.170471 -1.485758 -1.793426
v -1.149761 -1.485758 -1.809318
v -1.125643 -1.485758 -1.819307
v -1.099761 -1.485758 -1.822715
v -1.073879 -1.485758 -1.819307
v -1.049762 -1.485758 -1.809318
v -1.029051 -1.485758 -1.793426
v -1.013159 -1.485758 -1.772715
v -1.003168 -1.485758 -1.748596
v -0.999761 -1.485758 -1.722714
v -1.003168 -1.485758 -1.696833
v -1.013159 -1.485758 -1.672714
v -1.029051 -1.485758 -1.652004
v -1.049762 -1.485758 -1.636112
v -1.073879 -1.485758 -1.626122
v -1.099761 -1.485758 -1.622714
v -1.125643 -1.485758 -1.626122
v -1.149761 -1.485758 -1.636112
v -1.170471 -1.485758 -1.652004
v -1.186363 -1.485758 -1.672714
v -1.196354 -1.485758 -1.696833
v -1.199762 -0.985758 -0.122714
v -1.196354 -0.985758 -0.096832
v -1.186363 -0.985758 -0.072715
v -1.170471 -0.985758 -0.052004
v -1.149761 -0.985758 -0.036113
v -1.125643 -0.985758 -0.026122
v -1.099761 -0.985758 -0.022715
v -1.073879 -0.985758 -0.026122
v -1.049762 -0.985758 -0.036113
v -1.029051 -0.985758 -0.052004
v -1.013159 -0.985758 -0.072715
v -1.003168 -0.985758 -0.096832
v -0.999761 -0.985758 -0.122714
v -1.003168 -0.985758 -0.148597
v -1.013159 -0.985758 -0.172714
v -1.029051 -0.985758 -0.193425
v -1.049762 -0.985758 -0.209317
v -1.073879 -0.985758 -0.219307
v -1.099761 -0.985758 -0.222714
v -1.125643 -0.985758 -0.219307
v -1.149761 -0.985758 -0.209317
v -1.170471 -0.985758 -0.193425
v -1.186363 -0.985758 -0.172714
v -1.196354 -0.985758 -0.148597
v -1.199762 -1.485758 -0.122714
v -1.196354 -1.485758 -0.148597
v -1.186363 -1.485758 -0.172714
v -1.170471 -1.485758 -0.193425
v -1.149761 -1.485758 -0.209317
v -1.125643 -1.485758 -0.219307
v -1.099761 -1.485758 -0.222714
v -1.073879 -1.485758 -0.219307
v -1.049762 -1.485758 -0.209317
v -1.029051 -1.485758 -0.193425
v -1.013159 -1.485758 -0.172714
v -1.003168 -1.485758 -0.148597
v -0.999761 -1.485758 -0.122714
v -1.003168 -1.485758 -0.096832
v -1.013159 -1.485758 -0.072715
v -1.029051 -1.485758 -0.052004
v -1.049762 -1.485758 -0.036113
v -1.073879 -1.485758 -0.026122
v -1.099761 -1.485758 -0.022715
v -1.125643 -1.485758 -0.026122
v -1.149761 -1.485758 -0.036113
v -1.170471 -1.485758 -0.052004
v -1.186363 -1.485758 -0.072715
v -1.196354 -1.485758 -0.096832
v 1.000239 -0.985758 2.277286
v 1.003647 -0.985758 2.303168
v 1.013637 -0.985758 2.327285
v 1.029529 -0.985758 2.347995
v 1.050239 -0.985758 2.363887
v 1.074357 -0.985758 2.373878
v 1.100239 -0.985758 2.377286
v 1.126121 -0.985758 2.373878
v 1.150239 -0.985758 2.363887
v 1.170950 -0.985758 2.347995
v 1.186842 -0.985758 2.327285
v 1.196832 -0.985758 2.303168
v 1.200239 -0.985758 2.277286
v 1.196832 -0.985758 2.251403
v 1.186842 -0.985758 2.227286
v 1.170950 -0.985758 2.206574
v 1.150239 -0.985758 2.190682
v 1.126121 -0.985758 2.180692
v 1.100239 -0.985758 2.177285
v 1.074357 -0.985758 2.180692
v 1.050239 -0.985758 2.190682
v 1.029529 -0.985758 2.206574
v 1.013637 -0.985758 2.227286
v 1.003647 -0.985758 2.251403
v 1.000239 -1.485758 2.277286
v 1.003647 -1.485758 2.251403
v 1.013637 -1.485758 2.227286
v 1.029529 -1.485758 2.206574
v 1.050239 -1.485758 2.190682
v 1.074357 -1.485758 2.180692
v 1.100239 -1.485758 2.177285
v 1.126121 -1.485758 2.180692
v 1.150239 -1.485758 2.190682
v 1.170950 -1.485758 2.206574
v 1.186842 -1.485758 2.227286
v 1.196832 -1.485758 2.251403
v 1.200239 -1.485758 2.277286
v 1.196832 -1.485758 2.303168
v 1.186842 -1.485758 2.327285
v 1.170950 -1.485758 2.347995
v 1.150239 -1.485758 2.363887
v 1.126121 -1.485758 2.373878
v 1.100239 -1.485758 2.377286
v 1.074357 -1.485758 2.373878
v 1.050239 -1.485758 2.363887
v 1.029529 -1.485758 2.347995
v 1.013637 -1.485758 2.327285
v 1.003647 -1.485758 2.303168
v -0.899761 -0.385758 -1.572715
v -0.896353 -0.411640 -1.572715
v -0.886363 -0.435759 -1.572715
v -0.870471 -0.456470 -1.572715
v -0.849761 -0.472360 -1.572715
v -0.825644 -0.482351 -1.572715
v -0.799762 -0.485758 -1.572715
v -0.773880 -0.482351 -1.572715
v -0.749761 -0.472360 -1.572715
v -0.729050 -0.456470 -1.572715
v -0.713158 -0.435759 -1.572715
v -0.703168 -0.411640 -1.572715
v -0.699761 -0.385758 -1.572715
v -0.703168 -0.359876 -1.572715
v -0.713158 -0.335758 -1.572715
v -0.729050 -0.315047 -1.572715
v -0.749761 -0.299155 -1.572715
v -0.773880 -0.289165 -1.572715
v -0.799762 -0.285758 -1.572715
v -0.825644 -0.289165 -1.572715
v -0.849761 -0.299155 -1.572715
v -0.870471 -0.315047 -1.572715
v -0.886363 -0.335758 -1.572715
v -0.896353 -0.359876 -1.572715
v -0.899761 -0.385758 -2.072715
v -0.896353 -0.359876 -2.072715
v -0.886363 -0.335758 -2.072715
v -0.870471 -0.315047 -2.072715
v -0.849761 -0.299155 -2.072715
v -0.825644 -0.289165 -2.072715
v -0.799762 -0.285758 -2.072715
v -0.773880 -0.289165 -2.072715
v -0.749761 -0.299155 -2.072715
v -0.729050 -0.315047 -2.072715
v -0.713158 -0.335758 -2.072715
v -0.703168 -0.359876 -2.072715
v -0.699761 -0.385758 -2.072715
v -0.703168 -0.411640 -2.072715
v -0.713158 -0.435759 -2.072715
v -0.729050 -0.456470 -2.072715
v -0.749761 -0.472360 -2.072715
v -0.773880 -0.482351 -2.072715
v -0.799762 -0.485758 -2.072715
v -0.825644 -0.482351 -2.072715
v -0.849761 -0.472360 -2.072715
v -0.870471 -0.456470 -2.072715
v -0.886363 -0.435759 -2.072715
v -0.896353 -0.411640 -2.072715
v 0.700238 -0.385758 -1.572715
v 0.703647 -0.411640 -1.572715
v 0.713637 -0.435759 -1.572715
v 0.729529 -0.456470 -1.572715
v 0.750239 -0.472360 -1.572715
v 0.774357 -0.482351 -1.572715
v 0.800239 -0.485758 -1.572715
v 0.826121 -0.482351 -1.572715
v 0.850239 -0.472360 -1.572715
v 0.870950 -0.456470 -1.572715
v 0.886842 -0.435759 -1.572715
v 0.896832 -0.411640 -1.572715
v 0.900239 -0.385758 -1.572715
v 0.896832 -0.359876 -1.572715
v 0.886842 -0.335758 -1.572715
v 0.870950 -0.315047 -1.572715
v 0.850239 -0.299155 -1.572715
v 0.826121 -0.289165 -1.572715
v 0.800239 -0.285758 -1.572715
v 0.774357 -0.289165 -1.572715
v 0.750239 -0.299155 -1.572715
v 0.729529 -0.315047 -1.572715
v 0.713637 -0.335758 -1.572715
v 0.703647 -0.359876 -1.572715
v 0.700238 -0.385758 -2.072715
v 0.703647 -0.359876 -2.072715
v 0.713637 -0.335758 -2.072715
v 0.729529 -0.315047 -2.072715
v 0.750239 -0.299155 -2.072715
v 0.774357 -0.289165 -2.072715
v 0.800239 -0.285758 -2.072715
v 0.826121 -0.289165 -2.072715
v 0.850239 -0.299155 -2.072715
v 0.870950 -0.315047 -2.072715
v 0.886842 -0.335758 -2.072715
v 0.896832 -0.359876 -2.072715
v 0.900239 -0.385758 -2.072715
v 0.896832 -0.411640 -2.072715
v 0.886842 -0.435759 -2.072715
v 0.870950 -0.456470 -2.072715
v 0.850239 -0.472360 -2.072715
v 0.826121 -0.482351 -2.072715
v 0.800239 -0.485758 -2.072715
v 0.774357 -0.482351 -2.072715
v 0.750239 -0.472360 -2.072715
v 0.729529 -0.456470 -2.072715
v 0.713637 -0.435759 -2.072715
v 0.703647 -0.411640 -2.072715
v -0.699761 0.814241 2.377286
v -0.703168 0.788360 2.377286
v -0.713158 0.764242 2.377286
v -0.729050 0.743531 2.377286
v -0.749761 0.727640 2.377286
v -0.773880 0.717649 2.377286
v -0.799762 0.714242 2.377286
v -0.825644 0.717649 2.377286
v -0.849761 0.727640 2.377286
v -0.870471 0.743531 2.377286
v -0.886363 0.764242 2.377286
v -0.896353 0.788360 2.377286
v -0.899761 0.814241 2.377286
v -0.896353 0.840124 2.377286
v -0.886363 0.864242 2.377286
v -0.870471 0.884953 2.377286
v -0.849761 0.900845 2.377286
v -0.825644 0.910835 2.377286
v -0.799762 0.914242 2.377286
v -0.773880 0.910835 2.377286
v -0.749761 0.900845 2.377286
v -0.729050 0.884953 2.377286
v -0.713158 0.864242 2.377286
v -0.703168 0.840124 2.377286
v -0.699761 0.814241 2.577285
v -0.703168 0.840124 2.577285
v -0.713158 0.864242 2.577285
v -0.729050 0.884953 2.577285
v -0.749761 0.900845 2.577285
v -0.773880 0.910835 2.577285
v -0.799762 0.914242 2.577285
v -0.825644 0.910835 2.577285
v -0.849761 0.900845 2.577285
v -0.870471 0.884953 2.577285
v -0.886363 0.864242 2.577285
v -0.896353 0.840124 2.577285
v -0.899761 0.814241 2.577285
v -0.896353 0.788360 2.577285
v -0.886363 0.764242 2.577285
v -0.870471 0.743531 2.577285
v -0.849761 0.727640 2.577285
v -0.825644 0.717649 2.577285
v -0.799762 0.714242 2.577285
v -0.773880 0.717649 2.577285
v -0.749761 0.727640 2.577285
v -0.729050 0.743531 2.577285
v -0.713158 0.764242 2.577285
v -0.703168 0.788360 2.577285
v 0.900239 0.814241 2.377286
v 0.896832 0.788360 2.377286
v 0.886842 0.764242 2.377286
v 0.870950 0.743531 2.377286
v 0.850239 0.727640 2.377286
v 0.826121 0.717649 2.377286
v 0.800239 0.714242 2.377286
v 0.774357 0.717649 2.377286
v 0.750239 0.727640 2.377286
v 0.729529 0.743531 2.377286
v 0.713637 0.764242 2.377286
v 0.703647 0.788360 2.377286
v 0.700238 0.814241 2.377286
v 0.703647 0.840124 2.377286
v 0.713637 0.864242 2.377286
v 0.729529 0.884953 2.377286
v 0.750239 0.900845 2.377286
v 0.774357 0.910835 2.377286
v 0.800239 0.914242 2.377286
v 0.826121 0.910835 2.377286
v 0.850239 0.900845 2.377286
v 0.870950 0.884953 2.377286
v 0.886842 0.864242 2.377286
v 0.896832 0.840124 2.377286
v 0.900239 0.814241 2.577285
v 0.896832 0.840124 2.577285
v 0.886842 0.864242 2.577285
v 0.870950 0.884953 2.577285
v 0.850239 0.900845 2.577285
v 0.826121 0.910835 2.577285
v 0.800239 0.914242 2.577285
v 0.774357 0.910835 2.577285
v 0.750239 0.900845 2.577285
v 0.729529 0.884953 2.577285
v 0.713637 0.864242 2.577285
v 0.703647 0.840124 2.577285
v 0.700238 0.814241 2.577285
v 0.703647 0.788360 2.577285
v 0.713637 0.764242 2.577285
v 0.729529 0.743531 2.577285
v 0.750239 0.727640 2.577285
v 0.774357 0.717649 2.577285
v 0.800239 0.714242 2.577285
v 0.826121 0.717649 2.577285
v 0.850239 0.727640 2.577285
v 0.870950 0.743531 2.577285
v 0.886842 0.764242 2.577285
v 0.896832 0.788360 2.577285
v -0.699761 -0.385758 2.377286
v -0.703168 -0.411640 2.377286
v -0.713158 -0.435759 2.377286
v -0.729050 -0.456470 2.377286
v -0.749761 -0.472360 2.377286
v -0.773880 -0.482351 2.377286
v -0.799762 -0.485758 2.377286
v -0.825644 -0.482351 2.377286
v -0.849761 -0.472360 2.377286
v -0.870471 -0.456470 2.377286
v -0.886363 -0.435759 2.377286
v -0.896353 -0.411640 2.377286
v -0.899761 -0.385758 2.377286
v -0.896353 -0.359876 2.377286
v -0.886363 -0.335758 2.377286
v -0.870471 -0.315047 2.377286
v -0.849761 -0.299155 2.377286
v -0.825644 -0.289165 2.377286
v -0.799762 -0.285758 2.377286
v -0.773880 -0.289165 2.377286
v -0.749761 -0.299155 2.377286
v -0.729050 -0.315047 2.377286
v -0.713158 -0.335758 2.377286
v -0.703168 -0.359876 2.377286
v -0.699761 -0.385758 2.577285
v -0.703168 -0.359876 2.577285
v -0.713158 -0.335758 2.577285
v -0.729050 -0.315047 2.577285
v -0.749761 -0.299155 2.577285
v -0.773880 -0.289165 2.577285
v -0.799762 -0.285758 2.577285
v -0.825644 -0.289165 2.577285
v -0.849761 -0.299155 2.577285
v -0.870471 -0.315047 2.577285
v -0.886363 -0.335758 2.577285
v -0.896353 -0.359876 2.577285
v -0.899761 -0.385758 2.577285
v -0.896353 -0.411640 2.577285
v -0.886363 -0.435759 2.577285
v -0.870471 -0.456470 2.577285
v -0.849761 -0.472360 2.577285
v -0.825644 -0.482351 2.577285
v -0.799762 -0.485758 2.577285
v -0.773880 -0.482351 2.577285
v -0.749761 -0.472360 2.577285
v -0.729050 -0.456470 2.577285
v -0.713158 -0.435759 2.577285
v -0.703168 -0.411640 2.577285
v 0.900239 -0.385758 2.377286
v 0.896832 -0.411640 2.377286
v 0.886842 -0.435759 2.377286
v 0.870950 -0.456470 2.377286
v 0.850239 -0.472360 2.377286
v 0.826121 -0.482351 2.377286
v 0.800239 -0.485758 2.377286
v 0.774357 -0.482351 2.377286
v 0.750239 -0.472360 2.377286
v 0.729529 -0.456470 2.377286
v 0.713637 -0.435759 2.377286
v 0.703647 -0.411640 2.377286
v 0.700238 -0.385758 2.377286
v 0.703647 -0.359876 2.377286
v 0.713637 -0.335758 2.377286
v 0.729529 -0.315047 2.377286
v 0.750239 -0.299155 2.377286
v 0.774357 -0.289165 2.377286
v 0.800239 -0.285758 2.377286
v 0.826121 -0.289165 2.377286
v 0.850239 -0.299155 2.377286
v 0.870950 -0.315047 2.377286
v 0.886842 -0.335758 2.377286
v 0.896832 -0.359876 2.377286
v 0.900239 -0.385758 2.577285
v 0.896832 -0.359876 2.577285
v 0.886842 -0.335758 2.577285
v 0.870950 -0.315047 2.577285
v 0.850239 -0.299155 2.577285
v 0.826121 -0.289165 2.577285
v 0.800239 -0.285758 2.577285
v 0.774357 -0.289165 2.577285
v 0.750239 -0.299155 2.577285
v 0.729529 -0.315047 2.577285
v 0.713637 -0.335758 2.577285
v 0.703647 -0.359876 2.577285
v 0.700238 -0.385758 2.577285
v 0.703647 -0.411640 2.577285
v 0.713637 -0.435759 2.577285
v 0.729529 -0.456470 2.577285
v 0.750239 -0.472360 2.577285
v 0.774357 -0.482351 2.577285
v 0.800239 -0.485758 2.577285
v 0.826121 -0.482351 2.577285
v 0.850239 -0.472360 2.577285
v 0.870950 -0.456470 2.577285
v 0.886842 -0.435759 2.577285
v 0.896832 -0.411640 2.577285
v 1.450239 1.914242 2.577285
v 1.450239 -1.485758 2.577285
v 1.450239 -1.485758 -2.072715
vn -0.5186 -0.0000 -0.8550
vn -0.6967 -0.0000 -0.7173
vn -0.6969 -0.0000 -0.7172
vn -0.8396 -0.0000 -0.5431
vn -0.8397 -0.0000 -0.5430
vn -0.9399 -0.0000 -0.3414
vn -0.9400 -0.0000 -0.3412
vn -0.9925 -0.0000 -0.1223
vn -0.9925 -0.0000 -0.1221
vn -0.9947 -0.0000 0.1030
vn -0.9947 -0.0000 0.1032
vn -0.9464 -0.0000 0.3230
vn -0.9463 -0.0000 0.3232
vn -0.8501 -0.0000 0.5267
vn -0.8500 -0.0000 0.5269
vn -0.7106 -0.0000 0.7036
vn -0.7104 -0.0000 0.7038
vn -0.5350 -0.0000 0.8448
vn -0.5349 -0.0000 0.8449
vn -0.3323 -0.0000 0.9432
vn -0.3321 -0.0000 0.9432
vn -0.1127 -0.0000 0.9936
vn -0.1126 -0.0000 0.9936
vn 0.1126 -0.0000 0.9936
vn 0.1127 -0.0000 0.9936
vn 0.3321 -0.0000 0.9432
vn 0.3323 -0.0000 0.9432
vn 0.5349 -0.0000 0.8449
vn 0.5350 -0.0000 0.8448
vn 0.7104 -0.0000 0.7038
vn 0.7106 -0.0000 0.7036
vn 0.8500 -0.0000 0.5268
vn 0.8500 -0.0000 0.5269
vn 0.8501 -0.0000 0.5267
vn 0.9463 -0.0000 0.3232
vn 0.9464 -0.0000 0.3230
vn 0.9947 -0.0000 0.1032
vn 0.9947 -0.0000 0.1030
vn 0.9925 -0.0000 -0.1221
vn 0.9925 -0.0000 -0.1223
vn 0.9400 -0.0000 -0.3412
vn 0.9399 -0.0000 -0.3414
vn 0.8397 -0.0000 -0.5430
vn 0.8396 -0.0000 -0.5431
vn 0.6969 -0.0000 -0.7172
vn 0.6967 -0.0000 -0.7173
vn 0.5186 -0.0000 -0.8550
vn -0.0000 1.0000 -0.0000
vn -0.0000 1.0000 0.0003
vn -0.0000 1.0000 -0.0003
vn 1.0000 -0.0000 -0.0000
vn -0.0000 -0.0000 -1.0000
vn -1.0000 -0.0000 -0.0000
vn -0.0000 -0.0000 1.0000
vn -0.0000 -1.0000 -0.0000
vn -0.0000 1.0000 -0.0006
vn -0.0000 1.0000 0.0016
vn -0.0000 1.0000 -0.0001
vn -0.0000 1.0000 -0.0007
vn -0.9951 -0.0000 0.0993
vn -0.9915 -0.0000 0.1302
vn -0.9863 -0.0000 0.1652
vn -0.9848 -0.0000 0.1736
vn -0.9716 -0.0000 0.2367
vn -0.9702 -0.0000 0.2422
vn -0.9572 -0.0000 0.2894
vn -0.9306 -0.0000 0.3661
vn -0.9346 -0.0000 0.3558
vn -0.9346 -0.0000 0.3557
vn -0.8832 -0.0000 0.4689
vn -0.8832 -0.0000 0.4690
vn -0.8298 -0.0000 0.5580
vn -0.8298 -0.0000 0.5581
vn -0.7872 -0.0000 0.6167
vn -0.6742 -0.0000 0.7386
vn -0.7871 -0.0000 0.6168
vn -0.6741 -0.0000 0.7386
vn -0.7047 -0.0000 0.7095
vn -0.6741 -0.0000 0.7387
vn -0.5869 -0.0000 0.8097
vn -0.6740 -0.0000 0.7387
vn -0.5188 -0.0000 0.8549
vn -0.5187 -0.0000 0.8549
vn -0.4264 -0.0000 0.9045
vn -0.4263 -0.0000 0.9046
vn -0.2852 -0.0000 0.9585
vn -0.4261 -0.0000 0.9047
vn -0.2850 -0.0000 0.9585
vn -0.2265 -0.0000 0.9740
vn -0.2267 -0.0000 0.9740
vn -0.2853 -0.0009 0.9585
vn -0.1440 -0.0000 0.9896
vn -0.1438 -0.0000 0.9896
vn -0.0086 -0.0000 1.0000
vn -0.0084 -0.0000 1.0000
vn -0.1436 -0.0002 0.9896
vn 0.0005 -0.0000 1.0000
vn 0.1974 0.0003 0.9803
vn 0.1975 -0.0000 0.9803
vn 0.2557 -0.0000 0.9668
vn 0.2556 -0.0000 0.9668
vn 0.3697 -0.0000 0.9291
vn 0.3698 -0.0000 0.9291
vn 0.2558 -0.0000 0.9667
vn 0.4406 -0.0000 0.8977
vn 0.3699 -0.0000 0.9291
vn 0.4408 -0.0000 0.8976
vn 0.5032 -0.0000 0.8642
vn 0.5031 -0.0000 0.8642
vn 0.5622 -0.0000 0.8270
vn 0.6758 -0.0000 0.7371
vn 0.6759 -0.0000 0.7370
vn 0.5623 -0.0000 0.8269
vn 0.7010 -0.0000 0.7131
vn 0.7011 -0.0000 0.7131
vn 0.7719 -0.0000 0.6357
vn 0.9407 -0.0000 0.3393
vn 0.8304 -0.0000 0.5571
vn 0.9407 -0.0001 0.3393
vn 0.8303 -0.0000 0.5573
vn 0.6705 -0.0000 0.7419
vn 0.6704 -0.0000 0.7420
vn 0.4706 -0.0000 0.8824
vn 0.4704 -0.0000 0.8824
vn 0.2426 -0.0000 0.9701
vn 0.4705 -0.0000 0.8824
vn 0.2424 -0.0000 0.9702
vn 0.0001 -0.0000 1.0000
vn -0.0001 -0.0000 1.0000
vn -0.2424 -0.0000 0.9702
vn -0.2426 -0.0000 0.9701
vn -0.4705 -0.0000 0.8824
vn -0.4704 -0.0000 0.8824
vn -0.4706 -0.0000 0.8824
vn -0.6704 -0.0000 0.7420
vn -0.4706 0.0001 0.8824
vn -0.6705 -0.0000 0.7419
vn -0.8303 -0.0000 0.5573
vn -0.8304 -0.0000 0.5572
vn -0.9407 -0.0000 0.3393
vn -0.8304 -0.0000 0.5571
vn -0.7719 -0.0000 0.6357
vn -0.7004 -0.0000 0.7137
vn -0.7719 -0.0000 0.6358
vn -0.6759 -0.0000 0.7370
vn -0.5697 -0.0000 0.8219
vn -0.6758 -0.0000 0.7370
vn -0.5696 -0.0000 0.8219
vn -0.5032 -0.0000 0.8642
vn -0.5031 -0.0000 0.8642
vn -0.5695 -0.0000 0.8220
vn -0.4636 -0.0000 0.8861
vn -0.4637 -0.0000 0.8860
vn -0.3699 -0.0000 0.9291
vn -0.3698 -0.0000 0.9291
vn -0.4635 -0.0000 0.8861
vn -0.3082 -0.0000 0.9513
vn -0.3697 -0.0000 0.9291
vn -0.3081 -0.0000 0.9514
vn -0.1974 -0.0000 0.9803
vn -0.1976 -0.0000 0.9803
vn -0.0910 -0.0000 0.9958
vn -0.0909 -0.0000 0.9959
vn 0.0084 -0.0000 1.0000
vn 0.0085 -0.0000 1.0000
vn 0.1690 -0.0000 0.9856
vn 0.0086 -0.0000 1.0000
vn 0.1692 -0.0000 0.9856
vn 0.2265 -0.0000 0.9740
vn 0.4118 -0.0000 0.9113
vn 0.2266 -0.0000 0.9740
vn 0.4119 -0.0000 0.9112
vn 0.4263 0.0006 0.9046
vn 0.4263 -0.0000 0.9046
vn 0.4119 -0.0006 0.9112
vn 0.5923 -0.0000 0.8057
vn 0.4264 -0.0000 0.9045
vn 0.5869 -0.0003 0.8097
vn 0.5870 -0.0000 0.8096
vn 0.5925 -0.0000 0.8056
vn 0.7048 0.0003 0.7094
vn 0.7047 -0.0000 0.7095
vn 0.5923 -0.0004 0.8057
vn 0.7112 -0.0000 0.7030
vn 0.7113 -0.0000 0.7029
vn 0.7871 0.0004 0.6168
vn 0.7872 -0.0000 0.6167
vn 0.7114 -0.0000 0.7028
vn 0.7867 -0.0000 0.6173
vn 0.7867 -0.0001 0.6174
vn 0.8763 -0.0000 0.4817
vn 0.8832 -0.0000 0.4690
vn 0.8832 -0.0000 0.4689
vn 0.8764 -0.0000 0.4816
vn 0.9261 -0.0000 0.3773
vn 0.9261 -0.0000 0.3774
vn 0.9306 -0.0000 0.3661
vn 0.9692 -0.0000 0.2463
vn 0.9692 -0.0000 0.2462
vn 0.9702 -0.0000 0.2422
vn 0.9846 -0.0000 0.1749
vn 0.9848 -0.0000 0.1736
vn 0.9846 0.0003 0.1749
vn 0.9915 -0.0000 0.1305
vn 0.9915 -0.0000 0.1302
vn 0.9951 -0.0000 0.0993
vn -0.0000 -0.9659 -0.2588
vn -0.0000 -1.0000 -0.0001
vn -0.0000 -1.0000 0.0001
vn -0.0000 -0.9659 0.2588
vn -0.0000 -0.9659 0.2589
vn -0.0000 -0.8661 0.4999
vn -0.0000 -0.8660 0.5001
vn -0.0000 -0.7072 0.7071
vn -0.0000 -0.7070 0.7072
vn -0.0000 -0.5001 0.8660
vn -0.0000 -0.7071 0.7072
vn -0.0000 -0.4999 0.8661
vn -0.0000 -0.2589 0.9659
vn -0.0000 -0.2588 0.9659
vn -0.0000 -0.0001 1.0000
vn -0.0000 0.0001 1.0000
vn -0.0000 0.2588 0.9659
vn -0.0000 0.2589 0.9659
vn -0.0000 0.4999 0.8661
vn -0.0000 0.5001 0.8660
vn -0.0000 0.7070 0.7072
vn -0.0000 0.7071 0.7072
vn -0.0000 0.7071 0.7071
vn -0.0000 0.8660 0.5001
vn -0.0000 0.8660 0.5000
vn -0.0000 0.7072 0.7070
vn -0.0000 0.9659 0.2589
vn -0.0000 0.9659 0.2588
vn -0.0000 0.8661 0.4999
vn -0.0000 1.0000 0.0001
vn -0.0000 0.9659 -0.2588
vn -0.0000 0.8661 -0.4999
vn -0.0000 0.8660 -0.5000
vn -0.0000 0.9659 -0.2589
vn -0.0000 0.8660 -0.5001
vn -0.0000 0.7072 -0.7070
vn -0.0000 0.7071 -0.7071
vn -0.0000 0.7071 -0.7072
vn -0.0000 0.5001 -0.8660
vn -0.0000 0.7070 -0.7072
vn -0.0000 0.4999 -0.8661
vn -0.0000 0.2589 -0.9659
vn -0.0000 0.2587 -0.9659
vn -0.0000 0.0001 -1.0000
vn -0.0000 -0.0001 -1.0000
vn -0.0000 -0.2587 -0.9659
vn -0.0000 -0.2589 -0.9659
vn -0.0000 -0.4999 -0.8661
vn -0.0000 -0.5001 -0.8660
vn -0.0000 -0.7071 -0.7072
vn -0.0000 -0.7070 -0.7072
vn -0.0000 -0.7072 -0.7070
vn -0.0000 -0.8660 -0.5001
vn -0.0000 -0.8661 -0.5000
vn -0.0000 -0.9659 -0.2589
vn -0.0000 -0.8661 -0.4999
vn -0.0000 -0.9660 -0.2587
vn -0.0000 -0.9660 0.2587
vn -0.0000 -0.8660 0.5000
vn -0.0000 0.7072 -0.7071
vn -0.0000 -0.8660 -0.5000
vn -0.0000 -0.7072 0.7070
vn -0.0000 -0.2587 0.9659
vn -0.0000 0.2587 0.9659
vn -0.9659 -0.0000 0.2587
vn -1.0000 -0.0000 0.0001
vn -1.0000 -0.0000 -0.0001
vn -0.9660 -0.0000 -0.2587
vn -0.9659 -0.0000 -0.2589
vn -0.8661 -0.0000 -0.4999
vn -0.8660 -0.0000 -0.5001
vn -0.7071 -0.0000 -0.7071
vn -0.7072 -0.0000 -0.7070
vn -0.8660 -0.0000 -0.5000
vn -0.7070 -0.0000 -0.7072
vn -0.5000 -0.0000 -0.8660
vn -0.5001 -0.0000 -0.8660
vn -0.4999 -0.0000 -0.8661
vn -0.2589 -0.0000 -0.9659
vn -0.2590 -0.0000 -0.9659
vn -0.2587 -0.0000 -0.9660
vn 0.2587 -0.0000 -0.9660
vn 0.2590 -0.0000 -0.9659
vn 0.5000 -0.0000 -0.8660
vn 0.4999 -0.0000 -0.8661
vn 0.2589 -0.0000 -0.9659
vn 0.5001 -0.0000 -0.8660
vn 0.7071 -0.0000 -0.7071
vn 0.7070 -0.0000 -0.7072
vn 0.7072 -0.0000 -0.7070
vn 0.8660 -0.0000 -0.5000
vn 0.8660 -0.0000 -0.5001
vn 0.8661 -0.0000 -0.4999
vn 0.9659 -0.0000 -0.2589
vn 0.9660 -0.0000 -0.2587
vn 1.0000 -0.0000 -0.0001
vn 1.0000 -0.0000 0.0001
vn 0.9660 -0.0000 0.2587
vn 0.9659 -0.0000 0.2587
vn 0.9659 -0.0000 0.2589
vn 0.8661 -0.0000 0.4999
vn 0.8660 -0.0000 0.5000
vn 0.7072 -0.0000 0.7070
vn 0.7071 -0.0000 0.7071
vn 0.8660 -0.0000 0.5001
vn 0.5001 -0.0000 0.8660
vn 0.4999 -0.0000 0.8661
vn 0.2589 -0.0000 0.9659
vn 0.2588 -0.0000 0.9659
vn -0.2588 -0.0000 0.9659
vn -0.2589 -0.0000 0.9659
vn -0.4999 -0.0000 0.8661
vn -0.5001 -0.0000 0.8660
vn -0.7071 -0.0000 0.7071
vn -0.8660 -0.0000 0.5001
vn -0.8660 -0.0000 0.5000
vn -0.7072 -0.0000 0.7070
vn -0.8661 -0.0000 0.4999
vn -0.9659 -0.0000 0.2589
vn -0.7072 -0.0000 0.7071
vn -0.7070 -0.0000 0.7072
vn -0.5000 -0.0000 0.8660
vn -0.2590 -0.0000 0.9659
vn -0.2587 -0.0000 0.9660
vn 0.2587 -0.0000 0.9660
vn 0.2590 -0.0000 0.9659
vn 0.5000 -0.0000 0.8660
vn 0.7070 -0.0000 0.7072
vn 0.7072 -0.0000 0.7071
vn 0.2588 -0.0000 -0.9659
vn 0.0001 -0.0000 -1.0000
vn -0.2588 -0.0000 -0.9659
vn -0.0001 -0.0000 -1.0000
vn 0.9659 -0.0000 -0.2588
vn 0.9659 -0.0000 0.2588
vn 0.5000 -0.0000 0.8661
vn -0.9659 -0.0000 -0.2587
vn -0.0002 -0.0000 -1.0000
vn -0.2587 -0.0000 -0.9659
vn 0.2587 -0.0000 -0.9659
vn 0.0002 -0.0000 -1.0000
vn 0.7071 -0.0000 -0.7072
vn 0.7072 -0.0000 -0.7071
vn 0.0002 -0.0000 1.0000
vn 0.2587 -0.0000 0.9659
vn -0.2587 -0.0000 0.9659
vn -0.0002 -0.0000 1.0000
vn -0.5000 -0.0000 -0.8661
vn 0.2586 -0.0000 -0.9660
vn -0.2586 -0.0000 -0.9660
vn -0.7071 -0.0000 -0.7072
vn -0.7072 -0.0000 -0.7071
vn -0.9660 -0.0000 0.2587
vn -0.4998 -0.0000 0.8661
vn -0.2586 -0.0000 0.9660
vn 0.2586 -0.0000 0.9660
vn 0.4998 -0.0000 0.8661
vn -0.5000 -0.0000 0.8661
vn -0.8660 -0.0001 -0.5001
vn 0.9659 -0.0000 -0.2587
vn 0.7072 0.0001 0.7071
vn 0.7071 -0.0000 0.7072
vn 0.4999 -0.0001 0.8661
vn -0.7071 -0.0000 0.7072
vn -0.9659 0.0001 0.2589
vn -0.9749 -0.0000 0.2225
vn -0.9749 -0.0000 -0.2225
vn -0.9749 -0.0000 -0.2226
vn -0.9010 -0.0000 -0.4338
vn -0.9009 -0.0000 -0.4340
vn -0.7819 -0.0000 -0.6234
vn -0.9009 -0.0000 -0.4339
vn -0.7818 -0.0000 -0.6235
vn -0.6235 -0.0000 -0.7818
vn -0.6234 -0.0000 -0.7819
vn -0.4339 -0.0000 -0.9009
vn -0.4338 -0.0000 -0.9010
vn -0.2226 -0.0000 -0.9749
vn -0.2225 -0.0000 -0.9749
vn 0.2225 -0.0000 -0.9749
vn 0.2226 -0.0000 -0.9749
vn 0.4338 -0.0000 -0.9010
vn 0.4339 -0.0000 -0.9009
vn 0.6234 -0.0000 -0.7819
vn 0.6235 -0.0000 -0.7818
vn 0.7818 -0.0000 -0.6235
vn 0.7819 -0.0000 -0.6234
vn 0.9009 -0.0000 -0.4339
vn 0.9010 -0.0000 -0.4338
vn 0.9749 -0.0000 -0.2226
vn 0.9749 -0.0000 -0.2225
vn 0.9749 -0.0000 0.2225
vn 0.9749 -0.0000 0.2226
vn 0.9010 -0.0000 0.4338
vn 0.9009 -0.0000 0.4339
vn 0.7819 -0.0000 0.6234
vn 0.7818 -0.0000 0.6235
vn 0.6235 -0.0000 0.7818
vn 0.6234 -0.0000 0.7819
vn 0.4340 -0.0000 0.9009
vn 0.4339 -0.0000 0.9009
vn 0.4338 -0.0000 0.9010
vn 0.2226 -0.0000 0.9749
vn 0.2224 -0.0000 0.9749
vn -0.2224 -0.0000 0.9749
vn -0.2226 -0.0000 0.9749
vn -0.4338 -0.0000 0.9010
vn -0.4339 -0.0000 0.9009
vn -0.6234 -0.0000 0.7819
vn -0.6235 -0.0000 0.7818
vn -0.7818 -0.0000 0.6235
vn -0.7819 -0.0000 0.6234
vn -0.9009 -0.0000 0.4340
vn -0.9009 -0.0000 0.4339
vn -0.9010 -0.0000 0.4338
vn -0.9749 -0.0000 0.2226
vn -0.0000 -1.0000 -0.0003
vn -0.0000 1.0000 -0.0004
vn -0.0000 1.0000 0.0005
vn -0.0000 -1.0000 0.0003
vn -0.0000 -1.0000 -0.0005
vn -0.0000 -1.0000 0.0005
vn 0.9659 0.2588 -0.0000
vn 1.0000 0.0001 -0.0000
vn 0.9660 0.2587 -0.0000
vn 0.9660 -0.2587 -0.0000
vn 0.9659 -0.2588 -0.0000
vn 1.0000 -0.0001 -0.0000
vn 0.9659 -0.2589 -0.0000
vn 0.8661 -0.4999 -0.0000
vn 0.8660 -0.5001 -0.0000
vn 0.7072 -0.7071 -0.0000
vn 0.7070 -0.7072 -0.0000
vn 0.5001 -0.8660 -0.0000
vn 0.4999 -0.8661 -0.0000
vn 0.2589 -0.9659 -0.0000
vn 0.2587 -0.9659 -0.0000
vn 0.0001 -1.0000 -0.0000
vn -0.0001 -1.0000 -0.0000
vn -0.2587 -0.9659 -0.0000
vn -0.2589 -0.9659 -0.0000
vn -0.4999 -0.8661 -0.0000
vn -0.5001 -0.8660 -0.0000
vn -0.7071 -0.7072 -0.0000
vn -0.7072 -0.7071 -0.0000
vn -0.8660 -0.5001 -0.0000
vn -0.8661 -0.4999 -0.0000
vn -0.9659 -0.2589 -0.0000
vn -0.9660 -0.2587 -0.0000
vn -1.0000 -0.0001 -0.0000
vn -1.0000 0.0001 -0.0000
vn -0.9659 0.2587 -0.0000
vn -0.9659 0.2589 -0.0000
vn -0.8661 0.4999 -0.0000
vn -0.8660 0.5001 -0.0000
vn -0.7072 0.7071 -0.0000
vn -0.7070 0.7072 -0.0000
vn -0.5001 0.8660 -0.0000
vn -0.4999 0.8661 -0.0000
vn -0.2589 0.9659 -0.0000
vn -0.2588 0.9659 -0.0000
vn -0.0001 1.0000 -0.0000
vn 0.0001 1.0000 -0.0000
vn 0.2588 0.9659 -0.0000
vn 0.2589 0.9659 -0.0000
vn 0.4999 0.8661 -0.0000
vn 0.5001 0.8660 -0.0000
vn 0.7071 0.7072 -0.0000
vn 0.7072 0.7071 -0.0000
vn 0.8660 0.5001 -0.0000
vn 0.8661 0.4999 -0.0000
vn 0.9659 0.2589 -0.0000
vn -0.9660 0.2587 -0.0000
vn -0.5000 -0.8661 -0.0000
vn -0.2588 -0.9659 -0.0000
vn 0.2588 -0.9659 -0.0000
vn 0.7071 -0.7071 -0.0000
vn 0.7070 0.7072 -0.0000
vn -0.7071 0.7071 -0.0000
vn -0.7072 -0.7070 -0.0000
vn 0.5000 -0.8661 -0.0000
vn 0.9659 0.2587 -0.0000
vn -0.7072 0.7070 -0.0000
vn -0.0000 -1.0000 0.0007
vn 0.0003 -0.0000 1.0000
vt 0.200000 -2.168856
vt 0.000000 -2.168856
vt 0.200000 -2.400277
vt 0.000000 -2.400277
vt 0.200000 -2.631698
vt 0.000000 -2.631698
vt 0.200000 -2.863119
vt 0.000000 -2.863119
vt 0.200000 -3.094540
vt 0.000000 -3.094540
vt 0.200000 -3.325961
vt 0.000000 -3.325961
vt 0.200000 -3.557383
vt 0.000000 -3.557383
vt 0.200000 -3.788804
vt 0.000000 -3.788804
vt 0.200000 -4.020225
vt 0.000000 -4.020225
vt 0.200000 -4.251646
vt 0.000000 -4.251646
vt 0.200000 -4.483067
vt 0.000000 -4.483067
vt 0.200000 -4.714488
vt 0.000000 -4.714488
vt 0.200000 -4.945909
vt -0.000000 -4.945909
vt 0.200000 -5.177330
vt -0.000000 -5.177330
vt 0.200000 -5.408752
vt -0.000000 -5.408752
vt 0.200000 -5.640173
vt -0.000000 -5.640173
vt 0.200000 -5.871594
vt -0.000000 -5.871594
vt 0.200000 -6.103015
vt -0.000000 -6.103015
vt 0.200000 -6.334436
vt -0.000000 -6.334436
vt 0.200000 -6.565857
vt 0.000000 -6.565857
vt 0.200000 -6.797278
vt 0.000000 -6.797278
vt 0.200000 -7.028699
vt 0.000000 -7.028699
vt 0.200000 -7.260121
vt 0.000000 -7.260121
vt 0.200000 -7.491542
vt 0.000000 -7.491542
vt 0.703407 0.100172
vt 0.390996 0.181325
vt 0.700000 0.074290
vt 0.368483 0.133376
vt 0.703407 0.048408
vt 0.346254 0.099141
vt 0.334349 0.085552
vt 0.713397 0.124290
vt 0.433825 0.316443
vt 0.729289 0.145001
vt 0.750000 0.160892
vt 0.471275 0.493715
vt 0.774118 0.170883
vt 0.963451 0.424128
vt 0.800000 0.174290
vt 0.825882 0.170883
vt 0.850000 0.160892
vt 1.017315 0.199568
vt 0.870711 0.145001
vt 0.886603 0.124290
vt 0.896593 0.100172
vt 0.900000 0.074290
vt 1.019542 -0.031351
vt 0.896593 0.048408
vt 0.886603 0.024290
vt 0.870711 0.003579
vt 0.850000 -0.012313
vt 0.970017 -0.256908
vt 0.825882 -0.022303
vt 0.800000 -0.025710
vt 0.774118 -0.022303
vt 0.871255 -0.465654
vt 0.750000 -0.012313
vt 0.729289 0.003579
vt 0.713397 0.024290
vt 0.320705 0.073660
vt 0.305358 0.064585
vt 0.728270 -0.646992
vt 0.288497 0.059371
vt 0.062500 -0.033963
vt 0.088388 -0.014098
vt 0.270838 0.058705
vt 0.108253 0.011790
vt 0.253403 0.062361
vt 0.236872 0.069389
vt -0.120741 0.106642
vt -0.191763 0.103774
vt -0.125000 0.074290
vt -0.222680 0.077941
vt -0.120741 0.041938
vt -0.239665 0.067973
vt -0.108253 0.011790
vt -0.258033 0.060998
vt -0.088388 -0.014098
vt -0.277168 0.058413
vt -0.286814 0.059105
vt -0.164624 0.133653
vt -0.108253 0.136790
vt -0.145315 0.171802
vt -0.088388 0.162678
vt -0.117330 0.204130
vt -0.062500 0.182543
vt -0.082342 0.228708
vt -0.032352 0.195031
vt -0.042438 0.244066
vt 0.000000 0.199290
vt 0.000000 0.249290
vt 0.042438 0.244066
vt 0.032352 0.195031
vt 0.082342 0.228708
vt 0.062500 0.182543
vt 0.117330 0.204130
vt 0.088388 0.162678
vt 0.145315 0.171802
vt 0.108253 0.136790
vt 0.164624 0.133653
vt 0.120741 0.106642
vt 0.191949 0.103583
vt 0.125000 0.074290
vt 0.221440 0.078791
vt 0.120741 0.041938
vt 0.548318 -0.791720
vt 0.032352 -0.046451
vt 0.340534 -0.892489
vt 0.115465 -0.944186
vt 0.000000 -0.050710
vt -0.115465 -0.944186
vt -0.032352 -0.046451
vt -0.340534 -0.892489
vt -0.548318 -0.791720
vt -0.062500 -0.033963
vt -0.728270 -0.646992
vt -0.296295 0.061196
vt -0.896593 0.100172
vt -1.017315 0.199568
vt -0.900000 0.074290
vt -1.019542 -0.031351
vt -0.896593 0.048408
vt -0.886603 0.024290
vt -0.870711 0.003579
vt -0.850000 -0.012313
vt -0.970017 -0.256908
vt -0.825882 -0.022303
vt -0.800000 -0.025710
vt -0.774118 -0.022303
vt -0.871255 -0.465654
vt -0.750000 -0.012313
vt -0.729289 0.003579
vt -0.313934 0.069119
vt -0.886603 0.124290
vt -0.870711 0.145001
vt -0.850000 0.160892
vt -0.963451 0.424128
vt -0.825882 0.170883
vt -0.800000 0.174290
vt -0.774118 0.170883
vt -0.437926 0.333275
vt -0.477471 0.530692
vt -0.750000 0.160892
vt -0.729289 0.145001
vt -0.417028 0.255922
vt -0.713397 0.124290
vt -0.396647 0.195614
vt -0.703407 0.100172
vt -0.700000 0.074290
vt -0.355298 0.111613
vt -0.703407 0.048408
vt -0.329584 0.080967
vt -0.713397 0.024290
vt -0.531519 0.950710
vt -0.714228 0.809479
vt -0.860683 0.630931
vt 0.860683 0.630931
vt 0.503713 0.707130
vt 0.714228 0.809479
vt 0.531519 0.950710
vt 1.981519 2.001420
vt 2.164228 1.860189
vt 2.900000 2.001420
vt 2.310683 1.681641
vt 2.413451 1.474838
vt 2.467315 1.250278
vt 2.469542 1.019359
vt 2.636603 0.400000
vt 2.620711 0.420711
vt 2.420017 0.793802
vt 2.600000 0.436603
vt 2.575882 0.446593
vt 2.550000 0.450000
vt 2.321255 0.585056
vt 2.524118 0.446593
vt 2.500000 0.436603
vt 2.479289 0.420711
vt 2.178270 0.403718
vt 2.463397 0.400000
vt 2.453407 0.375882
vt 2.450000 0.350000
vt 2.453407 0.324118
vt 2.463397 0.300000
vt 1.998318 0.258990
vt 2.479289 0.279289
vt 2.500000 0.263397
vt 2.524118 0.253407
vt 2.900000 0.000000
vt 2.550000 0.250000
vt 2.575882 0.253407
vt 2.600000 0.263397
vt 2.620711 0.279289
vt 2.636603 0.300000
vt 2.646593 0.324118
vt 2.650000 0.350000
vt 2.646593 0.375882
vt 1.790534 0.158221
vt 1.565465 0.106524
vt 1.334535 0.106524
vt -0.000000 0.000000
vt 1.109466 0.158221
vt 0.901682 0.258990
vt 0.721730 0.403718
vt 0.436603 0.300000
vt 0.420711 0.279289
vt 0.400000 0.263397
vt 0.578745 0.585056
vt 0.420711 0.420711
vt 0.436603 0.400000
vt 0.446593 0.375882
vt 0.479983 0.793802
vt 0.350000 0.450000
vt 0.375882 0.446593
vt 0.400000 0.436603
vt 0.430458 1.019359
vt 0.279289 0.420711
vt 0.300000 0.436603
vt 0.324118 0.446593
vt 0.432685 1.250278
vt -0.000000 2.001420
vt 0.263397 0.400000
vt 0.486549 1.474838
vt 0.589317 1.681641
vt 0.735772 1.860189
vt 0.918481 2.001420
vt 0.253407 0.375882
vt 0.250000 0.350000
vt 0.253407 0.324118
vt 0.263397 0.300000
vt 0.279289 0.279289
vt 0.300000 0.263397
vt 0.324118 0.253407
vt 0.350000 0.250000
vt 0.375882 0.253407
vt 0.450000 0.350000
vt 0.446593 0.324118
vt -0.000000 0.600000
vt -0.998580 -0.000000
vt -1.000000 0.600000
vt -1.000000 0.000000
vt -0.400000 0.000000
vt -0.400000 0.600000
vt -0.001420 0.000000
vt 0.200000 -0.498580
vt -0.200000 -0.498580
vt 0.200000 -0.500000
vt -0.200000 -0.500000
vt -0.500000 -0.200000
vt 0.500000 -0.200000
vt -0.500000 0.200000
vt 0.500000 0.200000
vt -1.250000 0.876420
vt -1.250000 1.875000
vt -1.450000 0.876420
vt -1.450000 1.876420
vt -0.850000 1.875000
vt 0.850000 1.875000
vt 0.531519 0.876420
vt 0.850000 0.876420
vt -0.850000 0.876420
vt -0.531519 0.876420
vt 0.503795 0.634242
vt -0.503795 0.634242
vt 0.471922 0.424099
vt -0.471922 0.424099
vt 0.000000 0.175000
vt -0.042438 0.169776
vt -0.435493 0.249137
vt -0.082342 0.154418
vt -0.117330 0.129841
vt -0.393876 0.114230
vt -0.145315 0.097512
vt -0.370894 0.063559
vt -0.164624 0.059363
vt -0.198920 0.022681
vt -0.346347 0.024969
vt -0.333465 0.010375
vt -0.231664 -0.002022
vt -0.320169 -0.001023
vt -0.247440 -0.009776
vt -0.306455 -0.009198
vt -0.262813 -0.014407
vt -0.292323 -0.014146
vt -0.277775 -0.015874
vt 0.042438 0.169776
vt 0.435493 0.249137
vt 0.082342 0.154418
vt 0.117330 0.129841
vt 0.393876 0.114230
vt 0.145315 0.097512
vt 0.370894 0.063559
vt 0.164624 0.059363
vt 0.198920 0.022681
vt 0.231664 -0.002022
vt 0.333465 0.010375
vt 0.346347 0.024969
vt 0.320169 -0.001023
vt 0.247440 -0.009776
vt 0.306455 -0.009198
vt 0.262813 -0.014407
vt 0.292323 -0.014146
vt 0.277775 -0.015874
vt 1.450000 1.876420
vt 1.250000 1.875000
vt 1.450000 0.876420
vt 1.250000 0.876420
vt 0.000000 0.200000
vt -0.121448 0.000000
vt -0.222891 0.200000
vt -0.242896 0.000000
vt -0.356730 0.200000
vt -0.364343 0.000000
vt -0.420322 0.200000
vt -0.485791 0.000000
vt -0.478252 0.200000
vt -0.546515 0.000000
vt -0.585557 0.200000
vt -0.607239 0.000000
vt -0.646561 0.200000
vt -0.637601 0.000000
vt -0.667963 0.000000
vt -0.681881 0.200000
vt -0.698325 0.000000
vt -0.720245 0.200000
vt -0.728687 0.000000
vt -0.740286 0.200000
vt -0.759049 0.000000
vt -0.760297 0.200000
vt -0.789411 0.000000
vt -0.798937 0.200000
vt -0.819773 0.000000
vt -0.834833 0.200000
vt -0.850135 0.000000
vt -0.867090 0.200000
vt -0.910859 0.000000
vt -0.923760 0.200000
vt -0.971582 0.000000
vt -0.971582 0.200000
vt -0.000000 0.489214
vt -0.200000 0.489214
vt -0.000000 0.446349
vt -0.200000 0.446349
vt -0.000000 0.403484
vt -0.200000 0.403484
vt -0.000000 0.360619
vt -0.200000 0.360619
vt -0.000000 0.317754
vt -0.200000 0.317754
vt -0.000000 0.274889
vt -0.200000 0.274889
vt -0.000000 0.232024
vt -0.200000 0.232024
vt -0.000000 0.189159
vt -0.200000 0.189159
vt -0.000000 0.146294
vt -0.200000 0.146294
vt -0.000000 0.103430
vt -0.200000 0.103430
vt -0.000000 0.060565
vt -0.200000 0.060565
vt 0.971300 0.200000
vt 0.923150 0.200000
vt 0.971300 0.000000
vt 0.910594 0.000000
vt 0.869157 0.200000
vt 0.849888 0.000000
vt 0.839953 0.200000
vt 0.819534 0.000000
vt 0.807857 0.200000
vt 0.789181 0.000000
vt 0.773006 0.200000
vt 0.758828 0.000000
vt 0.736543 0.200000
vt 0.728475 0.000000
vt 0.700511 0.200000
vt 0.698122 0.000000
vt 0.666562 0.200000
vt 0.667769 0.000000
vt 0.637416 0.000000
vt 0.635363 0.200000
vt 0.607063 0.000000
vt 0.607284 0.200000
vt 0.552508 0.200000
vt 0.546356 0.000000
vt 0.493483 0.200000
vt 0.485650 0.000000
vt 0.369693 0.200000
vt 0.364238 0.000000
vt 0.245749 0.200000
vt 0.242825 0.000000
vt 0.122157 0.200000
vt 0.121413 0.000000
vt -0.918481 0.000000
vt -0.718481 0.000000
vt -0.918481 0.400000
vt -0.318481 0.000000
vt 0.000000 0.400000
vt -0.922160 0.400000
vt -0.922160 0.200000
vt -0.003679 0.400000
vt -0.603679 0.000000
vt -0.203679 0.000000
vt -0.922160 0.000000
vt -0.003679 0.000000
vt -0.080238 0.400000
vt -2.980238 0.400000
vt -0.080238 0.000000
vt -2.980238 0.000000
vt -0.000000 3.001420
vt 0.400000 3.001420
vt -0.000000 4.650000
vt 1.000000 3.969780
vt 1.003407 3.995662
vt 0.400000 2.001420
vt 1.074118 1.666373
vt 1.100000 1.669780
vt 1.125882 1.666373
vt 1.013397 1.519780
vt 1.003407 1.543898
vt 3.400000 0.000000
vt 1.150000 1.483178
vt 1.125882 1.473187
vt 1.100000 1.469780
vt 3.400000 4.650000
vt 2.396593 1.595662
vt 2.400000 1.569780
vt 2.396593 1.543898
vt 2.274118 4.066373
vt 2.300000 4.069780
vt 2.325882 4.066373
vt 2.203407 3.995662
vt 1.196593 3.995662
vt 2.200000 3.969780
vt 1.200000 3.969780
vt 2.203407 3.943898
vt 1.196593 3.943898
vt 2.213397 3.919780
vt 1.186603 3.919780
vt 2.229289 3.899069
vt 1.170711 3.899069
vt 2.229289 1.640491
vt 1.170711 1.640491
vt 2.213397 1.619780
vt 1.186603 1.619780
vt 2.203407 1.595662
vt 1.196593 1.595662
vt 2.200000 1.569780
vt 1.200000 1.569780
vt 2.203407 1.543898
vt 1.196593 1.543898
vt 2.213397 1.519780
vt 1.186603 1.519780
vt 2.229289 1.499069
vt 1.170711 1.499069
vt 2.250000 1.483178
vt 1.186603 4.019780
vt 2.213397 4.019780
vt 1.170711 4.040491
vt 2.229289 4.040491
vt 1.150000 4.056383
vt 2.250000 4.056383
vt 1.125882 4.066373
vt 2.350000 4.056383
vt 2.370711 4.040491
vt 2.386603 4.019780
vt 2.396593 3.995662
vt 2.400000 3.969780
vt 2.396593 3.943898
vt 2.386603 3.919780
vt 2.386603 1.619780
vt 2.370711 3.899069
vt 2.370711 1.640491
vt 2.350000 3.883178
vt 2.350000 1.656383
vt 2.325882 3.873187
vt 2.325882 1.666373
vt 2.300000 3.869780
vt 2.300000 1.669780
vt 2.274118 1.666373
vt 2.274118 3.873187
vt 2.250000 1.656383
vt 2.250000 3.883178
vt 1.013397 4.019780
vt 1.029289 4.040491
vt 1.050000 4.056383
vt 1.074118 4.066373
vt 1.100000 4.069780
vt 1.150000 1.656383
vt 1.150000 3.883178
vt 1.125882 3.873187
vt 1.100000 3.869780
vt 1.074118 3.873187
vt 1.050000 3.883178
vt 1.029289 3.899069
vt 1.013397 3.919780
vt 1.003407 3.943898
vt 2.386603 1.519780
vt 2.370711 1.499069
vt 2.350000 1.483178
vt 2.325882 1.473187
vt 2.300000 1.469780
vt 2.274118 1.473187
vt 1.000000 1.569780
vt 1.003407 1.595662
vt 1.013397 1.619780
vt 1.029289 1.640491
vt 1.050000 1.656383
vt 1.074118 1.473187
vt 1.050000 1.483178
vt 1.029289 1.499069
vt 0.500000 -0.287979
vt 0.000000 -0.287979
vt 0.500000 -0.314159
vt 0.000000 -0.314159
vt 0.500000 0.314159
vt 0.000000 0.314159
vt 0.500000 0.287979
vt 0.000000 0.287979
vt 0.500000 0.261799
vt 0.000000 0.261799
vt 0.500000 0.235619
vt 0.000000 0.235619
vt 0.500000 0.209440
vt 0.000000 0.209440
vt 0.500000 0.183260
vt 0.000000 0.183260
vt 0.500000 0.157080
vt 0.000000 0.157080
vt 0.500000 0.130900
vt 0.000000 0.130900
vt 0.500000 0.104720
vt 0.000000 0.104720
vt 0.500000 0.078540
vt 0.000000 0.078540
vt 0.500000 0.052360
vt 0.000000 0.052360
vt 0.500000 0.026180
vt 0.000000 0.026180
vt 0.500000 0.000000
vt 0.500000 -0.026180
vt 0.000000 -0.026180
vt 0.500000 -0.052360
vt 0.000000 -0.052360
vt 0.500000 -0.078540
vt 0.000000 -0.078540
vt 0.500000 -0.104720
vt 0.000000 -0.104720
vt 0.500000 -0.130900
vt 0.000000 -0.130900
vt 0.500000 -0.157080
vt 0.000000 -0.157080
vt 0.500000 -0.183260
vt 0.000000 -0.183260
vt 0.500000 -0.209440
vt 0.000000 -0.209440
vt 0.500000 -0.235619
vt 0.000000 -0.235619
vt 0.500000 -0.261799
vt 0.000000 -0.261799
vt -0.096593 -0.025882
vt 0.096593 -0.025882
vt -0.100000 0.000000
vt 0.100000 0.000000
vt -0.096593 0.025882
vt 0.096593 0.025882
vt -0.086603 0.050000
vt 0.086603 0.050000
vt -0.070711 0.070711
vt 0.070711 0.070711
vt -0.050000 0.086603
vt 0.050000 0.086603
vt -0.025882 0.096593
vt 0.025882 0.096593
vt 0.000000 0.100000
vt 0.086603 -0.050000
vt -0.086603 -0.050000
vt 0.070711 -0.070711
vt -0.070711 -0.070711
vt 0.050000 -0.086603
vt -0.050000 -0.086603
vt 0.025882 -0.096593
vt -0.025882 -0.096593
vt 0.000000 -0.100000
vt -0.000000 0.287979
vt -0.200000 0.287979
vt 0.150000 0.287979
vt -0.200000 0.314159
vt 0.150000 0.314159
vt -0.200000 -0.314159
vt 0.150000 -0.314159
vt -0.200000 -0.287979
vt 0.150000 -0.287979
vt -0.200000 -0.261799
vt 0.150000 -0.261799
vt -0.200000 -0.235619
vt 0.150000 -0.235619
vt -0.200000 -0.209440
vt 0.150000 -0.209440
vt -0.200000 -0.183260
vt 0.150000 -0.183260
vt -0.200000 -0.157080
vt 0.150000 -0.157080
vt -0.200000 -0.130900
vt 0.150000 -0.130900
vt -0.200000 -0.104720
vt 0.150000 -0.104720
vt -0.200000 -0.078540
vt 0.150000 -0.078540
vt -0.200000 -0.052360
vt 0.150000 -0.052360
vt -0.200000 -0.026180
vt 0.150000 -0.026180
vt -0.200000 0.000000
vt 0.150000 0.000000
vt -0.200000 0.026180
vt 0.150000 0.026180
vt -0.200000 0.052360
vt 0.150000 0.052360
vt -0.200000 0.078540
vt 0.150000 0.078540
vt -0.200000 0.104720
vt 0.150000 0.104720
vt -0.200000 0.130900
vt 0.150000 0.130900
vt -0.200000 0.157080
vt 0.150000 0.157080
vt -0.200000 0.183260
vt 0.150000 0.183260
vt -0.200000 0.209440
vt 0.150000 0.209440
vt -0.200000 0.235619
vt 0.150000 0.235619
vt -0.200000 0.261799
vt 0.150000 0.261799
vt -0.200000 0.359974
vt 0.400000 0.359974
vt -0.200000 0.392699
vt 0.400000 0.392699
vt -0.200000 -0.392699
vt 0.400000 -0.392699
vt -0.200000 -0.359974
vt 0.400000 -0.359974
vt -0.200000 -0.327249
vt 0.400000 -0.327249
vt -0.200000 -0.294524
vt 0.400000 -0.294524
vt 0.400000 -0.261799
vt -0.200000 -0.229074
vt 0.400000 -0.229074
vt -0.200000 -0.196350
vt 0.400000 -0.196350
vt -0.200000 -0.163625
vt 0.400000 -0.163625
vt 0.400000 -0.130900
vt -0.200000 -0.098175
vt 0.400000 -0.098175
vt -0.200000 -0.065450
vt 0.400000 -0.065450
vt -0.200000 -0.032725
vt 0.400000 -0.032725
vt 0.400000 0.000000
vt -0.200000 0.032725
vt 0.400000 0.032725
vt -0.200000 0.065450
vt 0.400000 0.065450
vt -0.200000 0.098175
vt 0.400000 0.098175
vt 0.400000 0.130900
vt -0.200000 0.163625
vt 0.400000 0.163625
vt -0.200000 0.196350
vt 0.400000 0.196350
vt -0.200000 0.229074
vt 0.400000 0.229074
vt 0.400000 0.261799
vt -0.200000 0.294524
vt 0.400000 0.294524
vt -0.200000 0.327249
vt 0.400000 0.327249
vt 1.000000 -0.359974
vt 1.000000 -0.392699
vt 1.000000 0.392699
vt 1.000000 0.359974
vt 1.000000 0.327249
vt 1.000000 0.294524
vt 1.000000 0.261799
vt 1.000000 0.229074
vt 1.000000 0.196350
vt 1.000000 0.163625
vt 1.000000 0.130900
vt 1.000000 0.098175
vt 1.000000 0.065450
vt 1.000000 0.032725
vt 1.000000 0.000000
vt 1.000000 -0.032725
vt 1.000000 -0.065450
vt 1.000000 -0.098175
vt 1.000000 -0.130900
vt 1.000000 -0.163625
vt 1.000000 -0.196350
vt 1.000000 -0.229074
vt 1.000000 -0.261799
vt 1.000000 -0.294524
vt 1.000000 -0.327249
vt -0.120741 -0.032352
vt 0.120741 -0.032352
vt -0.125000 0.000000
vt 0.125000 0.000000
vt -0.120741 0.032352
vt 0.120741 0.032352
vt -0.108253 0.062500
vt 0.108253 0.062500
vt -0.088388 0.088388
vt 0.088388 0.088388
vt -0.062500 0.108253
vt 0.062500 0.108253
vt -0.032352 0.120741
vt 0.032352 0.120741
vt 0.000000 0.125000
vt 0.108253 -0.062500
vt -0.108253 -0.062500
vt 0.088388 -0.088388
vt -0.088388 -0.088388
vt 0.062500 -0.108253
vt -0.062500 -0.108253
vt 0.032352 -0.120741
vt -0.032352 -0.120741
vt 0.000000 -0.125000
vt 0.500000 -0.359974
vt 0.500000 -0.392699
vt 0.500000 0.392699
vt 0.500000 0.359974
vt 0.500000 0.327249
vt 0.500000 0.294524
vt 0.500000 0.229074
vt 0.500000 0.196350
vt 0.500000 0.163625
vt 0.500000 0.098175
vt 0.500000 0.065450
vt 0.500000 0.032725
vt 0.500000 -0.032725
vt 0.500000 -0.065450
vt 0.500000 -0.098175
vt 0.500000 -0.163625
vt 0.500000 -0.196350
vt 0.500000 -0.229074
vt 0.500000 -0.294524
vt 0.500000 -0.327249
vt 0.000000 0.359974
vt 0.000000 0.392699
vt 0.000000 -0.392699
vt 0.000000 -0.359974
vt 0.000000 -0.327249
vt 0.000000 -0.294524
vt 0.000000 -0.229074
vt 0.000000 -0.196350
vt 0.000000 -0.163625
vt 0.000000 -0.098175
vt 0.000000 -0.065450
vt 0.000000 -0.032725
vt 0.000000 0.032725
vt 0.000000 0.065450
vt 0.000000 0.098175
vt 0.000000 0.163625
vt 0.000000 0.196350
vt 0.000000 0.229074
vt 0.000000 0.294524
vt 0.000000 0.327249
vt 0.300000 0.287979
vt 0.300000 0.314159
vt 0.300000 -0.314159
vt 0.300000 -0.287979
vt 0.300000 -0.261799
vt 0.300000 -0.235619
vt 0.300000 -0.209440
vt 0.300000 -0.183260
vt 0.300000 -0.157080
vt 0.300000 -0.130900
vt 0.300000 -0.104720
vt 0.300000 -0.078540
vt 0.300000 -0.052360
vt 0.300000 -0.026180
vt 0.300000 0.000000
vt 0.300000 0.026180
vt 0.300000 0.052360
vt 0.300000 0.078540
vt 0.300000 0.104720
vt 0.300000 0.130900
vt 0.300000 0.157080
vt 0.300000 0.183260
vt 0.300000 0.209440
vt 0.300000 0.235619
vt 0.300000 0.261799
vt -0.300000 1.151917
vt -0.000000 1.151917
vt -0.300000 1.256637
vt -0.000000 1.256637
vt -0.300000 -1.256637
vt -0.000000 -1.256637
vt -0.300000 -1.151917
vt 0.000000 -1.151917
vt -0.300000 -1.047198
vt 0.000000 -1.047198
vt -0.300000 -0.942478
vt -0.000000 -0.942478
vt -0.300000 -0.837758
vt 0.000000 -0.837758
vt -0.300000 -0.733038
vt 0.000000 -0.733038
vt -0.300000 -0.628319
vt -0.000000 -0.628319
vt -0.300000 -0.523599
vt -0.000000 -0.523599
vt -0.300000 -0.418879
vt -0.000000 -0.418879
vt -0.300000 -0.314159
vt -0.300000 -0.209440
vt -0.000000 -0.209440
vt -0.300000 -0.104720
vt -0.000000 -0.104720
vt -0.300000 0.000000
vt -0.300000 0.104720
vt -0.300000 0.209440
vt -0.300000 0.314159
vt -0.300000 0.418879
vt -0.000000 0.418879
vt -0.300000 0.523599
vt -0.000000 0.523599
vt -0.300000 0.628319
vt -0.000000 0.628319
vt -0.300000 0.733038
vt -0.000000 0.733038
vt -0.300000 0.837758
vt -0.000000 0.837758
vt -0.300000 0.942478
vt -0.000000 0.942478
vt -0.300000 1.047198
vt -0.000000 1.047198
vt -0.386370 0.103528
vt -0.346410 0.200000
vt -0.282843 0.282843
vt -0.200000 0.346410
vt -0.103528 0.386370
vt 0.103528 0.386370
vt 0.200000 0.346410
vt 0.282843 0.282843
vt 0.346410 0.200000
vt 0.386370 0.103528
vt 0.386370 -0.103528
vt 0.346410 -0.200000
vt 0.282843 -0.282843
vt 0.200000 -0.346410
vt 0.103528 -0.386370
vt 0.000000 -0.400000
vt -0.103528 -0.386370
vt -0.200000 -0.346410
vt -0.282843 -0.282843
vt -0.346410 -0.200000
vt -0.386370 -0.103528
vt -0.200000 2.990123
vt -0.000000 2.990123
vt -0.200000 3.220132
vt 0.000000 3.220132
vt -0.200000 -3.220132
vt 0.000000 -3.220132
vt -0.200000 -2.990123
vt 0.000000 -2.990123
vt -0.200000 -2.760114
vt 0.000000 -2.760114
vt -0.200000 -2.530104
vt 0.000000 -2.530104
vt -0.200000 -2.300095
vt -0.000000 -2.300095
vt -0.200000 -2.070085
vt 0.000000 -2.070085
vt -0.200000 -1.840076
vt 0.000000 -1.840076
vt -0.200000 -1.610066
vt -0.000000 -1.610066
vt -0.200000 -1.380057
vt -0.000000 -1.380057
vt -0.200000 -1.150047
vt -0.000000 -1.150047
vt -0.200000 -0.920038
vt -0.000000 -0.920038
vt -0.200000 -0.690028
vt -0.000000 -0.690028
vt -0.200000 -0.460019
vt -0.000000 -0.460019
vt -0.200000 -0.230009
vt -0.000000 -0.230009
vt -0.200000 0.230009
vt -0.000000 0.230009
vt -0.200000 0.460019
vt -0.000000 0.460019
vt -0.200000 0.690028
vt -0.000000 0.690028
vt -0.200000 0.920038
vt -0.000000 0.920038
vt -0.200000 1.150047
vt -0.000000 1.150047
vt -0.200000 1.380057
vt -0.000000 1.380057
vt -0.200000 1.610066
vt -0.000000 1.610066
vt -0.200000 1.840076
vt -0.000000 1.840076
vt -0.200000 2.070085
vt -0.000000 2.070085
vt -0.200000 2.300095
vt -0.000000 2.300095
vt -0.200000 2.530104
vt -0.000000 2.530104
vt -0.200000 2.760114
vt -0.000000 2.760114
vt -0.999301 -0.228084
vt -0.886603 -0.050000
vt -1.025000 -0.000000
vt -0.896593 -0.025882
vt -0.900000 0.000000
vt -0.923493 -0.444731
vt -0.800000 -0.100000
vt -0.825882 -0.096593
vt -0.850000 -0.086603
vt -0.801377 -0.639077
vt -0.750000 -0.086603
vt -0.774118 -0.096593
vt -0.639077 -0.801377
vt -0.444731 -0.923493
vt -0.086603 -0.750000
vt -0.096593 -0.774118
vt -0.100000 -0.800000
vt -0.228084 -0.999301
vt -0.096593 -0.825882
vt -0.086603 -0.850000
vt -0.070711 -0.870711
vt -0.050000 -0.886603
vt 0.000000 -1.025000
vt -0.025882 -0.896593
vt 0.000000 -0.900000
vt 0.025882 -0.896593
vt 0.050000 -0.886603
vt 0.228084 -0.999301
vt 0.070711 -0.870711
vt 0.086603 -0.850000
vt 0.096593 -0.825882
vt 0.100000 -0.800000
vt 0.444731 -0.923493
vt 0.096593 -0.774118
vt 0.086603 -0.750000
vt 0.070711 -0.729289
vt 0.050000 -0.713397
vt 0.025882 -0.703407
vt 0.000000 -0.700000
vt -0.025882 -0.703407
vt -0.050000 -0.713397
vt -0.070711 -0.729289
vt 0.639077 -0.801377
vt 0.801377 -0.639077
vt 0.923493 -0.444731
vt 0.750000 -0.086603
vt 0.774118 -0.096593
vt 0.800000 -0.100000
vt 0.999301 -0.228084
vt 0.825882 -0.096593
vt 0.850000 -0.086603
vt 0.870711 -0.070711
vt 0.886603 -0.050000
vt 1.025000 0.000000
vt 0.896593 -0.025882
vt 0.900000 0.000000
vt 0.896593 0.025882
vt 0.886603 0.050000
vt 0.999301 0.228084
vt 0.870711 0.070711
vt 0.850000 0.086603
vt 0.825882 0.096593
vt 0.800000 0.100000
vt 0.923493 0.444731
vt 0.774118 0.096593
vt 0.750000 0.086603
vt 0.729289 0.070711
vt 0.713397 0.050000
vt 0.703407 0.025882
vt 0.700000 0.000000
vt 0.703407 -0.025882
vt 0.713397 -0.050000
vt 0.729289 -0.070711
vt 0.801377 0.639077
vt 0.639077 0.801377
vt 0.444731 0.923493
vt 0.086603 0.750000
vt 0.096593 0.774118
vt 0.100000 0.800000
vt 0.228084 0.999301
vt 0.096593 0.825882
vt 0.086603 0.850000
vt 0.070711 0.870711
vt 0.050000 0.886603
vt 0.000000 1.025000
vt 0.025882 0.896593
vt 0.000000 0.900000
vt -0.025882 0.896593
vt -0.050000 0.886603
vt -0.228084 0.999301
vt -0.070711 0.870711
vt -0.086603 0.850000
vt -0.096593 0.825882
vt -0.100000 0.800000
vt -0.444731 0.923493
vt -0.096593 0.774118
vt -0.086603 0.750000
vt -0.070711 0.729289
vt -0.050000 0.713397
vt -0.025882 0.703407
vt 0.000000 0.700000
vt 0.025882 0.703407
vt 0.050000 0.713397
vt 0.070711 0.729289
vt -0.639077 0.801377
vt -0.801377 0.639077
vt -0.923493 0.444731
vt -0.750000 0.086603
vt -0.774118 0.096593
vt -0.800000 0.100000
vt -0.999301 0.228084
vt -0.825882 0.096593
vt -0.850000 0.086603
vt -0.870711 0.070711
vt -0.886603 0.050000
vt -0.896593 0.025882
vt -0.703407 0.025882
vt -0.700000 0.000000
vt -0.703407 -0.025882
vt -0.729289 0.070711
vt -0.713397 0.050000
vt -0.729289 -0.070711
vt -0.713397 -0.050000
vt -0.870711 -0.070711
vt 0.200000 -0.287979
vt 0.200000 -0.314159
vt 0.200000 0.314159
vt 0.200000 0.287979
vt 0.200000 0.261799
vt 0.200000 0.235619
vt 0.200000 0.209440
vt 0.200000 0.183260
vt 0.200000 0.157080
vt 0.200000 0.130900
vt 0.200000 0.104720
vt 0.200000 0.078540
vt 0.200000 0.052360
vt 0.200000 0.026180
vt 0.200000 0.000000
vt 0.200000 -0.026180
vt -0.000000 -0.026180
vt 0.200000 -0.052360
vt 0.200000 -0.078540
vt 0.200000 -0.104720
vt 0.200000 -0.130900
vt -0.000000 -0.130900
vt 0.200000 -0.157080
vt 0.200000 -0.183260
vt 0.200000 -0.209440
vt 0.200000 -0.235619
vt 0.200000 -0.261799
vt 0.200000 0.209439
vt 0.000000 0.209439
vt -0.000000 -0.052360
vt -0.000000 -0.078540
vt 0.200000 -0.209439
vt 0.000000 -0.209439
vt 3.400000 3.001420
vt 3.000000 3.001420
vt 3.400000 2.001420
vt 3.000000 2.001420
vt 0.450699 1.353084
vt 0.279289 1.879289
vt 0.425000 1.125000
vt 0.263397 1.900000
vt 1.005269 0.201507
vt 0.810923 0.323623
vt 0.648623 0.485923
vt 0.526507 0.680269
vt 0.450699 0.896916
vt 0.526507 1.569731
vt 0.350000 1.850000
vt 0.324118 1.853407
vt 0.300000 1.863397
vt 0.648623 1.764077
vt 0.436603 1.900000
vt 0.420711 1.879289
vt 0.400000 1.863397
vt 0.810923 1.926377
vt 0.446593 1.975882
vt 0.450000 1.950000
vt 0.446593 1.924118
vt 1.005269 2.048493
vt 0.420711 2.020711
vt 0.436603 2.000000
vt 1.221916 2.124301
vt 0.436603 4.300000
vt 0.420711 4.279289
vt 0.400000 4.263397
vt 0.446593 4.324118
vt 1.450000 2.150000
vt 2.453407 4.324118
vt 1.678084 2.124301
vt 2.463397 4.300000
vt 1.894731 2.048493
vt 2.479289 4.279289
vt 2.500000 4.263397
vt 2.500000 2.036603
vt 2.524118 4.253407
vt 2.524118 2.046593
vt 2.550000 4.250000
vt 2.550000 2.050000
vt 2.575882 2.046593
vt 2.479289 2.020711
vt 2.089077 1.926377
vt 2.463397 2.000000
vt 2.453407 1.975882
vt 2.251377 1.764077
vt 2.450000 1.950000
vt 2.453407 1.924118
vt 2.463397 1.900000
vt 2.373493 1.569731
vt 2.479289 1.879289
vt 2.500000 1.863397
vt 2.524118 1.853407
vt 2.550000 1.850000
vt 2.449301 1.353084
vt 2.575882 1.853407
vt 2.600000 1.863397
vt 2.620711 1.879289
vt 2.475000 1.125000
vt 2.636603 1.900000
vt 2.449301 0.896916
vt 2.373493 0.680269
vt 2.251377 0.485923
vt 2.089077 0.323623
vt 1.894731 0.201507
vt 1.678084 0.125699
vt 1.450000 0.100000
vt 1.221916 0.125699
vt 2.900000 4.650000
vt 2.650000 1.950000
vt 2.646593 1.924118
vt 2.500000 4.436603
vt 2.524118 4.446593
vt 2.550000 4.450000
vt 0.250000 1.950000
vt 0.253407 1.975882
vt 0.263397 2.000000
vt 2.453407 4.375882
vt 0.446593 4.375882
vt 2.450000 4.350000
vt 0.450000 4.350000
vt 0.436603 4.400000
vt 2.463397 4.400000
vt 0.420711 4.420711
vt 2.479289 4.420711
vt 0.400000 4.436603
vt 2.575882 4.446593
vt 2.600000 4.436603
vt 2.620711 4.420711
vt 2.636603 4.400000
vt 2.646593 4.375882
vt 2.650000 4.350000
vt 2.646593 4.324118
vt 2.636603 4.300000
vt 2.636603 2.000000
vt 2.620711 4.279289
vt 2.620711 2.020711
vt 2.600000 4.263397
vt 2.600000 2.036603
vt 2.575882 4.253407
vt 0.279289 2.020711
vt 0.279289 4.279289
vt 0.263397 4.300000
vt 0.253407 4.324118
vt 0.250000 4.350000
vt 0.300000 4.263397
vt 0.300000 2.036603
vt 0.324118 4.253407
vt 0.324118 2.046593
vt 0.350000 4.250000
vt 0.350000 2.050000
vt 0.375882 2.046593
vt 0.375882 4.253407
vt 0.400000 2.036603
vt 0.375882 1.853407
vt 0.253407 1.924118
vt 2.646593 1.975882
vt 0.253407 4.375882
vt 0.263397 4.400000
vt 0.279289 4.420711
vt 0.300000 4.436603
vt 0.324118 4.446593
vt 0.350000 4.450000
vt 0.375882 4.446593
vt 2.900000 3.001420
vt -0.703407 0.574118
vt 0.703407 0.574118
vt -0.700000 0.600000
vt 0.700000 0.600000
vt -0.703407 0.625882
vt 0.703407 0.625882
vt -0.713397 0.650000
vt 0.713397 0.650000
vt -0.729289 0.670711
vt 0.729289 0.670711
vt -0.750000 0.686603
vt 0.750000 0.686603
vt -1.450000 1.700000
vt 1.450000 1.700000
vt 0.774118 0.696593
vt 0.800000 0.700000
vt 0.713397 0.550000
vt -0.713397 0.550000
vt 0.713397 -0.550000
vt -0.713397 -0.550000
vt -0.703407 -0.574118
vt -0.729289 -0.529289
vt -0.729289 0.529289
vt -0.750000 -0.513397
vt -0.750000 0.513397
vt -0.774118 -0.503407
vt -0.774118 0.503407
vt -0.800000 -0.500000
vt -0.800000 0.500000
vt -0.825882 0.503407
vt -0.825882 -0.503407
vt -0.850000 0.513397
vt -0.850000 -0.513397
vt -0.870711 0.529289
vt -0.870711 -0.529289
vt -0.886603 0.550000
vt -0.886603 -0.550000
vt -0.896593 0.574118
vt -0.896593 -0.574118
vt -1.450000 -1.700000
vt -0.900000 -0.600000
vt -0.896593 -0.625882
vt -0.886603 -0.650000
vt -0.870711 -0.670711
vt -0.850000 -0.686603
vt -0.825882 -0.696593
vt -0.800000 -0.700000
vt -0.774118 -0.696593
vt -0.750000 -0.686603
vt 0.750000 -0.686603
vt -0.729289 -0.670711
vt 0.729289 -0.670711
vt -0.713397 -0.650000
vt 0.713397 -0.650000
vt -0.703407 -0.625882
vt 0.703407 -0.625882
vt -0.700000 -0.600000
vt 0.700000 -0.600000
vt 0.703407 -0.574118
vt -0.900000 0.600000
vt -0.896593 0.625882
vt -0.886603 0.650000
vt -0.870711 0.670711
vt -0.850000 0.686603
vt -0.825882 0.696593
vt -0.800000 0.700000
vt -0.774118 0.696593
vt 0.896593 0.625882
vt 0.900000 0.600000
vt 0.896593 0.574118
vt 1.450000 -1.700000
vt 0.896593 -0.574118
vt 0.900000 -0.600000
vt 0.886603 -0.550000
vt 0.886603 0.550000
vt 0.870711 0.529289
vt 0.870711 -0.529289
vt 0.850000 0.513397
vt 0.850000 -0.513397
vt 0.825882 0.503407
vt 0.825882 -0.503407
vt 0.800000 0.500000
vt 0.800000 -0.500000
vt 0.774118 0.503407
vt 0.774118 -0.503407
vt 0.750000 0.513397
vt 0.750000 -0.513397
vt 0.729289 0.529289
vt 0.729289 -0.529289
vt 0.825882 0.696593
vt 0.850000 0.686603
vt 0.870711 0.670711
vt 0.886603 0.650000
vt 0.896593 -0.625882
vt 0.886603 -0.650000
vt 0.870711 -0.670711
vt 0.850000 -0.686603
vt 0.825882 -0.696593
vt 0.800000 -0.700000
vt 0.774118 -0.696593
s 0
f 48/1/1 1/2/1 47/3/2
f 47/3/2 1/2/1 2/4/2
f 47/3/3 2/4/3 46/5/4
f 46/5/4 2/4/3 3/6/4
f 46/5/5 3/6/5 45/7/6
f 45/7/6 3/6/5 4/8/6
f 45/7/7 4/8/7 44/9/8
f 44/9/8 4/8/7 5/10/8
f 44/9/9 5/10/9 43/11/10
f 43/11/10 5/10/9 6/12/10
f 43/11/11 6/12/11 42/13/12
f 42/13/12 6/12/11 7/14/12
f 42/13/13 7/14/13 41/15/14
f 41/15/14 7/14/13 8/16/14
f 41/15/15 8/16/15 40/17/16
f 40/17/16 8/16/15 9/18/16
f 40/17/17 9/18/17 39/19/18
f 39/19/18 9/18/17 10/20/18
f 39/19/19 10/20/19 38/21/20
f 38/21/20 10/20/19 11/22/20
f 38/21/21 11/22/21 37/23/22
f 37/23/22 11/22/21 12/24/22
f 37/23/23 12/24/23 36/25/24
f 36/25/24 12/24/23 13/26/24
f 36/25/25 13/26/25 35/27/26
f 35/27/26 13/26/25 14/28/26
f 35/27/27 14/28/27 34/29/28
f 34/29/28 14/28/27 15/30/28
f 34/29/29 15/30/29 33/31/30
f 33/31/30 15/30/29 16/32/30
f 33/31/31 16/32/31 32/33/32
f 32/33/33 16/32/31 17/34/33
f 32/33/34 17/34/34 31/35/35
f 31/35/35 17/34/34 18/36/35
f 31/35/36 18/36/36 30/37/37
f 30/37/37 18/36/36 19/38/37
f 30/37/38 19/38/38 29/39/39
f 29/39/39 19/38/38 20/40/39
f 29/39/40 20/40/40 28/41/41
f 28/41/41 20/40/40 21/42/41
f 28/41/42 21/42/42 27/43/43
f 27/43/43 21/42/42 22/44/43
f 27/43/44 22/44/44 26/45/45
f 26/45/45 22/44/44 23/46/45
f 26/45/46 23/46/46 25/47/47
f 25/47/47 23/46/46 24/48/47
f 50/49/48 124/50/48 49/51/48
f 49/51/48 124/50/48 125/52/48
f 49/51/48 125/52/48 72/53/48
f 72/53/48 125/52/48 126/54/48
f 72/53/48 126/54/48 127/55/48
f 50/49/48 51/56/48 124/50/48
f 124/50/48 51/56/48 123/57/48
f 123/57/48 51/56/48 52/58/48
f 123/57/48 52/58/48 53/59/48
f 123/57/48 53/59/48 122/60/48
f 122/60/48 53/59/48 54/61/48
f 122/60/48 54/61/48 28/62/48
f 28/62/48 54/61/48 55/63/48
f 28/62/48 55/63/48 56/64/48
f 56/64/48 57/65/48 28/62/48
f 28/62/48 57/65/48 29/66/48
f 29/66/48 57/65/48 58/67/48
f 29/66/48 58/67/48 59/68/48
f 59/68/48 60/69/48 29/66/48
f 29/66/48 60/69/48 61/70/48
f 29/66/48 61/70/48 30/71/48
f 30/71/48 61/70/48 62/72/48
f 30/71/48 62/72/48 63/73/48
f 63/73/48 64/74/48 30/71/48
f 30/71/48 64/74/48 65/75/48
f 30/71/48 65/75/48 31/76/48
f 31/76/48 65/75/48 66/77/48
f 31/76/48 66/77/48 67/78/48
f 67/78/48 68/79/48 31/76/48
f 31/76/48 68/79/48 32/80/48
f 32/80/48 68/79/48 69/81/48
f 32/80/48 69/81/48 70/82/48
f 71/83/48 128/84/48 70/82/48
f 70/82/48 128/84/48 129/85/48
f 70/82/48 129/85/48 32/80/48
f 32/80/48 129/85/48 33/86/48
f 33/86/48 129/85/48 130/87/48
f 33/86/48 130/87/48 89/88/48
f 89/88/48 130/87/48 88/89/48
f 88/89/48 130/87/48 131/90/48
f 88/89/48 131/90/48 87/91/48
f 87/91/48 131/90/48 132/92/48
f 87/91/48 132/92/48 133/93/48
f 128/84/48 71/83/48 127/55/48
f 127/55/48 71/83/48 72/53/48
f 74/94/48 147/95/48 73/96/48
f 73/96/48 147/95/48 148/97/48
f 73/96/48 148/97/48 96/98/48
f 96/98/48 148/97/48 149/99/48
f 96/98/48 149/99/48 95/100/48
f 95/100/48 149/99/48 150/101/48
f 95/100/48 150/101/48 94/102/48
f 94/102/48 150/101/48 151/103/48
f 94/102/48 151/103/48 152/104/48
f 147/95/48 74/94/48 146/105/48
f 146/105/48 74/94/48 75/106/48
f 146/105/48 75/106/48 145/107/48
f 145/107/48 75/106/48 76/108/48
f 145/107/48 76/108/48 144/109/48
f 144/109/48 76/108/48 77/110/48
f 144/109/48 77/110/48 143/111/48
f 143/111/48 77/110/48 78/112/48
f 143/111/48 78/112/48 142/113/48
f 142/113/48 78/112/48 79/114/48
f 142/113/48 79/114/48 141/115/48
f 141/115/48 79/114/48 140/116/48
f 140/116/48 79/114/48 80/117/48
f 140/116/48 80/117/48 139/118/48
f 139/118/48 80/117/48 81/119/48
f 139/118/48 81/119/48 138/120/48
f 138/120/48 81/119/48 82/121/48
f 138/120/48 82/121/48 137/122/48
f 137/122/48 82/121/48 83/123/48
f 137/122/48 83/123/48 136/124/48
f 136/124/48 83/123/48 84/125/48
f 136/124/48 84/125/48 135/126/48
f 135/126/48 84/125/48 85/127/48
f 135/126/48 85/127/48 134/128/48
f 134/128/48 85/127/48 86/129/48
f 134/128/48 86/129/48 133/93/48
f 133/93/48 86/129/48 87/91/48
f 33/86/48 89/88/48 34/130/48
f 34/130/48 89/88/48 90/131/48
f 34/130/48 90/131/48 35/132/48
f 35/132/48 90/131/48 36/133/48
f 36/133/48 90/131/48 91/134/48
f 36/133/48 91/134/48 37/135/48
f 37/135/48 91/134/48 92/136/48
f 37/135/48 92/136/48 38/137/48
f 38/137/48 92/136/48 39/138/48
f 39/138/48 92/136/48 93/139/48
f 39/138/48 93/139/48 40/140/48
f 40/140/48 93/139/48 152/104/48
f 40/140/48 152/104/48 153/141/48
f 93/139/48 94/102/48 152/104/48
f 98/142/48 44/143/48 97/144/48
f 97/144/48 44/143/48 43/145/48
f 97/144/48 43/145/48 120/146/48
f 120/146/48 43/145/48 119/147/48
f 119/147/48 43/145/48 118/148/48
f 118/148/48 43/145/48 117/149/48
f 117/149/48 43/145/48 42/150/48
f 117/149/48 42/150/48 116/151/48
f 116/151/48 42/150/48 115/152/48
f 115/152/48 42/150/48 114/153/48
f 114/153/48 42/150/48 41/154/48
f 114/153/48 41/154/48 113/155/48
f 113/155/48 41/154/48 112/156/48
f 112/156/48 41/154/48 153/141/48
f 112/156/49 153/141/49 154/157/49
f 98/142/48 99/158/48 44/143/48
f 44/143/48 99/158/48 100/159/48
f 44/143/48 100/159/48 101/160/48
f 44/143/48 101/160/48 45/161/48
f 45/161/48 101/160/48 102/162/48
f 45/161/48 102/162/48 103/163/48
f 103/163/48 104/164/48 45/161/48
f 45/161/48 104/164/48 159/165/48
f 45/161/48 159/165/48 160/166/48
f 104/164/48 105/167/48 159/165/48
f 159/165/48 105/167/48 106/168/48
f 159/165/48 106/168/48 158/169/48
f 158/169/48 106/168/48 107/170/48
f 158/169/48 107/170/48 157/171/48
f 157/171/48 107/170/48 108/172/48
f 157/171/48 108/172/48 109/173/48
f 157/171/48 109/173/48 156/174/48
f 156/174/48 109/173/48 110/175/48
f 156/174/48 110/175/48 155/176/48
f 155/176/48 110/175/48 111/177/48
f 155/176/48 111/177/48 154/157/48
f 154/157/48 111/177/48 112/156/48
f 48/178/48 47/179/48 160/166/48
f 160/166/48 47/179/48 46/180/48
f 160/166/48 46/180/48 45/161/48
f 41/154/48 40/140/48 153/141/48
f 28/62/48 27/181/48 122/60/48
f 122/60/48 27/181/48 121/182/48
f 121/182/48 27/181/48 26/183/48
f 121/182/48 26/183/48 25/184/48
f 24/185/48 23/186/48 164/187/48
f 164/187/48 23/186/48 22/188/48
f 164/187/48 22/188/48 21/189/48
f 21/189/48 20/190/48 164/187/48
f 164/187/48 20/190/48 19/191/48
f 164/187/48 19/191/48 199/192/48
f 199/192/48 19/191/48 198/193/48
f 198/193/48 19/191/48 18/194/48
f 198/193/48 18/194/48 197/195/48
f 197/195/48 18/194/48 196/196/48
f 196/196/48 18/194/48 195/197/48
f 195/197/48 18/194/48 17/198/48
f 195/197/48 17/198/48 194/199/48
f 194/199/48 17/198/48 193/200/48
f 193/200/48 17/198/48 192/201/48
f 192/201/48 17/198/48 16/202/48
f 192/201/48 16/202/48 191/203/48
f 191/203/48 16/202/48 190/204/48
f 190/204/48 16/202/48 189/205/48
f 189/205/48 16/202/48 212/206/48
f 212/206/48 16/202/48 211/207/48
f 211/207/48 16/202/48 15/208/48
f 211/207/48 15/208/48 210/209/48
f 210/209/48 15/208/48 209/210/48
f 209/210/50 15/208/50 208/211/50
f 208/211/48 15/208/48 163/212/48
f 208/211/48 163/212/48 207/213/48
f 207/213/48 163/212/48 206/214/48
f 206/214/48 163/212/48 205/215/48
f 205/215/48 163/212/48 204/216/48
f 204/216/48 163/212/48 203/217/48
f 203/217/48 163/212/48 202/218/48
f 202/218/48 163/212/48 201/219/48
f 201/219/48 163/212/48 200/220/48
f 200/220/48 163/212/48 199/192/48
f 199/192/48 163/212/48 164/187/48
f 15/208/48 14/221/48 163/212/48
f 163/212/48 14/221/48 13/222/48
f 163/212/48 13/222/48 12/223/48
f 163/212/48 12/223/48 162/224/48
f 162/224/48 12/223/48 11/225/48
f 162/224/48 11/225/48 10/226/48
f 9/227/48 179/228/48 10/226/48
f 10/226/48 179/228/48 180/229/48
f 10/226/48 180/229/48 181/230/48
f 8/231/48 174/232/48 9/227/48
f 9/227/48 174/232/48 175/233/48
f 9/227/48 175/233/48 176/234/48
f 7/235/48 171/236/48 8/231/48
f 8/231/48 171/236/48 172/237/48
f 8/231/48 172/237/48 173/238/48
f 6/239/48 168/240/48 7/235/48
f 7/235/48 168/240/48 169/241/48
f 7/235/48 169/241/48 170/242/48
f 5/243/48 161/244/48 6/239/48
f 6/239/48 161/244/48 167/245/48
f 6/239/48 167/245/48 168/240/48
f 5/243/48 4/246/48 161/244/48
f 161/244/48 4/246/48 3/247/48
f 161/244/48 3/247/48 2/248/48
f 2/248/48 1/249/48 161/244/48
f 161/244/48 162/224/48 167/245/48
f 167/245/48 162/224/48 166/250/48
f 166/250/48 162/224/48 165/251/48
f 165/251/48 162/224/48 188/252/48
f 188/252/48 162/224/48 187/253/48
f 187/253/48 162/224/48 186/254/48
f 186/254/48 162/224/48 185/255/48
f 185/255/48 162/224/48 184/256/48
f 184/256/48 162/224/48 183/257/48
f 183/257/48 162/224/48 182/258/48
f 182/258/48 162/224/48 10/226/48
f 182/258/48 10/226/48 181/230/48
f 170/242/48 171/236/48 7/235/48
f 173/238/48 174/232/48 8/231/48
f 176/234/48 177/259/48 9/227/48
f 9/227/48 177/259/48 178/260/48
f 9/227/48 178/260/48 179/228/48
f 214/224/51 215/261/51 213/262/51
f 213/262/51 215/261/51 216/263/51
f 213/262/51 216/263/51 217/264/51
f 214/265/52 218/224/52 215/266/52
f 215/266/52 218/224/52 219/261/52
f 221/224/53 222/261/53 220/267/53
f 220/267/53 222/261/53 219/263/53
f 220/267/53 219/263/53 218/264/53
f 221/265/54 217/224/54 222/266/54
f 222/266/54 217/224/54 216/261/54
f 220/268/55 213/269/55 221/270/55
f 221/270/55 213/269/55 217/271/55
f 216/272/48 215/273/48 222/274/48
f 222/274/48 215/273/48 219/275/48
f 223/264/51 224/262/51 227/263/51
f 227/263/51 224/262/51 226/261/51
f 226/261/51 224/262/51 225/224/51
f 225/265/52 228/224/52 226/266/52
f 226/266/52 228/224/52 229/261/52
f 228/264/53 230/267/53 229/263/53
f 229/263/53 230/267/53 232/261/53
f 232/261/53 230/267/53 231/224/53
f 231/265/54 223/224/54 232/266/54
f 232/266/54 223/224/54 227/261/54
f 230/268/55 224/269/55 231/270/55
f 231/270/55 224/269/55 223/271/55
f 227/272/48 226/273/48 232/274/48
f 232/274/48 226/273/48 229/275/48
f 220/276/48 218/277/48 279/278/48
f 279/278/48 218/277/48 278/279/48
f 278/279/56 218/277/56 214/280/56
f 278/279/57 214/280/57 228/281/57
f 228/281/48 214/280/48 275/282/48
f 228/281/48 275/282/48 230/283/48
f 213/284/48 233/285/48 214/280/48
f 214/280/48 233/285/48 275/282/48
f 275/282/48 233/285/48 274/286/48
f 274/286/48 233/285/48 234/287/48
f 274/286/48 234/287/48 273/288/48
f 273/288/48 234/287/48 235/289/48
f 273/288/48 235/289/48 254/290/48
f 254/290/48 235/289/48 253/291/48
f 253/291/48 235/289/48 236/292/48
f 253/291/48 236/292/48 252/293/48
f 252/293/48 236/292/48 251/294/48
f 251/294/48 236/292/48 237/295/48
f 251/294/48 237/295/48 250/296/48
f 250/296/48 237/295/48 238/297/48
f 250/296/48 238/297/48 249/298/48
f 249/298/48 238/297/48 248/299/48
f 248/299/48 238/297/48 239/300/48
f 248/299/48 239/300/48 240/301/48
f 248/299/48 240/301/48 247/302/48
f 247/302/48 240/301/48 241/303/48
f 247/302/48 241/303/48 246/304/48
f 246/304/48 241/303/48 242/305/48
f 246/304/48 242/305/48 245/306/48
f 245/306/48 242/305/48 243/307/48
f 245/306/58 243/307/58 244/308/58
f 254/290/48 255/309/48 273/288/48
f 273/288/48 255/309/48 272/310/48
f 272/310/48 255/309/48 256/311/48
f 272/310/48 256/311/48 257/312/48
f 272/310/48 257/312/48 271/313/48
f 271/313/48 257/312/48 258/314/48
f 271/313/48 258/314/48 270/315/48
f 270/315/48 258/314/48 259/316/48
f 270/315/48 259/316/48 260/317/48
f 261/318/48 268/319/48 260/317/48
f 260/317/48 268/319/48 269/320/48
f 260/317/48 269/320/48 270/315/48
f 268/319/48 261/318/48 267/321/48
f 267/321/48 261/318/48 262/322/48
f 267/321/48 262/322/48 266/323/48
f 266/323/48 262/322/48 263/324/48
f 266/323/48 263/324/48 265/325/48
f 265/325/48 263/324/48 264/326/48
f 278/279/58 228/281/58 277/327/58
f 277/327/59 228/281/59 225/328/59
f 277/327/48 225/328/48 276/329/48
f 276/329/48 225/328/48 224/330/48
f 233/224/60 48/331/60 234/332/61
f 234/332/61 48/331/60 160/333/62
f 234/332/61 160/333/62 235/334/63
f 235/334/63 160/333/62 159/335/64
f 235/334/63 159/335/64 236/336/65
f 236/336/65 159/335/64 158/337/66
f 236/336/65 158/337/66 237/338/67
f 237/338/67 158/337/66 157/339/68
f 237/338/67 157/339/69 238/340/70
f 238/340/71 157/339/68 156/341/72
f 238/340/71 156/341/73 239/342/74
f 239/342/74 156/341/73 155/343/75
f 239/342/76 155/343/77 240/344/78
f 240/344/78 155/343/79 241/345/80
f 241/345/80 155/343/81 154/346/82
f 241/345/80 154/346/83 242/347/84
f 242/347/85 154/346/83 153/348/86
f 242/347/87 153/348/88 243/349/89
f 243/349/90 153/348/91 152/350/92
f 243/349/89 152/350/93 244/351/94
f 244/351/95 152/350/96 151/352/97
f 244/351/95 151/352/97 245/353/98
f 245/353/99 151/352/97 150/354/100
f 245/353/99 150/354/101 246/355/102
f 246/355/103 150/354/104 149/356/105
f 246/355/106 149/356/107 247/357/108
f 247/357/109 149/356/105 148/358/110
f 247/357/109 148/358/110 248/359/111
f 248/359/112 148/358/113 147/360/114
f 248/359/112 147/360/115 249/361/116
f 249/361/116 147/360/115 146/362/116
f 249/363/117 146/364/117 250/365/118
f 250/365/118 146/364/119 145/366/118
f 250/365/120 145/366/120 251/367/121
f 251/367/121 145/366/120 144/368/121
f 251/367/122 144/368/122 252/369/123
f 252/369/123 144/368/122 143/370/123
f 252/369/124 143/370/124 253/371/125
f 253/371/125 143/370/126 142/372/125
f 253/371/127 142/372/127 254/373/128
f 254/373/128 142/372/127 141/374/128
f 254/373/129 141/374/129 255/375/130
f 255/375/130 141/374/129 140/376/130
f 255/375/131 140/376/131 256/377/132
f 256/377/133 140/376/131 139/378/133
f 256/377/134 139/378/134 257/379/135
f 257/379/135 139/378/136 138/380/135
f 257/379/137 138/380/137 258/381/138
f 258/381/138 138/380/137 137/382/138
f 258/381/139 137/382/139 259/383/140
f 259/383/140 137/382/141 136/384/140
f 136/385/142 135/386/143 259/387/142
f 259/387/144 135/386/143 260/388/145
f 260/388/145 135/386/143 134/389/146
f 260/388/147 134/389/148 261/390/149
f 261/390/150 134/389/151 133/391/152
f 261/390/149 133/391/153 262/392/154
f 262/392/155 133/391/156 132/393/157
f 262/392/158 132/393/159 263/394/160
f 263/394/161 132/393/157 131/395/162
f 263/394/160 131/395/163 264/396/164
f 264/396/165 131/395/163 130/397/166
f 264/396/167 130/397/168 265/398/169
f 265/398/169 130/397/168 129/399/170
f 265/398/171 129/399/172 266/400/173
f 266/400/174 129/399/175 128/401/176
f 266/400/177 128/401/176 267/402/178
f 267/402/179 128/401/180 268/403/181
f 268/403/182 128/401/183 127/404/184
f 268/403/182 127/404/185 269/405/186
f 269/405/187 127/404/188 126/406/189
f 269/405/187 126/406/190 125/407/191
f 269/405/187 125/407/191 270/408/192
f 270/408/193 125/407/194 124/409/195
f 270/408/192 124/409/196 271/410/197
f 271/410/197 124/409/195 123/411/198
f 271/410/197 123/411/199 272/412/200
f 272/412/200 123/411/199 122/413/201
f 272/412/200 122/413/201 273/414/202
f 273/414/202 122/413/203 121/415/204
f 273/414/202 121/415/204 274/416/205
f 274/416/205 121/415/204 25/331/206
f 274/416/205 25/331/206 275/224/206
f 276/417/54 224/418/54 164/419/54
f 164/419/54 224/418/54 230/420/54
f 164/419/54 230/420/54 25/331/54
f 25/331/54 230/420/54 275/224/54
f 25/331/54 24/421/54 164/419/54
f 1/422/54 48/423/54 161/424/54
f 161/424/54 48/423/54 213/425/54
f 161/424/54 213/425/54 220/426/54
f 48/423/54 233/427/54 213/425/54
f 220/426/54 279/428/54 161/424/54
f 280/429/52 281/430/52 277/431/52
f 277/431/52 281/430/52 278/432/52
f 280/433/53 277/434/53 284/435/53
f 284/435/53 277/434/53 309/436/53
f 284/435/53 309/436/53 310/437/53
f 276/438/53 362/439/53 277/434/53
f 277/434/53 362/439/53 363/440/53
f 277/434/53 363/440/53 364/441/53
f 164/244/53 163/224/53 276/438/53
f 276/438/53 163/224/53 379/442/53
f 276/438/53 379/442/53 380/443/53
f 282/444/53 373/445/53 163/224/53
f 163/224/53 373/445/53 374/446/53
f 163/224/53 374/446/53 375/447/53
f 283/448/53 344/449/53 282/444/53
f 282/444/53 344/449/53 345/450/53
f 282/444/53 345/450/53 346/451/53
f 284/435/53 290/452/53 283/448/53
f 283/448/53 290/452/53 291/453/53
f 283/448/53 291/453/53 292/454/53
f 286/455/53 320/456/53 285/457/53
f 285/457/53 320/456/53 321/458/53
f 285/457/53 321/458/53 308/459/53
f 308/459/53 321/458/53 322/460/53
f 308/459/53 322/460/53 307/461/53
f 307/461/53 322/460/53 323/462/53
f 307/461/53 323/462/53 306/463/53
f 306/463/53 323/462/53 324/464/53
f 306/463/53 324/464/53 336/465/53
f 336/465/53 324/464/53 366/466/53
f 336/465/53 366/466/53 335/467/53
f 335/467/53 366/466/53 367/468/53
f 335/467/53 367/468/53 334/469/53
f 334/469/53 367/468/53 368/470/53
f 334/469/53 368/470/53 333/471/53
f 333/471/53 368/470/53 369/472/53
f 333/471/53 369/472/53 356/473/53
f 356/473/53 369/472/53 370/474/53
f 356/473/53 370/474/53 355/475/53
f 355/475/53 370/474/53 371/476/53
f 355/475/53 371/476/53 354/477/53
f 354/477/53 371/476/53 372/478/53
f 354/477/53 372/478/53 353/479/53
f 353/479/53 372/478/53 373/445/53
f 353/479/53 373/445/53 282/444/53
f 320/456/53 286/455/53 319/480/53
f 319/480/53 286/455/53 287/481/53
f 319/480/53 287/481/53 318/482/53
f 318/482/53 287/481/53 288/483/53
f 318/482/53 288/483/53 317/484/53
f 317/484/53 288/483/53 289/485/53
f 317/484/53 289/485/53 316/486/53
f 316/486/53 289/485/53 290/452/53
f 316/486/53 290/452/53 284/435/53
f 292/454/53 293/487/53 283/448/53
f 283/448/53 293/487/53 294/488/53
f 283/448/53 294/488/53 295/489/53
f 295/489/53 296/490/53 283/448/53
f 283/448/53 296/490/53 297/491/53
f 283/448/53 297/491/53 298/492/53
f 298/492/53 299/493/53 283/448/53
f 283/448/53 299/493/53 343/494/53
f 283/448/53 343/494/53 344/449/53
f 299/493/53 300/495/53 343/494/53
f 343/494/53 300/495/53 342/496/53
f 342/496/53 300/495/53 301/497/53
f 342/496/53 301/497/53 341/498/53
f 341/498/53 301/497/53 302/499/53
f 341/498/53 302/499/53 340/500/53
f 340/500/53 302/499/53 303/501/53
f 340/500/53 303/501/53 339/502/53
f 339/502/53 303/501/53 338/503/53
f 338/503/53 303/501/53 304/504/53
f 338/503/53 304/504/53 337/505/53
f 337/505/53 304/504/53 305/506/53
f 337/505/53 305/506/53 306/463/53
f 310/437/53 311/507/53 284/435/53
f 284/435/53 311/507/53 312/508/53
f 284/435/53 312/508/53 313/509/53
f 313/509/53 314/510/53 284/435/53
f 284/435/53 314/510/53 315/511/53
f 284/435/53 315/511/53 316/486/53
f 366/466/53 324/464/53 365/512/53
f 365/512/53 324/464/53 325/513/53
f 365/512/53 325/513/53 326/514/53
f 327/515/53 277/434/53 326/514/53
f 326/514/53 277/434/53 364/441/53
f 326/514/53 364/441/53 365/512/53
f 327/515/53 328/516/53 277/434/53
f 277/434/53 328/516/53 329/517/53
f 277/434/53 329/517/53 330/518/53
f 330/518/53 331/519/53 277/434/53
f 277/434/53 331/519/53 332/520/53
f 277/434/53 332/520/53 309/436/53
f 336/465/53 337/505/53 306/463/53
f 346/451/53 347/521/53 282/444/53
f 282/444/53 347/521/53 348/522/53
f 282/444/53 348/522/53 349/523/53
f 349/523/53 350/524/53 282/444/53
f 282/444/53 350/524/53 351/525/53
f 282/444/53 351/525/53 352/526/53
f 352/526/53 353/479/53 282/444/53
f 380/443/53 357/527/53 276/438/53
f 276/438/53 357/527/53 358/528/53
f 276/438/53 358/528/53 359/529/53
f 359/529/53 360/530/53 276/438/53
f 276/438/53 360/530/53 361/531/53
f 276/438/53 361/531/53 362/439/53
f 375/447/53 376/532/53 163/224/53
f 163/224/53 376/532/53 377/533/53
f 163/224/53 377/533/53 378/534/53
f 378/534/53 379/442/53 163/224/53
f 382/535/207 358/536/207 381/537/208
f 381/537/208 358/536/207 357/538/208
f 381/539/209 357/540/209 404/541/210
f 404/541/210 357/540/209 380/542/210
f 404/541/211 380/542/211 403/543/212
f 403/543/212 380/542/211 379/544/212
f 403/543/213 379/544/213 402/545/214
f 402/545/214 379/544/213 378/546/214
f 402/545/215 378/546/215 401/547/216
f 401/547/216 378/546/217 377/548/216
f 401/547/218 377/548/218 400/549/219
f 400/549/219 377/548/218 376/550/219
f 400/549/220 376/550/220 399/551/221
f 399/551/221 376/550/220 375/552/221
f 399/551/222 375/552/222 398/553/223
f 398/553/223 375/552/222 374/554/223
f 398/553/224 374/554/224 397/555/225
f 397/555/225 374/554/224 373/556/225
f 397/555/226 373/556/226 396/557/227
f 396/557/228 373/556/226 372/558/228
f 396/557/229 372/558/229 395/559/230
f 395/559/231 372/558/232 371/560/231
f 395/559/231 371/560/231 394/561/233
f 394/561/234 371/560/235 370/562/234
f 394/561/234 370/562/234 393/563/236
f 393/563/236 370/562/234 369/224/236
f 393/563/58 369/224/58 392/564/237
f 392/564/237 369/224/58 368/565/237
f 392/564/237 368/565/237 391/566/238
f 391/566/239 368/565/240 367/567/239
f 391/566/241 367/567/241 390/568/242
f 390/568/243 367/567/241 366/569/243
f 390/568/244 366/569/244 389/570/245
f 389/570/245 366/569/246 365/571/245
f 389/570/247 365/571/247 388/572/248
f 388/572/248 365/571/247 364/573/248
f 388/572/249 364/573/249 387/574/250
f 387/574/250 364/573/249 363/575/250
f 387/574/251 363/575/251 386/576/252
f 386/576/252 363/575/251 362/577/252
f 386/576/253 362/577/253 385/578/254
f 385/578/254 362/577/253 361/579/254
f 385/578/255 361/579/255 384/580/256
f 384/580/257 361/579/255 360/581/257
f 384/580/258 360/581/258 383/582/259
f 383/582/259 360/581/258 359/583/259
f 383/582/260 359/583/260 382/535/261
f 382/535/261 359/583/262 358/536/261
f 404/584/53 394/585/53 381/586/53
f 381/586/53 394/585/53 393/587/53
f 381/586/53 393/587/53 382/588/53
f 382/588/53 393/587/53 392/589/53
f 382/588/53 392/589/53 383/590/53
f 383/590/53 392/589/53 391/591/53
f 383/590/53 391/591/53 384/592/53
f 384/592/53 391/591/53 390/593/53
f 384/592/53 390/593/53 385/594/53
f 385/594/53 390/593/53 389/595/53
f 385/594/53 389/595/53 386/596/53
f 386/596/53 389/595/53 388/597/53
f 386/596/53 388/597/53 387/598/53
f 394/585/53 404/584/53 395/599/53
f 395/599/53 404/584/53 403/600/53
f 395/599/53 403/600/53 396/601/53
f 396/601/53 403/600/53 402/602/53
f 396/601/53 402/602/53 397/603/53
f 397/603/53 402/602/53 401/604/53
f 397/603/53 401/604/53 398/605/53
f 398/605/53 401/604/53 400/606/53
f 398/605/53 400/606/53 399/607/53
f 406/535/207 334/536/207 405/537/208
f 405/537/55 334/536/263 333/538/55
f 405/539/55 333/540/55 428/541/264
f 428/541/210 333/540/209 356/542/210
f 428/541/211 356/542/211 427/543/212
f 427/543/265 356/542/211 355/544/265
f 427/543/213 355/544/213 426/545/214
f 426/545/214 355/544/213 354/546/214
f 426/545/217 354/546/217 425/547/216
f 425/547/216 354/546/215 353/548/216
f 425/547/218 353/548/218 424/549/219
f 424/549/219 353/548/218 352/550/219
f 424/549/220 352/550/220 423/551/221
f 423/551/221 352/550/220 351/552/221
f 423/551/222 351/552/222 422/553/223
f 422/553/223 351/552/222 350/554/223
f 422/553/224 350/554/224 421/555/225
f 421/555/225 350/554/224 349/556/225
f 421/555/226 349/556/226 420/557/227
f 420/557/228 349/556/226 348/558/228
f 420/557/232 348/558/232 419/559/230
f 419/559/230 348/558/232 347/560/230
f 419/559/235 347/560/235 418/561/234
f 418/561/233 347/560/235 346/562/233
f 418/561/234 346/562/234 417/563/236
f 417/563/236 346/562/234 345/224/236
f 417/563/58 345/224/58 416/564/237
f 416/564/237 345/224/58 344/565/237
f 416/564/240 344/565/240 415/566/238
f 415/566/238 344/565/237 343/567/238
f 415/566/241 343/567/241 414/568/266
f 414/568/266 343/567/241 342/569/266
f 414/568/244 342/569/244 413/570/245
f 413/570/245 342/569/246 341/571/245
f 413/570/247 341/571/247 412/572/248
f 412/572/248 341/571/247 340/573/248
f 412/572/249 340/573/249 411/574/250
f 411/574/250 340/573/249 339/575/250
f 411/574/251 339/575/251 410/576/252
f 410/576/252 339/575/251 338/577/252
f 410/576/253 338/577/253 409/578/254
f 409/578/254 338/577/253 337/579/254
f 409/578/255 337/579/255 408/580/257
f 408/580/256 337/579/255 336/581/256
f 408/580/258 336/581/258 407/582/259
f 407/582/259 336/581/258 335/583/259
f 407/582/267 335/583/267 406/535/261
f 406/535/261 335/583/262 334/536/261
f 428/584/53 418/585/53 405/586/53
f 405/586/53 418/585/53 417/587/53
f 405/586/53 417/587/53 406/588/53
f 406/588/53 417/587/53 416/589/53
f 406/588/53 416/589/53 407/590/53
f 407/590/53 416/589/53 415/591/53
f 407/590/53 415/591/53 408/592/53
f 408/592/53 415/591/53 414/593/53
f 408/592/53 414/593/53 409/594/53
f 409/594/53 414/593/53 413/595/53
f 409/594/53 413/595/53 410/596/53
f 410/596/53 413/595/53 412/597/53
f 410/596/53 412/597/53 411/598/53
f 418/585/53 428/584/53 419/599/53
f 419/599/53 428/584/53 427/600/53
f 419/599/53 427/600/53 420/601/53
f 420/601/53 427/600/53 426/602/53
f 420/601/53 426/602/53 421/603/53
f 421/603/53 426/602/53 425/604/53
f 421/603/53 425/604/53 422/605/53
f 422/605/53 425/604/53 424/606/53
f 422/605/53 424/606/53 423/607/53
f 430/535/207 310/536/207 429/537/208
f 429/537/208 310/536/207 309/538/208
f 429/539/209 309/540/209 452/541/210
f 452/541/210 309/540/209 332/542/210
f 452/541/211 332/542/211 451/543/212
f 451/543/212 332/542/211 331/544/212
f 451/543/213 331/544/213 450/545/268
f 450/545/268 331/544/213 330/546/268
f 450/545/215 330/546/215 449/547/216
f 449/547/216 330/546/217 329/548/216
f 449/547/218 329/548/218 448/549/219
f 448/549/219 329/548/218 328/550/219
f 448/549/269 328/550/269 447/551/221
f 447/551/221 328/550/269 327/552/221
f 447/551/222 327/552/222 446/553/270
f 446/553/270 327/552/222 326/554/270
f 446/553/224 326/554/224 445/555/225
f 445/555/225 326/554/224 325/556/225
f 445/555/226 325/556/226 444/557/227
f 444/557/228 325/556/226 324/558/228
f 444/557/229 324/558/229 443/559/230
f 443/559/230 324/558/232 323/560/230
f 443/559/231 323/560/231 442/561/233
f 442/561/234 323/560/235 322/562/234
f 442/561/234 322/562/234 441/563/236
f 441/563/236 322/562/234 321/224/236
f 441/563/58 321/224/58 440/564/237
f 440/564/237 321/224/58 320/565/237
f 440/564/237 320/565/237 439/566/238
f 439/566/239 320/565/240 319/567/239
f 439/566/241 319/567/241 438/568/242
f 438/568/243 319/567/241 318/569/243
f 438/568/244 318/569/244 437/570/245
f 437/570/245 318/569/246 317/571/245
f 437/570/247 317/571/247 436/572/248
f 436/572/248 317/571/247 316/573/248
f 436/572/249 316/573/249 435/574/250
f 435/574/250 316/573/249 315/575/250
f 435/574/251 315/575/251 434/576/252
f 434/576/252 315/575/251 314/577/252
f 434/576/253 314/577/253 433/578/254
f 433/578/254 314/577/253 313/579/254
f 433/578/255 313/579/255 432/580/256
f 432/580/257 313/579/255 312/581/257
f 432/580/258 312/581/258 431/582/259
f 431/582/259 312/581/258 311/583/259
f 431/582/260 311/583/260 430/535/261
f 430/535/261 311/583/262 310/536/261
f 452/584/53 442/585/53 429/586/53
f 429/586/53 442/585/53 441/587/53
f 429/586/53 441/587/53 430/588/53
f 430/588/53 441/587/53 440/589/53
f 430/588/53 440/589/53 431/590/53
f 431/590/53 440/589/53 439/591/53
f 431/590/53 439/591/53 432/592/53
f 432/592/53 439/591/53 438/593/53
f 432/592/53 438/593/53 433/594/53
f 433/594/53 438/593/53 437/595/53
f 433/594/53 437/595/53 434/596/53
f 434/596/53 437/595/53 436/597/53
f 434/596/53 436/597/53 435/598/53
f 442/585/53 452/584/53 443/599/53
f 443/599/53 452/584/53 451/600/53
f 443/599/53 451/600/53 444/601/53
f 444/601/53 451/600/53 450/602/53
f 444/601/53 450/602/53 445/603/53
f 445/603/53 450/602/53 449/604/53
f 445/603/53 449/604/53 446/605/53
f 446/605/53 449/604/53 448/606/53
f 446/605/53 448/606/53 447/607/53
f 454/535/207 286/536/207 453/537/208
f 453/537/55 286/536/263 285/538/55
f 453/539/55 285/540/55 476/541/264
f 476/541/210 285/540/209 308/542/210
f 476/541/211 308/542/211 475/543/212
f 475/543/265 308/542/211 307/544/265
f 475/543/213 307/544/213 474/545/268
f 474/545/268 307/544/213 306/546/268
f 474/545/217 306/546/217 473/547/216
f 473/547/216 306/546/215 305/548/216
f 473/547/218 305/548/218 472/549/219
f 472/549/219 305/548/218 304/550/219
f 472/549/269 304/550/269 471/551/221
f 471/551/221 304/550/269 303/552/221
f 471/551/222 303/552/222 470/553/270
f 470/553/270 303/552/222 302/554/270
f 470/553/224 302/554/224 469/555/225
f 469/555/225 302/554/224 301/556/225
f 469/555/226 301/556/226 468/557/227
f 468/557/228 301/556/226 300/558/228
f 468/557/232 300/558/232 467/559/230
f 467/559/230 300/558/232 299/560/230
f 467/559/231 299/560/231 466/561/233
f 466/561/233 299/560/235 298/562/233
f 466/561/234 298/562/234 465/563/236
f 465/563/236 298/562/234 297/224/236
f 465/563/58 297/224/58 464/564/237
f 464/564/237 297/224/58 296/565/237
f 464/564/240 296/565/240 463/566/238
f 463/566/239 296/565/240 295/567/239
f 463/566/241 295/567/241 462/568/242
f 462/568/242 295/567/241 294/569/242
f 462/568/244 294/569/244 461/570/245
f 461/570/245 294/569/246 293/571/245
f 461/570/247 293/571/247 460/572/248
f 460/572/248 293/571/247 292/573/248
f 460/572/249 292/573/249 459/574/250
f 459/574/250 292/573/249 291/575/250
f 459/574/251 291/575/251 458/576/252
f 458/576/252 291/575/251 290/577/252
f 458/576/253 290/577/253 457/578/254
f 457/578/254 290/577/253 289/579/254
f 457/578/255 289/579/255 456/580/257
f 456/580/256 289/579/255 288/581/256
f 456/580/258 288/581/258 455/582/259
f 455/582/259 288/581/258 287/583/259
f 455/582/267 287/583/267 454/535/261
f 454/535/261 287/583/262 286/536/261
f 476/584/53 466/585/53 453/586/53
f 453/586/53 466/585/53 465/587/53
f 453/586/53 465/587/53 454/588/53
f 454/588/53 465/587/53 464/589/53
f 454/588/53 464/589/53 455/590/53
f 455/590/53 464/589/53 463/591/53
f 455/590/53 463/591/53 456/592/53
f 456/592/53 463/591/53 462/593/53
f 456/592/53 462/593/53 457/594/53
f 457/594/53 462/593/53 461/595/53
f 457/594/53 461/595/53 458/596/53
f 458/596/53 461/595/53 460/597/53
f 458/596/53 460/597/53 459/598/53
f 466/585/53 476/584/53 467/599/53
f 467/599/53 476/584/53 475/600/53
f 467/599/53 475/600/53 468/601/53
f 468/601/53 475/600/53 474/602/53
f 468/601/53 474/602/53 469/603/53
f 469/603/53 474/602/53 473/604/53
f 469/603/53 473/604/53 470/605/53
f 470/605/53 473/604/53 472/606/53
f 470/605/53 472/606/53 471/607/53
f 478/535/237 524/536/237 477/537/58
f 477/537/58 524/536/237 501/538/58
f 477/539/236 501/540/236 500/541/234
f 500/541/234 501/540/236 502/608/234
f 500/541/233 502/608/233 499/543/235
f 499/543/235 502/608/234 503/544/235
f 499/543/230 503/544/230 498/545/232
f 498/545/232 503/544/230 504/546/232
f 498/545/228 504/546/228 497/547/226
f 497/547/226 504/546/227 505/548/226
f 497/547/225 505/548/225 496/549/224
f 496/549/224 505/548/225 506/550/224
f 496/549/223 506/550/223 495/551/222
f 495/551/222 506/550/223 507/552/222
f 495/551/221 507/552/221 494/553/220
f 494/553/220 507/552/221 508/554/220
f 494/553/219 508/554/219 493/555/218
f 493/555/218 508/554/219 509/556/218
f 493/555/216 509/556/216 492/557/217
f 492/557/217 509/556/216 510/558/217
f 492/557/214 510/558/214 491/559/213
f 491/559/213 510/558/214 511/560/213
f 491/559/265 511/560/265 490/561/211
f 490/561/211 511/560/212 512/562/211
f 490/561/210 512/562/210 489/563/209
f 489/563/55 512/562/264 513/224/55
f 489/563/55 513/224/55 488/564/263
f 488/564/207 513/224/208 514/565/207
f 488/564/261 514/565/261 487/566/262
f 487/566/267 514/565/261 515/567/267
f 487/566/259 515/567/259 486/568/258
f 486/568/258 515/567/259 516/569/258
f 486/568/256 516/569/256 485/570/255
f 485/570/255 516/569/257 517/571/255
f 485/570/254 517/571/254 484/572/253
f 484/572/253 517/571/254 518/573/253
f 484/572/252 518/573/252 483/574/251
f 483/574/251 518/573/252 519/575/251
f 483/574/250 519/575/250 482/576/249
f 482/576/249 519/575/250 520/577/249
f 482/576/248 520/577/248 481/578/247
f 481/578/247 520/577/248 521/579/247
f 481/578/245 521/579/245 480/580/244
f 480/580/244 521/579/245 522/581/244
f 480/580/266 522/581/266 479/582/241
f 479/582/241 522/581/266 523/583/241
f 479/582/238 523/583/238 478/535/237
f 478/535/240 523/583/239 524/536/240
f 500/584/51 490/585/51 477/586/51
f 477/586/51 490/585/51 489/587/51
f 477/586/51 489/587/51 478/588/51
f 478/588/51 489/587/51 488/589/51
f 478/588/51 488/589/51 479/590/51
f 479/590/51 488/589/51 487/591/51
f 479/590/51 487/591/51 480/592/51
f 480/592/51 487/591/51 486/593/51
f 480/592/51 486/593/51 481/594/51
f 481/594/51 486/593/51 485/595/51
f 481/594/51 485/595/51 482/596/51
f 482/596/51 485/595/51 484/597/51
f 482/596/51 484/597/51 483/598/51
f 490/585/51 500/584/51 491/599/51
f 491/599/51 500/584/51 499/600/51
f 491/599/51 499/600/51 492/601/51
f 492/601/51 499/600/51 498/602/51
f 492/601/51 498/602/51 493/603/51
f 493/603/51 498/602/51 497/604/51
f 493/603/51 497/604/51 494/605/51
f 494/605/51 497/604/51 496/606/51
f 494/605/51 496/606/51 495/607/51
f 526/535/237 572/536/237 525/537/58
f 525/537/58 572/536/237 549/538/58
f 525/539/236 549/540/236 548/541/234
f 548/541/234 549/540/236 550/608/234
f 548/541/234 550/608/234 547/543/235
f 547/543/231 550/608/233 551/544/231
f 547/543/231 551/544/231 546/545/232
f 546/545/229 551/544/230 552/546/229
f 546/545/228 552/546/228 545/547/226
f 545/547/226 552/546/227 553/548/226
f 545/547/225 553/548/225 544/549/224
f 544/549/224 553/548/225 554/550/224
f 544/549/223 554/550/223 543/551/222
f 543/551/222 554/550/223 555/552/222
f 543/551/221 555/552/221 542/553/220
f 542/553/220 555/552/221 556/554/220
f 542/553/219 556/554/219 541/555/218
f 541/555/218 556/554/219 557/556/218
f 541/555/216 557/556/216 540/557/217
f 540/557/215 557/556/216 558/558/215
f 540/557/214 558/558/214 539/559/213
f 539/559/213 558/558/214 559/560/213
f 539/559/212 559/560/212 538/561/211
f 538/561/211 559/560/212 560/562/211
f 538/561/210 560/562/210 537/563/209
f 537/563/209 560/562/210 561/224/209
f 537/563/208 561/224/208 536/564/207
f 536/564/207 561/224/208 562/565/207
f 536/564/261 562/565/261 535/566/260
f 535/566/262 562/565/261 563/567/262
f 535/566/259 563/567/259 534/568/258
f 534/568/258 563/567/259 564/569/258
f 534/568/256 564/569/257 533/570/255
f 533/570/255 564/569/256 565/571/255
f 533/570/254 565/571/254 532/572/253
f 532/572/253 565/571/254 566/573/253
f 532/572/252 566/573/252 531/574/251
f 531/574/251 566/573/252 567/575/251
f 531/574/250 567/575/250 530/576/249
f 530/576/249 567/575/250 568/577/249
f 530/576/248 568/577/248 529/578/247
f 529/578/247 568/577/248 569/579/247
f 529/578/245 569/579/245 528/580/244
f 528/580/244 569/579/245 570/581/244
f 528/580/243 570/581/243 527/582/241
f 527/582/241 570/581/242 571/583/241
f 527/582/239 571/583/239 526/535/240
f 526/535/237 571/583/238 572/536/237
f 548/584/51 538/585/51 525/586/51
f 525/586/51 538/585/51 537/587/51
f 525/586/51 537/587/51 526/588/51
f 526/588/51 537/587/51 536/589/51
f 526/588/51 536/589/51 527/590/51
f 527/590/51 536/589/51 535/591/51
f 527/590/51 535/591/51 528/592/51
f 528/592/51 535/591/51 534/593/51
f 528/592/51 534/593/51 529/594/51
f 529/594/51 534/593/51 533/595/51
f 529/594/51 533/595/51 530/596/51
f 530/596/51 533/595/51 532/597/51
f 530/596/51 532/597/51 531/598/51
f 538/585/51 548/584/51 539/599/51
f 539/599/51 548/584/51 547/600/51
f 539/599/51 547/600/51 540/601/51
f 540/601/51 547/600/51 546/602/51
f 540/601/51 546/602/51 541/603/51
f 541/603/51 546/602/51 545/604/51
f 541/603/51 545/604/51 542/605/51
f 542/605/51 545/604/51 544/606/51
f 542/605/51 544/606/51 543/607/51
f 574/535/237 620/536/237 573/537/58
f 573/537/58 620/536/237 597/538/58
f 573/539/236 597/540/236 596/541/234
f 596/541/234 597/540/236 598/608/234
f 596/541/233 598/608/233 595/543/235
f 595/543/231 598/608/233 599/544/231
f 595/543/230 599/544/230 594/545/232
f 594/545/232 599/544/230 600/546/232
f 594/545/228 600/546/228 593/547/226
f 593/547/226 600/546/227 601/548/226
f 593/547/225 601/548/225 592/549/224
f 592/549/224 601/548/225 602/550/224
f 592/549/270 602/550/270 591/551/222
f 591/551/222 602/550/270 603/552/222
f 591/551/221 603/552/221 590/553/269
f 590/553/269 603/552/221 604/554/269
f 590/553/219 604/554/219 589/555/218
f 589/555/218 604/554/219 605/556/218
f 589/555/216 605/556/216 588/557/217
f 588/557/217 605/556/216 606/558/217
f 588/557/268 606/558/268 587/559/213
f 587/559/213 606/558/268 607/560/213
f 587/559/265 607/560/265 586/561/211
f 586/561/211 607/560/212 608/562/211
f 586/561/210 608/562/210 585/563/209
f 585/563/55 608/562/264 609/224/55
f 585/563/55 609/224/55 584/564/263
f 584/564/207 609/224/208 610/565/207
f 584/564/261 610/565/261 583/566/262
f 583/566/267 610/565/261 611/567/267
f 583/566/259 611/567/259 582/568/258
f 582/568/258 611/567/259 612/569/258
f 582/568/256 612/569/256 581/570/255
f 581/570/255 612/569/257 613/571/255
f 581/570/254 613/571/254 580/572/253
f 580/572/253 613/571/254 614/573/253
f 580/572/252 614/573/252 579/574/251
f 579/574/251 614/573/252 615/575/251
f 579/574/250 615/575/250 578/576/249
f 578/576/249 615/575/250 616/577/249
f 578/576/248 616/577/248 577/578/247
f 577/578/247 616/577/248 617/579/247
f 577/578/245 617/579/245 576/580/244
f 576/580/244 617/579/245 618/581/244
f 576/580/242 618/581/242 575/582/241
f 575/582/241 618/581/242 619/583/241
f 575/582/239 619/583/239 574/535/240
f 574/535/240 619/583/238 620/536/240
f 596/584/51 586/585/51 573/586/51
f 573/586/51 586/585/51 585/587/51
f 573/586/51 585/587/51 574/588/51
f 574/588/51 585/587/51 584/589/51
f 574/588/51 584/589/51 575/590/51
f 575/590/51 584/589/51 583/591/51
f 575/590/51 583/591/51 576/592/51
f 576/592/51 583/591/51 582/593/51
f 576/592/51 582/593/51 577/594/51
f 577/594/51 582/593/51 581/595/51
f 577/594/51 581/595/51 578/596/51
f 578/596/51 581/595/51 580/597/51
f 578/596/51 580/597/51 579/598/51
f 586/585/51 596/584/51 587/599/51
f 587/599/51 596/584/51 595/600/51
f 587/599/51 595/600/51 588/601/51
f 588/601/51 595/600/51 594/602/51
f 588/601/51 594/602/51 589/603/51
f 589/603/51 594/602/51 593/604/51
f 589/603/51 593/604/51 590/605/51
f 590/605/51 593/604/51 592/606/51
f 590/605/51 592/606/51 591/607/51
f 622/535/237 668/536/237 621/537/58
f 621/537/58 668/536/237 645/538/58
f 621/539/236 645/540/236 644/541/234
f 644/541/234 645/540/236 646/608/234
f 644/541/234 646/608/234 643/543/235
f 643/543/231 646/608/233 647/544/231
f 643/543/230 647/544/230 642/545/232
f 642/545/229 647/544/230 648/546/229
f 642/545/228 648/546/228 641/547/226
f 641/547/226 648/546/227 649/548/226
f 641/547/225 649/548/225 640/549/224
f 640/549/224 649/548/225 650/550/224
f 640/549/270 650/550/270 639/551/222
f 639/551/222 650/550/270 651/552/222
f 639/551/221 651/552/221 638/553/269
f 638/553/269 651/552/221 652/554/269
f 638/553/219 652/554/219 637/555/218
f 637/555/218 652/554/219 653/556/218
f 637/555/216 653/556/216 636/557/217
f 636/557/215 653/556/216 654/558/215
f 636/557/268 654/558/268 635/559/213
f 635/559/213 654/558/268 655/560/213
f 635/559/212 655/560/212 634/561/211
f 634/561/211 655/560/212 656/562/211
f 634/561/210 656/562/210 633/563/209
f 633/563/209 656/562/210 657/224/209
f 633/563/208 657/224/208 632/564/207
f 632/564/207 657/224/208 658/565/207
f 632/564/261 658/565/261 631/566/260
f 631/566/262 658/565/261 659/567/262
f 631/566/259 659/567/259 630/568/258
f 630/568/258 659/567/259 660/569/258
f 630/568/256 660/569/257 629/570/255
f 629/570/255 660/569/256 661/571/255
f 629/570/254 661/571/254 628/572/253
f 628/572/253 661/571/254 662/573/253
f 628/572/252 662/573/252 627/574/251
f 627/574/251 662/573/252 663/575/251
f 627/574/250 663/575/250 626/576/249
f 626/576/249 663/575/250 664/577/249
f 626/576/248 664/577/248 625/578/247
f 625/578/247 664/577/248 665/579/247
f 625/578/245 665/579/245 624/580/244
f 624/580/244 665/579/245 666/581/244
f 624/580/243 666/581/243 623/582/241
f 623/582/241 666/581/242 667/583/241
f 623/582/239 667/583/239 622/535/240
f 622/535/237 667/583/238 668/536/237
f 644/584/51 634/585/51 621/586/51
f 621/586/51 634/585/51 633/587/51
f 621/586/51 633/587/51 622/588/51
f 622/588/51 633/587/51 632/589/51
f 622/588/51 632/589/51 623/590/51
f 623/590/51 632/589/51 631/591/51
f 623/590/51 631/591/51 624/592/51
f 624/592/51 631/591/51 630/593/51
f 624/592/51 630/593/51 625/594/51
f 625/594/51 630/593/51 629/595/51
f 625/594/51 629/595/51 626/596/51
f 626/596/51 629/595/51 628/597/51
f 626/596/51 628/597/51 627/598/51
f 634/585/51 644/584/51 635/599/51
f 635/599/51 644/584/51 643/600/51
f 635/599/51 643/600/51 636/601/51
f 636/601/51 643/600/51 642/602/51
f 636/601/51 642/602/51 637/603/51
f 637/603/51 642/602/51 641/604/51
f 637/603/51 641/604/51 638/605/51
f 638/605/51 641/604/51 640/606/51
f 638/605/51 640/606/51 639/607/51
f 120/609/271 694/610/271 97/611/272
f 97/611/272 694/610/271 693/612/272
f 97/613/273 693/614/273 98/615/274
f 98/615/274 693/614/273 716/616/274
f 98/615/275 716/616/275 99/617/276
f 99/617/276 716/616/275 715/618/276
f 99/617/277 715/618/277 100/619/278
f 100/619/279 715/618/280 714/620/279
f 100/619/281 714/620/281 101/621/282
f 101/621/283 714/620/278 713/622/283
f 101/621/284 713/622/284 102/623/285
f 102/623/286 713/622/282 712/624/286
f 102/623/287 712/624/287 103/625/52
f 103/625/52 712/624/287 711/626/52
f 103/625/52 711/626/52 104/627/288
f 104/627/288 711/626/52 710/628/288
f 104/627/289 710/628/289 105/629/290
f 105/629/291 710/628/292 709/630/291
f 105/629/293 709/630/293 106/631/294
f 106/631/295 709/630/290 708/632/295
f 106/631/296 708/632/296 107/633/297
f 107/633/298 708/632/294 707/634/298
f 107/633/299 707/634/299 108/635/300
f 108/635/300 707/634/299 706/636/300
f 108/635/301 706/636/301 109/637/302
f 109/637/302 706/636/301 705/638/302
f 109/637/303 705/638/303 110/639/304
f 110/639/305 705/638/303 704/640/305
f 110/639/306 704/640/306 111/641/307
f 111/641/307 704/640/306 703/642/307
f 111/641/308 703/642/308 112/643/309
f 112/643/310 703/642/311 702/644/310
f 112/643/310 702/644/310 113/645/312
f 113/645/312 702/644/310 701/646/312
f 113/645/313 701/646/313 114/647/314
f 114/647/314 701/646/313 700/648/314
f 114/647/315 700/648/315 115/649/128
f 115/649/128 700/648/315 699/650/128
f 115/649/129 699/650/129 116/651/316
f 116/651/316 699/650/129 698/652/316
f 116/651/317 698/652/317 117/653/318
f 117/653/318 698/652/317 697/654/318
f 117/653/319 697/654/319 118/655/320
f 118/655/320 697/654/319 696/656/320
f 118/655/320 696/656/320 119/657/321
f 119/657/322 696/656/323 695/658/322
f 119/657/324 695/658/324 120/609/325
f 120/609/325 695/658/324 694/610/325
f 670/535/274 716/616/274 669/537/273
f 669/537/273 716/616/274 693/614/273
f 669/539/272 693/612/272 692/541/271
f 692/541/271 693/612/272 694/610/271
f 692/541/325 694/610/325 691/543/324
f 691/543/324 694/610/325 695/658/324
f 691/543/321 695/658/321 690/545/326
f 690/545/326 695/658/321 696/656/326
f 690/545/327 696/656/327 689/547/328
f 689/547/319 696/656/320 697/654/319
f 689/547/318 697/654/318 688/549/317
f 688/549/329 697/654/328 698/652/329
f 688/549/316 698/652/316 687/551/129
f 687/551/54 698/652/330 699/650/54
f 687/551/54 699/650/54 686/553/331
f 686/553/315 699/650/128 700/648/315
f 686/553/332 700/648/332 685/555/333
f 685/555/313 700/648/314 701/646/313
f 685/555/312 701/646/312 684/557/310
f 684/557/334 701/646/333 702/644/334
f 684/557/335 702/644/335 683/559/311
f 683/559/311 702/644/335 703/642/311
f 683/559/307 703/642/307 682/561/306
f 682/561/306 703/642/307 704/640/306
f 682/561/305 704/640/305 681/563/303
f 681/563/303 704/640/305 705/638/303
f 681/563/302 705/638/302 680/564/301
f 680/564/301 705/638/302 706/636/301
f 680/564/300 706/636/300 679/566/299
f 679/566/299 706/636/300 707/634/299
f 679/566/298 707/634/298 678/568/294
f 678/568/294 707/634/298 708/632/294
f 678/568/294 708/632/294 677/570/293
f 677/570/293 708/632/294 709/630/293
f 677/570/291 709/630/291 676/572/292
f 676/572/292 709/630/291 710/628/292
f 676/572/336 710/628/336 675/574/337
f 675/574/52 710/628/288 711/626/52
f 675/574/52 711/626/52 674/576/287
f 674/576/338 711/626/339 712/624/338
f 674/576/285 712/624/285 673/578/284
f 673/578/284 712/624/285 713/622/284
f 673/578/283 713/622/283 672/580/278
f 672/580/278 713/622/283 714/620/278
f 672/580/278 714/620/278 671/582/277
f 671/582/277 714/620/278 715/618/277
f 671/582/276 715/618/276 670/535/275
f 670/535/275 715/618/276 716/616/275
f 692/584/48 682/585/48 669/586/48
f 669/586/48 682/585/48 681/587/48
f 669/586/48 681/587/48 670/588/48
f 670/588/48 681/587/48 680/589/48
f 670/588/48 680/589/48 671/590/48
f 671/590/48 680/589/48 679/591/48
f 671/590/48 679/591/48 672/592/48
f 672/592/48 679/591/48 678/593/48
f 672/592/48 678/593/48 673/594/48
f 673/594/48 678/593/48 677/595/48
f 673/594/48 677/595/48 674/596/48
f 674/596/48 677/595/48 676/597/48
f 674/596/48 676/597/48 675/598/48
f 682/585/48 692/584/48 683/599/48
f 683/599/48 692/584/48 691/600/48
f 683/599/48 691/600/48 684/601/48
f 684/601/48 691/600/48 690/602/48
f 684/601/48 690/602/48 685/603/48
f 685/603/48 690/602/48 689/604/48
f 685/603/48 689/604/48 686/605/48
f 686/605/48 689/604/48 688/606/48
f 686/605/48 688/606/48 687/607/48
f 72/609/271 742/610/271 49/611/272
f 49/611/272 742/610/271 741/612/272
f 49/613/273 741/614/273 50/615/274
f 50/615/274 741/614/273 764/616/274
f 50/615/275 764/616/275 51/617/276
f 51/617/276 764/616/275 763/618/276
f 51/617/277 763/618/277 52/619/278
f 52/619/279 763/618/280 762/620/279
f 52/619/281 762/620/281 53/621/282
f 53/621/283 762/620/278 761/622/283
f 53/621/284 761/622/284 54/623/285
f 54/623/286 761/622/282 760/624/286
f 54/623/287 760/624/287 55/625/52
f 55/625/52 760/624/287 759/626/52
f 55/625/52 759/626/52 56/627/288
f 56/627/288 759/626/52 758/628/288
f 56/627/289 758/628/289 57/629/290
f 57/629/291 758/628/292 757/630/291
f 57/629/293 757/630/293 58/631/294
f 58/631/295 757/630/290 756/632/295
f 58/631/296 756/632/296 59/633/297
f 59/633/298 756/632/294 755/634/298
f 59/633/299 755/634/299 60/635/300
f 60/635/300 755/634/299 754/636/300
f 60/635/340 754/636/340 61/637/302
f 61/637/302 754/636/340 753/638/302
f 61/637/303 753/638/303 62/639/341
f 62/639/304 753/638/51 752/640/304
f 62/639/306 752/640/306 63/641/307
f 63/641/307 752/640/306 751/642/307
f 63/641/308 751/642/308 64/643/309
f 64/643/310 751/642/311 750/644/310
f 64/643/310 750/644/310 65/645/312
f 65/645/312 750/644/310 749/646/312
f 65/645/313 749/646/313 66/647/314
f 66/647/314 749/646/313 748/648/314
f 66/647/315 748/648/315 67/649/128
f 67/649/128 748/648/315 747/650/128
f 67/649/129 747/650/129 68/651/316
f 68/651/316 747/650/129 746/652/316
f 68/651/317 746/652/317 69/653/318
f 69/653/318 746/652/317 745/654/318
f 69/653/319 745/654/319 70/655/320
f 70/655/320 745/654/319 744/656/320
f 70/655/320 744/656/320 71/657/321
f 71/657/322 744/656/323 743/658/322
f 71/657/324 743/658/324 72/609/325
f 72/609/325 743/658/324 742/610/325
f 718/535/274 764/616/274 717/537/273
f 717/537/273 764/616/274 741/614/273
f 717/539/272 741/612/272 740/541/271
f 740/541/271 741/612/272 742/610/271
f 740/541/325 742/610/325 739/543/324
f 739/543/324 742/610/325 743/658/324
f 739/543/321 743/658/321 738/545/326
f 738/545/326 743/658/321 744/656/326
f 738/545/327 744/656/327 737/547/328
f 737/547/319 744/656/320 745/654/319
f 737/547/318 745/654/318 736/549/317
f 736/549/329 745/654/328 746/652/329
f 736/549/316 746/652/316 735/551/129
f 735/551/54 746/652/330 747/650/54
f 735/551/54 747/650/54 734/553/331
f 734/553/315 747/650/128 748/648/315
f 734/553/332 748/648/332 733/555/342
f 733/555/313 748/648/314 749/646/313
f 733/555/312 749/646/312 732/557/310
f 732/557/334 749/646/333 750/644/334
f 732/557/335 750/644/335 731/559/311
f 731/559/311 750/644/335 751/642/311
f 731/559/307 751/642/307 730/561/306
f 730/561/306 751/642/307 752/640/306
f 730/561/304 752/640/304 729/563/51
f 729/563/303 752/640/341 753/638/303
f 729/563/302 753/638/302 728/564/340
f 728/564/340 753/638/302 754/636/340
f 728/564/300 754/636/300 727/566/299
f 727/566/299 754/636/300 755/634/299
f 727/566/298 755/634/298 726/568/294
f 726/568/294 755/634/298 756/632/294
f 726/568/294 756/632/294 725/570/293
f 725/570/293 756/632/294 757/630/293
f 725/570/291 757/630/291 724/572/292
f 724/572/292 757/630/291 758/628/292
f 724/572/336 758/628/336 723/574/337
f 723/574/52 758/628/288 759/626/52
f 723/574/52 759/626/52 722/576/287
f 722/576/338 759/626/339 760/624/338
f 722/576/285 760/624/285 721/578/284
f 721/578/284 760/624/285 761/622/284
f 721/578/283 761/622/283 720/580/278
f 720/580/278 761/622/283 762/620/278
f 720/580/278 762/620/278 719/582/277
f 719/582/277 762/620/278 763/618/277
f 719/582/276 763/618/276 718/535/275
f 718/535/275 763/618/276 764/616/275
f 740/584/48 730/585/48 717/586/48
f 717/586/48 730/585/48 729/587/48
f 717/586/48 729/587/48 718/588/48
f 718/588/48 729/587/48 728/589/48
f 718/588/48 728/589/48 719/590/48
f 719/590/48 728/589/48 727/591/48
f 719/590/48 727/591/48 720/592/48
f 720/592/48 727/591/48 726/593/48
f 720/592/48 726/593/48 721/594/48
f 721/594/48 726/593/48 725/595/48
f 721/594/48 725/595/48 722/596/48
f 722/596/48 725/595/48 724/597/48
f 722/596/48 724/597/48 723/598/48
f 730/585/48 740/584/48 731/599/48
f 731/599/48 740/584/48 739/600/48
f 731/599/48 739/600/48 732/601/48
f 732/601/48 739/600/48 738/602/48
f 732/601/48 738/602/48 733/603/48
f 733/603/48 738/602/48 737/604/48
f 733/603/48 737/604/48 734/605/48
f 734/605/48 737/604/48 736/606/48
f 734/605/48 736/606/48 735/607/48
f 96/659/271 790/660/271 73/661/272
f 73/661/272 790/660/271 789/662/272
f 73/663/273 789/664/273 74/665/343
f 74/665/343 789/664/273 812/666/343
f 74/665/275 812/666/275 75/667/276
f 75/667/276 812/666/275 811/668/276
f 75/667/280 811/668/280 76/669/279
f 76/669/278 811/668/277 810/670/278
f 76/669/281 810/670/281 77/617/283
f 77/617/283 810/670/281 809/671/283
f 77/617/284 809/671/284 78/672/285
f 78/672/338 809/671/284 808/673/338
f 78/672/338 808/673/338 79/674/344
f 79/674/339 808/673/345 807/675/339
f 79/674/337 807/675/337 80/676/346
f 80/676/336 807/675/347 806/677/336
f 80/676/336 806/677/336 81/627/291
f 81/627/291 806/677/292 805/678/291
f 81/627/293 805/678/293 82/679/348
f 82/679/348 805/678/293 804/680/348
f 82/679/349 804/680/349 83/681/298
f 83/681/297 804/680/296 803/682/297
f 83/681/299 803/682/299 84/683/300
f 84/683/300 803/682/299 802/684/300
f 84/683/340 802/684/340 85/637/302
f 85/637/302 802/684/340 801/685/302
f 85/637/303 801/685/303 86/686/341
f 86/686/341 801/685/303 800/687/341
f 86/686/306 800/687/306 87/688/307
f 87/688/307 800/687/306 799/689/307
f 87/688/308 799/689/308 88/690/309
f 88/690/335 799/689/311 798/691/335
f 88/690/334 798/691/334 89/647/312
f 89/647/312 798/691/334 797/692/312
f 89/647/342 797/692/342 90/693/332
f 90/693/314 797/692/313 796/694/314
f 90/693/315 796/694/315 91/695/350
f 91/695/128 796/694/351 795/696/128
f 91/695/129 795/696/129 92/697/352
f 92/697/316 795/696/353 794/698/316
f 92/697/317 794/698/317 93/657/318
f 93/657/328 794/698/317 793/699/328
f 93/657/328 793/699/328 94/700/327
f 94/700/327 793/699/328 792/701/327
f 94/700/320 792/701/320 95/702/321
f 95/702/322 792/701/323 791/703/322
f 95/702/324 791/703/324 96/659/325
f 96/659/325 791/703/324 790/660/325
f 766/704/343 812/666/343 765/705/273
f 765/705/273 812/666/343 789/664/273
f 765/706/272 789/662/272 788/707/271
f 788/707/271 789/662/272 790/660/271
f 788/707/325 790/660/325 787/708/324
f 787/708/324 790/660/325 791/703/324
f 787/708/321 791/703/321 786/709/323
f 786/709/320 791/703/321 792/701/320
f 786/709/320 792/701/320 785/710/319
f 785/710/328 792/701/327 793/699/328
f 785/710/318 793/699/318 784/711/317
f 784/711/317 793/699/328 794/698/317
f 784/711/352 794/698/352 783/712/129
f 783/712/129 794/698/352 795/696/129
f 783/712/128 795/696/128 782/713/351
f 782/713/351 795/696/128 796/694/351
f 782/713/332 796/694/332 781/714/342
f 781/714/313 796/694/314 797/692/313
f 781/714/312 797/692/312 780/715/334
f 780/715/310 797/692/312 798/691/310
f 780/715/335 798/691/335 779/716/311
f 779/716/308 798/691/309 799/689/308
f 779/716/307 799/689/307 778/717/306
f 778/717/306 799/689/307 800/687/306
f 778/717/341 800/687/341 777/718/303
f 777/718/303 800/687/341 801/685/303
f 777/718/302 801/685/302 776/719/340
f 776/719/340 801/685/302 802/684/340
f 776/719/300 802/684/300 775/720/299
f 775/720/299 802/684/300 803/682/299
f 775/720/297 803/682/297 774/721/296
f 774/721/349 803/682/298 804/680/349
f 774/721/348 804/680/348 773/722/293
f 773/722/293 804/680/348 805/678/293
f 773/722/291 805/678/291 772/723/292
f 772/723/336 805/678/291 806/677/336
f 772/723/336 806/677/336 771/724/347
f 771/724/337 806/677/346 807/675/337
f 771/724/339 807/675/339 770/725/345
f 770/725/338 807/675/344 808/673/338
f 770/725/338 808/673/338 769/726/284
f 769/726/284 808/673/285 809/671/284
f 769/726/283 809/671/283 768/727/281
f 768/727/281 809/671/283 810/670/281
f 768/727/278 810/670/278 767/728/277
f 767/728/280 810/670/279 811/668/280
f 767/728/276 811/668/276 766/704/275
f 766/704/275 811/668/276 812/666/275
f 788/729/48 778/730/48 765/731/48
f 765/731/48 778/730/48 777/732/48
f 765/731/48 777/732/48 766/733/48
f 766/733/48 777/732/48 776/734/48
f 766/733/48 776/734/48 767/735/48
f 767/735/48 776/734/48 775/736/48
f 767/735/48 775/736/48 768/737/48
f 768/737/48 775/736/48 774/738/48
f 768/737/48 774/738/48 769/739/48
f 769/739/48 774/738/48 773/740/48
f 769/739/48 773/740/48 770/741/48
f 770/741/48 773/740/48 772/742/48
f 770/741/48 772/742/48 771/743/48
f 778/730/48 788/729/48 779/744/48
f 779/744/48 788/729/48 787/745/48
f 779/744/48 787/745/48 780/746/48
f 780/746/48 787/745/48 786/747/48
f 780/746/48 786/747/48 781/748/48
f 781/748/48 786/747/48 785/749/48
f 781/748/48 785/749/48 782/750/48
f 782/750/48 785/749/48 784/751/48
f 782/750/48 784/751/48 783/752/48
f 814/704/340 862/753/340 813/705/302
f 813/705/302 862/753/340 861/754/302
f 813/706/303 861/755/303 836/707/341
f 836/707/341 861/755/303 884/756/341
f 836/707/306 884/756/306 835/708/307
f 835/708/307 884/756/306 883/757/307
f 835/708/311 883/757/311 834/709/335
f 834/709/335 883/757/311 882/758/335
f 834/709/310 882/758/310 833/710/312
f 833/710/312 882/758/334 881/543/312
f 833/710/342 881/543/342 832/711/314
f 832/711/314 881/543/313 880/759/314
f 832/711/351 880/759/351 831/712/128
f 831/712/128 880/759/351 879/760/128
f 831/712/129 879/760/129 830/713/352
f 830/713/352 879/760/129 878/761/352
f 830/713/317 878/761/317 829/714/318
f 829/714/328 878/761/317 877/553/328
f 829/714/328 877/553/328 828/715/327
f 828/715/320 877/553/319 876/762/320
f 828/715/323 876/762/323 827/716/321
f 827/716/321 876/762/323 875/763/321
f 827/716/324 875/763/324 826/717/325
f 826/717/325 875/763/324 874/764/325
f 826/717/271 874/764/271 825/718/272
f 825/718/272 874/764/271 873/563/272
f 825/718/273 873/563/273 824/719/343
f 824/719/343 873/563/273 872/765/343
f 824/719/275 872/765/275 823/720/276
f 823/720/276 872/765/275 871/766/276
f 823/720/277 871/766/277 822/721/279
f 822/721/279 871/766/277 870/767/279
f 822/721/281 870/767/281 821/722/283
f 821/722/283 870/767/281 869/572/283
f 821/722/284 869/572/284 820/723/285
f 820/723/285 869/572/284 868/768/285
f 820/723/345 868/768/345 819/724/339
f 819/724/339 868/768/345 867/769/339
f 819/724/337 867/769/337 818/725/346
f 818/725/346 867/769/337 866/770/346
f 818/725/292 866/770/292 817/726/291
f 817/726/291 866/770/292 865/582/291
f 817/726/293 865/582/293 816/727/348
f 816/727/348 865/582/293 864/771/348
f 816/727/349 864/771/349 815/728/298
f 815/728/298 864/771/349 863/772/298
f 815/728/299 863/772/299 814/704/300
f 814/704/300 863/772/299 862/753/300
f 838/773/341 884/756/341 837/774/303
f 837/774/303 884/756/341 861/755/303
f 837/775/302 861/754/302 860/776/340
f 860/776/340 861/754/302 862/753/340
f 860/776/300 862/753/300 859/777/299
f 859/777/299 862/753/300 863/772/299
f 859/777/298 863/772/298 858/778/349
f 858/778/349 863/772/298 864/771/349
f 858/778/348 864/771/348 857/583/293
f 857/583/293 864/771/348 865/582/293
f 857/583/291 865/582/291 856/779/292
f 856/779/292 865/582/291 866/770/292
f 856/779/346 866/770/346 855/780/337
f 855/780/337 866/770/346 867/769/337
f 855/780/339 867/769/339 854/781/345
f 854/781/345 867/769/339 868/768/345
f 854/781/285 868/768/285 853/573/284
f 853/573/284 868/768/285 869/572/284
f 853/573/283 869/572/283 852/782/281
f 852/782/281 869/572/283 870/767/281
f 852/782/279 870/767/279 851/783/277
f 851/783/280 870/767/279 871/766/280
f 851/783/276 871/766/276 850/784/275
f 850/784/275 871/766/276 872/765/275
f 850/784/343 872/765/343 849/224/273
f 849/224/273 872/765/343 873/563/273
f 849/224/272 873/563/272 848/785/271
f 848/785/271 873/563/272 874/764/271
f 848/785/325 874/764/325 847/786/324
f 847/786/324 874/764/325 875/763/324
f 847/786/321 875/763/321 846/787/323
f 846/787/323 875/763/322 876/762/323
f 846/787/320 876/762/320 845/554/319
f 845/554/328 876/762/327 877/553/328
f 845/554/328 877/553/328 844/788/317
f 844/788/317 877/553/318 878/761/317
f 844/788/352 878/761/352 843/789/129
f 843/789/129 878/761/352 879/760/129
f 843/789/128 879/760/128 842/790/351
f 842/790/351 879/760/128 880/759/351
f 842/790/314 880/759/314 841/544/313
f 841/544/342 880/759/314 881/543/342
f 841/544/312 881/543/312 840/791/334
f 840/791/310 881/543/312 882/758/310
f 840/791/335 882/758/335 839/792/311
f 839/792/311 882/758/335 883/757/311
f 839/792/307 883/757/307 838/773/306
f 838/773/306 883/757/307 884/756/306
f 836/729/55 826/730/55 813/731/55
f 813/731/55 826/730/55 825/732/55
f 813/731/55 825/732/55 814/733/55
f 814/733/55 825/732/55 824/734/55
f 814/733/55 824/734/55 815/735/55
f 815/735/55 824/734/55 823/736/55
f 815/735/55 823/736/55 816/737/55
f 816/737/55 823/736/55 822/738/55
f 816/737/55 822/738/55 817/739/55
f 817/739/55 822/738/55 821/740/55
f 817/739/55 821/740/55 818/741/55
f 818/741/55 821/740/55 820/742/55
f 818/741/55 820/742/55 819/743/55
f 826/730/55 836/729/55 827/744/55
f 827/744/55 836/729/55 835/745/55
f 827/744/55 835/745/55 828/746/55
f 828/746/55 835/745/55 834/747/55
f 828/746/55 834/747/55 829/748/55
f 829/748/55 834/747/55 833/749/55
f 829/748/55 833/749/55 830/750/55
f 830/750/55 833/749/55 832/751/55
f 830/750/55 832/751/55 831/752/55
f 886/793/305 932/541/305 885/794/303
f 885/794/303 932/541/304 909/539/303
f 885/795/302 909/537/302 908/796/301
f 908/796/301 909/537/302 910/535/301
f 908/796/300 910/535/300 907/797/299
f 907/797/299 910/535/300 911/582/299
f 907/797/297 911/582/297 906/798/296
f 906/798/294 911/582/298 912/580/294
f 906/798/295 912/580/295 905/799/290
f 905/799/293 912/580/294 913/578/293
f 905/799/291 913/578/291 904/800/292
f 904/800/292 913/578/290 914/576/292
f 904/800/288 914/576/288 903/801/52
f 903/801/347 914/576/336 915/574/347
f 903/801/344 915/574/344 902/802/338
f 902/802/287 915/574/52 916/572/287
f 902/802/285 916/572/285 901/803/354
f 901/803/284 916/572/285 917/570/284
f 901/803/283 917/570/283 900/804/278
f 900/804/281 917/570/283 918/568/281
f 900/804/278 918/568/278 899/805/277
f 899/805/280 918/568/279 919/566/280
f 899/805/276 919/566/276 898/806/275
f 898/806/275 919/566/276 920/564/275
f 898/806/274 920/564/274 897/807/273
f 897/807/273 920/564/274 921/563/273
f 897/807/272 921/563/272 896/808/271
f 896/808/271 921/563/272 922/561/271
f 896/808/325 922/561/325 895/809/324
f 895/809/324 922/561/325 923/559/324
f 895/809/322 923/559/322 894/810/323
f 894/810/320 923/559/321 924/557/320
f 894/810/320 924/557/320 893/811/319
f 893/811/319 924/557/327 925/555/319
f 893/811/328 925/555/328 892/812/317
f 892/812/317 925/555/318 926/553/317
f 892/812/316 926/553/316 891/813/129
f 891/813/54 926/553/330 927/551/54
f 891/813/54 927/551/54 890/814/331
f 890/814/315 927/551/128 928/549/315
f 890/814/314 928/549/314 889/815/313
f 889/815/333 928/549/314 929/547/333
f 889/815/333 929/547/333 888/816/334
f 888/816/310 929/547/312 930/545/310
f 888/816/310 930/545/310 887/817/311
f 887/817/308 930/545/309 931/543/308
f 887/817/307 931/543/307 886/793/306
f 886/793/306 931/543/307 932/541/306
f 932/584/55 922/585/55 909/586/55
f 909/586/55 922/585/55 921/587/55
f 909/586/55 921/587/55 910/588/55
f 910/588/55 921/587/55 920/589/55
f 910/588/55 920/589/55 911/590/55
f 911/590/55 920/589/55 919/591/55
f 911/590/55 919/591/55 912/592/55
f 912/592/55 919/591/55 918/593/55
f 912/592/55 918/593/55 913/594/55
f 913/594/55 918/593/55 917/595/55
f 913/594/55 917/595/55 914/596/55
f 914/596/55 917/595/55 916/597/55
f 914/596/55 916/597/55 915/598/55
f 922/585/55 932/584/55 923/599/55
f 923/599/55 932/584/55 931/600/55
f 923/599/55 931/600/55 924/601/55
f 924/601/55 931/600/55 930/602/55
f 924/601/55 930/602/55 925/603/55
f 925/603/55 930/602/55 929/604/55
f 925/603/55 929/604/55 926/605/55
f 926/605/55 929/604/55 928/606/55
f 926/605/55 928/606/55 927/607/55
f 934/793/341 980/541/341 933/794/303
f 933/794/303 980/541/341 957/539/303
f 933/795/302 957/537/302 956/796/340
f 956/796/301 957/537/51 958/535/301
f 956/796/300 958/535/300 955/797/299
f 955/797/299 958/535/300 959/582/299
f 955/797/297 959/582/297 954/798/296
f 954/798/349 959/582/298 960/580/349
f 954/798/295 960/580/295 953/799/293
f 953/799/290 960/580/295 961/578/290
f 953/799/290 961/578/290 952/800/292
f 952/800/292 961/578/291 962/576/292
f 952/800/336 962/576/336 951/801/347
f 951/801/52 962/576/355 963/574/52
f 951/801/52 963/574/52 950/802/356
f 950/802/338 963/574/344 964/572/338
f 950/802/285 964/572/285 949/803/284
f 949/803/282 964/572/285 965/570/282
f 949/803/282 965/570/282 948/804/281
f 948/804/357 965/570/283 966/568/357
f 948/804/358 966/568/358 947/805/277
f 947/805/280 966/568/279 967/566/280
f 947/805/276 967/566/276 946/806/275
f 946/806/275 967/566/276 968/564/275
f 946/806/343 968/564/343 945/807/273
f 945/807/273 968/564/343 969/563/273
f 945/807/272 969/563/272 944/808/359
f 944/808/359 969/563/272 970/561/359
f 944/808/325 970/561/325 943/809/324
f 943/809/324 970/561/325 971/559/324
f 943/809/321 971/559/321 942/810/326
f 942/810/326 971/559/321 972/557/326
f 942/810/327 972/557/327 941/811/319
f 941/811/319 972/557/320 973/555/319
f 941/811/360 973/555/360 940/812/316
f 940/812/329 973/555/328 974/553/329
f 940/812/361 974/553/361 939/813/54
f 939/813/129 974/553/316 975/551/129
f 939/813/128 975/551/128 938/814/315
f 938/814/362 975/551/54 976/549/362
f 938/814/332 976/549/332 937/815/333
f 937/815/363 976/549/315 977/547/363
f 937/815/312 977/547/312 936/816/310
f 936/816/334 977/547/333 978/545/334
f 936/816/335 978/545/335 935/817/311
f 935/817/311 978/545/335 979/543/311
f 935/817/307 979/543/307 934/793/306
f 934/793/306 979/543/307 980/541/306
f 980/584/55 970/585/55 957/586/55
f 957/586/55 970/585/55 969/587/55
f 957/586/55 969/587/55 958/588/55
f 958/588/55 969/587/55 968/589/55
f 958/588/55 968/589/55 959/590/55
f 959/590/55 968/589/55 967/591/55
f 959/590/55 967/591/55 960/592/55
f 960/592/55 967/591/55 966/593/55
f 960/592/55 966/593/55 961/594/55
f 961/594/55 966/593/55 965/595/55
f 961/594/55 965/595/55 962/596/55
f 962/596/55 965/595/55 964/597/55
f 962/596/55 964/597/55 963/598/55
f 970/585/55 980/584/55 971/599/55
f 971/599/55 980/584/55 979/600/55
f 971/599/55 979/600/55 972/601/55
f 972/601/55 979/600/55 978/602/55
f 972/601/55 978/602/55 973/603/55
f 973/603/55 978/602/55 977/604/55
f 973/603/55 977/604/55 974/605/55
f 974/605/55 977/604/55 976/606/55
f 974/605/55 976/606/55 975/607/55
f 982/793/341 1028/541/341 981/794/303
f 981/794/51 1028/541/304 1005/539/51
f 981/795/302 1005/537/302 1004/796/340
f 1004/796/340 1005/537/302 1006/535/340
f 1004/796/300 1006/535/300 1003/797/299
f 1003/797/299 1006/535/300 1007/582/299
f 1003/797/298 1007/582/298 1002/798/294
f 1002/798/296 1007/582/297 1008/580/296
f 1002/798/295 1008/580/295 1001/799/290
f 1001/799/290 1008/580/295 1009/578/290
f 1001/799/291 1009/578/291 1000/800/292
f 1000/800/292 1009/578/291 1010/576/292
f 1000/800/336 1010/576/336 999/801/337
f 999/801/337 1010/576/288 1011/574/337
f 999/801/339 1011/574/339 998/802/287
f 998/802/338 1011/574/339 1012/572/338
f 998/802/285 1012/572/285 997/803/284
f 997/803/284 1012/572/285 1013/570/284
f 997/803/283 1013/570/283 996/804/281
f 996/804/281 1013/570/283 1014/568/281
f 996/804/279 1014/568/279 995/805/280
f 995/805/277 1014/568/278 1015/566/277
f 995/805/276 1015/566/276 994/806/275
f 994/806/275 1015/566/276 1016/564/275
f 994/806/274 1016/564/274 993/807/273
f 993/807/273 1016/564/274 1017/563/273
f 993/807/272 1017/563/272 992/808/271
f 992/808/271 1017/563/272 1018/561/271
f 992/808/325 1018/561/325 991/809/324
f 991/809/324 1018/561/325 1019/559/324
f 991/809/321 1019/559/321 990/810/326
f 990/810/326 1019/559/321 1020/557/326
f 990/810/327 1020/557/327 989/811/319
f 989/811/319 1020/557/320 1021/555/319
f 989/811/318 1021/555/318 988/812/317
f 988/812/317 1021/555/318 1022/553/317
f 988/812/330 1022/553/330 987/813/54
f 987/813/54 1022/553/330 1023/551/54
f 987/813/54 1023/551/54 986/814/331
f 986/814/331 1023/551/54 1024/549/331
f 986/814/314 1024/549/314 985/815/313
f 985/815/313 1024/549/314 1025/547/313
f 985/815/312 1025/547/312 984/816/310
f 984/816/334 1025/547/333 1026/545/334
f 984/816/335 1026/545/335 983/817/311
f 983/817/311 1026/545/335 1027/543/311
f 983/817/307 1027/543/307 982/793/306
f 982/793/306 1027/543/307 1028/541/306
f 1028/584/55 1018/585/55 1005/586/55
f 1005/586/55 1018/585/55 1017/587/55
f 1005/586/55 1017/587/55 1006/588/55
f 1006/588/55 1017/587/55 1016/589/55
f 1006/588/55 1016/589/55 1007/590/55
f 1007/590/55 1016/589/55 1015/591/55
f 1007/590/55 1015/591/55 1008/592/55
f 1008/592/55 1015/591/55 1014/593/55
f 1008/592/55 1014/593/55 1009/594/55
f 1009/594/55 1014/593/55 1013/595/55
f 1009/594/55 1013/595/55 1010/596/55
f 1010/596/55 1013/595/55 1012/597/55
f 1010/596/55 1012/597/55 1011/598/55
f 1018/585/55 1028/584/55 1019/599/55
f 1019/599/55 1028/584/55 1027/600/55
f 1019/599/55 1027/600/55 1020/601/55
f 1020/601/55 1027/600/55 1026/602/55
f 1020/601/55 1026/602/55 1021/603/55
f 1021/603/55 1026/602/55 1025/604/55
f 1021/603/55 1025/604/55 1022/605/55
f 1022/605/55 1025/604/55 1024/606/55
f 1022/605/55 1024/606/55 1023/607/55
f 1030/793/341 1076/541/341 1029/794/303
f 1029/794/303 1076/541/341 1053/539/303
f 1029/795/302 1053/537/302 1052/796/340
f 1052/796/340 1053/537/302 1054/535/340
f 1052/796/300 1054/535/300 1051/797/299
f 1051/797/299 1054/535/300 1055/582/299
f 1051/797/297 1055/582/297 1050/798/296
f 1050/798/294 1055/582/298 1056/580/294
f 1050/798/295 1056/580/295 1049/799/290
f 1049/799/293 1056/580/294 1057/578/293
f 1049/799/291 1057/578/291 1048/800/292
f 1048/800/292 1057/578/290 1058/576/292
f 1048/800/288 1058/576/288 1047/801/52
f 1047/801/347 1058/576/336 1059/574/347
f 1047/801/344 1059/574/344 1046/802/338
f 1046/802/287 1059/574/52 1060/572/287
f 1046/802/285 1060/572/285 1045/803/354
f 1045/803/284 1060/572/285 1061/570/284
f 1045/803/283 1061/570/283 1044/804/278
f 1044/804/281 1061/570/283 1062/568/281
f 1044/804/278 1062/568/278 1043/805/277
f 1043/805/280 1062/568/279 1063/566/280
f 1043/805/276 1063/566/276 1042/806/275
f 1042/806/275 1063/566/276 1064/564/275
f 1042/806/274 1064/564/274 1041/807/273
f 1041/807/273 1064/564/274 1065/563/273
f 1041/807/272 1065/563/272 1040/808/271
f 1040/808/271 1065/563/272 1066/561/271
f 1040/808/325 1066/561/325 1039/809/324
f 1039/809/324 1066/561/325 1067/559/324
f 1039/809/322 1067/559/322 1038/810/323
f 1038/810/320 1067/559/321 1068/557/320
f 1038/810/320 1068/557/320 1037/811/319
f 1037/811/319 1068/557/327 1069/555/319
f 1037/811/364 1069/555/364 1036/812/317
f 1036/812/317 1069/555/318 1070/553/317
f 1036/812/316 1070/553/316 1035/813/129
f 1035/813/54 1070/553/330 1071/551/54
f 1035/813/54 1071/551/54 1034/814/331
f 1034/814/315 1071/551/128 1072/549/315
f 1034/814/314 1072/549/315 1033/815/313
f 1033/815/333 1072/549/314 1073/547/333
f 1033/815/333 1073/547/333 1032/816/334
f 1032/816/310 1073/547/312 1074/545/310
f 1032/816/310 1074/545/310 1031/817/311
f 1031/817/308 1074/545/309 1075/543/308
f 1031/817/307 1075/543/307 1030/793/306
f 1030/793/306 1075/543/307 1076/541/306
f 1076/584/55 1066/585/55 1053/586/55
f 1053/586/55 1066/585/55 1065/587/55
f 1053/586/55 1065/587/55 1054/588/55
f 1054/588/55 1065/587/55 1064/589/55
f 1054/588/55 1064/589/55 1055/590/55
f 1055/590/55 1064/589/55 1063/591/55
f 1055/590/55 1063/591/55 1056/592/55
f 1056/592/55 1063/591/55 1062/593/55
f 1056/592/55 1062/593/55 1057/594/55
f 1057/594/55 1062/593/55 1061/595/55
f 1057/594/55 1061/595/55 1058/596/55
f 1058/596/55 1061/595/55 1060/597/55
f 1058/596/55 1060/597/55 1059/598/55
f 1066/585/55 1076/584/55 1067/599/55
f 1067/599/55 1076/584/55 1075/600/55
f 1067/599/55 1075/600/55 1068/601/55
f 1068/601/55 1075/600/55 1074/602/55
f 1068/601/55 1074/602/55 1069/603/55
f 1069/603/55 1074/602/55 1073/604/55
f 1069/603/55 1073/604/55 1070/605/55
f 1070/605/55 1073/604/55 1072/606/55
f 1070/605/55 1072/606/55 1071/607/55
f 1078/818/271 1124/819/271 1077/820/272
f 1077/820/272 1124/819/271 1101/821/272
f 1077/822/273 1101/823/273 1100/824/343
f 1100/824/343 1101/823/273 1102/825/343
f 1100/824/275 1102/825/275 1099/826/276
f 1099/826/276 1102/825/275 1103/827/276
f 1099/826/277 1103/827/277 1098/828/279
f 1098/828/358 1103/827/365 1104/829/358
f 1098/828/357 1104/829/357 1097/830/283
f 1097/830/283 1104/829/357 1105/831/283
f 1097/830/284 1105/831/284 1096/832/285
f 1096/832/285 1105/831/284 1106/833/285
f 1096/832/345 1106/833/345 1095/834/339
f 1095/834/339 1106/833/345 1107/835/339
f 1095/834/337 1107/835/337 1094/836/346
f 1094/836/346 1107/835/337 1108/837/346
f 1094/836/292 1108/837/292 1093/838/291
f 1093/838/291 1108/837/292 1109/839/291
f 1093/838/293 1109/839/293 1092/840/348
f 1092/840/348 1109/839/293 1110/538/348
f 1092/840/296 1110/538/296 1091/841/298
f 1091/841/298 1110/538/296 1111/842/298
f 1091/841/299 1111/842/299 1090/843/300
f 1090/843/300 1111/842/299 1112/844/300
f 1090/843/366 1112/844/366 1089/845/302
f 1089/845/302 1112/844/366 1113/224/302
f 1089/845/303 1113/224/303 1088/846/305
f 1088/846/305 1113/224/303 1114/556/305
f 1088/846/306 1114/556/306 1087/847/307
f 1087/847/307 1114/556/306 1115/548/307
f 1087/847/311 1115/548/311 1086/848/367
f 1086/848/335 1115/548/311 1116/540/335
f 1086/848/368 1116/540/368 1085/849/312
f 1085/849/312 1116/540/368 1117/850/312
f 1085/849/313 1117/850/313 1084/851/314
f 1084/851/314 1117/850/369 1118/852/314
f 1084/851/351 1118/852/351 1083/853/128
f 1083/853/128 1118/852/351 1119/854/128
f 1083/853/129 1119/854/129 1082/855/352
f 1082/855/352 1119/854/129 1120/856/352
f 1082/855/317 1120/856/317 1081/857/318
f 1081/857/318 1120/856/317 1121/858/318
f 1081/857/319 1121/858/319 1080/859/370
f 1080/859/370 1121/858/319 1122/860/370
f 1080/859/326 1122/860/326 1079/861/321
f 1079/861/321 1122/860/326 1123/862/321
f 1079/861/324 1123/862/324 1078/818/371
f 1078/818/325 1123/862/324 1124/819/325
f 838/729/55 837/731/55 1077/265/55
f 1077/265/55 837/731/55 860/733/55
f 1077/265/55 860/733/55 1078/863/55
f 1078/863/55 860/733/55 859/735/55
f 1078/863/55 859/735/55 1079/864/55
f 1079/864/55 859/735/55 858/737/55
f 1079/864/55 858/737/55 1080/865/55
f 1080/865/55 858/737/55 857/739/55
f 1080/865/55 857/739/55 1081/866/55
f 1081/866/55 857/739/55 856/741/55
f 1081/866/55 856/741/55 1082/867/55
f 1082/867/55 856/741/55 855/743/55
f 1082/867/55 855/743/55 1083/421/55
f 1083/421/55 855/743/55 1084/868/55
f 1084/868/55 855/743/55 854/742/55
f 1084/868/55 854/742/55 1085/869/55
f 1085/869/55 854/742/55 853/740/55
f 1085/869/55 853/740/55 1086/870/55
f 1086/870/55 853/740/55 852/738/55
f 1086/870/55 852/738/55 1087/871/55
f 1087/871/55 852/738/55 851/736/55
f 1087/871/55 851/736/55 1088/872/55
f 1088/872/55 851/736/55 850/734/55
f 1088/872/55 850/734/55 1089/685/55
f 1089/685/55 850/734/55 849/732/55
f 1089/685/55 849/732/55 1090/873/55
f 1090/873/55 849/732/55 848/730/55
f 1090/873/55 848/730/55 847/744/55
f 1090/873/55 847/744/55 1091/874/55
f 1091/874/55 847/744/55 846/746/55
f 1091/874/55 846/746/55 1092/875/55
f 1092/875/55 846/746/55 845/748/55
f 1092/875/55 845/748/55 1093/876/55
f 1093/876/55 845/748/55 844/750/55
f 1093/876/55 844/750/55 1094/877/55
f 1094/877/55 844/750/55 843/752/55
f 1094/877/55 843/752/55 1095/878/55
f 1095/878/55 843/752/55 1096/879/55
f 1096/879/55 843/752/55 842/751/55
f 1096/879/55 842/751/55 1097/880/55
f 1097/880/55 842/751/55 841/749/55
f 1097/880/55 841/749/55 1098/881/55
f 1098/881/55 841/749/55 840/747/55
f 1098/881/55 840/747/55 1099/882/55
f 1099/882/55 840/747/55 839/745/55
f 1099/882/55 839/745/55 1100/883/55
f 1100/883/55 839/745/55 838/729/55
f 1100/883/55 838/729/55 1077/265/55
f 1126/884/372 1180/885/372 1125/886/272
f 1125/886/272 1180/885/372 1153/887/272
f 1125/888/273 1153/889/273 1152/890/373
f 1152/890/373 1153/889/273 1154/891/373
f 1152/890/374 1154/891/374 1151/892/375
f 1151/892/375 1154/891/374 1155/893/375
f 1151/892/376 1155/893/376 1150/894/377
f 1150/894/377 1155/893/378 1156/895/377
f 1150/894/379 1156/895/379 1149/896/380
f 1149/896/380 1156/895/379 1157/897/380
f 1149/896/381 1157/897/381 1148/898/382
f 1148/898/382 1157/897/381 1158/899/382
f 1148/898/383 1158/899/383 1147/900/384
f 1147/900/384 1158/899/383 1159/901/384
f 1147/900/385 1159/901/385 1146/902/339
f 1146/902/339 1159/901/385 1160/903/339
f 1146/902/337 1160/903/337 1145/904/386
f 1145/904/386 1160/903/337 1161/905/386
f 1145/904/387 1161/905/387 1144/906/388
f 1144/906/388 1161/905/387 1162/907/388
f 1144/906/389 1162/907/389 1143/908/390
f 1143/908/390 1162/907/389 1163/909/390
f 1143/908/391 1163/909/391 1142/910/392
f 1142/910/392 1163/909/391 1164/911/392
f 1142/910/393 1164/911/393 1141/912/394
f 1141/912/394 1164/911/393 1165/913/394
f 1141/912/395 1165/913/395 1140/914/396
f 1140/914/396 1165/913/395 1166/915/396
f 1140/914/397 1166/915/397 1139/637/302
f 1139/637/302 1166/915/397 1167/224/302
f 1139/637/303 1167/224/303 1138/916/398
f 1138/916/398 1167/224/303 1168/917/398
f 1138/916/399 1168/917/399 1137/918/400
f 1137/918/400 1168/917/399 1169/919/400
f 1137/918/401 1169/919/401 1136/920/402
f 1136/920/402 1169/919/401 1170/921/402
f 1136/920/403 1170/921/403 1135/922/404
f 1135/922/404 1170/921/403 1171/923/404
f 1135/922/405 1171/923/405 1134/924/406
f 1134/924/407 1171/923/405 1172/925/407
f 1134/924/408 1172/925/408 1133/926/409
f 1133/926/409 1172/925/408 1173/927/409
f 1133/926/410 1173/927/410 1132/928/128
f 1132/928/128 1173/927/410 1174/929/128
f 1132/928/129 1174/929/129 1131/930/411
f 1131/930/411 1174/929/129 1175/931/411
f 1131/930/412 1175/931/412 1130/932/413
f 1130/932/413 1175/931/412 1176/933/413
f 1130/932/414 1176/933/414 1129/934/415
f 1129/934/415 1176/933/414 1177/935/415
f 1129/934/416 1177/935/416 1128/936/417
f 1128/936/417 1177/935/416 1178/937/417
f 1128/936/418 1178/937/418 1127/938/419
f 1127/938/420 1178/937/418 1179/939/420
f 1127/938/421 1179/939/421 1126/884/422
f 1126/884/422 1179/939/421 1180/885/422
f 1152/940/55 1031/941/55 1125/942/55
f 1125/942/55 1031/941/55 1030/943/55
f 1125/942/55 1030/943/55 1029/944/55
f 1151/945/55 1035/946/55 1152/940/55
f 1152/940/55 1035/946/55 1034/947/55
f 1152/940/55 1034/947/55 1033/948/55
f 1150/949/55 1103/882/55 1151/945/55
f 1151/945/55 1103/882/55 1037/950/55
f 1151/945/55 1037/950/55 1036/951/55
f 1103/882/55 1150/949/55 1104/881/55
f 1104/881/55 1150/949/55 1149/952/55
f 1104/881/55 1149/952/55 1105/880/55
f 1105/880/55 1149/952/55 1148/953/55
f 1105/880/55 1148/953/55 955/954/55
f 955/954/55 1148/953/55 956/955/55
f 956/955/55 1148/953/55 933/956/55
f 933/956/55 1148/953/55 1147/957/55
f 933/956/55 1147/957/55 934/958/55
f 934/958/55 1147/957/55 935/959/55
f 935/959/55 1147/957/55 936/960/55
f 936/960/55 1147/957/55 937/961/55
f 937/961/55 1147/957/55 1146/962/55
f 937/961/55 1146/962/55 938/963/55
f 938/963/55 1146/962/55 939/964/55
f 939/964/55 1146/962/55 940/965/55
f 940/965/55 1146/962/55 941/966/55
f 941/966/55 1146/962/55 1145/967/55
f 941/966/55 1145/967/55 942/968/55
f 942/968/55 1145/967/55 943/969/55
f 943/969/55 1145/967/55 944/970/55
f 944/970/55 1145/967/55 945/971/55
f 945/971/55 1145/967/55 1144/972/55
f 945/971/55 1144/972/55 946/973/55
f 946/973/55 1144/972/55 947/974/55
f 947/974/55 1144/972/55 1109/876/55
f 947/974/55 1109/876/55 948/975/55
f 948/975/55 1109/876/55 1108/877/55
f 948/975/55 1108/877/55 949/976/55
f 949/976/55 1108/877/55 950/977/55
f 950/977/55 1108/877/55 1107/878/55
f 950/977/55 1107/878/55 951/978/55
f 951/978/55 1107/878/55 952/979/55
f 952/979/55 1107/878/55 1106/879/55
f 952/979/55 1106/879/55 953/980/55
f 953/980/55 1106/879/55 954/981/55
f 954/981/55 1106/879/55 1105/880/55
f 954/981/55 1105/880/55 955/954/55
f 1144/972/55 1143/982/55 1109/876/55
f 1109/876/55 1143/982/55 1110/875/55
f 1110/875/55 1143/982/55 1142/983/55
f 1110/875/55 1142/983/55 1111/874/55
f 1111/874/55 1142/983/55 1141/984/55
f 1111/874/55 1141/984/55 889/985/55
f 889/985/55 1141/984/55 890/986/55
f 890/986/55 1141/984/55 891/987/55
f 891/987/55 1141/984/55 1140/988/55
f 891/987/55 1140/988/55 892/989/55
f 892/989/55 1140/988/55 893/990/55
f 893/990/55 1140/988/55 894/991/55
f 894/991/55 1140/988/55 895/992/55
f 895/992/55 1140/988/55 1139/993/55
f 895/992/55 1139/993/55 896/994/55
f 896/994/55 1139/993/55 897/995/55
f 897/995/55 1139/993/55 898/996/55
f 898/996/55 1139/993/55 899/997/55
f 899/997/55 1139/993/55 1138/998/55
f 899/997/55 1138/998/55 900/999/55
f 900/999/55 1138/998/55 901/1000/55
f 901/1000/55 1138/998/55 902/1001/55
f 902/1001/55 1138/998/55 903/1002/55
f 903/1002/55 1138/998/55 1137/1003/55
f 903/1002/55 1137/1003/55 904/1004/55
f 904/1004/55 1137/1003/55 905/1005/55
f 905/1005/55 1137/1003/55 1115/871/55
f 905/1005/55 1115/871/55 906/1006/55
f 906/1006/55 1115/871/55 1114/872/55
f 906/1006/55 1114/872/55 907/1007/55
f 907/1007/55 1114/872/55 908/1008/55
f 908/1008/55 1114/872/55 1113/685/55
f 908/1008/55 1113/685/55 885/1009/55
f 885/1009/55 1113/685/55 886/1010/55
f 886/1010/55 1113/685/55 1112/873/55
f 886/1010/55 1112/873/55 887/1011/55
f 887/1011/55 1112/873/55 888/1012/55
f 888/1012/55 1112/873/55 1111/874/55
f 888/1012/55 1111/874/55 889/985/55
f 1137/1003/55 1136/1013/55 1115/871/55
f 1115/871/55 1136/1013/55 1116/870/55
f 1116/870/55 1136/1013/55 1135/1014/55
f 1116/870/55 1135/1014/55 1117/869/55
f 1117/869/55 1135/1014/55 1134/1015/55
f 1117/869/55 1134/1015/55 991/1016/55
f 991/1016/55 1134/1015/55 992/1017/55
f 992/1017/55 1134/1015/55 993/1018/55
f 993/1018/55 1134/1015/55 1133/1019/55
f 993/1018/55 1133/1019/55 994/1020/55
f 994/1020/55 1133/1019/55 995/1021/55
f 995/1021/55 1133/1019/55 996/1022/55
f 996/1022/55 1133/1019/55 997/1023/55
f 997/1023/55 1133/1019/55 1132/1024/55
f 997/1023/55 1132/1024/55 998/1025/55
f 998/1025/55 1132/1024/55 999/1026/55
f 999/1026/55 1132/1024/55 1000/1027/55
f 1000/1027/55 1132/1024/55 1001/1028/55
f 1001/1028/55 1132/1024/55 1131/1029/55
f 1001/1028/55 1131/1029/55 1002/1030/55
f 1002/1030/55 1131/1029/55 1003/1031/55
f 1003/1031/55 1131/1029/55 1004/1032/55
f 1004/1032/55 1131/1029/55 981/1033/55
f 981/1033/55 1131/1029/55 1130/1034/55
f 981/1033/55 1130/1034/55 982/1035/55
f 982/1035/55 1130/1034/55 983/1036/55
f 983/1036/55 1130/1034/55 1121/866/55
f 983/1036/55 1121/866/55 984/1037/55
f 984/1037/55 1121/866/55 1120/867/55
f 984/1037/55 1120/867/55 985/1038/55
f 985/1038/55 1120/867/55 986/1039/55
f 986/1039/55 1120/867/55 1119/421/55
f 986/1039/55 1119/421/55 987/1040/55
f 987/1040/55 1119/421/55 988/1041/55
f 988/1041/55 1119/421/55 1118/868/55
f 988/1041/55 1118/868/55 989/1042/55
f 989/1042/55 1118/868/55 990/1043/55
f 990/1043/55 1118/868/55 1117/869/55
f 990/1043/55 1117/869/55 991/1016/55
f 1130/1034/55 1129/1044/55 1121/866/55
f 1121/866/55 1129/1044/55 1122/865/55
f 1122/865/55 1129/1044/55 1128/1045/55
f 1122/865/55 1128/1045/55 1123/864/55
f 1123/864/55 1128/1045/55 1127/1046/55
f 1123/864/55 1127/1046/55 1045/1047/55
f 1045/1047/55 1127/1046/55 1046/1048/55
f 1046/1048/55 1127/1046/55 1047/1049/55
f 1047/1049/55 1127/1046/55 1126/1050/55
f 1047/1049/55 1126/1050/55 1048/1051/55
f 1048/1051/55 1126/1050/55 1049/1052/55
f 1049/1052/55 1126/1050/55 1050/1053/55
f 1050/1053/55 1126/1050/55 1051/1054/55
f 1051/1054/55 1126/1050/55 1125/942/55
f 1051/1054/55 1125/942/55 1052/1055/55
f 1052/1055/55 1125/942/55 1029/944/55
f 1124/863/55 1042/1056/55 1101/265/55
f 1101/265/55 1042/1056/55 1041/1057/55
f 1101/265/55 1041/1057/55 1040/1058/55
f 1123/864/55 1044/1059/55 1124/863/55
f 1124/863/55 1044/1059/55 1043/1060/55
f 1124/863/55 1043/1060/55 1042/1056/55
f 1037/950/55 1103/882/55 1038/1061/55
f 1038/1061/55 1103/882/55 1102/883/55
f 1038/1061/423 1102/883/423 1039/1062/423
f 1039/1062/55 1102/883/55 1040/1058/55
f 1040/1058/55 1102/883/55 1101/265/55
f 1045/1047/55 1044/1059/55 1123/864/55
f 1036/951/55 1035/946/55 1151/945/55
f 1033/948/55 1032/1063/55 1152/940/55
f 1152/940/55 1032/1063/55 1031/941/55
f 1182/535/274 1228/536/274 1181/537/273
f 1181/537/273 1228/536/274 1205/538/273
f 1181/539/272 1205/540/272 1204/541/359
f 1204/541/359 1205/540/272 1206/542/359
f 1204/541/325 1206/542/325 1203/543/324
f 1203/543/324 1206/542/325 1207/544/324
f 1203/543/321 1207/544/321 1202/545/320
f 1202/545/323 1207/544/322 1208/546/323
f 1202/545/370 1208/546/370 1201/547/319
f 1201/547/319 1208/546/370 1209/548/319
f 1201/547/318 1209/548/318 1200/549/317
f 1200/549/317 1209/548/318 1210/550/317
f 1200/549/316 1210/550/316 1199/551/129
f 1199/551/129 1210/550/316 1211/552/129
f 1199/551/128 1211/552/128 1198/553/315
f 1198/553/315 1211/552/128 1212/554/315
f 1198/553/314 1212/554/314 1197/555/313
f 1197/555/313 1212/554/314 1213/556/313
f 1197/555/312 1213/556/312 1196/557/334
f 1196/557/334 1213/556/312 1214/558/334
f 1196/557/309 1214/558/309 1195/559/308
f 1195/559/311 1214/558/310 1215/560/311
f 1195/559/307 1215/560/307 1194/561/306
f 1194/561/306 1215/560/307 1216/562/306
f 1194/561/341 1216/562/341 1193/563/303
f 1193/563/303 1216/562/341 1217/224/303
f 1193/563/302 1217/224/302 1192/564/340
f 1192/564/340 1217/224/302 1218/565/340
f 1192/564/300 1218/565/300 1191/566/299
f 1191/566/299 1218/565/300 1219/567/299
f 1191/566/298 1219/567/298 1190/568/296
f 1190/568/296 1219/567/298 1220/569/296
f 1190/568/295 1220/569/295 1189/570/293
f 1189/570/293 1220/569/295 1221/571/293
f 1189/570/291 1221/571/291 1188/572/292
f 1188/572/292 1221/571/291 1222/573/292
f 1188/572/288 1222/573/288 1187/574/52
f 1187/574/347 1222/573/336 1223/575/347
f 1187/574/344 1223/575/344 1186/576/338
f 1186/576/287 1223/575/52 1224/577/287
f 1186/576/285 1224/577/285 1185/578/284
f 1185/578/284 1224/577/285 1225/579/284
f 1185/578/283 1225/579/283 1184/580/357
f 1184/580/357 1225/579/283 1226/581/357
f 1184/580/279 1226/581/279 1183/582/277
f 1183/582/277 1226/581/279 1227/583/277
f 1183/582/276 1227/583/276 1182/535/275
f 1182/535/275 1227/583/276 1228/536/275
f 1204/584/48 1194/585/48 1181/586/48
f 1181/586/48 1194/585/48 1193/587/48
f 1181/586/48 1193/587/48 1182/588/48
f 1182/588/48 1193/587/48 1192/589/48
f 1182/588/48 1192/589/48 1183/590/48
f 1183/590/48 1192/589/48 1191/591/48
f 1183/590/48 1191/591/48 1184/592/48
f 1184/592/48 1191/591/48 1190/593/48
f 1184/592/48 1190/593/48 1185/594/48
f 1185/594/48 1190/593/48 1189/595/48
f 1185/594/48 1189/595/48 1186/596/48
f 1186/596/48 1189/595/48 1188/597/48
f 1186/596/424 1188/597/424 1187/598/424
f 1194/585/48 1204/584/48 1195/599/48
f 1195/599/48 1204/584/48 1203/600/48
f 1195/599/48 1203/600/48 1196/601/48
f 1196/601/48 1203/600/48 1202/602/48
f 1196/601/48 1202/602/48 1197/603/48
f 1197/603/48 1202/602/48 1201/604/48
f 1197/603/48 1201/604/48 1198/605/48
f 1198/605/48 1201/604/48 1200/606/48
f 1198/605/48 1200/606/48 1199/607/48
f 1230/535/343 190/536/343 1229/537/273
f 1229/537/273 190/536/343 189/538/273
f 1229/539/272 189/540/272 1252/541/271
f 1252/541/271 189/540/272 212/542/271
f 1252/541/325 212/542/325 1251/543/324
f 1251/543/324 212/542/325 211/544/324
f 1251/543/321 211/544/321 1250/545/326
f 1250/545/323 211/544/321 210/546/323
f 1250/545/370 210/546/370 1249/547/319
f 1249/547/319 210/546/370 209/548/319
f 1249/547/318 209/548/318 1248/549/317
f 1248/549/317 209/548/328 208/550/317
f 1248/549/330 208/550/330 1247/551/54
f 1247/551/129 208/550/316 207/552/129
f 1247/551/128 207/552/128 1246/553/315
f 1246/553/331 207/552/54 206/554/331
f 1246/553/314 206/554/314 1245/555/333
f 1245/555/313 206/554/314 205/556/313
f 1245/555/312 205/556/312 1244/557/334
f 1244/557/334 205/556/312 204/558/334
f 1244/557/309 204/558/309 1243/559/311
f 1243/559/311 204/558/335 203/560/311
f 1243/559/307 203/560/307 1242/561/306
f 1242/561/306 203/560/307 202/562/306
f 1242/561/304 202/562/304 1241/563/303
f 1241/563/303 202/562/341 201/224/303
f 1241/563/302 201/224/302 1240/564/340
f 1240/564/301 201/224/302 200/565/301
f 1240/564/300 200/565/300 1239/566/299
f 1239/566/299 200/565/300 199/567/299
f 1239/566/298 199/567/298 1238/568/296
f 1238/568/296 199/567/298 198/569/296
f 1238/568/295 198/569/295 1237/570/293
f 1237/570/293 198/569/295 197/571/293
f 1237/570/290 197/571/290 1236/572/292
f 1236/572/292 197/571/291 196/573/292
f 1236/572/346 196/573/346 1235/574/337
f 1235/574/337 196/573/346 195/575/337
f 1235/574/339 195/575/339 1234/576/345
f 1234/576/345 195/575/339 194/577/345
f 1234/576/285 194/577/285 1233/578/284
f 1233/578/282 194/577/285 193/579/282
f 1233/578/283 193/579/283 1232/580/357
f 1232/580/357 193/579/283 192/581/357
f 1232/580/279 192/581/279 1231/582/277
f 1231/582/277 192/581/279 191/583/277
f 1231/582/276 191/583/276 1230/535/275
f 1230/535/275 191/583/276 190/536/275
f 1252/584/48 1242/585/48 1229/586/48
f 1229/586/48 1242/585/48 1241/587/48
f 1229/586/48 1241/587/48 1230/588/48
f 1230/588/48 1241/587/48 1240/589/48
f 1230/588/48 1240/589/48 1231/590/48
f 1231/590/48 1240/589/48 1239/591/48
f 1231/590/48 1239/591/48 1232/592/48
f 1232/592/48 1239/591/48 1238/593/48
f 1232/592/48 1238/593/48 1233/594/48
f 1233/594/48 1238/593/48 1237/595/48
f 1233/594/48 1237/595/48 1234/596/48
f 1234/596/48 1237/595/48 1236/597/48
f 1234/596/424 1236/597/424 1235/598/424
f 1242/585/48 1252/584/48 1243/599/48
f 1243/599/48 1252/584/48 1251/600/48
f 1243/599/48 1251/600/48 1244/601/48
f 1244/601/48 1251/600/48 1250/602/48
f 1244/601/48 1250/602/48 1245/603/48
f 1245/603/48 1250/602/48 1249/604/48
f 1245/603/48 1249/604/48 1246/605/48
f 1246/605/48 1249/604/48 1248/606/48
f 1246/605/425 1248/606/425 1247/607/425
f 1254/535/274 1300/536/274 1253/537/273
f 1253/537/273 1300/536/274 1277/538/273
f 1253/539/272 1277/540/272 1276/541/359
f 1276/541/359 1277/540/272 1278/542/359
f 1276/541/325 1278/542/325 1275/543/324
f 1275/543/324 1278/542/325 1279/544/324
f 1275/543/321 1279/544/321 1274/545/320
f 1274/545/323 1279/544/322 1280/546/323
f 1274/545/370 1280/546/370 1273/547/319
f 1273/547/319 1280/546/370 1281/548/319
f 1273/547/318 1281/548/318 1272/549/317
f 1272/549/317 1281/548/318 1282/550/317
f 1272/549/316 1282/550/316 1271/551/129
f 1271/551/129 1282/550/316 1283/552/129
f 1271/551/128 1283/552/128 1270/553/315
f 1270/553/315 1283/552/128 1284/554/315
f 1270/553/314 1284/554/314 1269/555/313
f 1269/555/313 1284/554/314 1285/556/313
f 1269/555/312 1285/556/312 1268/557/334
f 1268/557/334 1285/556/312 1286/558/334
f 1268/557/309 1286/558/309 1267/559/308
f 1267/559/311 1286/558/310 1287/560/311
f 1267/559/307 1287/560/307 1266/561/306
f 1266/561/306 1287/560/307 1288/562/306
f 1266/561/341 1288/562/341 1265/563/303
f 1265/563/303 1288/562/341 1289/224/303
f 1265/563/302 1289/224/302 1264/564/340
f 1264/564/340 1289/224/302 1290/565/340
f 1264/564/300 1290/565/300 1263/566/299
f 1263/566/299 1290/565/300 1291/567/299
f 1263/566/298 1291/567/298 1262/568/296
f 1262/568/296 1291/567/298 1292/569/296
f 1262/568/295 1292/569/295 1261/570/293
f 1261/570/293 1292/569/295 1293/571/293
f 1261/570/291 1293/571/291 1260/572/292
f 1260/572/292 1293/571/291 1294/573/292
f 1260/572/288 1294/573/288 1259/574/52
f 1259/574/347 1294/573/336 1295/575/347
f 1259/574/344 1295/575/344 1258/576/338
f 1258/576/287 1295/575/52 1296/577/287
f 1258/576/285 1296/577/285 1257/578/284
f 1257/578/284 1296/577/285 1297/579/284
f 1257/578/283 1297/579/283 1256/580/357
f 1256/580/357 1297/579/283 1298/581/357
f 1256/580/279 1298/581/279 1255/582/277
f 1255/582/277 1298/581/279 1299/583/277
f 1255/582/276 1299/583/276 1254/535/275
f 1254/535/275 1299/583/276 1300/536/275
f 1276/584/48 1266/585/48 1253/586/48
f 1253/586/48 1266/585/48 1265/587/48
f 1253/586/48 1265/587/48 1254/588/48
f 1254/588/48 1265/587/48 1264/589/48
f 1254/588/48 1264/589/48 1255/590/48
f 1255/590/48 1264/589/48 1263/591/48
f 1255/590/48 1263/591/48 1256/592/48
f 1256/592/48 1263/591/48 1262/593/48
f 1256/592/48 1262/593/48 1257/594/48
f 1257/594/48 1262/593/48 1261/595/48
f 1257/594/48 1261/595/48 1258/596/48
f 1258/596/48 1261/595/48 1260/597/48
f 1258/596/48 1260/597/48 1259/598/48
f 1266/585/48 1276/584/48 1267/599/48
f 1267/599/48 1276/584/48 1275/600/48
f 1267/599/48 1275/600/48 1268/601/48
f 1268/601/48 1275/600/48 1274/602/48
f 1268/601/48 1274/602/48 1269/603/48
f 1269/603/48 1274/602/48 1273/604/48
f 1269/603/48 1273/604/48 1270/605/48
f 1270/605/48 1273/604/48 1272/606/48
f 1270/605/48 1272/606/48 1271/607/48
f 1302/535/343 166/536/343 1301/537/273
f 1301/537/273 166/536/343 165/538/273
f 1301/539/272 165/540/272 1324/541/271
f 1324/541/271 165/540/272 188/542/271
f 1324/541/325 188/542/325 1323/543/324
f 1323/543/324 188/542/325 187/544/324
f 1323/543/321 187/544/321 1322/545/326
f 1322/545/323 187/544/321 186/546/323
f 1322/545/370 186/546/370 1321/547/319
f 1321/547/319 186/546/370 185/548/319
f 1321/547/318 185/548/318 1320/549/317
f 1320/549/317 185/548/328 184/550/317
f 1320/549/330 184/550/330 1319/551/54
f 1319/551/129 184/550/316 183/552/129
f 1319/551/128 183/552/128 1318/553/315
f 1318/553/331 183/552/54 182/554/331
f 1318/553/314 182/554/314 1317/555/333
f 1317/555/313 182/554/314 181/556/313
f 1317/555/312 181/556/312 1316/557/334
f 1316/557/334 181/556/312 180/558/334
f 1316/557/309 180/558/309 1315/559/311
f 1315/559/311 180/558/335 179/560/311
f 1315/559/307 179/560/307 1314/561/306
f 1314/561/306 179/560/307 178/562/306
f 1314/561/304 178/562/304 1313/563/303
f 1313/563/303 178/562/341 177/224/303
f 1313/563/302 177/224/302 1312/564/340
f 1312/564/301 177/224/302 176/565/301
f 1312/564/300 176/565/300 1311/566/299
f 1311/566/299 176/565/300 175/567/299
f 1311/566/298 175/567/298 1310/568/296
f 1310/568/296 175/567/298 174/569/296
f 1310/568/295 174/569/295 1309/570/293
f 1309/570/293 174/569/295 173/571/293
f 1309/570/290 173/571/290 1308/572/292
f 1308/572/292 173/571/291 172/573/292
f 1308/572/346 172/573/346 1307/574/337
f 1307/574/337 172/573/346 171/575/337
f 1307/574/339 171/575/339 1306/576/345
f 1306/576/345 171/575/339 170/577/345
f 1306/576/285 170/577/285 1305/578/284
f 1305/578/282 170/577/285 169/579/282
f 1305/578/283 169/579/283 1304/580/357
f 1304/580/357 169/579/283 168/581/357
f 1304/580/279 168/581/279 1303/582/277
f 1303/582/277 168/581/279 167/583/277
f 1303/582/276 167/583/276 1302/535/275
f 1302/535/275 167/583/276 166/536/275
f 1324/584/48 1314/585/48 1301/586/48
f 1301/586/48 1314/585/48 1313/587/48
f 1301/586/48 1313/587/48 1302/588/48
f 1302/588/48 1313/587/48 1312/589/48
f 1302/588/48 1312/589/48 1303/590/48
f 1303/590/48 1312/589/48 1311/591/48
f 1303/590/48 1311/591/48 1304/592/48
f 1304/592/48 1311/591/48 1310/593/48
f 1304/592/48 1310/593/48 1305/594/48
f 1305/594/48 1310/593/48 1309/595/48
f 1305/594/48 1309/595/48 1306/596/48
f 1306/596/48 1309/595/48 1308/597/48
f 1306/596/48 1308/597/48 1307/598/48
f 1314/585/48 1324/584/48 1315/599/48
f 1315/599/48 1324/584/48 1323/600/48
f 1315/599/48 1323/600/48 1316/601/48
f 1316/601/48 1323/600/48 1322/602/48
f 1316/601/48 1322/602/48 1317/603/48
f 1317/603/48 1322/602/48 1321/604/48
f 1317/603/48 1321/604/48 1318/605/48
f 1318/605/48 1321/604/48 1320/606/48
f 1318/605/48 1320/606/48 1319/607/48
f 1326/535/301 1372/536/301 1325/537/302
f 1325/537/302 1372/536/340 1349/538/302
f 1325/539/303 1349/540/303 1348/541/341
f 1348/541/304 1349/540/303 1350/542/304
f 1348/541/306 1350/542/306 1347/543/307
f 1347/543/307 1350/542/306 1351/544/307
f 1347/543/311 1351/544/311 1346/545/335
f 1346/545/309 1351/544/311 1352/546/309
f 1346/545/334 1352/546/334 1345/547/312
f 1345/547/312 1352/546/334 1353/548/312
f 1345/547/313 1353/548/313 1344/549/314
f 1344/549/314 1353/548/333 1354/550/314
f 1344/549/331 1354/550/331 1343/551/54
f 1343/551/128 1354/550/315 1355/552/128
f 1343/551/129 1355/552/129 1342/553/316
f 1342/553/330 1355/552/54 1356/554/330
f 1342/553/317 1356/554/317 1341/555/328
f 1341/555/318 1356/554/317 1357/556/318
f 1341/555/319 1357/556/319 1340/557/370
f 1340/557/370 1357/556/319 1358/558/370
f 1340/557/323 1358/558/323 1339/559/321
f 1339/559/321 1358/558/326 1359/560/321
f 1339/559/324 1359/560/324 1338/561/325
f 1338/561/325 1359/560/324 1360/562/325
f 1338/561/271 1360/562/271 1337/563/272
f 1337/563/272 1360/562/271 1361/224/272
f 1337/563/273 1361/224/273 1336/564/343
f 1336/564/343 1361/224/273 1362/565/343
f 1336/564/275 1362/565/275 1335/566/276
f 1335/566/276 1362/565/275 1363/567/276
f 1335/566/277 1363/567/277 1334/568/279
f 1334/568/279 1363/567/277 1364/569/279
f 1334/568/357 1364/569/357 1333/570/283
f 1333/570/283 1364/569/357 1365/571/283
f 1333/570/282 1365/571/282 1332/572/285
f 1332/572/285 1365/571/284 1366/573/285
f 1332/572/345 1366/573/345 1331/574/339
f 1331/574/339 1366/573/345 1367/575/339
f 1331/574/337 1367/575/337 1330/576/346
f 1330/576/346 1367/575/337 1368/577/346
f 1330/576/292 1368/577/292 1329/578/291
f 1329/578/290 1368/577/292 1369/579/290
f 1329/578/293 1369/579/293 1328/580/295
f 1328/580/295 1369/579/293 1370/581/295
f 1328/580/296 1370/581/296 1327/582/298
f 1327/582/298 1370/581/296 1371/583/298
f 1327/582/299 1371/583/299 1326/535/300
f 1326/535/300 1371/583/299 1372/536/300
f 1348/584/55 1338/585/55 1325/586/55
f 1325/586/55 1338/585/55 1337/587/55
f 1325/586/55 1337/587/55 1326/588/55
f 1326/588/55 1337/587/55 1336/589/55
f 1326/588/55 1336/589/55 1327/590/55
f 1327/590/55 1336/589/55 1335/591/55
f 1327/590/55 1335/591/55 1328/592/55
f 1328/592/55 1335/591/55 1334/593/55
f 1328/592/55 1334/593/55 1329/594/55
f 1329/594/55 1334/593/55 1333/595/55
f 1329/594/55 1333/595/55 1330/596/55
f 1330/596/55 1333/595/55 1332/597/55
f 1330/596/55 1332/597/55 1331/598/55
f 1338/585/55 1348/584/55 1339/599/55
f 1339/599/55 1348/584/55 1347/600/55
f 1339/599/55 1347/600/55 1340/601/55
f 1340/601/55 1347/600/55 1346/602/55
f 1340/601/55 1346/602/55 1341/603/55
f 1341/603/55 1346/602/55 1345/604/55
f 1341/603/55 1345/604/55 1342/605/55
f 1342/605/55 1345/604/55 1344/606/55
f 1342/605/55 1344/606/55 1343/607/55
f 1374/535/340 1420/536/340 1373/537/302
f 1373/537/302 1420/536/340 1397/538/302
f 1373/539/303 1397/540/303 1396/541/341
f 1396/541/341 1397/540/303 1398/542/341
f 1396/541/306 1398/542/306 1395/543/307
f 1395/543/307 1398/542/306 1399/544/307
f 1395/543/311 1399/544/311 1394/545/310
f 1394/545/309 1399/544/308 1400/546/309
f 1394/545/334 1400/546/334 1393/547/312
f 1393/547/312 1400/546/334 1401/548/312
f 1393/547/313 1401/548/313 1392/549/314
f 1392/549/314 1401/548/313 1402/550/314
f 1392/549/315 1402/550/315 1391/551/128
f 1391/551/128 1402/550/315 1403/552/128
f 1391/551/129 1403/552/129 1390/553/316
f 1390/553/316 1403/552/129 1404/554/316
f 1390/553/317 1404/554/317 1389/555/318
f 1389/555/318 1404/554/317 1405/556/318
f 1389/555/319 1405/556/319 1388/557/370
f 1388/557/370 1405/556/319 1406/558/370
f 1388/557/323 1406/558/323 1387/559/322
f 1387/559/321 1406/558/320 1407/560/321
f 1387/559/324 1407/560/324 1386/561/325
f 1386/561/325 1407/560/324 1408/562/325
f 1386/561/359 1408/562/359 1385/563/272
f 1385/563/272 1408/562/359 1409/224/272
f 1385/563/273 1409/224/273 1384/564/274
f 1384/564/274 1409/224/273 1410/565/274
f 1384/564/275 1410/565/275 1383/566/276
f 1383/566/276 1410/565/275 1411/567/276
f 1383/566/277 1411/567/277 1382/568/279
f 1382/568/279 1411/567/277 1412/569/279
f 1382/568/357 1412/569/357 1381/570/283
f 1381/570/283 1412/569/357 1413/571/283
f 1381/570/284 1413/571/284 1380/572/285
f 1380/572/285 1413/571/284 1414/573/285
f 1380/572/287 1414/573/287 1379/574/52
f 1379/574/344 1414/573/338 1415/575/344
f 1379/574/347 1415/575/347 1378/576/336
f 1378/576/288 1415/575/52 1416/577/288
f 1378/576/292 1416/577/292 1377/578/291
f 1377/578/291 1416/577/292 1417/579/291
f 1377/578/293 1417/579/293 1376/580/295
f 1376/580/295 1417/579/293 1418/581/295
f 1376/580/296 1418/581/296 1375/582/298
f 1375/582/298 1418/581/296 1419/583/298
f 1375/582/299 1419/583/299 1374/535/300
f 1374/535/300 1419/583/299 1420/536/300
f 1396/584/55 1386/585/55 1373/586/55
f 1373/586/55 1386/585/55 1385/587/55
f 1373/586/55 1385/587/55 1374/588/55
f 1374/588/55 1385/587/55 1384/589/55
f 1374/588/55 1384/589/55 1375/590/55
f 1375/590/55 1384/589/55 1383/591/55
f 1375/590/55 1383/591/55 1376/592/55
f 1376/592/55 1383/591/55 1382/593/55
f 1376/592/55 1382/593/55 1377/594/55
f 1377/594/55 1382/593/55 1381/595/55
f 1377/594/55 1381/595/55 1378/596/55
f 1378/596/55 1381/595/55 1380/597/55
f 1378/596/426 1380/597/426 1379/598/426
f 1386/585/55 1396/584/55 1387/599/55
f 1387/599/55 1396/584/55 1395/600/55
f 1387/599/55 1395/600/55 1388/601/55
f 1388/601/55 1395/600/55 1394/602/55
f 1388/601/55 1394/602/55 1389/603/55
f 1389/603/55 1394/602/55 1393/604/55
f 1389/603/55 1393/604/55 1390/605/55
f 1390/605/55 1393/604/55 1392/606/55
f 1390/605/55 1392/606/55 1391/607/55
f 1422/535/301 1468/536/301 1421/537/302
f 1421/537/302 1468/536/340 1445/538/302
f 1421/539/303 1445/540/303 1444/541/341
f 1444/541/341 1445/540/303 1446/542/341
f 1444/541/306 1446/542/306 1443/543/307
f 1443/543/307 1446/542/306 1447/544/307
f 1443/543/311 1447/544/311 1442/545/335
f 1442/545/309 1447/544/311 1448/546/309
f 1442/545/334 1448/546/334 1441/547/312
f 1441/547/312 1448/546/334 1449/548/312
f 1441/547/313 1449/548/313 1440/549/314
f 1440/549/314 1449/548/333 1450/550/314
f 1440/549/331 1450/550/331 1439/551/54
f 1439/551/128 1450/550/315 1451/552/128
f 1439/551/129 1451/552/129 1438/553/316
f 1438/553/330 1451/552/54 1452/554/330
f 1438/553/317 1452/554/317 1437/555/328
f 1437/555/318 1452/554/317 1453/556/318
f 1437/555/319 1453/556/319 1436/557/370
f 1436/557/370 1453/556/319 1454/558/370
f 1436/557/323 1454/558/323 1435/559/321
f 1435/559/321 1454/558/326 1455/560/321
f 1435/559/324 1455/560/324 1434/561/325
f 1434/561/325 1455/560/324 1456/562/325
f 1434/561/359 1456/562/359 1433/563/272
f 1433/563/272 1456/562/359 1457/224/272
f 1433/563/273 1457/224/273 1432/564/343
f 1432/564/343 1457/224/273 1458/565/343
f 1432/564/275 1458/565/275 1431/566/276
f 1431/566/276 1458/565/275 1459/567/276
f 1431/566/277 1459/567/277 1430/568/279
f 1430/568/358 1459/567/277 1460/569/358
f 1430/568/278 1460/569/278 1429/570/283
f 1429/570/282 1460/569/281 1461/571/282
f 1429/570/284 1461/571/284 1428/572/285
f 1428/572/285 1461/571/284 1462/573/285
f 1428/572/338 1462/573/338 1427/574/339
f 1427/574/52 1462/573/287 1463/575/52
f 1427/574/52 1463/575/52 1426/576/288
f 1426/576/336 1463/575/337 1464/577/336
f 1426/576/292 1464/577/292 1425/578/291
f 1425/578/291 1464/577/292 1465/579/291
f 1425/578/293 1465/579/293 1424/580/295
f 1424/580/294 1465/579/293 1466/581/294
f 1424/580/349 1466/581/349 1423/582/298
f 1423/582/298 1466/581/296 1467/583/298
f 1423/582/299 1467/583/299 1422/535/300
f 1422/535/300 1467/583/299 1468/536/300
f 1444/584/55 1434/585/55 1421/586/55
f 1421/586/55 1434/585/55 1433/587/55
f 1421/586/55 1433/587/55 1422/588/55
f 1422/588/55 1433/587/55 1432/589/55
f 1422/588/55 1432/589/55 1423/590/55
f 1423/590/55 1432/589/55 1431/591/55
f 1423/590/55 1431/591/55 1424/592/55
f 1424/592/55 1431/591/55 1430/593/55
f 1424/592/55 1430/593/55 1425/594/55
f 1425/594/55 1430/593/55 1429/595/55
f 1425/594/55 1429/595/55 1426/596/55
f 1426/596/55 1429/595/55 1428/597/55
f 1426/596/55 1428/597/55 1427/598/55
f 1434/585/55 1444/584/55 1435/599/55
f 1435/599/55 1444/584/55 1443/600/55
f 1435/599/55 1443/600/55 1436/601/55
f 1436/601/55 1443/600/55 1442/602/55
f 1436/601/55 1442/602/55 1437/603/55
f 1437/603/55 1442/602/55 1441/604/55
f 1437/603/55 1441/604/55 1438/605/55
f 1438/605/55 1441/604/55 1440/606/55
f 1438/605/55 1440/606/55 1439/607/55
f 1470/535/301 1516/536/301 1469/537/302
f 1469/537/302 1516/536/340 1493/538/302
f 1469/539/303 1493/540/303 1492/541/341
f 1492/541/304 1493/540/303 1494/542/304
f 1492/541/306 1494/542/306 1491/543/307
f 1491/543/307 1494/542/306 1495/544/307
f 1491/543/311 1495/544/311 1490/545/335
f 1490/545/309 1495/544/311 1496/546/309
f 1490/545/334 1496/546/334 1489/547/312
f 1489/547/312 1496/546/334 1497/548/312
f 1489/547/313 1497/548/313 1488/549/314
f 1488/549/314 1497/548/333 1498/550/314
f 1488/549/331 1498/550/331 1487/551/54
f 1487/551/128 1498/550/315 1499/552/128
f 1487/551/129 1499/552/129 1486/553/316
f 1486/553/330 1499/552/54 1500/554/330
f 1486/553/317 1500/554/317 1485/555/328
f 1485/555/318 1500/554/317 1501/556/318
f 1485/555/319 1501/556/319 1484/557/370
f 1484/557/370 1501/556/319 1502/558/370
f 1484/557/323 1502/558/323 1483/559/321
f 1483/559/321 1502/558/326 1503/560/321
f 1483/559/324 1503/560/324 1482/561/325
f 1482/561/325 1503/560/324 1504/562/325
f 1482/561/271 1504/562/271 1481/563/272
f 1481/563/272 1504/562/271 1505/224/272
f 1481/563/273 1505/224/273 1480/564/343
f 1480/564/343 1505/224/273 1506/565/343
f 1480/564/275 1506/565/275 1479/566/276
f 1479/566/276 1506/565/275 1507/567/276
f 1479/566/277 1507/567/277 1478/568/279
f 1478/568/279 1507/567/277 1508/569/279
f 1478/568/357 1508/569/357 1477/570/283
f 1477/570/283 1508/569/357 1509/571/283
f 1477/570/282 1509/571/282 1476/572/285
f 1476/572/285 1509/571/284 1510/573/285
f 1476/572/345 1510/573/345 1475/574/339
f 1475/574/339 1510/573/345 1511/575/339
f 1475/574/337 1511/575/337 1474/576/346
f 1474/576/346 1511/575/337 1512/577/346
f 1474/576/292 1512/577/292 1473/578/291
f 1473/578/290 1512/577/292 1513/579/290
f 1473/578/293 1513/579/293 1472/580/295
f 1472/580/295 1513/579/293 1514/581/295
f 1472/580/296 1514/581/296 1471/582/298
f 1471/582/298 1514/581/296 1515/583/298
f 1471/582/299 1515/583/299 1470/535/300
f 1470/535/300 1515/583/299 1516/536/300
f 1492/584/55 1482/585/55 1469/586/55
f 1469/586/55 1482/585/55 1481/587/55
f 1469/586/55 1481/587/55 1470/588/55
f 1470/588/55 1481/587/55 1480/589/55
f 1470/588/55 1480/589/55 1471/590/55
f 1471/590/55 1480/589/55 1479/591/55
f 1471/590/55 1479/591/55 1472/592/55
f 1472/592/55 1479/591/55 1478/593/55
f 1472/592/55 1478/593/55 1473/594/55
f 1473/594/55 1478/593/55 1477/595/55
f 1473/594/55 1477/595/55 1474/596/55
f 1474/596/55 1477/595/55 1476/597/55
f 1474/596/426 1476/597/426 1475/598/426
f 1482/585/55 1492/584/55 1483/599/55
f 1483/599/55 1492/584/55 1491/600/55
f 1483/599/55 1491/600/55 1484/601/55
f 1484/601/55 1491/600/55 1490/602/55
f 1484/601/55 1490/602/55 1485/603/55
f 1485/603/55 1490/602/55 1489/604/55
f 1485/603/55 1489/604/55 1486/605/55
f 1486/605/55 1489/604/55 1488/606/55
f 1486/605/427 1488/606/427 1487/607/427
f 1518/535/301 1564/536/301 1517/537/302
f 1517/537/302 1564/536/340 1541/538/302
f 1517/539/303 1541/540/303 1540/541/341
f 1540/541/341 1541/540/303 1542/542/341
f 1540/541/306 1542/542/306 1539/543/307
f 1539/543/307 1542/542/306 1543/544/307
f 1539/543/311 1543/544/311 1538/545/335
f 1538/545/309 1543/544/311 1544/546/309
f 1538/545/334 1544/546/334 1537/547/312
f 1537/547/312 1544/546/334 1545/548/312
f 1537/547/313 1545/548/313 1536/549/314
f 1536/549/314 1545/548/333 1546/550/314
f 1536/549/331 1546/550/331 1535/551/54
f 1535/551/128 1546/550/315 1547/552/128
f 1535/551/129 1547/552/129 1534/553/316
f 1534/553/330 1547/552/54 1548/554/330
f 1534/553/317 1548/554/317 1533/555/328
f 1533/555/318 1548/554/317 1549/556/318
f 1533/555/319 1549/556/319 1532/557/370
f 1532/557/370 1549/556/319 1550/558/370
f 1532/557/323 1550/558/323 1531/559/321
f 1531/559/321 1550/558/326 1551/560/321
f 1531/559/324 1551/560/324 1530/561/325
f 1530/561/325 1551/560/324 1552/562/325
f 1530/561/359 1552/562/359 1529/563/272
f 1529/563/272 1552/562/359 1553/224/272
f 1529/563/273 1553/224/273 1528/564/343
f 1528/564/343 1553/224/273 1554/565/343
f 1528/564/275 1554/565/275 1527/566/276
f 1527/566/276 1554/565/275 1555/567/276
f 1527/566/277 1555/567/277 1526/568/279
f 1526/568/358 1555/567/277 1556/569/358
f 1526/568/278 1556/569/278 1525/570/283
f 1525/570/282 1556/569/281 1557/571/282
f 1525/570/284 1557/571/284 1524/572/285
f 1524/572/285 1557/571/284 1558/573/285
f 1524/572/338 1558/573/338 1523/574/339
f 1523/574/52 1558/573/287 1559/575/52
f 1523/574/52 1559/575/52 1522/576/288
f 1522/576/336 1559/575/337 1560/577/336
f 1522/576/292 1560/577/292 1521/578/291
f 1521/578/291 1560/577/292 1561/579/291
f 1521/578/293 1561/579/293 1520/580/295
f 1520/580/294 1561/579/293 1562/581/294
f 1520/580/349 1562/581/349 1519/582/298
f 1519/582/298 1562/581/296 1563/583/298
f 1519/582/299 1563/583/299 1518/535/300
f 1518/535/300 1563/583/299 1564/536/300
f 1540/584/55 1530/585/55 1517/586/55
f 1517/586/55 1530/585/55 1529/587/55
f 1517/586/55 1529/587/55 1518/588/55
f 1518/588/55 1529/587/55 1528/589/55
f 1518/588/55 1528/589/55 1519/590/55
f 1519/590/55 1528/589/55 1527/591/55
f 1519/590/55 1527/591/55 1520/592/55
f 1520/592/55 1527/591/55 1526/593/55
f 1520/592/55 1526/593/55 1521/594/55
f 1521/594/55 1526/593/55 1525/595/55
f 1521/594/55 1525/595/55 1522/596/55
f 1522/596/55 1525/595/55 1524/597/55
f 1522/596/428 1524/597/428 1523/598/428
f 1530/585/55 1540/584/55 1531/599/55
f 1531/599/55 1540/584/55 1539/600/55
f 1531/599/55 1539/600/55 1532/601/55
f 1532/601/55 1539/600/55 1538/602/55
f 1532/601/55 1538/602/55 1533/603/55
f 1533/603/55 1538/602/55 1537/604/55
f 1533/603/55 1537/604/55 1534/605/55
f 1534/605/55 1537/604/55 1536/606/55
f 1534/605/427 1536/606/427 1535/607/427
f 1566/535/340 1612/536/340 1565/537/302
f 1565/537/302 1612/536/340 1589/538/302
f 1565/539/303 1589/540/303 1588/541/341
f 1588/541/341 1589/540/303 1590/542/341
f 1588/541/306 1590/542/306 1587/543/307
f 1587/543/307 1590/542/306 1591/544/307
f 1587/543/311 1591/544/311 1586/545/310
f 1586/545/309 1591/544/308 1592/546/309
f 1586/545/334 1592/546/334 1585/547/312
f 1585/547/312 1592/546/334 1593/548/312
f 1585/547/313 1593/548/313 1584/549/314
f 1584/549/314 1593/548/313 1594/550/314
f 1584/549/315 1594/550/315 1583/551/128
f 1583/551/128 1594/550/315 1595/552/128
f 1583/551/129 1595/552/129 1582/553/316
f 1582/553/316 1595/552/129 1596/554/316
f 1582/553/317 1596/554/317 1581/555/318
f 1581/555/318 1596/554/317 1597/556/318
f 1581/555/319 1597/556/319 1580/557/370
f 1580/557/370 1597/556/319 1598/558/370
f 1580/557/323 1598/558/323 1579/559/322
f 1579/559/321 1598/558/320 1599/560/321
f 1579/559/324 1599/560/324 1578/561/325
f 1578/561/325 1599/560/324 1600/562/325
f 1578/561/359 1600/562/359 1577/563/272
f 1577/563/272 1600/562/359 1601/224/272
f 1577/563/273 1601/224/273 1576/564/274
f 1576/564/274 1601/224/273 1602/565/274
f 1576/564/275 1602/565/275 1575/566/276
f 1575/566/276 1602/565/275 1603/567/276
f 1575/566/277 1603/567/277 1574/568/279
f 1574/568/279 1603/567/277 1604/569/279
f 1574/568/357 1604/569/357 1573/570/283
f 1573/570/283 1604/569/357 1605/571/283
f 1573/570/284 1605/571/284 1572/572/285
f 1572/572/285 1605/571/284 1606/573/285
f 1572/572/287 1606/573/287 1571/574/52
f 1571/574/344 1606/573/338 1607/575/344
f 1571/574/347 1607/575/347 1570/576/336
f 1570/576/288 1607/575/52 1608/577/288
f 1570/576/292 1608/577/292 1569/578/291
f 1569/578/291 1608/577/292 1609/579/291
f 1569/578/293 1609/579/293 1568/580/295
f 1568/580/295 1609/579/293 1610/581/295
f 1568/580/296 1610/581/296 1567/582/298
f 1567/582/298 1610/581/296 1611/583/298
f 1567/582/299 1611/583/299 1566/535/300
f 1566/535/300 1611/583/299 1612/536/300
f 1588/584/55 1578/585/55 1565/586/55
f 1565/586/55 1578/585/55 1577/587/55
f 1565/586/55 1577/587/55 1566/588/55
f 1566/588/55 1577/587/55 1576/589/55
f 1566/588/55 1576/589/55 1567/590/55
f 1567/590/55 1576/589/55 1575/591/55
f 1567/590/55 1575/591/55 1568/592/55
f 1568/592/55 1575/591/55 1574/593/55
f 1568/592/55 1574/593/55 1569/594/55
f 1569/594/55 1574/593/55 1573/595/55
f 1569/594/55 1573/595/55 1570/596/55
f 1570/596/55 1573/595/55 1572/597/55
f 1570/596/55 1572/597/55 1571/598/55
f 1578/585/55 1588/584/55 1579/599/55
f 1579/599/55 1588/584/55 1587/600/55
f 1579/599/55 1587/600/55 1580/601/55
f 1580/601/55 1587/600/55 1586/602/55
f 1580/601/55 1586/602/55 1581/603/55
f 1581/603/55 1586/602/55 1585/604/55
f 1581/603/55 1585/604/55 1582/605/55
f 1582/605/55 1585/604/55 1584/606/55
f 1582/605/55 1584/606/55 1583/607/55
f 1614/535/429 1660/536/429 1613/537/430
f 1613/537/51 1660/536/431 1637/538/51
f 1613/539/51 1637/540/51 1636/541/432
f 1636/541/433 1637/540/434 1638/542/433
f 1636/541/435 1638/542/435 1635/543/436
f 1635/543/436 1638/542/435 1639/544/436
f 1635/543/437 1639/544/437 1634/545/438
f 1634/545/438 1639/544/437 1640/546/438
f 1634/545/439 1640/546/439 1633/547/440
f 1633/547/440 1640/546/439 1641/548/440
f 1633/547/441 1641/548/441 1632/549/442
f 1632/549/442 1641/548/441 1642/550/442
f 1632/549/443 1642/550/443 1631/551/444
f 1631/551/444 1642/550/443 1643/552/444
f 1631/551/445 1643/552/445 1630/553/446
f 1630/553/446 1643/552/445 1644/554/446
f 1630/553/447 1644/554/447 1629/555/448
f 1629/555/448 1644/554/447 1645/556/448
f 1629/555/449 1645/556/449 1628/557/450
f 1628/557/450 1645/556/449 1646/558/450
f 1628/557/451 1646/558/451 1627/559/452
f 1627/559/452 1646/558/451 1647/560/452
f 1627/559/453 1647/560/453 1626/561/454
f 1626/561/454 1647/560/453 1648/562/454
f 1626/561/455 1648/562/455 1625/563/456
f 1625/563/456 1648/562/455 1649/224/456
f 1625/563/457 1649/224/457 1624/564/458
f 1624/564/458 1649/224/457 1650/565/458
f 1624/564/459 1650/565/459 1623/566/460
f 1623/566/460 1650/565/459 1651/567/460
f 1623/566/461 1651/567/461 1622/568/462
f 1622/568/462 1651/567/461 1652/569/462
f 1622/568/463 1652/569/463 1621/570/464
f 1621/570/464 1652/569/463 1653/571/464
f 1621/570/465 1653/571/465 1620/572/466
f 1620/572/466 1653/571/465 1654/573/466
f 1620/572/467 1654/573/467 1619/574/468
f 1619/574/468 1654/573/467 1655/575/468
f 1619/574/469 1655/575/469 1618/576/470
f 1618/576/470 1655/575/469 1656/577/470
f 1618/576/471 1656/577/471 1617/578/472
f 1617/578/472 1656/577/471 1657/579/472
f 1617/578/473 1657/579/473 1616/580/474
f 1616/580/474 1657/579/473 1658/581/474
f 1616/580/475 1658/581/475 1615/582/476
f 1615/582/476 1658/581/475 1659/583/476
f 1615/582/477 1659/583/477 1614/535/478
f 1614/535/478 1659/583/477 1660/536/478
f 1636/584/52 1626/585/52 1613/586/52
f 1613/586/52 1626/585/52 1625/587/52
f 1613/586/52 1625/587/52 1614/588/52
f 1614/588/52 1625/587/52 1624/589/52
f 1614/588/52 1624/589/52 1615/590/52
f 1615/590/52 1624/589/52 1623/591/52
f 1615/590/52 1623/591/52 1616/592/52
f 1616/592/52 1623/591/52 1622/593/52
f 1616/592/52 1622/593/52 1617/594/52
f 1617/594/52 1622/593/52 1621/595/52
f 1617/594/52 1621/595/52 1618/596/52
f 1618/596/52 1621/595/52 1620/597/52
f 1618/596/52 1620/597/52 1619/598/52
f 1626/585/52 1636/584/52 1627/599/52
f 1627/599/52 1636/584/52 1635/600/52
f 1627/599/52 1635/600/52 1628/601/52
f 1628/601/52 1635/600/52 1634/602/52
f 1628/601/52 1634/602/52 1629/603/52
f 1629/603/52 1634/602/52 1633/604/52
f 1629/603/52 1633/604/52 1630/605/52
f 1630/605/52 1633/604/52 1632/606/52
f 1630/605/52 1632/606/52 1631/607/52
f 1662/535/431 1708/536/431 1661/537/430
f 1661/537/430 1708/536/431 1685/538/430
f 1661/539/434 1685/540/434 1684/541/432
f 1684/541/433 1685/540/434 1686/542/433
f 1684/541/435 1686/542/435 1683/543/436
f 1683/543/436 1686/542/435 1687/544/436
f 1683/543/437 1687/544/437 1682/545/438
f 1682/545/438 1687/544/437 1688/546/438
f 1682/545/439 1688/546/439 1681/547/440
f 1681/547/440 1688/546/439 1689/548/440
f 1681/547/441 1689/548/441 1680/549/442
f 1680/549/442 1689/548/441 1690/550/442
f 1680/549/443 1690/550/443 1679/551/444
f 1679/551/444 1690/550/443 1691/552/444
f 1679/551/445 1691/552/445 1678/553/446
f 1678/553/446 1691/552/445 1692/554/446
f 1678/553/447 1692/554/447 1677/555/448
f 1677/555/448 1692/554/447 1693/556/448
f 1677/555/449 1693/556/449 1676/557/450
f 1676/557/450 1693/556/449 1694/558/450
f 1676/557/451 1694/558/451 1675/559/452
f 1675/559/452 1694/558/451 1695/560/452
f 1675/559/453 1695/560/453 1674/561/454
f 1674/561/454 1695/560/453 1696/562/454
f 1674/561/455 1696/562/455 1673/563/456
f 1673/563/456 1696/562/455 1697/224/456
f 1673/563/457 1697/224/457 1672/564/458
f 1672/564/458 1697/224/457 1698/565/458
f 1672/564/459 1698/565/459 1671/566/460
f 1671/566/460 1698/565/459 1699/567/460
f 1671/566/461 1699/567/461 1670/568/462
f 1670/568/462 1699/567/461 1700/569/462
f 1670/568/463 1700/569/463 1669/570/464
f 1669/570/464 1700/569/463 1701/571/464
f 1669/570/465 1701/571/465 1668/572/466
f 1668/572/466 1701/571/465 1702/573/466
f 1668/572/467 1702/573/467 1667/574/468
f 1667/574/468 1702/573/467 1703/575/468
f 1667/574/469 1703/575/469 1666/576/470
f 1666/576/470 1703/575/469 1704/577/470
f 1666/576/471 1704/577/471 1665/578/472
f 1665/578/472 1704/577/471 1705/579/472
f 1665/578/473 1705/579/473 1664/580/474
f 1664/580/474 1705/579/473 1706/581/474
f 1664/580/475 1706/581/475 1663/582/476
f 1663/582/476 1706/581/475 1707/583/476
f 1663/582/477 1707/583/477 1662/535/478
f 1662/535/478 1707/583/477 1708/536/478
f 1684/584/52 1674/585/52 1661/586/52
f 1661/586/52 1674/585/52 1673/587/52
f 1661/586/52 1673/587/52 1662/588/52
f 1662/588/52 1673/587/52 1672/589/52
f 1662/588/52 1672/589/52 1663/590/52
f 1663/590/52 1672/589/52 1671/591/52
f 1663/590/52 1671/591/52 1664/592/52
f 1664/592/52 1671/591/52 1670/593/52
f 1664/592/52 1670/593/52 1665/594/52
f 1665/594/52 1670/593/52 1669/595/52
f 1665/594/52 1669/595/52 1666/596/52
f 1666/596/52 1669/595/52 1668/597/52
f 1666/596/52 1668/597/52 1667/598/52
f 1674/585/52 1684/584/52 1675/599/52
f 1675/599/52 1684/584/52 1683/600/52
f 1675/599/52 1683/600/52 1676/601/52
f 1676/601/52 1683/600/52 1682/602/52
f 1676/601/52 1682/602/52 1677/603/52
f 1677/603/52 1682/602/52 1681/604/52
f 1677/603/52 1681/604/52 1678/605/52
f 1678/605/52 1681/604/52 1680/606/52
f 1678/605/52 1680/606/52 1679/607/52
f 1710/1064/479 1756/536/479 1709/1065/457
f 1709/1065/457 1756/536/458 1733/538/457
f 1709/1066/456 1733/540/456 1732/1067/455
f 1732/1067/455 1733/540/456 1734/542/455
f 1732/1067/454 1734/542/454 1731/1068/453
f 1731/1068/453 1734/542/454 1735/544/453
f 1731/1068/452 1735/544/452 1730/1069/451
f 1730/1069/451 1735/544/452 1736/546/451
f 1730/1069/450 1736/546/450 1729/1070/449
f 1729/1070/449 1736/546/450 1737/548/449
f 1729/1070/448 1737/548/448 1728/1071/447
f 1728/1071/447 1737/548/480 1738/550/447
f 1728/1071/481 1738/550/481 1727/1072/445
f 1727/1072/445 1738/550/481 1739/552/445
f 1727/1072/444 1739/552/444 1726/1073/482
f 1726/1073/482 1739/552/444 1740/554/482
f 1726/1073/442 1740/554/442 1725/1074/441
f 1725/1074/441 1740/554/442 1741/556/441
f 1725/1074/440 1741/556/440 1724/1075/483
f 1724/1075/439 1741/556/440 1742/558/439
f 1724/1075/438 1742/558/438 1723/1076/437
f 1723/1076/437 1742/558/438 1743/560/437
f 1723/1076/436 1743/560/436 1722/1077/435
f 1722/1077/435 1743/560/436 1744/562/435
f 1722/1077/433 1744/562/433 1721/1078/434
f 1721/1078/51 1744/562/432 1745/224/51
f 1721/1078/51 1745/224/51 1720/1079/431
f 1720/1079/429 1745/224/430 1746/1080/429
f 1720/1079/478 1746/1080/478 1719/1081/477
f 1719/1081/477 1746/1080/478 1747/567/477
f 1719/1081/476 1747/567/476 1718/1082/475
f 1718/1082/475 1747/567/476 1748/569/475
f 1718/1082/484 1748/569/484 1717/1083/473
f 1717/1083/473 1748/569/484 1749/571/473
f 1717/1083/472 1749/571/472 1716/1084/471
f 1716/1084/471 1749/571/472 1750/1085/471
f 1716/1084/470 1750/1085/470 1715/1086/469
f 1715/1086/469 1750/1085/470 1751/575/469
f 1715/1086/468 1751/575/468 1714/1087/467
f 1714/1087/467 1751/575/468 1752/577/467
f 1714/1087/466 1752/577/466 1713/1088/465
f 1713/1088/465 1752/577/466 1753/579/465
f 1713/1088/464 1753/579/464 1712/1089/463
f 1712/1089/485 1753/579/464 1754/581/485
f 1712/1089/462 1754/581/462 1711/1090/461
f 1711/1090/461 1754/581/462 1755/583/461
f 1711/1090/460 1755/583/460 1710/1064/459
f 1710/1064/459 1755/583/460 1756/536/459
f 1732/584/54 1722/585/54 1709/586/54
f 1709/586/54 1722/585/54 1721/587/54
f 1709/586/54 1721/587/54 1710/588/54
f 1710/588/54 1721/587/54 1720/589/54
f 1710/588/54 1720/589/54 1711/590/54
f 1711/590/54 1720/589/54 1719/591/54
f 1711/590/54 1719/591/54 1712/592/54
f 1712/592/54 1719/591/54 1718/593/54
f 1712/592/54 1718/593/54 1713/594/54
f 1713/594/54 1718/593/54 1717/595/54
f 1713/594/54 1717/595/54 1714/596/54
f 1714/596/54 1717/595/54 1716/597/54
f 1714/596/54 1716/597/54 1715/598/54
f 1722/585/54 1732/584/54 1723/599/54
f 1723/599/54 1732/584/54 1731/600/54
f 1723/599/54 1731/600/54 1724/601/54
f 1724/601/54 1731/600/54 1730/602/54
f 1724/601/54 1730/602/54 1725/603/54
f 1725/603/54 1730/602/54 1729/604/54
f 1725/603/54 1729/604/54 1726/605/54
f 1726/605/54 1729/604/54 1728/606/54
f 1726/605/54 1728/606/54 1727/607/54
f 1758/1064/458 1804/536/458 1757/1065/457
f 1757/1065/457 1804/536/458 1781/538/457
f 1757/1066/456 1781/540/456 1780/1067/455
f 1780/1067/455 1781/540/456 1782/542/455
f 1780/1067/454 1782/542/454 1779/1068/453
f 1779/1068/453 1782/542/454 1783/544/453
f 1779/1068/452 1783/544/452 1778/1069/486
f 1778/1069/451 1783/544/452 1784/546/451
f 1778/1069/450 1784/546/450 1777/1070/449
f 1777/1070/449 1784/546/450 1785/548/449
f 1777/1070/448 1785/548/448 1776/1071/447
f 1776/1071/447 1785/548/480 1786/550/447
f 1776/1071/481 1786/550/481 1775/1072/445
f 1775/1072/445 1786/550/481 1787/552/445
f 1775/1072/444 1787/552/444 1774/1073/482
f 1774/1073/482 1787/552/444 1788/554/482
f 1774/1073/442 1788/554/442 1773/1074/441
f 1773/1074/487 1788/554/442 1789/556/487
f 1773/1074/440 1789/556/440 1772/1075/439
f 1772/1075/483 1789/556/440 1790/558/483
f 1772/1075/438 1790/558/438 1771/1076/437
f 1771/1076/437 1790/558/438 1791/560/437
f 1771/1076/436 1791/560/436 1770/1077/435
f 1770/1077/435 1791/560/436 1792/562/435
f 1770/1077/433 1792/562/433 1769/1078/434
f 1769/1078/434 1792/562/432 1793/224/434
f 1769/1078/430 1793/224/430 1768/1079/488
f 1768/1079/488 1793/224/430 1794/1080/488
f 1768/1079/478 1794/1080/478 1767/1081/477
f 1767/1081/477 1794/1080/478 1795/567/477
f 1767/1081/476 1795/567/476 1766/1082/475
f 1766/1082/475 1795/567/476 1796/569/475
f 1766/1082/484 1796/569/484 1765/1083/473
f 1765/1083/473 1796/569/484 1797/571/473
f 1765/1083/472 1797/571/472 1764/1084/471
f 1764/1084/471 1797/571/472 1798/1085/471
f 1764/1084/470 1798/1085/470 1763/1086/469
f 1763/1086/469 1798/1085/470 1799/575/469
f 1763/1086/468 1799/575/468 1762/1087/467
f 1762/1087/467 1799/575/468 1800/577/467
f 1762/1087/466 1800/577/466 1761/1088/465
f 1761/1088/465 1800/577/466 1801/579/465
f 1761/1088/464 1801/579/464 1760/1089/463
f 1760/1089/485 1801/579/464 1802/581/485
f 1760/1089/462 1802/581/462 1759/1090/461
f 1759/1090/461 1802/581/489 1803/583/461
f 1759/1090/460 1803/583/460 1758/1064/459
f 1758/1064/459 1803/583/460 1804/536/459
f 1780/584/54 1770/585/54 1757/586/54
f 1757/586/54 1770/585/54 1769/587/54
f 1757/586/54 1769/587/54 1758/588/54
f 1758/588/54 1769/587/54 1768/589/54
f 1758/588/54 1768/589/54 1759/590/54
f 1759/590/54 1768/589/54 1767/591/54
f 1759/590/54 1767/591/54 1760/592/54
f 1760/592/54 1767/591/54 1766/593/54
f 1760/592/54 1766/593/54 1761/594/54
f 1761/594/54 1766/593/54 1765/595/54
f 1761/594/54 1765/595/54 1762/596/54
f 1762/596/54 1765/595/54 1764/597/54
f 1762/596/54 1764/597/54 1763/598/54
f 1770/585/54 1780/584/54 1771/599/54
f 1771/599/54 1780/584/54 1779/600/54
f 1771/599/54 1779/600/54 1772/601/54
f 1772/601/54 1779/600/54 1778/602/54
f 1772/601/54 1778/602/54 1773/603/54
f 1773/603/54 1778/602/54 1777/604/54
f 1773/603/54 1777/604/54 1774/605/54
f 1774/605/54 1777/604/54 1776/606/54
f 1774/605/54 1776/606/54 1775/607/54
f 1806/1064/479 1852/536/479 1805/1065/457
f 1805/1065/457 1852/536/458 1829/538/457
f 1805/1066/456 1829/540/456 1828/1067/455
f 1828/1067/455 1829/540/456 1830/542/455
f 1828/1067/454 1830/542/454 1827/1068/453
f 1827/1068/453 1830/542/454 1831/544/453
f 1827/1068/452 1831/544/452 1826/1069/451
f 1826/1069/451 1831/544/452 1832/546/451
f 1826/1069/450 1832/546/450 1825/1091/449
f 1825/1091/449 1832/546/450 1833/1092/449
f 1825/1091/448 1833/1092/448 1824/1071/447
f 1824/1071/447 1833/1092/448 1834/550/447
f 1824/1071/446 1834/550/446 1823/1072/445
f 1823/1072/445 1834/550/446 1835/552/445
f 1823/1072/444 1835/552/444 1822/1073/443
f 1822/1073/443 1835/552/444 1836/554/443
f 1822/1073/442 1836/554/442 1821/1074/441
f 1821/1074/441 1836/554/442 1837/556/441
f 1821/1074/440 1837/556/440 1820/1075/483
f 1820/1075/439 1837/556/440 1838/558/439
f 1820/1075/438 1838/558/438 1819/1076/437
f 1819/1076/437 1838/558/438 1839/560/437
f 1819/1076/436 1839/560/436 1818/1077/435
f 1818/1077/435 1839/560/436 1840/562/435
f 1818/1077/433 1840/562/433 1817/1078/434
f 1817/1078/51 1840/562/432 1841/224/51
f 1817/1078/51 1841/224/51 1816/1079/431
f 1816/1079/429 1841/224/430 1842/565/429
f 1816/1079/478 1842/565/478 1815/1081/477
f 1815/1081/477 1842/565/429 1843/1093/477
f 1815/1081/476 1843/1093/476 1814/1082/475
f 1814/1082/475 1843/1093/476 1844/1094/475
f 1814/1082/484 1844/1094/484 1813/1083/473
f 1813/1083/473 1844/1094/474 1845/571/473
f 1813/1083/472 1845/571/472 1812/1084/471
f 1812/1084/471 1845/571/472 1846/573/471
f 1812/1084/470 1846/573/470 1811/1086/469
f 1811/1086/469 1846/573/470 1847/575/469
f 1811/1086/468 1847/575/468 1810/1087/467
f 1810/1087/467 1847/575/468 1848/577/467
f 1810/1087/466 1848/577/466 1809/1095/465
f 1809/1095/465 1848/577/466 1849/1096/465
f 1809/1095/464 1849/1096/464 1808/1089/463
f 1808/1089/463 1849/1096/464 1850/581/463
f 1808/1089/462 1850/581/462 1807/1090/461
f 1807/1090/461 1850/581/462 1851/583/461
f 1807/1090/460 1851/583/460 1806/1064/459
f 1806/1064/459 1851/583/460 1852/536/459
f 1828/584/54 1818/585/54 1805/586/54
f 1805/586/54 1818/585/54 1817/587/54
f 1805/586/54 1817/587/54 1806/588/54
f 1806/588/54 1817/587/54 1816/589/54
f 1806/588/54 1816/589/54 1807/590/54
f 1807/590/54 1816/589/54 1815/591/54
f 1807/590/54 1815/591/54 1808/592/54
f 1808/592/54 1815/591/54 1814/593/54
f 1808/592/54 1814/593/54 1809/594/54
f 1809/594/54 1814/593/54 1813/595/54
f 1809/594/54 1813/595/54 1810/596/54
f 1810/596/54 1813/595/54 1812/597/54
f 1810/596/54 1812/597/54 1811/598/54
f 1818/585/54 1828/584/54 1819/599/54
f 1819/599/54 1828/584/54 1827/600/54
f 1819/599/54 1827/600/54 1820/601/54
f 1820/601/54 1827/600/54 1826/602/54
f 1820/601/54 1826/602/54 1821/603/54
f 1821/603/54 1826/602/54 1825/604/54
f 1821/603/54 1825/604/54 1822/605/54
f 1822/605/54 1825/604/54 1824/606/54
f 1822/605/54 1824/606/54 1823/607/54
f 1854/1064/458 1900/536/458 1853/1065/457
f 1853/1065/457 1900/536/458 1877/538/457
f 1853/1066/456 1877/540/456 1876/1067/455
f 1876/1067/455 1877/540/456 1878/542/455
f 1876/1067/454 1878/542/454 1875/1068/453
f 1875/1068/453 1878/542/454 1879/544/453
f 1875/1068/452 1879/544/452 1874/1069/486
f 1874/1069/451 1879/544/452 1880/546/451
f 1874/1069/450 1880/546/450 1873/1070/449
f 1873/1070/449 1880/546/450 1881/548/449
f 1873/1070/448 1881/548/448 1872/1071/447
f 1872/1071/447 1881/548/448 1882/550/447
f 1872/1071/446 1882/550/446 1871/1072/445
f 1871/1072/445 1882/550/446 1883/552/445
f 1871/1072/444 1883/552/444 1870/1073/443
f 1870/1073/443 1883/552/444 1884/554/443
f 1870/1073/442 1884/554/442 1869/1074/441
f 1869/1074/441 1884/554/442 1885/556/441
f 1869/1074/440 1885/556/440 1868/1075/439
f 1868/1075/483 1885/556/440 1886/558/483
f 1868/1075/438 1886/558/438 1867/1076/437
f 1867/1076/437 1886/558/438 1887/560/437
f 1867/1076/436 1887/560/436 1866/1077/435
f 1866/1077/435 1887/560/436 1888/562/435
f 1866/1077/433 1888/562/433 1865/1078/434
f 1865/1078/434 1888/562/432 1889/224/434
f 1865/1078/430 1889/224/430 1864/1079/488
f 1864/1079/488 1889/224/430 1890/1080/488
f 1864/1079/478 1890/1080/478 1863/1081/477
f 1863/1081/477 1890/1080/478 1891/567/477
f 1863/1081/476 1891/567/476 1862/1082/475
f 1862/1082/475 1891/567/476 1892/1094/475
f 1862/1082/474 1892/1094/474 1861/1083/473
f 1861/1083/473 1892/1094/474 1893/844/473
f 1861/1083/472 1893/844/472 1860/1084/471
f 1860/1084/471 1893/844/472 1894/1085/471
f 1860/1084/470 1894/1085/470 1859/1086/469
f 1859/1086/469 1894/1085/470 1895/575/469
f 1859/1086/468 1895/575/468 1858/1087/467
f 1858/1087/467 1895/575/468 1896/577/467
f 1858/1087/466 1896/577/466 1857/1088/465
f 1857/1088/465 1896/577/466 1897/579/465
f 1857/1088/464 1897/579/464 1856/1089/463
f 1856/1089/463 1897/579/464 1898/581/463
f 1856/1089/462 1898/581/462 1855/1090/461
f 1855/1090/461 1898/581/489 1899/583/461
f 1855/1090/460 1899/583/460 1854/1064/459
f 1854/1064/459 1899/583/460 1900/536/459
f 1876/584/54 1866/585/54 1853/586/54
f 1853/586/54 1866/585/54 1865/587/54
f 1853/586/54 1865/587/54 1854/588/54
f 1854/588/54 1865/587/54 1864/589/54
f 1854/588/54 1864/589/54 1855/590/54
f 1855/590/54 1864/589/54 1863/591/54
f 1855/590/54 1863/591/54 1856/592/54
f 1856/592/54 1863/591/54 1862/593/54
f 1856/592/54 1862/593/54 1857/594/54
f 1857/594/54 1862/593/54 1861/595/54
f 1857/594/54 1861/595/54 1858/596/54
f 1858/596/54 1861/595/54 1860/597/54
f 1858/596/54 1860/597/54 1859/598/54
f 1866/585/54 1876/584/54 1867/599/54
f 1867/599/54 1876/584/54 1875/600/54
f 1867/599/54 1875/600/54 1868/601/54
f 1868/601/54 1875/600/54 1874/602/54
f 1868/601/54 1874/602/54 1869/603/54
f 1869/603/54 1874/602/54 1873/604/54
f 1869/603/54 1873/604/54 1870/605/54
f 1870/605/54 1873/604/54 1872/606/54
f 1870/605/54 1872/606/54 1871/607/54
f 281/1097/51 1901/448/51 278/1098/51
f 278/1098/51 1901/448/51 657/491/51
f 278/1098/51 657/491/51 656/492/51
f 1902/435/51 664/452/51 1901/448/51
f 1901/448/51 664/452/51 663/453/51
f 1901/448/51 663/453/51 662/454/51
f 1903/224/51 524/528/51 1902/435/51
f 1902/435/51 524/528/51 523/529/51
f 1902/435/51 523/529/51 599/519/51
f 599/519/51 523/529/51 600/518/51
f 600/518/51 523/529/51 522/530/51
f 600/518/51 522/530/51 601/517/51
f 601/517/51 522/530/51 521/531/51
f 601/517/51 521/531/51 602/516/51
f 602/516/51 521/531/51 520/439/51
f 602/516/51 520/439/51 603/515/51
f 603/515/51 520/439/51 519/440/51
f 603/515/51 519/440/51 518/441/51
f 162/444/51 509/445/51 1903/224/51
f 1903/224/51 509/445/51 508/446/51
f 1903/224/51 508/446/51 507/447/51
f 161/1099/51 279/1100/51 162/444/51
f 162/444/51 279/1100/51 559/521/51
f 162/444/51 559/521/51 558/522/51
f 278/1098/51 566/500/51 279/1100/51
f 279/1100/51 566/500/51 565/498/51
f 279/1100/51 565/498/51 564/496/51
f 502/443/51 501/527/51 1903/224/51
f 1903/224/51 501/527/51 524/528/51
f 603/515/51 518/441/51 604/514/51
f 604/514/51 518/441/51 517/512/51
f 604/514/51 517/512/51 605/513/51
f 605/513/51 517/512/51 606/464/51
f 606/464/51 517/512/51 516/466/51
f 606/464/51 516/466/51 570/465/51
f 570/465/51 516/466/51 571/467/51
f 571/467/51 516/466/51 515/468/51
f 571/467/51 515/468/51 572/469/51
f 572/469/51 515/468/51 514/470/51
f 572/469/51 514/470/51 549/471/51
f 549/471/51 514/470/51 513/472/51
f 549/471/51 513/472/51 550/473/51
f 550/473/51 513/472/51 512/474/51
f 550/473/51 512/474/51 551/475/51
f 551/475/51 512/474/51 511/476/51
f 551/475/51 511/476/51 552/477/51
f 552/477/51 511/476/51 510/478/51
f 552/477/51 510/478/51 553/479/51
f 553/479/51 510/478/51 509/445/51
f 553/479/51 509/445/51 162/444/51
f 507/447/51 506/532/51 1903/224/51
f 1903/224/51 506/532/51 505/533/51
f 1903/224/51 505/533/51 504/534/51
f 504/534/51 503/442/51 1903/224/51
f 1903/224/51 503/442/51 502/443/51
f 606/464/51 570/465/51 648/463/51
f 648/463/51 570/465/51 569/505/51
f 648/463/51 569/505/51 649/506/51
f 649/506/51 569/505/51 568/503/51
f 649/506/51 568/503/51 650/504/51
f 650/504/51 568/503/51 278/1098/51
f 650/504/51 278/1098/51 651/501/51
f 651/501/51 278/1098/51 652/499/51
f 652/499/51 278/1098/51 653/497/51
f 653/497/51 278/1098/51 654/495/51
f 654/495/51 278/1098/51 655/493/51
f 655/493/51 278/1098/51 656/492/51
f 568/503/51 567/502/51 278/1098/51
f 278/1098/51 567/502/51 566/500/51
f 564/496/51 563/494/51 279/1100/51
f 279/1100/51 563/494/51 562/449/51
f 279/1100/51 562/449/51 561/450/51
f 561/450/51 560/451/51 279/1100/51
f 279/1100/51 560/451/51 559/521/51
f 558/522/51 557/523/51 162/444/51
f 162/444/51 557/523/51 556/524/51
f 162/444/51 556/524/51 555/525/51
f 555/525/51 554/526/51 162/444/51
f 162/444/51 554/526/51 553/479/51
f 598/520/51 597/436/51 1902/435/51
f 1902/435/51 597/436/51 620/437/51
f 1902/435/51 620/437/51 619/507/51
f 619/507/51 618/508/51 1902/435/51
f 1902/435/51 618/508/51 617/509/51
f 1902/435/51 617/509/51 616/510/51
f 616/510/51 615/511/51 1902/435/51
f 1902/435/51 615/511/51 614/486/51
f 1902/435/51 614/486/51 664/452/51
f 664/452/51 614/486/51 665/485/51
f 665/485/51 614/486/51 613/484/51
f 665/485/51 613/484/51 666/483/51
f 666/483/51 613/484/51 612/482/51
f 666/483/51 612/482/51 667/481/51
f 667/481/51 612/482/51 611/480/51
f 667/481/51 611/480/51 668/455/51
f 668/455/51 611/480/51 610/456/51
f 668/455/51 610/456/51 645/457/51
f 645/457/51 610/456/51 609/458/51
f 645/457/51 609/458/51 646/459/51
f 646/459/51 609/458/51 608/460/51
f 646/459/51 608/460/51 647/461/51
f 647/461/51 608/460/51 607/462/51
f 647/461/51 607/462/51 648/463/51
f 648/463/51 607/462/51 606/464/51
f 599/519/51 598/520/51 1902/435/51
f 662/454/51 661/487/51 1901/448/51
f 1901/448/51 661/487/51 660/488/51
f 1901/448/51 660/488/51 659/489/51
f 659/489/51 658/490/51 1901/448/51
f 1901/448/51 658/490/51 657/491/51
f 1180/1101/55 1544/1102/55 1153/1103/55
f 1153/1103/55 1544/1102/55 1543/1104/55
f 1153/1103/55 1543/1104/55 1515/245/55
f 1515/245/55 1543/1104/55 282/224/55
f 1515/245/55 282/224/55 1516/250/55
f 1516/250/55 282/224/55 1493/251/55
f 1493/251/55 282/224/55 1494/252/55
f 1494/252/55 282/224/55 1495/253/55
f 1495/253/55 282/224/55 1496/254/55
f 1496/254/55 282/224/55 1497/255/55
f 1497/255/55 282/224/55 1498/256/55
f 1498/256/55 282/224/55 1499/257/55
f 1499/257/55 282/224/55 1500/258/55
f 1500/258/55 282/224/55 1158/1105/55
f 1500/258/55 1158/1105/55 1501/230/55
f 1501/230/55 1158/1105/55 1157/1106/55
f 1501/230/55 1157/1106/55 1502/229/55
f 1502/229/55 1157/1106/55 1503/228/55
f 1503/228/55 1157/1106/55 1504/260/55
f 1504/260/55 1157/1106/55 1156/1107/55
f 1504/260/55 1156/1107/55 1505/259/55
f 1505/259/55 1156/1107/55 1506/234/55
f 1506/234/55 1156/1107/55 1507/233/55
f 1507/233/55 1156/1107/55 1155/1108/55
f 1507/233/55 1155/1108/55 1508/232/55
f 1508/232/55 1155/1108/55 1509/238/55
f 1509/238/55 1155/1108/55 1510/237/55
f 1510/237/55 1155/1108/55 1154/1109/55
f 1510/237/55 1154/1109/55 1511/236/55
f 1511/236/55 1154/1109/55 1512/242/55
f 1512/242/55 1154/1109/55 1513/241/55
f 1513/241/55 1154/1109/55 1514/240/55
f 1514/240/55 1154/1109/55 1153/1103/55
f 1514/240/55 1153/1103/55 1515/245/55
f 1179/1110/55 1547/1111/55 1180/1101/55
f 1180/1101/55 1547/1111/55 1546/1112/55
f 1180/1101/55 1546/1112/55 1545/1113/55
f 1178/1114/55 1551/1115/55 1179/1110/55
f 1179/1110/55 1551/1115/55 1550/1116/55
f 1179/1110/55 1550/1116/55 1549/1117/55
f 1177/1118/55 1554/1119/55 1178/1114/55
f 1178/1114/55 1554/1119/55 1553/1120/55
f 1178/1114/55 1553/1120/55 1552/1121/55
f 1176/1122/55 1556/1123/55 1177/1118/55
f 1177/1118/55 1556/1123/55 1555/1124/55
f 1177/1118/55 1555/1124/55 1554/1119/55
f 1175/1125/55 1407/1126/55 1176/1122/55
f 1176/1122/55 1407/1126/55 1406/1127/55
f 1176/1122/55 1406/1127/55 1405/1128/55
f 1407/1126/55 1175/1125/55 1408/1129/55
f 1408/1129/55 1175/1125/55 1174/1130/55
f 1408/1129/55 1174/1130/55 1590/1131/55
f 1590/1131/55 1174/1130/55 1173/1132/55
f 1590/1131/55 1173/1132/55 1591/1133/55
f 1591/1133/55 1173/1132/55 1172/1134/55
f 1591/1133/55 1172/1134/55 1592/1135/55
f 1592/1135/55 1172/1134/55 1593/1136/55
f 1593/1136/55 1172/1134/55 1465/1137/55
f 1593/1136/55 1465/1137/55 1594/1138/55
f 1594/1138/55 1465/1137/55 1464/1139/55
f 1594/1138/55 1464/1139/55 1595/1140/55
f 1595/1140/55 1464/1139/55 1463/1141/55
f 1595/1140/55 1463/1141/55 1462/1142/55
f 1465/1137/55 1172/1134/55 1466/1143/55
f 1466/1143/55 1172/1134/55 1171/1144/55
f 1466/1143/55 1171/1144/55 1467/1145/55
f 1467/1145/55 1171/1144/55 1468/1146/55
f 1468/1146/55 1171/1144/55 1170/1147/55
f 1468/1146/55 1170/1147/55 1445/1148/55
f 1445/1148/55 1170/1147/55 1446/1149/55
f 1446/1149/55 1170/1147/55 1447/1150/55
f 1447/1150/55 1170/1147/55 1169/1151/55
f 1447/1150/55 1169/1151/55 1448/1152/55
f 1448/1152/55 1169/1151/55 1449/1153/55
f 1449/1153/55 1169/1151/55 1450/1154/55
f 1450/1154/55 1169/1151/55 1451/1155/55
f 1451/1155/55 1169/1151/55 1168/1156/55
f 1451/1155/55 1168/1156/55 1452/1157/55
f 1452/1157/55 1168/1156/55 1453/1158/55
f 1453/1158/55 1168/1156/55 1454/1159/55
f 1454/1159/55 1168/1156/55 1167/1160/55
f 1454/1159/55 1167/1160/55 1455/1161/55
f 1455/1161/55 1167/1160/55 1363/192/55
f 1455/1161/55 1363/192/55 1903/212/55
f 1903/212/55 1363/192/55 1362/220/55
f 1903/212/55 1362/220/55 1361/219/55
f 1363/192/55 1167/1160/55 1364/193/55
f 1364/193/55 1167/1160/55 1166/1162/55
f 1364/193/55 1166/1162/55 1365/195/55
f 1365/195/55 1166/1162/55 1366/196/55
f 1366/196/55 1166/1162/55 1367/197/55
f 1367/197/55 1166/1162/55 1368/199/55
f 1368/199/55 1166/1162/55 1165/1163/55
f 1368/199/55 1165/1163/55 1369/200/55
f 1369/200/55 1165/1163/55 1370/201/55
f 1370/201/55 1165/1163/55 1371/203/55
f 1371/203/55 1165/1163/55 1164/1164/55
f 1371/203/55 1164/1164/55 1372/204/55
f 1372/204/55 1164/1164/55 1349/205/55
f 1349/205/55 1164/1164/55 1350/206/55
f 1350/206/55 1164/1164/55 1163/1165/55
f 1350/206/423 1163/1165/423 1351/207/423
f 1351/207/426 1163/1165/426 1352/209/426
f 1352/209/55 1163/1165/55 1353/210/55
f 1353/210/55 1163/1165/55 1162/1166/55
f 1353/210/55 1162/1166/55 1354/211/55
f 1354/211/55 1162/1166/55 1903/212/55
f 1354/211/55 1903/212/55 1355/213/55
f 1355/213/55 1903/212/55 1356/214/55
f 1356/214/55 1903/212/55 1357/215/55
f 1357/215/55 1903/212/55 1358/216/55
f 1358/216/55 1903/212/55 1359/217/55
f 1359/217/55 1903/212/55 1360/218/55
f 1360/218/55 1903/212/55 1361/219/55
f 1162/1166/55 1161/1167/55 1903/212/55
f 1903/212/55 1161/1167/55 1160/1168/55
f 1903/212/55 1160/1168/55 282/224/55
f 282/224/55 1160/1168/55 1159/1169/55
f 282/224/55 1159/1169/55 1158/1105/55
f 1902/1170/55 1457/1171/55 1903/212/55
f 1903/212/55 1457/1171/55 1456/1172/55
f 1903/212/55 1456/1172/55 1455/1161/55
f 283/435/55 1609/1173/55 1902/1170/55
f 1902/1170/490 1609/1173/490 1608/1174/490
f 1902/1170/55 1608/1174/55 1607/1175/55
f 282/224/55 1541/1176/55 283/435/55
f 283/435/55 1541/1176/55 1564/1177/55
f 283/435/55 1564/1177/55 1563/1178/55
f 1612/1179/55 1410/1180/55 1589/1181/55
f 1589/1181/55 1410/1180/55 1409/1182/55
f 1589/1181/55 1409/1182/55 1590/1131/55
f 1590/1131/55 1409/1182/55 1408/1129/55
f 1410/1180/55 1612/1179/55 1411/1183/55
f 1411/1183/55 1612/1179/55 1611/1184/55
f 1411/1183/55 1611/1184/55 1412/1185/55
f 1412/1185/55 1611/1184/55 1610/1186/55
f 1412/1185/55 1610/1186/55 1413/1187/55
f 1413/1187/55 1610/1186/55 1609/1173/55
f 1413/1187/55 1609/1173/55 283/435/55
f 1607/1175/55 1606/1188/55 1902/1170/55
f 1902/1170/55 1606/1188/55 1605/1189/55
f 1902/1170/55 1605/1189/55 1604/1190/55
f 1604/1190/55 1603/1191/55 1902/1170/55
f 1902/1170/55 1603/1191/55 1602/1192/55
f 1902/1170/55 1602/1192/55 1601/1193/55
f 1601/1193/55 1600/1194/55 1902/1170/55
f 1902/1170/55 1600/1194/55 1599/1195/55
f 1902/1170/55 1599/1195/55 1459/1196/55
f 1459/1196/55 1599/1195/55 1598/1197/55
f 1459/1196/55 1598/1197/55 1460/1198/55
f 1460/1198/55 1598/1197/55 1597/1199/55
f 1460/1198/55 1597/1199/55 1461/1200/55
f 1461/1200/55 1597/1199/55 1596/1201/55
f 1461/1200/55 1596/1201/55 1462/1142/55
f 1462/1142/55 1596/1201/55 1595/1140/55
f 1562/1202/55 1400/1203/55 1563/1178/55
f 1563/1178/55 1400/1203/55 1399/1204/55
f 1563/1178/55 1399/1204/55 283/435/55
f 283/435/55 1399/1204/55 1398/1205/55
f 283/435/55 1398/1205/55 1397/1206/55
f 1400/1203/55 1562/1202/55 1401/1207/55
f 1401/1207/55 1562/1202/55 1561/1208/55
f 1401/1207/55 1561/1208/55 1402/1209/55
f 1402/1209/55 1561/1208/55 1560/1210/55
f 1402/1209/55 1560/1210/55 1403/1211/55
f 1403/1211/55 1560/1210/55 1559/1212/55
f 1403/1211/55 1559/1212/55 1558/1213/55
f 1403/1211/55 1558/1213/55 1404/1214/55
f 1404/1214/55 1558/1213/55 1557/1215/55
f 1404/1214/55 1557/1215/55 1405/1128/55
f 1405/1128/55 1557/1215/55 1176/1122/55
f 1557/1215/55 1556/1123/55 1176/1122/55
f 1552/1121/55 1551/1115/55 1178/1114/55
f 1549/1117/55 1548/1216/55 1179/1110/55
f 1179/1110/55 1548/1216/55 1547/1111/55
f 1545/1113/55 1544/1102/55 1180/1101/55
f 1543/1104/55 1542/1217/55 282/224/55
f 282/224/55 1542/1217/55 1541/1176/55
f 1459/1196/55 1458/1218/55 1902/1170/55
f 1902/1170/55 1458/1218/55 1457/1171/55
f 1397/1206/55 1420/1219/55 283/435/55
f 283/435/55 1420/1219/55 1419/1220/55
f 283/435/55 1419/1220/55 1418/1221/55
f 1418/1221/55 1417/1222/55 283/435/55
f 283/435/55 1417/1222/55 1416/1223/55
f 283/435/55 1416/1223/55 1415/1224/55
f 1415/1224/55 1414/1225/55 283/435/55
f 283/435/55 1414/1225/55 1413/1187/55
f 280/1226/48 1285/1128/48 281/433/48
f 281/433/48 1285/1128/48 1284/1214/48
f 281/433/48 1284/1214/48 1283/1211/48
f 284/1170/48 1215/1195/48 280/1226/48
f 280/1226/48 1215/1195/48 1214/1197/48
f 280/1226/48 1214/1197/48 1213/1199/48
f 1901/435/48 1224/1174/48 284/1170/48
f 284/1170/48 1224/1174/48 1223/1175/48
f 284/1170/48 1223/1175/48 1222/1188/48
f 281/433/48 1279/1204/48 1901/435/48
f 1901/435/48 1279/1204/48 1278/1205/48
f 1901/435/48 1278/1205/48 1277/1206/48
f 1228/1179/48 1290/1180/48 1205/1181/48
f 1205/1181/48 1290/1180/48 1289/1182/48
f 1205/1181/48 1289/1182/48 1206/1131/48
f 1206/1131/48 1289/1182/48 1288/1129/48
f 1206/1131/48 1288/1129/48 1207/1133/48
f 1207/1133/48 1288/1129/48 1287/1126/48
f 1207/1133/48 1287/1126/48 1208/1135/48
f 1208/1135/48 1287/1126/48 1286/1127/48
f 1208/1135/48 1286/1127/48 1209/1136/48
f 1209/1136/48 1286/1127/48 1285/1128/48
f 1209/1136/48 1285/1128/48 280/1226/48
f 1290/1180/48 1228/1179/48 1291/1183/48
f 1291/1183/48 1228/1179/48 1227/1184/48
f 1291/1183/48 1227/1184/48 1292/1185/48
f 1292/1185/48 1227/1184/48 1226/1186/48
f 1292/1185/48 1226/1186/48 1293/1187/48
f 1293/1187/48 1226/1186/48 1225/1173/48
f 1293/1187/48 1225/1173/48 1294/1225/48
f 1294/1225/48 1225/1173/48 1224/1174/48
f 1294/1225/48 1224/1174/48 1901/435/48
f 1222/1188/48 1221/1189/48 284/1170/48
f 284/1170/48 1221/1189/48 1220/1190/48
f 284/1170/48 1220/1190/48 1219/1191/48
f 1219/1191/48 1218/1192/48 284/1170/48
f 284/1170/48 1218/1192/48 1217/1193/48
f 284/1170/48 1217/1193/48 1216/1194/48
f 1216/1194/48 1215/1195/48 284/1170/48
f 1213/1199/48 1212/1201/48 280/1226/48
f 280/1226/48 1212/1201/48 1211/1140/48
f 280/1226/48 1211/1140/48 1210/1138/48
f 1210/1138/48 1209/1136/48 280/1226/48
f 1277/1206/48 1300/1219/48 1901/435/48
f 1901/435/48 1300/1219/48 1299/1220/48
f 1901/435/48 1299/1220/48 1298/1221/48
f 1298/1221/48 1297/1222/48 1901/435/48
f 1901/435/48 1297/1222/48 1296/1223/48
f 1901/435/48 1296/1223/48 1295/1224/48
f 1295/1224/48 1294/1225/48 1901/435/48
f 1283/1211/48 1282/1209/48 281/433/48
f 281/433/48 1282/1209/48 1281/1207/48
f 281/433/48 1281/1207/48 1280/1203/48
f 1280/1203/48 1279/1204/48 281/433/48
f 1756/1227/54 1794/1228/54 1733/1229/54
f 1733/1229/54 1794/1228/54 1793/1230/54
f 1733/1229/54 1793/1230/54 1734/1231/54
f 1734/1231/54 1793/1230/54 1792/1232/54
f 1734/1231/54 1792/1232/54 1735/1233/54
f 1735/1233/54 1792/1232/54 1791/1234/54
f 1735/1233/54 1791/1234/54 1736/1235/54
f 1736/1235/54 1791/1234/54 1790/1236/54
f 1736/1235/54 1790/1236/54 1737/1237/54
f 1737/1237/54 1790/1236/54 1789/1238/54
f 1737/1237/54 1789/1238/54 284/1239/54
f 284/1239/54 1789/1238/54 1901/1240/54
f 1901/1240/54 1789/1238/54 1788/1241/54
f 1901/1240/54 1788/1241/54 1787/1242/54
f 1794/1228/54 1756/1227/54 1795/1243/54
f 1795/1243/54 1756/1227/54 1755/1244/54
f 1795/1243/54 1755/1244/54 1887/1245/54
f 1887/1245/54 1755/1244/54 1831/1246/54
f 1887/1245/54 1831/1246/54 1830/1247/54
f 1831/1246/54 1755/1244/54 1832/1248/54
f 1832/1248/54 1755/1244/54 1754/1249/54
f 1832/1248/54 1754/1249/54 1833/1250/54
f 1833/1250/54 1754/1249/54 1753/1251/54
f 1833/1250/54 1753/1251/54 1834/1252/54
f 1834/1252/54 1753/1251/54 1752/1253/54
f 1834/1252/54 1752/1253/54 1835/1254/54
f 1835/1254/54 1752/1253/54 1751/1255/54
f 1835/1254/54 1751/1255/54 1750/1256/54
f 1835/1254/54 1750/1256/54 1836/1257/54
f 1836/1257/54 1750/1256/54 1749/1258/54
f 1836/1257/54 1749/1258/54 1837/1259/54
f 1837/1259/54 1749/1258/54 1748/1260/54
f 1837/1259/54 1748/1260/54 1838/1261/54
f 1838/1261/54 1748/1260/54 1747/1262/54
f 1838/1261/54 1747/1262/54 1839/1263/54
f 1839/1263/54 1747/1262/54 1746/1264/54
f 1839/1263/54 1746/1264/54 1840/1265/54
f 1840/1265/54 1746/1264/54 283/1266/54
f 1840/1265/54 283/1266/54 1841/1267/54
f 1841/1267/54 283/1266/54 1842/1268/54
f 1842/1268/54 283/1266/54 1843/1269/54
f 1843/1269/54 283/1266/54 1844/1270/54
f 1844/1270/54 283/1266/54 1845/1271/54
f 1845/1271/54 283/1266/54 1846/1272/54
f 1846/1272/54 283/1266/54 1847/1273/54
f 1847/1273/54 283/1266/54 1848/1274/54
f 1848/1274/54 283/1266/54 1849/1275/54
f 1849/1275/54 283/1266/54 1893/1276/54
f 1849/1275/54 1893/1276/54 1850/1277/54
f 1850/1277/54 1893/1276/54 1892/1278/54
f 1850/1277/54 1892/1278/54 1851/1279/54
f 1851/1279/54 1892/1278/54 1891/1280/54
f 1851/1279/54 1891/1280/54 1852/1281/54
f 1852/1281/54 1891/1280/54 1890/1282/54
f 1852/1281/54 1890/1282/54 1829/1283/54
f 1829/1283/54 1890/1282/54 1889/1284/54
f 1829/1283/54 1889/1284/54 1888/1285/54
f 283/1266/54 1746/1264/54 284/1239/54
f 284/1239/491 1746/1264/491 1745/1286/491
f 284/1239/54 1745/1286/54 1744/1287/54
f 1744/1287/54 1743/1288/54 284/1239/54
f 284/1239/54 1743/1288/54 1742/1289/54
f 284/1239/54 1742/1289/54 1741/1290/54
f 1741/1290/54 1740/1291/54 284/1239/54
f 284/1239/54 1740/1291/54 1739/1292/54
f 284/1239/54 1739/1292/54 1738/1293/54
f 1738/1293/54 1737/1237/54 284/1239/54
f 1782/1294/491 1781/1295/491 1901/1240/491
f 1901/1240/54 1781/1295/54 1804/1296/54
f 1901/1240/54 1804/1296/54 1902/1297/54
f 1902/1297/54 1804/1296/54 1878/1298/54
f 1902/1297/54 1878/1298/54 1877/1299/54
f 1878/1298/54 1804/1296/54 1879/1300/54
f 1879/1300/54 1804/1296/54 1803/1301/54
f 1879/1300/54 1803/1301/54 1802/1302/54
f 1879/1300/54 1802/1302/54 1880/1303/54
f 1880/1303/54 1802/1302/54 1801/1304/54
f 1880/1303/54 1801/1304/54 1881/1305/54
f 1881/1305/54 1801/1304/54 1800/1306/54
f 1881/1305/54 1800/1306/54 1882/1307/54
f 1882/1307/54 1800/1306/54 1799/1308/54
f 1882/1307/54 1799/1308/54 1883/1309/54
f 1883/1309/54 1799/1308/54 1798/1310/54
f 1883/1309/54 1798/1310/54 1884/1311/54
f 1884/1311/54 1798/1310/54 1797/1312/54
f 1884/1311/54 1797/1312/54 1885/1313/54
f 1885/1313/54 1797/1312/54 1796/1314/54
f 1885/1313/54 1796/1314/54 1886/1315/54
f 1886/1315/54 1796/1314/54 1795/1243/54
f 1886/1315/54 1795/1243/54 1887/1245/54
f 1787/1242/54 1786/1316/54 1901/1240/54
f 1901/1240/54 1786/1316/54 1785/1317/54
f 1901/1240/54 1785/1317/54 1784/1318/54
f 1784/1318/54 1783/1319/54 1901/1240/54
f 1901/1240/54 1783/1319/54 1782/1294/54
f 1887/1245/54 1830/1247/54 1888/1285/54
f 1888/1285/54 1830/1247/54 1829/1283/54
f 1877/1299/54 1900/1320/54 1902/1297/54
f 1902/1297/54 1900/1320/54 1899/1321/54
f 1902/1297/54 1899/1321/54 1898/1322/54
f 1898/1322/54 1897/1323/54 1902/1297/54
f 1902/1297/54 1897/1323/54 1896/1324/54
f 1902/1297/54 1896/1324/54 1895/1325/54
f 1895/1325/54 1894/1326/54 1902/1297/54
f 1902/1297/54 1894/1326/54 1893/1276/54
f 1902/1297/54 1893/1276/54 283/1266/54
f 1638/1298/52 1637/1299/52 282/1297/52
f 282/1297/52 1637/1299/52 1660/1320/52
f 282/1297/52 1660/1320/52 1659/1321/52
f 1659/1321/52 1658/1322/52 282/1297/52
f 282/1297/52 1658/1322/52 1657/1323/52
f 282/1297/52 1657/1323/52 1656/1324/52
f 1656/1324/52 1655/1325/52 282/1297/52
f 282/1297/52 1655/1325/52 1654/1326/52
f 282/1297/52 1654/1326/52 1653/1276/52
f 1652/1278/52 1706/1277/52 1653/1276/52
f 1653/1276/52 1706/1277/52 1705/1275/52
f 1653/1276/52 1705/1275/52 282/1297/52
f 282/1297/52 1705/1275/52 1903/1266/52
f 1903/1266/52 1705/1275/52 1704/1274/52
f 1903/1266/52 1704/1274/52 1703/1273/52
f 1706/1277/52 1652/1278/52 1707/1279/52
f 1707/1279/52 1652/1278/52 1651/1280/52
f 1707/1279/52 1651/1280/52 1708/1281/52
f 1708/1281/52 1651/1280/52 1650/1282/52
f 1708/1281/52 1650/1282/52 1685/1283/52
f 1685/1283/52 1650/1282/52 1649/1284/52
f 1685/1283/52 1649/1284/52 1686/1247/52
f 1686/1247/52 1649/1284/52 1648/1285/52
f 1686/1247/52 1648/1285/52 1687/1246/52
f 1687/1246/52 1648/1285/52 1647/1245/52
f 1687/1246/52 1647/1245/52 1688/1248/52
f 1688/1248/52 1647/1245/52 1646/1315/52
f 1688/1248/52 1646/1315/52 1689/1250/52
f 1689/1250/52 1646/1315/52 1645/1313/52
f 1689/1250/52 1645/1313/52 162/1239/52
f 162/1239/52 1645/1313/52 163/1240/52
f 163/1240/52 1645/1313/52 1644/1311/52
f 163/1240/52 1644/1311/52 1643/1309/52
f 1643/1309/52 1642/1307/52 163/1240/52
f 163/1240/52 1642/1307/52 1641/1305/52
f 163/1240/52 1641/1305/52 1640/1303/52
f 1640/1303/52 1639/1300/52 163/1240/52
f 163/1240/52 1639/1300/52 1638/1298/52
f 163/1240/52 1638/1298/52 282/1297/52
f 1703/1273/52 1702/1272/52 1903/1266/52
f 1903/1266/52 1702/1272/52 1701/1271/52
f 1903/1266/52 1701/1271/52 1700/1270/52
f 1700/1270/52 1699/1269/52 1903/1266/52
f 1903/1266/52 1699/1269/52 1698/1268/52
f 1903/1266/52 1698/1268/52 1697/1267/52
f 1697/1267/52 1696/1265/52 1903/1266/52
f 1903/1266/52 1696/1265/52 162/1239/52
f 162/1239/52 1696/1265/52 1695/1263/52
f 162/1239/52 1695/1263/52 1694/1261/52
f 1694/1261/52 1693/1259/52 162/1239/52
f 162/1239/52 1693/1259/52 1692/1257/52
f 162/1239/52 1692/1257/52 1691/1254/52
f 1691/1254/52 1690/1252/52 162/1239/52
f 162/1239/52 1690/1252/52 1689/1250/52
