# Blender 4.2.23 LTS
# www.blender.org
o tmp_export_Cuerpo1:25
v 1.914248 -0.071175 0.531712
v 1.914248 -0.212406 0.714422
v 1.914248 -0.390954 0.860876
v 1.914248 -0.597756 0.963644
v 1.914248 -0.822317 1.017508
v 1.914248 -1.053236 1.019735
v 1.914248 -1.278792 0.970211
v 1.914248 -1.487538 0.871449
v 1.914248 -1.668878 0.728462
v 1.914248 -1.813604 0.548512
v 1.914248 -1.914373 0.340727
v 1.914248 -1.966071 0.115658
v 1.914248 -1.966071 -0.115271
v 1.914248 -1.914373 -0.340340
v 1.914248 -1.813604 -0.548124
v 1.914248 -1.668878 -0.728077
v 1.914248 -1.487538 -0.871063
v 1.914248 -1.278792 -0.969824
v 1.914248 -1.053236 -1.019348
v 1.914248 -0.822317 -1.017122
v 1.914248 -0.597756 -0.963257
v 1.914248 -0.390954 -0.860491
v 1.914248 -0.212406 -0.714035
v 1.914248 -0.071175 -0.531326
v 1.714248 -0.071175 -0.531326
v 1.714248 -0.212406 -0.714035
v 1.714248 -0.390954 -0.860491
v 1.714248 -0.597756 -0.963257
v 1.714248 -0.822317 -1.017122
v 1.714248 -1.053236 -1.019348
v 1.714248 -1.278792 -0.969824
v 1.714248 -1.487538 -0.871063
v 1.714248 -1.668878 -0.728077
v 1.714248 -1.813604 -0.548124
v 1.714248 -1.914373 -0.340340
v 1.714248 -1.966071 -0.115271
v 1.714248 -1.966071 0.115658
v 1.714248 -1.914373 0.340727
v 1.714248 -1.813604 0.548512
v 1.714248 -1.668878 0.728462
v 1.714248 -1.487538 0.871449
v 1.714248 -1.278792 0.970211
v 1.714248 -1.053236 1.019735
v 1.714248 -0.822317 1.017508
v 1.714248 -0.597756 0.963644
v 1.714248 -0.390954 0.860876
v 1.714248 -0.212406 0.714422
v 1.714248 -0.071175 0.531712
v 1.714248 -0.947595 -0.699806
v 1.714248 -0.921713 -0.703215
v 1.714248 -0.897594 -0.713205
v 1.714248 -0.876884 -0.729097
v 1.714248 -0.860992 -0.749807
v 1.714248 -0.851003 -0.773924
v 1.714248 -0.847594 -0.799807
v 1.714248 -0.851003 -0.825689
v 1.714248 -0.860992 -0.849806
v 1.714248 -0.876884 -0.870518
v 1.714248 -0.897594 -0.886410
v 1.714248 -0.921713 -0.896400
v 1.714248 -0.947595 -0.899807
v 1.714248 -0.973476 -0.896400
v 1.714248 -0.997595 -0.886410
v 1.714248 -1.018306 -0.870518
v 1.714248 -1.034198 -0.849806
v 1.714248 -1.044188 -0.825689
v 1.714248 -1.047595 -0.799807
v 1.714248 -1.044188 -0.773924
v 1.714248 -1.034198 -0.749807
v 1.714248 -1.018306 -0.729097
v 1.714248 -0.997595 -0.713205
v 1.714248 -0.973476 -0.703215
v 1.714248 -0.947595 0.125193
v 1.714248 -0.915243 0.120934
v 1.714248 -0.885095 0.108446
v 1.714248 -0.859207 0.088581
v 1.714248 -0.839342 0.062693
v 1.714248 -0.826855 0.032545
v 1.714248 -0.822595 0.000193
v 1.714248 -0.826855 -0.032160
v 1.714248 -0.839342 -0.062307
v 1.714248 -0.859207 -0.088196
v 1.714248 -0.885095 -0.108061
v 1.714248 -0.915243 -0.120548
v 1.714248 -0.947595 -0.124807
v 1.714248 -0.979948 -0.120548
v 1.714248 -1.010095 -0.108061
v 1.714248 -1.035984 -0.088196
v 1.714248 -1.055848 -0.062307
v 1.714248 -1.068336 -0.032160
v 1.714248 -1.072595 0.000193
v 1.714248 -1.068336 0.032545
v 1.714248 -1.055848 0.062693
v 1.714248 -1.035984 0.088581
v 1.714248 -1.010095 0.108446
v 1.714248 -0.979948 0.120934
v 1.714248 -0.947595 0.900194
v 1.714248 -0.921713 0.896786
v 1.714248 -0.897594 0.886795
v 1.714248 -0.876884 0.870903
v 1.714248 -0.860992 0.850193
v 1.714248 -0.851003 0.826075
v 1.714248 -0.847594 0.800194
v 1.714248 -0.851003 0.774311
v 1.714248 -0.860992 0.750193
v 1.714248 -0.876884 0.729483
v 1.714248 -0.897594 0.713591
v 1.714248 -0.921713 0.703600
v 1.714248 -0.947595 0.700193
v 1.714248 -0.973476 0.703600
v 1.714248 -0.997595 0.713591
v 1.714248 -1.018306 0.729483
v 1.714248 -1.034198 0.750193
v 1.714248 -1.044188 0.774311
v 1.714248 -1.047595 0.800194
v 1.714248 -1.044188 0.826075
v 1.714248 -1.034198 0.850193
v 1.714248 -1.018306 0.870903
v 1.714248 -0.997595 0.886795
v 1.714248 -0.973476 0.896786
v 1.714248 -0.314755 -0.503519
v 1.714248 -0.528170 -0.471081
v 1.714248 -0.705441 -0.433632
v 1.714248 -0.840560 -0.390802
v 1.714248 -0.888510 -0.368290
v 1.714248 -0.922744 -0.346062
v 1.714248 -0.936334 -0.334156
v 1.714248 -0.948226 -0.320511
v 1.714248 -0.957299 -0.305164
v 1.714248 -0.962514 -0.288303
v 1.714248 -0.963180 -0.270645
v 1.714248 -0.959524 -0.253210
v 1.714248 -0.952496 -0.236679
v 1.714248 -0.943093 -0.221247
v 1.714248 -0.918302 -0.191757
v 1.714248 -0.888231 -0.164431
v 1.714248 -0.850082 -0.145121
v 1.714248 -0.817755 -0.117138
v 1.714248 -0.793178 -0.082148
v 1.714248 -0.777819 -0.042244
v 1.714248 -0.772594 0.000193
v 1.714248 -0.777819 0.042631
v 1.714248 -0.793178 0.082535
v 1.714248 -0.817755 0.117523
v 1.714248 -0.850082 0.145508
v 1.714248 -0.888231 0.164818
v 1.714248 -0.918111 0.191956
v 1.714248 -0.943944 0.222872
v 1.714248 -0.953912 0.239859
v 1.714248 -0.960888 0.258226
v 1.714248 -0.963471 0.277361
v 1.714248 -0.962780 0.287008
v 1.714248 -0.960689 0.296488
v 1.714248 -0.952765 0.314127
v 1.714248 -0.940918 0.329777
v 1.714248 -0.910272 0.355492
v 1.714248 -0.826271 0.396839
v 1.714248 -0.765963 0.417221
v 1.714248 -0.688610 0.438120
v 1.714248 -0.491194 0.477663
v 1.914248 -0.071175 1.450193
v 1.914248 -2.072595 1.450193
v 1.914248 -2.072595 -1.449806
v 1.914248 -0.071175 -1.449806
v 1.914248 -1.722594 1.200193
v 1.914248 -1.696712 1.196785
v 1.914248 -1.672595 1.186796
v 1.914248 -1.651885 1.170904
v 1.914248 -1.635993 1.150194
v 1.914248 -1.626002 1.126076
v 1.914248 -1.622595 1.100193
v 1.914248 -1.626002 1.074312
v 1.914248 -1.635993 1.050194
v 1.914248 -1.651885 1.029482
v 1.914248 -1.672595 1.013590
v 1.914248 -1.696712 1.003601
v 1.914248 -1.722594 1.000193
v 1.914248 -1.748477 1.003601
v 1.914248 -1.772594 1.013590
v 1.914248 -1.793305 1.029482
v 1.914248 -1.809197 1.050194
v 1.914248 -1.819188 1.074312
v 1.914248 -1.822595 1.100193
v 1.914248 -1.819188 1.126076
v 1.914248 -1.809197 1.150194
v 1.914248 -1.793305 1.170904
v 1.914248 -1.772594 1.186796
v 1.914248 -1.748477 1.196785
v 1.914248 -1.722594 -0.999807
v 1.914248 -1.696712 -1.003214
v 1.914248 -1.672595 -1.013205
v 1.914248 -1.651885 -1.029097
v 1.914248 -1.635993 -1.049807
v 1.914248 -1.626002 -1.073925
v 1.914248 -1.622595 -1.099806
v 1.914248 -1.626002 -1.125689
v 1.914248 -1.635993 -1.149807
v 1.914248 -1.651885 -1.170517
v 1.914248 -1.672595 -1.186409
v 1.914248 -1.696712 -1.196400
v 1.914248 -1.722594 -1.199806
v 1.914248 -1.748477 -1.196400
v 1.914248 -1.772594 -1.186409
v 1.914248 -1.793305 -1.170517
v 1.914248 -1.809197 -1.149807
v 1.914248 -1.819188 -1.125689
v 1.914248 -1.822595 -1.099806
v 1.914248 -1.819188 -1.073925
v 1.914248 -1.809197 -1.049807
v 1.914248 -1.793305 -1.029097
v 1.914248 -1.772594 -1.013205
v 1.914248 -1.748477 -1.003214
v 1.514248 -0.071175 0.850193
v 1.514248 0.927405 0.850193
v 0.914248 0.927405 0.850193
v 0.914248 -0.072595 0.850193
v 1.514248 -0.072595 0.850193
v 1.514248 0.927405 1.250193
v 0.914248 0.927405 1.250193
v 1.514248 -0.071175 1.250193
v 1.514248 -0.072595 1.250193
v 0.914248 -0.072595 1.250193
v 1.514248 -0.072595 -1.249807
v 1.514248 -0.071175 -1.249807
v 1.514248 0.927405 -1.249807
v 0.914248 0.927405 -1.249807
v 0.914248 -0.072595 -1.249807
v 1.514248 0.927405 -0.849806
v 0.914248 0.927405 -0.849806
v 1.514248 -0.071175 -0.849806
v 1.514248 -0.072595 -0.849806
v 0.914248 -0.072595 -0.849806
v 1.514248 -0.071175 0.531712
v 1.514248 -0.313354 0.503988
v 1.514248 -0.523496 0.472115
v 1.514248 -0.698458 0.435686
v 1.514248 -0.833364 0.394068
v 1.514248 -0.884037 0.371086
v 1.514248 -0.922626 0.346540
v 1.514248 -0.937221 0.333658
v 1.514248 -0.948618 0.320362
v 1.514248 -0.956794 0.306648
v 1.514248 -0.961740 0.292517
v 1.514248 -0.963470 0.277969
v 1.514248 -0.962002 0.263006
v 1.514248 -0.957371 0.247633
v 1.514248 -0.949616 0.231857
v 1.514248 -0.924914 0.199112
v 1.514248 -0.888231 0.164818
v 1.514248 -0.850082 0.145508
v 1.514248 -0.817755 0.117523
v 1.514248 -0.793178 0.082535
v 1.514248 -0.777819 0.042631
v 1.514248 -0.772594 0.000193
v 1.514248 -0.777819 -0.042244
v 1.514248 -0.793178 -0.082148
v 1.514248 -0.817755 -0.117138
v 1.514248 -0.850082 -0.145121
v 1.514248 -0.888231 -0.164431
v 1.514248 -0.924914 -0.198727
v 1.514248 -0.949616 -0.231470
v 1.514248 -0.957371 -0.247248
v 1.514248 -0.962002 -0.262619
v 1.514248 -0.963470 -0.277582
v 1.514248 -0.961740 -0.292131
v 1.514248 -0.956794 -0.306261
v 1.514248 -0.948618 -0.319975
v 1.514248 -0.937221 -0.333271
v 1.514248 -0.922626 -0.346153
v 1.514248 -0.884037 -0.370701
v 1.514248 -0.833364 -0.393682
v 1.514248 -0.698458 -0.435299
v 1.514248 -0.523496 -0.471729
v 1.514248 -0.313354 -0.503603
v 1.514248 -0.071175 -0.531326
v 1.514248 -0.071175 -1.449806
v 1.514248 0.928825 -1.449806
v 1.514248 0.928825 1.450193
v 1.514248 -0.071175 1.450193
v 1.914248 0.928825 -1.449806
v 1.914248 0.928825 1.450193
v -1.485752 -2.072595 -1.449806
v -1.485752 2.577405 -1.449806
v 1.914248 2.577405 -1.449806
v -0.285752 1.897185 -1.449806
v -0.289159 1.923067 -1.449806
v -0.299149 1.947186 -1.449806
v -0.315041 1.967896 -1.449806
v -0.335752 1.983788 -1.449806
v -0.359869 1.993777 -1.449806
v -0.385751 1.997185 -1.449806
v -0.411633 1.993777 -1.449806
v -0.435751 1.983788 -1.449806
v -0.456461 1.967896 -1.449806
v -0.472353 1.947186 -1.449806
v -0.482343 1.923067 -1.449806
v -0.485752 1.897185 -1.449806
v -0.482343 1.871304 -1.449806
v -0.472353 1.847185 -1.449806
v -0.456461 1.826474 -1.449806
v -0.435751 1.810582 -1.449806
v -0.411633 1.800592 -1.449806
v -0.385751 1.797185 -1.449806
v -0.359869 1.800592 -1.449806
v -0.335752 1.810582 -1.449806
v -0.315041 1.826474 -1.449806
v -0.299149 1.847185 -1.449806
v -0.289159 1.871304 -1.449806
v 0.914248 1.897185 -1.449806
v 0.910841 1.923067 -1.449806
v 0.900851 1.947186 -1.449806
v 0.884959 1.967896 -1.449806
v 0.864249 1.983788 -1.449806
v 0.840131 1.993777 -1.449806
v 0.814249 1.997185 -1.449806
v 0.788367 1.993777 -1.449806
v 0.764248 1.983788 -1.449806
v 0.743538 1.967896 -1.449806
v 0.727646 1.947186 -1.449806
v 0.717656 1.923067 -1.449806
v 0.714248 1.897185 -1.449806
v 0.717656 1.871304 -1.449806
v 0.727646 1.847185 -1.449806
v 0.743538 1.826474 -1.449806
v 0.764248 1.810582 -1.449806
v 0.788367 1.800592 -1.449806
v 0.814249 1.797185 -1.449806
v 0.840131 1.800592 -1.449806
v 0.864249 1.810582 -1.449806
v 0.884959 1.826474 -1.449806
v 0.900851 1.847185 -1.449806
v 0.910841 1.871304 -1.449806
v -0.285752 -0.502814 -1.449806
v -0.289159 -0.476933 -1.449806
v -0.299149 -0.452815 -1.449806
v -0.315041 -0.432105 -1.449806
v -0.335752 -0.416213 -1.449806
v -0.359869 -0.406222 -1.449806
v -0.385751 -0.402815 -1.449806
v -0.411633 -0.406222 -1.449806
v -0.435751 -0.416213 -1.449806
v -0.456461 -0.432105 -1.449806
v -0.472353 -0.452815 -1.449806
v -0.482343 -0.476933 -1.449806
v -0.485752 -0.502814 -1.449806
v -0.482343 -0.528697 -1.449806
v -0.472353 -0.552814 -1.449806
v -0.456461 -0.573525 -1.449806
v -0.435751 -0.589417 -1.449806
v -0.411633 -0.599408 -1.449806
v -0.385751 -0.602815 -1.449806
v -0.359869 -0.599408 -1.449806
v -0.335752 -0.589417 -1.449806
v -0.315041 -0.573525 -1.449806
v -0.299149 -0.552814 -1.449806
v -0.289159 -0.528697 -1.449806
v 0.914248 -0.502814 -1.449806
v 0.910841 -0.476933 -1.449806
v 0.900851 -0.452815 -1.449806
v 0.884959 -0.432105 -1.449806
v 0.864249 -0.416213 -1.449806
v 0.840131 -0.406222 -1.449806
v 0.814249 -0.402815 -1.449806
v 0.788367 -0.406222 -1.449806
v 0.764248 -0.416213 -1.449806
v 0.743538 -0.432105 -1.449806
v 0.727646 -0.452815 -1.449806
v 0.717656 -0.476933 -1.449806
v 0.714248 -0.502814 -1.449806
v 0.717656 -0.528697 -1.449806
v 0.727646 -0.552814 -1.449806
v 0.743538 -0.573525 -1.449806
v 0.764248 -0.589417 -1.449806
v 0.788367 -0.599408 -1.449806
v 0.814249 -0.602815 -1.449806
v 0.840131 -0.599408 -1.449806
v 0.864249 -0.589417 -1.449806
v 0.884959 -0.573525 -1.449806
v 0.900851 -0.552814 -1.449806
v 0.910841 -0.528697 -1.449806
v 0.914248 -0.502814 -0.949806
v 0.910841 -0.476933 -0.949806
v 0.900851 -0.452815 -0.949806
v 0.884959 -0.432105 -0.949806
v 0.864249 -0.416213 -0.949806
v 0.840131 -0.406222 -0.949806
v 0.814249 -0.402815 -0.949806
v 0.788367 -0.406222 -0.949806
v 0.764248 -0.416213 -0.949806
v 0.743538 -0.432105 -0.949806
v 0.727646 -0.452815 -0.949806
v 0.717656 -0.476933 -0.949806
v 0.714248 -0.502814 -0.949806
v 0.717656 -0.528697 -0.949806
v 0.727646 -0.552814 -0.949806
v 0.743538 -0.573525 -0.949806
v 0.764248 -0.589417 -0.949806
v 0.788367 -0.599408 -0.949806
v 0.814249 -0.602815 -0.949806
v 0.840131 -0.599408 -0.949806
v 0.864249 -0.589417 -0.949806
v 0.884959 -0.573525 -0.949806
v 0.900851 -0.552814 -0.949806
v 0.910841 -0.528697 -0.949806
v -0.285752 -0.502814 -0.949806
v -0.289159 -0.476933 -0.949806
v -0.299149 -0.452815 -0.949806
v -0.315041 -0.432105 -0.949806
v -0.335752 -0.416213 -0.949806
v -0.359869 -0.406222 -0.949806
v -0.385751 -0.402815 -0.949806
v -0.411633 -0.406222 -0.949806
v -0.435751 -0.416213 -0.949806
v -0.456461 -0.432105 -0.949806
v -0.472353 -0.452815 -0.949806
v -0.482343 -0.476933 -0.949806
v -0.485752 -0.502814 -0.949806
v -0.482343 -0.528697 -0.949806
v -0.472353 -0.552814 -0.949806
v -0.456461 -0.573525 -0.949806
v -0.435751 -0.589417 -0.949806
v -0.411633 -0.599408 -0.949806
v -0.385751 -0.602815 -0.949806
v -0.359869 -0.599408 -0.949806
v -0.335752 -0.589417 -0.949806
v -0.315041 -0.573525 -0.949806
v -0.299149 -0.552814 -0.949806
v -0.289159 -0.528697 -0.949806
v 0.914248 1.897185 -0.949806
v 0.910841 1.923067 -0.949806
v 0.900851 1.947186 -0.949806
v 0.884959 1.967896 -0.949806
v 0.864249 1.983788 -0.949806
v 0.840131 1.993777 -0.949806
v 0.814249 1.997185 -0.949806
v 0.788367 1.993777 -0.949806
v 0.764248 1.983788 -0.949806
v 0.743538 1.967896 -0.949806
v 0.727646 1.947186 -0.949806
v 0.717656 1.923067 -0.949806
v 0.714248 1.897185 -0.949806
v 0.717656 1.871304 -0.949806
v 0.727646 1.847185 -0.949806
v 0.743538 1.826474 -0.949806
v 0.764248 1.810582 -0.949806
v 0.788367 1.800592 -0.949806
v 0.814249 1.797185 -0.949806
v 0.840131 1.800592 -0.949806
v 0.864249 1.810582 -0.949806
v 0.884959 1.826474 -0.949806
v 0.900851 1.847185 -0.949806
v 0.910841 1.871304 -0.949806
v -0.285752 1.897185 -0.949806
v -0.289159 1.923067 -0.949806
v -0.299149 1.947186 -0.949806
v -0.315041 1.967896 -0.949806
v -0.335752 1.983788 -0.949806
v -0.359869 1.993777 -0.949806
v -0.385751 1.997185 -0.949806
v -0.411633 1.993777 -0.949806
v -0.435751 1.983788 -0.949806
v -0.456461 1.967896 -0.949806
v -0.472353 1.947186 -0.949806
v -0.482343 1.923067 -0.949806
v -0.485752 1.897185 -0.949806
v -0.482343 1.871304 -0.949806
v -0.472353 1.847185 -0.949806
v -0.456461 1.826474 -0.949806
v -0.435751 1.810582 -0.949806
v -0.411633 1.800592 -0.949806
v -0.385751 1.797185 -0.949806
v -0.359869 1.800592 -0.949806
v -0.335752 1.810582 -0.949806
v -0.315041 1.826474 -0.949806
v -0.299149 1.847185 -0.949806
v -0.289159 1.871304 -0.949806
v -0.485752 -0.502814 0.950193
v -0.482343 -0.476933 0.950193
v -0.472353 -0.452815 0.950193
v -0.456461 -0.432105 0.950193
v -0.435751 -0.416213 0.950193
v -0.411633 -0.406222 0.950193
v -0.385751 -0.402815 0.950193
v -0.359869 -0.406222 0.950193
v -0.335752 -0.416213 0.950193
v -0.315041 -0.432105 0.950193
v -0.299149 -0.452815 0.950193
v -0.289159 -0.476933 0.950193
v -0.285752 -0.502814 0.950193
v -0.289159 -0.528697 0.950193
v -0.299149 -0.552814 0.950193
v -0.315041 -0.573525 0.950193
v -0.335752 -0.589417 0.950193
v -0.359869 -0.599408 0.950193
v -0.385751 -0.602815 0.950193
v -0.411633 -0.599408 0.950193
v -0.435751 -0.589417 0.950193
v -0.456461 -0.573525 0.950193
v -0.472353 -0.552814 0.950193
v -0.482343 -0.528697 0.950193
v -0.485752 -0.502814 1.450193
v -0.482343 -0.528697 1.450193
v -0.472353 -0.552814 1.450193
v -0.456461 -0.573525 1.450193
v -0.435751 -0.589417 1.450193
v -0.411633 -0.599408 1.450193
v -0.385751 -0.602815 1.450193
v -0.359869 -0.599408 1.450193
v -0.335752 -0.589417 1.450193
v -0.315041 -0.573525 1.450193
v -0.299149 -0.552814 1.450193
v -0.289159 -0.528697 1.450193
v -0.285752 -0.502814 1.450193
v -0.289159 -0.476933 1.450193
v -0.299149 -0.452815 1.450193
v -0.315041 -0.432105 1.450193
v -0.335752 -0.416213 1.450193
v -0.359869 -0.406222 1.450193
v -0.385751 -0.402815 1.450193
v -0.411633 -0.406222 1.450193
v -0.435751 -0.416213 1.450193
v -0.456461 -0.432105 1.450193
v -0.472353 -0.452815 1.450193
v -0.482343 -0.476933 1.450193
v 0.714248 -0.502814 0.950193
v 0.717656 -0.476933 0.950193
v 0.727646 -0.452815 0.950193
v 0.743538 -0.432105 0.950193
v 0.764248 -0.416213 0.950193
v 0.788367 -0.406222 0.950193
v 0.814249 -0.402815 0.950193
v 0.840131 -0.406222 0.950193
v 0.864249 -0.416213 0.950193
v 0.884959 -0.432105 0.950193
v 0.900851 -0.452815 0.950193
v 0.910841 -0.476933 0.950193
v 0.914248 -0.502814 0.950193
v 0.910841 -0.528697 0.950193
v 0.900851 -0.552814 0.950193
v 0.884959 -0.573525 0.950193
v 0.864249 -0.589417 0.950193
v 0.840131 -0.599408 0.950193
v 0.814249 -0.602815 0.950193
v 0.788367 -0.599408 0.950193
v 0.764248 -0.589417 0.950193
v 0.743538 -0.573525 0.950193
v 0.727646 -0.552814 0.950193
v 0.717656 -0.528697 0.950193
v 0.714248 -0.502814 1.450193
v 0.717656 -0.528697 1.450193
v 0.727646 -0.552814 1.450193
v 0.743538 -0.573525 1.450193
v 0.764248 -0.589417 1.450193
v 0.788367 -0.599408 1.450193
v 0.814249 -0.602815 1.450193
v 0.840131 -0.599408 1.450193
v 0.864249 -0.589417 1.450193
v 0.884959 -0.573525 1.450193
v 0.900851 -0.552814 1.450193
v 0.910841 -0.528697 1.450193
v 0.914248 -0.502814 1.450193
v 0.910841 -0.476933 1.450193
v 0.900851 -0.452815 1.450193
v 0.884959 -0.432105 1.450193
v 0.864249 -0.416213 1.450193
v 0.840131 -0.406222 1.450193
v 0.814249 -0.402815 1.450193
v 0.788367 -0.406222 1.450193
v 0.764248 -0.416213 1.450193
v 0.743538 -0.432105 1.450193
v 0.727646 -0.452815 1.450193
v 0.717656 -0.476933 1.450193
v -0.485752 1.897185 0.950193
v -0.482343 1.923067 0.950193
v -0.472353 1.947186 0.950193
v -0.456461 1.967896 0.950193
v -0.435751 1.983788 0.950193
v -0.411633 1.993777 0.950193
v -0.385751 1.997185 0.950193
v -0.359869 1.993777 0.950193
v -0.335752 1.983788 0.950193
v -0.315041 1.967896 0.950193
v -0.299149 1.947186 0.950193
v -0.289159 1.923067 0.950193
v -0.285752 1.897185 0.950193
v -0.289159 1.871304 0.950193
v -0.299149 1.847185 0.950193
v -0.315041 1.826474 0.950193
v -0.335752 1.810582 0.950193
v -0.359869 1.800592 0.950193
v -0.385751 1.797185 0.950193
v -0.411633 1.800592 0.950193
v -0.435751 1.810582 0.950193
v -0.456461 1.826474 0.950193
v -0.472353 1.847185 0.950193
v -0.482343 1.871304 0.950193
v -0.485752 1.897185 1.450193
v -0.482343 1.871304 1.450193
v -0.472353 1.847185 1.450193
v -0.456461 1.826474 1.450193
v -0.435751 1.810582 1.450193
v -0.411633 1.800592 1.450193
v -0.385751 1.797185 1.450193
v -0.359869 1.800592 1.450193
v -0.335752 1.810582 1.450193
v -0.315041 1.826474 1.450193
v -0.299149 1.847185 1.450193
v -0.289159 1.871304 1.450193
v -0.285752 1.897185 1.450193
v -0.289159 1.923067 1.450193
v -0.299149 1.947186 1.450193
v -0.315041 1.967896 1.450193
v -0.335752 1.983788 1.450193
v -0.359869 1.993777 1.450193
v -0.385751 1.997185 1.450193
v -0.411633 1.993777 1.450193
v -0.435751 1.983788 1.450193
v -0.456461 1.967896 1.450193
v -0.472353 1.947186 1.450193
v -0.482343 1.923067 1.450193
v 0.714248 1.897185 0.950193
v 0.717656 1.923067 0.950193
v 0.727646 1.947186 0.950193
v 0.743538 1.967896 0.950193
v 0.764248 1.983788 0.950193
v 0.788367 1.993777 0.950193
v 0.814249 1.997185 0.950193
v 0.840131 1.993777 0.950193
v 0.864249 1.983788 0.950193
v 0.884959 1.967896 0.950193
v 0.900851 1.947186 0.950193
v 0.910841 1.923067 0.950193
v 0.914248 1.897185 0.950193
v 0.910841 1.871304 0.950193
v 0.900851 1.847185 0.950193
v 0.884959 1.826474 0.950193
v 0.864249 1.810582 0.950193
v 0.840131 1.800592 0.950193
v 0.814249 1.797185 0.950193
v 0.788367 1.800592 0.950193
v 0.764248 1.810582 0.950193
v 0.743538 1.826474 0.950193
v 0.727646 1.847185 0.950193
v 0.717656 1.871304 0.950193
v 0.714248 1.897185 1.450193
v 0.717656 1.871304 1.450193
v 0.727646 1.847185 1.450193
v 0.743538 1.826474 1.450193
v 0.764248 1.810582 1.450193
v 0.788367 1.800592 1.450193
v 0.814249 1.797185 1.450193
v 0.840131 1.800592 1.450193
v 0.864249 1.810582 1.450193
v 0.884959 1.826474 1.450193
v 0.900851 1.847185 1.450193
v 0.910841 1.871304 1.450193
v 0.914248 1.897185 1.450193
v 0.910841 1.923067 1.450193
v 0.900851 1.947186 1.450193
v 0.884959 1.967896 1.450193
v 0.864249 1.983788 1.450193
v 0.840131 1.993777 1.450193
v 0.814249 1.997185 1.450193
v 0.788367 1.993777 1.450193
v 0.764248 1.983788 1.450193
v 0.743538 1.967896 1.450193
v 0.727646 1.947186 1.450193
v 0.717656 1.923067 1.450193
v 1.014248 -0.947595 0.900194
v 1.014248 -0.921713 0.896786
v 1.014248 -0.897594 0.886795
v 1.014248 -0.876884 0.870903
v 1.014248 -0.860992 0.850193
v 1.014248 -0.851003 0.826075
v 1.014248 -0.847594 0.800194
v 1.014248 -0.851003 0.774311
v 1.014248 -0.860992 0.750193
v 1.014248 -0.876884 0.729483
v 1.014248 -0.897594 0.713591
v 1.014248 -0.921713 0.703600
v 1.014248 -0.947595 0.700193
v 1.014248 -0.973476 0.703600
v 1.014248 -0.997595 0.713591
v 1.014248 -1.018306 0.729483
v 1.014248 -1.034198 0.750193
v 1.014248 -1.044188 0.774311
v 1.014248 -1.047595 0.800194
v 1.014248 -1.044188 0.826075
v 1.014248 -1.034198 0.850193
v 1.014248 -1.018306 0.870903
v 1.014248 -0.997595 0.886795
v 1.014248 -0.973476 0.896786
v 1.364249 -0.947595 0.900194
v 1.364249 -0.973476 0.896786
v 1.364249 -0.997595 0.886795
v 1.364249 -1.018306 0.870903
v 1.364249 -1.034198 0.850193
v 1.364249 -1.044188 0.826075
v 1.364249 -1.047595 0.800194
v 1.364249 -1.044188 0.774311
v 1.364249 -1.034198 0.750193
v 1.364249 -1.018306 0.729483
v 1.364249 -0.997595 0.713591
v 1.364249 -0.973476 0.703600
v 1.364249 -0.947595 0.700193
v 1.364249 -0.921713 0.703600
v 1.364249 -0.897594 0.713591
v 1.364249 -0.876884 0.729483
v 1.364249 -0.860992 0.750193
v 1.364249 -0.851003 0.774311
v 1.364249 -0.847594 0.800194
v 1.364249 -0.851003 0.826075
v 1.364249 -0.860992 0.850193
v 1.364249 -0.876884 0.870903
v 1.364249 -0.897594 0.886795
v 1.364249 -0.921713 0.896786
v 1.014248 -0.947595 -0.699806
v 1.014248 -0.921713 -0.703215
v 1.014248 -0.897594 -0.713205
v 1.014248 -0.876884 -0.729097
v 1.014248 -0.860992 -0.749807
v 1.014248 -0.851003 -0.773924
v 1.014248 -0.847594 -0.799807
v 1.014248 -0.851003 -0.825689
v 1.014248 -0.860992 -0.849806
v 1.014248 -0.876884 -0.870518
v 1.014248 -0.897594 -0.886410
v 1.014248 -0.921713 -0.896400
v 1.014248 -0.947595 -0.899807
v 1.014248 -0.973476 -0.896400
v 1.014248 -0.997595 -0.886410
v 1.014248 -1.018306 -0.870518
v 1.014248 -1.034198 -0.849806
v 1.014248 -1.044188 -0.825689
v 1.014248 -1.047595 -0.799807
v 1.014248 -1.044188 -0.773924
v 1.014248 -1.034198 -0.749807
v 1.014248 -1.018306 -0.729097
v 1.014248 -0.997595 -0.713205
v 1.014248 -0.973476 -0.703215
v 1.364249 -0.947595 -0.699806
v 1.364249 -0.973476 -0.703215
v 1.364249 -0.997595 -0.713205
v 1.364249 -1.018306 -0.729097
v 1.364249 -1.034198 -0.749807
v 1.364249 -1.044188 -0.773924
v 1.364249 -1.047595 -0.799807
v 1.364249 -1.044188 -0.825689
v 1.364249 -1.034198 -0.849806
v 1.364249 -1.018306 -0.870518
v 1.364249 -0.997595 -0.886410
v 1.364249 -0.973476 -0.896400
v 1.364249 -0.947595 -0.899807
v 1.364249 -0.921713 -0.896400
v 1.364249 -0.897594 -0.886410
v 1.364249 -0.876884 -0.870518
v 1.364249 -0.860992 -0.849806
v 1.364249 -0.851003 -0.825689
v 1.364249 -0.847594 -0.799807
v 1.364249 -0.851003 -0.773924
v 1.364249 -0.860992 -0.749807
v 1.364249 -0.876884 -0.729097
v 1.364249 -0.897594 -0.713205
v 1.364249 -0.921713 -0.703215
v 0.514248 -0.947595 0.125193
v 0.514248 -0.915243 0.120934
v 0.514248 -0.885095 0.108446
v 0.514248 -0.859207 0.088581
v 0.514248 -0.839342 0.062693
v 0.514248 -0.826855 0.032545
v 0.514248 -0.822595 0.000193
v 0.514248 -0.826855 -0.032160
v 0.514248 -0.839342 -0.062307
v 0.514248 -0.859207 -0.088196
v 0.514248 -0.885095 -0.108061
v 0.514248 -0.915243 -0.120548
v 0.514248 -0.947595 -0.124807
v 0.514248 -0.979948 -0.120548
v 0.514248 -1.010095 -0.108061
v 0.514248 -1.035984 -0.088196
v 0.514248 -1.055848 -0.062307
v 0.514248 -1.068336 -0.032160
v 0.514248 -1.072595 0.000193
v 0.514248 -1.068336 0.032545
v 0.514248 -1.055848 0.062693
v 0.514248 -1.035984 0.088581
v 0.514248 -1.010095 0.108446
v 0.514248 -0.979948 0.120934
v 1.114249 -0.947595 0.125193
v 1.114249 -0.979948 0.120934
v 1.114249 -1.010095 0.108446
v 1.114249 -1.035984 0.088581
v 1.114249 -1.055848 0.062693
v 1.114249 -1.068336 0.032545
v 1.114249 -1.072595 0.000193
v 1.114249 -1.068336 -0.032160
v 1.114249 -1.055848 -0.062307
v 1.114249 -1.035984 -0.088196
v 1.114249 -1.010095 -0.108061
v 1.114249 -0.979948 -0.120548
v 1.114249 -0.947595 -0.124807
v 1.114249 -0.915243 -0.120548
v 1.114249 -0.885095 -0.108061
v 1.114249 -0.859207 -0.088196
v 1.114249 -0.839342 -0.062307
v 1.114249 -0.826855 -0.032160
v 1.114249 -0.822595 0.000193
v 1.114249 -0.826855 0.032545
v 1.114249 -0.839342 0.062693
v 1.114249 -0.859207 0.088581
v 1.114249 -0.885095 0.108446
v 1.114249 -0.915243 0.120934
v -0.985752 -0.947595 -0.124807
v -0.985752 -0.915243 -0.120548
v -0.985752 -0.885095 -0.108061
v -0.985752 -0.859207 -0.088196
v -0.985752 -0.839342 -0.062307
v -0.985752 -0.826855 -0.032160
v -0.985752 -0.822595 0.000193
v -0.985752 -0.826855 0.032545
v -0.985752 -0.839342 0.062693
v -0.985752 -0.859207 0.088581
v -0.985752 -0.885095 0.108446
v -0.985752 -0.915243 0.120934
v -0.985752 -0.947595 0.125193
v -0.985752 -0.979948 0.120934
v -0.985752 -1.010095 0.108446
v -0.985752 -1.035984 0.088581
v -0.985752 -1.055848 0.062693
v -0.985752 -1.068336 0.032545
v -0.985752 -1.072595 0.000193
v -0.985752 -1.068336 -0.032160
v -0.985752 -1.055848 -0.062307
v -0.985752 -1.035984 -0.088196
v -0.985752 -1.010095 -0.108061
v -0.985752 -0.979948 -0.120548
v -1.985752 -0.947595 -0.124807
v -1.985752 -0.979948 -0.120548
v -1.985752 -1.010095 -0.108061
v -1.985752 -1.035984 -0.088196
v -1.985752 -1.055848 -0.062307
v -1.985752 -1.068336 -0.032160
v -1.985752 -1.072595 0.000193
v -1.985752 -1.068336 0.032545
v -1.985752 -1.055848 0.062693
v -1.985752 -1.035984 0.088581
v -1.985752 -1.010095 0.108446
v -1.985752 -0.979948 0.120934
v -1.985752 -0.947595 0.125193
v -1.985752 -0.915243 0.120934
v -1.985752 -0.885095 0.108446
v -1.985752 -0.859207 0.088581
v -1.985752 -0.839342 0.062693
v -1.985752 -0.826855 0.032545
v -1.985752 -0.822595 0.000193
v -1.985752 -0.826855 -0.032160
v -1.985752 -0.839342 -0.062307
v -1.985752 -0.859207 -0.088196
v -1.985752 -0.885095 -0.108061
v -1.985752 -0.915243 -0.120548
v -1.485752 -0.947595 -0.124807
v -1.485752 -0.915243 -0.120548
v -1.485752 -0.885095 -0.108061
v -1.485752 -0.859207 -0.088196
v -1.485752 -0.839342 -0.062307
v -1.485752 -0.826855 -0.032160
v -1.485752 -0.822595 0.000193
v -1.485752 -0.826855 0.032545
v -1.485752 -0.839342 0.062693
v -1.485752 -0.859207 0.088581
v -1.485752 -0.885095 0.108446
v -1.485752 -0.915243 0.120934
v -1.485752 -0.947595 0.125193
v -1.485752 -0.979948 0.120934
v -1.485752 -1.010095 0.108446
v -1.485752 -1.035984 0.088581
v -1.485752 -1.055848 0.062693
v -1.485752 -1.068336 0.032545
v -1.485752 -1.072595 0.000193
v -1.485752 -1.068336 -0.032160
v -1.485752 -1.055848 -0.062307
v -1.485752 -1.035984 -0.088196
v -1.485752 -1.010095 -0.108061
v -1.485752 -0.979948 -0.120548
v -1.685751 -0.947595 0.700193
v -1.685751 -0.973476 0.703600
v -1.685751 -0.997595 0.713591
v -1.685751 -1.018306 0.729483
v -1.685751 -1.034198 0.750193
v -1.685751 -1.044188 0.774311
v -1.685751 -1.047595 0.800194
v -1.685751 -1.044188 0.826075
v -1.685751 -1.034198 0.850193
v -1.685751 -1.018306 0.870903
v -1.685751 -0.997595 0.886795
v -1.685751 -0.973476 0.896786
v -1.685751 -0.947595 0.900194
v -1.685751 -0.921713 0.896786
v -1.685751 -0.897594 0.886795
v -1.685751 -0.876884 0.870903
v -1.685751 -0.860992 0.850193
v -1.685751 -0.851003 0.826075
v -1.685751 -0.847594 0.800194
v -1.685751 -0.851003 0.774311
v -1.685751 -0.860992 0.750193
v -1.685751 -0.876884 0.729483
v -1.685751 -0.897594 0.713591
v -1.685751 -0.921713 0.703600
v -1.485752 -0.947595 0.700193
v -1.485752 -0.921713 0.703600
v -1.485752 -0.897594 0.713591
v -1.485752 -0.876884 0.729483
v -1.485752 -0.860992 0.750193
v -1.485752 -0.851003 0.774311
v -1.485752 -0.847594 0.800194
v -1.485752 -0.851003 0.826075
v -1.485752 -0.860992 0.850193
v -1.485752 -0.876884 0.870903
v -1.485752 -0.897594 0.886795
v -1.485752 -0.921713 0.896786
v -1.485752 -0.947595 0.900194
v -1.485752 -0.973476 0.896786
v -1.485752 -0.997595 0.886795
v -1.485752 -1.018306 0.870903
v -1.485752 -1.034198 0.850193
v -1.485752 -1.044188 0.826075
v -1.485752 -1.047595 0.800194
v -1.485752 -1.044188 0.774311
v -1.485752 -1.034198 0.750193
v -1.485752 -1.018306 0.729483
v -1.485752 -0.997595 0.713591
v -1.485752 -0.973476 0.703600
v -1.685751 -1.747595 -0.099806
v -1.685751 -1.773477 -0.096399
v -1.685751 -1.797595 -0.086409
v -1.685751 -1.818306 -0.070517
v -1.685751 -1.834198 -0.049807
v -1.685751 -1.844188 -0.025688
v -1.685751 -1.847594 0.000193
v -1.685751 -1.844188 0.026075
v -1.685751 -1.834198 0.050194
v -1.685751 -1.818306 0.070904
v -1.685751 -1.797595 0.086796
v -1.685751 -1.773477 0.096785
v -1.685751 -1.747595 0.100193
v -1.685751 -1.721713 0.096785
v -1.685751 -1.697595 0.086796
v -1.685751 -1.676885 0.070904
v -1.685751 -1.660993 0.050194
v -1.685751 -1.651003 0.026075
v -1.685751 -1.647594 0.000193
v -1.685751 -1.651003 -0.025688
v -1.685751 -1.660993 -0.049807
v -1.685751 -1.676885 -0.070517
v -1.685751 -1.697595 -0.086409
v -1.685751 -1.721713 -0.096399
v -1.485752 -1.747595 -0.099806
v -1.485752 -1.721713 -0.096399
v -1.485752 -1.697595 -0.086409
v -1.485752 -1.676885 -0.070517
v -1.485752 -1.660993 -0.049807
v -1.485752 -1.651003 -0.025688
v -1.485752 -1.647594 0.000193
v -1.485752 -1.651003 0.026075
v -1.485752 -1.660993 0.050194
v -1.485752 -1.676885 0.070904
v -1.485752 -1.697595 0.086796
v -1.485752 -1.721713 0.096785
v -1.485752 -1.747595 0.100193
v -1.485752 -1.773477 0.096785
v -1.485752 -1.797595 0.086796
v -1.485752 -1.818306 0.070904
v -1.485752 -1.834198 0.050194
v -1.485752 -1.844188 0.026075
v -1.485752 -1.847594 0.000193
v -1.485752 -1.844188 -0.025688
v -1.485752 -1.834198 -0.049807
v -1.485752 -1.818306 -0.070517
v -1.485752 -1.797595 -0.086409
v -1.485752 -1.773477 -0.096399
v -1.685751 -0.147594 -0.099806
v -1.685751 -0.173476 -0.096399
v -1.685751 -0.197595 -0.086409
v -1.685751 -0.218306 -0.070517
v -1.685751 -0.234198 -0.049807
v -1.685751 -0.244187 -0.025688
v -1.685751 -0.247595 0.000193
v -1.685751 -0.244187 0.026075
v -1.685751 -0.234198 0.050194
v -1.685751 -0.218306 0.070904
v -1.685751 -0.197595 0.086796
v -1.685751 -0.173476 0.096785
v -1.685751 -0.147594 0.100193
v -1.685751 -0.121713 0.096785
v -1.685751 -0.097594 0.086796
v -1.685751 -0.076884 0.070904
v -1.685751 -0.060992 0.050194
v -1.685751 -0.051003 0.026075
v -1.685751 -0.047595 0.000193
v -1.685751 -0.051003 -0.025688
v -1.685751 -0.060992 -0.049807
v -1.685751 -0.076884 -0.070517
v -1.685751 -0.097594 -0.086409
v -1.685751 -0.121713 -0.096399
v -1.485752 -0.147594 -0.099806
v -1.485752 -0.121713 -0.096399
v -1.485752 -0.097594 -0.086409
v -1.485752 -0.076884 -0.070517
v -1.485752 -0.060992 -0.049807
v -1.485752 -0.051003 -0.025688
v -1.485752 -0.047595 0.000193
v -1.485752 -0.051003 0.026075
v -1.485752 -0.060992 0.050194
v -1.485752 -0.076884 0.070904
v -1.485752 -0.097594 0.086796
v -1.485752 -0.121713 0.096785
v -1.485752 -0.147594 0.100193
v -1.485752 -0.173476 0.096785
v -1.485752 -0.197595 0.086796
v -1.485752 -0.218306 0.070904
v -1.485752 -0.234198 0.050194
v -1.485752 -0.244187 0.026075
v -1.485752 -0.247595 0.000193
v -1.485752 -0.244187 -0.025688
v -1.485752 -0.234198 -0.049807
v -1.485752 -0.218306 -0.070517
v -1.485752 -0.197595 -0.086409
v -1.485752 -0.173476 -0.096399
v -1.685751 -0.947595 -0.899807
v -1.685751 -0.973476 -0.896400
v -1.685751 -0.997595 -0.886410
v -1.685751 -1.018306 -0.870518
v -1.685751 -1.034198 -0.849806
v -1.685751 -1.044188 -0.825689
v -1.685751 -1.047595 -0.799807
v -1.685751 -1.044188 -0.773924
v -1.685751 -1.034198 -0.749807
v -1.685751 -1.018306 -0.729097
v -1.685751 -0.997595 -0.713205
v -1.685751 -0.973476 -0.703215
v -1.685751 -0.947595 -0.699806
v -1.685751 -0.921713 -0.703215
v -1.685751 -0.897594 -0.713205
v -1.685751 -0.876884 -0.729097
v -1.685751 -0.860992 -0.749807
v -1.685751 -0.851003 -0.773924
v -1.685751 -0.847594 -0.799807
v -1.685751 -0.851003 -0.825689
v -1.685751 -0.860992 -0.849806
v -1.685751 -0.876884 -0.870518
v -1.685751 -0.897594 -0.886410
v -1.685751 -0.921713 -0.896400
v -1.485752 -0.947595 -0.899807
v -1.485752 -0.921713 -0.896400
v -1.485752 -0.897594 -0.886410
v -1.485752 -0.876884 -0.870518
v -1.485752 -0.860992 -0.849806
v -1.485752 -0.851003 -0.825689
v -1.485752 -0.847594 -0.799807
v -1.485752 -0.851003 -0.773924
v -1.485752 -0.860992 -0.749807
v -1.485752 -0.876884 -0.729097
v -1.485752 -0.897594 -0.713205
v -1.485752 -0.921713 -0.703215
v -1.485752 -0.947595 -0.699806
v -1.485752 -0.973476 -0.703215
v -1.485752 -0.997595 -0.713205
v -1.485752 -1.018306 -0.729097
v -1.485752 -1.034198 -0.749807
v -1.485752 -1.044188 -0.773924
v -1.485752 -1.047595 -0.799807
v -1.485752 -1.044188 -0.825689
v -1.485752 -1.034198 -0.849806
v -1.485752 -1.018306 -0.870518
v -1.485752 -0.997595 -0.886410
v -1.485752 -0.973476 -0.896400
v -1.985752 -0.947595 -0.399807
v -1.985752 -0.844068 -0.386177
v -1.985752 -0.747595 -0.346216
v -1.985752 -0.664753 -0.282650
v -1.985752 -0.601185 -0.199806
v -1.985752 -0.561225 -0.103334
v -1.985752 -0.547595 0.000193
v -1.985752 -0.561225 0.103720
v -1.985752 -0.601185 0.200193
v -1.985752 -0.664753 0.283035
v -1.985752 -0.747595 0.346603
v -1.985752 -0.844068 0.386564
v -1.985752 -0.947595 0.400194
v -1.985752 -1.051123 0.386564
v -1.985752 -1.147594 0.346603
v -1.985752 -1.230437 0.283035
v -1.985752 -1.294004 0.200193
v -1.985752 -1.333965 0.103720
v -1.985752 -1.347594 0.000193
v -1.985752 -1.333965 -0.103334
v -1.985752 -1.294004 -0.199806
v -1.985752 -1.230437 -0.282650
v -1.985752 -1.147594 -0.346216
v -1.985752 -1.051123 -0.386177
v -1.685751 -0.947595 -0.399807
v -1.685751 -1.051123 -0.386177
v -1.685751 -1.147594 -0.346216
v -1.685751 -1.230437 -0.282650
v -1.685751 -1.294004 -0.199806
v -1.685751 -1.333965 -0.103334
v -1.685751 -1.347594 0.000193
v -1.685751 -1.333965 0.103720
v -1.685751 -1.294004 0.200193
v -1.685751 -1.230437 0.283035
v -1.685751 -1.147594 0.346603
v -1.685751 -1.051123 0.386564
v -1.685751 -0.947595 0.400194
v -1.685751 -0.844068 0.386564
v -1.685751 -0.747595 0.346603
v -1.685751 -0.664753 0.283035
v -1.685751 -0.601185 0.200193
v -1.685751 -0.561225 0.103720
v -1.685751 -0.547595 0.000193
v -1.685751 -0.561225 -0.103334
v -1.685751 -0.601185 -0.199806
v -1.685751 -0.664753 -0.282650
v -1.685751 -0.747595 -0.346216
v -1.685751 -0.844068 -0.386177
v -1.685751 -0.947595 -1.024807
v -1.685751 -0.719511 -0.999107
v -1.685751 -0.502864 -0.923300
v -1.685751 -0.308517 -0.801184
v -1.685751 -0.146217 -0.638884
v -1.685751 -0.024101 -0.444538
v -1.685751 0.051706 -0.227890
v -1.685751 0.077405 0.000193
v -1.685751 0.051706 0.228277
v -1.685751 -0.024101 0.444925
v -1.685751 -0.146217 0.639271
v -1.685751 -0.308517 0.801571
v -1.685751 -0.502864 0.923687
v -1.685751 -0.719511 0.999495
v -1.685751 -0.947595 1.025194
v -1.685751 -1.175678 0.999495
v -1.685751 -1.392325 0.923687
v -1.685751 -1.586672 0.801571
v -1.685751 -1.748973 0.639271
v -1.685751 -1.871088 0.444925
v -1.685751 -1.946896 0.228277
v -1.685751 -1.972594 0.000193
v -1.685751 -1.946896 -0.227890
v -1.685751 -1.871088 -0.444538
v -1.685751 -1.748973 -0.638884
v -1.685751 -1.586672 -0.801184
v -1.685751 -1.392325 -0.923300
v -1.685751 -1.175678 -0.999107
v -1.485752 -0.947595 -1.024807
v -1.485752 -1.175678 -0.999107
v -1.485752 -1.392325 -0.923300
v -1.485752 -1.586672 -0.801184
v -1.485752 -1.748973 -0.638884
v -1.485752 -1.871088 -0.444538
v -1.485752 -1.946896 -0.227890
v -1.485752 -1.972594 0.000193
v -1.485752 -1.946896 0.228277
v -1.485752 -1.871088 0.444925
v -1.485752 -1.748973 0.639271
v -1.485752 -1.586672 0.801571
v -1.485752 -1.392325 0.923687
v -1.485752 -1.175678 0.999495
v -1.485752 -0.947595 1.025194
v -1.485752 -0.719511 0.999495
v -1.485752 -0.502864 0.923687
v -1.485752 -0.308517 0.801571
v -1.485752 -0.146217 0.639271
v -1.485752 -0.024101 0.444925
v -1.485752 0.051706 0.228277
v -1.485752 0.077405 0.000193
v -1.485752 0.051706 -0.227890
v -1.485752 -0.024101 -0.444538
v -1.485752 -0.146217 -0.638884
v -1.485752 -0.308517 -0.801184
v -1.485752 -0.502864 -0.923300
v -1.485752 -0.719511 -0.999107
v 1.414248 2.277405 -0.999807
v 1.414248 2.303288 -1.003214
v 1.414248 2.327405 -1.013205
v 1.414248 2.348115 -1.029097
v 1.414248 2.364007 -1.049807
v 1.414248 2.373997 -1.073925
v 1.414248 2.377405 -1.099806
v 1.414248 2.373997 -1.125689
v 1.414248 2.364007 -1.149807
v 1.414248 2.348115 -1.170517
v 1.414248 2.327405 -1.186409
v 1.414248 2.303288 -1.196400
v 1.414248 2.277405 -1.199806
v 1.414248 2.251523 -1.196400
v 1.414248 2.227405 -1.186409
v 1.414248 2.206694 -1.170517
v 1.414248 2.190802 -1.149807
v 1.414248 2.180812 -1.125689
v 1.414248 2.177405 -1.099806
v 1.414248 2.180812 -1.073925
v 1.414248 2.190802 -1.049807
v 1.414248 2.206694 -1.029097
v 1.414248 2.227405 -1.013205
v 1.414248 2.251523 -1.003214
v 1.914248 2.277405 -0.999807
v 1.914248 2.251523 -1.003214
v 1.914248 2.227405 -1.013205
v 1.914248 2.206694 -1.029097
v 1.914248 2.190802 -1.049807
v 1.914248 2.180812 -1.073925
v 1.914248 2.177405 -1.099806
v 1.914248 2.180812 -1.125689
v 1.914248 2.190802 -1.149807
v 1.914248 2.206694 -1.170517
v 1.914248 2.227405 -1.186409
v 1.914248 2.251523 -1.196400
v 1.914248 2.277405 -1.199806
v 1.914248 2.303288 -1.196400
v 1.914248 2.327405 -1.186409
v 1.914248 2.348115 -1.170517
v 1.914248 2.364007 -1.149807
v 1.914248 2.373997 -1.125689
v 1.914248 2.377405 -1.099806
v 1.914248 2.373997 -1.073925
v 1.914248 2.364007 -1.049807
v 1.914248 2.348115 -1.029097
v 1.914248 2.327405 -1.013205
v 1.914248 2.303288 -1.003214
v 1.414248 -1.722594 -0.999807
v 1.414248 -1.696712 -1.003214
v 1.414248 -1.672595 -1.013205
v 1.414248 -1.651885 -1.029097
v 1.414248 -1.635993 -1.049807
v 1.414248 -1.626002 -1.073925
v 1.414248 -1.622595 -1.099806
v 1.414248 -1.626002 -1.125689
v 1.414248 -1.635993 -1.149807
v 1.414248 -1.651885 -1.170517
v 1.414248 -1.672595 -1.186409
v 1.414248 -1.696712 -1.196400
v 1.414248 -1.722594 -1.199806
v 1.414248 -1.748477 -1.196400
v 1.414248 -1.772594 -1.186409
v 1.414248 -1.793305 -1.170517
v 1.414248 -1.809197 -1.149807
v 1.414248 -1.819188 -1.125689
v 1.414248 -1.822595 -1.099806
v 1.414248 -1.819188 -1.073925
v 1.414248 -1.809197 -1.049807
v 1.414248 -1.793305 -1.029097
v 1.414248 -1.772594 -1.013205
v 1.414248 -1.748477 -1.003214
v 1.414248 2.277405 1.200193
v 1.414248 2.303288 1.196785
v 1.414248 2.327405 1.186796
v 1.414248 2.348115 1.170904
v 1.414248 2.364007 1.150194
v 1.414248 2.373997 1.126076
v 1.414248 2.377405 1.100193
v 1.414248 2.373997 1.074312
v 1.414248 2.364007 1.050194
v 1.414248 2.348115 1.029482
v 1.414248 2.327405 1.013590
v 1.414248 2.303288 1.003601
v 1.414248 2.277405 1.000193
v 1.414248 2.251523 1.003601
v 1.414248 2.227405 1.013590
v 1.414248 2.206694 1.029482
v 1.414248 2.190802 1.050194
v 1.414248 2.180812 1.074312
v 1.414248 2.177405 1.100193
v 1.414248 2.180812 1.126076
v 1.414248 2.190802 1.150194
v 1.414248 2.206694 1.170904
v 1.414248 2.227405 1.186796
v 1.414248 2.251523 1.196785
v 1.914248 2.277405 1.200193
v 1.914248 2.251523 1.196785
v 1.914248 2.227405 1.186796
v 1.914248 2.206694 1.170904
v 1.914248 2.190802 1.150194
v 1.914248 2.180812 1.126076
v 1.914248 2.177405 1.100193
v 1.914248 2.180812 1.074312
v 1.914248 2.190802 1.050194
v 1.914248 2.206694 1.029482
v 1.914248 2.227405 1.013590
v 1.914248 2.251523 1.003601
v 1.914248 2.277405 1.000193
v 1.914248 2.303288 1.003601
v 1.914248 2.327405 1.013590
v 1.914248 2.348115 1.029482
v 1.914248 2.364007 1.050194
v 1.914248 2.373997 1.074312
v 1.914248 2.377405 1.100193
v 1.914248 2.373997 1.126076
v 1.914248 2.364007 1.150194
v 1.914248 2.348115 1.170904
v 1.914248 2.327405 1.186796
v 1.914248 2.303288 1.196785
v 1.414248 -1.722594 1.200193
v 1.414248 -1.696712 1.196785
v 1.414248 -1.672595 1.186796
v 1.414248 -1.651885 1.170904
v 1.414248 -1.635993 1.150194
v 1.414248 -1.626002 1.126076
v 1.414248 -1.622595 1.100193
v 1.414248 -1.626002 1.074312
v 1.414248 -1.635993 1.050194
v 1.414248 -1.651885 1.029482
v 1.414248 -1.672595 1.013590
v 1.414248 -1.696712 1.003601
v 1.414248 -1.722594 1.000193
v 1.414248 -1.748477 1.003601
v 1.414248 -1.772594 1.013590
v 1.414248 -1.793305 1.029482
v 1.414248 -1.809197 1.050194
v 1.414248 -1.819188 1.074312
v 1.414248 -1.822595 1.100193
v 1.414248 -1.819188 1.126076
v 1.414248 -1.809197 1.150194
v 1.414248 -1.793305 1.170904
v 1.414248 -1.772594 1.186796
v 1.414248 -1.748477 1.196785
v -0.985752 -1.722594 1.000193
v -0.985752 -1.696712 1.003601
v -0.985752 -1.672595 1.013590
v -0.985752 -1.651885 1.029482
v -0.985752 -1.635993 1.050194
v -0.985752 -1.626002 1.074312
v -0.985752 -1.622595 1.100193
v -0.985752 -1.626002 1.126076
v -0.985752 -1.635993 1.150194
v -0.985752 -1.651885 1.170904
v -0.985752 -1.672595 1.186796
v -0.985752 -1.696712 1.196785
v -0.985752 -1.722594 1.200193
v -0.985752 -1.748477 1.196785
v -0.985752 -1.772594 1.186796
v -0.985752 -1.793305 1.170904
v -0.985752 -1.809197 1.150194
v -0.985752 -1.819188 1.126076
v -0.985752 -1.822595 1.100193
v -0.985752 -1.819188 1.074312
v -0.985752 -1.809197 1.050194
v -0.985752 -1.793305 1.029482
v -0.985752 -1.772594 1.013590
v -0.985752 -1.748477 1.003601
v -1.485752 -1.722594 1.000193
v -1.485752 -1.748477 1.003601
v -1.485752 -1.772594 1.013590
v -1.485752 -1.793305 1.029482
v -1.485752 -1.809197 1.050194
v -1.485752 -1.819188 1.074312
v -1.485752 -1.822595 1.100193
v -1.485752 -1.819188 1.126076
v -1.485752 -1.809197 1.150194
v -1.485752 -1.793305 1.170904
v -1.485752 -1.772594 1.186796
v -1.485752 -1.748477 1.196785
v -1.485752 -1.722594 1.200193
v -1.485752 -1.696712 1.196785
v -1.485752 -1.672595 1.186796
v -1.485752 -1.651885 1.170904
v -1.485752 -1.635993 1.150194
v -1.485752 -1.626002 1.126076
v -1.485752 -1.622595 1.100193
v -1.485752 -1.626002 1.074312
v -1.485752 -1.635993 1.050194
v -1.485752 -1.651885 1.029482
v -1.485752 -1.672595 1.013590
v -1.485752 -1.696712 1.003601
v -0.985752 2.277405 -1.199806
v -0.985752 2.303288 -1.196400
v -0.985752 2.327405 -1.186409
v -0.985752 2.348115 -1.170517
v -0.985752 2.364007 -1.149807
v -0.985752 2.373997 -1.125689
v -0.985752 2.377405 -1.099806
v -0.985752 2.373997 -1.073925
v -0.985752 2.364007 -1.049807
v -0.985752 2.348115 -1.029097
v -0.985752 2.327405 -1.013205
v -0.985752 2.303288 -1.003214
v -0.985752 2.277405 -0.999807
v -0.985752 2.251523 -1.003214
v -0.985752 2.227405 -1.013205
v -0.985752 2.206694 -1.029097
v -0.985752 2.190802 -1.049807
v -0.985752 2.180812 -1.073925
v -0.985752 2.177405 -1.099806
v -0.985752 2.180812 -1.125689
v -0.985752 2.190802 -1.149807
v -0.985752 2.206694 -1.170517
v -0.985752 2.227405 -1.186409
v -0.985752 2.251523 -1.196400
v -1.485752 2.277405 -1.199806
v -1.485752 2.251523 -1.196400
v -1.485752 2.227405 -1.186409
v -1.485752 2.206694 -1.170517
v -1.485752 2.190802 -1.149807
v -1.485752 2.180812 -1.125689
v -1.485752 2.177405 -1.099806
v -1.485752 2.180812 -1.073925
v -1.485752 2.190802 -1.049807
v -1.485752 2.206694 -1.029097
v -1.485752 2.227405 -1.013205
v -1.485752 2.251523 -1.003214
v -1.485752 2.277405 -0.999807
v -1.485752 2.303288 -1.003214
v -1.485752 2.327405 -1.013205
v -1.485752 2.348115 -1.029097
v -1.485752 2.364007 -1.049807
v -1.485752 2.373997 -1.073925
v -1.485752 2.377405 -1.099806
v -1.485752 2.373997 -1.125689
v -1.485752 2.364007 -1.149807
v -1.485752 2.348115 -1.170517
v -1.485752 2.327405 -1.186409
v -1.485752 2.303288 -1.196400
v -0.985752 -0.122595 1.000193
v -0.985752 -0.096713 1.003601
v -0.985752 -0.072595 1.013590
v -0.985752 -0.051885 1.029482
v -0.985752 -0.035993 1.050194
v -0.985752 -0.026003 1.074312
v -0.985752 -0.022594 1.100193
v -0.985752 -0.026003 1.126076
v -0.985752 -0.035993 1.150194
v -0.985752 -0.051885 1.170904
v -0.985752 -0.072595 1.186796
v -0.985752 -0.096713 1.196785
v -0.985752 -0.122595 1.200193
v -0.985752 -0.148477 1.196785
v -0.985752 -0.172595 1.186796
v -0.985752 -0.193306 1.170904
v -0.985752 -0.209198 1.150194
v -0.985752 -0.219188 1.126076
v -0.985752 -0.222594 1.100193
v -0.985752 -0.219188 1.074312
v -0.985752 -0.209198 1.050194
v -0.985752 -0.193306 1.029482
v -0.985752 -0.172595 1.013590
v -0.985752 -0.148477 1.003601
v -1.485752 -0.122595 1.000193
v -1.485752 -0.148477 1.003601
v -1.485752 -0.172595 1.013590
v -1.485752 -0.193306 1.029482
v -1.485752 -0.209198 1.050194
v -1.485752 -0.219188 1.074312
v -1.485752 -0.222594 1.100193
v -1.485752 -0.219188 1.126076
v -1.485752 -0.209198 1.150194
v -1.485752 -0.193306 1.170904
v -1.485752 -0.172595 1.186796
v -1.485752 -0.148477 1.196785
v -1.485752 -0.122595 1.200193
v -1.485752 -0.096713 1.196785
v -1.485752 -0.072595 1.186796
v -1.485752 -0.051885 1.170904
v -1.485752 -0.035993 1.150194
v -1.485752 -0.026003 1.126076
v -1.485752 -0.022594 1.100193
v -1.485752 -0.026003 1.074312
v -1.485752 -0.035993 1.050194
v -1.485752 -0.051885 1.029482
v -1.485752 -0.072595 1.013590
v -1.485752 -0.096713 1.003601
v -0.985752 -1.722594 -1.199806
v -0.985752 -1.696712 -1.196400
v -0.985752 -1.672595 -1.186409
v -0.985752 -1.651885 -1.170517
v -0.985752 -1.635993 -1.149807
v -0.985752 -1.626002 -1.125689
v -0.985752 -1.622595 -1.099806
v -0.985752 -1.626002 -1.073925
v -0.985752 -1.635993 -1.049807
v -0.985752 -1.651885 -1.029097
v -0.985752 -1.672595 -1.013205
v -0.985752 -1.696712 -1.003214
v -0.985752 -1.722594 -0.999807
v -0.985752 -1.748477 -1.003214
v -0.985752 -1.772594 -1.013205
v -0.985752 -1.793305 -1.029097
v -0.985752 -1.809197 -1.049807
v -0.985752 -1.819188 -1.073925
v -0.985752 -1.822595 -1.099806
v -0.985752 -1.819188 -1.125689
v -0.985752 -1.809197 -1.149807
v -0.985752 -1.793305 -1.170517
v -0.985752 -1.772594 -1.186409
v -0.985752 -1.748477 -1.196400
v -1.485752 -1.722594 -1.199806
v -1.485752 -1.748477 -1.196400
v -1.485752 -1.772594 -1.186409
v -1.485752 -1.793305 -1.170517
v -1.485752 -1.809197 -1.149807
v -1.485752 -1.819188 -1.125689
v -1.485752 -1.822595 -1.099806
v -1.485752 -1.819188 -1.073925
v -1.485752 -1.809197 -1.049807
v -1.485752 -1.793305 -1.029097
v -1.485752 -1.772594 -1.013205
v -1.485752 -1.748477 -1.003214
v -1.485752 -1.722594 -0.999807
v -1.485752 -1.696712 -1.003214
v -1.485752 -1.672595 -1.013205
v -1.485752 -1.651885 -1.029097
v -1.485752 -1.635993 -1.049807
v -1.485752 -1.626002 -1.073925
v -1.485752 -1.622595 -1.099806
v -1.485752 -1.626002 -1.125689
v -1.485752 -1.635993 -1.149807
v -1.485752 -1.651885 -1.170517
v -1.485752 -1.672595 -1.186409
v -1.485752 -1.696712 -1.196400
v -0.985752 -0.122595 -1.199806
v -0.985752 -0.096713 -1.196400
v -0.985752 -0.072595 -1.186409
v -0.985752 -0.051885 -1.170517
v -0.985752 -0.035993 -1.149807
v -0.985752 -0.026003 -1.125689
v -0.985752 -0.022594 -1.099806
v -0.985752 -0.026003 -1.073925
v -0.985752 -0.035993 -1.049807
v -0.985752 -0.051885 -1.029097
v -0.985752 -0.072595 -1.013205
v -0.985752 -0.096713 -1.003214
v -0.985752 -0.122595 -0.999807
v -0.985752 -0.148477 -1.003214
v -0.985752 -0.172595 -1.013205
v -0.985752 -0.193306 -1.029097
v -0.985752 -0.209198 -1.049807
v -0.985752 -0.219188 -1.073925
v -0.985752 -0.222594 -1.099806
v -0.985752 -0.219188 -1.125689
v -0.985752 -0.209198 -1.149807
v -0.985752 -0.193306 -1.170517
v -0.985752 -0.172595 -1.186409
v -0.985752 -0.148477 -1.196400
v -1.485752 -0.122595 -1.199806
v -1.485752 -0.148477 -1.196400
v -1.485752 -0.172595 -1.186409
v -1.485752 -0.193306 -1.170517
v -1.485752 -0.209198 -1.149807
v -1.485752 -0.219188 -1.125689
v -1.485752 -0.222594 -1.099806
v -1.485752 -0.219188 -1.073925
v -1.485752 -0.209198 -1.049807
v -1.485752 -0.193306 -1.029097
v -1.485752 -0.172595 -1.013205
v -1.485752 -0.148477 -1.003214
v -1.485752 -0.122595 -0.999807
v -1.485752 -0.096713 -1.003214
v -1.485752 -0.072595 -1.013205
v -1.485752 -0.051885 -1.029097
v -1.485752 -0.035993 -1.049807
v -1.485752 -0.026003 -1.073925
v -1.485752 -0.022594 -1.099806
v -1.485752 -0.026003 -1.125689
v -1.485752 -0.035993 -1.149807
v -1.485752 -0.051885 -1.170517
v -1.485752 -0.072595 -1.186409
v -1.485752 -0.096713 -1.196400
v -0.985752 2.277405 1.000193
v -0.985752 2.303288 1.003601
v -0.985752 2.327405 1.013590
v -0.985752 2.348115 1.029482
v -0.985752 2.364007 1.050194
v -0.985752 2.373997 1.074312
v -0.985752 2.377405 1.100193
v -0.985752 2.373997 1.126076
v -0.985752 2.364007 1.150194
v -0.985752 2.348115 1.170904
v -0.985752 2.327405 1.186796
v -0.985752 2.303288 1.196785
v -0.985752 2.277405 1.200193
v -0.985752 2.251523 1.196785
v -0.985752 2.227405 1.186796
v -0.985752 2.206694 1.170904
v -0.985752 2.190802 1.150194
v -0.985752 2.180812 1.126076
v -0.985752 2.177405 1.100193
v -0.985752 2.180812 1.074312
v -0.985752 2.190802 1.050194
v -0.985752 2.206694 1.029482
v -0.985752 2.227405 1.013590
v -0.985752 2.251523 1.003601
v -1.485752 2.277405 1.000193
v -1.485752 2.251523 1.003601
v -1.485752 2.227405 1.013590
v -1.485752 2.206694 1.029482
v -1.485752 2.190802 1.050194
v -1.485752 2.180812 1.074312
v -1.485752 2.177405 1.100193
v -1.485752 2.180812 1.126076
v -1.485752 2.190802 1.150194
v -1.485752 2.206694 1.170904
v -1.485752 2.227405 1.186796
v -1.485752 2.251523 1.196785
v -1.485752 2.277405 1.200193
v -1.485752 2.303288 1.196785
v -1.485752 2.327405 1.186796
v -1.485752 2.348115 1.170904
v -1.485752 2.364007 1.150194
v -1.485752 2.373997 1.126076
v -1.485752 2.377405 1.100193
v -1.485752 2.373997 1.074312
v -1.485752 2.364007 1.050194
v -1.485752 2.348115 1.029482
v -1.485752 2.327405 1.013590
v -1.485752 2.303288 1.003601
v -0.385751 -1.572595 -0.899807
v -0.411633 -1.572595 -0.896400
v -0.435751 -1.572595 -0.886410
v -0.456461 -1.572595 -0.870518
v -0.472353 -1.572595 -0.849806
v -0.482343 -1.572595 -0.825689
v -0.485752 -1.572595 -0.799807
v -0.482343 -1.572595 -0.773924
v -0.472353 -1.572595 -0.749807
v -0.456461 -1.572595 -0.729097
v -0.435751 -1.572595 -0.713205
v -0.411633 -1.572595 -0.703215
v -0.385751 -1.572595 -0.699806
v -0.359869 -1.572595 -0.703215
v -0.335752 -1.572595 -0.713205
v -0.315041 -1.572595 -0.729097
v -0.299149 -1.572595 -0.749807
v -0.289159 -1.572595 -0.773924
v -0.285752 -1.572595 -0.799807
v -0.289159 -1.572595 -0.825689
v -0.299149 -1.572595 -0.849806
v -0.315041 -1.572595 -0.870518
v -0.335752 -1.572595 -0.886410
v -0.359869 -1.572595 -0.896400
v -0.385751 -2.072595 -0.899807
v -0.359869 -2.072595 -0.896400
v -0.335752 -2.072595 -0.886410
v -0.315041 -2.072595 -0.870518
v -0.299149 -2.072595 -0.849806
v -0.289159 -2.072595 -0.825689
v -0.285752 -2.072595 -0.799807
v -0.289159 -2.072595 -0.773924
v -0.299149 -2.072595 -0.749807
v -0.315041 -2.072595 -0.729097
v -0.335752 -2.072595 -0.713205
v -0.359869 -2.072595 -0.703215
v -0.385751 -2.072595 -0.699806
v -0.411633 -2.072595 -0.703215
v -0.435751 -2.072595 -0.713205
v -0.456461 -2.072595 -0.729097
v -0.472353 -2.072595 -0.749807
v -0.482343 -2.072595 -0.773924
v -0.485752 -2.072595 -0.799807
v -0.482343 -2.072595 -0.825689
v -0.472353 -2.072595 -0.849806
v -0.456461 -2.072595 -0.870518
v -0.435751 -2.072595 -0.886410
v -0.411633 -2.072595 -0.896400
v -0.385751 -1.572595 0.700193
v -0.411633 -1.572595 0.703600
v -0.435751 -1.572595 0.713591
v -0.456461 -1.572595 0.729483
v -0.472353 -1.572595 0.750193
v -0.482343 -1.572595 0.774311
v -0.485752 -1.572595 0.800194
v -0.482343 -1.572595 0.826075
v -0.472353 -1.572595 0.850193
v -0.456461 -1.572595 0.870903
v -0.435751 -1.572595 0.886795
v -0.411633 -1.572595 0.896786
v -0.385751 -1.572595 0.900194
v -0.359869 -1.572595 0.896786
v -0.335752 -1.572595 0.886795
v -0.315041 -1.572595 0.870903
v -0.299149 -1.572595 0.850193
v -0.289159 -1.572595 0.826075
v -0.285752 -1.572595 0.800194
v -0.289159 -1.572595 0.774311
v -0.299149 -1.572595 0.750193
v -0.315041 -1.572595 0.729483
v -0.335752 -1.572595 0.713591
v -0.359869 -1.572595 0.703600
v -0.385751 -2.072595 0.700193
v -0.359869 -2.072595 0.703600
v -0.335752 -2.072595 0.713591
v -0.315041 -2.072595 0.729483
v -0.299149 -2.072595 0.750193
v -0.289159 -2.072595 0.774311
v -0.285752 -2.072595 0.800194
v -0.289159 -2.072595 0.826075
v -0.299149 -2.072595 0.850193
v -0.315041 -2.072595 0.870903
v -0.335752 -2.072595 0.886795
v -0.359869 -2.072595 0.896786
v -0.385751 -2.072595 0.900194
v -0.411633 -2.072595 0.896786
v -0.435751 -2.072595 0.886795
v -0.456461 -2.072595 0.870903
v -0.472353 -2.072595 0.850193
v -0.482343 -2.072595 0.826075
v -0.485752 -2.072595 0.800194
v -0.482343 -2.072595 0.774311
v -0.472353 -2.072595 0.750193
v -0.456461 -2.072595 0.729483
v -0.435751 -2.072595 0.713591
v -0.411633 -2.072595 0.703600
v 0.814249 2.377405 -0.699806
v 0.788367 2.377405 -0.703215
v 0.764248 2.377405 -0.713205
v 0.743538 2.377405 -0.729097
v 0.727646 2.377405 -0.749807
v 0.717656 2.377405 -0.773924
v 0.714248 2.377405 -0.799807
v 0.717656 2.377405 -0.825689
v 0.727646 2.377405 -0.849806
v 0.743538 2.377405 -0.870518
v 0.764248 2.377405 -0.886410
v 0.788367 2.377405 -0.896400
v 0.814249 2.377405 -0.899807
v 0.840131 2.377405 -0.896400
v 0.864249 2.377405 -0.886410
v 0.884959 2.377405 -0.870518
v 0.900851 2.377405 -0.849806
v 0.910841 2.377405 -0.825689
v 0.914248 2.377405 -0.799807
v 0.910841 2.377405 -0.773924
v 0.900851 2.377405 -0.749807
v 0.884959 2.377405 -0.729097
v 0.864249 2.377405 -0.713205
v 0.840131 2.377405 -0.703215
v 0.814249 2.577405 -0.699806
v 0.840131 2.577405 -0.703215
v 0.864249 2.577405 -0.713205
v 0.884959 2.577405 -0.729097
v 0.900851 2.577405 -0.749807
v 0.910841 2.577405 -0.773924
v 0.914248 2.577405 -0.799807
v 0.910841 2.577405 -0.825689
v 0.900851 2.577405 -0.849806
v 0.884959 2.577405 -0.870518
v 0.864249 2.577405 -0.886410
v 0.840131 2.577405 -0.896400
v 0.814249 2.577405 -0.899807
v 0.788367 2.577405 -0.896400
v 0.764248 2.577405 -0.886410
v 0.743538 2.577405 -0.870518
v 0.727646 2.577405 -0.849806
v 0.717656 2.577405 -0.825689
v 0.714248 2.577405 -0.799807
v 0.717656 2.577405 -0.773924
v 0.727646 2.577405 -0.749807
v 0.743538 2.577405 -0.729097
v 0.764248 2.577405 -0.713205
v 0.788367 2.577405 -0.703215
v 0.814249 2.377405 0.900194
v 0.788367 2.377405 0.896786
v 0.764248 2.377405 0.886795
v 0.743538 2.377405 0.870903
v 0.727646 2.377405 0.850193
v 0.717656 2.377405 0.826075
v 0.714248 2.377405 0.800194
v 0.717656 2.377405 0.774311
v 0.727646 2.377405 0.750193
v 0.743538 2.377405 0.729483
v 0.764248 2.377405 0.713591
v 0.788367 2.377405 0.703600
v 0.814249 2.377405 0.700193
v 0.840131 2.377405 0.703600
v 0.864249 2.377405 0.713591
v 0.884959 2.377405 0.729483
v 0.900851 2.377405 0.750193
v 0.910841 2.377405 0.774311
v 0.914248 2.377405 0.800194
v 0.910841 2.377405 0.826075
v 0.900851 2.377405 0.850193
v 0.884959 2.377405 0.870903
v 0.864249 2.377405 0.886795
v 0.840131 2.377405 0.896786
v 0.814249 2.577405 0.900194
v 0.840131 2.577405 0.896786
v 0.864249 2.577405 0.886795
v 0.884959 2.577405 0.870903
v 0.900851 2.577405 0.850193
v 0.910841 2.577405 0.826075
v 0.914248 2.577405 0.800194
v 0.910841 2.577405 0.774311
v 0.900851 2.577405 0.750193
v 0.884959 2.577405 0.729483
v 0.864249 2.577405 0.713591
v 0.840131 2.577405 0.703600
v 0.814249 2.577405 0.700193
v 0.788367 2.577405 0.703600
v 0.764248 2.577405 0.713591
v 0.743538 2.577405 0.729483
v 0.727646 2.577405 0.750193
v 0.717656 2.577405 0.774311
v 0.714248 2.577405 0.800194
v 0.717656 2.577405 0.826075
v 0.727646 2.577405 0.850193
v 0.743538 2.577405 0.870903
v 0.764248 2.577405 0.886795
v 0.788367 2.577405 0.896786
v -0.385751 2.377405 -0.699806
v -0.411633 2.377405 -0.703215
v -0.435751 2.377405 -0.713205
v -0.456461 2.377405 -0.729097
v -0.472353 2.377405 -0.749807
v -0.482343 2.377405 -0.773924
v -0.485752 2.377405 -0.799807
v -0.482343 2.377405 -0.825689
v -0.472353 2.377405 -0.849806
v -0.456461 2.377405 -0.870518
v -0.435751 2.377405 -0.886410
v -0.411633 2.377405 -0.896400
v -0.385751 2.377405 -0.899807
v -0.359869 2.377405 -0.896400
v -0.335752 2.377405 -0.886410
v -0.315041 2.377405 -0.870518
v -0.299149 2.377405 -0.849806
v -0.289159 2.377405 -0.825689
v -0.285752 2.377405 -0.799807
v -0.289159 2.377405 -0.773924
v -0.299149 2.377405 -0.749807
v -0.315041 2.377405 -0.729097
v -0.335752 2.377405 -0.713205
v -0.359869 2.377405 -0.703215
v -0.385751 2.577405 -0.699806
v -0.359869 2.577405 -0.703215
v -0.335752 2.577405 -0.713205
v -0.315041 2.577405 -0.729097
v -0.299149 2.577405 -0.749807
v -0.289159 2.577405 -0.773924
v -0.285752 2.577405 -0.799807
v -0.289159 2.577405 -0.825689
v -0.299149 2.577405 -0.849806
v -0.315041 2.577405 -0.870518
v -0.335752 2.577405 -0.886410
v -0.359869 2.577405 -0.896400
v -0.385751 2.577405 -0.899807
v -0.411633 2.577405 -0.896400
v -0.435751 2.577405 -0.886410
v -0.456461 2.577405 -0.870518
v -0.472353 2.577405 -0.849806
v -0.482343 2.577405 -0.825689
v -0.485752 2.577405 -0.799807
v -0.482343 2.577405 -0.773924
v -0.472353 2.577405 -0.749807
v -0.456461 2.577405 -0.729097
v -0.435751 2.577405 -0.713205
v -0.411633 2.577405 -0.703215
v -0.385751 2.377405 0.900194
v -0.411633 2.377405 0.896786
v -0.435751 2.377405 0.886795
v -0.456461 2.377405 0.870903
v -0.472353 2.377405 0.850193
v -0.482343 2.377405 0.826075
v -0.485752 2.377405 0.800194
v -0.482343 2.377405 0.774311
v -0.472353 2.377405 0.750193
v -0.456461 2.377405 0.729483
v -0.435751 2.377405 0.713591
v -0.411633 2.377405 0.703600
v -0.385751 2.377405 0.700193
v -0.359869 2.377405 0.703600
v -0.335752 2.377405 0.713591
v -0.315041 2.377405 0.729483
v -0.299149 2.377405 0.750193
v -0.289159 2.377405 0.774311
v -0.285752 2.377405 0.800194
v -0.289159 2.377405 0.826075
v -0.299149 2.377405 0.850193
v -0.315041 2.377405 0.870903
v -0.335752 2.377405 0.886795
v -0.359869 2.377405 0.896786
v -0.385751 2.577405 0.900194
v -0.359869 2.577405 0.896786
v -0.335752 2.577405 0.886795
v -0.315041 2.577405 0.870903
v -0.299149 2.577405 0.850193
v -0.289159 2.577405 0.826075
v -0.285752 2.577405 0.800194
v -0.289159 2.577405 0.774311
v -0.299149 2.577405 0.750193
v -0.315041 2.577405 0.729483
v -0.335752 2.577405 0.713591
v -0.359869 2.577405 0.703600
v -0.385751 2.577405 0.700193
v -0.411633 2.577405 0.703600
v -0.435751 2.577405 0.713591
v -0.456461 2.577405 0.729483
v -0.472353 2.577405 0.750193
v -0.482343 2.577405 0.774311
v -0.485752 2.577405 0.800194
v -0.482343 2.577405 0.826075
v -0.472353 2.577405 0.850193
v -0.456461 2.577405 0.870903
v -0.435751 2.577405 0.886795
v -0.411633 2.577405 0.896786
v 1.914248 2.577405 1.450193
v -1.485752 2.577405 1.450193
v -1.485752 -2.072595 1.450193
vn -0.0000 -0.8550 -0.5186
vn -0.0000 -0.7173 -0.6967
vn -0.0000 -0.7172 -0.6969
vn -0.0000 -0.5431 -0.8396
vn -0.0000 -0.5430 -0.8397
vn -0.0000 -0.3414 -0.9399
vn -0.0000 -0.3412 -0.9400
vn -0.0000 -0.1223 -0.9925
vn -0.0000 -0.1221 -0.9925
vn -0.0000 0.1030 -0.9947
vn -0.0000 0.1032 -0.9947
vn -0.0000 0.3230 -0.9464
vn -0.0000 0.3232 -0.9463
vn -0.0000 0.5267 -0.8501
vn -0.0000 0.5269 -0.8500
vn -0.0000 0.7036 -0.7106
vn -0.0000 0.7038 -0.7104
vn -0.0000 0.8448 -0.5350
vn -0.0000 0.8449 -0.5349
vn -0.0000 0.9432 -0.3323
vn -0.0000 0.9432 -0.3321
vn -0.0000 0.9936 -0.1127
vn -0.0000 0.9936 -0.1126
vn -0.0000 0.9936 0.1126
vn -0.0000 0.9936 0.1127
vn -0.0000 0.9432 0.3321
vn -0.0000 0.9432 0.3323
vn -0.0000 0.8449 0.5349
vn -0.0000 0.8448 0.5350
vn -0.0000 0.7037 0.7105
vn -0.0000 0.7038 0.7104
vn -0.0000 0.7036 0.7106
vn -0.0000 0.5269 0.8500
vn -0.0000 0.5267 0.8501
vn -0.0000 0.3232 0.9463
vn -0.0000 0.3230 0.9464
vn -0.0000 0.1032 0.9947
vn -0.0000 0.1030 0.9947
vn -0.0000 -0.1221 0.9925
vn -0.0000 -0.1223 0.9925
vn -0.0000 -0.3412 0.9400
vn -0.0000 -0.3414 0.9399
vn -0.0000 -0.5430 0.8397
vn -0.0000 -0.5431 0.8396
vn -0.0000 -0.7172 0.6969
vn -0.0000 -0.7173 0.6967
vn -0.0000 -0.8550 0.5186
vn 1.0000 -0.0000 -0.0000
vn -0.0000 -0.0000 1.0000
vn -0.0000 -1.0000 -0.0000
vn -0.0000 -0.0000 -1.0000
vn -0.0000 1.0000 -0.0000
vn -1.0000 -0.0000 -0.0000
vn 1.0000 -0.0001 -0.0000
vn -0.0000 0.0993 -0.9951
vn -0.0000 0.1302 -0.9915
vn -0.0000 0.1652 -0.9863
vn -0.0000 0.1736 -0.9848
vn -0.0000 0.2367 -0.9716
vn -0.0000 0.2422 -0.9702
vn -0.0000 0.2368 -0.9716
vn -0.0000 0.2894 -0.9572
vn -0.0000 0.3661 -0.9306
vn -0.0000 0.3557 -0.9346
vn -0.0000 0.4689 -0.8832
vn -0.0000 0.4690 -0.8832
vn -0.0000 0.3558 -0.9346
vn -0.0000 0.5580 -0.8298
vn -0.0000 0.5581 -0.8298
vn -0.0000 0.6167 -0.7872
vn -0.0000 0.6168 -0.7872
vn -0.0000 0.7386 -0.6741
vn -0.0000 0.6168 -0.7871
vn -0.0000 0.7095 -0.7047
vn -0.0000 0.7094 -0.7048
vn -0.0000 0.8096 -0.5869
vn -0.0000 0.7387 -0.6740
vn -0.0000 0.8549 -0.5188
vn -0.0000 0.8097 -0.5869
vn -0.0000 0.9045 -0.4264
vn -0.0000 0.9046 -0.4263
vn -0.0000 0.8550 -0.5187
vn -0.0000 0.9585 -0.2852
vn -0.0000 0.9046 -0.4262
vn -0.0000 0.9585 -0.2851
vn -0.0000 0.9740 -0.2266
vn -0.0009 0.9585 -0.2851
vn -0.0000 0.9896 -0.1438
vn -0.0000 0.9741 -0.2263
vn -0.0000 0.9896 -0.1436
vn -0.0000 1.0000 -0.0084
vn -0.0000 1.0000 -0.0085
vn -0.0002 0.9896 -0.1438
vn -0.0000 1.0000 0.0004
vn 0.0003 0.9803 0.1973
vn -0.0000 0.9803 0.1974
vn -0.0000 0.9668 0.2556
vn -0.0000 0.9803 0.1976
vn -0.0000 0.9667 0.2558
vn -0.0000 0.9291 0.3699
vn -0.0000 0.9291 0.3698
vn -0.0000 0.8977 0.4406
vn -0.0000 0.8977 0.4407
vn -0.0000 0.8642 0.5031
vn -0.0000 0.8270 0.5622
vn -0.0000 0.8642 0.5032
vn -0.0000 0.8270 0.5623
vn -0.0000 0.7371 0.6758
vn -0.0000 0.7370 0.6759
vn -0.0000 0.8269 0.5623
vn -0.0000 0.7131 0.7010
vn -0.0000 0.6357 0.7719
vn -0.0000 0.7131 0.7011
vn -0.0000 0.3393 0.9407
vn -0.0000 0.5571 0.8304
vn -0.0000 0.5572 0.8304
vn -0.0000 0.5573 0.8303
vn -0.0000 0.7419 0.6705
vn -0.0000 0.7420 0.6704
vn -0.0000 0.8823 0.4706
vn -0.0000 0.8824 0.4704
vn -0.0000 0.9701 0.2425
vn -0.0000 0.9701 0.2426
vn -0.0000 0.8824 0.4705
vn -0.0000 0.9702 0.2424
vn -0.0000 1.0000 0.0001
vn -0.0000 1.0000 -0.0001
vn -0.0000 0.9702 -0.2424
vn -0.0000 0.9701 -0.2426
vn -0.0000 0.8824 -0.4705
vn -0.0000 0.8824 -0.4704
vn -0.0000 0.9701 -0.2425
vn -0.0000 0.8823 -0.4706
vn -0.0000 0.7420 -0.6704
vn -0.0000 0.7419 -0.6705
vn -0.0000 0.5573 -0.8303
vn -0.0000 0.5572 -0.8304
vn -0.0000 0.3393 -0.9407
vn -0.0000 0.5571 -0.8304
vn -0.0000 0.6357 -0.7719
vn -0.0000 0.7137 -0.7004
vn -0.0000 0.7370 -0.6759
vn -0.0000 0.8219 -0.5697
vn -0.0000 0.7371 -0.6758
vn -0.0000 0.8219 -0.5696
vn -0.0000 0.8642 -0.5031
vn -0.0000 0.8642 -0.5032
vn -0.0000 0.8860 -0.4637
vn -0.0000 0.8643 -0.5030
vn -0.0000 0.8861 -0.4635
vn -0.0000 0.9291 -0.3698
vn -0.0000 0.8861 -0.4636
vn -0.0000 0.9513 -0.3082
vn -0.0000 0.9291 -0.3699
vn -0.0000 0.9803 -0.1976
vn -0.0000 0.9803 -0.1974
vn -0.0000 0.9514 -0.3080
vn -0.0000 0.9959 -0.0909
vn -0.0000 0.9803 -0.1975
vn -0.0000 0.9959 -0.0910
vn -0.0000 1.0000 0.0083
vn -0.0000 1.0000 0.0086
vn -0.0000 0.9959 -0.0908
vn -0.0000 0.9856 0.1691
vn -0.0000 0.9856 0.1692
vn -0.0000 0.9740 0.2265
vn -0.0000 0.9740 0.2266
vn -0.0000 0.9113 0.4118
vn 0.0006 0.9046 0.4262
vn -0.0000 0.9046 0.4263
vn -0.0006 0.9112 0.4119
vn -0.0000 0.8057 0.5923
vn -0.0000 0.9045 0.4264
vn -0.0003 0.8097 0.5869
vn -0.0000 0.8096 0.5870
vn -0.0000 0.8056 0.5924
vn 0.0003 0.7094 0.7048
vn -0.0000 0.7095 0.7047
vn -0.0004 0.8056 0.5924
vn -0.0000 0.7029 0.7113
vn 0.0004 0.6168 0.7871
vn -0.0000 0.6167 0.7872
vn -0.0000 0.6174 0.7867
vn -0.0001 0.6174 0.7867
vn -0.0000 0.4817 0.8763
vn -0.0000 0.4817 0.8764
vn -0.0000 0.4690 0.8832
vn -0.0000 0.4689 0.8832
vn -0.0000 0.4816 0.8764
vn -0.0000 0.3774 0.9261
vn -0.0000 0.3661 0.9306
vn -0.0000 0.3773 0.9261
vn -0.0000 0.2462 0.9692
vn -0.0000 0.2422 0.9702
vn -0.0000 0.1749 0.9846
vn -0.0000 0.1736 0.9848
vn 0.0003 0.1749 0.9846
vn -0.0000 0.1305 0.9915
vn -0.0000 0.1302 0.9915
vn -0.0000 0.0993 0.9951
vn -0.0005 -0.0000 -1.0000
vn 0.0003 -0.0000 -1.0000
vn -0.9659 -0.2587 -0.0000
vn -1.0000 -0.0001 -0.0000
vn -1.0000 0.0001 -0.0000
vn -0.9660 0.2587 -0.0000
vn -0.9659 0.2589 -0.0000
vn -0.8661 0.4999 -0.0000
vn -0.8660 0.5001 -0.0000
vn -0.7072 0.7071 -0.0000
vn -0.7071 0.7072 -0.0000
vn -0.5001 0.8660 -0.0000
vn -0.4999 0.8661 -0.0000
vn -0.2589 0.9659 -0.0000
vn -0.2588 0.9659 -0.0000
vn -0.0001 1.0000 -0.0000
vn 0.0001 1.0000 -0.0000
vn 0.2588 0.9659 -0.0000
vn 0.2589 0.9659 -0.0000
vn 0.4999 0.8661 -0.0000
vn 0.5000 0.8661 -0.0000
vn 0.5001 0.8660 -0.0000
vn 0.7070 0.7072 -0.0000
vn 0.7072 0.7071 -0.0000
vn 0.8660 0.5001 -0.0000
vn 0.8661 0.4999 -0.0000
vn 0.9659 0.2589 -0.0000
vn 0.9659 0.2588 -0.0000
vn 1.0000 0.0001 -0.0000
vn 0.9660 -0.2587 -0.0000
vn 0.9659 -0.2589 -0.0000
vn 0.8661 -0.4999 -0.0000
vn 0.8660 -0.5001 -0.0000
vn 0.7072 -0.7070 -0.0000
vn 0.7070 -0.7072 -0.0000
vn 0.5001 -0.8660 -0.0000
vn 0.5000 -0.8661 -0.0000
vn 0.2589 -0.9659 -0.0000
vn 0.4999 -0.8661 -0.0000
vn 0.2587 -0.9659 -0.0000
vn 0.0001 -1.0000 -0.0000
vn -0.0001 -1.0000 -0.0000
vn -0.2587 -0.9659 -0.0000
vn -0.2589 -0.9659 -0.0000
vn -0.4999 -0.8661 -0.0000
vn -0.5001 -0.8660 -0.0000
vn -0.7071 -0.7072 -0.0000
vn -0.7072 -0.7070 -0.0000
vn -0.8660 -0.5001 -0.0000
vn -0.8661 -0.4999 -0.0000
vn -0.9659 -0.2589 -0.0000
vn 0.9660 0.2587 -0.0000
vn -0.9659 0.2587 -0.0000
vn -0.2587 0.9659 -0.0000
vn 0.2587 0.9659 -0.0000
vn 0.2588 -0.9659 -0.0000
vn 0.2587 -0.9660 -0.0000
vn -0.2587 -0.9660 -0.0000
vn -0.2588 -0.9659 -0.0000
vn -0.0000 0.2587 -0.9659
vn -0.0000 0.0001 -1.0000
vn -0.0000 -0.0001 -1.0000
vn -0.0000 -0.2587 -0.9659
vn -0.0000 -0.2589 -0.9659
vn -0.0000 -0.5000 -0.8661
vn -0.0000 -0.5001 -0.8660
vn -0.0000 -0.7071 -0.7071
vn -0.0000 -0.7070 -0.7072
vn -0.0000 -0.7072 -0.7070
vn -0.0000 -0.8660 -0.5000
vn -0.0000 -0.8660 -0.5001
vn -0.0000 -0.8661 -0.4999
vn -0.0000 -0.9659 -0.2588
vn -0.0000 -0.9659 -0.2590
vn -0.0000 -0.9659 -0.2587
vn -0.0000 -1.0000 -0.0001
vn -0.0000 -1.0000 0.0001
vn -0.0000 -0.9659 0.2587
vn -0.0000 -0.9659 0.2590
vn -0.0000 -0.8660 0.5000
vn -0.0000 -0.8661 0.4999
vn -0.0000 -0.9659 0.2588
vn -0.0000 -0.8660 0.5001
vn -0.0000 -0.7071 0.7071
vn -0.0000 -0.7072 0.7070
vn -0.0000 -0.7070 0.7072
vn -0.0000 -0.5001 0.8660
vn -0.0000 -0.5000 0.8661
vn -0.0000 -0.2589 0.9659
vn -0.0000 -0.2588 0.9659
vn -0.0000 -0.0001 1.0000
vn -0.0000 -0.2587 0.9660
vn -0.0000 0.0001 1.0000
vn -0.0000 0.2588 0.9659
vn -0.0000 0.2589 0.9659
vn -0.0000 0.4999 0.8661
vn -0.0000 0.5001 0.8660
vn -0.0000 0.7070 0.7072
vn -0.0000 0.7071 0.7071
vn -0.0000 0.8660 0.5001
vn -0.0000 0.8660 0.5000
vn -0.0000 0.7072 0.7070
vn -0.0000 0.9659 0.2589
vn -0.0000 0.8661 0.4999
vn -0.0000 0.9659 0.2587
vn -0.0000 0.9659 -0.2588
vn -0.0000 0.9659 -0.2587
vn -0.0000 0.9659 -0.2589
vn -0.0000 0.8661 -0.4999
vn -0.0000 0.8660 -0.5000
vn -0.0000 0.7072 -0.7070
vn -0.0000 0.7071 -0.7071
vn -0.0000 0.8660 -0.5001
vn -0.0000 0.5001 -0.8660
vn -0.0000 0.7070 -0.7072
vn -0.0000 0.4999 -0.8661
vn -0.0000 0.2589 -0.9659
vn -0.0000 0.5000 -0.8661
vn -0.0000 0.5000 0.8661
vn -0.0000 -0.9659 0.2589
vn -0.0000 -0.9659 -0.2589
vn -0.0000 -0.4999 -0.8661
vn -0.0000 -0.5000 -0.8660
vn -0.0000 -0.7072 -0.7071
vn -0.0000 -0.9660 -0.2587
vn -0.0000 -0.9660 0.2587
vn -0.0000 -0.7072 0.7071
vn -0.0000 -0.5000 0.8660
vn -0.0000 -0.4999 0.8661
vn -0.0000 -0.2587 0.9659
vn -0.0000 0.2587 0.9659
vn -0.0000 0.9659 0.2588
vn -0.0000 0.8659 -0.5001
vn -0.0000 0.8659 0.5001
vn -0.0000 0.5000 -0.8660
vn -0.0000 0.7071 -0.7072
vn -0.0000 0.9660 -0.2587
vn -0.0000 0.9660 0.2587
vn -0.0000 0.7071 0.7072
vn -0.0000 0.5000 0.8660
vn -0.0000 0.2587 0.9660
vn -0.0000 0.2588 -0.9659
vn -0.0000 0.5001 -0.8659
vn -0.0000 0.8661 -0.4998
vn -0.0000 0.9659 -0.2590
vn -0.0000 0.9659 0.2590
vn -0.0000 0.8661 0.4998
vn -0.0000 0.5001 0.8659
vn 0.0001 -0.7072 0.7071
vn -0.0001 -0.8660 0.5001
vn -0.0000 -0.7071 0.7072
vn -0.0000 0.7072 0.7071
vn -0.0000 0.7072 -0.7071
vn 0.0001 0.5001 -0.8660
vn -0.0000 0.2225 -0.9749
vn -0.0000 -0.2225 -0.9749
vn -0.0000 -0.2226 -0.9749
vn -0.0000 -0.4338 -0.9010
vn -0.0000 -0.4339 -0.9009
vn -0.0000 -0.6234 -0.7819
vn -0.0000 -0.6235 -0.7818
vn -0.0000 -0.7818 -0.6235
vn -0.0000 -0.7819 -0.6234
vn -0.0000 -0.9009 -0.4339
vn -0.0001 -0.7819 -0.6234
vn -0.0000 -0.9010 -0.4338
vn -0.0000 -0.9749 -0.2226
vn -0.0000 -0.9749 -0.2225
vn -0.0000 -0.9749 0.2224
vn -0.0000 -0.9749 0.2226
vn -0.0000 -0.9010 0.4338
vn -0.0000 -0.9009 0.4339
vn 0.0001 -0.7819 0.6234
vn -0.0000 -0.7819 0.6234
vn -0.0000 -0.7818 0.6235
vn -0.0000 -0.6235 0.7818
vn -0.0000 -0.6234 0.7819
vn -0.0000 -0.4339 0.9009
vn -0.0000 -0.4338 0.9010
vn -0.0000 -0.2226 0.9749
vn -0.0000 -0.2225 0.9749
vn -0.0000 0.2225 0.9749
vn -0.0000 0.2226 0.9749
vn -0.0000 0.4338 0.9010
vn -0.0000 0.4339 0.9009
vn -0.0000 0.6234 0.7819
vn -0.0000 0.6235 0.7818
vn -0.0000 0.7818 0.6235
vn -0.0000 0.7819 0.6234
vn -0.0000 0.9009 0.4340
vn -0.0000 0.9010 0.4338
vn -0.0000 0.9749 0.2226
vn -0.0000 0.9749 0.2224
vn -0.0000 0.9749 -0.2225
vn -0.0000 0.9749 -0.2226
vn -0.0000 0.9010 -0.4338
vn -0.0000 0.9009 -0.4340
vn -0.0000 0.7819 -0.6234
vn -0.0000 0.7818 -0.6235
vn -0.0000 0.6235 -0.7818
vn -0.0000 0.6234 -0.7819
vn -0.0000 0.4339 -0.9009
vn -0.0000 0.4338 -0.9010
vn -0.0000 0.2226 -0.9749
vn -0.0000 -0.2588 -0.9659
vn -0.0000 0.8661 -0.5000
vn -0.0000 -0.8661 -0.5000
vn 0.2588 -0.0000 0.9659
vn 0.0001 -0.0000 1.0000
vn -0.0001 -0.0000 1.0000
vn -0.2588 -0.0000 0.9659
vn -0.2589 -0.0000 0.9659
vn -0.4999 -0.0000 0.8661
vn -0.5001 -0.0000 0.8660
vn -0.7071 -0.0000 0.7072
vn -0.7072 -0.0000 0.7070
vn -0.8660 -0.0000 0.5000
vn -0.8660 -0.0000 0.5001
vn -0.7071 -0.0000 0.7071
vn -0.8661 -0.0000 0.4999
vn -0.9659 -0.0000 0.2589
vn -0.9660 -0.0000 0.2587
vn -1.0000 -0.0000 0.0001
vn -1.0000 -0.0000 -0.0001
vn -0.9660 -0.0000 -0.2587
vn -0.9659 -0.0000 -0.2589
vn -0.8661 -0.0000 -0.4999
vn -0.8660 -0.0000 -0.5001
vn -0.7072 -0.0000 -0.7070
vn -0.7071 -0.0000 -0.7072
vn -0.5001 -0.0000 -0.8660
vn -0.4999 -0.0000 -0.8661
vn -0.2589 -0.0000 -0.9659
vn -0.2587 -0.0000 -0.9660
vn -0.0002 -0.0000 -1.0000
vn -0.2588 -0.0000 -0.9659
vn 0.0002 -0.0000 -1.0000
vn 0.2588 -0.0000 -0.9659
vn 0.2587 -0.0000 -0.9660
vn 0.2589 -0.0000 -0.9659
vn 0.4999 -0.0000 -0.8661
vn 0.5001 -0.0000 -0.8660
vn 0.7070 -0.0000 -0.7072
vn 0.7072 -0.0000 -0.7070
vn 0.8660 -0.0000 -0.5001
vn 0.8661 -0.0000 -0.4999
vn 0.9659 -0.0000 -0.2589
vn 0.9660 -0.0000 -0.2587
vn 1.0000 -0.0000 -0.0001
vn 1.0000 -0.0000 0.0001
vn 0.9660 -0.0000 0.2587
vn 0.9659 -0.0000 0.2589
vn 0.8661 -0.0000 0.4999
vn 0.8660 -0.0000 0.5001
vn 0.7071 -0.0000 0.7071
vn 0.7072 -0.0000 0.7070
vn 0.8660 -0.0000 0.5000
vn 0.7070 -0.0000 0.7072
vn 0.5001 -0.0000 0.8660
vn 0.4999 -0.0000 0.8661
vn 0.2589 -0.0000 0.9659
vn -0.9659 -0.0000 -0.2587
vn -0.8660 -0.0000 -0.5000
vn 0.8660 -0.0000 -0.5000
vn 0.9659 -0.0000 -0.2587
vn 0.2586 -0.0000 -0.9660
vn -0.0001 -0.0000 -1.0000
vn -0.2586 -0.0000 -0.9660
vn 0.0001 -0.0000 -1.0000
vn -0.5000 -0.0000 -0.8661
vn -0.5000 -0.0000 -0.8660
vn -0.7070 -0.0000 -0.7072
vn -0.8661 -0.0000 -0.5000
vn -0.8661 -0.0000 0.5000
vn -0.7070 -0.0000 0.7072
vn -0.5001 -0.0000 0.8659
vn -0.4998 -0.0000 0.8661
vn -0.5000 -0.0000 0.8661
vn -0.2586 -0.0000 0.9660
vn 0.2586 -0.0000 0.9660
vn 0.5000 -0.0000 0.8661
vn 0.4998 -0.0000 0.8661
vn 0.5002 -0.0000 0.8659
vn 0.5000 -0.0000 0.8660
vn 0.8661 -0.0000 0.5000
vn 0.9659 -0.0000 0.2588
vn 0.9659 -0.0000 -0.2588
vn 0.8661 -0.0000 -0.5000
vn 0.5000 -0.0000 -0.8660
vn 0.5000 -0.0000 -0.8661
vn -0.9659 -0.0000 -0.2590
vn -0.9659 -0.0000 -0.2588
vn -0.5000 -0.0000 0.8660
vn 0.9659 -0.0000 -0.2590
vn -0.0003 -0.0000 1.0000
vn 0.0003 -0.0000 1.0000
vt 0.200000 -2.168856
vt 0.000000 -2.168856
vt 0.200000 -2.400277
vt 0.000000 -2.400277
vt 0.200000 -2.631698
vt 0.000000 -2.631698
vt 0.200000 -2.863119
vt 0.000000 -2.863119
vt 0.200000 -3.094540
vt 0.000000 -3.094540
vt 0.200000 -3.325961
vt 0.000000 -3.325961
vt 0.200000 -3.557383
vt 0.000000 -3.557383
vt 0.200000 -3.788804
vt 0.000000 -3.788804
vt 0.200000 -4.020225
vt 0.000000 -4.020225
vt 0.200000 -4.251646
vt 0.000000 -4.251646
vt 0.200000 -4.483067
vt 0.000000 -4.483067
vt 0.200000 -4.714488
vt 0.000000 -4.714488
vt 0.200000 -4.945909
vt -0.000000 -4.945909
vt 0.200000 -5.177330
vt -0.000000 -5.177330
vt 0.200000 -5.408752
vt -0.000000 -5.408752
vt 0.200000 -5.640173
vt -0.000000 -5.640173
vt 0.200000 -5.871594
vt -0.000000 -5.871594
vt 0.200000 -6.103015
vt -0.000000 -6.103015
vt 0.200000 -6.334436
vt -0.000000 -6.334436
vt 0.200000 -6.565857
vt 0.000000 -6.565857
vt 0.200000 -6.797278
vt 0.000000 -6.797278
vt 0.200000 -7.028699
vt 0.000000 -7.028699
vt 0.200000 -7.260121
vt 0.000000 -7.260121
vt 0.200000 -7.491542
vt 0.000000 -7.491542
vt 0.703407 0.100172
vt 0.390996 0.181325
vt 0.700000 0.074290
vt 0.368483 0.133376
vt 0.703407 0.048408
vt 0.346254 0.099141
vt 0.334349 0.085552
vt 0.713397 0.124290
vt 0.433825 0.316443
vt 0.729289 0.145001
vt 0.750000 0.160892
vt 0.471275 0.493715
vt 0.774118 0.170883
vt 0.963451 0.424128
vt 0.800000 0.174290
vt 0.825882 0.170883
vt 0.850000 0.160892
vt 1.017315 0.199568
vt 0.870711 0.145001
vt 0.886603 0.124290
vt 0.896593 0.100172
vt 0.900000 0.074290
vt 1.019542 -0.031351
vt 0.896593 0.048408
vt 0.886603 0.024290
vt 0.870711 0.003579
vt 0.850000 -0.012313
vt 0.970017 -0.256908
vt 0.825882 -0.022303
vt 0.800000 -0.025710
vt 0.774118 -0.022303
vt 0.871255 -0.465654
vt 0.750000 -0.012313
vt 0.729289 0.003579
vt 0.713397 0.024290
vt 0.320705 0.073660
vt 0.305358 0.064585
vt 0.728270 -0.646992
vt 0.288497 0.059371
vt 0.062500 -0.033963
vt 0.088388 -0.014098
vt 0.270838 0.058705
vt 0.108253 0.011790
vt 0.253403 0.062361
vt 0.236872 0.069389
vt -0.120741 0.106642
vt -0.191763 0.103774
vt -0.125000 0.074290
vt -0.222680 0.077941
vt -0.120741 0.041938
vt -0.239665 0.067973
vt -0.108253 0.011790
vt -0.258033 0.060998
vt -0.088388 -0.014098
vt -0.277168 0.058413
vt -0.286814 0.059105
vt -0.164624 0.133653
vt -0.108253 0.136790
vt -0.145315 0.171802
vt -0.088388 0.162678
vt -0.117330 0.204130
vt -0.062500 0.182543
vt -0.082342 0.228708
vt -0.032352 0.195031
vt -0.042438 0.244066
vt 0.000000 0.199290
vt 0.000000 0.249290
vt 0.042438 0.244066
vt 0.032352 0.195031
vt 0.082342 0.228708
vt 0.062500 0.182543
vt 0.117330 0.204130
vt 0.088388 0.162678
vt 0.145315 0.171802
vt 0.108253 0.136790
vt 0.164624 0.133653
vt 0.120741 0.106642
vt 0.191949 0.103583
vt 0.125000 0.074290
vt 0.221440 0.078791
vt 0.120741 0.041938
vt 0.548318 -0.791720
vt 0.032352 -0.046451
vt 0.340534 -0.892489
vt 0.115465 -0.944186
vt 0.000000 -0.050710
vt -0.115465 -0.944186
vt -0.032352 -0.046451
vt -0.340534 -0.892489
vt -0.548318 -0.791720
vt -0.062500 -0.033963
vt -0.728270 -0.646992
vt -0.296295 0.061196
vt -0.896593 0.100172
vt -1.017315 0.199568
vt -0.900000 0.074290
vt -1.019542 -0.031351
vt -0.896593 0.048408
vt -0.886603 0.024290
vt -0.870711 0.003579
vt -0.850000 -0.012313
vt -0.970017 -0.256908
vt -0.825882 -0.022303
vt -0.800000 -0.025710
vt -0.774118 -0.022303
vt -0.871255 -0.465654
vt -0.750000 -0.012313
vt -0.729289 0.003579
vt -0.313934 0.069119
vt -0.886603 0.124290
vt -0.870711 0.145001
vt -0.850000 0.160892
vt -0.963451 0.424128
vt -0.825882 0.170883
vt -0.800000 0.174290
vt -0.774118 0.170883
vt -0.437926 0.333275
vt -0.477471 0.530692
vt -0.750000 0.160892
vt -0.729289 0.145001
vt -0.417028 0.255922
vt -0.713397 0.124290
vt -0.396647 0.195614
vt -0.703407 0.100172
vt -0.700000 0.074290
vt -0.355298 0.111613
vt -0.703407 0.048408
vt -0.329584 0.080967
vt -0.713397 0.024290
vt -0.531519 0.950710
vt -0.714228 0.809479
vt -0.860683 0.630931
vt 0.860683 0.630931
vt 0.503713 0.707130
vt 0.714228 0.809479
vt 0.531519 0.950710
vt 1.981519 2.001420
vt 2.164228 1.860189
vt 2.900000 2.001420
vt 2.310683 1.681641
vt 2.413451 1.474838
vt 2.467315 1.250278
vt 2.469542 1.019359
vt 2.636603 0.400000
vt 2.620711 0.420711
vt 2.420017 0.793802
vt 2.600000 0.436603
vt 2.575882 0.446593
vt 2.550000 0.450000
vt 2.321255 0.585056
vt 2.524118 0.446593
vt 2.500000 0.436603
vt 2.479289 0.420711
vt 2.178270 0.403718
vt 2.463397 0.400000
vt 2.453407 0.375882
vt 2.450000 0.350000
vt 2.453407 0.324118
vt 2.463397 0.300000
vt 1.998318 0.258990
vt 2.479289 0.279289
vt 2.500000 0.263397
vt 2.524118 0.253407
vt 2.900000 0.000000
vt 2.550000 0.250000
vt 2.575882 0.253407
vt 2.600000 0.263397
vt 2.620711 0.279289
vt 2.636603 0.300000
vt 2.646593 0.324118
vt 2.650000 0.350000
vt 2.646593 0.375882
vt 1.790534 0.158221
vt 1.565465 0.106524
vt 1.334535 0.106524
vt -0.000000 0.000000
vt 1.109466 0.158221
vt 0.901682 0.258990
vt 0.721730 0.403718
vt 0.436603 0.300000
vt 0.420711 0.279289
vt 0.400000 0.263397
vt 0.578745 0.585056
vt 0.420711 0.420711
vt 0.436603 0.400000
vt 0.446593 0.375882
vt 0.479983 0.793802
vt 0.350000 0.450000
vt 0.375882 0.446593
vt 0.400000 0.436603
vt 0.430458 1.019359
vt 0.279289 0.420711
vt 0.300000 0.436603
vt 0.324118 0.446593
vt 0.432685 1.250278
vt -0.000000 2.001420
vt 0.263397 0.400000
vt 0.486549 1.474838
vt 0.589317 1.681641
vt 0.735772 1.860189
vt 0.918481 2.001420
vt 0.253407 0.375882
vt 0.250000 0.350000
vt 0.253407 0.324118
vt 0.263397 0.300000
vt 0.279289 0.279289
vt 0.300000 0.263397
vt 0.324118 0.253407
vt 0.350000 0.250000
vt 0.375882 0.253407
vt 0.450000 0.350000
vt 0.446593 0.324118
vt -0.000000 0.600000
vt -0.998580 -0.000000
vt -1.000000 0.600000
vt -1.000000 0.000000
vt -0.400000 0.000000
vt -0.400000 0.600000
vt -0.001420 0.000000
vt 0.200000 -0.498580
vt -0.200000 -0.498580
vt 0.200000 -0.500000
vt -0.200000 -0.500000
vt -0.500000 -0.200000
vt 0.500000 -0.200000
vt -0.500000 0.200000
vt 0.500000 0.200000
vt -1.250000 0.876420
vt -1.250000 1.875000
vt -1.450000 0.876420
vt -1.450000 1.876420
vt -0.850000 1.875000
vt 0.850000 1.875000
vt 0.531519 0.876420
vt 0.850000 0.876420
vt -0.850000 0.876420
vt -0.531519 0.876420
vt 0.503795 0.634242
vt -0.503795 0.634242
vt 0.471922 0.424099
vt -0.471922 0.424099
vt 0.000000 0.175000
vt -0.042438 0.169776
vt -0.435493 0.249137
vt -0.082342 0.154418
vt -0.117330 0.129841
vt -0.393876 0.114230
vt -0.145315 0.097512
vt -0.370894 0.063559
vt -0.164624 0.059363
vt -0.198920 0.022681
vt -0.346347 0.024969
vt -0.333465 0.010375
vt -0.231664 -0.002022
vt -0.320169 -0.001023
vt -0.247440 -0.009776
vt -0.306455 -0.009198
vt -0.262813 -0.014407
vt -0.292323 -0.014146
vt -0.277775 -0.015874
vt 0.042438 0.169776
vt 0.435493 0.249137
vt 0.082342 0.154418
vt 0.117330 0.129841
vt 0.393876 0.114230
vt 0.145315 0.097512
vt 0.370894 0.063559
vt 0.164624 0.059363
vt 0.198920 0.022681
vt 0.231664 -0.002022
vt 0.333465 0.010375
vt 0.346347 0.024969
vt 0.320169 -0.001023
vt 0.247440 -0.009776
vt 0.306455 -0.009198
vt 0.262813 -0.014407
vt 0.292323 -0.014146
vt 0.277775 -0.015874
vt 1.450000 1.876420
vt 1.250000 1.875000
vt 1.450000 0.876420
vt 1.250000 0.876420
vt 0.000000 0.200000
vt -0.121448 0.000000
vt -0.222891 0.200000
vt -0.242896 0.000000
vt -0.356730 0.200000
vt -0.364343 0.000000
vt -0.420322 0.200000
vt -0.485791 0.000000
vt -0.478252 0.200000
vt -0.546515 0.000000
vt -0.585557 0.200000
vt -0.607239 0.000000
vt -0.646561 0.200000
vt -0.637601 0.000000
vt -0.667963 0.000000
vt -0.681881 0.200000
vt -0.698325 0.000000
vt -0.720245 0.200000
vt -0.728687 0.000000
vt -0.740286 0.200000
vt -0.759049 0.000000
vt -0.760297 0.200000
vt -0.789411 0.000000
vt -0.798937 0.200000
vt -0.819773 0.000000
vt -0.834833 0.200000
vt -0.850135 0.000000
vt -0.867090 0.200000
vt -0.910859 0.000000
vt -0.923760 0.200000
vt -0.971582 0.000000
vt -0.971582 0.200000
vt -0.000000 0.489214
vt -0.200000 0.489214
vt -0.000000 0.446349
vt -0.200000 0.446349
vt -0.000000 0.403484
vt -0.200000 0.403484
vt -0.000000 0.360619
vt -0.200000 0.360619
vt -0.000000 0.317754
vt -0.200000 0.317754
vt -0.000000 0.274889
vt -0.200000 0.274889
vt -0.000000 0.232024
vt -0.200000 0.232024
vt -0.000000 0.189159
vt -0.200000 0.189159
vt -0.000000 0.146294
vt -0.200000 0.146294
vt -0.000000 0.103430
vt -0.200000 0.103430
vt -0.000000 0.060565
vt -0.200000 0.060565
vt 0.971300 0.200000
vt 0.923150 0.200000
vt 0.971300 0.000000
vt 0.910594 0.000000
vt 0.869157 0.200000
vt 0.849888 0.000000
vt 0.839953 0.200000
vt 0.819534 0.000000
vt 0.807857 0.200000
vt 0.789181 0.000000
vt 0.773006 0.200000
vt 0.758828 0.000000
vt 0.736543 0.200000
vt 0.728475 0.000000
vt 0.700511 0.200000
vt 0.698122 0.000000
vt 0.666562 0.200000
vt 0.667769 0.000000
vt 0.637416 0.000000
vt 0.635363 0.200000
vt 0.607063 0.000000
vt 0.607284 0.200000
vt 0.552508 0.200000
vt 0.546356 0.000000
vt 0.493483 0.200000
vt 0.485650 0.000000
vt 0.369693 0.200000
vt 0.364238 0.000000
vt 0.245749 0.200000
vt 0.242825 0.000000
vt 0.122157 0.200000
vt 0.121413 0.000000
vt -0.918481 0.000000
vt -0.718481 0.000000
vt -0.918481 0.400000
vt -0.318481 0.000000
vt 0.000000 0.400000
vt -0.922160 0.400000
vt -0.922160 0.200000
vt -0.003679 0.400000
vt -0.603679 0.000000
vt -0.203679 0.000000
vt -0.922160 0.000000
vt -0.003679 0.000000
vt -0.080238 0.400000
vt -2.980238 0.400000
vt -0.080238 0.000000
vt -2.980238 0.000000
vt -0.000000 3.001420
vt 0.400000 3.001420
vt -0.000000 4.650000
vt 1.000000 3.969780
vt 1.003407 3.995662
vt 0.400000 2.001420
vt 1.074118 1.666373
vt 1.100000 1.669780
vt 1.125882 1.666373
vt 1.013397 1.519780
vt 1.003407 1.543898
vt 3.400000 0.000000
vt 1.150000 1.483178
vt 1.125882 1.473187
vt 1.100000 1.469780
vt 3.400000 4.650000
vt 2.396593 1.595662
vt 2.400000 1.569780
vt 2.396593 1.543898
vt 2.274118 4.066373
vt 2.300000 4.069780
vt 2.325882 4.066373
vt 2.203407 3.995662
vt 1.196593 3.995662
vt 2.200000 3.969780
vt 1.200000 3.969780
vt 2.203407 3.943898
vt 1.196593 3.943898
vt 2.213397 3.919780
vt 1.186603 3.919780
vt 2.229289 3.899069
vt 1.170711 3.899069
vt 2.229289 1.640491
vt 1.170711 1.640491
vt 2.213397 1.619780
vt 1.186603 1.619780
vt 2.203407 1.595662
vt 1.196593 1.595662
vt 2.200000 1.569780
vt 1.200000 1.569780
vt 2.203407 1.543898
vt 1.196593 1.543898
vt 2.213397 1.519780
vt 1.186603 1.519780
vt 2.229289 1.499069
vt 1.170711 1.499069
vt 2.250000 1.483178
vt 1.186603 4.019780
vt 2.213397 4.019780
vt 1.170711 4.040491
vt 2.229289 4.040491
vt 1.150000 4.056383
vt 2.250000 4.056383
vt 1.125882 4.066373
vt 2.350000 4.056383
vt 2.370711 4.040491
vt 2.386603 4.019780
vt 2.396593 3.995662
vt 2.400000 3.969780
vt 2.396593 3.943898
vt 2.386603 3.919780
vt 2.386603 1.619780
vt 2.370711 3.899069
vt 2.370711 1.640491
vt 2.350000 3.883178
vt 2.350000 1.656383
vt 2.325882 3.873187
vt 2.325882 1.666373
vt 2.300000 3.869780
vt 2.300000 1.669780
vt 2.274118 1.666373
vt 2.274118 3.873187
vt 2.250000 1.656383
vt 2.250000 3.883178
vt 1.013397 4.019780
vt 1.029289 4.040491
vt 1.050000 4.056383
vt 1.074118 4.066373
vt 1.100000 4.069780
vt 1.150000 1.656383
vt 1.150000 3.883178
vt 1.125882 3.873187
vt 1.100000 3.869780
vt 1.074118 3.873187
vt 1.050000 3.883178
vt 1.029289 3.899069
vt 1.013397 3.919780
vt 1.003407 3.943898
vt 2.386603 1.519780
vt 2.370711 1.499069
vt 2.350000 1.483178
vt 2.325882 1.473187
vt 2.300000 1.469780
vt 2.274118 1.473187
vt 1.000000 1.569780
vt 1.003407 1.595662
vt 1.013397 1.619780
vt 1.029289 1.640491
vt 1.050000 1.656383
vt 1.074118 1.473187
vt 1.050000 1.483178
vt 1.029289 1.499069
vt 0.500000 -0.287979
vt 0.000000 -0.287979
vt 0.500000 -0.314159
vt 0.000000 -0.314159
vt 0.500000 0.314159
vt 0.000000 0.314159
vt 0.500000 0.287979
vt 0.000000 0.287979
vt 0.500000 0.261799
vt 0.000000 0.261799
vt 0.500000 0.235619
vt 0.000000 0.235619
vt 0.500000 0.209440
vt 0.000000 0.209440
vt 0.500000 0.183260
vt 0.000000 0.183260
vt 0.500000 0.157080
vt 0.000000 0.157080
vt 0.500000 0.130900
vt 0.000000 0.130900
vt 0.500000 0.104720
vt 0.000000 0.104720
vt 0.500000 0.078540
vt 0.000000 0.078540
vt 0.500000 0.052360
vt 0.000000 0.052360
vt 0.500000 0.026180
vt 0.000000 0.026180
vt 0.500000 0.000000
vt 0.500000 -0.026180
vt 0.000000 -0.026180
vt 0.500000 -0.052360
vt 0.000000 -0.052360
vt 0.500000 -0.078540
vt 0.000000 -0.078540
vt 0.500000 -0.104720
vt 0.000000 -0.104720
vt 0.500000 -0.130900
vt 0.000000 -0.130900
vt 0.500000 -0.157080
vt 0.000000 -0.157080
vt 0.500000 -0.183260
vt 0.000000 -0.183260
vt 0.500000 -0.209440
vt 0.000000 -0.209440
vt 0.500000 -0.235619
vt 0.000000 -0.235619
vt 0.500000 -0.261799
vt 0.000000 -0.261799
vt -0.096593 -0.025882
vt 0.096593 -0.025882
vt -0.100000 0.000000
vt 0.100000 0.000000
vt -0.096593 0.025882
vt 0.096593 0.025882
vt -0.086603 0.050000
vt 0.086603 0.050000
vt -0.070711 0.070711
vt 0.070711 0.070711
vt -0.050000 0.086603
vt 0.050000 0.086603
vt -0.025882 0.096593
vt 0.025882 0.096593
vt 0.000000 0.100000
vt 0.086603 -0.050000
vt -0.086603 -0.050000
vt 0.070711 -0.070711
vt -0.070711 -0.070711
vt 0.050000 -0.086603
vt -0.050000 -0.086603
vt 0.025882 -0.096593
vt -0.025882 -0.096593
vt 0.000000 -0.100000
vt -0.000000 0.287979
vt -0.200000 0.287979
vt 0.150000 0.287979
vt -0.200000 0.314159
vt 0.150000 0.314159
vt -0.200000 -0.314159
vt 0.150000 -0.314159
vt -0.200000 -0.287979
vt 0.150000 -0.287979
vt -0.200000 -0.261799
vt 0.150000 -0.261799
vt -0.200000 -0.235619
vt 0.150000 -0.235619
vt -0.200000 -0.209440
vt 0.150000 -0.209440
vt -0.200000 -0.183260
vt 0.150000 -0.183260
vt -0.200000 -0.157080
vt 0.150000 -0.157080
vt -0.200000 -0.130900
vt 0.150000 -0.130900
vt -0.200000 -0.104720
vt 0.150000 -0.104720
vt -0.200000 -0.078540
vt 0.150000 -0.078540
vt -0.200000 -0.052360
vt 0.150000 -0.052360
vt -0.200000 -0.026180
vt 0.150000 -0.026180
vt -0.200000 0.000000
vt 0.150000 0.000000
vt -0.200000 0.026180
vt 0.150000 0.026180
vt -0.200000 0.052360
vt 0.150000 0.052360
vt -0.200000 0.078540
vt 0.150000 0.078540
vt -0.200000 0.104720
vt 0.150000 0.104720
vt -0.200000 0.130900
vt 0.150000 0.130900
vt -0.200000 0.157080
vt 0.150000 0.157080
vt -0.200000 0.183260
vt 0.150000 0.183260
vt -0.200000 0.209440
vt 0.150000 0.209440
vt -0.200000 0.235619
vt 0.150000 0.235619
vt -0.200000 0.261799
vt 0.150000 0.261799
vt -0.200000 0.359974
vt 0.400000 0.359974
vt -0.200000 0.392699
vt 0.400000 0.392699
vt -0.200000 -0.392699
vt 0.400000 -0.392699
vt -0.200000 -0.359974
vt 0.400000 -0.359974
vt -0.200000 -0.327249
vt 0.400000 -0.327249
vt -0.200000 -0.294524
vt 0.400000 -0.294524
vt 0.400000 -0.261799
vt -0.200000 -0.229074
vt 0.400000 -0.229074
vt -0.200000 -0.196350
vt 0.400000 -0.196350
vt -0.200000 -0.163625
vt 0.400000 -0.163625
vt 0.400000 -0.130900
vt -0.200000 -0.098175
vt 0.400000 -0.098175
vt -0.200000 -0.065450
vt 0.400000 -0.065450
vt -0.200000 -0.032725
vt 0.400000 -0.032725
vt 0.400000 0.000000
vt -0.200000 0.032725
vt 0.400000 0.032725
vt -0.200000 0.065450
vt 0.400000 0.065450
vt -0.200000 0.098175
vt 0.400000 0.098175
vt 0.400000 0.130900
vt -0.200000 0.163625
vt 0.400000 0.163625
vt -0.200000 0.196350
vt 0.400000 0.196350
vt -0.200000 0.229074
vt 0.400000 0.229074
vt 0.400000 0.261799
vt -0.200000 0.294524
vt 0.400000 0.294524
vt -0.200000 0.327249
vt 0.400000 0.327249
vt 1.000000 -0.359974
vt 1.000000 -0.392699
vt 1.000000 0.392699
vt 1.000000 0.359974
vt 1.000000 0.327249
vt 1.000000 0.294524
vt 1.000000 0.261799
vt 1.000000 0.229074
vt 1.000000 0.196350
vt 1.000000 0.163625
vt 1.000000 0.130900
vt 1.000000 0.098175
vt 1.000000 0.065450
vt 1.000000 0.032725
vt 1.000000 0.000000
vt 1.000000 -0.032725
vt 1.000000 -0.065450
vt 1.000000 -0.098175
vt 1.000000 -0.130900
vt 1.000000 -0.163625
vt 1.000000 -0.196350
vt 1.000000 -0.229074
vt 1.000000 -0.261799
vt 1.000000 -0.294524
vt 1.000000 -0.327249
vt -0.120741 -0.032352
vt 0.120741 -0.032352
vt -0.125000 0.000000
vt 0.125000 0.000000
vt -0.120741 0.032352
vt 0.120741 0.032352
vt -0.108253 0.062500
vt 0.108253 0.062500
vt -0.088388 0.088388
vt 0.088388 0.088388
vt -0.062500 0.108253
vt 0.062500 0.108253
vt -0.032352 0.120741
vt 0.032352 0.120741
vt 0.000000 0.125000
vt 0.108253 -0.062500
vt -0.108253 -0.062500
vt 0.088388 -0.088388
vt -0.088388 -0.088388
vt 0.062500 -0.108253
vt -0.062500 -0.108253
vt 0.032352 -0.120741
vt -0.032352 -0.120741
vt 0.000000 -0.125000
vt 0.500000 -0.359974
vt 0.500000 -0.392699
vt 0.500000 0.392699
vt 0.500000 0.359974
vt 0.500000 0.327249
vt 0.500000 0.294524
vt 0.500000 0.229074
vt 0.500000 0.196350
vt 0.500000 0.163625
vt 0.500000 0.098175
vt 0.500000 0.065450
vt 0.500000 0.032725
vt 0.500000 -0.032725
vt 0.500000 -0.065450
vt 0.500000 -0.098175
vt 0.500000 -0.163625
vt 0.500000 -0.196350
vt 0.500000 -0.229074
vt 0.500000 -0.294524
vt 0.500000 -0.327249
vt 0.000000 0.359974
vt 0.000000 0.392699
vt 0.000000 -0.392699
vt 0.000000 -0.359974
vt 0.000000 -0.327249
vt 0.000000 -0.294524
vt 0.000000 -0.229074
vt 0.000000 -0.196350
vt 0.000000 -0.163625
vt 0.000000 -0.098175
vt 0.000000 -0.065450
vt 0.000000 -0.032725
vt 0.000000 0.032725
vt 0.000000 0.065450
vt 0.000000 0.098175
vt 0.000000 0.163625
vt 0.000000 0.196350
vt 0.000000 0.229074
vt 0.000000 0.294524
vt 0.000000 0.327249
vt 0.300000 0.287979
vt 0.300000 0.314159
vt 0.300000 -0.314159
vt 0.300000 -0.287979
vt 0.300000 -0.261799
vt 0.300000 -0.235619
vt 0.300000 -0.209440
vt 0.300000 -0.183260
vt 0.300000 -0.157080
vt 0.300000 -0.130900
vt 0.300000 -0.104720
vt 0.300000 -0.078540
vt 0.300000 -0.052360
vt 0.300000 -0.026180
vt 0.300000 0.000000
vt 0.300000 0.026180
vt 0.300000 0.052360
vt 0.300000 0.078540
vt 0.300000 0.104720
vt 0.300000 0.130900
vt 0.300000 0.157080
vt 0.300000 0.183260
vt 0.300000 0.209440
vt 0.300000 0.235619
vt 0.300000 0.261799
vt -0.300000 1.151917
vt -0.000000 1.151917
vt -0.300000 1.256637
vt -0.000000 1.256637
vt -0.300000 -1.256637
vt -0.000000 -1.256637
vt -0.300000 -1.151917
vt 0.000000 -1.151917
vt -0.300000 -1.047198
vt 0.000000 -1.047198
vt -0.300000 -0.942478
vt -0.000000 -0.942478
vt -0.300000 -0.837758
vt 0.000000 -0.837758
vt -0.300000 -0.733038
vt 0.000000 -0.733038
vt -0.300000 -0.628319
vt -0.000000 -0.628319
vt -0.300000 -0.523599
vt -0.000000 -0.523599
vt -0.300000 -0.418879
vt -0.000000 -0.418879
vt -0.300000 -0.314159
vt -0.300000 -0.209440
vt -0.000000 -0.209440
vt -0.300000 -0.104720
vt -0.000000 -0.104720
vt -0.300000 0.000000
vt -0.300000 0.104720
vt -0.300000 0.209440
vt -0.300000 0.314159
vt -0.300000 0.418879
vt -0.000000 0.418879
vt -0.300000 0.523599
vt -0.000000 0.523599
vt -0.300000 0.628319
vt -0.000000 0.628319
vt -0.300000 0.733038
vt -0.000000 0.733038
vt -0.300000 0.837758
vt -0.000000 0.837758
vt -0.300000 0.942478
vt -0.000000 0.942478
vt -0.300000 1.047198
vt -0.000000 1.047198
vt -0.386370 0.103528
vt -0.346410 0.200000
vt -0.282843 0.282843
vt -0.200000 0.346410
vt -0.103528 0.386370
vt 0.103528 0.386370
vt 0.200000 0.346410
vt 0.282843 0.282843
vt 0.346410 0.200000
vt 0.386370 0.103528
vt 0.386370 -0.103528
vt 0.346410 -0.200000
vt 0.282843 -0.282843
vt 0.200000 -0.346410
vt 0.103528 -0.386370
vt 0.000000 -0.400000
vt -0.103528 -0.386370
vt -0.200000 -0.346410
vt -0.282843 -0.282843
vt -0.346410 -0.200000
vt -0.386370 -0.103528
vt -0.200000 2.990123
vt -0.000000 2.990123
vt -0.200000 3.220132
vt 0.000000 3.220132
vt -0.200000 -3.220132
vt 0.000000 -3.220132
vt -0.200000 -2.990123
vt 0.000000 -2.990123
vt -0.200000 -2.760114
vt 0.000000 -2.760114
vt -0.200000 -2.530104
vt 0.000000 -2.530104
vt -0.200000 -2.300095
vt -0.000000 -2.300095
vt -0.200000 -2.070085
vt 0.000000 -2.070085
vt -0.200000 -1.840076
vt 0.000000 -1.840076
vt -0.200000 -1.610066
vt -0.000000 -1.610066
vt -0.200000 -1.380057
vt -0.000000 -1.380057
vt -0.200000 -1.150047
vt -0.000000 -1.150047
vt -0.200000 -0.920038
vt -0.000000 -0.920038
vt -0.200000 -0.690028
vt -0.000000 -0.690028
vt -0.200000 -0.460019
vt -0.000000 -0.460019
vt -0.200000 -0.230009
vt -0.000000 -0.230009
vt -0.200000 0.230009
vt -0.000000 0.230009
vt -0.200000 0.460019
vt -0.000000 0.460019
vt -0.200000 0.690028
vt -0.000000 0.690028
vt -0.200000 0.920038
vt -0.000000 0.920038
vt -0.200000 1.150047
vt -0.000000 1.150047
vt -0.200000 1.380057
vt -0.000000 1.380057
vt -0.200000 1.610066
vt -0.000000 1.610066
vt -0.200000 1.840076
vt -0.000000 1.840076
vt -0.200000 2.070085
vt -0.000000 2.070085
vt -0.200000 2.300095
vt -0.000000 2.300095
vt -0.200000 2.530104
vt -0.000000 2.530104
vt -0.200000 2.760114
vt -0.000000 2.760114
vt -0.999301 -0.228084
vt -0.886603 -0.050000
vt -1.025000 -0.000000
vt -0.896593 -0.025882
vt -0.900000 0.000000
vt -0.923493 -0.444731
vt -0.800000 -0.100000
vt -0.825882 -0.096593
vt -0.850000 -0.086603
vt -0.801377 -0.639077
vt -0.750000 -0.086603
vt -0.774118 -0.096593
vt -0.639077 -0.801377
vt -0.444731 -0.923493
vt -0.086603 -0.750000
vt -0.096593 -0.774118
vt -0.100000 -0.800000
vt -0.228084 -0.999301
vt -0.096593 -0.825882
vt -0.086603 -0.850000
vt -0.070711 -0.870711
vt -0.050000 -0.886603
vt 0.000000 -1.025000
vt -0.025882 -0.896593
vt 0.000000 -0.900000
vt 0.025882 -0.896593
vt 0.050000 -0.886603
vt 0.228084 -0.999301
vt 0.070711 -0.870711
vt 0.086603 -0.850000
vt 0.096593 -0.825882
vt 0.100000 -0.800000
vt 0.444731 -0.923493
vt 0.096593 -0.774118
vt 0.086603 -0.750000
vt 0.070711 -0.729289
vt 0.050000 -0.713397
vt 0.025882 -0.703407
vt 0.000000 -0.700000
vt -0.025882 -0.703407
vt -0.050000 -0.713397
vt -0.070711 -0.729289
vt 0.639077 -0.801377
vt 0.801377 -0.639077
vt 0.923493 -0.444731
vt 0.750000 -0.086603
vt 0.774118 -0.096593
vt 0.800000 -0.100000
vt 0.999301 -0.228084
vt 0.825882 -0.096593
vt 0.850000 -0.086603
vt 0.870711 -0.070711
vt 0.886603 -0.050000
vt 1.025000 0.000000
vt 0.896593 -0.025882
vt 0.900000 0.000000
vt 0.896593 0.025882
vt 0.886603 0.050000
vt 0.999301 0.228084
vt 0.870711 0.070711
vt 0.850000 0.086603
vt 0.825882 0.096593
vt 0.800000 0.100000
vt 0.923493 0.444731
vt 0.774118 0.096593
vt 0.750000 0.086603
vt 0.729289 0.070711
vt 0.713397 0.050000
vt 0.703407 0.025882
vt 0.700000 0.000000
vt 0.703407 -0.025882
vt 0.713397 -0.050000
vt 0.729289 -0.070711
vt 0.801377 0.639077
vt 0.639077 0.801377
vt 0.444731 0.923493
vt 0.086603 0.750000
vt 0.096593 0.774118
vt 0.100000 0.800000
vt 0.228084 0.999301
vt 0.096593 0.825882
vt 0.086603 0.850000
vt 0.070711 0.870711
vt 0.050000 0.886603
vt 0.000000 1.025000
vt 0.025882 0.896593
vt 0.000000 0.900000
vt -0.025882 0.896593
vt -0.050000 0.886603
vt -0.228084 0.999301
vt -0.070711 0.870711
vt -0.086603 0.850000
vt -0.096593 0.825882
vt -0.100000 0.800000
vt -0.444731 0.923493
vt -0.096593 0.774118
vt -0.086603 0.750000
vt -0.070711 0.729289
vt -0.050000 0.713397
vt -0.025882 0.703407
vt 0.000000 0.700000
vt 0.025882 0.703407
vt 0.050000 0.713397
vt 0.070711 0.729289
vt -0.639077 0.801377
vt -0.801377 0.639077
vt -0.923493 0.444731
vt -0.750000 0.086603
vt -0.774118 0.096593
vt -0.800000 0.100000
vt -0.999301 0.228084
vt -0.825882 0.096593
vt -0.850000 0.086603
vt -0.870711 0.070711
vt -0.886603 0.050000
vt -0.896593 0.025882
vt -0.703407 0.025882
vt -0.700000 0.000000
vt -0.703407 -0.025882
vt -0.729289 0.070711
vt -0.713397 0.050000
vt -0.729289 -0.070711
vt -0.713397 -0.050000
vt -0.870711 -0.070711
vt 0.200000 -0.287979
vt 0.200000 -0.314159
vt 0.200000 0.314159
vt 0.200000 0.287979
vt 0.200000 0.261799
vt 0.200000 0.235619
vt 0.200000 0.209440
vt 0.200000 0.183260
vt 0.200000 0.157080
vt 0.200000 0.130900
vt 0.200000 0.104720
vt 0.200000 0.078540
vt 0.200000 0.052360
vt 0.200000 0.026180
vt 0.200000 0.000000
vt 0.200000 -0.026180
vt -0.000000 -0.026180
vt 0.200000 -0.052360
vt 0.200000 -0.078540
vt 0.200000 -0.104720
vt 0.200000 -0.130900
vt -0.000000 -0.130900
vt 0.200000 -0.157080
vt 0.200000 -0.183260
vt 0.200000 -0.209440
vt 0.200000 -0.235619
vt 0.200000 -0.261799
vt 0.200000 0.209439
vt 0.000000 0.209439
vt -0.000000 -0.052360
vt -0.000000 -0.078540
vt 0.200000 -0.209439
vt 0.000000 -0.209439
vt 3.400000 3.001420
vt 3.000000 3.001420
vt 3.400000 2.001420
vt 3.000000 2.001420
vt 0.450699 1.353084
vt 0.279289 1.879289
vt 0.425000 1.125000
vt 0.263397 1.900000
vt 1.005269 0.201507
vt 0.810923 0.323623
vt 0.648623 0.485923
vt 0.526507 0.680269
vt 0.450699 0.896916
vt 0.526507 1.569731
vt 0.350000 1.850000
vt 0.324118 1.853407
vt 0.300000 1.863397
vt 0.648623 1.764077
vt 0.436603 1.900000
vt 0.420711 1.879289
vt 0.400000 1.863397
vt 0.810923 1.926377
vt 0.446593 1.975882
vt 0.450000 1.950000
vt 0.446593 1.924118
vt 1.005269 2.048493
vt 0.420711 2.020711
vt 0.436603 2.000000
vt 1.221916 2.124301
vt 0.436603 4.300000
vt 0.420711 4.279289
vt 0.400000 4.263397
vt 0.446593 4.324118
vt 1.450000 2.150000
vt 2.453407 4.324118
vt 1.678084 2.124301
vt 2.463397 4.300000
vt 1.894731 2.048493
vt 2.479289 4.279289
vt 2.500000 4.263397
vt 2.500000 2.036603
vt 2.524118 4.253407
vt 2.524118 2.046593
vt 2.550000 4.250000
vt 2.550000 2.050000
vt 2.575882 2.046593
vt 2.479289 2.020711
vt 2.089077 1.926377
vt 2.463397 2.000000
vt 2.453407 1.975882
vt 2.251377 1.764077
vt 2.450000 1.950000
vt 2.453407 1.924118
vt 2.463397 1.900000
vt 2.373493 1.569731
vt 2.479289 1.879289
vt 2.500000 1.863397
vt 2.524118 1.853407
vt 2.550000 1.850000
vt 2.449301 1.353084
vt 2.575882 1.853407
vt 2.600000 1.863397
vt 2.620711 1.879289
vt 2.475000 1.125000
vt 2.636603 1.900000
vt 2.449301 0.896916
vt 2.373493 0.680269
vt 2.251377 0.485923
vt 2.089077 0.323623
vt 1.894731 0.201507
vt 1.678084 0.125699
vt 1.450000 0.100000
vt 1.221916 0.125699
vt 2.900000 4.650000
vt 2.650000 1.950000
vt 2.646593 1.924118
vt 2.500000 4.436603
vt 2.524118 4.446593
vt 2.550000 4.450000
vt 0.250000 1.950000
vt 0.253407 1.975882
vt 0.263397 2.000000
vt 2.453407 4.375882
vt 0.446593 4.375882
vt 2.450000 4.350000
vt 0.450000 4.350000
vt 0.436603 4.400000
vt 2.463397 4.400000
vt 0.420711 4.420711
vt 2.479289 4.420711
vt 0.400000 4.436603
vt 2.575882 4.446593
vt 2.600000 4.436603
vt 2.620711 4.420711
vt 2.636603 4.400000
vt 2.646593 4.375882
vt 2.650000 4.350000
vt 2.646593 4.324118
vt 2.636603 4.300000
vt 2.636603 2.000000
vt 2.620711 4.279289
vt 2.620711 2.020711
vt 2.600000 4.263397
vt 2.600000 2.036603
vt 2.575882 4.253407
vt 0.279289 2.020711
vt 0.279289 4.279289
vt 0.263397 4.300000
vt 0.253407 4.324118
vt 0.250000 4.350000
vt 0.300000 4.263397
vt 0.300000 2.036603
vt 0.324118 4.253407
vt 0.324118 2.046593
vt 0.350000 4.250000
vt 0.350000 2.050000
vt 0.375882 2.046593
vt 0.375882 4.253407
vt 0.400000 2.036603
vt 0.375882 1.853407
vt 0.253407 1.924118
vt 2.646593 1.975882
vt 0.253407 4.375882
vt 0.263397 4.400000
vt 0.279289 4.420711
vt 0.300000 4.436603
vt 0.324118 4.446593
vt 0.350000 4.450000
vt 0.375882 4.446593
vt 2.900000 3.001420
vt -0.703407 0.574118
vt 0.703407 0.574118
vt -0.700000 0.600000
vt 0.700000 0.600000
vt -0.703407 0.625882
vt 0.703407 0.625882
vt -0.713397 0.650000
vt 0.713397 0.650000
vt -0.729289 0.670711
vt 0.729289 0.670711
vt -0.750000 0.686603
vt 0.750000 0.686603
vt -1.450000 1.700000
vt 1.450000 1.700000
vt 0.774118 0.696593
vt 0.800000 0.700000
vt 0.713397 0.550000
vt -0.713397 0.550000
vt 0.713397 -0.550000
vt -0.713397 -0.550000
vt -0.703407 -0.574118
vt -0.729289 -0.529289
vt -0.729289 0.529289
vt -0.750000 -0.513397
vt -0.750000 0.513397
vt -0.774118 -0.503407
vt -0.774118 0.503407
vt -0.800000 -0.500000
vt -0.800000 0.500000
vt -0.825882 0.503407
vt -0.825882 -0.503407
vt -0.850000 0.513397
vt -0.850000 -0.513397
vt -0.870711 0.529289
vt -0.870711 -0.529289
vt -0.886603 0.550000
vt -0.886603 -0.550000
vt -0.896593 0.574118
vt -0.896593 -0.574118
vt -1.450000 -1.700000
vt -0.900000 -0.600000
vt -0.896593 -0.625882
vt -0.886603 -0.650000
vt -0.870711 -0.670711
vt -0.850000 -0.686603
vt -0.825882 -0.696593
vt -0.800000 -0.700000
vt -0.774118 -0.696593
vt -0.750000 -0.686603
vt 0.750000 -0.686603
vt -0.729289 -0.670711
vt 0.729289 -0.670711
vt -0.713397 -0.650000
vt 0.713397 -0.650000
vt -0.703407 -0.625882
vt 0.703407 -0.625882
vt -0.700000 -0.600000
vt 0.700000 -0.600000
vt 0.703407 -0.574118
vt -0.900000 0.600000
vt -0.896593 0.625882
vt -0.886603 0.650000
vt -0.870711 0.670711
vt -0.850000 0.686603
vt -0.825882 0.696593
vt -0.800000 0.700000
vt -0.774118 0.696593
vt 0.896593 0.625882
vt 0.900000 0.600000
vt 0.896593 0.574118
vt 1.450000 -1.700000
vt 0.896593 -0.574118
vt 0.900000 -0.600000
vt 0.886603 -0.550000
vt 0.886603 0.550000
vt 0.870711 0.529289
vt 0.870711 -0.529289
vt 0.850000 0.513397
vt 0.850000 -0.513397
vt 0.825882 0.503407
vt 0.825882 -0.503407
vt 0.800000 0.500000
vt 0.800000 -0.500000
vt 0.774118 0.503407
vt 0.774118 -0.503407
vt 0.750000 0.513397
vt 0.750000 -0.513397
vt 0.729289 0.529289
vt 0.729289 -0.529289
vt 0.825882 0.696593
vt 0.850000 0.686603
vt 0.870711 0.670711
vt 0.886603 0.650000
vt 0.896593 -0.625882
vt 0.886603 -0.650000
vt 0.870711 -0.670711
vt 0.850000 -0.686603
vt 0.825882 -0.696593
vt 0.800000 -0.700000
vt 0.774118 -0.696593
s 0
f 48/1/1 1/2/1 47/3/2
f 47/3/2 1/2/1 2/4/2
f 47/3/3 2/4/3 46/5/4
f 46/5/4 2/4/3 3/6/4
f 46/5/5 3/6/5 45/7/6
f 45/7/6 3/6/5 4/8/6
f 45/7/7 4/8/7 44/9/8
f 44/9/8 4/8/7 5/10/8
f 44/9/9 5/10/9 43/11/10
f 43/11/10 5/10/9 6/12/10
f 43/11/11 6/12/11 42/13/12
f 42/13/12 6/12/11 7/14/12
f 42/13/13 7/14/13 41/15/14
f 41/15/14 7/14/13 8/16/14
f 41/15/15 8/16/15 40/17/16
f 40/17/16 8/16/15 9/18/16
f 40/17/17 9/18/17 39/19/18
f 39/19/18 9/18/17 10/20/18
f 39/19/19 10/20/19 38/21/20
f 38/21/20 10/20/19 11/22/20
f 38/21/21 11/22/21 37/23/22
f 37/23/22 11/22/21 12/24/22
f 37/23/23 12/24/23 36/25/24
f 36/25/24 12/24/23 13/26/24
f 36/25/25 13/26/25 35/27/26
f 35/27/26 13/26/25 14/28/26
f 35/27/27 14/28/27 34/29/28
f 34/29/28 14/28/27 15/30/28
f 34/29/29 15/30/29 33/31/30
f 33/31/31 15/30/29 16/32/31
f 33/31/32 16/32/32 32/33/33
f 32/33/33 16/32/32 17/34/33
f 32/33/34 17/34/34 31/35/35
f 31/35/35 17/34/34 18/36/35
f 31/35/36 18/36/36 30/37/37
f 30/37/37 18/36/36 19/38/37
f 30/37/38 19/38/38 29/39/39
f 29/39/39 19/38/38 20/40/39
f 29/39/40 20/40/40 28/41/41
f 28/41/41 20/40/40 21/42/41
f 28/41/42 21/42/42 27/43/43
f 27/43/43 21/42/42 22/44/43
f 27/43/44 22/44/44 26/45/45
f 26/45/45 22/44/44 23/46/45
f 26/45/46 23/46/46 25/47/47
f 25/47/47 23/46/46 24/48/47
f 50/49/48 124/50/48 49/51/48
f 49/51/48 124/50/48 125/52/48
f 49/51/48 125/52/48 72/53/48
f 72/53/48 125/52/48 126/54/48
f 72/53/48 126/54/48 127/55/48
f 50/49/48 51/56/48 124/50/48
f 124/50/48 51/56/48 123/57/48
f 123/57/48 51/56/48 52/58/48
f 123/57/48 52/58/48 53/59/48
f 123/57/48 53/59/48 122/60/48
f 122/60/48 53/59/48 54/61/48
f 122/60/48 54/61/48 28/62/48
f 28/62/48 54/61/48 55/63/48
f 28/62/48 55/63/48 56/64/48
f 56/64/48 57/65/48 28/62/48
f 28/62/48 57/65/48 29/66/48
f 29/66/48 57/65/48 58/67/48
f 29/66/48 58/67/48 59/68/48
f 59/68/48 60/69/48 29/66/48
f 29/66/48 60/69/48 61/70/48
f 29/66/48 61/70/48 30/71/48
f 30/71/48 61/70/48 62/72/48
f 30/71/48 62/72/48 63/73/48
f 63/73/48 64/74/48 30/71/48
f 30/71/48 64/74/48 65/75/48
f 30/71/48 65/75/48 31/76/48
f 31/76/48 65/75/48 66/77/48
f 31/76/48 66/77/48 67/78/48
f 67/78/48 68/79/48 31/76/48
f 31/76/48 68/79/48 32/80/48
f 32/80/48 68/79/48 69/81/48
f 32/80/48 69/81/48 70/82/48
f 71/83/48 128/84/48 70/82/48
f 70/82/48 128/84/48 129/85/48
f 70/82/48 129/85/48 32/80/48
f 32/80/48 129/85/48 33/86/48
f 33/86/48 129/85/48 130/87/48
f 33/86/48 130/87/48 89/88/48
f 89/88/48 130/87/48 88/89/48
f 88/89/48 130/87/48 131/90/48
f 88/89/48 131/90/48 87/91/48
f 87/91/48 131/90/48 132/92/48
f 87/91/48 132/92/48 133/93/48
f 128/84/48 71/83/48 127/55/48
f 127/55/48 71/83/48 72/53/48
f 74/94/48 147/95/48 73/96/48
f 73/96/48 147/95/48 148/97/48
f 73/96/48 148/97/48 96/98/48
f 96/98/48 148/97/48 149/99/48
f 96/98/48 149/99/48 95/100/48
f 95/100/48 149/99/48 150/101/48
f 95/100/48 150/101/48 94/102/48
f 94/102/48 150/101/48 151/103/48
f 94/102/48 151/103/48 152/104/48
f 147/95/48 74/94/48 146/105/48
f 146/105/48 74/94/48 75/106/48
f 146/105/48 75/106/48 145/107/48
f 145/107/48 75/106/48 76/108/48
f 145/107/48 76/108/48 144/109/48
f 144/109/48 76/108/48 77/110/48
f 144/109/48 77/110/48 143/111/48
f 143/111/48 77/110/48 78/112/48
f 143/111/48 78/112/48 142/113/48
f 142/113/48 78/112/48 79/114/48
f 142/113/48 79/114/48 141/115/48
f 141/115/48 79/114/48 140/116/48
f 140/116/48 79/114/48 80/117/48
f 140/116/48 80/117/48 139/118/48
f 139/118/48 80/117/48 81/119/48
f 139/118/48 81/119/48 138/120/48
f 138/120/48 81/119/48 82/121/48
f 138/120/48 82/121/48 137/122/48
f 137/122/48 82/121/48 83/123/48
f 137/122/48 83/123/48 136/124/48
f 136/124/48 83/123/48 84/125/48
f 136/124/48 84/125/48 135/126/48
f 135/126/48 84/125/48 85/127/48
f 135/126/48 85/127/48 134/128/48
f 134/128/48 85/127/48 86/129/48
f 134/128/48 86/129/48 133/93/48
f 133/93/48 86/129/48 87/91/48
f 33/86/48 89/88/48 34/130/48
f 34/130/48 89/88/48 90/131/48
f 34/130/48 90/131/48 35/132/48
f 35/132/48 90/131/48 36/133/48
f 36/133/48 90/131/48 91/134/48
f 36/133/48 91/134/48 37/135/48
f 37/135/48 91/134/48 92/136/48
f 37/135/48 92/136/48 38/137/48
f 38/137/48 92/136/48 39/138/48
f 39/138/48 92/136/48 93/139/48
f 39/138/48 93/139/48 40/140/48
f 40/140/48 93/139/48 152/104/48
f 40/140/48 152/104/48 153/141/48
f 93/139/48 94/102/48 152/104/48
f 98/142/48 44/143/48 97/144/48
f 97/144/48 44/143/48 43/145/48
f 97/144/48 43/145/48 120/146/48
f 120/146/48 43/145/48 119/147/48
f 119/147/48 43/145/48 118/148/48
f 118/148/48 43/145/48 117/149/48
f 117/149/48 43/145/48 42/150/48
f 117/149/48 42/150/48 116/151/48
f 116/151/48 42/150/48 115/152/48
f 115/152/48 42/150/48 114/153/48
f 114/153/48 42/150/48 41/154/48
f 114/153/48 41/154/48 113/155/48
f 113/155/48 41/154/48 112/156/48
f 112/156/48 41/154/48 153/141/48
f 112/156/48 153/141/48 154/157/48
f 98/142/48 99/158/48 44/143/48
f 44/143/48 99/158/48 100/159/48
f 44/143/48 100/159/48 101/160/48
f 44/143/48 101/160/48 45/161/48
f 45/161/48 101/160/48 102/162/48
f 45/161/48 102/162/48 103/163/48
f 103/163/48 104/164/48 45/161/48
f 45/161/48 104/164/48 159/165/48
f 45/161/48 159/165/48 160/166/48
f 104/164/48 105/167/48 159/165/48
f 159/165/48 105/167/48 106/168/48
f 159/165/48 106/168/48 158/169/48
f 158/169/48 106/168/48 107/170/48
f 158/169/48 107/170/48 157/171/48
f 157/171/48 107/170/48 108/172/48
f 157/171/48 108/172/48 109/173/48
f 157/171/48 109/173/48 156/174/48
f 156/174/48 109/173/48 110/175/48
f 156/174/48 110/175/48 155/176/48
f 155/176/48 110/175/48 111/177/48
f 155/176/48 111/177/48 154/157/48
f 154/157/48 111/177/48 112/156/48
f 48/178/48 47/179/48 160/166/48
f 160/166/48 47/179/48 46/180/48
f 160/166/48 46/180/48 45/161/48
f 41/154/48 40/140/48 153/141/48
f 28/62/48 27/181/48 122/60/48
f 122/60/48 27/181/48 121/182/48
f 121/182/48 27/181/48 26/183/48
f 121/182/48 26/183/48 25/184/48
f 24/185/48 23/186/48 164/187/48
f 164/187/48 23/186/48 22/188/48
f 164/187/48 22/188/48 21/189/48
f 21/189/48 20/190/48 164/187/48
f 164/187/48 20/190/48 19/191/48
f 164/187/48 19/191/48 199/192/48
f 199/192/48 19/191/48 198/193/48
f 198/193/48 19/191/48 18/194/48
f 198/193/48 18/194/48 197/195/48
f 197/195/48 18/194/48 196/196/48
f 196/196/48 18/194/48 195/197/48
f 195/197/48 18/194/48 17/198/48
f 195/197/48 17/198/48 194/199/48
f 194/199/48 17/198/48 193/200/48
f 193/200/48 17/198/48 192/201/48
f 192/201/48 17/198/48 16/202/48
f 192/201/48 16/202/48 191/203/48
f 191/203/48 16/202/48 190/204/48
f 190/204/48 16/202/48 189/205/48
f 189/205/48 16/202/48 212/206/48
f 212/206/48 16/202/48 211/207/48
f 211/207/48 16/202/48 15/208/48
f 211/207/48 15/208/48 210/209/48
f 210/209/48 15/208/48 209/210/48
f 209/210/48 15/208/48 208/211/48
f 208/211/48 15/208/48 163/212/48
f 208/211/48 163/212/48 207/213/48
f 207/213/48 163/212/48 206/214/48
f 206/214/48 163/212/48 205/215/48
f 205/215/48 163/212/48 204/216/48
f 204/216/48 163/212/48 203/217/48
f 203/217/48 163/212/48 202/218/48
f 202/218/48 163/212/48 201/219/48
f 201/219/48 163/212/48 200/220/48
f 200/220/48 163/212/48 199/192/48
f 199/192/48 163/212/48 164/187/48
f 15/208/48 14/221/48 163/212/48
f 163/212/48 14/221/48 13/222/48
f 163/212/48 13/222/48 12/223/48
f 163/212/48 12/223/48 162/224/48
f 162/224/48 12/223/48 11/225/48
f 162/224/48 11/225/48 10/226/48
f 9/227/48 179/228/48 10/226/48
f 10/226/48 179/228/48 180/229/48
f 10/226/48 180/229/48 181/230/48
f 8/231/48 174/232/48 9/227/48
f 9/227/48 174/232/48 175/233/48
f 9/227/48 175/233/48 176/234/48
f 7/235/48 171/236/48 8/231/48
f 8/231/48 171/236/48 172/237/48
f 8/231/48 172/237/48 173/238/48
f 6/239/48 168/240/48 7/235/48
f 7/235/48 168/240/48 169/241/48
f 7/235/48 169/241/48 170/242/48
f 5/243/48 161/244/48 6/239/48
f 6/239/48 161/244/48 167/245/48
f 6/239/48 167/245/48 168/240/48
f 5/243/48 4/246/48 161/244/48
f 161/244/48 4/246/48 3/247/48
f 161/244/48 3/247/48 2/248/48
f 2/248/48 1/249/48 161/244/48
f 161/244/48 162/224/48 167/245/48
f 167/245/48 162/224/48 166/250/48
f 166/250/48 162/224/48 165/251/48
f 165/251/48 162/224/48 188/252/48
f 188/252/48 162/224/48 187/253/48
f 187/253/48 162/224/48 186/254/48
f 186/254/48 162/224/48 185/255/48
f 185/255/48 162/224/48 184/256/48
f 184/256/48 162/224/48 183/257/48
f 183/257/48 162/224/48 182/258/48
f 182/258/48 162/224/48 10/226/48
f 182/258/48 10/226/48 181/230/48
f 170/242/48 171/236/48 7/235/48
f 173/238/48 174/232/48 8/231/48
f 176/234/48 177/259/48 9/227/48
f 9/227/48 177/259/48 178/260/48
f 9/227/48 178/260/48 179/228/48
f 214/224/49 215/261/49 213/262/49
f 213/262/49 215/261/49 216/263/49
f 213/262/49 216/263/49 217/264/49
f 214/265/50 218/224/50 215/266/50
f 215/266/50 218/224/50 219/261/50
f 221/224/51 222/261/51 220/267/51
f 220/267/51 222/261/51 219/263/51
f 220/267/51 219/263/51 218/264/51
f 221/265/52 217/224/52 222/266/52
f 222/266/52 217/224/52 216/261/52
f 220/268/53 213/269/53 221/270/53
f 221/270/53 213/269/53 217/271/53
f 216/272/48 215/273/48 222/274/48
f 222/274/48 215/273/48 219/275/48
f 223/264/49 224/262/49 227/263/49
f 227/263/49 224/262/49 226/261/49
f 226/261/49 224/262/49 225/224/49
f 225/265/50 228/224/50 226/266/50
f 226/266/50 228/224/50 229/261/50
f 228/264/51 230/267/51 229/263/51
f 229/263/51 230/267/51 232/261/51
f 232/261/51 230/267/51 231/224/51
f 231/265/52 223/224/52 232/266/52
f 232/266/52 223/224/52 227/261/52
f 230/268/53 224/269/53 231/270/53
f 231/270/53 224/269/53 223/271/53
f 227/272/48 226/273/48 232/274/48
f 232/274/48 226/273/48 229/275/48
f 220/276/48 218/277/48 279/278/48
f 279/278/48 218/277/48 278/279/48
f 278/279/48 218/277/48 214/280/48
f 278/279/48 214/280/48 228/281/48
f 228/281/48 214/280/48 275/282/48
f 228/281/48 275/282/48 230/283/48
f 213/284/48 233/285/48 214/280/48
f 214/280/48 233/285/48 275/282/48
f 275/282/48 233/285/48 274/286/48
f 274/286/48 233/285/48 234/287/48
f 274/286/48 234/287/48 273/288/48
f 273/288/48 234/287/48 235/289/48
f 273/288/48 235/289/48 254/290/48
f 254/290/48 235/289/48 253/291/48
f 253/291/48 235/289/48 236/292/48
f 253/291/48 236/292/48 252/293/48
f 252/293/48 236/292/48 251/294/48
f 251/294/48 236/292/48 237/295/48
f 251/294/48 237/295/48 250/296/48
f 250/296/48 237/295/48 238/297/48
f 250/296/48 238/297/48 249/298/48
f 249/298/48 238/297/48 248/299/48
f 248/299/48 238/297/48 239/300/48
f 248/299/48 239/300/48 240/301/48
f 248/299/48 240/301/48 247/302/48
f 247/302/48 240/301/48 241/303/48
f 247/302/48 241/303/48 246/304/48
f 246/304/48 241/303/48 242/305/48
f 246/304/48 242/305/48 245/306/48
f 245/306/48 242/305/48 243/307/48
f 245/306/54 243/307/54 244/308/54
f 254/290/48 255/309/48 273/288/48
f 273/288/48 255/309/48 272/310/48
f 272/310/48 255/309/48 256/311/48
f 272/310/48 256/311/48 257/312/48
f 272/310/48 257/312/48 271/313/48
f 271/313/48 257/312/48 258/314/48
f 271/313/48 258/314/48 270/315/48
f 270/315/48 258/314/48 259/316/48
f 270/315/48 259/316/48 260/317/48
f 261/318/48 268/319/48 260/317/48
f 260/317/48 268/319/48 269/320/48
f 260/317/48 269/320/48 270/315/48
f 268/319/48 261/318/48 267/321/48
f 267/321/48 261/318/48 262/322/48
f 267/321/48 262/322/48 266/323/48
f 266/323/48 262/322/48 263/324/48
f 266/323/48 263/324/48 265/325/48
f 265/325/48 263/324/48 264/326/48
f 278/279/54 228/281/54 277/327/54
f 277/327/48 228/281/48 225/328/48
f 277/327/48 225/328/48 276/329/48
f 276/329/48 225/328/48 224/330/48
f 233/224/55 48/331/55 234/332/56
f 234/332/56 48/331/55 160/333/57
f 234/332/56 160/333/57 235/334/58
f 235/334/58 160/333/57 159/335/59
f 235/334/58 159/335/59 236/336/60
f 236/336/60 159/335/61 158/337/62
f 236/336/60 158/337/62 237/338/63
f 237/338/63 158/337/62 157/339/64
f 237/338/63 157/339/64 238/340/65
f 238/340/66 157/339/67 156/341/68
f 238/340/66 156/341/69 239/342/70
f 239/342/71 156/341/69 155/343/72
f 239/342/73 155/343/72 240/344/74
f 240/344/75 155/343/72 241/345/76
f 241/345/76 155/343/77 154/346/78
f 241/345/79 154/346/78 242/347/80
f 242/347/81 154/346/82 153/348/83
f 242/347/84 153/348/85 243/349/86
f 243/349/86 153/348/87 152/350/88
f 243/349/89 152/350/90 244/351/91
f 244/351/92 152/350/93 151/352/94
f 244/351/92 151/352/94 245/353/95
f 245/353/96 151/352/94 150/354/97
f 245/353/98 150/354/99 246/355/100
f 246/355/101 150/354/99 149/356/102
f 246/355/100 149/356/103 247/357/104
f 247/357/104 149/356/102 148/358/105
f 247/357/106 148/358/107 248/359/108
f 248/359/109 148/358/110 147/360/111
f 248/359/109 147/360/111 249/361/112
f 249/361/112 147/360/113 146/362/112
f 249/363/114 146/364/114 250/365/115
f 250/365/116 146/364/114 145/366/116
f 250/365/117 145/366/117 251/367/118
f 251/367/118 145/366/117 144/368/118
f 251/367/119 144/368/119 252/369/120
f 252/369/120 144/368/119 143/370/120
f 252/369/121 143/370/121 253/371/122
f 253/371/123 143/370/124 142/372/123
f 253/371/125 142/372/125 254/373/52
f 254/373/126 142/372/125 141/374/126
f 254/373/127 141/374/127 255/375/128
f 255/375/128 141/374/52 140/376/128
f 255/375/129 140/376/129 256/377/130
f 256/377/131 140/376/132 139/378/131
f 256/377/133 139/378/133 257/379/134
f 257/379/134 139/378/133 138/380/134
f 257/379/135 138/380/135 258/381/136
f 258/381/136 138/380/135 137/382/136
f 258/381/137 137/382/137 259/383/138
f 259/383/138 137/382/139 136/384/138
f 136/385/140 135/386/141 259/387/140
f 259/387/140 135/386/141 260/388/142
f 260/388/142 135/386/141 134/389/143
f 260/388/144 134/389/145 261/390/146
f 261/390/147 134/389/143 133/391/148
f 261/390/149 133/391/150 262/392/151
f 262/392/151 133/391/152 132/393/153
f 262/392/154 132/393/153 263/394/155
f 263/394/156 132/393/157 131/395/158
f 263/394/159 131/395/160 264/396/161
f 264/396/162 131/395/163 130/397/164
f 264/396/162 130/397/165 265/398/166
f 265/398/167 130/397/165 129/399/168
f 265/398/167 129/399/168 266/400/169
f 266/400/170 129/399/171 128/401/172
f 266/400/173 128/401/172 267/402/174
f 267/402/175 128/401/176 268/403/177
f 268/403/178 128/401/179 127/404/180
f 268/403/178 127/404/180 269/405/181
f 269/405/182 127/404/180 126/406/183
f 269/405/182 126/406/184 125/407/185
f 269/405/182 125/407/186 270/408/187
f 270/408/188 125/407/189 124/409/190
f 270/408/187 124/409/190 271/410/191
f 271/410/191 124/409/192 123/411/193
f 271/410/191 123/411/193 272/412/194
f 272/412/194 123/411/193 122/413/195
f 272/412/194 122/413/195 273/414/196
f 273/414/196 122/413/197 121/415/198
f 273/414/196 121/415/198 274/416/199
f 274/416/199 121/415/198 25/331/200
f 274/416/199 25/331/200 275/224/200
f 276/417/52 224/418/52 164/419/52
f 164/419/52 224/418/52 230/420/52
f 164/419/52 230/420/52 25/331/52
f 25/331/52 230/420/52 275/224/52
f 25/331/52 24/421/52 164/419/52
f 1/422/52 48/423/52 161/424/52
f 161/424/52 48/423/52 213/425/52
f 161/424/52 213/425/52 220/426/52
f 48/423/52 233/427/52 213/425/52
f 220/426/52 279/428/52 161/424/52
f 280/429/50 281/430/50 277/431/50
f 277/431/50 281/430/50 278/432/50
f 280/433/51 277/434/51 284/435/51
f 284/435/51 277/434/51 309/436/51
f 284/435/51 309/436/51 310/437/51
f 276/438/51 362/439/51 277/434/51
f 277/434/51 362/439/51 363/440/51
f 277/434/51 363/440/51 364/441/51
f 164/244/51 163/224/51 276/438/51
f 276/438/51 163/224/51 379/442/51
f 276/438/51 379/442/51 380/443/51
f 282/444/51 373/445/51 163/224/51
f 163/224/51 373/445/51 374/446/51
f 163/224/51 374/446/51 375/447/51
f 283/448/51 344/449/51 282/444/51
f 282/444/51 344/449/51 345/450/51
f 282/444/51 345/450/51 346/451/51
f 284/435/51 290/452/51 283/448/51
f 283/448/51 290/452/51 291/453/51
f 283/448/51 291/453/51 292/454/51
f 286/455/51 320/456/51 285/457/51
f 285/457/51 320/456/51 321/458/51
f 285/457/51 321/458/51 308/459/51
f 308/459/51 321/458/51 322/460/51
f 308/459/51 322/460/51 307/461/51
f 307/461/51 322/460/51 323/462/51
f 307/461/51 323/462/51 306/463/51
f 306/463/51 323/462/51 324/464/51
f 306/463/51 324/464/51 336/465/51
f 336/465/51 324/464/51 366/466/51
f 336/465/51 366/466/51 335/467/51
f 335/467/51 366/466/51 367/468/51
f 335/467/51 367/468/51 334/469/51
f 334/469/51 367/468/51 368/470/51
f 334/469/51 368/470/51 333/471/51
f 333/471/51 368/470/51 369/472/51
f 333/471/51 369/472/51 356/473/51
f 356/473/51 369/472/51 370/474/51
f 356/473/51 370/474/51 355/475/51
f 355/475/51 370/474/51 371/476/51
f 355/475/51 371/476/51 354/477/51
f 354/477/51 371/476/51 372/478/51
f 354/477/51 372/478/51 353/479/51
f 353/479/51 372/478/51 373/445/51
f 353/479/51 373/445/51 282/444/51
f 320/456/51 286/455/51 319/480/51
f 319/480/51 286/455/51 287/481/51
f 319/480/51 287/481/51 318/482/51
f 318/482/51 287/481/51 288/483/51
f 318/482/51 288/483/51 317/484/51
f 317/484/51 288/483/51 289/485/51
f 317/484/51 289/485/51 316/486/51
f 316/486/51 289/485/51 290/452/51
f 316/486/51 290/452/51 284/435/51
f 292/454/51 293/487/51 283/448/51
f 283/448/51 293/487/51 294/488/51
f 283/448/51 294/488/51 295/489/51
f 295/489/51 296/490/51 283/448/51
f 283/448/51 296/490/51 297/491/51
f 283/448/51 297/491/51 298/492/51
f 298/492/51 299/493/51 283/448/51
f 283/448/51 299/493/51 343/494/51
f 283/448/51 343/494/51 344/449/51
f 299/493/51 300/495/51 343/494/51
f 343/494/51 300/495/51 342/496/51
f 342/496/51 300/495/51 301/497/51
f 342/496/51 301/497/51 341/498/51
f 341/498/51 301/497/51 302/499/51
f 341/498/51 302/499/51 340/500/51
f 340/500/51 302/499/51 303/501/51
f 340/500/51 303/501/51 339/502/51
f 339/502/51 303/501/51 338/503/51
f 338/503/51 303/501/51 304/504/51
f 338/503/51 304/504/51 337/505/51
f 337/505/51 304/504/51 305/506/51
f 337/505/51 305/506/51 306/463/51
f 310/437/51 311/507/51 284/435/51
f 284/435/51 311/507/51 312/508/51
f 284/435/51 312/508/51 313/509/51
f 313/509/51 314/510/51 284/435/51
f 284/435/51 314/510/51 315/511/51
f 284/435/51 315/511/51 316/486/51
f 366/466/51 324/464/51 365/512/51
f 365/512/51 324/464/51 325/513/51
f 365/512/51 325/513/51 326/514/51
f 327/515/201 277/434/201 326/514/201
f 326/514/51 277/434/51 364/441/51
f 326/514/51 364/441/51 365/512/51
f 327/515/202 328/516/202 277/434/202
f 277/434/51 328/516/51 329/517/51
f 277/434/51 329/517/51 330/518/51
f 330/518/51 331/519/51 277/434/51
f 277/434/51 331/519/51 332/520/51
f 277/434/51 332/520/51 309/436/51
f 336/465/51 337/505/51 306/463/51
f 346/451/51 347/521/51 282/444/51
f 282/444/51 347/521/51 348/522/51
f 282/444/51 348/522/51 349/523/51
f 349/523/51 350/524/51 282/444/51
f 282/444/51 350/524/51 351/525/51
f 282/444/51 351/525/51 352/526/51
f 352/526/51 353/479/51 282/444/51
f 380/443/51 357/527/51 276/438/51
f 276/438/51 357/527/51 358/528/51
f 276/438/51 358/528/51 359/529/51
f 359/529/51 360/530/51 276/438/51
f 276/438/51 360/530/51 361/531/51
f 276/438/51 361/531/51 362/439/51
f 375/447/51 376/532/51 163/224/51
f 163/224/51 376/532/51 377/533/51
f 163/224/51 377/533/51 378/534/51
f 378/534/51 379/442/51 163/224/51
f 382/535/203 358/536/203 381/537/204
f 381/537/204 358/536/203 357/538/204
f 381/539/205 357/540/205 404/541/206
f 404/541/206 357/540/205 380/542/206
f 404/541/207 380/542/207 403/543/208
f 403/543/208 380/542/207 379/544/208
f 403/543/209 379/544/209 402/545/210
f 402/545/210 379/544/209 378/546/210
f 402/545/211 378/546/211 401/547/212
f 401/547/212 378/546/211 377/548/212
f 401/547/213 377/548/213 400/549/214
f 400/549/214 377/548/213 376/550/214
f 400/549/215 376/550/215 399/551/216
f 399/551/216 376/550/215 375/552/216
f 399/551/217 375/552/217 398/553/218
f 398/553/218 375/552/217 374/554/218
f 398/553/219 374/554/219 397/555/220
f 397/555/221 374/554/219 373/556/221
f 397/555/222 373/556/222 396/557/223
f 396/557/223 373/556/222 372/558/223
f 396/557/224 372/558/224 395/559/225
f 395/559/225 372/558/224 371/560/225
f 395/559/226 371/560/226 394/561/227
f 394/561/227 371/560/226 370/562/227
f 394/561/228 370/562/228 393/563/229
f 393/563/229 370/562/228 369/224/229
f 393/563/54 369/224/54 392/564/230
f 392/564/230 369/224/54 368/565/230
f 392/564/231 368/565/231 391/566/232
f 391/566/232 368/565/231 367/567/232
f 391/566/233 367/567/233 390/568/234
f 390/568/234 367/567/233 366/569/234
f 390/568/235 366/569/235 389/570/236
f 389/570/236 366/569/235 365/571/236
f 389/570/237 365/571/237 388/572/238
f 388/572/238 365/571/239 364/573/238
f 388/572/240 364/573/240 387/574/241
f 387/574/241 364/573/240 363/575/241
f 387/574/242 363/575/242 386/576/243
f 386/576/243 363/575/242 362/577/243
f 386/576/244 362/577/244 385/578/245
f 385/578/245 362/577/244 361/579/245
f 385/578/246 361/579/246 384/580/247
f 384/580/247 361/579/246 360/581/247
f 384/580/248 360/581/248 383/582/249
f 383/582/249 360/581/248 359/583/249
f 383/582/250 359/583/250 382/535/251
f 382/535/251 359/583/250 358/536/251
f 404/584/51 394/585/51 381/586/51
f 381/586/51 394/585/51 393/587/51
f 381/586/51 393/587/51 382/588/51
f 382/588/51 393/587/51 392/589/51
f 382/588/51 392/589/51 383/590/51
f 383/590/51 392/589/51 391/591/51
f 383/590/51 391/591/51 384/592/51
f 384/592/51 391/591/51 390/593/51
f 384/592/51 390/593/51 385/594/51
f 385/594/51 390/593/51 389/595/51
f 385/594/51 389/595/51 386/596/51
f 386/596/51 389/595/51 388/597/51
f 386/596/51 388/597/51 387/598/51
f 394/585/51 404/584/51 395/599/51
f 395/599/51 404/584/51 403/600/51
f 395/599/51 403/600/51 396/601/51
f 396/601/51 403/600/51 402/602/51
f 396/601/51 402/602/51 397/603/51
f 397/603/51 402/602/51 401/604/51
f 397/603/51 401/604/51 398/605/51
f 398/605/51 401/604/51 400/606/51
f 398/605/51 400/606/51 399/607/51
f 406/535/203 334/536/203 405/537/204
f 405/537/204 334/536/203 333/538/204
f 405/539/205 333/540/205 428/541/206
f 428/541/206 333/540/205 356/542/206
f 428/541/207 356/542/207 427/543/208
f 427/543/208 356/542/207 355/544/208
f 427/543/209 355/544/209 426/545/210
f 426/545/210 355/544/209 354/546/210
f 426/545/211 354/546/211 425/547/212
f 425/547/212 354/546/211 353/548/212
f 425/547/213 353/548/213 424/549/214
f 424/549/214 353/548/213 352/550/214
f 424/549/215 352/550/215 423/551/216
f 423/551/216 352/550/215 351/552/216
f 423/551/217 351/552/217 422/553/218
f 422/553/218 351/552/217 350/554/218
f 422/553/219 350/554/219 421/555/220
f 421/555/220 350/554/219 349/556/220
f 421/555/222 349/556/222 420/557/223
f 420/557/223 349/556/222 348/558/223
f 420/557/224 348/558/224 419/559/225
f 419/559/225 348/558/224 347/560/225
f 419/559/226 347/560/226 418/561/227
f 418/561/227 347/560/226 346/562/227
f 418/561/228 346/562/228 417/563/229
f 417/563/229 346/562/252 345/224/229
f 417/563/54 345/224/54 416/564/230
f 416/564/230 345/224/54 344/565/230
f 416/564/231 344/565/231 415/566/232
f 415/566/232 344/565/231 343/567/232
f 415/566/233 343/567/233 414/568/234
f 414/568/234 343/567/233 342/569/234
f 414/568/235 342/569/235 413/570/236
f 413/570/236 342/569/235 341/571/236
f 413/570/239 341/571/239 412/572/238
f 412/572/238 341/571/239 340/573/238
f 412/572/240 340/573/240 411/574/241
f 411/574/241 340/573/240 339/575/241
f 411/574/242 339/575/242 410/576/243
f 410/576/243 339/575/242 338/577/243
f 410/576/244 338/577/244 409/578/245
f 409/578/245 338/577/244 337/579/245
f 409/578/246 337/579/246 408/580/247
f 408/580/247 337/579/246 336/581/247
f 408/580/248 336/581/248 407/582/249
f 407/582/249 336/581/248 335/583/249
f 407/582/250 335/583/250 406/535/251
f 406/535/251 335/583/250 334/536/251
f 428/584/51 418/585/51 405/586/51
f 405/586/51 418/585/51 417/587/51
f 405/586/51 417/587/51 406/588/51
f 406/588/51 417/587/51 416/589/51
f 406/588/51 416/589/51 407/590/51
f 407/590/51 416/589/51 415/591/51
f 407/590/51 415/591/51 408/592/51
f 408/592/51 415/591/51 414/593/51
f 408/592/51 414/593/51 409/594/51
f 409/594/51 414/593/51 413/595/51
f 409/594/51 413/595/51 410/596/51
f 410/596/51 413/595/51 412/597/51
f 410/596/51 412/597/51 411/598/51
f 418/585/51 428/584/51 419/599/51
f 419/599/51 428/584/51 427/600/51
f 419/599/51 427/600/51 420/601/51
f 420/601/51 427/600/51 426/602/51
f 420/601/51 426/602/51 421/603/51
f 421/603/51 426/602/51 425/604/51
f 421/603/51 425/604/51 422/605/51
f 422/605/51 425/604/51 424/606/51
f 422/605/51 424/606/51 423/607/51
f 430/535/203 310/536/203 429/537/204
f 429/537/204 310/536/203 309/538/204
f 429/539/205 309/540/205 452/541/253
f 452/541/253 309/540/205 332/542/253
f 452/541/207 332/542/207 451/543/208
f 451/543/208 332/542/207 331/544/208
f 451/543/209 331/544/209 450/545/210
f 450/545/210 331/544/209 330/546/210
f 450/545/211 330/546/211 449/547/212
f 449/547/212 330/546/211 329/548/212
f 449/547/213 329/548/213 448/549/214
f 448/549/214 329/548/213 328/550/214
f 448/549/254 328/550/254 447/551/216
f 447/551/216 328/550/254 327/552/216
f 447/551/217 327/552/217 446/553/255
f 446/553/255 327/552/217 326/554/255
f 446/553/219 326/554/219 445/555/220
f 445/555/220 326/554/219 325/556/220
f 445/555/222 325/556/222 444/557/223
f 444/557/223 325/556/222 324/558/223
f 444/557/224 324/558/224 443/559/225
f 443/559/225 324/558/224 323/560/225
f 443/559/226 323/560/226 442/561/227
f 442/561/227 323/560/226 322/562/227
f 442/561/252 322/562/252 441/563/229
f 441/563/229 322/562/252 321/224/229
f 441/563/54 321/224/54 440/564/230
f 440/564/230 321/224/54 320/565/230
f 440/564/231 320/565/231 439/566/232
f 439/566/232 320/565/231 319/567/232
f 439/566/233 319/567/233 438/568/234
f 438/568/234 319/567/233 318/569/234
f 438/568/235 318/569/235 437/570/236
f 437/570/236 318/569/235 317/571/236
f 437/570/239 317/571/239 436/572/238
f 436/572/238 317/571/239 316/573/238
f 436/572/256 316/573/256 435/574/241
f 435/574/241 316/573/257 315/575/241
f 435/574/242 315/575/242 434/576/258
f 434/576/259 315/575/242 314/577/259
f 434/576/244 314/577/244 433/578/245
f 433/578/245 314/577/244 313/579/245
f 433/578/246 313/579/246 432/580/247
f 432/580/247 313/579/246 312/581/247
f 432/580/248 312/581/248 431/582/249
f 431/582/249 312/581/248 311/583/249
f 431/582/250 311/583/250 430/535/251
f 430/535/251 311/583/250 310/536/251
f 452/584/51 442/585/51 429/586/51
f 429/586/51 442/585/51 441/587/51
f 429/586/51 441/587/51 430/588/51
f 430/588/51 441/587/51 440/589/51
f 430/588/51 440/589/51 431/590/51
f 431/590/51 440/589/51 439/591/51
f 431/590/51 439/591/51 432/592/51
f 432/592/51 439/591/51 438/593/51
f 432/592/51 438/593/51 433/594/51
f 433/594/51 438/593/51 437/595/51
f 433/594/51 437/595/51 434/596/51
f 434/596/51 437/595/51 436/597/51
f 434/596/51 436/597/51 435/598/51
f 442/585/51 452/584/51 443/599/51
f 443/599/51 452/584/51 451/600/51
f 443/599/51 451/600/51 444/601/51
f 444/601/51 451/600/51 450/602/51
f 444/601/51 450/602/51 445/603/51
f 445/603/51 450/602/51 449/604/51
f 445/603/51 449/604/51 446/605/51
f 446/605/51 449/604/51 448/606/51
f 446/605/51 448/606/51 447/607/51
f 454/535/203 286/536/203 453/537/204
f 453/537/204 286/536/203 285/538/204
f 453/539/205 285/540/205 476/541/253
f 476/541/253 285/540/205 308/542/253
f 476/541/207 308/542/207 475/543/208
f 475/543/208 308/542/207 307/544/208
f 475/543/209 307/544/209 474/545/210
f 474/545/210 307/544/209 306/546/210
f 474/545/211 306/546/211 473/547/212
f 473/547/212 306/546/211 305/548/212
f 473/547/213 305/548/213 472/549/214
f 472/549/214 305/548/213 304/550/214
f 472/549/254 304/550/254 471/551/216
f 471/551/216 304/550/254 303/552/216
f 471/551/217 303/552/217 470/553/255
f 470/553/255 303/552/217 302/554/255
f 470/553/219 302/554/219 469/555/220
f 469/555/220 302/554/219 301/556/220
f 469/555/222 301/556/222 468/557/223
f 468/557/223 301/556/222 300/558/223
f 468/557/224 300/558/224 467/559/225
f 467/559/225 300/558/224 299/560/225
f 467/559/226 299/560/226 466/561/227
f 466/561/227 299/560/226 298/562/227
f 466/561/252 298/562/252 465/563/229
f 465/563/229 298/562/252 297/224/229
f 465/563/54 297/224/54 464/564/230
f 464/564/230 297/224/54 296/565/230
f 464/564/231 296/565/231 463/566/232
f 463/566/232 296/565/231 295/567/232
f 463/566/233 295/567/233 462/568/234
f 462/568/234 295/567/233 294/569/234
f 462/568/235 294/569/235 461/570/236
f 461/570/236 294/569/235 293/571/236
f 461/570/239 293/571/239 460/572/238
f 460/572/238 293/571/239 292/573/238
f 460/572/257 292/573/257 459/574/241
f 459/574/241 292/573/256 291/575/241
f 459/574/242 291/575/242 458/576/259
f 458/576/258 291/575/242 290/577/258
f 458/576/244 290/577/244 457/578/245
f 457/578/245 290/577/244 289/579/245
f 457/578/246 289/579/246 456/580/247
f 456/580/247 289/579/246 288/581/247
f 456/580/248 288/581/248 455/582/249
f 455/582/249 288/581/248 287/583/249
f 455/582/250 287/583/250 454/535/251
f 454/535/251 287/583/250 286/536/251
f 476/584/51 466/585/51 453/586/51
f 453/586/51 466/585/51 465/587/51
f 453/586/51 465/587/51 454/588/51
f 454/588/51 465/587/51 464/589/51
f 454/588/51 464/589/51 455/590/51
f 455/590/51 464/589/51 463/591/51
f 455/590/51 463/591/51 456/592/51
f 456/592/51 463/591/51 462/593/51
f 456/592/51 462/593/51 457/594/51
f 457/594/51 462/593/51 461/595/51
f 457/594/51 461/595/51 458/596/51
f 458/596/51 461/595/51 460/597/51
f 458/596/51 460/597/51 459/598/51
f 466/585/51 476/584/51 467/599/51
f 467/599/51 476/584/51 475/600/51
f 467/599/51 475/600/51 468/601/51
f 468/601/51 475/600/51 474/602/51
f 468/601/51 474/602/51 469/603/51
f 469/603/51 474/602/51 473/604/51
f 469/603/51 473/604/51 470/605/51
f 470/605/51 473/604/51 472/606/51
f 470/605/51 472/606/51 471/607/51
f 478/535/230 524/536/230 477/537/54
f 477/537/54 524/536/230 501/538/54
f 477/539/229 501/540/229 500/541/252
f 500/541/228 501/540/229 502/608/228
f 500/541/227 502/608/227 499/543/226
f 499/543/226 502/608/227 503/544/226
f 499/543/225 503/544/225 498/545/224
f 498/545/224 503/544/225 504/546/224
f 498/545/223 504/546/223 497/547/222
f 497/547/222 504/546/223 505/548/222
f 497/547/220 505/548/220 496/549/219
f 496/549/219 505/548/220 506/550/219
f 496/549/218 506/550/218 495/551/217
f 495/551/217 506/550/218 507/552/217
f 495/551/216 507/552/216 494/553/215
f 494/553/215 507/552/216 508/554/215
f 494/553/214 508/554/214 493/555/213
f 493/555/213 508/554/214 509/556/213
f 493/555/212 509/556/212 492/557/211
f 492/557/211 509/556/212 510/558/211
f 492/557/210 510/558/210 491/559/209
f 491/559/209 510/558/210 511/560/209
f 491/559/208 511/560/208 490/561/207
f 490/561/207 511/560/208 512/562/207
f 490/561/206 512/562/206 489/563/205
f 489/563/205 512/562/206 513/224/205
f 489/563/204 513/224/204 488/564/203
f 488/564/203 513/224/204 514/565/203
f 488/564/251 514/565/251 487/566/250
f 487/566/250 514/565/251 515/567/250
f 487/566/249 515/567/249 486/568/248
f 486/568/248 515/567/249 516/569/248
f 486/568/247 516/569/247 485/570/246
f 485/570/246 516/569/247 517/571/246
f 485/570/245 517/571/245 484/572/244
f 484/572/244 517/571/245 518/573/244
f 484/572/243 518/573/243 483/574/242
f 483/574/242 518/573/243 519/575/242
f 483/574/241 519/575/241 482/576/240
f 482/576/240 519/575/241 520/577/240
f 482/576/238 520/577/238 481/578/239
f 481/578/239 520/577/238 521/579/239
f 481/578/236 521/579/236 480/580/235
f 480/580/235 521/579/236 522/581/235
f 480/580/234 522/581/234 479/582/233
f 479/582/233 522/581/234 523/583/233
f 479/582/232 523/583/232 478/535/231
f 478/535/231 523/583/232 524/536/231
f 500/584/49 490/585/49 477/586/49
f 477/586/49 490/585/49 489/587/49
f 477/586/49 489/587/49 478/588/49
f 478/588/49 489/587/49 488/589/49
f 478/588/49 488/589/49 479/590/49
f 479/590/49 488/589/49 487/591/49
f 479/590/49 487/591/49 480/592/49
f 480/592/49 487/591/49 486/593/49
f 480/592/49 486/593/49 481/594/49
f 481/594/49 486/593/49 485/595/49
f 481/594/49 485/595/49 482/596/49
f 482/596/49 485/595/49 484/597/49
f 482/596/49 484/597/49 483/598/49
f 490/585/49 500/584/49 491/599/49
f 491/599/49 500/584/49 499/600/49
f 491/599/49 499/600/49 492/601/49
f 492/601/49 499/600/49 498/602/49
f 492/601/49 498/602/49 493/603/49
f 493/603/49 498/602/49 497/604/49
f 493/603/49 497/604/49 494/605/49
f 494/605/49 497/604/49 496/606/49
f 494/605/49 496/606/49 495/607/49
f 526/535/230 572/536/230 525/537/54
f 525/537/54 572/536/230 549/538/54
f 525/539/229 549/540/229 548/541/228
f 548/541/228 549/540/229 550/608/228
f 548/541/227 550/608/227 547/543/226
f 547/543/226 550/608/227 551/544/226
f 547/543/225 551/544/225 546/545/224
f 546/545/224 551/544/225 552/546/224
f 546/545/223 552/546/223 545/547/222
f 545/547/222 552/546/223 553/548/222
f 545/547/221 553/548/221 544/549/219
f 544/549/219 553/548/220 554/550/219
f 544/549/218 554/550/218 543/551/217
f 543/551/217 554/550/218 555/552/217
f 543/551/216 555/552/216 542/553/215
f 542/553/215 555/552/216 556/554/215
f 542/553/214 556/554/214 541/555/213
f 541/555/213 556/554/214 557/556/213
f 541/555/212 557/556/212 540/557/211
f 540/557/211 557/556/212 558/558/211
f 540/557/210 558/558/210 539/559/209
f 539/559/209 558/558/210 559/560/209
f 539/559/208 559/560/208 538/561/207
f 538/561/207 559/560/208 560/562/207
f 538/561/206 560/562/206 537/563/205
f 537/563/205 560/562/206 561/224/205
f 537/563/204 561/224/204 536/564/203
f 536/564/203 561/224/204 562/565/203
f 536/564/251 562/565/251 535/566/250
f 535/566/250 562/565/251 563/567/250
f 535/566/249 563/567/249 534/568/248
f 534/568/248 563/567/249 564/569/248
f 534/568/247 564/569/247 533/570/246
f 533/570/246 564/569/247 565/571/246
f 533/570/245 565/571/245 532/572/244
f 532/572/244 565/571/245 566/573/244
f 532/572/243 566/573/243 531/574/242
f 531/574/242 566/573/243 567/575/242
f 531/574/241 567/575/241 530/576/240
f 530/576/240 567/575/241 568/577/240
f 530/576/238 568/577/238 529/578/239
f 529/578/237 568/577/238 569/579/237
f 529/578/236 569/579/236 528/580/235
f 528/580/235 569/579/236 570/581/235
f 528/580/234 570/581/234 527/582/233
f 527/582/233 570/581/234 571/583/233
f 527/582/232 571/583/232 526/535/231
f 526/535/231 571/583/232 572/536/231
f 548/584/49 538/585/49 525/586/49
f 525/586/49 538/585/49 537/587/49
f 525/586/49 537/587/49 526/588/49
f 526/588/49 537/587/49 536/589/49
f 526/588/49 536/589/49 527/590/49
f 527/590/49 536/589/49 535/591/49
f 527/590/49 535/591/49 528/592/49
f 528/592/49 535/591/49 534/593/49
f 528/592/49 534/593/49 529/594/49
f 529/594/49 534/593/49 533/595/49
f 529/594/49 533/595/49 530/596/49
f 530/596/49 533/595/49 532/597/49
f 530/596/49 532/597/49 531/598/49
f 538/585/49 548/584/49 539/599/49
f 539/599/49 548/584/49 547/600/49
f 539/599/49 547/600/49 540/601/49
f 540/601/49 547/600/49 546/602/49
f 540/601/49 546/602/49 541/603/49
f 541/603/49 546/602/49 545/604/49
f 541/603/49 545/604/49 542/605/49
f 542/605/49 545/604/49 544/606/49
f 542/605/49 544/606/49 543/607/49
f 574/535/230 620/536/230 573/537/54
f 573/537/54 620/536/230 597/538/54
f 573/539/229 597/540/229 596/541/252
f 596/541/252 597/540/229 598/608/252
f 596/541/227 598/608/227 595/543/226
f 595/543/226 598/608/227 599/544/226
f 595/543/225 599/544/225 594/545/224
f 594/545/224 599/544/225 600/546/224
f 594/545/223 600/546/223 593/547/222
f 593/547/222 600/546/223 601/548/222
f 593/547/220 601/548/220 592/549/219
f 592/549/219 601/548/220 602/550/219
f 592/549/255 602/550/255 591/551/217
f 591/551/217 602/550/255 603/552/217
f 591/551/216 603/552/216 590/553/254
f 590/553/254 603/552/216 604/554/254
f 590/553/214 604/554/214 589/555/213
f 589/555/213 604/554/214 605/556/213
f 589/555/212 605/556/212 588/557/211
f 588/557/211 605/556/212 606/558/211
f 588/557/210 606/558/210 587/559/209
f 587/559/209 606/558/210 607/560/209
f 587/559/208 607/560/208 586/561/207
f 586/561/207 607/560/208 608/562/207
f 586/561/253 608/562/253 585/563/205
f 585/563/205 608/562/253 609/224/205
f 585/563/204 609/224/204 584/564/203
f 584/564/203 609/224/204 610/565/203
f 584/564/251 610/565/251 583/566/250
f 583/566/250 610/565/251 611/567/250
f 583/566/249 611/567/249 582/568/248
f 582/568/248 611/567/249 612/569/248
f 582/568/247 612/569/247 581/570/246
f 581/570/246 612/569/247 613/571/246
f 581/570/245 613/571/245 580/572/244
f 580/572/244 613/571/245 614/573/244
f 580/572/258 614/573/258 579/574/242
f 579/574/242 614/573/259 615/575/242
f 579/574/241 615/575/241 578/576/256
f 578/576/257 615/575/241 616/577/257
f 578/576/238 616/577/238 577/578/239
f 577/578/239 616/577/238 617/579/239
f 577/578/236 617/579/236 576/580/235
f 576/580/235 617/579/236 618/581/235
f 576/580/234 618/581/234 575/582/233
f 575/582/233 618/581/234 619/583/233
f 575/582/232 619/583/232 574/535/231
f 574/535/231 619/583/232 620/536/231
f 596/584/49 586/585/49 573/586/49
f 573/586/49 586/585/49 585/587/49
f 573/586/49 585/587/49 574/588/49
f 574/588/49 585/587/49 584/589/49
f 574/588/49 584/589/49 575/590/49
f 575/590/49 584/589/49 583/591/49
f 575/590/49 583/591/49 576/592/49
f 576/592/49 583/591/49 582/593/49
f 576/592/49 582/593/49 577/594/49
f 577/594/49 582/593/49 581/595/49
f 577/594/49 581/595/49 578/596/49
f 578/596/49 581/595/49 580/597/49
f 578/596/49 580/597/49 579/598/49
f 586/585/49 596/584/49 587/599/49
f 587/599/49 596/584/49 595/600/49
f 587/599/49 595/600/49 588/601/49
f 588/601/49 595/600/49 594/602/49
f 588/601/49 594/602/49 589/603/49
f 589/603/49 594/602/49 593/604/49
f 589/603/49 593/604/49 590/605/49
f 590/605/49 593/604/49 592/606/49
f 590/605/49 592/606/49 591/607/49
f 622/535/230 668/536/230 621/537/54
f 621/537/54 668/536/230 645/538/54
f 621/539/229 645/540/229 644/541/252
f 644/541/252 645/540/229 646/608/252
f 644/541/227 646/608/227 643/543/226
f 643/543/226 646/608/227 647/544/226
f 643/543/225 647/544/225 642/545/224
f 642/545/224 647/544/225 648/546/224
f 642/545/223 648/546/223 641/547/222
f 641/547/222 648/546/223 649/548/222
f 641/547/220 649/548/220 640/549/219
f 640/549/219 649/548/220 650/550/219
f 640/549/255 650/550/255 639/551/217
f 639/551/217 650/550/255 651/552/217
f 639/551/216 651/552/216 638/553/254
f 638/553/254 651/552/216 652/554/254
f 638/553/214 652/554/214 637/555/213
f 637/555/213 652/554/214 653/556/213
f 637/555/212 653/556/212 636/557/211
f 636/557/211 653/556/212 654/558/211
f 636/557/210 654/558/210 635/559/209
f 635/559/209 654/558/210 655/560/209
f 635/559/208 655/560/208 634/561/207
f 634/561/207 655/560/208 656/562/207
f 634/561/253 656/562/253 633/563/205
f 633/563/205 656/562/253 657/224/205
f 633/563/204 657/224/204 632/564/203
f 632/564/203 657/224/204 658/565/203
f 632/564/251 658/565/251 631/566/250
f 631/566/250 658/565/251 659/567/250
f 631/566/249 659/567/249 630/568/248
f 630/568/248 659/567/249 660/569/248
f 630/568/247 660/569/247 629/570/246
f 629/570/246 660/569/247 661/571/246
f 629/570/245 661/571/245 628/572/244
f 628/572/244 661/571/245 662/573/244
f 628/572/259 662/573/259 627/574/242
f 627/574/242 662/573/258 663/575/242
f 627/574/241 663/575/241 626/576/257
f 626/576/256 663/575/241 664/577/256
f 626/576/238 664/577/238 625/578/239
f 625/578/239 664/577/238 665/579/239
f 625/578/236 665/579/236 624/580/235
f 624/580/235 665/579/236 666/581/235
f 624/580/234 666/581/234 623/582/233
f 623/582/233 666/581/234 667/583/233
f 623/582/232 667/583/232 622/535/231
f 622/535/231 667/583/232 668/536/231
f 644/584/49 634/585/49 621/586/49
f 621/586/49 634/585/49 633/587/49
f 621/586/49 633/587/49 622/588/49
f 622/588/49 633/587/49 632/589/49
f 622/588/49 632/589/49 623/590/49
f 623/590/49 632/589/49 631/591/49
f 623/590/49 631/591/49 624/592/49
f 624/592/49 631/591/49 630/593/49
f 624/592/49 630/593/49 625/594/49
f 625/594/49 630/593/49 629/595/49
f 625/594/49 629/595/49 626/596/49
f 626/596/49 629/595/49 628/597/49
f 626/596/49 628/597/49 627/598/49
f 634/585/49 644/584/49 635/599/49
f 635/599/49 644/584/49 643/600/49
f 635/599/49 643/600/49 636/601/49
f 636/601/49 643/600/49 642/602/49
f 636/601/49 642/602/49 637/603/49
f 637/603/49 642/602/49 641/604/49
f 637/603/49 641/604/49 638/605/49
f 638/605/49 641/604/49 640/606/49
f 638/605/49 640/606/49 639/607/49
f 120/609/260 694/610/260 97/611/261
f 97/611/261 694/610/260 693/612/261
f 97/613/262 693/614/262 98/615/263
f 98/615/263 693/614/262 716/616/263
f 98/615/264 716/616/264 99/617/265
f 99/617/265 716/616/264 715/618/265
f 99/617/266 715/618/266 100/619/267
f 100/619/268 715/618/266 714/620/268
f 100/619/269 714/620/269 101/621/270
f 101/621/271 714/620/267 713/622/271
f 101/621/272 713/622/272 102/623/273
f 102/623/274 713/622/270 712/624/274
f 102/623/275 712/624/275 103/625/276
f 103/625/276 712/624/275 711/626/276
f 103/625/277 711/626/277 104/627/278
f 104/627/278 711/626/277 710/628/278
f 104/627/279 710/628/279 105/629/280
f 105/629/281 710/628/282 709/630/281
f 105/629/283 709/630/283 106/631/284
f 106/631/285 709/630/280 708/632/285
f 106/631/286 708/632/286 107/633/287
f 107/633/287 708/632/284 707/634/287
f 107/633/288 707/634/288 108/635/289
f 108/635/289 707/634/288 706/636/289
f 108/635/290 706/636/290 109/637/291
f 109/637/291 706/636/292 705/638/291
f 109/637/293 705/638/293 110/639/294
f 110/639/294 705/638/293 704/640/294
f 110/639/295 704/640/295 111/641/296
f 111/641/296 704/640/295 703/642/296
f 111/641/297 703/642/297 112/643/298
f 112/643/299 703/642/297 702/644/299
f 112/643/299 702/644/299 113/645/300
f 113/645/301 702/644/302 701/646/301
f 113/645/301 701/646/301 114/647/303
f 114/647/303 701/646/304 700/648/303
f 114/647/305 700/648/305 115/649/126
f 115/649/126 700/648/305 699/650/126
f 115/649/127 699/650/127 116/651/306
f 116/651/307 699/650/127 698/652/307
f 116/651/308 698/652/308 117/653/309
f 117/653/310 698/652/308 697/654/310
f 117/653/310 697/654/310 118/655/311
f 118/655/312 697/654/313 696/656/312
f 118/655/312 696/656/312 119/657/314
f 119/657/314 696/656/315 695/658/314
f 119/657/316 695/658/316 120/609/317
f 120/609/317 695/658/316 694/610/317
f 670/535/263 716/616/263 669/537/262
f 669/537/262 716/616/263 693/614/262
f 669/539/261 693/612/261 692/541/260
f 692/541/260 693/612/261 694/610/260
f 692/541/317 694/610/317 691/543/316
f 691/543/318 694/610/317 695/658/318
f 691/543/314 695/658/314 690/545/315
f 690/545/312 695/658/314 696/656/312
f 690/545/312 696/656/312 689/547/313
f 689/547/310 696/656/311 697/654/310
f 689/547/310 697/654/310 688/549/308
f 688/549/308 697/654/309 698/652/308
f 688/549/306 698/652/306 687/551/127
f 687/551/127 698/652/306 699/650/127
f 687/551/126 699/650/126 686/553/305
f 686/553/305 699/650/126 700/648/305
f 686/553/303 700/648/303 685/555/304
f 685/555/301 700/648/303 701/646/301
f 685/555/301 701/646/301 684/557/302
f 684/557/299 701/646/300 702/644/299
f 684/557/299 702/644/299 683/559/297
f 683/559/297 702/644/298 703/642/297
f 683/559/319 703/642/319 682/561/295
f 682/561/295 703/642/296 704/640/295
f 682/561/294 704/640/294 681/563/293
f 681/563/293 704/640/294 705/638/293
f 681/563/291 705/638/291 680/564/292
f 680/564/290 705/638/291 706/636/290
f 680/564/289 706/636/289 679/566/288
f 679/566/288 706/636/289 707/634/288
f 679/566/287 707/634/287 678/568/286
f 678/568/286 707/634/287 708/632/286
f 678/568/285 708/632/285 677/570/280
f 677/570/280 708/632/285 709/630/280
f 677/570/281 709/630/281 676/572/320
f 676/572/320 709/630/280 710/628/320
f 676/572/282 710/628/282 675/574/277
f 675/574/277 710/628/278 711/626/277
f 675/574/276 711/626/276 674/576/275
f 674/576/273 711/626/276 712/624/273
f 674/576/321 712/624/321 673/578/270
f 673/578/272 712/624/321 713/622/272
f 673/578/270 713/622/270 672/580/269
f 672/580/269 713/622/270 714/620/269
f 672/580/268 714/620/268 671/582/266
f 671/582/266 714/620/268 715/618/266
f 671/582/265 715/618/265 670/535/264
f 670/535/264 715/618/265 716/616/264
f 692/584/48 682/585/48 669/586/48
f 669/586/48 682/585/48 681/587/48
f 669/586/48 681/587/48 670/588/48
f 670/588/48 681/587/48 680/589/48
f 670/588/48 680/589/48 671/590/48
f 671/590/48 680/589/48 679/591/48
f 671/590/48 679/591/48 672/592/48
f 672/592/48 679/591/48 678/593/48
f 672/592/48 678/593/48 673/594/48
f 673/594/48 678/593/48 677/595/48
f 673/594/48 677/595/48 674/596/48
f 674/596/48 677/595/48 676/597/48
f 674/596/48 676/597/48 675/598/48
f 682/585/48 692/584/48 683/599/48
f 683/599/48 692/584/48 691/600/48
f 683/599/48 691/600/48 684/601/48
f 684/601/48 691/600/48 690/602/48
f 684/601/48 690/602/48 685/603/48
f 685/603/48 690/602/48 689/604/48
f 685/603/48 689/604/48 686/605/48
f 686/605/48 689/604/48 688/606/48
f 686/605/48 688/606/48 687/607/48
f 72/609/260 742/610/260 49/611/261
f 49/611/261 742/610/260 741/612/261
f 49/613/262 741/614/262 50/615/263
f 50/615/263 741/614/262 764/616/263
f 50/615/264 764/616/264 51/617/265
f 51/617/265 764/616/264 763/618/265
f 51/617/266 763/618/266 52/619/267
f 52/619/268 763/618/266 762/620/268
f 52/619/269 762/620/269 53/621/270
f 53/621/271 762/620/267 761/622/271
f 53/621/272 761/622/272 54/623/273
f 54/623/274 761/622/270 760/624/274
f 54/623/275 760/624/275 55/625/276
f 55/625/276 760/624/275 759/626/276
f 55/625/277 759/626/277 56/627/278
f 56/627/278 759/626/277 758/628/278
f 56/627/279 758/628/279 57/629/280
f 57/629/281 758/628/282 757/630/281
f 57/629/283 757/630/283 58/631/284
f 58/631/285 757/630/280 756/632/285
f 58/631/286 756/632/286 59/633/287
f 59/633/287 756/632/284 755/634/287
f 59/633/288 755/634/288 60/635/289
f 60/635/289 755/634/288 754/636/289
f 60/635/290 754/636/290 61/637/291
f 61/637/291 754/636/292 753/638/291
f 61/637/293 753/638/293 62/639/294
f 62/639/294 753/638/293 752/640/294
f 62/639/295 752/640/295 63/641/296
f 63/641/296 752/640/295 751/642/296
f 63/641/297 751/642/297 64/643/298
f 64/643/299 751/642/297 750/644/299
f 64/643/299 750/644/299 65/645/300
f 65/645/301 750/644/302 749/646/301
f 65/645/304 749/646/304 66/647/303
f 66/647/303 749/646/304 748/648/303
f 66/647/305 748/648/305 67/649/126
f 67/649/126 748/648/305 747/650/126
f 67/649/127 747/650/127 68/651/307
f 68/651/307 747/650/127 746/652/307
f 68/651/308 746/652/308 69/653/309
f 69/653/309 746/652/308 745/654/309
f 69/653/310 745/654/310 70/655/311
f 70/655/312 745/654/313 744/656/312
f 70/655/312 744/656/312 71/657/314
f 71/657/314 744/656/315 743/658/314
f 71/657/316 743/658/316 72/609/317
f 72/609/317 743/658/316 742/610/317
f 718/535/263 764/616/263 717/537/262
f 717/537/262 764/616/263 741/614/262
f 717/539/261 741/612/261 740/541/260
f 740/541/260 741/612/261 742/610/260
f 740/541/317 742/610/317 739/543/316
f 739/543/318 742/610/317 743/658/318
f 739/543/314 743/658/314 738/545/315
f 738/545/312 743/658/314 744/656/312
f 738/545/312 744/656/312 737/547/313
f 737/547/310 744/656/311 745/654/310
f 737/547/309 745/654/309 736/549/308
f 736/549/308 745/654/309 746/652/308
f 736/549/307 746/652/307 735/551/127
f 735/551/127 746/652/307 747/650/127
f 735/551/126 747/650/126 734/553/305
f 734/553/305 747/650/126 748/648/305
f 734/553/303 748/648/303 733/555/304
f 733/555/304 748/648/303 749/646/304
f 733/555/301 749/646/301 732/557/302
f 732/557/299 749/646/300 750/644/299
f 732/557/299 750/644/299 731/559/297
f 731/559/297 750/644/298 751/642/297
f 731/559/319 751/642/319 730/561/295
f 730/561/295 751/642/296 752/640/295
f 730/561/294 752/640/294 729/563/293
f 729/563/293 752/640/294 753/638/293
f 729/563/291 753/638/291 728/564/292
f 728/564/290 753/638/291 754/636/290
f 728/564/289 754/636/289 727/566/288
f 727/566/288 754/636/289 755/634/288
f 727/566/287 755/634/287 726/568/286
f 726/568/286 755/634/287 756/632/286
f 726/568/285 756/632/285 725/570/280
f 725/570/280 756/632/285 757/630/280
f 725/570/281 757/630/281 724/572/320
f 724/572/320 757/630/281 758/628/320
f 724/572/282 758/628/282 723/574/277
f 723/574/277 758/628/278 759/626/277
f 723/574/276 759/626/276 722/576/275
f 722/576/273 759/626/276 760/624/273
f 722/576/321 760/624/321 721/578/272
f 721/578/272 760/624/321 761/622/272
f 721/578/270 761/622/270 720/580/269
f 720/580/269 761/622/270 762/620/269
f 720/580/268 762/620/268 719/582/266
f 719/582/266 762/620/268 763/618/266
f 719/582/265 763/618/265 718/535/264
f 718/535/264 763/618/265 764/616/264
f 740/584/48 730/585/48 717/586/48
f 717/586/48 730/585/48 729/587/48
f 717/586/48 729/587/48 718/588/48
f 718/588/48 729/587/48 728/589/48
f 718/588/48 728/589/48 719/590/48
f 719/590/48 728/589/48 727/591/48
f 719/590/48 727/591/48 720/592/48
f 720/592/48 727/591/48 726/593/48
f 720/592/48 726/593/48 721/594/48
f 721/594/48 726/593/48 725/595/48
f 721/594/48 725/595/48 722/596/48
f 722/596/48 725/595/48 724/597/48
f 722/596/48 724/597/48 723/598/48
f 730/585/48 740/584/48 731/599/48
f 731/599/48 740/584/48 739/600/48
f 731/599/48 739/600/48 732/601/48
f 732/601/48 739/600/48 738/602/48
f 732/601/48 738/602/48 733/603/48
f 733/603/48 738/602/48 737/604/48
f 733/603/48 737/604/48 734/605/48
f 734/605/48 737/604/48 736/606/48
f 734/605/48 736/606/48 735/607/48
f 96/659/260 790/660/260 73/661/261
f 73/661/261 790/660/260 789/662/261
f 73/663/262 789/664/262 74/665/263
f 74/665/263 789/664/262 812/666/263
f 74/665/264 812/666/264 75/667/322
f 75/667/323 812/666/264 811/668/323
f 75/667/266 811/668/266 76/669/268
f 76/669/268 811/668/266 810/670/268
f 76/669/324 810/670/324 77/617/271
f 77/617/271 810/670/324 809/671/271
f 77/617/272 809/671/272 78/672/321
f 78/672/321 809/671/272 808/673/321
f 78/672/325 808/673/325 79/674/276
f 79/674/276 808/673/273 807/675/276
f 79/674/277 807/675/277 80/676/282
f 80/676/326 807/675/277 806/677/326
f 80/676/320 806/677/320 81/627/281
f 81/627/281 806/677/320 805/678/281
f 81/627/283 805/678/283 82/679/327
f 82/679/327 805/678/283 804/680/327
f 82/679/286 804/680/286 83/681/287
f 83/681/287 804/680/286 803/682/287
f 83/681/328 803/682/328 84/683/289
f 84/683/289 803/682/329 802/684/289
f 84/683/330 802/684/330 85/637/291
f 85/637/291 802/684/330 801/685/291
f 85/637/293 801/685/293 86/686/331
f 86/686/331 801/685/293 800/687/331
f 86/686/295 800/687/295 87/688/296
f 87/688/296 800/687/295 799/689/296
f 87/688/297 799/689/297 88/690/298
f 88/690/299 799/689/297 798/691/299
f 88/690/299 798/691/299 89/647/300
f 89/647/300 798/691/302 797/692/300
f 89/647/304 797/692/304 90/693/303
f 90/693/303 797/692/304 796/694/303
f 90/693/332 796/694/332 91/695/126
f 91/695/126 796/694/305 795/696/126
f 91/695/127 795/696/127 92/697/307
f 92/697/306 795/696/127 794/698/306
f 92/697/308 794/698/308 93/657/309
f 93/657/309 794/698/308 793/699/309
f 93/657/313 793/699/313 94/700/311
f 94/700/312 793/699/313 792/701/312
f 94/700/312 792/701/312 95/702/314
f 95/702/314 792/701/315 791/703/314
f 95/702/316 791/703/316 96/659/317
f 96/659/317 791/703/316 790/660/317
f 766/704/263 812/666/263 765/705/262
f 765/705/262 812/666/263 789/664/262
f 765/706/261 789/662/261 788/707/260
f 788/707/260 789/662/261 790/660/260
f 788/707/317 790/660/317 787/708/316
f 787/708/316 790/660/317 791/703/316
f 787/708/314 791/703/314 786/709/315
f 786/709/312 791/703/314 792/701/312
f 786/709/312 792/701/312 785/710/333
f 785/710/310 792/701/311 793/699/310
f 785/710/309 793/699/309 784/711/308
f 784/711/308 793/699/309 794/698/308
f 784/711/307 794/698/307 783/712/127
f 783/712/127 794/698/307 795/696/127
f 783/712/126 795/696/126 782/713/305
f 782/713/305 795/696/126 796/694/305
f 782/713/303 796/694/303 781/714/304
f 781/714/304 796/694/303 797/692/304
f 781/714/301 797/692/301 780/715/302
f 780/715/299 797/692/334 798/691/299
f 780/715/299 798/691/299 779/716/297
f 779/716/297 798/691/298 799/689/297
f 779/716/296 799/689/296 778/717/295
f 778/717/295 799/689/296 800/687/295
f 778/717/331 800/687/331 777/718/293
f 777/718/293 800/687/331 801/685/293
f 777/718/291 801/685/291 776/719/330
f 776/719/330 801/685/291 802/684/330
f 776/719/289 802/684/289 775/720/329
f 775/720/329 802/684/289 803/682/329
f 775/720/287 803/682/287 774/721/284
f 774/721/286 803/682/328 804/680/286
f 774/721/327 804/680/327 773/722/283
f 773/722/283 804/680/327 805/678/283
f 773/722/281 805/678/281 772/723/320
f 772/723/320 805/678/281 806/677/320
f 772/723/326 806/677/326 771/724/277
f 771/724/277 806/677/282 807/675/277
f 771/724/276 807/675/276 770/725/273
f 770/725/325 807/675/276 808/673/325
f 770/725/321 808/673/321 769/726/272
f 769/726/272 808/673/321 809/671/272
f 769/726/271 809/671/271 768/727/324
f 768/727/324 809/671/271 810/670/324
f 768/727/268 810/670/268 767/728/323
f 767/728/266 810/670/267 811/668/266
f 767/728/322 811/668/322 766/704/264
f 766/704/264 811/668/322 812/666/264
f 788/729/48 778/730/48 765/731/48
f 765/731/48 778/730/48 777/732/48
f 765/731/48 777/732/48 766/733/48
f 766/733/48 777/732/48 776/734/48
f 766/733/48 776/734/48 767/735/48
f 767/735/48 776/734/48 775/736/48
f 767/735/48 775/736/48 768/737/48
f 768/737/48 775/736/48 774/738/48
f 768/737/48 774/738/48 769/739/48
f 769/739/48 774/738/48 773/740/48
f 769/739/48 773/740/48 770/741/48
f 770/741/48 773/740/48 772/742/48
f 770/741/48 772/742/48 771/743/48
f 778/730/48 788/729/48 779/744/48
f 779/744/48 788/729/48 787/745/48
f 779/744/48 787/745/48 780/746/48
f 780/746/48 787/745/48 786/747/48
f 780/746/48 786/747/48 781/748/48
f 781/748/48 786/747/48 785/749/48
f 781/748/48 785/749/48 782/750/48
f 782/750/48 785/749/48 784/751/48
f 782/750/48 784/751/48 783/752/48
f 814/704/330 862/753/330 813/705/291
f 813/705/291 862/753/330 861/754/291
f 813/706/293 861/755/293 836/707/331
f 836/707/331 861/755/293 884/756/331
f 836/707/295 884/756/295 835/708/296
f 835/708/296 884/756/295 883/757/296
f 835/708/297 883/757/297 834/709/298
f 834/709/299 883/757/297 882/758/299
f 834/709/299 882/758/299 833/710/300
f 833/710/301 882/758/302 881/543/301
f 833/710/304 881/543/304 832/711/303
f 832/711/303 881/543/304 880/759/303
f 832/711/305 880/759/305 831/712/126
f 831/712/126 880/759/305 879/760/126
f 831/712/127 879/760/127 830/713/307
f 830/713/307 879/760/127 878/761/307
f 830/713/308 878/761/308 829/714/309
f 829/714/309 878/761/308 877/553/309
f 829/714/310 877/553/310 828/715/311
f 828/715/312 877/553/313 876/762/312
f 828/715/312 876/762/312 827/716/314
f 827/716/314 876/762/315 875/763/314
f 827/716/316 875/763/316 826/717/317
f 826/717/317 875/763/316 874/764/317
f 826/717/260 874/764/260 825/718/261
f 825/718/261 874/764/260 873/563/261
f 825/718/262 873/563/262 824/719/263
f 824/719/263 873/563/262 872/765/263
f 824/719/264 872/765/264 823/720/322
f 823/720/322 872/765/264 871/766/322
f 823/720/266 871/766/266 822/721/267
f 822/721/268 871/766/323 870/767/268
f 822/721/324 870/767/324 821/722/271
f 821/722/271 870/767/324 869/572/271
f 821/722/272 869/572/272 820/723/321
f 820/723/321 869/572/272 868/768/321
f 820/723/325 868/768/325 819/724/276
f 819/724/276 868/768/273 867/769/276
f 819/724/277 867/769/277 818/725/282
f 818/725/326 867/769/277 866/770/326
f 818/725/320 866/770/320 817/726/281
f 817/726/281 866/770/320 865/582/281
f 817/726/283 865/582/283 816/727/327
f 816/727/327 865/582/283 864/771/327
f 816/727/286 864/771/286 815/728/328
f 815/728/287 864/771/284 863/772/287
f 815/728/329 863/772/329 814/704/289
f 814/704/289 863/772/329 862/753/289
f 838/773/331 884/756/331 837/774/293
f 837/774/293 884/756/331 861/755/293
f 837/775/291 861/754/291 860/776/330
f 860/776/330 861/754/291 862/753/330
f 860/776/289 862/753/289 859/777/329
f 859/777/329 862/753/289 863/772/329
f 859/777/287 863/772/287 858/778/284
f 858/778/286 863/772/328 864/771/286
f 858/778/327 864/771/327 857/583/283
f 857/583/283 864/771/327 865/582/283
f 857/583/281 865/582/281 856/779/320
f 856/779/320 865/582/281 866/770/320
f 856/779/326 866/770/326 855/780/277
f 855/780/277 866/770/282 867/769/277
f 855/780/276 867/769/276 854/781/273
f 854/781/325 867/769/276 868/768/325
f 854/781/321 868/768/321 853/573/272
f 853/573/272 868/768/321 869/572/272
f 853/573/271 869/572/271 852/782/324
f 852/782/324 869/572/271 870/767/324
f 852/782/268 870/767/268 851/783/323
f 851/783/266 870/767/267 871/766/266
f 851/783/322 871/766/322 850/784/264
f 850/784/264 871/766/322 872/765/264
f 850/784/263 872/765/263 849/224/262
f 849/224/262 872/765/263 873/563/262
f 849/224/261 873/563/261 848/785/260
f 848/785/260 873/563/261 874/764/260
f 848/785/317 874/764/317 847/786/316
f 847/786/316 874/764/317 875/763/316
f 847/786/314 875/763/314 846/787/315
f 846/787/312 875/763/314 876/762/312
f 846/787/312 876/762/312 845/554/313
f 845/554/310 876/762/311 877/553/310
f 845/554/309 877/553/309 844/788/308
f 844/788/308 877/553/309 878/761/308
f 844/788/307 878/761/307 843/789/127
f 843/789/127 878/761/307 879/760/127
f 843/789/126 879/760/126 842/790/305
f 842/790/305 879/760/126 880/759/305
f 842/790/303 880/759/303 841/544/304
f 841/544/304 880/759/303 881/543/304
f 841/544/301 881/543/301 840/791/302
f 840/791/299 881/543/300 882/758/299
f 840/791/299 882/758/299 839/792/297
f 839/792/297 882/758/298 883/757/297
f 839/792/296 883/757/296 838/773/295
f 838/773/295 883/757/296 884/756/295
f 836/729/53 826/730/53 813/731/53
f 813/731/53 826/730/53 825/732/53
f 813/731/53 825/732/53 814/733/53
f 814/733/53 825/732/53 824/734/53
f 814/733/53 824/734/53 815/735/53
f 815/735/53 824/734/53 823/736/53
f 815/735/53 823/736/53 816/737/53
f 816/737/53 823/736/53 822/738/53
f 816/737/53 822/738/53 817/739/53
f 817/739/53 822/738/53 821/740/53
f 817/739/53 821/740/53 818/741/53
f 818/741/53 821/740/53 820/742/53
f 818/741/53 820/742/53 819/743/53
f 826/730/53 836/729/53 827/744/53
f 827/744/53 836/729/53 835/745/53
f 827/744/53 835/745/53 828/746/53
f 828/746/53 835/745/53 834/747/53
f 828/746/53 834/747/53 829/748/53
f 829/748/53 834/747/53 833/749/53
f 829/748/53 833/749/53 830/750/53
f 830/750/53 833/749/53 832/751/53
f 830/750/53 832/751/53 831/752/53
f 886/793/294 932/541/294 885/794/293
f 885/794/293 932/541/294 909/539/293
f 885/795/291 909/537/291 908/796/292
f 908/796/290 909/537/291 910/535/290
f 908/796/289 910/535/289 907/797/329
f 907/797/329 910/535/289 911/582/329
f 907/797/328 911/582/328 906/798/286
f 906/798/286 911/582/328 912/580/286
f 906/798/285 912/580/285 905/799/280
f 905/799/280 912/580/285 913/578/280
f 905/799/281 913/578/281 904/800/320
f 904/800/320 913/578/281 914/576/320
f 904/800/282 914/576/282 903/801/277
f 903/801/277 914/576/326 915/574/277
f 903/801/50 915/574/50 902/802/325
f 902/802/273 915/574/276 916/572/273
f 902/802/321 916/572/321 901/803/272
f 901/803/272 916/572/321 917/570/272
f 901/803/270 917/570/270 900/804/269
f 900/804/269 917/570/270 918/568/269
f 900/804/268 918/568/268 899/805/323
f 899/805/323 918/568/268 919/566/323
f 899/805/322 919/566/322 898/806/264
f 898/806/264 919/566/322 920/564/264
f 898/806/263 920/564/263 897/807/262
f 897/807/262 920/564/263 921/563/262
f 897/807/261 921/563/261 896/808/260
f 896/808/260 921/563/261 922/561/260
f 896/808/317 922/561/317 895/809/316
f 895/809/318 922/561/317 923/559/318
f 895/809/335 923/559/335 894/810/315
f 894/810/336 923/559/314 924/557/336
f 894/810/311 924/557/311 893/811/310
f 893/811/313 924/557/312 925/555/313
f 893/811/309 925/555/309 892/812/308
f 892/812/308 925/555/309 926/553/308
f 892/812/306 926/553/306 891/813/127
f 891/813/52 926/553/337 927/551/52
f 891/813/52 927/551/52 890/814/338
f 890/814/305 927/551/126 928/549/305
f 890/814/303 928/549/303 889/815/304
f 889/815/304 928/549/303 929/547/304
f 889/815/300 929/547/300 888/816/299
f 888/816/302 929/547/301 930/545/302
f 888/816/339 930/545/339 887/817/297
f 887/817/340 930/545/298 931/543/340
f 887/817/319 931/543/319 886/793/295
f 886/793/295 931/543/296 932/541/295
f 932/584/53 922/585/53 909/586/53
f 909/586/53 922/585/53 921/587/53
f 909/586/53 921/587/53 910/588/53
f 910/588/53 921/587/53 920/589/53
f 910/588/53 920/589/53 911/590/53
f 911/590/53 920/589/53 919/591/53
f 911/590/53 919/591/53 912/592/53
f 912/592/53 919/591/53 918/593/53
f 912/592/53 918/593/53 913/594/53
f 913/594/53 918/593/53 917/595/53
f 913/594/53 917/595/53 914/596/53
f 914/596/53 917/595/53 916/597/53
f 914/596/53 916/597/53 915/598/53
f 922/585/53 932/584/53 923/599/53
f 923/599/53 932/584/53 931/600/53
f 923/599/53 931/600/53 924/601/53
f 924/601/53 931/600/53 930/602/53
f 924/601/53 930/602/53 925/603/53
f 925/603/53 930/602/53 929/604/53
f 925/603/53 929/604/53 926/605/53
f 926/605/53 929/604/53 928/606/53
f 926/605/53 928/606/53 927/607/53
f 934/793/341 980/541/341 933/794/293
f 933/794/293 980/541/294 957/539/293
f 933/795/291 957/537/291 956/796/290
f 956/796/290 957/537/291 958/535/290
f 956/796/289 958/535/289 955/797/329
f 955/797/329 958/535/289 959/582/329
f 955/797/328 959/582/328 954/798/286
f 954/798/286 959/582/328 960/580/286
f 954/798/285 960/580/285 953/799/280
f 953/799/283 960/580/284 961/578/283
f 953/799/281 961/578/281 952/800/320
f 952/800/320 961/578/281 962/576/320
f 952/800/326 962/576/326 951/801/50
f 951/801/50 962/576/326 963/574/50
f 951/801/276 963/574/276 950/802/325
f 950/802/325 963/574/276 964/572/325
f 950/802/321 964/572/321 949/803/272
f 949/803/272 964/572/321 965/570/272
f 949/803/271 965/570/271 948/804/267
f 948/804/269 965/570/270 966/568/269
f 948/804/268 966/568/268 947/805/323
f 947/805/323 966/568/268 967/566/323
f 947/805/322 967/566/322 946/806/264
f 946/806/264 967/566/322 968/564/264
f 946/806/263 968/564/263 945/807/262
f 945/807/262 968/564/263 969/563/262
f 945/807/261 969/563/261 944/808/260
f 944/808/260 969/563/261 970/561/260
f 944/808/317 970/561/317 943/809/316
f 943/809/316 970/561/317 971/559/316
f 943/809/314 971/559/314 942/810/315
f 942/810/315 971/559/335 972/557/315
f 942/810/311 972/557/311 941/811/310
f 941/811/310 972/557/311 973/555/310
f 941/811/309 973/555/309 940/812/308
f 940/812/308 973/555/309 974/553/308
f 940/812/306 974/553/306 939/813/127
f 939/813/52 974/553/337 975/551/127
f 939/813/52 975/551/52 938/814/338
f 938/814/332 975/551/126 976/549/332
f 938/814/303 976/549/303 937/815/304
f 937/815/304 976/549/303 977/547/304
f 937/815/301 977/547/301 936/816/302
f 936/816/302 977/547/301 978/545/302
f 936/816/298 978/545/298 935/817/340
f 935/817/297 978/545/298 979/543/297
f 935/817/319 979/543/319 934/793/295
f 934/793/295 979/543/296 980/541/295
f 980/584/53 970/585/53 957/586/53
f 957/586/53 970/585/53 969/587/53
f 957/586/53 969/587/53 958/588/53
f 958/588/53 969/587/53 968/589/53
f 958/588/53 968/589/53 959/590/53
f 959/590/53 968/589/53 967/591/53
f 959/590/53 967/591/53 960/592/53
f 960/592/53 967/591/53 966/593/53
f 960/592/53 966/593/53 961/594/53
f 961/594/53 966/593/53 965/595/53
f 961/594/53 965/595/53 962/596/53
f 962/596/53 965/595/53 964/597/53
f 962/596/53 964/597/53 963/598/53
f 970/585/53 980/584/53 971/599/53
f 971/599/53 980/584/53 979/600/53
f 971/599/53 979/600/53 972/601/53
f 972/601/53 979/600/53 978/602/53
f 972/601/53 978/602/53 973/603/53
f 973/603/53 978/602/53 977/604/53
f 973/603/53 977/604/53 974/605/53
f 974/605/53 977/604/53 976/606/53
f 974/605/53 976/606/53 975/607/53
f 982/793/294 1028/541/294 981/794/293
f 981/794/293 1028/541/294 1005/539/293
f 981/795/291 1005/537/291 1004/796/290
f 1004/796/292 1005/537/291 1006/535/292
f 1004/796/289 1006/535/289 1003/797/329
f 1003/797/288 1006/535/289 1007/582/288
f 1003/797/328 1007/582/328 1002/798/286
f 1002/798/284 1007/582/287 1008/580/284
f 1002/798/284 1008/580/284 1001/799/283
f 1001/799/280 1008/580/285 1009/578/280
f 1001/799/280 1009/578/280 1000/800/320
f 1000/800/320 1009/578/281 1010/576/320
f 1000/800/282 1010/576/282 999/801/277
f 999/801/50 1010/576/326 1011/574/50
f 999/801/276 1011/574/276 998/802/325
f 998/802/273 1011/574/276 1012/572/273
f 998/802/321 1012/572/321 997/803/272
f 997/803/270 1012/572/321 1013/570/270
f 997/803/270 1013/570/270 996/804/269
f 996/804/267 1013/570/271 1014/568/267
f 996/804/267 1014/568/267 995/805/266
f 995/805/323 1014/568/268 1015/566/323
f 995/805/322 1015/566/322 994/806/264
f 994/806/264 1015/566/322 1016/564/264
f 994/806/263 1016/564/263 993/807/262
f 993/807/262 1016/564/263 1017/563/262
f 993/807/261 1017/563/261 992/808/260
f 992/808/260 1017/563/261 1018/561/260
f 992/808/317 1018/561/317 991/809/316
f 991/809/316 1018/561/342 1019/559/316
f 991/809/314 1019/559/343 990/810/312
f 990/810/315 1019/559/335 1020/557/315
f 990/810/311 1020/557/311 989/811/310
f 989/811/313 1020/557/312 1021/555/313
f 989/811/309 1021/555/344 988/812/306
f 988/812/345 1021/555/310 1022/553/345
f 988/812/337 1022/553/337 987/813/52
f 987/813/127 1022/553/307 1023/551/127
f 987/813/126 1023/551/126 986/814/332
f 986/814/338 1023/551/52 1024/549/338
f 986/814/346 1024/549/346 985/815/301
f 985/815/347 1024/549/332 1025/547/304
f 985/815/300 1025/547/300 984/816/299
f 984/816/302 1025/547/301 1026/545/302
f 984/816/298 1026/545/298 983/817/340
f 983/817/348 1026/545/299 1027/543/297
f 983/817/296 1027/543/296 982/793/295
f 982/793/295 1027/543/319 1028/541/295
f 1028/584/53 1018/585/53 1005/586/53
f 1005/586/53 1018/585/53 1017/587/53
f 1005/586/53 1017/587/53 1006/588/53
f 1006/588/53 1017/587/53 1016/589/53
f 1006/588/53 1016/589/53 1007/590/53
f 1007/590/53 1016/589/53 1015/591/53
f 1007/590/53 1015/591/53 1008/592/53
f 1008/592/53 1015/591/53 1014/593/53
f 1008/592/53 1014/593/53 1009/594/53
f 1009/594/53 1014/593/53 1013/595/53
f 1009/594/53 1013/595/53 1010/596/53
f 1010/596/53 1013/595/53 1012/597/53
f 1010/596/53 1012/597/53 1011/598/53
f 1018/585/53 1028/584/53 1019/599/53
f 1019/599/53 1028/584/53 1027/600/53
f 1019/599/53 1027/600/53 1020/601/53
f 1020/601/53 1027/600/53 1026/602/53
f 1020/601/53 1026/602/53 1021/603/53
f 1021/603/53 1026/602/53 1025/604/53
f 1021/603/53 1025/604/53 1022/605/53
f 1022/605/53 1025/604/53 1024/606/53
f 1022/605/53 1024/606/53 1023/607/53
f 1030/793/294 1076/541/294 1029/794/293
f 1029/794/293 1076/541/294 1053/539/293
f 1029/795/291 1053/537/291 1052/796/292
f 1052/796/290 1053/537/291 1054/535/290
f 1052/796/289 1054/535/289 1051/797/329
f 1051/797/329 1054/535/289 1055/582/329
f 1051/797/328 1055/582/328 1050/798/286
f 1050/798/286 1055/582/328 1056/580/286
f 1050/798/285 1056/580/285 1049/799/280
f 1049/799/280 1056/580/285 1057/578/280
f 1049/799/281 1057/578/281 1048/800/320
f 1048/800/320 1057/578/281 1058/576/320
f 1048/800/282 1058/576/282 1047/801/277
f 1047/801/277 1058/576/326 1059/574/277
f 1047/801/276 1059/574/276 1046/802/325
f 1046/802/273 1059/574/276 1060/572/273
f 1046/802/321 1060/572/321 1045/803/272
f 1045/803/272 1060/572/321 1061/570/272
f 1045/803/270 1061/570/270 1044/804/269
f 1044/804/269 1061/570/270 1062/568/269
f 1044/804/268 1062/568/268 1043/805/323
f 1043/805/323 1062/568/268 1063/566/323
f 1043/805/322 1063/566/322 1042/806/264
f 1042/806/264 1063/566/322 1064/564/264
f 1042/806/263 1064/564/263 1041/807/262
f 1041/807/262 1064/564/263 1065/563/262
f 1041/807/261 1065/563/261 1040/808/260
f 1040/808/260 1065/563/261 1066/561/260
f 1040/808/317 1066/561/317 1039/809/316
f 1039/809/318 1066/561/317 1067/559/318
f 1039/809/335 1067/559/335 1038/810/315
f 1038/810/336 1067/559/314 1068/557/336
f 1038/810/311 1068/557/311 1037/811/310
f 1037/811/313 1068/557/312 1069/555/313
f 1037/811/309 1069/555/309 1036/812/308
f 1036/812/308 1069/555/309 1070/553/308
f 1036/812/307 1070/553/307 1035/813/127
f 1035/813/52 1070/553/337 1071/551/52
f 1035/813/52 1071/551/52 1034/814/338
f 1034/814/305 1071/551/126 1072/549/305
f 1034/814/303 1072/549/303 1033/815/304
f 1033/815/304 1072/549/303 1073/547/304
f 1033/815/300 1073/547/300 1032/816/299
f 1032/816/302 1073/547/301 1074/545/302
f 1032/816/339 1074/545/339 1031/817/297
f 1031/817/340 1074/545/298 1075/543/340
f 1031/817/319 1075/543/319 1030/793/295
f 1030/793/295 1075/543/296 1076/541/295
f 1076/584/53 1066/585/53 1053/586/53
f 1053/586/53 1066/585/53 1065/587/53
f 1053/586/53 1065/587/53 1054/588/53
f 1054/588/53 1065/587/53 1064/589/53
f 1054/588/53 1064/589/53 1055/590/53
f 1055/590/53 1064/589/53 1063/591/53
f 1055/590/53 1063/591/53 1056/592/53
f 1056/592/53 1063/591/53 1062/593/53
f 1056/592/53 1062/593/53 1057/594/53
f 1057/594/53 1062/593/53 1061/595/53
f 1057/594/53 1061/595/53 1058/596/53
f 1058/596/53 1061/595/53 1060/597/53
f 1058/596/53 1060/597/53 1059/598/53
f 1066/585/53 1076/584/53 1067/599/53
f 1067/599/53 1076/584/53 1075/600/53
f 1067/599/53 1075/600/53 1068/601/53
f 1068/601/53 1075/600/53 1074/602/53
f 1068/601/53 1074/602/53 1069/603/53
f 1069/603/53 1074/602/53 1073/604/53
f 1069/603/53 1073/604/53 1070/605/53
f 1070/605/53 1073/604/53 1072/606/53
f 1070/605/53 1072/606/53 1071/607/53
f 1078/818/260 1124/819/260 1077/820/261
f 1077/820/261 1124/819/260 1101/821/261
f 1077/822/262 1101/823/262 1100/824/263
f 1100/824/263 1101/823/262 1102/825/263
f 1100/824/264 1102/825/264 1099/826/322
f 1099/826/322 1102/825/264 1103/827/322
f 1099/826/266 1103/827/266 1098/828/268
f 1098/828/268 1103/827/266 1104/829/268
f 1098/828/269 1104/829/269 1097/830/271
f 1097/830/271 1104/829/269 1105/831/271
f 1097/830/272 1105/831/272 1096/832/321
f 1096/832/321 1105/831/272 1106/833/321
f 1096/832/275 1106/833/275 1095/834/276
f 1095/834/276 1106/833/275 1107/835/276
f 1095/834/277 1107/835/277 1094/836/278
f 1094/836/278 1107/835/277 1108/837/278
f 1094/836/320 1108/837/320 1093/838/281
f 1093/838/281 1108/837/320 1109/839/281
f 1093/838/283 1109/839/283 1092/840/349
f 1092/840/327 1109/839/350 1110/538/327
f 1092/840/351 1110/538/351 1091/841/287
f 1091/841/287 1110/538/351 1111/842/287
f 1091/841/329 1111/842/329 1090/843/289
f 1090/843/289 1111/842/329 1112/844/289
f 1090/843/330 1112/844/330 1089/845/291
f 1089/845/291 1112/844/330 1113/224/291
f 1089/845/293 1113/224/293 1088/846/331
f 1088/846/331 1113/224/293 1114/556/331
f 1088/846/295 1114/556/295 1087/847/296
f 1087/847/296 1114/556/295 1115/548/296
f 1087/847/297 1115/548/297 1086/848/339
f 1086/848/339 1115/548/297 1116/540/339
f 1086/848/352 1116/540/352 1085/849/300
f 1085/849/300 1116/540/352 1117/850/300
f 1085/849/304 1117/850/304 1084/851/303
f 1084/851/303 1117/850/304 1118/852/303
f 1084/851/305 1118/852/305 1083/853/126
f 1083/853/126 1118/852/305 1119/854/126
f 1083/853/127 1119/854/127 1082/855/307
f 1082/855/307 1119/854/127 1120/856/307
f 1082/855/308 1120/856/308 1081/857/309
f 1081/857/309 1120/856/308 1121/858/309
f 1081/857/313 1121/858/313 1080/859/353
f 1080/859/353 1121/858/313 1122/860/353
f 1080/859/336 1122/860/336 1079/861/354
f 1079/861/314 1122/860/315 1123/862/314
f 1079/861/316 1123/862/316 1078/818/317
f 1078/818/317 1123/862/316 1124/819/317
f 838/729/53 837/731/53 1077/265/53
f 1077/265/53 837/731/53 860/733/53
f 1077/265/53 860/733/53 1078/863/53
f 1078/863/53 860/733/53 859/735/53
f 1078/863/53 859/735/53 1079/864/53
f 1079/864/53 859/735/53 858/737/53
f 1079/864/53 858/737/53 1080/865/53
f 1080/865/53 858/737/53 857/739/53
f 1080/865/53 857/739/53 1081/866/53
f 1081/866/53 857/739/53 856/741/53
f 1081/866/53 856/741/53 1082/867/53
f 1082/867/53 856/741/53 855/743/53
f 1082/867/53 855/743/53 1083/421/53
f 1083/421/53 855/743/53 1084/868/53
f 1084/868/53 855/743/53 854/742/53
f 1084/868/53 854/742/53 1085/869/53
f 1085/869/53 854/742/53 853/740/53
f 1085/869/53 853/740/53 1086/870/53
f 1086/870/53 853/740/53 852/738/53
f 1086/870/53 852/738/53 1087/871/53
f 1087/871/53 852/738/53 851/736/53
f 1087/871/53 851/736/53 1088/872/53
f 1088/872/53 851/736/53 850/734/53
f 1088/872/53 850/734/53 1089/685/53
f 1089/685/53 850/734/53 849/732/53
f 1089/685/53 849/732/53 1090/873/53
f 1090/873/53 849/732/53 848/730/53
f 1090/873/53 848/730/53 847/744/53
f 1090/873/53 847/744/53 1091/874/53
f 1091/874/53 847/744/53 846/746/53
f 1091/874/53 846/746/53 1092/875/53
f 1092/875/53 846/746/53 845/748/53
f 1092/875/53 845/748/53 1093/876/53
f 1093/876/53 845/748/53 844/750/53
f 1093/876/53 844/750/53 1094/877/53
f 1094/877/53 844/750/53 843/752/53
f 1094/877/53 843/752/53 1095/878/53
f 1095/878/53 843/752/53 1096/879/53
f 1096/879/53 843/752/53 842/751/53
f 1096/879/53 842/751/53 1097/880/53
f 1097/880/53 842/751/53 841/749/53
f 1097/880/53 841/749/53 1098/881/53
f 1098/881/53 841/749/53 840/747/53
f 1098/881/53 840/747/53 1099/882/53
f 1099/882/53 840/747/53 839/745/53
f 1099/882/53 839/745/53 1100/883/53
f 1100/883/53 839/745/53 838/729/53
f 1100/883/53 838/729/53 1077/265/53
f 1126/884/355 1180/885/355 1125/886/261
f 1125/886/261 1180/885/355 1153/887/261
f 1125/888/262 1153/889/262 1152/890/356
f 1152/890/356 1153/889/262 1154/891/356
f 1152/890/357 1154/891/357 1151/892/358
f 1151/892/358 1154/891/357 1155/893/358
f 1151/892/359 1155/893/359 1150/894/360
f 1150/894/360 1155/893/359 1156/895/360
f 1150/894/361 1156/895/361 1149/896/362
f 1149/896/362 1156/895/361 1157/897/362
f 1149/896/363 1157/897/363 1148/898/364
f 1148/898/364 1157/897/365 1158/899/364
f 1148/898/366 1158/899/366 1147/900/367
f 1147/900/367 1158/899/366 1159/901/367
f 1147/900/368 1159/901/368 1146/902/276
f 1146/902/276 1159/901/368 1160/903/276
f 1146/902/277 1160/903/277 1145/904/369
f 1145/904/369 1160/903/277 1161/905/369
f 1145/904/370 1161/905/370 1144/906/371
f 1144/906/371 1161/905/370 1162/907/371
f 1144/906/372 1162/907/372 1143/908/373
f 1143/908/374 1162/907/372 1163/909/374
f 1143/908/375 1163/909/375 1142/910/376
f 1142/910/376 1163/909/375 1164/911/376
f 1142/910/377 1164/911/377 1141/912/378
f 1141/912/378 1164/911/377 1165/913/378
f 1141/912/379 1165/913/379 1140/914/380
f 1140/914/380 1165/913/379 1166/915/380
f 1140/914/381 1166/915/381 1139/637/291
f 1139/637/291 1166/915/381 1167/224/291
f 1139/637/293 1167/224/293 1138/916/382
f 1138/916/382 1167/224/293 1168/917/382
f 1138/916/383 1168/917/383 1137/918/384
f 1137/918/384 1168/917/383 1169/919/384
f 1137/918/385 1169/919/385 1136/920/386
f 1136/920/386 1169/919/385 1170/921/386
f 1136/920/387 1170/921/387 1135/922/388
f 1135/922/388 1170/921/387 1171/923/388
f 1135/922/389 1171/923/389 1134/924/390
f 1134/924/390 1171/923/389 1172/925/390
f 1134/924/391 1172/925/391 1133/926/392
f 1133/926/392 1172/925/391 1173/927/392
f 1133/926/393 1173/927/393 1132/928/126
f 1132/928/126 1173/927/393 1174/929/126
f 1132/928/127 1174/929/127 1131/930/394
f 1131/930/394 1174/929/127 1175/931/394
f 1131/930/395 1175/931/395 1130/932/396
f 1130/932/396 1175/931/395 1176/933/396
f 1130/932/397 1176/933/397 1129/934/398
f 1129/934/398 1176/933/397 1177/935/398
f 1129/934/399 1177/935/399 1128/936/400
f 1128/936/400 1177/935/399 1178/937/400
f 1128/936/401 1178/937/401 1127/938/402
f 1127/938/402 1178/937/401 1179/939/402
f 1127/938/403 1179/939/403 1126/884/404
f 1126/884/404 1179/939/403 1180/885/404
f 1152/940/53 1031/941/53 1125/942/53
f 1125/942/53 1031/941/53 1030/943/53
f 1125/942/53 1030/943/53 1029/944/53
f 1151/945/53 1035/946/53 1152/940/53
f 1152/940/53 1035/946/53 1034/947/53
f 1152/940/53 1034/947/53 1033/948/53
f 1150/949/53 1103/882/53 1151/945/53
f 1151/945/53 1103/882/53 1037/950/53
f 1151/945/53 1037/950/53 1036/951/53
f 1103/882/53 1150/949/53 1104/881/53
f 1104/881/53 1150/949/53 1149/952/53
f 1104/881/53 1149/952/53 1105/880/53
f 1105/880/53 1149/952/53 1148/953/53
f 1105/880/53 1148/953/53 955/954/53
f 955/954/53 1148/953/53 956/955/53
f 956/955/53 1148/953/53 933/956/53
f 933/956/53 1148/953/53 1147/957/53
f 933/956/53 1147/957/53 934/958/53
f 934/958/53 1147/957/53 935/959/53
f 935/959/53 1147/957/53 936/960/53
f 936/960/53 1147/957/53 937/961/53
f 937/961/53 1147/957/53 1146/962/53
f 937/961/53 1146/962/53 938/963/53
f 938/963/53 1146/962/53 939/964/53
f 939/964/53 1146/962/53 940/965/53
f 940/965/53 1146/962/53 941/966/53
f 941/966/53 1146/962/53 1145/967/53
f 941/966/53 1145/967/53 942/968/53
f 942/968/53 1145/967/53 943/969/53
f 943/969/53 1145/967/53 944/970/53
f 944/970/53 1145/967/53 945/971/53
f 945/971/53 1145/967/53 1144/972/53
f 945/971/53 1144/972/53 946/973/53
f 946/973/53 1144/972/53 947/974/53
f 947/974/53 1144/972/53 1109/876/53
f 947/974/53 1109/876/53 948/975/53
f 948/975/53 1109/876/53 1108/877/53
f 948/975/53 1108/877/53 949/976/53
f 949/976/53 1108/877/53 950/977/53
f 950/977/53 1108/877/53 1107/878/53
f 950/977/53 1107/878/53 951/978/53
f 951/978/53 1107/878/53 952/979/53
f 952/979/53 1107/878/53 1106/879/53
f 952/979/53 1106/879/53 953/980/53
f 953/980/53 1106/879/53 954/981/53
f 954/981/53 1106/879/53 1105/880/53
f 954/981/53 1105/880/53 955/954/53
f 1144/972/53 1143/982/53 1109/876/53
f 1109/876/53 1143/982/53 1110/875/53
f 1110/875/53 1143/982/53 1142/983/53
f 1110/875/53 1142/983/53 1111/874/53
f 1111/874/53 1142/983/53 1141/984/53
f 1111/874/53 1141/984/53 889/985/53
f 889/985/53 1141/984/53 890/986/53
f 890/986/53 1141/984/53 891/987/53
f 891/987/53 1141/984/53 1140/988/53
f 891/987/53 1140/988/53 892/989/53
f 892/989/53 1140/988/53 893/990/53
f 893/990/53 1140/988/53 894/991/53
f 894/991/53 1140/988/53 895/992/53
f 895/992/53 1140/988/53 1139/993/53
f 895/992/53 1139/993/53 896/994/53
f 896/994/53 1139/993/53 897/995/53
f 897/995/53 1139/993/53 898/996/53
f 898/996/53 1139/993/53 899/997/53
f 899/997/53 1139/993/53 1138/998/53
f 899/997/53 1138/998/53 900/999/53
f 900/999/53 1138/998/53 901/1000/53
f 901/1000/53 1138/998/53 902/1001/53
f 902/1001/53 1138/998/53 903/1002/53
f 903/1002/53 1138/998/53 1137/1003/53
f 903/1002/53 1137/1003/53 904/1004/53
f 904/1004/53 1137/1003/53 905/1005/53
f 905/1005/53 1137/1003/53 1115/871/53
f 905/1005/53 1115/871/53 906/1006/53
f 906/1006/53 1115/871/53 1114/872/53
f 906/1006/53 1114/872/53 907/1007/53
f 907/1007/53 1114/872/53 908/1008/53
f 908/1008/53 1114/872/53 1113/685/53
f 908/1008/53 1113/685/53 885/1009/53
f 885/1009/53 1113/685/53 886/1010/53
f 886/1010/53 1113/685/53 1112/873/53
f 886/1010/53 1112/873/53 887/1011/53
f 887/1011/53 1112/873/53 888/1012/53
f 888/1012/53 1112/873/53 1111/874/53
f 888/1012/53 1111/874/53 889/985/53
f 1137/1003/53 1136/1013/53 1115/871/53
f 1115/871/53 1136/1013/53 1116/870/53
f 1116/870/53 1136/1013/53 1135/1014/53
f 1116/870/53 1135/1014/53 1117/869/53
f 1117/869/53 1135/1014/53 1134/1015/53
f 1117/869/53 1134/1015/53 991/1016/53
f 991/1016/53 1134/1015/53 992/1017/53
f 992/1017/53 1134/1015/53 993/1018/53
f 993/1018/53 1134/1015/53 1133/1019/53
f 993/1018/53 1133/1019/53 994/1020/53
f 994/1020/53 1133/1019/53 995/1021/53
f 995/1021/53 1133/1019/53 996/1022/53
f 996/1022/53 1133/1019/53 997/1023/53
f 997/1023/53 1133/1019/53 1132/1024/53
f 997/1023/53 1132/1024/53 998/1025/53
f 998/1025/53 1132/1024/53 999/1026/53
f 999/1026/53 1132/1024/53 1000/1027/53
f 1000/1027/53 1132/1024/53 1001/1028/53
f 1001/1028/53 1132/1024/53 1131/1029/53
f 1001/1028/53 1131/1029/53 1002/1030/53
f 1002/1030/53 1131/1029/53 1003/1031/53
f 1003/1031/53 1131/1029/53 1004/1032/53
f 1004/1032/53 1131/1029/53 981/1033/53
f 981/1033/53 1131/1029/53 1130/1034/53
f 981/1033/53 1130/1034/53 982/1035/53
f 982/1035/53 1130/1034/53 983/1036/53
f 983/1036/53 1130/1034/53 1121/866/53
f 983/1036/53 1121/866/53 984/1037/53
f 984/1037/53 1121/866/53 1120/867/53
f 984/1037/53 1120/867/53 985/1038/53
f 985/1038/53 1120/867/53 986/1039/53
f 986/1039/53 1120/867/53 1119/421/53
f 986/1039/53 1119/421/53 987/1040/53
f 987/1040/53 1119/421/53 988/1041/53
f 988/1041/53 1119/421/53 1118/868/53
f 988/1041/53 1118/868/53 989/1042/53
f 989/1042/53 1118/868/53 990/1043/53
f 990/1043/53 1118/868/53 1117/869/53
f 990/1043/53 1117/869/53 991/1016/53
f 1130/1034/53 1129/1044/53 1121/866/53
f 1121/866/53 1129/1044/53 1122/865/53
f 1122/865/53 1129/1044/53 1128/1045/53
f 1122/865/53 1128/1045/53 1123/864/53
f 1123/864/53 1128/1045/53 1127/1046/53
f 1123/864/53 1127/1046/53 1045/1047/53
f 1045/1047/53 1127/1046/53 1046/1048/53
f 1046/1048/53 1127/1046/53 1047/1049/53
f 1047/1049/53 1127/1046/53 1126/1050/53
f 1047/1049/53 1126/1050/53 1048/1051/53
f 1048/1051/53 1126/1050/53 1049/1052/53
f 1049/1052/53 1126/1050/53 1050/1053/53
f 1050/1053/53 1126/1050/53 1051/1054/53
f 1051/1054/53 1126/1050/53 1125/942/53
f 1051/1054/53 1125/942/53 1052/1055/53
f 1052/1055/53 1125/942/53 1029/944/53
f 1124/863/53 1042/1056/53 1101/265/53
f 1101/265/53 1042/1056/53 1041/1057/53
f 1101/265/53 1041/1057/53 1040/1058/53
f 1123/864/53 1044/1059/53 1124/863/53
f 1124/863/53 1044/1059/53 1043/1060/53
f 1124/863/53 1043/1060/53 1042/1056/53
f 1037/950/53 1103/882/53 1038/1061/53
f 1038/1061/53 1103/882/53 1102/883/53
f 1038/1061/53 1102/883/53 1039/1062/53
f 1039/1062/53 1102/883/53 1040/1058/53
f 1040/1058/53 1102/883/53 1101/265/53
f 1045/1047/53 1044/1059/53 1123/864/53
f 1036/951/53 1035/946/53 1151/945/53
f 1033/948/53 1032/1063/53 1152/940/53
f 1152/940/53 1032/1063/53 1031/941/53
f 1182/535/405 1228/536/405 1181/537/262
f 1181/537/262 1228/536/405 1205/538/262
f 1181/539/261 1205/540/261 1204/541/342
f 1204/541/342 1205/540/261 1206/542/342
f 1204/541/317 1206/542/317 1203/543/316
f 1203/543/316 1206/542/317 1207/544/316
f 1203/543/314 1207/544/314 1202/545/336
f 1202/545/336 1207/544/314 1208/546/336
f 1202/545/311 1208/546/311 1201/547/313
f 1201/547/313 1208/546/311 1209/548/313
f 1201/547/309 1209/548/309 1200/549/308
f 1200/549/308 1209/548/309 1210/550/308
f 1200/549/307 1210/550/307 1199/551/127
f 1199/551/127 1210/550/307 1211/552/127
f 1199/551/126 1211/552/126 1198/553/332
f 1198/553/338 1211/552/126 1212/554/338
f 1198/553/303 1212/554/303 1197/555/304
f 1197/555/304 1212/554/303 1213/556/304
f 1197/555/300 1213/556/300 1196/557/302
f 1196/557/302 1213/556/300 1214/558/302
f 1196/557/339 1214/558/339 1195/559/297
f 1195/559/297 1214/558/339 1215/560/297
f 1195/559/296 1215/560/296 1194/561/295
f 1194/561/295 1215/560/296 1216/562/295
f 1194/561/294 1216/562/294 1193/563/293
f 1193/563/293 1216/562/294 1217/224/293
f 1193/563/291 1217/224/291 1192/564/290
f 1192/564/290 1217/224/291 1218/565/290
f 1192/564/289 1218/565/289 1191/566/288
f 1191/566/329 1218/565/289 1219/567/329
f 1191/566/287 1219/567/287 1190/568/286
f 1190/568/286 1219/567/287 1220/569/286
f 1190/568/285 1220/569/285 1189/570/283
f 1189/570/283 1220/569/285 1221/571/283
f 1189/570/281 1221/571/281 1188/572/320
f 1188/572/320 1221/571/281 1222/573/320
f 1188/572/282 1222/573/282 1187/574/277
f 1187/574/50 1222/573/326 1223/575/50
f 1187/574/276 1223/575/276 1186/576/325
f 1186/576/273 1223/575/276 1224/577/273
f 1186/576/321 1224/577/321 1185/578/272
f 1185/578/272 1224/577/321 1225/579/272
f 1185/578/271 1225/579/271 1184/580/269
f 1184/580/269 1225/579/271 1226/581/269
f 1184/580/268 1226/581/268 1183/582/266
f 1183/582/266 1226/581/268 1227/583/266
f 1183/582/322 1227/583/322 1182/535/264
f 1182/535/264 1227/583/265 1228/536/264
f 1204/584/48 1194/585/48 1181/586/48
f 1181/586/48 1194/585/48 1193/587/48
f 1181/586/48 1193/587/48 1182/588/48
f 1182/588/48 1193/587/48 1192/589/48
f 1182/588/48 1192/589/48 1183/590/48
f 1183/590/48 1192/589/48 1191/591/48
f 1183/590/48 1191/591/48 1184/592/48
f 1184/592/48 1191/591/48 1190/593/48
f 1184/592/48 1190/593/48 1185/594/48
f 1185/594/48 1190/593/48 1189/595/48
f 1185/594/48 1189/595/48 1186/596/48
f 1186/596/48 1189/595/48 1188/597/48
f 1186/596/48 1188/597/48 1187/598/48
f 1194/585/48 1204/584/48 1195/599/48
f 1195/599/48 1204/584/48 1203/600/48
f 1195/599/48 1203/600/48 1196/601/48
f 1196/601/48 1203/600/48 1202/602/48
f 1196/601/48 1202/602/48 1197/603/48
f 1197/603/48 1202/602/48 1201/604/48
f 1197/603/48 1201/604/48 1198/605/48
f 1198/605/48 1201/604/48 1200/606/48
f 1198/605/48 1200/606/48 1199/607/48
f 1230/535/405 190/536/405 1229/537/262
f 1229/537/262 190/536/405 189/538/262
f 1229/539/261 189/540/261 1252/541/342
f 1252/541/342 189/540/261 212/542/342
f 1252/541/317 212/542/317 1251/543/335
f 1251/543/316 212/542/317 211/544/316
f 1251/543/314 211/544/314 1250/545/336
f 1250/545/336 211/544/314 210/546/336
f 1250/545/311 210/546/311 1249/547/313
f 1249/547/313 210/546/311 209/548/313
f 1249/547/406 209/548/406 1248/549/308
f 1248/549/308 209/548/406 208/550/308
f 1248/549/306 208/550/306 1247/551/127
f 1247/551/127 208/550/306 207/552/127
f 1247/551/126 207/552/126 1246/553/332
f 1246/553/332 207/552/126 206/554/332
f 1246/553/303 206/554/303 1245/555/304
f 1245/555/304 206/554/303 205/556/304
f 1245/555/300 205/556/300 1244/557/302
f 1244/557/302 205/556/300 204/558/302
f 1244/557/339 204/558/339 1243/559/297
f 1243/559/297 204/558/298 203/560/297
f 1243/559/296 203/560/296 1242/561/295
f 1242/561/295 203/560/340 202/562/295
f 1242/561/294 202/562/294 1241/563/293
f 1241/563/293 202/562/294 201/224/293
f 1241/563/291 201/224/291 1240/564/290
f 1240/564/290 201/224/291 200/565/290
f 1240/564/289 200/565/289 1239/566/329
f 1239/566/328 200/565/289 199/567/328
f 1239/566/287 199/567/287 1238/568/286
f 1238/568/286 199/567/287 198/569/286
f 1238/568/285 198/569/285 1237/570/283
f 1237/570/283 198/569/285 197/571/283
f 1237/570/281 197/571/281 1236/572/320
f 1236/572/320 197/571/281 196/573/320
f 1236/572/326 196/573/326 1235/574/50
f 1235/574/277 196/573/282 195/575/277
f 1235/574/276 195/575/276 1234/576/273
f 1234/576/325 195/575/50 194/577/325
f 1234/576/321 194/577/321 1233/578/407
f 1233/578/407 194/577/321 193/579/407
f 1233/578/271 193/579/271 1232/580/269
f 1232/580/269 193/579/271 192/581/269
f 1232/580/268 192/581/268 1231/582/266
f 1231/582/266 192/581/268 191/583/266
f 1231/582/323 191/583/323 1230/535/264
f 1230/535/264 191/583/322 190/536/264
f 1252/584/48 1242/585/48 1229/586/48
f 1229/586/48 1242/585/48 1241/587/48
f 1229/586/48 1241/587/48 1230/588/48
f 1230/588/48 1241/587/48 1240/589/48
f 1230/588/48 1240/589/48 1231/590/48
f 1231/590/48 1240/589/48 1239/591/48
f 1231/590/48 1239/591/48 1232/592/48
f 1232/592/48 1239/591/48 1238/593/48
f 1232/592/48 1238/593/48 1233/594/48
f 1233/594/48 1238/593/48 1237/595/48
f 1233/594/48 1237/595/48 1234/596/48
f 1234/596/48 1237/595/48 1236/597/48
f 1234/596/48 1236/597/48 1235/598/48
f 1242/585/48 1252/584/48 1243/599/48
f 1243/599/48 1252/584/48 1251/600/48
f 1243/599/48 1251/600/48 1244/601/48
f 1244/601/48 1251/600/48 1250/602/48
f 1244/601/48 1250/602/48 1245/603/48
f 1245/603/48 1250/602/48 1249/604/48
f 1245/603/48 1249/604/48 1246/605/48
f 1246/605/48 1249/604/48 1248/606/48
f 1246/605/48 1248/606/48 1247/607/48
f 1254/535/263 1300/536/263 1253/537/262
f 1253/537/262 1300/536/263 1277/538/262
f 1253/539/261 1277/540/261 1276/541/260
f 1276/541/260 1277/540/261 1278/542/260
f 1276/541/317 1278/542/317 1275/543/316
f 1275/543/316 1278/542/317 1279/544/316
f 1275/543/314 1279/544/314 1274/545/336
f 1274/545/336 1279/544/314 1280/546/336
f 1274/545/311 1280/546/311 1273/547/313
f 1273/547/313 1280/546/311 1281/548/313
f 1273/547/309 1281/548/309 1272/549/308
f 1272/549/308 1281/548/309 1282/550/308
f 1272/549/337 1282/550/337 1271/551/127
f 1271/551/127 1282/550/306 1283/552/127
f 1271/551/126 1283/552/126 1270/553/305
f 1270/553/305 1283/552/126 1284/554/305
f 1270/553/303 1284/554/303 1269/555/304
f 1269/555/304 1284/554/303 1285/556/304
f 1269/555/300 1285/556/300 1268/557/302
f 1268/557/302 1285/556/300 1286/558/302
f 1268/557/339 1286/558/339 1267/559/297
f 1267/559/297 1286/558/339 1287/560/297
f 1267/559/296 1287/560/296 1266/561/295
f 1266/561/295 1287/560/296 1288/562/295
f 1266/561/331 1288/562/331 1265/563/293
f 1265/563/293 1288/562/331 1289/224/293
f 1265/563/291 1289/224/291 1264/564/330
f 1264/564/330 1289/224/291 1290/565/330
f 1264/564/289 1290/565/289 1263/566/329
f 1263/566/329 1290/565/289 1291/567/329
f 1263/566/287 1291/567/287 1262/568/286
f 1262/568/286 1291/567/287 1292/569/286
f 1262/568/285 1292/569/285 1261/570/283
f 1261/570/283 1292/569/285 1293/571/283
f 1261/570/281 1293/571/281 1260/572/320
f 1260/572/320 1293/571/281 1294/573/320
f 1260/572/282 1294/573/282 1259/574/277
f 1259/574/277 1294/573/326 1295/575/277
f 1259/574/50 1295/575/50 1258/576/325
f 1258/576/273 1295/575/276 1296/577/273
f 1258/576/321 1296/577/321 1257/578/272
f 1257/578/272 1296/577/321 1297/579/272
f 1257/578/271 1297/579/271 1256/580/269
f 1256/580/269 1297/579/271 1298/581/269
f 1256/580/268 1298/581/268 1255/582/266
f 1255/582/266 1298/581/268 1299/583/266
f 1255/582/322 1299/583/322 1254/535/264
f 1254/535/264 1299/583/322 1300/536/264
f 1276/584/48 1266/585/48 1253/586/48
f 1253/586/48 1266/585/48 1265/587/48
f 1253/586/48 1265/587/48 1254/588/48
f 1254/588/48 1265/587/48 1264/589/48
f 1254/588/48 1264/589/48 1255/590/48
f 1255/590/48 1264/589/48 1263/591/48
f 1255/590/48 1263/591/48 1256/592/48
f 1256/592/48 1263/591/48 1262/593/48
f 1256/592/48 1262/593/48 1257/594/48
f 1257/594/48 1262/593/48 1261/595/48
f 1257/594/48 1261/595/48 1258/596/48
f 1258/596/48 1261/595/48 1260/597/48
f 1258/596/48 1260/597/48 1259/598/48
f 1266/585/48 1276/584/48 1267/599/48
f 1267/599/48 1276/584/48 1275/600/48
f 1267/599/48 1275/600/48 1268/601/48
f 1268/601/48 1275/600/48 1274/602/48
f 1268/601/48 1274/602/48 1269/603/48
f 1269/603/48 1274/602/48 1273/604/48
f 1269/603/48 1273/604/48 1270/605/48
f 1270/605/48 1273/604/48 1272/606/48
f 1270/605/48 1272/606/48 1271/607/48
f 1302/535/263 166/536/263 1301/537/262
f 1301/537/262 166/536/263 165/538/262
f 1301/539/261 165/540/261 1324/541/260
f 1324/541/260 165/540/261 188/542/260
f 1324/541/317 188/542/317 1323/543/316
f 1323/543/316 188/542/317 187/544/316
f 1323/543/314 187/544/314 1322/545/336
f 1322/545/336 187/544/314 186/546/336
f 1322/545/311 186/546/311 1321/547/313
f 1321/547/313 186/546/311 185/548/313
f 1321/547/406 185/548/406 1320/549/308
f 1320/549/308 185/548/406 184/550/308
f 1320/549/306 184/550/306 1319/551/127
f 1319/551/127 184/550/306 183/552/127
f 1319/551/126 183/552/126 1318/553/332
f 1318/553/332 183/552/126 182/554/332
f 1318/553/303 182/554/303 1317/555/304
f 1317/555/304 182/554/303 181/556/304
f 1317/555/300 181/556/300 1316/557/302
f 1316/557/302 181/556/300 180/558/302
f 1316/557/339 180/558/339 1315/559/297
f 1315/559/297 180/558/298 179/560/297
f 1315/559/296 179/560/296 1314/561/295
f 1314/561/295 179/560/296 178/562/295
f 1314/561/331 178/562/331 1313/563/293
f 1313/563/293 178/562/331 177/224/293
f 1313/563/291 177/224/291 1312/564/330
f 1312/564/330 177/224/291 176/565/330
f 1312/564/289 176/565/289 1311/566/329
f 1311/566/329 176/565/289 175/567/329
f 1311/566/287 175/567/287 1310/568/286
f 1310/568/286 175/567/287 174/569/286
f 1310/568/285 174/569/285 1309/570/283
f 1309/570/283 174/569/285 173/571/283
f 1309/570/281 173/571/281 1308/572/320
f 1308/572/320 173/571/281 172/573/320
f 1308/572/326 172/573/326 1307/574/50
f 1307/574/277 172/573/282 171/575/277
f 1307/574/276 171/575/276 1306/576/273
f 1306/576/325 171/575/50 170/577/325
f 1306/576/321 170/577/321 1305/578/407
f 1305/578/407 170/577/321 169/579/407
f 1305/578/271 169/579/271 1304/580/269
f 1304/580/269 169/579/271 168/581/269
f 1304/580/268 168/581/268 1303/582/266
f 1303/582/266 168/581/268 167/583/266
f 1303/582/322 167/583/322 1302/535/264
f 1302/535/264 167/583/322 166/536/264
f 1324/584/48 1314/585/48 1301/586/48
f 1301/586/48 1314/585/48 1313/587/48
f 1301/586/48 1313/587/48 1302/588/48
f 1302/588/48 1313/587/48 1312/589/48
f 1302/588/48 1312/589/48 1303/590/48
f 1303/590/48 1312/589/48 1311/591/48
f 1303/590/48 1311/591/48 1304/592/48
f 1304/592/48 1311/591/48 1310/593/48
f 1304/592/48 1310/593/48 1305/594/48
f 1305/594/48 1310/593/48 1309/595/48
f 1305/594/48 1309/595/48 1306/596/48
f 1306/596/48 1309/595/48 1308/597/48
f 1306/596/48 1308/597/48 1307/598/48
f 1314/585/48 1324/584/48 1315/599/48
f 1315/599/48 1324/584/48 1323/600/48
f 1315/599/48 1323/600/48 1316/601/48
f 1316/601/48 1323/600/48 1322/602/48
f 1316/601/48 1322/602/48 1317/603/48
f 1317/603/48 1322/602/48 1321/604/48
f 1317/603/48 1321/604/48 1318/605/48
f 1318/605/48 1321/604/48 1320/606/48
f 1318/605/48 1320/606/48 1319/607/48
f 1326/535/330 1372/536/330 1325/537/291
f 1325/537/291 1372/536/330 1349/538/291
f 1325/539/293 1349/540/293 1348/541/331
f 1348/541/331 1349/540/293 1350/542/331
f 1348/541/295 1350/542/295 1347/543/296
f 1347/543/296 1350/542/295 1351/544/296
f 1347/543/297 1351/544/297 1346/545/298
f 1346/545/339 1351/544/297 1352/546/339
f 1346/545/302 1352/546/302 1345/547/300
f 1345/547/300 1352/546/302 1353/548/300
f 1345/547/304 1353/548/304 1344/549/303
f 1344/549/303 1353/548/304 1354/550/303
f 1344/549/332 1354/550/332 1343/551/126
f 1343/551/126 1354/550/332 1355/552/126
f 1343/551/127 1355/552/127 1342/553/306
f 1342/553/306 1355/552/127 1356/554/306
f 1342/553/308 1356/554/308 1341/555/406
f 1341/555/309 1356/554/308 1357/556/309
f 1341/555/313 1357/556/313 1340/557/311
f 1340/557/311 1357/556/313 1358/558/311
f 1340/557/336 1358/558/336 1339/559/314
f 1339/559/314 1358/558/315 1359/560/314
f 1339/559/316 1359/560/316 1338/561/317
f 1338/561/317 1359/560/316 1360/562/317
f 1338/561/260 1360/562/260 1337/563/261
f 1337/563/261 1360/562/260 1361/224/261
f 1337/563/262 1361/224/262 1336/564/263
f 1336/564/263 1361/224/262 1362/565/263
f 1336/564/264 1362/565/264 1335/566/322
f 1335/566/322 1362/565/264 1363/567/322
f 1335/566/266 1363/567/266 1334/568/268
f 1334/568/268 1363/567/266 1364/569/268
f 1334/568/269 1364/569/269 1333/570/271
f 1333/570/271 1364/569/269 1365/571/271
f 1333/570/407 1365/571/407 1332/572/321
f 1332/572/321 1365/571/272 1366/573/321
f 1332/572/325 1366/573/325 1331/574/50
f 1331/574/276 1366/573/273 1367/575/276
f 1331/574/277 1367/575/277 1330/576/282
f 1330/576/326 1367/575/50 1368/577/326
f 1330/576/320 1368/577/320 1329/578/281
f 1329/578/281 1368/577/320 1369/579/281
f 1329/578/283 1369/579/283 1328/580/285
f 1328/580/285 1369/579/283 1370/581/285
f 1328/580/286 1370/581/286 1327/582/287
f 1327/582/287 1370/581/286 1371/583/287
f 1327/582/329 1371/583/329 1326/535/289
f 1326/535/289 1371/583/329 1372/536/289
f 1348/584/53 1338/585/53 1325/586/53
f 1325/586/53 1338/585/53 1337/587/53
f 1325/586/53 1337/587/53 1326/588/53
f 1326/588/53 1337/587/53 1336/589/53
f 1326/588/53 1336/589/53 1327/590/53
f 1327/590/53 1336/589/53 1335/591/53
f 1327/590/53 1335/591/53 1328/592/53
f 1328/592/53 1335/591/53 1334/593/53
f 1328/592/53 1334/593/53 1329/594/53
f 1329/594/53 1334/593/53 1333/595/53
f 1329/594/53 1333/595/53 1330/596/53
f 1330/596/53 1333/595/53 1332/597/53
f 1330/596/53 1332/597/53 1331/598/53
f 1338/585/53 1348/584/53 1339/599/53
f 1339/599/53 1348/584/53 1347/600/53
f 1339/599/53 1347/600/53 1340/601/53
f 1340/601/53 1347/600/53 1346/602/53
f 1340/601/53 1346/602/53 1341/603/53
f 1341/603/53 1346/602/53 1345/604/53
f 1341/603/53 1345/604/53 1342/605/53
f 1342/605/53 1345/604/53 1344/606/53
f 1342/605/53 1344/606/53 1343/607/53
f 1374/535/290 1420/536/290 1373/537/291
f 1373/537/291 1420/536/290 1397/538/291
f 1373/539/293 1397/540/293 1396/541/294
f 1396/541/294 1397/540/293 1398/542/294
f 1396/541/295 1398/542/295 1395/543/296
f 1395/543/296 1398/542/295 1399/544/296
f 1395/543/297 1399/544/297 1394/545/339
f 1394/545/339 1399/544/297 1400/546/339
f 1394/545/302 1400/546/302 1393/547/300
f 1393/547/300 1400/546/302 1401/548/300
f 1393/547/304 1401/548/304 1392/549/303
f 1392/549/303 1401/548/304 1402/550/303
f 1392/549/338 1402/550/338 1391/551/126
f 1391/551/126 1402/550/332 1403/552/126
f 1391/551/127 1403/552/127 1390/553/307
f 1390/553/307 1403/552/127 1404/554/307
f 1390/553/308 1404/554/308 1389/555/309
f 1389/555/309 1404/554/308 1405/556/309
f 1389/555/313 1405/556/313 1388/557/311
f 1388/557/311 1405/556/313 1406/558/311
f 1388/557/336 1406/558/336 1387/559/314
f 1387/559/314 1406/558/336 1407/560/314
f 1387/559/316 1407/560/316 1386/561/317
f 1386/561/317 1407/560/316 1408/562/317
f 1386/561/342 1408/562/342 1385/563/261
f 1385/563/261 1408/562/342 1409/224/261
f 1385/563/262 1409/224/262 1384/564/405
f 1384/564/405 1409/224/262 1410/565/405
f 1384/564/264 1410/565/264 1383/566/265
f 1383/566/322 1410/565/264 1411/567/322
f 1383/566/266 1411/567/266 1382/568/268
f 1382/568/268 1411/567/266 1412/569/268
f 1382/568/269 1412/569/269 1381/570/271
f 1381/570/271 1412/569/269 1413/571/271
f 1381/570/272 1413/571/272 1380/572/321
f 1380/572/321 1413/571/272 1414/573/321
f 1380/572/273 1414/573/273 1379/574/276
f 1379/574/276 1414/573/325 1415/575/276
f 1379/574/50 1415/575/50 1378/576/326
f 1378/576/282 1415/575/277 1416/577/282
f 1378/576/320 1416/577/320 1377/578/281
f 1377/578/281 1416/577/320 1417/579/281
f 1377/578/283 1417/579/283 1376/580/285
f 1376/580/285 1417/579/283 1418/581/285
f 1376/580/286 1418/581/286 1375/582/287
f 1375/582/287 1418/581/286 1419/583/287
f 1375/582/329 1419/583/329 1374/535/289
f 1374/535/289 1419/583/288 1420/536/289
f 1396/584/53 1386/585/53 1373/586/53
f 1373/586/53 1386/585/53 1385/587/53
f 1373/586/53 1385/587/53 1374/588/53
f 1374/588/53 1385/587/53 1384/589/53
f 1374/588/53 1384/589/53 1375/590/53
f 1375/590/53 1384/589/53 1383/591/53
f 1375/590/53 1383/591/53 1376/592/53
f 1376/592/53 1383/591/53 1382/593/53
f 1376/592/53 1382/593/53 1377/594/53
f 1377/594/53 1382/593/53 1381/595/53
f 1377/594/53 1381/595/53 1378/596/53
f 1378/596/53 1381/595/53 1380/597/53
f 1378/596/53 1380/597/53 1379/598/53
f 1386/585/53 1396/584/53 1387/599/53
f 1387/599/53 1396/584/53 1395/600/53
f 1387/599/53 1395/600/53 1388/601/53
f 1388/601/53 1395/600/53 1394/602/53
f 1388/601/53 1394/602/53 1389/603/53
f 1389/603/53 1394/602/53 1393/604/53
f 1389/603/53 1393/604/53 1390/605/53
f 1390/605/53 1393/604/53 1392/606/53
f 1390/605/53 1392/606/53 1391/607/53
f 1422/535/330 1468/536/330 1421/537/291
f 1421/537/291 1468/536/330 1445/538/291
f 1421/539/293 1445/540/293 1444/541/331
f 1444/541/331 1445/540/293 1446/542/331
f 1444/541/295 1446/542/295 1443/543/296
f 1443/543/296 1446/542/295 1447/544/296
f 1443/543/297 1447/544/297 1442/545/339
f 1442/545/298 1447/544/297 1448/546/298
f 1442/545/302 1448/546/302 1441/547/300
f 1441/547/300 1448/546/302 1449/548/300
f 1441/547/304 1449/548/304 1440/549/303
f 1440/549/303 1449/548/301 1450/550/303
f 1440/549/332 1450/550/332 1439/551/126
f 1439/551/126 1450/550/332 1451/552/126
f 1439/551/127 1451/552/127 1438/553/306
f 1438/553/306 1451/552/127 1452/554/306
f 1438/553/308 1452/554/308 1437/555/310
f 1437/555/309 1452/554/308 1453/556/309
f 1437/555/313 1453/556/313 1436/557/311
f 1436/557/311 1453/556/313 1454/558/311
f 1436/557/315 1454/558/315 1435/559/314
f 1435/559/314 1454/558/336 1455/560/314
f 1435/559/316 1455/560/316 1434/561/317
f 1434/561/317 1455/560/316 1456/562/317
f 1434/561/260 1456/562/260 1433/563/261
f 1433/563/261 1456/562/260 1457/224/261
f 1433/563/262 1457/224/262 1432/564/263
f 1432/564/263 1457/224/262 1458/565/263
f 1432/564/264 1458/565/264 1431/566/322
f 1431/566/322 1458/565/264 1459/567/322
f 1431/566/266 1459/567/266 1430/568/268
f 1430/568/268 1459/567/266 1460/569/268
f 1430/568/269 1460/569/269 1429/570/271
f 1429/570/271 1460/569/269 1461/571/271
f 1429/570/270 1461/571/270 1428/572/321
f 1428/572/321 1461/571/272 1462/573/321
f 1428/572/275 1462/573/275 1427/574/276
f 1427/574/276 1462/573/275 1463/575/276
f 1427/574/277 1463/575/277 1426/576/278
f 1426/576/278 1463/575/277 1464/577/278
f 1426/576/320 1464/577/320 1425/578/281
f 1425/578/280 1464/577/320 1465/579/280
f 1425/578/283 1465/579/283 1424/580/285
f 1424/580/285 1465/579/283 1466/581/285
f 1424/580/286 1466/581/286 1423/582/287
f 1423/582/287 1466/581/286 1467/583/287
f 1423/582/329 1467/583/329 1422/535/289
f 1422/535/289 1467/583/329 1468/536/289
f 1444/584/53 1434/585/53 1421/586/53
f 1421/586/53 1434/585/53 1433/587/53
f 1421/586/53 1433/587/53 1422/588/53
f 1422/588/53 1433/587/53 1432/589/53
f 1422/588/53 1432/589/53 1423/590/53
f 1423/590/53 1432/589/53 1431/591/53
f 1423/590/53 1431/591/53 1424/592/53
f 1424/592/53 1431/591/53 1430/593/53
f 1424/592/53 1430/593/53 1425/594/53
f 1425/594/53 1430/593/53 1429/595/53
f 1425/594/53 1429/595/53 1426/596/53
f 1426/596/53 1429/595/53 1428/597/53
f 1426/596/53 1428/597/53 1427/598/53
f 1434/585/53 1444/584/53 1435/599/53
f 1435/599/53 1444/584/53 1443/600/53
f 1435/599/53 1443/600/53 1436/601/53
f 1436/601/53 1443/600/53 1442/602/53
f 1436/601/53 1442/602/53 1437/603/53
f 1437/603/53 1442/602/53 1441/604/53
f 1437/603/53 1441/604/53 1438/605/53
f 1438/605/53 1441/604/53 1440/606/53
f 1438/605/53 1440/606/53 1439/607/53
f 1470/535/290 1516/536/290 1469/537/291
f 1469/537/291 1516/536/290 1493/538/291
f 1469/539/293 1493/540/293 1492/541/294
f 1492/541/294 1493/540/293 1494/542/294
f 1492/541/295 1494/542/295 1491/543/340
f 1491/543/296 1494/542/295 1495/544/296
f 1491/543/297 1495/544/297 1490/545/298
f 1490/545/339 1495/544/297 1496/546/339
f 1490/545/302 1496/546/302 1489/547/300
f 1489/547/300 1496/546/302 1497/548/300
f 1489/547/304 1497/548/304 1488/549/303
f 1488/549/303 1497/548/304 1498/550/303
f 1488/549/332 1498/550/332 1487/551/126
f 1487/551/126 1498/550/332 1499/552/126
f 1487/551/127 1499/552/127 1486/553/306
f 1486/553/306 1499/552/127 1500/554/306
f 1486/553/308 1500/554/308 1485/555/406
f 1485/555/309 1500/554/308 1501/556/309
f 1485/555/313 1501/556/313 1484/557/311
f 1484/557/311 1501/556/313 1502/558/311
f 1484/557/336 1502/558/336 1483/559/314
f 1483/559/314 1502/558/315 1503/560/314
f 1483/559/316 1503/560/316 1482/561/317
f 1482/561/317 1503/560/335 1504/562/317
f 1482/561/342 1504/562/342 1481/563/261
f 1481/563/261 1504/562/342 1505/224/261
f 1481/563/262 1505/224/262 1480/564/405
f 1480/564/405 1505/224/262 1506/565/405
f 1480/564/264 1506/565/264 1479/566/322
f 1479/566/323 1506/565/264 1507/567/323
f 1479/566/266 1507/567/266 1478/568/268
f 1478/568/268 1507/567/266 1508/569/268
f 1478/568/269 1508/569/269 1477/570/271
f 1477/570/271 1508/569/269 1509/571/271
f 1477/570/407 1509/571/407 1476/572/321
f 1476/572/321 1509/571/272 1510/573/321
f 1476/572/325 1510/573/325 1475/574/50
f 1475/574/276 1510/573/273 1511/575/276
f 1475/574/277 1511/575/277 1474/576/282
f 1474/576/326 1511/575/50 1512/577/326
f 1474/576/320 1512/577/320 1473/578/281
f 1473/578/281 1512/577/320 1513/579/281
f 1473/578/283 1513/579/283 1472/580/285
f 1472/580/285 1513/579/283 1514/581/285
f 1472/580/286 1514/581/286 1471/582/287
f 1471/582/287 1514/581/286 1515/583/287
f 1471/582/328 1515/583/328 1470/535/289
f 1470/535/289 1515/583/329 1516/536/289
f 1492/584/53 1482/585/53 1469/586/53
f 1469/586/53 1482/585/53 1481/587/53
f 1469/586/53 1481/587/53 1470/588/53
f 1470/588/53 1481/587/53 1480/589/53
f 1470/588/53 1480/589/53 1471/590/53
f 1471/590/53 1480/589/53 1479/591/53
f 1471/590/53 1479/591/53 1472/592/53
f 1472/592/53 1479/591/53 1478/593/53
f 1472/592/53 1478/593/53 1473/594/53
f 1473/594/53 1478/593/53 1477/595/53
f 1473/594/53 1477/595/53 1474/596/53
f 1474/596/53 1477/595/53 1476/597/53
f 1474/596/53 1476/597/53 1475/598/53
f 1482/585/53 1492/584/53 1483/599/53
f 1483/599/53 1492/584/53 1491/600/53
f 1483/599/53 1491/600/53 1484/601/53
f 1484/601/53 1491/600/53 1490/602/53
f 1484/601/53 1490/602/53 1485/603/53
f 1485/603/53 1490/602/53 1489/604/53
f 1485/603/53 1489/604/53 1486/605/53
f 1486/605/53 1489/604/53 1488/606/53
f 1486/605/53 1488/606/53 1487/607/53
f 1518/535/290 1564/536/290 1517/537/291
f 1517/537/291 1564/536/290 1541/538/291
f 1517/539/293 1541/540/293 1540/541/294
f 1540/541/294 1541/540/293 1542/542/294
f 1540/541/295 1542/542/295 1539/543/296
f 1539/543/296 1542/542/295 1543/544/296
f 1539/543/297 1543/544/297 1538/545/339
f 1538/545/298 1543/544/297 1544/546/298
f 1538/545/302 1544/546/302 1537/547/300
f 1537/547/300 1544/546/302 1545/548/300
f 1537/547/304 1545/548/304 1536/549/303
f 1536/549/303 1545/548/301 1546/550/303
f 1536/549/332 1546/550/332 1535/551/126
f 1535/551/126 1546/550/332 1547/552/126
f 1535/551/127 1547/552/127 1534/553/306
f 1534/553/306 1547/552/127 1548/554/306
f 1534/553/308 1548/554/308 1533/555/310
f 1533/555/309 1548/554/308 1549/556/309
f 1533/555/313 1549/556/313 1532/557/311
f 1532/557/311 1549/556/313 1550/558/311
f 1532/557/315 1550/558/315 1531/559/314
f 1531/559/314 1550/558/336 1551/560/314
f 1531/559/316 1551/560/316 1530/561/317
f 1530/561/317 1551/560/316 1552/562/317
f 1530/561/342 1552/562/342 1529/563/261
f 1529/563/261 1552/562/342 1553/224/261
f 1529/563/262 1553/224/262 1528/564/405
f 1528/564/405 1553/224/262 1554/565/405
f 1528/564/264 1554/565/264 1527/566/265
f 1527/566/265 1554/565/264 1555/567/265
f 1527/566/266 1555/567/266 1526/568/268
f 1526/568/268 1555/567/266 1556/569/268
f 1526/568/269 1556/569/269 1525/570/271
f 1525/570/271 1556/569/269 1557/571/271
f 1525/570/270 1557/571/270 1524/572/321
f 1524/572/321 1557/571/272 1558/573/321
f 1524/572/275 1558/573/275 1523/574/276
f 1523/574/276 1558/573/275 1559/575/276
f 1523/574/277 1559/575/277 1522/576/278
f 1522/576/278 1559/575/277 1560/577/278
f 1522/576/320 1560/577/320 1521/578/281
f 1521/578/280 1560/577/320 1561/579/280
f 1521/578/283 1561/579/283 1520/580/285
f 1520/580/285 1561/579/283 1562/581/285
f 1520/580/286 1562/581/286 1519/582/287
f 1519/582/287 1562/581/286 1563/583/287
f 1519/582/288 1563/583/288 1518/535/289
f 1518/535/289 1563/583/288 1564/536/289
f 1540/584/53 1530/585/53 1517/586/53
f 1517/586/53 1530/585/53 1529/587/53
f 1517/586/53 1529/587/53 1518/588/53
f 1518/588/53 1529/587/53 1528/589/53
f 1518/588/53 1528/589/53 1519/590/53
f 1519/590/53 1528/589/53 1527/591/53
f 1519/590/53 1527/591/53 1520/592/53
f 1520/592/53 1527/591/53 1526/593/53
f 1520/592/53 1526/593/53 1521/594/53
f 1521/594/53 1526/593/53 1525/595/53
f 1521/594/53 1525/595/53 1522/596/53
f 1522/596/53 1525/595/53 1524/597/53
f 1522/596/53 1524/597/53 1523/598/53
f 1530/585/53 1540/584/53 1531/599/53
f 1531/599/53 1540/584/53 1539/600/53
f 1531/599/53 1539/600/53 1532/601/53
f 1532/601/53 1539/600/53 1538/602/53
f 1532/601/53 1538/602/53 1533/603/53
f 1533/603/53 1538/602/53 1537/604/53
f 1533/603/53 1537/604/53 1534/605/53
f 1534/605/53 1537/604/53 1536/606/53
f 1534/605/53 1536/606/53 1535/607/53
f 1566/535/330 1612/536/330 1565/537/291
f 1565/537/291 1612/536/330 1589/538/291
f 1565/539/293 1589/540/293 1588/541/331
f 1588/541/331 1589/540/293 1590/542/331
f 1588/541/295 1590/542/295 1587/543/296
f 1587/543/296 1590/542/295 1591/544/296
f 1587/543/297 1591/544/297 1586/545/339
f 1586/545/339 1591/544/297 1592/546/339
f 1586/545/302 1592/546/302 1585/547/300
f 1585/547/300 1592/546/302 1593/548/300
f 1585/547/304 1593/548/304 1584/549/303
f 1584/549/303 1593/548/304 1594/550/303
f 1584/549/305 1594/550/305 1583/551/126
f 1583/551/126 1594/550/305 1595/552/126
f 1583/551/127 1595/552/127 1582/553/306
f 1582/553/337 1595/552/127 1596/554/337
f 1582/553/308 1596/554/308 1581/555/309
f 1581/555/309 1596/554/308 1597/556/309
f 1581/555/313 1597/556/313 1580/557/311
f 1580/557/311 1597/556/313 1598/558/311
f 1580/557/336 1598/558/336 1579/559/314
f 1579/559/314 1598/558/336 1599/560/314
f 1579/559/316 1599/560/316 1578/561/317
f 1578/561/317 1599/560/316 1600/562/317
f 1578/561/260 1600/562/260 1577/563/261
f 1577/563/261 1600/562/260 1601/224/261
f 1577/563/262 1601/224/262 1576/564/263
f 1576/564/263 1601/224/262 1602/565/263
f 1576/564/264 1602/565/264 1575/566/322
f 1575/566/322 1602/565/264 1603/567/322
f 1575/566/266 1603/567/266 1574/568/268
f 1574/568/268 1603/567/266 1604/569/268
f 1574/568/269 1604/569/269 1573/570/271
f 1573/570/271 1604/569/269 1605/571/271
f 1573/570/272 1605/571/272 1572/572/321
f 1572/572/321 1605/571/272 1606/573/321
f 1572/572/273 1606/573/273 1571/574/276
f 1571/574/50 1606/573/325 1607/575/50
f 1571/574/277 1607/575/277 1570/576/326
f 1570/576/282 1607/575/277 1608/577/282
f 1570/576/320 1608/577/320 1569/578/281
f 1569/578/281 1608/577/320 1609/579/281
f 1569/578/283 1609/579/283 1568/580/285
f 1568/580/285 1609/579/283 1610/581/285
f 1568/580/286 1610/581/286 1567/582/287
f 1567/582/287 1610/581/286 1611/583/287
f 1567/582/329 1611/583/329 1566/535/289
f 1566/535/289 1611/583/329 1612/536/289
f 1588/584/53 1578/585/53 1565/586/53
f 1565/586/53 1578/585/53 1577/587/53
f 1565/586/53 1577/587/53 1566/588/53
f 1566/588/53 1577/587/53 1576/589/53
f 1566/588/53 1576/589/53 1567/590/53
f 1567/590/53 1576/589/53 1575/591/53
f 1567/590/53 1575/591/53 1568/592/53
f 1568/592/53 1575/591/53 1574/593/53
f 1568/592/53 1574/593/53 1569/594/53
f 1569/594/53 1574/593/53 1573/595/53
f 1569/594/53 1573/595/53 1570/596/53
f 1570/596/53 1573/595/53 1572/597/53
f 1570/596/53 1572/597/53 1571/598/53
f 1578/585/53 1588/584/53 1579/599/53
f 1579/599/53 1588/584/53 1587/600/53
f 1579/599/53 1587/600/53 1580/601/53
f 1580/601/53 1587/600/53 1586/602/53
f 1580/601/53 1586/602/53 1581/603/53
f 1581/603/53 1586/602/53 1585/604/53
f 1581/603/53 1585/604/53 1582/605/53
f 1582/605/53 1585/604/53 1584/606/53
f 1582/605/53 1584/606/53 1583/607/53
f 1614/535/408 1660/536/408 1613/537/409
f 1613/537/409 1660/536/408 1637/538/409
f 1613/539/410 1637/540/410 1636/541/411
f 1636/541/411 1637/540/410 1638/542/411
f 1636/541/412 1638/542/412 1635/543/413
f 1635/543/413 1638/542/412 1639/544/413
f 1635/543/414 1639/544/414 1634/545/415
f 1634/545/415 1639/544/414 1640/546/415
f 1634/545/416 1640/546/416 1633/547/417
f 1633/547/418 1640/546/419 1641/548/418
f 1633/547/420 1641/548/420 1632/549/421
f 1632/549/421 1641/548/420 1642/550/421
f 1632/549/422 1642/550/422 1631/551/423
f 1631/551/423 1642/550/422 1643/552/423
f 1631/551/424 1643/552/424 1630/553/425
f 1630/553/425 1643/552/424 1644/554/425
f 1630/553/426 1644/554/426 1629/555/427
f 1629/555/427 1644/554/426 1645/556/427
f 1629/555/428 1645/556/428 1628/557/429
f 1628/557/429 1645/556/428 1646/558/429
f 1628/557/430 1646/558/430 1627/559/431
f 1627/559/431 1646/558/430 1647/560/431
f 1627/559/432 1647/560/432 1626/561/433
f 1626/561/433 1647/560/432 1648/562/433
f 1626/561/434 1648/562/434 1625/563/51
f 1625/563/435 1648/562/436 1649/224/435
f 1625/563/437 1649/224/437 1624/564/438
f 1624/564/439 1649/224/51 1650/565/439
f 1624/564/440 1650/565/440 1623/566/441
f 1623/566/441 1650/565/440 1651/567/441
f 1623/566/442 1651/567/442 1622/568/443
f 1622/568/443 1651/567/442 1652/569/443
f 1622/568/444 1652/569/444 1621/570/445
f 1621/570/445 1652/569/444 1653/571/445
f 1621/570/446 1653/571/446 1620/572/447
f 1620/572/447 1653/571/446 1654/573/447
f 1620/572/448 1654/573/448 1619/574/449
f 1619/574/449 1654/573/448 1655/575/449
f 1619/574/450 1655/575/450 1618/576/451
f 1618/576/451 1655/575/450 1656/577/451
f 1618/576/452 1656/577/452 1617/578/453
f 1617/578/453 1656/577/452 1657/579/453
f 1617/578/454 1657/579/454 1616/580/455
f 1616/580/456 1657/579/457 1658/581/456
f 1616/580/458 1658/581/458 1615/582/459
f 1615/582/459 1658/581/458 1659/583/459
f 1615/582/460 1659/583/460 1614/535/461
f 1614/535/461 1659/583/460 1660/536/461
f 1636/584/50 1626/585/50 1613/586/50
f 1613/586/50 1626/585/50 1625/587/50
f 1613/586/50 1625/587/50 1614/588/50
f 1614/588/50 1625/587/50 1624/589/50
f 1614/588/50 1624/589/50 1615/590/50
f 1615/590/50 1624/589/50 1623/591/50
f 1615/590/50 1623/591/50 1616/592/50
f 1616/592/50 1623/591/50 1622/593/50
f 1616/592/50 1622/593/50 1617/594/50
f 1617/594/50 1622/593/50 1621/595/50
f 1617/594/50 1621/595/50 1618/596/50
f 1618/596/50 1621/595/50 1620/597/50
f 1618/596/50 1620/597/50 1619/598/50
f 1626/585/50 1636/584/50 1627/599/50
f 1627/599/50 1636/584/50 1635/600/50
f 1627/599/50 1635/600/50 1628/601/50
f 1628/601/50 1635/600/50 1634/602/50
f 1628/601/50 1634/602/50 1629/603/50
f 1629/603/50 1634/602/50 1633/604/50
f 1629/603/50 1633/604/50 1630/605/50
f 1630/605/50 1633/604/50 1632/606/50
f 1630/605/50 1632/606/50 1631/607/50
f 1662/535/408 1708/536/408 1661/537/409
f 1661/537/409 1708/536/408 1685/538/409
f 1661/539/410 1685/540/410 1684/541/411
f 1684/541/411 1685/540/410 1686/542/411
f 1684/541/412 1686/542/412 1683/543/413
f 1683/543/413 1686/542/412 1687/544/413
f 1683/543/414 1687/544/414 1682/545/415
f 1682/545/415 1687/544/414 1688/546/415
f 1682/545/416 1688/546/416 1681/547/418
f 1681/547/418 1688/546/416 1689/548/418
f 1681/547/420 1689/548/420 1680/549/421
f 1680/549/421 1689/548/417 1690/550/421
f 1680/549/422 1690/550/422 1679/551/423
f 1679/551/423 1690/550/422 1691/552/423
f 1679/551/424 1691/552/424 1678/553/462
f 1678/553/462 1691/552/424 1692/554/462
f 1678/553/426 1692/554/426 1677/555/427
f 1677/555/463 1692/554/426 1693/556/463
f 1677/555/428 1693/556/428 1676/557/429
f 1676/557/429 1693/556/428 1694/558/429
f 1676/557/430 1694/558/430 1675/559/431
f 1675/559/431 1694/558/430 1695/560/431
f 1675/559/432 1695/560/432 1674/561/433
f 1674/561/433 1695/560/432 1696/562/433
f 1674/561/436 1696/562/436 1673/563/435
f 1673/563/51 1696/562/434 1697/224/51
f 1673/563/51 1697/224/51 1672/564/439
f 1672/564/438 1697/224/437 1698/565/438
f 1672/564/440 1698/565/440 1671/566/441
f 1671/566/441 1698/565/440 1699/567/441
f 1671/566/442 1699/567/442 1670/568/443
f 1670/568/443 1699/567/442 1700/569/443
f 1670/568/444 1700/569/444 1669/570/445
f 1669/570/445 1700/569/444 1701/571/445
f 1669/570/464 1701/571/464 1668/572/447
f 1668/572/447 1701/571/446 1702/573/447
f 1668/572/465 1702/573/465 1667/574/449
f 1667/574/449 1702/573/465 1703/575/449
f 1667/574/450 1703/575/450 1666/576/451
f 1666/576/451 1703/575/450 1704/577/451
f 1666/576/452 1704/577/452 1665/578/457
f 1665/578/453 1704/577/452 1705/579/453
f 1665/578/454 1705/579/454 1664/580/456
f 1664/580/456 1705/579/454 1706/581/456
f 1664/580/458 1706/581/458 1663/582/459
f 1663/582/459 1706/581/458 1707/583/459
f 1663/582/460 1707/583/460 1662/535/461
f 1662/535/461 1707/583/460 1708/536/461
f 1684/584/50 1674/585/50 1661/586/50
f 1661/586/50 1674/585/50 1673/587/50
f 1661/586/50 1673/587/50 1662/588/50
f 1662/588/50 1673/587/50 1672/589/50
f 1662/588/50 1672/589/50 1663/590/50
f 1663/590/50 1672/589/50 1671/591/50
f 1663/590/50 1671/591/50 1664/592/50
f 1664/592/50 1671/591/50 1670/593/50
f 1664/592/50 1670/593/50 1665/594/50
f 1665/594/50 1670/593/50 1669/595/50
f 1665/594/50 1669/595/50 1666/596/50
f 1666/596/50 1669/595/50 1668/597/50
f 1666/596/50 1668/597/50 1667/598/50
f 1674/585/50 1684/584/50 1675/599/50
f 1675/599/50 1684/584/50 1683/600/50
f 1675/599/50 1683/600/50 1676/601/50
f 1676/601/50 1683/600/50 1682/602/50
f 1676/601/50 1682/602/50 1677/603/50
f 1677/603/50 1682/602/50 1681/604/50
f 1677/603/50 1681/604/50 1678/605/50
f 1678/605/50 1681/604/50 1680/606/50
f 1678/605/50 1680/606/50 1679/607/50
f 1710/1064/466 1756/536/466 1709/1065/467
f 1709/1065/437 1756/536/440 1733/538/437
f 1709/1066/435 1733/540/435 1732/1067/433
f 1732/1067/468 1733/540/469 1734/542/468
f 1732/1067/433 1734/542/433 1731/1068/470
f 1731/1068/471 1734/542/433 1735/544/471
f 1731/1068/431 1735/544/431 1730/1069/472
f 1730/1069/472 1735/544/471 1736/546/472
f 1730/1069/429 1736/546/429 1729/1070/463
f 1729/1070/463 1736/546/429 1737/548/463
f 1729/1070/473 1737/548/473 1728/1071/426
f 1728/1071/426 1737/548/427 1738/550/426
f 1728/1071/425 1738/550/425 1727/1072/424
f 1727/1072/424 1738/550/425 1739/552/424
f 1727/1072/423 1739/552/423 1726/1073/422
f 1726/1073/422 1739/552/423 1740/554/422
f 1726/1073/421 1740/554/421 1725/1074/474
f 1725/1074/474 1740/554/421 1741/556/474
f 1725/1074/418 1741/556/418 1724/1075/419
f 1724/1075/416 1741/556/417 1742/558/416
f 1724/1075/475 1742/558/475 1723/1076/414
f 1723/1076/476 1742/558/419 1743/560/476
f 1723/1076/477 1743/560/477 1722/1077/411
f 1722/1077/412 1743/560/478 1744/562/412
f 1722/1077/411 1744/562/411 1721/1078/410
f 1721/1078/49 1744/562/479 1745/224/49
f 1721/1078/49 1745/224/49 1720/1079/480
f 1720/1079/408 1745/224/409 1746/1080/408
f 1720/1079/461 1746/1080/461 1719/1081/481
f 1719/1081/482 1746/1080/408 1747/567/482
f 1719/1081/483 1747/567/483 1718/1082/455
f 1718/1082/458 1747/567/484 1748/569/458
f 1718/1082/456 1748/569/456 1717/1083/457
f 1717/1083/454 1748/569/455 1749/571/454
f 1717/1083/485 1749/571/485 1716/1084/452
f 1716/1084/452 1749/571/485 1750/1085/452
f 1716/1084/486 1750/1085/486 1715/1086/450
f 1715/1086/450 1750/1085/486 1751/575/450
f 1715/1086/449 1751/575/449 1714/1087/487
f 1714/1087/487 1751/575/449 1752/577/487
f 1714/1087/447 1752/577/447 1713/1088/446
f 1713/1088/488 1752/577/447 1753/579/488
f 1713/1088/464 1753/579/464 1712/1089/444
f 1712/1089/444 1753/579/464 1754/581/444
f 1712/1089/443 1754/581/443 1711/1090/489
f 1711/1090/489 1754/581/443 1755/583/489
f 1711/1090/490 1755/583/490 1710/1064/440
f 1710/1064/440 1755/583/490 1756/536/440
f 1732/584/52 1722/585/52 1709/586/52
f 1709/586/52 1722/585/52 1721/587/52
f 1709/586/52 1721/587/52 1710/588/52
f 1710/588/52 1721/587/52 1720/589/52
f 1710/588/52 1720/589/52 1711/590/52
f 1711/590/52 1720/589/52 1719/591/52
f 1711/590/52 1719/591/52 1712/592/52
f 1712/592/52 1719/591/52 1718/593/52
f 1712/592/52 1718/593/52 1713/594/52
f 1713/594/52 1718/593/52 1717/595/52
f 1713/594/52 1717/595/52 1714/596/52
f 1714/596/52 1717/595/52 1716/597/52
f 1714/596/52 1716/597/52 1715/598/52
f 1722/585/52 1732/584/52 1723/599/52
f 1723/599/52 1732/584/52 1731/600/52
f 1723/599/52 1731/600/52 1724/601/52
f 1724/601/52 1731/600/52 1730/602/52
f 1724/601/52 1730/602/52 1725/603/52
f 1725/603/52 1730/602/52 1729/604/52
f 1725/603/52 1729/604/52 1726/605/52
f 1726/605/52 1729/604/52 1728/606/52
f 1726/605/52 1728/606/52 1727/607/52
f 1758/1064/439 1804/536/439 1757/1065/469
f 1757/1065/469 1804/536/439 1781/538/469
f 1757/1066/467 1781/540/467 1780/1067/434
f 1780/1067/434 1781/540/467 1782/542/434
f 1780/1067/433 1782/542/433 1779/1068/471
f 1779/1068/470 1782/542/433 1783/544/470
f 1779/1068/431 1783/544/431 1778/1069/472
f 1778/1069/472 1783/544/471 1784/546/472
f 1778/1069/429 1784/546/429 1777/1070/463
f 1777/1070/463 1784/546/429 1785/548/463
f 1777/1070/463 1785/548/463 1776/1071/491
f 1776/1071/492 1785/548/427 1786/550/492
f 1776/1071/462 1786/550/462 1775/1072/424
f 1775/1072/424 1786/550/462 1787/552/424
f 1775/1072/423 1787/552/423 1774/1073/422
f 1774/1073/422 1787/552/423 1788/554/422
f 1774/1073/421 1788/554/421 1773/1074/420
f 1773/1074/420 1788/554/421 1789/556/420
f 1773/1074/417 1789/556/417 1772/1075/416
f 1772/1075/416 1789/556/417 1790/558/416
f 1772/1075/475 1790/558/475 1771/1076/414
f 1771/1076/493 1790/558/475 1791/560/493
f 1771/1076/493 1791/560/493 1770/1077/412
f 1770/1077/412 1791/560/478 1792/562/412
f 1770/1077/411 1792/562/411 1769/1078/410
f 1769/1078/49 1792/562/479 1793/224/49
f 1769/1078/49 1793/224/49 1768/1079/480
f 1768/1079/408 1793/224/409 1794/1080/408
f 1768/1079/461 1794/1080/461 1767/1081/481
f 1767/1081/481 1794/1080/461 1795/567/481
f 1767/1081/484 1795/567/484 1766/1082/458
f 1766/1082/458 1795/567/484 1796/569/458
f 1766/1082/456 1796/569/456 1765/1083/457
f 1765/1083/457 1796/569/456 1797/571/457
f 1765/1083/453 1797/571/453 1764/1084/452
f 1764/1084/452 1797/571/453 1798/1085/452
f 1764/1084/486 1798/1085/486 1763/1086/450
f 1763/1086/450 1798/1085/486 1799/575/450
f 1763/1086/449 1799/575/449 1762/1087/487
f 1762/1087/487 1799/575/449 1800/577/487
f 1762/1087/487 1800/577/487 1761/1088/446
f 1761/1088/464 1800/577/494 1801/579/464
f 1761/1088/464 1801/579/464 1760/1089/444
f 1760/1089/444 1801/579/464 1802/581/444
f 1760/1089/443 1802/581/443 1759/1090/489
f 1759/1090/489 1802/581/443 1803/583/489
f 1759/1090/490 1803/583/490 1758/1064/440
f 1758/1064/440 1803/583/490 1804/536/440
f 1780/584/52 1770/585/52 1757/586/52
f 1757/586/52 1770/585/52 1769/587/52
f 1757/586/52 1769/587/52 1758/588/52
f 1758/588/52 1769/587/52 1768/589/52
f 1758/588/52 1768/589/52 1759/590/52
f 1759/590/52 1768/589/52 1767/591/52
f 1759/590/52 1767/591/52 1760/592/52
f 1760/592/52 1767/591/52 1766/593/52
f 1760/592/52 1766/593/52 1761/594/52
f 1761/594/52 1766/593/52 1765/595/52
f 1761/594/52 1765/595/52 1762/596/52
f 1762/596/52 1765/595/52 1764/597/52
f 1762/596/52 1764/597/52 1763/598/52
f 1770/585/52 1780/584/52 1771/599/52
f 1771/599/52 1780/584/52 1779/600/52
f 1771/599/52 1779/600/52 1772/601/52
f 1772/601/52 1779/600/52 1778/602/52
f 1772/601/52 1778/602/52 1773/603/52
f 1773/603/52 1778/602/52 1777/604/52
f 1773/603/52 1777/604/52 1774/605/52
f 1774/605/52 1777/604/52 1776/606/52
f 1774/605/52 1776/606/52 1775/607/52
f 1806/1064/466 1852/536/466 1805/1065/467
f 1805/1065/437 1852/536/440 1829/538/437
f 1805/1066/435 1829/540/435 1828/1067/433
f 1828/1067/468 1829/540/469 1830/542/468
f 1828/1067/433 1830/542/433 1827/1068/470
f 1827/1068/471 1830/542/433 1831/544/471
f 1827/1068/431 1831/544/431 1826/1069/472
f 1826/1069/472 1831/544/471 1832/546/472
f 1826/1069/429 1832/546/429 1825/1091/463
f 1825/1091/463 1832/546/429 1833/1092/463
f 1825/1091/473 1833/1092/473 1824/1071/426
f 1824/1071/426 1833/1092/427 1834/550/426
f 1824/1071/425 1834/550/425 1823/1072/424
f 1823/1072/424 1834/550/425 1835/552/424
f 1823/1072/423 1835/552/423 1822/1073/422
f 1822/1073/422 1835/552/423 1836/554/422
f 1822/1073/421 1836/554/421 1821/1074/474
f 1821/1074/474 1836/554/421 1837/556/474
f 1821/1074/418 1837/556/418 1820/1075/419
f 1820/1075/416 1837/556/417 1838/558/416
f 1820/1075/475 1838/558/475 1819/1076/414
f 1819/1076/476 1838/558/419 1839/560/476
f 1819/1076/477 1839/560/477 1818/1077/411
f 1818/1077/412 1839/560/478 1840/562/412
f 1818/1077/411 1840/562/411 1817/1078/410
f 1817/1078/49 1840/562/479 1841/224/49
f 1817/1078/49 1841/224/49 1816/1079/480
f 1816/1079/408 1841/224/409 1842/565/408
f 1816/1079/461 1842/565/461 1815/1081/481
f 1815/1081/482 1842/565/408 1843/1093/482
f 1815/1081/483 1843/1093/483 1814/1082/455
f 1814/1082/458 1843/1093/484 1844/1094/458
f 1814/1082/456 1844/1094/456 1813/1083/457
f 1813/1083/454 1844/1094/455 1845/571/454
f 1813/1083/485 1845/571/485 1812/1084/452
f 1812/1084/452 1845/571/485 1846/573/452
f 1812/1084/451 1846/573/451 1811/1086/450
f 1811/1086/450 1846/573/451 1847/575/450
f 1811/1086/449 1847/575/449 1810/1087/448
f 1810/1087/448 1847/575/449 1848/577/448
f 1810/1087/447 1848/577/447 1809/1095/446
f 1809/1095/488 1848/577/447 1849/1096/488
f 1809/1095/464 1849/1096/464 1808/1089/444
f 1808/1089/444 1849/1096/464 1850/581/444
f 1808/1089/443 1850/581/443 1807/1090/489
f 1807/1090/489 1850/581/443 1851/583/489
f 1807/1090/489 1851/583/489 1806/1064/440
f 1806/1064/440 1851/583/490 1852/536/440
f 1828/584/52 1818/585/52 1805/586/52
f 1805/586/52 1818/585/52 1817/587/52
f 1805/586/52 1817/587/52 1806/588/52
f 1806/588/52 1817/587/52 1816/589/52
f 1806/588/52 1816/589/52 1807/590/52
f 1807/590/52 1816/589/52 1815/591/52
f 1807/590/52 1815/591/52 1808/592/52
f 1808/592/52 1815/591/52 1814/593/52
f 1808/592/52 1814/593/52 1809/594/52
f 1809/594/52 1814/593/52 1813/595/52
f 1809/594/52 1813/595/52 1810/596/52
f 1810/596/52 1813/595/52 1812/597/52
f 1810/596/52 1812/597/52 1811/598/52
f 1818/585/52 1828/584/52 1819/599/52
f 1819/599/52 1828/584/52 1827/600/52
f 1819/599/52 1827/600/52 1820/601/52
f 1820/601/52 1827/600/52 1826/602/52
f 1820/601/52 1826/602/52 1821/603/52
f 1821/603/52 1826/602/52 1825/604/52
f 1821/603/52 1825/604/52 1822/605/52
f 1822/605/52 1825/604/52 1824/606/52
f 1822/605/52 1824/606/52 1823/607/52
f 1854/1064/439 1900/536/439 1853/1065/469
f 1853/1065/469 1900/536/439 1877/538/469
f 1853/1066/467 1877/540/467 1876/1067/434
f 1876/1067/434 1877/540/467 1878/542/434
f 1876/1067/433 1878/542/433 1875/1068/471
f 1875/1068/470 1878/542/433 1879/544/470
f 1875/1068/431 1879/544/431 1874/1069/472
f 1874/1069/472 1879/544/471 1880/546/472
f 1874/1069/429 1880/546/429 1873/1070/463
f 1873/1070/463 1880/546/429 1881/548/463
f 1873/1070/463 1881/548/463 1872/1071/491
f 1872/1071/492 1881/548/427 1882/550/492
f 1872/1071/462 1882/550/462 1871/1072/424
f 1871/1072/424 1882/550/462 1883/552/424
f 1871/1072/423 1883/552/423 1870/1073/422
f 1870/1073/422 1883/552/423 1884/554/422
f 1870/1073/421 1884/554/421 1869/1074/420
f 1869/1074/420 1884/554/421 1885/556/420
f 1869/1074/417 1885/556/417 1868/1075/416
f 1868/1075/416 1885/556/417 1886/558/416
f 1868/1075/475 1886/558/475 1867/1076/414
f 1867/1076/493 1886/558/475 1887/560/493
f 1867/1076/493 1887/560/493 1866/1077/412
f 1866/1077/412 1887/560/478 1888/562/412
f 1866/1077/411 1888/562/411 1865/1078/410
f 1865/1078/49 1888/562/479 1889/224/49
f 1865/1078/49 1889/224/49 1864/1079/480
f 1864/1079/408 1889/224/409 1890/1080/408
f 1864/1079/461 1890/1080/461 1863/1081/481
f 1863/1081/484 1890/1080/461 1891/567/484
f 1863/1081/484 1891/567/484 1862/1082/458
f 1862/1082/458 1891/567/484 1892/1094/458
f 1862/1082/456 1892/1094/456 1861/1083/457
f 1861/1083/457 1892/1094/456 1893/844/457
f 1861/1083/453 1893/844/453 1860/1084/452
f 1860/1084/452 1893/844/453 1894/1085/452
f 1860/1084/451 1894/1085/451 1859/1086/450
f 1859/1086/450 1894/1085/451 1895/575/450
f 1859/1086/449 1895/575/449 1858/1087/465
f 1858/1087/465 1895/575/449 1896/577/465
f 1858/1087/487 1896/577/487 1857/1088/446
f 1857/1088/464 1896/577/494 1897/579/464
f 1857/1088/464 1897/579/464 1856/1089/444
f 1856/1089/444 1897/579/464 1898/581/444
f 1856/1089/443 1898/581/443 1855/1090/489
f 1855/1090/489 1898/581/443 1899/583/489
f 1855/1090/490 1899/583/490 1854/1064/440
f 1854/1064/440 1899/583/489 1900/536/440
f 1876/584/52 1866/585/52 1853/586/52
f 1853/586/52 1866/585/52 1865/587/52
f 1853/586/52 1865/587/52 1854/588/52
f 1854/588/52 1865/587/52 1864/589/52
f 1854/588/52 1864/589/52 1855/590/52
f 1855/590/52 1864/589/52 1863/591/52
f 1855/590/52 1863/591/52 1856/592/52
f 1856/592/52 1863/591/52 1862/593/52
f 1856/592/52 1862/593/52 1857/594/52
f 1857/594/52 1862/593/52 1861/595/52
f 1857/594/52 1861/595/52 1858/596/52
f 1858/596/52 1861/595/52 1860/597/52
f 1858/596/52 1860/597/52 1859/598/52
f 1866/585/52 1876/584/52 1867/599/52
f 1867/599/52 1876/584/52 1875/600/52
f 1867/599/52 1875/600/52 1868/601/52
f 1868/601/52 1875/600/52 1874/602/52
f 1868/601/52 1874/602/52 1869/603/52
f 1869/603/52 1874/602/52 1873/604/52
f 1869/603/52 1873/604/52 1870/605/52
f 1870/605/52 1873/604/52 1872/606/52
f 1870/605/52 1872/606/52 1871/607/52
f 281/1097/49 1901/448/49 278/1098/49
f 278/1098/49 1901/448/49 657/491/49
f 278/1098/49 657/491/49 656/492/49
f 1902/435/49 664/452/49 1901/448/49
f 1901/448/49 664/452/49 663/453/49
f 1901/448/49 663/453/49 662/454/49
f 1903/224/49 524/528/49 1902/435/49
f 1902/435/49 524/528/49 523/529/49
f 1902/435/49 523/529/49 599/519/49
f 599/519/49 523/529/49 600/518/49
f 600/518/49 523/529/49 522/530/49
f 600/518/49 522/530/49 601/517/49
f 601/517/49 522/530/49 521/531/49
f 601/517/49 521/531/49 602/516/49
f 602/516/49 521/531/49 520/439/49
f 602/516/49 520/439/49 603/515/49
f 603/515/49 520/439/49 519/440/49
f 603/515/49 519/440/49 518/441/49
f 162/444/49 509/445/49 1903/224/49
f 1903/224/495 509/445/495 508/446/495
f 1903/224/49 508/446/49 507/447/49
f 161/1099/49 279/1100/49 162/444/49
f 162/444/49 279/1100/49 559/521/49
f 162/444/49 559/521/49 558/522/49
f 278/1098/49 566/500/49 279/1100/49
f 279/1100/49 566/500/49 565/498/49
f 279/1100/49 565/498/49 564/496/49
f 502/443/49 501/527/49 1903/224/49
f 1903/224/49 501/527/49 524/528/49
f 603/515/49 518/441/49 604/514/49
f 604/514/49 518/441/49 517/512/49
f 604/514/49 517/512/49 605/513/49
f 605/513/49 517/512/49 606/464/49
f 606/464/49 517/512/49 516/466/49
f 606/464/49 516/466/49 570/465/49
f 570/465/49 516/466/49 571/467/49
f 571/467/49 516/466/49 515/468/49
f 571/467/49 515/468/49 572/469/49
f 572/469/49 515/468/49 514/470/49
f 572/469/49 514/470/49 549/471/49
f 549/471/49 514/470/49 513/472/49
f 549/471/49 513/472/49 550/473/49
f 550/473/49 513/472/49 512/474/49
f 550/473/49 512/474/49 551/475/49
f 551/475/49 512/474/49 511/476/49
f 551/475/49 511/476/49 552/477/49
f 552/477/49 511/476/49 510/478/49
f 552/477/49 510/478/49 553/479/49
f 553/479/49 510/478/49 509/445/49
f 553/479/49 509/445/49 162/444/49
f 507/447/49 506/532/49 1903/224/49
f 1903/224/49 506/532/49 505/533/49
f 1903/224/49 505/533/49 504/534/49
f 504/534/49 503/442/49 1903/224/49
f 1903/224/49 503/442/49 502/443/49
f 606/464/49 570/465/49 648/463/49
f 648/463/49 570/465/49 569/505/49
f 648/463/49 569/505/49 649/506/49
f 649/506/49 569/505/49 568/503/49
f 649/506/49 568/503/49 650/504/49
f 650/504/49 568/503/49 278/1098/49
f 650/504/49 278/1098/49 651/501/49
f 651/501/49 278/1098/49 652/499/49
f 652/499/49 278/1098/49 653/497/49
f 653/497/49 278/1098/49 654/495/49
f 654/495/49 278/1098/49 655/493/49
f 655/493/49 278/1098/49 656/492/49
f 568/503/49 567/502/49 278/1098/49
f 278/1098/49 567/502/49 566/500/49
f 564/496/49 563/494/49 279/1100/49
f 279/1100/49 563/494/49 562/449/49
f 279/1100/49 562/449/49 561/450/49
f 561/450/49 560/451/49 279/1100/49
f 279/1100/49 560/451/49 559/521/49
f 558/522/49 557/523/49 162/444/49
f 162/444/49 557/523/49 556/524/49
f 162/444/49 556/524/49 555/525/49
f 555/525/495 554/526/495 162/444/495
f 162/444/496 554/526/496 553/479/496
f 598/520/49 597/436/49 1902/435/49
f 1902/435/49 597/436/49 620/437/49
f 1902/435/49 620/437/49 619/507/49
f 619/507/49 618/508/49 1902/435/49
f 1902/435/49 618/508/49 617/509/49
f 1902/435/49 617/509/49 616/510/49
f 616/510/49 615/511/49 1902/435/49
f 1902/435/49 615/511/49 614/486/49
f 1902/435/49 614/486/49 664/452/49
f 664/452/49 614/486/49 665/485/49
f 665/485/49 614/486/49 613/484/49
f 665/485/49 613/484/49 666/483/49
f 666/483/49 613/484/49 612/482/49
f 666/483/49 612/482/49 667/481/49
f 667/481/49 612/482/49 611/480/49
f 667/481/49 611/480/49 668/455/49
f 668/455/49 611/480/49 610/456/49
f 668/455/49 610/456/49 645/457/49
f 645/457/49 610/456/49 609/458/49
f 645/457/49 609/458/49 646/459/49
f 646/459/49 609/458/49 608/460/49
f 646/459/49 608/460/49 647/461/49
f 647/461/49 608/460/49 607/462/49
f 647/461/49 607/462/49 648/463/49
f 648/463/49 607/462/49 606/464/49
f 599/519/49 598/520/49 1902/435/49
f 662/454/49 661/487/49 1901/448/49
f 1901/448/49 661/487/49 660/488/49
f 1901/448/49 660/488/49 659/489/49
f 659/489/49 658/490/49 1901/448/49
f 1901/448/49 658/490/49 657/491/49
f 1180/1101/53 1544/1102/53 1153/1103/53
f 1153/1103/53 1544/1102/53 1543/1104/53
f 1153/1103/53 1543/1104/53 1515/245/53
f 1515/245/53 1543/1104/53 282/224/53
f 1515/245/53 282/224/53 1516/250/53
f 1516/250/53 282/224/53 1493/251/53
f 1493/251/53 282/224/53 1494/252/53
f 1494/252/53 282/224/53 1495/253/53
f 1495/253/53 282/224/53 1496/254/53
f 1496/254/53 282/224/53 1497/255/53
f 1497/255/53 282/224/53 1498/256/53
f 1498/256/53 282/224/53 1499/257/53
f 1499/257/53 282/224/53 1500/258/53
f 1500/258/53 282/224/53 1158/1105/53
f 1500/258/53 1158/1105/53 1501/230/53
f 1501/230/53 1158/1105/53 1157/1106/53
f 1501/230/53 1157/1106/53 1502/229/53
f 1502/229/53 1157/1106/53 1503/228/53
f 1503/228/53 1157/1106/53 1504/260/53
f 1504/260/53 1157/1106/53 1156/1107/53
f 1504/260/53 1156/1107/53 1505/259/53
f 1505/259/53 1156/1107/53 1506/234/53
f 1506/234/53 1156/1107/53 1507/233/53
f 1507/233/53 1156/1107/53 1155/1108/53
f 1507/233/53 1155/1108/53 1508/232/53
f 1508/232/53 1155/1108/53 1509/238/53
f 1509/238/53 1155/1108/53 1510/237/53
f 1510/237/53 1155/1108/53 1154/1109/53
f 1510/237/53 1154/1109/53 1511/236/53
f 1511/236/53 1154/1109/53 1512/242/53
f 1512/242/53 1154/1109/53 1513/241/53
f 1513/241/53 1154/1109/53 1514/240/53
f 1514/240/53 1154/1109/53 1153/1103/53
f 1514/240/53 1153/1103/53 1515/245/53
f 1179/1110/53 1547/1111/53 1180/1101/53
f 1180/1101/53 1547/1111/53 1546/1112/53
f 1180/1101/53 1546/1112/53 1545/1113/53
f 1178/1114/53 1551/1115/53 1179/1110/53
f 1179/1110/53 1551/1115/53 1550/1116/53
f 1179/1110/53 1550/1116/53 1549/1117/53
f 1177/1118/53 1554/1119/53 1178/1114/53
f 1178/1114/53 1554/1119/53 1553/1120/53
f 1178/1114/53 1553/1120/53 1552/1121/53
f 1176/1122/53 1556/1123/53 1177/1118/53
f 1177/1118/53 1556/1123/53 1555/1124/53
f 1177/1118/53 1555/1124/53 1554/1119/53
f 1175/1125/53 1407/1126/53 1176/1122/53
f 1176/1122/53 1407/1126/53 1406/1127/53
f 1176/1122/53 1406/1127/53 1405/1128/53
f 1407/1126/53 1175/1125/53 1408/1129/53
f 1408/1129/53 1175/1125/53 1174/1130/53
f 1408/1129/53 1174/1130/53 1590/1131/53
f 1590/1131/53 1174/1130/53 1173/1132/53
f 1590/1131/53 1173/1132/53 1591/1133/53
f 1591/1133/53 1173/1132/53 1172/1134/53
f 1591/1133/53 1172/1134/53 1592/1135/53
f 1592/1135/53 1172/1134/53 1593/1136/53
f 1593/1136/53 1172/1134/53 1465/1137/53
f 1593/1136/53 1465/1137/53 1594/1138/53
f 1594/1138/53 1465/1137/53 1464/1139/53
f 1594/1138/53 1464/1139/53 1595/1140/53
f 1595/1140/53 1464/1139/53 1463/1141/53
f 1595/1140/53 1463/1141/53 1462/1142/53
f 1465/1137/53 1172/1134/53 1466/1143/53
f 1466/1143/53 1172/1134/53 1171/1144/53
f 1466/1143/53 1171/1144/53 1467/1145/53
f 1467/1145/53 1171/1144/53 1468/1146/53
f 1468/1146/53 1171/1144/53 1170/1147/53
f 1468/1146/53 1170/1147/53 1445/1148/53
f 1445/1148/53 1170/1147/53 1446/1149/53
f 1446/1149/53 1170/1147/53 1447/1150/53
f 1447/1150/53 1170/1147/53 1169/1151/53
f 1447/1150/53 1169/1151/53 1448/1152/53
f 1448/1152/53 1169/1151/53 1449/1153/53
f 1449/1153/53 1169/1151/53 1450/1154/53
f 1450/1154/53 1169/1151/53 1451/1155/53
f 1451/1155/53 1169/1151/53 1168/1156/53
f 1451/1155/53 1168/1156/53 1452/1157/53
f 1452/1157/53 1168/1156/53 1453/1158/53
f 1453/1158/53 1168/1156/53 1454/1159/53
f 1454/1159/53 1168/1156/53 1167/1160/53
f 1454/1159/53 1167/1160/53 1455/1161/53
f 1455/1161/53 1167/1160/53 1363/192/53
f 1455/1161/53 1363/192/53 1903/212/53
f 1903/212/53 1363/192/53 1362/220/53
f 1903/212/53 1362/220/53 1361/219/53
f 1363/192/53 1167/1160/53 1364/193/53
f 1364/193/53 1167/1160/53 1166/1162/53
f 1364/193/53 1166/1162/53 1365/195/53
f 1365/195/53 1166/1162/53 1366/196/53
f 1366/196/53 1166/1162/53 1367/197/53
f 1367/197/53 1166/1162/53 1368/199/53
f 1368/199/53 1166/1162/53 1165/1163/53
f 1368/199/53 1165/1163/53 1369/200/53
f 1369/200/53 1165/1163/53 1370/201/53
f 1370/201/53 1165/1163/53 1371/203/53
f 1371/203/53 1165/1163/53 1164/1164/53
f 1371/203/53 1164/1164/53 1372/204/53
f 1372/204/53 1164/1164/53 1349/205/53
f 1349/205/53 1164/1164/53 1350/206/53
f 1350/206/53 1164/1164/53 1163/1165/53
f 1350/206/53 1163/1165/53 1351/207/53
f 1351/207/53 1163/1165/53 1352/209/53
f 1352/209/53 1163/1165/53 1353/210/53
f 1353/210/53 1163/1165/53 1162/1166/53
f 1353/210/53 1162/1166/53 1354/211/53
f 1354/211/53 1162/1166/53 1903/212/53
f 1354/211/53 1903/212/53 1355/213/53
f 1355/213/53 1903/212/53 1356/214/53
f 1356/214/53 1903/212/53 1357/215/53
f 1357/215/53 1903/212/53 1358/216/53
f 1358/216/53 1903/212/53 1359/217/53
f 1359/217/53 1903/212/53 1360/218/53
f 1360/218/53 1903/212/53 1361/219/53
f 1162/1166/53 1161/1167/53 1903/212/53
f 1903/212/53 1161/1167/53 1160/1168/53
f 1903/212/53 1160/1168/53 282/224/53
f 282/224/53 1160/1168/53 1159/1169/53
f 282/224/53 1159/1169/53 1158/1105/53
f 1902/1170/53 1457/1171/53 1903/212/53
f 1903/212/53 1457/1171/53 1456/1172/53
f 1903/212/53 1456/1172/53 1455/1161/53
f 283/435/53 1609/1173/53 1902/1170/53
f 1902/1170/53 1609/1173/53 1608/1174/53
f 1902/1170/53 1608/1174/53 1607/1175/53
f 282/224/53 1541/1176/53 283/435/53
f 283/435/53 1541/1176/53 1564/1177/53
f 283/435/53 1564/1177/53 1563/1178/53
f 1612/1179/53 1410/1180/53 1589/1181/53
f 1589/1181/53 1410/1180/53 1409/1182/53
f 1589/1181/53 1409/1182/53 1590/1131/53
f 1590/1131/53 1409/1182/53 1408/1129/53
f 1410/1180/53 1612/1179/53 1411/1183/53
f 1411/1183/53 1612/1179/53 1611/1184/53
f 1411/1183/53 1611/1184/53 1412/1185/53
f 1412/1185/53 1611/1184/53 1610/1186/53
f 1412/1185/53 1610/1186/53 1413/1187/53
f 1413/1187/53 1610/1186/53 1609/1173/53
f 1413/1187/53 1609/1173/53 283/435/53
f 1607/1175/53 1606/1188/53 1902/1170/53
f 1902/1170/53 1606/1188/53 1605/1189/53
f 1902/1170/53 1605/1189/53 1604/1190/53
f 1604/1190/53 1603/1191/53 1902/1170/53
f 1902/1170/53 1603/1191/53 1602/1192/53
f 1902/1170/53 1602/1192/53 1601/1193/53
f 1601/1193/53 1600/1194/53 1902/1170/53
f 1902/1170/53 1600/1194/53 1599/1195/53
f 1902/1170/53 1599/1195/53 1459/1196/53
f 1459/1196/53 1599/1195/53 1598/1197/53
f 1459/1196/53 1598/1197/53 1460/1198/53
f 1460/1198/53 1598/1197/53 1597/1199/53
f 1460/1198/53 1597/1199/53 1461/1200/53
f 1461/1200/53 1597/1199/53 1596/1201/53
f 1461/1200/53 1596/1201/53 1462/1142/53
f 1462/1142/53 1596/1201/53 1595/1140/53
f 1562/1202/53 1400/1203/53 1563/1178/53
f 1563/1178/53 1400/1203/53 1399/1204/53
f 1563/1178/53 1399/1204/53 283/435/53
f 283/435/53 1399/1204/53 1398/1205/53
f 283/435/53 1398/1205/53 1397/1206/53
f 1400/1203/53 1562/1202/53 1401/1207/53
f 1401/1207/53 1562/1202/53 1561/1208/53
f 1401/1207/53 1561/1208/53 1402/1209/53
f 1402/1209/53 1561/1208/53 1560/1210/53
f 1402/1209/53 1560/1210/53 1403/1211/53
f 1403/1211/53 1560/1210/53 1559/1212/53
f 1403/1211/53 1559/1212/53 1558/1213/53
f 1403/1211/53 1558/1213/53 1404/1214/53
f 1404/1214/53 1558/1213/53 1557/1215/53
f 1404/1214/53 1557/1215/53 1405/1128/53
f 1405/1128/53 1557/1215/53 1176/1122/53
f 1557/1215/53 1556/1123/53 1176/1122/53
f 1552/1121/53 1551/1115/53 1178/1114/53
f 1549/1117/53 1548/1216/53 1179/1110/53
f 1179/1110/53 1548/1216/53 1547/1111/53
f 1545/1113/53 1544/1102/53 1180/1101/53
f 1543/1104/53 1542/1217/53 282/224/53
f 282/224/53 1542/1217/53 1541/1176/53
f 1459/1196/53 1458/1218/53 1902/1170/53
f 1902/1170/53 1458/1218/53 1457/1171/53
f 1397/1206/53 1420/1219/53 283/435/53
f 283/435/53 1420/1219/53 1419/1220/53
f 283/435/53 1419/1220/53 1418/1221/53
f 1418/1221/53 1417/1222/53 283/435/53
f 283/435/53 1417/1222/53 1416/1223/53
f 283/435/53 1416/1223/53 1415/1224/53
f 1415/1224/53 1414/1225/53 283/435/53
f 283/435/53 1414/1225/53 1413/1187/53
f 280/1226/48 1285/1128/48 281/433/48
f 281/433/48 1285/1128/48 1284/1214/48
f 281/433/48 1284/1214/48 1283/1211/48
f 284/1170/48 1215/1195/48 280/1226/48
f 280/1226/48 1215/1195/48 1214/1197/48
f 280/1226/48 1214/1197/48 1213/1199/48
f 1901/435/48 1224/1174/48 284/1170/48
f 284/1170/48 1224/1174/48 1223/1175/48
f 284/1170/48 1223/1175/48 1222/1188/48
f 281/433/48 1279/1204/48 1901/435/48
f 1901/435/48 1279/1204/48 1278/1205/48
f 1901/435/48 1278/1205/48 1277/1206/48
f 1228/1179/48 1290/1180/48 1205/1181/48
f 1205/1181/48 1290/1180/48 1289/1182/48
f 1205/1181/48 1289/1182/48 1206/1131/48
f 1206/1131/48 1289/1182/48 1288/1129/48
f 1206/1131/48 1288/1129/48 1207/1133/48
f 1207/1133/48 1288/1129/48 1287/1126/48
f 1207/1133/48 1287/1126/48 1208/1135/48
f 1208/1135/48 1287/1126/48 1286/1127/48
f 1208/1135/48 1286/1127/48 1209/1136/48
f 1209/1136/48 1286/1127/48 1285/1128/48
f 1209/1136/48 1285/1128/48 280/1226/48
f 1290/1180/48 1228/1179/48 1291/1183/48
f 1291/1183/48 1228/1179/48 1227/1184/48
f 1291/1183/48 1227/1184/48 1292/1185/48
f 1292/1185/48 1227/1184/48 1226/1186/48
f 1292/1185/48 1226/1186/48 1293/1187/48
f 1293/1187/48 1226/1186/48 1225/1173/48
f 1293/1187/48 1225/1173/48 1294/1225/48
f 1294/1225/48 1225/1173/48 1224/1174/48
f 1294/1225/48 1224/1174/48 1901/435/48
f 1222/1188/48 1221/1189/48 284/1170/48
f 284/1170/48 1221/1189/48 1220/1190/48
f 284/1170/48 1220/1190/48 1219/1191/48
f 1219/1191/48 1218/1192/48 284/1170/48
f 284/1170/48 1218/1192/48 1217/1193/48
f 284/1170/48 1217/1193/48 1216/1194/48
f 1216/1194/48 1215/1195/48 284/1170/48
f 1213/1199/48 1212/1201/48 280/1226/48
f 280/1226/48 1212/1201/48 1211/1140/48
f 280/1226/48 1211/1140/48 1210/1138/48
f 1210/1138/48 1209/1136/48 280/1226/48
f 1277/1206/48 1300/1219/48 1901/435/48
f 1901/435/48 1300/1219/48 1299/1220/48
f 1901/435/48 1299/1220/48 1298/1221/48
f 1298/1221/48 1297/1222/48 1901/435/48
f 1901/435/48 1297/1222/48 1296/1223/48
f 1901/435/48 1296/1223/48 1295/1224/48
f 1295/1224/48 1294/1225/48 1901/435/48
f 1283/1211/48 1282/1209/48 281/433/48
f 281/433/48 1282/1209/48 1281/1207/48
f 281/433/48 1281/1207/48 1280/1203/48
f 1280/1203/48 1279/1204/48 281/433/48
f 1756/1227/52 1794/1228/52 1733/1229/52
f 1733/1229/52 1794/1228/52 1793/1230/52
f 1733/1229/52 1793/1230/52 1734/1231/52
f 1734/1231/52 1793/1230/52 1792/1232/52
f 1734/1231/52 1792/1232/52 1735/1233/52
f 1735/1233/52 1792/1232/52 1791/1234/52
f 1735/1233/52 1791/1234/52 1736/1235/52
f 1736/1235/52 1791/1234/52 1790/1236/52
f 1736/1235/52 1790/1236/52 1737/1237/52
f 1737/1237/52 1790/1236/52 1789/1238/52
f 1737/1237/52 1789/1238/52 284/1239/52
f 284/1239/52 1789/1238/52 1901/1240/52
f 1901/1240/52 1789/1238/52 1788/1241/52
f 1901/1240/52 1788/1241/52 1787/1242/52
f 1794/1228/52 1756/1227/52 1795/1243/52
f 1795/1243/52 1756/1227/52 1755/1244/52
f 1795/1243/52 1755/1244/52 1887/1245/52
f 1887/1245/52 1755/1244/52 1831/1246/52
f 1887/1245/52 1831/1246/52 1830/1247/52
f 1831/1246/52 1755/1244/52 1832/1248/52
f 1832/1248/52 1755/1244/52 1754/1249/52
f 1832/1248/52 1754/1249/52 1833/1250/52
f 1833/1250/52 1754/1249/52 1753/1251/52
f 1833/1250/52 1753/1251/52 1834/1252/52
f 1834/1252/52 1753/1251/52 1752/1253/52
f 1834/1252/52 1752/1253/52 1835/1254/52
f 1835/1254/52 1752/1253/52 1751/1255/52
f 1835/1254/52 1751/1255/52 1750/1256/52
f 1835/1254/52 1750/1256/52 1836/1257/52
f 1836/1257/52 1750/1256/52 1749/1258/52
f 1836/1257/52 1749/1258/52 1837/1259/52
f 1837/1259/52 1749/1258/52 1748/1260/52
f 1837/1259/52 1748/1260/52 1838/1261/52
f 1838/1261/52 1748/1260/52 1747/1262/52
f 1838/1261/52 1747/1262/52 1839/1263/52
f 1839/1263/52 1747/1262/52 1746/1264/52
f 1839/1263/52 1746/1264/52 1840/1265/52
f 1840/1265/52 1746/1264/52 283/1266/52
f 1840/1265/52 283/1266/52 1841/1267/52
f 1841/1267/52 283/1266/52 1842/1268/52
f 1842/1268/52 283/1266/52 1843/1269/52
f 1843/1269/52 283/1266/52 1844/1270/52
f 1844/1270/52 283/1266/52 1845/1271/52
f 1845/1271/52 283/1266/52 1846/1272/52
f 1846/1272/52 283/1266/52 1847/1273/52
f 1847/1273/52 283/1266/52 1848/1274/52
f 1848/1274/52 283/1266/52 1849/1275/52
f 1849/1275/52 283/1266/52 1893/1276/52
f 1849/1275/52 1893/1276/52 1850/1277/52
f 1850/1277/52 1893/1276/52 1892/1278/52
f 1850/1277/52 1892/1278/52 1851/1279/52
f 1851/1279/52 1892/1278/52 1891/1280/52
f 1851/1279/52 1891/1280/52 1852/1281/52
f 1852/1281/52 1891/1280/52 1890/1282/52
f 1852/1281/52 1890/1282/52 1829/1283/52
f 1829/1283/52 1890/1282/52 1889/1284/52
f 1829/1283/52 1889/1284/52 1888/1285/52
f 283/1266/52 1746/1264/52 284/1239/52
f 284/1239/52 1746/1264/52 1745/1286/52
f 284/1239/52 1745/1286/52 1744/1287/52
f 1744/1287/52 1743/1288/52 284/1239/52
f 284/1239/52 1743/1288/52 1742/1289/52
f 284/1239/52 1742/1289/52 1741/1290/52
f 1741/1290/52 1740/1291/52 284/1239/52
f 284/1239/52 1740/1291/52 1739/1292/52
f 284/1239/52 1739/1292/52 1738/1293/52
f 1738/1293/52 1737/1237/52 284/1239/52
f 1782/1294/52 1781/1295/52 1901/1240/52
f 1901/1240/52 1781/1295/52 1804/1296/52
f 1901/1240/52 1804/1296/52 1902/1297/52
f 1902/1297/52 1804/1296/52 1878/1298/52
f 1902/1297/52 1878/1298/52 1877/1299/52
f 1878/1298/52 1804/1296/52 1879/1300/52
f 1879/1300/52 1804/1296/52 1803/1301/52
f 1879/1300/52 1803/1301/52 1802/1302/52
f 1879/1300/52 1802/1302/52 1880/1303/52
f 1880/1303/52 1802/1302/52 1801/1304/52
f 1880/1303/52 1801/1304/52 1881/1305/52
f 1881/1305/52 1801/1304/52 1800/1306/52
f 1881/1305/52 1800/1306/52 1882/1307/52
f 1882/1307/52 1800/1306/52 1799/1308/52
f 1882/1307/52 1799/1308/52 1883/1309/52
f 1883/1309/52 1799/1308/52 1798/1310/52
f 1883/1309/52 1798/1310/52 1884/1311/52
f 1884/1311/52 1798/1310/52 1797/1312/52
f 1884/1311/52 1797/1312/52 1885/1313/52
f 1885/1313/52 1797/1312/52 1796/1314/52
f 1885/1313/52 1796/1314/52 1886/1315/52
f 1886/1315/52 1796/1314/52 1795/1243/52
f 1886/1315/52 1795/1243/52 1887/1245/52
f 1787/1242/52 1786/1316/52 1901/1240/52
f 1901/1240/52 1786/1316/52 1785/1317/52
f 1901/1240/52 1785/1317/52 1784/1318/52
f 1784/1318/52 1783/1319/52 1901/1240/52
f 1901/1240/52 1783/1319/52 1782/1294/52
f 1887/1245/52 1830/1247/52 1888/1285/52
f 1888/1285/52 1830/1247/52 1829/1283/52
f 1877/1299/52 1900/1320/52 1902/1297/52
f 1902/1297/52 1900/1320/52 1899/1321/52
f 1902/1297/52 1899/1321/52 1898/1322/52
f 1898/1322/52 1897/1323/52 1902/1297/52
f 1902/1297/52 1897/1323/52 1896/1324/52
f 1902/1297/52 1896/1324/52 1895/1325/52
f 1895/1325/52 1894/1326/52 1902/1297/52
f 1902/1297/52 1894/1326/52 1893/1276/52
f 1902/1297/52 1893/1276/52 283/1266/52
f 1638/1298/50 1637/1299/50 282/1297/50
f 282/1297/50 1637/1299/50 1660/1320/50
f 282/1297/50 1660/1320/50 1659/1321/50
f 1659/1321/50 1658/1322/50 282/1297/50
f 282/1297/50 1658/1322/50 1657/1323/50
f 282/1297/50 1657/1323/50 1656/1324/50
f 1656/1324/50 1655/1325/50 282/1297/50
f 282/1297/50 1655/1325/50 1654/1326/50
f 282/1297/50 1654/1326/50 1653/1276/50
f 1652/1278/50 1706/1277/50 1653/1276/50
f 1653/1276/50 1706/1277/50 1705/1275/50
f 1653/1276/50 1705/1275/50 282/1297/50
f 282/1297/50 1705/1275/50 1903/1266/50
f 1903/1266/50 1705/1275/50 1704/1274/50
f 1903/1266/50 1704/1274/50 1703/1273/50
f 1706/1277/50 1652/1278/50 1707/1279/50
f 1707/1279/50 1652/1278/50 1651/1280/50
f 1707/1279/50 1651/1280/50 1708/1281/50
f 1708/1281/50 1651/1280/50 1650/1282/50
f 1708/1281/50 1650/1282/50 1685/1283/50
f 1685/1283/50 1650/1282/50 1649/1284/50
f 1685/1283/50 1649/1284/50 1686/1247/50
f 1686/1247/50 1649/1284/50 1648/1285/50
f 1686/1247/50 1648/1285/50 1687/1246/50
f 1687/1246/50 1648/1285/50 1647/1245/50
f 1687/1246/50 1647/1245/50 1688/1248/50
f 1688/1248/50 1647/1245/50 1646/1315/50
f 1688/1248/50 1646/1315/50 1689/1250/50
f 1689/1250/50 1646/1315/50 1645/1313/50
f 1689/1250/50 1645/1313/50 162/1239/50
f 162/1239/50 1645/1313/50 163/1240/50
f 163/1240/50 1645/1313/50 1644/1311/50
f 163/1240/50 1644/1311/50 1643/1309/50
f 1643/1309/50 1642/1307/50 163/1240/50
f 163/1240/50 1642/1307/50 1641/1305/50
f 163/1240/50 1641/1305/50 1640/1303/50
f 1640/1303/50 1639/1300/50 163/1240/50
f 163/1240/50 1639/1300/50 1638/1298/50
f 163/1240/50 1638/1298/50 282/1297/50
f 1703/1273/50 1702/1272/50 1903/1266/50
f 1903/1266/50 1702/1272/50 1701/1271/50
f 1903/1266/50 1701/1271/50 1700/1270/50
f 1700/1270/50 1699/1269/50 1903/1266/50
f 1903/1266/50 1699/1269/50 1698/1268/50
f 1903/1266/50 1698/1268/50 1697/1267/50
f 1697/1267/50 1696/1265/50 1903/1266/50
f 1903/1266/50 1696/1265/50 162/1239/50
f 162/1239/50 1696/1265/50 1695/1263/50
f 162/1239/50 1695/1263/50 1694/1261/50
f 1694/1261/50 1693/1259/50 162/1239/50
f 162/1239/50 1693/1259/50 1692/1257/50
f 162/1239/50 1692/1257/50 1691/1254/50
f 1691/1254/50 1690/1252/50 162/1239/50
f 162/1239/50 1690/1252/50 1689/1250/50
