# Blender 4.2.23 LTS
# www.blender.org
o tmp_export_Cuerpo1:14
v 1.914240 0.531753 0.071183
v 1.914240 0.714462 0.212413
v 1.914240 0.860917 0.390962
v 1.914240 0.963685 0.597764
v 1.914240 1.017550 0.822325
v 1.914240 1.019775 1.053244
v 1.914240 0.970251 1.278801
v 1.914240 0.871489 1.487546
v 1.914240 0.728503 1.668885
v 1.914240 0.548553 1.813612
v 1.914240 0.340768 1.914382
v 1.914240 0.115699 1.966078
v 1.914240 -0.115231 1.966078
v 1.914240 -0.340300 1.914382
v 1.914240 -0.548084 1.813612
v 1.914240 -0.728036 1.668885
v 1.914240 -0.871022 1.487546
v 1.914240 -0.969783 1.278801
v 1.914240 -1.019308 1.053244
v 1.914240 -1.017082 0.822325
v 1.914240 -0.963217 0.597764
v 1.914240 -0.860450 0.390962
v 1.914240 -0.713994 0.212413
v 1.914240 -0.531285 0.071183
v 1.714240 -0.531285 0.071183
v 1.714240 -0.713994 0.212413
v 1.714240 -0.860450 0.390962
v 1.714240 -0.963217 0.597764
v 1.714240 -1.017082 0.822325
v 1.714240 -1.019308 1.053244
v 1.714240 -0.969783 1.278801
v 1.714240 -0.871022 1.487546
v 1.714240 -0.728036 1.668885
v 1.714240 -0.548084 1.813612
v 1.714240 -0.340300 1.914382
v 1.714240 -0.115231 1.966078
v 1.714240 0.115699 1.966078
v 1.714240 0.340768 1.914382
v 1.714240 0.548553 1.813612
v 1.714240 0.728503 1.668885
v 1.714240 0.871489 1.487546
v 1.714240 0.970251 1.278801
v 1.714240 1.019775 1.053244
v 1.714240 1.017550 0.822325
v 1.714240 0.963685 0.597764
v 1.714240 0.860917 0.390962
v 1.714240 0.714462 0.212413
v 1.714240 0.531753 0.071183
v 1.714240 -0.699766 0.947603
v 1.714240 -0.703174 0.921721
v 1.714240 -0.713164 0.897603
v 1.714240 -0.729056 0.876892
v 1.714240 -0.749766 0.861000
v 1.714240 -0.773884 0.851010
v 1.714240 -0.799766 0.847603
v 1.714240 -0.825648 0.851010
v 1.714240 -0.849766 0.861000
v 1.714240 -0.870477 0.876892
v 1.714240 -0.886369 0.897603
v 1.714240 -0.896358 0.921721
v 1.714240 -0.899766 0.947603
v 1.714240 -0.896358 0.973485
v 1.714240 -0.886369 0.997603
v 1.714240 -0.870477 1.018313
v 1.714240 -0.849766 1.034205
v 1.714240 -0.825648 1.044195
v 1.714240 -0.799766 1.047603
v 1.714240 -0.773884 1.044195
v 1.714240 -0.749766 1.034205
v 1.714240 -0.729056 1.018313
v 1.714240 -0.713164 0.997603
v 1.714240 -0.703174 0.973485
v 1.714240 0.125234 0.947603
v 1.714240 0.120974 0.915250
v 1.714240 0.108487 0.885103
v 1.714240 0.088622 0.859214
v 1.714240 0.062734 0.839350
v 1.714240 0.032586 0.826862
v 1.714240 0.000234 0.822603
v 1.714240 -0.032119 0.826862
v 1.714240 -0.062266 0.839350
v 1.714240 -0.088155 0.859214
v 1.714240 -0.108019 0.885103
v 1.714240 -0.120507 0.915250
v 1.714240 -0.124766 0.947603
v 1.714240 -0.120507 0.979955
v 1.714240 -0.108019 1.010103
v 1.714240 -0.088155 1.035991
v 1.714240 -0.062266 1.055856
v 1.714240 -0.032119 1.068343
v 1.714240 0.000234 1.072603
v 1.714240 0.032586 1.068343
v 1.714240 0.062734 1.055856
v 1.714240 0.088622 1.035991
v 1.714240 0.108487 1.010103
v 1.714240 0.120974 0.979955
v 1.714240 0.900234 0.947603
v 1.714240 0.896826 0.921721
v 1.714240 0.886836 0.897603
v 1.714240 0.870944 0.876892
v 1.714240 0.850234 0.861000
v 1.714240 0.826116 0.851010
v 1.714240 0.800234 0.847603
v 1.714240 0.774352 0.851010
v 1.714240 0.750234 0.861000
v 1.714240 0.729523 0.876892
v 1.714240 0.713631 0.897603
v 1.714240 0.703641 0.921721
v 1.714240 0.700234 0.947603
v 1.714240 0.703641 0.973485
v 1.714240 0.713631 0.997603
v 1.714240 0.729523 1.018313
v 1.714240 0.750234 1.034205
v 1.714240 0.774352 1.044195
v 1.714240 0.800234 1.047603
v 1.714240 0.826116 1.044195
v 1.714240 0.850234 1.034205
v 1.714240 0.870944 1.018313
v 1.714240 0.886836 0.997603
v 1.714240 0.896826 0.973485
v 1.714240 -0.503479 0.314763
v 1.714240 -0.471041 0.528178
v 1.714240 -0.433591 0.705449
v 1.714240 -0.390762 0.840567
v 1.714240 -0.368249 0.888517
v 1.714240 -0.346021 0.922752
v 1.714240 -0.334115 0.936341
v 1.714240 -0.320471 0.948233
v 1.714240 -0.305124 0.957307
v 1.714240 -0.288263 0.962521
v 1.714240 -0.270604 0.963187
v 1.714240 -0.253169 0.959532
v 1.714240 -0.236638 0.952503
v 1.714240 -0.221206 0.943101
v 1.714240 -0.191715 0.918310
v 1.714240 -0.164390 0.888240
v 1.714240 -0.145081 0.850090
v 1.714240 -0.117097 0.817762
v 1.714240 -0.082108 0.793185
v 1.714240 -0.042204 0.777826
v 1.714240 0.000234 0.772603
v 1.714240 0.042671 0.777826
v 1.714240 0.082576 0.793185
v 1.714240 0.117564 0.817762
v 1.714240 0.145548 0.850090
v 1.714240 0.164858 0.888240
v 1.714240 0.191997 0.918119
v 1.714240 0.222914 0.943952
v 1.714240 0.239899 0.953919
v 1.714240 0.258267 0.960895
v 1.714240 0.277402 0.963479
v 1.714240 0.287048 0.962788
v 1.714240 0.296528 0.960697
v 1.714240 0.314168 0.952774
v 1.714240 0.329818 0.940925
v 1.714240 0.355532 0.910280
v 1.714240 0.396880 0.826279
v 1.714240 0.417262 0.765971
v 1.714240 0.438160 0.688618
v 1.714240 0.477704 0.491201
v 1.914240 1.450234 0.071183
v 1.914240 1.450234 2.072603
v 1.914240 -1.449766 2.072603
v 1.914240 -1.449766 0.071183
v 1.914240 1.200234 1.722603
v 1.914240 1.196826 1.696721
v 1.914240 1.186836 1.672603
v 1.914240 1.170944 1.651892
v 1.914240 1.150234 1.636000
v 1.914240 1.126116 1.626010
v 1.914240 1.100234 1.622603
v 1.914240 1.074352 1.626010
v 1.914240 1.050234 1.636000
v 1.914240 1.029523 1.651892
v 1.914240 1.013631 1.672603
v 1.914240 1.003641 1.696721
v 1.914240 1.000234 1.722603
v 1.914240 1.003641 1.748485
v 1.914240 1.013631 1.772603
v 1.914240 1.029523 1.793313
v 1.914240 1.050234 1.809205
v 1.914240 1.074352 1.819195
v 1.914240 1.100234 1.822603
v 1.914240 1.126116 1.819195
v 1.914240 1.150234 1.809205
v 1.914240 1.170944 1.793313
v 1.914240 1.186836 1.772603
v 1.914240 1.196826 1.748485
v 1.914240 -0.999766 1.722603
v 1.914240 -1.003174 1.696721
v 1.914240 -1.013164 1.672603
v 1.914240 -1.029056 1.651892
v 1.914240 -1.049766 1.636000
v 1.914240 -1.073884 1.626010
v 1.914240 -1.099766 1.622603
v 1.914240 -1.125648 1.626010
v 1.914240 -1.149766 1.636000
v 1.914240 -1.170477 1.651892
v 1.914240 -1.186369 1.672603
v 1.914240 -1.196359 1.696721
v 1.914240 -1.199766 1.722603
v 1.914240 -1.196359 1.748485
v 1.914240 -1.186369 1.772603
v 1.914240 -1.170477 1.793313
v 1.914240 -1.149766 1.809205
v 1.914240 -1.125648 1.819195
v 1.914240 -1.099766 1.822603
v 1.914240 -1.073884 1.819195
v 1.914240 -1.049766 1.809205
v 1.914240 -1.029056 1.793313
v 1.914240 -1.013164 1.772603
v 1.914240 -1.003174 1.748485
v 1.514240 0.850234 0.071183
v 1.514240 0.850234 -0.927397
v 0.914240 0.850234 -0.927397
v 0.914240 0.850234 0.072603
v 1.514240 0.850234 0.072603
v 1.514240 1.250234 -0.927397
v 0.914240 1.250234 -0.927397
v 1.514240 1.250234 0.071183
v 1.514240 1.250234 0.072603
v 0.914240 1.250234 0.072603
v 1.514240 -1.249766 0.072603
v 1.514240 -1.249766 0.071183
v 1.514240 -1.249766 -0.927397
v 0.914240 -1.249766 -0.927397
v 0.914240 -1.249766 0.072603
v 1.514240 -0.849766 -0.927397
v 0.914240 -0.849766 -0.927397
v 1.514240 -0.849766 0.071183
v 1.514240 -0.849766 0.072603
v 0.914240 -0.849766 0.072603
v 1.514240 0.531753 0.071183
v 1.514240 0.504029 0.313361
v 1.514240 0.472156 0.523503
v 1.514240 0.435727 0.698466
v 1.514240 0.394110 0.833373
v 1.514240 0.371128 0.884044
v 1.514240 0.346581 0.922634
v 1.514240 0.333699 0.937228
v 1.514240 0.320402 0.948625
v 1.514240 0.306689 0.956801
v 1.514240 0.292557 0.961748
v 1.514240 0.278009 0.963477
v 1.514240 0.263046 0.962009
v 1.514240 0.247674 0.957378
v 1.514240 0.231898 0.949624
v 1.514240 0.199153 0.924922
v 1.514240 0.164858 0.888240
v 1.514240 0.145548 0.850090
v 1.514240 0.117564 0.817762
v 1.514240 0.082576 0.793185
v 1.514240 0.042671 0.777826
v 1.514240 0.000234 0.772603
v 1.514240 -0.042204 0.777826
v 1.514240 -0.082108 0.793185
v 1.514240 -0.117097 0.817762
v 1.514240 -0.145081 0.850090
v 1.514240 -0.164390 0.888240
v 1.514240 -0.198686 0.924922
v 1.514240 -0.231430 0.949624
v 1.514240 -0.247207 0.957378
v 1.514240 -0.262579 0.962009
v 1.514240 -0.277541 0.963477
v 1.514240 -0.292090 0.961748
v 1.514240 -0.306221 0.956801
v 1.514240 -0.319935 0.948625
v 1.514240 -0.333231 0.937228
v 1.514240 -0.346113 0.922634
v 1.514240 -0.370660 0.884044
v 1.514240 -0.393642 0.833373
v 1.514240 -0.435259 0.698466
v 1.514240 -0.471689 0.523503
v 1.514240 -0.503562 0.313361
v 1.514240 -0.531285 0.071183
v 1.514240 -1.449766 0.071183
v 1.514240 -1.449766 -0.928817
v 1.514240 1.450234 -0.928817
v 1.514240 1.450234 0.071183
v 1.914240 -1.449766 -0.928817
v 1.914240 1.450234 -0.928817
v -1.485760 -1.449766 2.072603
v -1.485760 -1.449766 -2.577397
v 1.914240 -1.449766 -2.577397
v -0.285760 -1.449766 -1.897177
v -0.289167 -1.449766 -1.923059
v -0.299157 -1.449766 -1.947177
v -0.315049 -1.449766 -1.967888
v -0.335760 -1.449766 -1.983780
v -0.359878 -1.449766 -1.993770
v -0.385760 -1.449766 -1.997177
v -0.411642 -1.449766 -1.993770
v -0.435760 -1.449766 -1.983780
v -0.456470 -1.449766 -1.967888
v -0.472362 -1.449766 -1.947177
v -0.482352 -1.449766 -1.923059
v -0.485760 -1.449766 -1.897177
v -0.482352 -1.449766 -1.871295
v -0.472362 -1.449766 -1.847177
v -0.456470 -1.449766 -1.826467
v -0.435760 -1.449766 -1.810575
v -0.411642 -1.449766 -1.800585
v -0.385760 -1.449766 -1.797177
v -0.359878 -1.449766 -1.800585
v -0.335760 -1.449766 -1.810575
v -0.315049 -1.449766 -1.826467
v -0.299157 -1.449766 -1.847177
v -0.289167 -1.449766 -1.871295
v 0.914240 -1.449766 -1.897177
v 0.910833 -1.449766 -1.923059
v 0.900843 -1.449766 -1.947177
v 0.884951 -1.449766 -1.967888
v 0.864240 -1.449766 -1.983780
v 0.840122 -1.449766 -1.993770
v 0.814240 -1.449766 -1.997177
v 0.788358 -1.449766 -1.993770
v 0.764240 -1.449766 -1.983780
v 0.743530 -1.449766 -1.967888
v 0.727638 -1.449766 -1.947177
v 0.717648 -1.449766 -1.923059
v 0.714240 -1.449766 -1.897177
v 0.717648 -1.449766 -1.871295
v 0.727638 -1.449766 -1.847177
v 0.743530 -1.449766 -1.826467
v 0.764240 -1.449766 -1.810575
v 0.788358 -1.449766 -1.800585
v 0.814240 -1.449766 -1.797177
v 0.840122 -1.449766 -1.800585
v 0.864240 -1.449766 -1.810575
v 0.884951 -1.449766 -1.826467
v 0.900843 -1.449766 -1.847177
v 0.910833 -1.449766 -1.871295
v -0.285760 -1.449766 0.502823
v -0.289167 -1.449766 0.476941
v -0.299157 -1.449766 0.452823
v -0.315049 -1.449766 0.432112
v -0.335760 -1.449766 0.416220
v -0.359878 -1.449766 0.406230
v -0.385760 -1.449766 0.402823
v -0.411642 -1.449766 0.406230
v -0.435760 -1.449766 0.416220
v -0.456470 -1.449766 0.432112
v -0.472362 -1.449766 0.452823
v -0.482352 -1.449766 0.476941
v -0.485760 -1.449766 0.502823
v -0.482352 -1.449766 0.528705
v -0.472362 -1.449766 0.552823
v -0.456470 -1.449766 0.573533
v -0.435760 -1.449766 0.589425
v -0.411642 -1.449766 0.599415
v -0.385760 -1.449766 0.602823
v -0.359878 -1.449766 0.599415
v -0.335760 -1.449766 0.589425
v -0.315049 -1.449766 0.573533
v -0.299157 -1.449766 0.552823
v -0.289167 -1.449766 0.528705
v 0.914240 -1.449766 0.502823
v 0.910833 -1.449766 0.476941
v 0.900843 -1.449766 0.452823
v 0.884951 -1.449766 0.432112
v 0.864240 -1.449766 0.416220
v 0.840122 -1.449766 0.406230
v 0.814240 -1.449766 0.402823
v 0.788358 -1.449766 0.406230
v 0.764240 -1.449766 0.416220
v 0.743530 -1.449766 0.432112
v 0.727638 -1.449766 0.452823
v 0.717648 -1.449766 0.476941
v 0.714240 -1.449766 0.502823
v 0.717648 -1.449766 0.528705
v 0.727638 -1.449766 0.552823
v 0.743530 -1.449766 0.573533
v 0.764240 -1.449766 0.589425
v 0.788358 -1.449766 0.599415
v 0.814240 -1.449766 0.602823
v 0.840122 -1.449766 0.599415
v 0.864240 -1.449766 0.589425
v 0.884951 -1.449766 0.573533
v 0.900843 -1.449766 0.552823
v 0.910833 -1.449766 0.528705
v 0.914240 -0.949766 0.502823
v 0.910833 -0.949766 0.476941
v 0.900843 -0.949766 0.452823
v 0.884951 -0.949766 0.432112
v 0.864240 -0.949766 0.416220
v 0.840122 -0.949766 0.406230
v 0.814240 -0.949766 0.402823
v 0.788358 -0.949766 0.406230
v 0.764240 -0.949766 0.416220
v 0.743530 -0.949766 0.432112
v 0.727638 -0.949766 0.452823
v 0.717648 -0.949766 0.476941
v 0.714240 -0.949766 0.502823
v 0.717648 -0.949766 0.528705
v 0.727638 -0.949766 0.552823
v 0.743530 -0.949766 0.573533
v 0.764240 -0.949766 0.589425
v 0.788358 -0.949766 0.599415
v 0.814240 -0.949766 0.602823
v 0.840122 -0.949766 0.599415
v 0.864240 -0.949766 0.589425
v 0.884951 -0.949766 0.573533
v 0.900843 -0.949766 0.552823
v 0.910833 -0.949766 0.528705
v -0.285760 -0.949766 0.502823
v -0.289167 -0.949766 0.476941
v -0.299157 -0.949766 0.452823
v -0.315049 -0.949766 0.432112
v -0.335760 -0.949766 0.416220
v -0.359878 -0.949766 0.406230
v -0.385760 -0.949766 0.402823
v -0.411642 -0.949766 0.406230
v -0.435760 -0.949766 0.416220
v -0.456470 -0.949766 0.432112
v -0.472362 -0.949766 0.452823
v -0.482352 -0.949766 0.476941
v -0.485760 -0.949766 0.502823
v -0.482352 -0.949766 0.528705
v -0.472362 -0.949766 0.552823
v -0.456470 -0.949766 0.573533
v -0.435760 -0.949766 0.589425
v -0.411642 -0.949766 0.599415
v -0.385760 -0.949766 0.602823
v -0.359878 -0.949766 0.599415
v -0.335760 -0.949766 0.589425
v -0.315049 -0.949766 0.573533
v -0.299157 -0.949766 0.552823
v -0.289167 -0.949766 0.528705
v 0.914240 -0.949766 -1.897177
v 0.910833 -0.949766 -1.923059
v 0.900843 -0.949766 -1.947177
v 0.884951 -0.949766 -1.967888
v 0.864240 -0.949766 -1.983780
v 0.840122 -0.949766 -1.993770
v 0.814240 -0.949766 -1.997177
v 0.788358 -0.949766 -1.993770
v 0.764240 -0.949766 -1.983780
v 0.743530 -0.949766 -1.967888
v 0.727638 -0.949766 -1.947177
v 0.717648 -0.949766 -1.923059
v 0.714240 -0.949766 -1.897177
v 0.717648 -0.949766 -1.871295
v 0.727638 -0.949766 -1.847177
v 0.743530 -0.949766 -1.826467
v 0.764240 -0.949766 -1.810575
v 0.788358 -0.949766 -1.800585
v 0.814240 -0.949766 -1.797177
v 0.840122 -0.949766 -1.800585
v 0.864240 -0.949766 -1.810575
v 0.884951 -0.949766 -1.826467
v 0.900843 -0.949766 -1.847177
v 0.910833 -0.949766 -1.871295
v -0.285760 -0.949766 -1.897177
v -0.289167 -0.949766 -1.923059
v -0.299157 -0.949766 -1.947177
v -0.315049 -0.949766 -1.967888
v -0.335760 -0.949766 -1.983780
v -0.359878 -0.949766 -1.993770
v -0.385760 -0.949766 -1.997177
v -0.411642 -0.949766 -1.993770
v -0.435760 -0.949766 -1.983780
v -0.456470 -0.949766 -1.967888
v -0.472362 -0.949766 -1.947177
v -0.482352 -0.949766 -1.923059
v -0.485760 -0.949766 -1.897177
v -0.482352 -0.949766 -1.871295
v -0.472362 -0.949766 -1.847177
v -0.456470 -0.949766 -1.826467
v -0.435760 -0.949766 -1.810575
v -0.411642 -0.949766 -1.800585
v -0.385760 -0.949766 -1.797177
v -0.359878 -0.949766 -1.800585
v -0.335760 -0.949766 -1.810575
v -0.315049 -0.949766 -1.826467
v -0.299157 -0.949766 -1.847177
v -0.289167 -0.949766 -1.871295
v -0.485760 0.950234 0.502823
v -0.482352 0.950234 0.476941
v -0.472362 0.950234 0.452823
v -0.456470 0.950234 0.432112
v -0.435760 0.950234 0.416220
v -0.411642 0.950234 0.406230
v -0.385760 0.950234 0.402823
v -0.359878 0.950234 0.406230
v -0.335760 0.950234 0.416220
v -0.315049 0.950234 0.432112
v -0.299157 0.950234 0.452823
v -0.289167 0.950234 0.476941
v -0.285760 0.950234 0.502823
v -0.289167 0.950234 0.528705
v -0.299157 0.950234 0.552823
v -0.315049 0.950234 0.573533
v -0.335760 0.950234 0.589425
v -0.359878 0.950234 0.599415
v -0.385760 0.950234 0.602823
v -0.411642 0.950234 0.599415
v -0.435760 0.950234 0.589425
v -0.456470 0.950234 0.573533
v -0.472362 0.950234 0.552823
v -0.482352 0.950234 0.528705
v -0.485760 1.450234 0.502823
v -0.482352 1.450234 0.528705
v -0.472362 1.450234 0.552823
v -0.456470 1.450234 0.573533
v -0.435760 1.450234 0.589425
v -0.411642 1.450234 0.599415
v -0.385760 1.450234 0.602823
v -0.359878 1.450234 0.599415
v -0.335760 1.450234 0.589425
v -0.315049 1.450234 0.573533
v -0.299157 1.450234 0.552823
v -0.289167 1.450234 0.528705
v -0.285760 1.450234 0.502823
v -0.289167 1.450234 0.476941
v -0.299157 1.450234 0.452823
v -0.315049 1.450234 0.432112
v -0.335760 1.450234 0.416220
v -0.359878 1.450234 0.406230
v -0.385760 1.450234 0.402823
v -0.411642 1.450234 0.406230
v -0.435760 1.450234 0.416220
v -0.456470 1.450234 0.432112
v -0.472362 1.450234 0.452823
v -0.482352 1.450234 0.476941
v 0.714240 0.950234 0.502823
v 0.717648 0.950234 0.476941
v 0.727638 0.950234 0.452823
v 0.743530 0.950234 0.432112
v 0.764240 0.950234 0.416220
v 0.788358 0.950234 0.406230
v 0.814240 0.950234 0.402823
v 0.840122 0.950234 0.406230
v 0.864240 0.950234 0.416220
v 0.884951 0.950234 0.432112
v 0.900843 0.950234 0.452823
v 0.910833 0.950234 0.476941
v 0.914240 0.950234 0.502823
v 0.910833 0.950234 0.528705
v 0.900843 0.950234 0.552823
v 0.884951 0.950234 0.573533
v 0.864240 0.950234 0.589425
v 0.840122 0.950234 0.599415
v 0.814240 0.950234 0.602823
v 0.788358 0.950234 0.599415
v 0.764240 0.950234 0.589425
v 0.743530 0.950234 0.573533
v 0.727638 0.950234 0.552823
v 0.717648 0.950234 0.528705
v 0.714240 1.450234 0.502823
v 0.717648 1.450234 0.528705
v 0.727638 1.450234 0.552823
v 0.743530 1.450234 0.573533
v 0.764240 1.450234 0.589425
v 0.788358 1.450234 0.599415
v 0.814240 1.450234 0.602823
v 0.840122 1.450234 0.599415
v 0.864240 1.450234 0.589425
v 0.884951 1.450234 0.573533
v 0.900843 1.450234 0.552823
v 0.910833 1.450234 0.528705
v 0.914240 1.450234 0.502823
v 0.910833 1.450234 0.476941
v 0.900843 1.450234 0.452823
v 0.884951 1.450234 0.432112
v 0.864240 1.450234 0.416220
v 0.840122 1.450234 0.406230
v 0.814240 1.450234 0.402823
v 0.788358 1.450234 0.406230
v 0.764240 1.450234 0.416220
v 0.743530 1.450234 0.432112
v 0.727638 1.450234 0.452823
v 0.717648 1.450234 0.476941
v -0.485760 0.950234 -1.897177
v -0.482352 0.950234 -1.923059
v -0.472362 0.950234 -1.947177
v -0.456470 0.950234 -1.967888
v -0.435760 0.950234 -1.983780
v -0.411642 0.950234 -1.993770
v -0.385760 0.950234 -1.997177
v -0.359878 0.950234 -1.993770
v -0.335760 0.950234 -1.983780
v -0.315049 0.950234 -1.967888
v -0.299157 0.950234 -1.947177
v -0.289167 0.950234 -1.923059
v -0.285760 0.950234 -1.897177
v -0.289167 0.950234 -1.871295
v -0.299157 0.950234 -1.847177
v -0.315049 0.950234 -1.826467
v -0.335760 0.950234 -1.810575
v -0.359878 0.950234 -1.800585
v -0.385760 0.950234 -1.797177
v -0.411642 0.950234 -1.800585
v -0.435760 0.950234 -1.810575
v -0.456470 0.950234 -1.826467
v -0.472362 0.950234 -1.847177
v -0.482352 0.950234 -1.871295
v -0.485760 1.450234 -1.897177
v -0.482352 1.450234 -1.871295
v -0.472362 1.450234 -1.847177
v -0.456470 1.450234 -1.826467
v -0.435760 1.450234 -1.810575
v -0.411642 1.450234 -1.800585
v -0.385760 1.450234 -1.797177
v -0.359878 1.450234 -1.800585
v -0.335760 1.450234 -1.810575
v -0.315049 1.450234 -1.826467
v -0.299157 1.450234 -1.847177
v -0.289167 1.450234 -1.871295
v -0.285760 1.450234 -1.897177
v -0.289167 1.450234 -1.923059
v -0.299157 1.450234 -1.947177
v -0.315049 1.450234 -1.967888
v -0.335760 1.450234 -1.983780
v -0.359878 1.450234 -1.993770
v -0.385760 1.450234 -1.997177
v -0.411642 1.450234 -1.993770
v -0.435760 1.450234 -1.983780
v -0.456470 1.450234 -1.967888
v -0.472362 1.450234 -1.947177
v -0.482352 1.450234 -1.923059
v 0.714240 0.950234 -1.897177
v 0.717648 0.950234 -1.923059
v 0.727638 0.950234 -1.947177
v 0.743530 0.950234 -1.967888
v 0.764240 0.950234 -1.983780
v 0.788358 0.950234 -1.993770
v 0.814240 0.950234 -1.997177
v 0.840122 0.950234 -1.993770
v 0.864240 0.950234 -1.983780
v 0.884951 0.950234 -1.967888
v 0.900843 0.950234 -1.947177
v 0.910833 0.950234 -1.923059
v 0.914240 0.950234 -1.897177
v 0.910833 0.950234 -1.871295
v 0.900843 0.950234 -1.847177
v 0.884951 0.950234 -1.826467
v 0.864240 0.950234 -1.810575
v 0.840122 0.950234 -1.800585
v 0.814240 0.950234 -1.797177
v 0.788358 0.950234 -1.800585
v 0.764240 0.950234 -1.810575
v 0.743530 0.950234 -1.826467
v 0.727638 0.950234 -1.847177
v 0.717648 0.950234 -1.871295
v 0.714240 1.450234 -1.897177
v 0.717648 1.450234 -1.871295
v 0.727638 1.450234 -1.847177
v 0.743530 1.450234 -1.826467
v 0.764240 1.450234 -1.810575
v 0.788358 1.450234 -1.800585
v 0.814240 1.450234 -1.797177
v 0.840122 1.450234 -1.800585
v 0.864240 1.450234 -1.810575
v 0.884951 1.450234 -1.826467
v 0.900843 1.450234 -1.847177
v 0.910833 1.450234 -1.871295
v 0.914240 1.450234 -1.897177
v 0.910833 1.450234 -1.923059
v 0.900843 1.450234 -1.947177
v 0.884951 1.450234 -1.967888
v 0.864240 1.450234 -1.983780
v 0.840122 1.450234 -1.993770
v 0.814240 1.450234 -1.997177
v 0.788358 1.450234 -1.993770
v 0.764240 1.450234 -1.983780
v 0.743530 1.450234 -1.967888
v 0.727638 1.450234 -1.947177
v 0.717648 1.450234 -1.923059
v 1.014240 0.900234 0.947603
v 1.014240 0.896826 0.921721
v 1.014240 0.886836 0.897603
v 1.014240 0.870944 0.876892
v 1.014240 0.850234 0.861000
v 1.014240 0.826116 0.851010
v 1.014240 0.800234 0.847603
v 1.014240 0.774352 0.851010
v 1.014240 0.750234 0.861000
v 1.014240 0.729523 0.876892
v 1.014240 0.713631 0.897603
v 1.014240 0.703641 0.921721
v 1.014240 0.700234 0.947603
v 1.014240 0.703641 0.973485
v 1.014240 0.713631 0.997603
v 1.014240 0.729523 1.018313
v 1.014240 0.750234 1.034205
v 1.014240 0.774352 1.044195
v 1.014240 0.800234 1.047603
v 1.014240 0.826116 1.044195
v 1.014240 0.850234 1.034205
v 1.014240 0.870944 1.018313
v 1.014240 0.886836 0.997603
v 1.014240 0.896826 0.973485
v 1.364240 0.900234 0.947603
v 1.364240 0.896826 0.973485
v 1.364240 0.886836 0.997603
v 1.364240 0.870944 1.018313
v 1.364240 0.850234 1.034205
v 1.364240 0.826116 1.044195
v 1.364240 0.800234 1.047603
v 1.364240 0.774352 1.044195
v 1.364240 0.750234 1.034205
v 1.364240 0.729523 1.018313
v 1.364240 0.713631 0.997603
v 1.364240 0.703641 0.973485
v 1.364240 0.700234 0.947603
v 1.364240 0.703641 0.921721
v 1.364240 0.713631 0.897603
v 1.364240 0.729523 0.876892
v 1.364240 0.750234 0.861000
v 1.364240 0.774352 0.851010
v 1.364240 0.800234 0.847603
v 1.364240 0.826116 0.851010
v 1.364240 0.850234 0.861000
v 1.364240 0.870944 0.876892
v 1.364240 0.886836 0.897603
v 1.364240 0.896826 0.921721
v 1.014240 -0.699766 0.947603
v 1.014240 -0.703174 0.921721
v 1.014240 -0.713164 0.897603
v 1.014240 -0.729056 0.876892
v 1.014240 -0.749766 0.861000
v 1.014240 -0.773884 0.851010
v 1.014240 -0.799766 0.847603
v 1.014240 -0.825648 0.851010
v 1.014240 -0.849766 0.861000
v 1.014240 -0.870477 0.876892
v 1.014240 -0.886369 0.897603
v 1.014240 -0.896358 0.921721
v 1.014240 -0.899766 0.947603
v 1.014240 -0.896358 0.973485
v 1.014240 -0.886369 0.997603
v 1.014240 -0.870477 1.018313
v 1.014240 -0.849766 1.034205
v 1.014240 -0.825648 1.044195
v 1.014240 -0.799766 1.047603
v 1.014240 -0.773884 1.044195
v 1.014240 -0.749766 1.034205
v 1.014240 -0.729056 1.018313
v 1.014240 -0.713164 0.997603
v 1.014240 -0.703174 0.973485
v 1.364240 -0.699766 0.947603
v 1.364240 -0.703174 0.973485
v 1.364240 -0.713164 0.997603
v 1.364240 -0.729056 1.018313
v 1.364240 -0.749766 1.034205
v 1.364240 -0.773884 1.044195
v 1.364240 -0.799766 1.047603
v 1.364240 -0.825648 1.044195
v 1.364240 -0.849766 1.034205
v 1.364240 -0.870477 1.018313
v 1.364240 -0.886369 0.997603
v 1.364240 -0.896358 0.973485
v 1.364240 -0.899766 0.947603
v 1.364240 -0.896358 0.921721
v 1.364240 -0.886369 0.897603
v 1.364240 -0.870477 0.876892
v 1.364240 -0.849766 0.861000
v 1.364240 -0.825648 0.851010
v 1.364240 -0.799766 0.847603
v 1.364240 -0.773884 0.851010
v 1.364240 -0.749766 0.861000
v 1.364240 -0.729056 0.876892
v 1.364240 -0.713164 0.897603
v 1.364240 -0.703174 0.921721
v 0.514240 0.125234 0.947603
v 0.514240 0.120974 0.915250
v 0.514240 0.108487 0.885103
v 0.514240 0.088622 0.859214
v 0.514240 0.062734 0.839350
v 0.514240 0.032586 0.826862
v 0.514240 0.000234 0.822603
v 0.514240 -0.032119 0.826862
v 0.514240 -0.062266 0.839350
v 0.514240 -0.088155 0.859214
v 0.514240 -0.108019 0.885103
v 0.514240 -0.120507 0.915250
v 0.514240 -0.124766 0.947603
v 0.514240 -0.120507 0.979955
v 0.514240 -0.108019 1.010103
v 0.514240 -0.088155 1.035991
v 0.514240 -0.062266 1.055856
v 0.514240 -0.032119 1.068343
v 0.514240 0.000234 1.072603
v 0.514240 0.032586 1.068343
v 0.514240 0.062734 1.055856
v 0.514240 0.088622 1.035991
v 0.514240 0.108487 1.010103
v 0.514240 0.120974 0.979955
v 1.114240 0.125234 0.947603
v 1.114240 0.120974 0.979955
v 1.114240 0.108487 1.010103
v 1.114240 0.088622 1.035991
v 1.114240 0.062734 1.055856
v 1.114240 0.032586 1.068343
v 1.114240 0.000234 1.072603
v 1.114240 -0.032119 1.068343
v 1.114240 -0.062266 1.055856
v 1.114240 -0.088155 1.035991
v 1.114240 -0.108019 1.010103
v 1.114240 -0.120507 0.979955
v 1.114240 -0.124766 0.947603
v 1.114240 -0.120507 0.915250
v 1.114240 -0.108019 0.885103
v 1.114240 -0.088155 0.859214
v 1.114240 -0.062266 0.839350
v 1.114240 -0.032119 0.826862
v 1.114240 0.000234 0.822603
v 1.114240 0.032586 0.826862
v 1.114240 0.062734 0.839350
v 1.114240 0.088622 0.859214
v 1.114240 0.108487 0.885103
v 1.114240 0.120974 0.915250
v -0.985760 -0.124766 0.947603
v -0.985760 -0.120507 0.915250
v -0.985760 -0.108019 0.885103
v -0.985760 -0.088155 0.859214
v -0.985760 -0.062266 0.839350
v -0.985760 -0.032119 0.826862
v -0.985760 0.000234 0.822603
v -0.985760 0.032586 0.826862
v -0.985760 0.062734 0.839350
v -0.985760 0.088622 0.859214
v -0.985760 0.108487 0.885103
v -0.985760 0.120974 0.915250
v -0.985760 0.125234 0.947603
v -0.985760 0.120974 0.979955
v -0.985760 0.108487 1.010103
v -0.985760 0.088622 1.035991
v -0.985760 0.062734 1.055856
v -0.985760 0.032586 1.068343
v -0.985760 0.000234 1.072603
v -0.985760 -0.032119 1.068343
v -0.985760 -0.062266 1.055856
v -0.985760 -0.088155 1.035991
v -0.985760 -0.108019 1.010103
v -0.985760 -0.120507 0.979955
v -1.985760 -0.124766 0.947603
v -1.985760 -0.120507 0.979955
v -1.985760 -0.108019 1.010103
v -1.985760 -0.088155 1.035991
v -1.985760 -0.062266 1.055856
v -1.985760 -0.032119 1.068343
v -1.985760 0.000234 1.072603
v -1.985760 0.032586 1.068343
v -1.985760 0.062734 1.055856
v -1.985760 0.088622 1.035991
v -1.985760 0.108487 1.010103
v -1.985760 0.120974 0.979955
v -1.985760 0.125234 0.947603
v -1.985760 0.120974 0.915250
v -1.985760 0.108487 0.885103
v -1.985760 0.088622 0.859214
v -1.985760 0.062734 0.839350
v -1.985760 0.032586 0.826862
v -1.985760 0.000234 0.822603
v -1.985760 -0.032119 0.826862
v -1.985760 -0.062266 0.839350
v -1.985760 -0.088155 0.859214
v -1.985760 -0.108019 0.885103
v -1.985760 -0.120507 0.915250
v -1.485760 -0.124766 0.947603
v -1.485760 -0.120507 0.915250
v -1.485760 -0.108019 0.885103
v -1.485760 -0.088155 0.859214
v -1.485760 -0.062266 0.839350
v -1.485760 -0.032119 0.826862
v -1.485760 0.000234 0.822603
v -1.485760 0.032586 0.826862
v -1.485760 0.062734 0.839350
v -1.485760 0.088622 0.859214
v -1.485760 0.108487 0.885103
v -1.485760 0.120974 0.915250
v -1.485760 0.125234 0.947603
v -1.485760 0.120974 0.979955
v -1.485760 0.108487 1.010103
v -1.485760 0.088622 1.035991
v -1.485760 0.062734 1.055856
v -1.485760 0.032586 1.068343
v -1.485760 0.000234 1.072603
v -1.485760 -0.032119 1.068343
v -1.485760 -0.062266 1.055856
v -1.485760 -0.088155 1.035991
v -1.485760 -0.108019 1.010103
v -1.485760 -0.120507 0.979955
v -1.685760 0.700234 0.947603
v -1.685760 0.703641 0.973485
v -1.685760 0.713631 0.997603
v -1.685760 0.729523 1.018313
v -1.685760 0.750234 1.034205
v -1.685760 0.774352 1.044195
v -1.685760 0.800234 1.047603
v -1.685760 0.826116 1.044195
v -1.685760 0.850234 1.034205
v -1.685760 0.870944 1.018313
v -1.685760 0.886836 0.997603
v -1.685760 0.896826 0.973485
v -1.685760 0.900234 0.947603
v -1.685760 0.896826 0.921721
v -1.685760 0.886836 0.897603
v -1.685760 0.870944 0.876892
v -1.685760 0.850234 0.861000
v -1.685760 0.826116 0.851010
v -1.685760 0.800234 0.847603
v -1.685760 0.774352 0.851010
v -1.685760 0.750234 0.861000
v -1.685760 0.729523 0.876892
v -1.685760 0.713631 0.897603
v -1.685760 0.703641 0.921721
v -1.485760 0.700234 0.947603
v -1.485760 0.703641 0.921721
v -1.485760 0.713631 0.897603
v -1.485760 0.729523 0.876892
v -1.485760 0.750234 0.861000
v -1.485760 0.774352 0.851010
v -1.485760 0.800234 0.847603
v -1.485760 0.826116 0.851010
v -1.485760 0.850234 0.861000
v -1.485760 0.870944 0.876892
v -1.485760 0.886836 0.897603
v -1.485760 0.896826 0.921721
v -1.485760 0.900234 0.947603
v -1.485760 0.896826 0.973485
v -1.485760 0.886836 0.997603
v -1.485760 0.870944 1.018313
v -1.485760 0.850234 1.034205
v -1.485760 0.826116 1.044195
v -1.485760 0.800234 1.047603
v -1.485760 0.774352 1.044195
v -1.485760 0.750234 1.034205
v -1.485760 0.729523 1.018313
v -1.485760 0.713631 0.997603
v -1.485760 0.703641 0.973485
v -1.685760 -0.099766 1.747603
v -1.685760 -0.096359 1.773485
v -1.685760 -0.086369 1.797603
v -1.685760 -0.070477 1.818313
v -1.685760 -0.049766 1.834205
v -1.685760 -0.025648 1.844195
v -1.685760 0.000234 1.847603
v -1.685760 0.026116 1.844195
v -1.685760 0.050234 1.834205
v -1.685760 0.070944 1.818313
v -1.685760 0.086836 1.797603
v -1.685760 0.096826 1.773485
v -1.685760 0.100234 1.747603
v -1.685760 0.096826 1.721721
v -1.685760 0.086836 1.697603
v -1.685760 0.070944 1.676892
v -1.685760 0.050234 1.661000
v -1.685760 0.026116 1.651010
v -1.685760 0.000234 1.647603
v -1.685760 -0.025648 1.651010
v -1.685760 -0.049766 1.661000
v -1.685760 -0.070477 1.676892
v -1.685760 -0.086369 1.697603
v -1.685760 -0.096359 1.721721
v -1.485760 -0.099766 1.747603
v -1.485760 -0.096359 1.721721
v -1.485760 -0.086369 1.697603
v -1.485760 -0.070477 1.676892
v -1.485760 -0.049766 1.661000
v -1.485760 -0.025648 1.651010
v -1.485760 0.000234 1.647603
v -1.485760 0.026116 1.651010
v -1.485760 0.050234 1.661000
v -1.485760 0.070944 1.676892
v -1.485760 0.086836 1.697603
v -1.485760 0.096826 1.721721
v -1.485760 0.100234 1.747603
v -1.485760 0.096826 1.773485
v -1.485760 0.086836 1.797603
v -1.485760 0.070944 1.818313
v -1.485760 0.050234 1.834205
v -1.485760 0.026116 1.844195
v -1.485760 0.000234 1.847603
v -1.485760 -0.025648 1.844195
v -1.485760 -0.049766 1.834205
v -1.485760 -0.070477 1.818313
v -1.485760 -0.086369 1.797603
v -1.485760 -0.096359 1.773485
v -1.685760 -0.099766 0.147603
v -1.685760 -0.096359 0.173485
v -1.685760 -0.086369 0.197603
v -1.685760 -0.070477 0.218313
v -1.685760 -0.049766 0.234205
v -1.685760 -0.025648 0.244195
v -1.685760 0.000234 0.247603
v -1.685760 0.026116 0.244195
v -1.685760 0.050234 0.234205
v -1.685760 0.070944 0.218313
v -1.685760 0.086836 0.197603
v -1.685760 0.096826 0.173485
v -1.685760 0.100234 0.147603
v -1.685760 0.096826 0.121721
v -1.685760 0.086836 0.097603
v -1.685760 0.070944 0.076892
v -1.685760 0.050234 0.061000
v -1.685760 0.026116 0.051010
v -1.685760 0.000234 0.047603
v -1.685760 -0.025648 0.051010
v -1.685760 -0.049766 0.061000
v -1.685760 -0.070477 0.076892
v -1.685760 -0.086369 0.097603
v -1.685760 -0.096359 0.121721
v -1.485760 -0.099766 0.147603
v -1.485760 -0.096359 0.121721
v -1.485760 -0.086369 0.097603
v -1.485760 -0.070477 0.076892
v -1.485760 -0.049766 0.061000
v -1.485760 -0.025648 0.051010
v -1.485760 0.000234 0.047603
v -1.485760 0.026116 0.051010
v -1.485760 0.050234 0.061000
v -1.485760 0.070944 0.076892
v -1.485760 0.086836 0.097603
v -1.485760 0.096826 0.121721
v -1.485760 0.100234 0.147603
v -1.485760 0.096826 0.173485
v -1.485760 0.086836 0.197603
v -1.485760 0.070944 0.218313
v -1.485760 0.050234 0.234205
v -1.485760 0.026116 0.244195
v -1.485760 0.000234 0.247603
v -1.485760 -0.025648 0.244195
v -1.485760 -0.049766 0.234205
v -1.485760 -0.070477 0.218313
v -1.485760 -0.086369 0.197603
v -1.485760 -0.096359 0.173485
v -1.685760 -0.899766 0.947603
v -1.685760 -0.896358 0.973485
v -1.685760 -0.886369 0.997603
v -1.685760 -0.870477 1.018313
v -1.685760 -0.849766 1.034205
v -1.685760 -0.825648 1.044195
v -1.685760 -0.799766 1.047603
v -1.685760 -0.773884 1.044195
v -1.685760 -0.749766 1.034205
v -1.685760 -0.729056 1.018313
v -1.685760 -0.713164 0.997603
v -1.685760 -0.703174 0.973485
v -1.685760 -0.699766 0.947603
v -1.685760 -0.703174 0.921721
v -1.685760 -0.713164 0.897603
v -1.685760 -0.729056 0.876892
v -1.685760 -0.749766 0.861000
v -1.685760 -0.773884 0.851010
v -1.685760 -0.799766 0.847603
v -1.685760 -0.825648 0.851010
v -1.685760 -0.849766 0.861000
v -1.685760 -0.870477 0.876892
v -1.685760 -0.886369 0.897603
v -1.685760 -0.896358 0.921721
v -1.485760 -0.899766 0.947603
v -1.485760 -0.896358 0.921721
v -1.485760 -0.886369 0.897603
v -1.485760 -0.870477 0.876892
v -1.485760 -0.849766 0.861000
v -1.485760 -0.825648 0.851010
v -1.485760 -0.799766 0.847603
v -1.485760 -0.773884 0.851010
v -1.485760 -0.749766 0.861000
v -1.485760 -0.729056 0.876892
v -1.485760 -0.713164 0.897603
v -1.485760 -0.703174 0.921721
v -1.485760 -0.699766 0.947603
v -1.485760 -0.703174 0.973485
v -1.485760 -0.713164 0.997603
v -1.485760 -0.729056 1.018313
v -1.485760 -0.749766 1.034205
v -1.485760 -0.773884 1.044195
v -1.485760 -0.799766 1.047603
v -1.485760 -0.825648 1.044195
v -1.485760 -0.849766 1.034205
v -1.485760 -0.870477 1.018313
v -1.485760 -0.886369 0.997603
v -1.485760 -0.896358 0.973485
v -1.985760 -0.399766 0.947603
v -1.985760 -0.386137 0.844075
v -1.985760 -0.346176 0.747603
v -1.985760 -0.282609 0.664760
v -1.985760 -0.199766 0.601193
v -1.985760 -0.103294 0.561232
v -1.985760 0.000234 0.547603
v -1.985760 0.103761 0.561232
v -1.985760 0.200234 0.601193
v -1.985760 0.283076 0.664760
v -1.985760 0.346644 0.747603
v -1.985760 0.386604 0.844075
v -1.985760 0.400234 0.947603
v -1.985760 0.386604 1.051130
v -1.985760 0.346644 1.147603
v -1.985760 0.283076 1.230445
v -1.985760 0.200234 1.294013
v -1.985760 0.103761 1.333973
v -1.985760 0.000234 1.347603
v -1.985760 -0.103294 1.333973
v -1.985760 -0.199766 1.294013
v -1.985760 -0.282609 1.230445
v -1.985760 -0.346176 1.147603
v -1.985760 -0.386137 1.051130
v -1.685760 -0.399766 0.947603
v -1.685760 -0.386137 1.051130
v -1.685760 -0.346176 1.147603
v -1.685760 -0.282609 1.230445
v -1.685760 -0.199766 1.294013
v -1.685760 -0.103294 1.333973
v -1.685760 0.000234 1.347603
v -1.685760 0.103761 1.333973
v -1.685760 0.200234 1.294013
v -1.685760 0.283076 1.230445
v -1.685760 0.346644 1.147603
v -1.685760 0.386604 1.051130
v -1.685760 0.400234 0.947603
v -1.685760 0.386604 0.844075
v -1.685760 0.346644 0.747603
v -1.685760 0.283076 0.664760
v -1.685760 0.200234 0.601193
v -1.685760 0.103761 0.561232
v -1.685760 0.000234 0.547603
v -1.685760 -0.103294 0.561232
v -1.685760 -0.199766 0.601193
v -1.685760 -0.282609 0.664760
v -1.685760 -0.346176 0.747603
v -1.685760 -0.386137 0.844075
v -1.685760 -1.024766 0.947603
v -1.685760 -0.999067 0.719519
v -1.685760 -0.923259 0.502872
v -1.685760 -0.801144 0.308526
v -1.685760 -0.638843 0.146225
v -1.685760 -0.444497 0.024110
v -1.685760 -0.227850 -0.051698
v -1.685760 0.000234 -0.077397
v -1.685760 0.228318 -0.051698
v -1.685760 0.444965 0.024110
v -1.685760 0.639311 0.146225
v -1.685760 0.801611 0.308526
v -1.685760 0.923727 0.502872
v -1.685760 0.999535 0.719519
v -1.685760 1.025234 0.947603
v -1.685760 0.999535 1.175687
v -1.685760 0.923727 1.392334
v -1.685760 0.801611 1.586680
v -1.685760 0.639311 1.748980
v -1.685760 0.444965 1.871096
v -1.685760 0.228318 1.946904
v -1.685760 0.000234 1.972603
v -1.685760 -0.227850 1.946904
v -1.685760 -0.444497 1.871096
v -1.685760 -0.638843 1.748980
v -1.685760 -0.801144 1.586680
v -1.685760 -0.923259 1.392334
v -1.685760 -0.999067 1.175687
v -1.485760 -1.024766 0.947603
v -1.485760 -0.999067 1.175687
v -1.485760 -0.923259 1.392334
v -1.485760 -0.801144 1.586680
v -1.485760 -0.638843 1.748980
v -1.485760 -0.444497 1.871096
v -1.485760 -0.227850 1.946904
v -1.485760 0.000234 1.972603
v -1.485760 0.228318 1.946904
v -1.485760 0.444965 1.871096
v -1.485760 0.639311 1.748980
v -1.485760 0.801611 1.586680
v -1.485760 0.923727 1.392334
v -1.485760 0.999535 1.175687
v -1.485760 1.025234 0.947603
v -1.485760 0.999535 0.719519
v -1.485760 0.923727 0.502872
v -1.485760 0.801611 0.308526
v -1.485760 0.639311 0.146225
v -1.485760 0.444965 0.024110
v -1.485760 0.228318 -0.051698
v -1.485760 0.000234 -0.077397
v -1.485760 -0.227850 -0.051698
v -1.485760 -0.444497 0.024110
v -1.485760 -0.638843 0.146225
v -1.485760 -0.801144 0.308526
v -1.485760 -0.923259 0.502872
v -1.485760 -0.999067 0.719519
v 1.414240 -0.999766 -2.277397
v 1.414240 -1.003174 -2.303279
v 1.414240 -1.013164 -2.327397
v 1.414240 -1.029056 -2.348108
v 1.414240 -1.049766 -2.364000
v 1.414240 -1.073884 -2.373990
v 1.414240 -1.099766 -2.377397
v 1.414240 -1.125648 -2.373990
v 1.414240 -1.149766 -2.364000
v 1.414240 -1.170477 -2.348108
v 1.414240 -1.186369 -2.327397
v 1.414240 -1.196359 -2.303279
v 1.414240 -1.199766 -2.277397
v 1.414240 -1.196359 -2.251515
v 1.414240 -1.186369 -2.227397
v 1.414240 -1.170477 -2.206687
v 1.414240 -1.149766 -2.190795
v 1.414240 -1.125648 -2.180805
v 1.414240 -1.099766 -2.177397
v 1.414240 -1.073884 -2.180805
v 1.414240 -1.049766 -2.190795
v 1.414240 -1.029056 -2.206687
v 1.414240 -1.013164 -2.227397
v 1.414240 -1.003174 -2.251515
v 1.914240 -0.999766 -2.277397
v 1.914240 -1.003174 -2.251515
v 1.914240 -1.013164 -2.227397
v 1.914240 -1.029056 -2.206687
v 1.914240 -1.049766 -2.190795
v 1.914240 -1.073884 -2.180805
v 1.914240 -1.099766 -2.177397
v 1.914240 -1.125648 -2.180805
v 1.914240 -1.149766 -2.190795
v 1.914240 -1.170477 -2.206687
v 1.914240 -1.186369 -2.227397
v 1.914240 -1.196359 -2.251515
v 1.914240 -1.199766 -2.277397
v 1.914240 -1.196359 -2.303279
v 1.914240 -1.186369 -2.327397
v 1.914240 -1.170477 -2.348108
v 1.914240 -1.149766 -2.364000
v 1.914240 -1.125648 -2.373990
v 1.914240 -1.099766 -2.377397
v 1.914240 -1.073884 -2.373990
v 1.914240 -1.049766 -2.364000
v 1.914240 -1.029056 -2.348108
v 1.914240 -1.013164 -2.327397
v 1.914240 -1.003174 -2.303279
v 1.414240 -0.999766 1.722603
v 1.414240 -1.003174 1.696721
v 1.414240 -1.013164 1.672603
v 1.414240 -1.029056 1.651892
v 1.414240 -1.049766 1.636000
v 1.414240 -1.073884 1.626010
v 1.414240 -1.099766 1.622603
v 1.414240 -1.125648 1.626010
v 1.414240 -1.149766 1.636000
v 1.414240 -1.170477 1.651892
v 1.414240 -1.186369 1.672603
v 1.414240 -1.196359 1.696721
v 1.414240 -1.199766 1.722603
v 1.414240 -1.196359 1.748485
v 1.414240 -1.186369 1.772603
v 1.414240 -1.170477 1.793313
v 1.414240 -1.149766 1.809205
v 1.414240 -1.125648 1.819195
v 1.414240 -1.099766 1.822603
v 1.414240 -1.073884 1.819195
v 1.414240 -1.049766 1.809205
v 1.414240 -1.029056 1.793313
v 1.414240 -1.013164 1.772603
v 1.414240 -1.003174 1.748485
v 1.414240 1.200234 -2.277397
v 1.414240 1.196826 -2.303279
v 1.414240 1.186836 -2.327397
v 1.414240 1.170944 -2.348108
v 1.414240 1.150234 -2.364000
v 1.414240 1.126116 -2.373990
v 1.414240 1.100234 -2.377397
v 1.414240 1.074352 -2.373990
v 1.414240 1.050234 -2.364000
v 1.414240 1.029523 -2.348108
v 1.414240 1.013631 -2.327397
v 1.414240 1.003641 -2.303279
v 1.414240 1.000234 -2.277397
v 1.414240 1.003641 -2.251515
v 1.414240 1.013631 -2.227397
v 1.414240 1.029523 -2.206687
v 1.414240 1.050234 -2.190795
v 1.414240 1.074352 -2.180805
v 1.414240 1.100234 -2.177397
v 1.414240 1.126116 -2.180805
v 1.414240 1.150234 -2.190795
v 1.414240 1.170944 -2.206687
v 1.414240 1.186836 -2.227397
v 1.414240 1.196826 -2.251515
v 1.914240 1.200234 -2.277397
v 1.914240 1.196826 -2.251515
v 1.914240 1.186836 -2.227397
v 1.914240 1.170944 -2.206687
v 1.914240 1.150234 -2.190795
v 1.914240 1.126116 -2.180805
v 1.914240 1.100234 -2.177397
v 1.914240 1.074352 -2.180805
v 1.914240 1.050234 -2.190795
v 1.914240 1.029523 -2.206687
v 1.914240 1.013631 -2.227397
v 1.914240 1.003641 -2.251515
v 1.914240 1.000234 -2.277397
v 1.914240 1.003641 -2.303279
v 1.914240 1.013631 -2.327397
v 1.914240 1.029523 -2.348108
v 1.914240 1.050234 -2.364000
v 1.914240 1.074352 -2.373990
v 1.914240 1.100234 -2.377397
v 1.914240 1.126116 -2.373990
v 1.914240 1.150234 -2.364000
v 1.914240 1.170944 -2.348108
v 1.914240 1.186836 -2.327397
v 1.914240 1.196826 -2.303279
v 1.414240 1.200234 1.722603
v 1.414240 1.196826 1.696721
v 1.414240 1.186836 1.672603
v 1.414240 1.170944 1.651892
v 1.414240 1.150234 1.636000
v 1.414240 1.126116 1.626010
v 1.414240 1.100234 1.622603
v 1.414240 1.074352 1.626010
v 1.414240 1.050234 1.636000
v 1.414240 1.029523 1.651892
v 1.414240 1.013631 1.672603
v 1.414240 1.003641 1.696721
v 1.414240 1.000234 1.722603
v 1.414240 1.003641 1.748485
v 1.414240 1.013631 1.772603
v 1.414240 1.029523 1.793313
v 1.414240 1.050234 1.809205
v 1.414240 1.074352 1.819195
v 1.414240 1.100234 1.822603
v 1.414240 1.126116 1.819195
v 1.414240 1.150234 1.809205
v 1.414240 1.170944 1.793313
v 1.414240 1.186836 1.772603
v 1.414240 1.196826 1.748485
v -0.985760 1.000234 1.722603
v -0.985760 1.003641 1.696721
v -0.985760 1.013631 1.672603
v -0.985760 1.029523 1.651892
v -0.985760 1.050234 1.636000
v -0.985760 1.074352 1.626010
v -0.985760 1.100234 1.622603
v -0.985760 1.126116 1.626010
v -0.985760 1.150234 1.636000
v -0.985760 1.170944 1.651892
v -0.985760 1.186836 1.672603
v -0.985760 1.196826 1.696721
v -0.985760 1.200234 1.722603
v -0.985760 1.196826 1.748485
v -0.985760 1.186836 1.772603
v -0.985760 1.170944 1.793313
v -0.985760 1.150234 1.809205
v -0.985760 1.126116 1.819195
v -0.985760 1.100234 1.822603
v -0.985760 1.074352 1.819195
v -0.985760 1.050234 1.809205
v -0.985760 1.029523 1.793313
v -0.985760 1.013631 1.772603
v -0.985760 1.003641 1.748485
v -1.485760 1.000234 1.722603
v -1.485760 1.003641 1.748485
v -1.485760 1.013631 1.772603
v -1.485760 1.029523 1.793313
v -1.485760 1.050234 1.809205
v -1.485760 1.074352 1.819195
v -1.485760 1.100234 1.822603
v -1.485760 1.126116 1.819195
v -1.485760 1.150234 1.809205
v -1.485760 1.170944 1.793313
v -1.485760 1.186836 1.772603
v -1.485760 1.196826 1.748485
v -1.485760 1.200234 1.722603
v -1.485760 1.196826 1.696721
v -1.485760 1.186836 1.672603
v -1.485760 1.170944 1.651892
v -1.485760 1.150234 1.636000
v -1.485760 1.126116 1.626010
v -1.485760 1.100234 1.622603
v -1.485760 1.074352 1.626010
v -1.485760 1.050234 1.636000
v -1.485760 1.029523 1.651892
v -1.485760 1.013631 1.672603
v -1.485760 1.003641 1.696721
v -0.985760 -1.199766 -2.277397
v -0.985760 -1.196359 -2.303279
v -0.985760 -1.186369 -2.327397
v -0.985760 -1.170477 -2.348108
v -0.985760 -1.149766 -2.364000
v -0.985760 -1.125648 -2.373990
v -0.985760 -1.099766 -2.377397
v -0.985760 -1.073884 -2.373990
v -0.985760 -1.049766 -2.364000
v -0.985760 -1.029056 -2.348108
v -0.985760 -1.013164 -2.327397
v -0.985760 -1.003174 -2.303279
v -0.985760 -0.999766 -2.277397
v -0.985760 -1.003174 -2.251515
v -0.985760 -1.013164 -2.227397
v -0.985760 -1.029056 -2.206687
v -0.985760 -1.049766 -2.190795
v -0.985760 -1.073884 -2.180805
v -0.985760 -1.099766 -2.177397
v -0.985760 -1.125648 -2.180805
v -0.985760 -1.149766 -2.190795
v -0.985760 -1.170477 -2.206687
v -0.985760 -1.186369 -2.227397
v -0.985760 -1.196359 -2.251515
v -1.485760 -1.199766 -2.277397
v -1.485760 -1.196359 -2.251515
v -1.485760 -1.186369 -2.227397
v -1.485760 -1.170477 -2.206687
v -1.485760 -1.149766 -2.190795
v -1.485760 -1.125648 -2.180805
v -1.485760 -1.099766 -2.177397
v -1.485760 -1.073884 -2.180805
v -1.485760 -1.049766 -2.190795
v -1.485760 -1.029056 -2.206687
v -1.485760 -1.013164 -2.227397
v -1.485760 -1.003174 -2.251515
v -1.485760 -0.999766 -2.277397
v -1.485760 -1.003174 -2.303279
v -1.485760 -1.013164 -2.327397
v -1.485760 -1.029056 -2.348108
v -1.485760 -1.049766 -2.364000
v -1.485760 -1.073884 -2.373990
v -1.485760 -1.099766 -2.377397
v -1.485760 -1.125648 -2.373990
v -1.485760 -1.149766 -2.364000
v -1.485760 -1.170477 -2.348108
v -1.485760 -1.186369 -2.327397
v -1.485760 -1.196359 -2.303279
v -0.985760 1.000234 0.122603
v -0.985760 1.003641 0.096721
v -0.985760 1.013631 0.072603
v -0.985760 1.029523 0.051892
v -0.985760 1.050234 0.036000
v -0.985760 1.074352 0.026010
v -0.985760 1.100234 0.022603
v -0.985760 1.126116 0.026010
v -0.985760 1.150234 0.036000
v -0.985760 1.170944 0.051892
v -0.985760 1.186836 0.072603
v -0.985760 1.196826 0.096721
v -0.985760 1.200234 0.122603
v -0.985760 1.196826 0.148485
v -0.985760 1.186836 0.172603
v -0.985760 1.170944 0.193313
v -0.985760 1.150234 0.209205
v -0.985760 1.126116 0.219195
v -0.985760 1.100234 0.222603
v -0.985760 1.074352 0.219195
v -0.985760 1.050234 0.209205
v -0.985760 1.029523 0.193313
v -0.985760 1.013631 0.172603
v -0.985760 1.003641 0.148485
v -1.485760 1.000234 0.122603
v -1.485760 1.003641 0.148485
v -1.485760 1.013631 0.172603
v -1.485760 1.029523 0.193313
v -1.485760 1.050234 0.209205
v -1.485760 1.074352 0.219195
v -1.485760 1.100234 0.222603
v -1.485760 1.126116 0.219195
v -1.485760 1.150234 0.209205
v -1.485760 1.170944 0.193313
v -1.485760 1.186836 0.172603
v -1.485760 1.196826 0.148485
v -1.485760 1.200234 0.122603
v -1.485760 1.196826 0.096721
v -1.485760 1.186836 0.072603
v -1.485760 1.170944 0.051892
v -1.485760 1.150234 0.036000
v -1.485760 1.126116 0.026010
v -1.485760 1.100234 0.022603
v -1.485760 1.074352 0.026010
v -1.485760 1.050234 0.036000
v -1.485760 1.029523 0.051892
v -1.485760 1.013631 0.072603
v -1.485760 1.003641 0.096721
v -0.985760 -1.199766 1.722603
v -0.985760 -1.196359 1.696721
v -0.985760 -1.186369 1.672603
v -0.985760 -1.170477 1.651892
v -0.985760 -1.149766 1.636000
v -0.985760 -1.125648 1.626010
v -0.985760 -1.099766 1.622603
v -0.985760 -1.073884 1.626010
v -0.985760 -1.049766 1.636000
v -0.985760 -1.029056 1.651892
v -0.985760 -1.013164 1.672603
v -0.985760 -1.003174 1.696721
v -0.985760 -0.999766 1.722603
v -0.985760 -1.003174 1.748485
v -0.985760 -1.013164 1.772603
v -0.985760 -1.029056 1.793313
v -0.985760 -1.049766 1.809205
v -0.985760 -1.073884 1.819195
v -0.985760 -1.099766 1.822603
v -0.985760 -1.125648 1.819195
v -0.985760 -1.149766 1.809205
v -0.985760 -1.170477 1.793313
v -0.985760 -1.186369 1.772603
v -0.985760 -1.196359 1.748485
v -1.485760 -1.199766 1.722603
v -1.485760 -1.196359 1.748485
v -1.485760 -1.186369 1.772603
v -1.485760 -1.170477 1.793313
v -1.485760 -1.149766 1.809205
v -1.485760 -1.125648 1.819195
v -1.485760 -1.099766 1.822603
v -1.485760 -1.073884 1.819195
v -1.485760 -1.049766 1.809205
v -1.485760 -1.029056 1.793313
v -1.485760 -1.013164 1.772603
v -1.485760 -1.003174 1.748485
v -1.485760 -0.999766 1.722603
v -1.485760 -1.003174 1.696721
v -1.485760 -1.013164 1.672603
v -1.485760 -1.029056 1.651892
v -1.485760 -1.049766 1.636000
v -1.485760 -1.073884 1.626010
v -1.485760 -1.099766 1.622603
v -1.485760 -1.125648 1.626010
v -1.485760 -1.149766 1.636000
v -1.485760 -1.170477 1.651892
v -1.485760 -1.186369 1.672603
v -1.485760 -1.196359 1.696721
v -0.985760 -1.199766 0.122603
v -0.985760 -1.196359 0.096721
v -0.985760 -1.186369 0.072603
v -0.985760 -1.170477 0.051892
v -0.985760 -1.149766 0.036000
v -0.985760 -1.125648 0.026010
v -0.985760 -1.099766 0.022603
v -0.985760 -1.073884 0.026010
v -0.985760 -1.049766 0.036000
v -0.985760 -1.029056 0.051892
v -0.985760 -1.013164 0.072603
v -0.985760 -1.003174 0.096721
v -0.985760 -0.999766 0.122603
v -0.985760 -1.003174 0.148485
v -0.985760 -1.013164 0.172603
v -0.985760 -1.029056 0.193313
v -0.985760 -1.049766 0.209205
v -0.985760 -1.073884 0.219195
v -0.985760 -1.099766 0.222603
v -0.985760 -1.125648 0.219195
v -0.985760 -1.149766 0.209205
v -0.985760 -1.170477 0.193313
v -0.985760 -1.186369 0.172603
v -0.985760 -1.196359 0.148485
v -1.485760 -1.199766 0.122603
v -1.485760 -1.196359 0.148485
v -1.485760 -1.186369 0.172603
v -1.485760 -1.170477 0.193313
v -1.485760 -1.149766 0.209205
v -1.485760 -1.125648 0.219195
v -1.485760 -1.099766 0.222603
v -1.485760 -1.073884 0.219195
v -1.485760 -1.049766 0.209205
v -1.485760 -1.029056 0.193313
v -1.485760 -1.013164 0.172603
v -1.485760 -1.003174 0.148485
v -1.485760 -0.999766 0.122603
v -1.485760 -1.003174 0.096721
v -1.485760 -1.013164 0.072603
v -1.485760 -1.029056 0.051892
v -1.485760 -1.049766 0.036000
v -1.485760 -1.073884 0.026010
v -1.485760 -1.099766 0.022603
v -1.485760 -1.125648 0.026010
v -1.485760 -1.149766 0.036000
v -1.485760 -1.170477 0.051892
v -1.485760 -1.186369 0.072603
v -1.485760 -1.196359 0.096721
v -0.985760 1.000234 -2.277397
v -0.985760 1.003641 -2.303279
v -0.985760 1.013631 -2.327397
v -0.985760 1.029523 -2.348108
v -0.985760 1.050234 -2.364000
v -0.985760 1.074352 -2.373990
v -0.985760 1.100234 -2.377397
v -0.985760 1.126116 -2.373990
v -0.985760 1.150234 -2.364000
v -0.985760 1.170944 -2.348108
v -0.985760 1.186836 -2.327397
v -0.985760 1.196826 -2.303279
v -0.985760 1.200234 -2.277397
v -0.985760 1.196826 -2.251515
v -0.985760 1.186836 -2.227397
v -0.985760 1.170944 -2.206687
v -0.985760 1.150234 -2.190795
v -0.985760 1.126116 -2.180805
v -0.985760 1.100234 -2.177397
v -0.985760 1.074352 -2.180805
v -0.985760 1.050234 -2.190795
v -0.985760 1.029523 -2.206687
v -0.985760 1.013631 -2.227397
v -0.985760 1.003641 -2.251515
v -1.485760 1.000234 -2.277397
v -1.485760 1.003641 -2.251515
v -1.485760 1.013631 -2.227397
v -1.485760 1.029523 -2.206687
v -1.485760 1.050234 -2.190795
v -1.485760 1.074352 -2.180805
v -1.485760 1.100234 -2.177397
v -1.485760 1.126116 -2.180805
v -1.485760 1.150234 -2.190795
v -1.485760 1.170944 -2.206687
v -1.485760 1.186836 -2.227397
v -1.485760 1.196826 -2.251515
v -1.485760 1.200234 -2.277397
v -1.485760 1.196826 -2.303279
v -1.485760 1.186836 -2.327397
v -1.485760 1.170944 -2.348108
v -1.485760 1.150234 -2.364000
v -1.485760 1.126116 -2.373990
v -1.485760 1.100234 -2.377397
v -1.485760 1.074352 -2.373990
v -1.485760 1.050234 -2.364000
v -1.485760 1.029523 -2.348108
v -1.485760 1.013631 -2.327397
v -1.485760 1.003641 -2.303279
v -0.385760 -0.899766 1.572603
v -0.411642 -0.896358 1.572603
v -0.435760 -0.886369 1.572603
v -0.456470 -0.870477 1.572603
v -0.472362 -0.849766 1.572603
v -0.482352 -0.825648 1.572603
v -0.485760 -0.799766 1.572603
v -0.482352 -0.773884 1.572603
v -0.472362 -0.749766 1.572603
v -0.456470 -0.729056 1.572603
v -0.435760 -0.713164 1.572603
v -0.411642 -0.703174 1.572603
v -0.385760 -0.699766 1.572603
v -0.359878 -0.703174 1.572603
v -0.335760 -0.713164 1.572603
v -0.315049 -0.729056 1.572603
v -0.299157 -0.749766 1.572603
v -0.289167 -0.773884 1.572603
v -0.285760 -0.799766 1.572603
v -0.289167 -0.825648 1.572603
v -0.299157 -0.849766 1.572603
v -0.315049 -0.870477 1.572603
v -0.335760 -0.886369 1.572603
v -0.359878 -0.896358 1.572603
v -0.385760 -0.899766 2.072603
v -0.359878 -0.896358 2.072603
v -0.335760 -0.886369 2.072603
v -0.315049 -0.870477 2.072603
v -0.299157 -0.849766 2.072603
v -0.289167 -0.825648 2.072603
v -0.285760 -0.799766 2.072603
v -0.289167 -0.773884 2.072603
v -0.299157 -0.749766 2.072603
v -0.315049 -0.729056 2.072603
v -0.335760 -0.713164 2.072603
v -0.359878 -0.703174 2.072603
v -0.385760 -0.699766 2.072603
v -0.411642 -0.703174 2.072603
v -0.435760 -0.713164 2.072603
v -0.456470 -0.729056 2.072603
v -0.472362 -0.749766 2.072603
v -0.482352 -0.773884 2.072603
v -0.485760 -0.799766 2.072603
v -0.482352 -0.825648 2.072603
v -0.472362 -0.849766 2.072603
v -0.456470 -0.870477 2.072603
v -0.435760 -0.886369 2.072603
v -0.411642 -0.896358 2.072603
v -0.385760 0.700234 1.572603
v -0.411642 0.703641 1.572603
v -0.435760 0.713631 1.572603
v -0.456470 0.729523 1.572603
v -0.472362 0.750234 1.572603
v -0.482352 0.774352 1.572603
v -0.485760 0.800234 1.572603
v -0.482352 0.826116 1.572603
v -0.472362 0.850234 1.572603
v -0.456470 0.870944 1.572603
v -0.435760 0.886836 1.572603
v -0.411642 0.896826 1.572603
v -0.385760 0.900234 1.572603
v -0.359878 0.896826 1.572603
v -0.335760 0.886836 1.572603
v -0.315049 0.870944 1.572603
v -0.299157 0.850234 1.572603
v -0.289167 0.826116 1.572603
v -0.285760 0.800234 1.572603
v -0.289167 0.774352 1.572603
v -0.299157 0.750234 1.572603
v -0.315049 0.729523 1.572603
v -0.335760 0.713631 1.572603
v -0.359878 0.703641 1.572603
v -0.385760 0.700234 2.072603
v -0.359878 0.703641 2.072603
v -0.335760 0.713631 2.072603
v -0.315049 0.729523 2.072603
v -0.299157 0.750234 2.072603
v -0.289167 0.774352 2.072603
v -0.285760 0.800234 2.072603
v -0.289167 0.826116 2.072603
v -0.299157 0.850234 2.072603
v -0.315049 0.870944 2.072603
v -0.335760 0.886836 2.072603
v -0.359878 0.896826 2.072603
v -0.385760 0.900234 2.072603
v -0.411642 0.896826 2.072603
v -0.435760 0.886836 2.072603
v -0.456470 0.870944 2.072603
v -0.472362 0.850234 2.072603
v -0.482352 0.826116 2.072603
v -0.485760 0.800234 2.072603
v -0.482352 0.774352 2.072603
v -0.472362 0.750234 2.072603
v -0.456470 0.729523 2.072603
v -0.435760 0.713631 2.072603
v -0.411642 0.703641 2.072603
v 0.814240 -0.699766 -2.377397
v 0.788358 -0.703174 -2.377397
v 0.764240 -0.713164 -2.377397
v 0.743530 -0.729056 -2.377397
v 0.727638 -0.749766 -2.377397
v 0.717648 -0.773884 -2.377397
v 0.714240 -0.799766 -2.377397
v 0.717648 -0.825648 -2.377397
v 0.727638 -0.849766 -2.377397
v 0.743530 -0.870477 -2.377397
v 0.764240 -0.886369 -2.377397
v 0.788358 -0.896358 -2.377397
v 0.814240 -0.899766 -2.377397
v 0.840122 -0.896358 -2.377397
v 0.864240 -0.886369 -2.377397
v 0.884951 -0.870477 -2.377397
v 0.900843 -0.849766 -2.377397
v 0.910833 -0.825648 -2.377397
v 0.914240 -0.799766 -2.377397
v 0.910833 -0.773884 -2.377397
v 0.900843 -0.749766 -2.377397
v 0.884951 -0.729056 -2.377397
v 0.864240 -0.713164 -2.377397
v 0.840122 -0.703174 -2.377397
v 0.814240 -0.699766 -2.577397
v 0.840122 -0.703174 -2.577397
v 0.864240 -0.713164 -2.577397
v 0.884951 -0.729056 -2.577397
v 0.900843 -0.749766 -2.577397
v 0.910833 -0.773884 -2.577397
v 0.914240 -0.799766 -2.577397
v 0.910833 -0.825648 -2.577397
v 0.900843 -0.849766 -2.577397
v 0.884951 -0.870477 -2.577397
v 0.864240 -0.886369 -2.577397
v 0.840122 -0.896358 -2.577397
v 0.814240 -0.899766 -2.577397
v 0.788358 -0.896358 -2.577397
v 0.764240 -0.886369 -2.577397
v 0.743530 -0.870477 -2.577397
v 0.727638 -0.849766 -2.577397
v 0.717648 -0.825648 -2.577397
v 0.714240 -0.799766 -2.577397
v 0.717648 -0.773884 -2.577397
v 0.727638 -0.749766 -2.577397
v 0.743530 -0.729056 -2.577397
v 0.764240 -0.713164 -2.577397
v 0.788358 -0.703174 -2.577397
v 0.814240 0.900234 -2.377397
v 0.788358 0.896826 -2.377397
v 0.764240 0.886836 -2.377397
v 0.743530 0.870944 -2.377397
v 0.727638 0.850234 -2.377397
v 0.717648 0.826116 -2.377397
v 0.714240 0.800234 -2.377397
v 0.717648 0.774352 -2.377397
v 0.727638 0.750234 -2.377397
v 0.743530 0.729523 -2.377397
v 0.764240 0.713631 -2.377397
v 0.788358 0.703641 -2.377397
v 0.814240 0.700234 -2.377397
v 0.840122 0.703641 -2.377397
v 0.864240 0.713631 -2.377397
v 0.884951 0.729523 -2.377397
v 0.900843 0.750234 -2.377397
v 0.910833 0.774352 -2.377397
v 0.914240 0.800234 -2.377397
v 0.910833 0.826116 -2.377397
v 0.900843 0.850234 -2.377397
v 0.884951 0.870944 -2.377397
v 0.864240 0.886836 -2.377397
v 0.840122 0.896826 -2.377397
v 0.814240 0.900234 -2.577397
v 0.840122 0.896826 -2.577397
v 0.864240 0.886836 -2.577397
v 0.884951 0.870944 -2.577397
v 0.900843 0.850234 -2.577397
v 0.910833 0.826116 -2.577397
v 0.914240 0.800234 -2.577397
v 0.910833 0.774352 -2.577397
v 0.900843 0.750234 -2.577397
v 0.884951 0.729523 -2.577397
v 0.864240 0.713631 -2.577397
v 0.840122 0.703641 -2.577397
v 0.814240 0.700234 -2.577397
v 0.788358 0.703641 -2.577397
v 0.764240 0.713631 -2.577397
v 0.743530 0.729523 -2.577397
v 0.727638 0.750234 -2.577397
v 0.717648 0.774352 -2.577397
v 0.714240 0.800234 -2.577397
v 0.717648 0.826116 -2.577397
v 0.727638 0.850234 -2.577397
v 0.743530 0.870944 -2.577397
v 0.764240 0.886836 -2.577397
v 0.788358 0.896826 -2.577397
v -0.385760 -0.699766 -2.377397
v -0.411642 -0.703174 -2.377397
v -0.435760 -0.713164 -2.377397
v -0.456470 -0.729056 -2.377397
v -0.472362 -0.749766 -2.377397
v -0.482352 -0.773884 -2.377397
v -0.485760 -0.799766 -2.377397
v -0.482352 -0.825648 -2.377397
v -0.472362 -0.849766 -2.377397
v -0.456470 -0.870477 -2.377397
v -0.435760 -0.886369 -2.377397
v -0.411642 -0.896358 -2.377397
v -0.385760 -0.899766 -2.377397
v -0.359878 -0.896358 -2.377397
v -0.335760 -0.886369 -2.377397
v -0.315049 -0.870477 -2.377397
v -0.299157 -0.849766 -2.377397
v -0.289167 -0.825648 -2.377397
v -0.285760 -0.799766 -2.377397
v -0.289167 -0.773884 -2.377397
v -0.299157 -0.749766 -2.377397
v -0.315049 -0.729056 -2.377397
v -0.335760 -0.713164 -2.377397
v -0.359878 -0.703174 -2.377397
v -0.385760 -0.699766 -2.577397
v -0.359878 -0.703174 -2.577397
v -0.335760 -0.713164 -2.577397
v -0.315049 -0.729056 -2.577397
v -0.299157 -0.749766 -2.577397
v -0.289167 -0.773884 -2.577397
v -0.285760 -0.799766 -2.577397
v -0.289167 -0.825648 -2.577397
v -0.299157 -0.849766 -2.577397
v -0.315049 -0.870477 -2.577397
v -0.335760 -0.886369 -2.577397
v -0.359878 -0.896358 -2.577397
v -0.385760 -0.899766 -2.577397
v -0.411642 -0.896358 -2.577397
v -0.435760 -0.886369 -2.577397
v -0.456470 -0.870477 -2.577397
v -0.472362 -0.849766 -2.577397
v -0.482352 -0.825648 -2.577397
v -0.485760 -0.799766 -2.577397
v -0.482352 -0.773884 -2.577397
v -0.472362 -0.749766 -2.577397
v -0.456470 -0.729056 -2.577397
v -0.435760 -0.713164 -2.577397
v -0.411642 -0.703174 -2.577397
v -0.385760 0.900234 -2.377397
v -0.411642 0.896826 -2.377397
v -0.435760 0.886836 -2.377397
v -0.456470 0.870944 -2.377397
v -0.472362 0.850234 -2.377397
v -0.482352 0.826116 -2.377397
v -0.485760 0.800234 -2.377397
v -0.482352 0.774352 -2.377397
v -0.472362 0.750234 -2.377397
v -0.456470 0.729523 -2.377397
v -0.435760 0.713631 -2.377397
v -0.411642 0.703641 -2.377397
v -0.385760 0.700234 -2.377397
v -0.359878 0.703641 -2.377397
v -0.335760 0.713631 -2.377397
v -0.315049 0.729523 -2.377397
v -0.299157 0.750234 -2.377397
v -0.289167 0.774352 -2.377397
v -0.285760 0.800234 -2.377397
v -0.289167 0.826116 -2.377397
v -0.299157 0.850234 -2.377397
v -0.315049 0.870944 -2.377397
v -0.335760 0.886836 -2.377397
v -0.359878 0.896826 -2.377397
v -0.385760 0.900234 -2.577397
v -0.359878 0.896826 -2.577397
v -0.335760 0.886836 -2.577397
v -0.315049 0.870944 -2.577397
v -0.299157 0.850234 -2.577397
v -0.289167 0.826116 -2.577397
v -0.285760 0.800234 -2.577397
v -0.289167 0.774352 -2.577397
v -0.299157 0.750234 -2.577397
v -0.315049 0.729523 -2.577397
v -0.335760 0.713631 -2.577397
v -0.359878 0.703641 -2.577397
v -0.385760 0.700234 -2.577397
v -0.411642 0.703641 -2.577397
v -0.435760 0.713631 -2.577397
v -0.456470 0.729523 -2.577397
v -0.472362 0.750234 -2.577397
v -0.482352 0.774352 -2.577397
v -0.485760 0.800234 -2.577397
v -0.482352 0.826116 -2.577397
v -0.472362 0.850234 -2.577397
v -0.456470 0.870944 -2.577397
v -0.435760 0.886836 -2.577397
v -0.411642 0.896826 -2.577397
v 1.914240 1.450234 -2.577397
v -1.485760 1.450234 -2.577397
v -1.485760 1.450234 2.072603
vn -0.0000 -0.5186 0.8550
vn -0.0000 -0.6967 0.7173
vn -0.0000 -0.6969 0.7172
vn -0.0000 -0.8396 0.5431
vn -0.0000 -0.8397 0.5430
vn -0.0000 -0.9399 0.3414
vn -0.0000 -0.9400 0.3412
vn -0.0000 -0.9925 0.1223
vn -0.0000 -0.9925 0.1221
vn -0.0000 -0.9947 -0.1030
vn -0.0000 -0.9947 -0.1032
vn -0.0000 -0.9464 -0.3230
vn -0.0000 -0.9463 -0.3232
vn -0.0000 -0.8500 -0.5267
vn -0.0000 -0.8500 -0.5268
vn -0.0000 -0.7106 -0.7036
vn -0.0000 -0.7104 -0.7038
vn -0.0000 -0.5350 -0.8448
vn -0.0000 -0.5349 -0.8449
vn -0.0000 -0.3323 -0.9432
vn -0.0000 -0.3321 -0.9432
vn -0.0000 -0.1127 -0.9936
vn -0.0000 -0.1126 -0.9936
vn -0.0000 0.1126 -0.9936
vn -0.0000 0.1127 -0.9936
vn -0.0000 0.3321 -0.9432
vn -0.0000 0.3323 -0.9432
vn -0.0000 0.5349 -0.8449
vn -0.0000 0.5350 -0.8448
vn -0.0000 0.7104 -0.7038
vn -0.0000 0.7106 -0.7036
vn -0.0000 0.8500 -0.5269
vn -0.0000 0.8501 -0.5267
vn -0.0000 0.9463 -0.3232
vn -0.0000 0.9464 -0.3230
vn -0.0000 0.9947 -0.1032
vn -0.0000 0.9947 -0.1030
vn -0.0000 0.9925 0.1221
vn -0.0000 0.9925 0.1223
vn -0.0000 0.9400 0.3412
vn -0.0000 0.9399 0.3414
vn -0.0000 0.8397 0.5430
vn -0.0000 0.8396 0.5431
vn -0.0000 0.6969 0.7172
vn -0.0000 0.6967 0.7173
vn -0.0000 0.5186 0.8550
vn 1.0000 -0.0000 -0.0000
vn -0.0000 1.0000 -0.0000
vn -0.0000 -0.0000 1.0000
vn -0.0000 -1.0000 -0.0000
vn -0.0000 -0.0000 -1.0000
vn -1.0000 -0.0000 -0.0000
vn -0.0000 -0.9951 -0.0993
vn -0.0000 -0.9915 -0.1302
vn -0.0000 -0.9863 -0.1652
vn -0.0000 -0.9848 -0.1736
vn -0.0000 -0.9716 -0.2367
vn -0.0000 -0.9702 -0.2422
vn -0.0000 -0.9716 -0.2368
vn -0.0000 -0.9572 -0.2895
vn -0.0000 -0.9572 -0.2894
vn -0.0000 -0.9306 -0.3660
vn -0.0000 -0.9306 -0.3661
vn -0.0000 -0.9346 -0.3557
vn -0.0000 -0.8832 -0.4689
vn -0.0000 -0.9346 -0.3558
vn -0.0000 -0.8298 -0.5580
vn -0.0000 -0.8832 -0.4690
vn -0.0000 -0.8298 -0.5581
vn -0.0000 -0.7872 -0.6167
vn -0.0000 -0.6742 -0.7386
vn -0.0000 -0.7871 -0.6168
vn -0.0000 -0.6741 -0.7386
vn -0.0000 -0.7048 -0.7095
vn -0.0000 -0.7047 -0.7095
vn -0.0000 -0.6741 -0.7387
vn -0.0000 -0.5869 -0.8097
vn -0.0000 -0.5188 -0.8549
vn -0.0000 -0.5187 -0.8549
vn -0.0000 -0.4264 -0.9045
vn -0.0000 -0.4263 -0.9046
vn -0.0000 -0.5186 -0.8550
vn -0.0000 -0.2851 -0.9585
vn -0.0000 -0.4262 -0.9046
vn -0.0000 -0.2852 -0.9585
vn -0.0000 -0.2266 -0.9740
vn -0.0000 -0.2265 -0.9740
vn -0.0009 -0.2851 -0.9585
vn -0.0000 -0.1438 -0.9896
vn -0.0000 -0.0086 -1.0000
vn -0.0000 -0.0085 -1.0000
vn -0.0002 -0.1437 -0.9896
vn -0.0000 0.0004 -1.0000
vn -0.0000 -0.0084 -1.0000
vn -0.0000 0.0005 -1.0000
vn 0.0003 0.1974 -0.9803
vn -0.0000 0.1975 -0.9803
vn -0.0000 0.2556 -0.9668
vn -0.0000 0.2557 -0.9667
vn -0.0000 0.3698 -0.9291
vn -0.0000 0.2558 -0.9667
vn -0.0000 0.4406 -0.8977
vn 0.0001 0.4406 -0.8977
vn -0.0000 0.5031 -0.8642
vn -0.0000 0.4407 -0.8977
vn -0.0000 0.5622 -0.8270
vn -0.0000 0.5032 -0.8642
vn -0.0000 0.5623 -0.8269
vn -0.0000 0.6758 -0.7370
vn -0.0000 0.7010 -0.7132
vn -0.0000 0.6759 -0.7370
vn -0.0000 0.7011 -0.7131
vn -0.0000 0.7719 -0.6357
vn -0.0000 0.7010 -0.7131
vn -0.0000 0.9407 -0.3393
vn -0.0000 0.8304 -0.5571
vn -0.0000 0.8303 -0.5573
vn -0.0000 0.6705 -0.7419
vn -0.0000 0.6704 -0.7420
vn -0.0000 0.4706 -0.8823
vn -0.0000 0.4704 -0.8824
vn -0.0000 0.2426 -0.9701
vn -0.0000 0.4705 -0.8824
vn -0.0000 0.2424 -0.9702
vn -0.0000 0.0001 -1.0000
vn -0.0000 -0.0001 -1.0000
vn -0.0000 -0.2424 -0.9702
vn -0.0000 -0.2426 -0.9701
vn -0.0000 -0.4705 -0.8824
vn -0.0000 -0.4706 -0.8824
vn -0.0000 -0.6704 -0.7420
vn -0.0000 -0.6705 -0.7419
vn -0.0000 -0.8303 -0.5573
vn -0.0000 -0.8304 -0.5571
vn -0.0000 -0.9407 -0.3392
vn -0.0000 -0.9407 -0.3393
vn -0.0000 -0.8304 -0.5572
vn -0.0000 -0.7719 -0.6357
vn -0.0000 -0.7005 -0.7137
vn -0.0000 -0.7004 -0.7138
vn -0.0000 -0.6759 -0.7370
vn -0.0000 -0.7004 -0.7137
vn -0.0000 -0.5696 -0.8219
vn -0.0000 -0.6758 -0.7371
vn -0.0000 -0.5032 -0.8642
vn -0.0000 -0.5031 -0.8643
vn -0.0000 -0.5695 -0.8220
vn -0.0000 -0.4635 -0.8861
vn -0.0000 -0.5031 -0.8642
vn -0.0000 -0.4636 -0.8860
vn -0.0000 -0.3699 -0.9291
vn -0.0000 -0.4636 -0.8861
vn -0.0000 -0.3082 -0.9513
vn -0.0000 -0.3698 -0.9291
vn -0.0000 -0.1975 -0.9803
vn -0.0000 -0.3081 -0.9514
vn -0.0000 -0.0910 -0.9959
vn -0.0000 -0.1974 -0.9803
vn -0.0000 -0.0909 -0.9959
vn -0.0000 0.0084 -1.0000
vn -0.0000 0.0085 -1.0000
vn -0.0000 -0.0908 -0.9959
vn -0.0000 0.1691 -0.9856
vn -0.0000 0.0086 -1.0000
vn -0.0000 0.2265 -0.9740
vn -0.0000 0.2266 -0.9740
vn -0.0000 0.1692 -0.9856
vn -0.0000 0.4118 -0.9113
vn -0.0000 0.2267 -0.9740
vn -0.0000 0.4119 -0.9112
vn 0.0006 0.4263 -0.9046
vn -0.0000 0.4263 -0.9046
vn -0.0006 0.4119 -0.9113
vn -0.0000 0.5923 -0.8057
vn -0.0000 0.4264 -0.9045
vn -0.0003 0.5869 -0.8097
vn -0.0000 0.5869 -0.8096
vn -0.0000 0.5924 -0.8056
vn 0.0003 0.7047 -0.7095
vn -0.0000 0.7047 -0.7095
vn -0.0004 0.5924 -0.8056
vn -0.0000 0.7113 -0.7029
vn -0.0000 0.7048 -0.7094
vn -0.0000 0.7114 -0.7028
vn 0.0004 0.7872 -0.6167
vn -0.0000 0.7871 -0.6168
vn -0.0000 0.7866 -0.6174
vn -0.0000 0.7872 -0.6167
vn -0.0001 0.7867 -0.6174
vn -0.0000 0.8763 -0.4817
vn -0.0000 0.8764 -0.4817
vn -0.0000 0.8832 -0.4690
vn -0.0000 0.9261 -0.3774
vn -0.0000 0.8832 -0.4689
vn -0.0000 0.9261 -0.3773
vn -0.0000 0.9306 -0.3661
vn -0.0000 0.9692 -0.2463
vn -0.0000 0.9692 -0.2462
vn -0.0000 0.9702 -0.2422
vn -0.0000 0.9846 -0.1749
vn -0.0000 0.9848 -0.1736
vn 0.0003 0.9846 -0.1749
vn -0.0000 0.9915 -0.1304
vn -0.0000 0.9915 -0.1305
vn -0.0000 0.9915 -0.1302
vn -0.0000 0.9915 -0.1303
vn -0.0000 0.9951 -0.0993
vn -0.0000 -1.0000 0.0003
vn -0.9659 -0.0000 0.2587
vn -1.0000 -0.0000 0.0001
vn -1.0000 -0.0000 -0.0001
vn -0.9659 -0.0000 -0.2587
vn -0.9659 -0.0000 -0.2589
vn -0.8661 -0.0000 -0.4999
vn -0.8660 -0.0000 -0.5001
vn -0.7071 -0.0000 -0.7071
vn -0.7071 -0.0000 -0.7072
vn -0.5001 -0.0000 -0.8660
vn -0.4999 -0.0000 -0.8661
vn -0.2589 -0.0000 -0.9659
vn -0.2588 -0.0000 -0.9659
vn -0.0001 -0.0000 -1.0000
vn 0.0001 -0.0000 -1.0000
vn 0.2588 -0.0000 -0.9659
vn 0.2589 -0.0000 -0.9659
vn 0.4999 -0.0000 -0.8661
vn 0.5001 -0.0000 -0.8660
vn 0.7070 -0.0000 -0.7072
vn 0.7071 -0.0000 -0.7071
vn 0.8660 -0.0000 -0.5001
vn 0.8661 -0.0000 -0.4999
vn 0.9659 -0.0000 -0.2589
vn 0.9659 -0.0000 -0.2588
vn 1.0000 -0.0000 -0.0001
vn 0.9660 -0.0000 -0.2587
vn 1.0000 -0.0000 0.0001
vn 0.9660 -0.0000 0.2587
vn 0.9659 -0.0000 0.2588
vn 0.9659 -0.0000 0.2589
vn 0.8661 -0.0000 0.4999
vn 0.8660 -0.0000 0.5001
vn 0.7072 -0.0000 0.7070
vn 0.7070 -0.0000 0.7072
vn 0.5001 -0.0000 0.8660
vn 0.7071 -0.0000 0.7072
vn 0.4999 -0.0000 0.8661
vn 0.2589 -0.0000 0.9659
vn 0.2587 -0.0000 0.9659
vn 0.0001 -0.0000 1.0000
vn -0.0001 -0.0000 1.0000
vn -0.2587 -0.0000 0.9659
vn -0.2589 -0.0000 0.9659
vn -0.4999 -0.0000 0.8661
vn -0.5001 -0.0000 0.8660
vn -0.7070 -0.0000 0.7072
vn -0.7072 -0.0000 0.7070
vn -0.8660 -0.0000 0.5001
vn -0.8661 -0.0000 0.4999
vn -0.9659 -0.0000 0.2589
vn -0.7072 -0.0000 -0.7070
vn -0.2587 -0.0000 -0.9660
vn 0.2587 -0.0000 -0.9660
vn 0.7072 -0.0000 0.7071
vn -0.7071 -0.0000 0.7072
vn -0.7072 -0.0000 0.7071
vn -0.0000 -1.0000 -0.0003
vn -0.0000 -0.9659 -0.2587
vn -0.0000 -1.0000 -0.0001
vn -0.0000 -1.0000 0.0001
vn -0.0000 -0.9659 0.2587
vn -0.0000 -0.9659 0.2589
vn -0.0000 -0.8661 0.4999
vn -0.0000 -0.8660 0.5000
vn -0.0000 -0.8660 0.5001
vn -0.0000 -0.7071 0.7071
vn -0.0000 -0.7072 0.7071
vn -0.0000 -0.7070 0.7072
vn -0.0000 -0.5001 0.8660
vn -0.0000 -0.4999 0.8661
vn -0.0000 -0.2589 0.9659
vn -0.0000 -0.2587 0.9659
vn -0.0000 -0.0001 1.0000
vn -0.0000 0.0001 1.0000
vn -0.0000 0.2587 0.9659
vn -0.0000 0.2589 0.9659
vn -0.0000 0.4999 0.8661
vn -0.0000 0.5001 0.8660
vn -0.0000 0.7071 0.7072
vn -0.0000 0.7071 0.7071
vn -0.0000 0.8660 0.5001
vn -0.0000 0.7072 0.7071
vn -0.0000 0.8661 0.4999
vn -0.0000 0.9659 0.2589
vn -0.0000 0.8660 0.5000
vn -0.0000 0.9660 0.2587
vn -0.0000 1.0000 0.0001
vn -0.0000 0.9659 0.2588
vn -0.0000 1.0000 -0.0001
vn -0.0000 0.9659 -0.2588
vn -0.0000 0.9660 -0.2587
vn -0.0000 0.9659 -0.2589
vn -0.0000 0.8660 -0.5000
vn -0.0000 0.8661 -0.4999
vn -0.0000 0.7072 -0.7070
vn -0.0000 0.7071 -0.7071
vn -0.0000 0.8660 -0.5001
vn -0.0000 0.7071 -0.7072
vn -0.0000 0.5001 -0.8660
vn -0.0000 0.4999 -0.8661
vn -0.0000 0.2589 -0.9659
vn -0.0000 0.2587 -0.9660
vn -0.0000 0.2588 -0.9659
vn -0.0000 -0.2588 -0.9659
vn -0.0000 -0.2587 -0.9660
vn -0.0000 -0.2589 -0.9659
vn -0.0000 -0.4999 -0.8661
vn -0.0000 -0.5001 -0.8660
vn -0.0000 -0.7071 -0.7071
vn -0.0000 -0.7070 -0.7072
vn -0.0000 -0.7072 -0.7070
vn -0.0000 -0.8660 -0.5000
vn -0.0000 -0.8660 -0.5001
vn -0.0000 -0.9659 -0.2589
vn -0.0000 -0.8661 -0.4999
vn -0.0000 -0.9659 0.2588
vn -0.0000 -0.9659 -0.2588
vn -0.0000 0.7070 -0.7072
vn -0.0000 0.7070 0.7072
vn -0.0000 -0.9660 -0.2587
vn -0.0000 -0.9660 0.2587
vn -0.0000 -0.9659 0.2590
vn -0.0000 -0.7072 0.7070
vn -0.0000 -0.5000 0.8660
vn -0.0000 0.2587 0.9660
vn -0.0000 0.7072 0.7070
vn -0.0000 -0.5000 -0.8660
vn -0.0000 -0.9659 -0.2590
vn -0.0000 0.5000 -0.8660
vn -0.0000 0.5000 0.8660
vn -0.0000 0.9659 0.2587
vn -0.0000 0.9659 -0.2587
vn -0.0000 -0.7071 -0.7072
vn -0.0000 -0.7072 -0.7071
vn -0.0000 -0.8661 0.5000
vn -0.0000 0.8661 -0.5000
vn -0.0000 0.9659 0.2590
vn -0.0000 0.8661 0.4998
vn -0.0000 0.8661 -0.4998
vn -0.0000 0.9659 -0.2590
vn -0.0000 0.8661 0.5000
vn -0.0000 -0.2587 0.9660
vn -0.0000 1.0000 -0.0002
vn -0.0000 1.0000 0.0002
vn -0.0000 -0.8661 -0.5000
vn -0.0000 -0.7071 0.7072
vn -0.0000 0.7072 -0.7071
vn -0.0000 0.2587 -0.9659
vn -0.0000 -0.2587 -0.9659
vn -0.0000 -0.9749 -0.2224
vn -0.0000 -0.9749 -0.2225
vn -0.0000 -0.9749 0.2224
vn -0.0000 -0.9749 0.2226
vn -0.0000 -0.9010 0.4338
vn -0.0000 -0.9009 0.4339
vn -0.0000 -0.7819 0.6234
vn -0.0000 -0.7818 0.6235
vn -0.0000 -0.6235 0.7818
vn -0.0000 -0.6234 0.7819
vn -0.0000 -0.4340 0.9009
vn -0.0000 -0.4338 0.9010
vn -0.0000 -0.2226 0.9749
vn -0.0000 -0.2225 0.9749
vn -0.0000 0.2225 0.9749
vn -0.0000 0.2226 0.9749
vn -0.0000 0.4338 0.9010
vn -0.0000 0.4340 0.9009
vn -0.0000 0.6234 0.7819
vn -0.0000 0.6235 0.7818
vn -0.0000 0.7818 0.6235
vn -0.0000 0.7819 0.6234
vn -0.0000 0.9009 0.4339
vn -0.0000 0.9010 0.4338
vn -0.0000 0.9749 0.2226
vn -0.0000 0.9749 0.2225
vn -0.0000 0.9749 -0.2225
vn -0.0000 0.9749 -0.2226
vn -0.0000 0.9010 -0.4338
vn -0.0000 0.9009 -0.4339
vn -0.0000 0.7819 -0.6234
vn -0.0000 0.7818 -0.6235
vn -0.0000 0.6235 -0.7818
vn -0.0000 0.6234 -0.7819
vn -0.0000 0.4339 -0.9009
vn -0.0000 0.4338 -0.9010
vn -0.0000 0.2226 -0.9749
vn -0.0000 0.2225 -0.9749
vn -0.0000 -0.2225 -0.9749
vn -0.0000 -0.2226 -0.9749
vn -0.0000 -0.4338 -0.9010
vn -0.0000 -0.4339 -0.9009
vn 0.0001 -0.6234 -0.7819
vn -0.0000 -0.6234 -0.7819
vn -0.0000 -0.6235 -0.7818
vn -0.0000 -0.7818 -0.6235
vn -0.0000 -0.7819 -0.6234
vn -0.0000 -0.9009 -0.4339
vn -0.0000 -0.9010 -0.4338
vn -0.0000 -0.9749 -0.2226
vn 0.2587 0.9659 -0.0000
vn 0.0001 1.0000 -0.0000
vn -0.0001 1.0000 -0.0000
vn -0.2587 0.9659 -0.0000
vn -0.2589 0.9659 -0.0000
vn -0.4999 0.8661 -0.0000
vn -0.5001 0.8660 -0.0000
vn -0.7071 0.7072 -0.0000
vn -0.7072 0.7071 -0.0000
vn -0.8660 0.5001 -0.0000
vn -0.8661 0.4999 -0.0000
vn -0.9659 0.2589 -0.0000
vn -0.9660 0.2587 -0.0000
vn -1.0000 0.0001 -0.0000
vn -1.0000 -0.0001 -0.0000
vn -0.9659 -0.2587 -0.0000
vn -0.9659 -0.2589 -0.0000
vn -0.8661 -0.4999 -0.0000
vn -0.8660 -0.5001 -0.0000
vn -0.7072 -0.7070 -0.0000
vn -0.7071 -0.7071 -0.0000
vn -0.7071 -0.7072 -0.0000
vn -0.5001 -0.8660 -0.0000
vn -0.4999 -0.8661 -0.0000
vn -0.2589 -0.9659 -0.0000
vn -0.2587 -0.9659 -0.0000
vn -0.0001 -1.0000 -0.0000
vn 0.0001 -1.0000 -0.0000
vn 0.2587 -0.9659 -0.0000
vn 0.2589 -0.9659 -0.0000
vn 0.4999 -0.8661 -0.0000
vn 0.5001 -0.8660 -0.0000
vn 0.7070 -0.7072 -0.0000
vn 0.7072 -0.7070 -0.0000
vn 0.8660 -0.5001 -0.0000
vn 0.7071 -0.7071 -0.0000
vn 0.8661 -0.4999 -0.0000
vn 0.9659 -0.2589 -0.0000
vn 0.9660 -0.2587 -0.0000
vn 1.0000 -0.0001 -0.0000
vn 1.0000 0.0001 -0.0000
vn 0.9660 0.2587 -0.0000
vn 0.9659 0.2588 -0.0000
vn 0.9659 0.2589 -0.0000
vn 0.8661 0.4999 -0.0000
vn 0.8660 0.5001 -0.0000
vn 0.7072 0.7071 -0.0000
vn 0.7070 0.7072 -0.0000
vn 0.5001 0.8660 -0.0000
vn 0.4999 0.8661 -0.0000
vn 0.2589 0.9659 -0.0000
vn 0.2588 0.9659 -0.0000
vn -0.2588 0.9659 -0.0000
vn -0.9659 0.2587 -0.0000
vn -0.7072 -0.7071 -0.0000
vn -0.7072 0.7070 -0.0000
vn 0.7071 0.7071 -0.0000
vn 0.7072 0.7070 -0.0000
vn -0.0000 1.0000 -0.0003
vt 0.200000 -2.168856
vt 0.000000 -2.168856
vt 0.200000 -2.400277
vt 0.000000 -2.400277
vt 0.200000 -2.631698
vt 0.000000 -2.631698
vt 0.200000 -2.863119
vt 0.000000 -2.863119
vt 0.200000 -3.094540
vt 0.000000 -3.094540
vt 0.200000 -3.325961
vt 0.000000 -3.325961
vt 0.200000 -3.557383
vt 0.000000 -3.557383
vt 0.200000 -3.788804
vt 0.000000 -3.788804
vt 0.200000 -4.020225
vt 0.000000 -4.020225
vt 0.200000 -4.251646
vt 0.000000 -4.251646
vt 0.200000 -4.483067
vt 0.000000 -4.483067
vt 0.200000 -4.714488
vt 0.000000 -4.714488
vt 0.200000 -4.945909
vt -0.000000 -4.945909
vt 0.200000 -5.177330
vt -0.000000 -5.177330
vt 0.200000 -5.408752
vt -0.000000 -5.408752
vt 0.200000 -5.640173
vt -0.000000 -5.640173
vt 0.200000 -5.871594
vt -0.000000 -5.871594
vt 0.200000 -6.103015
vt -0.000000 -6.103015
vt 0.200000 -6.334436
vt -0.000000 -6.334436
vt 0.200000 -6.565857
vt 0.000000 -6.565857
vt 0.200000 -6.797278
vt 0.000000 -6.797278
vt 0.200000 -7.028699
vt 0.000000 -7.028699
vt 0.200000 -7.260121
vt 0.000000 -7.260121
vt 0.200000 -7.491542
vt 0.000000 -7.491542
vt 0.703407 0.100172
vt 0.390996 0.181325
vt 0.700000 0.074290
vt 0.368483 0.133376
vt 0.703407 0.048408
vt 0.346254 0.099141
vt 0.334349 0.085552
vt 0.713397 0.124290
vt 0.433825 0.316443
vt 0.729289 0.145001
vt 0.750000 0.160892
vt 0.471275 0.493715
vt 0.774118 0.170883
vt 0.963451 0.424128
vt 0.800000 0.174290
vt 0.825882 0.170883
vt 0.850000 0.160892
vt 1.017315 0.199568
vt 0.870711 0.145001
vt 0.886603 0.124290
vt 0.896593 0.100172
vt 0.900000 0.074290
vt 1.019542 -0.031351
vt 0.896593 0.048408
vt 0.886603 0.024290
vt 0.870711 0.003579
vt 0.850000 -0.012313
vt 0.970017 -0.256908
vt 0.825882 -0.022303
vt 0.800000 -0.025710
vt 0.774118 -0.022303
vt 0.871255 -0.465654
vt 0.750000 -0.012313
vt 0.729289 0.003579
vt 0.713397 0.024290
vt 0.320705 0.073660
vt 0.305358 0.064585
vt 0.728270 -0.646992
vt 0.288497 0.059371
vt 0.062500 -0.033963
vt 0.088388 -0.014098
vt 0.270838 0.058705
vt 0.108253 0.011790
vt 0.253403 0.062361
vt 0.236872 0.069389
vt -0.120741 0.106642
vt -0.191763 0.103774
vt -0.125000 0.074290
vt -0.222680 0.077941
vt -0.120741 0.041938
vt -0.239665 0.067973
vt -0.108253 0.011790
vt -0.258033 0.060998
vt -0.088388 -0.014098
vt -0.277168 0.058413
vt -0.286814 0.059105
vt -0.164624 0.133653
vt -0.108253 0.136790
vt -0.145315 0.171802
vt -0.088388 0.162678
vt -0.117330 0.204130
vt -0.062500 0.182543
vt -0.082342 0.228708
vt -0.032352 0.195031
vt -0.042438 0.244066
vt 0.000000 0.199290
vt 0.000000 0.249290
vt 0.042438 0.244066
vt 0.032352 0.195031
vt 0.082342 0.228708
vt 0.062500 0.182543
vt 0.117330 0.204130
vt 0.088388 0.162678
vt 0.145315 0.171802
vt 0.108253 0.136790
vt 0.164624 0.133653
vt 0.120741 0.106642
vt 0.191949 0.103583
vt 0.125000 0.074290
vt 0.221440 0.078791
vt 0.120741 0.041938
vt 0.548318 -0.791720
vt 0.032352 -0.046451
vt 0.340534 -0.892489
vt 0.115465 -0.944186
vt 0.000000 -0.050710
vt -0.115465 -0.944186
vt -0.032352 -0.046451
vt -0.340534 -0.892489
vt -0.548318 -0.791720
vt -0.062500 -0.033963
vt -0.728270 -0.646992
vt -0.296295 0.061196
vt -0.896593 0.100172
vt -1.017315 0.199568
vt -0.900000 0.074290
vt -1.019542 -0.031351
vt -0.896593 0.048408
vt -0.886603 0.024290
vt -0.870711 0.003579
vt -0.850000 -0.012313
vt -0.970017 -0.256908
vt -0.825882 -0.022303
vt -0.800000 -0.025710
vt -0.774118 -0.022303
vt -0.871255 -0.465654
vt -0.750000 -0.012313
vt -0.729289 0.003579
vt -0.313934 0.069119
vt -0.886603 0.124290
vt -0.870711 0.145001
vt -0.850000 0.160892
vt -0.963451 0.424128
vt -0.825882 0.170883
vt -0.800000 0.174290
vt -0.774118 0.170883
vt -0.437926 0.333275
vt -0.477471 0.530692
vt -0.750000 0.160892
vt -0.729289 0.145001
vt -0.417028 0.255922
vt -0.713397 0.124290
vt -0.396647 0.195614
vt -0.703407 0.100172
vt -0.700000 0.074290
vt -0.355298 0.111613
vt -0.703407 0.048408
vt -0.329584 0.080967
vt -0.713397 0.024290
vt -0.531519 0.950710
vt -0.714228 0.809479
vt -0.860683 0.630931
vt 0.860683 0.630931
vt 0.503713 0.707130
vt 0.714228 0.809479
vt 0.531519 0.950710
vt 1.981519 2.001420
vt 2.164228 1.860189
vt 2.900000 2.001420
vt 2.310683 1.681641
vt 2.413451 1.474838
vt 2.467315 1.250278
vt 2.469542 1.019359
vt 2.636603 0.400000
vt 2.620711 0.420711
vt 2.420017 0.793802
vt 2.600000 0.436603
vt 2.575882 0.446593
vt 2.550000 0.450000
vt 2.321255 0.585056
vt 2.524118 0.446593
vt 2.500000 0.436603
vt 2.479289 0.420711
vt 2.178270 0.403718
vt 2.463397 0.400000
vt 2.453407 0.375882
vt 2.450000 0.350000
vt 2.453407 0.324118
vt 2.463397 0.300000
vt 1.998318 0.258990
vt 2.479289 0.279289
vt 2.500000 0.263397
vt 2.524118 0.253407
vt 2.900000 0.000000
vt 2.550000 0.250000
vt 2.575882 0.253407
vt 2.600000 0.263397
vt 2.620711 0.279289
vt 2.636603 0.300000
vt 2.646593 0.324118
vt 2.650000 0.350000
vt 2.646593 0.375882
vt 1.790534 0.158221
vt 1.565465 0.106524
vt 1.334535 0.106524
vt -0.000000 0.000000
vt 1.109466 0.158221
vt 0.901682 0.258990
vt 0.721730 0.403718
vt 0.436603 0.300000
vt 0.420711 0.279289
vt 0.400000 0.263397
vt 0.578745 0.585056
vt 0.420711 0.420711
vt 0.436603 0.400000
vt 0.446593 0.375882
vt 0.479983 0.793802
vt 0.350000 0.450000
vt 0.375882 0.446593
vt 0.400000 0.436603
vt 0.430458 1.019359
vt 0.279289 0.420711
vt 0.300000 0.436603
vt 0.324118 0.446593
vt 0.432685 1.250278
vt -0.000000 2.001420
vt 0.263397 0.400000
vt 0.486549 1.474838
vt 0.589317 1.681641
vt 0.735772 1.860189
vt 0.918481 2.001420
vt 0.253407 0.375882
vt 0.250000 0.350000
vt 0.253407 0.324118
vt 0.263397 0.300000
vt 0.279289 0.279289
vt 0.300000 0.263397
vt 0.324118 0.253407
vt 0.350000 0.250000
vt 0.375882 0.253407
vt 0.450000 0.350000
vt 0.446593 0.324118
vt -0.000000 0.600000
vt -0.998580 -0.000000
vt -1.000000 0.600000
vt -1.000000 0.000000
vt -0.400000 0.000000
vt -0.400000 0.600000
vt -0.001420 0.000000
vt 0.200000 -0.498580
vt -0.200000 -0.498580
vt 0.200000 -0.500000
vt -0.200000 -0.500000
vt -0.500000 -0.200000
vt 0.500000 -0.200000
vt -0.500000 0.200000
vt 0.500000 0.200000
vt -1.250000 0.876420
vt -1.250000 1.875000
vt -1.450000 0.876420
vt -1.450000 1.876420
vt -0.850000 1.875000
vt 0.850000 1.875000
vt 0.531519 0.876420
vt 0.850000 0.876420
vt -0.850000 0.876420
vt -0.531519 0.876420
vt 0.503795 0.634242
vt -0.503795 0.634242
vt 0.471922 0.424099
vt -0.471922 0.424099
vt 0.000000 0.175000
vt -0.042438 0.169776
vt -0.435493 0.249137
vt -0.082342 0.154418
vt -0.117330 0.129841
vt -0.393876 0.114230
vt -0.145315 0.097512
vt -0.370894 0.063559
vt -0.164624 0.059363
vt -0.198920 0.022681
vt -0.346347 0.024969
vt -0.333465 0.010375
vt -0.231664 -0.002022
vt -0.320169 -0.001023
vt -0.247440 -0.009776
vt -0.306455 -0.009198
vt -0.262813 -0.014407
vt -0.292323 -0.014146
vt -0.277775 -0.015874
vt 0.042438 0.169776
vt 0.435493 0.249137
vt 0.082342 0.154418
vt 0.117330 0.129841
vt 0.393876 0.114230
vt 0.145315 0.097512
vt 0.370894 0.063559
vt 0.164624 0.059363
vt 0.198920 0.022681
vt 0.231664 -0.002022
vt 0.333465 0.010375
vt 0.346347 0.024969
vt 0.320169 -0.001023
vt 0.247440 -0.009776
vt 0.306455 -0.009198
vt 0.262813 -0.014407
vt 0.292323 -0.014146
vt 0.277775 -0.015874
vt 1.450000 1.876420
vt 1.250000 1.875000
vt 1.450000 0.876420
vt 1.250000 0.876420
vt 0.000000 0.200000
vt -0.121448 0.000000
vt -0.222891 0.200000
vt -0.242896 0.000000
vt -0.356730 0.200000
vt -0.364343 0.000000
vt -0.420322 0.200000
vt -0.485791 0.000000
vt -0.478252 0.200000
vt -0.546515 0.000000
vt -0.585557 0.200000
vt -0.607239 0.000000
vt -0.646561 0.200000
vt -0.637601 0.000000
vt -0.667963 0.000000
vt -0.681881 0.200000
vt -0.698325 0.000000
vt -0.720245 0.200000
vt -0.728687 0.000000
vt -0.740286 0.200000
vt -0.759049 0.000000
vt -0.760297 0.200000
vt -0.789411 0.000000
vt -0.798937 0.200000
vt -0.819773 0.000000
vt -0.834833 0.200000
vt -0.850135 0.000000
vt -0.867090 0.200000
vt -0.910859 0.000000
vt -0.923760 0.200000
vt -0.971582 0.000000
vt -0.971582 0.200000
vt -0.000000 0.489214
vt -0.200000 0.489214
vt -0.000000 0.446349
vt -0.200000 0.446349
vt -0.000000 0.403484
vt -0.200000 0.403484
vt -0.000000 0.360619
vt -0.200000 0.360619
vt -0.000000 0.317754
vt -0.200000 0.317754
vt -0.000000 0.274889
vt -0.200000 0.274889
vt -0.000000 0.232024
vt -0.200000 0.232024
vt -0.000000 0.189159
vt -0.200000 0.189159
vt -0.000000 0.146294
vt -0.200000 0.146294
vt -0.000000 0.103430
vt -0.200000 0.103430
vt -0.000000 0.060565
vt -0.200000 0.060565
vt 0.971300 0.200000
vt 0.923150 0.200000
vt 0.971300 0.000000
vt 0.910594 0.000000
vt 0.869157 0.200000
vt 0.849888 0.000000
vt 0.839953 0.200000
vt 0.819534 0.000000
vt 0.807857 0.200000
vt 0.789181 0.000000
vt 0.773006 0.200000
vt 0.758828 0.000000
vt 0.736543 0.200000
vt 0.728475 0.000000
vt 0.700511 0.200000
vt 0.698122 0.000000
vt 0.666562 0.200000
vt 0.667769 0.000000
vt 0.637416 0.000000
vt 0.635363 0.200000
vt 0.607063 0.000000
vt 0.607284 0.200000
vt 0.552508 0.200000
vt 0.546356 0.000000
vt 0.493483 0.200000
vt 0.485650 0.000000
vt 0.369693 0.200000
vt 0.364238 0.000000
vt 0.245749 0.200000
vt 0.242825 0.000000
vt 0.122157 0.200000
vt 0.121413 0.000000
vt -0.918481 0.000000
vt -0.718481 0.000000
vt -0.918481 0.400000
vt -0.318481 0.000000
vt 0.000000 0.400000
vt -0.922160 0.400000
vt -0.922160 0.200000
vt -0.003679 0.400000
vt -0.603679 0.000000
vt -0.203679 0.000000
vt -0.922160 0.000000
vt -0.003679 0.000000
vt -0.080238 0.400000
vt -2.980238 0.400000
vt -0.080238 0.000000
vt -2.980238 0.000000
vt -0.000000 3.001420
vt 0.400000 3.001420
vt -0.000000 4.650000
vt 1.000000 3.969780
vt 1.003407 3.995662
vt 0.400000 2.001420
vt 1.074118 1.666373
vt 1.100000 1.669780
vt 1.125882 1.666373
vt 1.013397 1.519780
vt 1.003407 1.543898
vt 3.400000 0.000000
vt 1.150000 1.483178
vt 1.125882 1.473187
vt 1.100000 1.469780
vt 3.400000 4.650000
vt 2.396593 1.595662
vt 2.400000 1.569780
vt 2.396593 1.543898
vt 2.274118 4.066373
vt 2.300000 4.069780
vt 2.325882 4.066373
vt 2.203407 3.995662
vt 1.196593 3.995662
vt 2.200000 3.969780
vt 1.200000 3.969780
vt 2.203407 3.943898
vt 1.196593 3.943898
vt 2.213397 3.919780
vt 1.186603 3.919780
vt 2.229289 3.899069
vt 1.170711 3.899069
vt 2.229289 1.640491
vt 1.170711 1.640491
vt 2.213397 1.619780
vt 1.186603 1.619780
vt 2.203407 1.595662
vt 1.196593 1.595662
vt 2.200000 1.569780
vt 1.200000 1.569780
vt 2.203407 1.543898
vt 1.196593 1.543898
vt 2.213397 1.519780
vt 1.186603 1.519780
vt 2.229289 1.499069
vt 1.170711 1.499069
vt 2.250000 1.483178
vt 1.186603 4.019780
vt 2.213397 4.019780
vt 1.170711 4.040491
vt 2.229289 4.040491
vt 1.150000 4.056383
vt 2.250000 4.056383
vt 1.125882 4.066373
vt 2.350000 4.056383
vt 2.370711 4.040491
vt 2.386603 4.019780
vt 2.396593 3.995662
vt 2.400000 3.969780
vt 2.396593 3.943898
vt 2.386603 3.919780
vt 2.386603 1.619780
vt 2.370711 3.899069
vt 2.370711 1.640491
vt 2.350000 3.883178
vt 2.350000 1.656383
vt 2.325882 3.873187
vt 2.325882 1.666373
vt 2.300000 3.869780
vt 2.300000 1.669780
vt 2.274118 1.666373
vt 2.274118 3.873187
vt 2.250000 1.656383
vt 2.250000 3.883178
vt 1.013397 4.019780
vt 1.029289 4.040491
vt 1.050000 4.056383
vt 1.074118 4.066373
vt 1.100000 4.069780
vt 1.150000 1.656383
vt 1.150000 3.883178
vt 1.125882 3.873187
vt 1.100000 3.869780
vt 1.074118 3.873187
vt 1.050000 3.883178
vt 1.029289 3.899069
vt 1.013397 3.919780
vt 1.003407 3.943898
vt 2.386603 1.519780
vt 2.370711 1.499069
vt 2.350000 1.483178
vt 2.325882 1.473187
vt 2.300000 1.469780
vt 2.274118 1.473187
vt 1.000000 1.569780
vt 1.003407 1.595662
vt 1.013397 1.619780
vt 1.029289 1.640491
vt 1.050000 1.656383
vt 1.074118 1.473187
vt 1.050000 1.483178
vt 1.029289 1.499069
vt 0.500000 -0.287979
vt 0.000000 -0.287979
vt 0.500000 -0.314159
vt 0.000000 -0.314159
vt 0.500000 0.314159
vt 0.000000 0.314159
vt 0.500000 0.287979
vt 0.000000 0.287979
vt 0.500000 0.261799
vt 0.000000 0.261799
vt 0.500000 0.235619
vt 0.000000 0.235619
vt 0.500000 0.209440
vt 0.000000 0.209440
vt 0.500000 0.183260
vt 0.000000 0.183260
vt 0.500000 0.157080
vt 0.000000 0.157080
vt 0.500000 0.130900
vt 0.000000 0.130900
vt 0.500000 0.104720
vt 0.000000 0.104720
vt 0.500000 0.078540
vt 0.000000 0.078540
vt 0.500000 0.052360
vt 0.000000 0.052360
vt 0.500000 0.026180
vt 0.000000 0.026180
vt 0.500000 0.000000
vt 0.500000 -0.026180
vt 0.000000 -0.026180
vt 0.500000 -0.052360
vt 0.000000 -0.052360
vt 0.500000 -0.078540
vt 0.000000 -0.078540
vt 0.500000 -0.104720
vt 0.000000 -0.104720
vt 0.500000 -0.130900
vt 0.000000 -0.130900
vt 0.500000 -0.157080
vt 0.000000 -0.157080
vt 0.500000 -0.183260
vt 0.000000 -0.183260
vt 0.500000 -0.209440
vt 0.000000 -0.209440
vt 0.500000 -0.235619
vt 0.000000 -0.235619
vt 0.500000 -0.261799
vt 0.000000 -0.261799
vt -0.096593 -0.025882
vt 0.096593 -0.025882
vt -0.100000 0.000000
vt 0.100000 0.000000
vt -0.096593 0.025882
vt 0.096593 0.025882
vt -0.086603 0.050000
vt 0.086603 0.050000
vt -0.070711 0.070711
vt 0.070711 0.070711
vt -0.050000 0.086603
vt 0.050000 0.086603
vt -0.025882 0.096593
vt 0.025882 0.096593
vt 0.000000 0.100000
vt 0.086603 -0.050000
vt -0.086603 -0.050000
vt 0.070711 -0.070711
vt -0.070711 -0.070711
vt 0.050000 -0.086603
vt -0.050000 -0.086603
vt 0.025882 -0.096593
vt -0.025882 -0.096593
vt 0.000000 -0.100000
vt -0.000000 0.287979
vt -0.200000 0.287979
vt 0.150000 0.287979
vt -0.200000 0.314159
vt 0.150000 0.314159
vt -0.200000 -0.314159
vt 0.150000 -0.314159
vt -0.200000 -0.287979
vt 0.150000 -0.287979
vt -0.200000 -0.261799
vt 0.150000 -0.261799
vt -0.200000 -0.235619
vt 0.150000 -0.235619
vt -0.200000 -0.209440
vt 0.150000 -0.209440
vt -0.200000 -0.183260
vt 0.150000 -0.183260
vt -0.200000 -0.157080
vt 0.150000 -0.157080
vt -0.200000 -0.130900
vt 0.150000 -0.130900
vt -0.200000 -0.104720
vt 0.150000 -0.104720
vt -0.200000 -0.078540
vt 0.150000 -0.078540
vt -0.200000 -0.052360
vt 0.150000 -0.052360
vt -0.200000 -0.026180
vt 0.150000 -0.026180
vt -0.200000 0.000000
vt 0.150000 0.000000
vt -0.200000 0.026180
vt 0.150000 0.026180
vt -0.200000 0.052360
vt 0.150000 0.052360
vt -0.200000 0.078540
vt 0.150000 0.078540
vt -0.200000 0.104720
vt 0.150000 0.104720
vt -0.200000 0.130900
vt 0.150000 0.130900
vt -0.200000 0.157080
vt 0.150000 0.157080
vt -0.200000 0.183260
vt 0.150000 0.183260
vt -0.200000 0.209440
vt 0.150000 0.209440
vt -0.200000 0.235619
vt 0.150000 0.235619
vt -0.200000 0.261799
vt 0.150000 0.261799
vt -0.200000 0.359974
vt 0.400000 0.359974
vt -0.200000 0.392699
vt 0.400000 0.392699
vt -0.200000 -0.392699
vt 0.400000 -0.392699
vt -0.200000 -0.359974
vt 0.400000 -0.359974
vt -0.200000 -0.327249
vt 0.400000 -0.327249
vt -0.200000 -0.294524
vt 0.400000 -0.294524
vt 0.400000 -0.261799
vt -0.200000 -0.229074
vt 0.400000 -0.229074
vt -0.200000 -0.196350
vt 0.400000 -0.196350
vt -0.200000 -0.163625
vt 0.400000 -0.163625
vt 0.400000 -0.130900
vt -0.200000 -0.098175
vt 0.400000 -0.098175
vt -0.200000 -0.065450
vt 0.400000 -0.065450
vt -0.200000 -0.032725
vt 0.400000 -0.032725
vt 0.400000 0.000000
vt -0.200000 0.032725
vt 0.400000 0.032725
vt -0.200000 0.065450
vt 0.400000 0.065450
vt -0.200000 0.098175
vt 0.400000 0.098175
vt 0.400000 0.130900
vt -0.200000 0.163625
vt 0.400000 0.163625
vt -0.200000 0.196350
vt 0.400000 0.196350
vt -0.200000 0.229074
vt 0.400000 0.229074
vt 0.400000 0.261799
vt -0.200000 0.294524
vt 0.400000 0.294524
vt -0.200000 0.327249
vt 0.400000 0.327249
vt 1.000000 -0.359974
vt 1.000000 -0.392699
vt 1.000000 0.392699
vt 1.000000 0.359974
vt 1.000000 0.327249
vt 1.000000 0.294524
vt 1.000000 0.261799
vt 1.000000 0.229074
vt 1.000000 0.196350
vt 1.000000 0.163625
vt 1.000000 0.130900
vt 1.000000 0.098175
vt 1.000000 0.065450
vt 1.000000 0.032725
vt 1.000000 0.000000
vt 1.000000 -0.032725
vt 1.000000 -0.065450
vt 1.000000 -0.098175
vt 1.000000 -0.130900
vt 1.000000 -0.163625
vt 1.000000 -0.196350
vt 1.000000 -0.229074
vt 1.000000 -0.261799
vt 1.000000 -0.294524
vt 1.000000 -0.327249
vt -0.120741 -0.032352
vt 0.120741 -0.032352
vt -0.125000 0.000000
vt 0.125000 0.000000
vt -0.120741 0.032352
vt 0.120741 0.032352
vt -0.108253 0.062500
vt 0.108253 0.062500
vt -0.088388 0.088388
vt 0.088388 0.088388
vt -0.062500 0.108253
vt 0.062500 0.108253
vt -0.032352 0.120741
vt 0.032352 0.120741
vt 0.000000 0.125000
vt 0.108253 -0.062500
vt -0.108253 -0.062500
vt 0.088388 -0.088388
vt -0.088388 -0.088388
vt 0.062500 -0.108253
vt -0.062500 -0.108253
vt 0.032352 -0.120741
vt -0.032352 -0.120741
vt 0.000000 -0.125000
vt 0.500000 -0.359974
vt 0.500000 -0.392699
vt 0.500000 0.392699
vt 0.500000 0.359974
vt 0.500000 0.327249
vt 0.500000 0.294524
vt 0.500000 0.229074
vt 0.500000 0.196350
vt 0.500000 0.163625
vt 0.500000 0.098175
vt 0.500000 0.065450
vt 0.500000 0.032725
vt 0.500000 -0.032725
vt 0.500000 -0.065450
vt 0.500000 -0.098175
vt 0.500000 -0.163625
vt 0.500000 -0.196350
vt 0.500000 -0.229074
vt 0.500000 -0.294524
vt 0.500000 -0.327249
vt 0.000000 0.359974
vt 0.000000 0.392699
vt 0.000000 -0.392699
vt 0.000000 -0.359974
vt 0.000000 -0.327249
vt 0.000000 -0.294524
vt 0.000000 -0.229074
vt 0.000000 -0.196350
vt 0.000000 -0.163625
vt 0.000000 -0.098175
vt 0.000000 -0.065450
vt 0.000000 -0.032725
vt 0.000000 0.032725
vt 0.000000 0.065450
vt 0.000000 0.098175
vt 0.000000 0.163625
vt 0.000000 0.196350
vt 0.000000 0.229074
vt 0.000000 0.294524
vt 0.000000 0.327249
vt 0.300000 0.287979
vt 0.300000 0.314159
vt 0.300000 -0.314159
vt 0.300000 -0.287979
vt 0.300000 -0.261799
vt 0.300000 -0.235619
vt 0.300000 -0.209440
vt 0.300000 -0.183260
vt 0.300000 -0.157080
vt 0.300000 -0.130900
vt 0.300000 -0.104720
vt 0.300000 -0.078540
vt 0.300000 -0.052360
vt 0.300000 -0.026180
vt 0.300000 0.000000
vt 0.300000 0.026180
vt 0.300000 0.052360
vt 0.300000 0.078540
vt 0.300000 0.104720
vt 0.300000 0.130900
vt 0.300000 0.157080
vt 0.300000 0.183260
vt 0.300000 0.209440
vt 0.300000 0.235619
vt 0.300000 0.261799
vt -0.300000 1.151917
vt -0.000000 1.151917
vt -0.300000 1.256637
vt -0.000000 1.256637
vt -0.300000 -1.256637
vt -0.000000 -1.256637
vt -0.300000 -1.151917
vt 0.000000 -1.151917
vt -0.300000 -1.047198
vt 0.000000 -1.047198
vt -0.300000 -0.942478
vt -0.000000 -0.942478
vt -0.300000 -0.837758
vt 0.000000 -0.837758
vt -0.300000 -0.733038
vt 0.000000 -0.733038
vt -0.300000 -0.628319
vt -0.000000 -0.628319
vt -0.300000 -0.523599
vt -0.000000 -0.523599
vt -0.300000 -0.418879
vt -0.000000 -0.418879
vt -0.300000 -0.314159
vt -0.300000 -0.209440
vt -0.000000 -0.209440
vt -0.300000 -0.104720
vt -0.000000 -0.104720
vt -0.300000 0.000000
vt -0.300000 0.104720
vt -0.300000 0.209440
vt -0.300000 0.314159
vt -0.300000 0.418879
vt -0.000000 0.418879
vt -0.300000 0.523599
vt -0.000000 0.523599
vt -0.300000 0.628319
vt -0.000000 0.628319
vt -0.300000 0.733038
vt -0.000000 0.733038
vt -0.300000 0.837758
vt -0.000000 0.837758
vt -0.300000 0.942478
vt -0.000000 0.942478
vt -0.300000 1.047198
vt -0.000000 1.047198
vt -0.386370 0.103528
vt -0.346410 0.200000
vt -0.282843 0.282843
vt -0.200000 0.346410
vt -0.103528 0.386370
vt 0.103528 0.386370
vt 0.200000 0.346410
vt 0.282843 0.282843
vt 0.346410 0.200000
vt 0.386370 0.103528
vt 0.386370 -0.103528
vt 0.346410 -0.200000
vt 0.282843 -0.282843
vt 0.200000 -0.346410
vt 0.103528 -0.386370
vt 0.000000 -0.400000
vt -0.103528 -0.386370
vt -0.200000 -0.346410
vt -0.282843 -0.282843
vt -0.346410 -0.200000
vt -0.386370 -0.103528
vt -0.200000 2.990123
vt -0.000000 2.990123
vt -0.200000 3.220132
vt 0.000000 3.220132
vt -0.200000 -3.220132
vt 0.000000 -3.220132
vt -0.200000 -2.990123
vt 0.000000 -2.990123
vt -0.200000 -2.760114
vt 0.000000 -2.760114
vt -0.200000 -2.530104
vt 0.000000 -2.530104
vt -0.200000 -2.300095
vt -0.000000 -2.300095
vt -0.200000 -2.070085
vt 0.000000 -2.070085
vt -0.200000 -1.840076
vt 0.000000 -1.840076
vt -0.200000 -1.610066
vt -0.000000 -1.610066
vt -0.200000 -1.380057
vt -0.000000 -1.380057
vt -0.200000 -1.150047
vt -0.000000 -1.150047
vt -0.200000 -0.920038
vt -0.000000 -0.920038
vt -0.200000 -0.690028
vt -0.000000 -0.690028
vt -0.200000 -0.460019
vt -0.000000 -0.460019
vt -0.200000 -0.230009
vt -0.000000 -0.230009
vt -0.200000 0.230009
vt -0.000000 0.230009
vt -0.200000 0.460019
vt -0.000000 0.460019
vt -0.200000 0.690028
vt -0.000000 0.690028
vt -0.200000 0.920038
vt -0.000000 0.920038
vt -0.200000 1.150047
vt -0.000000 1.150047
vt -0.200000 1.380057
vt -0.000000 1.380057
vt -0.200000 1.610066
vt -0.000000 1.610066
vt -0.200000 1.840076
vt -0.000000 1.840076
vt -0.200000 2.070085
vt -0.000000 2.070085
vt -0.200000 2.300095
vt -0.000000 2.300095
vt -0.200000 2.530104
vt -0.000000 2.530104
vt -0.200000 2.760114
vt -0.000000 2.760114
vt -0.999301 -0.228084
vt -0.886603 -0.050000
vt -1.025000 -0.000000
vt -0.896593 -0.025882
vt -0.900000 0.000000
vt -0.923493 -0.444731
vt -0.800000 -0.100000
vt -0.825882 -0.096593
vt -0.850000 -0.086603
vt -0.801377 -0.639077
vt -0.750000 -0.086603
vt -0.774118 -0.096593
vt -0.639077 -0.801377
vt -0.444731 -0.923493
vt -0.086603 -0.750000
vt -0.096593 -0.774118
vt -0.100000 -0.800000
vt -0.228084 -0.999301
vt -0.096593 -0.825882
vt -0.086603 -0.850000
vt -0.070711 -0.870711
vt -0.050000 -0.886603
vt 0.000000 -1.025000
vt -0.025882 -0.896593
vt 0.000000 -0.900000
vt 0.025882 -0.896593
vt 0.050000 -0.886603
vt 0.228084 -0.999301
vt 0.070711 -0.870711
vt 0.086603 -0.850000
vt 0.096593 -0.825882
vt 0.100000 -0.800000
vt 0.444731 -0.923493
vt 0.096593 -0.774118
vt 0.086603 -0.750000
vt 0.070711 -0.729289
vt 0.050000 -0.713397
vt 0.025882 -0.703407
vt 0.000000 -0.700000
vt -0.025882 -0.703407
vt -0.050000 -0.713397
vt -0.070711 -0.729289
vt 0.639077 -0.801377
vt 0.801377 -0.639077
vt 0.923493 -0.444731
vt 0.750000 -0.086603
vt 0.774118 -0.096593
vt 0.800000 -0.100000
vt 0.999301 -0.228084
vt 0.825882 -0.096593
vt 0.850000 -0.086603
vt 0.870711 -0.070711
vt 0.886603 -0.050000
vt 1.025000 0.000000
vt 0.896593 -0.025882
vt 0.900000 0.000000
vt 0.896593 0.025882
vt 0.886603 0.050000
vt 0.999301 0.228084
vt 0.870711 0.070711
vt 0.850000 0.086603
vt 0.825882 0.096593
vt 0.800000 0.100000
vt 0.923493 0.444731
vt 0.774118 0.096593
vt 0.750000 0.086603
vt 0.729289 0.070711
vt 0.713397 0.050000
vt 0.703407 0.025882
vt 0.700000 0.000000
vt 0.703407 -0.025882
vt 0.713397 -0.050000
vt 0.729289 -0.070711
vt 0.801377 0.639077
vt 0.639077 0.801377
vt 0.444731 0.923493
vt 0.086603 0.750000
vt 0.096593 0.774118
vt 0.100000 0.800000
vt 0.228084 0.999301
vt 0.096593 0.825882
vt 0.086603 0.850000
vt 0.070711 0.870711
vt 0.050000 0.886603
vt 0.000000 1.025000
vt 0.025882 0.896593
vt 0.000000 0.900000
vt -0.025882 0.896593
vt -0.050000 0.886603
vt -0.228084 0.999301
vt -0.070711 0.870711
vt -0.086603 0.850000
vt -0.096593 0.825882
vt -0.100000 0.800000
vt -0.444731 0.923493
vt -0.096593 0.774118
vt -0.086603 0.750000
vt -0.070711 0.729289
vt -0.050000 0.713397
vt -0.025882 0.703407
vt 0.000000 0.700000
vt 0.025882 0.703407
vt 0.050000 0.713397
vt 0.070711 0.729289
vt -0.639077 0.801377
vt -0.801377 0.639077
vt -0.923493 0.444731
vt -0.750000 0.086603
vt -0.774118 0.096593
vt -0.800000 0.100000
vt -0.999301 0.228084
vt -0.825882 0.096593
vt -0.850000 0.086603
vt -0.870711 0.070711
vt -0.886603 0.050000
vt -0.896593 0.025882
vt -0.703407 0.025882
vt -0.700000 0.000000
vt -0.703407 -0.025882
vt -0.729289 0.070711
vt -0.713397 0.050000
vt -0.729289 -0.070711
vt -0.713397 -0.050000
vt -0.870711 -0.070711
vt 0.200000 -0.287979
vt 0.200000 -0.314159
vt 0.200000 0.314159
vt 0.200000 0.287979
vt 0.200000 0.261799
vt 0.200000 0.235619
vt 0.200000 0.209440
vt 0.200000 0.183260
vt 0.200000 0.157080
vt 0.200000 0.130900
vt 0.200000 0.104720
vt 0.200000 0.078540
vt 0.200000 0.052360
vt 0.200000 0.026180
vt 0.200000 0.000000
vt 0.200000 -0.026180
vt -0.000000 -0.026180
vt 0.200000 -0.052360
vt 0.200000 -0.078540
vt 0.200000 -0.104720
vt 0.200000 -0.130900
vt -0.000000 -0.130900
vt 0.200000 -0.157080
vt 0.200000 -0.183260
vt 0.200000 -0.209440
vt 0.200000 -0.235619
vt 0.200000 -0.261799
vt 0.200000 0.209439
vt 0.000000 0.209439
vt -0.000000 -0.052360
vt -0.000000 -0.078540
vt 0.200000 -0.209439
vt 0.000000 -0.209439
vt 3.400000 3.001420
vt 3.000000 3.001420
vt 3.400000 2.001420
vt 3.000000 2.001420
vt 0.450699 1.353084
vt 0.279289 1.879289
vt 0.425000 1.125000
vt 0.263397 1.900000
vt 1.005269 0.201507
vt 0.810923 0.323623
vt 0.648623 0.485923
vt 0.526507 0.680269
vt 0.450699 0.896916
vt 0.526507 1.569731
vt 0.350000 1.850000
vt 0.324118 1.853407
vt 0.300000 1.863397
vt 0.648623 1.764077
vt 0.436603 1.900000
vt 0.420711 1.879289
vt 0.400000 1.863397
vt 0.810923 1.926377
vt 0.446593 1.975882
vt 0.450000 1.950000
vt 0.446593 1.924118
vt 1.005269 2.048493
vt 0.420711 2.020711
vt 0.436603 2.000000
vt 1.221916 2.124301
vt 0.436603 4.300000
vt 0.420711 4.279289
vt 0.400000 4.263397
vt 0.446593 4.324118
vt 1.450000 2.150000
vt 2.453407 4.324118
vt 1.678084 2.124301
vt 2.463397 4.300000
vt 1.894731 2.048493
vt 2.479289 4.279289
vt 2.500000 4.263397
vt 2.500000 2.036603
vt 2.524118 4.253407
vt 2.524118 2.046593
vt 2.550000 4.250000
vt 2.550000 2.050000
vt 2.575882 2.046593
vt 2.479289 2.020711
vt 2.089077 1.926377
vt 2.463397 2.000000
vt 2.453407 1.975882
vt 2.251377 1.764077
vt 2.450000 1.950000
vt 2.453407 1.924118
vt 2.463397 1.900000
vt 2.373493 1.569731
vt 2.479289 1.879289
vt 2.500000 1.863397
vt 2.524118 1.853407
vt 2.550000 1.850000
vt 2.449301 1.353084
vt 2.575882 1.853407
vt 2.600000 1.863397
vt 2.620711 1.879289
vt 2.475000 1.125000
vt 2.636603 1.900000
vt 2.449301 0.896916
vt 2.373493 0.680269
vt 2.251377 0.485923
vt 2.089077 0.323623
vt 1.894731 0.201507
vt 1.678084 0.125699
vt 1.450000 0.100000
vt 1.221916 0.125699
vt 2.900000 4.650000
vt 2.650000 1.950000
vt 2.646593 1.924118
vt 2.500000 4.436603
vt 2.524118 4.446593
vt 2.550000 4.450000
vt 0.250000 1.950000
vt 0.253407 1.975882
vt 0.263397 2.000000
vt 2.453407 4.375882
vt 0.446593 4.375882
vt 2.450000 4.350000
vt 0.450000 4.350000
vt 0.436603 4.400000
vt 2.463397 4.400000
vt 0.420711 4.420711
vt 2.479289 4.420711
vt 0.400000 4.436603
vt 2.575882 4.446593
vt 2.600000 4.436603
vt 2.620711 4.420711
vt 2.636603 4.400000
vt 2.646593 4.375882
vt 2.650000 4.350000
vt 2.646593 4.324118
vt 2.636603 4.300000
vt 2.636603 2.000000
vt 2.620711 4.279289
vt 2.620711 2.020711
vt 2.600000 4.263397
vt 2.600000 2.036603
vt 2.575882 4.253407
vt 0.279289 2.020711
vt 0.279289 4.279289
vt 0.263397 4.300000
vt 0.253407 4.324118
vt 0.250000 4.350000
vt 0.300000 4.263397
vt 0.300000 2.036603
vt 0.324118 4.253407
vt 0.324118 2.046593
vt 0.350000 4.250000
vt 0.350000 2.050000
vt 0.375882 2.046593
vt 0.375882 4.253407
vt 0.400000 2.036603
vt 0.375882 1.853407
vt 0.253407 1.924118
vt 2.646593 1.975882
vt 0.253407 4.375882
vt 0.263397 4.400000
vt 0.279289 4.420711
vt 0.300000 4.436603
vt 0.324118 4.446593
vt 0.350000 4.450000
vt 0.375882 4.446593
vt 2.900000 3.001420
vt -0.703407 0.574118
vt 0.703407 0.574118
vt -0.700000 0.600000
vt 0.700000 0.600000
vt -0.703407 0.625882
vt 0.703407 0.625882
vt -0.713397 0.650000
vt 0.713397 0.650000
vt -0.729289 0.670711
vt 0.729289 0.670711
vt -0.750000 0.686603
vt 0.750000 0.686603
vt -1.450000 1.700000
vt 1.450000 1.700000
vt 0.774118 0.696593
vt 0.800000 0.700000
vt 0.713397 0.550000
vt -0.713397 0.550000
vt 0.713397 -0.550000
vt -0.713397 -0.550000
vt -0.703407 -0.574118
vt -0.729289 -0.529289
vt -0.729289 0.529289
vt -0.750000 -0.513397
vt -0.750000 0.513397
vt -0.774118 -0.503407
vt -0.774118 0.503407
vt -0.800000 -0.500000
vt -0.800000 0.500000
vt -0.825882 0.503407
vt -0.825882 -0.503407
vt -0.850000 0.513397
vt -0.850000 -0.513397
vt -0.870711 0.529289
vt -0.870711 -0.529289
vt -0.886603 0.550000
vt -0.886603 -0.550000
vt -0.896593 0.574118
vt -0.896593 -0.574118
vt -1.450000 -1.700000
vt -0.900000 -0.600000
vt -0.896593 -0.625882
vt -0.886603 -0.650000
vt -0.870711 -0.670711
vt -0.850000 -0.686603
vt -0.825882 -0.696593
vt -0.800000 -0.700000
vt -0.774118 -0.696593
vt -0.750000 -0.686603
vt 0.750000 -0.686603
vt -0.729289 -0.670711
vt 0.729289 -0.670711
vt -0.713397 -0.650000
vt 0.713397 -0.650000
vt -0.703407 -0.625882
vt 0.703407 -0.625882
vt -0.700000 -0.600000
vt 0.700000 -0.600000
vt 0.703407 -0.574118
vt -0.900000 0.600000
vt -0.896593 0.625882
vt -0.886603 0.650000
vt -0.870711 0.670711
vt -0.850000 0.686603
vt -0.825882 0.696593
vt -0.800000 0.700000
vt -0.774118 0.696593
vt 0.896593 0.625882
vt 0.900000 0.600000
vt 0.896593 0.574118
vt 1.450000 -1.700000
vt 0.896593 -0.574118
vt 0.900000 -0.600000
vt 0.886603 -0.550000
vt 0.886603 0.550000
vt 0.870711 0.529289
vt 0.870711 -0.529289
vt 0.850000 0.513397
vt 0.850000 -0.513397
vt 0.825882 0.503407
vt 0.825882 -0.503407
vt 0.800000 0.500000
vt 0.800000 -0.500000
vt 0.774118 0.503407
vt 0.774118 -0.503407
vt 0.750000 0.513397
vt 0.750000 -0.513397
vt 0.729289 0.529289
vt 0.729289 -0.529289
vt 0.825882 0.696593
vt 0.850000 0.686603
vt 0.870711 0.670711
vt 0.886603 0.650000
vt 0.896593 -0.625882
vt 0.886603 -0.650000
vt 0.870711 -0.670711
vt 0.850000 -0.686603
vt 0.825882 -0.696593
vt 0.800000 -0.700000
vt 0.774118 -0.696593
s 0
f 48/1/1 1/2/1 47/3/2
f 47/3/2 1/2/1 2/4/2
f 47/3/3 2/4/3 46/5/4
f 46/5/4 2/4/3 3/6/4
f 46/5/5 3/6/5 45/7/6
f 45/7/6 3/6/5 4/8/6
f 45/7/7 4/8/7 44/9/8
f 44/9/8 4/8/7 5/10/8
f 44/9/9 5/10/9 43/11/10
f 43/11/10 5/10/9 6/12/10
f 43/11/11 6/12/11 42/13/12
f 42/13/12 6/12/11 7/14/12
f 42/13/13 7/14/13 41/15/14
f 41/15/14 7/14/13 8/16/14
f 41/15/15 8/16/15 40/17/16
f 40/17/16 8/16/15 9/18/16
f 40/17/17 9/18/17 39/19/18
f 39/19/18 9/18/17 10/20/18
f 39/19/19 10/20/19 38/21/20
f 38/21/20 10/20/19 11/22/20
f 38/21/21 11/22/21 37/23/22
f 37/23/22 11/22/21 12/24/22
f 37/23/23 12/24/23 36/25/24
f 36/25/24 12/24/23 13/26/24
f 36/25/25 13/26/25 35/27/26
f 35/27/26 13/26/25 14/28/26
f 35/27/27 14/28/27 34/29/28
f 34/29/28 14/28/27 15/30/28
f 34/29/29 15/30/29 33/31/30
f 33/31/30 15/30/29 16/32/30
f 33/31/31 16/32/31 32/33/32
f 32/33/32 16/32/31 17/34/32
f 32/33/33 17/34/33 31/35/34
f 31/35/34 17/34/33 18/36/34
f 31/35/35 18/36/35 30/37/36
f 30/37/36 18/36/35 19/38/36
f 30/37/37 19/38/37 29/39/38
f 29/39/38 19/38/37 20/40/38
f 29/39/39 20/40/39 28/41/40
f 28/41/40 20/40/39 21/42/40
f 28/41/41 21/42/41 27/43/42
f 27/43/42 21/42/41 22/44/42
f 27/43/43 22/44/43 26/45/44
f 26/45/44 22/44/43 23/46/44
f 26/45/45 23/46/45 25/47/46
f 25/47/46 23/46/45 24/48/46
f 50/49/47 124/50/47 49/51/47
f 49/51/47 124/50/47 125/52/47
f 49/51/47 125/52/47 72/53/47
f 72/53/47 125/52/47 126/54/47
f 72/53/47 126/54/47 127/55/47
f 50/49/47 51/56/47 124/50/47
f 124/50/47 51/56/47 123/57/47
f 123/57/47 51/56/47 52/58/47
f 123/57/47 52/58/47 53/59/47
f 123/57/47 53/59/47 122/60/47
f 122/60/47 53/59/47 54/61/47
f 122/60/47 54/61/47 28/62/47
f 28/62/47 54/61/47 55/63/47
f 28/62/47 55/63/47 56/64/47
f 56/64/47 57/65/47 28/62/47
f 28/62/47 57/65/47 29/66/47
f 29/66/47 57/65/47 58/67/47
f 29/66/47 58/67/47 59/68/47
f 59/68/47 60/69/47 29/66/47
f 29/66/47 60/69/47 61/70/47
f 29/66/47 61/70/47 30/71/47
f 30/71/47 61/70/47 62/72/47
f 30/71/47 62/72/47 63/73/47
f 63/73/47 64/74/47 30/71/47
f 30/71/47 64/74/47 65/75/47
f 30/71/47 65/75/47 31/76/47
f 31/76/47 65/75/47 66/77/47
f 31/76/47 66/77/47 67/78/47
f 67/78/47 68/79/47 31/76/47
f 31/76/47 68/79/47 32/80/47
f 32/80/47 68/79/47 69/81/47
f 32/80/47 69/81/47 70/82/47
f 71/83/47 128/84/47 70/82/47
f 70/82/47 128/84/47 129/85/47
f 70/82/47 129/85/47 32/80/47
f 32/80/47 129/85/47 33/86/47
f 33/86/47 129/85/47 130/87/47
f 33/86/47 130/87/47 89/88/47
f 89/88/47 130/87/47 88/89/47
f 88/89/47 130/87/47 131/90/47
f 88/89/47 131/90/47 87/91/47
f 87/91/47 131/90/47 132/92/47
f 87/91/47 132/92/47 133/93/47
f 128/84/47 71/83/47 127/55/47
f 127/55/47 71/83/47 72/53/47
f 74/94/47 147/95/47 73/96/47
f 73/96/47 147/95/47 148/97/47
f 73/96/47 148/97/47 96/98/47
f 96/98/47 148/97/47 149/99/47
f 96/98/47 149/99/47 95/100/47
f 95/100/47 149/99/47 150/101/47
f 95/100/47 150/101/47 94/102/47
f 94/102/47 150/101/47 151/103/47
f 94/102/47 151/103/47 152/104/47
f 147/95/47 74/94/47 146/105/47
f 146/105/47 74/94/47 75/106/47
f 146/105/47 75/106/47 145/107/47
f 145/107/47 75/106/47 76/108/47
f 145/107/47 76/108/47 144/109/47
f 144/109/47 76/108/47 77/110/47
f 144/109/47 77/110/47 143/111/47
f 143/111/47 77/110/47 78/112/47
f 143/111/47 78/112/47 142/113/47
f 142/113/47 78/112/47 79/114/47
f 142/113/47 79/114/47 141/115/47
f 141/115/47 79/114/47 140/116/47
f 140/116/47 79/114/47 80/117/47
f 140/116/47 80/117/47 139/118/47
f 139/118/47 80/117/47 81/119/47
f 139/118/47 81/119/47 138/120/47
f 138/120/47 81/119/47 82/121/47
f 138/120/47 82/121/47 137/122/47
f 137/122/47 82/121/47 83/123/47
f 137/122/47 83/123/47 136/124/47
f 136/124/47 83/123/47 84/125/47
f 136/124/47 84/125/47 135/126/47
f 135/126/47 84/125/47 85/127/47
f 135/126/47 85/127/47 134/128/47
f 134/128/47 85/127/47 86/129/47
f 134/128/47 86/129/47 133/93/47
f 133/93/47 86/129/47 87/91/47
f 33/86/47 89/88/47 34/130/47
f 34/130/47 89/88/47 90/131/47
f 34/130/47 90/131/47 35/132/47
f 35/132/47 90/131/47 36/133/47
f 36/133/47 90/131/47 91/134/47
f 36/133/47 91/134/47 37/135/47
f 37/135/47 91/134/47 92/136/47
f 37/135/47 92/136/47 38/137/47
f 38/137/47 92/136/47 39/138/47
f 39/138/47 92/136/47 93/139/47
f 39/138/47 93/139/47 40/140/47
f 40/140/47 93/139/47 152/104/47
f 40/140/47 152/104/47 153/141/47
f 93/139/47 94/102/47 152/104/47
f 98/142/47 44/143/47 97/144/47
f 97/144/47 44/143/47 43/145/47
f 97/144/47 43/145/47 120/146/47
f 120/146/47 43/145/47 119/147/47
f 119/147/47 43/145/47 118/148/47
f 118/148/47 43/145/47 117/149/47
f 117/149/47 43/145/47 42/150/47
f 117/149/47 42/150/47 116/151/47
f 116/151/47 42/150/47 115/152/47
f 115/152/47 42/150/47 114/153/47
f 114/153/47 42/150/47 41/154/47
f 114/153/47 41/154/47 113/155/47
f 113/155/47 41/154/47 112/156/47
f 112/156/47 41/154/47 153/141/47
f 112/156/47 153/141/47 154/157/47
f 98/142/47 99/158/47 44/143/47
f 44/143/47 99/158/47 100/159/47
f 44/143/47 100/159/47 101/160/47
f 44/143/47 101/160/47 45/161/47
f 45/161/47 101/160/47 102/162/47
f 45/161/47 102/162/47 103/163/47
f 103/163/47 104/164/47 45/161/47
f 45/161/47 104/164/47 159/165/47
f 45/161/47 159/165/47 160/166/47
f 104/164/47 105/167/47 159/165/47
f 159/165/47 105/167/47 106/168/47
f 159/165/47 106/168/47 158/169/47
f 158/169/47 106/168/47 107/170/47
f 158/169/47 107/170/47 157/171/47
f 157/171/47 107/170/47 108/172/47
f 157/171/47 108/172/47 109/173/47
f 157/171/47 109/173/47 156/174/47
f 156/174/47 109/173/47 110/175/47
f 156/174/47 110/175/47 155/176/47
f 155/176/47 110/175/47 111/177/47
f 155/176/47 111/177/47 154/157/47
f 154/157/47 111/177/47 112/156/47
f 48/178/47 47/179/47 160/166/47
f 160/166/47 47/179/47 46/180/47
f 160/166/47 46/180/47 45/161/47
f 41/154/47 40/140/47 153/141/47
f 28/62/47 27/181/47 122/60/47
f 122/60/47 27/181/47 121/182/47
f 121/182/47 27/181/47 26/183/47
f 121/182/47 26/183/47 25/184/47
f 24/185/47 23/186/47 164/187/47
f 164/187/47 23/186/47 22/188/47
f 164/187/47 22/188/47 21/189/47
f 21/189/47 20/190/47 164/187/47
f 164/187/47 20/190/47 19/191/47
f 164/187/47 19/191/47 199/192/47
f 199/192/47 19/191/47 198/193/47
f 198/193/47 19/191/47 18/194/47
f 198/193/47 18/194/47 197/195/47
f 197/195/47 18/194/47 196/196/47
f 196/196/47 18/194/47 195/197/47
f 195/197/47 18/194/47 17/198/47
f 195/197/47 17/198/47 194/199/47
f 194/199/47 17/198/47 193/200/47
f 193/200/47 17/198/47 192/201/47
f 192/201/47 17/198/47 16/202/47
f 192/201/47 16/202/47 191/203/47
f 191/203/47 16/202/47 190/204/47
f 190/204/47 16/202/47 189/205/47
f 189/205/47 16/202/47 212/206/47
f 212/206/47 16/202/47 211/207/47
f 211/207/47 16/202/47 15/208/47
f 211/207/47 15/208/47 210/209/47
f 210/209/47 15/208/47 209/210/47
f 209/210/47 15/208/47 208/211/47
f 208/211/47 15/208/47 163/212/47
f 208/211/47 163/212/47 207/213/47
f 207/213/47 163/212/47 206/214/47
f 206/214/47 163/212/47 205/215/47
f 205/215/47 163/212/47 204/216/47
f 204/216/47 163/212/47 203/217/47
f 203/217/47 163/212/47 202/218/47
f 202/218/47 163/212/47 201/219/47
f 201/219/47 163/212/47 200/220/47
f 200/220/47 163/212/47 199/192/47
f 199/192/47 163/212/47 164/187/47
f 15/208/47 14/221/47 163/212/47
f 163/212/47 14/221/47 13/222/47
f 163/212/47 13/222/47 12/223/47
f 163/212/47 12/223/47 162/224/47
f 162/224/47 12/223/47 11/225/47
f 162/224/47 11/225/47 10/226/47
f 9/227/47 179/228/47 10/226/47
f 10/226/47 179/228/47 180/229/47
f 10/226/47 180/229/47 181/230/47
f 8/231/47 174/232/47 9/227/47
f 9/227/47 174/232/47 175/233/47
f 9/227/47 175/233/47 176/234/47
f 7/235/47 171/236/47 8/231/47
f 8/231/47 171/236/47 172/237/47
f 8/231/47 172/237/47 173/238/47
f 6/239/47 168/240/47 7/235/47
f 7/235/47 168/240/47 169/241/47
f 7/235/47 169/241/47 170/242/47
f 5/243/47 161/244/47 6/239/47
f 6/239/47 161/244/47 167/245/47
f 6/239/47 167/245/47 168/240/47
f 5/243/47 4/246/47 161/244/47
f 161/244/47 4/246/47 3/247/47
f 161/244/47 3/247/47 2/248/47
f 2/248/47 1/249/47 161/244/47
f 161/244/47 162/224/47 167/245/47
f 167/245/47 162/224/47 166/250/47
f 166/250/47 162/224/47 165/251/47
f 165/251/47 162/224/47 188/252/47
f 188/252/47 162/224/47 187/253/47
f 187/253/47 162/224/47 186/254/47
f 186/254/47 162/224/47 185/255/47
f 185/255/47 162/224/47 184/256/47
f 184/256/47 162/224/47 183/257/47
f 183/257/47 162/224/47 182/258/47
f 182/258/47 162/224/47 10/226/47
f 182/258/47 10/226/47 181/230/47
f 170/242/47 171/236/47 7/235/47
f 173/238/47 174/232/47 8/231/47
f 176/234/47 177/259/47 9/227/47
f 9/227/47 177/259/47 178/260/47
f 9/227/47 178/260/47 179/228/47
f 214/224/48 215/261/48 213/262/48
f 213/262/48 215/261/48 216/263/48
f 213/262/48 216/263/48 217/264/48
f 214/265/49 218/224/49 215/266/49
f 215/266/49 218/224/49 219/261/49
f 221/224/50 222/261/50 220/267/50
f 220/267/50 222/261/50 219/263/50
f 220/267/50 219/263/50 218/264/50
f 221/265/51 217/224/51 222/266/51
f 222/266/51 217/224/51 216/261/51
f 220/268/52 213/269/52 221/270/52
f 221/270/52 213/269/52 217/271/52
f 216/272/47 215/273/47 222/274/47
f 222/274/47 215/273/47 219/275/47
f 223/264/48 224/262/48 227/263/48
f 227/263/48 224/262/48 226/261/48
f 226/261/48 224/262/48 225/224/48
f 225/265/49 228/224/49 226/266/49
f 226/266/49 228/224/49 229/261/49
f 228/264/50 230/267/50 229/263/50
f 229/263/50 230/267/50 232/261/50
f 232/261/50 230/267/50 231/224/50
f 231/265/51 223/224/51 232/266/51
f 232/266/51 223/224/51 227/261/51
f 230/268/52 224/269/52 231/270/52
f 231/270/52 224/269/52 223/271/52
f 227/272/47 226/273/47 232/274/47
f 232/274/47 226/273/47 229/275/47
f 220/276/47 218/277/47 279/278/47
f 279/278/47 218/277/47 278/279/47
f 278/279/47 218/277/47 214/280/47
f 278/279/47 214/280/47 228/281/47
f 228/281/47 214/280/47 275/282/47
f 228/281/47 275/282/47 230/283/47
f 213/284/47 233/285/47 214/280/47
f 214/280/47 233/285/47 275/282/47
f 275/282/47 233/285/47 274/286/47
f 274/286/47 233/285/47 234/287/47
f 274/286/47 234/287/47 273/288/47
f 273/288/47 234/287/47 235/289/47
f 273/288/47 235/289/47 254/290/47
f 254/290/47 235/289/47 253/291/47
f 253/291/47 235/289/47 236/292/47
f 253/291/47 236/292/47 252/293/47
f 252/293/47 236/292/47 251/294/47
f 251/294/47 236/292/47 237/295/47
f 251/294/47 237/295/47 250/296/47
f 250/296/47 237/295/47 238/297/47
f 250/296/47 238/297/47 249/298/47
f 249/298/47 238/297/47 248/299/47
f 248/299/47 238/297/47 239/300/47
f 248/299/47 239/300/47 240/301/47
f 248/299/47 240/301/47 247/302/47
f 247/302/47 240/301/47 241/303/47
f 247/302/47 241/303/47 246/304/47
f 246/304/47 241/303/47 242/305/47
f 246/304/47 242/305/47 245/306/47
f 245/306/47 242/305/47 243/307/47
f 245/306/47 243/307/47 244/308/47
f 254/290/47 255/309/47 273/288/47
f 273/288/47 255/309/47 272/310/47
f 272/310/47 255/309/47 256/311/47
f 272/310/47 256/311/47 257/312/47
f 272/310/47 257/312/47 271/313/47
f 271/313/47 257/312/47 258/314/47
f 271/313/47 258/314/47 270/315/47
f 270/315/47 258/314/47 259/316/47
f 270/315/47 259/316/47 260/317/47
f 261/318/47 268/319/47 260/317/47
f 260/317/47 268/319/47 269/320/47
f 260/317/47 269/320/47 270/315/47
f 268/319/47 261/318/47 267/321/47
f 267/321/47 261/318/47 262/322/47
f 267/321/47 262/322/47 266/323/47
f 266/323/47 262/322/47 263/324/47
f 266/323/47 263/324/47 265/325/47
f 265/325/47 263/324/47 264/326/47
f 278/279/47 228/281/47 277/327/47
f 277/327/47 228/281/47 225/328/47
f 277/327/47 225/328/47 276/329/47
f 276/329/47 225/328/47 224/330/47
f 233/224/53 48/331/53 234/332/54
f 234/332/54 48/331/53 160/333/55
f 234/332/54 160/333/55 235/334/56
f 235/334/56 160/333/55 159/335/57
f 235/334/56 159/335/57 236/336/58
f 236/336/58 159/335/59 158/337/60
f 236/336/58 158/337/61 237/338/62
f 237/338/63 158/337/61 157/339/64
f 237/338/63 157/339/64 238/340/65
f 238/340/65 157/339/66 156/341/67
f 238/340/68 156/341/69 239/342/70
f 239/342/70 156/341/69 155/343/71
f 239/342/72 155/343/73 240/344/74
f 240/344/75 155/343/76 241/345/77
f 241/345/77 155/343/76 154/346/78
f 241/345/77 154/346/79 242/347/80
f 242/347/81 154/346/82 153/348/83
f 242/347/84 153/348/85 243/349/86
f 243/349/87 153/348/88 152/350/89
f 243/349/87 152/350/89 244/351/90
f 244/351/91 152/350/92 151/352/93
f 244/351/94 151/352/95 245/353/96
f 245/353/97 151/352/95 150/354/98
f 245/353/97 150/354/99 246/355/100
f 246/355/100 150/354/101 149/356/102
f 246/355/100 149/356/103 247/357/104
f 247/357/104 149/356/105 148/358/106
f 247/357/107 148/358/108 248/359/109
f 248/359/109 148/358/108 147/360/110
f 248/359/111 147/360/112 249/361/113
f 249/361/113 147/360/114 146/362/113
f 249/363/115 146/364/115 250/365/116
f 250/365/116 146/364/115 145/366/116
f 250/365/117 145/366/117 251/367/118
f 251/367/118 145/366/117 144/368/118
f 251/367/119 144/368/119 252/369/120
f 252/369/120 144/368/119 143/370/120
f 252/369/121 143/370/121 253/371/122
f 253/371/122 143/370/123 142/372/122
f 253/371/124 142/372/124 254/373/125
f 254/373/125 142/372/124 141/374/125
f 254/373/126 141/374/126 255/375/127
f 255/375/127 141/374/126 140/376/127
f 255/375/128 140/376/128 256/377/129
f 256/377/129 140/376/128 139/378/129
f 256/377/130 139/378/130 257/379/131
f 257/379/131 139/378/130 138/380/131
f 257/379/132 138/380/132 258/381/133
f 258/381/133 138/380/132 137/382/133
f 258/381/134 137/382/134 259/383/135
f 259/383/136 137/382/137 136/384/136
f 136/385/138 135/386/139 259/387/138
f 259/387/138 135/386/140 260/388/141
f 260/388/141 135/386/142 134/389/143
f 260/388/144 134/389/143 261/390/145
f 261/390/146 134/389/147 133/391/148
f 261/390/149 133/391/150 262/392/151
f 262/392/151 133/391/152 132/393/153
f 262/392/154 132/393/153 263/394/155
f 263/394/155 132/393/156 131/395/157
f 263/394/158 131/395/159 264/396/160
f 264/396/161 131/395/162 130/397/163
f 264/396/164 130/397/163 265/398/165
f 265/398/166 130/397/167 129/399/168
f 265/398/169 129/399/170 266/400/171
f 266/400/172 129/399/173 128/401/174
f 266/400/175 128/401/174 267/402/176
f 267/402/177 128/401/178 268/403/179
f 268/403/180 128/401/181 127/404/182
f 268/403/183 127/404/184 269/405/185
f 269/405/186 127/404/182 126/406/187
f 269/405/188 126/406/189 125/407/190
f 269/405/188 125/407/191 270/408/192
f 270/408/192 125/407/191 124/409/193
f 270/408/194 124/409/195 271/410/196
f 271/410/196 124/409/195 123/411/197
f 271/410/196 123/411/198 272/412/199
f 272/412/199 123/411/198 122/413/200
f 272/412/199 122/413/200 273/414/201
f 273/414/201 122/413/202 121/415/203
f 273/414/201 121/415/204 274/416/205
f 274/416/206 121/415/203 25/331/207
f 274/416/205 25/331/207 275/224/207
f 276/417/51 224/418/51 164/419/51
f 164/419/51 224/418/51 230/420/51
f 164/419/51 230/420/51 25/331/51
f 25/331/51 230/420/51 275/224/51
f 25/331/51 24/421/51 164/419/51
f 1/422/51 48/423/51 161/424/51
f 161/424/51 48/423/51 213/425/51
f 161/424/51 213/425/51 220/426/51
f 48/423/51 233/427/51 213/425/51
f 220/426/51 279/428/51 161/424/51
f 280/429/49 281/430/49 277/431/49
f 277/431/49 281/430/49 278/432/49
f 280/433/50 277/434/50 284/435/50
f 284/435/50 277/434/50 309/436/50
f 284/435/50 309/436/50 310/437/50
f 276/438/50 362/439/50 277/434/50
f 277/434/50 362/439/50 363/440/50
f 277/434/50 363/440/50 364/441/50
f 164/244/50 163/224/50 276/438/50
f 276/438/50 163/224/50 379/442/50
f 276/438/50 379/442/50 380/443/50
f 282/444/50 373/445/50 163/224/50
f 163/224/50 373/445/50 374/446/50
f 163/224/50 374/446/50 375/447/50
f 283/448/50 344/449/50 282/444/50
f 282/444/50 344/449/50 345/450/50
f 282/444/50 345/450/50 346/451/50
f 284/435/50 290/452/50 283/448/50
f 283/448/50 290/452/50 291/453/50
f 283/448/50 291/453/50 292/454/50
f 286/455/50 320/456/50 285/457/50
f 285/457/50 320/456/50 321/458/50
f 285/457/50 321/458/50 308/459/50
f 308/459/50 321/458/50 322/460/50
f 308/459/50 322/460/50 307/461/50
f 307/461/50 322/460/50 323/462/50
f 307/461/50 323/462/50 306/463/50
f 306/463/50 323/462/50 324/464/50
f 306/463/50 324/464/50 336/465/50
f 336/465/50 324/464/50 366/466/50
f 336/465/50 366/466/50 335/467/50
f 335/467/50 366/466/50 367/468/50
f 335/467/50 367/468/50 334/469/50
f 334/469/50 367/468/50 368/470/50
f 334/469/50 368/470/50 333/471/50
f 333/471/50 368/470/50 369/472/50
f 333/471/50 369/472/50 356/473/50
f 356/473/50 369/472/50 370/474/50
f 356/473/50 370/474/50 355/475/50
f 355/475/50 370/474/50 371/476/50
f 355/475/50 371/476/50 354/477/50
f 354/477/50 371/476/50 372/478/50
f 354/477/50 372/478/50 353/479/50
f 353/479/50 372/478/50 373/445/50
f 353/479/50 373/445/50 282/444/50
f 320/456/50 286/455/50 319/480/50
f 319/480/50 286/455/50 287/481/50
f 319/480/50 287/481/50 318/482/50
f 318/482/50 287/481/50 288/483/50
f 318/482/50 288/483/50 317/484/50
f 317/484/50 288/483/50 289/485/50
f 317/484/50 289/485/50 316/486/50
f 316/486/50 289/485/50 290/452/50
f 316/486/50 290/452/50 284/435/50
f 292/454/50 293/487/50 283/448/50
f 283/448/50 293/487/50 294/488/50
f 283/448/50 294/488/50 295/489/50
f 295/489/50 296/490/50 283/448/50
f 283/448/50 296/490/50 297/491/50
f 283/448/50 297/491/50 298/492/50
f 298/492/50 299/493/50 283/448/50
f 283/448/50 299/493/50 343/494/50
f 283/448/50 343/494/50 344/449/50
f 299/493/50 300/495/50 343/494/50
f 343/494/50 300/495/50 342/496/50
f 342/496/50 300/495/50 301/497/50
f 342/496/50 301/497/50 341/498/50
f 341/498/50 301/497/50 302/499/50
f 341/498/50 302/499/50 340/500/50
f 340/500/50 302/499/50 303/501/50
f 340/500/50 303/501/50 339/502/50
f 339/502/50 303/501/50 338/503/50
f 338/503/50 303/501/50 304/504/50
f 338/503/50 304/504/50 337/505/50
f 337/505/50 304/504/50 305/506/50
f 337/505/50 305/506/50 306/463/50
f 310/437/50 311/507/50 284/435/50
f 284/435/50 311/507/50 312/508/50
f 284/435/50 312/508/50 313/509/50
f 313/509/50 314/510/50 284/435/50
f 284/435/50 314/510/50 315/511/50
f 284/435/208 315/511/208 316/486/208
f 366/466/50 324/464/50 365/512/50
f 365/512/50 324/464/50 325/513/50
f 365/512/50 325/513/50 326/514/50
f 327/515/50 277/434/50 326/514/50
f 326/514/50 277/434/50 364/441/50
f 326/514/50 364/441/50 365/512/50
f 327/515/50 328/516/50 277/434/50
f 277/434/50 328/516/50 329/517/50
f 277/434/50 329/517/50 330/518/50
f 330/518/50 331/519/50 277/434/50
f 277/434/50 331/519/50 332/520/50
f 277/434/50 332/520/50 309/436/50
f 336/465/50 337/505/50 306/463/50
f 346/451/50 347/521/50 282/444/50
f 282/444/50 347/521/50 348/522/50
f 282/444/50 348/522/50 349/523/50
f 349/523/50 350/524/50 282/444/50
f 282/444/50 350/524/50 351/525/50
f 282/444/50 351/525/50 352/526/50
f 352/526/50 353/479/50 282/444/50
f 380/443/50 357/527/50 276/438/50
f 276/438/50 357/527/50 358/528/50
f 276/438/50 358/528/50 359/529/50
f 359/529/50 360/530/50 276/438/50
f 276/438/50 360/530/50 361/531/50
f 276/438/50 361/531/50 362/439/50
f 375/447/50 376/532/50 163/224/50
f 163/224/50 376/532/50 377/533/50
f 163/224/50 377/533/50 378/534/50
f 378/534/50 379/442/50 163/224/50
f 382/535/209 358/536/209 381/537/210
f 381/537/210 358/536/209 357/538/210
f 381/539/211 357/540/211 404/541/212
f 404/541/212 357/540/211 380/542/212
f 404/541/213 380/542/213 403/543/214
f 403/543/214 380/542/213 379/544/214
f 403/543/215 379/544/215 402/545/216
f 402/545/216 379/544/215 378/546/216
f 402/545/217 378/546/217 401/547/218
f 401/547/218 378/546/217 377/548/218
f 401/547/219 377/548/219 400/549/220
f 400/549/220 377/548/219 376/550/220
f 400/549/221 376/550/221 399/551/222
f 399/551/222 376/550/221 375/552/222
f 399/551/223 375/552/223 398/553/224
f 398/553/224 375/552/223 374/554/224
f 398/553/225 374/554/225 397/555/226
f 397/555/226 374/554/225 373/556/226
f 397/555/227 373/556/227 396/557/228
f 396/557/228 373/556/227 372/558/228
f 396/557/229 372/558/229 395/559/230
f 395/559/230 372/558/229 371/560/230
f 395/559/231 371/560/231 394/561/232
f 394/561/232 371/560/231 370/562/232
f 394/561/233 370/562/233 393/563/234
f 393/563/234 370/562/235 369/224/234
f 393/563/236 369/224/236 392/564/237
f 392/564/238 369/224/236 368/565/238
f 392/564/239 368/565/239 391/566/240
f 391/566/240 368/565/239 367/567/240
f 391/566/241 367/567/241 390/568/242
f 390/568/242 367/567/241 366/569/242
f 390/568/243 366/569/243 389/570/244
f 389/570/244 366/569/245 365/571/244
f 389/570/246 365/571/246 388/572/247
f 388/572/247 365/571/246 364/573/247
f 388/572/248 364/573/248 387/574/249
f 387/574/249 364/573/248 363/575/249
f 387/574/250 363/575/250 386/576/251
f 386/576/251 363/575/250 362/577/251
f 386/576/252 362/577/252 385/578/253
f 385/578/253 362/577/252 361/579/253
f 385/578/254 361/579/254 384/580/255
f 384/580/255 361/579/254 360/581/255
f 384/580/256 360/581/256 383/582/257
f 383/582/257 360/581/256 359/583/257
f 383/582/258 359/583/258 382/535/259
f 382/535/259 359/583/258 358/536/259
f 404/584/50 394/585/50 381/586/50
f 381/586/50 394/585/50 393/587/50
f 381/586/50 393/587/50 382/588/50
f 382/588/50 393/587/50 392/589/50
f 382/588/50 392/589/50 383/590/50
f 383/590/50 392/589/50 391/591/50
f 383/590/50 391/591/50 384/592/50
f 384/592/50 391/591/50 390/593/50
f 384/592/50 390/593/50 385/594/50
f 385/594/50 390/593/50 389/595/50
f 385/594/50 389/595/50 386/596/50
f 386/596/50 389/595/50 388/597/50
f 386/596/50 388/597/50 387/598/50
f 394/585/50 404/584/50 395/599/50
f 395/599/50 404/584/50 403/600/50
f 395/599/50 403/600/50 396/601/50
f 396/601/50 403/600/50 402/602/50
f 396/601/50 402/602/50 397/603/50
f 397/603/50 402/602/50 401/604/50
f 397/603/50 401/604/50 398/605/50
f 398/605/50 401/604/50 400/606/50
f 398/605/50 400/606/50 399/607/50
f 406/535/209 334/536/209 405/537/210
f 405/537/210 334/536/209 333/538/210
f 405/539/211 333/540/211 428/541/212
f 428/541/212 333/540/211 356/542/212
f 428/541/213 356/542/213 427/543/214
f 427/543/214 356/542/213 355/544/214
f 427/543/215 355/544/215 426/545/260
f 426/545/216 355/544/215 354/546/216
f 426/545/217 354/546/217 425/547/218
f 425/547/218 354/546/217 353/548/218
f 425/547/219 353/548/219 424/549/220
f 424/549/220 353/548/219 352/550/220
f 424/549/221 352/550/221 423/551/222
f 423/551/222 352/550/221 351/552/222
f 423/551/223 351/552/223 422/553/224
f 422/553/224 351/552/223 350/554/224
f 422/553/225 350/554/225 421/555/226
f 421/555/226 350/554/225 349/556/226
f 421/555/227 349/556/227 420/557/228
f 420/557/228 349/556/227 348/558/228
f 420/557/229 348/558/229 419/559/230
f 419/559/230 348/558/229 347/560/230
f 419/559/231 347/560/231 418/561/232
f 418/561/232 347/560/231 346/562/232
f 418/561/235 346/562/235 417/563/234
f 417/563/234 346/562/235 345/224/234
f 417/563/236 345/224/236 416/564/237
f 416/564/237 345/224/236 344/565/237
f 416/564/239 344/565/239 415/566/240
f 415/566/240 344/565/239 343/567/240
f 415/566/241 343/567/241 414/568/242
f 414/568/242 343/567/241 342/569/242
f 414/568/243 342/569/243 413/570/244
f 413/570/244 342/569/245 341/571/244
f 413/570/246 341/571/246 412/572/247
f 412/572/247 341/571/246 340/573/247
f 412/572/248 340/573/248 411/574/249
f 411/574/249 340/573/248 339/575/249
f 411/574/250 339/575/250 410/576/251
f 410/576/251 339/575/250 338/577/251
f 410/576/252 338/577/252 409/578/253
f 409/578/253 338/577/252 337/579/253
f 409/578/254 337/579/254 408/580/255
f 408/580/255 337/579/254 336/581/255
f 408/580/256 336/581/256 407/582/257
f 407/582/257 336/581/256 335/583/257
f 407/582/258 335/583/258 406/535/259
f 406/535/259 335/583/258 334/536/259
f 428/584/50 418/585/50 405/586/50
f 405/586/50 418/585/50 417/587/50
f 405/586/50 417/587/50 406/588/50
f 406/588/50 417/587/50 416/589/50
f 406/588/50 416/589/50 407/590/50
f 407/590/50 416/589/50 415/591/50
f 407/590/50 415/591/50 408/592/50
f 408/592/50 415/591/50 414/593/50
f 408/592/50 414/593/50 409/594/50
f 409/594/50 414/593/50 413/595/50
f 409/594/50 413/595/50 410/596/50
f 410/596/50 413/595/50 412/597/50
f 410/596/50 412/597/50 411/598/50
f 418/585/50 428/584/50 419/599/50
f 419/599/50 428/584/50 427/600/50
f 419/599/50 427/600/50 420/601/50
f 420/601/50 427/600/50 426/602/50
f 420/601/50 426/602/50 421/603/50
f 421/603/50 426/602/50 425/604/50
f 421/603/50 425/604/50 422/605/50
f 422/605/50 425/604/50 424/606/50
f 422/605/50 424/606/50 423/607/50
f 430/535/209 310/536/209 429/537/210
f 429/537/210 310/536/209 309/538/210
f 429/539/211 309/540/211 452/541/212
f 452/541/212 309/540/211 332/542/212
f 452/541/213 332/542/213 451/543/214
f 451/543/214 332/542/213 331/544/214
f 451/543/215 331/544/215 450/545/216
f 450/545/216 331/544/215 330/546/216
f 450/545/217 330/546/217 449/547/218
f 449/547/218 330/546/217 329/548/218
f 449/547/219 329/548/219 448/549/220
f 448/549/220 329/548/219 328/550/220
f 448/549/221 328/550/221 447/551/222
f 447/551/222 328/550/261 327/552/222
f 447/551/223 327/552/223 446/553/262
f 446/553/224 327/552/223 326/554/224
f 446/553/225 326/554/225 445/555/226
f 445/555/226 326/554/225 325/556/226
f 445/555/227 325/556/227 444/557/229
f 444/557/228 325/556/227 324/558/228
f 444/557/229 324/558/229 443/559/230
f 443/559/230 324/558/229 323/560/230
f 443/559/231 323/560/231 442/561/232
f 442/561/232 323/560/231 322/562/232
f 442/561/233 322/562/233 441/563/234
f 441/563/234 322/562/233 321/224/234
f 441/563/236 321/224/236 440/564/238
f 440/564/238 321/224/236 320/565/238
f 440/564/239 320/565/239 439/566/240
f 439/566/240 320/565/239 319/567/240
f 439/566/241 319/567/241 438/568/263
f 438/568/263 319/567/241 318/569/263
f 438/568/243 318/569/243 437/570/244
f 437/570/244 318/569/243 317/571/244
f 437/570/246 317/571/246 436/572/247
f 436/572/247 317/571/246 316/573/247
f 436/572/248 316/573/248 435/574/249
f 435/574/249 316/573/248 315/575/249
f 435/574/250 315/575/250 434/576/251
f 434/576/251 315/575/250 314/577/251
f 434/576/252 314/577/252 433/578/253
f 433/578/253 314/577/252 313/579/253
f 433/578/254 313/579/254 432/580/264
f 432/580/264 313/579/254 312/581/264
f 432/580/265 312/581/265 431/582/257
f 431/582/257 312/581/265 311/583/257
f 431/582/258 311/583/258 430/535/259
f 430/535/259 311/583/258 310/536/259
f 452/584/50 442/585/50 429/586/50
f 429/586/50 442/585/50 441/587/50
f 429/586/50 441/587/50 430/588/50
f 430/588/50 441/587/50 440/589/50
f 430/588/50 440/589/50 431/590/50
f 431/590/50 440/589/50 439/591/50
f 431/590/50 439/591/50 432/592/50
f 432/592/50 439/591/50 438/593/50
f 432/592/50 438/593/50 433/594/50
f 433/594/50 438/593/50 437/595/50
f 433/594/50 437/595/50 434/596/50
f 434/596/50 437/595/50 436/597/50
f 434/596/50 436/597/50 435/598/50
f 442/585/50 452/584/50 443/599/50
f 443/599/50 452/584/50 451/600/50
f 443/599/50 451/600/50 444/601/50
f 444/601/50 451/600/50 450/602/50
f 444/601/50 450/602/50 445/603/50
f 445/603/50 450/602/50 449/604/50
f 445/603/50 449/604/50 446/605/50
f 446/605/50 449/604/50 448/606/50
f 446/605/50 448/606/50 447/607/50
f 454/535/209 286/536/209 453/537/210
f 453/537/210 286/536/209 285/538/210
f 453/539/211 285/540/211 476/541/212
f 476/541/212 285/540/211 308/542/212
f 476/541/213 308/542/213 475/543/214
f 475/543/214 308/542/213 307/544/214
f 475/543/215 307/544/215 474/545/260
f 474/545/216 307/544/215 306/546/216
f 474/545/217 306/546/217 473/547/218
f 473/547/218 306/546/217 305/548/218
f 473/547/219 305/548/219 472/549/220
f 472/549/220 305/548/219 304/550/220
f 472/549/221 304/550/221 471/551/222
f 471/551/222 304/550/261 303/552/222
f 471/551/223 303/552/223 470/553/262
f 470/553/224 303/552/223 302/554/224
f 470/553/225 302/554/225 469/555/226
f 469/555/226 302/554/225 301/556/226
f 469/555/227 301/556/227 468/557/229
f 468/557/228 301/556/227 300/558/228
f 468/557/229 300/558/229 467/559/230
f 467/559/230 300/558/229 299/560/230
f 467/559/231 299/560/231 466/561/232
f 466/561/232 299/560/231 298/562/232
f 466/561/235 298/562/235 465/563/234
f 465/563/234 298/562/235 297/224/234
f 465/563/236 297/224/236 464/564/237
f 464/564/237 297/224/236 296/565/237
f 464/564/239 296/565/239 463/566/240
f 463/566/240 296/565/239 295/567/240
f 463/566/241 295/567/241 462/568/263
f 462/568/263 295/567/241 294/569/263
f 462/568/243 294/569/243 461/570/244
f 461/570/244 294/569/243 293/571/244
f 461/570/246 293/571/246 460/572/247
f 460/572/247 293/571/246 292/573/247
f 460/572/248 292/573/248 459/574/249
f 459/574/249 292/573/248 291/575/249
f 459/574/250 291/575/250 458/576/251
f 458/576/251 291/575/250 290/577/251
f 458/576/252 290/577/252 457/578/253
f 457/578/253 290/577/252 289/579/253
f 457/578/254 289/579/254 456/580/264
f 456/580/264 289/579/254 288/581/264
f 456/580/265 288/581/265 455/582/257
f 455/582/257 288/581/265 287/583/257
f 455/582/258 287/583/258 454/535/259
f 454/535/259 287/583/258 286/536/259
f 476/584/50 466/585/50 453/586/50
f 453/586/50 466/585/50 465/587/50
f 453/586/50 465/587/50 454/588/50
f 454/588/50 465/587/50 464/589/50
f 454/588/50 464/589/50 455/590/50
f 455/590/50 464/589/50 463/591/50
f 455/590/50 463/591/50 456/592/50
f 456/592/50 463/591/50 462/593/50
f 456/592/208 462/593/208 457/594/208
f 457/594/50 462/593/50 461/595/50
f 457/594/50 461/595/50 458/596/50
f 458/596/50 461/595/50 460/597/50
f 458/596/50 460/597/50 459/598/50
f 466/585/50 476/584/50 467/599/50
f 467/599/50 476/584/50 475/600/50
f 467/599/50 475/600/50 468/601/50
f 468/601/50 475/600/50 474/602/50
f 468/601/266 474/602/266 469/603/266
f 469/603/50 474/602/50 473/604/50
f 469/603/50 473/604/50 470/605/50
f 470/605/50 473/604/50 472/606/50
f 470/605/50 472/606/50 471/607/50
f 478/535/237 524/536/237 477/537/236
f 477/537/236 524/536/237 501/538/236
f 477/539/234 501/540/234 500/541/235
f 500/541/235 501/540/234 502/608/235
f 500/541/232 502/608/232 499/543/231
f 499/543/231 502/608/232 503/544/231
f 499/543/230 503/544/230 498/545/229
f 498/545/229 503/544/230 504/546/229
f 498/545/228 504/546/228 497/547/227
f 497/547/227 504/546/228 505/548/227
f 497/547/226 505/548/226 496/549/225
f 496/549/225 505/548/226 506/550/225
f 496/549/224 506/550/224 495/551/223
f 495/551/223 506/550/224 507/552/223
f 495/551/222 507/552/222 494/553/221
f 494/553/221 507/552/222 508/554/221
f 494/553/220 508/554/220 493/555/219
f 493/555/219 508/554/220 509/556/219
f 493/555/218 509/556/218 492/557/217
f 492/557/217 509/556/218 510/558/217
f 492/557/260 510/558/260 491/559/215
f 491/559/215 510/558/216 511/560/215
f 491/559/214 511/560/214 490/561/213
f 490/561/213 511/560/214 512/562/213
f 490/561/212 512/562/212 489/563/211
f 489/563/211 512/562/212 513/224/211
f 489/563/210 513/224/210 488/564/209
f 488/564/209 513/224/210 514/565/209
f 488/564/259 514/565/259 487/566/258
f 487/566/258 514/565/259 515/567/258
f 487/566/257 515/567/257 486/568/256
f 486/568/256 515/567/257 516/569/256
f 486/568/255 516/569/255 485/570/254
f 485/570/254 516/569/255 517/571/254
f 485/570/253 517/571/253 484/572/252
f 484/572/252 517/571/253 518/573/252
f 484/572/251 518/573/251 483/574/250
f 483/574/250 518/573/251 519/575/250
f 483/574/249 519/575/249 482/576/248
f 482/576/248 519/575/249 520/577/248
f 482/576/247 520/577/247 481/578/246
f 481/578/246 520/577/247 521/579/246
f 481/578/244 521/579/244 480/580/245
f 480/580/243 521/579/244 522/581/243
f 480/580/242 522/581/242 479/582/241
f 479/582/241 522/581/242 523/583/241
f 479/582/240 523/583/240 478/535/239
f 478/535/239 523/583/240 524/536/239
f 500/584/48 490/585/48 477/586/48
f 477/586/48 490/585/48 489/587/48
f 477/586/48 489/587/48 478/588/48
f 478/588/48 489/587/48 488/589/48
f 478/588/48 488/589/48 479/590/48
f 479/590/48 488/589/48 487/591/48
f 479/590/48 487/591/48 480/592/48
f 480/592/48 487/591/48 486/593/48
f 480/592/48 486/593/48 481/594/48
f 481/594/48 486/593/48 485/595/48
f 481/594/48 485/595/48 482/596/48
f 482/596/48 485/595/48 484/597/48
f 482/596/48 484/597/48 483/598/48
f 490/585/48 500/584/48 491/599/48
f 491/599/48 500/584/48 499/600/48
f 491/599/48 499/600/48 492/601/48
f 492/601/48 499/600/48 498/602/48
f 492/601/48 498/602/48 493/603/48
f 493/603/48 498/602/48 497/604/48
f 493/603/48 497/604/48 494/605/48
f 494/605/48 497/604/48 496/606/48
f 494/605/48 496/606/48 495/607/48
f 526/535/238 572/536/238 525/537/236
f 525/537/236 572/536/237 549/538/236
f 525/539/234 549/540/234 548/541/235
f 548/541/233 549/540/234 550/608/233
f 548/541/232 550/608/232 547/543/231
f 547/543/231 550/608/232 551/544/231
f 547/543/230 551/544/230 546/545/229
f 546/545/229 551/544/230 552/546/229
f 546/545/228 552/546/228 545/547/227
f 545/547/227 552/546/228 553/548/227
f 545/547/226 553/548/226 544/549/225
f 544/549/225 553/548/226 554/550/225
f 544/549/224 554/550/224 543/551/223
f 543/551/223 554/550/224 555/552/223
f 543/551/222 555/552/222 542/553/221
f 542/553/221 555/552/222 556/554/221
f 542/553/220 556/554/220 541/555/219
f 541/555/219 556/554/220 557/556/219
f 541/555/218 557/556/218 540/557/217
f 540/557/217 557/556/218 558/558/217
f 540/557/216 558/558/216 539/559/215
f 539/559/215 558/558/216 559/560/215
f 539/559/214 559/560/214 538/561/213
f 538/561/213 559/560/214 560/562/213
f 538/561/212 560/562/212 537/563/211
f 537/563/211 560/562/212 561/224/211
f 537/563/210 561/224/210 536/564/209
f 536/564/209 561/224/210 562/565/209
f 536/564/259 562/565/259 535/566/258
f 535/566/258 562/565/259 563/567/258
f 535/566/257 563/567/257 534/568/256
f 534/568/256 563/567/257 564/569/256
f 534/568/255 564/569/255 533/570/254
f 533/570/254 564/569/255 565/571/254
f 533/570/253 565/571/253 532/572/252
f 532/572/252 565/571/253 566/573/252
f 532/572/251 566/573/251 531/574/250
f 531/574/250 566/573/251 567/575/250
f 531/574/249 567/575/249 530/576/248
f 530/576/248 567/575/249 568/577/248
f 530/576/247 568/577/247 529/578/246
f 529/578/246 568/577/247 569/579/246
f 529/578/244 569/579/244 528/580/245
f 528/580/243 569/579/244 570/581/243
f 528/580/242 570/581/242 527/582/241
f 527/582/241 570/581/242 571/583/241
f 527/582/240 571/583/240 526/535/239
f 526/535/239 571/583/240 572/536/239
f 548/584/48 538/585/48 525/586/48
f 525/586/48 538/585/48 537/587/48
f 525/586/48 537/587/48 526/588/48
f 526/588/48 537/587/48 536/589/48
f 526/588/48 536/589/48 527/590/48
f 527/590/48 536/589/48 535/591/48
f 527/590/48 535/591/48 528/592/48
f 528/592/48 535/591/48 534/593/48
f 528/592/48 534/593/48 529/594/48
f 529/594/48 534/593/48 533/595/48
f 529/594/48 533/595/48 530/596/48
f 530/596/48 533/595/48 532/597/48
f 530/596/48 532/597/48 531/598/48
f 538/585/48 548/584/48 539/599/48
f 539/599/48 548/584/48 547/600/48
f 539/599/48 547/600/48 540/601/48
f 540/601/48 547/600/48 546/602/48
f 540/601/48 546/602/48 541/603/48
f 541/603/48 546/602/48 545/604/48
f 541/603/48 545/604/48 542/605/48
f 542/605/48 545/604/48 544/606/48
f 542/605/48 544/606/48 543/607/48
f 574/535/237 620/536/237 573/537/236
f 573/537/236 620/536/237 597/538/236
f 573/539/234 597/540/234 596/541/235
f 596/541/235 597/540/234 598/608/235
f 596/541/232 598/608/232 595/543/231
f 595/543/231 598/608/232 599/544/231
f 595/543/230 599/544/230 594/545/229
f 594/545/229 599/544/230 600/546/229
f 594/545/228 600/546/228 593/547/227
f 593/547/227 600/546/229 601/548/227
f 593/547/226 601/548/226 592/549/225
f 592/549/225 601/548/226 602/550/225
f 592/549/224 602/550/224 591/551/223
f 591/551/223 602/550/262 603/552/223
f 591/551/222 603/552/222 590/553/261
f 590/553/221 603/552/222 604/554/221
f 590/553/220 604/554/220 589/555/219
f 589/555/219 604/554/220 605/556/219
f 589/555/218 605/556/218 588/557/217
f 588/557/217 605/556/218 606/558/217
f 588/557/260 606/558/260 587/559/215
f 587/559/215 606/558/216 607/560/215
f 587/559/214 607/560/214 586/561/213
f 586/561/213 607/560/214 608/562/213
f 586/561/212 608/562/212 585/563/211
f 585/563/211 608/562/212 609/224/211
f 585/563/210 609/224/210 584/564/209
f 584/564/209 609/224/210 610/565/209
f 584/564/259 610/565/259 583/566/258
f 583/566/258 610/565/259 611/567/258
f 583/566/257 611/567/257 582/568/265
f 582/568/265 611/567/257 612/569/265
f 582/568/264 612/569/264 581/570/254
f 581/570/254 612/569/264 613/571/254
f 581/570/253 613/571/253 580/572/252
f 580/572/252 613/571/253 614/573/252
f 580/572/251 614/573/251 579/574/250
f 579/574/250 614/573/251 615/575/250
f 579/574/249 615/575/249 578/576/248
f 578/576/248 615/575/249 616/577/248
f 578/576/247 616/577/247 577/578/246
f 577/578/246 616/577/247 617/579/246
f 577/578/244 617/579/244 576/580/243
f 576/580/243 617/579/244 618/581/243
f 576/580/263 618/581/263 575/582/241
f 575/582/241 618/581/263 619/583/241
f 575/582/240 619/583/240 574/535/239
f 574/535/239 619/583/240 620/536/239
f 596/584/48 586/585/48 573/586/48
f 573/586/48 586/585/48 585/587/48
f 573/586/48 585/587/48 574/588/48
f 574/588/48 585/587/48 584/589/48
f 574/588/48 584/589/48 575/590/48
f 575/590/48 584/589/48 583/591/48
f 575/590/48 583/591/48 576/592/48
f 576/592/48 583/591/48 582/593/48
f 576/592/48 582/593/48 577/594/48
f 577/594/48 582/593/48 581/595/48
f 577/594/48 581/595/48 578/596/48
f 578/596/48 581/595/48 580/597/48
f 578/596/48 580/597/48 579/598/48
f 586/585/48 596/584/48 587/599/48
f 587/599/48 596/584/48 595/600/48
f 587/599/48 595/600/48 588/601/48
f 588/601/48 595/600/48 594/602/48
f 588/601/48 594/602/48 589/603/48
f 589/603/48 594/602/48 593/604/48
f 589/603/48 593/604/48 590/605/48
f 590/605/48 593/604/48 592/606/48
f 590/605/48 592/606/48 591/607/48
f 622/535/238 668/536/238 621/537/236
f 621/537/236 668/536/238 645/538/236
f 621/539/234 645/540/234 644/541/233
f 644/541/233 645/540/234 646/608/233
f 644/541/232 646/608/232 643/543/231
f 643/543/231 646/608/232 647/544/231
f 643/543/230 647/544/230 642/545/229
f 642/545/229 647/544/230 648/546/229
f 642/545/228 648/546/228 641/547/227
f 641/547/227 648/546/229 649/548/227
f 641/547/226 649/548/226 640/549/225
f 640/549/225 649/548/226 650/550/225
f 640/549/224 650/550/224 639/551/223
f 639/551/223 650/550/262 651/552/223
f 639/551/222 651/552/222 638/553/261
f 638/553/221 651/552/222 652/554/221
f 638/553/220 652/554/220 637/555/219
f 637/555/219 652/554/220 653/556/219
f 637/555/218 653/556/218 636/557/217
f 636/557/217 653/556/218 654/558/217
f 636/557/216 654/558/216 635/559/215
f 635/559/215 654/558/216 655/560/215
f 635/559/214 655/560/214 634/561/213
f 634/561/213 655/560/214 656/562/213
f 634/561/212 656/562/212 633/563/211
f 633/563/211 656/562/212 657/224/211
f 633/563/210 657/224/210 632/564/209
f 632/564/209 657/224/210 658/565/209
f 632/564/259 658/565/259 631/566/258
f 631/566/258 658/565/259 659/567/258
f 631/566/257 659/567/257 630/568/265
f 630/568/265 659/567/257 660/569/265
f 630/568/264 660/569/264 629/570/254
f 629/570/254 660/569/264 661/571/254
f 629/570/253 661/571/253 628/572/252
f 628/572/252 661/571/253 662/573/252
f 628/572/251 662/573/251 627/574/250
f 627/574/250 662/573/251 663/575/250
f 627/574/249 663/575/249 626/576/248
f 626/576/248 663/575/249 664/577/248
f 626/576/247 664/577/247 625/578/246
f 625/578/246 664/577/247 665/579/246
f 625/578/244 665/579/244 624/580/243
f 624/580/243 665/579/244 666/581/243
f 624/580/263 666/581/263 623/582/241
f 623/582/241 666/581/263 667/583/241
f 623/582/240 667/583/240 622/535/239
f 622/535/239 667/583/240 668/536/239
f 644/584/48 634/585/48 621/586/48
f 621/586/48 634/585/48 633/587/48
f 621/586/48 633/587/48 622/588/48
f 622/588/48 633/587/48 632/589/48
f 622/588/48 632/589/48 623/590/48
f 623/590/48 632/589/48 631/591/48
f 623/590/48 631/591/48 624/592/48
f 624/592/48 631/591/48 630/593/48
f 624/592/48 630/593/48 625/594/48
f 625/594/48 630/593/48 629/595/48
f 625/594/48 629/595/48 626/596/48
f 626/596/48 629/595/48 628/597/48
f 626/596/48 628/597/48 627/598/48
f 634/585/48 644/584/48 635/599/48
f 635/599/48 644/584/48 643/600/48
f 635/599/48 643/600/48 636/601/48
f 636/601/48 643/600/48 642/602/48
f 636/601/48 642/602/48 637/603/48
f 637/603/48 642/602/48 641/604/48
f 637/603/48 641/604/48 638/605/48
f 638/605/48 641/604/48 640/606/48
f 638/605/48 640/606/48 639/607/48
f 120/609/267 694/610/267 97/611/268
f 97/611/268 694/610/267 693/612/268
f 97/613/269 693/614/269 98/615/270
f 98/615/270 693/614/269 716/616/270
f 98/615/271 716/616/271 99/617/272
f 99/617/273 716/616/271 715/618/273
f 99/617/274 715/618/274 100/619/275
f 100/619/276 715/618/274 714/620/276
f 100/619/277 714/620/277 101/621/278
f 101/621/278 714/620/275 713/622/278
f 101/621/279 713/622/279 102/623/280
f 102/623/280 713/622/279 712/624/280
f 102/623/281 712/624/281 103/625/282
f 103/625/282 712/624/281 711/626/282
f 103/625/283 711/626/283 104/627/284
f 104/627/284 711/626/283 710/628/284
f 104/627/285 710/628/285 105/629/286
f 105/629/286 710/628/285 709/630/286
f 105/629/287 709/630/287 106/631/288
f 106/631/288 709/630/287 708/632/288
f 106/631/289 708/632/289 107/633/290
f 107/633/290 708/632/291 707/634/290
f 107/633/292 707/634/292 108/635/293
f 108/635/293 707/634/294 706/636/293
f 108/635/295 706/636/295 109/637/48
f 109/637/296 706/636/297 705/638/296
f 109/637/298 705/638/298 110/639/299
f 110/639/300 705/638/48 704/640/300
f 110/639/301 704/640/301 111/641/302
f 111/641/303 704/640/301 703/642/303
f 111/641/302 703/642/302 112/643/304
f 112/643/305 703/642/306 702/644/305
f 112/643/307 702/644/307 113/645/308
f 113/645/308 702/644/307 701/646/308
f 113/645/309 701/646/309 114/647/310
f 114/647/310 701/646/309 700/648/310
f 114/647/311 700/648/311 115/649/125
f 115/649/125 700/648/312 699/650/125
f 115/649/126 699/650/126 116/651/313
f 116/651/314 699/650/51 698/652/314
f 116/651/315 698/652/315 117/653/316
f 117/653/316 698/652/315 697/654/316
f 117/653/317 697/654/317 118/655/318
f 118/655/319 697/654/317 696/656/319
f 118/655/320 696/656/320 119/657/321
f 119/657/322 696/656/318 695/658/322
f 119/657/321 695/658/321 120/609/323
f 120/609/323 695/658/324 694/610/323
f 670/535/270 716/616/270 669/537/269
f 669/537/269 716/616/325 693/614/269
f 669/539/268 693/612/268 692/541/326
f 692/541/267 693/612/268 694/610/267
f 692/541/323 694/610/323 691/543/324
f 691/543/321 694/610/323 695/658/321
f 691/543/321 695/658/321 690/545/320
f 690/545/320 695/658/321 696/656/320
f 690/545/319 696/656/319 689/547/317
f 689/547/317 696/656/319 697/654/317
f 689/547/316 697/654/316 688/549/315
f 688/549/315 697/654/316 698/652/315
f 688/549/314 698/652/314 687/551/126
f 687/551/126 698/652/313 699/650/126
f 687/551/125 699/650/125 686/553/312
f 686/553/311 699/650/51 700/648/311
f 686/553/310 700/648/310 685/555/309
f 685/555/309 700/648/310 701/646/309
f 685/555/308 701/646/308 684/557/305
f 684/557/327 701/646/308 702/644/327
f 684/557/304 702/644/304 683/559/302
f 683/559/302 702/644/304 703/642/302
f 683/559/303 703/642/303 682/561/301
f 682/561/301 703/642/302 704/640/301
f 682/561/299 704/640/299 681/563/298
f 681/563/298 704/640/299 705/638/298
f 681/563/296 705/638/296 680/564/297
f 680/564/297 705/638/296 706/636/297
f 680/564/293 706/636/293 679/566/294
f 679/566/292 706/636/293 707/634/292
f 679/566/290 707/634/290 678/568/291
f 678/568/291 707/634/290 708/632/291
f 678/568/328 708/632/328 677/570/287
f 677/570/287 708/632/289 709/630/287
f 677/570/286 709/630/286 676/572/285
f 676/572/285 709/630/286 710/628/285
f 676/572/284 710/628/284 675/574/283
f 675/574/283 710/628/284 711/626/283
f 675/574/282 711/626/282 674/576/281
f 674/576/281 711/626/282 712/624/281
f 674/576/280 712/624/280 673/578/279
f 673/578/279 712/624/280 713/622/279
f 673/578/278 713/622/278 672/580/277
f 672/580/277 713/622/278 714/620/277
f 672/580/276 714/620/276 671/582/274
f 671/582/274 714/620/276 715/618/274
f 671/582/273 715/618/273 670/535/271
f 670/535/271 715/618/272 716/616/271
f 692/584/47 682/585/47 669/586/47
f 669/586/47 682/585/47 681/587/47
f 669/586/47 681/587/47 670/588/47
f 670/588/47 681/587/47 680/589/47
f 670/588/47 680/589/47 671/590/47
f 671/590/47 680/589/47 679/591/47
f 671/590/47 679/591/47 672/592/47
f 672/592/47 679/591/47 678/593/47
f 672/592/47 678/593/47 673/594/47
f 673/594/47 678/593/47 677/595/47
f 673/594/47 677/595/47 674/596/47
f 674/596/47 677/595/47 676/597/47
f 674/596/47 676/597/47 675/598/47
f 682/585/47 692/584/47 683/599/47
f 683/599/47 692/584/47 691/600/47
f 683/599/47 691/600/47 684/601/47
f 684/601/47 691/600/47 690/602/47
f 684/601/47 690/602/47 685/603/47
f 685/603/47 690/602/47 689/604/47
f 685/603/47 689/604/47 686/605/47
f 686/605/47 689/604/47 688/606/47
f 686/605/47 688/606/47 687/607/47
f 72/609/329 742/610/329 49/611/50
f 49/611/268 742/610/326 741/612/268
f 49/613/269 741/614/269 50/615/325
f 50/615/330 741/614/50 764/616/330
f 50/615/271 764/616/271 51/617/272
f 51/617/273 764/616/331 763/618/273
f 51/617/273 763/618/273 52/619/332
f 52/619/275 763/618/274 762/620/275
f 52/619/275 762/620/275 53/621/278
f 53/621/333 762/620/277 761/622/333
f 53/621/279 761/622/279 54/623/280
f 54/623/280 761/622/279 760/624/280
f 54/623/281 760/624/281 55/625/282
f 55/625/282 760/624/281 759/626/282
f 55/625/283 759/626/283 56/627/334
f 56/627/334 759/626/283 758/628/334
f 56/627/285 758/628/285 57/629/286
f 57/629/286 758/628/285 757/630/286
f 57/629/287 757/630/287 58/631/288
f 58/631/288 757/630/287 756/632/288
f 58/631/289 756/632/289 59/633/290
f 59/633/294 756/632/335 755/634/294
f 59/633/294 755/634/294 60/635/293
f 60/635/293 755/634/294 754/636/293
f 60/635/295 754/636/295 61/637/48
f 61/637/296 754/636/297 753/638/296
f 61/637/298 753/638/298 62/639/299
f 62/639/300 753/638/48 752/640/300
f 62/639/301 752/640/301 63/641/302
f 63/641/302 752/640/301 751/642/302
f 63/641/302 751/642/302 64/643/304
f 64/643/305 751/642/306 750/644/305
f 64/643/307 750/644/307 65/645/308
f 65/645/308 750/644/307 749/646/308
f 65/645/309 749/646/309 66/647/310
f 66/647/310 749/646/309 748/648/310
f 66/647/312 748/648/312 67/649/125
f 67/649/125 748/648/312 747/650/125
f 67/649/51 747/650/51 68/651/314
f 68/651/313 747/650/126 746/652/313
f 68/651/315 746/652/315 69/653/316
f 69/653/316 746/652/315 745/654/316
f 69/653/336 745/654/336 70/655/319
f 70/655/318 745/654/317 744/656/318
f 70/655/318 744/656/318 71/657/322
f 71/657/321 744/656/320 743/658/321
f 71/657/321 743/658/321 72/609/337
f 72/609/323 743/658/324 742/610/323
f 718/535/330 764/616/330 717/537/50
f 717/537/269 764/616/325 741/614/269
f 717/539/268 741/612/268 740/541/326
f 740/541/329 741/612/50 742/610/329
f 740/541/337 742/610/337 739/543/321
f 739/543/324 742/610/323 743/658/324
f 739/543/322 743/658/322 738/545/318
f 738/545/320 743/658/321 744/656/320
f 738/545/319 744/656/319 737/547/336
f 737/547/317 744/656/318 745/654/317
f 737/547/316 745/654/316 736/549/315
f 736/549/315 745/654/316 746/652/315
f 736/549/313 746/652/313 735/551/126
f 735/551/51 746/652/314 747/650/51
f 735/551/125 747/650/125 734/553/312
f 734/553/312 747/650/125 748/648/312
f 734/553/310 748/648/310 733/555/309
f 733/555/309 748/648/310 749/646/309
f 733/555/338 749/646/338 732/557/327
f 732/557/305 749/646/308 750/644/305
f 732/557/305 750/644/305 731/559/306
f 731/559/306 750/644/305 751/642/306
f 731/559/302 751/642/302 730/561/301
f 730/561/299 751/642/303 752/640/299
f 730/561/299 752/640/299 729/563/298
f 729/563/48 752/640/300 753/638/48
f 729/563/48 753/638/48 728/564/295
f 728/564/297 753/638/296 754/636/297
f 728/564/297 754/636/297 727/566/292
f 727/566/294 754/636/293 755/634/294
f 727/566/290 755/634/290 726/568/289
f 726/568/289 755/634/290 756/632/289
f 726/568/289 756/632/289 725/570/287
f 725/570/339 756/632/328 757/630/339
f 725/570/286 757/630/286 724/572/285
f 724/572/285 757/630/286 758/628/285
f 724/572/334 758/628/334 723/574/283
f 723/574/283 758/628/334 759/626/283
f 723/574/282 759/626/282 722/576/281
f 722/576/281 759/626/282 760/624/281
f 722/576/280 760/624/280 721/578/279
f 721/578/279 760/624/280 761/622/279
f 721/578/278 761/622/278 720/580/275
f 720/580/277 761/622/333 762/620/277
f 720/580/332 762/620/332 719/582/273
f 719/582/274 762/620/275 763/618/274
f 719/582/272 763/618/272 718/535/271
f 718/535/331 763/618/273 764/616/331
f 740/584/47 730/585/47 717/586/47
f 717/586/47 730/585/47 729/587/47
f 717/586/47 729/587/47 718/588/47
f 718/588/47 729/587/47 728/589/47
f 718/588/47 728/589/47 719/590/47
f 719/590/47 728/589/47 727/591/47
f 719/590/47 727/591/47 720/592/47
f 720/592/47 727/591/47 726/593/47
f 720/592/47 726/593/47 721/594/47
f 721/594/47 726/593/47 725/595/47
f 721/594/47 725/595/47 722/596/47
f 722/596/47 725/595/47 724/597/47
f 722/596/47 724/597/47 723/598/47
f 730/585/47 740/584/47 731/599/47
f 731/599/47 740/584/47 739/600/47
f 731/599/47 739/600/47 732/601/47
f 732/601/47 739/600/47 738/602/47
f 732/601/47 738/602/47 733/603/47
f 733/603/47 738/602/47 737/604/47
f 733/603/47 737/604/47 734/605/47
f 734/605/47 737/604/47 736/606/47
f 734/605/47 736/606/47 735/607/47
f 96/659/326 790/660/326 73/661/268
f 73/661/268 790/660/326 789/662/268
f 73/663/269 789/664/269 74/665/325
f 74/665/325 789/664/269 812/666/325
f 74/665/271 812/666/271 75/667/272
f 75/667/272 812/666/271 811/668/272
f 75/667/274 811/668/274 76/669/332
f 76/669/332 811/668/274 810/670/332
f 76/669/275 810/670/275 77/617/278
f 77/617/333 810/670/277 809/671/333
f 77/617/279 809/671/279 78/672/280
f 78/672/280 809/671/279 808/673/280
f 78/672/281 808/673/281 79/674/282
f 79/674/282 808/673/281 807/675/282
f 79/674/283 807/675/283 80/676/284
f 80/676/284 807/675/283 806/677/284
f 80/676/285 806/677/285 81/627/286
f 81/627/286 806/677/285 805/678/286
f 81/627/339 805/678/339 82/679/328
f 82/679/289 805/678/287 804/680/289
f 82/679/335 804/680/335 83/681/294
f 83/681/290 804/680/289 803/682/290
f 83/681/292 803/682/292 84/683/293
f 84/683/293 803/682/292 802/684/293
f 84/683/297 802/684/297 85/637/296
f 85/637/296 802/684/340 801/685/296
f 85/637/298 801/685/298 86/686/341
f 86/686/299 801/685/298 800/687/299
f 86/686/301 800/687/301 87/688/303
f 87/688/303 800/687/301 799/689/303
f 87/688/306 799/689/306 88/690/305
f 88/690/304 799/689/306 798/691/304
f 88/690/307 798/691/307 89/647/308
f 89/647/308 798/691/307 797/692/308
f 89/647/309 797/692/309 90/693/310
f 90/693/310 797/692/309 796/694/310
f 90/693/312 796/694/312 91/695/125
f 91/695/125 796/694/312 795/696/125
f 91/695/126 795/696/126 92/697/313
f 92/697/313 795/696/126 794/698/313
f 92/697/315 794/698/315 93/657/316
f 93/657/316 794/698/315 793/699/316
f 93/657/317 793/699/317 94/700/342
f 94/700/342 793/699/317 792/701/342
f 94/700/343 792/701/343 95/702/322
f 95/702/322 792/701/343 791/703/322
f 95/702/324 791/703/324 96/659/323
f 96/659/323 791/703/324 790/660/323
f 766/704/330 812/666/330 765/705/50
f 765/705/269 812/666/325 789/664/269
f 765/706/268 789/662/268 788/707/326
f 788/707/329 789/662/268 790/660/329
f 788/707/323 790/660/337 787/708/324
f 787/708/324 790/660/323 791/703/324
f 787/708/322 791/703/322 786/709/343
f 786/709/343 791/703/322 792/701/343
f 786/709/342 792/701/342 785/710/317
f 785/710/317 792/701/342 793/699/317
f 785/710/316 793/699/316 784/711/315
f 784/711/315 793/699/316 794/698/315
f 784/711/313 794/698/313 783/712/126
f 783/712/126 794/698/313 795/696/126
f 783/712/125 795/696/125 782/713/312
f 782/713/312 795/696/125 796/694/312
f 782/713/310 796/694/310 781/714/309
f 781/714/309 796/694/310 797/692/309
f 781/714/308 797/692/308 780/715/307
f 780/715/307 797/692/308 798/691/307
f 780/715/304 798/691/304 779/716/306
f 779/716/306 798/691/305 799/689/306
f 779/716/303 799/689/303 778/717/301
f 778/717/301 799/689/303 800/687/301
f 778/717/299 800/687/299 777/718/298
f 777/718/298 800/687/341 801/685/298
f 777/718/296 801/685/296 776/719/340
f 776/719/297 801/685/296 802/684/297
f 776/719/293 802/684/293 775/720/292
f 775/720/292 802/684/293 803/682/292
f 775/720/290 803/682/290 774/721/289
f 774/721/335 803/682/294 804/680/335
f 774/721/289 804/680/289 773/722/287
f 773/722/339 804/680/328 805/678/339
f 773/722/286 805/678/286 772/723/285
f 772/723/285 805/678/286 806/677/285
f 772/723/284 806/677/284 771/724/283
f 771/724/283 806/677/284 807/675/283
f 771/724/282 807/675/282 770/725/281
f 770/725/281 807/675/282 808/673/281
f 770/725/280 808/673/280 769/726/279
f 769/726/279 808/673/280 809/671/279
f 769/726/333 809/671/333 768/727/277
f 768/727/275 809/671/278 810/670/275
f 768/727/332 810/670/332 767/728/274
f 767/728/274 810/670/332 811/668/274
f 767/728/272 811/668/272 766/704/271
f 766/704/271 811/668/344 812/666/271
f 788/729/47 778/730/47 765/731/47
f 765/731/47 778/730/47 777/732/47
f 765/731/47 777/732/47 766/733/47
f 766/733/47 777/732/47 776/734/47
f 766/733/47 776/734/47 767/735/47
f 767/735/47 776/734/47 775/736/47
f 767/735/47 775/736/47 768/737/47
f 768/737/47 775/736/47 774/738/47
f 768/737/47 774/738/47 769/739/47
f 769/739/47 774/738/47 773/740/47
f 769/739/47 773/740/47 770/741/47
f 770/741/47 773/740/47 772/742/47
f 770/741/47 772/742/47 771/743/47
f 778/730/47 788/729/47 779/744/47
f 779/744/47 788/729/47 787/745/47
f 779/744/47 787/745/47 780/746/47
f 780/746/47 787/745/47 786/747/47
f 780/746/47 786/747/47 781/748/47
f 781/748/47 786/747/47 785/749/47
f 781/748/47 785/749/47 782/750/47
f 782/750/47 785/749/47 784/751/47
f 782/750/47 784/751/47 783/752/47
f 814/704/340 862/753/340 813/705/296
f 813/705/296 862/753/340 861/754/296
f 813/706/298 861/755/298 836/707/341
f 836/707/341 861/755/298 884/756/341
f 836/707/301 884/756/301 835/708/345
f 835/708/303 884/756/301 883/757/303
f 835/708/306 883/757/306 834/709/305
f 834/709/304 883/757/306 882/758/304
f 834/709/307 882/758/307 833/710/308
f 833/710/308 882/758/307 881/543/308
f 833/710/309 881/543/309 832/711/310
f 832/711/310 881/543/309 880/759/310
f 832/711/312 880/759/312 831/712/125
f 831/712/125 880/759/312 879/760/125
f 831/712/126 879/760/126 830/713/313
f 830/713/313 879/760/126 878/761/313
f 830/713/315 878/761/315 829/714/316
f 829/714/316 878/761/315 877/553/316
f 829/714/317 877/553/317 828/715/342
f 828/715/342 877/553/317 876/762/342
f 828/715/343 876/762/343 827/716/322
f 827/716/322 876/762/343 875/763/322
f 827/716/324 875/763/324 826/717/323
f 826/717/323 875/763/324 874/764/323
f 826/717/329 874/764/329 825/718/268
f 825/718/268 874/764/326 873/563/268
f 825/718/269 873/563/269 824/719/325
f 824/719/330 873/563/50 872/765/330
f 824/719/271 872/765/271 823/720/344
f 823/720/272 872/765/271 871/766/272
f 823/720/274 871/766/274 822/721/332
f 822/721/332 871/766/274 870/767/332
f 822/721/277 870/767/277 821/722/278
f 821/722/278 870/767/277 869/572/278
f 821/722/279 869/572/279 820/723/280
f 820/723/280 869/572/279 868/768/280
f 820/723/281 868/768/281 819/724/282
f 819/724/282 868/768/281 867/769/282
f 819/724/283 867/769/283 818/725/284
f 818/725/284 867/769/283 866/770/284
f 818/725/285 866/770/285 817/726/286
f 817/726/286 866/770/285 865/582/286
f 817/726/287 865/582/287 816/727/328
f 816/727/328 865/582/287 864/771/328
f 816/727/335 864/771/335 815/728/294
f 815/728/290 864/771/289 863/772/290
f 815/728/292 863/772/292 814/704/293
f 814/704/293 863/772/294 862/753/293
f 838/773/341 884/756/341 837/774/298
f 837/774/298 884/756/341 861/755/298
f 837/775/296 861/754/296 860/776/340
f 860/776/340 861/754/296 862/753/340
f 860/776/293 862/753/293 859/777/294
f 859/777/292 862/753/293 863/772/292
f 859/777/290 863/772/290 858/778/289
f 858/778/335 863/772/294 864/771/335
f 858/778/328 864/771/328 857/583/287
f 857/583/339 864/771/328 865/582/339
f 857/583/286 865/582/286 856/779/285
f 856/779/285 865/582/286 866/770/285
f 856/779/284 866/770/284 855/780/283
f 855/780/283 866/770/284 867/769/283
f 855/780/282 867/769/282 854/781/281
f 854/781/281 867/769/282 868/768/281
f 854/781/280 868/768/280 853/573/279
f 853/573/279 868/768/280 869/572/279
f 853/573/278 869/572/278 852/782/277
f 852/782/277 869/572/333 870/767/277
f 852/782/332 870/767/332 851/783/274
f 851/783/274 870/767/332 871/766/274
f 851/783/272 871/766/272 850/784/271
f 850/784/271 871/766/344 872/765/271
f 850/784/330 872/765/330 849/224/50
f 849/224/269 872/765/325 873/563/269
f 849/224/268 873/563/268 848/785/326
f 848/785/329 873/563/268 874/764/329
f 848/785/323 874/764/323 847/786/324
f 847/786/324 874/764/323 875/763/324
f 847/786/322 875/763/322 846/787/343
f 846/787/343 875/763/322 876/762/343
f 846/787/342 876/762/342 845/554/317
f 845/554/317 876/762/342 877/553/317
f 845/554/316 877/553/316 844/788/315
f 844/788/315 877/553/316 878/761/315
f 844/788/313 878/761/313 843/789/126
f 843/789/126 878/761/313 879/760/126
f 843/789/125 879/760/125 842/790/312
f 842/790/312 879/760/125 880/759/312
f 842/790/310 880/759/310 841/544/309
f 841/544/309 880/759/310 881/543/309
f 841/544/308 881/543/308 840/791/307
f 840/791/307 881/543/308 882/758/307
f 840/791/304 882/758/304 839/792/306
f 839/792/306 882/758/305 883/757/306
f 839/792/303 883/757/303 838/773/301
f 838/773/301 883/757/345 884/756/301
f 836/729/52 826/730/52 813/731/52
f 813/731/52 826/730/52 825/732/52
f 813/731/52 825/732/52 814/733/52
f 814/733/52 825/732/52 824/734/52
f 814/733/52 824/734/52 815/735/52
f 815/735/52 824/734/52 823/736/52
f 815/735/52 823/736/52 816/737/52
f 816/737/52 823/736/52 822/738/52
f 816/737/52 822/738/52 817/739/52
f 817/739/52 822/738/52 821/740/52
f 817/739/52 821/740/52 818/741/52
f 818/741/52 821/740/52 820/742/52
f 818/741/52 820/742/52 819/743/52
f 826/730/52 836/729/52 827/744/52
f 827/744/52 836/729/52 835/745/52
f 827/744/52 835/745/52 828/746/52
f 828/746/52 835/745/52 834/747/52
f 828/746/52 834/747/52 829/748/52
f 829/748/52 834/747/52 833/749/52
f 829/748/52 833/749/52 830/750/52
f 830/750/52 833/749/52 832/751/52
f 830/750/52 832/751/52 831/752/52
f 886/793/300 932/541/300 885/794/48
f 885/794/48 932/541/300 909/539/48
f 885/795/48 909/537/48 908/796/295
f 908/796/295 909/537/48 910/535/295
f 908/796/346 910/535/346 907/797/294
f 907/797/347 910/535/297 911/582/347
f 907/797/290 911/582/290 906/798/289
f 906/798/335 911/582/290 912/580/335
f 906/798/328 912/580/328 905/799/339
f 905/799/287 912/580/288 913/578/287
f 905/799/286 913/578/286 904/800/285
f 904/800/285 913/578/286 914/576/285
f 904/800/284 914/576/284 903/801/283
f 903/801/283 914/576/284 915/574/283
f 903/801/282 915/574/282 902/802/281
f 902/802/281 915/574/282 916/572/281
f 902/802/280 916/572/280 901/803/279
f 901/803/279 916/572/280 917/570/279
f 901/803/333 917/570/333 900/804/277
f 900/804/275 917/570/278 918/568/275
f 900/804/276 918/568/276 899/805/274
f 899/805/274 918/568/332 919/566/274
f 899/805/273 919/566/273 898/806/271
f 898/806/325 919/566/272 920/564/325
f 898/806/270 920/564/270 897/807/269
f 897/807/269 920/564/270 921/563/269
f 897/807/268 921/563/268 896/808/267
f 896/808/267 921/563/268 922/561/267
f 896/808/326 922/561/326 895/809/324
f 895/809/321 922/561/323 923/559/321
f 895/809/321 923/559/321 894/810/320
f 894/810/318 923/559/322 924/557/318
f 894/810/318 924/557/318 893/811/317
f 893/811/336 924/557/319 925/555/336
f 893/811/316 925/555/316 892/812/315
f 892/812/315 925/555/316 926/553/315
f 892/812/314 926/553/314 891/813/126
f 891/813/126 926/553/313 927/551/126
f 891/813/125 927/551/125 890/814/312
f 890/814/311 927/551/125 928/549/311
f 890/814/310 928/549/310 889/815/309
f 889/815/309 928/549/310 929/547/309
f 889/815/308 929/547/308 888/816/307
f 888/816/327 929/547/338 930/545/327
f 888/816/304 930/545/304 887/817/302
f 887/817/306 930/545/305 931/543/306
f 887/817/348 931/543/348 886/793/299
f 886/793/349 931/543/302 932/541/349
f 932/584/52 922/585/52 909/586/52
f 909/586/52 922/585/52 921/587/52
f 909/586/52 921/587/52 910/588/52
f 910/588/52 921/587/52 920/589/52
f 910/588/52 920/589/52 911/590/52
f 911/590/52 920/589/52 919/591/52
f 911/590/52 919/591/52 912/592/52
f 912/592/52 919/591/52 918/593/52
f 912/592/52 918/593/52 913/594/52
f 913/594/52 918/593/52 917/595/52
f 913/594/52 917/595/52 914/596/52
f 914/596/52 917/595/52 916/597/52
f 914/596/52 916/597/52 915/598/52
f 922/585/52 932/584/52 923/599/52
f 923/599/52 932/584/52 931/600/52
f 923/599/52 931/600/52 924/601/52
f 924/601/52 931/600/52 930/602/52
f 924/601/52 930/602/52 925/603/52
f 925/603/52 930/602/52 929/604/52
f 925/603/52 929/604/52 926/605/52
f 926/605/52 929/604/52 928/606/52
f 926/605/52 928/606/52 927/607/52
f 934/793/300 980/541/300 933/794/48
f 933/794/48 980/541/300 957/539/48
f 933/795/48 957/537/48 956/796/295
f 956/796/295 957/537/48 958/535/295
f 956/796/293 958/535/293 955/797/350
f 955/797/350 958/535/293 959/582/350
f 955/797/290 959/582/290 954/798/335
f 954/798/335 959/582/290 960/580/335
f 954/798/328 960/580/328 953/799/339
f 953/799/287 960/580/288 961/578/287
f 953/799/286 961/578/286 952/800/285
f 952/800/285 961/578/286 962/576/285
f 952/800/284 962/576/284 951/801/283
f 951/801/283 962/576/284 963/574/283
f 951/801/282 963/574/282 950/802/351
f 950/802/351 963/574/282 964/572/351
f 950/802/280 964/572/280 949/803/279
f 949/803/279 964/572/280 965/570/279
f 949/803/333 965/570/333 948/804/277
f 948/804/275 965/570/278 966/568/275
f 948/804/275 966/568/275 947/805/274
f 947/805/274 966/568/332 967/566/274
f 947/805/272 967/566/272 946/806/271
f 946/806/271 967/566/272 968/564/271
f 946/806/325 968/564/325 945/807/269
f 945/807/269 968/564/330 969/563/269
f 945/807/268 969/563/268 944/808/329
f 944/808/326 969/563/268 970/561/326
f 944/808/323 970/561/323 943/809/324
f 943/809/324 970/561/323 971/559/324
f 943/809/321 971/559/321 942/810/320
f 942/810/318 971/559/322 972/557/318
f 942/810/342 972/557/342 941/811/317
f 941/811/336 972/557/319 973/555/336
f 941/811/316 973/555/316 940/812/315
f 940/812/315 973/555/316 974/553/315
f 940/812/313 974/553/313 939/813/126
f 939/813/126 974/553/313 975/551/126
f 939/813/125 975/551/125 938/814/312
f 938/814/312 975/551/125 976/549/312
f 938/814/310 976/549/310 937/815/309
f 937/815/309 976/549/310 977/547/309
f 937/815/308 977/547/308 936/816/327
f 936/816/327 977/547/338 978/545/327
f 936/816/304 978/545/304 935/817/302
f 935/817/302 978/545/304 979/543/302
f 935/817/345 979/543/345 934/793/301
f 934/793/301 979/543/345 980/541/301
f 980/584/52 970/585/52 957/586/52
f 957/586/52 970/585/52 969/587/52
f 957/586/52 969/587/52 958/588/52
f 958/588/52 969/587/52 968/589/52
f 958/588/52 968/589/52 959/590/52
f 959/590/52 968/589/52 967/591/52
f 959/590/52 967/591/52 960/592/52
f 960/592/52 967/591/52 966/593/52
f 960/592/52 966/593/52 961/594/52
f 961/594/52 966/593/52 965/595/52
f 961/594/52 965/595/52 962/596/52
f 962/596/52 965/595/52 964/597/52
f 962/596/52 964/597/52 963/598/52
f 970/585/52 980/584/52 971/599/52
f 971/599/52 980/584/52 979/600/52
f 971/599/52 979/600/52 972/601/52
f 972/601/52 979/600/52 978/602/52
f 972/601/52 978/602/52 973/603/52
f 973/603/52 978/602/52 977/604/52
f 973/603/52 977/604/52 974/605/52
f 974/605/52 977/604/52 976/606/52
f 974/605/52 976/606/52 975/607/52
f 982/793/300 1028/541/300 981/794/48
f 981/794/48 1028/541/300 1005/539/48
f 981/795/48 1005/537/48 1004/796/295
f 1004/796/295 1005/537/48 1006/535/295
f 1004/796/293 1006/535/293 1003/797/350
f 1003/797/350 1006/535/293 1007/582/350
f 1003/797/290 1007/582/290 1002/798/335
f 1002/798/335 1007/582/290 1008/580/335
f 1002/798/328 1008/580/328 1001/799/339
f 1001/799/287 1008/580/288 1009/578/287
f 1001/799/286 1009/578/286 1000/800/285
f 1000/800/285 1009/578/286 1010/576/285
f 1000/800/284 1010/576/284 999/801/283
f 999/801/283 1010/576/284 1011/574/283
f 999/801/282 1011/574/282 998/802/351
f 998/802/351 1011/574/282 1012/572/351
f 998/802/280 1012/572/280 997/803/279
f 997/803/279 1012/572/280 1013/570/279
f 997/803/333 1013/570/333 996/804/277
f 996/804/275 1013/570/278 1014/568/275
f 996/804/275 1014/568/275 995/805/274
f 995/805/274 1014/568/332 1015/566/274
f 995/805/272 1015/566/272 994/806/271
f 994/806/271 1015/566/272 1016/564/271
f 994/806/325 1016/564/325 993/807/269
f 993/807/269 1016/564/330 1017/563/269
f 993/807/268 1017/563/268 992/808/329
f 992/808/326 1017/563/268 1018/561/326
f 992/808/323 1018/561/323 991/809/324
f 991/809/324 1018/561/323 1019/559/324
f 991/809/321 1019/559/321 990/810/320
f 990/810/318 1019/559/322 1020/557/318
f 990/810/318 1020/557/318 989/811/317
f 989/811/336 1020/557/319 1021/555/336
f 989/811/316 1021/555/316 988/812/315
f 988/812/315 1021/555/316 1022/553/315
f 988/812/314 1022/553/314 987/813/126
f 987/813/126 1022/553/314 1023/551/126
f 987/813/125 1023/551/125 986/814/311
f 986/814/311 1023/551/125 1024/549/311
f 986/814/310 1024/549/310 985/815/309
f 985/815/309 1024/549/310 1025/547/309
f 985/815/308 1025/547/308 984/816/307
f 984/816/327 1025/547/338 1026/545/327
f 984/816/304 1026/545/304 983/817/302
f 983/817/302 1026/545/304 1027/543/302
f 983/817/345 1027/543/345 982/793/301
f 982/793/301 1027/543/345 1028/541/301
f 1028/584/52 1018/585/52 1005/586/52
f 1005/586/52 1018/585/52 1017/587/52
f 1005/586/52 1017/587/52 1006/588/52
f 1006/588/52 1017/587/52 1016/589/52
f 1006/588/52 1016/589/52 1007/590/52
f 1007/590/52 1016/589/52 1015/591/52
f 1007/590/52 1015/591/52 1008/592/52
f 1008/592/52 1015/591/52 1014/593/52
f 1008/592/52 1014/593/52 1009/594/52
f 1009/594/52 1014/593/52 1013/595/52
f 1009/594/52 1013/595/52 1010/596/52
f 1010/596/52 1013/595/52 1012/597/52
f 1010/596/52 1012/597/52 1011/598/52
f 1018/585/52 1028/584/52 1019/599/52
f 1019/599/52 1028/584/52 1027/600/52
f 1019/599/52 1027/600/52 1020/601/52
f 1020/601/52 1027/600/52 1026/602/52
f 1020/601/52 1026/602/52 1021/603/52
f 1021/603/52 1026/602/52 1025/604/52
f 1021/603/52 1025/604/52 1022/605/52
f 1022/605/52 1025/604/52 1024/606/52
f 1022/605/52 1024/606/52 1023/607/52
f 1030/793/299 1076/541/299 1029/794/352
f 1029/794/48 1076/541/300 1053/539/48
f 1029/795/48 1053/537/48 1052/796/295
f 1052/796/297 1053/537/353 1054/535/297
f 1052/796/297 1054/535/297 1051/797/347
f 1051/797/294 1054/535/346 1055/582/294
f 1051/797/290 1055/582/290 1050/798/335
f 1050/798/335 1055/582/290 1056/580/335
f 1050/798/288 1056/580/288 1049/799/287
f 1049/799/339 1056/580/328 1057/578/339
f 1049/799/286 1057/578/286 1048/800/285
f 1048/800/285 1057/578/286 1058/576/285
f 1048/800/334 1058/576/334 1047/801/283
f 1047/801/283 1058/576/334 1059/574/283
f 1047/801/282 1059/574/282 1046/802/281
f 1046/802/281 1059/574/282 1060/572/281
f 1046/802/280 1060/572/280 1045/803/279
f 1045/803/279 1060/572/280 1061/570/279
f 1045/803/333 1061/570/333 1044/804/277
f 1044/804/275 1061/570/278 1062/568/275
f 1044/804/275 1062/568/275 1043/805/274
f 1043/805/274 1062/568/332 1063/566/274
f 1043/805/273 1063/566/273 1042/806/271
f 1042/806/271 1063/566/272 1064/564/271
f 1042/806/270 1064/564/270 1041/807/269
f 1041/807/269 1064/564/270 1065/563/269
f 1041/807/268 1065/563/268 1040/808/267
f 1040/808/267 1065/563/268 1066/561/267
f 1040/808/323 1066/561/323 1039/809/324
f 1039/809/354 1066/561/323 1067/559/354
f 1039/809/321 1067/559/321 1038/810/320
f 1038/810/318 1067/559/322 1068/557/318
f 1038/810/318 1068/557/318 1037/811/317
f 1037/811/336 1068/557/319 1069/555/336
f 1037/811/316 1069/555/316 1036/812/315
f 1036/812/315 1069/555/316 1070/553/315
f 1036/812/313 1070/553/313 1035/813/126
f 1035/813/126 1070/553/313 1071/551/126
f 1035/813/125 1071/551/125 1034/814/312
f 1034/814/312 1071/551/125 1072/549/312
f 1034/814/310 1072/549/310 1033/815/309
f 1033/815/309 1072/549/310 1073/547/309
f 1033/815/338 1073/547/338 1032/816/327
f 1032/816/307 1073/547/308 1074/545/307
f 1032/816/304 1074/545/304 1031/817/302
f 1031/817/302 1074/545/304 1075/543/302
f 1031/817/302 1075/543/302 1030/793/349
f 1030/793/299 1075/543/348 1076/541/299
f 1076/584/52 1066/585/52 1053/586/52
f 1053/586/52 1066/585/52 1065/587/52
f 1053/586/52 1065/587/52 1054/588/52
f 1054/588/52 1065/587/52 1064/589/52
f 1054/588/52 1064/589/52 1055/590/52
f 1055/590/52 1064/589/52 1063/591/52
f 1055/590/52 1063/591/52 1056/592/52
f 1056/592/52 1063/591/52 1062/593/52
f 1056/592/52 1062/593/52 1057/594/52
f 1057/594/52 1062/593/52 1061/595/52
f 1057/594/52 1061/595/52 1058/596/52
f 1058/596/52 1061/595/52 1060/597/52
f 1058/596/52 1060/597/52 1059/598/52
f 1066/585/52 1076/584/52 1067/599/52
f 1067/599/52 1076/584/52 1075/600/52
f 1067/599/52 1075/600/52 1068/601/52
f 1068/601/52 1075/600/52 1074/602/52
f 1068/601/52 1074/602/52 1069/603/52
f 1069/603/52 1074/602/52 1073/604/52
f 1069/603/52 1073/604/52 1070/605/52
f 1070/605/52 1073/604/52 1072/606/52
f 1070/605/52 1072/606/52 1071/607/52
f 1078/818/267 1124/819/267 1077/820/268
f 1077/820/268 1124/819/267 1101/821/268
f 1077/822/269 1101/823/269 1100/824/270
f 1100/824/270 1101/823/269 1102/825/270
f 1100/824/271 1102/825/271 1099/826/272
f 1099/826/272 1102/825/271 1103/827/272
f 1099/826/274 1103/827/274 1098/828/276
f 1098/828/276 1103/827/274 1104/829/276
f 1098/828/355 1104/829/355 1097/830/278
f 1097/830/278 1104/829/355 1105/831/278
f 1097/830/279 1105/831/279 1096/832/280
f 1096/832/280 1105/831/279 1106/833/280
f 1096/832/281 1106/833/281 1095/834/282
f 1095/834/282 1106/833/281 1107/835/282
f 1095/834/283 1107/835/283 1094/836/284
f 1094/836/284 1107/835/283 1108/837/284
f 1094/836/285 1108/837/285 1093/838/286
f 1093/838/286 1108/837/285 1109/839/286
f 1093/838/287 1109/839/287 1092/840/288
f 1092/840/288 1109/839/287 1110/538/288
f 1092/840/291 1110/538/291 1091/841/290
f 1091/841/290 1110/538/291 1111/842/290
f 1091/841/292 1111/842/292 1090/843/293
f 1090/843/293 1111/842/292 1112/844/293
f 1090/843/340 1112/844/340 1089/845/296
f 1089/845/296 1112/844/340 1113/224/296
f 1089/845/298 1113/224/298 1088/846/341
f 1088/846/341 1113/224/298 1114/556/341
f 1088/846/301 1114/556/301 1087/847/303
f 1087/847/303 1114/556/301 1115/548/303
f 1087/847/306 1115/548/306 1086/848/356
f 1086/848/356 1115/548/306 1116/540/356
f 1086/848/307 1116/540/307 1085/849/308
f 1085/849/308 1116/540/307 1117/850/308
f 1085/849/309 1117/850/309 1084/851/310
f 1084/851/310 1117/850/309 1118/852/310
f 1084/851/357 1118/852/357 1083/853/125
f 1083/853/125 1118/852/357 1119/854/125
f 1083/853/126 1119/854/126 1082/855/358
f 1082/855/358 1119/854/126 1120/856/358
f 1082/855/315 1120/856/315 1081/857/316
f 1081/857/316 1120/856/315 1121/858/316
f 1081/857/317 1121/858/317 1080/859/319
f 1080/859/319 1121/858/317 1122/860/319
f 1080/859/343 1122/860/343 1079/861/322
f 1079/861/322 1122/860/320 1123/862/322
f 1079/861/324 1123/862/324 1078/818/323
f 1078/818/323 1123/862/324 1124/819/323
f 838/729/52 837/731/52 1077/265/52
f 1077/265/52 837/731/52 860/733/52
f 1077/265/52 860/733/52 1078/863/52
f 1078/863/52 860/733/52 859/735/52
f 1078/863/52 859/735/52 1079/864/52
f 1079/864/52 859/735/52 858/737/52
f 1079/864/52 858/737/52 1080/865/52
f 1080/865/52 858/737/52 857/739/52
f 1080/865/52 857/739/52 1081/866/52
f 1081/866/52 857/739/52 856/741/52
f 1081/866/52 856/741/52 1082/867/52
f 1082/867/52 856/741/52 855/743/52
f 1082/867/52 855/743/52 1083/421/52
f 1083/421/52 855/743/52 1084/868/52
f 1084/868/52 855/743/52 854/742/52
f 1084/868/52 854/742/52 1085/869/52
f 1085/869/52 854/742/52 853/740/52
f 1085/869/52 853/740/52 1086/870/52
f 1086/870/52 853/740/52 852/738/52
f 1086/870/52 852/738/52 1087/871/52
f 1087/871/52 852/738/52 851/736/52
f 1087/871/52 851/736/52 1088/872/52
f 1088/872/52 851/736/52 850/734/52
f 1088/872/52 850/734/52 1089/685/52
f 1089/685/52 850/734/52 849/732/52
f 1089/685/52 849/732/52 1090/873/52
f 1090/873/52 849/732/52 848/730/52
f 1090/873/52 848/730/52 847/744/52
f 1090/873/52 847/744/52 1091/874/52
f 1091/874/52 847/744/52 846/746/52
f 1091/874/52 846/746/52 1092/875/52
f 1092/875/52 846/746/52 845/748/52
f 1092/875/52 845/748/52 1093/876/52
f 1093/876/52 845/748/52 844/750/52
f 1093/876/52 844/750/52 1094/877/52
f 1094/877/52 844/750/52 843/752/52
f 1094/877/52 843/752/52 1095/878/52
f 1095/878/52 843/752/52 1096/879/52
f 1096/879/52 843/752/52 842/751/52
f 1096/879/52 842/751/52 1097/880/52
f 1097/880/52 842/751/52 841/749/52
f 1097/880/52 841/749/52 1098/881/52
f 1098/881/52 841/749/52 840/747/52
f 1098/881/52 840/747/52 1099/882/52
f 1099/882/52 840/747/52 839/745/52
f 1099/882/52 839/745/52 1100/883/52
f 1100/883/52 839/745/52 838/729/52
f 1100/883/52 838/729/52 1077/265/52
f 1126/884/359 1180/885/359 1125/886/268
f 1125/886/268 1180/885/360 1153/887/268
f 1125/888/269 1153/889/269 1152/890/361
f 1152/890/361 1153/889/269 1154/891/361
f 1152/890/362 1154/891/362 1151/892/363
f 1151/892/363 1154/891/362 1155/893/363
f 1151/892/364 1155/893/364 1150/894/365
f 1150/894/365 1155/893/364 1156/895/365
f 1150/894/366 1156/895/366 1149/896/367
f 1149/896/367 1156/895/366 1157/897/367
f 1149/896/368 1157/897/368 1148/898/369
f 1148/898/369 1157/897/368 1158/899/369
f 1148/898/370 1158/899/370 1147/900/371
f 1147/900/371 1158/899/370 1159/901/371
f 1147/900/372 1159/901/372 1146/902/282
f 1146/902/282 1159/901/372 1160/903/282
f 1146/902/283 1160/903/283 1145/904/373
f 1145/904/373 1160/903/283 1161/905/373
f 1145/904/374 1161/905/374 1144/906/375
f 1144/906/375 1161/905/374 1162/907/375
f 1144/906/376 1162/907/376 1143/908/377
f 1143/908/377 1162/907/376 1163/909/377
f 1143/908/378 1163/909/378 1142/910/379
f 1142/910/379 1163/909/378 1164/911/379
f 1142/910/380 1164/911/380 1141/912/381
f 1141/912/381 1164/911/380 1165/913/381
f 1141/912/382 1165/913/382 1140/914/383
f 1140/914/383 1165/913/382 1166/915/383
f 1140/914/384 1166/915/384 1139/637/296
f 1139/637/296 1166/915/384 1167/224/296
f 1139/637/298 1167/224/298 1138/916/385
f 1138/916/385 1167/224/298 1168/917/385
f 1138/916/386 1168/917/386 1137/918/387
f 1137/918/387 1168/917/386 1169/919/387
f 1137/918/388 1169/919/388 1136/920/389
f 1136/920/389 1169/919/388 1170/921/389
f 1136/920/390 1170/921/390 1135/922/391
f 1135/922/391 1170/921/390 1171/923/391
f 1135/922/392 1171/923/392 1134/924/393
f 1134/924/393 1171/923/392 1172/925/393
f 1134/924/394 1172/925/394 1133/926/395
f 1133/926/395 1172/925/394 1173/927/395
f 1133/926/396 1173/927/396 1132/928/125
f 1132/928/125 1173/927/396 1174/929/125
f 1132/928/126 1174/929/126 1131/930/397
f 1131/930/397 1174/929/126 1175/931/397
f 1131/930/398 1175/931/398 1130/932/399
f 1130/932/399 1175/931/398 1176/933/399
f 1130/932/400 1176/933/400 1129/934/401
f 1129/934/402 1176/933/400 1177/935/402
f 1129/934/403 1177/935/403 1128/936/404
f 1128/936/404 1177/935/403 1178/937/404
f 1128/936/405 1178/937/405 1127/938/406
f 1127/938/406 1178/937/405 1179/939/406
f 1127/938/407 1179/939/407 1126/884/408
f 1126/884/408 1179/939/407 1180/885/408
f 1152/940/52 1031/941/52 1125/942/52
f 1125/942/52 1031/941/52 1030/943/52
f 1125/942/52 1030/943/52 1029/944/52
f 1151/945/52 1035/946/52 1152/940/52
f 1152/940/52 1035/946/52 1034/947/52
f 1152/940/52 1034/947/52 1033/948/52
f 1150/949/52 1103/882/52 1151/945/52
f 1151/945/52 1103/882/52 1037/950/52
f 1151/945/52 1037/950/52 1036/951/52
f 1103/882/52 1150/949/52 1104/881/52
f 1104/881/52 1150/949/52 1149/952/52
f 1104/881/52 1149/952/52 1105/880/52
f 1105/880/52 1149/952/52 1148/953/52
f 1105/880/52 1148/953/52 955/954/52
f 955/954/52 1148/953/52 956/955/52
f 956/955/52 1148/953/52 933/956/52
f 933/956/52 1148/953/52 1147/957/52
f 933/956/52 1147/957/52 934/958/52
f 934/958/52 1147/957/52 935/959/52
f 935/959/52 1147/957/52 936/960/52
f 936/960/52 1147/957/52 937/961/52
f 937/961/52 1147/957/52 1146/962/52
f 937/961/52 1146/962/52 938/963/52
f 938/963/52 1146/962/52 939/964/52
f 939/964/52 1146/962/52 940/965/52
f 940/965/52 1146/962/52 941/966/52
f 941/966/52 1146/962/52 1145/967/52
f 941/966/52 1145/967/52 942/968/52
f 942/968/52 1145/967/52 943/969/52
f 943/969/52 1145/967/52 944/970/52
f 944/970/52 1145/967/52 945/971/52
f 945/971/52 1145/967/52 1144/972/52
f 945/971/52 1144/972/52 946/973/52
f 946/973/52 1144/972/52 947/974/52
f 947/974/52 1144/972/52 1109/876/52
f 947/974/52 1109/876/52 948/975/52
f 948/975/52 1109/876/52 1108/877/52
f 948/975/52 1108/877/52 949/976/52
f 949/976/52 1108/877/52 950/977/52
f 950/977/52 1108/877/52 1107/878/52
f 950/977/52 1107/878/52 951/978/52
f 951/978/52 1107/878/52 952/979/52
f 952/979/52 1107/878/52 1106/879/52
f 952/979/52 1106/879/52 953/980/52
f 953/980/52 1106/879/52 954/981/52
f 954/981/52 1106/879/52 1105/880/52
f 954/981/52 1105/880/52 955/954/52
f 1144/972/52 1143/982/52 1109/876/52
f 1109/876/52 1143/982/52 1110/875/52
f 1110/875/52 1143/982/52 1142/983/52
f 1110/875/52 1142/983/52 1111/874/52
f 1111/874/52 1142/983/52 1141/984/52
f 1111/874/52 1141/984/52 889/985/52
f 889/985/52 1141/984/52 890/986/52
f 890/986/52 1141/984/52 891/987/52
f 891/987/52 1141/984/52 1140/988/52
f 891/987/52 1140/988/52 892/989/52
f 892/989/52 1140/988/52 893/990/52
f 893/990/52 1140/988/52 894/991/52
f 894/991/52 1140/988/52 895/992/52
f 895/992/52 1140/988/52 1139/993/52
f 895/992/52 1139/993/52 896/994/52
f 896/994/52 1139/993/52 897/995/52
f 897/995/52 1139/993/52 898/996/52
f 898/996/52 1139/993/52 899/997/52
f 899/997/52 1139/993/52 1138/998/52
f 899/997/52 1138/998/52 900/999/52
f 900/999/52 1138/998/52 901/1000/52
f 901/1000/52 1138/998/52 902/1001/52
f 902/1001/52 1138/998/52 903/1002/52
f 903/1002/52 1138/998/52 1137/1003/52
f 903/1002/52 1137/1003/52 904/1004/52
f 904/1004/52 1137/1003/52 905/1005/52
f 905/1005/52 1137/1003/52 1115/871/52
f 905/1005/52 1115/871/52 906/1006/52
f 906/1006/52 1115/871/52 1114/872/52
f 906/1006/52 1114/872/52 907/1007/52
f 907/1007/52 1114/872/52 908/1008/52
f 908/1008/52 1114/872/52 1113/685/52
f 908/1008/52 1113/685/52 885/1009/52
f 885/1009/52 1113/685/52 886/1010/52
f 886/1010/52 1113/685/52 1112/873/52
f 886/1010/52 1112/873/52 887/1011/52
f 887/1011/52 1112/873/52 888/1012/52
f 888/1012/52 1112/873/52 1111/874/52
f 888/1012/52 1111/874/52 889/985/52
f 1137/1003/52 1136/1013/52 1115/871/52
f 1115/871/52 1136/1013/52 1116/870/52
f 1116/870/52 1136/1013/52 1135/1014/52
f 1116/870/52 1135/1014/52 1117/869/52
f 1117/869/52 1135/1014/52 1134/1015/52
f 1117/869/52 1134/1015/52 991/1016/52
f 991/1016/52 1134/1015/52 992/1017/52
f 992/1017/52 1134/1015/52 993/1018/52
f 993/1018/52 1134/1015/52 1133/1019/52
f 993/1018/52 1133/1019/52 994/1020/52
f 994/1020/52 1133/1019/52 995/1021/52
f 995/1021/52 1133/1019/52 996/1022/52
f 996/1022/52 1133/1019/52 997/1023/52
f 997/1023/52 1133/1019/52 1132/1024/52
f 997/1023/52 1132/1024/52 998/1025/52
f 998/1025/52 1132/1024/52 999/1026/52
f 999/1026/52 1132/1024/52 1000/1027/52
f 1000/1027/52 1132/1024/52 1001/1028/52
f 1001/1028/52 1132/1024/52 1131/1029/52
f 1001/1028/52 1131/1029/52 1002/1030/52
f 1002/1030/52 1131/1029/52 1003/1031/52
f 1003/1031/52 1131/1029/52 1004/1032/52
f 1004/1032/52 1131/1029/52 981/1033/52
f 981/1033/52 1131/1029/52 1130/1034/52
f 981/1033/52 1130/1034/52 982/1035/52
f 982/1035/52 1130/1034/52 983/1036/52
f 983/1036/52 1130/1034/52 1121/866/52
f 983/1036/52 1121/866/52 984/1037/52
f 984/1037/52 1121/866/52 1120/867/52
f 984/1037/52 1120/867/52 985/1038/52
f 985/1038/52 1120/867/52 986/1039/52
f 986/1039/52 1120/867/52 1119/421/52
f 986/1039/52 1119/421/52 987/1040/52
f 987/1040/52 1119/421/52 988/1041/52
f 988/1041/52 1119/421/52 1118/868/52
f 988/1041/52 1118/868/52 989/1042/52
f 989/1042/52 1118/868/52 990/1043/52
f 990/1043/52 1118/868/52 1117/869/52
f 990/1043/52 1117/869/52 991/1016/52
f 1130/1034/52 1129/1044/52 1121/866/52
f 1121/866/52 1129/1044/52 1122/865/52
f 1122/865/52 1129/1044/52 1128/1045/52
f 1122/865/52 1128/1045/52 1123/864/52
f 1123/864/52 1128/1045/52 1127/1046/52
f 1123/864/52 1127/1046/52 1045/1047/52
f 1045/1047/52 1127/1046/52 1046/1048/52
f 1046/1048/52 1127/1046/52 1047/1049/52
f 1047/1049/52 1127/1046/52 1126/1050/52
f 1047/1049/52 1126/1050/52 1048/1051/52
f 1048/1051/52 1126/1050/52 1049/1052/52
f 1049/1052/52 1126/1050/52 1050/1053/52
f 1050/1053/52 1126/1050/52 1051/1054/52
f 1051/1054/52 1126/1050/52 1125/942/52
f 1051/1054/52 1125/942/52 1052/1055/52
f 1052/1055/52 1125/942/52 1029/944/52
f 1124/863/52 1042/1056/52 1101/265/52
f 1101/265/52 1042/1056/52 1041/1057/52
f 1101/265/52 1041/1057/52 1040/1058/52
f 1123/864/52 1044/1059/52 1124/863/52
f 1124/863/52 1044/1059/52 1043/1060/52
f 1124/863/52 1043/1060/52 1042/1056/52
f 1037/950/52 1103/882/52 1038/1061/52
f 1038/1061/52 1103/882/52 1102/883/52
f 1038/1061/52 1102/883/52 1039/1062/52
f 1039/1062/52 1102/883/52 1040/1058/52
f 1040/1058/52 1102/883/52 1101/265/52
f 1045/1047/52 1044/1059/52 1123/864/52
f 1036/951/52 1035/946/52 1151/945/52
f 1033/948/52 1032/1063/52 1152/940/52
f 1152/940/52 1032/1063/52 1031/941/52
f 1182/535/325 1228/536/325 1181/537/269
f 1181/537/50 1228/536/330 1205/538/50
f 1181/539/50 1205/540/50 1204/541/329
f 1204/541/326 1205/540/268 1206/542/326
f 1204/541/323 1206/542/323 1203/543/324
f 1203/543/321 1206/542/323 1207/544/321
f 1203/543/322 1207/544/322 1202/545/320
f 1202/545/320 1207/544/322 1208/546/320
f 1202/545/319 1208/546/319 1201/547/317
f 1201/547/317 1208/546/319 1209/548/317
f 1201/547/316 1209/548/316 1200/549/315
f 1200/549/315 1209/548/316 1210/550/315
f 1200/549/314 1210/550/314 1199/551/126
f 1199/551/126 1210/550/313 1211/552/126
f 1199/551/125 1211/552/125 1198/553/312
f 1198/553/311 1211/552/125 1212/554/311
f 1198/553/310 1212/554/310 1197/555/309
f 1197/555/309 1212/554/310 1213/556/309
f 1197/555/308 1213/556/308 1196/557/307
f 1196/557/327 1213/556/308 1214/558/307
f 1196/557/304 1214/558/304 1195/559/306
f 1195/559/306 1214/558/304 1215/560/306
f 1195/559/303 1215/560/303 1194/561/301
f 1194/561/301 1215/560/302 1216/562/301
f 1194/561/300 1216/562/300 1193/563/48
f 1193/563/298 1216/562/299 1217/224/298
f 1193/563/296 1217/224/296 1192/564/297
f 1192/564/295 1217/224/48 1218/565/295
f 1192/564/293 1218/565/293 1191/566/294
f 1191/566/292 1218/565/293 1219/567/292
f 1191/566/290 1219/567/290 1190/568/291
f 1190/568/291 1219/567/290 1220/569/291
f 1190/568/288 1220/569/328 1189/570/287
f 1189/570/287 1220/569/288 1221/571/287
f 1189/570/286 1221/571/286 1188/572/285
f 1188/572/285 1221/571/286 1222/573/285
f 1188/572/284 1222/573/284 1187/574/283
f 1187/574/283 1222/573/284 1223/575/283
f 1187/574/282 1223/575/282 1186/576/281
f 1186/576/281 1223/575/282 1224/577/281
f 1186/576/280 1224/577/280 1185/578/279
f 1185/578/279 1224/577/280 1225/579/279
f 1185/578/278 1225/579/278 1184/580/277
f 1184/580/277 1225/579/278 1226/581/277
f 1184/580/276 1226/581/276 1183/582/274
f 1183/582/274 1226/581/276 1227/583/274
f 1183/582/273 1227/583/273 1182/535/271
f 1182/535/271 1227/583/272 1228/536/271
f 1204/584/47 1194/585/47 1181/586/47
f 1181/586/47 1194/585/47 1193/587/47
f 1181/586/47 1193/587/47 1182/588/47
f 1182/588/47 1193/587/47 1192/589/47
f 1182/588/47 1192/589/47 1183/590/47
f 1183/590/47 1192/589/47 1191/591/47
f 1183/590/47 1191/591/47 1184/592/47
f 1184/592/47 1191/591/47 1190/593/47
f 1184/592/47 1190/593/47 1185/594/47
f 1185/594/47 1190/593/47 1189/595/47
f 1185/594/47 1189/595/47 1186/596/47
f 1186/596/47 1189/595/47 1188/597/47
f 1186/596/47 1188/597/47 1187/598/47
f 1194/585/47 1204/584/47 1195/599/47
f 1195/599/47 1204/584/47 1203/600/47
f 1195/599/47 1203/600/47 1196/601/47
f 1196/601/47 1203/600/47 1202/602/47
f 1196/601/47 1202/602/47 1197/603/47
f 1197/603/47 1202/602/47 1201/604/47
f 1197/603/47 1201/604/47 1198/605/47
f 1198/605/47 1201/604/47 1200/606/47
f 1198/605/47 1200/606/47 1199/607/47
f 1230/535/325 190/536/325 1229/537/269
f 1229/537/50 190/536/330 189/538/50
f 1229/539/50 189/540/50 1252/541/329
f 1252/541/326 189/540/268 212/542/326
f 1252/541/323 212/542/323 1251/543/324
f 1251/543/321 212/542/323 211/544/321
f 1251/543/322 211/544/322 1250/545/320
f 1250/545/320 211/544/322 210/546/320
f 1250/545/319 210/546/319 1249/547/317
f 1249/547/317 210/546/319 209/548/317
f 1249/547/316 209/548/316 1248/549/315
f 1248/549/315 209/548/316 208/550/315
f 1248/549/314 208/550/314 1247/551/126
f 1247/551/126 208/550/313 207/552/126
f 1247/551/125 207/552/125 1246/553/312
f 1246/553/311 207/552/125 206/554/311
f 1246/553/310 206/554/310 1245/555/309
f 1245/555/309 206/554/310 205/556/309
f 1245/555/308 205/556/308 1244/557/307
f 1244/557/327 205/556/308 204/558/327
f 1244/557/304 204/558/304 1243/559/306
f 1243/559/306 204/558/304 203/560/306
f 1243/559/303 203/560/303 1242/561/301
f 1242/561/301 203/560/302 202/562/301
f 1242/561/300 202/562/300 1241/563/48
f 1241/563/298 202/562/299 201/224/298
f 1241/563/296 201/224/296 1240/564/297
f 1240/564/295 201/224/48 200/565/295
f 1240/564/293 200/565/293 1239/566/294
f 1239/566/292 200/565/293 199/567/292
f 1239/566/290 199/567/290 1238/568/291
f 1238/568/291 199/567/290 198/569/291
f 1238/568/328 198/569/328 1237/570/287
f 1237/570/287 198/569/288 197/571/287
f 1237/570/286 197/571/286 1236/572/285
f 1236/572/285 197/571/286 196/573/285
f 1236/572/284 196/573/284 1235/574/283
f 1235/574/283 196/573/284 195/575/283
f 1235/574/282 195/575/282 1234/576/281
f 1234/576/281 195/575/282 194/577/281
f 1234/576/280 194/577/280 1233/578/279
f 1233/578/279 194/577/280 193/579/279
f 1233/578/278 193/579/278 1232/580/277
f 1232/580/277 193/579/278 192/581/277
f 1232/580/276 192/581/276 1231/582/274
f 1231/582/274 192/581/276 191/583/274
f 1231/582/273 191/583/273 1230/535/271
f 1230/535/271 191/583/272 190/536/271
f 1252/584/47 1242/585/47 1229/586/47
f 1229/586/47 1242/585/47 1241/587/47
f 1229/586/47 1241/587/47 1230/588/47
f 1230/588/47 1241/587/47 1240/589/47
f 1230/588/47 1240/589/47 1231/590/47
f 1231/590/47 1240/589/47 1239/591/47
f 1231/590/47 1239/591/47 1232/592/47
f 1232/592/47 1239/591/47 1238/593/47
f 1232/592/47 1238/593/47 1233/594/47
f 1233/594/47 1238/593/47 1237/595/47
f 1233/594/47 1237/595/47 1234/596/47
f 1234/596/47 1237/595/47 1236/597/47
f 1234/596/47 1236/597/47 1235/598/47
f 1242/585/47 1252/584/47 1243/599/47
f 1243/599/47 1252/584/47 1251/600/47
f 1243/599/47 1251/600/47 1244/601/47
f 1244/601/47 1251/600/47 1250/602/47
f 1244/601/47 1250/602/47 1245/603/47
f 1245/603/47 1250/602/47 1249/604/47
f 1245/603/47 1249/604/47 1246/605/47
f 1246/605/47 1249/604/47 1248/606/47
f 1246/605/47 1248/606/47 1247/607/47
f 1254/535/270 1300/536/270 1253/537/269
f 1253/537/269 1300/536/270 1277/538/269
f 1253/539/268 1277/540/268 1276/541/267
f 1276/541/267 1277/540/268 1278/542/267
f 1276/541/323 1278/542/323 1275/543/321
f 1275/543/324 1278/542/323 1279/544/324
f 1275/543/322 1279/544/322 1274/545/320
f 1274/545/320 1279/544/322 1280/546/320
f 1274/545/319 1280/546/319 1273/547/317
f 1273/547/317 1280/546/319 1281/548/317
f 1273/547/316 1281/548/316 1272/549/315
f 1272/549/315 1281/548/316 1282/550/315
f 1272/549/313 1282/550/313 1271/551/126
f 1271/551/126 1282/550/314 1283/552/126
f 1271/551/125 1283/552/125 1270/553/311
f 1270/553/312 1283/552/125 1284/554/312
f 1270/553/310 1284/554/310 1269/555/309
f 1269/555/309 1284/554/310 1285/556/309
f 1269/555/308 1285/556/308 1268/557/307
f 1268/557/307 1285/556/308 1286/558/307
f 1268/557/304 1286/558/304 1267/559/306
f 1267/559/306 1286/558/304 1287/560/306
f 1267/559/302 1287/560/302 1266/561/301
f 1266/561/301 1287/560/303 1288/562/301
f 1266/561/299 1288/562/299 1265/563/298
f 1265/563/48 1288/562/300 1289/224/48
f 1265/563/48 1289/224/48 1264/564/295
f 1264/564/297 1289/224/296 1290/565/297
f 1264/564/293 1290/565/293 1263/566/292
f 1263/566/294 1290/565/293 1291/567/294
f 1263/566/290 1291/567/290 1262/568/291
f 1262/568/291 1291/567/290 1292/569/291
f 1262/568/288 1292/569/288 1261/570/287
f 1261/570/287 1292/569/288 1293/571/287
f 1261/570/286 1293/571/286 1260/572/285
f 1260/572/285 1293/571/286 1294/573/285
f 1260/572/284 1294/573/284 1259/574/283
f 1259/574/283 1294/573/284 1295/575/283
f 1259/574/282 1295/575/282 1258/576/281
f 1258/576/281 1295/575/282 1296/577/281
f 1258/576/280 1296/577/280 1257/578/279
f 1257/578/279 1296/577/280 1297/579/279
f 1257/578/278 1297/579/278 1256/580/277
f 1256/580/277 1297/579/278 1298/581/277
f 1256/580/276 1298/581/276 1255/582/274
f 1255/582/274 1298/581/276 1299/583/274
f 1255/582/272 1299/583/272 1254/535/271
f 1254/535/271 1299/583/273 1300/536/271
f 1276/584/47 1266/585/47 1253/586/47
f 1253/586/47 1266/585/47 1265/587/47
f 1253/586/47 1265/587/47 1254/588/47
f 1254/588/47 1265/587/47 1264/589/47
f 1254/588/47 1264/589/47 1255/590/47
f 1255/590/47 1264/589/47 1263/591/47
f 1255/590/47 1263/591/47 1256/592/47
f 1256/592/47 1263/591/47 1262/593/47
f 1256/592/47 1262/593/47 1257/594/47
f 1257/594/47 1262/593/47 1261/595/47
f 1257/594/47 1261/595/47 1258/596/47
f 1258/596/47 1261/595/47 1260/597/47
f 1258/596/47 1260/597/47 1259/598/47
f 1266/585/47 1276/584/47 1267/599/47
f 1267/599/47 1276/584/47 1275/600/47
f 1267/599/47 1275/600/47 1268/601/47
f 1268/601/47 1275/600/47 1274/602/47
f 1268/601/47 1274/602/47 1269/603/47
f 1269/603/47 1274/602/47 1273/604/47
f 1269/603/47 1273/604/47 1270/605/47
f 1270/605/47 1273/604/47 1272/606/47
f 1270/605/47 1272/606/47 1271/607/47
f 1302/535/270 166/536/270 1301/537/269
f 1301/537/269 166/536/270 165/538/269
f 1301/539/268 165/540/268 1324/541/267
f 1324/541/267 165/540/268 188/542/267
f 1324/541/323 188/542/323 1323/543/321
f 1323/543/324 188/542/323 187/544/324
f 1323/543/322 187/544/322 1322/545/320
f 1322/545/320 187/544/322 186/546/320
f 1322/545/319 186/546/319 1321/547/317
f 1321/547/317 186/546/319 185/548/317
f 1321/547/316 185/548/316 1320/549/315
f 1320/549/315 185/548/316 184/550/315
f 1320/549/313 184/550/313 1319/551/126
f 1319/551/126 184/550/314 183/552/126
f 1319/551/125 183/552/125 1318/553/311
f 1318/553/312 183/552/125 182/554/312
f 1318/553/310 182/554/310 1317/555/309
f 1317/555/309 182/554/310 181/556/309
f 1317/555/308 181/556/308 1316/557/327
f 1316/557/307 181/556/308 180/558/307
f 1316/557/304 180/558/304 1315/559/306
f 1315/559/306 180/558/304 179/560/306
f 1315/559/302 179/560/302 1314/561/301
f 1314/561/301 179/560/303 178/562/301
f 1314/561/299 178/562/299 1313/563/298
f 1313/563/48 178/562/300 177/224/48
f 1313/563/48 177/224/48 1312/564/295
f 1312/564/297 177/224/296 176/565/297
f 1312/564/293 176/565/293 1311/566/292
f 1311/566/294 176/565/293 175/567/294
f 1311/566/290 175/567/290 1310/568/291
f 1310/568/291 175/567/290 174/569/291
f 1310/568/288 174/569/288 1309/570/287
f 1309/570/287 174/569/328 173/571/287
f 1309/570/286 173/571/286 1308/572/285
f 1308/572/285 173/571/286 172/573/285
f 1308/572/284 172/573/284 1307/574/283
f 1307/574/283 172/573/284 171/575/283
f 1307/574/282 171/575/282 1306/576/281
f 1306/576/281 171/575/282 170/577/281
f 1306/576/280 170/577/280 1305/578/279
f 1305/578/279 170/577/280 169/579/279
f 1305/578/278 169/579/278 1304/580/277
f 1304/580/277 169/579/278 168/581/277
f 1304/580/276 168/581/276 1303/582/274
f 1303/582/274 168/581/276 167/583/274
f 1303/582/272 167/583/272 1302/535/271
f 1302/535/271 167/583/273 166/536/271
f 1324/584/47 1314/585/47 1301/586/47
f 1301/586/47 1314/585/47 1313/587/47
f 1301/586/47 1313/587/47 1302/588/47
f 1302/588/47 1313/587/47 1312/589/47
f 1302/588/47 1312/589/47 1303/590/47
f 1303/590/47 1312/589/47 1311/591/47
f 1303/590/47 1311/591/47 1304/592/47
f 1304/592/47 1311/591/47 1310/593/47
f 1304/592/47 1310/593/47 1305/594/47
f 1305/594/47 1310/593/47 1309/595/47
f 1305/594/47 1309/595/47 1306/596/47
f 1306/596/47 1309/595/47 1308/597/47
f 1306/596/47 1308/597/47 1307/598/47
f 1314/585/47 1324/584/47 1315/599/47
f 1315/599/47 1324/584/47 1323/600/47
f 1315/599/47 1323/600/47 1316/601/47
f 1316/601/47 1323/600/47 1322/602/47
f 1316/601/47 1322/602/47 1317/603/47
f 1317/603/47 1322/602/47 1321/604/47
f 1317/603/47 1321/604/47 1318/605/47
f 1318/605/47 1321/604/47 1320/606/47
f 1318/605/47 1320/606/47 1319/607/47
f 1326/535/297 1372/536/297 1325/537/296
f 1325/537/48 1372/536/295 1349/538/48
f 1325/539/48 1349/540/48 1348/541/300
f 1348/541/299 1349/540/298 1350/542/299
f 1348/541/301 1350/542/301 1347/543/303
f 1347/543/302 1350/542/301 1351/544/302
f 1347/543/306 1351/544/306 1346/545/304
f 1346/545/304 1351/544/306 1352/546/304
f 1346/545/307 1352/546/307 1345/547/308
f 1345/547/308 1352/546/327 1353/548/308
f 1345/547/309 1353/548/309 1344/549/310
f 1344/549/310 1353/548/309 1354/550/310
f 1344/549/312 1354/550/312 1343/551/125
f 1343/551/125 1354/550/311 1355/552/125
f 1343/551/126 1355/552/126 1342/553/314
f 1342/553/313 1355/552/126 1356/554/313
f 1342/553/315 1356/554/315 1341/555/316
f 1341/555/316 1356/554/315 1357/556/316
f 1341/555/317 1357/556/317 1340/557/319
f 1340/557/319 1357/556/317 1358/558/319
f 1340/557/320 1358/558/320 1339/559/322
f 1339/559/322 1358/558/320 1359/560/322
f 1339/559/324 1359/560/324 1338/561/323
f 1338/561/323 1359/560/321 1360/562/323
f 1338/561/267 1360/562/267 1337/563/268
f 1337/563/268 1360/562/267 1361/224/268
f 1337/563/269 1361/224/269 1336/564/270
f 1336/564/270 1361/224/269 1362/565/270
f 1336/564/271 1362/565/271 1335/566/273
f 1335/566/272 1362/565/271 1363/567/272
f 1335/566/274 1363/567/274 1334/568/276
f 1334/568/276 1363/567/274 1364/569/276
f 1334/568/277 1364/569/277 1333/570/278
f 1333/570/278 1364/569/277 1365/571/278
f 1333/570/279 1365/571/279 1332/572/280
f 1332/572/280 1365/571/279 1366/573/280
f 1332/572/281 1366/573/281 1331/574/282
f 1331/574/282 1366/573/281 1367/575/282
f 1331/574/283 1367/575/283 1330/576/284
f 1330/576/284 1367/575/283 1368/577/284
f 1330/576/285 1368/577/285 1329/578/286
f 1329/578/286 1368/577/285 1369/579/286
f 1329/578/287 1369/579/287 1328/580/328
f 1328/580/288 1369/579/287 1370/581/288
f 1328/580/291 1370/581/291 1327/582/290
f 1327/582/290 1370/581/291 1371/583/290
f 1327/582/294 1371/583/294 1326/535/293
f 1326/535/293 1371/583/292 1372/536/293
f 1348/584/52 1338/585/52 1325/586/52
f 1325/586/52 1338/585/52 1337/587/52
f 1325/586/52 1337/587/52 1326/588/52
f 1326/588/52 1337/587/52 1336/589/52
f 1326/588/52 1336/589/52 1327/590/52
f 1327/590/52 1336/589/52 1335/591/52
f 1327/590/52 1335/591/52 1328/592/52
f 1328/592/52 1335/591/52 1334/593/52
f 1328/592/52 1334/593/52 1329/594/52
f 1329/594/52 1334/593/52 1333/595/52
f 1329/594/52 1333/595/52 1330/596/52
f 1330/596/52 1333/595/52 1332/597/52
f 1330/596/52 1332/597/52 1331/598/52
f 1338/585/52 1348/584/52 1339/599/52
f 1339/599/52 1348/584/52 1347/600/52
f 1339/599/52 1347/600/52 1340/601/52
f 1340/601/52 1347/600/52 1346/602/52
f 1340/601/52 1346/602/52 1341/603/52
f 1341/603/52 1346/602/52 1345/604/52
f 1341/603/52 1345/604/52 1342/605/52
f 1342/605/52 1345/604/52 1344/606/52
f 1342/605/52 1344/606/52 1343/607/52
f 1374/535/295 1420/536/295 1373/537/48
f 1373/537/296 1420/536/297 1397/538/296
f 1373/539/298 1397/540/298 1396/541/299
f 1396/541/300 1397/540/48 1398/542/300
f 1396/541/301 1398/542/301 1395/543/302
f 1395/543/303 1398/542/301 1399/544/303
f 1395/543/306 1399/544/306 1394/545/304
f 1394/545/304 1399/544/306 1400/546/304
f 1394/545/307 1400/546/327 1393/547/308
f 1393/547/308 1400/546/307 1401/548/308
f 1393/547/309 1401/548/309 1392/549/310
f 1392/549/310 1401/548/309 1402/550/310
f 1392/549/311 1402/550/311 1391/551/125
f 1391/551/125 1402/550/312 1403/552/125
f 1391/551/126 1403/552/126 1390/553/313
f 1390/553/314 1403/552/126 1404/554/314
f 1390/553/315 1404/554/315 1389/555/316
f 1389/555/316 1404/554/315 1405/556/316
f 1389/555/317 1405/556/317 1388/557/319
f 1388/557/319 1405/556/317 1406/558/319
f 1388/557/320 1406/558/320 1387/559/322
f 1387/559/322 1406/558/320 1407/560/322
f 1387/559/321 1407/560/321 1386/561/323
f 1386/561/323 1407/560/324 1408/562/323
f 1386/561/326 1408/562/326 1385/563/268
f 1385/563/50 1408/562/329 1409/224/50
f 1385/563/50 1409/224/50 1384/564/330
f 1384/564/325 1409/224/269 1410/565/325
f 1384/564/271 1410/565/271 1383/566/272
f 1383/566/273 1410/565/271 1411/567/273
f 1383/566/274 1411/567/274 1382/568/276
f 1382/568/276 1411/567/274 1412/569/276
f 1382/568/277 1412/569/277 1381/570/278
f 1381/570/278 1412/569/277 1413/571/278
f 1381/570/279 1413/571/279 1380/572/280
f 1380/572/280 1413/571/279 1414/573/280
f 1380/572/281 1414/573/281 1379/574/282
f 1379/574/282 1414/573/281 1415/575/282
f 1379/574/283 1415/575/283 1378/576/284
f 1378/576/284 1415/575/283 1416/577/284
f 1378/576/285 1416/577/285 1377/578/286
f 1377/578/286 1416/577/285 1417/579/286
f 1377/578/287 1417/579/287 1376/580/288
f 1376/580/328 1417/579/287 1418/581/288
f 1376/580/291 1418/581/291 1375/582/290
f 1375/582/290 1418/581/291 1419/583/290
f 1375/582/292 1419/583/292 1374/535/293
f 1374/535/293 1419/583/294 1420/536/293
f 1396/584/52 1386/585/52 1373/586/52
f 1373/586/52 1386/585/52 1385/587/52
f 1373/586/52 1385/587/52 1374/588/52
f 1374/588/52 1385/587/52 1384/589/52
f 1374/588/52 1384/589/52 1375/590/52
f 1375/590/52 1384/589/52 1383/591/52
f 1375/590/52 1383/591/52 1376/592/52
f 1376/592/52 1383/591/52 1382/593/52
f 1376/592/52 1382/593/52 1377/594/52
f 1377/594/52 1382/593/52 1381/595/52
f 1377/594/52 1381/595/52 1378/596/52
f 1378/596/52 1381/595/52 1380/597/52
f 1378/596/52 1380/597/52 1379/598/52
f 1386/585/52 1396/584/52 1387/599/52
f 1387/599/52 1396/584/52 1395/600/52
f 1387/599/52 1395/600/52 1388/601/52
f 1388/601/52 1395/600/52 1394/602/52
f 1388/601/52 1394/602/52 1389/603/52
f 1389/603/52 1394/602/52 1393/604/52
f 1389/603/52 1393/604/52 1390/605/52
f 1390/605/52 1393/604/52 1392/606/52
f 1390/605/52 1392/606/52 1391/607/52
f 1422/535/297 1468/536/297 1421/537/296
f 1421/537/48 1468/536/295 1445/538/48
f 1421/539/48 1445/540/48 1444/541/300
f 1444/541/299 1445/540/298 1446/542/299
f 1444/541/301 1446/542/301 1443/543/303
f 1443/543/302 1446/542/301 1447/544/302
f 1443/543/306 1447/544/306 1442/545/304
f 1442/545/304 1447/544/306 1448/546/304
f 1442/545/307 1448/546/307 1441/547/308
f 1441/547/308 1448/546/327 1449/548/308
f 1441/547/309 1449/548/309 1440/549/310
f 1440/549/310 1449/548/309 1450/550/310
f 1440/549/312 1450/550/312 1439/551/125
f 1439/551/125 1450/550/311 1451/552/125
f 1439/551/126 1451/552/126 1438/553/314
f 1438/553/313 1451/552/126 1452/554/313
f 1438/553/315 1452/554/315 1437/555/316
f 1437/555/316 1452/554/315 1453/556/316
f 1437/555/317 1453/556/317 1436/557/319
f 1436/557/319 1453/556/317 1454/558/319
f 1436/557/320 1454/558/320 1435/559/322
f 1435/559/322 1454/558/320 1455/560/322
f 1435/559/324 1455/560/324 1434/561/323
f 1434/561/323 1455/560/321 1456/562/323
f 1434/561/267 1456/562/267 1433/563/268
f 1433/563/268 1456/562/267 1457/224/268
f 1433/563/269 1457/224/269 1432/564/270
f 1432/564/270 1457/224/269 1458/565/270
f 1432/564/271 1458/565/271 1431/566/273
f 1431/566/272 1458/565/271 1459/567/272
f 1431/566/274 1459/567/274 1430/568/276
f 1430/568/276 1459/567/274 1460/569/276
f 1430/568/277 1460/569/277 1429/570/278
f 1429/570/278 1460/569/277 1461/571/278
f 1429/570/279 1461/571/279 1428/572/280
f 1428/572/280 1461/571/279 1462/573/280
f 1428/572/281 1462/573/281 1427/574/282
f 1427/574/282 1462/573/281 1463/575/282
f 1427/574/283 1463/575/283 1426/576/284
f 1426/576/284 1463/575/283 1464/577/284
f 1426/576/285 1464/577/285 1425/578/286
f 1425/578/286 1464/577/285 1465/579/286
f 1425/578/287 1465/579/287 1424/580/328
f 1424/580/288 1465/579/287 1466/581/288
f 1424/580/291 1466/581/291 1423/582/290
f 1423/582/290 1466/581/291 1467/583/290
f 1423/582/294 1467/583/294 1422/535/293
f 1422/535/293 1467/583/292 1468/536/293
f 1444/584/52 1434/585/52 1421/586/52
f 1421/586/52 1434/585/52 1433/587/52
f 1421/586/52 1433/587/52 1422/588/52
f 1422/588/52 1433/587/52 1432/589/52
f 1422/588/52 1432/589/52 1423/590/52
f 1423/590/52 1432/589/52 1431/591/52
f 1423/590/52 1431/591/52 1424/592/52
f 1424/592/52 1431/591/52 1430/593/52
f 1424/592/52 1430/593/52 1425/594/52
f 1425/594/52 1430/593/52 1429/595/52
f 1425/594/52 1429/595/52 1426/596/52
f 1426/596/52 1429/595/52 1428/597/52
f 1426/596/52 1428/597/52 1427/598/52
f 1434/585/52 1444/584/52 1435/599/52
f 1435/599/52 1444/584/52 1443/600/52
f 1435/599/52 1443/600/52 1436/601/52
f 1436/601/52 1443/600/52 1442/602/52
f 1436/601/52 1442/602/52 1437/603/52
f 1437/603/52 1442/602/52 1441/604/52
f 1437/603/52 1441/604/52 1438/605/52
f 1438/605/52 1441/604/52 1440/606/52
f 1438/605/52 1440/606/52 1439/607/52
f 1470/535/295 1516/536/295 1469/537/48
f 1469/537/296 1516/536/297 1493/538/296
f 1469/539/298 1493/540/298 1492/541/299
f 1492/541/300 1493/540/48 1494/542/300
f 1492/541/301 1494/542/301 1491/543/302
f 1491/543/303 1494/542/301 1495/544/303
f 1491/543/306 1495/544/306 1490/545/304
f 1490/545/304 1495/544/306 1496/546/304
f 1490/545/327 1496/546/327 1489/547/308
f 1489/547/308 1496/546/307 1497/548/308
f 1489/547/309 1497/548/309 1488/549/310
f 1488/549/310 1497/548/309 1498/550/310
f 1488/549/311 1498/550/311 1487/551/125
f 1487/551/125 1498/550/312 1499/552/125
f 1487/551/126 1499/552/126 1486/553/313
f 1486/553/314 1499/552/126 1500/554/314
f 1486/553/315 1500/554/315 1485/555/316
f 1485/555/316 1500/554/315 1501/556/316
f 1485/555/317 1501/556/317 1484/557/319
f 1484/557/319 1501/556/317 1502/558/319
f 1484/557/320 1502/558/320 1483/559/322
f 1483/559/322 1502/558/320 1503/560/322
f 1483/559/321 1503/560/321 1482/561/323
f 1482/561/323 1503/560/324 1504/562/323
f 1482/561/326 1504/562/326 1481/563/268
f 1481/563/50 1504/562/329 1505/224/50
f 1481/563/50 1505/224/50 1480/564/330
f 1480/564/325 1505/224/269 1506/565/325
f 1480/564/271 1506/565/271 1479/566/272
f 1479/566/273 1506/565/271 1507/567/273
f 1479/566/274 1507/567/274 1478/568/276
f 1478/568/276 1507/567/274 1508/569/276
f 1478/568/277 1508/569/277 1477/570/278
f 1477/570/278 1508/569/277 1509/571/278
f 1477/570/279 1509/571/279 1476/572/280
f 1476/572/280 1509/571/279 1510/573/280
f 1476/572/281 1510/573/281 1475/574/282
f 1475/574/282 1510/573/281 1511/575/282
f 1475/574/283 1511/575/283 1474/576/284
f 1474/576/284 1511/575/283 1512/577/284
f 1474/576/285 1512/577/285 1473/578/286
f 1473/578/286 1512/577/285 1513/579/286
f 1473/578/287 1513/579/287 1472/580/288
f 1472/580/328 1513/579/287 1514/581/328
f 1472/580/291 1514/581/291 1471/582/290
f 1471/582/290 1514/581/291 1515/583/290
f 1471/582/292 1515/583/292 1470/535/293
f 1470/535/293 1515/583/294 1516/536/293
f 1492/584/52 1482/585/52 1469/586/52
f 1469/586/52 1482/585/52 1481/587/52
f 1469/586/52 1481/587/52 1470/588/52
f 1470/588/52 1481/587/52 1480/589/52
f 1470/588/52 1480/589/52 1471/590/52
f 1471/590/52 1480/589/52 1479/591/52
f 1471/590/52 1479/591/52 1472/592/52
f 1472/592/52 1479/591/52 1478/593/52
f 1472/592/52 1478/593/52 1473/594/52
f 1473/594/52 1478/593/52 1477/595/52
f 1473/594/52 1477/595/52 1474/596/52
f 1474/596/52 1477/595/52 1476/597/52
f 1474/596/52 1476/597/52 1475/598/52
f 1482/585/52 1492/584/52 1483/599/52
f 1483/599/52 1492/584/52 1491/600/52
f 1483/599/52 1491/600/52 1484/601/52
f 1484/601/52 1491/600/52 1490/602/52
f 1484/601/52 1490/602/52 1485/603/52
f 1485/603/52 1490/602/52 1489/604/52
f 1485/603/52 1489/604/52 1486/605/52
f 1486/605/52 1489/604/52 1488/606/52
f 1486/605/52 1488/606/52 1487/607/52
f 1518/535/295 1564/536/295 1517/537/48
f 1517/537/296 1564/536/297 1541/538/296
f 1517/539/298 1541/540/298 1540/541/299
f 1540/541/300 1541/540/48 1542/542/300
f 1540/541/301 1542/542/301 1539/543/302
f 1539/543/303 1542/542/301 1543/544/303
f 1539/543/306 1543/544/306 1538/545/304
f 1538/545/304 1543/544/306 1544/546/304
f 1538/545/327 1544/546/327 1537/547/308
f 1537/547/308 1544/546/307 1545/548/308
f 1537/547/309 1545/548/309 1536/549/310
f 1536/549/310 1545/548/309 1546/550/310
f 1536/549/311 1546/550/311 1535/551/125
f 1535/551/125 1546/550/312 1547/552/125
f 1535/551/126 1547/552/126 1534/553/313
f 1534/553/314 1547/552/126 1548/554/314
f 1534/553/315 1548/554/315 1533/555/316
f 1533/555/316 1548/554/315 1549/556/316
f 1533/555/317 1549/556/317 1532/557/319
f 1532/557/319 1549/556/317 1550/558/319
f 1532/557/320 1550/558/320 1531/559/322
f 1531/559/322 1550/558/320 1551/560/322
f 1531/559/321 1551/560/321 1530/561/323
f 1530/561/323 1551/560/324 1552/562/323
f 1530/561/326 1552/562/326 1529/563/268
f 1529/563/50 1552/562/329 1553/224/50
f 1529/563/50 1553/224/50 1528/564/330
f 1528/564/325 1553/224/269 1554/565/325
f 1528/564/271 1554/565/271 1527/566/272
f 1527/566/273 1554/565/271 1555/567/273
f 1527/566/274 1555/567/274 1526/568/276
f 1526/568/276 1555/567/274 1556/569/276
f 1526/568/277 1556/569/277 1525/570/278
f 1525/570/278 1556/569/277 1557/571/278
f 1525/570/279 1557/571/279 1524/572/280
f 1524/572/280 1557/571/279 1558/573/280
f 1524/572/281 1558/573/281 1523/574/282
f 1523/574/282 1558/573/281 1559/575/282
f 1523/574/283 1559/575/283 1522/576/284
f 1522/576/284 1559/575/283 1560/577/284
f 1522/576/285 1560/577/285 1521/578/286
f 1521/578/286 1560/577/285 1561/579/286
f 1521/578/287 1561/579/287 1520/580/288
f 1520/580/328 1561/579/287 1562/581/328
f 1520/580/291 1562/581/291 1519/582/290
f 1519/582/290 1562/581/291 1563/583/290
f 1519/582/292 1563/583/292 1518/535/293
f 1518/535/293 1563/583/294 1564/536/293
f 1540/584/52 1530/585/52 1517/586/52
f 1517/586/52 1530/585/52 1529/587/52
f 1517/586/52 1529/587/52 1518/588/52
f 1518/588/52 1529/587/52 1528/589/52
f 1518/588/52 1528/589/52 1519/590/52
f 1519/590/52 1528/589/52 1527/591/52
f 1519/590/52 1527/591/52 1520/592/52
f 1520/592/52 1527/591/52 1526/593/52
f 1520/592/52 1526/593/52 1521/594/52
f 1521/594/52 1526/593/52 1525/595/52
f 1521/594/52 1525/595/52 1522/596/52
f 1522/596/52 1525/595/52 1524/597/52
f 1522/596/52 1524/597/52 1523/598/52
f 1530/585/52 1540/584/52 1531/599/52
f 1531/599/52 1540/584/52 1539/600/52
f 1531/599/52 1539/600/52 1532/601/52
f 1532/601/52 1539/600/52 1538/602/52
f 1532/601/52 1538/602/52 1533/603/52
f 1533/603/52 1538/602/52 1537/604/52
f 1533/603/52 1537/604/52 1534/605/52
f 1534/605/52 1537/604/52 1536/606/52
f 1534/605/52 1536/606/52 1535/607/52
f 1566/535/297 1612/536/297 1565/537/296
f 1565/537/48 1612/536/295 1589/538/48
f 1565/539/48 1589/540/48 1588/541/300
f 1588/541/299 1589/540/298 1590/542/299
f 1588/541/301 1590/542/301 1587/543/303
f 1587/543/302 1590/542/301 1591/544/302
f 1587/543/306 1591/544/306 1586/545/304
f 1586/545/304 1591/544/306 1592/546/304
f 1586/545/307 1592/546/307 1585/547/308
f 1585/547/308 1592/546/307 1593/548/308
f 1585/547/309 1593/548/309 1584/549/310
f 1584/549/310 1593/548/309 1594/550/310
f 1584/549/312 1594/550/312 1583/551/125
f 1583/551/125 1594/550/311 1595/552/125
f 1583/551/126 1595/552/126 1582/553/314
f 1582/553/313 1595/552/126 1596/554/313
f 1582/553/315 1596/554/315 1581/555/316
f 1581/555/316 1596/554/315 1597/556/316
f 1581/555/317 1597/556/317 1580/557/319
f 1580/557/319 1597/556/317 1598/558/319
f 1580/557/320 1598/558/320 1579/559/322
f 1579/559/322 1598/558/320 1599/560/322
f 1579/559/324 1599/560/324 1578/561/323
f 1578/561/323 1599/560/321 1600/562/323
f 1578/561/267 1600/562/267 1577/563/268
f 1577/563/268 1600/562/267 1601/224/268
f 1577/563/269 1601/224/269 1576/564/270
f 1576/564/270 1601/224/269 1602/565/270
f 1576/564/271 1602/565/271 1575/566/273
f 1575/566/272 1602/565/271 1603/567/272
f 1575/566/274 1603/567/274 1574/568/276
f 1574/568/276 1603/567/274 1604/569/276
f 1574/568/277 1604/569/277 1573/570/278
f 1573/570/278 1604/569/277 1605/571/278
f 1573/570/279 1605/571/279 1572/572/280
f 1572/572/280 1605/571/279 1606/573/280
f 1572/572/281 1606/573/281 1571/574/282
f 1571/574/282 1606/573/281 1607/575/282
f 1571/574/283 1607/575/283 1570/576/284
f 1570/576/284 1607/575/283 1608/577/284
f 1570/576/285 1608/577/285 1569/578/286
f 1569/578/286 1608/577/285 1609/579/286
f 1569/578/287 1609/579/287 1568/580/288
f 1568/580/288 1609/579/287 1610/581/288
f 1568/580/291 1610/581/291 1567/582/290
f 1567/582/290 1610/581/291 1611/583/290
f 1567/582/294 1611/583/294 1566/535/293
f 1566/535/293 1611/583/292 1612/536/293
f 1588/584/52 1578/585/52 1565/586/52
f 1565/586/52 1578/585/52 1577/587/52
f 1565/586/52 1577/587/52 1566/588/52
f 1566/588/52 1577/587/52 1576/589/52
f 1566/588/52 1576/589/52 1567/590/52
f 1567/590/52 1576/589/52 1575/591/52
f 1567/590/52 1575/591/52 1568/592/52
f 1568/592/52 1575/591/52 1574/593/52
f 1568/592/52 1574/593/52 1569/594/52
f 1569/594/52 1574/593/52 1573/595/52
f 1569/594/52 1573/595/52 1570/596/52
f 1570/596/52 1573/595/52 1572/597/52
f 1570/596/52 1572/597/52 1571/598/52
f 1578/585/52 1588/584/52 1579/599/52
f 1579/599/52 1588/584/52 1587/600/52
f 1579/599/52 1587/600/52 1580/601/52
f 1580/601/52 1587/600/52 1586/602/52
f 1580/601/52 1586/602/52 1581/603/52
f 1581/603/52 1586/602/52 1585/604/52
f 1581/603/52 1585/604/52 1582/605/52
f 1582/605/52 1585/604/52 1584/606/52
f 1582/605/52 1584/606/52 1583/607/52
f 1614/535/409 1660/536/409 1613/537/410
f 1613/537/410 1660/536/409 1637/538/410
f 1613/539/411 1637/540/411 1636/541/412
f 1636/541/412 1637/540/411 1638/542/412
f 1636/541/413 1638/542/413 1635/543/414
f 1635/543/414 1638/542/413 1639/544/414
f 1635/543/415 1639/544/415 1634/545/416
f 1634/545/416 1639/544/415 1640/546/416
f 1634/545/417 1640/546/417 1633/547/418
f 1633/547/418 1640/546/417 1641/548/418
f 1633/547/419 1641/548/419 1632/549/420
f 1632/549/420 1641/548/419 1642/550/420
f 1632/549/421 1642/550/421 1631/551/422
f 1631/551/422 1642/550/421 1643/552/422
f 1631/551/423 1643/552/423 1630/553/424
f 1630/553/424 1643/552/423 1644/554/424
f 1630/553/425 1644/554/425 1629/555/426
f 1629/555/426 1644/554/425 1645/556/426
f 1629/555/427 1645/556/427 1628/557/428
f 1628/557/429 1645/556/427 1646/558/429
f 1628/557/430 1646/558/430 1627/559/431
f 1627/559/431 1646/558/430 1647/560/431
f 1627/559/432 1647/560/432 1626/561/433
f 1626/561/433 1647/560/432 1648/562/433
f 1626/561/434 1648/562/434 1625/563/435
f 1625/563/435 1648/562/434 1649/224/435
f 1625/563/436 1649/224/436 1624/564/437
f 1624/564/437 1649/224/436 1650/565/437
f 1624/564/438 1650/565/438 1623/566/439
f 1623/566/439 1650/565/438 1651/567/439
f 1623/566/440 1651/567/440 1622/568/441
f 1622/568/441 1651/567/440 1652/569/441
f 1622/568/442 1652/569/442 1621/570/443
f 1621/570/443 1652/569/444 1653/571/443
f 1621/570/445 1653/571/445 1620/572/446
f 1620/572/446 1653/571/445 1654/573/446
f 1620/572/447 1654/573/447 1619/574/448
f 1619/574/448 1654/573/447 1655/575/448
f 1619/574/449 1655/575/449 1618/576/450
f 1618/576/451 1655/575/449 1656/577/451
f 1618/576/452 1656/577/452 1617/578/453
f 1617/578/453 1656/577/452 1657/579/453
f 1617/578/454 1657/579/454 1616/580/455
f 1616/580/455 1657/579/454 1658/581/455
f 1616/580/456 1658/581/456 1615/582/457
f 1615/582/457 1658/581/456 1659/583/457
f 1615/582/458 1659/583/458 1614/535/459
f 1614/535/459 1659/583/458 1660/536/459
f 1636/584/49 1626/585/49 1613/586/49
f 1613/586/49 1626/585/49 1625/587/49
f 1613/586/49 1625/587/49 1614/588/49
f 1614/588/49 1625/587/49 1624/589/49
f 1614/588/49 1624/589/49 1615/590/49
f 1615/590/49 1624/589/49 1623/591/49
f 1615/590/49 1623/591/49 1616/592/49
f 1616/592/49 1623/591/49 1622/593/49
f 1616/592/49 1622/593/49 1617/594/49
f 1617/594/49 1622/593/49 1621/595/49
f 1617/594/49 1621/595/49 1618/596/49
f 1618/596/49 1621/595/49 1620/597/49
f 1618/596/49 1620/597/49 1619/598/49
f 1626/585/49 1636/584/49 1627/599/49
f 1627/599/49 1636/584/49 1635/600/49
f 1627/599/49 1635/600/49 1628/601/49
f 1628/601/49 1635/600/49 1634/602/49
f 1628/601/49 1634/602/49 1629/603/49
f 1629/603/49 1634/602/49 1633/604/49
f 1629/603/49 1633/604/49 1630/605/49
f 1630/605/49 1633/604/49 1632/606/49
f 1630/605/49 1632/606/49 1631/607/49
f 1662/535/460 1708/536/460 1661/537/410
f 1661/537/410 1708/536/460 1685/538/410
f 1661/539/411 1685/540/411 1684/541/461
f 1684/541/461 1685/540/411 1686/542/461
f 1684/541/413 1686/542/413 1683/543/414
f 1683/543/414 1686/542/413 1687/544/414
f 1683/543/415 1687/544/415 1682/545/416
f 1682/545/416 1687/544/415 1688/546/416
f 1682/545/417 1688/546/417 1681/547/418
f 1681/547/418 1688/546/417 1689/548/418
f 1681/547/419 1689/548/419 1680/549/420
f 1680/549/420 1689/548/419 1690/550/420
f 1680/549/462 1690/550/462 1679/551/422
f 1679/551/422 1690/550/462 1691/552/422
f 1679/551/423 1691/552/423 1678/553/424
f 1678/553/424 1691/552/423 1692/554/424
f 1678/553/425 1692/554/425 1677/555/426
f 1677/555/426 1692/554/425 1693/556/426
f 1677/555/427 1693/556/427 1676/557/428
f 1676/557/429 1693/556/427 1694/558/429
f 1676/557/430 1694/558/430 1675/559/431
f 1675/559/431 1694/558/430 1695/560/431
f 1675/559/432 1695/560/432 1674/561/433
f 1674/561/433 1695/560/432 1696/562/433
f 1674/561/434 1696/562/434 1673/563/435
f 1673/563/435 1696/562/434 1697/224/435
f 1673/563/436 1697/224/436 1672/564/437
f 1672/564/437 1697/224/436 1698/565/437
f 1672/564/438 1698/565/438 1671/566/439
f 1671/566/439 1698/565/438 1699/567/439
f 1671/566/440 1699/567/440 1670/568/441
f 1670/568/441 1699/567/440 1700/569/441
f 1670/568/442 1700/569/442 1669/570/443
f 1669/570/443 1700/569/444 1701/571/443
f 1669/570/445 1701/571/445 1668/572/446
f 1668/572/446 1701/571/445 1702/573/446
f 1668/572/447 1702/573/447 1667/574/448
f 1667/574/448 1702/573/447 1703/575/448
f 1667/574/449 1703/575/449 1666/576/450
f 1666/576/450 1703/575/449 1704/577/450
f 1666/576/452 1704/577/452 1665/578/453
f 1665/578/453 1704/577/452 1705/579/453
f 1665/578/454 1705/579/454 1664/580/455
f 1664/580/455 1705/579/454 1706/581/455
f 1664/580/456 1706/581/456 1663/582/457
f 1663/582/457 1706/581/456 1707/583/457
f 1663/582/458 1707/583/458 1662/535/459
f 1662/535/459 1707/583/458 1708/536/459
f 1684/584/49 1674/585/49 1661/586/49
f 1661/586/49 1674/585/49 1673/587/49
f 1661/586/49 1673/587/49 1662/588/49
f 1662/588/49 1673/587/49 1672/589/49
f 1662/588/49 1672/589/49 1663/590/49
f 1663/590/49 1672/589/49 1671/591/49
f 1663/590/49 1671/591/49 1664/592/49
f 1664/592/49 1671/591/49 1670/593/49
f 1664/592/49 1670/593/49 1665/594/49
f 1665/594/49 1670/593/49 1669/595/49
f 1665/594/49 1669/595/49 1666/596/49
f 1666/596/49 1669/595/49 1668/597/49
f 1666/596/49 1668/597/49 1667/598/49
f 1674/585/49 1684/584/49 1675/599/49
f 1675/599/49 1684/584/49 1683/600/49
f 1675/599/49 1683/600/49 1676/601/49
f 1676/601/49 1683/600/49 1682/602/49
f 1676/601/49 1682/602/49 1677/603/49
f 1677/603/49 1682/602/49 1681/604/49
f 1677/603/49 1681/604/49 1678/605/49
f 1678/605/49 1681/604/49 1680/606/49
f 1678/605/49 1680/606/49 1679/607/49
f 1710/1064/437 1756/536/437 1709/1065/436
f 1709/1065/436 1756/536/437 1733/538/436
f 1709/1066/435 1733/540/435 1732/1067/434
f 1732/1067/434 1733/540/435 1734/542/434
f 1732/1067/433 1734/542/433 1731/1068/432
f 1731/1068/432 1734/542/433 1735/544/432
f 1731/1068/431 1735/544/431 1730/1069/430
f 1730/1069/430 1735/544/431 1736/546/430
f 1730/1069/428 1736/546/428 1729/1070/427
f 1729/1070/427 1736/546/463 1737/548/427
f 1729/1070/426 1737/548/426 1728/1071/425
f 1728/1071/425 1737/548/426 1738/550/425
f 1728/1071/424 1738/550/424 1727/1072/423
f 1727/1072/423 1738/550/424 1739/552/423
f 1727/1072/422 1739/552/422 1726/1073/421
f 1726/1073/421 1739/552/422 1740/554/421
f 1726/1073/420 1740/554/420 1725/1074/419
f 1725/1074/419 1740/554/420 1741/556/419
f 1725/1074/418 1741/556/418 1724/1075/464
f 1724/1075/417 1741/556/418 1742/558/417
f 1724/1075/416 1742/558/416 1723/1076/415
f 1723/1076/415 1742/558/416 1743/560/415
f 1723/1076/414 1743/560/414 1722/1077/413
f 1722/1077/413 1743/560/414 1744/562/413
f 1722/1077/412 1744/562/412 1721/1078/411
f 1721/1078/411 1744/562/412 1745/224/411
f 1721/1078/410 1745/224/410 1720/1079/409
f 1720/1079/409 1745/224/410 1746/1080/409
f 1720/1079/459 1746/1080/459 1719/1081/458
f 1719/1081/458 1746/1080/459 1747/567/458
f 1719/1081/457 1747/567/457 1718/1082/456
f 1718/1082/465 1747/567/457 1748/569/465
f 1718/1082/466 1748/569/466 1717/1083/454
f 1717/1083/454 1748/569/455 1749/571/454
f 1717/1083/453 1749/571/453 1716/1084/452
f 1716/1084/452 1749/571/453 1750/1085/452
f 1716/1084/451 1750/1085/451 1715/1086/449
f 1715/1086/449 1750/1085/451 1751/575/449
f 1715/1086/448 1751/575/448 1714/1087/447
f 1714/1087/447 1751/575/448 1752/577/447
f 1714/1087/446 1752/577/446 1713/1088/445
f 1713/1088/445 1752/577/446 1753/579/445
f 1713/1088/443 1753/579/443 1712/1089/442
f 1712/1089/444 1753/579/443 1754/581/444
f 1712/1089/444 1754/581/444 1711/1090/440
f 1711/1090/440 1754/581/441 1755/583/440
f 1711/1090/439 1755/583/439 1710/1064/438
f 1710/1064/438 1755/583/439 1756/536/438
f 1732/584/51 1722/585/51 1709/586/51
f 1709/586/51 1722/585/51 1721/587/51
f 1709/586/51 1721/587/51 1710/588/51
f 1710/588/51 1721/587/51 1720/589/51
f 1710/588/51 1720/589/51 1711/590/51
f 1711/590/51 1720/589/51 1719/591/51
f 1711/590/51 1719/591/51 1712/592/51
f 1712/592/51 1719/591/51 1718/593/51
f 1712/592/51 1718/593/51 1713/594/51
f 1713/594/51 1718/593/51 1717/595/51
f 1713/594/51 1717/595/51 1714/596/51
f 1714/596/51 1717/595/51 1716/597/51
f 1714/596/51 1716/597/51 1715/598/51
f 1722/585/51 1732/584/51 1723/599/51
f 1723/599/51 1732/584/51 1731/600/51
f 1723/599/51 1731/600/51 1724/601/51
f 1724/601/51 1731/600/51 1730/602/51
f 1724/601/51 1730/602/51 1725/603/51
f 1725/603/51 1730/602/51 1729/604/51
f 1725/603/51 1729/604/51 1726/605/51
f 1726/605/51 1729/604/51 1728/606/51
f 1726/605/51 1728/606/51 1727/607/51
f 1758/1064/437 1804/536/437 1757/1065/436
f 1757/1065/436 1804/536/437 1781/538/436
f 1757/1066/435 1781/540/435 1780/1067/434
f 1780/1067/434 1781/540/435 1782/542/434
f 1780/1067/433 1782/542/433 1779/1068/432
f 1779/1068/432 1782/542/433 1783/544/432
f 1779/1068/431 1783/544/431 1778/1069/430
f 1778/1069/430 1783/544/431 1784/546/430
f 1778/1069/428 1784/546/428 1777/1070/427
f 1777/1070/427 1784/546/463 1785/548/427
f 1777/1070/426 1785/548/426 1776/1071/425
f 1776/1071/425 1785/548/426 1786/550/425
f 1776/1071/424 1786/550/424 1775/1072/423
f 1775/1072/423 1786/550/424 1787/552/423
f 1775/1072/422 1787/552/422 1774/1073/462
f 1774/1073/462 1787/552/422 1788/554/462
f 1774/1073/420 1788/554/420 1773/1074/419
f 1773/1074/419 1788/554/420 1789/556/419
f 1773/1074/418 1789/556/418 1772/1075/464
f 1772/1075/417 1789/556/418 1790/558/417
f 1772/1075/416 1790/558/416 1771/1076/415
f 1771/1076/415 1790/558/416 1791/560/415
f 1771/1076/414 1791/560/414 1770/1077/413
f 1770/1077/413 1791/560/414 1792/562/413
f 1770/1077/461 1792/562/461 1769/1078/411
f 1769/1078/411 1792/562/461 1793/224/411
f 1769/1078/410 1793/224/410 1768/1079/460
f 1768/1079/460 1793/224/410 1794/1080/460
f 1768/1079/459 1794/1080/459 1767/1081/458
f 1767/1081/458 1794/1080/459 1795/567/458
f 1767/1081/457 1795/567/457 1766/1082/456
f 1766/1082/465 1795/567/457 1796/569/465
f 1766/1082/466 1796/569/466 1765/1083/454
f 1765/1083/454 1796/569/455 1797/571/454
f 1765/1083/453 1797/571/453 1764/1084/452
f 1764/1084/452 1797/571/453 1798/1085/452
f 1764/1084/450 1798/1085/450 1763/1086/449
f 1763/1086/449 1798/1085/450 1799/575/449
f 1763/1086/448 1799/575/448 1762/1087/447
f 1762/1087/447 1799/575/448 1800/577/447
f 1762/1087/446 1800/577/446 1761/1088/445
f 1761/1088/445 1800/577/446 1801/579/445
f 1761/1088/443 1801/579/443 1760/1089/442
f 1760/1089/444 1801/579/443 1802/581/444
f 1760/1089/444 1802/581/444 1759/1090/440
f 1759/1090/440 1802/581/441 1803/583/440
f 1759/1090/439 1803/583/439 1758/1064/438
f 1758/1064/438 1803/583/439 1804/536/438
f 1780/584/51 1770/585/51 1757/586/51
f 1757/586/51 1770/585/51 1769/587/51
f 1757/586/51 1769/587/51 1758/588/51
f 1758/588/51 1769/587/51 1768/589/51
f 1758/588/51 1768/589/51 1759/590/51
f 1759/590/51 1768/589/51 1767/591/51
f 1759/590/51 1767/591/51 1760/592/51
f 1760/592/51 1767/591/51 1766/593/51
f 1760/592/51 1766/593/51 1761/594/51
f 1761/594/51 1766/593/51 1765/595/51
f 1761/594/51 1765/595/51 1762/596/51
f 1762/596/51 1765/595/51 1764/597/51
f 1762/596/51 1764/597/51 1763/598/51
f 1770/585/51 1780/584/51 1771/599/51
f 1771/599/51 1780/584/51 1779/600/51
f 1771/599/51 1779/600/51 1772/601/51
f 1772/601/51 1779/600/51 1778/602/51
f 1772/601/51 1778/602/51 1773/603/51
f 1773/603/51 1778/602/51 1777/604/51
f 1773/603/51 1777/604/51 1774/605/51
f 1774/605/51 1777/604/51 1776/606/51
f 1774/605/51 1776/606/51 1775/607/51
f 1806/1064/437 1852/536/437 1805/1065/436
f 1805/1065/436 1852/536/437 1829/538/436
f 1805/1066/435 1829/540/435 1828/1067/434
f 1828/1067/434 1829/540/435 1830/542/434
f 1828/1067/433 1830/542/433 1827/1068/432
f 1827/1068/432 1830/542/433 1831/544/432
f 1827/1068/431 1831/544/431 1826/1069/430
f 1826/1069/430 1831/544/431 1832/546/430
f 1826/1069/429 1832/546/429 1825/1091/427
f 1825/1091/427 1832/546/428 1833/1092/427
f 1825/1091/426 1833/1092/426 1824/1071/425
f 1824/1071/425 1833/1092/426 1834/550/425
f 1824/1071/424 1834/550/424 1823/1072/423
f 1823/1072/423 1834/550/424 1835/552/423
f 1823/1072/422 1835/552/422 1822/1073/421
f 1822/1073/421 1835/552/422 1836/554/421
f 1822/1073/420 1836/554/420 1821/1074/419
f 1821/1074/419 1836/554/420 1837/556/419
f 1821/1074/418 1837/556/418 1820/1075/417
f 1820/1075/417 1837/556/418 1838/558/417
f 1820/1075/416 1838/558/416 1819/1076/415
f 1819/1076/415 1838/558/416 1839/560/415
f 1819/1076/414 1839/560/414 1818/1077/413
f 1818/1077/413 1839/560/414 1840/562/413
f 1818/1077/412 1840/562/412 1817/1078/411
f 1817/1078/411 1840/562/412 1841/224/411
f 1817/1078/410 1841/224/410 1816/1079/409
f 1816/1079/409 1841/224/410 1842/565/409
f 1816/1079/459 1842/565/459 1815/1081/458
f 1815/1081/458 1842/565/459 1843/1093/458
f 1815/1081/457 1843/1093/457 1814/1082/456
f 1814/1082/456 1843/1093/457 1844/1094/456
f 1814/1082/466 1844/1094/466 1813/1083/454
f 1813/1083/454 1844/1094/455 1845/571/454
f 1813/1083/453 1845/571/453 1812/1084/452
f 1812/1084/452 1845/571/453 1846/573/452
f 1812/1084/451 1846/573/451 1811/1086/449
f 1811/1086/449 1846/573/451 1847/575/449
f 1811/1086/448 1847/575/448 1810/1087/447
f 1810/1087/447 1847/575/448 1848/577/447
f 1810/1087/446 1848/577/446 1809/1095/445
f 1809/1095/445 1848/577/446 1849/1096/445
f 1809/1095/443 1849/1096/443 1808/1089/444
f 1808/1089/442 1849/1096/443 1850/581/442
f 1808/1089/441 1850/581/441 1807/1090/440
f 1807/1090/440 1850/581/441 1851/583/440
f 1807/1090/439 1851/583/439 1806/1064/438
f 1806/1064/438 1851/583/439 1852/536/438
f 1828/584/51 1818/585/51 1805/586/51
f 1805/586/51 1818/585/51 1817/587/51
f 1805/586/51 1817/587/51 1806/588/51
f 1806/588/51 1817/587/51 1816/589/51
f 1806/588/51 1816/589/51 1807/590/51
f 1807/590/51 1816/589/51 1815/591/51
f 1807/590/51 1815/591/51 1808/592/51
f 1808/592/51 1815/591/51 1814/593/51
f 1808/592/51 1814/593/51 1809/594/51
f 1809/594/51 1814/593/51 1813/595/51
f 1809/594/51 1813/595/51 1810/596/51
f 1810/596/51 1813/595/51 1812/597/51
f 1810/596/51 1812/597/51 1811/598/51
f 1818/585/51 1828/584/51 1819/599/51
f 1819/599/51 1828/584/51 1827/600/51
f 1819/599/51 1827/600/51 1820/601/51
f 1820/601/51 1827/600/51 1826/602/51
f 1820/601/51 1826/602/51 1821/603/51
f 1821/603/51 1826/602/51 1825/604/51
f 1821/603/51 1825/604/51 1822/605/51
f 1822/605/51 1825/604/51 1824/606/51
f 1822/605/51 1824/606/51 1823/607/51
f 1854/1064/437 1900/536/437 1853/1065/436
f 1853/1065/436 1900/536/437 1877/538/436
f 1853/1066/435 1877/540/435 1876/1067/434
f 1876/1067/434 1877/540/435 1878/542/434
f 1876/1067/433 1878/542/433 1875/1068/432
f 1875/1068/432 1878/542/433 1879/544/432
f 1875/1068/431 1879/544/431 1874/1069/430
f 1874/1069/430 1879/544/431 1880/546/430
f 1874/1069/429 1880/546/429 1873/1070/427
f 1873/1070/427 1880/546/428 1881/548/427
f 1873/1070/426 1881/548/426 1872/1071/425
f 1872/1071/425 1881/548/426 1882/550/425
f 1872/1071/424 1882/550/424 1871/1072/423
f 1871/1072/423 1882/550/424 1883/552/423
f 1871/1072/422 1883/552/422 1870/1073/462
f 1870/1073/462 1883/552/422 1884/554/462
f 1870/1073/420 1884/554/420 1869/1074/419
f 1869/1074/419 1884/554/420 1885/556/419
f 1869/1074/418 1885/556/418 1868/1075/417
f 1868/1075/417 1885/556/418 1886/558/417
f 1868/1075/416 1886/558/416 1867/1076/415
f 1867/1076/415 1886/558/416 1887/560/415
f 1867/1076/414 1887/560/414 1866/1077/413
f 1866/1077/413 1887/560/414 1888/562/413
f 1866/1077/461 1888/562/461 1865/1078/411
f 1865/1078/411 1888/562/461 1889/224/411
f 1865/1078/410 1889/224/410 1864/1079/460
f 1864/1079/460 1889/224/410 1890/1080/460
f 1864/1079/459 1890/1080/459 1863/1081/458
f 1863/1081/458 1890/1080/459 1891/567/458
f 1863/1081/457 1891/567/457 1862/1082/456
f 1862/1082/456 1891/567/457 1892/1094/456
f 1862/1082/466 1892/1094/466 1861/1083/454
f 1861/1083/454 1892/1094/455 1893/844/454
f 1861/1083/453 1893/844/453 1860/1084/452
f 1860/1084/452 1893/844/453 1894/1085/452
f 1860/1084/450 1894/1085/450 1859/1086/449
f 1859/1086/449 1894/1085/450 1895/575/449
f 1859/1086/448 1895/575/448 1858/1087/447
f 1858/1087/447 1895/575/448 1896/577/447
f 1858/1087/446 1896/577/446 1857/1088/445
f 1857/1088/445 1896/577/446 1897/579/445
f 1857/1088/443 1897/579/443 1856/1089/444
f 1856/1089/442 1897/579/443 1898/581/442
f 1856/1089/441 1898/581/441 1855/1090/440
f 1855/1090/440 1898/581/441 1899/583/440
f 1855/1090/439 1899/583/439 1854/1064/438
f 1854/1064/438 1899/583/439 1900/536/438
f 1876/584/51 1866/585/51 1853/586/51
f 1853/586/51 1866/585/51 1865/587/51
f 1853/586/51 1865/587/51 1854/588/51
f 1854/588/51 1865/587/51 1864/589/51
f 1854/588/51 1864/589/51 1855/590/51
f 1855/590/51 1864/589/51 1863/591/51
f 1855/590/51 1863/591/51 1856/592/51
f 1856/592/51 1863/591/51 1862/593/51
f 1856/592/51 1862/593/51 1857/594/51
f 1857/594/51 1862/593/51 1861/595/51
f 1857/594/51 1861/595/51 1858/596/51
f 1858/596/51 1861/595/51 1860/597/51
f 1858/596/51 1860/597/51 1859/598/51
f 1866/585/51 1876/584/51 1867/599/51
f 1867/599/51 1876/584/51 1875/600/51
f 1867/599/51 1875/600/51 1868/601/51
f 1868/601/51 1875/600/51 1874/602/51
f 1868/601/51 1874/602/51 1869/603/51
f 1869/603/51 1874/602/51 1873/604/51
f 1869/603/51 1873/604/51 1870/605/51
f 1870/605/51 1873/604/51 1872/606/51
f 1870/605/51 1872/606/51 1871/607/51
f 281/1097/48 1901/448/48 278/1098/48
f 278/1098/48 1901/448/48 657/491/48
f 278/1098/48 657/491/48 656/492/48
f 1902/435/48 664/452/48 1901/448/48
f 1901/448/467 664/452/467 663/453/467
f 1901/448/48 663/453/48 662/454/48
f 1903/224/48 524/528/48 1902/435/48
f 1902/435/48 524/528/48 523/529/48
f 1902/435/48 523/529/48 599/519/48
f 599/519/48 523/529/48 600/518/48
f 600/518/48 523/529/48 522/530/48
f 600/518/48 522/530/48 601/517/48
f 601/517/48 522/530/48 521/531/48
f 601/517/48 521/531/48 602/516/48
f 602/516/48 521/531/48 520/439/48
f 602/516/48 520/439/48 603/515/48
f 603/515/48 520/439/48 519/440/48
f 603/515/48 519/440/48 518/441/48
f 162/444/48 509/445/48 1903/224/48
f 1903/224/48 509/445/48 508/446/48
f 1903/224/48 508/446/48 507/447/48
f 161/1099/48 279/1100/48 162/444/48
f 162/444/48 279/1100/48 559/521/48
f 162/444/48 559/521/48 558/522/48
f 278/1098/48 566/500/48 279/1100/48
f 279/1100/48 566/500/48 565/498/48
f 279/1100/48 565/498/48 564/496/48
f 502/443/48 501/527/48 1903/224/48
f 1903/224/48 501/527/48 524/528/48
f 603/515/48 518/441/48 604/514/48
f 604/514/48 518/441/48 517/512/48
f 604/514/48 517/512/48 605/513/48
f 605/513/48 517/512/48 606/464/48
f 606/464/48 517/512/48 516/466/48
f 606/464/48 516/466/48 570/465/48
f 570/465/48 516/466/48 571/467/48
f 571/467/48 516/466/48 515/468/48
f 571/467/48 515/468/48 572/469/48
f 572/469/48 515/468/48 514/470/48
f 572/469/48 514/470/48 549/471/48
f 549/471/48 514/470/48 513/472/48
f 549/471/48 513/472/48 550/473/48
f 550/473/48 513/472/48 512/474/48
f 550/473/48 512/474/48 551/475/48
f 551/475/48 512/474/48 511/476/48
f 551/475/48 511/476/48 552/477/48
f 552/477/48 511/476/48 510/478/48
f 552/477/48 510/478/48 553/479/48
f 553/479/48 510/478/48 509/445/48
f 553/479/48 509/445/48 162/444/48
f 507/447/48 506/532/48 1903/224/48
f 1903/224/48 506/532/48 505/533/48
f 1903/224/48 505/533/48 504/534/48
f 504/534/48 503/442/48 1903/224/48
f 1903/224/48 503/442/48 502/443/48
f 606/464/48 570/465/48 648/463/48
f 648/463/48 570/465/48 569/505/48
f 648/463/48 569/505/48 649/506/48
f 649/506/48 569/505/48 568/503/48
f 649/506/48 568/503/48 650/504/48
f 650/504/48 568/503/48 278/1098/48
f 650/504/48 278/1098/48 651/501/48
f 651/501/48 278/1098/48 652/499/48
f 652/499/48 278/1098/48 653/497/48
f 653/497/48 278/1098/48 654/495/48
f 654/495/48 278/1098/48 655/493/48
f 655/493/48 278/1098/48 656/492/48
f 568/503/48 567/502/48 278/1098/48
f 278/1098/48 567/502/48 566/500/48
f 564/496/48 563/494/48 279/1100/48
f 279/1100/48 563/494/48 562/449/48
f 279/1100/48 562/449/48 561/450/48
f 561/450/48 560/451/48 279/1100/48
f 279/1100/48 560/451/48 559/521/48
f 558/522/48 557/523/48 162/444/48
f 162/444/48 557/523/48 556/524/48
f 162/444/48 556/524/48 555/525/48
f 555/525/48 554/526/48 162/444/48
f 162/444/48 554/526/48 553/479/48
f 598/520/48 597/436/48 1902/435/48
f 1902/435/48 597/436/48 620/437/48
f 1902/435/48 620/437/48 619/507/48
f 619/507/48 618/508/48 1902/435/48
f 1902/435/48 618/508/48 617/509/48
f 1902/435/48 617/509/48 616/510/48
f 616/510/48 615/511/48 1902/435/48
f 1902/435/48 615/511/48 614/486/48
f 1902/435/48 614/486/48 664/452/48
f 664/452/48 614/486/48 665/485/48
f 665/485/48 614/486/48 613/484/48
f 665/485/48 613/484/48 666/483/48
f 666/483/48 613/484/48 612/482/48
f 666/483/48 612/482/48 667/481/48
f 667/481/48 612/482/48 611/480/48
f 667/481/48 611/480/48 668/455/48
f 668/455/48 611/480/48 610/456/48
f 668/455/48 610/456/48 645/457/48
f 645/457/48 610/456/48 609/458/48
f 645/457/48 609/458/48 646/459/48
f 646/459/48 609/458/48 608/460/48
f 646/459/48 608/460/48 647/461/48
f 647/461/48 608/460/48 607/462/48
f 647/461/48 607/462/48 648/463/48
f 648/463/48 607/462/48 606/464/48
f 599/519/48 598/520/48 1902/435/48
f 662/454/48 661/487/48 1901/448/48
f 1901/448/48 661/487/48 660/488/48
f 1901/448/48 660/488/48 659/489/48
f 659/489/48 658/490/48 1901/448/48
f 1901/448/48 658/490/48 657/491/48
f 1180/1101/52 1544/1102/52 1153/1103/52
f 1153/1103/52 1544/1102/52 1543/1104/52
f 1153/1103/52 1543/1104/52 1515/245/52
f 1515/245/52 1543/1104/52 282/224/52
f 1515/245/52 282/224/52 1516/250/52
f 1516/250/52 282/224/52 1493/251/52
f 1493/251/52 282/224/52 1494/252/52
f 1494/252/52 282/224/52 1495/253/52
f 1495/253/52 282/224/52 1496/254/52
f 1496/254/52 282/224/52 1497/255/52
f 1497/255/52 282/224/52 1498/256/52
f 1498/256/52 282/224/52 1499/257/52
f 1499/257/52 282/224/52 1500/258/52
f 1500/258/52 282/224/52 1158/1105/52
f 1500/258/52 1158/1105/52 1501/230/52
f 1501/230/52 1158/1105/52 1157/1106/52
f 1501/230/52 1157/1106/52 1502/229/52
f 1502/229/52 1157/1106/52 1503/228/52
f 1503/228/52 1157/1106/52 1504/260/52
f 1504/260/52 1157/1106/52 1156/1107/52
f 1504/260/52 1156/1107/52 1505/259/52
f 1505/259/52 1156/1107/52 1506/234/52
f 1506/234/52 1156/1107/52 1507/233/52
f 1507/233/52 1156/1107/52 1155/1108/52
f 1507/233/52 1155/1108/52 1508/232/52
f 1508/232/52 1155/1108/52 1509/238/52
f 1509/238/52 1155/1108/52 1510/237/52
f 1510/237/52 1155/1108/52 1154/1109/52
f 1510/237/52 1154/1109/52 1511/236/52
f 1511/236/52 1154/1109/52 1512/242/52
f 1512/242/52 1154/1109/52 1513/241/52
f 1513/241/52 1154/1109/52 1514/240/52
f 1514/240/52 1154/1109/52 1153/1103/52
f 1514/240/52 1153/1103/52 1515/245/52
f 1179/1110/52 1547/1111/52 1180/1101/52
f 1180/1101/52 1547/1111/52 1546/1112/52
f 1180/1101/52 1546/1112/52 1545/1113/52
f 1178/1114/52 1551/1115/52 1179/1110/52
f 1179/1110/52 1551/1115/52 1550/1116/52
f 1179/1110/52 1550/1116/52 1549/1117/52
f 1177/1118/52 1554/1119/52 1178/1114/52
f 1178/1114/52 1554/1119/52 1553/1120/52
f 1178/1114/52 1553/1120/52 1552/1121/52
f 1176/1122/52 1556/1123/52 1177/1118/52
f 1177/1118/52 1556/1123/52 1555/1124/52
f 1177/1118/52 1555/1124/52 1554/1119/52
f 1175/1125/52 1407/1126/52 1176/1122/52
f 1176/1122/52 1407/1126/52 1406/1127/52
f 1176/1122/52 1406/1127/52 1405/1128/52
f 1407/1126/52 1175/1125/52 1408/1129/52
f 1408/1129/52 1175/1125/52 1174/1130/52
f 1408/1129/52 1174/1130/52 1590/1131/52
f 1590/1131/52 1174/1130/52 1173/1132/52
f 1590/1131/52 1173/1132/52 1591/1133/52
f 1591/1133/52 1173/1132/52 1172/1134/52
f 1591/1133/52 1172/1134/52 1592/1135/52
f 1592/1135/52 1172/1134/52 1593/1136/52
f 1593/1136/52 1172/1134/52 1465/1137/52
f 1593/1136/52 1465/1137/52 1594/1138/52
f 1594/1138/52 1465/1137/52 1464/1139/52
f 1594/1138/52 1464/1139/52 1595/1140/52
f 1595/1140/52 1464/1139/52 1463/1141/52
f 1595/1140/52 1463/1141/52 1462/1142/52
f 1465/1137/52 1172/1134/52 1466/1143/52
f 1466/1143/52 1172/1134/52 1171/1144/52
f 1466/1143/52 1171/1144/52 1467/1145/52
f 1467/1145/52 1171/1144/52 1468/1146/52
f 1468/1146/52 1171/1144/52 1170/1147/52
f 1468/1146/52 1170/1147/52 1445/1148/52
f 1445/1148/52 1170/1147/52 1446/1149/52
f 1446/1149/52 1170/1147/52 1447/1150/52
f 1447/1150/52 1170/1147/52 1169/1151/52
f 1447/1150/52 1169/1151/52 1448/1152/52
f 1448/1152/52 1169/1151/52 1449/1153/52
f 1449/1153/52 1169/1151/52 1450/1154/52
f 1450/1154/52 1169/1151/52 1451/1155/52
f 1451/1155/52 1169/1151/52 1168/1156/52
f 1451/1155/52 1168/1156/52 1452/1157/52
f 1452/1157/52 1168/1156/52 1453/1158/52
f 1453/1158/52 1168/1156/52 1454/1159/52
f 1454/1159/52 1168/1156/52 1167/1160/52
f 1454/1159/52 1167/1160/52 1455/1161/52
f 1455/1161/52 1167/1160/52 1363/192/52
f 1455/1161/52 1363/192/52 1903/212/52
f 1903/212/52 1363/192/52 1362/220/52
f 1903/212/52 1362/220/52 1361/219/52
f 1363/192/52 1167/1160/52 1364/193/52
f 1364/193/52 1167/1160/52 1166/1162/52
f 1364/193/52 1166/1162/52 1365/195/52
f 1365/195/52 1166/1162/52 1366/196/52
f 1366/196/52 1166/1162/52 1367/197/52
f 1367/197/52 1166/1162/52 1368/199/52
f 1368/199/52 1166/1162/52 1165/1163/52
f 1368/199/52 1165/1163/52 1369/200/52
f 1369/200/52 1165/1163/52 1370/201/52
f 1370/201/52 1165/1163/52 1371/203/52
f 1371/203/52 1165/1163/52 1164/1164/52
f 1371/203/52 1164/1164/52 1372/204/52
f 1372/204/52 1164/1164/52 1349/205/52
f 1349/205/52 1164/1164/52 1350/206/52
f 1350/206/52 1164/1164/52 1163/1165/52
f 1350/206/52 1163/1165/52 1351/207/52
f 1351/207/52 1163/1165/52 1352/209/52
f 1352/209/52 1163/1165/52 1353/210/52
f 1353/210/52 1163/1165/52 1162/1166/52
f 1353/210/52 1162/1166/52 1354/211/52
f 1354/211/52 1162/1166/52 1903/212/52
f 1354/211/52 1903/212/52 1355/213/52
f 1355/213/52 1903/212/52 1356/214/52
f 1356/214/52 1903/212/52 1357/215/52
f 1357/215/52 1903/212/52 1358/216/52
f 1358/216/52 1903/212/52 1359/217/52
f 1359/217/52 1903/212/52 1360/218/52
f 1360/218/52 1903/212/52 1361/219/52
f 1162/1166/52 1161/1167/52 1903/212/52
f 1903/212/52 1161/1167/52 1160/1168/52
f 1903/212/52 1160/1168/52 282/224/52
f 282/224/52 1160/1168/52 1159/1169/52
f 282/224/52 1159/1169/52 1158/1105/52
f 1902/1170/52 1457/1171/52 1903/212/52
f 1903/212/52 1457/1171/52 1456/1172/52
f 1903/212/52 1456/1172/52 1455/1161/52
f 283/435/52 1609/1173/52 1902/1170/52
f 1902/1170/52 1609/1173/52 1608/1174/52
f 1902/1170/52 1608/1174/52 1607/1175/52
f 282/224/52 1541/1176/52 283/435/52
f 283/435/52 1541/1176/52 1564/1177/52
f 283/435/52 1564/1177/52 1563/1178/52
f 1612/1179/52 1410/1180/52 1589/1181/52
f 1589/1181/52 1410/1180/52 1409/1182/52
f 1589/1181/52 1409/1182/52 1590/1131/52
f 1590/1131/52 1409/1182/52 1408/1129/52
f 1410/1180/52 1612/1179/52 1411/1183/52
f 1411/1183/52 1612/1179/52 1611/1184/52
f 1411/1183/52 1611/1184/52 1412/1185/52
f 1412/1185/52 1611/1184/52 1610/1186/52
f 1412/1185/52 1610/1186/52 1413/1187/52
f 1413/1187/52 1610/1186/52 1609/1173/52
f 1413/1187/52 1609/1173/52 283/435/52
f 1607/1175/52 1606/1188/52 1902/1170/52
f 1902/1170/52 1606/1188/52 1605/1189/52
f 1902/1170/52 1605/1189/52 1604/1190/52
f 1604/1190/52 1603/1191/52 1902/1170/52
f 1902/1170/52 1603/1191/52 1602/1192/52
f 1902/1170/52 1602/1192/52 1601/1193/52
f 1601/1193/52 1600/1194/52 1902/1170/52
f 1902/1170/52 1600/1194/52 1599/1195/52
f 1902/1170/52 1599/1195/52 1459/1196/52
f 1459/1196/52 1599/1195/52 1598/1197/52
f 1459/1196/52 1598/1197/52 1460/1198/52
f 1460/1198/52 1598/1197/52 1597/1199/52
f 1460/1198/52 1597/1199/52 1461/1200/52
f 1461/1200/52 1597/1199/52 1596/1201/52
f 1461/1200/52 1596/1201/52 1462/1142/52
f 1462/1142/52 1596/1201/52 1595/1140/52
f 1562/1202/52 1400/1203/52 1563/1178/52
f 1563/1178/52 1400/1203/52 1399/1204/52
f 1563/1178/52 1399/1204/52 283/435/52
f 283/435/52 1399/1204/52 1398/1205/52
f 283/435/52 1398/1205/52 1397/1206/52
f 1400/1203/52 1562/1202/52 1401/1207/52
f 1401/1207/52 1562/1202/52 1561/1208/52
f 1401/1207/52 1561/1208/52 1402/1209/52
f 1402/1209/52 1561/1208/52 1560/1210/52
f 1402/1209/52 1560/1210/52 1403/1211/52
f 1403/1211/52 1560/1210/52 1559/1212/52
f 1403/1211/52 1559/1212/52 1558/1213/52
f 1403/1211/52 1558/1213/52 1404/1214/52
f 1404/1214/52 1558/1213/52 1557/1215/52
f 1404/1214/52 1557/1215/52 1405/1128/52
f 1405/1128/52 1557/1215/52 1176/1122/52
f 1557/1215/52 1556/1123/52 1176/1122/52
f 1552/1121/52 1551/1115/52 1178/1114/52
f 1549/1117/52 1548/1216/52 1179/1110/52
f 1179/1110/52 1548/1216/52 1547/1111/52
f 1545/1113/52 1544/1102/52 1180/1101/52
f 1543/1104/52 1542/1217/52 282/224/52
f 282/224/52 1542/1217/52 1541/1176/52
f 1459/1196/52 1458/1218/52 1902/1170/52
f 1902/1170/52 1458/1218/52 1457/1171/52
f 1397/1206/52 1420/1219/52 283/435/52
f 283/435/52 1420/1219/52 1419/1220/52
f 283/435/52 1419/1220/52 1418/1221/52
f 1418/1221/52 1417/1222/52 283/435/52
f 283/435/52 1417/1222/52 1416/1223/52
f 283/435/52 1416/1223/52 1415/1224/52
f 1415/1224/52 1414/1225/52 283/435/52
f 283/435/52 1414/1225/52 1413/1187/52
f 280/1226/47 1285/1128/47 281/433/47
f 281/433/47 1285/1128/47 1284/1214/47
f 281/433/47 1284/1214/47 1283/1211/47
f 284/1170/47 1215/1195/47 280/1226/47
f 280/1226/47 1215/1195/47 1214/1197/47
f 280/1226/47 1214/1197/47 1213/1199/47
f 1901/435/47 1224/1174/47 284/1170/47
f 284/1170/47 1224/1174/47 1223/1175/47
f 284/1170/47 1223/1175/47 1222/1188/47
f 281/433/47 1279/1204/47 1901/435/47
f 1901/435/47 1279/1204/47 1278/1205/47
f 1901/435/47 1278/1205/47 1277/1206/47
f 1228/1179/47 1290/1180/47 1205/1181/47
f 1205/1181/47 1290/1180/47 1289/1182/47
f 1205/1181/47 1289/1182/47 1206/1131/47
f 1206/1131/47 1289/1182/47 1288/1129/47
f 1206/1131/47 1288/1129/47 1207/1133/47
f 1207/1133/47 1288/1129/47 1287/1126/47
f 1207/1133/47 1287/1126/47 1208/1135/47
f 1208/1135/47 1287/1126/47 1286/1127/47
f 1208/1135/47 1286/1127/47 1209/1136/47
f 1209/1136/47 1286/1127/47 1285/1128/47
f 1209/1136/47 1285/1128/47 280/1226/47
f 1290/1180/47 1228/1179/47 1291/1183/47
f 1291/1183/47 1228/1179/47 1227/1184/47
f 1291/1183/47 1227/1184/47 1292/1185/47
f 1292/1185/47 1227/1184/47 1226/1186/47
f 1292/1185/47 1226/1186/47 1293/1187/47
f 1293/1187/47 1226/1186/47 1225/1173/47
f 1293/1187/47 1225/1173/47 1294/1225/47
f 1294/1225/47 1225/1173/47 1224/1174/47
f 1294/1225/47 1224/1174/47 1901/435/47
f 1222/1188/47 1221/1189/47 284/1170/47
f 284/1170/47 1221/1189/47 1220/1190/47
f 284/1170/47 1220/1190/47 1219/1191/47
f 1219/1191/47 1218/1192/47 284/1170/47
f 284/1170/47 1218/1192/47 1217/1193/47
f 284/1170/47 1217/1193/47 1216/1194/47
f 1216/1194/47 1215/1195/47 284/1170/47
f 1213/1199/47 1212/1201/47 280/1226/47
f 280/1226/47 1212/1201/47 1211/1140/47
f 280/1226/47 1211/1140/47 1210/1138/47
f 1210/1138/47 1209/1136/47 280/1226/47
f 1277/1206/47 1300/1219/47 1901/435/47
f 1901/435/47 1300/1219/47 1299/1220/47
f 1901/435/47 1299/1220/47 1298/1221/47
f 1298/1221/47 1297/1222/47 1901/435/47
f 1901/435/47 1297/1222/47 1296/1223/47
f 1901/435/47 1296/1223/47 1295/1224/47
f 1295/1224/47 1294/1225/47 1901/435/47
f 1283/1211/47 1282/1209/47 281/433/47
f 281/433/47 1282/1209/47 1281/1207/47
f 281/433/47 1281/1207/47 1280/1203/47
f 1280/1203/47 1279/1204/47 281/433/47
f 1756/1227/51 1794/1228/51 1733/1229/51
f 1733/1229/51 1794/1228/51 1793/1230/51
f 1733/1229/51 1793/1230/51 1734/1231/51
f 1734/1231/51 1793/1230/51 1792/1232/51
f 1734/1231/51 1792/1232/51 1735/1233/51
f 1735/1233/51 1792/1232/51 1791/1234/51
f 1735/1233/51 1791/1234/51 1736/1235/51
f 1736/1235/51 1791/1234/51 1790/1236/51
f 1736/1235/51 1790/1236/51 1737/1237/51
f 1737/1237/51 1790/1236/51 1789/1238/51
f 1737/1237/51 1789/1238/51 284/1239/51
f 284/1239/51 1789/1238/51 1901/1240/51
f 1901/1240/51 1789/1238/51 1788/1241/51
f 1901/1240/51 1788/1241/51 1787/1242/51
f 1794/1228/51 1756/1227/51 1795/1243/51
f 1795/1243/51 1756/1227/51 1755/1244/51
f 1795/1243/51 1755/1244/51 1887/1245/51
f 1887/1245/51 1755/1244/51 1831/1246/51
f 1887/1245/51 1831/1246/51 1830/1247/51
f 1831/1246/51 1755/1244/51 1832/1248/51
f 1832/1248/51 1755/1244/51 1754/1249/51
f 1832/1248/51 1754/1249/51 1833/1250/51
f 1833/1250/51 1754/1249/51 1753/1251/51
f 1833/1250/51 1753/1251/51 1834/1252/51
f 1834/1252/51 1753/1251/51 1752/1253/51
f 1834/1252/51 1752/1253/51 1835/1254/51
f 1835/1254/51 1752/1253/51 1751/1255/51
f 1835/1254/51 1751/1255/51 1750/1256/51
f 1835/1254/51 1750/1256/51 1836/1257/51
f 1836/1257/51 1750/1256/51 1749/1258/51
f 1836/1257/51 1749/1258/51 1837/1259/51
f 1837/1259/51 1749/1258/51 1748/1260/51
f 1837/1259/51 1748/1260/51 1838/1261/51
f 1838/1261/51 1748/1260/51 1747/1262/51
f 1838/1261/51 1747/1262/51 1839/1263/51
f 1839/1263/51 1747/1262/51 1746/1264/51
f 1839/1263/51 1746/1264/51 1840/1265/51
f 1840/1265/51 1746/1264/51 283/1266/51
f 1840/1265/51 283/1266/51 1841/1267/51
f 1841/1267/51 283/1266/51 1842/1268/51
f 1842/1268/51 283/1266/51 1843/1269/51
f 1843/1269/51 283/1266/51 1844/1270/51
f 1844/1270/51 283/1266/51 1845/1271/51
f 1845/1271/51 283/1266/51 1846/1272/51
f 1846/1272/51 283/1266/51 1847/1273/51
f 1847/1273/51 283/1266/51 1848/1274/51
f 1848/1274/51 283/1266/51 1849/1275/51
f 1849/1275/51 283/1266/51 1893/1276/51
f 1849/1275/51 1893/1276/51 1850/1277/51
f 1850/1277/51 1893/1276/51 1892/1278/51
f 1850/1277/51 1892/1278/51 1851/1279/51
f 1851/1279/51 1892/1278/51 1891/1280/51
f 1851/1279/51 1891/1280/51 1852/1281/51
f 1852/1281/51 1891/1280/51 1890/1282/51
f 1852/1281/51 1890/1282/51 1829/1283/51
f 1829/1283/51 1890/1282/51 1889/1284/51
f 1829/1283/51 1889/1284/51 1888/1285/51
f 283/1266/51 1746/1264/51 284/1239/51
f 284/1239/51 1746/1264/51 1745/1286/51
f 284/1239/51 1745/1286/51 1744/1287/51
f 1744/1287/51 1743/1288/51 284/1239/51
f 284/1239/51 1743/1288/51 1742/1289/51
f 284/1239/51 1742/1289/51 1741/1290/51
f 1741/1290/51 1740/1291/51 284/1239/51
f 284/1239/51 1740/1291/51 1739/1292/51
f 284/1239/51 1739/1292/51 1738/1293/51
f 1738/1293/51 1737/1237/51 284/1239/51
f 1782/1294/51 1781/1295/51 1901/1240/51
f 1901/1240/51 1781/1295/51 1804/1296/51
f 1901/1240/51 1804/1296/51 1902/1297/51
f 1902/1297/51 1804/1296/51 1878/1298/51
f 1902/1297/51 1878/1298/51 1877/1299/51
f 1878/1298/51 1804/1296/51 1879/1300/51
f 1879/1300/51 1804/1296/51 1803/1301/51
f 1879/1300/51 1803/1301/51 1802/1302/51
f 1879/1300/51 1802/1302/51 1880/1303/51
f 1880/1303/51 1802/1302/51 1801/1304/51
f 1880/1303/51 1801/1304/51 1881/1305/51
f 1881/1305/51 1801/1304/51 1800/1306/51
f 1881/1305/51 1800/1306/51 1882/1307/51
f 1882/1307/51 1800/1306/51 1799/1308/51
f 1882/1307/51 1799/1308/51 1883/1309/51
f 1883/1309/51 1799/1308/51 1798/1310/51
f 1883/1309/51 1798/1310/51 1884/1311/51
f 1884/1311/51 1798/1310/51 1797/1312/51
f 1884/1311/51 1797/1312/51 1885/1313/51
f 1885/1313/51 1797/1312/51 1796/1314/51
f 1885/1313/51 1796/1314/51 1886/1315/51
f 1886/1315/51 1796/1314/51 1795/1243/51
f 1886/1315/51 1795/1243/51 1887/1245/51
f 1787/1242/51 1786/1316/51 1901/1240/51
f 1901/1240/51 1786/1316/51 1785/1317/51
f 1901/1240/51 1785/1317/51 1784/1318/51
f 1784/1318/51 1783/1319/51 1901/1240/51
f 1901/1240/51 1783/1319/51 1782/1294/51
f 1887/1245/51 1830/1247/51 1888/1285/51
f 1888/1285/51 1830/1247/51 1829/1283/51
f 1877/1299/51 1900/1320/51 1902/1297/51
f 1902/1297/51 1900/1320/51 1899/1321/51
f 1902/1297/51 1899/1321/51 1898/1322/51
f 1898/1322/51 1897/1323/51 1902/1297/51
f 1902/1297/51 1897/1323/51 1896/1324/51
f 1902/1297/51 1896/1324/51 1895/1325/51
f 1895/1325/51 1894/1326/51 1902/1297/51
f 1902/1297/51 1894/1326/51 1893/1276/51
f 1902/1297/51 1893/1276/51 283/1266/51
f 1638/1298/49 1637/1299/49 282/1297/49
f 282/1297/49 1637/1299/49 1660/1320/49
f 282/1297/49 1660/1320/49 1659/1321/49
f 1659/1321/49 1658/1322/49 282/1297/49
f 282/1297/49 1658/1322/49 1657/1323/49
f 282/1297/49 1657/1323/49 1656/1324/49
f 1656/1324/49 1655/1325/49 282/1297/49
f 282/1297/49 1655/1325/49 1654/1326/49
f 282/1297/49 1654/1326/49 1653/1276/49
f 1652/1278/49 1706/1277/49 1653/1276/49
f 1653/1276/49 1706/1277/49 1705/1275/49
f 1653/1276/49 1705/1275/49 282/1297/49
f 282/1297/49 1705/1275/49 1903/1266/49
f 1903/1266/49 1705/1275/49 1704/1274/49
f 1903/1266/49 1704/1274/49 1703/1273/49
f 1706/1277/49 1652/1278/49 1707/1279/49
f 1707/1279/49 1652/1278/49 1651/1280/49
f 1707/1279/49 1651/1280/49 1708/1281/49
f 1708/1281/49 1651/1280/49 1650/1282/49
f 1708/1281/49 1650/1282/49 1685/1283/49
f 1685/1283/49 1650/1282/49 1649/1284/49
f 1685/1283/49 1649/1284/49 1686/1247/49
f 1686/1247/49 1649/1284/49 1648/1285/49
f 1686/1247/49 1648/1285/49 1687/1246/49
f 1687/1246/49 1648/1285/49 1647/1245/49
f 1687/1246/49 1647/1245/49 1688/1248/49
f 1688/1248/49 1647/1245/49 1646/1315/49
f 1688/1248/49 1646/1315/49 1689/1250/49
f 1689/1250/49 1646/1315/49 1645/1313/49
f 1689/1250/49 1645/1313/49 162/1239/49
f 162/1239/49 1645/1313/49 163/1240/49
f 163/1240/49 1645/1313/49 1644/1311/49
f 163/1240/49 1644/1311/49 1643/1309/49
f 1643/1309/49 1642/1307/49 163/1240/49
f 163/1240/49 1642/1307/49 1641/1305/49
f 163/1240/49 1641/1305/49 1640/1303/49
f 1640/1303/49 1639/1300/49 163/1240/49
f 163/1240/49 1639/1300/49 1638/1298/49
f 163/1240/49 1638/1298/49 282/1297/49
f 1703/1273/49 1702/1272/49 1903/1266/49
f 1903/1266/49 1702/1272/49 1701/1271/49
f 1903/1266/49 1701/1271/49 1700/1270/49
f 1700/1270/49 1699/1269/49 1903/1266/49
f 1903/1266/49 1699/1269/49 1698/1268/49
f 1903/1266/49 1698/1268/49 1697/1267/49
f 1697/1267/49 1696/1265/49 1903/1266/49
f 1903/1266/49 1696/1265/49 162/1239/49
f 162/1239/49 1696/1265/49 1695/1263/49
f 162/1239/49 1695/1263/49 1694/1261/49
f 1694/1261/49 1693/1259/49 162/1239/49
f 162/1239/49 1693/1259/49 1692/1257/49
f 162/1239/49 1692/1257/49 1691/1254/49
f 1691/1254/49 1690/1252/49 162/1239/49
f 162/1239/49 1690/1252/49 1689/1250/49
