# Blender 4.2.23 LTS
# www.blender.org
o tmp_export_Cuerpo1:21
v 0.531759 1.914224 -0.071236
v 0.714467 1.914224 -0.212465
v 0.860923 1.914224 -0.391014
v 0.963690 1.914224 -0.597816
v 1.017555 1.914224 -0.822376
v 1.019781 1.914224 -1.053295
v 0.970256 1.914224 -1.278852
v 0.871495 1.914224 -1.487598
v 0.728508 1.914224 -1.668938
v 0.548557 1.914224 -1.813665
v 0.340773 1.914224 -1.914434
v 0.115704 1.914224 -1.966131
v -0.115227 1.914224 -1.966131
v -0.340296 1.914224 -1.914434
v -0.548079 1.914224 -1.813665
v -0.728030 1.914224 -1.668938
v -0.871016 1.914224 -1.487598
v -0.969778 1.914224 -1.278852
v -1.019303 1.914224 -1.053295
v -1.017076 1.914224 -0.822376
v -0.963212 1.914224 -0.597816
v -0.860444 1.914224 -0.391014
v -0.713989 1.914224 -0.212465
v -0.531281 1.914224 -0.071236
v -0.531281 1.714224 -0.071236
v -0.713989 1.714224 -0.212465
v -0.860444 1.714224 -0.391014
v -0.963212 1.714224 -0.597816
v -1.017076 1.714224 -0.822376
v -1.019303 1.714224 -1.053295
v -0.969778 1.714224 -1.278852
v -0.871016 1.714224 -1.487598
v -0.728030 1.714224 -1.668938
v -0.548079 1.714224 -1.813665
v -0.340296 1.714224 -1.914434
v -0.115227 1.714224 -1.966131
v 0.115704 1.714224 -1.966131
v 0.340773 1.714224 -1.914434
v 0.548557 1.714224 -1.813665
v 0.728508 1.714224 -1.668938
v 0.871495 1.714224 -1.487598
v 0.970256 1.714224 -1.278852
v 1.019781 1.714224 -1.053295
v 1.017555 1.714224 -0.822376
v 0.963690 1.714224 -0.597816
v 0.860923 1.714224 -0.391014
v 0.714467 1.714224 -0.212465
v 0.531759 1.714224 -0.071236
v -0.699761 1.714224 -0.947655
v -0.703168 1.714224 -0.921774
v -0.713158 1.714224 -0.897655
v -0.729050 1.714224 -0.876945
v -0.749761 1.714224 -0.861053
v -0.773880 1.714224 -0.851063
v -0.799762 1.714224 -0.847654
v -0.825644 1.714224 -0.851063
v -0.849761 1.714224 -0.861053
v -0.870471 1.714224 -0.876945
v -0.886363 1.714224 -0.897655
v -0.896353 1.714224 -0.921774
v -0.899761 1.714224 -0.947655
v -0.896353 1.714224 -0.973537
v -0.886363 1.714224 -0.997656
v -0.870471 1.714224 -1.018366
v -0.849761 1.714224 -1.034258
v -0.825644 1.714224 -1.044249
v -0.799762 1.714224 -1.047655
v -0.773880 1.714224 -1.044249
v -0.749761 1.714224 -1.034258
v -0.729050 1.714224 -1.018366
v -0.713158 1.714224 -0.997656
v -0.703168 1.714224 -0.973537
v 0.125239 1.714224 -0.947655
v 0.120980 1.714224 -0.915302
v 0.108492 1.714224 -0.885155
v 0.088628 1.714224 -0.859266
v 0.062739 1.714224 -0.839401
v 0.032592 1.714224 -0.826916
v 0.000239 1.714224 -0.822655
v -0.032114 1.714224 -0.826916
v -0.062261 1.714224 -0.839401
v -0.088150 1.714224 -0.859266
v -0.108014 1.714224 -0.885155
v -0.120502 1.714224 -0.915302
v -0.124761 1.714224 -0.947655
v -0.120502 1.714224 -0.980007
v -0.108014 1.714224 -1.010155
v -0.088150 1.714224 -1.036043
v -0.062261 1.714224 -1.055908
v -0.032114 1.714224 -1.068396
v 0.000239 1.714224 -1.072655
v 0.032592 1.714224 -1.068396
v 0.062739 1.714224 -1.055908
v 0.088628 1.714224 -1.036043
v 0.108492 1.714224 -1.010155
v 0.120980 1.714224 -0.980007
v 0.900239 1.714224 -0.947655
v 0.896832 1.714224 -0.921774
v 0.886842 1.714224 -0.897655
v 0.870950 1.714224 -0.876945
v 0.850239 1.714224 -0.861053
v 0.826121 1.714224 -0.851063
v 0.800239 1.714224 -0.847654
v 0.774357 1.714224 -0.851063
v 0.750239 1.714224 -0.861053
v 0.729529 1.714224 -0.876945
v 0.713637 1.714224 -0.897655
v 0.703647 1.714224 -0.921774
v 0.700238 1.714224 -0.947655
v 0.703647 1.714224 -0.973537
v 0.713637 1.714224 -0.997656
v 0.729529 1.714224 -1.018366
v 0.750239 1.714224 -1.034258
v 0.774357 1.714224 -1.044249
v 0.800239 1.714224 -1.047655
v 0.826121 1.714224 -1.044249
v 0.850239 1.714224 -1.034258
v 0.870950 1.714224 -1.018366
v 0.886842 1.714224 -0.997656
v 0.896832 1.714224 -0.973537
v -0.503474 1.714224 -0.314816
v -0.471035 1.714224 -0.528231
v -0.433585 1.714224 -0.705502
v -0.390756 1.714224 -0.840620
v -0.368243 1.714224 -0.888571
v -0.346015 1.714224 -0.922804
v -0.334110 1.714224 -0.936394
v -0.320467 1.714224 -0.948286
v -0.305119 1.714224 -0.957359
v -0.288259 1.714224 -0.962574
v -0.270598 1.714224 -0.963240
v -0.253163 1.714224 -0.959583
v -0.236632 1.714224 -0.952557
v -0.221201 1.714224 -0.943153
v -0.191710 1.714224 -0.918362
v -0.164386 1.714224 -0.888292
v -0.145076 1.714224 -0.850143
v -0.117091 1.714224 -0.817816
v -0.082103 1.714224 -0.793238
v -0.042198 1.714224 -0.777880
v 0.000239 1.714224 -0.772655
v 0.042676 1.714224 -0.777880
v 0.082581 1.714224 -0.793238
v 0.117569 1.714224 -0.817816
v 0.145554 1.714224 -0.850143
v 0.164863 1.714224 -0.888292
v 0.192002 1.714224 -0.918171
v 0.222919 1.714224 -0.944004
v 0.239905 1.714224 -0.953972
v 0.258273 1.714224 -0.960949
v 0.277406 1.714224 -0.963531
v 0.287054 1.714224 -0.962839
v 0.296534 1.714224 -0.960749
v 0.314173 1.714224 -0.952826
v 0.329823 1.714224 -0.940977
v 0.355538 1.714224 -0.910332
v 0.396886 1.714224 -0.826330
v 0.417267 1.714224 -0.766024
v 0.438164 1.714224 -0.688669
v 0.477710 1.714224 -0.491255
v 1.450239 1.914224 -0.071236
v 1.450239 1.914224 -2.072655
v -1.449762 1.914224 -2.072655
v -1.449762 1.914224 -0.071236
v 1.200239 1.914224 -1.722654
v 1.196832 1.914224 -1.696774
v 1.186842 1.914224 -1.672655
v 1.170950 1.914224 -1.651945
v 1.150239 1.914224 -1.636053
v 1.126121 1.914224 -1.626062
v 1.100239 1.914224 -1.622656
v 1.074357 1.914224 -1.626062
v 1.050239 1.914224 -1.636053
v 1.029529 1.914224 -1.651945
v 1.013637 1.914224 -1.672655
v 1.003647 1.914224 -1.696774
v 1.000239 1.914224 -1.722654
v 1.003647 1.914224 -1.748537
v 1.013637 1.914224 -1.772655
v 1.029529 1.914224 -1.793365
v 1.050239 1.914224 -1.809258
v 1.074357 1.914224 -1.819248
v 1.100239 1.914224 -1.822655
v 1.126121 1.914224 -1.819248
v 1.150239 1.914224 -1.809258
v 1.170950 1.914224 -1.793365
v 1.186842 1.914224 -1.772655
v 1.196832 1.914224 -1.748537
v -0.999761 1.914224 -1.722654
v -1.003168 1.914224 -1.696774
v -1.013159 1.914224 -1.672655
v -1.029051 1.914224 -1.651945
v -1.049762 1.914224 -1.636053
v -1.073879 1.914224 -1.626062
v -1.099761 1.914224 -1.622656
v -1.125643 1.914224 -1.626062
v -1.149761 1.914224 -1.636053
v -1.170471 1.914224 -1.651945
v -1.186363 1.914224 -1.672655
v -1.196354 1.914224 -1.696774
v -1.199762 1.914224 -1.722654
v -1.196354 1.914224 -1.748537
v -1.186363 1.914224 -1.772655
v -1.170471 1.914224 -1.793365
v -1.149761 1.914224 -1.809258
v -1.125643 1.914224 -1.819248
v -1.099761 1.914224 -1.822655
v -1.073879 1.914224 -1.819248
v -1.049762 1.914224 -1.809258
v -1.029051 1.914224 -1.793365
v -1.013159 1.914224 -1.772655
v -1.003168 1.914224 -1.748537
v 0.850239 1.514224 -0.071236
v 0.850239 1.514224 0.927345
v 0.850239 0.914224 0.927345
v 0.850239 0.914224 -0.072655
v 0.850239 1.514224 -0.072655
v 1.250239 1.514224 0.927345
v 1.250239 0.914224 0.927345
v 1.250239 1.514224 -0.071236
v 1.250239 1.514224 -0.072655
v 1.250239 0.914224 -0.072655
v -1.249761 1.514224 -0.072655
v -1.249761 1.514224 -0.071236
v -1.249761 1.514224 0.927345
v -1.249761 0.914224 0.927345
v -1.249761 0.914224 -0.072655
v -0.849761 1.514224 0.927345
v -0.849761 0.914224 0.927345
v -0.849761 1.514224 -0.071236
v -0.849761 1.514224 -0.072655
v -0.849761 0.914224 -0.072655
v 0.531759 1.514224 -0.071236
v 0.504035 1.514224 -0.313414
v 0.472162 1.514224 -0.523556
v 0.435732 1.514224 -0.698519
v 0.394114 1.514224 -0.833426
v 0.371133 1.514224 -0.884096
v 0.346586 1.514224 -0.922686
v 0.333704 1.514224 -0.937281
v 0.320408 1.514224 -0.948677
v 0.306694 1.514224 -0.956854
v 0.292562 1.514224 -0.961802
v 0.278013 1.514224 -0.963530
v 0.263052 1.514224 -0.962063
v 0.247679 1.514224 -0.957432
v 0.231903 1.514224 -0.949677
v 0.199158 1.514224 -0.924974
v 0.164863 1.514224 -0.888292
v 0.145554 1.514224 -0.850143
v 0.117569 1.514224 -0.817816
v 0.082581 1.514224 -0.793238
v 0.042676 1.514224 -0.777880
v 0.000239 1.514224 -0.772655
v -0.042198 1.514224 -0.777880
v -0.082103 1.514224 -0.793238
v -0.117091 1.514224 -0.817816
v -0.145076 1.514224 -0.850143
v -0.164386 1.514224 -0.888292
v -0.198680 1.514224 -0.924974
v -0.231425 1.514224 -0.949677
v -0.247201 1.514224 -0.957432
v -0.262573 1.514224 -0.962063
v -0.277536 1.514224 -0.963530
v -0.292084 1.514224 -0.961802
v -0.306216 1.514224 -0.956854
v -0.319929 1.514224 -0.948677
v -0.333225 1.514224 -0.937281
v -0.346108 1.514224 -0.922686
v -0.370654 1.514224 -0.884096
v -0.393637 1.514224 -0.833426
v -0.435254 1.514224 -0.698519
v -0.471684 1.514224 -0.523556
v -0.503556 1.514224 -0.313414
v -0.531281 1.514224 -0.071236
v -1.449762 1.514224 -0.071236
v -1.449762 1.514224 0.928764
v 1.450239 1.514224 0.928764
v 1.450239 1.514224 -0.071236
v -1.449762 1.914224 0.928764
v 1.450239 1.914224 0.928764
v -1.449762 -1.485776 -2.072655
v -1.449762 -1.485776 2.577345
v -1.449762 1.914224 2.577345
v -1.449762 -0.285776 1.897125
v -1.449762 -0.289185 1.923006
v -1.449762 -0.299174 1.947124
v -1.449762 -0.315066 1.967834
v -1.449762 -0.335776 1.983727
v -1.449762 -0.359894 1.993717
v -1.449762 -0.385777 1.997126
v -1.449762 -0.411658 1.993717
v -1.449762 -0.435776 1.983727
v -1.449762 -0.456488 1.967834
v -1.449762 -0.472379 1.947124
v -1.449762 -0.482369 1.923006
v -1.449762 -0.485776 1.897125
v -1.449762 -0.482369 1.871243
v -1.449762 -0.472379 1.847124
v -1.449762 -0.456488 1.826414
v -1.449762 -0.435776 1.810522
v -1.449762 -0.411658 1.800531
v -1.449762 -0.385777 1.797125
v -1.449762 -0.359894 1.800531
v -1.449762 -0.335776 1.810522
v -1.449762 -0.315066 1.826414
v -1.449762 -0.299174 1.847124
v -1.449762 -0.289185 1.871243
v -1.449762 0.914224 1.897125
v -1.449762 0.910816 1.923006
v -1.449762 0.900826 1.947124
v -1.449762 0.884933 1.967834
v -1.449762 0.864223 1.983727
v -1.449762 0.840106 1.993717
v -1.449762 0.814224 1.997126
v -1.449762 0.788342 1.993717
v -1.449762 0.764224 1.983727
v -1.449762 0.743513 1.967834
v -1.449762 0.727621 1.947124
v -1.449762 0.717630 1.923006
v -1.449762 0.714224 1.897125
v -1.449762 0.717630 1.871243
v -1.449762 0.727621 1.847124
v -1.449762 0.743513 1.826414
v -1.449762 0.764224 1.810522
v -1.449762 0.788342 1.800531
v -1.449762 0.814224 1.797125
v -1.449762 0.840106 1.800531
v -1.449762 0.864223 1.810522
v -1.449762 0.884933 1.826414
v -1.449762 0.900826 1.847124
v -1.449762 0.910816 1.871243
v -1.449762 -0.285776 -0.502874
v -1.449762 -0.289185 -0.476994
v -1.449762 -0.299174 -0.452875
v -1.449762 -0.315066 -0.432165
v -1.449762 -0.335776 -0.416273
v -1.449762 -0.359894 -0.406282
v -1.449762 -0.385777 -0.402876
v -1.449762 -0.411658 -0.406282
v -1.449762 -0.435776 -0.416273
v -1.449762 -0.456488 -0.432165
v -1.449762 -0.472379 -0.452875
v -1.449762 -0.482369 -0.476994
v -1.449762 -0.485776 -0.502874
v -1.449762 -0.482369 -0.528757
v -1.449762 -0.472379 -0.552876
v -1.449762 -0.456488 -0.573586
v -1.449762 -0.435776 -0.589478
v -1.449762 -0.411658 -0.599468
v -1.449762 -0.385777 -0.602875
v -1.449762 -0.359894 -0.599468
v -1.449762 -0.335776 -0.589478
v -1.449762 -0.315066 -0.573586
v -1.449762 -0.299174 -0.552876
v -1.449762 -0.289185 -0.528757
v -1.449762 0.914224 -0.502874
v -1.449762 0.910816 -0.476994
v -1.449762 0.900826 -0.452875
v -1.449762 0.884933 -0.432165
v -1.449762 0.864223 -0.416273
v -1.449762 0.840106 -0.406282
v -1.449762 0.814224 -0.402876
v -1.449762 0.788342 -0.406282
v -1.449762 0.764224 -0.416273
v -1.449762 0.743513 -0.432165
v -1.449762 0.727621 -0.452875
v -1.449762 0.717630 -0.476994
v -1.449762 0.714224 -0.502874
v -1.449762 0.717630 -0.528757
v -1.449762 0.727621 -0.552876
v -1.449762 0.743513 -0.573586
v -1.449762 0.764224 -0.589478
v -1.449762 0.788342 -0.599468
v -1.449762 0.814224 -0.602875
v -1.449762 0.840106 -0.599468
v -1.449762 0.864223 -0.589478
v -1.449762 0.884933 -0.573586
v -1.449762 0.900826 -0.552876
v -1.449762 0.910816 -0.528757
v -0.949762 0.914224 -0.502874
v -0.949762 0.910816 -0.476994
v -0.949762 0.900826 -0.452875
v -0.949762 0.884933 -0.432165
v -0.949762 0.864223 -0.416273
v -0.949762 0.840106 -0.406282
v -0.949762 0.814224 -0.402876
v -0.949762 0.788342 -0.406282
v -0.949762 0.764224 -0.416273
v -0.949762 0.743513 -0.432165
v -0.949762 0.727621 -0.452875
v -0.949762 0.717630 -0.476994
v -0.949762 0.714224 -0.502874
v -0.949762 0.717630 -0.528757
v -0.949762 0.727621 -0.552876
v -0.949762 0.743513 -0.573586
v -0.949762 0.764224 -0.589478
v -0.949762 0.788342 -0.599468
v -0.949762 0.814224 -0.602875
v -0.949762 0.840106 -0.599468
v -0.949762 0.864223 -0.589478
v -0.949762 0.884933 -0.573586
v -0.949762 0.900826 -0.552876
v -0.949762 0.910816 -0.528757
v -0.949762 -0.285776 -0.502874
v -0.949762 -0.289185 -0.476994
v -0.949762 -0.299174 -0.452875
v -0.949762 -0.315066 -0.432165
v -0.949762 -0.335776 -0.416273
v -0.949762 -0.359894 -0.406282
v -0.949762 -0.385777 -0.402876
v -0.949762 -0.411658 -0.406282
v -0.949762 -0.435776 -0.416273
v -0.949762 -0.456488 -0.432165
v -0.949762 -0.472379 -0.452875
v -0.949762 -0.482369 -0.476994
v -0.949762 -0.485776 -0.502874
v -0.949762 -0.482369 -0.528757
v -0.949762 -0.472379 -0.552876
v -0.949762 -0.456488 -0.573586
v -0.949762 -0.435776 -0.589478
v -0.949762 -0.411658 -0.599468
v -0.949762 -0.385777 -0.602875
v -0.949762 -0.359894 -0.599468
v -0.949762 -0.335776 -0.589478
v -0.949762 -0.315066 -0.573586
v -0.949762 -0.299174 -0.552876
v -0.949762 -0.289185 -0.528757
v -0.949762 0.914224 1.897125
v -0.949762 0.910816 1.923006
v -0.949762 0.900826 1.947124
v -0.949762 0.884933 1.967834
v -0.949762 0.864223 1.983727
v -0.949762 0.840106 1.993717
v -0.949762 0.814224 1.997126
v -0.949762 0.788342 1.993717
v -0.949762 0.764224 1.983727
v -0.949762 0.743513 1.967834
v -0.949762 0.727621 1.947124
v -0.949762 0.717630 1.923006
v -0.949762 0.714224 1.897125
v -0.949762 0.717630 1.871243
v -0.949762 0.727621 1.847124
v -0.949762 0.743513 1.826414
v -0.949762 0.764224 1.810522
v -0.949762 0.788342 1.800531
v -0.949762 0.814224 1.797125
v -0.949762 0.840106 1.800531
v -0.949762 0.864223 1.810522
v -0.949762 0.884933 1.826414
v -0.949762 0.900826 1.847124
v -0.949762 0.910816 1.871243
v -0.949762 -0.285776 1.897125
v -0.949762 -0.289185 1.923006
v -0.949762 -0.299174 1.947124
v -0.949762 -0.315066 1.967834
v -0.949762 -0.335776 1.983727
v -0.949762 -0.359894 1.993717
v -0.949762 -0.385777 1.997126
v -0.949762 -0.411658 1.993717
v -0.949762 -0.435776 1.983727
v -0.949762 -0.456488 1.967834
v -0.949762 -0.472379 1.947124
v -0.949762 -0.482369 1.923006
v -0.949762 -0.485776 1.897125
v -0.949762 -0.482369 1.871243
v -0.949762 -0.472379 1.847124
v -0.949762 -0.456488 1.826414
v -0.949762 -0.435776 1.810522
v -0.949762 -0.411658 1.800531
v -0.949762 -0.385777 1.797125
v -0.949762 -0.359894 1.800531
v -0.949762 -0.335776 1.810522
v -0.949762 -0.315066 1.826414
v -0.949762 -0.299174 1.847124
v -0.949762 -0.289185 1.871243
v 0.950238 -0.485776 -0.502874
v 0.950238 -0.482369 -0.476994
v 0.950238 -0.472379 -0.452875
v 0.950238 -0.456488 -0.432165
v 0.950238 -0.435776 -0.416273
v 0.950238 -0.411658 -0.406282
v 0.950238 -0.385777 -0.402876
v 0.950238 -0.359894 -0.406282
v 0.950238 -0.335776 -0.416273
v 0.950238 -0.315066 -0.432165
v 0.950238 -0.299174 -0.452875
v 0.950238 -0.289185 -0.476994
v 0.950238 -0.285776 -0.502874
v 0.950238 -0.289185 -0.528757
v 0.950238 -0.299174 -0.552876
v 0.950238 -0.315066 -0.573586
v 0.950238 -0.335776 -0.589478
v 0.950238 -0.359894 -0.599468
v 0.950238 -0.385777 -0.602875
v 0.950238 -0.411658 -0.599468
v 0.950238 -0.435776 -0.589478
v 0.950238 -0.456488 -0.573586
v 0.950238 -0.472379 -0.552876
v 0.950238 -0.482369 -0.528757
v 1.450239 -0.485776 -0.502874
v 1.450239 -0.482369 -0.528757
v 1.450239 -0.472379 -0.552876
v 1.450239 -0.456488 -0.573586
v 1.450239 -0.435776 -0.589478
v 1.450239 -0.411658 -0.599468
v 1.450239 -0.385777 -0.602875
v 1.450239 -0.359894 -0.599468
v 1.450239 -0.335776 -0.589478
v 1.450239 -0.315066 -0.573586
v 1.450239 -0.299174 -0.552876
v 1.450239 -0.289185 -0.528757
v 1.450239 -0.285776 -0.502874
v 1.450239 -0.289185 -0.476994
v 1.450239 -0.299174 -0.452875
v 1.450239 -0.315066 -0.432165
v 1.450239 -0.335776 -0.416273
v 1.450239 -0.359894 -0.406282
v 1.450239 -0.385777 -0.402876
v 1.450239 -0.411658 -0.406282
v 1.450239 -0.435776 -0.416273
v 1.450239 -0.456488 -0.432165
v 1.450239 -0.472379 -0.452875
v 1.450239 -0.482369 -0.476994
v 0.950238 0.714224 -0.502874
v 0.950238 0.717630 -0.476994
v 0.950238 0.727621 -0.452875
v 0.950238 0.743513 -0.432165
v 0.950238 0.764224 -0.416273
v 0.950238 0.788342 -0.406282
v 0.950238 0.814224 -0.402876
v 0.950238 0.840106 -0.406282
v 0.950238 0.864223 -0.416273
v 0.950238 0.884933 -0.432165
v 0.950238 0.900826 -0.452875
v 0.950238 0.910816 -0.476994
v 0.950238 0.914224 -0.502874
v 0.950238 0.910816 -0.528757
v 0.950238 0.900826 -0.552876
v 0.950238 0.884933 -0.573586
v 0.950238 0.864223 -0.589478
v 0.950238 0.840106 -0.599468
v 0.950238 0.814224 -0.602875
v 0.950238 0.788342 -0.599468
v 0.950238 0.764224 -0.589478
v 0.950238 0.743513 -0.573586
v 0.950238 0.727621 -0.552876
v 0.950238 0.717630 -0.528757
v 1.450239 0.714224 -0.502874
v 1.450239 0.717630 -0.528757
v 1.450239 0.727621 -0.552876
v 1.450239 0.743513 -0.573586
v 1.450239 0.764224 -0.589478
v 1.450239 0.788342 -0.599468
v 1.450239 0.814224 -0.602875
v 1.450239 0.840106 -0.599468
v 1.450239 0.864223 -0.589478
v 1.450239 0.884933 -0.573586
v 1.450239 0.900826 -0.552876
v 1.450239 0.910816 -0.528757
v 1.450239 0.914224 -0.502874
v 1.450239 0.910816 -0.476994
v 1.450239 0.900826 -0.452875
v 1.450239 0.884933 -0.432165
v 1.450239 0.864223 -0.416273
v 1.450239 0.840106 -0.406282
v 1.450239 0.814224 -0.402876
v 1.450239 0.788342 -0.406282
v 1.450239 0.764224 -0.416273
v 1.450239 0.743513 -0.432165
v 1.450239 0.727621 -0.452875
v 1.450239 0.717630 -0.476994
v 0.950238 -0.485776 1.897125
v 0.950238 -0.482369 1.923006
v 0.950238 -0.472379 1.947124
v 0.950238 -0.456488 1.967834
v 0.950238 -0.435776 1.983727
v 0.950238 -0.411658 1.993717
v 0.950238 -0.385777 1.997126
v 0.950238 -0.359894 1.993717
v 0.950238 -0.335776 1.983727
v 0.950238 -0.315066 1.967834
v 0.950238 -0.299174 1.947124
v 0.950238 -0.289185 1.923006
v 0.950238 -0.285776 1.897125
v 0.950238 -0.289185 1.871243
v 0.950238 -0.299174 1.847124
v 0.950238 -0.315066 1.826414
v 0.950238 -0.335776 1.810522
v 0.950238 -0.359894 1.800531
v 0.950238 -0.385777 1.797125
v 0.950238 -0.411658 1.800531
v 0.950238 -0.435776 1.810522
v 0.950238 -0.456488 1.826414
v 0.950238 -0.472379 1.847124
v 0.950238 -0.482369 1.871243
v 1.450239 -0.485776 1.897125
v 1.450239 -0.482369 1.871243
v 1.450239 -0.472379 1.847124
v 1.450239 -0.456488 1.826414
v 1.450239 -0.435776 1.810522
v 1.450239 -0.411658 1.800531
v 1.450239 -0.385777 1.797125
v 1.450239 -0.359894 1.800531
v 1.450239 -0.335776 1.810522
v 1.450239 -0.315066 1.826414
v 1.450239 -0.299174 1.847124
v 1.450239 -0.289185 1.871243
v 1.450239 -0.285776 1.897125
v 1.450239 -0.289185 1.923006
v 1.450239 -0.299174 1.947124
v 1.450239 -0.315066 1.967834
v 1.450239 -0.335776 1.983727
v 1.450239 -0.359894 1.993717
v 1.450239 -0.385777 1.997126
v 1.450239 -0.411658 1.993717
v 1.450239 -0.435776 1.983727
v 1.450239 -0.456488 1.967834
v 1.450239 -0.472379 1.947124
v 1.450239 -0.482369 1.923006
v 0.950238 0.714224 1.897125
v 0.950238 0.717630 1.923006
v 0.950238 0.727621 1.947124
v 0.950238 0.743513 1.967834
v 0.950238 0.764224 1.983727
v 0.950238 0.788342 1.993717
v 0.950238 0.814224 1.997126
v 0.950238 0.840106 1.993717
v 0.950238 0.864223 1.983727
v 0.950238 0.884933 1.967834
v 0.950238 0.900826 1.947124
v 0.950238 0.910816 1.923006
v 0.950238 0.914224 1.897125
v 0.950238 0.910816 1.871243
v 0.950238 0.900826 1.847124
v 0.950238 0.884933 1.826414
v 0.950238 0.864223 1.810522
v 0.950238 0.840106 1.800531
v 0.950238 0.814224 1.797125
v 0.950238 0.788342 1.800531
v 0.950238 0.764224 1.810522
v 0.950238 0.743513 1.826414
v 0.950238 0.727621 1.847124
v 0.950238 0.717630 1.871243
v 1.450239 0.714224 1.897125
v 1.450239 0.717630 1.871243
v 1.450239 0.727621 1.847124
v 1.450239 0.743513 1.826414
v 1.450239 0.764224 1.810522
v 1.450239 0.788342 1.800531
v 1.450239 0.814224 1.797125
v 1.450239 0.840106 1.800531
v 1.450239 0.864223 1.810522
v 1.450239 0.884933 1.826414
v 1.450239 0.900826 1.847124
v 1.450239 0.910816 1.871243
v 1.450239 0.914224 1.897125
v 1.450239 0.910816 1.923006
v 1.450239 0.900826 1.947124
v 1.450239 0.884933 1.967834
v 1.450239 0.864223 1.983727
v 1.450239 0.840106 1.993717
v 1.450239 0.814224 1.997126
v 1.450239 0.788342 1.993717
v 1.450239 0.764224 1.983727
v 1.450239 0.743513 1.967834
v 1.450239 0.727621 1.947124
v 1.450239 0.717630 1.923006
v 0.900239 1.014224 -0.947655
v 0.896832 1.014224 -0.921774
v 0.886842 1.014224 -0.897655
v 0.870950 1.014224 -0.876945
v 0.850239 1.014224 -0.861053
v 0.826121 1.014224 -0.851063
v 0.800239 1.014224 -0.847654
v 0.774357 1.014224 -0.851063
v 0.750239 1.014224 -0.861053
v 0.729529 1.014224 -0.876945
v 0.713637 1.014224 -0.897655
v 0.703647 1.014224 -0.921774
v 0.700238 1.014224 -0.947655
v 0.703647 1.014224 -0.973537
v 0.713637 1.014224 -0.997656
v 0.729529 1.014224 -1.018366
v 0.750239 1.014224 -1.034258
v 0.774357 1.014224 -1.044249
v 0.800239 1.014224 -1.047655
v 0.826121 1.014224 -1.044249
v 0.850239 1.014224 -1.034258
v 0.870950 1.014224 -1.018366
v 0.886842 1.014224 -0.997656
v 0.896832 1.014224 -0.973537
v 0.900239 1.364223 -0.947655
v 0.896832 1.364223 -0.973537
v 0.886842 1.364223 -0.997656
v 0.870950 1.364223 -1.018366
v 0.850239 1.364223 -1.034258
v 0.826121 1.364223 -1.044249
v 0.800239 1.364223 -1.047655
v 0.774357 1.364223 -1.044249
v 0.750239 1.364223 -1.034258
v 0.729529 1.364223 -1.018366
v 0.713637 1.364223 -0.997656
v 0.703647 1.364223 -0.973537
v 0.700238 1.364223 -0.947655
v 0.703647 1.364223 -0.921774
v 0.713637 1.364223 -0.897655
v 0.729529 1.364223 -0.876945
v 0.750239 1.364223 -0.861053
v 0.774357 1.364223 -0.851063
v 0.800239 1.364223 -0.847654
v 0.826121 1.364223 -0.851063
v 0.850239 1.364223 -0.861053
v 0.870950 1.364223 -0.876945
v 0.886842 1.364223 -0.897655
v 0.896832 1.364223 -0.921774
v -0.699761 1.014224 -0.947655
v -0.703168 1.014224 -0.921774
v -0.713158 1.014224 -0.897655
v -0.729050 1.014224 -0.876945
v -0.749761 1.014224 -0.861053
v -0.773880 1.014224 -0.851063
v -0.799762 1.014224 -0.847654
v -0.825644 1.014224 -0.851063
v -0.849761 1.014224 -0.861053
v -0.870471 1.014224 -0.876945
v -0.886363 1.014224 -0.897655
v -0.896353 1.014224 -0.921774
v -0.899761 1.014224 -0.947655
v -0.896353 1.014224 -0.973537
v -0.886363 1.014224 -0.997656
v -0.870471 1.014224 -1.018366
v -0.849761 1.014224 -1.034258
v -0.825644 1.014224 -1.044249
v -0.799762 1.014224 -1.047655
v -0.773880 1.014224 -1.044249
v -0.749761 1.014224 -1.034258
v -0.729050 1.014224 -1.018366
v -0.713158 1.014224 -0.997656
v -0.703168 1.014224 -0.973537
v -0.699761 1.364223 -0.947655
v -0.703168 1.364223 -0.973537
v -0.713158 1.364223 -0.997656
v -0.729050 1.364223 -1.018366
v -0.749761 1.364223 -1.034258
v -0.773880 1.364223 -1.044249
v -0.799762 1.364223 -1.047655
v -0.825644 1.364223 -1.044249
v -0.849761 1.364223 -1.034258
v -0.870471 1.364223 -1.018366
v -0.886363 1.364223 -0.997656
v -0.896353 1.364223 -0.973537
v -0.899761 1.364223 -0.947655
v -0.896353 1.364223 -0.921774
v -0.886363 1.364223 -0.897655
v -0.870471 1.364223 -0.876945
v -0.849761 1.364223 -0.861053
v -0.825644 1.364223 -0.851063
v -0.799762 1.364223 -0.847654
v -0.773880 1.364223 -0.851063
v -0.749761 1.364223 -0.861053
v -0.729050 1.364223 -0.876945
v -0.713158 1.364223 -0.897655
v -0.703168 1.364223 -0.921774
v 0.125239 0.514224 -0.947655
v 0.120980 0.514224 -0.915302
v 0.108492 0.514224 -0.885155
v 0.088628 0.514224 -0.859266
v 0.062739 0.514224 -0.839401
v 0.032592 0.514224 -0.826916
v 0.000239 0.514224 -0.822655
v -0.032114 0.514224 -0.826916
v -0.062261 0.514224 -0.839401
v -0.088150 0.514224 -0.859266
v -0.108014 0.514224 -0.885155
v -0.120502 0.514224 -0.915302
v -0.124761 0.514224 -0.947655
v -0.120502 0.514224 -0.980007
v -0.108014 0.514224 -1.010155
v -0.088150 0.514224 -1.036043
v -0.062261 0.514224 -1.055908
v -0.032114 0.514224 -1.068396
v 0.000239 0.514224 -1.072655
v 0.032592 0.514224 -1.068396
v 0.062739 0.514224 -1.055908
v 0.088628 0.514224 -1.036043
v 0.108492 0.514224 -1.010155
v 0.120980 0.514224 -0.980007
v 0.125239 1.114223 -0.947655
v 0.120980 1.114223 -0.980007
v 0.108492 1.114223 -1.010155
v 0.088628 1.114223 -1.036043
v 0.062739 1.114223 -1.055908
v 0.032592 1.114223 -1.068396
v 0.000239 1.114223 -1.072655
v -0.032114 1.114223 -1.068396
v -0.062261 1.114223 -1.055908
v -0.088150 1.114223 -1.036043
v -0.108014 1.114223 -1.010155
v -0.120502 1.114223 -0.980007
v -0.124761 1.114223 -0.947655
v -0.120502 1.114223 -0.915302
v -0.108014 1.114223 -0.885155
v -0.088150 1.114223 -0.859266
v -0.062261 1.114223 -0.839401
v -0.032114 1.114223 -0.826916
v 0.000239 1.114223 -0.822655
v 0.032592 1.114223 -0.826916
v 0.062739 1.114223 -0.839401
v 0.088628 1.114223 -0.859266
v 0.108492 1.114223 -0.885155
v 0.120980 1.114223 -0.915302
v -0.124761 -0.985776 -0.947655
v -0.120502 -0.985776 -0.915302
v -0.108014 -0.985776 -0.885155
v -0.088150 -0.985776 -0.859266
v -0.062261 -0.985776 -0.839401
v -0.032114 -0.985776 -0.826916
v 0.000239 -0.985776 -0.822655
v 0.032592 -0.985776 -0.826916
v 0.062739 -0.985776 -0.839401
v 0.088628 -0.985776 -0.859266
v 0.108492 -0.985776 -0.885155
v 0.120980 -0.985776 -0.915302
v 0.125239 -0.985776 -0.947655
v 0.120980 -0.985776 -0.980007
v 0.108492 -0.985776 -1.010155
v 0.088628 -0.985776 -1.036043
v 0.062739 -0.985776 -1.055908
v 0.032592 -0.985776 -1.068396
v 0.000239 -0.985776 -1.072655
v -0.032114 -0.985776 -1.068396
v -0.062261 -0.985776 -1.055908
v -0.088150 -0.985776 -1.036043
v -0.108014 -0.985776 -1.010155
v -0.120502 -0.985776 -0.980007
v -0.124761 -1.985776 -0.947655
v -0.120502 -1.985776 -0.980007
v -0.108014 -1.985776 -1.010155
v -0.088150 -1.985776 -1.036043
v -0.062261 -1.985776 -1.055908
v -0.032114 -1.985776 -1.068396
v 0.000239 -1.985776 -1.072655
v 0.032592 -1.985776 -1.068396
v 0.062739 -1.985776 -1.055908
v 0.088628 -1.985776 -1.036043
v 0.108492 -1.985776 -1.010155
v 0.120980 -1.985776 -0.980007
v 0.125239 -1.985776 -0.947655
v 0.120980 -1.985776 -0.915302
v 0.108492 -1.985776 -0.885155
v 0.088628 -1.985776 -0.859266
v 0.062739 -1.985776 -0.839401
v 0.032592 -1.985776 -0.826916
v 0.000239 -1.985776 -0.822655
v -0.032114 -1.985776 -0.826916
v -0.062261 -1.985776 -0.839401
v -0.088150 -1.985776 -0.859266
v -0.108014 -1.985776 -0.885155
v -0.120502 -1.985776 -0.915302
v -0.124761 -1.485776 -0.947655
v -0.120502 -1.485776 -0.915302
v -0.108014 -1.485776 -0.885155
v -0.088150 -1.485776 -0.859266
v -0.062261 -1.485776 -0.839401
v -0.032114 -1.485776 -0.826916
v 0.000239 -1.485776 -0.822655
v 0.032592 -1.485776 -0.826916
v 0.062739 -1.485776 -0.839401
v 0.088628 -1.485776 -0.859266
v 0.108492 -1.485776 -0.885155
v 0.120980 -1.485776 -0.915302
v 0.125239 -1.485776 -0.947655
v 0.120980 -1.485776 -0.980007
v 0.108492 -1.485776 -1.010155
v 0.088628 -1.485776 -1.036043
v 0.062739 -1.485776 -1.055908
v 0.032592 -1.485776 -1.068396
v 0.000239 -1.485776 -1.072655
v -0.032114 -1.485776 -1.068396
v -0.062261 -1.485776 -1.055908
v -0.088150 -1.485776 -1.036043
v -0.108014 -1.485776 -1.010155
v -0.120502 -1.485776 -0.980007
v 0.700238 -1.685776 -0.947655
v 0.703647 -1.685776 -0.973537
v 0.713637 -1.685776 -0.997656
v 0.729529 -1.685776 -1.018366
v 0.750239 -1.685776 -1.034258
v 0.774357 -1.685776 -1.044249
v 0.800239 -1.685776 -1.047655
v 0.826121 -1.685776 -1.044249
v 0.850239 -1.685776 -1.034258
v 0.870950 -1.685776 -1.018366
v 0.886842 -1.685776 -0.997656
v 0.896832 -1.685776 -0.973537
v 0.900239 -1.685776 -0.947655
v 0.896832 -1.685776 -0.921774
v 0.886842 -1.685776 -0.897655
v 0.870950 -1.685776 -0.876945
v 0.850239 -1.685776 -0.861053
v 0.826121 -1.685776 -0.851063
v 0.800239 -1.685776 -0.847654
v 0.774357 -1.685776 -0.851063
v 0.750239 -1.685776 -0.861053
v 0.729529 -1.685776 -0.876945
v 0.713637 -1.685776 -0.897655
v 0.703647 -1.685776 -0.921774
v 0.700238 -1.485776 -0.947655
v 0.703647 -1.485776 -0.921774
v 0.713637 -1.485776 -0.897655
v 0.729529 -1.485776 -0.876945
v 0.750239 -1.485776 -0.861053
v 0.774357 -1.485776 -0.851063
v 0.800239 -1.485776 -0.847654
v 0.826121 -1.485776 -0.851063
v 0.850239 -1.485776 -0.861053
v 0.870950 -1.485776 -0.876945
v 0.886842 -1.485776 -0.897655
v 0.896832 -1.485776 -0.921774
v 0.900239 -1.485776 -0.947655
v 0.896832 -1.485776 -0.973537
v 0.886842 -1.485776 -0.997656
v 0.870950 -1.485776 -1.018366
v 0.850239 -1.485776 -1.034258
v 0.826121 -1.485776 -1.044249
v 0.800239 -1.485776 -1.047655
v 0.774357 -1.485776 -1.044249
v 0.750239 -1.485776 -1.034258
v 0.729529 -1.485776 -1.018366
v 0.713637 -1.485776 -0.997656
v 0.703647 -1.485776 -0.973537
v -0.099761 -1.685776 -1.747656
v -0.096354 -1.685776 -1.773537
v -0.086364 -1.685776 -1.797655
v -0.070472 -1.685776 -1.818365
v -0.049762 -1.685776 -1.834257
v -0.025643 -1.685776 -1.844248
v 0.000239 -1.685776 -1.847654
v 0.026121 -1.685776 -1.844248
v 0.050239 -1.685776 -1.834257
v 0.070950 -1.685776 -1.818365
v 0.086842 -1.685776 -1.797655
v 0.096832 -1.685776 -1.773537
v 0.100239 -1.685776 -1.747656
v 0.096832 -1.685776 -1.721773
v 0.086842 -1.685776 -1.697655
v 0.070950 -1.685776 -1.676945
v 0.050239 -1.685776 -1.661053
v 0.026121 -1.685776 -1.651064
v 0.000239 -1.685776 -1.647655
v -0.025643 -1.685776 -1.651064
v -0.049762 -1.685776 -1.661053
v -0.070472 -1.685776 -1.676945
v -0.086364 -1.685776 -1.697655
v -0.096354 -1.685776 -1.721773
v -0.099761 -1.485776 -1.747656
v -0.096354 -1.485776 -1.721773
v -0.086364 -1.485776 -1.697655
v -0.070472 -1.485776 -1.676945
v -0.049762 -1.485776 -1.661053
v -0.025643 -1.485776 -1.651064
v 0.000239 -1.485776 -1.647655
v 0.026121 -1.485776 -1.651064
v 0.050239 -1.485776 -1.661053
v 0.070950 -1.485776 -1.676945
v 0.086842 -1.485776 -1.697655
v 0.096832 -1.485776 -1.721773
v 0.100239 -1.485776 -1.747656
v 0.096832 -1.485776 -1.773537
v 0.086842 -1.485776 -1.797655
v 0.070950 -1.485776 -1.818365
v 0.050239 -1.485776 -1.834257
v 0.026121 -1.485776 -1.844248
v 0.000239 -1.485776 -1.847654
v -0.025643 -1.485776 -1.844248
v -0.049762 -1.485776 -1.834257
v -0.070472 -1.485776 -1.818365
v -0.086364 -1.485776 -1.797655
v -0.096354 -1.485776 -1.773537
v -0.099761 -1.685776 -0.147655
v -0.096354 -1.685776 -0.173536
v -0.086364 -1.685776 -0.197655
v -0.070472 -1.685776 -0.218367
v -0.049762 -1.685776 -0.234259
v -0.025643 -1.685776 -0.244247
v 0.000239 -1.685776 -0.247656
v 0.026121 -1.685776 -0.244247
v 0.050239 -1.685776 -0.234259
v 0.070950 -1.685776 -0.218367
v 0.086842 -1.685776 -0.197655
v 0.096832 -1.685776 -0.173536
v 0.100239 -1.685776 -0.147655
v 0.096832 -1.685776 -0.121773
v 0.086842 -1.685776 -0.097654
v 0.070950 -1.685776 -0.076944
v 0.050239 -1.685776 -0.061052
v 0.026121 -1.685776 -0.051064
v 0.000239 -1.685776 -0.047655
v -0.025643 -1.685776 -0.051064
v -0.049762 -1.685776 -0.061052
v -0.070472 -1.685776 -0.076944
v -0.086364 -1.685776 -0.097654
v -0.096354 -1.685776 -0.121773
v -0.099761 -1.485776 -0.147655
v -0.096354 -1.485776 -0.121773
v -0.086364 -1.485776 -0.097654
v -0.070472 -1.485776 -0.076944
v -0.049762 -1.485776 -0.061052
v -0.025643 -1.485776 -0.051064
v 0.000239 -1.485776 -0.047655
v 0.026121 -1.485776 -0.051064
v 0.050239 -1.485776 -0.061052
v 0.070950 -1.485776 -0.076944
v 0.086842 -1.485776 -0.097654
v 0.096832 -1.485776 -0.121773
v 0.100239 -1.485776 -0.147655
v 0.096832 -1.485776 -0.173536
v 0.086842 -1.485776 -0.197655
v 0.070950 -1.485776 -0.218367
v 0.050239 -1.485776 -0.234259
v 0.026121 -1.485776 -0.244247
v 0.000239 -1.485776 -0.247656
v -0.025643 -1.485776 -0.244247
v -0.049762 -1.485776 -0.234259
v -0.070472 -1.485776 -0.218367
v -0.086364 -1.485776 -0.197655
v -0.096354 -1.485776 -0.173536
v -0.899761 -1.685776 -0.947655
v -0.896353 -1.685776 -0.973537
v -0.886363 -1.685776 -0.997656
v -0.870471 -1.685776 -1.018366
v -0.849761 -1.685776 -1.034258
v -0.825644 -1.685776 -1.044249
v -0.799762 -1.685776 -1.047655
v -0.773880 -1.685776 -1.044249
v -0.749761 -1.685776 -1.034258
v -0.729050 -1.685776 -1.018366
v -0.713158 -1.685776 -0.997656
v -0.703168 -1.685776 -0.973537
v -0.699761 -1.685776 -0.947655
v -0.703168 -1.685776 -0.921774
v -0.713158 -1.685776 -0.897655
v -0.729050 -1.685776 -0.876945
v -0.749761 -1.685776 -0.861053
v -0.773880 -1.685776 -0.851063
v -0.799762 -1.685776 -0.847654
v -0.825644 -1.685776 -0.851063
v -0.849761 -1.685776 -0.861053
v -0.870471 -1.685776 -0.876945
v -0.886363 -1.685776 -0.897655
v -0.896353 -1.685776 -0.921774
v -0.899761 -1.485776 -0.947655
v -0.896353 -1.485776 -0.921774
v -0.886363 -1.485776 -0.897655
v -0.870471 -1.485776 -0.876945
v -0.849761 -1.485776 -0.861053
v -0.825644 -1.485776 -0.851063
v -0.799762 -1.485776 -0.847654
v -0.773880 -1.485776 -0.851063
v -0.749761 -1.485776 -0.861053
v -0.729050 -1.485776 -0.876945
v -0.713158 -1.485776 -0.897655
v -0.703168 -1.485776 -0.921774
v -0.699761 -1.485776 -0.947655
v -0.703168 -1.485776 -0.973537
v -0.713158 -1.485776 -0.997656
v -0.729050 -1.485776 -1.018366
v -0.749761 -1.485776 -1.034258
v -0.773880 -1.485776 -1.044249
v -0.799762 -1.485776 -1.047655
v -0.825644 -1.485776 -1.044249
v -0.849761 -1.485776 -1.034258
v -0.870471 -1.485776 -1.018366
v -0.886363 -1.485776 -0.997656
v -0.896353 -1.485776 -0.973537
v -0.399761 -1.985776 -0.947655
v -0.386132 -1.985776 -0.844128
v -0.346171 -1.985776 -0.747656
v -0.282604 -1.985776 -0.664812
v -0.199761 -1.985776 -0.601246
v -0.103288 -1.985776 -0.561285
v 0.000239 -1.985776 -0.547655
v 0.103766 -1.985776 -0.561285
v 0.200238 -1.985776 -0.601246
v 0.283082 -1.985776 -0.664812
v 0.346648 -1.985776 -0.747656
v 0.386610 -1.985776 -0.844128
v 0.400239 -1.985776 -0.947655
v 0.386610 -1.985776 -1.051184
v 0.346648 -1.985776 -1.147655
v 0.283082 -1.985776 -1.230497
v 0.200238 -1.985776 -1.294065
v 0.103766 -1.985776 -1.334026
v 0.000239 -1.985776 -1.347654
v -0.103288 -1.985776 -1.334026
v -0.199761 -1.985776 -1.294065
v -0.282604 -1.985776 -1.230497
v -0.346171 -1.985776 -1.147655
v -0.386132 -1.985776 -1.051184
v -0.399761 -1.685776 -0.947655
v -0.386132 -1.685776 -1.051184
v -0.346171 -1.685776 -1.147655
v -0.282604 -1.685776 -1.230497
v -0.199761 -1.685776 -1.294065
v -0.103288 -1.685776 -1.334026
v 0.000239 -1.685776 -1.347654
v 0.103766 -1.685776 -1.334026
v 0.200238 -1.685776 -1.294065
v 0.283082 -1.685776 -1.230497
v 0.346648 -1.685776 -1.147655
v 0.386610 -1.685776 -1.051184
v 0.400239 -1.685776 -0.947655
v 0.386610 -1.685776 -0.844128
v 0.346648 -1.685776 -0.747656
v 0.283082 -1.685776 -0.664812
v 0.200238 -1.685776 -0.601246
v 0.103766 -1.685776 -0.561285
v 0.000239 -1.685776 -0.547655
v -0.103288 -1.685776 -0.561285
v -0.199761 -1.685776 -0.601246
v -0.282604 -1.685776 -0.664812
v -0.346171 -1.685776 -0.747656
v -0.386132 -1.685776 -0.844128
v -1.024761 -1.685776 -0.947655
v -0.999062 -1.685776 -0.719570
v -0.923254 -1.685776 -0.502924
v -0.801138 -1.685776 -0.308578
v -0.638839 -1.685776 -0.146278
v -0.444492 -1.685776 -0.024162
v -0.227845 -1.685776 0.051645
v 0.000239 -1.685776 0.077345
v 0.228323 -1.685776 0.051645
v 0.444970 -1.685776 -0.024162
v 0.639316 -1.685776 -0.146278
v 0.801616 -1.685776 -0.308578
v 0.923732 -1.685776 -0.502924
v 0.999540 -1.685776 -0.719570
v 1.025239 -1.685776 -0.947655
v 0.999540 -1.685776 -1.175739
v 0.923732 -1.685776 -1.392385
v 0.801616 -1.685776 -1.586733
v 0.639316 -1.685776 -1.749033
v 0.444970 -1.685776 -1.871147
v 0.228323 -1.685776 -1.946957
v 0.000239 -1.685776 -1.972654
v -0.227845 -1.685776 -1.946957
v -0.444492 -1.685776 -1.871147
v -0.638839 -1.685776 -1.749033
v -0.801138 -1.685776 -1.586733
v -0.923254 -1.685776 -1.392385
v -0.999062 -1.685776 -1.175739
v -1.024761 -1.485776 -0.947655
v -0.999062 -1.485776 -1.175739
v -0.923254 -1.485776 -1.392385
v -0.801138 -1.485776 -1.586733
v -0.638839 -1.485776 -1.749033
v -0.444492 -1.485776 -1.871147
v -0.227845 -1.485776 -1.946957
v 0.000239 -1.485776 -1.972654
v 0.228323 -1.485776 -1.946957
v 0.444970 -1.485776 -1.871147
v 0.639316 -1.485776 -1.749033
v 0.801616 -1.485776 -1.586733
v 0.923732 -1.485776 -1.392385
v 0.999540 -1.485776 -1.175739
v 1.025239 -1.485776 -0.947655
v 0.999540 -1.485776 -0.719570
v 0.923732 -1.485776 -0.502924
v 0.801616 -1.485776 -0.308578
v 0.639316 -1.485776 -0.146278
v 0.444970 -1.485776 -0.024162
v 0.228323 -1.485776 0.051645
v 0.000239 -1.485776 0.077345
v -0.227845 -1.485776 0.051645
v -0.444492 -1.485776 -0.024162
v -0.638839 -1.485776 -0.146278
v -0.801138 -1.485776 -0.308578
v -0.923254 -1.485776 -0.502924
v -0.999062 -1.485776 -0.719570
v -0.999761 1.414224 2.277346
v -1.003168 1.414224 2.303226
v -1.013159 1.414224 2.327345
v -1.029051 1.414224 2.348055
v -1.049762 1.414224 2.363947
v -1.073879 1.414224 2.373938
v -1.099761 1.414224 2.377344
v -1.125643 1.414224 2.373938
v -1.149761 1.414224 2.363947
v -1.170471 1.414224 2.348055
v -1.186363 1.414224 2.327345
v -1.196354 1.414224 2.303226
v -1.199762 1.414224 2.277346
v -1.196354 1.414224 2.251463
v -1.186363 1.414224 2.227345
v -1.170471 1.414224 2.206635
v -1.149761 1.414224 2.190742
v -1.125643 1.414224 2.180752
v -1.099761 1.414224 2.177345
v -1.073879 1.414224 2.180752
v -1.049762 1.414224 2.190742
v -1.029051 1.414224 2.206635
v -1.013159 1.414224 2.227345
v -1.003168 1.414224 2.251463
v -0.999761 1.914224 2.277346
v -1.003168 1.914224 2.251463
v -1.013159 1.914224 2.227345
v -1.029051 1.914224 2.206635
v -1.049762 1.914224 2.190742
v -1.073879 1.914224 2.180752
v -1.099761 1.914224 2.177345
v -1.125643 1.914224 2.180752
v -1.149761 1.914224 2.190742
v -1.170471 1.914224 2.206635
v -1.186363 1.914224 2.227345
v -1.196354 1.914224 2.251463
v -1.199762 1.914224 2.277346
v -1.196354 1.914224 2.303226
v -1.186363 1.914224 2.327345
v -1.170471 1.914224 2.348055
v -1.149761 1.914224 2.363947
v -1.125643 1.914224 2.373938
v -1.099761 1.914224 2.377344
v -1.073879 1.914224 2.373938
v -1.049762 1.914224 2.363947
v -1.029051 1.914224 2.348055
v -1.013159 1.914224 2.327345
v -1.003168 1.914224 2.303226
v -0.999761 1.414224 -1.722654
v -1.003168 1.414224 -1.696774
v -1.013159 1.414224 -1.672655
v -1.029051 1.414224 -1.651945
v -1.049762 1.414224 -1.636053
v -1.073879 1.414224 -1.626062
v -1.099761 1.414224 -1.622656
v -1.125643 1.414224 -1.626062
v -1.149761 1.414224 -1.636053
v -1.170471 1.414224 -1.651945
v -1.186363 1.414224 -1.672655
v -1.196354 1.414224 -1.696774
v -1.199762 1.414224 -1.722654
v -1.196354 1.414224 -1.748537
v -1.186363 1.414224 -1.772655
v -1.170471 1.414224 -1.793365
v -1.149761 1.414224 -1.809258
v -1.125643 1.414224 -1.819248
v -1.099761 1.414224 -1.822655
v -1.073879 1.414224 -1.819248
v -1.049762 1.414224 -1.809258
v -1.029051 1.414224 -1.793365
v -1.013159 1.414224 -1.772655
v -1.003168 1.414224 -1.748537
v 1.200239 1.414224 2.277346
v 1.196832 1.414224 2.303226
v 1.186842 1.414224 2.327345
v 1.170950 1.414224 2.348055
v 1.150239 1.414224 2.363947
v 1.126121 1.414224 2.373938
v 1.100239 1.414224 2.377344
v 1.074357 1.414224 2.373938
v 1.050239 1.414224 2.363947
v 1.029529 1.414224 2.348055
v 1.013637 1.414224 2.327345
v 1.003647 1.414224 2.303226
v 1.000239 1.414224 2.277346
v 1.003647 1.414224 2.251463
v 1.013637 1.414224 2.227345
v 1.029529 1.414224 2.206635
v 1.050239 1.414224 2.190742
v 1.074357 1.414224 2.180752
v 1.100239 1.414224 2.177345
v 1.126121 1.414224 2.180752
v 1.150239 1.414224 2.190742
v 1.170950 1.414224 2.206635
v 1.186842 1.414224 2.227345
v 1.196832 1.414224 2.251463
v 1.200239 1.914224 2.277346
v 1.196832 1.914224 2.251463
v 1.186842 1.914224 2.227345
v 1.170950 1.914224 2.206635
v 1.150239 1.914224 2.190742
v 1.126121 1.914224 2.180752
v 1.100239 1.914224 2.177345
v 1.074357 1.914224 2.180752
v 1.050239 1.914224 2.190742
v 1.029529 1.914224 2.206635
v 1.013637 1.914224 2.227345
v 1.003647 1.914224 2.251463
v 1.000239 1.914224 2.277346
v 1.003647 1.914224 2.303226
v 1.013637 1.914224 2.327345
v 1.029529 1.914224 2.348055
v 1.050239 1.914224 2.363947
v 1.074357 1.914224 2.373938
v 1.100239 1.914224 2.377344
v 1.126121 1.914224 2.373938
v 1.150239 1.914224 2.363947
v 1.170950 1.914224 2.348055
v 1.186842 1.914224 2.327345
v 1.196832 1.914224 2.303226
v 1.200239 1.414224 -1.722654
v 1.196832 1.414224 -1.696774
v 1.186842 1.414224 -1.672655
v 1.170950 1.414224 -1.651945
v 1.150239 1.414224 -1.636053
v 1.126121 1.414224 -1.626062
v 1.100239 1.414224 -1.622656
v 1.074357 1.414224 -1.626062
v 1.050239 1.414224 -1.636053
v 1.029529 1.414224 -1.651945
v 1.013637 1.414224 -1.672655
v 1.003647 1.414224 -1.696774
v 1.000239 1.414224 -1.722654
v 1.003647 1.414224 -1.748537
v 1.013637 1.414224 -1.772655
v 1.029529 1.414224 -1.793365
v 1.050239 1.414224 -1.809258
v 1.074357 1.414224 -1.819248
v 1.100239 1.414224 -1.822655
v 1.126121 1.414224 -1.819248
v 1.150239 1.414224 -1.809258
v 1.170950 1.414224 -1.793365
v 1.186842 1.414224 -1.772655
v 1.196832 1.414224 -1.748537
v 1.000239 -0.985776 -1.722654
v 1.003647 -0.985776 -1.696774
v 1.013637 -0.985776 -1.672655
v 1.029529 -0.985776 -1.651945
v 1.050239 -0.985776 -1.636053
v 1.074357 -0.985776 -1.626062
v 1.100239 -0.985776 -1.622656
v 1.126121 -0.985776 -1.626062
v 1.150239 -0.985776 -1.636053
v 1.170950 -0.985776 -1.651945
v 1.186842 -0.985776 -1.672655
v 1.196832 -0.985776 -1.696774
v 1.200239 -0.985776 -1.722654
v 1.196832 -0.985776 -1.748537
v 1.186842 -0.985776 -1.772655
v 1.170950 -0.985776 -1.793365
v 1.150239 -0.985776 -1.809258
v 1.126121 -0.985776 -1.819248
v 1.100239 -0.985776 -1.822655
v 1.074357 -0.985776 -1.819248
v 1.050239 -0.985776 -1.809258
v 1.029529 -0.985776 -1.793365
v 1.013637 -0.985776 -1.772655
v 1.003647 -0.985776 -1.748537
v 1.000239 -1.485776 -1.722654
v 1.003647 -1.485776 -1.748537
v 1.013637 -1.485776 -1.772655
v 1.029529 -1.485776 -1.793365
v 1.050239 -1.485776 -1.809258
v 1.074357 -1.485776 -1.819248
v 1.100239 -1.485776 -1.822655
v 1.126121 -1.485776 -1.819248
v 1.150239 -1.485776 -1.809258
v 1.170950 -1.485776 -1.793365
v 1.186842 -1.485776 -1.772655
v 1.196832 -1.485776 -1.748537
v 1.200239 -1.485776 -1.722654
v 1.196832 -1.485776 -1.696774
v 1.186842 -1.485776 -1.672655
v 1.170950 -1.485776 -1.651945
v 1.150239 -1.485776 -1.636053
v 1.126121 -1.485776 -1.626062
v 1.100239 -1.485776 -1.622656
v 1.074357 -1.485776 -1.626062
v 1.050239 -1.485776 -1.636053
v 1.029529 -1.485776 -1.651945
v 1.013637 -1.485776 -1.672655
v 1.003647 -1.485776 -1.696774
v -1.199762 -0.985776 2.277346
v -1.196354 -0.985776 2.303226
v -1.186363 -0.985776 2.327345
v -1.170471 -0.985776 2.348055
v -1.149761 -0.985776 2.363947
v -1.125643 -0.985776 2.373938
v -1.099761 -0.985776 2.377344
v -1.073879 -0.985776 2.373938
v -1.049762 -0.985776 2.363947
v -1.029051 -0.985776 2.348055
v -1.013159 -0.985776 2.327345
v -1.003168 -0.985776 2.303226
v -0.999761 -0.985776 2.277346
v -1.003168 -0.985776 2.251463
v -1.013159 -0.985776 2.227345
v -1.029051 -0.985776 2.206635
v -1.049762 -0.985776 2.190742
v -1.073879 -0.985776 2.180752
v -1.099761 -0.985776 2.177345
v -1.125643 -0.985776 2.180752
v -1.149761 -0.985776 2.190742
v -1.170471 -0.985776 2.206635
v -1.186363 -0.985776 2.227345
v -1.196354 -0.985776 2.251463
v -1.199762 -1.485776 2.277346
v -1.196354 -1.485776 2.251463
v -1.186363 -1.485776 2.227345
v -1.170471 -1.485776 2.206635
v -1.149761 -1.485776 2.190742
v -1.125643 -1.485776 2.180752
v -1.099761 -1.485776 2.177345
v -1.073879 -1.485776 2.180752
v -1.049762 -1.485776 2.190742
v -1.029051 -1.485776 2.206635
v -1.013159 -1.485776 2.227345
v -1.003168 -1.485776 2.251463
v -0.999761 -1.485776 2.277346
v -1.003168 -1.485776 2.303226
v -1.013159 -1.485776 2.327345
v -1.029051 -1.485776 2.348055
v -1.049762 -1.485776 2.363947
v -1.073879 -1.485776 2.373938
v -1.099761 -1.485776 2.377344
v -1.125643 -1.485776 2.373938
v -1.149761 -1.485776 2.363947
v -1.170471 -1.485776 2.348055
v -1.186363 -1.485776 2.327345
v -1.196354 -1.485776 2.303226
v 1.000239 -0.985776 -0.122656
v 1.003647 -0.985776 -0.096773
v 1.013637 -0.985776 -0.072655
v 1.029529 -0.985776 -0.051945
v 1.050239 -0.985776 -0.036053
v 1.074357 -0.985776 -0.026064
v 1.100239 -0.985776 -0.022655
v 1.126121 -0.985776 -0.026064
v 1.150239 -0.985776 -0.036053
v 1.170950 -0.985776 -0.051945
v 1.186842 -0.985776 -0.072655
v 1.196832 -0.985776 -0.096773
v 1.200239 -0.985776 -0.122656
v 1.196832 -0.985776 -0.148537
v 1.186842 -0.985776 -0.172655
v 1.170950 -0.985776 -0.193365
v 1.150239 -0.985776 -0.209257
v 1.126121 -0.985776 -0.219248
v 1.100239 -0.985776 -0.222654
v 1.074357 -0.985776 -0.219248
v 1.050239 -0.985776 -0.209257
v 1.029529 -0.985776 -0.193365
v 1.013637 -0.985776 -0.172655
v 1.003647 -0.985776 -0.148537
v 1.000239 -1.485776 -0.122656
v 1.003647 -1.485776 -0.148537
v 1.013637 -1.485776 -0.172655
v 1.029529 -1.485776 -0.193365
v 1.050239 -1.485776 -0.209257
v 1.074357 -1.485776 -0.219248
v 1.100239 -1.485776 -0.222654
v 1.126121 -1.485776 -0.219248
v 1.150239 -1.485776 -0.209257
v 1.170950 -1.485776 -0.193365
v 1.186842 -1.485776 -0.172655
v 1.196832 -1.485776 -0.148537
v 1.200239 -1.485776 -0.122656
v 1.196832 -1.485776 -0.096773
v 1.186842 -1.485776 -0.072655
v 1.170950 -1.485776 -0.051945
v 1.150239 -1.485776 -0.036053
v 1.126121 -1.485776 -0.026064
v 1.100239 -1.485776 -0.022655
v 1.074357 -1.485776 -0.026064
v 1.050239 -1.485776 -0.036053
v 1.029529 -1.485776 -0.051945
v 1.013637 -1.485776 -0.072655
v 1.003647 -1.485776 -0.096773
v -1.199762 -0.985776 -1.722654
v -1.196354 -0.985776 -1.696774
v -1.186363 -0.985776 -1.672655
v -1.170471 -0.985776 -1.651945
v -1.149761 -0.985776 -1.636053
v -1.125643 -0.985776 -1.626062
v -1.099761 -0.985776 -1.622656
v -1.073879 -0.985776 -1.626062
v -1.049762 -0.985776 -1.636053
v -1.029051 -0.985776 -1.651945
v -1.013159 -0.985776 -1.672655
v -1.003168 -0.985776 -1.696774
v -0.999761 -0.985776 -1.722654
v -1.003168 -0.985776 -1.748537
v -1.013159 -0.985776 -1.772655
v -1.029051 -0.985776 -1.793365
v -1.049762 -0.985776 -1.809258
v -1.073879 -0.985776 -1.819248
v -1.099761 -0.985776 -1.822655
v -1.125643 -0.985776 -1.819248
v -1.149761 -0.985776 -1.809258
v -1.170471 -0.985776 -1.793365
v -1.186363 -0.985776 -1.772655
v -1.196354 -0.985776 -1.748537
v -1.199762 -1.485776 -1.722654
v -1.196354 -1.485776 -1.748537
v -1.186363 -1.485776 -1.772655
v -1.170471 -1.485776 -1.793365
v -1.149761 -1.485776 -1.809258
v -1.125643 -1.485776 -1.819248
v -1.099761 -1.485776 -1.822655
v -1.073879 -1.485776 -1.819248
v -1.049762 -1.485776 -1.809258
v -1.029051 -1.485776 -1.793365
v -1.013159 -1.485776 -1.772655
v -1.003168 -1.485776 -1.748537
v -0.999761 -1.485776 -1.722654
v -1.003168 -1.485776 -1.696774
v -1.013159 -1.485776 -1.672655
v -1.029051 -1.485776 -1.651945
v -1.049762 -1.485776 -1.636053
v -1.073879 -1.485776 -1.626062
v -1.099761 -1.485776 -1.622656
v -1.125643 -1.485776 -1.626062
v -1.149761 -1.485776 -1.636053
v -1.170471 -1.485776 -1.651945
v -1.186363 -1.485776 -1.672655
v -1.196354 -1.485776 -1.696774
v -1.199762 -0.985776 -0.122656
v -1.196354 -0.985776 -0.096773
v -1.186363 -0.985776 -0.072655
v -1.170471 -0.985776 -0.051945
v -1.149761 -0.985776 -0.036053
v -1.125643 -0.985776 -0.026064
v -1.099761 -0.985776 -0.022655
v -1.073879 -0.985776 -0.026064
v -1.049762 -0.985776 -0.036053
v -1.029051 -0.985776 -0.051945
v -1.013159 -0.985776 -0.072655
v -1.003168 -0.985776 -0.096773
v -0.999761 -0.985776 -0.122656
v -1.003168 -0.985776 -0.148537
v -1.013159 -0.985776 -0.172655
v -1.029051 -0.985776 -0.193365
v -1.049762 -0.985776 -0.209257
v -1.073879 -0.985776 -0.219248
v -1.099761 -0.985776 -0.222654
v -1.125643 -0.985776 -0.219248
v -1.149761 -0.985776 -0.209257
v -1.170471 -0.985776 -0.193365
v -1.186363 -0.985776 -0.172655
v -1.196354 -0.985776 -0.148537
v -1.199762 -1.485776 -0.122656
v -1.196354 -1.485776 -0.148537
v -1.186363 -1.485776 -0.172655
v -1.170471 -1.485776 -0.193365
v -1.149761 -1.485776 -0.209257
v -1.125643 -1.485776 -0.219248
v -1.099761 -1.485776 -0.222654
v -1.073879 -1.485776 -0.219248
v -1.049762 -1.485776 -0.209257
v -1.029051 -1.485776 -0.193365
v -1.013159 -1.485776 -0.172655
v -1.003168 -1.485776 -0.148537
v -0.999761 -1.485776 -0.122656
v -1.003168 -1.485776 -0.096773
v -1.013159 -1.485776 -0.072655
v -1.029051 -1.485776 -0.051945
v -1.049762 -1.485776 -0.036053
v -1.073879 -1.485776 -0.026064
v -1.099761 -1.485776 -0.022655
v -1.125643 -1.485776 -0.026064
v -1.149761 -1.485776 -0.036053
v -1.170471 -1.485776 -0.051945
v -1.186363 -1.485776 -0.072655
v -1.196354 -1.485776 -0.096773
v 1.000239 -0.985776 2.277346
v 1.003647 -0.985776 2.303226
v 1.013637 -0.985776 2.327345
v 1.029529 -0.985776 2.348055
v 1.050239 -0.985776 2.363947
v 1.074357 -0.985776 2.373938
v 1.100239 -0.985776 2.377344
v 1.126121 -0.985776 2.373938
v 1.150239 -0.985776 2.363947
v 1.170950 -0.985776 2.348055
v 1.186842 -0.985776 2.327345
v 1.196832 -0.985776 2.303226
v 1.200239 -0.985776 2.277346
v 1.196832 -0.985776 2.251463
v 1.186842 -0.985776 2.227345
v 1.170950 -0.985776 2.206635
v 1.150239 -0.985776 2.190742
v 1.126121 -0.985776 2.180752
v 1.100239 -0.985776 2.177345
v 1.074357 -0.985776 2.180752
v 1.050239 -0.985776 2.190742
v 1.029529 -0.985776 2.206635
v 1.013637 -0.985776 2.227345
v 1.003647 -0.985776 2.251463
v 1.000239 -1.485776 2.277346
v 1.003647 -1.485776 2.251463
v 1.013637 -1.485776 2.227345
v 1.029529 -1.485776 2.206635
v 1.050239 -1.485776 2.190742
v 1.074357 -1.485776 2.180752
v 1.100239 -1.485776 2.177345
v 1.126121 -1.485776 2.180752
v 1.150239 -1.485776 2.190742
v 1.170950 -1.485776 2.206635
v 1.186842 -1.485776 2.227345
v 1.196832 -1.485776 2.251463
v 1.200239 -1.485776 2.277346
v 1.196832 -1.485776 2.303226
v 1.186842 -1.485776 2.327345
v 1.170950 -1.485776 2.348055
v 1.150239 -1.485776 2.363947
v 1.126121 -1.485776 2.373938
v 1.100239 -1.485776 2.377344
v 1.074357 -1.485776 2.373938
v 1.050239 -1.485776 2.363947
v 1.029529 -1.485776 2.348055
v 1.013637 -1.485776 2.327345
v 1.003647 -1.485776 2.303226
v -0.899761 -0.385777 -1.572655
v -0.896353 -0.411658 -1.572655
v -0.886363 -0.435776 -1.572655
v -0.870471 -0.456488 -1.572655
v -0.849761 -0.472379 -1.572655
v -0.825644 -0.482369 -1.572655
v -0.799762 -0.485776 -1.572655
v -0.773880 -0.482369 -1.572655
v -0.749761 -0.472379 -1.572655
v -0.729050 -0.456488 -1.572655
v -0.713158 -0.435776 -1.572655
v -0.703168 -0.411658 -1.572655
v -0.699761 -0.385777 -1.572655
v -0.703168 -0.359894 -1.572655
v -0.713158 -0.335776 -1.572655
v -0.729050 -0.315066 -1.572655
v -0.749761 -0.299174 -1.572655
v -0.773880 -0.289185 -1.572655
v -0.799762 -0.285776 -1.572655
v -0.825644 -0.289185 -1.572655
v -0.849761 -0.299174 -1.572655
v -0.870471 -0.315066 -1.572655
v -0.886363 -0.335776 -1.572655
v -0.896353 -0.359894 -1.572655
v -0.899761 -0.385777 -2.072655
v -0.896353 -0.359894 -2.072655
v -0.886363 -0.335776 -2.072655
v -0.870471 -0.315066 -2.072655
v -0.849761 -0.299174 -2.072655
v -0.825644 -0.289185 -2.072655
v -0.799762 -0.285776 -2.072655
v -0.773880 -0.289185 -2.072655
v -0.749761 -0.299174 -2.072655
v -0.729050 -0.315066 -2.072655
v -0.713158 -0.335776 -2.072655
v -0.703168 -0.359894 -2.072655
v -0.699761 -0.385777 -2.072655
v -0.703168 -0.411658 -2.072655
v -0.713158 -0.435776 -2.072655
v -0.729050 -0.456488 -2.072655
v -0.749761 -0.472379 -2.072655
v -0.773880 -0.482369 -2.072655
v -0.799762 -0.485776 -2.072655
v -0.825644 -0.482369 -2.072655
v -0.849761 -0.472379 -2.072655
v -0.870471 -0.456488 -2.072655
v -0.886363 -0.435776 -2.072655
v -0.896353 -0.411658 -2.072655
v 0.700238 -0.385777 -1.572655
v 0.703647 -0.411658 -1.572655
v 0.713637 -0.435776 -1.572655
v 0.729529 -0.456488 -1.572655
v 0.750239 -0.472379 -1.572655
v 0.774357 -0.482369 -1.572655
v 0.800239 -0.485776 -1.572655
v 0.826121 -0.482369 -1.572655
v 0.850239 -0.472379 -1.572655
v 0.870950 -0.456488 -1.572655
v 0.886842 -0.435776 -1.572655
v 0.896832 -0.411658 -1.572655
v 0.900239 -0.385777 -1.572655
v 0.896832 -0.359894 -1.572655
v 0.886842 -0.335776 -1.572655
v 0.870950 -0.315066 -1.572655
v 0.850239 -0.299174 -1.572655
v 0.826121 -0.289185 -1.572655
v 0.800239 -0.285776 -1.572655
v 0.774357 -0.289185 -1.572655
v 0.750239 -0.299174 -1.572655
v 0.729529 -0.315066 -1.572655
v 0.713637 -0.335776 -1.572655
v 0.703647 -0.359894 -1.572655
v 0.700238 -0.385777 -2.072655
v 0.703647 -0.359894 -2.072655
v 0.713637 -0.335776 -2.072655
v 0.729529 -0.315066 -2.072655
v 0.750239 -0.299174 -2.072655
v 0.774357 -0.289185 -2.072655
v 0.800239 -0.285776 -2.072655
v 0.826121 -0.289185 -2.072655
v 0.850239 -0.299174 -2.072655
v 0.870950 -0.315066 -2.072655
v 0.886842 -0.335776 -2.072655
v 0.896832 -0.359894 -2.072655
v 0.900239 -0.385777 -2.072655
v 0.896832 -0.411658 -2.072655
v 0.886842 -0.435776 -2.072655
v 0.870950 -0.456488 -2.072655
v 0.850239 -0.472379 -2.072655
v 0.826121 -0.482369 -2.072655
v 0.800239 -0.485776 -2.072655
v 0.774357 -0.482369 -2.072655
v 0.750239 -0.472379 -2.072655
v 0.729529 -0.456488 -2.072655
v 0.713637 -0.435776 -2.072655
v 0.703647 -0.411658 -2.072655
v -0.699761 0.814224 2.377344
v -0.703168 0.788342 2.377344
v -0.713158 0.764224 2.377344
v -0.729050 0.743513 2.377344
v -0.749761 0.727621 2.377344
v -0.773880 0.717630 2.377344
v -0.799762 0.714224 2.377344
v -0.825644 0.717630 2.377344
v -0.849761 0.727621 2.377344
v -0.870471 0.743513 2.377344
v -0.886363 0.764224 2.377344
v -0.896353 0.788342 2.377344
v -0.899761 0.814224 2.377344
v -0.896353 0.840106 2.377344
v -0.886363 0.864223 2.377344
v -0.870471 0.884933 2.377344
v -0.849761 0.900826 2.377344
v -0.825644 0.910816 2.377344
v -0.799762 0.914224 2.377344
v -0.773880 0.910816 2.377344
v -0.749761 0.900826 2.377344
v -0.729050 0.884933 2.377344
v -0.713158 0.864223 2.377344
v -0.703168 0.840106 2.377344
v -0.699761 0.814224 2.577345
v -0.703168 0.840106 2.577345
v -0.713158 0.864223 2.577345
v -0.729050 0.884933 2.577345
v -0.749761 0.900826 2.577345
v -0.773880 0.910816 2.577345
v -0.799762 0.914224 2.577345
v -0.825644 0.910816 2.577345
v -0.849761 0.900826 2.577345
v -0.870471 0.884933 2.577345
v -0.886363 0.864223 2.577345
v -0.896353 0.840106 2.577345
v -0.899761 0.814224 2.577345
v -0.896353 0.788342 2.577345
v -0.886363 0.764224 2.577345
v -0.870471 0.743513 2.577345
v -0.849761 0.727621 2.577345
v -0.825644 0.717630 2.577345
v -0.799762 0.714224 2.577345
v -0.773880 0.717630 2.577345
v -0.749761 0.727621 2.577345
v -0.729050 0.743513 2.577345
v -0.713158 0.764224 2.577345
v -0.703168 0.788342 2.577345
v 0.900239 0.814224 2.377344
v 0.896832 0.788342 2.377344
v 0.886842 0.764224 2.377344
v 0.870950 0.743513 2.377344
v 0.850239 0.727621 2.377344
v 0.826121 0.717630 2.377344
v 0.800239 0.714224 2.377344
v 0.774357 0.717630 2.377344
v 0.750239 0.727621 2.377344
v 0.729529 0.743513 2.377344
v 0.713637 0.764224 2.377344
v 0.703647 0.788342 2.377344
v 0.700238 0.814224 2.377344
v 0.703647 0.840106 2.377344
v 0.713637 0.864223 2.377344
v 0.729529 0.884933 2.377344
v 0.750239 0.900826 2.377344
v 0.774357 0.910816 2.377344
v 0.800239 0.914224 2.377344
v 0.826121 0.910816 2.377344
v 0.850239 0.900826 2.377344
v 0.870950 0.884933 2.377344
v 0.886842 0.864223 2.377344
v 0.896832 0.840106 2.377344
v 0.900239 0.814224 2.577345
v 0.896832 0.840106 2.577345
v 0.886842 0.864223 2.577345
v 0.870950 0.884933 2.577345
v 0.850239 0.900826 2.577345
v 0.826121 0.910816 2.577345
v 0.800239 0.914224 2.577345
v 0.774357 0.910816 2.577345
v 0.750239 0.900826 2.577345
v 0.729529 0.884933 2.577345
v 0.713637 0.864223 2.577345
v 0.703647 0.840106 2.577345
v 0.700238 0.814224 2.577345
v 0.703647 0.788342 2.577345
v 0.713637 0.764224 2.577345
v 0.729529 0.743513 2.577345
v 0.750239 0.727621 2.577345
v 0.774357 0.717630 2.577345
v 0.800239 0.714224 2.577345
v 0.826121 0.717630 2.577345
v 0.850239 0.727621 2.577345
v 0.870950 0.743513 2.577345
v 0.886842 0.764224 2.577345
v 0.896832 0.788342 2.577345
v -0.699761 -0.385777 2.377344
v -0.703168 -0.411658 2.377344
v -0.713158 -0.435776 2.377344
v -0.729050 -0.456488 2.377344
v -0.749761 -0.472379 2.377344
v -0.773880 -0.482369 2.377344
v -0.799762 -0.485776 2.377344
v -0.825644 -0.482369 2.377344
v -0.849761 -0.472379 2.377344
v -0.870471 -0.456488 2.377344
v -0.886363 -0.435776 2.377344
v -0.896353 -0.411658 2.377344
v -0.899761 -0.385777 2.377344
v -0.896353 -0.359894 2.377344
v -0.886363 -0.335776 2.377344
v -0.870471 -0.315066 2.377344
v -0.849761 -0.299174 2.377344
v -0.825644 -0.289185 2.377344
v -0.799762 -0.285776 2.377344
v -0.773880 -0.289185 2.377344
v -0.749761 -0.299174 2.377344
v -0.729050 -0.315066 2.377344
v -0.713158 -0.335776 2.377344
v -0.703168 -0.359894 2.377344
v -0.699761 -0.385777 2.577345
v -0.703168 -0.359894 2.577345
v -0.713158 -0.335776 2.577345
v -0.729050 -0.315066 2.577345
v -0.749761 -0.299174 2.577345
v -0.773880 -0.289185 2.577345
v -0.799762 -0.285776 2.577345
v -0.825644 -0.289185 2.577345
v -0.849761 -0.299174 2.577345
v -0.870471 -0.315066 2.577345
v -0.886363 -0.335776 2.577345
v -0.896353 -0.359894 2.577345
v -0.899761 -0.385777 2.577345
v -0.896353 -0.411658 2.577345
v -0.886363 -0.435776 2.577345
v -0.870471 -0.456488 2.577345
v -0.849761 -0.472379 2.577345
v -0.825644 -0.482369 2.577345
v -0.799762 -0.485776 2.577345
v -0.773880 -0.482369 2.577345
v -0.749761 -0.472379 2.577345
v -0.729050 -0.456488 2.577345
v -0.713158 -0.435776 2.577345
v -0.703168 -0.411658 2.577345
v 0.900239 -0.385777 2.377344
v 0.896832 -0.411658 2.377344
v 0.886842 -0.435776 2.377344
v 0.870950 -0.456488 2.377344
v 0.850239 -0.472379 2.377344
v 0.826121 -0.482369 2.377344
v 0.800239 -0.485776 2.377344
v 0.774357 -0.482369 2.377344
v 0.750239 -0.472379 2.377344
v 0.729529 -0.456488 2.377344
v 0.713637 -0.435776 2.377344
v 0.703647 -0.411658 2.377344
v 0.700238 -0.385777 2.377344
v 0.703647 -0.359894 2.377344
v 0.713637 -0.335776 2.377344
v 0.729529 -0.315066 2.377344
v 0.750239 -0.299174 2.377344
v 0.774357 -0.289185 2.377344
v 0.800239 -0.285776 2.377344
v 0.826121 -0.289185 2.377344
v 0.850239 -0.299174 2.377344
v 0.870950 -0.315066 2.377344
v 0.886842 -0.335776 2.377344
v 0.896832 -0.359894 2.377344
v 0.900239 -0.385777 2.577345
v 0.896832 -0.359894 2.577345
v 0.886842 -0.335776 2.577345
v 0.870950 -0.315066 2.577345
v 0.850239 -0.299174 2.577345
v 0.826121 -0.289185 2.577345
v 0.800239 -0.285776 2.577345
v 0.774357 -0.289185 2.577345
v 0.750239 -0.299174 2.577345
v 0.729529 -0.315066 2.577345
v 0.713637 -0.335776 2.577345
v 0.703647 -0.359894 2.577345
v 0.700238 -0.385777 2.577345
v 0.703647 -0.411658 2.577345
v 0.713637 -0.435776 2.577345
v 0.729529 -0.456488 2.577345
v 0.750239 -0.472379 2.577345
v 0.774357 -0.482369 2.577345
v 0.800239 -0.485776 2.577345
v 0.826121 -0.482369 2.577345
v 0.850239 -0.472379 2.577345
v 0.870950 -0.456488 2.577345
v 0.886842 -0.435776 2.577345
v 0.896832 -0.411658 2.577345
v 1.450239 1.914224 2.577345
v 1.450239 -1.485776 2.577345
v 1.450239 -1.485776 -2.072655
vn -0.5186 -0.0000 -0.8550
vn -0.6967 -0.0000 -0.7173
vn -0.6968 -0.0000 -0.7173
vn -0.6968 -0.0000 -0.7172
vn -0.8396 -0.0000 -0.5431
vn -0.6969 -0.0000 -0.7172
vn -0.8397 -0.0000 -0.5430
vn -0.9399 -0.0000 -0.3414
vn -0.9400 -0.0000 -0.3412
vn -0.9925 -0.0000 -0.1223
vn -0.9925 -0.0000 -0.1221
vn -0.9947 -0.0000 0.1030
vn -0.9947 -0.0000 0.1032
vn -0.9464 -0.0000 0.3230
vn -0.9463 -0.0000 0.3232
vn -0.8501 -0.0000 0.5267
vn -0.8500 -0.0000 0.5269
vn -0.7106 -0.0000 0.7036
vn -0.8500 -0.0000 0.5268
vn -0.7104 -0.0000 0.7038
vn -0.5350 -0.0000 0.8448
vn -0.5349 -0.0000 0.8449
vn -0.3323 -0.0000 0.9432
vn -0.3321 -0.0000 0.9432
vn -0.1127 -0.0000 0.9936
vn -0.1126 -0.0000 0.9936
vn 0.1126 -0.0000 0.9936
vn 0.1127 -0.0000 0.9936
vn 0.3321 -0.0000 0.9432
vn 0.3323 -0.0000 0.9432
vn 0.5349 -0.0000 0.8449
vn 0.5350 -0.0000 0.8449
vn 0.7104 -0.0000 0.7038
vn 0.5350 -0.0000 0.8448
vn 0.7106 -0.0000 0.7036
vn 0.8500 -0.0000 0.5268
vn 0.8500 -0.0000 0.5269
vn 0.8501 -0.0000 0.5267
vn 0.9463 -0.0000 0.3232
vn 0.9464 -0.0000 0.3230
vn 0.9947 -0.0000 0.1032
vn 0.9947 -0.0000 0.1030
vn 0.9925 -0.0000 -0.1221
vn 0.9925 -0.0000 -0.1223
vn 0.9400 -0.0000 -0.3412
vn 0.9399 -0.0000 -0.3414
vn 0.8397 -0.0000 -0.5430
vn 0.8396 -0.0000 -0.5431
vn 0.6969 -0.0000 -0.7172
vn 0.6968 -0.0000 -0.7173
vn 0.5186 -0.0000 -0.8550
vn 0.6967 -0.0000 -0.7173
vn -0.0000 1.0000 -0.0000
vn 1.0000 -0.0000 -0.0000
vn -0.0000 -0.0000 -1.0000
vn -1.0000 -0.0000 -0.0000
vn -0.0000 -0.0000 1.0000
vn -0.0000 -1.0000 -0.0000
vn -0.0000 1.0000 0.0009
vn -0.0000 1.0000 0.0018
vn -0.0000 1.0000 -0.0003
vn -0.0000 1.0000 -0.0001
vn -0.9951 -0.0000 0.0993
vn -0.9915 -0.0000 0.1302
vn -0.9863 -0.0000 0.1652
vn -0.9848 -0.0000 0.1736
vn -0.9716 -0.0000 0.2367
vn -0.9702 -0.0000 0.2422
vn -0.9572 -0.0000 0.2894
vn -0.9306 -0.0000 0.3661
vn -0.9346 -0.0000 0.3557
vn -0.9346 -0.0000 0.3558
vn -0.8832 -0.0000 0.4690
vn -0.8298 -0.0000 0.5580
vn -0.7872 -0.0000 0.6166
vn -0.7871 -0.0000 0.6168
vn -0.8297 -0.0000 0.5581
vn -0.6741 -0.0000 0.7386
vn -0.7047 -0.0000 0.7095
vn -0.7049 -0.0000 0.7093
vn -0.6742 -0.0000 0.7385
vn -0.5871 -0.0000 0.8095
vn -0.5869 -0.0000 0.8097
vn -0.6740 -0.0000 0.7387
vn -0.5188 -0.0000 0.8549
vn -0.5868 -0.0000 0.8097
vn -0.5187 -0.0000 0.8550
vn -0.4263 -0.0000 0.9046
vn -0.4262 -0.0000 0.9046
vn -0.5186 -0.0000 0.8550
vn -0.2851 -0.0000 0.9585
vn -0.4264 -0.0000 0.9045
vn -0.2853 -0.0000 0.9584
vn -0.2268 -0.0000 0.9739
vn -0.2262 -0.0000 0.9741
vn -0.2848 -0.0009 0.9586
vn -0.1435 -0.0000 0.9897
vn -0.2266 -0.0000 0.9740
vn -0.1439 -0.0000 0.9896
vn -0.0087 -0.0000 1.0000
vn -0.0086 -0.0000 1.0000
vn -0.1438 -0.0002 0.9896
vn 0.0003 -0.0000 1.0000
vn -0.0083 -0.0000 1.0000
vn 0.0007 -0.0000 1.0000
vn 0.1976 0.0003 0.9803
vn 0.1974 -0.0000 0.9803
vn 0.0004 -0.0000 1.0000
vn 0.2556 -0.0000 0.9668
vn 0.1976 -0.0000 0.9803
vn 0.2558 -0.0000 0.9667
vn 0.3698 -0.0000 0.9291
vn 0.3699 -0.0000 0.9291
vn 0.4406 -0.0000 0.8977
vn 0.3697 -0.0000 0.9291
vn 0.4405 -0.0000 0.8977
vn 0.5030 -0.0000 0.8643
vn 0.5031 -0.0000 0.8642
vn 0.4407 -0.0000 0.8976
vn 0.5623 -0.0000 0.8269
vn 0.5622 -0.0000 0.8270
vn 0.6758 -0.0000 0.7371
vn 0.6759 -0.0000 0.7370
vn 0.5624 -0.0000 0.8269
vn 0.7011 -0.0000 0.7131
vn 0.7719 -0.0000 0.6357
vn 0.9407 -0.0000 0.3393
vn 0.8304 -0.0000 0.5571
vn 0.8304 -0.0000 0.5572
vn 0.8303 -0.0000 0.5573
vn 0.6705 -0.0000 0.7419
vn 0.6706 -0.0000 0.7419
vn 0.8303 -0.0000 0.5572
vn 0.6704 -0.0000 0.7420
vn 0.4706 -0.0000 0.8823
vn 0.4704 -0.0000 0.8824
vn 0.2426 -0.0000 0.9701
vn 0.2424 -0.0000 0.9702
vn 0.0001 -0.0000 1.0000
vn 0.2425 -0.0000 0.9702
vn -0.0001 -0.0000 1.0000
vn -0.2425 -0.0000 0.9702
vn -0.2424 -0.0000 0.9702
vn -0.2426 -0.0000 0.9701
vn -0.4704 -0.0000 0.8824
vn -0.4706 -0.0000 0.8823
vn -0.6704 -0.0000 0.7420
vn -0.6706 -0.0000 0.7419
vn -0.8303 -0.0000 0.5572
vn -0.8303 -0.0000 0.5573
vn -0.6705 -0.0000 0.7419
vn -0.8304 -0.0000 0.5572
vn -0.9407 -0.0000 0.3393
vn -0.8304 -0.0000 0.5571
vn -0.7719 -0.0000 0.6357
vn -0.7004 -0.0000 0.7137
vn -0.6759 -0.0000 0.7370
vn -0.6758 -0.0000 0.7371
vn -0.7003 -0.0000 0.7138
vn -0.5696 -0.0000 0.8219
vn -0.6758 -0.0000 0.7370
vn -0.5032 -0.0000 0.8642
vn -0.5031 -0.0000 0.8642
vn -0.4636 -0.0000 0.8860
vn -0.4637 -0.0000 0.8860
vn -0.3699 -0.0000 0.9291
vn -0.3697 -0.0000 0.9291
vn -0.4635 -0.0000 0.8861
vn -0.3081 -0.0000 0.9514
vn -0.3698 -0.0000 0.9291
vn -0.3082 -0.0000 0.9513
vn -0.1976 -0.0000 0.9803
vn -0.1974 -0.0000 0.9803
vn -0.0909 -0.0000 0.9959
vn -0.0911 -0.0000 0.9958
vn 0.0083 -0.0000 1.0000
vn 0.0087 -0.0000 1.0000
vn -0.0906 -0.0000 0.9959
vn 0.1692 -0.0000 0.9856
vn 0.0084 -0.0000 1.0000
vn 0.1689 -0.0000 0.9856
vn 0.2263 -0.0000 0.9741
vn 0.2267 -0.0000 0.9740
vn 0.1694 -0.0000 0.9855
vn 0.4119 -0.0000 0.9112
vn 0.2265 -0.0000 0.9740
vn 0.4117 -0.0000 0.9113
vn 0.4261 0.0006 0.9047
vn 0.4263 -0.0000 0.9046
vn 0.4119 -0.0006 0.9112
vn 0.5923 -0.0000 0.8057
vn 0.5868 -0.0003 0.8097
vn 0.5869 -0.0000 0.8096
vn 0.5924 -0.0000 0.8057
vn 0.7047 0.0003 0.7095
vn 0.7049 -0.0000 0.7093
vn 0.5925 -0.0004 0.8055
vn 0.7114 -0.0000 0.7028
vn 0.7047 -0.0000 0.7095
vn 0.7113 -0.0000 0.7029
vn 0.7871 0.0004 0.6168
vn 0.7872 -0.0000 0.6167
vn 0.7867 -0.0000 0.6174
vn 0.7871 -0.0000 0.6168
vn 0.7866 -0.0001 0.6174
vn 0.8763 -0.0000 0.4817
vn 0.8764 -0.0000 0.4816
vn 0.8832 -0.0000 0.4689
vn 0.8832 -0.0000 0.4690
vn 0.8764 -0.0000 0.4817
vn 0.9261 -0.0000 0.3774
vn 0.9306 -0.0000 0.3661
vn 0.9261 -0.0000 0.3773
vn 0.9692 -0.0000 0.2463
vn 0.9692 -0.0000 0.2462
vn 0.9702 -0.0000 0.2422
vn 0.9846 -0.0000 0.1749
vn 0.9848 -0.0000 0.1736
vn 0.9846 0.0003 0.1749
vn 0.9915 -0.0000 0.1305
vn 0.9915 -0.0000 0.1302
vn 0.9951 -0.0000 0.0993
vn -0.0000 -0.9660 -0.2587
vn -0.0000 -1.0000 -0.0001
vn -0.0000 -0.9659 -0.2588
vn -0.0000 -1.0000 0.0001
vn -0.0000 -0.9659 0.2588
vn -0.0000 -0.9660 0.2587
vn -0.0000 -0.9659 0.2589
vn -0.0000 -0.8661 0.4999
vn -0.0000 -0.8660 0.5001
vn -0.0000 -0.7072 0.7070
vn -0.0000 -0.7070 0.7072
vn -0.0000 -0.5001 0.8660
vn -0.0000 -0.5000 0.8660
vn -0.0000 -0.2589 0.9659
vn -0.0000 -0.4999 0.8661
vn -0.0000 -0.2588 0.9659
vn -0.0000 -0.0001 1.0000
vn -0.0000 0.0001 1.0000
vn -0.0000 0.2588 0.9659
vn -0.0000 0.2589 0.9659
vn -0.0000 0.5000 0.8660
vn -0.0000 0.4999 0.8661
vn -0.0000 0.5001 0.8660
vn -0.0000 0.7070 0.7072
vn -0.0000 0.7071 0.7072
vn -0.0000 0.7072 0.7070
vn -0.0000 0.8660 0.5001
vn -0.0000 0.8661 0.4999
vn -0.0000 0.9659 0.2589
vn -0.0000 0.9659 0.2588
vn -0.0000 1.0000 0.0001
vn -0.0000 0.9659 -0.2588
vn -0.0000 0.9659 -0.2589
vn -0.0000 0.8661 -0.5000
vn -0.0000 0.8661 -0.4999
vn -0.0000 0.8660 -0.5001
vn -0.0000 0.7072 -0.7070
vn -0.0000 0.7071 -0.7072
vn -0.0000 0.5001 -0.8660
vn -0.0000 0.7070 -0.7072
vn -0.0000 0.4999 -0.8661
vn -0.0000 0.2589 -0.9659
vn -0.0000 0.5000 -0.8660
vn -0.0000 0.2588 -0.9659
vn -0.0000 0.0001 -1.0000
vn -0.0000 -0.0001 -1.0000
vn -0.0000 -0.2588 -0.9659
vn -0.0000 -0.2589 -0.9659
vn -0.0000 -0.4999 -0.8661
vn -0.0000 -0.5000 -0.8660
vn -0.0000 -0.5001 -0.8660
vn -0.0000 -0.7070 -0.7072
vn -0.0000 -0.7072 -0.7070
vn -0.0000 -0.8660 -0.5001
vn -0.0000 -0.8661 -0.5000
vn -0.0000 -0.9659 -0.2589
vn -0.0000 -0.8661 -0.4999
vn -0.0000 -0.9659 -0.2587
vn -0.0000 -0.9659 0.2587
vn -0.0000 -0.8660 0.5000
vn -0.0000 0.7071 0.7071
vn -0.0000 0.7071 -0.7071
vn -0.0000 -0.8660 -0.5000
vn -0.0000 0.2587 -0.9659
vn -0.0000 -0.2587 -0.9659
vn -0.9660 -0.0000 0.2587
vn -1.0000 -0.0000 0.0001
vn -1.0000 -0.0000 -0.0001
vn -0.9659 -0.0000 -0.2587
vn -0.9659 -0.0000 -0.2589
vn -0.8661 -0.0000 -0.4999
vn -0.8660 -0.0000 -0.5001
vn -0.7071 -0.0000 -0.7071
vn -0.7072 -0.0000 -0.7070
vn -0.8660 -0.0000 -0.5000
vn -0.7070 -0.0000 -0.7072
vn -0.5000 -0.0000 -0.8660
vn -0.5001 -0.0000 -0.8660
vn -0.4999 -0.0000 -0.8661
vn -0.2589 -0.0000 -0.9659
vn -0.2590 -0.0000 -0.9659
vn -0.2588 -0.0000 -0.9659
vn -0.0002 -0.0000 -1.0000
vn -0.2586 -0.0000 -0.9660
vn 0.2586 -0.0000 -0.9660
vn 0.2588 -0.0000 -0.9659
vn 0.0002 -0.0000 -1.0000
vn 0.2590 -0.0000 -0.9659
vn 0.5000 -0.0000 -0.8660
vn 0.4999 -0.0000 -0.8661
vn 0.2589 -0.0000 -0.9659
vn 0.5001 -0.0000 -0.8660
vn 0.7071 -0.0000 -0.7071
vn 0.7070 -0.0000 -0.7072
vn 0.7072 -0.0000 -0.7070
vn 0.8660 -0.0000 -0.5000
vn 0.8660 -0.0000 -0.5001
vn 0.8661 -0.0000 -0.4999
vn 0.9659 -0.0000 -0.2589
vn 0.9659 -0.0000 -0.2587
vn 1.0000 -0.0000 -0.0001
vn 1.0000 -0.0000 0.0001
vn 0.9660 -0.0000 0.2587
vn 0.9659 -0.0000 0.2589
vn 0.8661 -0.0000 0.4999
vn 0.8660 -0.0000 0.5000
vn 0.7072 -0.0000 0.7070
vn 0.7071 -0.0000 0.7071
vn 0.8660 -0.0000 0.5001
vn 0.5001 -0.0000 0.8660
vn 0.5000 -0.0000 0.8660
vn 0.7070 -0.0000 0.7072
vn 0.2590 -0.0000 0.9659
vn 0.2589 -0.0000 0.9659
vn 0.4999 -0.0000 0.8661
vn 0.2588 -0.0000 0.9659
vn -0.2588 -0.0000 0.9659
vn -0.2589 -0.0000 0.9659
vn -0.4999 -0.0000 0.8661
vn -0.5000 -0.0000 0.8660
vn -0.2590 -0.0000 0.9659
vn -0.7070 -0.0000 0.7072
vn -0.7071 -0.0000 0.7071
vn -0.5001 -0.0000 0.8660
vn -0.8660 -0.0000 0.5001
vn -0.8660 -0.0000 0.5000
vn -0.7072 -0.0000 0.7070
vn -0.8661 -0.0000 0.4999
vn -0.9659 -0.0000 0.2589
vn 0.9659 -0.0000 -0.2588
vn -0.9659 -0.0000 -0.2588
vn 0.5000 -0.0000 -0.8661
vn 0.9660 -0.0000 -0.2587
vn 0.9659 -0.0000 0.2588
vn 0.5000 -0.0000 0.8661
vn -0.9659 -0.0000 0.2587
vn -0.8659 -0.0000 -0.5001
vn -0.0001 -0.0000 -1.0000
vn -0.2587 -0.0000 -0.9660
vn 0.2587 -0.0000 -0.9660
vn 0.0001 -0.0000 -1.0000
vn 0.7071 -0.0000 -0.7072
vn 0.8659 -0.0000 -0.5001
vn 0.7072 -0.0000 0.7071
vn 0.7071 -0.0000 0.7072
vn 0.0002 -0.0000 1.0000
vn 0.2587 -0.0000 0.9660
vn -0.2586 -0.0000 0.9660
vn -0.0002 -0.0000 1.0000
vn 0.7072 -0.0000 -0.7071
vn -0.2587 -0.0000 0.9660
vn -0.2587 -0.0000 -0.9659
vn 0.9659 -0.0000 -0.2590
vn -0.5000 -0.0000 -0.8661
vn -0.9659 -0.0000 -0.2590
vn -0.5000 -0.0000 0.8661
vn 0.2586 -0.0000 0.9660
vn -0.9660 -0.0000 -0.2587
vn 0.4998 -0.0000 -0.8662
vn -0.4998 -0.0000 -0.8662
vn -0.4998 -0.0000 0.8662
vn 0.4998 -0.0000 0.8662
vn -0.7072 -0.0000 -0.7071
vn -0.7071 -0.0000 -0.7072
vn 0.2587 -0.0000 -0.9659
vn 0.9659 -0.0000 0.2587
vn 0.2587 -0.0000 0.9659
vn -0.2587 -0.0000 0.9659
vn -0.7072 -0.0000 0.7071
vn -0.9749 -0.0000 0.2225
vn -0.9749 -0.0000 -0.2225
vn -0.9749 -0.0000 -0.2226
vn -0.9010 -0.0000 -0.4338
vn -0.9009 -0.0000 -0.4339
vn -0.7819 -0.0000 -0.6234
vn -0.7818 -0.0000 -0.6235
vn -0.6235 -0.0000 -0.7818
vn -0.6234 -0.0000 -0.7819
vn -0.4339 -0.0000 -0.9009
vn -0.4340 -0.0000 -0.9009
vn -0.4338 -0.0000 -0.9010
vn -0.2226 -0.0000 -0.9749
vn -0.2224 -0.0000 -0.9749
vn 0.2224 -0.0000 -0.9749
vn 0.2226 -0.0000 -0.9749
vn 0.4338 -0.0000 -0.9010
vn 0.4339 -0.0000 -0.9009
vn 0.6234 -0.0000 -0.7819
vn 0.6235 -0.0000 -0.7818
vn 0.7818 -0.0000 -0.6235
vn 0.7819 -0.0000 -0.6234
vn 0.9009 -0.0000 -0.4339
vn 0.9010 -0.0000 -0.4338
vn 0.9749 -0.0000 -0.2226
vn 0.9749 -0.0000 -0.2225
vn 0.9749 -0.0000 0.2225
vn 0.9749 -0.0000 0.2226
vn 0.9010 -0.0000 0.4338
vn 0.9009 -0.0000 0.4339
vn 0.7819 -0.0000 0.6234
vn 0.7818 -0.0000 0.6235
vn 0.6235 -0.0000 0.7818
vn 0.6234 -0.0000 0.7819
vn 0.4340 -0.0000 0.9009
vn 0.4338 -0.0000 0.9010
vn 0.2226 -0.0000 0.9749
vn 0.2225 -0.0000 0.9749
vn -0.2225 -0.0000 0.9749
vn -0.2226 -0.0000 0.9749
vn -0.4338 -0.0000 0.9010
vn -0.4339 -0.0000 0.9009
vn -0.6234 -0.0000 0.7819
vn -0.6235 -0.0000 0.7818
vn -0.7818 -0.0000 0.6235
vn -0.7819 -0.0000 0.6234
vn -0.9009 -0.0000 0.4340
vn -0.9010 -0.0000 0.4338
vn -0.9749 -0.0000 0.2226
vn -0.9659 -0.0000 0.2588
vn -0.7071 -0.0000 0.7072
vn -0.0000 -1.0000 -0.0003
vn -0.0000 -1.0000 0.0004
vn 0.9659 0.2588 -0.0000
vn 1.0000 0.0001 -0.0000
vn 0.9660 0.2587 -0.0000
vn 0.9660 -0.2587 -0.0000
vn 0.9659 -0.2588 -0.0000
vn 1.0000 -0.0001 -0.0000
vn 0.9659 -0.2589 -0.0000
vn 0.8661 -0.4999 -0.0000
vn 0.8660 -0.5001 -0.0000
vn 0.7072 -0.7070 -0.0000
vn 0.7070 -0.7072 -0.0000
vn 0.5001 -0.8660 -0.0000
vn 0.4999 -0.8661 -0.0000
vn 0.2589 -0.9659 -0.0000
vn 0.2587 -0.9659 -0.0000
vn 0.0001 -1.0000 -0.0000
vn -0.0001 -1.0000 -0.0000
vn -0.2587 -0.9659 -0.0000
vn -0.2589 -0.9659 -0.0000
vn -0.4999 -0.8661 -0.0000
vn -0.5001 -0.8660 -0.0000
vn -0.7071 -0.7072 -0.0000
vn -0.7072 -0.7070 -0.0000
vn -0.8660 -0.5001 -0.0000
vn -0.8661 -0.4999 -0.0000
vn -0.9659 -0.2589 -0.0000
vn -0.9660 -0.2587 -0.0000
vn -1.0000 -0.0001 -0.0000
vn -1.0000 0.0001 -0.0000
vn -0.9659 0.2587 -0.0000
vn -0.9659 0.2589 -0.0000
vn -0.8661 0.4999 -0.0000
vn -0.8660 0.5001 -0.0000
vn -0.7072 0.7070 -0.0000
vn -0.7071 0.7071 -0.0000
vn -0.5001 0.8660 -0.0000
vn -0.5000 0.8661 -0.0000
vn -0.2589 0.9659 -0.0000
vn -0.4999 0.8661 -0.0000
vn -0.2588 0.9659 -0.0000
vn -0.0001 1.0000 -0.0000
vn 0.0001 1.0000 -0.0000
vn 0.2588 0.9659 -0.0000
vn 0.2589 0.9659 -0.0000
vn 0.4999 0.8661 -0.0000
vn 0.5001 0.8660 -0.0000
vn 0.7070 0.7072 -0.0000
vn 0.7072 0.7070 -0.0000
vn 0.8660 0.5001 -0.0000
vn 0.8661 0.4999 -0.0000
vn 0.9659 0.2589 -0.0000
vn -0.9660 0.2587 -0.0000
vn -0.9659 -0.2587 -0.0000
vn -0.7071 -0.7071 -0.0000
vn -0.8660 -0.5000 -0.0000
vn 0.5000 -0.8660 -0.0000
vn 0.7071 -0.7071 -0.0000
vn 0.7072 0.7071 -0.0000
vn 0.7071 0.7071 -0.0000
vn 0.5000 0.8660 -0.0000
vn -0.7071 0.7072 -0.0000
vn -0.7072 0.7071 -0.0000
vn 0.9659 -0.2587 -0.0000
vn 0.8660 0.5000 -0.0000
vn -0.7070 0.7072 -0.0000
vn -0.8660 0.5000 -0.0000
vn 0.9659 0.2587 -0.0000
vn 0.0005 -0.0000 1.0000
vn -0.0005 -0.0000 1.0000
vt 0.200000 -2.168856
vt 0.000000 -2.168856
vt 0.200000 -2.400277
vt 0.000000 -2.400277
vt 0.200000 -2.631698
vt 0.000000 -2.631698
vt 0.200000 -2.863119
vt 0.000000 -2.863119
vt 0.200000 -3.094540
vt 0.000000 -3.094540
vt 0.200000 -3.325961
vt 0.000000 -3.325961
vt 0.200000 -3.557383
vt 0.000000 -3.557383
vt 0.200000 -3.788804
vt 0.000000 -3.788804
vt 0.200000 -4.020225
vt 0.000000 -4.020225
vt 0.200000 -4.251646
vt 0.000000 -4.251646
vt 0.200000 -4.483067
vt 0.000000 -4.483067
vt 0.200000 -4.714488
vt 0.000000 -4.714488
vt 0.200000 -4.945909
vt -0.000000 -4.945909
vt 0.200000 -5.177330
vt -0.000000 -5.177330
vt 0.200000 -5.408752
vt -0.000000 -5.408752
vt 0.200000 -5.640173
vt -0.000000 -5.640173
vt 0.200000 -5.871594
vt -0.000000 -5.871594
vt 0.200000 -6.103015
vt -0.000000 -6.103015
vt 0.200000 -6.334436
vt -0.000000 -6.334436
vt 0.200000 -6.565857
vt 0.000000 -6.565857
vt 0.200000 -6.797278
vt 0.000000 -6.797278
vt 0.200000 -7.028699
vt 0.000000 -7.028699
vt 0.200000 -7.260121
vt 0.000000 -7.260121
vt 0.200000 -7.491542
vt 0.000000 -7.491542
vt 0.703407 0.100172
vt 0.390996 0.181325
vt 0.700000 0.074290
vt 0.368483 0.133376
vt 0.703407 0.048408
vt 0.346254 0.099141
vt 0.334349 0.085552
vt 0.713397 0.124290
vt 0.433825 0.316443
vt 0.729289 0.145001
vt 0.750000 0.160892
vt 0.471275 0.493715
vt 0.774118 0.170883
vt 0.963451 0.424128
vt 0.800000 0.174290
vt 0.825882 0.170883
vt 0.850000 0.160892
vt 1.017315 0.199568
vt 0.870711 0.145001
vt 0.886603 0.124290
vt 0.896593 0.100172
vt 0.900000 0.074290
vt 1.019542 -0.031351
vt 0.896593 0.048408
vt 0.886603 0.024290
vt 0.870711 0.003579
vt 0.850000 -0.012313
vt 0.970017 -0.256908
vt 0.825882 -0.022303
vt 0.800000 -0.025710
vt 0.774118 -0.022303
vt 0.871255 -0.465654
vt 0.750000 -0.012313
vt 0.729289 0.003579
vt 0.713397 0.024290
vt 0.320705 0.073660
vt 0.305358 0.064585
vt 0.728270 -0.646992
vt 0.288497 0.059371
vt 0.062500 -0.033963
vt 0.088388 -0.014098
vt 0.270838 0.058705
vt 0.108253 0.011790
vt 0.253403 0.062361
vt 0.236872 0.069389
vt -0.120741 0.106642
vt -0.191763 0.103774
vt -0.125000 0.074290
vt -0.222680 0.077941
vt -0.120741 0.041938
vt -0.239665 0.067973
vt -0.108253 0.011790
vt -0.258033 0.060998
vt -0.088388 -0.014098
vt -0.277168 0.058413
vt -0.286814 0.059105
vt -0.164624 0.133653
vt -0.108253 0.136790
vt -0.145315 0.171802
vt -0.088388 0.162678
vt -0.117330 0.204130
vt -0.062500 0.182543
vt -0.082342 0.228708
vt -0.032352 0.195031
vt -0.042438 0.244066
vt 0.000000 0.199290
vt 0.000000 0.249290
vt 0.042438 0.244066
vt 0.032352 0.195031
vt 0.082342 0.228708
vt 0.062500 0.182543
vt 0.117330 0.204130
vt 0.088388 0.162678
vt 0.145315 0.171802
vt 0.108253 0.136790
vt 0.164624 0.133653
vt 0.120741 0.106642
vt 0.191949 0.103583
vt 0.125000 0.074290
vt 0.221440 0.078791
vt 0.120741 0.041938
vt 0.548318 -0.791720
vt 0.032352 -0.046451
vt 0.340534 -0.892489
vt 0.115465 -0.944186
vt 0.000000 -0.050710
vt -0.115465 -0.944186
vt -0.032352 -0.046451
vt -0.340534 -0.892489
vt -0.548318 -0.791720
vt -0.062500 -0.033963
vt -0.728270 -0.646992
vt -0.296295 0.061196
vt -0.896593 0.100172
vt -1.017315 0.199568
vt -0.900000 0.074290
vt -1.019542 -0.031351
vt -0.896593 0.048408
vt -0.886603 0.024290
vt -0.870711 0.003579
vt -0.850000 -0.012313
vt -0.970017 -0.256908
vt -0.825882 -0.022303
vt -0.800000 -0.025710
vt -0.774118 -0.022303
vt -0.871255 -0.465654
vt -0.750000 -0.012313
vt -0.729289 0.003579
vt -0.313934 0.069119
vt -0.886603 0.124290
vt -0.870711 0.145001
vt -0.850000 0.160892
vt -0.963451 0.424128
vt -0.825882 0.170883
vt -0.800000 0.174290
vt -0.774118 0.170883
vt -0.437926 0.333275
vt -0.477471 0.530692
vt -0.750000 0.160892
vt -0.729289 0.145001
vt -0.417028 0.255922
vt -0.713397 0.124290
vt -0.396647 0.195614
vt -0.703407 0.100172
vt -0.700000 0.074290
vt -0.355298 0.111613
vt -0.703407 0.048408
vt -0.329584 0.080967
vt -0.713397 0.024290
vt -0.531519 0.950710
vt -0.714228 0.809479
vt -0.860683 0.630931
vt 0.860683 0.630931
vt 0.503713 0.707130
vt 0.714228 0.809479
vt 0.531519 0.950710
vt 1.981519 2.001420
vt 2.164228 1.860189
vt 2.900000 2.001420
vt 2.310683 1.681641
vt 2.413451 1.474838
vt 2.467315 1.250278
vt 2.469542 1.019359
vt 2.636603 0.400000
vt 2.620711 0.420711
vt 2.420017 0.793802
vt 2.600000 0.436603
vt 2.575882 0.446593
vt 2.550000 0.450000
vt 2.321255 0.585056
vt 2.524118 0.446593
vt 2.500000 0.436603
vt 2.479289 0.420711
vt 2.178270 0.403718
vt 2.463397 0.400000
vt 2.453407 0.375882
vt 2.450000 0.350000
vt 2.453407 0.324118
vt 2.463397 0.300000
vt 1.998318 0.258990
vt 2.479289 0.279289
vt 2.500000 0.263397
vt 2.524118 0.253407
vt 2.900000 0.000000
vt 2.550000 0.250000
vt 2.575882 0.253407
vt 2.600000 0.263397
vt 2.620711 0.279289
vt 2.636603 0.300000
vt 2.646593 0.324118
vt 2.650000 0.350000
vt 2.646593 0.375882
vt 1.790534 0.158221
vt 1.565465 0.106524
vt 1.334535 0.106524
vt -0.000000 0.000000
vt 1.109466 0.158221
vt 0.901682 0.258990
vt 0.721730 0.403718
vt 0.436603 0.300000
vt 0.420711 0.279289
vt 0.400000 0.263397
vt 0.578745 0.585056
vt 0.420711 0.420711
vt 0.436603 0.400000
vt 0.446593 0.375882
vt 0.479983 0.793802
vt 0.350000 0.450000
vt 0.375882 0.446593
vt 0.400000 0.436603
vt 0.430458 1.019359
vt 0.279289 0.420711
vt 0.300000 0.436603
vt 0.324118 0.446593
vt 0.432685 1.250278
vt -0.000000 2.001420
vt 0.263397 0.400000
vt 0.486549 1.474838
vt 0.589317 1.681641
vt 0.735772 1.860189
vt 0.918481 2.001420
vt 0.253407 0.375882
vt 0.250000 0.350000
vt 0.253407 0.324118
vt 0.263397 0.300000
vt 0.279289 0.279289
vt 0.300000 0.263397
vt 0.324118 0.253407
vt 0.350000 0.250000
vt 0.375882 0.253407
vt 0.450000 0.350000
vt 0.446593 0.324118
vt -0.000000 0.600000
vt -0.998580 -0.000000
vt -1.000000 0.600000
vt -1.000000 0.000000
vt -0.400000 0.000000
vt -0.400000 0.600000
vt -0.001420 0.000000
vt 0.200000 -0.498580
vt -0.200000 -0.498580
vt 0.200000 -0.500000
vt -0.200000 -0.500000
vt -0.500000 -0.200000
vt 0.500000 -0.200000
vt -0.500000 0.200000
vt 0.500000 0.200000
vt -1.250000 0.876420
vt -1.250000 1.875000
vt -1.450000 0.876420
vt -1.450000 1.876420
vt -0.850000 1.875000
vt 0.850000 1.875000
vt 0.531519 0.876420
vt 0.850000 0.876420
vt -0.850000 0.876420
vt -0.531519 0.876420
vt 0.503795 0.634242
vt -0.503795 0.634242
vt 0.471922 0.424099
vt -0.471922 0.424099
vt 0.000000 0.175000
vt -0.042438 0.169776
vt -0.435493 0.249137
vt -0.082342 0.154418
vt -0.117330 0.129841
vt -0.393876 0.114230
vt -0.145315 0.097512
vt -0.370894 0.063559
vt -0.164624 0.059363
vt -0.198920 0.022681
vt -0.346347 0.024969
vt -0.333465 0.010375
vt -0.231664 -0.002022
vt -0.320169 -0.001023
vt -0.247440 -0.009776
vt -0.306455 -0.009198
vt -0.262813 -0.014407
vt -0.292323 -0.014146
vt -0.277775 -0.015874
vt 0.042438 0.169776
vt 0.435493 0.249137
vt 0.082342 0.154418
vt 0.117330 0.129841
vt 0.393876 0.114230
vt 0.145315 0.097512
vt 0.370894 0.063559
vt 0.164624 0.059363
vt 0.198920 0.022681
vt 0.231664 -0.002022
vt 0.333465 0.010375
vt 0.346347 0.024969
vt 0.320169 -0.001023
vt 0.247440 -0.009776
vt 0.306455 -0.009198
vt 0.262813 -0.014407
vt 0.292323 -0.014146
vt 0.277775 -0.015874
vt 1.450000 1.876420
vt 1.250000 1.875000
vt 1.450000 0.876420
vt 1.250000 0.876420
vt 0.000000 0.200000
vt -0.121448 0.000000
vt -0.222891 0.200000
vt -0.242896 0.000000
vt -0.356730 0.200000
vt -0.364343 0.000000
vt -0.420322 0.200000
vt -0.485791 0.000000
vt -0.478252 0.200000
vt -0.546515 0.000000
vt -0.585557 0.200000
vt -0.607239 0.000000
vt -0.646561 0.200000
vt -0.637601 0.000000
vt -0.667963 0.000000
vt -0.681881 0.200000
vt -0.698325 0.000000
vt -0.720245 0.200000
vt -0.728687 0.000000
vt -0.740286 0.200000
vt -0.759049 0.000000
vt -0.760297 0.200000
vt -0.789411 0.000000
vt -0.798937 0.200000
vt -0.819773 0.000000
vt -0.834833 0.200000
vt -0.850135 0.000000
vt -0.867090 0.200000
vt -0.910859 0.000000
vt -0.923760 0.200000
vt -0.971582 0.000000
vt -0.971582 0.200000
vt -0.000000 0.489214
vt -0.200000 0.489214
vt -0.000000 0.446349
vt -0.200000 0.446349
vt -0.000000 0.403484
vt -0.200000 0.403484
vt -0.000000 0.360619
vt -0.200000 0.360619
vt -0.000000 0.317754
vt -0.200000 0.317754
vt -0.000000 0.274889
vt -0.200000 0.274889
vt -0.000000 0.232024
vt -0.200000 0.232024
vt -0.000000 0.189159
vt -0.200000 0.189159
vt -0.000000 0.146294
vt -0.200000 0.146294
vt -0.000000 0.103430
vt -0.200000 0.103430
vt -0.000000 0.060565
vt -0.200000 0.060565
vt 0.971300 0.200000
vt 0.923150 0.200000
vt 0.971300 0.000000
vt 0.910594 0.000000
vt 0.869157 0.200000
vt 0.849888 0.000000
vt 0.839953 0.200000
vt 0.819534 0.000000
vt 0.807857 0.200000
vt 0.789181 0.000000
vt 0.773006 0.200000
vt 0.758828 0.000000
vt 0.736543 0.200000
vt 0.728475 0.000000
vt 0.700511 0.200000
vt 0.698122 0.000000
vt 0.666562 0.200000
vt 0.667769 0.000000
vt 0.637416 0.000000
vt 0.635363 0.200000
vt 0.607063 0.000000
vt 0.607284 0.200000
vt 0.552508 0.200000
vt 0.546356 0.000000
vt 0.493483 0.200000
vt 0.485650 0.000000
vt 0.369693 0.200000
vt 0.364238 0.000000
vt 0.245749 0.200000
vt 0.242825 0.000000
vt 0.122157 0.200000
vt 0.121413 0.000000
vt -0.918481 0.000000
vt -0.718481 0.000000
vt -0.918481 0.400000
vt -0.318481 0.000000
vt 0.000000 0.400000
vt -0.922160 0.400000
vt -0.922160 0.200000
vt -0.003679 0.400000
vt -0.603679 0.000000
vt -0.203679 0.000000
vt -0.922160 0.000000
vt -0.003679 0.000000
vt -0.080238 0.400000
vt -2.980238 0.400000
vt -0.080238 0.000000
vt -2.980238 0.000000
vt -0.000000 3.001420
vt 0.400000 3.001420
vt -0.000000 4.650000
vt 1.000000 3.969780
vt 1.003407 3.995662
vt 0.400000 2.001420
vt 1.074118 1.666373
vt 1.100000 1.669780
vt 1.125882 1.666373
vt 1.013397 1.519780
vt 1.003407 1.543898
vt 3.400000 0.000000
vt 1.150000 1.483178
vt 1.125882 1.473187
vt 1.100000 1.469780
vt 3.400000 4.650000
vt 2.396593 1.595662
vt 2.400000 1.569780
vt 2.396593 1.543898
vt 2.274118 4.066373
vt 2.300000 4.069780
vt 2.325882 4.066373
vt 2.203407 3.995662
vt 1.196593 3.995662
vt 2.200000 3.969780
vt 1.200000 3.969780
vt 2.203407 3.943898
vt 1.196593 3.943898
vt 2.213397 3.919780
vt 1.186603 3.919780
vt 2.229289 3.899069
vt 1.170711 3.899069
vt 2.229289 1.640491
vt 1.170711 1.640491
vt 2.213397 1.619780
vt 1.186603 1.619780
vt 2.203407 1.595662
vt 1.196593 1.595662
vt 2.200000 1.569780
vt 1.200000 1.569780
vt 2.203407 1.543898
vt 1.196593 1.543898
vt 2.213397 1.519780
vt 1.186603 1.519780
vt 2.229289 1.499069
vt 1.170711 1.499069
vt 2.250000 1.483178
vt 1.186603 4.019780
vt 2.213397 4.019780
vt 1.170711 4.040491
vt 2.229289 4.040491
vt 1.150000 4.056383
vt 2.250000 4.056383
vt 1.125882 4.066373
vt 2.350000 4.056383
vt 2.370711 4.040491
vt 2.386603 4.019780
vt 2.396593 3.995662
vt 2.400000 3.969780
vt 2.396593 3.943898
vt 2.386603 3.919780
vt 2.386603 1.619780
vt 2.370711 3.899069
vt 2.370711 1.640491
vt 2.350000 3.883178
vt 2.350000 1.656383
vt 2.325882 3.873187
vt 2.325882 1.666373
vt 2.300000 3.869780
vt 2.300000 1.669780
vt 2.274118 1.666373
vt 2.274118 3.873187
vt 2.250000 1.656383
vt 2.250000 3.883178
vt 1.013397 4.019780
vt 1.029289 4.040491
vt 1.050000 4.056383
vt 1.074118 4.066373
vt 1.100000 4.069780
vt 1.150000 1.656383
vt 1.150000 3.883178
vt 1.125882 3.873187
vt 1.100000 3.869780
vt 1.074118 3.873187
vt 1.050000 3.883178
vt 1.029289 3.899069
vt 1.013397 3.919780
vt 1.003407 3.943898
vt 2.386603 1.519780
vt 2.370711 1.499069
vt 2.350000 1.483178
vt 2.325882 1.473187
vt 2.300000 1.469780
vt 2.274118 1.473187
vt 1.000000 1.569780
vt 1.003407 1.595662
vt 1.013397 1.619780
vt 1.029289 1.640491
vt 1.050000 1.656383
vt 1.074118 1.473187
vt 1.050000 1.483178
vt 1.029289 1.499069
vt 0.500000 -0.287979
vt 0.000000 -0.287979
vt 0.500000 -0.314159
vt 0.000000 -0.314159
vt 0.500000 0.314159
vt 0.000000 0.314159
vt 0.500000 0.287979
vt 0.000000 0.287979
vt 0.500000 0.261799
vt 0.000000 0.261799
vt 0.500000 0.235619
vt 0.000000 0.235619
vt 0.500000 0.209440
vt 0.000000 0.209440
vt 0.500000 0.183260
vt 0.000000 0.183260
vt 0.500000 0.157080
vt 0.000000 0.157080
vt 0.500000 0.130900
vt 0.000000 0.130900
vt 0.500000 0.104720
vt 0.000000 0.104720
vt 0.500000 0.078540
vt 0.000000 0.078540
vt 0.500000 0.052360
vt 0.000000 0.052360
vt 0.500000 0.026180
vt 0.000000 0.026180
vt 0.500000 0.000000
vt 0.500000 -0.026180
vt 0.000000 -0.026180
vt 0.500000 -0.052360
vt 0.000000 -0.052360
vt 0.500000 -0.078540
vt 0.000000 -0.078540
vt 0.500000 -0.104720
vt 0.000000 -0.104720
vt 0.500000 -0.130900
vt 0.000000 -0.130900
vt 0.500000 -0.157080
vt 0.000000 -0.157080
vt 0.500000 -0.183260
vt 0.000000 -0.183260
vt 0.500000 -0.209440
vt 0.000000 -0.209440
vt 0.500000 -0.235619
vt 0.000000 -0.235619
vt 0.500000 -0.261799
vt 0.000000 -0.261799
vt -0.096593 -0.025882
vt 0.096593 -0.025882
vt -0.100000 0.000000
vt 0.100000 0.000000
vt -0.096593 0.025882
vt 0.096593 0.025882
vt -0.086603 0.050000
vt 0.086603 0.050000
vt -0.070711 0.070711
vt 0.070711 0.070711
vt -0.050000 0.086603
vt 0.050000 0.086603
vt -0.025882 0.096593
vt 0.025882 0.096593
vt 0.000000 0.100000
vt 0.086603 -0.050000
vt -0.086603 -0.050000
vt 0.070711 -0.070711
vt -0.070711 -0.070711
vt 0.050000 -0.086603
vt -0.050000 -0.086603
vt 0.025882 -0.096593
vt -0.025882 -0.096593
vt 0.000000 -0.100000
vt -0.000000 0.287979
vt -0.200000 0.287979
vt 0.150000 0.287979
vt -0.200000 0.314159
vt 0.150000 0.314159
vt -0.200000 -0.314159
vt 0.150000 -0.314159
vt -0.200000 -0.287979
vt 0.150000 -0.287979
vt -0.200000 -0.261799
vt 0.150000 -0.261799
vt -0.200000 -0.235619
vt 0.150000 -0.235619
vt -0.200000 -0.209440
vt 0.150000 -0.209440
vt -0.200000 -0.183260
vt 0.150000 -0.183260
vt -0.200000 -0.157080
vt 0.150000 -0.157080
vt -0.200000 -0.130900
vt 0.150000 -0.130900
vt -0.200000 -0.104720
vt 0.150000 -0.104720
vt -0.200000 -0.078540
vt 0.150000 -0.078540
vt -0.200000 -0.052360
vt 0.150000 -0.052360
vt -0.200000 -0.026180
vt 0.150000 -0.026180
vt -0.200000 0.000000
vt 0.150000 0.000000
vt -0.200000 0.026180
vt 0.150000 0.026180
vt -0.200000 0.052360
vt 0.150000 0.052360
vt -0.200000 0.078540
vt 0.150000 0.078540
vt -0.200000 0.104720
vt 0.150000 0.104720
vt -0.200000 0.130900
vt 0.150000 0.130900
vt -0.200000 0.157080
vt 0.150000 0.157080
vt -0.200000 0.183260
vt 0.150000 0.183260
vt -0.200000 0.209440
vt 0.150000 0.209440
vt -0.200000 0.235619
vt 0.150000 0.235619
vt -0.200000 0.261799
vt 0.150000 0.261799
vt -0.200000 0.359974
vt 0.400000 0.359974
vt -0.200000 0.392699
vt 0.400000 0.392699
vt -0.200000 -0.392699
vt 0.400000 -0.392699
vt -0.200000 -0.359974
vt 0.400000 -0.359974
vt -0.200000 -0.327249
vt 0.400000 -0.327249
vt -0.200000 -0.294524
vt 0.400000 -0.294524
vt 0.400000 -0.261799
vt -0.200000 -0.229074
vt 0.400000 -0.229074
vt -0.200000 -0.196350
vt 0.400000 -0.196350
vt -0.200000 -0.163625
vt 0.400000 -0.163625
vt 0.400000 -0.130900
vt -0.200000 -0.098175
vt 0.400000 -0.098175
vt -0.200000 -0.065450
vt 0.400000 -0.065450
vt -0.200000 -0.032725
vt 0.400000 -0.032725
vt 0.400000 0.000000
vt -0.200000 0.032725
vt 0.400000 0.032725
vt -0.200000 0.065450
vt 0.400000 0.065450
vt -0.200000 0.098175
vt 0.400000 0.098175
vt 0.400000 0.130900
vt -0.200000 0.163625
vt 0.400000 0.163625
vt -0.200000 0.196350
vt 0.400000 0.196350
vt -0.200000 0.229074
vt 0.400000 0.229074
vt 0.400000 0.261799
vt -0.200000 0.294524
vt 0.400000 0.294524
vt -0.200000 0.327249
vt 0.400000 0.327249
vt 1.000000 -0.359974
vt 1.000000 -0.392699
vt 1.000000 0.392699
vt 1.000000 0.359974
vt 1.000000 0.327249
vt 1.000000 0.294524
vt 1.000000 0.261799
vt 1.000000 0.229074
vt 1.000000 0.196350
vt 1.000000 0.163625
vt 1.000000 0.130900
vt 1.000000 0.098175
vt 1.000000 0.065450
vt 1.000000 0.032725
vt 1.000000 0.000000
vt 1.000000 -0.032725
vt 1.000000 -0.065450
vt 1.000000 -0.098175
vt 1.000000 -0.130900
vt 1.000000 -0.163625
vt 1.000000 -0.196350
vt 1.000000 -0.229074
vt 1.000000 -0.261799
vt 1.000000 -0.294524
vt 1.000000 -0.327249
vt -0.120741 -0.032352
vt 0.120741 -0.032352
vt -0.125000 0.000000
vt 0.125000 0.000000
vt -0.120741 0.032352
vt 0.120741 0.032352
vt -0.108253 0.062500
vt 0.108253 0.062500
vt -0.088388 0.088388
vt 0.088388 0.088388
vt -0.062500 0.108253
vt 0.062500 0.108253
vt -0.032352 0.120741
vt 0.032352 0.120741
vt 0.000000 0.125000
vt 0.108253 -0.062500
vt -0.108253 -0.062500
vt 0.088388 -0.088388
vt -0.088388 -0.088388
vt 0.062500 -0.108253
vt -0.062500 -0.108253
vt 0.032352 -0.120741
vt -0.032352 -0.120741
vt 0.000000 -0.125000
vt 0.500000 -0.359974
vt 0.500000 -0.392699
vt 0.500000 0.392699
vt 0.500000 0.359974
vt 0.500000 0.327249
vt 0.500000 0.294524
vt 0.500000 0.229074
vt 0.500000 0.196350
vt 0.500000 0.163625
vt 0.500000 0.098175
vt 0.500000 0.065450
vt 0.500000 0.032725
vt 0.500000 -0.032725
vt 0.500000 -0.065450
vt 0.500000 -0.098175
vt 0.500000 -0.163625
vt 0.500000 -0.196350
vt 0.500000 -0.229074
vt 0.500000 -0.294524
vt 0.500000 -0.327249
vt 0.000000 0.359974
vt 0.000000 0.392699
vt 0.000000 -0.392699
vt 0.000000 -0.359974
vt 0.000000 -0.327249
vt 0.000000 -0.294524
vt 0.000000 -0.229074
vt 0.000000 -0.196350
vt 0.000000 -0.163625
vt 0.000000 -0.098175
vt 0.000000 -0.065450
vt 0.000000 -0.032725
vt 0.000000 0.032725
vt 0.000000 0.065450
vt 0.000000 0.098175
vt 0.000000 0.163625
vt 0.000000 0.196350
vt 0.000000 0.229074
vt 0.000000 0.294524
vt 0.000000 0.327249
vt 0.300000 0.287979
vt 0.300000 0.314159
vt 0.300000 -0.314159
vt 0.300000 -0.287979
vt 0.300000 -0.261799
vt 0.300000 -0.235619
vt 0.300000 -0.209440
vt 0.300000 -0.183260
vt 0.300000 -0.157080
vt 0.300000 -0.130900
vt 0.300000 -0.104720
vt 0.300000 -0.078540
vt 0.300000 -0.052360
vt 0.300000 -0.026180
vt 0.300000 0.000000
vt 0.300000 0.026180
vt 0.300000 0.052360
vt 0.300000 0.078540
vt 0.300000 0.104720
vt 0.300000 0.130900
vt 0.300000 0.157080
vt 0.300000 0.183260
vt 0.300000 0.209440
vt 0.300000 0.235619
vt 0.300000 0.261799
vt -0.300000 1.151917
vt -0.000000 1.151917
vt -0.300000 1.256637
vt -0.000000 1.256637
vt -0.300000 -1.256637
vt -0.000000 -1.256637
vt -0.300000 -1.151917
vt 0.000000 -1.151917
vt -0.300000 -1.047198
vt 0.000000 -1.047198
vt -0.300000 -0.942478
vt -0.000000 -0.942478
vt -0.300000 -0.837758
vt 0.000000 -0.837758
vt -0.300000 -0.733038
vt 0.000000 -0.733038
vt -0.300000 -0.628319
vt -0.000000 -0.628319
vt -0.300000 -0.523599
vt -0.000000 -0.523599
vt -0.300000 -0.418879
vt -0.000000 -0.418879
vt -0.300000 -0.314159
vt -0.300000 -0.209440
vt -0.000000 -0.209440
vt -0.300000 -0.104720
vt -0.000000 -0.104720
vt -0.300000 0.000000
vt -0.300000 0.104720
vt -0.300000 0.209440
vt -0.300000 0.314159
vt -0.300000 0.418879
vt -0.000000 0.418879
vt -0.300000 0.523599
vt -0.000000 0.523599
vt -0.300000 0.628319
vt -0.000000 0.628319
vt -0.300000 0.733038
vt -0.000000 0.733038
vt -0.300000 0.837758
vt -0.000000 0.837758
vt -0.300000 0.942478
vt -0.000000 0.942478
vt -0.300000 1.047198
vt -0.000000 1.047198
vt -0.386370 0.103528
vt -0.346410 0.200000
vt -0.282843 0.282843
vt -0.200000 0.346410
vt -0.103528 0.386370
vt 0.103528 0.386370
vt 0.200000 0.346410
vt 0.282843 0.282843
vt 0.346410 0.200000
vt 0.386370 0.103528
vt 0.386370 -0.103528
vt 0.346410 -0.200000
vt 0.282843 -0.282843
vt 0.200000 -0.346410
vt 0.103528 -0.386370
vt 0.000000 -0.400000
vt -0.103528 -0.386370
vt -0.200000 -0.346410
vt -0.282843 -0.282843
vt -0.346410 -0.200000
vt -0.386370 -0.103528
vt -0.200000 2.990123
vt -0.000000 2.990123
vt -0.200000 3.220132
vt 0.000000 3.220132
vt -0.200000 -3.220132
vt 0.000000 -3.220132
vt -0.200000 -2.990123
vt 0.000000 -2.990123
vt -0.200000 -2.760114
vt 0.000000 -2.760114
vt -0.200000 -2.530104
vt 0.000000 -2.530104
vt -0.200000 -2.300095
vt -0.000000 -2.300095
vt -0.200000 -2.070085
vt 0.000000 -2.070085
vt -0.200000 -1.840076
vt 0.000000 -1.840076
vt -0.200000 -1.610066
vt -0.000000 -1.610066
vt -0.200000 -1.380057
vt -0.000000 -1.380057
vt -0.200000 -1.150047
vt -0.000000 -1.150047
vt -0.200000 -0.920038
vt -0.000000 -0.920038
vt -0.200000 -0.690028
vt -0.000000 -0.690028
vt -0.200000 -0.460019
vt -0.000000 -0.460019
vt -0.200000 -0.230009
vt -0.000000 -0.230009
vt -0.200000 0.230009
vt -0.000000 0.230009
vt -0.200000 0.460019
vt -0.000000 0.460019
vt -0.200000 0.690028
vt -0.000000 0.690028
vt -0.200000 0.920038
vt -0.000000 0.920038
vt -0.200000 1.150047
vt -0.000000 1.150047
vt -0.200000 1.380057
vt -0.000000 1.380057
vt -0.200000 1.610066
vt -0.000000 1.610066
vt -0.200000 1.840076
vt -0.000000 1.840076
vt -0.200000 2.070085
vt -0.000000 2.070085
vt -0.200000 2.300095
vt -0.000000 2.300095
vt -0.200000 2.530104
vt -0.000000 2.530104
vt -0.200000 2.760114
vt -0.000000 2.760114
vt -0.999301 -0.228084
vt -0.886603 -0.050000
vt -1.025000 -0.000000
vt -0.896593 -0.025882
vt -0.900000 0.000000
vt -0.923493 -0.444731
vt -0.800000 -0.100000
vt -0.825882 -0.096593
vt -0.850000 -0.086603
vt -0.801377 -0.639077
vt -0.750000 -0.086603
vt -0.774118 -0.096593
vt -0.639077 -0.801377
vt -0.444731 -0.923493
vt -0.086603 -0.750000
vt -0.096593 -0.774118
vt -0.100000 -0.800000
vt -0.228084 -0.999301
vt -0.096593 -0.825882
vt -0.086603 -0.850000
vt -0.070711 -0.870711
vt -0.050000 -0.886603
vt 0.000000 -1.025000
vt -0.025882 -0.896593
vt 0.000000 -0.900000
vt 0.025882 -0.896593
vt 0.050000 -0.886603
vt 0.228084 -0.999301
vt 0.070711 -0.870711
vt 0.086603 -0.850000
vt 0.096593 -0.825882
vt 0.100000 -0.800000
vt 0.444731 -0.923493
vt 0.096593 -0.774118
vt 0.086603 -0.750000
vt 0.070711 -0.729289
vt 0.050000 -0.713397
vt 0.025882 -0.703407
vt 0.000000 -0.700000
vt -0.025882 -0.703407
vt -0.050000 -0.713397
vt -0.070711 -0.729289
vt 0.639077 -0.801377
vt 0.801377 -0.639077
vt 0.923493 -0.444731
vt 0.750000 -0.086603
vt 0.774118 -0.096593
vt 0.800000 -0.100000
vt 0.999301 -0.228084
vt 0.825882 -0.096593
vt 0.850000 -0.086603
vt 0.870711 -0.070711
vt 0.886603 -0.050000
vt 1.025000 0.000000
vt 0.896593 -0.025882
vt 0.900000 0.000000
vt 0.896593 0.025882
vt 0.886603 0.050000
vt 0.999301 0.228084
vt 0.870711 0.070711
vt 0.850000 0.086603
vt 0.825882 0.096593
vt 0.800000 0.100000
vt 0.923493 0.444731
vt 0.774118 0.096593
vt 0.750000 0.086603
vt 0.729289 0.070711
vt 0.713397 0.050000
vt 0.703407 0.025882
vt 0.700000 0.000000
vt 0.703407 -0.025882
vt 0.713397 -0.050000
vt 0.729289 -0.070711
vt 0.801377 0.639077
vt 0.639077 0.801377
vt 0.444731 0.923493
vt 0.086603 0.750000
vt 0.096593 0.774118
vt 0.100000 0.800000
vt 0.228084 0.999301
vt 0.096593 0.825882
vt 0.086603 0.850000
vt 0.070711 0.870711
vt 0.050000 0.886603
vt 0.000000 1.025000
vt 0.025882 0.896593
vt 0.000000 0.900000
vt -0.025882 0.896593
vt -0.050000 0.886603
vt -0.228084 0.999301
vt -0.070711 0.870711
vt -0.086603 0.850000
vt -0.096593 0.825882
vt -0.100000 0.800000
vt -0.444731 0.923493
vt -0.096593 0.774118
vt -0.086603 0.750000
vt -0.070711 0.729289
vt -0.050000 0.713397
vt -0.025882 0.703407
vt 0.000000 0.700000
vt 0.025882 0.703407
vt 0.050000 0.713397
vt 0.070711 0.729289
vt -0.639077 0.801377
vt -0.801377 0.639077
vt -0.923493 0.444731
vt -0.750000 0.086603
vt -0.774118 0.096593
vt -0.800000 0.100000
vt -0.999301 0.228084
vt -0.825882 0.096593
vt -0.850000 0.086603
vt -0.870711 0.070711
vt -0.886603 0.050000
vt -0.896593 0.025882
vt -0.703407 0.025882
vt -0.700000 0.000000
vt -0.703407 -0.025882
vt -0.729289 0.070711
vt -0.713397 0.050000
vt -0.729289 -0.070711
vt -0.713397 -0.050000
vt -0.870711 -0.070711
vt 0.200000 -0.287979
vt 0.200000 -0.314159
vt 0.200000 0.314159
vt 0.200000 0.287979
vt 0.200000 0.261799
vt 0.200000 0.235619
vt 0.200000 0.209440
vt 0.200000 0.183260
vt 0.200000 0.157080
vt 0.200000 0.130900
vt 0.200000 0.104720
vt 0.200000 0.078540
vt 0.200000 0.052360
vt 0.200000 0.026180
vt 0.200000 0.000000
vt 0.200000 -0.026180
vt -0.000000 -0.026180
vt 0.200000 -0.052360
vt 0.200000 -0.078540
vt 0.200000 -0.104720
vt 0.200000 -0.130900
vt -0.000000 -0.130900
vt 0.200000 -0.157080
vt 0.200000 -0.183260
vt 0.200000 -0.209440
vt 0.200000 -0.235619
vt 0.200000 -0.261799
vt 0.200000 0.209439
vt 0.000000 0.209439
vt -0.000000 -0.052360
vt -0.000000 -0.078540
vt 0.200000 -0.209439
vt 0.000000 -0.209439
vt 3.400000 3.001420
vt 3.000000 3.001420
vt 3.400000 2.001420
vt 3.000000 2.001420
vt 0.450699 1.353084
vt 0.279289 1.879289
vt 0.425000 1.125000
vt 0.263397 1.900000
vt 1.005269 0.201507
vt 0.810923 0.323623
vt 0.648623 0.485923
vt 0.526507 0.680269
vt 0.450699 0.896916
vt 0.526507 1.569731
vt 0.350000 1.850000
vt 0.324118 1.853407
vt 0.300000 1.863397
vt 0.648623 1.764077
vt 0.436603 1.900000
vt 0.420711 1.879289
vt 0.400000 1.863397
vt 0.810923 1.926377
vt 0.446593 1.975882
vt 0.450000 1.950000
vt 0.446593 1.924118
vt 1.005269 2.048493
vt 0.420711 2.020711
vt 0.436603 2.000000
vt 1.221916 2.124301
vt 0.436603 4.300000
vt 0.420711 4.279289
vt 0.400000 4.263397
vt 0.446593 4.324118
vt 1.450000 2.150000
vt 2.453407 4.324118
vt 1.678084 2.124301
vt 2.463397 4.300000
vt 1.894731 2.048493
vt 2.479289 4.279289
vt 2.500000 4.263397
vt 2.500000 2.036603
vt 2.524118 4.253407
vt 2.524118 2.046593
vt 2.550000 4.250000
vt 2.550000 2.050000
vt 2.575882 2.046593
vt 2.479289 2.020711
vt 2.089077 1.926377
vt 2.463397 2.000000
vt 2.453407 1.975882
vt 2.251377 1.764077
vt 2.450000 1.950000
vt 2.453407 1.924118
vt 2.463397 1.900000
vt 2.373493 1.569731
vt 2.479289 1.879289
vt 2.500000 1.863397
vt 2.524118 1.853407
vt 2.550000 1.850000
vt 2.449301 1.353084
vt 2.575882 1.853407
vt 2.600000 1.863397
vt 2.620711 1.879289
vt 2.475000 1.125000
vt 2.636603 1.900000
vt 2.449301 0.896916
vt 2.373493 0.680269
vt 2.251377 0.485923
vt 2.089077 0.323623
vt 1.894731 0.201507
vt 1.678084 0.125699
vt 1.450000 0.100000
vt 1.221916 0.125699
vt 2.900000 4.650000
vt 2.650000 1.950000
vt 2.646593 1.924118
vt 2.500000 4.436603
vt 2.524118 4.446593
vt 2.550000 4.450000
vt 0.250000 1.950000
vt 0.253407 1.975882
vt 0.263397 2.000000
vt 2.453407 4.375882
vt 0.446593 4.375882
vt 2.450000 4.350000
vt 0.450000 4.350000
vt 0.436603 4.400000
vt 2.463397 4.400000
vt 0.420711 4.420711
vt 2.479289 4.420711
vt 0.400000 4.436603
vt 2.575882 4.446593
vt 2.600000 4.436603
vt 2.620711 4.420711
vt 2.636603 4.400000
vt 2.646593 4.375882
vt 2.650000 4.350000
vt 2.646593 4.324118
vt 2.636603 4.300000
vt 2.636603 2.000000
vt 2.620711 4.279289
vt 2.620711 2.020711
vt 2.600000 4.263397
vt 2.600000 2.036603
vt 2.575882 4.253407
vt 0.279289 2.020711
vt 0.279289 4.279289
vt 0.263397 4.300000
vt 0.253407 4.324118
vt 0.250000 4.350000
vt 0.300000 4.263397
vt 0.300000 2.036603
vt 0.324118 4.253407
vt 0.324118 2.046593
vt 0.350000 4.250000
vt 0.350000 2.050000
vt 0.375882 2.046593
vt 0.375882 4.253407
vt 0.400000 2.036603
vt 0.375882 1.853407
vt 0.253407 1.924118
vt 2.646593 1.975882
vt 0.253407 4.375882
vt 0.263397 4.400000
vt 0.279289 4.420711
vt 0.300000 4.436603
vt 0.324118 4.446593
vt 0.350000 4.450000
vt 0.375882 4.446593
vt 2.900000 3.001420
vt -0.703407 0.574118
vt 0.703407 0.574118
vt -0.700000 0.600000
vt 0.700000 0.600000
vt -0.703407 0.625882
vt 0.703407 0.625882
vt -0.713397 0.650000
vt 0.713397 0.650000
vt -0.729289 0.670711
vt 0.729289 0.670711
vt -0.750000 0.686603
vt 0.750000 0.686603
vt -1.450000 1.700000
vt 1.450000 1.700000
vt 0.774118 0.696593
vt 0.800000 0.700000
vt 0.713397 0.550000
vt -0.713397 0.550000
vt 0.713397 -0.550000
vt -0.713397 -0.550000
vt -0.703407 -0.574118
vt -0.729289 -0.529289
vt -0.729289 0.529289
vt -0.750000 -0.513397
vt -0.750000 0.513397
vt -0.774118 -0.503407
vt -0.774118 0.503407
vt -0.800000 -0.500000
vt -0.800000 0.500000
vt -0.825882 0.503407
vt -0.825882 -0.503407
vt -0.850000 0.513397
vt -0.850000 -0.513397
vt -0.870711 0.529289
vt -0.870711 -0.529289
vt -0.886603 0.550000
vt -0.886603 -0.550000
vt -0.896593 0.574118
vt -0.896593 -0.574118
vt -1.450000 -1.700000
vt -0.900000 -0.600000
vt -0.896593 -0.625882
vt -0.886603 -0.650000
vt -0.870711 -0.670711
vt -0.850000 -0.686603
vt -0.825882 -0.696593
vt -0.800000 -0.700000
vt -0.774118 -0.696593
vt -0.750000 -0.686603
vt 0.750000 -0.686603
vt -0.729289 -0.670711
vt 0.729289 -0.670711
vt -0.713397 -0.650000
vt 0.713397 -0.650000
vt -0.703407 -0.625882
vt 0.703407 -0.625882
vt -0.700000 -0.600000
vt 0.700000 -0.600000
vt 0.703407 -0.574118
vt -0.900000 0.600000
vt -0.896593 0.625882
vt -0.886603 0.650000
vt -0.870711 0.670711
vt -0.850000 0.686603
vt -0.825882 0.696593
vt -0.800000 0.700000
vt -0.774118 0.696593
vt 0.896593 0.625882
vt 0.900000 0.600000
vt 0.896593 0.574118
vt 1.450000 -1.700000
vt 0.896593 -0.574118
vt 0.900000 -0.600000
vt 0.886603 -0.550000
vt 0.886603 0.550000
vt 0.870711 0.529289
vt 0.870711 -0.529289
vt 0.850000 0.513397
vt 0.850000 -0.513397
vt 0.825882 0.503407
vt 0.825882 -0.503407
vt 0.800000 0.500000
vt 0.800000 -0.500000
vt 0.774118 0.503407
vt 0.774118 -0.503407
vt 0.750000 0.513397
vt 0.750000 -0.513397
vt 0.729289 0.529289
vt 0.729289 -0.529289
vt 0.825882 0.696593
vt 0.850000 0.686603
vt 0.870711 0.670711
vt 0.886603 0.650000
vt 0.896593 -0.625882
vt 0.886603 -0.650000
vt 0.870711 -0.670711
vt 0.850000 -0.686603
vt 0.825882 -0.696593
vt 0.800000 -0.700000
vt 0.774118 -0.696593
s 0
f 48/1/1 1/2/1 47/3/2
f 47/3/3 1/2/1 2/4/3
f 47/3/4 2/4/4 46/5/5
f 46/5/5 2/4/6 3/6/5
f 46/5/7 3/6/7 45/7/8
f 45/7/8 3/6/7 4/8/8
f 45/7/9 4/8/9 44/9/10
f 44/9/10 4/8/9 5/10/10
f 44/9/11 5/10/11 43/11/12
f 43/11/12 5/10/11 6/12/12
f 43/11/13 6/12/13 42/13/14
f 42/13/14 6/12/13 7/14/14
f 42/13/15 7/14/15 41/15/16
f 41/15/16 7/14/15 8/16/16
f 41/15/17 8/16/17 40/17/18
f 40/17/18 8/16/19 9/18/18
f 40/17/20 9/18/20 39/19/21
f 39/19/21 9/18/20 10/20/21
f 39/19/22 10/20/22 38/21/23
f 38/21/23 10/20/22 11/22/23
f 38/21/24 11/22/24 37/23/25
f 37/23/25 11/22/24 12/24/25
f 37/23/26 12/24/26 36/25/27
f 36/25/27 12/24/26 13/26/27
f 36/25/28 13/26/28 35/27/29
f 35/27/29 13/26/28 14/28/29
f 35/27/30 14/28/30 34/29/31
f 34/29/31 14/28/30 15/30/31
f 34/29/32 15/30/32 33/31/33
f 33/31/33 15/30/34 16/32/33
f 33/31/35 16/32/35 32/33/36
f 32/33/37 16/32/35 17/34/37
f 32/33/38 17/34/38 31/35/39
f 31/35/39 17/34/38 18/36/39
f 31/35/40 18/36/40 30/37/41
f 30/37/41 18/36/40 19/38/41
f 30/37/42 19/38/42 29/39/43
f 29/39/43 19/38/42 20/40/43
f 29/39/44 20/40/44 28/41/45
f 28/41/45 20/40/44 21/42/45
f 28/41/46 21/42/46 27/43/47
f 27/43/47 21/42/46 22/44/47
f 27/43/48 22/44/48 26/45/49
f 26/45/49 22/44/48 23/46/49
f 26/45/50 23/46/50 25/47/51
f 25/47/51 23/46/52 24/48/51
f 50/49/53 124/50/53 49/51/53
f 49/51/53 124/50/53 125/52/53
f 49/51/53 125/52/53 72/53/53
f 72/53/53 125/52/53 126/54/53
f 72/53/53 126/54/53 127/55/53
f 50/49/53 51/56/53 124/50/53
f 124/50/53 51/56/53 123/57/53
f 123/57/53 51/56/53 52/58/53
f 123/57/53 52/58/53 53/59/53
f 123/57/53 53/59/53 122/60/53
f 122/60/53 53/59/53 54/61/53
f 122/60/53 54/61/53 28/62/53
f 28/62/53 54/61/53 55/63/53
f 28/62/53 55/63/53 56/64/53
f 56/64/53 57/65/53 28/62/53
f 28/62/53 57/65/53 29/66/53
f 29/66/53 57/65/53 58/67/53
f 29/66/53 58/67/53 59/68/53
f 59/68/53 60/69/53 29/66/53
f 29/66/53 60/69/53 61/70/53
f 29/66/53 61/70/53 30/71/53
f 30/71/53 61/70/53 62/72/53
f 30/71/53 62/72/53 63/73/53
f 63/73/53 64/74/53 30/71/53
f 30/71/53 64/74/53 65/75/53
f 30/71/53 65/75/53 31/76/53
f 31/76/53 65/75/53 66/77/53
f 31/76/53 66/77/53 67/78/53
f 67/78/53 68/79/53 31/76/53
f 31/76/53 68/79/53 32/80/53
f 32/80/53 68/79/53 69/81/53
f 32/80/53 69/81/53 70/82/53
f 71/83/53 128/84/53 70/82/53
f 70/82/53 128/84/53 129/85/53
f 70/82/53 129/85/53 32/80/53
f 32/80/53 129/85/53 33/86/53
f 33/86/53 129/85/53 130/87/53
f 33/86/53 130/87/53 89/88/53
f 89/88/53 130/87/53 88/89/53
f 88/89/53 130/87/53 131/90/53
f 88/89/53 131/90/53 87/91/53
f 87/91/53 131/90/53 132/92/53
f 87/91/53 132/92/53 133/93/53
f 128/84/53 71/83/53 127/55/53
f 127/55/53 71/83/53 72/53/53
f 74/94/53 147/95/53 73/96/53
f 73/96/53 147/95/53 148/97/53
f 73/96/53 148/97/53 96/98/53
f 96/98/53 148/97/53 149/99/53
f 96/98/53 149/99/53 95/100/53
f 95/100/53 149/99/53 150/101/53
f 95/100/53 150/101/53 94/102/53
f 94/102/53 150/101/53 151/103/53
f 94/102/53 151/103/53 152/104/53
f 147/95/53 74/94/53 146/105/53
f 146/105/53 74/94/53 75/106/53
f 146/105/53 75/106/53 145/107/53
f 145/107/53 75/106/53 76/108/53
f 145/107/53 76/108/53 144/109/53
f 144/109/53 76/108/53 77/110/53
f 144/109/53 77/110/53 143/111/53
f 143/111/53 77/110/53 78/112/53
f 143/111/53 78/112/53 142/113/53
f 142/113/53 78/112/53 79/114/53
f 142/113/53 79/114/53 141/115/53
f 141/115/53 79/114/53 140/116/53
f 140/116/53 79/114/53 80/117/53
f 140/116/53 80/117/53 139/118/53
f 139/118/53 80/117/53 81/119/53
f 139/118/53 81/119/53 138/120/53
f 138/120/53 81/119/53 82/121/53
f 138/120/53 82/121/53 137/122/53
f 137/122/53 82/121/53 83/123/53
f 137/122/53 83/123/53 136/124/53
f 136/124/53 83/123/53 84/125/53
f 136/124/53 84/125/53 135/126/53
f 135/126/53 84/125/53 85/127/53
f 135/126/53 85/127/53 134/128/53
f 134/128/53 85/127/53 86/129/53
f 134/128/53 86/129/53 133/93/53
f 133/93/53 86/129/53 87/91/53
f 33/86/53 89/88/53 34/130/53
f 34/130/53 89/88/53 90/131/53
f 34/130/53 90/131/53 35/132/53
f 35/132/53 90/131/53 36/133/53
f 36/133/53 90/131/53 91/134/53
f 36/133/53 91/134/53 37/135/53
f 37/135/53 91/134/53 92/136/53
f 37/135/53 92/136/53 38/137/53
f 38/137/53 92/136/53 39/138/53
f 39/138/53 92/136/53 93/139/53
f 39/138/53 93/139/53 40/140/53
f 40/140/53 93/139/53 152/104/53
f 40/140/53 152/104/53 153/141/53
f 93/139/53 94/102/53 152/104/53
f 98/142/53 44/143/53 97/144/53
f 97/144/53 44/143/53 43/145/53
f 97/144/53 43/145/53 120/146/53
f 120/146/53 43/145/53 119/147/53
f 119/147/53 43/145/53 118/148/53
f 118/148/53 43/145/53 117/149/53
f 117/149/53 43/145/53 42/150/53
f 117/149/53 42/150/53 116/151/53
f 116/151/53 42/150/53 115/152/53
f 115/152/53 42/150/53 114/153/53
f 114/153/53 42/150/53 41/154/53
f 114/153/53 41/154/53 113/155/53
f 113/155/53 41/154/53 112/156/53
f 112/156/53 41/154/53 153/141/53
f 112/156/53 153/141/53 154/157/53
f 98/142/53 99/158/53 44/143/53
f 44/143/53 99/158/53 100/159/53
f 44/143/53 100/159/53 101/160/53
f 44/143/53 101/160/53 45/161/53
f 45/161/53 101/160/53 102/162/53
f 45/161/53 102/162/53 103/163/53
f 103/163/53 104/164/53 45/161/53
f 45/161/53 104/164/53 159/165/53
f 45/161/53 159/165/53 160/166/53
f 104/164/53 105/167/53 159/165/53
f 159/165/53 105/167/53 106/168/53
f 159/165/53 106/168/53 158/169/53
f 158/169/53 106/168/53 107/170/53
f 158/169/53 107/170/53 157/171/53
f 157/171/53 107/170/53 108/172/53
f 157/171/53 108/172/53 109/173/53
f 157/171/53 109/173/53 156/174/53
f 156/174/53 109/173/53 110/175/53
f 156/174/53 110/175/53 155/176/53
f 155/176/53 110/175/53 111/177/53
f 155/176/53 111/177/53 154/157/53
f 154/157/53 111/177/53 112/156/53
f 48/178/53 47/179/53 160/166/53
f 160/166/53 47/179/53 46/180/53
f 160/166/53 46/180/53 45/161/53
f 41/154/53 40/140/53 153/141/53
f 28/62/53 27/181/53 122/60/53
f 122/60/53 27/181/53 121/182/53
f 121/182/53 27/181/53 26/183/53
f 121/182/53 26/183/53 25/184/53
f 24/185/53 23/186/53 164/187/53
f 164/187/53 23/186/53 22/188/53
f 164/187/53 22/188/53 21/189/53
f 21/189/53 20/190/53 164/187/53
f 164/187/53 20/190/53 19/191/53
f 164/187/53 19/191/53 199/192/53
f 199/192/53 19/191/53 198/193/53
f 198/193/53 19/191/53 18/194/53
f 198/193/53 18/194/53 197/195/53
f 197/195/53 18/194/53 196/196/53
f 196/196/53 18/194/53 195/197/53
f 195/197/53 18/194/53 17/198/53
f 195/197/53 17/198/53 194/199/53
f 194/199/53 17/198/53 193/200/53
f 193/200/53 17/198/53 192/201/53
f 192/201/53 17/198/53 16/202/53
f 192/201/53 16/202/53 191/203/53
f 191/203/53 16/202/53 190/204/53
f 190/204/53 16/202/53 189/205/53
f 189/205/53 16/202/53 212/206/53
f 212/206/53 16/202/53 211/207/53
f 211/207/53 16/202/53 15/208/53
f 211/207/53 15/208/53 210/209/53
f 210/209/53 15/208/53 209/210/53
f 209/210/53 15/208/53 208/211/53
f 208/211/53 15/208/53 163/212/53
f 208/211/53 163/212/53 207/213/53
f 207/213/53 163/212/53 206/214/53
f 206/214/53 163/212/53 205/215/53
f 205/215/53 163/212/53 204/216/53
f 204/216/53 163/212/53 203/217/53
f 203/217/53 163/212/53 202/218/53
f 202/218/53 163/212/53 201/219/53
f 201/219/53 163/212/53 200/220/53
f 200/220/53 163/212/53 199/192/53
f 199/192/53 163/212/53 164/187/53
f 15/208/53 14/221/53 163/212/53
f 163/212/53 14/221/53 13/222/53
f 163/212/53 13/222/53 12/223/53
f 163/212/53 12/223/53 162/224/53
f 162/224/53 12/223/53 11/225/53
f 162/224/53 11/225/53 10/226/53
f 9/227/53 179/228/53 10/226/53
f 10/226/53 179/228/53 180/229/53
f 10/226/53 180/229/53 181/230/53
f 8/231/53 174/232/53 9/227/53
f 9/227/53 174/232/53 175/233/53
f 9/227/53 175/233/53 176/234/53
f 7/235/53 171/236/53 8/231/53
f 8/231/53 171/236/53 172/237/53
f 8/231/53 172/237/53 173/238/53
f 6/239/53 168/240/53 7/235/53
f 7/235/53 168/240/53 169/241/53
f 7/235/53 169/241/53 170/242/53
f 5/243/53 161/244/53 6/239/53
f 6/239/53 161/244/53 167/245/53
f 6/239/53 167/245/53 168/240/53
f 5/243/53 4/246/53 161/244/53
f 161/244/53 4/246/53 3/247/53
f 161/244/53 3/247/53 2/248/53
f 2/248/53 1/249/53 161/244/53
f 161/244/53 162/224/53 167/245/53
f 167/245/53 162/224/53 166/250/53
f 166/250/53 162/224/53 165/251/53
f 165/251/53 162/224/53 188/252/53
f 188/252/53 162/224/53 187/253/53
f 187/253/53 162/224/53 186/254/53
f 186/254/53 162/224/53 185/255/53
f 185/255/53 162/224/53 184/256/53
f 184/256/53 162/224/53 183/257/53
f 183/257/53 162/224/53 182/258/53
f 182/258/53 162/224/53 10/226/53
f 182/258/53 10/226/53 181/230/53
f 170/242/53 171/236/53 7/235/53
f 173/238/53 174/232/53 8/231/53
f 176/234/53 177/259/53 9/227/53
f 9/227/53 177/259/53 178/260/53
f 9/227/53 178/260/53 179/228/53
f 214/224/54 215/261/54 213/262/54
f 213/262/54 215/261/54 216/263/54
f 213/262/54 216/263/54 217/264/54
f 214/265/55 218/224/55 215/266/55
f 215/266/55 218/224/55 219/261/55
f 221/224/56 222/261/56 220/267/56
f 220/267/56 222/261/56 219/263/56
f 220/267/56 219/263/56 218/264/56
f 221/265/57 217/224/57 222/266/57
f 222/266/57 217/224/57 216/261/57
f 220/268/58 213/269/58 221/270/58
f 221/270/58 213/269/58 217/271/58
f 216/272/53 215/273/53 222/274/53
f 222/274/53 215/273/53 219/275/53
f 223/264/54 224/262/54 227/263/54
f 227/263/54 224/262/54 226/261/54
f 226/261/54 224/262/54 225/224/54
f 225/265/55 228/224/55 226/266/55
f 226/266/55 228/224/55 229/261/55
f 228/264/56 230/267/56 229/263/56
f 229/263/56 230/267/56 232/261/56
f 232/261/56 230/267/56 231/224/56
f 231/265/57 223/224/57 232/266/57
f 232/266/57 223/224/57 227/261/57
f 230/268/58 224/269/58 231/270/58
f 231/270/58 224/269/58 223/271/58
f 227/272/53 226/273/53 232/274/53
f 232/274/53 226/273/53 229/275/53
f 220/276/53 218/277/53 279/278/53
f 279/278/53 218/277/53 278/279/53
f 278/279/59 218/277/59 214/280/59
f 278/279/60 214/280/60 228/281/60
f 228/281/53 214/280/53 275/282/53
f 228/281/53 275/282/53 230/283/53
f 213/284/53 233/285/53 214/280/53
f 214/280/53 233/285/53 275/282/53
f 275/282/53 233/285/53 274/286/53
f 274/286/53 233/285/53 234/287/53
f 274/286/53 234/287/53 273/288/53
f 273/288/53 234/287/53 235/289/53
f 273/288/53 235/289/53 254/290/53
f 254/290/53 235/289/53 253/291/53
f 253/291/53 235/289/53 236/292/53
f 253/291/53 236/292/53 252/293/53
f 252/293/53 236/292/53 251/294/53
f 251/294/53 236/292/53 237/295/53
f 251/294/53 237/295/53 250/296/53
f 250/296/53 237/295/53 238/297/53
f 250/296/53 238/297/53 249/298/53
f 249/298/53 238/297/53 248/299/53
f 248/299/53 238/297/53 239/300/53
f 248/299/53 239/300/53 240/301/53
f 248/299/53 240/301/53 247/302/53
f 247/302/53 240/301/53 241/303/53
f 247/302/53 241/303/53 246/304/53
f 246/304/53 241/303/53 242/305/53
f 246/304/53 242/305/53 245/306/53
f 245/306/53 242/305/53 243/307/53
f 245/306/53 243/307/53 244/308/53
f 254/290/53 255/309/53 273/288/53
f 273/288/53 255/309/53 272/310/53
f 272/310/53 255/309/53 256/311/53
f 272/310/53 256/311/53 257/312/53
f 272/310/53 257/312/53 271/313/53
f 271/313/53 257/312/53 258/314/53
f 271/313/53 258/314/53 270/315/53
f 270/315/53 258/314/53 259/316/53
f 270/315/53 259/316/53 260/317/53
f 261/318/53 268/319/53 260/317/53
f 260/317/53 268/319/53 269/320/53
f 260/317/53 269/320/53 270/315/53
f 268/319/53 261/318/53 267/321/53
f 267/321/53 261/318/53 262/322/53
f 267/321/53 262/322/53 266/323/53
f 266/323/53 262/322/53 263/324/53
f 266/323/61 263/324/61 265/325/61
f 265/325/53 263/324/53 264/326/53
f 278/279/62 228/281/62 277/327/62
f 277/327/53 228/281/53 225/328/53
f 277/327/53 225/328/53 276/329/53
f 276/329/53 225/328/53 224/330/53
f 233/224/63 48/331/63 234/332/64
f 234/332/64 48/331/63 160/333/65
f 234/332/64 160/333/65 235/334/66
f 235/334/66 160/333/65 159/335/67
f 235/334/66 159/335/67 236/336/68
f 236/336/68 159/335/67 158/337/69
f 236/336/68 158/337/69 237/338/70
f 237/338/70 158/337/69 157/339/71
f 237/338/70 157/339/72 238/340/73
f 238/340/73 157/339/72 156/341/74
f 238/340/73 156/341/74 239/342/75
f 239/342/76 156/341/77 155/343/78
f 239/342/76 155/343/78 240/344/79
f 240/344/80 155/343/81 241/345/82
f 241/345/83 155/343/84 154/346/85
f 241/345/86 154/346/87 242/347/88
f 242/347/89 154/346/90 153/348/91
f 242/347/92 153/348/93 243/349/94
f 243/349/95 153/348/96 152/350/97
f 243/349/98 152/350/99 244/351/100
f 244/351/101 152/350/102 151/352/103
f 244/351/104 151/352/105 245/353/106
f 245/353/107 151/352/108 150/354/109
f 245/353/110 150/354/111 246/355/112
f 246/355/113 150/354/111 149/356/114
f 246/355/115 149/356/116 247/357/117
f 247/357/118 149/356/119 148/358/120
f 247/357/118 148/358/121 248/359/122
f 248/359/123 148/358/124 147/360/125
f 248/359/123 147/360/125 249/361/126
f 249/361/126 147/360/125 146/362/126
f 249/363/127 146/364/127 250/365/128
f 250/365/129 146/364/127 145/366/129
f 250/365/130 145/366/130 251/367/131
f 251/367/132 145/366/133 144/368/132
f 251/367/134 144/368/134 252/369/135
f 252/369/135 144/368/134 143/370/135
f 252/369/136 143/370/136 253/371/137
f 253/371/137 143/370/136 142/372/137
f 253/371/138 142/372/138 254/373/139
f 254/373/139 142/372/140 141/374/139
f 254/373/141 141/374/141 255/375/142
f 255/375/143 141/374/57 140/376/143
f 255/375/144 140/376/144 256/377/145
f 256/377/145 140/376/144 139/378/145
f 256/377/146 139/378/146 257/379/147
f 257/379/147 139/378/146 138/380/147
f 257/379/148 138/380/148 258/381/149
f 258/381/150 138/380/151 137/382/150
f 258/381/152 137/382/152 259/383/153
f 259/383/153 137/382/154 136/384/153
f 136/385/155 135/386/156 259/387/155
f 259/387/155 135/386/156 260/388/157
f 260/388/158 135/386/159 134/389/160
f 260/388/161 134/389/160 261/390/162
f 261/390/163 134/389/160 133/391/164
f 261/390/162 133/391/165 262/392/166
f 262/392/167 133/391/168 132/393/169
f 262/392/170 132/393/171 263/394/172
f 263/394/173 132/393/169 131/395/174
f 263/394/172 131/395/175 264/396/176
f 264/396/177 131/395/178 130/397/179
f 264/396/180 130/397/181 265/398/182
f 265/398/183 130/397/184 129/399/185
f 265/398/186 129/399/187 266/400/188
f 266/400/189 129/399/190 128/401/191
f 266/400/189 128/401/191 267/402/192
f 267/402/193 128/401/194 268/403/195
f 268/403/196 128/401/197 127/404/198
f 268/403/199 127/404/200 269/405/201
f 269/405/202 127/404/200 126/406/203
f 269/405/204 126/406/205 125/407/206
f 269/405/202 125/407/207 270/408/208
f 270/408/209 125/407/210 124/409/211
f 270/408/209 124/409/211 271/410/212
f 271/410/212 124/409/213 123/411/214
f 271/410/212 123/411/215 272/412/216
f 272/412/216 123/411/215 122/413/217
f 272/412/216 122/413/217 273/414/218
f 273/414/218 122/413/219 121/415/220
f 273/414/218 121/415/220 274/416/221
f 274/416/221 121/415/220 25/331/222
f 274/416/221 25/331/222 275/224/222
f 276/417/57 224/418/57 164/419/57
f 164/419/57 224/418/57 230/420/57
f 164/419/57 230/420/57 25/331/57
f 25/331/57 230/420/57 275/224/57
f 25/331/57 24/421/57 164/419/57
f 1/422/57 48/423/57 161/424/57
f 161/424/57 48/423/57 213/425/57
f 161/424/57 213/425/57 220/426/57
f 48/423/57 233/427/57 213/425/57
f 220/426/57 279/428/57 161/424/57
f 280/429/55 281/430/55 277/431/55
f 277/431/55 281/430/55 278/432/55
f 280/433/56 277/434/56 284/435/56
f 284/435/56 277/434/56 309/436/56
f 284/435/56 309/436/56 310/437/56
f 276/438/56 362/439/56 277/434/56
f 277/434/56 362/439/56 363/440/56
f 277/434/56 363/440/56 364/441/56
f 164/244/56 163/224/56 276/438/56
f 276/438/56 163/224/56 379/442/56
f 276/438/56 379/442/56 380/443/56
f 282/444/56 373/445/56 163/224/56
f 163/224/56 373/445/56 374/446/56
f 163/224/56 374/446/56 375/447/56
f 283/448/56 344/449/56 282/444/56
f 282/444/56 344/449/56 345/450/56
f 282/444/56 345/450/56 346/451/56
f 284/435/56 290/452/56 283/448/56
f 283/448/56 290/452/56 291/453/56
f 283/448/56 291/453/56 292/454/56
f 286/455/56 320/456/56 285/457/56
f 285/457/56 320/456/56 321/458/56
f 285/457/56 321/458/56 308/459/56
f 308/459/56 321/458/56 322/460/56
f 308/459/56 322/460/56 307/461/56
f 307/461/56 322/460/56 323/462/56
f 307/461/56 323/462/56 306/463/56
f 306/463/56 323/462/56 324/464/56
f 306/463/56 324/464/56 336/465/56
f 336/465/56 324/464/56 366/466/56
f 336/465/56 366/466/56 335/467/56
f 335/467/56 366/466/56 367/468/56
f 335/467/56 367/468/56 334/469/56
f 334/469/56 367/468/56 368/470/56
f 334/469/56 368/470/56 333/471/56
f 333/471/56 368/470/56 369/472/56
f 333/471/56 369/472/56 356/473/56
f 356/473/56 369/472/56 370/474/56
f 356/473/56 370/474/56 355/475/56
f 355/475/56 370/474/56 371/476/56
f 355/475/56 371/476/56 354/477/56
f 354/477/56 371/476/56 372/478/56
f 354/477/56 372/478/56 353/479/56
f 353/479/56 372/478/56 373/445/56
f 353/479/56 373/445/56 282/444/56
f 320/456/56 286/455/56 319/480/56
f 319/480/56 286/455/56 287/481/56
f 319/480/56 287/481/56 318/482/56
f 318/482/56 287/481/56 288/483/56
f 318/482/56 288/483/56 317/484/56
f 317/484/56 288/483/56 289/485/56
f 317/484/56 289/485/56 316/486/56
f 316/486/56 289/485/56 290/452/56
f 316/486/56 290/452/56 284/435/56
f 292/454/56 293/487/56 283/448/56
f 283/448/56 293/487/56 294/488/56
f 283/448/56 294/488/56 295/489/56
f 295/489/56 296/490/56 283/448/56
f 283/448/56 296/490/56 297/491/56
f 283/448/56 297/491/56 298/492/56
f 298/492/56 299/493/56 283/448/56
f 283/448/56 299/493/56 343/494/56
f 283/448/56 343/494/56 344/449/56
f 299/493/56 300/495/56 343/494/56
f 343/494/56 300/495/56 342/496/56
f 342/496/56 300/495/56 301/497/56
f 342/496/56 301/497/56 341/498/56
f 341/498/56 301/497/56 302/499/56
f 341/498/56 302/499/56 340/500/56
f 340/500/56 302/499/56 303/501/56
f 340/500/56 303/501/56 339/502/56
f 339/502/56 303/501/56 338/503/56
f 338/503/56 303/501/56 304/504/56
f 338/503/56 304/504/56 337/505/56
f 337/505/56 304/504/56 305/506/56
f 337/505/56 305/506/56 306/463/56
f 310/437/56 311/507/56 284/435/56
f 284/435/56 311/507/56 312/508/56
f 284/435/56 312/508/56 313/509/56
f 313/509/56 314/510/56 284/435/56
f 284/435/56 314/510/56 315/511/56
f 284/435/56 315/511/56 316/486/56
f 366/466/56 324/464/56 365/512/56
f 365/512/56 324/464/56 325/513/56
f 365/512/56 325/513/56 326/514/56
f 327/515/56 277/434/56 326/514/56
f 326/514/56 277/434/56 364/441/56
f 326/514/56 364/441/56 365/512/56
f 327/515/56 328/516/56 277/434/56
f 277/434/56 328/516/56 329/517/56
f 277/434/56 329/517/56 330/518/56
f 330/518/56 331/519/56 277/434/56
f 277/434/56 331/519/56 332/520/56
f 277/434/56 332/520/56 309/436/56
f 336/465/56 337/505/56 306/463/56
f 346/451/56 347/521/56 282/444/56
f 282/444/56 347/521/56 348/522/56
f 282/444/56 348/522/56 349/523/56
f 349/523/56 350/524/56 282/444/56
f 282/444/56 350/524/56 351/525/56
f 282/444/56 351/525/56 352/526/56
f 352/526/56 353/479/56 282/444/56
f 380/443/56 357/527/56 276/438/56
f 276/438/56 357/527/56 358/528/56
f 276/438/56 358/528/56 359/529/56
f 359/529/56 360/530/56 276/438/56
f 276/438/56 360/530/56 361/531/56
f 276/438/56 361/531/56 362/439/56
f 375/447/56 376/532/56 163/224/56
f 163/224/56 376/532/56 377/533/56
f 163/224/56 377/533/56 378/534/56
f 378/534/56 379/442/56 163/224/56
f 382/535/223 358/536/223 381/537/58
f 381/537/224 358/536/225 357/538/224
f 381/539/226 357/540/226 404/541/227
f 404/541/228 357/540/58 380/542/228
f 404/541/229 380/542/229 403/543/230
f 403/543/230 380/542/229 379/544/230
f 403/543/231 379/544/231 402/545/232
f 402/545/232 379/544/231 378/546/232
f 402/545/233 378/546/233 401/547/234
f 401/547/234 378/546/233 377/548/234
f 401/547/235 377/548/235 400/549/236
f 400/549/236 377/548/237 376/550/236
f 400/549/238 376/550/238 399/551/239
f 399/551/239 376/550/238 375/552/239
f 399/551/240 375/552/240 398/553/241
f 398/553/241 375/552/240 374/554/241
f 398/553/242 374/554/242 397/555/243
f 397/555/244 374/554/242 373/556/244
f 397/555/245 373/556/245 396/557/246
f 396/557/247 373/556/245 372/558/247
f 396/557/248 372/558/248 395/559/249
f 395/559/249 372/558/248 371/560/249
f 395/559/250 371/560/250 394/561/251
f 394/561/251 371/560/250 370/562/251
f 394/561/252 370/562/252 393/563/253
f 393/563/253 370/562/252 369/224/253
f 393/563/62 369/224/62 392/564/254
f 392/564/254 369/224/62 368/565/254
f 392/564/255 368/565/255 391/566/256
f 391/566/257 368/565/255 367/567/257
f 391/566/258 367/567/258 390/568/259
f 390/568/259 367/567/258 366/569/259
f 390/568/260 366/569/260 389/570/261
f 389/570/261 366/569/262 365/571/261
f 389/570/263 365/571/263 388/572/264
f 388/572/264 365/571/265 364/573/264
f 388/572/266 364/573/266 387/574/267
f 387/574/267 364/573/266 363/575/267
f 387/574/268 363/575/268 386/576/269
f 386/576/269 363/575/268 362/577/269
f 386/576/270 362/577/270 385/578/271
f 385/578/272 362/577/270 361/579/272
f 385/578/273 361/579/273 384/580/274
f 384/580/274 361/579/273 360/581/274
f 384/580/275 360/581/275 383/582/276
f 383/582/276 360/581/275 359/583/276
f 383/582/277 359/583/277 382/535/278
f 382/535/278 359/583/279 358/536/278
f 404/584/56 394/585/56 381/586/56
f 381/586/56 394/585/56 393/587/56
f 381/586/56 393/587/56 382/588/56
f 382/588/56 393/587/56 392/589/56
f 382/588/56 392/589/56 383/590/56
f 383/590/56 392/589/56 391/591/56
f 383/590/56 391/591/56 384/592/56
f 384/592/56 391/591/56 390/593/56
f 384/592/56 390/593/56 385/594/56
f 385/594/56 390/593/56 389/595/56
f 385/594/56 389/595/56 386/596/56
f 386/596/56 389/595/56 388/597/56
f 386/596/56 388/597/56 387/598/56
f 394/585/56 404/584/56 395/599/56
f 395/599/56 404/584/56 403/600/56
f 395/599/56 403/600/56 396/601/56
f 396/601/56 403/600/56 402/602/56
f 396/601/56 402/602/56 397/603/56
f 397/603/56 402/602/56 401/604/56
f 397/603/56 401/604/56 398/605/56
f 398/605/56 401/604/56 400/606/56
f 398/605/56 400/606/56 399/607/56
f 406/535/280 334/536/280 405/537/224
f 405/537/224 334/536/280 333/538/224
f 405/539/226 333/540/226 428/541/281
f 428/541/281 333/540/226 356/542/281
f 428/541/229 356/542/229 427/543/282
f 427/543/230 356/542/229 355/544/230
f 427/543/231 355/544/231 426/545/232
f 426/545/232 355/544/231 354/546/232
f 426/545/233 354/546/233 425/547/234
f 425/547/234 354/546/233 353/548/234
f 425/547/237 353/548/237 424/549/236
f 424/549/236 353/548/235 352/550/236
f 424/549/238 352/550/238 423/551/239
f 423/551/239 352/550/238 351/552/239
f 423/551/240 351/552/240 422/553/241
f 422/553/241 351/552/240 350/554/241
f 422/553/242 350/554/242 421/555/244
f 421/555/243 350/554/242 349/556/243
f 421/555/245 349/556/245 420/557/246
f 420/557/246 349/556/245 348/558/246
f 420/557/283 348/558/283 419/559/249
f 419/559/249 348/558/248 347/560/249
f 419/559/250 347/560/250 418/561/251
f 418/561/251 347/560/250 346/562/251
f 418/561/252 346/562/252 417/563/253
f 417/563/253 346/562/252 345/224/253
f 417/563/62 345/224/62 416/564/254
f 416/564/254 345/224/62 344/565/254
f 416/564/255 344/565/255 415/566/256
f 415/566/257 344/565/255 343/567/257
f 415/566/258 343/567/258 414/568/259
f 414/568/284 343/567/258 342/569/284
f 414/568/262 342/569/262 413/570/261
f 413/570/261 342/569/262 341/571/261
f 413/570/265 341/571/265 412/572/264
f 412/572/264 341/571/263 340/573/264
f 412/572/266 340/573/266 411/574/267
f 411/574/267 340/573/266 339/575/267
f 411/574/268 339/575/268 410/576/269
f 410/576/269 339/575/268 338/577/269
f 410/576/270 338/577/270 409/578/272
f 409/578/271 338/577/270 337/579/271
f 409/578/273 337/579/273 408/580/274
f 408/580/274 337/579/273 336/581/274
f 408/580/275 336/581/275 407/582/276
f 407/582/276 336/581/275 335/583/276
f 407/582/279 335/583/279 406/535/278
f 406/535/278 335/583/285 334/536/278
f 428/584/56 418/585/56 405/586/56
f 405/586/56 418/585/56 417/587/56
f 405/586/56 417/587/56 406/588/56
f 406/588/56 417/587/56 416/589/56
f 406/588/56 416/589/56 407/590/56
f 407/590/56 416/589/56 415/591/56
f 407/590/56 415/591/56 408/592/56
f 408/592/56 415/591/56 414/593/56
f 408/592/56 414/593/56 409/594/56
f 409/594/56 414/593/56 413/595/56
f 409/594/56 413/595/56 410/596/56
f 410/596/56 413/595/56 412/597/56
f 410/596/56 412/597/56 411/598/56
f 418/585/56 428/584/56 419/599/56
f 419/599/56 428/584/56 427/600/56
f 419/599/56 427/600/56 420/601/56
f 420/601/56 427/600/56 426/602/56
f 420/601/56 426/602/56 421/603/56
f 421/603/56 426/602/56 425/604/56
f 421/603/56 425/604/56 422/605/56
f 422/605/56 425/604/56 424/606/56
f 422/605/56 424/606/56 423/607/56
f 430/535/223 310/536/223 429/537/58
f 429/537/224 310/536/225 309/538/224
f 429/539/226 309/540/226 452/541/227
f 452/541/228 309/540/58 332/542/228
f 452/541/229 332/542/229 451/543/230
f 451/543/230 332/542/229 331/544/230
f 451/543/231 331/544/231 450/545/232
f 450/545/232 331/544/231 330/546/232
f 450/545/233 330/546/233 449/547/234
f 449/547/234 330/546/233 329/548/234
f 449/547/235 329/548/235 448/549/236
f 448/549/236 329/548/237 328/550/236
f 448/549/238 328/550/238 447/551/239
f 447/551/239 328/550/238 327/552/239
f 447/551/240 327/552/240 446/553/241
f 446/553/241 327/552/240 326/554/241
f 446/553/242 326/554/242 445/555/243
f 445/555/244 326/554/242 325/556/244
f 445/555/245 325/556/245 444/557/246
f 444/557/247 325/556/245 324/558/247
f 444/557/248 324/558/248 443/559/249
f 443/559/249 324/558/248 323/560/249
f 443/559/250 323/560/250 442/561/251
f 442/561/251 323/560/250 322/562/251
f 442/561/252 322/562/252 441/563/253
f 441/563/253 322/562/252 321/224/253
f 441/563/62 321/224/62 440/564/254
f 440/564/254 321/224/62 320/565/254
f 440/564/255 320/565/255 439/566/256
f 439/566/257 320/565/255 319/567/257
f 439/566/258 319/567/258 438/568/259
f 438/568/259 319/567/258 318/569/259
f 438/568/260 318/569/260 437/570/261
f 437/570/261 318/569/262 317/571/261
f 437/570/263 317/571/263 436/572/264
f 436/572/264 317/571/265 316/573/264
f 436/572/286 316/573/286 435/574/267
f 435/574/267 316/573/286 315/575/267
f 435/574/268 315/575/268 434/576/287
f 434/576/287 315/575/268 314/577/287
f 434/576/270 314/577/270 433/578/271
f 433/578/272 314/577/270 313/579/272
f 433/578/273 313/579/273 432/580/274
f 432/580/274 313/579/273 312/581/274
f 432/580/275 312/581/275 431/582/276
f 431/582/276 312/581/275 311/583/276
f 431/582/277 311/583/277 430/535/278
f 430/535/278 311/583/279 310/536/278
f 452/584/56 442/585/56 429/586/56
f 429/586/56 442/585/56 441/587/56
f 429/586/56 441/587/56 430/588/56
f 430/588/56 441/587/56 440/589/56
f 430/588/56 440/589/56 431/590/56
f 431/590/56 440/589/56 439/591/56
f 431/590/56 439/591/56 432/592/56
f 432/592/56 439/591/56 438/593/56
f 432/592/56 438/593/56 433/594/56
f 433/594/56 438/593/56 437/595/56
f 433/594/56 437/595/56 434/596/56
f 434/596/56 437/595/56 436/597/56
f 434/596/56 436/597/56 435/598/56
f 442/585/56 452/584/56 443/599/56
f 443/599/56 452/584/56 451/600/56
f 443/599/56 451/600/56 444/601/56
f 444/601/56 451/600/56 450/602/56
f 444/601/56 450/602/56 445/603/56
f 445/603/56 450/602/56 449/604/56
f 445/603/56 449/604/56 446/605/56
f 446/605/56 449/604/56 448/606/56
f 446/605/56 448/606/56 447/607/56
f 454/535/280 286/536/280 453/537/224
f 453/537/224 286/536/280 285/538/224
f 453/539/226 285/540/226 476/541/281
f 476/541/281 285/540/226 308/542/281
f 476/541/229 308/542/229 475/543/282
f 475/543/230 308/542/229 307/544/230
f 475/543/231 307/544/231 474/545/232
f 474/545/232 307/544/231 306/546/232
f 474/545/233 306/546/233 473/547/234
f 473/547/234 306/546/233 305/548/234
f 473/547/237 305/548/237 472/549/236
f 472/549/236 305/548/235 304/550/236
f 472/549/238 304/550/238 471/551/239
f 471/551/239 304/550/238 303/552/239
f 471/551/240 303/552/240 470/553/241
f 470/553/241 303/552/240 302/554/241
f 470/553/242 302/554/242 469/555/244
f 469/555/243 302/554/242 301/556/243
f 469/555/245 301/556/245 468/557/246
f 468/557/246 301/556/245 300/558/246
f 468/557/283 300/558/283 467/559/249
f 467/559/249 300/558/248 299/560/249
f 467/559/250 299/560/250 466/561/251
f 466/561/251 299/560/250 298/562/251
f 466/561/252 298/562/252 465/563/253
f 465/563/253 298/562/252 297/224/253
f 465/563/62 297/224/62 464/564/254
f 464/564/254 297/224/62 296/565/254
f 464/564/255 296/565/255 463/566/256
f 463/566/257 296/565/255 295/567/257
f 463/566/258 295/567/258 462/568/259
f 462/568/284 295/567/258 294/569/284
f 462/568/262 294/569/262 461/570/261
f 461/570/261 294/569/262 293/571/261
f 461/570/265 293/571/265 460/572/264
f 460/572/264 293/571/263 292/573/264
f 460/572/286 292/573/286 459/574/267
f 459/574/267 292/573/286 291/575/267
f 459/574/268 291/575/268 458/576/287
f 458/576/287 291/575/268 290/577/287
f 458/576/270 290/577/270 457/578/272
f 457/578/271 290/577/270 289/579/271
f 457/578/273 289/579/273 456/580/274
f 456/580/274 289/579/273 288/581/274
f 456/580/275 288/581/275 455/582/276
f 455/582/276 288/581/275 287/583/276
f 455/582/279 287/583/279 454/535/278
f 454/535/278 287/583/285 286/536/278
f 476/584/56 466/585/56 453/586/56
f 453/586/56 466/585/56 465/587/56
f 453/586/56 465/587/56 454/588/56
f 454/588/56 465/587/56 464/589/56
f 454/588/56 464/589/56 455/590/56
f 455/590/56 464/589/56 463/591/56
f 455/590/56 463/591/56 456/592/56
f 456/592/56 463/591/56 462/593/56
f 456/592/56 462/593/56 457/594/56
f 457/594/56 462/593/56 461/595/56
f 457/594/56 461/595/56 458/596/56
f 458/596/56 461/595/56 460/597/56
f 458/596/56 460/597/56 459/598/56
f 466/585/56 476/584/56 467/599/56
f 467/599/56 476/584/56 475/600/56
f 467/599/56 475/600/56 468/601/56
f 468/601/56 475/600/56 474/602/56
f 468/601/56 474/602/56 469/603/56
f 469/603/56 474/602/56 473/604/56
f 469/603/56 473/604/56 470/605/56
f 470/605/56 473/604/56 472/606/56
f 470/605/56 472/606/56 471/607/56
f 478/535/254 524/536/254 477/537/62
f 477/537/62 524/536/254 501/538/62
f 477/539/253 501/540/253 500/541/252
f 500/541/252 501/540/253 502/608/252
f 500/541/251 502/608/251 499/543/250
f 499/543/250 502/608/251 503/544/250
f 499/543/249 503/544/249 498/545/248
f 498/545/283 503/544/249 504/546/283
f 498/545/246 504/546/246 497/547/245
f 497/547/245 504/546/246 505/548/245
f 497/547/243 505/548/243 496/549/242
f 496/549/242 505/548/244 506/550/242
f 496/549/241 506/550/241 495/551/240
f 495/551/240 506/550/241 507/552/240
f 495/551/239 507/552/239 494/553/238
f 494/553/238 507/552/239 508/554/238
f 494/553/236 508/554/236 493/555/235
f 493/555/237 508/554/236 509/556/237
f 493/555/234 509/556/234 492/557/233
f 492/557/233 509/556/234 510/558/233
f 492/557/232 510/558/232 491/559/231
f 491/559/231 510/558/232 511/560/231
f 491/559/230 511/560/230 490/561/229
f 490/561/229 511/560/282 512/562/229
f 490/561/281 512/562/281 489/563/226
f 489/563/226 512/562/281 513/224/226
f 489/563/224 513/224/224 488/564/280
f 488/564/280 513/224/224 514/565/280
f 488/564/278 514/565/278 487/566/285
f 487/566/279 514/565/278 515/567/279
f 487/566/276 515/567/276 486/568/275
f 486/568/275 515/567/276 516/569/275
f 486/568/274 516/569/274 485/570/273
f 485/570/273 516/569/274 517/571/273
f 485/570/271 517/571/271 484/572/270
f 484/572/270 517/571/272 518/573/270
f 484/572/269 518/573/269 483/574/268
f 483/574/268 518/573/269 519/575/268
f 483/574/267 519/575/267 482/576/266
f 482/576/266 519/575/267 520/577/266
f 482/576/264 520/577/264 481/578/263
f 481/578/265 520/577/264 521/579/265
f 481/578/261 521/579/261 480/580/262
f 480/580/262 521/579/261 522/581/262
f 480/580/284 522/581/284 479/582/258
f 479/582/258 522/581/259 523/583/258
f 479/582/256 523/583/256 478/535/255
f 478/535/255 523/583/257 524/536/255
f 500/584/54 490/585/54 477/586/54
f 477/586/54 490/585/54 489/587/54
f 477/586/54 489/587/54 478/588/54
f 478/588/54 489/587/54 488/589/54
f 478/588/54 488/589/54 479/590/54
f 479/590/54 488/589/54 487/591/54
f 479/590/54 487/591/54 480/592/54
f 480/592/54 487/591/54 486/593/54
f 480/592/54 486/593/54 481/594/54
f 481/594/54 486/593/54 485/595/54
f 481/594/54 485/595/54 482/596/54
f 482/596/54 485/595/54 484/597/54
f 482/596/54 484/597/54 483/598/54
f 490/585/54 500/584/54 491/599/54
f 491/599/54 500/584/54 499/600/54
f 491/599/54 499/600/54 492/601/54
f 492/601/54 499/600/54 498/602/54
f 492/601/54 498/602/54 493/603/54
f 493/603/54 498/602/54 497/604/54
f 493/603/54 497/604/54 494/605/54
f 494/605/54 497/604/54 496/606/54
f 494/605/54 496/606/54 495/607/54
f 526/535/254 572/536/254 525/537/62
f 525/537/62 572/536/254 549/538/62
f 525/539/253 549/540/253 548/541/252
f 548/541/252 549/540/253 550/608/252
f 548/541/251 550/608/251 547/543/250
f 547/543/250 550/608/251 551/544/250
f 547/543/249 551/544/249 546/545/248
f 546/545/248 551/544/249 552/546/248
f 546/545/247 552/546/247 545/547/245
f 545/547/245 552/546/246 553/548/245
f 545/547/244 553/548/244 544/549/242
f 544/549/242 553/548/243 554/550/242
f 544/549/241 554/550/241 543/551/240
f 543/551/240 554/550/241 555/552/240
f 543/551/239 555/552/239 542/553/238
f 542/553/238 555/552/239 556/554/238
f 542/553/236 556/554/236 541/555/237
f 541/555/235 556/554/236 557/556/235
f 541/555/234 557/556/234 540/557/233
f 540/557/233 557/556/234 558/558/233
f 540/557/232 558/558/232 539/559/231
f 539/559/231 558/558/232 559/560/231
f 539/559/230 559/560/230 538/561/229
f 538/561/229 559/560/230 560/562/229
f 538/561/228 560/562/228 537/563/58
f 537/563/226 560/562/227 561/224/226
f 537/563/224 561/224/224 536/564/225
f 536/564/223 561/224/58 562/565/223
f 536/564/278 562/565/278 535/566/277
f 535/566/279 562/565/278 563/567/279
f 535/566/276 563/567/276 534/568/275
f 534/568/275 563/567/276 564/569/275
f 534/568/274 564/569/274 533/570/273
f 533/570/273 564/569/274 565/571/273
f 533/570/272 565/571/272 532/572/270
f 532/572/270 565/571/271 566/573/270
f 532/572/269 566/573/269 531/574/268
f 531/574/268 566/573/269 567/575/268
f 531/574/267 567/575/267 530/576/266
f 530/576/266 567/575/267 568/577/266
f 530/576/264 568/577/264 529/578/265
f 529/578/263 568/577/264 569/579/263
f 529/578/261 569/579/261 528/580/260
f 528/580/260 569/579/261 570/581/260
f 528/580/259 570/581/259 527/582/258
f 527/582/258 570/581/259 571/583/258
f 527/582/256 571/583/256 526/535/255
f 526/535/255 571/583/257 572/536/255
f 548/584/54 538/585/54 525/586/54
f 525/586/54 538/585/54 537/587/54
f 525/586/54 537/587/54 526/588/54
f 526/588/54 537/587/54 536/589/54
f 526/588/54 536/589/54 527/590/54
f 527/590/54 536/589/54 535/591/54
f 527/590/54 535/591/54 528/592/54
f 528/592/54 535/591/54 534/593/54
f 528/592/54 534/593/54 529/594/54
f 529/594/54 534/593/54 533/595/54
f 529/594/54 533/595/54 530/596/54
f 530/596/54 533/595/54 532/597/54
f 530/596/54 532/597/54 531/598/54
f 538/585/54 548/584/54 539/599/54
f 539/599/54 548/584/54 547/600/54
f 539/599/54 547/600/54 540/601/54
f 540/601/54 547/600/54 546/602/54
f 540/601/54 546/602/54 541/603/54
f 541/603/54 546/602/54 545/604/54
f 541/603/54 545/604/54 542/605/54
f 542/605/54 545/604/54 544/606/54
f 542/605/54 544/606/54 543/607/54
f 574/535/254 620/536/254 573/537/62
f 573/537/62 620/536/254 597/538/62
f 573/539/253 597/540/253 596/541/252
f 596/541/252 597/540/253 598/608/252
f 596/541/251 598/608/251 595/543/250
f 595/543/250 598/608/251 599/544/250
f 595/543/249 599/544/249 594/545/248
f 594/545/283 599/544/249 600/546/283
f 594/545/246 600/546/246 593/547/245
f 593/547/245 600/546/246 601/548/245
f 593/547/243 601/548/243 592/549/242
f 592/549/242 601/548/244 602/550/242
f 592/549/241 602/550/241 591/551/240
f 591/551/240 602/550/241 603/552/240
f 591/551/239 603/552/239 590/553/238
f 590/553/238 603/552/239 604/554/238
f 590/553/236 604/554/236 589/555/235
f 589/555/237 604/554/236 605/556/237
f 589/555/234 605/556/234 588/557/233
f 588/557/233 605/556/234 606/558/233
f 588/557/232 606/558/232 587/559/231
f 587/559/231 606/558/232 607/560/231
f 587/559/230 607/560/230 586/561/229
f 586/561/229 607/560/282 608/562/229
f 586/561/281 608/562/281 585/563/226
f 585/563/226 608/562/281 609/224/226
f 585/563/224 609/224/224 584/564/280
f 584/564/280 609/224/224 610/565/280
f 584/564/278 610/565/278 583/566/285
f 583/566/279 610/565/278 611/567/279
f 583/566/276 611/567/276 582/568/275
f 582/568/275 611/567/276 612/569/275
f 582/568/274 612/569/274 581/570/273
f 581/570/273 612/569/274 613/571/273
f 581/570/271 613/571/271 580/572/270
f 580/572/270 613/571/272 614/573/270
f 580/572/287 614/573/287 579/574/268
f 579/574/268 614/573/287 615/575/268
f 579/574/267 615/575/267 578/576/286
f 578/576/286 615/575/267 616/577/286
f 578/576/264 616/577/264 577/578/263
f 577/578/265 616/577/264 617/579/265
f 577/578/261 617/579/261 576/580/262
f 576/580/262 617/579/261 618/581/262
f 576/580/284 618/581/284 575/582/258
f 575/582/258 618/581/259 619/583/258
f 575/582/256 619/583/256 574/535/255
f 574/535/255 619/583/257 620/536/255
f 596/584/54 586/585/54 573/586/54
f 573/586/54 586/585/54 585/587/54
f 573/586/54 585/587/54 574/588/54
f 574/588/54 585/587/54 584/589/54
f 574/588/54 584/589/54 575/590/54
f 575/590/54 584/589/54 583/591/54
f 575/590/54 583/591/54 576/592/54
f 576/592/54 583/591/54 582/593/54
f 576/592/54 582/593/54 577/594/54
f 577/594/54 582/593/54 581/595/54
f 577/594/54 581/595/54 578/596/54
f 578/596/54 581/595/54 580/597/54
f 578/596/54 580/597/54 579/598/54
f 586/585/54 596/584/54 587/599/54
f 587/599/54 596/584/54 595/600/54
f 587/599/54 595/600/54 588/601/54
f 588/601/54 595/600/54 594/602/54
f 588/601/54 594/602/54 589/603/54
f 589/603/54 594/602/54 593/604/54
f 589/603/54 593/604/54 590/605/54
f 590/605/54 593/604/54 592/606/54
f 590/605/54 592/606/54 591/607/54
f 622/535/254 668/536/254 621/537/62
f 621/537/62 668/536/254 645/538/62
f 621/539/253 645/540/253 644/541/252
f 644/541/252 645/540/253 646/608/252
f 644/541/251 646/608/251 643/543/250
f 643/543/250 646/608/251 647/544/250
f 643/543/249 647/544/249 642/545/248
f 642/545/248 647/544/249 648/546/248
f 642/545/247 648/546/247 641/547/245
f 641/547/245 648/546/246 649/548/245
f 641/547/244 649/548/244 640/549/242
f 640/549/242 649/548/243 650/550/242
f 640/549/241 650/550/241 639/551/240
f 639/551/240 650/550/241 651/552/240
f 639/551/239 651/552/239 638/553/238
f 638/553/238 651/552/239 652/554/238
f 638/553/236 652/554/236 637/555/237
f 637/555/235 652/554/236 653/556/235
f 637/555/234 653/556/234 636/557/233
f 636/557/233 653/556/234 654/558/233
f 636/557/232 654/558/232 635/559/231
f 635/559/231 654/558/232 655/560/231
f 635/559/230 655/560/230 634/561/229
f 634/561/229 655/560/230 656/562/229
f 634/561/228 656/562/228 633/563/58
f 633/563/226 656/562/227 657/224/226
f 633/563/224 657/224/224 632/564/225
f 632/564/223 657/224/58 658/565/223
f 632/564/278 658/565/278 631/566/277
f 631/566/279 658/565/278 659/567/279
f 631/566/276 659/567/276 630/568/275
f 630/568/275 659/567/276 660/569/275
f 630/568/274 660/569/274 629/570/273
f 629/570/273 660/569/274 661/571/273
f 629/570/272 661/571/272 628/572/270
f 628/572/270 661/571/271 662/573/270
f 628/572/287 662/573/287 627/574/268
f 627/574/268 662/573/287 663/575/268
f 627/574/267 663/575/267 626/576/286
f 626/576/286 663/575/267 664/577/286
f 626/576/264 664/577/264 625/578/265
f 625/578/263 664/577/264 665/579/263
f 625/578/261 665/579/261 624/580/260
f 624/580/260 665/579/261 666/581/260
f 624/580/259 666/581/259 623/582/258
f 623/582/258 666/581/259 667/583/258
f 623/582/256 667/583/256 622/535/255
f 622/535/255 667/583/257 668/536/255
f 644/584/54 634/585/54 621/586/54
f 621/586/54 634/585/54 633/587/54
f 621/586/54 633/587/54 622/588/54
f 622/588/54 633/587/54 632/589/54
f 622/588/54 632/589/54 623/590/54
f 623/590/54 632/589/54 631/591/54
f 623/590/54 631/591/54 624/592/54
f 624/592/54 631/591/54 630/593/54
f 624/592/54 630/593/54 625/594/54
f 625/594/54 630/593/54 629/595/54
f 625/594/54 629/595/54 626/596/54
f 626/596/54 629/595/54 628/597/54
f 626/596/54 628/597/54 627/598/54
f 634/585/54 644/584/54 635/599/54
f 635/599/54 644/584/54 643/600/54
f 635/599/54 643/600/54 636/601/54
f 636/601/54 643/600/54 642/602/54
f 636/601/54 642/602/54 637/603/54
f 637/603/54 642/602/54 641/604/54
f 637/603/54 641/604/54 638/605/54
f 638/605/54 641/604/54 640/606/54
f 638/605/54 640/606/54 639/607/54
f 120/609/288 694/610/288 97/611/289
f 97/611/289 694/610/288 693/612/289
f 97/613/290 693/614/290 98/615/291
f 98/615/291 693/614/290 716/616/291
f 98/615/292 716/616/292 99/617/293
f 99/617/293 716/616/292 715/618/293
f 99/617/294 715/618/294 100/619/295
f 100/619/296 715/618/297 714/620/296
f 100/619/298 714/620/298 101/621/299
f 101/621/300 714/620/295 713/622/300
f 101/621/301 713/622/301 102/623/302
f 102/623/303 713/622/299 712/624/303
f 102/623/304 712/624/304 103/625/305
f 103/625/55 712/624/306 711/626/55
f 103/625/55 711/626/55 104/627/307
f 104/627/308 711/626/309 710/628/308
f 104/627/310 710/628/310 105/629/311
f 105/629/312 710/628/313 709/630/312
f 105/629/314 709/630/314 106/631/315
f 106/631/316 709/630/311 708/632/316
f 106/631/317 708/632/317 107/633/318
f 107/633/319 708/632/315 707/634/319
f 107/633/320 707/634/320 108/635/321
f 108/635/321 707/634/320 706/636/321
f 108/635/322 706/636/322 109/637/323
f 109/637/323 706/636/322 705/638/323
f 109/637/324 705/638/324 110/639/325
f 110/639/325 705/638/324 704/640/325
f 110/639/326 704/640/326 111/641/327
f 111/641/327 704/640/326 703/642/327
f 111/641/328 703/642/328 112/643/329
f 112/643/330 703/642/331 702/644/330
f 112/643/330 702/644/330 113/645/332
f 113/645/333 702/644/334 701/646/333
f 113/645/333 701/646/333 114/647/335
f 114/647/336 701/646/337 700/648/336
f 114/647/338 700/648/338 115/649/139
f 115/649/139 700/648/338 699/650/139
f 115/649/141 699/650/141 116/651/339
f 116/651/339 699/650/141 698/652/339
f 116/651/340 698/652/340 117/653/341
f 117/653/342 698/652/343 697/654/342
f 117/653/342 697/654/342 118/655/344
f 118/655/345 697/654/346 696/656/345
f 118/655/345 696/656/345 119/657/347
f 119/657/348 696/656/349 695/658/348
f 119/657/350 695/658/350 120/609/351
f 120/609/351 695/658/350 694/610/351
f 670/535/291 716/616/291 669/537/290
f 669/537/290 716/616/291 693/614/290
f 669/539/289 693/612/289 692/541/288
f 692/541/288 693/612/289 694/610/288
f 692/541/351 694/610/351 691/543/350
f 691/543/350 694/610/351 695/658/350
f 691/543/348 695/658/348 690/545/349
f 690/545/345 695/658/347 696/656/345
f 690/545/345 696/656/345 689/547/346
f 689/547/342 696/656/344 697/654/342
f 689/547/342 697/654/342 688/549/343
f 688/549/340 697/654/341 698/652/340
f 688/549/339 698/652/339 687/551/141
f 687/551/141 698/652/339 699/650/141
f 687/551/139 699/650/139 686/553/338
f 686/553/338 699/650/139 700/648/338
f 686/553/336 700/648/336 685/555/337
f 685/555/333 700/648/335 701/646/333
f 685/555/333 701/646/333 684/557/334
f 684/557/330 701/646/332 702/644/330
f 684/557/330 702/644/330 683/559/331
f 683/559/328 702/644/329 703/642/328
f 683/559/327 703/642/327 682/561/326
f 682/561/326 703/642/327 704/640/326
f 682/561/325 704/640/325 681/563/324
f 681/563/324 704/640/325 705/638/324
f 681/563/323 705/638/323 680/564/322
f 680/564/322 705/638/323 706/636/322
f 680/564/352 706/636/352 679/566/320
f 679/566/318 706/636/321 707/634/318
f 679/566/318 707/634/318 678/568/317
f 678/568/315 707/634/319 708/632/315
f 678/568/315 708/632/315 677/570/314
f 677/570/311 708/632/316 709/630/311
f 677/570/311 709/630/311 676/572/310
f 676/572/313 709/630/312 710/628/313
f 676/572/308 710/628/308 675/574/309
f 675/574/55 710/628/307 711/626/55
f 675/574/55 711/626/55 674/576/306
f 674/576/304 711/626/305 712/624/304
f 674/576/302 712/624/302 673/578/301
f 673/578/299 712/624/303 713/622/299
f 673/578/299 713/622/299 672/580/298
f 672/580/295 713/622/300 714/620/295
f 672/580/295 714/620/295 671/582/294
f 671/582/297 714/620/296 715/618/297
f 671/582/297 715/618/297 670/535/292
f 670/535/353 715/618/293 716/616/353
f 692/584/53 682/585/53 669/586/53
f 669/586/53 682/585/53 681/587/53
f 669/586/53 681/587/53 670/588/53
f 670/588/53 681/587/53 680/589/53
f 670/588/53 680/589/53 671/590/53
f 671/590/53 680/589/53 679/591/53
f 671/590/53 679/591/53 672/592/53
f 672/592/53 679/591/53 678/593/53
f 672/592/53 678/593/53 673/594/53
f 673/594/53 678/593/53 677/595/53
f 673/594/53 677/595/53 674/596/53
f 674/596/53 677/595/53 676/597/53
f 674/596/53 676/597/53 675/598/53
f 682/585/53 692/584/53 683/599/53
f 683/599/53 692/584/53 691/600/53
f 683/599/53 691/600/53 684/601/53
f 684/601/53 691/600/53 690/602/53
f 684/601/53 690/602/53 685/603/53
f 685/603/53 690/602/53 689/604/53
f 685/603/53 689/604/53 686/605/53
f 686/605/53 689/604/53 688/606/53
f 686/605/53 688/606/53 687/607/53
f 72/609/288 742/610/288 49/611/289
f 49/611/289 742/610/288 741/612/289
f 49/613/290 741/614/290 50/615/291
f 50/615/291 741/614/290 764/616/291
f 50/615/292 764/616/292 51/617/293
f 51/617/293 764/616/292 763/618/293
f 51/617/294 763/618/294 52/619/295
f 52/619/296 763/618/297 762/620/296
f 52/619/298 762/620/298 53/621/299
f 53/621/300 762/620/295 761/622/300
f 53/621/301 761/622/301 54/623/302
f 54/623/303 761/622/299 760/624/303
f 54/623/304 760/624/304 55/625/305
f 55/625/55 760/624/306 759/626/55
f 55/625/55 759/626/55 56/627/307
f 56/627/308 759/626/309 758/628/308
f 56/627/310 758/628/310 57/629/354
f 57/629/312 758/628/313 757/630/312
f 57/629/314 757/630/314 58/631/315
f 58/631/316 757/630/311 756/632/316
f 58/631/317 756/632/317 59/633/318
f 59/633/319 756/632/315 755/634/319
f 59/633/320 755/634/320 60/635/321
f 60/635/321 755/634/320 754/636/321
f 60/635/355 754/636/355 61/637/323
f 61/637/323 754/636/352 753/638/323
f 61/637/324 753/638/324 62/639/356
f 62/639/356 753/638/324 752/640/356
f 62/639/326 752/640/326 63/641/327
f 63/641/327 752/640/326 751/642/327
f 63/641/328 751/642/328 64/643/329
f 64/643/330 751/642/331 750/644/330
f 64/643/330 750/644/330 65/645/332
f 65/645/333 750/644/334 749/646/333
f 65/645/333 749/646/333 66/647/335
f 66/647/336 749/646/337 748/648/336
f 66/647/338 748/648/338 67/649/139
f 67/649/139 748/648/338 747/650/139
f 67/649/141 747/650/141 68/651/339
f 68/651/339 747/650/141 746/652/339
f 68/651/340 746/652/340 69/653/341
f 69/653/342 746/652/343 745/654/342
f 69/653/342 745/654/342 70/655/344
f 70/655/345 745/654/346 744/656/345
f 70/655/345 744/656/345 71/657/347
f 71/657/348 744/656/349 743/658/348
f 71/657/350 743/658/350 72/609/351
f 72/609/351 743/658/350 742/610/351
f 718/535/291 764/616/291 717/537/290
f 717/537/290 764/616/291 741/614/290
f 717/539/289 741/612/289 740/541/288
f 740/541/288 741/612/289 742/610/288
f 740/541/351 742/610/351 739/543/350
f 739/543/350 742/610/351 743/658/350
f 739/543/348 743/658/348 738/545/349
f 738/545/345 743/658/347 744/656/345
f 738/545/345 744/656/345 737/547/346
f 737/547/342 744/656/344 745/654/342
f 737/547/342 745/654/342 736/549/343
f 736/549/340 745/654/341 746/652/340
f 736/549/339 746/652/339 735/551/141
f 735/551/141 746/652/339 747/650/141
f 735/551/139 747/650/139 734/553/338
f 734/553/338 747/650/139 748/648/338
f 734/553/336 748/648/336 733/555/337
f 733/555/333 748/648/335 749/646/357
f 733/555/333 749/646/333 732/557/334
f 732/557/330 749/646/332 750/644/330
f 732/557/330 750/644/330 731/559/331
f 731/559/328 750/644/329 751/642/328
f 731/559/327 751/642/327 730/561/326
f 730/561/326 751/642/327 752/640/326
f 730/561/356 752/640/356 729/563/324
f 729/563/324 752/640/356 753/638/324
f 729/563/323 753/638/323 728/564/352
f 728/564/355 753/638/323 754/636/355
f 728/564/352 754/636/352 727/566/320
f 727/566/318 754/636/321 755/634/318
f 727/566/318 755/634/318 726/568/317
f 726/568/315 755/634/319 756/632/315
f 726/568/315 756/632/315 725/570/314
f 725/570/311 756/632/316 757/630/311
f 725/570/354 757/630/311 724/572/310
f 724/572/313 757/630/312 758/628/313
f 724/572/308 758/628/308 723/574/309
f 723/574/55 758/628/307 759/626/55
f 723/574/55 759/626/55 722/576/306
f 722/576/304 759/626/305 760/624/304
f 722/576/302 760/624/302 721/578/301
f 721/578/299 760/624/303 761/622/299
f 721/578/299 761/622/299 720/580/298
f 720/580/295 761/622/300 762/620/295
f 720/580/295 762/620/295 719/582/294
f 719/582/297 762/620/296 763/618/297
f 719/582/297 763/618/297 718/535/292
f 718/535/353 763/618/293 764/616/353
f 740/584/53 730/585/53 717/586/53
f 717/586/53 730/585/53 729/587/53
f 717/586/53 729/587/53 718/588/53
f 718/588/53 729/587/53 728/589/53
f 718/588/53 728/589/53 719/590/53
f 719/590/53 728/589/53 727/591/53
f 719/590/53 727/591/53 720/592/53
f 720/592/53 727/591/53 726/593/53
f 720/592/53 726/593/53 721/594/53
f 721/594/53 726/593/53 725/595/53
f 721/594/53 725/595/53 722/596/53
f 722/596/53 725/595/53 724/597/53
f 722/596/53 724/597/53 723/598/53
f 730/585/53 740/584/53 731/599/53
f 731/599/53 740/584/53 739/600/53
f 731/599/53 739/600/53 732/601/53
f 732/601/53 739/600/53 738/602/53
f 732/601/53 738/602/53 733/603/53
f 733/603/53 738/602/53 737/604/53
f 733/603/53 737/604/53 734/605/53
f 734/605/53 737/604/53 736/606/53
f 734/605/53 736/606/53 735/607/53
f 96/659/358 790/660/358 73/661/289
f 73/661/289 790/660/358 789/662/289
f 73/663/290 789/664/290 74/665/291
f 74/665/291 789/664/290 812/666/291
f 74/665/292 812/666/292 75/667/293
f 75/667/293 812/666/292 811/668/293
f 75/667/359 811/668/359 76/669/295
f 76/669/296 811/668/297 810/670/296
f 76/669/298 810/670/298 77/617/300
f 77/617/300 810/670/298 809/671/300
f 77/617/299 809/671/299 78/672/302
f 78/672/304 809/671/301 808/673/304
f 78/672/304 808/673/304 79/674/360
f 79/674/55 808/673/361 807/675/55
f 79/674/55 807/675/55 80/676/362
f 80/676/308 807/675/363 806/677/308
f 80/676/313 806/677/313 81/627/312
f 81/627/311 806/677/313 805/678/311
f 81/627/314 805/678/314 82/679/364
f 82/679/364 805/678/314 804/680/364
f 82/679/317 804/680/317 83/681/318
f 83/681/365 804/680/315 803/682/365
f 83/681/320 803/682/320 84/683/321
f 84/683/321 803/682/320 802/684/321
f 84/683/352 802/684/352 85/637/323
f 85/637/323 802/684/352 801/685/323
f 85/637/324 801/685/324 86/686/356
f 86/686/356 801/685/324 800/687/356
f 86/686/326 800/687/326 87/688/327
f 87/688/327 800/687/326 799/689/327
f 87/688/331 799/689/331 88/690/366
f 88/690/366 799/689/331 798/691/366
f 88/690/367 798/691/367 89/647/332
f 89/647/332 798/691/367 797/692/332
f 89/647/333 797/692/333 90/693/335
f 90/693/338 797/692/337 796/694/338
f 90/693/338 796/694/338 91/695/368
f 91/695/57 796/694/369 795/696/57
f 91/695/57 795/696/57 92/697/370
f 92/697/339 795/696/371 794/698/339
f 92/697/339 794/698/339 93/657/341
f 93/657/342 794/698/343 793/699/342
f 93/657/346 793/699/346 94/700/344
f 94/700/344 793/699/346 792/701/344
f 94/700/345 792/701/345 95/702/347
f 95/702/347 792/701/345 791/703/347
f 95/702/350 791/703/350 96/659/351
f 96/659/351 791/703/350 790/660/351
f 766/704/291 812/666/291 765/705/290
f 765/705/290 812/666/291 789/664/290
f 765/706/289 789/662/289 788/707/358
f 788/707/358 789/662/289 790/660/358
f 788/707/351 790/660/351 787/708/350
f 787/708/350 790/660/351 791/703/350
f 787/708/347 791/703/347 786/709/345
f 786/709/345 791/703/347 792/701/345
f 786/709/344 792/701/344 785/710/346
f 785/710/346 792/701/344 793/699/346
f 785/710/342 793/699/342 784/711/343
f 784/711/339 793/699/341 794/698/339
f 784/711/339 794/698/339 783/712/371
f 783/712/57 794/698/370 795/696/57
f 783/712/57 795/696/57 782/713/369
f 782/713/338 795/696/368 796/694/338
f 782/713/338 796/694/338 781/714/337
f 781/714/333 796/694/335 797/692/333
f 781/714/332 797/692/332 780/715/367
f 780/715/367 797/692/332 798/691/367
f 780/715/366 798/691/366 779/716/331
f 779/716/331 798/691/366 799/689/331
f 779/716/327 799/689/327 778/717/326
f 778/717/326 799/689/327 800/687/326
f 778/717/356 800/687/356 777/718/324
f 777/718/324 800/687/356 801/685/324
f 777/718/323 801/685/323 776/719/352
f 776/719/352 801/685/323 802/684/352
f 776/719/321 802/684/321 775/720/320
f 775/720/320 802/684/321 803/682/320
f 775/720/319 803/682/319 774/721/372
f 774/721/372 803/682/319 804/680/372
f 774/721/364 804/680/364 773/722/314
f 773/722/314 804/680/364 805/678/314
f 773/722/311 805/678/311 772/723/313
f 772/723/313 805/678/312 806/677/313
f 772/723/308 806/677/308 771/724/363
f 771/724/55 806/677/362 807/675/55
f 771/724/55 807/675/55 770/725/361
f 770/725/304 807/675/360 808/673/304
f 770/725/304 808/673/304 769/726/301
f 769/726/299 808/673/302 809/671/299
f 769/726/300 809/671/300 768/727/298
f 768/727/298 809/671/300 810/670/298
f 768/727/295 810/670/295 767/728/294
f 767/728/294 810/670/295 811/668/294
f 767/728/293 811/668/293 766/704/292
f 766/704/292 811/668/293 812/666/292
f 788/729/53 778/730/53 765/731/53
f 765/731/53 778/730/53 777/732/53
f 765/731/53 777/732/53 766/733/53
f 766/733/53 777/732/53 776/734/53
f 766/733/53 776/734/53 767/735/53
f 767/735/53 776/734/53 775/736/53
f 767/735/53 775/736/53 768/737/53
f 768/737/53 775/736/53 774/738/53
f 768/737/53 774/738/53 769/739/53
f 769/739/53 774/738/53 773/740/53
f 769/739/53 773/740/53 770/741/53
f 770/741/53 773/740/53 772/742/53
f 770/741/53 772/742/53 771/743/53
f 778/730/53 788/729/53 779/744/53
f 779/744/53 788/729/53 787/745/53
f 779/744/53 787/745/53 780/746/53
f 780/746/53 787/745/53 786/747/53
f 780/746/53 786/747/53 781/748/53
f 781/748/53 786/747/53 785/749/53
f 781/748/53 785/749/53 782/750/53
f 782/750/53 785/749/53 784/751/53
f 782/750/53 784/751/53 783/752/53
f 814/704/352 862/753/352 813/705/323
f 813/705/323 862/753/352 861/754/323
f 813/706/324 861/755/324 836/707/356
f 836/707/356 861/755/324 884/756/356
f 836/707/326 884/756/326 835/708/327
f 835/708/327 884/756/326 883/757/327
f 835/708/331 883/757/331 834/709/330
f 834/709/329 883/757/328 882/758/329
f 834/709/334 882/758/334 833/710/333
f 833/710/332 882/758/330 881/543/332
f 833/710/333 881/543/333 832/711/336
f 832/711/338 881/543/337 880/759/338
f 832/711/338 880/759/338 831/712/139
f 831/712/57 880/759/369 879/760/57
f 831/712/57 879/760/57 830/713/373
f 830/713/339 879/760/141 878/761/339
f 830/713/339 878/761/339 829/714/341
f 829/714/342 878/761/340 877/553/342
f 829/714/346 877/553/346 828/715/345
f 828/715/344 877/553/342 876/762/344
f 828/715/349 876/762/349 827/716/348
f 827/716/347 876/762/345 875/763/347
f 827/716/350 875/763/350 826/717/351
f 826/717/351 875/763/350 874/764/351
f 826/717/358 874/764/358 825/718/289
f 825/718/289 874/764/358 873/563/289
f 825/718/290 873/563/290 824/719/291
f 824/719/291 873/563/290 872/765/291
f 824/719/292 872/765/292 823/720/293
f 823/720/293 872/765/292 871/766/293
f 823/720/294 871/766/294 822/721/295
f 822/721/296 871/766/297 870/767/296
f 822/721/298 870/767/298 821/722/299
f 821/722/300 870/767/295 869/572/300
f 821/722/301 869/572/301 820/723/302
f 820/723/302 869/572/301 868/768/302
f 820/723/374 868/768/374 819/724/360
f 819/724/360 868/768/374 867/769/360
f 819/724/363 867/769/363 818/725/308
f 818/725/308 867/769/363 866/770/308
f 818/725/313 866/770/313 817/726/312
f 817/726/312 866/770/313 865/582/312
f 817/726/314 865/582/314 816/727/315
f 816/727/316 865/582/311 864/771/316
f 816/727/317 864/771/317 815/728/318
f 815/728/319 864/771/315 863/772/319
f 815/728/320 863/772/320 814/704/321
f 814/704/321 863/772/320 862/753/321
f 838/773/356 884/756/356 837/774/324
f 837/774/324 884/756/356 861/755/324
f 837/775/323 861/754/323 860/776/352
f 860/776/352 861/754/323 862/753/352
f 860/776/321 862/753/321 859/777/320
f 859/777/320 862/753/321 863/772/320
f 859/777/319 863/772/319 858/778/315
f 858/778/317 863/772/318 864/771/317
f 858/778/316 864/771/316 857/583/311
f 857/583/314 864/771/315 865/582/314
f 857/583/312 865/582/312 856/779/313
f 856/779/313 865/582/312 866/770/313
f 856/779/308 866/770/308 855/780/363
f 855/780/363 866/770/308 867/769/363
f 855/780/360 867/769/360 854/781/374
f 854/781/374 867/769/360 868/768/374
f 854/781/302 868/768/302 853/573/301
f 853/573/301 868/768/302 869/572/301
f 853/573/300 869/572/300 852/782/295
f 852/782/298 869/572/299 870/767/298
f 852/782/296 870/767/296 851/783/297
f 851/783/294 870/767/295 871/766/294
f 851/783/293 871/766/293 850/784/292
f 850/784/292 871/766/293 872/765/292
f 850/784/291 872/765/291 849/224/290
f 849/224/290 872/765/291 873/563/290
f 849/224/289 873/563/289 848/785/358
f 848/785/358 873/563/289 874/764/358
f 848/785/351 874/764/351 847/786/350
f 847/786/350 874/764/351 875/763/350
f 847/786/347 875/763/347 846/787/345
f 846/787/349 875/763/348 876/762/349
f 846/787/344 876/762/344 845/554/342
f 845/554/346 876/762/345 877/553/346
f 845/554/342 877/553/342 844/788/340
f 844/788/339 877/553/341 878/761/339
f 844/788/339 878/761/339 843/789/141
f 843/789/57 878/761/373 879/760/57
f 843/789/57 879/760/57 842/790/369
f 842/790/338 879/760/139 880/759/338
f 842/790/338 880/759/338 841/544/337
f 841/544/333 880/759/336 881/543/333
f 841/544/332 881/543/332 840/791/330
f 840/791/334 881/543/333 882/758/334
f 840/791/329 882/758/329 839/792/328
f 839/792/331 882/758/330 883/757/331
f 839/792/327 883/757/327 838/773/326
f 838/773/326 883/757/327 884/756/326
f 836/729/58 826/730/58 813/731/58
f 813/731/58 826/730/58 825/732/58
f 813/731/58 825/732/58 814/733/58
f 814/733/58 825/732/58 824/734/58
f 814/733/58 824/734/58 815/735/58
f 815/735/58 824/734/58 823/736/58
f 815/735/58 823/736/58 816/737/58
f 816/737/58 823/736/58 822/738/58
f 816/737/58 822/738/58 817/739/58
f 817/739/58 822/738/58 821/740/58
f 817/739/58 821/740/58 818/741/58
f 818/741/58 821/740/58 820/742/58
f 818/741/58 820/742/58 819/743/58
f 826/730/58 836/729/58 827/744/58
f 827/744/58 836/729/58 835/745/58
f 827/744/58 835/745/58 828/746/58
f 828/746/58 835/745/58 834/747/58
f 828/746/58 834/747/58 829/748/58
f 829/748/58 834/747/58 833/749/58
f 829/748/58 833/749/58 830/750/58
f 830/750/58 833/749/58 832/751/58
f 830/750/58 832/751/58 831/752/58
f 886/793/325 932/541/325 885/794/324
f 885/794/324 932/541/325 909/539/324
f 885/795/323 909/537/323 908/796/322
f 908/796/322 909/537/323 910/535/322
f 908/796/352 910/535/352 907/797/320
f 907/797/318 910/535/375 911/582/318
f 907/797/318 911/582/318 906/798/317
f 906/798/317 911/582/318 912/580/317
f 906/798/316 912/580/316 905/799/311
f 905/799/311 912/580/316 913/578/311
f 905/799/354 913/578/354 904/800/313
f 904/800/313 913/578/311 914/576/313
f 904/800/313 914/576/313 903/801/309
f 903/801/360 914/576/307 915/574/360
f 903/801/363 915/574/363 902/802/306
f 902/802/302 915/574/305 916/572/302
f 902/802/302 916/572/302 901/803/299
f 901/803/376 916/572/302 917/570/376
f 901/803/299 917/570/299 900/804/298
f 900/804/298 917/570/300 918/568/298
f 900/804/296 918/568/296 899/805/297
f 899/805/297 918/568/296 919/566/297
f 899/805/297 919/566/297 898/806/377
f 898/806/353 919/566/293 920/564/353
f 898/806/291 920/564/291 897/807/290
f 897/807/290 920/564/291 921/563/290
f 897/807/289 921/563/289 896/808/288
f 896/808/288 921/563/289 922/561/288
f 896/808/351 922/561/351 895/809/350
f 895/809/350 922/561/351 923/559/350
f 895/809/348 923/559/348 894/810/349
f 894/810/349 923/559/348 924/557/349
f 894/810/344 924/557/344 893/811/342
f 893/811/346 924/557/344 925/555/346
f 893/811/378 925/555/378 892/812/340
f 892/812/340 925/555/342 926/553/340
f 892/812/339 926/553/339 891/813/141
f 891/813/57 926/553/370 927/551/57
f 891/813/57 927/551/57 890/814/379
f 890/814/338 927/551/139 928/549/338
f 890/814/336 928/549/336 889/815/333
f 889/815/357 928/549/336 929/547/357
f 889/815/333 929/547/333 888/816/334
f 888/816/334 929/547/333 930/545/334
f 888/816/329 930/545/329 887/817/328
f 887/817/328 930/545/329 931/543/328
f 887/817/327 931/543/327 886/793/326
f 886/793/326 931/543/327 932/541/326
f 932/584/58 922/585/58 909/586/58
f 909/586/58 922/585/58 921/587/58
f 909/586/58 921/587/58 910/588/58
f 910/588/58 921/587/58 920/589/58
f 910/588/58 920/589/58 911/590/58
f 911/590/58 920/589/58 919/591/58
f 911/590/58 919/591/58 912/592/58
f 912/592/58 919/591/58 918/593/58
f 912/592/58 918/593/58 913/594/58
f 913/594/58 918/593/58 917/595/58
f 913/594/58 917/595/58 914/596/58
f 914/596/58 917/595/58 916/597/58
f 914/596/58 916/597/58 915/598/58
f 922/585/58 932/584/58 923/599/58
f 923/599/58 932/584/58 931/600/58
f 923/599/58 931/600/58 924/601/58
f 924/601/58 931/600/58 930/602/58
f 924/601/58 930/602/58 925/603/58
f 925/603/58 930/602/58 929/604/58
f 925/603/58 929/604/58 926/605/58
f 926/605/58 929/604/58 928/606/58
f 926/605/58 928/606/58 927/607/58
f 934/793/356 980/541/356 933/794/324
f 933/794/324 980/541/325 957/539/324
f 933/795/323 957/537/323 956/796/352
f 956/796/352 957/537/323 958/535/352
f 956/796/352 958/535/352 955/797/320
f 955/797/318 958/535/321 959/582/318
f 955/797/318 959/582/318 954/798/317
f 954/798/315 959/582/319 960/580/315
f 954/798/315 960/580/315 953/799/314
f 953/799/311 960/580/316 961/578/311
f 953/799/312 961/578/312 952/800/308
f 952/800/313 961/578/311 962/576/313
f 952/800/362 962/576/362 951/801/363
f 951/801/363 962/576/308 963/574/363
f 951/801/360 963/574/360 950/802/304
f 950/802/361 963/574/360 964/572/361
f 950/802/302 964/572/302 949/803/299
f 949/803/301 964/572/304 965/570/301
f 949/803/299 965/570/299 948/804/298
f 948/804/295 965/570/300 966/568/295
f 948/804/295 966/568/295 947/805/294
f 947/805/297 966/568/296 967/566/297
f 947/805/297 967/566/297 946/806/292
f 946/806/292 967/566/293 968/564/292
f 946/806/380 968/564/380 945/807/290
f 945/807/290 968/564/380 969/563/290
f 945/807/289 969/563/289 944/808/358
f 944/808/358 969/563/289 970/561/358
f 944/808/351 970/561/351 943/809/350
f 943/809/350 970/561/351 971/559/350
f 943/809/348 971/559/348 942/810/349
f 942/810/349 971/559/348 972/557/349
f 942/810/344 972/557/344 941/811/342
f 941/811/346 972/557/344 973/555/346
f 941/811/342 973/555/342 940/812/340
f 940/812/340 973/555/378 974/553/340
f 940/812/373 974/553/373 939/813/57
f 939/813/57 974/553/373 975/551/57
f 939/813/57 975/551/57 938/814/369
f 938/814/369 975/551/57 976/549/369
f 938/814/336 976/549/336 937/815/357
f 937/815/333 976/549/336 977/547/333
f 937/815/333 977/547/333 936/816/334
f 936/816/334 977/547/333 978/545/334
f 936/816/329 978/545/329 935/817/328
f 935/817/328 978/545/329 979/543/328
f 935/817/327 979/543/327 934/793/326
f 934/793/326 979/543/327 980/541/326
f 980/584/58 970/585/58 957/586/58
f 957/586/58 970/585/58 969/587/58
f 957/586/58 969/587/58 958/588/58
f 958/588/58 969/587/58 968/589/58
f 958/588/58 968/589/58 959/590/58
f 959/590/58 968/589/58 967/591/58
f 959/590/58 967/591/58 960/592/58
f 960/592/58 967/591/58 966/593/58
f 960/592/58 966/593/58 961/594/58
f 961/594/58 966/593/58 965/595/58
f 961/594/58 965/595/58 962/596/58
f 962/596/58 965/595/58 964/597/58
f 962/596/58 964/597/58 963/598/58
f 970/585/58 980/584/58 971/599/58
f 971/599/58 980/584/58 979/600/58
f 971/599/58 979/600/58 972/601/58
f 972/601/58 979/600/58 978/602/58
f 972/601/58 978/602/58 973/603/58
f 973/603/58 978/602/58 977/604/58
f 973/603/58 977/604/58 974/605/58
f 974/605/58 977/604/58 976/606/58
f 974/605/58 976/606/58 975/607/58
f 982/793/325 1028/541/325 981/794/324
f 981/794/324 1028/541/356 1005/539/324
f 981/795/323 1005/537/323 1004/796/352
f 1004/796/352 1005/537/323 1006/535/352
f 1004/796/321 1006/535/321 1003/797/320
f 1003/797/320 1006/535/321 1007/582/320
f 1003/797/318 1007/582/318 1002/798/317
f 1002/798/317 1007/582/318 1008/580/317
f 1002/798/316 1008/580/316 1001/799/311
f 1001/799/311 1008/580/316 1009/578/311
f 1001/799/311 1009/578/314 1000/800/310
f 1000/800/362 1009/578/381 1010/576/362
f 1000/800/313 1010/576/313 999/801/309
f 999/801/363 1010/576/362 1011/574/363
f 999/801/360 1011/574/360 998/802/361
f 998/802/302 1011/574/305 1012/572/302
f 998/802/361 1012/572/361 997/803/382
f 997/803/300 1012/572/303 1013/570/299
f 997/803/299 1013/570/299 996/804/298
f 996/804/298 1013/570/300 1014/568/298
f 996/804/296 1014/568/296 995/805/297
f 995/805/297 1014/568/296 1015/566/297
f 995/805/293 1015/566/293 994/806/292
f 994/806/292 1015/566/293 1016/564/292
f 994/806/380 1016/564/380 993/807/290
f 993/807/290 1016/564/380 1017/563/290
f 993/807/289 1017/563/289 992/808/358
f 992/808/358 1017/563/289 1018/561/358
f 992/808/351 1018/561/351 991/809/350
f 991/809/350 1018/561/351 1019/559/350
f 991/809/348 1019/559/348 990/810/349
f 990/810/345 1019/559/347 1020/557/345
f 990/810/344 1020/557/344 989/811/342
f 989/811/346 1020/557/344 1021/555/346
f 989/811/342 1021/555/346 988/812/343
f 988/812/373 1021/555/383 1022/553/373
f 988/812/340 1022/553/340 987/813/371
f 987/813/141 1022/553/373 1023/551/141
f 987/813/139 1023/551/139 986/814/369
f 986/814/336 1023/551/368 1024/549/336
f 986/814/369 1024/549/369 985/815/384
f 985/815/332 1024/549/335 1025/547/332
f 985/815/333 1025/547/333 984/816/334
f 984/816/334 1025/547/333 1026/545/334
f 984/816/330 1026/545/330 983/817/331
f 983/817/328 1026/545/329 1027/543/328
f 983/817/327 1027/543/327 982/793/326
f 982/793/326 1027/543/327 1028/541/326
f 1028/584/58 1018/585/58 1005/586/58
f 1005/586/58 1018/585/58 1017/587/58
f 1005/586/58 1017/587/58 1006/588/58
f 1006/588/58 1017/587/58 1016/589/58
f 1006/588/58 1016/589/58 1007/590/58
f 1007/590/58 1016/589/58 1015/591/58
f 1007/590/58 1015/591/58 1008/592/58
f 1008/592/58 1015/591/58 1014/593/58
f 1008/592/58 1014/593/58 1009/594/58
f 1009/594/58 1014/593/58 1013/595/58
f 1009/594/58 1013/595/58 1010/596/58
f 1010/596/58 1013/595/58 1012/597/58
f 1010/596/58 1012/597/58 1011/598/58
f 1018/585/58 1028/584/58 1019/599/58
f 1019/599/58 1028/584/58 1027/600/58
f 1019/599/58 1027/600/58 1020/601/58
f 1020/601/58 1027/600/58 1026/602/58
f 1020/601/58 1026/602/58 1021/603/58
f 1021/603/58 1026/602/58 1025/604/58
f 1021/603/58 1025/604/58 1022/605/58
f 1022/605/58 1025/604/58 1024/606/58
f 1022/605/58 1024/606/58 1023/607/58
f 1030/793/356 1076/541/356 1029/794/324
f 1029/794/324 1076/541/356 1053/539/324
f 1029/795/323 1053/537/323 1052/796/352
f 1052/796/352 1053/537/323 1054/535/352
f 1052/796/352 1054/535/352 1051/797/320
f 1051/797/318 1054/535/321 1055/582/318
f 1051/797/318 1055/582/318 1050/798/317
f 1050/798/317 1055/582/318 1056/580/317
f 1050/798/316 1056/580/316 1049/799/311
f 1049/799/311 1056/580/316 1057/578/311
f 1049/799/311 1057/578/311 1048/800/313
f 1048/800/313 1057/578/311 1058/576/313
f 1048/800/313 1058/576/313 1047/801/309
f 1047/801/360 1058/576/307 1059/574/360
f 1047/801/363 1059/574/363 1046/802/306
f 1046/802/302 1059/574/305 1060/572/302
f 1046/802/302 1060/572/302 1045/803/376
f 1045/803/376 1060/572/302 1061/570/376
f 1045/803/299 1061/570/299 1044/804/298
f 1044/804/298 1061/570/300 1062/568/298
f 1044/804/296 1062/568/296 1043/805/297
f 1043/805/297 1062/568/296 1063/566/297
f 1043/805/297 1063/566/297 1042/806/377
f 1042/806/353 1063/566/293 1064/564/353
f 1042/806/291 1064/564/291 1041/807/290
f 1041/807/290 1064/564/291 1065/563/290
f 1041/807/289 1065/563/289 1040/808/288
f 1040/808/288 1065/563/289 1066/561/288
f 1040/808/351 1066/561/351 1039/809/350
f 1039/809/350 1066/561/351 1067/559/350
f 1039/809/348 1067/559/348 1038/810/349
f 1038/810/349 1067/559/348 1068/557/349
f 1038/810/344 1068/557/344 1037/811/342
f 1037/811/346 1068/557/344 1069/555/346
f 1037/811/378 1069/555/378 1036/812/340
f 1036/812/340 1069/555/378 1070/553/340
f 1036/812/339 1070/553/339 1035/813/141
f 1035/813/57 1070/553/370 1071/551/57
f 1035/813/57 1071/551/57 1034/814/379
f 1034/814/338 1071/551/139 1072/549/338
f 1034/814/336 1072/549/336 1033/815/333
f 1033/815/333 1072/549/336 1073/547/333
f 1033/815/333 1073/547/333 1032/816/334
f 1032/816/334 1073/547/333 1074/545/334
f 1032/816/329 1074/545/329 1031/817/328
f 1031/817/328 1074/545/329 1075/543/328
f 1031/817/327 1075/543/327 1030/793/326
f 1030/793/326 1075/543/327 1076/541/326
f 1076/584/58 1066/585/58 1053/586/58
f 1053/586/58 1066/585/58 1065/587/58
f 1053/586/58 1065/587/58 1054/588/58
f 1054/588/58 1065/587/58 1064/589/58
f 1054/588/58 1064/589/58 1055/590/58
f 1055/590/58 1064/589/58 1063/591/58
f 1055/590/58 1063/591/58 1056/592/58
f 1056/592/58 1063/591/58 1062/593/58
f 1056/592/58 1062/593/58 1057/594/58
f 1057/594/58 1062/593/58 1061/595/58
f 1057/594/58 1061/595/58 1058/596/58
f 1058/596/58 1061/595/58 1060/597/58
f 1058/596/58 1060/597/58 1059/598/58
f 1066/585/58 1076/584/58 1067/599/58
f 1067/599/58 1076/584/58 1075/600/58
f 1067/599/58 1075/600/58 1068/601/58
f 1068/601/58 1075/600/58 1074/602/58
f 1068/601/58 1074/602/58 1069/603/58
f 1069/603/58 1074/602/58 1073/604/58
f 1069/603/58 1073/604/58 1070/605/58
f 1070/605/58 1073/604/58 1072/606/58
f 1070/605/58 1072/606/58 1071/607/58
f 1078/818/358 1124/819/358 1077/820/289
f 1077/820/289 1124/819/358 1101/821/289
f 1077/822/290 1101/823/290 1100/824/291
f 1100/824/291 1101/823/290 1102/825/291
f 1100/824/292 1102/825/292 1099/826/293
f 1099/826/293 1102/825/292 1103/827/293
f 1099/826/294 1103/827/294 1098/828/385
f 1098/828/385 1103/827/294 1104/829/385
f 1098/828/386 1104/829/386 1097/830/300
f 1097/830/300 1104/829/386 1105/831/300
f 1097/830/301 1105/831/301 1096/832/302
f 1096/832/302 1105/831/301 1106/833/302
f 1096/832/374 1106/833/374 1095/834/360
f 1095/834/360 1106/833/374 1107/835/360
f 1095/834/363 1107/835/363 1094/836/387
f 1094/836/387 1107/835/363 1108/837/387
f 1094/836/313 1108/837/313 1093/838/312
f 1093/838/312 1108/837/313 1109/839/312
f 1093/838/314 1109/839/314 1092/840/364
f 1092/840/364 1109/839/314 1110/538/364
f 1092/840/372 1110/538/372 1091/841/319
f 1091/841/319 1110/538/372 1111/842/319
f 1091/841/320 1111/842/320 1090/843/321
f 1090/843/321 1111/842/320 1112/844/321
f 1090/843/322 1112/844/322 1089/845/323
f 1089/845/323 1112/844/322 1113/224/323
f 1089/845/324 1113/224/324 1088/846/388
f 1088/846/388 1113/224/324 1114/556/388
f 1088/846/326 1114/556/326 1087/847/327
f 1087/847/327 1114/556/326 1115/548/327
f 1087/847/331 1115/548/331 1086/848/329
f 1086/848/329 1115/548/331 1116/540/329
f 1086/848/334 1116/540/334 1085/849/332
f 1085/849/332 1116/540/330 1117/850/332
f 1085/849/337 1117/850/337 1084/851/336
f 1084/851/336 1117/850/337 1118/852/336
f 1084/851/389 1118/852/389 1083/853/139
f 1083/853/139 1118/852/389 1119/854/139
f 1083/853/141 1119/854/141 1082/855/390
f 1082/855/390 1119/854/141 1120/856/390
f 1082/855/340 1120/856/340 1081/857/341
f 1081/857/341 1120/856/340 1121/858/341
f 1081/857/346 1121/858/346 1080/859/345
f 1080/859/344 1121/858/346 1122/860/344
f 1080/859/391 1122/860/391 1079/861/347
f 1079/861/347 1122/860/391 1123/862/347
f 1079/861/350 1123/862/350 1078/818/351
f 1078/818/351 1123/862/350 1124/819/351
f 838/729/58 837/731/58 1077/265/58
f 1077/265/58 837/731/58 860/733/58
f 1077/265/58 860/733/58 1078/863/58
f 1078/863/58 860/733/58 859/735/58
f 1078/863/58 859/735/58 1079/864/58
f 1079/864/58 859/735/58 858/737/58
f 1079/864/58 858/737/58 1080/865/58
f 1080/865/58 858/737/58 857/739/58
f 1080/865/58 857/739/58 1081/866/58
f 1081/866/58 857/739/58 856/741/58
f 1081/866/58 856/741/58 1082/867/58
f 1082/867/58 856/741/58 855/743/58
f 1082/867/58 855/743/58 1083/421/58
f 1083/421/58 855/743/58 1084/868/58
f 1084/868/58 855/743/58 854/742/58
f 1084/868/58 854/742/58 1085/869/58
f 1085/869/58 854/742/58 853/740/58
f 1085/869/58 853/740/58 1086/870/58
f 1086/870/58 853/740/58 852/738/58
f 1086/870/58 852/738/58 1087/871/58
f 1087/871/58 852/738/58 851/736/58
f 1087/871/58 851/736/58 1088/872/58
f 1088/872/58 851/736/58 850/734/58
f 1088/872/58 850/734/58 1089/685/58
f 1089/685/58 850/734/58 849/732/58
f 1089/685/58 849/732/58 1090/873/58
f 1090/873/58 849/732/58 848/730/58
f 1090/873/58 848/730/58 847/744/58
f 1090/873/58 847/744/58 1091/874/58
f 1091/874/58 847/744/58 846/746/58
f 1091/874/58 846/746/58 1092/875/58
f 1092/875/58 846/746/58 845/748/58
f 1092/875/58 845/748/58 1093/876/58
f 1093/876/58 845/748/58 844/750/58
f 1093/876/58 844/750/58 1094/877/58
f 1094/877/58 844/750/58 843/752/58
f 1094/877/58 843/752/58 1095/878/58
f 1095/878/58 843/752/58 1096/879/58
f 1096/879/58 843/752/58 842/751/58
f 1096/879/58 842/751/58 1097/880/58
f 1097/880/58 842/751/58 841/749/58
f 1097/880/58 841/749/58 1098/881/58
f 1098/881/58 841/749/58 840/747/58
f 1098/881/58 840/747/58 1099/882/58
f 1099/882/58 840/747/58 839/745/58
f 1099/882/58 839/745/58 1100/883/58
f 1100/883/58 839/745/58 838/729/58
f 1100/883/58 838/729/58 1077/265/58
f 1126/884/392 1180/885/392 1125/886/289
f 1125/886/289 1180/885/392 1153/887/289
f 1125/888/290 1153/889/290 1152/890/393
f 1152/890/393 1153/889/290 1154/891/393
f 1152/890/394 1154/891/394 1151/892/395
f 1151/892/395 1154/891/394 1155/893/395
f 1151/892/396 1155/893/396 1150/894/397
f 1150/894/397 1155/893/396 1156/895/397
f 1150/894/398 1156/895/398 1149/896/399
f 1149/896/399 1156/895/398 1157/897/399
f 1149/896/400 1157/897/400 1148/898/401
f 1148/898/402 1157/897/400 1158/899/402
f 1148/898/403 1158/899/403 1147/900/404
f 1147/900/404 1158/899/403 1159/901/404
f 1147/900/405 1159/901/405 1146/902/360
f 1146/902/360 1159/901/405 1160/903/360
f 1146/902/363 1160/903/363 1145/904/406
f 1145/904/406 1160/903/363 1161/905/406
f 1145/904/407 1161/905/407 1144/906/408
f 1144/906/408 1161/905/407 1162/907/408
f 1144/906/409 1162/907/409 1143/908/410
f 1143/908/410 1162/907/409 1163/909/410
f 1143/908/411 1163/909/411 1142/910/412
f 1142/910/412 1163/909/411 1164/911/412
f 1142/910/413 1164/911/413 1141/912/414
f 1141/912/414 1164/911/413 1165/913/414
f 1141/912/415 1165/913/415 1140/914/416
f 1140/914/416 1165/913/415 1166/915/416
f 1140/914/417 1166/915/417 1139/637/323
f 1139/637/323 1166/915/417 1167/224/323
f 1139/637/324 1167/224/324 1138/916/418
f 1138/916/418 1167/224/324 1168/917/418
f 1138/916/419 1168/917/419 1137/918/420
f 1137/918/420 1168/917/419 1169/919/420
f 1137/918/421 1169/919/421 1136/920/422
f 1136/920/422 1169/919/421 1170/921/422
f 1136/920/423 1170/921/423 1135/922/424
f 1135/922/424 1170/921/423 1171/923/424
f 1135/922/425 1171/923/425 1134/924/426
f 1134/924/426 1171/923/425 1172/925/426
f 1134/924/427 1172/925/427 1133/926/428
f 1133/926/428 1172/925/427 1173/927/428
f 1133/926/429 1173/927/429 1132/928/139
f 1132/928/139 1173/927/429 1174/929/139
f 1132/928/141 1174/929/141 1131/930/430
f 1131/930/430 1174/929/141 1175/931/430
f 1131/930/431 1175/931/431 1130/932/432
f 1130/932/432 1175/931/431 1176/933/432
f 1130/932/433 1176/933/433 1129/934/434
f 1129/934/434 1176/933/433 1177/935/434
f 1129/934/435 1177/935/435 1128/936/436
f 1128/936/436 1177/935/435 1178/937/436
f 1128/936/437 1178/937/437 1127/938/438
f 1127/938/438 1178/937/437 1179/939/438
f 1127/938/439 1179/939/439 1126/884/440
f 1126/884/440 1179/939/439 1180/885/440
f 1152/940/58 1031/941/58 1125/942/58
f 1125/942/58 1031/941/58 1030/943/58
f 1125/942/58 1030/943/58 1029/944/58
f 1151/945/58 1035/946/58 1152/940/58
f 1152/940/58 1035/946/58 1034/947/58
f 1152/940/58 1034/947/58 1033/948/58
f 1150/949/58 1103/882/58 1151/945/58
f 1151/945/58 1103/882/58 1037/950/58
f 1151/945/58 1037/950/58 1036/951/58
f 1103/882/58 1150/949/58 1104/881/58
f 1104/881/58 1150/949/58 1149/952/58
f 1104/881/58 1149/952/58 1105/880/58
f 1105/880/58 1149/952/58 1148/953/58
f 1105/880/58 1148/953/58 955/954/58
f 955/954/58 1148/953/58 956/955/58
f 956/955/58 1148/953/58 933/956/58
f 933/956/58 1148/953/58 1147/957/58
f 933/956/58 1147/957/58 934/958/58
f 934/958/58 1147/957/58 935/959/58
f 935/959/58 1147/957/58 936/960/58
f 936/960/58 1147/957/58 937/961/58
f 937/961/58 1147/957/58 1146/962/58
f 937/961/58 1146/962/58 938/963/58
f 938/963/58 1146/962/58 939/964/58
f 939/964/58 1146/962/58 940/965/58
f 940/965/58 1146/962/58 941/966/58
f 941/966/58 1146/962/58 1145/967/58
f 941/966/58 1145/967/58 942/968/58
f 942/968/58 1145/967/58 943/969/58
f 943/969/58 1145/967/58 944/970/58
f 944/970/58 1145/967/58 945/971/58
f 945/971/58 1145/967/58 1144/972/58
f 945/971/58 1144/972/58 946/973/58
f 946/973/58 1144/972/58 947/974/58
f 947/974/58 1144/972/58 1109/876/58
f 947/974/58 1109/876/58 948/975/58
f 948/975/58 1109/876/58 1108/877/58
f 948/975/58 1108/877/58 949/976/58
f 949/976/58 1108/877/58 950/977/58
f 950/977/58 1108/877/58 1107/878/58
f 950/977/58 1107/878/58 951/978/58
f 951/978/58 1107/878/58 952/979/58
f 952/979/58 1107/878/58 1106/879/58
f 952/979/58 1106/879/58 953/980/58
f 953/980/58 1106/879/58 954/981/58
f 954/981/58 1106/879/58 1105/880/58
f 954/981/58 1105/880/58 955/954/58
f 1144/972/58 1143/982/58 1109/876/58
f 1109/876/58 1143/982/58 1110/875/58
f 1110/875/58 1143/982/58 1142/983/58
f 1110/875/58 1142/983/58 1111/874/58
f 1111/874/58 1142/983/58 1141/984/58
f 1111/874/58 1141/984/58 889/985/58
f 889/985/58 1141/984/58 890/986/58
f 890/986/58 1141/984/58 891/987/58
f 891/987/58 1141/984/58 1140/988/58
f 891/987/58 1140/988/58 892/989/58
f 892/989/58 1140/988/58 893/990/58
f 893/990/58 1140/988/58 894/991/58
f 894/991/58 1140/988/58 895/992/58
f 895/992/58 1140/988/58 1139/993/58
f 895/992/58 1139/993/58 896/994/58
f 896/994/58 1139/993/58 897/995/58
f 897/995/58 1139/993/58 898/996/58
f 898/996/58 1139/993/58 899/997/58
f 899/997/58 1139/993/58 1138/998/58
f 899/997/58 1138/998/58 900/999/58
f 900/999/58 1138/998/58 901/1000/58
f 901/1000/58 1138/998/58 902/1001/58
f 902/1001/58 1138/998/58 903/1002/58
f 903/1002/58 1138/998/58 1137/1003/58
f 903/1002/58 1137/1003/58 904/1004/58
f 904/1004/58 1137/1003/58 905/1005/58
f 905/1005/58 1137/1003/58 1115/871/58
f 905/1005/58 1115/871/58 906/1006/58
f 906/1006/58 1115/871/58 1114/872/58
f 906/1006/58 1114/872/58 907/1007/58
f 907/1007/58 1114/872/58 908/1008/58
f 908/1008/58 1114/872/58 1113/685/58
f 908/1008/58 1113/685/58 885/1009/58
f 885/1009/58 1113/685/58 886/1010/58
f 886/1010/58 1113/685/58 1112/873/58
f 886/1010/58 1112/873/58 887/1011/58
f 887/1011/58 1112/873/58 888/1012/58
f 888/1012/58 1112/873/58 1111/874/58
f 888/1012/58 1111/874/58 889/985/58
f 1137/1003/58 1136/1013/58 1115/871/58
f 1115/871/58 1136/1013/58 1116/870/58
f 1116/870/58 1136/1013/58 1135/1014/58
f 1116/870/58 1135/1014/58 1117/869/58
f 1117/869/58 1135/1014/58 1134/1015/58
f 1117/869/58 1134/1015/58 991/1016/58
f 991/1016/58 1134/1015/58 992/1017/58
f 992/1017/58 1134/1015/58 993/1018/58
f 993/1018/58 1134/1015/58 1133/1019/58
f 993/1018/58 1133/1019/58 994/1020/58
f 994/1020/58 1133/1019/58 995/1021/58
f 995/1021/58 1133/1019/58 996/1022/58
f 996/1022/58 1133/1019/58 997/1023/58
f 997/1023/58 1133/1019/58 1132/1024/58
f 997/1023/58 1132/1024/58 998/1025/58
f 998/1025/58 1132/1024/58 999/1026/58
f 999/1026/58 1132/1024/58 1000/1027/58
f 1000/1027/58 1132/1024/58 1001/1028/58
f 1001/1028/58 1132/1024/58 1131/1029/58
f 1001/1028/58 1131/1029/58 1002/1030/58
f 1002/1030/58 1131/1029/58 1003/1031/58
f 1003/1031/58 1131/1029/58 1004/1032/58
f 1004/1032/58 1131/1029/58 981/1033/58
f 981/1033/58 1131/1029/58 1130/1034/58
f 981/1033/58 1130/1034/58 982/1035/58
f 982/1035/58 1130/1034/58 983/1036/58
f 983/1036/58 1130/1034/58 1121/866/58
f 983/1036/58 1121/866/58 984/1037/58
f 984/1037/58 1121/866/58 1120/867/58
f 984/1037/58 1120/867/58 985/1038/58
f 985/1038/58 1120/867/58 986/1039/58
f 986/1039/58 1120/867/58 1119/421/58
f 986/1039/58 1119/421/58 987/1040/58
f 987/1040/58 1119/421/58 988/1041/58
f 988/1041/58 1119/421/58 1118/868/58
f 988/1041/58 1118/868/58 989/1042/58
f 989/1042/58 1118/868/58 990/1043/58
f 990/1043/58 1118/868/58 1117/869/58
f 990/1043/58 1117/869/58 991/1016/58
f 1130/1034/58 1129/1044/58 1121/866/58
f 1121/866/58 1129/1044/58 1122/865/58
f 1122/865/58 1129/1044/58 1128/1045/58
f 1122/865/58 1128/1045/58 1123/864/58
f 1123/864/58 1128/1045/58 1127/1046/58
f 1123/864/58 1127/1046/58 1045/1047/58
f 1045/1047/58 1127/1046/58 1046/1048/58
f 1046/1048/58 1127/1046/58 1047/1049/58
f 1047/1049/58 1127/1046/58 1126/1050/58
f 1047/1049/58 1126/1050/58 1048/1051/58
f 1048/1051/58 1126/1050/58 1049/1052/58
f 1049/1052/58 1126/1050/58 1050/1053/58
f 1050/1053/58 1126/1050/58 1051/1054/58
f 1051/1054/58 1126/1050/58 1125/942/58
f 1051/1054/58 1125/942/58 1052/1055/58
f 1052/1055/58 1125/942/58 1029/944/58
f 1124/863/58 1042/1056/58 1101/265/58
f 1101/265/58 1042/1056/58 1041/1057/58
f 1101/265/58 1041/1057/58 1040/1058/58
f 1123/864/58 1044/1059/58 1124/863/58
f 1124/863/58 1044/1059/58 1043/1060/58
f 1124/863/58 1043/1060/58 1042/1056/58
f 1037/950/58 1103/882/58 1038/1061/58
f 1038/1061/58 1103/882/58 1102/883/58
f 1038/1061/58 1102/883/58 1039/1062/58
f 1039/1062/58 1102/883/58 1040/1058/58
f 1040/1058/58 1102/883/58 1101/265/58
f 1045/1047/58 1044/1059/58 1123/864/58
f 1036/951/58 1035/946/58 1151/945/58
f 1033/948/58 1032/1063/58 1152/940/58
f 1152/940/58 1032/1063/58 1031/941/58
f 1182/535/291 1228/536/291 1181/537/290
f 1181/537/290 1228/536/291 1205/538/290
f 1181/539/289 1205/540/289 1204/541/288
f 1204/541/288 1205/540/289 1206/542/288
f 1204/541/441 1206/542/441 1203/543/350
f 1203/543/350 1206/542/351 1207/544/350
f 1203/543/347 1207/544/347 1202/545/349
f 1202/545/349 1207/544/347 1208/546/349
f 1202/545/442 1208/546/442 1201/547/346
f 1201/547/346 1208/546/442 1209/548/346
f 1201/547/341 1209/548/341 1200/549/340
f 1200/549/340 1209/548/341 1210/550/340
f 1200/549/339 1210/550/339 1199/551/141
f 1199/551/141 1210/550/339 1211/552/141
f 1199/551/139 1211/552/139 1198/553/338
f 1198/553/338 1211/552/139 1212/554/338
f 1198/553/336 1212/554/336 1197/555/337
f 1197/555/337 1212/554/336 1213/556/337
f 1197/555/332 1213/556/332 1196/557/334
f 1196/557/334 1213/556/332 1214/558/334
f 1196/557/329 1214/558/329 1195/559/331
f 1195/559/331 1214/558/329 1215/560/331
f 1195/559/327 1215/560/327 1194/561/326
f 1194/561/356 1215/560/327 1216/562/356
f 1194/561/356 1216/562/356 1193/563/324
f 1193/563/324 1216/562/356 1217/224/324
f 1193/563/323 1217/224/323 1192/564/355
f 1192/564/352 1217/224/323 1218/565/352
f 1192/564/321 1218/565/321 1191/566/320
f 1191/566/320 1218/565/352 1219/567/320
f 1191/566/319 1219/567/319 1190/568/317
f 1190/568/317 1219/567/319 1220/569/317
f 1190/568/316 1220/569/316 1189/570/314
f 1189/570/314 1220/569/316 1221/571/314
f 1189/570/312 1221/571/312 1188/572/313
f 1188/572/313 1221/571/312 1222/573/313
f 1188/572/308 1222/573/308 1187/574/363
f 1187/574/363 1222/573/308 1223/575/363
f 1187/574/360 1223/575/360 1186/576/304
f 1186/576/304 1223/575/360 1224/577/304
f 1186/576/302 1224/577/302 1185/578/301
f 1185/578/301 1224/577/302 1225/579/301
f 1185/578/300 1225/579/300 1184/580/386
f 1184/580/386 1225/579/300 1226/581/386
f 1184/580/296 1226/581/296 1183/582/294
f 1183/582/294 1226/581/296 1227/583/294
f 1183/582/293 1227/583/293 1182/535/353
f 1182/535/292 1227/583/293 1228/536/292
f 1204/584/53 1194/585/53 1181/586/53
f 1181/586/53 1194/585/53 1193/587/53
f 1181/586/53 1193/587/53 1182/588/53
f 1182/588/53 1193/587/53 1192/589/53
f 1182/588/53 1192/589/53 1183/590/53
f 1183/590/53 1192/589/53 1191/591/53
f 1183/590/53 1191/591/53 1184/592/53
f 1184/592/53 1191/591/53 1190/593/53
f 1184/592/53 1190/593/53 1185/594/53
f 1185/594/53 1190/593/53 1189/595/53
f 1185/594/53 1189/595/53 1186/596/53
f 1186/596/53 1189/595/53 1188/597/53
f 1186/596/53 1188/597/53 1187/598/53
f 1194/585/53 1204/584/53 1195/599/53
f 1195/599/53 1204/584/53 1203/600/53
f 1195/599/53 1203/600/53 1196/601/53
f 1196/601/53 1203/600/53 1202/602/53
f 1196/601/53 1202/602/53 1197/603/53
f 1197/603/53 1202/602/53 1201/604/53
f 1197/603/53 1201/604/53 1198/605/53
f 1198/605/53 1201/604/53 1200/606/53
f 1198/605/53 1200/606/53 1199/607/53
f 1230/535/291 190/536/291 1229/537/290
f 1229/537/290 190/536/291 189/538/290
f 1229/539/289 189/540/289 1252/541/288
f 1252/541/288 189/540/289 212/542/288
f 1252/541/441 212/542/441 1251/543/350
f 1251/543/350 212/542/351 211/544/350
f 1251/543/347 211/544/347 1250/545/349
f 1250/545/349 211/544/347 210/546/349
f 1250/545/442 210/546/442 1249/547/346
f 1249/547/346 210/546/442 209/548/346
f 1249/547/341 209/548/341 1248/549/340
f 1248/549/340 209/548/341 208/550/340
f 1248/549/339 208/550/339 1247/551/141
f 1247/551/141 208/550/339 207/552/141
f 1247/551/139 207/552/139 1246/553/338
f 1246/553/338 207/552/139 206/554/338
f 1246/553/336 206/554/336 1245/555/337
f 1245/555/337 206/554/336 205/556/337
f 1245/555/332 205/556/332 1244/557/334
f 1244/557/334 205/556/332 204/558/334
f 1244/557/329 204/558/329 1243/559/331
f 1243/559/331 204/558/329 203/560/331
f 1243/559/327 203/560/327 1242/561/326
f 1242/561/356 203/560/327 202/562/356
f 1242/561/356 202/562/356 1241/563/324
f 1241/563/324 202/562/356 201/224/324
f 1241/563/323 201/224/323 1240/564/355
f 1240/564/352 201/224/323 200/565/352
f 1240/564/321 200/565/321 1239/566/320
f 1239/566/320 200/565/352 199/567/320
f 1239/566/319 199/567/319 1238/568/317
f 1238/568/317 199/567/319 198/569/317
f 1238/568/316 198/569/316 1237/570/314
f 1237/570/314 198/569/316 197/571/314
f 1237/570/312 197/571/312 1236/572/313
f 1236/572/313 197/571/312 196/573/313
f 1236/572/308 196/573/308 1235/574/363
f 1235/574/363 196/573/308 195/575/363
f 1235/574/360 195/575/360 1234/576/304
f 1234/576/304 195/575/360 194/577/304
f 1234/576/302 194/577/302 1233/578/301
f 1233/578/301 194/577/302 193/579/301
f 1233/578/300 193/579/300 1232/580/386
f 1232/580/386 193/579/300 192/581/386
f 1232/580/296 192/581/296 1231/582/294
f 1231/582/294 192/581/296 191/583/294
f 1231/582/293 191/583/293 1230/535/353
f 1230/535/292 191/583/293 190/536/292
f 1252/584/53 1242/585/53 1229/586/53
f 1229/586/53 1242/585/53 1241/587/53
f 1229/586/53 1241/587/53 1230/588/53
f 1230/588/53 1241/587/53 1240/589/53
f 1230/588/53 1240/589/53 1231/590/53
f 1231/590/53 1240/589/53 1239/591/53
f 1231/590/53 1239/591/53 1232/592/53
f 1232/592/53 1239/591/53 1238/593/53
f 1232/592/53 1238/593/53 1233/594/53
f 1233/594/53 1238/593/53 1237/595/53
f 1233/594/53 1237/595/53 1234/596/53
f 1234/596/53 1237/595/53 1236/597/53
f 1234/596/53 1236/597/53 1235/598/53
f 1242/585/53 1252/584/53 1243/599/53
f 1243/599/53 1252/584/53 1251/600/53
f 1243/599/53 1251/600/53 1244/601/53
f 1244/601/53 1251/600/53 1250/602/53
f 1244/601/53 1250/602/53 1245/603/53
f 1245/603/53 1250/602/53 1249/604/53
f 1245/603/53 1249/604/53 1246/605/53
f 1246/605/53 1249/604/53 1248/606/53
f 1246/605/53 1248/606/53 1247/607/53
f 1254/535/291 1300/536/291 1253/537/290
f 1253/537/290 1300/536/291 1277/538/290
f 1253/539/289 1277/540/289 1276/541/288
f 1276/541/288 1277/540/289 1278/542/288
f 1276/541/351 1278/542/351 1275/543/350
f 1275/543/348 1278/542/351 1279/544/348
f 1275/543/347 1279/544/347 1274/545/349
f 1274/545/349 1279/544/347 1280/546/349
f 1274/545/442 1280/546/442 1273/547/346
f 1273/547/346 1280/546/442 1281/548/346
f 1273/547/341 1281/548/341 1272/549/340
f 1272/549/340 1281/548/341 1282/550/340
f 1272/549/339 1282/550/339 1271/551/141
f 1271/551/141 1282/550/339 1283/552/141
f 1271/551/139 1283/552/139 1270/553/338
f 1270/553/338 1283/552/139 1284/554/338
f 1270/553/336 1284/554/336 1269/555/337
f 1269/555/337 1284/554/336 1285/556/337
f 1269/555/332 1285/556/332 1268/557/334
f 1268/557/334 1285/556/332 1286/558/334
f 1268/557/329 1286/558/329 1267/559/331
f 1267/559/331 1286/558/329 1287/560/331
f 1267/559/328 1287/560/328 1266/561/326
f 1266/561/326 1287/560/327 1288/562/326
f 1266/561/356 1288/562/356 1265/563/324
f 1265/563/324 1288/562/356 1289/224/324
f 1265/563/323 1289/224/323 1264/564/355
f 1264/564/352 1289/224/323 1290/565/352
f 1264/564/321 1290/565/321 1263/566/318
f 1263/566/320 1290/565/321 1291/567/320
f 1263/566/319 1291/567/319 1262/568/317
f 1262/568/317 1291/567/319 1292/569/317
f 1262/568/316 1292/569/316 1261/570/314
f 1261/570/314 1292/569/316 1293/571/314
f 1261/570/312 1293/571/312 1260/572/313
f 1260/572/313 1293/571/312 1294/573/313
f 1260/572/308 1294/573/308 1259/574/363
f 1259/574/363 1294/573/308 1295/575/363
f 1259/574/360 1295/575/360 1258/576/304
f 1258/576/304 1295/575/360 1296/577/304
f 1258/576/302 1296/577/302 1257/578/301
f 1257/578/301 1296/577/302 1297/579/301
f 1257/578/300 1297/579/300 1256/580/386
f 1256/580/386 1297/579/300 1298/581/386
f 1256/580/296 1298/581/296 1255/582/294
f 1255/582/294 1298/581/296 1299/583/294
f 1255/582/293 1299/583/293 1254/535/292
f 1254/535/292 1299/583/297 1300/536/292
f 1276/584/53 1266/585/53 1253/586/53
f 1253/586/53 1266/585/53 1265/587/53
f 1253/586/53 1265/587/53 1254/588/53
f 1254/588/53 1265/587/53 1264/589/53
f 1254/588/53 1264/589/53 1255/590/53
f 1255/590/53 1264/589/53 1263/591/53
f 1255/590/53 1263/591/53 1256/592/53
f 1256/592/53 1263/591/53 1262/593/53
f 1256/592/53 1262/593/53 1257/594/53
f 1257/594/53 1262/593/53 1261/595/53
f 1257/594/53 1261/595/53 1258/596/53
f 1258/596/53 1261/595/53 1260/597/53
f 1258/596/53 1260/597/53 1259/598/53
f 1266/585/53 1276/584/53 1267/599/53
f 1267/599/53 1276/584/53 1275/600/53
f 1267/599/53 1275/600/53 1268/601/53
f 1268/601/53 1275/600/53 1274/602/53
f 1268/601/53 1274/602/53 1269/603/53
f 1269/603/53 1274/602/53 1273/604/53
f 1269/603/53 1273/604/53 1270/605/53
f 1270/605/53 1273/604/53 1272/606/53
f 1270/605/53 1272/606/53 1271/607/53
f 1302/535/291 166/536/291 1301/537/290
f 1301/537/290 166/536/291 165/538/290
f 1301/539/289 165/540/289 1324/541/288
f 1324/541/288 165/540/289 188/542/288
f 1324/541/351 188/542/351 1323/543/350
f 1323/543/348 188/542/351 187/544/348
f 1323/543/347 187/544/347 1322/545/349
f 1322/545/349 187/544/347 186/546/349
f 1322/545/442 186/546/442 1321/547/346
f 1321/547/346 186/546/442 185/548/346
f 1321/547/341 185/548/341 1320/549/340
f 1320/549/340 185/548/341 184/550/340
f 1320/549/339 184/550/339 1319/551/141
f 1319/551/141 184/550/339 183/552/141
f 1319/551/139 183/552/139 1318/553/338
f 1318/553/338 183/552/139 182/554/338
f 1318/553/336 182/554/336 1317/555/337
f 1317/555/337 182/554/336 181/556/337
f 1317/555/332 181/556/332 1316/557/334
f 1316/557/334 181/556/332 180/558/334
f 1316/557/329 180/558/329 1315/559/331
f 1315/559/331 180/558/329 179/560/331
f 1315/559/328 179/560/328 1314/561/326
f 1314/561/326 179/560/327 178/562/326
f 1314/561/356 178/562/356 1313/563/324
f 1313/563/324 178/562/356 177/224/324
f 1313/563/323 177/224/323 1312/564/355
f 1312/564/352 177/224/323 176/565/352
f 1312/564/321 176/565/321 1311/566/318
f 1311/566/320 176/565/321 175/567/320
f 1311/566/319 175/567/319 1310/568/317
f 1310/568/317 175/567/319 174/569/317
f 1310/568/316 174/569/316 1309/570/314
f 1309/570/314 174/569/316 173/571/314
f 1309/570/312 173/571/312 1308/572/313
f 1308/572/313 173/571/312 172/573/313
f 1308/572/308 172/573/308 1307/574/363
f 1307/574/363 172/573/308 171/575/363
f 1307/574/360 171/575/360 1306/576/304
f 1306/576/304 171/575/360 170/577/304
f 1306/576/302 170/577/302 1305/578/301
f 1305/578/301 170/577/302 169/579/301
f 1305/578/300 169/579/300 1304/580/386
f 1304/580/386 169/579/300 168/581/386
f 1304/580/296 168/581/296 1303/582/294
f 1303/582/294 168/581/296 167/583/294
f 1303/582/293 167/583/293 1302/535/292
f 1302/535/292 167/583/297 166/536/292
f 1324/584/53 1314/585/53 1301/586/53
f 1301/586/53 1314/585/53 1313/587/53
f 1301/586/53 1313/587/53 1302/588/53
f 1302/588/53 1313/587/53 1312/589/53
f 1302/588/53 1312/589/53 1303/590/53
f 1303/590/53 1312/589/53 1311/591/53
f 1303/590/53 1311/591/53 1304/592/53
f 1304/592/53 1311/591/53 1310/593/53
f 1304/592/53 1310/593/53 1305/594/53
f 1305/594/53 1310/593/53 1309/595/53
f 1305/594/53 1309/595/53 1306/596/53
f 1306/596/53 1309/595/53 1308/597/53
f 1306/596/53 1308/597/53 1307/598/53
f 1314/585/53 1324/584/53 1315/599/53
f 1315/599/53 1324/584/53 1323/600/53
f 1315/599/53 1323/600/53 1316/601/53
f 1316/601/53 1323/600/53 1322/602/53
f 1316/601/53 1322/602/53 1317/603/53
f 1317/603/53 1322/602/53 1321/604/53
f 1317/603/53 1321/604/53 1318/605/53
f 1318/605/53 1321/604/53 1320/606/53
f 1318/605/53 1320/606/53 1319/607/53
f 1326/535/352 1372/536/352 1325/537/323
f 1325/537/323 1372/536/355 1349/538/323
f 1325/539/324 1349/540/324 1348/541/356
f 1348/541/356 1349/540/324 1350/542/356
f 1348/541/326 1350/542/326 1347/543/327
f 1347/543/328 1350/542/326 1351/544/328
f 1347/543/331 1351/544/331 1346/545/329
f 1346/545/329 1351/544/331 1352/546/329
f 1346/545/334 1352/546/334 1345/547/332
f 1345/547/332 1352/546/334 1353/548/332
f 1345/547/337 1353/548/337 1344/549/336
f 1344/549/336 1353/548/337 1354/550/336
f 1344/549/338 1354/550/338 1343/551/139
f 1343/551/139 1354/550/338 1355/552/139
f 1343/551/141 1355/552/141 1342/553/339
f 1342/553/339 1355/552/141 1356/554/339
f 1342/553/340 1356/554/340 1341/555/341
f 1341/555/341 1356/554/340 1357/556/341
f 1341/555/346 1357/556/346 1340/557/442
f 1340/557/442 1357/556/346 1358/558/442
f 1340/557/349 1358/558/349 1339/559/347
f 1339/559/347 1358/558/349 1359/560/347
f 1339/559/348 1359/560/348 1338/561/351
f 1338/561/351 1359/560/350 1360/562/351
f 1338/561/288 1360/562/288 1337/563/289
f 1337/563/289 1360/562/288 1361/224/289
f 1337/563/290 1361/224/290 1336/564/291
f 1336/564/291 1361/224/290 1362/565/291
f 1336/564/292 1362/565/292 1335/566/297
f 1335/566/293 1362/565/292 1363/567/293
f 1335/566/294 1363/567/294 1334/568/296
f 1334/568/296 1363/567/294 1364/569/296
f 1334/568/386 1364/569/386 1333/570/300
f 1333/570/300 1364/569/386 1365/571/300
f 1333/570/301 1365/571/301 1332/572/302
f 1332/572/302 1365/571/301 1366/573/302
f 1332/572/304 1366/573/304 1331/574/360
f 1331/574/360 1366/573/304 1367/575/360
f 1331/574/363 1367/575/363 1330/576/308
f 1330/576/308 1367/575/363 1368/577/308
f 1330/576/313 1368/577/313 1329/578/312
f 1329/578/312 1368/577/313 1369/579/312
f 1329/578/314 1369/579/314 1328/580/316
f 1328/580/316 1369/579/314 1370/581/316
f 1328/580/317 1370/581/317 1327/582/319
f 1327/582/319 1370/581/317 1371/583/319
f 1327/582/320 1371/583/320 1326/535/321
f 1326/535/321 1371/583/318 1372/536/321
f 1348/584/58 1338/585/58 1325/586/58
f 1325/586/58 1338/585/58 1337/587/58
f 1325/586/58 1337/587/58 1326/588/58
f 1326/588/58 1337/587/58 1336/589/58
f 1326/588/58 1336/589/58 1327/590/58
f 1327/590/58 1336/589/58 1335/591/58
f 1327/590/58 1335/591/58 1328/592/58
f 1328/592/58 1335/591/58 1334/593/58
f 1328/592/58 1334/593/58 1329/594/58
f 1329/594/58 1334/593/58 1333/595/58
f 1329/594/58 1333/595/58 1330/596/58
f 1330/596/58 1333/595/58 1332/597/58
f 1330/596/58 1332/597/58 1331/598/58
f 1338/585/58 1348/584/58 1339/599/58
f 1339/599/58 1348/584/58 1347/600/58
f 1339/599/58 1347/600/58 1340/601/58
f 1340/601/58 1347/600/58 1346/602/58
f 1340/601/58 1346/602/58 1341/603/58
f 1341/603/58 1346/602/58 1345/604/58
f 1341/603/58 1345/604/58 1342/605/58
f 1342/605/58 1345/604/58 1344/606/58
f 1342/605/58 1344/606/58 1343/607/58
f 1374/535/352 1420/536/352 1373/537/323
f 1373/537/323 1420/536/355 1397/538/323
f 1373/539/324 1397/540/324 1396/541/356
f 1396/541/356 1397/540/324 1398/542/356
f 1396/541/356 1398/542/356 1395/543/327
f 1395/543/327 1398/542/326 1399/544/327
f 1395/543/331 1399/544/331 1394/545/329
f 1394/545/329 1399/544/331 1400/546/329
f 1394/545/334 1400/546/334 1393/547/332
f 1393/547/332 1400/546/334 1401/548/332
f 1393/547/337 1401/548/337 1392/549/336
f 1392/549/336 1401/548/337 1402/550/336
f 1392/549/338 1402/550/338 1391/551/139
f 1391/551/139 1402/550/338 1403/552/139
f 1391/551/141 1403/552/141 1390/553/339
f 1390/553/339 1403/552/141 1404/554/339
f 1390/553/340 1404/554/340 1389/555/341
f 1389/555/341 1404/554/340 1405/556/341
f 1389/555/346 1405/556/346 1388/557/442
f 1388/557/442 1405/556/346 1406/558/442
f 1388/557/349 1406/558/349 1387/559/347
f 1387/559/347 1406/558/349 1407/560/347
f 1387/559/350 1407/560/350 1386/561/351
f 1386/561/441 1407/560/350 1408/562/441
f 1386/561/288 1408/562/288 1385/563/289
f 1385/563/289 1408/562/288 1409/224/289
f 1385/563/290 1409/224/290 1384/564/291
f 1384/564/291 1409/224/290 1410/565/291
f 1384/564/292 1410/565/292 1383/566/293
f 1383/566/293 1410/565/353 1411/567/293
f 1383/566/294 1411/567/294 1382/568/296
f 1382/568/296 1411/567/294 1412/569/296
f 1382/568/386 1412/569/386 1381/570/300
f 1381/570/300 1412/569/386 1413/571/300
f 1381/570/301 1413/571/301 1380/572/302
f 1380/572/302 1413/571/301 1414/573/302
f 1380/572/304 1414/573/304 1379/574/360
f 1379/574/360 1414/573/304 1415/575/360
f 1379/574/363 1415/575/363 1378/576/308
f 1378/576/308 1415/575/363 1416/577/308
f 1378/576/313 1416/577/313 1377/578/312
f 1377/578/312 1416/577/313 1417/579/312
f 1377/578/314 1417/579/314 1376/580/316
f 1376/580/316 1417/579/314 1418/581/316
f 1376/580/317 1418/581/317 1375/582/319
f 1375/582/319 1418/581/317 1419/583/319
f 1375/582/320 1419/583/320 1374/535/352
f 1374/535/321 1419/583/320 1420/536/321
f 1396/584/58 1386/585/58 1373/586/58
f 1373/586/58 1386/585/58 1385/587/58
f 1373/586/58 1385/587/58 1374/588/58
f 1374/588/58 1385/587/58 1384/589/58
f 1374/588/58 1384/589/58 1375/590/58
f 1375/590/58 1384/589/58 1383/591/58
f 1375/590/58 1383/591/58 1376/592/58
f 1376/592/58 1383/591/58 1382/593/58
f 1376/592/58 1382/593/58 1377/594/58
f 1377/594/443 1382/593/443 1381/595/443
f 1377/594/58 1381/595/58 1378/596/58
f 1378/596/58 1381/595/58 1380/597/58
f 1378/596/58 1380/597/58 1379/598/58
f 1386/585/58 1396/584/58 1387/599/58
f 1387/599/58 1396/584/58 1395/600/58
f 1387/599/58 1395/600/58 1388/601/58
f 1388/601/58 1395/600/58 1394/602/58
f 1388/601/58 1394/602/58 1389/603/58
f 1389/603/58 1394/602/58 1393/604/58
f 1389/603/58 1393/604/58 1390/605/58
f 1390/605/58 1393/604/58 1392/606/58
f 1390/605/58 1392/606/58 1391/607/58
f 1422/535/352 1468/536/352 1421/537/323
f 1421/537/323 1468/536/352 1445/538/323
f 1421/539/324 1445/540/324 1444/541/325
f 1444/541/356 1445/540/324 1446/542/356
f 1444/541/326 1446/542/326 1443/543/328
f 1443/543/327 1446/542/326 1447/544/327
f 1443/543/331 1447/544/331 1442/545/329
f 1442/545/329 1447/544/331 1448/546/329
f 1442/545/334 1448/546/334 1441/547/332
f 1441/547/332 1448/546/334 1449/548/332
f 1441/547/337 1449/548/337 1440/549/336
f 1440/549/336 1449/548/337 1450/550/336
f 1440/549/338 1450/550/338 1439/551/139
f 1439/551/139 1450/550/338 1451/552/139
f 1439/551/141 1451/552/141 1438/553/339
f 1438/553/339 1451/552/141 1452/554/339
f 1438/553/340 1452/554/340 1437/555/341
f 1437/555/341 1452/554/340 1453/556/341
f 1437/555/346 1453/556/346 1436/557/442
f 1436/557/442 1453/556/346 1454/558/442
f 1436/557/349 1454/558/349 1435/559/347
f 1435/559/347 1454/558/349 1455/560/347
f 1435/559/350 1455/560/350 1434/561/351
f 1434/561/351 1455/560/348 1456/562/351
f 1434/561/358 1456/562/358 1433/563/289
f 1433/563/289 1456/562/358 1457/224/289
f 1433/563/290 1457/224/290 1432/564/380
f 1432/564/380 1457/224/290 1458/565/380
f 1432/564/292 1458/565/292 1431/566/293
f 1431/566/297 1458/565/292 1459/567/297
f 1431/566/294 1459/567/294 1430/568/296
f 1430/568/296 1459/567/294 1460/569/296
f 1430/568/386 1460/569/386 1429/570/300
f 1429/570/300 1460/569/386 1461/571/300
f 1429/570/301 1461/571/301 1428/572/302
f 1428/572/302 1461/571/299 1462/573/302
f 1428/572/361 1462/573/361 1427/574/55
f 1427/574/305 1462/573/304 1463/575/305
f 1427/574/309 1463/575/309 1426/576/308
f 1426/576/362 1463/575/55 1464/577/362
f 1426/576/313 1464/577/313 1425/578/311
f 1425/578/312 1464/577/313 1465/579/312
f 1425/578/314 1465/579/314 1424/580/316
f 1424/580/316 1465/579/314 1466/581/316
f 1424/580/317 1466/581/317 1423/582/319
f 1423/582/319 1466/581/317 1467/583/319
f 1423/582/318 1467/583/318 1422/535/321
f 1422/535/321 1467/583/320 1468/536/321
f 1444/584/58 1434/585/58 1421/586/58
f 1421/586/58 1434/585/58 1433/587/58
f 1421/586/58 1433/587/58 1422/588/58
f 1422/588/58 1433/587/58 1432/589/58
f 1422/588/58 1432/589/58 1423/590/58
f 1423/590/58 1432/589/58 1431/591/58
f 1423/590/58 1431/591/58 1424/592/58
f 1424/592/58 1431/591/58 1430/593/58
f 1424/592/58 1430/593/58 1425/594/58
f 1425/594/58 1430/593/58 1429/595/58
f 1425/594/58 1429/595/58 1426/596/58
f 1426/596/58 1429/595/58 1428/597/58
f 1426/596/58 1428/597/58 1427/598/58
f 1434/585/58 1444/584/58 1435/599/58
f 1435/599/58 1444/584/58 1443/600/58
f 1435/599/58 1443/600/58 1436/601/58
f 1436/601/58 1443/600/58 1442/602/58
f 1436/601/58 1442/602/58 1437/603/58
f 1437/603/58 1442/602/58 1441/604/58
f 1437/603/58 1441/604/58 1438/605/58
f 1438/605/58 1441/604/58 1440/606/58
f 1438/605/58 1440/606/58 1439/607/58
f 1470/535/352 1516/536/352 1469/537/323
f 1469/537/323 1516/536/355 1493/538/323
f 1469/539/324 1493/540/324 1492/541/356
f 1492/541/356 1493/540/324 1494/542/356
f 1492/541/356 1494/542/356 1491/543/327
f 1491/543/327 1494/542/326 1495/544/327
f 1491/543/331 1495/544/331 1490/545/329
f 1490/545/329 1495/544/331 1496/546/329
f 1490/545/334 1496/546/334 1489/547/332
f 1489/547/332 1496/546/334 1497/548/332
f 1489/547/337 1497/548/337 1488/549/336
f 1488/549/336 1497/548/337 1498/550/336
f 1488/549/338 1498/550/338 1487/551/139
f 1487/551/139 1498/550/338 1499/552/139
f 1487/551/141 1499/552/141 1486/553/339
f 1486/553/339 1499/552/141 1500/554/339
f 1486/553/340 1500/554/340 1485/555/341
f 1485/555/341 1500/554/340 1501/556/341
f 1485/555/346 1501/556/346 1484/557/442
f 1484/557/442 1501/556/346 1502/558/442
f 1484/557/349 1502/558/349 1483/559/347
f 1483/559/347 1502/558/349 1503/560/347
f 1483/559/350 1503/560/350 1482/561/351
f 1482/561/441 1503/560/350 1504/562/441
f 1482/561/288 1504/562/288 1481/563/289
f 1481/563/289 1504/562/288 1505/224/289
f 1481/563/290 1505/224/290 1480/564/291
f 1480/564/291 1505/224/290 1506/565/291
f 1480/564/292 1506/565/292 1479/566/293
f 1479/566/293 1506/565/353 1507/567/293
f 1479/566/294 1507/567/294 1478/568/296
f 1478/568/296 1507/567/294 1508/569/296
f 1478/568/386 1508/569/386 1477/570/300
f 1477/570/300 1508/569/386 1509/571/300
f 1477/570/301 1509/571/301 1476/572/302
f 1476/572/302 1509/571/301 1510/573/302
f 1476/572/304 1510/573/304 1475/574/360
f 1475/574/360 1510/573/304 1511/575/360
f 1475/574/363 1511/575/363 1474/576/308
f 1474/576/308 1511/575/363 1512/577/308
f 1474/576/313 1512/577/313 1473/578/312
f 1473/578/312 1512/577/313 1513/579/312
f 1473/578/314 1513/579/314 1472/580/316
f 1472/580/316 1513/579/314 1514/581/316
f 1472/580/317 1514/581/317 1471/582/319
f 1471/582/319 1514/581/317 1515/583/319
f 1471/582/320 1515/583/320 1470/535/352
f 1470/535/321 1515/583/320 1516/536/321
f 1492/584/58 1482/585/58 1469/586/58
f 1469/586/58 1482/585/58 1481/587/58
f 1469/586/58 1481/587/58 1470/588/58
f 1470/588/58 1481/587/58 1480/589/58
f 1470/588/58 1480/589/58 1471/590/58
f 1471/590/58 1480/589/58 1479/591/58
f 1471/590/58 1479/591/58 1472/592/58
f 1472/592/58 1479/591/58 1478/593/58
f 1472/592/58 1478/593/58 1473/594/58
f 1473/594/443 1478/593/443 1477/595/443
f 1473/594/58 1477/595/58 1474/596/58
f 1474/596/58 1477/595/58 1476/597/58
f 1474/596/58 1476/597/58 1475/598/58
f 1482/585/58 1492/584/58 1483/599/58
f 1483/599/58 1492/584/58 1491/600/58
f 1483/599/58 1491/600/58 1484/601/58
f 1484/601/58 1491/600/58 1490/602/58
f 1484/601/58 1490/602/58 1485/603/58
f 1485/603/58 1490/602/58 1489/604/58
f 1485/603/58 1489/604/58 1486/605/58
f 1486/605/58 1489/604/58 1488/606/58
f 1486/605/58 1488/606/58 1487/607/58
f 1518/535/352 1564/536/352 1517/537/323
f 1517/537/323 1564/536/352 1541/538/323
f 1517/539/324 1541/540/324 1540/541/325
f 1540/541/356 1541/540/324 1542/542/356
f 1540/541/326 1542/542/326 1539/543/327
f 1539/543/327 1542/542/356 1543/544/327
f 1539/543/331 1543/544/331 1538/545/329
f 1538/545/329 1543/544/331 1544/546/329
f 1538/545/334 1544/546/334 1537/547/332
f 1537/547/332 1544/546/334 1545/548/332
f 1537/547/337 1545/548/337 1536/549/336
f 1536/549/336 1545/548/337 1546/550/336
f 1536/549/338 1546/550/338 1535/551/139
f 1535/551/139 1546/550/338 1547/552/139
f 1535/551/141 1547/552/141 1534/553/339
f 1534/553/339 1547/552/141 1548/554/339
f 1534/553/340 1548/554/340 1533/555/341
f 1533/555/341 1548/554/340 1549/556/341
f 1533/555/346 1549/556/346 1532/557/442
f 1532/557/442 1549/556/346 1550/558/442
f 1532/557/349 1550/558/349 1531/559/347
f 1531/559/347 1550/558/349 1551/560/347
f 1531/559/350 1551/560/350 1530/561/441
f 1530/561/351 1551/560/350 1552/562/351
f 1530/561/358 1552/562/358 1529/563/289
f 1529/563/289 1552/562/358 1553/224/289
f 1529/563/290 1553/224/290 1528/564/380
f 1528/564/380 1553/224/290 1554/565/380
f 1528/564/353 1554/565/353 1527/566/293
f 1527/566/293 1554/565/292 1555/567/293
f 1527/566/294 1555/567/294 1526/568/296
f 1526/568/296 1555/567/294 1556/569/296
f 1526/568/386 1556/569/386 1525/570/300
f 1525/570/300 1556/569/386 1557/571/300
f 1525/570/301 1557/571/301 1524/572/302
f 1524/572/302 1557/571/299 1558/573/302
f 1524/572/361 1558/573/361 1523/574/55
f 1523/574/305 1558/573/304 1559/575/305
f 1523/574/309 1559/575/309 1522/576/308
f 1522/576/362 1559/575/55 1560/577/362
f 1522/576/313 1560/577/313 1521/578/311
f 1521/578/312 1560/577/313 1561/579/312
f 1521/578/314 1561/579/314 1520/580/316
f 1520/580/316 1561/579/314 1562/581/316
f 1520/580/317 1562/581/317 1519/582/319
f 1519/582/319 1562/581/317 1563/583/319
f 1519/582/320 1563/583/320 1518/535/321
f 1518/535/352 1563/583/320 1564/536/352
f 1540/584/58 1530/585/58 1517/586/58
f 1517/586/58 1530/585/58 1529/587/58
f 1517/586/58 1529/587/58 1518/588/58
f 1518/588/58 1529/587/58 1528/589/58
f 1518/588/58 1528/589/58 1519/590/58
f 1519/590/58 1528/589/58 1527/591/58
f 1519/590/58 1527/591/58 1520/592/58
f 1520/592/58 1527/591/58 1526/593/58
f 1520/592/58 1526/593/58 1521/594/58
f 1521/594/443 1526/593/443 1525/595/443
f 1521/594/58 1525/595/58 1522/596/58
f 1522/596/58 1525/595/58 1524/597/58
f 1522/596/444 1524/597/444 1523/598/444
f 1530/585/58 1540/584/58 1531/599/58
f 1531/599/58 1540/584/58 1539/600/58
f 1531/599/58 1539/600/58 1532/601/58
f 1532/601/58 1539/600/58 1538/602/58
f 1532/601/58 1538/602/58 1533/603/58
f 1533/603/58 1538/602/58 1537/604/58
f 1533/603/58 1537/604/58 1534/605/58
f 1534/605/58 1537/604/58 1536/606/58
f 1534/605/58 1536/606/58 1535/607/58
f 1566/535/352 1612/536/352 1565/537/323
f 1565/537/323 1612/536/355 1589/538/323
f 1565/539/324 1589/540/324 1588/541/356
f 1588/541/356 1589/540/324 1590/542/356
f 1588/541/326 1590/542/326 1587/543/327
f 1587/543/328 1590/542/326 1591/544/328
f 1587/543/331 1591/544/331 1586/545/329
f 1586/545/329 1591/544/331 1592/546/329
f 1586/545/334 1592/546/334 1585/547/332
f 1585/547/332 1592/546/334 1593/548/332
f 1585/547/337 1593/548/337 1584/549/336
f 1584/549/336 1593/548/337 1594/550/336
f 1584/549/338 1594/550/338 1583/551/139
f 1583/551/139 1594/550/338 1595/552/139
f 1583/551/141 1595/552/141 1582/553/339
f 1582/553/339 1595/552/141 1596/554/339
f 1582/553/340 1596/554/340 1581/555/341
f 1581/555/341 1596/554/340 1597/556/341
f 1581/555/346 1597/556/346 1580/557/442
f 1580/557/442 1597/556/346 1598/558/442
f 1580/557/349 1598/558/349 1579/559/347
f 1579/559/347 1598/558/349 1599/560/347
f 1579/559/348 1599/560/348 1578/561/351
f 1578/561/351 1599/560/350 1600/562/351
f 1578/561/288 1600/562/288 1577/563/289
f 1577/563/289 1600/562/288 1601/224/289
f 1577/563/290 1601/224/290 1576/564/291
f 1576/564/291 1601/224/290 1602/565/291
f 1576/564/292 1602/565/292 1575/566/297
f 1575/566/293 1602/565/292 1603/567/293
f 1575/566/294 1603/567/294 1574/568/296
f 1574/568/296 1603/567/294 1604/569/296
f 1574/568/386 1604/569/386 1573/570/300
f 1573/570/300 1604/569/386 1605/571/300
f 1573/570/301 1605/571/301 1572/572/302
f 1572/572/302 1605/571/301 1606/573/302
f 1572/572/304 1606/573/304 1571/574/360
f 1571/574/360 1606/573/304 1607/575/360
f 1571/574/363 1607/575/363 1570/576/308
f 1570/576/308 1607/575/363 1608/577/308
f 1570/576/313 1608/577/313 1569/578/312
f 1569/578/312 1608/577/313 1609/579/312
f 1569/578/314 1609/579/314 1568/580/316
f 1568/580/316 1609/579/314 1610/581/316
f 1568/580/317 1610/581/317 1567/582/319
f 1567/582/319 1610/581/317 1611/583/319
f 1567/582/320 1611/583/320 1566/535/321
f 1566/535/321 1611/583/318 1612/536/321
f 1588/584/58 1578/585/58 1565/586/58
f 1565/586/58 1578/585/58 1577/587/58
f 1565/586/58 1577/587/58 1566/588/58
f 1566/588/58 1577/587/58 1576/589/58
f 1566/588/58 1576/589/58 1567/590/58
f 1567/590/58 1576/589/58 1575/591/58
f 1567/590/58 1575/591/58 1568/592/58
f 1568/592/58 1575/591/58 1574/593/58
f 1568/592/58 1574/593/58 1569/594/58
f 1569/594/58 1574/593/58 1573/595/58
f 1569/594/58 1573/595/58 1570/596/58
f 1570/596/58 1573/595/58 1572/597/58
f 1570/596/58 1572/597/58 1571/598/58
f 1578/585/58 1588/584/58 1579/599/58
f 1579/599/58 1588/584/58 1587/600/58
f 1579/599/58 1587/600/58 1580/601/58
f 1580/601/58 1587/600/58 1586/602/58
f 1580/601/58 1586/602/58 1581/603/58
f 1581/603/58 1586/602/58 1585/604/58
f 1581/603/58 1585/604/58 1582/605/58
f 1582/605/58 1585/604/58 1584/606/58
f 1582/605/58 1584/606/58 1583/607/58
f 1614/535/445 1660/536/445 1613/537/446
f 1613/537/54 1660/536/447 1637/538/54
f 1613/539/54 1637/540/54 1636/541/448
f 1636/541/449 1637/540/450 1638/542/449
f 1636/541/451 1638/542/451 1635/543/452
f 1635/543/452 1638/542/451 1639/544/452
f 1635/543/453 1639/544/453 1634/545/454
f 1634/545/454 1639/544/453 1640/546/454
f 1634/545/455 1640/546/455 1633/547/456
f 1633/547/456 1640/546/455 1641/548/456
f 1633/547/457 1641/548/457 1632/549/458
f 1632/549/458 1641/548/457 1642/550/458
f 1632/549/459 1642/550/459 1631/551/460
f 1631/551/460 1642/550/459 1643/552/460
f 1631/551/461 1643/552/461 1630/553/462
f 1630/553/462 1643/552/461 1644/554/462
f 1630/553/463 1644/554/463 1629/555/464
f 1629/555/464 1644/554/463 1645/556/464
f 1629/555/465 1645/556/465 1628/557/466
f 1628/557/466 1645/556/465 1646/558/466
f 1628/557/467 1646/558/467 1627/559/468
f 1627/559/468 1646/558/467 1647/560/468
f 1627/559/469 1647/560/469 1626/561/470
f 1626/561/470 1647/560/469 1648/562/470
f 1626/561/471 1648/562/471 1625/563/472
f 1625/563/472 1648/562/471 1649/224/472
f 1625/563/473 1649/224/473 1624/564/474
f 1624/564/474 1649/224/473 1650/565/474
f 1624/564/475 1650/565/475 1623/566/476
f 1623/566/476 1650/565/475 1651/567/476
f 1623/566/477 1651/567/477 1622/568/478
f 1622/568/478 1651/567/477 1652/569/478
f 1622/568/479 1652/569/479 1621/570/480
f 1621/570/480 1652/569/479 1653/571/480
f 1621/570/481 1653/571/481 1620/572/482
f 1620/572/482 1653/571/483 1654/573/482
f 1620/572/484 1654/573/484 1619/574/485
f 1619/574/485 1654/573/484 1655/575/485
f 1619/574/486 1655/575/486 1618/576/487
f 1618/576/487 1655/575/486 1656/577/487
f 1618/576/488 1656/577/488 1617/578/489
f 1617/578/489 1656/577/488 1657/579/489
f 1617/578/490 1657/579/490 1616/580/491
f 1616/580/491 1657/579/490 1658/581/491
f 1616/580/492 1658/581/492 1615/582/493
f 1615/582/493 1658/581/492 1659/583/493
f 1615/582/494 1659/583/494 1614/535/495
f 1614/535/495 1659/583/494 1660/536/495
f 1636/584/55 1626/585/55 1613/586/55
f 1613/586/55 1626/585/55 1625/587/55
f 1613/586/55 1625/587/55 1614/588/55
f 1614/588/55 1625/587/55 1624/589/55
f 1614/588/55 1624/589/55 1615/590/55
f 1615/590/55 1624/589/55 1623/591/55
f 1615/590/55 1623/591/55 1616/592/55
f 1616/592/55 1623/591/55 1622/593/55
f 1616/592/55 1622/593/55 1617/594/55
f 1617/594/55 1622/593/55 1621/595/55
f 1617/594/55 1621/595/55 1618/596/55
f 1618/596/55 1621/595/55 1620/597/55
f 1618/596/55 1620/597/55 1619/598/55
f 1626/585/55 1636/584/55 1627/599/55
f 1627/599/55 1636/584/55 1635/600/55
f 1627/599/55 1635/600/55 1628/601/55
f 1628/601/55 1635/600/55 1634/602/55
f 1628/601/55 1634/602/55 1629/603/55
f 1629/603/55 1634/602/55 1633/604/55
f 1629/603/55 1633/604/55 1630/605/55
f 1630/605/55 1633/604/55 1632/606/55
f 1630/605/55 1632/606/55 1631/607/55
f 1662/535/447 1708/536/447 1661/537/446
f 1661/537/446 1708/536/447 1685/538/446
f 1661/539/450 1685/540/450 1684/541/448
f 1684/541/449 1685/540/450 1686/542/449
f 1684/541/451 1686/542/451 1683/543/452
f 1683/543/452 1686/542/451 1687/544/452
f 1683/543/453 1687/544/453 1682/545/454
f 1682/545/454 1687/544/453 1688/546/454
f 1682/545/455 1688/546/455 1681/547/456
f 1681/547/456 1688/546/455 1689/548/456
f 1681/547/457 1689/548/457 1680/549/458
f 1680/549/458 1689/548/457 1690/550/458
f 1680/549/459 1690/550/459 1679/551/460
f 1679/551/460 1690/550/459 1691/552/460
f 1679/551/461 1691/552/461 1678/553/462
f 1678/553/462 1691/552/461 1692/554/462
f 1678/553/463 1692/554/463 1677/555/464
f 1677/555/464 1692/554/463 1693/556/464
f 1677/555/465 1693/556/465 1676/557/466
f 1676/557/466 1693/556/465 1694/558/466
f 1676/557/467 1694/558/467 1675/559/468
f 1675/559/468 1694/558/467 1695/560/468
f 1675/559/469 1695/560/469 1674/561/470
f 1674/561/470 1695/560/469 1696/562/470
f 1674/561/471 1696/562/471 1673/563/472
f 1673/563/472 1696/562/471 1697/224/472
f 1673/563/473 1697/224/473 1672/564/474
f 1672/564/474 1697/224/473 1698/565/474
f 1672/564/475 1698/565/475 1671/566/476
f 1671/566/476 1698/565/475 1699/567/476
f 1671/566/477 1699/567/477 1670/568/478
f 1670/568/478 1699/567/477 1700/569/478
f 1670/568/479 1700/569/479 1669/570/480
f 1669/570/480 1700/569/479 1701/571/480
f 1669/570/483 1701/571/483 1668/572/482
f 1668/572/482 1701/571/483 1702/573/482
f 1668/572/484 1702/573/484 1667/574/485
f 1667/574/485 1702/573/484 1703/575/485
f 1667/574/486 1703/575/486 1666/576/487
f 1666/576/487 1703/575/486 1704/577/487
f 1666/576/488 1704/577/488 1665/578/489
f 1665/578/489 1704/577/488 1705/579/489
f 1665/578/490 1705/579/490 1664/580/491
f 1664/580/491 1705/579/490 1706/581/491
f 1664/580/492 1706/581/492 1663/582/493
f 1663/582/493 1706/581/492 1707/583/493
f 1663/582/494 1707/583/494 1662/535/495
f 1662/535/495 1707/583/494 1708/536/495
f 1684/584/55 1674/585/55 1661/586/55
f 1661/586/55 1674/585/55 1673/587/55
f 1661/586/55 1673/587/55 1662/588/55
f 1662/588/55 1673/587/55 1672/589/55
f 1662/588/55 1672/589/55 1663/590/55
f 1663/590/55 1672/589/55 1671/591/55
f 1663/590/55 1671/591/55 1664/592/55
f 1664/592/55 1671/591/55 1670/593/55
f 1664/592/55 1670/593/55 1665/594/55
f 1665/594/55 1670/593/55 1669/595/55
f 1665/594/55 1669/595/55 1666/596/55
f 1666/596/55 1669/595/55 1668/597/55
f 1666/596/55 1668/597/55 1667/598/55
f 1674/585/55 1684/584/55 1675/599/55
f 1675/599/55 1684/584/55 1683/600/55
f 1675/599/55 1683/600/55 1676/601/55
f 1676/601/55 1683/600/55 1682/602/55
f 1676/601/55 1682/602/55 1677/603/55
f 1677/603/55 1682/602/55 1681/604/55
f 1677/603/55 1681/604/55 1678/605/55
f 1678/605/55 1681/604/55 1680/606/55
f 1678/605/55 1680/606/55 1679/607/55
f 1710/1064/496 1756/536/496 1709/1065/473
f 1709/1065/473 1756/536/496 1733/538/473
f 1709/1066/472 1733/540/472 1732/1067/497
f 1732/1067/497 1733/540/472 1734/542/497
f 1732/1067/470 1734/542/470 1731/1068/469
f 1731/1068/469 1734/542/470 1735/544/469
f 1731/1068/468 1735/544/468 1730/1069/498
f 1730/1069/467 1735/544/499 1736/546/467
f 1730/1069/466 1736/546/466 1729/1070/465
f 1729/1070/465 1736/546/466 1737/548/465
f 1729/1070/464 1737/548/464 1728/1071/463
f 1728/1071/463 1737/548/464 1738/550/463
f 1728/1071/462 1738/550/462 1727/1072/461
f 1727/1072/461 1738/550/462 1739/552/461
f 1727/1072/460 1739/552/460 1726/1073/459
f 1726/1073/459 1739/552/460 1740/554/459
f 1726/1073/458 1740/554/458 1725/1074/457
f 1725/1074/457 1740/554/458 1741/556/457
f 1725/1074/500 1741/556/500 1724/1075/455
f 1724/1075/501 1741/556/456 1742/558/501
f 1724/1075/454 1742/558/454 1723/1076/453
f 1723/1076/453 1742/558/501 1743/560/453
f 1723/1076/452 1743/560/452 1722/1077/451
f 1722/1077/451 1743/560/452 1744/562/451
f 1722/1077/449 1744/562/449 1721/1078/450
f 1721/1078/450 1744/562/448 1745/224/450
f 1721/1078/446 1745/224/446 1720/1079/447
f 1720/1079/445 1745/224/446 1746/1080/445
f 1720/1079/495 1746/1080/495 1719/1081/494
f 1719/1081/494 1746/1080/495 1747/567/494
f 1719/1081/493 1747/567/493 1718/1082/502
f 1718/1082/502 1747/567/493 1748/569/502
f 1718/1082/503 1748/569/503 1717/1083/490
f 1717/1083/504 1748/569/491 1749/571/504
f 1717/1083/489 1749/571/489 1716/1084/488
f 1716/1084/488 1749/571/489 1750/1085/488
f 1716/1084/487 1750/1085/487 1715/1086/486
f 1715/1086/486 1750/1085/487 1751/575/486
f 1715/1086/485 1751/575/485 1714/1087/484
f 1714/1087/484 1751/575/485 1752/577/484
f 1714/1087/482 1752/577/482 1713/1088/483
f 1713/1088/483 1752/577/482 1753/579/483
f 1713/1088/480 1753/579/480 1712/1089/505
f 1712/1089/505 1753/579/480 1754/581/505
f 1712/1089/506 1754/581/506 1711/1090/477
f 1711/1090/477 1754/581/506 1755/583/477
f 1711/1090/476 1755/583/476 1710/1064/475
f 1710/1064/475 1755/583/476 1756/536/475
f 1732/584/57 1722/585/57 1709/586/57
f 1709/586/57 1722/585/57 1721/587/57
f 1709/586/57 1721/587/57 1710/588/57
f 1710/588/57 1721/587/57 1720/589/57
f 1710/588/57 1720/589/57 1711/590/57
f 1711/590/57 1720/589/57 1719/591/57
f 1711/590/57 1719/591/57 1712/592/57
f 1712/592/57 1719/591/57 1718/593/57
f 1712/592/57 1718/593/57 1713/594/57
f 1713/594/57 1718/593/57 1717/595/57
f 1713/594/57 1717/595/57 1714/596/57
f 1714/596/57 1717/595/57 1716/597/57
f 1714/596/57 1716/597/57 1715/598/57
f 1722/585/57 1732/584/57 1723/599/57
f 1723/599/57 1732/584/57 1731/600/57
f 1723/599/57 1731/600/57 1724/601/57
f 1724/601/57 1731/600/57 1730/602/57
f 1724/601/57 1730/602/57 1725/603/57
f 1725/603/57 1730/602/57 1729/604/57
f 1725/603/57 1729/604/57 1726/605/57
f 1726/605/57 1729/604/57 1728/606/57
f 1726/605/57 1728/606/57 1727/607/57
f 1758/1064/496 1804/536/496 1757/1065/473
f 1757/1065/473 1804/536/496 1781/538/473
f 1757/1066/472 1781/540/472 1780/1067/497
f 1780/1067/497 1781/540/472 1782/542/497
f 1780/1067/470 1782/542/470 1779/1068/469
f 1779/1068/469 1782/542/470 1783/544/469
f 1779/1068/468 1783/544/468 1778/1069/498
f 1778/1069/467 1783/544/468 1784/546/467
f 1778/1069/466 1784/546/466 1777/1070/465
f 1777/1070/465 1784/546/466 1785/548/465
f 1777/1070/464 1785/548/464 1776/1071/463
f 1776/1071/463 1785/548/464 1786/550/463
f 1776/1071/462 1786/550/462 1775/1072/461
f 1775/1072/461 1786/550/462 1787/552/461
f 1775/1072/460 1787/552/460 1774/1073/459
f 1774/1073/459 1787/552/460 1788/554/459
f 1774/1073/458 1788/554/458 1773/1074/457
f 1773/1074/457 1788/554/458 1789/556/457
f 1773/1074/456 1789/556/456 1772/1075/455
f 1772/1075/501 1789/556/456 1790/558/501
f 1772/1075/501 1790/558/501 1771/1076/453
f 1771/1076/453 1790/558/454 1791/560/453
f 1771/1076/452 1791/560/452 1770/1077/451
f 1770/1077/451 1791/560/452 1792/562/451
f 1770/1077/448 1792/562/448 1769/1078/450
f 1769/1078/450 1792/562/507 1793/224/450
f 1769/1078/446 1793/224/446 1768/1079/447
f 1768/1079/447 1793/224/446 1794/1080/447
f 1768/1079/495 1794/1080/495 1767/1081/494
f 1767/1081/494 1794/1080/495 1795/567/494
f 1767/1081/493 1795/567/493 1766/1082/502
f 1766/1082/502 1795/567/493 1796/569/502
f 1766/1082/503 1796/569/503 1765/1083/490
f 1765/1083/490 1796/569/491 1797/571/490
f 1765/1083/489 1797/571/489 1764/1084/488
f 1764/1084/488 1797/571/489 1798/1085/488
f 1764/1084/487 1798/1085/487 1763/1086/486
f 1763/1086/486 1798/1085/487 1799/575/486
f 1763/1086/485 1799/575/485 1762/1087/484
f 1762/1087/484 1799/575/485 1800/577/484
f 1762/1087/482 1800/577/482 1761/1088/483
f 1761/1088/483 1800/577/482 1801/579/483
f 1761/1088/480 1801/579/480 1760/1089/505
f 1760/1089/505 1801/579/480 1802/581/505
f 1760/1089/506 1802/581/506 1759/1090/477
f 1759/1090/477 1802/581/506 1803/583/477
f 1759/1090/476 1803/583/476 1758/1064/475
f 1758/1064/475 1803/583/476 1804/536/475
f 1780/584/57 1770/585/57 1757/586/57
f 1757/586/57 1770/585/57 1769/587/57
f 1757/586/57 1769/587/57 1758/588/57
f 1758/588/57 1769/587/57 1768/589/57
f 1758/588/57 1768/589/57 1759/590/57
f 1759/590/57 1768/589/57 1767/591/57
f 1759/590/57 1767/591/57 1760/592/57
f 1760/592/57 1767/591/57 1766/593/57
f 1760/592/57 1766/593/57 1761/594/57
f 1761/594/57 1766/593/57 1765/595/57
f 1761/594/57 1765/595/57 1762/596/57
f 1762/596/57 1765/595/57 1764/597/57
f 1762/596/57 1764/597/57 1763/598/57
f 1770/585/57 1780/584/57 1771/599/57
f 1771/599/57 1780/584/57 1779/600/57
f 1771/599/57 1779/600/57 1772/601/57
f 1772/601/57 1779/600/57 1778/602/57
f 1772/601/57 1778/602/57 1773/603/57
f 1773/603/57 1778/602/57 1777/604/57
f 1773/603/57 1777/604/57 1774/605/57
f 1774/605/57 1777/604/57 1776/606/57
f 1774/605/57 1776/606/57 1775/607/57
f 1806/1064/474 1852/536/474 1805/1065/473
f 1805/1065/473 1852/536/474 1829/538/473
f 1805/1066/472 1829/540/472 1828/1067/471
f 1828/1067/471 1829/540/472 1830/542/471
f 1828/1067/470 1830/542/470 1827/1068/469
f 1827/1068/469 1830/542/470 1831/544/469
f 1827/1068/468 1831/544/468 1826/1069/498
f 1826/1069/467 1831/544/499 1832/546/467
f 1826/1069/466 1832/546/466 1825/1091/465
f 1825/1091/465 1832/546/466 1833/1092/465
f 1825/1091/464 1833/1092/464 1824/1071/463
f 1824/1071/463 1833/1092/464 1834/550/463
f 1824/1071/462 1834/550/462 1823/1072/461
f 1823/1072/461 1834/550/462 1835/552/461
f 1823/1072/460 1835/552/460 1822/1073/459
f 1822/1073/459 1835/552/460 1836/554/459
f 1822/1073/458 1836/554/458 1821/1074/457
f 1821/1074/457 1836/554/458 1837/556/457
f 1821/1074/500 1837/556/500 1820/1075/455
f 1820/1075/501 1837/556/456 1838/558/501
f 1820/1075/454 1838/558/454 1819/1076/453
f 1819/1076/453 1838/558/501 1839/560/453
f 1819/1076/452 1839/560/452 1818/1077/451
f 1818/1077/451 1839/560/452 1840/562/451
f 1818/1077/449 1840/562/449 1817/1078/450
f 1817/1078/450 1840/562/448 1841/224/450
f 1817/1078/446 1841/224/446 1816/1079/447
f 1816/1079/445 1841/224/446 1842/565/445
f 1816/1079/495 1842/565/495 1815/1081/494
f 1815/1081/494 1842/565/495 1843/1093/494
f 1815/1081/493 1843/1093/493 1814/1082/503
f 1814/1082/492 1843/1093/508 1844/1094/492
f 1814/1082/491 1844/1094/491 1813/1083/490
f 1813/1083/490 1844/1094/491 1845/571/490
f 1813/1083/489 1845/571/489 1812/1084/488
f 1812/1084/488 1845/571/489 1846/573/488
f 1812/1084/487 1846/573/487 1811/1086/486
f 1811/1086/486 1846/573/487 1847/575/486
f 1811/1086/485 1847/575/485 1810/1087/484
f 1810/1087/484 1847/575/485 1848/577/484
f 1810/1087/482 1848/577/482 1809/1095/483
f 1809/1095/483 1848/577/482 1849/1096/483
f 1809/1095/480 1849/1096/480 1808/1089/509
f 1808/1089/479 1849/1096/480 1850/581/479
f 1808/1089/478 1850/581/478 1807/1090/510
f 1807/1090/477 1850/581/479 1851/583/477
f 1807/1090/476 1851/583/476 1806/1064/475
f 1806/1064/475 1851/583/476 1852/536/475
f 1828/584/57 1818/585/57 1805/586/57
f 1805/586/57 1818/585/57 1817/587/57
f 1805/586/57 1817/587/57 1806/588/57
f 1806/588/57 1817/587/57 1816/589/57
f 1806/588/57 1816/589/57 1807/590/57
f 1807/590/57 1816/589/57 1815/591/57
f 1807/590/57 1815/591/57 1808/592/57
f 1808/592/57 1815/591/57 1814/593/57
f 1808/592/57 1814/593/57 1809/594/57
f 1809/594/57 1814/593/57 1813/595/57
f 1809/594/57 1813/595/57 1810/596/57
f 1810/596/57 1813/595/57 1812/597/57
f 1810/596/57 1812/597/57 1811/598/57
f 1818/585/57 1828/584/57 1819/599/57
f 1819/599/57 1828/584/57 1827/600/57
f 1819/599/57 1827/600/57 1820/601/57
f 1820/601/57 1827/600/57 1826/602/57
f 1820/601/57 1826/602/57 1821/603/57
f 1821/603/57 1826/602/57 1825/604/57
f 1821/603/57 1825/604/57 1822/605/57
f 1822/605/57 1825/604/57 1824/606/57
f 1822/605/57 1824/606/57 1823/607/57
f 1854/1064/474 1900/536/474 1853/1065/473
f 1853/1065/473 1900/536/474 1877/538/473
f 1853/1066/472 1877/540/472 1876/1067/471
f 1876/1067/471 1877/540/472 1878/542/471
f 1876/1067/470 1878/542/470 1875/1068/469
f 1875/1068/469 1878/542/470 1879/544/469
f 1875/1068/468 1879/544/468 1874/1069/498
f 1874/1069/467 1879/544/468 1880/546/467
f 1874/1069/466 1880/546/466 1873/1070/465
f 1873/1070/465 1880/546/466 1881/548/465
f 1873/1070/464 1881/548/464 1872/1071/463
f 1872/1071/463 1881/548/464 1882/550/463
f 1872/1071/462 1882/550/462 1871/1072/461
f 1871/1072/461 1882/550/462 1883/552/461
f 1871/1072/460 1883/552/460 1870/1073/459
f 1870/1073/459 1883/552/460 1884/554/459
f 1870/1073/458 1884/554/458 1869/1074/457
f 1869/1074/457 1884/554/458 1885/556/457
f 1869/1074/456 1885/556/456 1868/1075/455
f 1868/1075/501 1885/556/456 1886/558/501
f 1868/1075/501 1886/558/501 1867/1076/453
f 1867/1076/453 1886/558/454 1887/560/453
f 1867/1076/452 1887/560/452 1866/1077/451
f 1866/1077/451 1887/560/452 1888/562/451
f 1866/1077/448 1888/562/448 1865/1078/450
f 1865/1078/450 1888/562/507 1889/224/450
f 1865/1078/446 1889/224/446 1864/1079/511
f 1864/1079/447 1889/224/446 1890/1080/447
f 1864/1079/495 1890/1080/495 1863/1081/494
f 1863/1081/494 1890/1080/495 1891/567/494
f 1863/1081/493 1891/567/493 1862/1082/492
f 1862/1082/492 1891/567/493 1892/1094/492
f 1862/1082/491 1892/1094/491 1861/1083/490
f 1861/1083/490 1892/1094/491 1893/844/490
f 1861/1083/489 1893/844/489 1860/1084/488
f 1860/1084/488 1893/844/489 1894/1085/488
f 1860/1084/487 1894/1085/487 1859/1086/486
f 1859/1086/486 1894/1085/487 1895/575/486
f 1859/1086/485 1895/575/485 1858/1087/484
f 1858/1087/484 1895/575/485 1896/577/484
f 1858/1087/482 1896/577/482 1857/1088/483
f 1857/1088/483 1896/577/482 1897/579/483
f 1857/1088/480 1897/579/480 1856/1089/479
f 1856/1089/479 1897/579/480 1898/581/479
f 1856/1089/478 1898/581/478 1855/1090/477
f 1855/1090/477 1898/581/478 1899/583/477
f 1855/1090/476 1899/583/476 1854/1064/475
f 1854/1064/475 1899/583/476 1900/536/475
f 1876/584/57 1866/585/57 1853/586/57
f 1853/586/57 1866/585/57 1865/587/57
f 1853/586/57 1865/587/57 1854/588/57
f 1854/588/57 1865/587/57 1864/589/57
f 1854/588/57 1864/589/57 1855/590/57
f 1855/590/57 1864/589/57 1863/591/57
f 1855/590/57 1863/591/57 1856/592/57
f 1856/592/57 1863/591/57 1862/593/57
f 1856/592/57 1862/593/57 1857/594/57
f 1857/594/57 1862/593/57 1861/595/57
f 1857/594/57 1861/595/57 1858/596/57
f 1858/596/57 1861/595/57 1860/597/57
f 1858/596/57 1860/597/57 1859/598/57
f 1866/585/57 1876/584/57 1867/599/57
f 1867/599/57 1876/584/57 1875/600/57
f 1867/599/57 1875/600/57 1868/601/57
f 1868/601/57 1875/600/57 1874/602/57
f 1868/601/57 1874/602/57 1869/603/57
f 1869/603/57 1874/602/57 1873/604/57
f 1869/603/57 1873/604/57 1870/605/57
f 1870/605/57 1873/604/57 1872/606/57
f 1870/605/57 1872/606/57 1871/607/57
f 281/1097/54 1901/448/54 278/1098/54
f 278/1098/54 1901/448/54 657/491/54
f 278/1098/54 657/491/54 656/492/54
f 1902/435/54 664/452/54 1901/448/54
f 1901/448/54 664/452/54 663/453/54
f 1901/448/54 663/453/54 662/454/54
f 1903/224/54 524/528/54 1902/435/54
f 1902/435/54 524/528/54 523/529/54
f 1902/435/54 523/529/54 599/519/54
f 599/519/54 523/529/54 600/518/54
f 600/518/54 523/529/54 522/530/54
f 600/518/54 522/530/54 601/517/54
f 601/517/54 522/530/54 521/531/54
f 601/517/54 521/531/54 602/516/54
f 602/516/54 521/531/54 520/439/54
f 602/516/54 520/439/54 603/515/54
f 603/515/54 520/439/54 519/440/54
f 603/515/54 519/440/54 518/441/54
f 162/444/54 509/445/54 1903/224/54
f 1903/224/54 509/445/54 508/446/54
f 1903/224/54 508/446/54 507/447/54
f 161/1099/54 279/1100/54 162/444/54
f 162/444/54 279/1100/54 559/521/54
f 162/444/54 559/521/54 558/522/54
f 278/1098/54 566/500/54 279/1100/54
f 279/1100/54 566/500/54 565/498/54
f 279/1100/54 565/498/54 564/496/54
f 502/443/54 501/527/54 1903/224/54
f 1903/224/54 501/527/54 524/528/54
f 603/515/54 518/441/54 604/514/54
f 604/514/54 518/441/54 517/512/54
f 604/514/54 517/512/54 605/513/54
f 605/513/54 517/512/54 606/464/54
f 606/464/54 517/512/54 516/466/54
f 606/464/54 516/466/54 570/465/54
f 570/465/54 516/466/54 571/467/54
f 571/467/54 516/466/54 515/468/54
f 571/467/54 515/468/54 572/469/54
f 572/469/54 515/468/54 514/470/54
f 572/469/54 514/470/54 549/471/54
f 549/471/54 514/470/54 513/472/54
f 549/471/54 513/472/54 550/473/54
f 550/473/54 513/472/54 512/474/54
f 550/473/54 512/474/54 551/475/54
f 551/475/54 512/474/54 511/476/54
f 551/475/54 511/476/54 552/477/54
f 552/477/54 511/476/54 510/478/54
f 552/477/54 510/478/54 553/479/54
f 553/479/54 510/478/54 509/445/54
f 553/479/54 509/445/54 162/444/54
f 507/447/54 506/532/54 1903/224/54
f 1903/224/54 506/532/54 505/533/54
f 1903/224/54 505/533/54 504/534/54
f 504/534/54 503/442/54 1903/224/54
f 1903/224/54 503/442/54 502/443/54
f 606/464/54 570/465/54 648/463/54
f 648/463/54 570/465/54 569/505/54
f 648/463/54 569/505/54 649/506/54
f 649/506/54 569/505/54 568/503/54
f 649/506/54 568/503/54 650/504/54
f 650/504/54 568/503/54 278/1098/54
f 650/504/54 278/1098/54 651/501/54
f 651/501/54 278/1098/54 652/499/54
f 652/499/54 278/1098/54 653/497/54
f 653/497/54 278/1098/54 654/495/54
f 654/495/54 278/1098/54 655/493/54
f 655/493/54 278/1098/54 656/492/54
f 568/503/54 567/502/54 278/1098/54
f 278/1098/54 567/502/54 566/500/54
f 564/496/54 563/494/54 279/1100/54
f 279/1100/54 563/494/54 562/449/54
f 279/1100/54 562/449/54 561/450/54
f 561/450/54 560/451/54 279/1100/54
f 279/1100/54 560/451/54 559/521/54
f 558/522/54 557/523/54 162/444/54
f 162/444/54 557/523/54 556/524/54
f 162/444/54 556/524/54 555/525/54
f 555/525/54 554/526/54 162/444/54
f 162/444/54 554/526/54 553/479/54
f 598/520/54 597/436/54 1902/435/54
f 1902/435/54 597/436/54 620/437/54
f 1902/435/54 620/437/54 619/507/54
f 619/507/54 618/508/54 1902/435/54
f 1902/435/54 618/508/54 617/509/54
f 1902/435/54 617/509/54 616/510/54
f 616/510/54 615/511/54 1902/435/54
f 1902/435/54 615/511/54 614/486/54
f 1902/435/54 614/486/54 664/452/54
f 664/452/54 614/486/54 665/485/54
f 665/485/54 614/486/54 613/484/54
f 665/485/54 613/484/54 666/483/54
f 666/483/54 613/484/54 612/482/54
f 666/483/54 612/482/54 667/481/54
f 667/481/54 612/482/54 611/480/54
f 667/481/54 611/480/54 668/455/54
f 668/455/54 611/480/54 610/456/54
f 668/455/54 610/456/54 645/457/54
f 645/457/54 610/456/54 609/458/54
f 645/457/54 609/458/54 646/459/54
f 646/459/54 609/458/54 608/460/54
f 646/459/54 608/460/54 647/461/54
f 647/461/54 608/460/54 607/462/54
f 647/461/54 607/462/54 648/463/54
f 648/463/54 607/462/54 606/464/54
f 599/519/54 598/520/54 1902/435/54
f 662/454/54 661/487/54 1901/448/54
f 1901/448/54 661/487/54 660/488/54
f 1901/448/54 660/488/54 659/489/54
f 659/489/54 658/490/54 1901/448/54
f 1901/448/54 658/490/54 657/491/54
f 1180/1101/58 1544/1102/58 1153/1103/58
f 1153/1103/58 1544/1102/58 1543/1104/58
f 1153/1103/58 1543/1104/58 1515/245/58
f 1515/245/58 1543/1104/58 282/224/58
f 1515/245/58 282/224/58 1516/250/58
f 1516/250/58 282/224/58 1493/251/58
f 1493/251/58 282/224/58 1494/252/58
f 1494/252/58 282/224/58 1495/253/58
f 1495/253/58 282/224/58 1496/254/58
f 1496/254/58 282/224/58 1497/255/58
f 1497/255/58 282/224/58 1498/256/58
f 1498/256/58 282/224/58 1499/257/58
f 1499/257/58 282/224/58 1500/258/58
f 1500/258/58 282/224/58 1158/1105/58
f 1500/258/58 1158/1105/58 1501/230/58
f 1501/230/58 1158/1105/58 1157/1106/58
f 1501/230/58 1157/1106/58 1502/229/58
f 1502/229/58 1157/1106/58 1503/228/58
f 1503/228/58 1157/1106/58 1504/260/58
f 1504/260/58 1157/1106/58 1156/1107/58
f 1504/260/58 1156/1107/58 1505/259/58
f 1505/259/58 1156/1107/58 1506/234/58
f 1506/234/58 1156/1107/58 1507/233/58
f 1507/233/58 1156/1107/58 1155/1108/58
f 1507/233/58 1155/1108/58 1508/232/58
f 1508/232/58 1155/1108/58 1509/238/58
f 1509/238/58 1155/1108/58 1510/237/58
f 1510/237/58 1155/1108/58 1154/1109/58
f 1510/237/58 1154/1109/58 1511/236/58
f 1511/236/58 1154/1109/58 1512/242/58
f 1512/242/58 1154/1109/58 1513/241/58
f 1513/241/58 1154/1109/58 1514/240/58
f 1514/240/58 1154/1109/58 1153/1103/58
f 1514/240/58 1153/1103/58 1515/245/58
f 1179/1110/58 1547/1111/58 1180/1101/58
f 1180/1101/58 1547/1111/58 1546/1112/58
f 1180/1101/58 1546/1112/58 1545/1113/58
f 1178/1114/58 1551/1115/58 1179/1110/58
f 1179/1110/58 1551/1115/58 1550/1116/58
f 1179/1110/58 1550/1116/58 1549/1117/58
f 1177/1118/58 1554/1119/58 1178/1114/58
f 1178/1114/58 1554/1119/58 1553/1120/58
f 1178/1114/58 1553/1120/58 1552/1121/58
f 1176/1122/58 1556/1123/58 1177/1118/58
f 1177/1118/58 1556/1123/58 1555/1124/58
f 1177/1118/58 1555/1124/58 1554/1119/58
f 1175/1125/58 1407/1126/58 1176/1122/58
f 1176/1122/58 1407/1126/58 1406/1127/58
f 1176/1122/58 1406/1127/58 1405/1128/58
f 1407/1126/58 1175/1125/58 1408/1129/58
f 1408/1129/58 1175/1125/58 1174/1130/58
f 1408/1129/58 1174/1130/58 1590/1131/58
f 1590/1131/58 1174/1130/58 1173/1132/58
f 1590/1131/58 1173/1132/58 1591/1133/58
f 1591/1133/58 1173/1132/58 1172/1134/58
f 1591/1133/58 1172/1134/58 1592/1135/58
f 1592/1135/58 1172/1134/58 1593/1136/58
f 1593/1136/58 1172/1134/58 1465/1137/58
f 1593/1136/58 1465/1137/58 1594/1138/58
f 1594/1138/58 1465/1137/58 1464/1139/58
f 1594/1138/58 1464/1139/58 1595/1140/58
f 1595/1140/58 1464/1139/58 1463/1141/58
f 1595/1140/58 1463/1141/58 1462/1142/58
f 1465/1137/58 1172/1134/58 1466/1143/58
f 1466/1143/58 1172/1134/58 1171/1144/58
f 1466/1143/58 1171/1144/58 1467/1145/58
f 1467/1145/58 1171/1144/58 1468/1146/58
f 1468/1146/58 1171/1144/58 1170/1147/58
f 1468/1146/58 1170/1147/58 1445/1148/58
f 1445/1148/58 1170/1147/58 1446/1149/58
f 1446/1149/58 1170/1147/58 1447/1150/58
f 1447/1150/58 1170/1147/58 1169/1151/58
f 1447/1150/58 1169/1151/58 1448/1152/58
f 1448/1152/58 1169/1151/58 1449/1153/58
f 1449/1153/58 1169/1151/58 1450/1154/58
f 1450/1154/58 1169/1151/58 1451/1155/58
f 1451/1155/58 1169/1151/58 1168/1156/58
f 1451/1155/58 1168/1156/58 1452/1157/58
f 1452/1157/58 1168/1156/58 1453/1158/58
f 1453/1158/58 1168/1156/58 1454/1159/58
f 1454/1159/58 1168/1156/58 1167/1160/58
f 1454/1159/58 1167/1160/58 1455/1161/58
f 1455/1161/58 1167/1160/58 1363/192/58
f 1455/1161/58 1363/192/58 1903/212/58
f 1903/212/58 1363/192/58 1362/220/58
f 1903/212/58 1362/220/58 1361/219/58
f 1363/192/58 1167/1160/58 1364/193/58
f 1364/193/58 1167/1160/58 1166/1162/58
f 1364/193/58 1166/1162/58 1365/195/58
f 1365/195/58 1166/1162/58 1366/196/58
f 1366/196/58 1166/1162/58 1367/197/58
f 1367/197/58 1166/1162/58 1368/199/58
f 1368/199/58 1166/1162/58 1165/1163/58
f 1368/199/58 1165/1163/58 1369/200/58
f 1369/200/58 1165/1163/58 1370/201/58
f 1370/201/58 1165/1163/58 1371/203/58
f 1371/203/58 1165/1163/58 1164/1164/58
f 1371/203/58 1164/1164/58 1372/204/58
f 1372/204/58 1164/1164/58 1349/205/58
f 1349/205/58 1164/1164/58 1350/206/58
f 1350/206/58 1164/1164/58 1163/1165/58
f 1350/206/443 1163/1165/443 1351/207/443
f 1351/207/58 1163/1165/58 1352/209/58
f 1352/209/58 1163/1165/58 1353/210/58
f 1353/210/58 1163/1165/58 1162/1166/58
f 1353/210/58 1162/1166/58 1354/211/58
f 1354/211/58 1162/1166/58 1903/212/58
f 1354/211/58 1903/212/58 1355/213/58
f 1355/213/58 1903/212/58 1356/214/58
f 1356/214/58 1903/212/58 1357/215/58
f 1357/215/58 1903/212/58 1358/216/58
f 1358/216/58 1903/212/58 1359/217/58
f 1359/217/58 1903/212/58 1360/218/58
f 1360/218/58 1903/212/58 1361/219/58
f 1162/1166/58 1161/1167/58 1903/212/58
f 1903/212/58 1161/1167/58 1160/1168/58
f 1903/212/58 1160/1168/58 282/224/58
f 282/224/58 1160/1168/58 1159/1169/58
f 282/224/58 1159/1169/58 1158/1105/58
f 1902/1170/58 1457/1171/58 1903/212/58
f 1903/212/58 1457/1171/58 1456/1172/58
f 1903/212/58 1456/1172/58 1455/1161/58
f 283/435/58 1609/1173/58 1902/1170/58
f 1902/1170/226 1609/1173/226 1608/1174/226
f 1902/1170/58 1608/1174/58 1607/1175/58
f 282/224/58 1541/1176/58 283/435/58
f 283/435/58 1541/1176/58 1564/1177/58
f 283/435/58 1564/1177/58 1563/1178/58
f 1612/1179/58 1410/1180/58 1589/1181/58
f 1589/1181/58 1410/1180/58 1409/1182/58
f 1589/1181/58 1409/1182/58 1590/1131/58
f 1590/1131/58 1409/1182/58 1408/1129/58
f 1410/1180/58 1612/1179/58 1411/1183/58
f 1411/1183/58 1612/1179/58 1611/1184/58
f 1411/1183/58 1611/1184/58 1412/1185/58
f 1412/1185/58 1611/1184/58 1610/1186/58
f 1412/1185/58 1610/1186/58 1413/1187/58
f 1413/1187/58 1610/1186/58 1609/1173/58
f 1413/1187/58 1609/1173/58 283/435/58
f 1607/1175/58 1606/1188/58 1902/1170/58
f 1902/1170/58 1606/1188/58 1605/1189/58
f 1902/1170/58 1605/1189/58 1604/1190/58
f 1604/1190/58 1603/1191/58 1902/1170/58
f 1902/1170/58 1603/1191/58 1602/1192/58
f 1902/1170/58 1602/1192/58 1601/1193/58
f 1601/1193/58 1600/1194/58 1902/1170/58
f 1902/1170/58 1600/1194/58 1599/1195/58
f 1902/1170/58 1599/1195/58 1459/1196/58
f 1459/1196/58 1599/1195/58 1598/1197/58
f 1459/1196/58 1598/1197/58 1460/1198/58
f 1460/1198/58 1598/1197/58 1597/1199/58
f 1460/1198/58 1597/1199/58 1461/1200/58
f 1461/1200/58 1597/1199/58 1596/1201/58
f 1461/1200/58 1596/1201/58 1462/1142/58
f 1462/1142/58 1596/1201/58 1595/1140/58
f 1562/1202/58 1400/1203/58 1563/1178/58
f 1563/1178/58 1400/1203/58 1399/1204/58
f 1563/1178/58 1399/1204/58 283/435/58
f 283/435/58 1399/1204/58 1398/1205/58
f 283/435/58 1398/1205/58 1397/1206/58
f 1400/1203/58 1562/1202/58 1401/1207/58
f 1401/1207/58 1562/1202/58 1561/1208/58
f 1401/1207/58 1561/1208/58 1402/1209/58
f 1402/1209/58 1561/1208/58 1560/1210/58
f 1402/1209/58 1560/1210/58 1403/1211/58
f 1403/1211/58 1560/1210/58 1559/1212/58
f 1403/1211/58 1559/1212/58 1558/1213/58
f 1403/1211/58 1558/1213/58 1404/1214/58
f 1404/1214/58 1558/1213/58 1557/1215/58
f 1404/1214/58 1557/1215/58 1405/1128/58
f 1405/1128/58 1557/1215/58 1176/1122/58
f 1557/1215/58 1556/1123/58 1176/1122/58
f 1552/1121/58 1551/1115/58 1178/1114/58
f 1549/1117/58 1548/1216/58 1179/1110/58
f 1179/1110/58 1548/1216/58 1547/1111/58
f 1545/1113/58 1544/1102/58 1180/1101/58
f 1543/1104/58 1542/1217/58 282/224/58
f 282/224/58 1542/1217/58 1541/1176/58
f 1459/1196/58 1458/1218/58 1902/1170/58
f 1902/1170/58 1458/1218/58 1457/1171/58
f 1397/1206/58 1420/1219/58 283/435/58
f 283/435/58 1420/1219/58 1419/1220/58
f 283/435/58 1419/1220/58 1418/1221/58
f 1418/1221/58 1417/1222/58 283/435/58
f 283/435/58 1417/1222/58 1416/1223/58
f 283/435/58 1416/1223/58 1415/1224/58
f 1415/1224/58 1414/1225/58 283/435/58
f 283/435/224 1414/1225/224 1413/1187/224
f 280/1226/53 1285/1128/53 281/433/53
f 281/433/53 1285/1128/53 1284/1214/53
f 281/433/53 1284/1214/53 1283/1211/53
f 284/1170/53 1215/1195/53 280/1226/53
f 280/1226/53 1215/1195/53 1214/1197/53
f 280/1226/53 1214/1197/53 1213/1199/53
f 1901/435/53 1224/1174/53 284/1170/53
f 284/1170/53 1224/1174/53 1223/1175/53
f 284/1170/53 1223/1175/53 1222/1188/53
f 281/433/53 1279/1204/53 1901/435/53
f 1901/435/53 1279/1204/53 1278/1205/53
f 1901/435/53 1278/1205/53 1277/1206/53
f 1228/1179/53 1290/1180/53 1205/1181/53
f 1205/1181/53 1290/1180/53 1289/1182/53
f 1205/1181/53 1289/1182/53 1206/1131/53
f 1206/1131/53 1289/1182/53 1288/1129/53
f 1206/1131/53 1288/1129/53 1207/1133/53
f 1207/1133/53 1288/1129/53 1287/1126/53
f 1207/1133/53 1287/1126/53 1208/1135/53
f 1208/1135/53 1287/1126/53 1286/1127/53
f 1208/1135/53 1286/1127/53 1209/1136/53
f 1209/1136/53 1286/1127/53 1285/1128/53
f 1209/1136/53 1285/1128/53 280/1226/53
f 1290/1180/53 1228/1179/53 1291/1183/53
f 1291/1183/53 1228/1179/53 1227/1184/53
f 1291/1183/53 1227/1184/53 1292/1185/53
f 1292/1185/53 1227/1184/53 1226/1186/53
f 1292/1185/53 1226/1186/53 1293/1187/53
f 1293/1187/53 1226/1186/53 1225/1173/53
f 1293/1187/53 1225/1173/53 1294/1225/53
f 1294/1225/53 1225/1173/53 1224/1174/53
f 1294/1225/53 1224/1174/53 1901/435/53
f 1222/1188/53 1221/1189/53 284/1170/53
f 284/1170/53 1221/1189/53 1220/1190/53
f 284/1170/53 1220/1190/53 1219/1191/53
f 1219/1191/53 1218/1192/53 284/1170/53
f 284/1170/53 1218/1192/53 1217/1193/53
f 284/1170/53 1217/1193/53 1216/1194/53
f 1216/1194/53 1215/1195/53 284/1170/53
f 1213/1199/53 1212/1201/53 280/1226/53
f 280/1226/53 1212/1201/53 1211/1140/53
f 280/1226/53 1211/1140/53 1210/1138/53
f 1210/1138/53 1209/1136/53 280/1226/53
f 1277/1206/53 1300/1219/53 1901/435/53
f 1901/435/53 1300/1219/53 1299/1220/53
f 1901/435/53 1299/1220/53 1298/1221/53
f 1298/1221/53 1297/1222/53 1901/435/53
f 1901/435/53 1297/1222/53 1296/1223/53
f 1901/435/53 1296/1223/53 1295/1224/53
f 1295/1224/53 1294/1225/53 1901/435/53
f 1283/1211/53 1282/1209/53 281/433/53
f 281/433/53 1282/1209/53 1281/1207/53
f 281/433/53 1281/1207/53 1280/1203/53
f 1280/1203/53 1279/1204/53 281/433/53
f 1756/1227/57 1794/1228/57 1733/1229/57
f 1733/1229/57 1794/1228/57 1793/1230/57
f 1733/1229/57 1793/1230/57 1734/1231/57
f 1734/1231/57 1793/1230/57 1792/1232/57
f 1734/1231/57 1792/1232/57 1735/1233/57
f 1735/1233/57 1792/1232/57 1791/1234/57
f 1735/1233/57 1791/1234/57 1736/1235/57
f 1736/1235/57 1791/1234/57 1790/1236/57
f 1736/1235/57 1790/1236/57 1737/1237/57
f 1737/1237/57 1790/1236/57 1789/1238/57
f 1737/1237/57 1789/1238/57 284/1239/57
f 284/1239/57 1789/1238/57 1901/1240/57
f 1901/1240/57 1789/1238/57 1788/1241/57
f 1901/1240/57 1788/1241/57 1787/1242/57
f 1794/1228/57 1756/1227/57 1795/1243/57
f 1795/1243/57 1756/1227/57 1755/1244/57
f 1795/1243/57 1755/1244/57 1887/1245/57
f 1887/1245/57 1755/1244/57 1831/1246/57
f 1887/1245/57 1831/1246/57 1830/1247/57
f 1831/1246/57 1755/1244/57 1832/1248/57
f 1832/1248/57 1755/1244/57 1754/1249/57
f 1832/1248/57 1754/1249/57 1833/1250/57
f 1833/1250/57 1754/1249/57 1753/1251/57
f 1833/1250/57 1753/1251/57 1834/1252/57
f 1834/1252/57 1753/1251/57 1752/1253/57
f 1834/1252/57 1752/1253/57 1835/1254/57
f 1835/1254/57 1752/1253/57 1751/1255/57
f 1835/1254/57 1751/1255/57 1750/1256/57
f 1835/1254/57 1750/1256/57 1836/1257/57
f 1836/1257/57 1750/1256/57 1749/1258/57
f 1836/1257/57 1749/1258/57 1837/1259/57
f 1837/1259/57 1749/1258/57 1748/1260/57
f 1837/1259/57 1748/1260/57 1838/1261/57
f 1838/1261/57 1748/1260/57 1747/1262/57
f 1838/1261/57 1747/1262/57 1839/1263/57
f 1839/1263/512 1747/1262/512 1746/1264/512
f 1839/1263/57 1746/1264/57 1840/1265/57
f 1840/1265/57 1746/1264/57 283/1266/57
f 1840/1265/57 283/1266/57 1841/1267/57
f 1841/1267/57 283/1266/57 1842/1268/57
f 1842/1268/57 283/1266/57 1843/1269/57
f 1843/1269/57 283/1266/57 1844/1270/57
f 1844/1270/57 283/1266/57 1845/1271/57
f 1845/1271/57 283/1266/57 1846/1272/57
f 1846/1272/57 283/1266/57 1847/1273/57
f 1847/1273/57 283/1266/57 1848/1274/57
f 1848/1274/57 283/1266/57 1849/1275/57
f 1849/1275/57 283/1266/57 1893/1276/57
f 1849/1275/57 1893/1276/57 1850/1277/57
f 1850/1277/57 1893/1276/57 1892/1278/57
f 1850/1277/57 1892/1278/57 1851/1279/57
f 1851/1279/57 1892/1278/57 1891/1280/57
f 1851/1279/57 1891/1280/57 1852/1281/57
f 1852/1281/57 1891/1280/57 1890/1282/57
f 1852/1281/57 1890/1282/57 1829/1283/57
f 1829/1283/57 1890/1282/57 1889/1284/57
f 1829/1283/57 1889/1284/57 1888/1285/57
f 283/1266/57 1746/1264/57 284/1239/57
f 284/1239/57 1746/1264/57 1745/1286/57
f 284/1239/57 1745/1286/57 1744/1287/57
f 1744/1287/57 1743/1288/57 284/1239/57
f 284/1239/57 1743/1288/57 1742/1289/57
f 284/1239/57 1742/1289/57 1741/1290/57
f 1741/1290/57 1740/1291/57 284/1239/57
f 284/1239/57 1740/1291/57 1739/1292/57
f 284/1239/57 1739/1292/57 1738/1293/57
f 1738/1293/57 1737/1237/57 284/1239/57
f 1782/1294/57 1781/1295/57 1901/1240/57
f 1901/1240/57 1781/1295/57 1804/1296/57
f 1901/1240/57 1804/1296/57 1902/1297/57
f 1902/1297/57 1804/1296/57 1878/1298/57
f 1902/1297/57 1878/1298/57 1877/1299/57
f 1878/1298/57 1804/1296/57 1879/1300/57
f 1879/1300/513 1804/1296/513 1803/1301/513
f 1879/1300/57 1803/1301/57 1802/1302/57
f 1879/1300/57 1802/1302/57 1880/1303/57
f 1880/1303/57 1802/1302/57 1801/1304/57
f 1880/1303/57 1801/1304/57 1881/1305/57
f 1881/1305/57 1801/1304/57 1800/1306/57
f 1881/1305/57 1800/1306/57 1882/1307/57
f 1882/1307/57 1800/1306/57 1799/1308/57
f 1882/1307/57 1799/1308/57 1883/1309/57
f 1883/1309/57 1799/1308/57 1798/1310/57
f 1883/1309/57 1798/1310/57 1884/1311/57
f 1884/1311/57 1798/1310/57 1797/1312/57
f 1884/1311/57 1797/1312/57 1885/1313/57
f 1885/1313/57 1797/1312/57 1796/1314/57
f 1885/1313/57 1796/1314/57 1886/1315/57
f 1886/1315/57 1796/1314/57 1795/1243/57
f 1886/1315/57 1795/1243/57 1887/1245/57
f 1787/1242/57 1786/1316/57 1901/1240/57
f 1901/1240/57 1786/1316/57 1785/1317/57
f 1901/1240/57 1785/1317/57 1784/1318/57
f 1784/1318/57 1783/1319/57 1901/1240/57
f 1901/1240/57 1783/1319/57 1782/1294/57
f 1887/1245/57 1830/1247/57 1888/1285/57
f 1888/1285/57 1830/1247/57 1829/1283/57
f 1877/1299/57 1900/1320/57 1902/1297/57
f 1902/1297/57 1900/1320/57 1899/1321/57
f 1902/1297/57 1899/1321/57 1898/1322/57
f 1898/1322/57 1897/1323/57 1902/1297/57
f 1902/1297/57 1897/1323/57 1896/1324/57
f 1902/1297/57 1896/1324/57 1895/1325/57
f 1895/1325/57 1894/1326/57 1902/1297/57
f 1902/1297/57 1894/1326/57 1893/1276/57
f 1902/1297/57 1893/1276/57 283/1266/57
f 1638/1298/55 1637/1299/55 282/1297/55
f 282/1297/55 1637/1299/55 1660/1320/55
f 282/1297/55 1660/1320/55 1659/1321/55
f 1659/1321/55 1658/1322/55 282/1297/55
f 282/1297/55 1658/1322/55 1657/1323/55
f 282/1297/55 1657/1323/55 1656/1324/55
f 1656/1324/55 1655/1325/55 282/1297/55
f 282/1297/55 1655/1325/55 1654/1326/55
f 282/1297/55 1654/1326/55 1653/1276/55
f 1652/1278/55 1706/1277/55 1653/1276/55
f 1653/1276/55 1706/1277/55 1705/1275/55
f 1653/1276/55 1705/1275/55 282/1297/55
f 282/1297/55 1705/1275/55 1903/1266/55
f 1903/1266/55 1705/1275/55 1704/1274/55
f 1903/1266/55 1704/1274/55 1703/1273/55
f 1706/1277/55 1652/1278/55 1707/1279/55
f 1707/1279/55 1652/1278/55 1651/1280/55
f 1707/1279/55 1651/1280/55 1708/1281/55
f 1708/1281/55 1651/1280/55 1650/1282/55
f 1708/1281/55 1650/1282/55 1685/1283/55
f 1685/1283/55 1650/1282/55 1649/1284/55
f 1685/1283/55 1649/1284/55 1686/1247/55
f 1686/1247/55 1649/1284/55 1648/1285/55
f 1686/1247/55 1648/1285/55 1687/1246/55
f 1687/1246/55 1648/1285/55 1647/1245/55
f 1687/1246/55 1647/1245/55 1688/1248/55
f 1688/1248/55 1647/1245/55 1646/1315/55
f 1688/1248/55 1646/1315/55 1689/1250/55
f 1689/1250/55 1646/1315/55 1645/1313/55
f 1689/1250/55 1645/1313/55 162/1239/55
f 162/1239/55 1645/1313/55 163/1240/55
f 163/1240/55 1645/1313/55 1644/1311/55
f 163/1240/55 1644/1311/55 1643/1309/55
f 1643/1309/55 1642/1307/55 163/1240/55
f 163/1240/55 1642/1307/55 1641/1305/55
f 163/1240/55 1641/1305/55 1640/1303/55
f 1640/1303/55 1639/1300/55 163/1240/55
f 163/1240/55 1639/1300/55 1638/1298/55
f 163/1240/55 1638/1298/55 282/1297/55
f 1703/1273/55 1702/1272/55 1903/1266/55
f 1903/1266/55 1702/1272/55 1701/1271/55
f 1903/1266/55 1701/1271/55 1700/1270/55
f 1700/1270/55 1699/1269/55 1903/1266/55
f 1903/1266/55 1699/1269/55 1698/1268/55
f 1903/1266/55 1698/1268/55 1697/1267/55
f 1697/1267/55 1696/1265/55 1903/1266/55
f 1903/1266/55 1696/1265/55 162/1239/55
f 162/1239/55 1696/1265/55 1695/1263/55
f 162/1239/55 1695/1263/55 1694/1261/55
f 1694/1261/55 1693/1259/55 162/1239/55
f 162/1239/55 1693/1259/55 1692/1257/55
f 162/1239/55 1692/1257/55 1691/1254/55
f 1691/1254/55 1690/1252/55 162/1239/55
f 162/1239/55 1690/1252/55 1689/1250/55
