# Blender 4.2.23 LTS
# www.blender.org
o tmp_export_Cuerpo3:1
v 0.900119 0.598672 -1.682916
v 0.896712 0.624554 -1.682916
v 0.886722 0.648672 -1.682916
v 0.870830 0.669383 -1.682916
v 0.850119 0.685275 -1.682916
v 0.826000 0.695265 -1.682916
v 0.800118 0.698672 -1.682916
v 0.774236 0.695265 -1.682916
v 0.750118 0.685275 -1.682916
v 0.729409 0.669383 -1.682916
v 0.713516 0.648672 -1.682916
v 0.703526 0.624554 -1.682916
v 0.700119 0.598672 -1.682916
v 0.703526 0.572790 -1.682916
v 0.713516 0.548672 -1.682916
v 0.729409 0.527962 -1.682916
v 0.750118 0.512070 -1.682916
v 0.774236 0.502080 -1.682916
v 0.800118 0.498672 -1.682916
v 0.826000 0.502080 -1.682916
v 0.850119 0.512070 -1.682916
v 0.870830 0.527962 -1.682916
v 0.886722 0.548672 -1.682916
v 0.896712 0.572790 -1.682916
v 0.900119 0.598672 -1.982916
v 0.896712 0.572790 -1.982916
v 0.886722 0.548672 -1.982916
v 0.870830 0.527962 -1.982916
v 0.850119 0.512070 -1.982916
v 0.826000 0.502080 -1.982916
v 0.800118 0.498672 -1.982916
v 0.774236 0.502080 -1.982916
v 0.750118 0.512070 -1.982916
v 0.729409 0.527962 -1.982916
v 0.713516 0.548672 -1.982916
v 0.703526 0.572790 -1.982916
v 0.700119 0.598672 -1.982916
v 0.703526 0.624554 -1.982916
v 0.713516 0.648672 -1.982916
v 0.729409 0.669383 -1.982916
v 0.750118 0.685275 -1.982916
v 0.774236 0.695265 -1.982916
v 0.800118 0.698672 -1.982916
v 0.826000 0.695265 -1.982916
v 0.850119 0.685275 -1.982916
v 0.870830 0.669383 -1.982916
v 0.886722 0.648672 -1.982916
v 0.896712 0.624554 -1.982916
v -0.699882 0.598672 -1.682916
v -0.703289 0.624554 -1.682916
v -0.713279 0.648672 -1.682916
v -0.729171 0.669383 -1.682916
v -0.749881 0.685275 -1.682916
v -0.774000 0.695265 -1.682916
v -0.799881 0.698672 -1.682916
v -0.825764 0.695265 -1.682916
v -0.849882 0.685275 -1.682916
v -0.870592 0.669383 -1.682916
v -0.886484 0.648672 -1.682916
v -0.896473 0.624554 -1.682916
v -0.899881 0.598672 -1.682916
v -0.896473 0.572790 -1.682916
v -0.886484 0.548672 -1.682916
v -0.870592 0.527962 -1.682916
v -0.849882 0.512070 -1.682916
v -0.825764 0.502080 -1.682916
v -0.799881 0.498672 -1.682916
v -0.774000 0.502080 -1.682916
v -0.749881 0.512070 -1.682916
v -0.729171 0.527962 -1.682916
v -0.713279 0.548672 -1.682916
v -0.703289 0.572790 -1.682916
v -0.699882 0.598672 -1.982916
v -0.703289 0.572790 -1.982916
v -0.713279 0.548672 -1.982916
v -0.729171 0.527962 -1.982916
v -0.749881 0.512070 -1.982916
v -0.774000 0.502080 -1.982916
v -0.799881 0.498672 -1.982916
v -0.825764 0.502080 -1.982916
v -0.849882 0.512070 -1.982916
v -0.870592 0.527962 -1.982916
v -0.886484 0.548672 -1.982916
v -0.896473 0.572790 -1.982916
v -0.899881 0.598672 -1.982916
v -0.896473 0.624554 -1.982916
v -0.886484 0.648672 -1.982916
v -0.870592 0.669383 -1.982916
v -0.849882 0.685275 -1.982916
v -0.825764 0.695265 -1.982916
v -0.799881 0.698672 -1.982916
v -0.774000 0.695265 -1.982916
v -0.749881 0.685275 -1.982916
v -0.729171 0.669383 -1.982916
v -0.713279 0.648672 -1.982916
v -0.703289 0.624554 -1.982916
v 0.900119 -0.601328 -1.682916
v 0.896712 -0.575446 -1.682916
v 0.886722 -0.551328 -1.682916
v 0.870830 -0.530617 -1.682916
v 0.850119 -0.514725 -1.682916
v 0.826000 -0.504735 -1.682916
v 0.800118 -0.501328 -1.682916
v 0.774236 -0.504735 -1.682916
v 0.750118 -0.514725 -1.682916
v 0.729409 -0.530617 -1.682916
v 0.713516 -0.551328 -1.682916
v 0.703526 -0.575446 -1.682916
v 0.700119 -0.601328 -1.682916
v 0.703526 -0.627210 -1.682916
v 0.713516 -0.651328 -1.682916
v 0.729409 -0.672038 -1.682916
v 0.750118 -0.687930 -1.682916
v 0.774236 -0.697920 -1.682916
v 0.800118 -0.701328 -1.682916
v 0.826000 -0.697920 -1.682916
v 0.850119 -0.687930 -1.682916
v 0.870830 -0.672038 -1.682916
v 0.886722 -0.651328 -1.682916
v 0.896712 -0.627210 -1.682916
v 0.900119 -0.601328 -1.982916
v 0.896712 -0.627210 -1.982916
v 0.886722 -0.651328 -1.982916
v 0.870830 -0.672038 -1.982916
v 0.850119 -0.687930 -1.982916
v 0.826000 -0.697920 -1.982916
v 0.800118 -0.701328 -1.982916
v 0.774236 -0.697920 -1.982916
v 0.750118 -0.687930 -1.982916
v 0.729409 -0.672038 -1.982916
v 0.713516 -0.651328 -1.982916
v 0.703526 -0.627210 -1.982916
v 0.700119 -0.601328 -1.982916
v 0.703526 -0.575446 -1.982916
v 0.713516 -0.551328 -1.982916
v 0.729409 -0.530617 -1.982916
v 0.750118 -0.514725 -1.982916
v 0.774236 -0.504735 -1.982916
v 0.800118 -0.501328 -1.982916
v 0.826000 -0.504735 -1.982916
v 0.850119 -0.514725 -1.982916
v 0.870830 -0.530617 -1.982916
v 0.886722 -0.551328 -1.982916
v 0.896712 -0.575446 -1.982916
v -0.699882 -0.601328 -1.682916
v -0.703289 -0.575446 -1.682916
v -0.713279 -0.551328 -1.682916
v -0.729171 -0.530617 -1.682916
v -0.749881 -0.514725 -1.682916
v -0.774000 -0.504735 -1.682916
v -0.799881 -0.501328 -1.682916
v -0.825764 -0.504735 -1.682916
v -0.849882 -0.514725 -1.682916
v -0.870592 -0.530617 -1.682916
v -0.886484 -0.551328 -1.682916
v -0.896473 -0.575446 -1.682916
v -0.899881 -0.601328 -1.682916
v -0.896473 -0.627210 -1.682916
v -0.886484 -0.651328 -1.682916
v -0.870592 -0.672038 -1.682916
v -0.849882 -0.687930 -1.682916
v -0.825764 -0.697920 -1.682916
v -0.799881 -0.701328 -1.682916
v -0.774000 -0.697920 -1.682916
v -0.749881 -0.687930 -1.682916
v -0.729171 -0.672038 -1.682916
v -0.713279 -0.651328 -1.682916
v -0.703289 -0.627210 -1.682916
v -0.699882 -0.601328 -1.982916
v -0.703289 -0.627210 -1.982916
v -0.713279 -0.651328 -1.982916
v -0.729171 -0.672038 -1.982916
v -0.749881 -0.687930 -1.982916
v -0.774000 -0.697920 -1.982916
v -0.799881 -0.701328 -1.982916
v -0.825764 -0.697920 -1.982916
v -0.849882 -0.687930 -1.982916
v -0.870592 -0.672038 -1.982916
v -0.886484 -0.651328 -1.982916
v -0.896473 -0.627210 -1.982916
v -0.899881 -0.601328 -1.982916
v -0.896473 -0.575446 -1.982916
v -0.886484 -0.551328 -1.982916
v -0.870592 -0.530617 -1.982916
v -0.849882 -0.514725 -1.982916
v -0.825764 -0.504735 -1.982916
v -0.799881 -0.501328 -1.982916
v -0.774000 -0.504735 -1.982916
v -0.749881 -0.514725 -1.982916
v -0.729171 -0.530617 -1.982916
v -0.713279 -0.551328 -1.982916
v -0.703289 -0.575446 -1.982916
v -0.981132 -1.893273 -1.614166
v -0.974634 -1.895166 -1.608914
v -0.966928 -1.896816 -1.604953
v -0.958450 -1.897905 -1.602568
v -0.949882 -1.898281 -1.601793
v -0.941312 -1.897905 -1.602568
v -0.932834 -1.896816 -1.604953
v -0.925128 -1.895166 -1.608914
v -0.918632 -1.893273 -1.614166
v -0.399881 -1.898281 -0.545416
v 0.400119 -1.898281 -0.545416
v 0.380610 -1.900202 -0.564925
v 0.361851 -1.905892 -0.583684
v 0.344562 -1.915133 -0.600973
v 0.329409 -1.927570 -0.616127
v 0.316972 -1.942724 -0.628563
v 0.307730 -1.960013 -0.637804
v 0.302041 -1.978772 -0.643495
v 0.300601 -1.988479 -0.644935
v 0.300118 -1.998280 -0.645416
v -0.299881 -1.998280 -0.645416
v -0.300363 -1.988479 -0.644935
v -0.301802 -1.978772 -0.643495
v -0.307493 -1.960013 -0.637804
v -0.316735 -1.942724 -0.628563
v -0.329170 -1.927570 -0.616127
v -0.344325 -1.915133 -0.600973
v -0.361613 -1.905892 -0.583684
v -0.380373 -1.900202 -0.564925
v 0.000118 -1.911677 -0.595416
v 0.000118 -1.901688 -0.571298
v 0.000118 -1.927570 -0.616127
v 0.000118 -1.948281 -0.632019
v 0.000118 -1.972399 -0.642009
v 0.400119 -1.898281 -1.545416
v 0.374237 -1.901688 -1.545416
v 0.350119 -1.911677 -1.545416
v 0.329409 -1.927570 -1.545416
v 0.313517 -1.948281 -1.545416
v 0.303527 -1.972399 -1.545416
v 0.300118 -1.998280 -1.545416
v 0.374237 -1.901688 -1.045416
v 0.350119 -1.911677 -1.045416
v 0.329409 -1.927570 -1.045416
v 0.313517 -1.948281 -1.045416
v 0.303527 -1.972399 -1.045416
v -0.299881 -1.998280 -1.545416
v -0.303288 -1.972399 -1.545416
v -0.313278 -1.948281 -1.545416
v -0.329170 -1.927570 -1.545416
v -0.349881 -1.911677 -1.545416
v -0.373999 -1.901688 -1.545416
v -0.399881 -1.898281 -1.545416
v -0.303288 -1.972399 -1.045416
v -0.313278 -1.948281 -1.045416
v -0.329170 -1.927570 -1.045416
v -0.349881 -1.911677 -1.045416
v -0.373999 -1.901688 -1.045416
v -0.199882 -1.898281 -0.107916
v -0.193066 -1.898281 -0.159680
v -0.173086 -1.898281 -0.207916
v -0.141303 -1.898281 -0.249337
v -0.099881 -1.898281 -0.281121
v -0.051646 -1.898281 -0.301101
v 0.000118 -1.898281 -0.307916
v 0.051883 -1.898281 -0.301101
v 0.100119 -1.898281 -0.281121
v 0.141541 -1.898281 -0.249337
v 0.173324 -1.898281 -0.207916
v 0.193304 -1.898281 -0.159680
v 0.200119 -1.898281 -0.107916
v 0.193304 -1.898281 -0.056152
v 0.173324 -1.898281 -0.007915
v 0.141541 -1.898281 0.033505
v 0.100119 -1.898281 0.065289
v 0.051883 -1.898281 0.085269
v 0.000118 -1.898281 0.092084
v -0.051646 -1.898281 0.085269
v -0.099881 -1.898281 0.065289
v -0.141303 -1.898281 0.033505
v -0.173086 -1.898281 -0.007915
v -0.193066 -1.898281 -0.056152
v -0.999881 -1.898281 0.692084
v -0.993066 -1.898281 0.640320
v -0.973086 -1.898281 0.592084
v -0.941302 -1.898281 0.550663
v -0.899881 -1.898281 0.518879
v -0.851645 -1.898281 0.498899
v -0.799881 -1.898281 0.492085
v -0.748117 -1.898281 0.498899
v -0.699882 -1.898281 0.518879
v -0.658459 -1.898281 0.550663
v -0.626677 -1.898281 0.592084
v -0.606696 -1.898281 0.640320
v -0.599881 -1.898281 0.692084
v -0.606696 -1.898281 0.743848
v -0.626677 -1.898281 0.792084
v -0.658459 -1.898281 0.833505
v -0.699882 -1.898281 0.865289
v -0.748117 -1.898281 0.885269
v -0.799881 -1.898281 0.892084
v -0.851645 -1.898281 0.885269
v -0.899881 -1.898281 0.865289
v -0.941302 -1.898281 0.833505
v -0.973086 -1.898281 0.792084
v -0.993066 -1.898281 0.743848
v -0.156007 -1.898281 1.617085
v -0.182040 -1.898281 1.574654
v -0.196790 -1.898281 1.527110
v -0.199342 -1.898281 1.477395
v -0.189534 -1.898281 1.428590
v -0.167979 -1.898281 1.383719
v -0.136010 -1.898281 1.345561
v -0.095608 -1.898281 1.316481
v -0.049274 -1.898281 1.298279
v 0.000118 -1.898281 1.292084
v 0.049511 -1.898281 1.298279
v 0.095845 -1.898281 1.316481
v 0.136248 -1.898281 1.345561
v 0.168217 -1.898281 1.383719
v 0.189773 -1.898281 1.428590
v 0.199579 -1.898281 1.477395
v 0.197027 -1.898281 1.527110
v 0.182279 -1.898281 1.574654
v 0.156244 -1.898281 1.617085
v 1.050118 -1.898281 1.617085
v 1.101882 -1.898281 1.610270
v 1.150119 -1.898281 1.590289
v 1.191540 -1.898281 1.558505
v 1.223324 -1.898281 1.517084
v 1.243304 -1.898281 1.468848
v 1.250118 -1.898281 1.417084
v 1.250118 -1.898281 -1.082916
v 1.150119 -1.898281 -1.082916
v 1.098355 -1.898281 -1.089731
v 1.050118 -1.898281 -1.109711
v 1.008698 -1.898281 -1.141495
v 0.976913 -1.898281 -1.182916
v 0.956933 -1.898281 -1.231152
v 0.950119 -1.898281 -1.282916
v 0.950119 -1.898281 -1.582916
v -0.949882 -1.898281 -1.582916
v -0.949882 -1.898281 -1.282916
v -0.956697 -1.898281 -1.231152
v -0.976676 -1.898281 -1.182916
v -1.008460 -1.898281 -1.141495
v -1.049881 -1.898281 -1.109711
v -1.098117 -1.898281 -1.089731
v -1.149881 -1.898281 -1.082916
v -1.249881 -1.898281 -1.082916
v -1.249881 -1.898281 1.417084
v -1.243066 -1.898281 1.468848
v -1.223086 -1.898281 1.517084
v -1.191302 -1.898281 1.558505
v -1.149881 -1.898281 1.590289
v -1.101645 -1.898281 1.610270
v -1.049881 -1.898281 1.617085
v 0.600119 -1.898281 0.692084
v 0.606934 -1.898281 0.640320
v 0.626914 -1.898281 0.592084
v 0.658698 -1.898281 0.550663
v 0.700119 -1.898281 0.518879
v 0.748354 -1.898281 0.498899
v 0.800118 -1.898281 0.492085
v 0.851882 -1.898281 0.498899
v 0.900119 -1.898281 0.518879
v 0.941540 -1.898281 0.550663
v 0.973324 -1.898281 0.592084
v 0.993304 -1.898281 0.640320
v 1.000118 -1.898281 0.692084
v 0.993304 -1.898281 0.743848
v 0.973324 -1.898281 0.792084
v 0.941540 -1.898281 0.833505
v 0.900119 -1.898281 0.865289
v 0.851882 -1.898281 0.885269
v 0.800118 -1.898281 0.892084
v 0.748354 -1.898281 0.885269
v 0.700119 -1.898281 0.865289
v 0.658698 -1.898281 0.833505
v 0.626914 -1.898281 0.792084
v 0.606934 -1.898281 0.743848
v -0.499882 -1.898281 0.692084
v -0.482845 -1.898281 0.562675
v -0.432894 -1.898281 0.442084
v -0.353435 -1.898281 0.338531
v -0.249882 -1.898281 0.259071
v -0.129291 -1.898281 0.209121
v 0.000118 -1.898281 0.192084
v 0.129529 -1.898281 0.209121
v 0.250118 -1.898281 0.259071
v 0.353673 -1.898281 0.338531
v 0.433131 -1.898281 0.442084
v 0.483082 -1.898281 0.562675
v 0.500118 -1.898281 0.692084
v 0.483082 -1.898281 0.821493
v 0.433131 -1.898281 0.942084
v 0.353673 -1.898281 1.045637
v 0.250118 -1.898281 1.125097
v 0.129529 -1.898281 1.175047
v 0.000118 -1.898281 1.192084
v -0.129291 -1.898281 1.175047
v -0.249882 -1.898281 1.125097
v -0.353435 -1.898281 1.045637
v -0.432894 -1.898281 0.942084
v -0.482845 -1.898281 0.821493
v -0.099881 -1.998280 -0.107916
v -0.096473 -1.998280 -0.133798
v -0.086483 -1.998280 -0.157916
v -0.070591 -1.998280 -0.178627
v -0.049881 -1.998280 -0.194519
v -0.025764 -1.998280 -0.204509
v 0.000118 -1.998280 -0.207916
v 0.026000 -1.998280 -0.204509
v 0.050118 -1.998280 -0.194519
v 0.070830 -1.998280 -0.178627
v 0.086721 -1.998280 -0.157916
v 0.096712 -1.998280 -0.133798
v 0.100119 -1.998280 -0.107916
v 0.096712 -1.998280 -0.082034
v 0.086721 -1.998280 -0.057916
v 0.070830 -1.998280 -0.037205
v 0.050118 -1.998280 -0.021314
v 0.026000 -1.998280 -0.011323
v 0.000118 -1.998280 -0.007915
v -0.025764 -1.998280 -0.011323
v -0.049881 -1.998280 -0.021314
v -0.070591 -1.998280 -0.037205
v -0.086483 -1.998280 -0.057916
v -0.096473 -1.998280 -0.082034
v 0.103527 -1.972399 -0.107916
v 0.113517 -1.948281 -0.107916
v 0.129409 -1.927570 -0.107916
v 0.150119 -1.911677 -0.107916
v 0.174237 -1.901688 -0.107916
v -0.099766 -1.972399 -0.134680
v -0.109415 -1.948281 -0.137265
v -0.124765 -1.927570 -0.141379
v -0.144770 -1.911677 -0.146739
v -0.168067 -1.901688 -0.152981
v -0.174000 -1.901688 -0.107916
v -0.149881 -1.911677 -0.107916
v -0.129170 -1.927570 -0.107916
v -0.113278 -1.948281 -0.107916
v -0.103288 -1.972399 -0.107916
v -0.089434 -1.972399 -0.159620
v -0.098086 -1.948281 -0.164615
v -0.111850 -1.927570 -0.172561
v -0.129786 -1.911677 -0.182916
v -0.150671 -1.901688 -0.194975
v -0.073001 -1.972399 -0.181036
v -0.080065 -1.948281 -0.188100
v -0.091302 -1.927570 -0.199337
v -0.105947 -1.911677 -0.213982
v -0.123002 -1.901688 -0.231036
v -0.051584 -1.972399 -0.197470
v -0.056580 -1.948281 -0.206120
v -0.064525 -1.927570 -0.219884
v -0.074882 -1.911677 -0.237820
v -0.086941 -1.901688 -0.258707
v -0.026645 -1.972399 -0.207800
v -0.029230 -1.948281 -0.217450
v -0.033344 -1.927570 -0.232800
v -0.038704 -1.911677 -0.252805
v -0.044946 -1.901688 -0.276101
v 0.000118 -1.972399 -0.211323
v 0.000118 -1.948281 -0.221313
v 0.000118 -1.927570 -0.237205
v 0.000118 -1.911677 -0.257915
v 0.000118 -1.901688 -0.282034
v 0.026882 -1.972399 -0.207800
v 0.029469 -1.948281 -0.217450
v 0.033581 -1.927570 -0.232800
v 0.038942 -1.911677 -0.252805
v 0.045183 -1.901688 -0.276101
v 0.051822 -1.972399 -0.197470
v 0.056818 -1.948281 -0.206120
v 0.064764 -1.927570 -0.219884
v 0.075119 -1.911677 -0.237820
v 0.087178 -1.901688 -0.258707
v 0.073239 -1.972399 -0.181036
v 0.080302 -1.948281 -0.188100
v 0.091541 -1.927570 -0.199337
v 0.106184 -1.911677 -0.213982
v 0.123239 -1.901688 -0.231036
v 0.089673 -1.972399 -0.159620
v 0.098324 -1.948281 -0.164615
v 0.112087 -1.927570 -0.172561
v 0.130023 -1.911677 -0.182916
v 0.150909 -1.901688 -0.194975
v 0.100003 -1.972399 -0.134680
v 0.109653 -1.948281 -0.137265
v 0.125003 -1.927570 -0.141379
v 0.145008 -1.911677 -0.146739
v 0.168303 -1.901688 -0.152981
v 0.100003 -1.972399 -0.081152
v 0.109653 -1.948281 -0.078567
v 0.125003 -1.927570 -0.074454
v 0.145008 -1.911677 -0.069093
v 0.168303 -1.901688 -0.062851
v 0.089673 -1.972399 -0.056211
v 0.098324 -1.948281 -0.051217
v 0.112087 -1.927570 -0.043271
v 0.130023 -1.911677 -0.032916
v 0.150909 -1.901688 -0.020857
v 0.073239 -1.972399 -0.034796
v 0.080302 -1.948281 -0.027732
v 0.091541 -1.927570 -0.016495
v 0.106184 -1.911677 -0.001850
v 0.123239 -1.901688 0.015204
v 0.051822 -1.972399 -0.018363
v 0.056818 -1.948281 -0.009711
v 0.064764 -1.927570 0.004052
v 0.075119 -1.911677 0.021988
v 0.087178 -1.901688 0.042875
v 0.026882 -1.972399 -0.008032
v 0.029469 -1.948281 0.001617
v 0.033581 -1.927570 0.016968
v 0.038942 -1.911677 0.036973
v 0.045183 -1.901688 0.060269
v 0.000118 -1.972399 -0.004509
v 0.000118 -1.948281 0.005481
v 0.000118 -1.927570 0.021373
v 0.000118 -1.911677 0.042084
v 0.000118 -1.901688 0.066202
v -0.026645 -1.972399 -0.008032
v -0.029230 -1.948281 0.001617
v -0.033344 -1.927570 0.016968
v -0.038704 -1.911677 0.036973
v -0.044946 -1.901688 0.060269
v -0.051584 -1.972399 -0.018363
v -0.056580 -1.948281 -0.009711
v -0.064525 -1.927570 0.004052
v -0.074882 -1.911677 0.021988
v -0.086941 -1.901688 0.042875
v -0.073001 -1.972399 -0.034796
v -0.080065 -1.948281 -0.027732
v -0.091302 -1.927570 -0.016495
v -0.105947 -1.911677 -0.001850
v -0.123002 -1.901688 0.015204
v -0.089434 -1.972399 -0.056211
v -0.098086 -1.948281 -0.051217
v -0.111850 -1.927570 -0.043271
v -0.129786 -1.911677 -0.032916
v -0.150671 -1.901688 -0.020857
v -0.099766 -1.972399 -0.081152
v -0.109415 -1.948281 -0.078567
v -0.124765 -1.927570 -0.074454
v -0.144770 -1.911677 -0.069093
v -0.168067 -1.901688 -0.062851
v -0.099881 -2.198280 -0.107916
v -0.096473 -2.198280 -0.133798
v -0.086483 -2.198280 -0.157916
v -0.070591 -2.198280 -0.178627
v -0.049881 -2.198280 -0.194519
v -0.025764 -2.198280 -0.204509
v 0.000118 -2.198280 -0.207916
v 0.026000 -2.198280 -0.204509
v 0.050118 -2.198280 -0.194519
v 0.070830 -2.198280 -0.178627
v 0.086721 -2.198280 -0.157916
v 0.096712 -2.198280 -0.133798
v 0.100119 -2.198280 -0.107916
v 0.096712 -2.198280 -0.082034
v 0.086721 -2.198280 -0.057916
v 0.070830 -2.198280 -0.037205
v 0.050118 -2.198280 -0.021314
v 0.026000 -2.198280 -0.011323
v 0.000118 -2.198280 -0.007915
v -0.025764 -2.198280 -0.011323
v -0.049881 -2.198280 -0.021314
v -0.070591 -2.198280 -0.037205
v -0.086483 -2.198280 -0.057916
v -0.096473 -2.198280 -0.082034
v -0.399881 -1.998280 0.692084
v -0.386251 -1.998280 0.588556
v -0.346292 -1.998280 0.492085
v -0.282723 -1.998280 0.409241
v -0.199882 -1.998280 0.345675
v -0.103409 -1.998280 0.305714
v 0.000118 -1.998280 0.292084
v 0.103647 -1.998280 0.305714
v 0.200119 -1.998280 0.345675
v 0.282962 -1.998280 0.409241
v 0.346529 -1.998280 0.492085
v 0.386490 -1.998280 0.588556
v 0.400119 -1.998280 0.692084
v 0.386490 -1.998280 0.795612
v 0.346529 -1.998280 0.892084
v 0.282962 -1.998280 0.974927
v 0.200119 -1.998280 1.038494
v 0.103647 -1.998280 1.078454
v 0.000118 -1.998280 1.092084
v -0.103409 -1.998280 1.078454
v -0.199882 -1.998280 1.038494
v -0.282723 -1.998280 0.974927
v -0.346292 -1.998280 0.892084
v -0.386251 -1.998280 0.795612
v 0.403527 -1.972399 0.692084
v 0.413517 -1.948281 0.692084
v 0.429409 -1.927570 0.692084
v 0.450119 -1.911677 0.692084
v 0.474236 -1.901688 0.692084
v -0.389543 -1.972399 0.587674
v -0.399193 -1.948281 0.585089
v -0.414542 -1.927570 0.580976
v -0.434547 -1.911677 0.575615
v -0.457844 -1.901688 0.569373
v -0.474000 -1.901688 0.692084
v -0.449882 -1.911677 0.692084
v -0.429170 -1.927570 0.692084
v -0.413279 -1.948281 0.692084
v -0.403288 -1.972399 0.692084
v -0.349242 -1.972399 0.490380
v -0.357893 -1.948281 0.485385
v -0.371656 -1.927570 0.477439
v -0.389592 -1.911677 0.467084
v -0.410480 -1.901688 0.455025
v -0.285133 -1.972399 0.406832
v -0.292197 -1.948281 0.399768
v -0.303434 -1.927570 0.388531
v -0.318079 -1.911677 0.373886
v -0.335134 -1.901688 0.356833
v -0.201585 -1.972399 0.342723
v -0.206579 -1.948281 0.334071
v -0.214525 -1.927570 0.320308
v -0.224881 -1.911677 0.302373
v -0.236940 -1.901688 0.281487
v -0.104290 -1.972399 0.302423
v -0.106876 -1.948281 0.292773
v -0.110990 -1.927570 0.277422
v -0.116349 -1.911677 0.257417
v -0.122592 -1.901688 0.234121
v 0.000118 -1.972399 0.288677
v 0.000118 -1.948281 0.278687
v 0.000118 -1.927570 0.262795
v 0.000118 -1.911677 0.242085
v 0.000118 -1.901688 0.217966
v 0.104528 -1.972399 0.302423
v 0.107114 -1.948281 0.292773
v 0.111228 -1.927570 0.277422
v 0.116588 -1.911677 0.257417
v 0.122829 -1.901688 0.234121
v 0.201823 -1.972399 0.342723
v 0.206818 -1.948281 0.334071
v 0.214764 -1.927570 0.320308
v 0.225119 -1.911677 0.302373
v 0.237178 -1.901688 0.281487
v 0.285371 -1.972399 0.406832
v 0.292434 -1.948281 0.399768
v 0.303673 -1.927570 0.388531
v 0.318316 -1.911677 0.373886
v 0.335371 -1.901688 0.356833
v 0.349479 -1.972399 0.490380
v 0.358131 -1.948281 0.485385
v 0.371895 -1.927570 0.477439
v 0.389831 -1.911677 0.467084
v 0.410717 -1.901688 0.455025
v 0.389781 -1.972399 0.587674
v 0.399431 -1.948281 0.585089
v 0.414781 -1.927570 0.580976
v 0.434786 -1.911677 0.575615
v 0.458081 -1.901688 0.569373
v 0.389781 -1.972399 0.796494
v 0.399431 -1.948281 0.799079
v 0.414781 -1.927570 0.803192
v 0.434786 -1.911677 0.808553
v 0.458081 -1.901688 0.814795
v 0.349479 -1.972399 0.893788
v 0.358131 -1.948281 0.898783
v 0.371895 -1.927570 0.906729
v 0.389831 -1.911677 0.917084
v 0.410717 -1.901688 0.929143
v 0.285371 -1.972399 0.977336
v 0.292434 -1.948281 0.984400
v 0.303673 -1.927570 0.995637
v 0.318316 -1.911677 1.010283
v 0.335371 -1.901688 1.027336
v 0.201823 -1.972399 1.041445
v 0.206818 -1.948281 1.050097
v 0.214764 -1.927570 1.063859
v 0.225119 -1.911677 1.081795
v 0.237178 -1.901688 1.102682
v 0.104528 -1.972399 1.081746
v 0.107114 -1.948281 1.091395
v 0.111228 -1.927570 1.106746
v 0.116588 -1.911677 1.126751
v 0.122829 -1.901688 1.150047
v 0.000118 -1.972399 1.095491
v 0.000118 -1.948281 1.105481
v 0.000118 -1.927570 1.121373
v 0.000118 -1.911677 1.142084
v 0.000118 -1.901688 1.166203
v -0.104290 -1.972399 1.081746
v -0.106876 -1.948281 1.091395
v -0.110990 -1.927570 1.106746
v -0.116349 -1.911677 1.126751
v -0.122592 -1.901688 1.150047
v -0.201585 -1.972399 1.041445
v -0.206579 -1.948281 1.050097
v -0.214525 -1.927570 1.063859
v -0.224881 -1.911677 1.081795
v -0.236940 -1.901688 1.102682
v -0.285133 -1.972399 0.977336
v -0.292197 -1.948281 0.984400
v -0.303434 -1.927570 0.995637
v -0.318079 -1.911677 1.010283
v -0.335134 -1.901688 1.027336
v -0.349242 -1.972399 0.893788
v -0.357893 -1.948281 0.898783
v -0.371656 -1.927570 0.906729
v -0.389592 -1.911677 0.917084
v -0.410480 -1.901688 0.929143
v -0.389543 -1.972399 0.796494
v -0.399193 -1.948281 0.799079
v -0.414542 -1.927570 0.803192
v -0.434547 -1.911677 0.808553
v -0.457844 -1.901688 0.814795
v -0.399881 -2.198280 0.692084
v -0.386251 -2.198280 0.588556
v -0.346292 -2.198280 0.492085
v -0.282723 -2.198280 0.409241
v -0.199882 -2.198280 0.345675
v -0.103409 -2.198280 0.305714
v 0.000118 -2.198280 0.292084
v 0.103647 -2.198280 0.305714
v 0.200119 -2.198280 0.345675
v 0.282962 -2.198280 0.409241
v 0.346529 -2.198280 0.492085
v 0.386490 -2.198280 0.588556
v 0.400119 -2.198280 0.692084
v 0.386490 -2.198280 0.795612
v 0.346529 -2.198280 0.892084
v 0.282962 -2.198280 0.974927
v 0.200119 -2.198280 1.038494
v 0.103647 -2.198280 1.078454
v 0.000118 -2.198280 1.092084
v -0.103409 -2.198280 1.078454
v -0.199882 -2.198280 1.038494
v -0.282723 -2.198280 0.974927
v -0.346292 -2.198280 0.892084
v -0.386251 -2.198280 0.795612
v -0.899881 -1.998280 0.692084
v -0.896473 -1.998280 0.666203
v -0.886484 -1.998280 0.642084
v -0.870592 -1.998280 0.621373
v -0.849882 -1.998280 0.605481
v -0.825764 -1.998280 0.595491
v -0.799881 -1.998280 0.592084
v -0.774000 -1.998280 0.595491
v -0.749881 -1.998280 0.605481
v -0.729171 -1.998280 0.621373
v -0.713279 -1.998280 0.642084
v -0.703289 -1.998280 0.666203
v -0.699882 -1.998280 0.692084
v -0.703289 -1.998280 0.717966
v -0.713279 -1.998280 0.742085
v -0.729171 -1.998280 0.762795
v -0.749881 -1.998280 0.778687
v -0.774000 -1.998280 0.788677
v -0.799881 -1.998280 0.792084
v -0.825764 -1.998280 0.788677
v -0.849882 -1.998280 0.778687
v -0.870592 -1.998280 0.762795
v -0.886484 -1.998280 0.742085
v -0.896473 -1.998280 0.717966
v -0.696473 -1.972399 0.692084
v -0.686483 -1.948281 0.692084
v -0.670591 -1.927570 0.692084
v -0.649881 -1.911677 0.692084
v -0.625763 -1.901688 0.692084
v -0.899765 -1.972399 0.665320
v -0.909414 -1.948281 0.662735
v -0.924766 -1.927570 0.658621
v -0.944770 -1.911677 0.653261
v -0.968067 -1.901688 0.647019
v -0.974000 -1.901688 0.692084
v -0.949882 -1.911677 0.692084
v -0.929171 -1.927570 0.692084
v -0.913279 -1.948281 0.692084
v -0.903288 -1.972399 0.692084
v -0.889434 -1.972399 0.640380
v -0.898087 -1.948281 0.635386
v -0.911849 -1.927570 0.627439
v -0.929785 -1.911677 0.617085
v -0.950672 -1.901688 0.605025
v -0.873002 -1.972399 0.618964
v -0.880065 -1.948281 0.611900
v -0.891303 -1.927570 0.600663
v -0.905948 -1.911677 0.586018
v -0.923001 -1.901688 0.568964
v -0.851584 -1.972399 0.602530
v -0.856579 -1.948281 0.593879
v -0.864525 -1.927570 0.580116
v -0.874881 -1.911677 0.562181
v -0.886940 -1.901688 0.541293
v -0.826645 -1.972399 0.592200
v -0.829230 -1.948281 0.582550
v -0.833344 -1.927570 0.567200
v -0.838705 -1.911677 0.547195
v -0.844946 -1.901688 0.523899
v -0.799881 -1.972399 0.588677
v -0.799881 -1.948281 0.578686
v -0.799881 -1.927570 0.562795
v -0.799881 -1.911677 0.542084
v -0.799881 -1.901688 0.517966
v -0.773118 -1.972399 0.592200
v -0.770532 -1.948281 0.582550
v -0.766418 -1.927570 0.567200
v -0.761058 -1.911677 0.547195
v -0.754817 -1.901688 0.523899
v -0.748178 -1.972399 0.602530
v -0.743183 -1.948281 0.593879
v -0.735236 -1.927570 0.580116
v -0.724881 -1.911677 0.562181
v -0.712822 -1.901688 0.541293
v -0.726762 -1.972399 0.618964
v -0.719697 -1.948281 0.611900
v -0.708459 -1.927570 0.600663
v -0.693815 -1.911677 0.586018
v -0.676761 -1.901688 0.568964
v -0.710327 -1.972399 0.640380
v -0.701676 -1.948281 0.635386
v -0.687913 -1.927570 0.627439
v -0.669977 -1.911677 0.617085
v -0.649091 -1.901688 0.605025
v -0.699997 -1.972399 0.665320
v -0.690347 -1.948281 0.662735
v -0.674998 -1.927570 0.658621
v -0.654993 -1.911677 0.653261
v -0.631696 -1.901688 0.647019
v -0.699997 -1.972399 0.718848
v -0.690347 -1.948281 0.721433
v -0.674998 -1.927570 0.725546
v -0.654993 -1.911677 0.730907
v -0.631696 -1.901688 0.737149
v -0.710327 -1.972399 0.743788
v -0.701676 -1.948281 0.748783
v -0.687913 -1.927570 0.756729
v -0.669977 -1.911677 0.767084
v -0.649091 -1.901688 0.779143
v -0.726762 -1.972399 0.765204
v -0.719697 -1.948281 0.772268
v -0.708459 -1.927570 0.783505
v -0.693815 -1.911677 0.798150
v -0.676761 -1.901688 0.815204
v -0.748178 -1.972399 0.781637
v -0.743183 -1.948281 0.790289
v -0.735236 -1.927570 0.804052
v -0.724881 -1.911677 0.821988
v -0.712822 -1.901688 0.842875
v -0.773118 -1.972399 0.791968
v -0.770532 -1.948281 0.801617
v -0.766418 -1.927570 0.816968
v -0.761058 -1.911677 0.836973
v -0.754817 -1.901688 0.860270
v -0.799881 -1.972399 0.795491
v -0.799881 -1.948281 0.805481
v -0.799881 -1.927570 0.821373
v -0.799881 -1.911677 0.842084
v -0.799881 -1.901688 0.866202
v -0.826645 -1.972399 0.791968
v -0.829230 -1.948281 0.801617
v -0.833344 -1.927570 0.816968
v -0.838705 -1.911677 0.836973
v -0.844946 -1.901688 0.860270
v -0.851584 -1.972399 0.781637
v -0.856579 -1.948281 0.790289
v -0.864525 -1.927570 0.804052
v -0.874881 -1.911677 0.821988
v -0.886940 -1.901688 0.842875
v -0.873002 -1.972399 0.765204
v -0.880065 -1.948281 0.772268
v -0.891303 -1.927570 0.783505
v -0.905948 -1.911677 0.798150
v -0.923001 -1.901688 0.815204
v -0.889434 -1.972399 0.743788
v -0.898087 -1.948281 0.748783
v -0.911849 -1.927570 0.756729
v -0.929785 -1.911677 0.767084
v -0.950672 -1.901688 0.779143
v -0.899765 -1.972399 0.718848
v -0.909414 -1.948281 0.721433
v -0.924766 -1.927570 0.725546
v -0.944770 -1.911677 0.730907
v -0.968067 -1.901688 0.737149
v -0.899881 -2.198280 0.692084
v -0.896473 -2.198280 0.666203
v -0.886484 -2.198280 0.642084
v -0.870592 -2.198280 0.621373
v -0.849882 -2.198280 0.605481
v -0.825764 -2.198280 0.595491
v -0.799881 -2.198280 0.592084
v -0.774000 -2.198280 0.595491
v -0.749881 -2.198280 0.605481
v -0.729171 -2.198280 0.621373
v -0.713279 -2.198280 0.642084
v -0.703289 -2.198280 0.666203
v -0.699882 -2.198280 0.692084
v -0.703289 -2.198280 0.717966
v -0.713279 -2.198280 0.742085
v -0.729171 -2.198280 0.762795
v -0.749881 -2.198280 0.778687
v -0.774000 -2.198280 0.788677
v -0.799881 -2.198280 0.792084
v -0.825764 -2.198280 0.788677
v -0.849882 -2.198280 0.778687
v -0.870592 -2.198280 0.762795
v -0.886484 -2.198280 0.742085
v -0.896473 -2.198280 0.717966
v 0.700119 -1.998280 0.692084
v 0.703526 -1.998280 0.666203
v 0.713516 -1.998280 0.642084
v 0.729409 -1.998280 0.621373
v 0.750118 -1.998280 0.605481
v 0.774236 -1.998280 0.595491
v 0.800118 -1.998280 0.592084
v 0.826000 -1.998280 0.595491
v 0.850119 -1.998280 0.605481
v 0.870830 -1.998280 0.621373
v 0.886722 -1.998280 0.642084
v 0.896712 -1.998280 0.666203
v 0.900119 -1.998280 0.692084
v 0.896712 -1.998280 0.717966
v 0.886722 -1.998280 0.742085
v 0.870830 -1.998280 0.762795
v 0.850119 -1.998280 0.778687
v 0.826000 -1.998280 0.788677
v 0.800118 -1.998280 0.792084
v 0.774236 -1.998280 0.788677
v 0.750118 -1.998280 0.778687
v 0.729409 -1.998280 0.762795
v 0.713516 -1.998280 0.742085
v 0.703526 -1.998280 0.717966
v 0.903527 -1.972399 0.692084
v 0.913517 -1.948281 0.692084
v 0.929409 -1.927570 0.692084
v 0.950119 -1.911677 0.692084
v 0.974236 -1.901688 0.692084
v 0.700234 -1.972399 0.665320
v 0.690586 -1.948281 0.662735
v 0.675235 -1.927570 0.658621
v 0.655230 -1.911677 0.653261
v 0.631933 -1.901688 0.647019
v 0.626001 -1.901688 0.692084
v 0.650119 -1.911677 0.692084
v 0.670830 -1.927570 0.692084
v 0.686722 -1.948281 0.692084
v 0.696712 -1.972399 0.692084
v 0.710566 -1.972399 0.640380
v 0.701914 -1.948281 0.635386
v 0.688151 -1.927570 0.627439
v 0.670214 -1.911677 0.617085
v 0.649328 -1.901688 0.605025
v 0.726999 -1.972399 0.618964
v 0.719934 -1.948281 0.611900
v 0.708698 -1.927570 0.600663
v 0.694052 -1.911677 0.586018
v 0.676999 -1.901688 0.568964
v 0.748415 -1.972399 0.602530
v 0.743421 -1.948281 0.593879
v 0.735475 -1.927570 0.580116
v 0.725119 -1.911677 0.562181
v 0.713059 -1.901688 0.541293
v 0.773355 -1.972399 0.592200
v 0.770770 -1.948281 0.582550
v 0.766657 -1.927570 0.567200
v 0.761296 -1.911677 0.547195
v 0.755054 -1.901688 0.523899
v 0.800118 -1.972399 0.588677
v 0.800118 -1.948281 0.578686
v 0.800118 -1.927570 0.562795
v 0.800118 -1.911677 0.542084
v 0.800118 -1.901688 0.517966
v 0.826883 -1.972399 0.592200
v 0.829468 -1.948281 0.582550
v 0.833581 -1.927570 0.567200
v 0.838942 -1.911677 0.547195
v 0.845184 -1.901688 0.523899
v 0.851823 -1.972399 0.602530
v 0.856817 -1.948281 0.593879
v 0.864763 -1.927570 0.580116
v 0.875118 -1.911677 0.562181
v 0.887177 -1.901688 0.541293
v 0.873239 -1.972399 0.618964
v 0.880302 -1.948281 0.611900
v 0.891541 -1.927570 0.600663
v 0.906184 -1.911677 0.586018
v 0.923239 -1.901688 0.568964
v 0.889673 -1.972399 0.640380
v 0.898324 -1.948281 0.635386
v 0.912086 -1.927570 0.627439
v 0.930022 -1.911677 0.617085
v 0.950910 -1.901688 0.605025
v 0.900002 -1.972399 0.665320
v 0.909652 -1.948281 0.662735
v 0.925003 -1.927570 0.658621
v 0.945008 -1.911677 0.653261
v 0.968303 -1.901688 0.647019
v 0.900002 -1.972399 0.718848
v 0.909652 -1.948281 0.721433
v 0.925003 -1.927570 0.725546
v 0.945008 -1.911677 0.730907
v 0.968303 -1.901688 0.737149
v 0.889673 -1.972399 0.743788
v 0.898324 -1.948281 0.748783
v 0.912086 -1.927570 0.756729
v 0.930022 -1.911677 0.767084
v 0.950910 -1.901688 0.779143
v 0.873239 -1.972399 0.765204
v 0.880302 -1.948281 0.772268
v 0.891541 -1.927570 0.783505
v 0.906184 -1.911677 0.798150
v 0.923239 -1.901688 0.815204
v 0.851823 -1.972399 0.781637
v 0.856817 -1.948281 0.790289
v 0.864763 -1.927570 0.804052
v 0.875118 -1.911677 0.821988
v 0.887177 -1.901688 0.842875
v 0.826883 -1.972399 0.791968
v 0.829468 -1.948281 0.801617
v 0.833581 -1.927570 0.816968
v 0.838942 -1.911677 0.836973
v 0.845184 -1.901688 0.860270
v 0.800118 -1.972399 0.795491
v 0.800118 -1.948281 0.805481
v 0.800118 -1.927570 0.821373
v 0.800118 -1.911677 0.842084
v 0.800118 -1.901688 0.866202
v 0.773355 -1.972399 0.791968
v 0.770770 -1.948281 0.801617
v 0.766657 -1.927570 0.816968
v 0.761296 -1.911677 0.836973
v 0.755054 -1.901688 0.860270
v 0.748415 -1.972399 0.781637
v 0.743421 -1.948281 0.790289
v 0.735475 -1.927570 0.804052
v 0.725119 -1.911677 0.821988
v 0.713059 -1.901688 0.842875
v 0.726999 -1.972399 0.765204
v 0.719934 -1.948281 0.772268
v 0.708698 -1.927570 0.783505
v 0.694052 -1.911677 0.798150
v 0.676999 -1.901688 0.815204
v 0.710566 -1.972399 0.743788
v 0.701914 -1.948281 0.748783
v 0.688151 -1.927570 0.756729
v 0.670214 -1.911677 0.767084
v 0.649328 -1.901688 0.779143
v 0.700234 -1.972399 0.718848
v 0.690586 -1.948281 0.721433
v 0.675235 -1.927570 0.725546
v 0.655230 -1.911677 0.730907
v 0.631933 -1.901688 0.737149
v 0.700119 -2.198280 0.692084
v 0.703526 -2.198280 0.666203
v 0.713516 -2.198280 0.642084
v 0.729409 -2.198280 0.621373
v 0.750118 -2.198280 0.605481
v 0.774236 -2.198280 0.595491
v 0.800118 -2.198280 0.592084
v 0.826000 -2.198280 0.595491
v 0.850119 -2.198280 0.605481
v 0.870830 -2.198280 0.621373
v 0.886722 -2.198280 0.642084
v 0.896712 -2.198280 0.666203
v 0.900119 -2.198280 0.692084
v 0.896712 -2.198280 0.717966
v 0.886722 -2.198280 0.742085
v 0.870830 -2.198280 0.762795
v 0.850119 -2.198280 0.778687
v 0.826000 -2.198280 0.788677
v 0.800118 -2.198280 0.792084
v 0.774236 -2.198280 0.788677
v 0.750118 -2.198280 0.778687
v 0.729409 -2.198280 0.762795
v 0.713516 -2.198280 0.742085
v 0.703526 -2.198280 0.717966
v -0.099881 -1.998280 1.492085
v -0.096473 -1.998280 1.466202
v -0.086483 -1.998280 1.442084
v -0.070591 -1.998280 1.421373
v -0.049881 -1.998280 1.405481
v -0.025764 -1.998280 1.395491
v 0.000118 -1.998280 1.392084
v 0.026000 -1.998280 1.395491
v 0.050118 -1.998280 1.405481
v 0.070830 -1.998280 1.421373
v 0.086721 -1.998280 1.442084
v 0.096712 -1.998280 1.466202
v 0.100119 -1.998280 1.492085
v 0.096712 -1.998280 1.517966
v 0.086721 -1.998280 1.542084
v 0.070830 -1.998280 1.562795
v 0.050118 -1.998280 1.578686
v 0.026000 -1.998280 1.588677
v 0.000118 -1.998280 1.592084
v -0.025764 -1.998280 1.588677
v -0.049881 -1.998280 1.578686
v -0.070591 -1.998280 1.562795
v -0.086483 -1.998280 1.542084
v -0.096473 -1.998280 1.517966
v -0.155349 -1.898281 1.617399
v -0.079469 -1.902210 1.644839
v 0.000118 -1.905578 1.654584
v 0.079706 -1.902210 1.644839
v 0.155586 -1.898281 1.617399
v 0.103527 -1.972399 1.492085
v 0.113517 -1.948281 1.492085
v 0.129409 -1.927570 1.492085
v 0.150119 -1.911677 1.492085
v 0.174237 -1.901688 1.492085
v 0.087178 -1.901688 1.642875
v -0.099766 -1.972399 1.465320
v -0.109415 -1.948281 1.462735
v -0.124765 -1.927570 1.458621
v -0.144770 -1.911677 1.453261
v -0.168067 -1.901688 1.447019
v -0.174000 -1.901688 1.492085
v -0.149881 -1.911677 1.492085
v -0.129170 -1.927570 1.492085
v -0.113278 -1.948281 1.492085
v -0.103288 -1.972399 1.492085
v -0.089434 -1.972399 1.440380
v -0.098086 -1.948281 1.435385
v -0.111850 -1.927570 1.427439
v -0.129786 -1.911677 1.417084
v -0.150671 -1.901688 1.405025
v -0.073001 -1.972399 1.418964
v -0.080065 -1.948281 1.411901
v -0.091302 -1.927570 1.400663
v -0.105947 -1.911677 1.386018
v -0.123002 -1.901688 1.368964
v -0.051584 -1.972399 1.402530
v -0.056580 -1.948281 1.393879
v -0.064525 -1.927570 1.380116
v -0.074882 -1.911677 1.362180
v -0.086941 -1.901688 1.341293
v -0.026645 -1.972399 1.392200
v -0.029230 -1.948281 1.382550
v -0.033344 -1.927570 1.367200
v -0.038704 -1.911677 1.347195
v -0.044946 -1.901688 1.323899
v 0.000118 -1.972399 1.388677
v 0.000118 -1.948281 1.378686
v 0.000118 -1.927570 1.362795
v 0.000118 -1.911677 1.342084
v 0.000118 -1.901688 1.317966
v 0.026882 -1.972399 1.392200
v 0.029469 -1.948281 1.382550
v 0.033581 -1.927570 1.367200
v 0.038942 -1.911677 1.347195
v 0.045183 -1.901688 1.323899
v 0.051822 -1.972399 1.402530
v 0.056818 -1.948281 1.393879
v 0.064764 -1.927570 1.380116
v 0.075119 -1.911677 1.362180
v 0.087178 -1.901688 1.341293
v 0.073239 -1.972399 1.418964
v 0.080302 -1.948281 1.411901
v 0.091541 -1.927570 1.400663
v 0.106184 -1.911677 1.386018
v 0.123239 -1.901688 1.368964
v 0.089673 -1.972399 1.440380
v 0.098324 -1.948281 1.435385
v 0.112087 -1.927570 1.427439
v 0.130023 -1.911677 1.417084
v 0.150909 -1.901688 1.405025
v 0.100003 -1.972399 1.465320
v 0.109653 -1.948281 1.462735
v 0.125003 -1.927570 1.458621
v 0.145008 -1.911677 1.453261
v 0.168303 -1.901688 1.447019
v 0.100003 -1.972399 1.518848
v 0.109653 -1.948281 1.521433
v 0.125003 -1.927570 1.525546
v 0.145008 -1.911677 1.530907
v 0.168303 -1.901688 1.537149
v 0.089673 -1.972399 1.543788
v 0.098324 -1.948281 1.548783
v 0.112087 -1.927570 1.556729
v 0.130023 -1.911677 1.567084
v 0.150909 -1.901688 1.579144
v 0.073239 -1.972399 1.565204
v 0.080302 -1.948281 1.572268
v 0.091541 -1.927570 1.583505
v 0.106184 -1.911677 1.598150
v 0.123239 -1.901688 1.615204
v 0.051822 -1.972399 1.581637
v 0.056818 -1.948281 1.590289
v 0.064764 -1.927570 1.604053
v 0.075119 -1.911677 1.621988
v 0.026882 -1.972399 1.591969
v 0.029469 -1.948281 1.601617
v 0.033581 -1.927570 1.616968
v 0.038942 -1.911677 1.636973
v 0.000118 -1.972399 1.595491
v 0.000118 -1.948281 1.605481
v 0.000118 -1.927570 1.621373
v 0.000118 -1.911677 1.642084
v -0.026645 -1.972399 1.591969
v -0.029230 -1.948281 1.601617
v -0.033344 -1.927570 1.616968
v -0.038704 -1.911677 1.636973
v -0.051584 -1.972399 1.581637
v -0.056580 -1.948281 1.590289
v -0.064525 -1.927570 1.604053
v -0.074882 -1.911677 1.621988
v -0.086941 -1.901688 1.642875
v -0.073001 -1.972399 1.565204
v -0.080065 -1.948281 1.572268
v -0.091302 -1.927570 1.583505
v -0.105947 -1.911677 1.598150
v -0.123002 -1.901688 1.615204
v -0.089434 -1.972399 1.543788
v -0.098086 -1.948281 1.548783
v -0.111850 -1.927570 1.556729
v -0.129786 -1.911677 1.567084
v -0.150671 -1.901688 1.579144
v -0.099766 -1.972399 1.518848
v -0.109415 -1.948281 1.521433
v -0.124765 -1.927570 1.525546
v -0.144770 -1.911677 1.530907
v -0.168067 -1.901688 1.537149
v -1.049881 -1.901688 1.642966
v -1.049881 -1.911677 1.667084
v -1.049881 -1.927570 1.687795
v -1.049881 -1.948281 1.703686
v -1.049881 -1.972399 1.713677
v -1.049881 -1.998280 1.717084
v 1.050118 -1.998280 1.717084
v 1.050118 -1.972399 1.713677
v 1.050118 -1.948281 1.703686
v 1.050118 -1.927570 1.687795
v 1.050118 -1.911677 1.667084
v 1.050118 -1.901688 1.642966
v 0.525119 -1.901688 1.642966
v -0.524881 -1.911677 1.667084
v 0.000118 -1.911677 1.667084
v 0.525119 -1.911677 1.667084
v -0.524881 -1.901688 1.642966
v -0.524881 -1.927570 1.687795
v 0.000118 -1.927570 1.687795
v 0.525119 -1.927570 1.687795
v -0.524881 -1.948281 1.703686
v 0.000118 -1.948281 1.703686
v 0.525119 -1.948281 1.703686
v -0.524881 -1.972399 1.713677
v 0.000118 -1.972399 1.713677
v 0.525119 -1.972399 1.713677
v -0.099881 -2.198280 1.492085
v -0.096473 -2.198280 1.466202
v -0.086483 -2.198280 1.442084
v -0.070591 -2.198280 1.421373
v -0.049881 -2.198280 1.405481
v -0.025764 -2.198280 1.395491
v 0.000118 -2.198280 1.392084
v 0.026000 -2.198280 1.395491
v 0.050118 -2.198280 1.405481
v 0.070830 -2.198280 1.421373
v 0.086721 -2.198280 1.442084
v 0.096712 -2.198280 1.466202
v 0.100119 -2.198280 1.492085
v 0.096712 -2.198280 1.517966
v 0.086721 -2.198280 1.542084
v 0.070830 -2.198280 1.562795
v 0.050118 -2.198280 1.578686
v 0.026000 -2.198280 1.588677
v 0.000118 -2.198280 1.592084
v -0.025764 -2.198280 1.588677
v -0.049881 -2.198280 1.578686
v -0.070591 -2.198280 1.562795
v -0.086483 -2.198280 1.542084
v -0.096473 -2.198280 1.517966
v -0.099881 1.998672 1.492085
v -0.096473 1.998672 1.517966
v -0.086483 1.998672 1.542084
v -0.070591 1.998672 1.562795
v -0.049881 1.998672 1.578686
v -0.025764 1.998672 1.588677
v 0.000118 1.998672 1.592084
v 0.026000 1.998672 1.588677
v 0.050118 1.998672 1.578686
v 0.070830 1.998672 1.562795
v 0.086721 1.998672 1.542084
v 0.096712 1.998672 1.517966
v 0.100119 1.998672 1.492085
v 0.096712 1.998672 1.466202
v 0.086721 1.998672 1.442084
v 0.070830 1.998672 1.421373
v 0.050118 1.998672 1.405481
v 0.026000 1.998672 1.395491
v 0.000118 1.998672 1.392084
v -0.025764 1.998672 1.395491
v -0.049881 1.998672 1.405481
v -0.070591 1.998672 1.421373
v -0.086483 1.998672 1.442084
v -0.096473 1.998672 1.466202
v 0.156244 1.898672 1.617085
v 0.155586 1.898672 1.617399
v 0.079706 1.902601 1.644839
v 0.000118 1.905970 1.654584
v -0.079469 1.902601 1.644839
v -0.155349 1.898672 1.617399
v -0.156007 1.898672 1.617085
v -0.182040 1.898672 1.574654
v -0.196790 1.898672 1.527110
v -0.199342 1.898672 1.477395
v -0.189534 1.898672 1.428590
v -0.167979 1.898672 1.383719
v -0.136010 1.898672 1.345561
v -0.095608 1.898672 1.316481
v -0.049274 1.898672 1.298279
v 0.000118 1.898672 1.292084
v 0.049511 1.898672 1.298279
v 0.095845 1.898672 1.316481
v 0.136248 1.898672 1.345561
v 0.168217 1.898672 1.383719
v 0.189773 1.898672 1.428590
v 0.199579 1.898672 1.477395
v 0.197027 1.898672 1.527110
v 0.182279 1.898672 1.574654
v -0.103288 1.972790 1.492085
v -0.113278 1.948671 1.492085
v -0.129170 1.927961 1.492085
v -0.149881 1.912069 1.492085
v -0.174000 1.902079 1.492085
v -0.086941 1.902079 1.642875
v -0.099766 1.972790 1.518848
v -0.109415 1.948671 1.521433
v -0.124765 1.927961 1.525546
v -0.144770 1.912069 1.530907
v -0.168067 1.902079 1.537149
v -0.089434 1.972790 1.543788
v -0.098086 1.948671 1.548783
v -0.111850 1.927961 1.556729
v -0.129786 1.912069 1.567084
v -0.150671 1.902079 1.579144
v -0.073001 1.972790 1.565204
v -0.080065 1.948671 1.572268
v -0.091302 1.927961 1.583505
v -0.105947 1.912069 1.598150
v -0.123002 1.902079 1.615204
v -0.051584 1.972790 1.581637
v -0.056580 1.948671 1.590289
v -0.064525 1.927961 1.604053
v -0.074882 1.912069 1.621988
v -0.026645 1.972790 1.591969
v -0.029230 1.948671 1.601617
v -0.033344 1.927961 1.616968
v -0.038704 1.912069 1.636973
v 0.000118 1.972790 1.595491
v 0.000118 1.948671 1.605481
v 0.000118 1.927961 1.621373
v 0.000118 1.912069 1.642084
v 0.026882 1.972790 1.591969
v 0.029469 1.948671 1.601617
v 0.033581 1.927961 1.616968
v 0.038942 1.912069 1.636973
v 0.051822 1.972790 1.581637
v 0.056818 1.948671 1.590289
v 0.064764 1.927961 1.604053
v 0.075119 1.912069 1.621988
v 0.087178 1.902079 1.642875
v 0.073239 1.972790 1.565204
v 0.080302 1.948671 1.572268
v 0.091541 1.927961 1.583505
v 0.106184 1.912069 1.598150
v 0.123239 1.902079 1.615204
v 0.089673 1.972790 1.543788
v 0.098324 1.948671 1.548783
v 0.112087 1.927961 1.556729
v 0.130023 1.912069 1.567084
v 0.150909 1.902079 1.579144
v 0.100003 1.972790 1.518848
v 0.109653 1.948671 1.521433
v 0.125003 1.927961 1.525546
v 0.145008 1.912069 1.530907
v 0.168303 1.902079 1.537149
v 0.103527 1.972790 1.492085
v 0.113517 1.948671 1.492085
v 0.129409 1.927961 1.492085
v 0.150119 1.912069 1.492085
v 0.174237 1.902079 1.492085
v 0.100003 1.972790 1.465320
v 0.109653 1.948671 1.462735
v 0.125003 1.927961 1.458621
v 0.145008 1.912069 1.453261
v 0.168303 1.902079 1.447019
v 0.089673 1.972790 1.440380
v 0.098324 1.948671 1.435385
v 0.112087 1.927961 1.427439
v 0.130023 1.912069 1.417084
v 0.150909 1.902079 1.405025
v 0.073239 1.972790 1.418964
v 0.080302 1.948671 1.411901
v 0.091541 1.927961 1.400663
v 0.106184 1.912069 1.386018
v 0.123239 1.902079 1.368964
v 0.051822 1.972790 1.402530
v 0.056818 1.948671 1.393879
v 0.064764 1.927961 1.380116
v 0.075119 1.912069 1.362180
v 0.087178 1.902079 1.341293
v 0.026882 1.972790 1.392200
v 0.029469 1.948671 1.382550
v 0.033581 1.927961 1.367200
v 0.038942 1.912069 1.347195
v 0.045183 1.902079 1.323899
v 0.000118 1.972790 1.388677
v 0.000118 1.948671 1.378686
v 0.000118 1.927961 1.362795
v 0.000118 1.912069 1.342084
v 0.000118 1.902079 1.317966
v -0.026645 1.972790 1.392200
v -0.029230 1.948671 1.382550
v -0.033344 1.927961 1.367200
v -0.038704 1.912069 1.347195
v -0.044946 1.902079 1.323899
v -0.051584 1.972790 1.402530
v -0.056580 1.948671 1.393879
v -0.064525 1.927961 1.380116
v -0.074882 1.912069 1.362180
v -0.086941 1.902079 1.341293
v -0.073001 1.972790 1.418964
v -0.080065 1.948671 1.411901
v -0.091302 1.927961 1.400663
v -0.105947 1.912069 1.386018
v -0.123002 1.902079 1.368964
v -0.089434 1.972790 1.440380
v -0.098086 1.948671 1.435385
v -0.111850 1.927961 1.427439
v -0.129786 1.912069 1.417084
v -0.150671 1.902079 1.405025
v -0.099766 1.972790 1.465320
v -0.109415 1.948671 1.462735
v -0.124765 1.927961 1.458621
v -0.144770 1.912069 1.453261
v -0.168067 1.902079 1.447019
v 1.050118 1.898672 1.617085
v 1.050118 1.902079 1.642966
v 1.050118 1.912069 1.667084
v 1.050118 1.927961 1.687795
v 1.050118 1.948671 1.703686
v 1.050118 1.972790 1.713677
v 1.050118 1.998672 1.717084
v -1.049881 1.998672 1.717084
v -1.049881 1.972790 1.713677
v -1.049881 1.948671 1.703686
v -1.049881 1.927961 1.687795
v -1.049881 1.912069 1.667084
v -1.049881 1.902079 1.642966
v -1.049881 1.898672 1.617085
v -0.524881 1.902079 1.642966
v 0.525119 1.912069 1.667084
v 0.000118 1.912069 1.667084
v -0.524881 1.912069 1.667084
v 0.525119 1.902079 1.642966
v 0.525119 1.927961 1.687795
v 0.000118 1.927961 1.687795
v -0.524881 1.927961 1.687795
v 0.525119 1.948671 1.703686
v 0.000118 1.948671 1.703686
v -0.524881 1.948671 1.703686
v 0.525119 1.972790 1.713677
v 0.000118 1.972790 1.713677
v -0.524881 1.972790 1.713677
v -0.099881 2.198672 1.492085
v -0.096473 2.198672 1.517966
v -0.086483 2.198672 1.542084
v -0.070591 2.198672 1.562795
v -0.049881 2.198672 1.578686
v -0.025764 2.198672 1.588677
v 0.000118 2.198672 1.592084
v 0.026000 2.198672 1.588677
v 0.050118 2.198672 1.578686
v 0.070830 2.198672 1.562795
v 0.086721 2.198672 1.542084
v 0.096712 2.198672 1.517966
v 0.100119 2.198672 1.492085
v 0.096712 2.198672 1.466202
v 0.086721 2.198672 1.442084
v 0.070830 2.198672 1.421373
v 0.050118 2.198672 1.405481
v 0.026000 2.198672 1.395491
v 0.000118 2.198672 1.392084
v -0.025764 2.198672 1.395491
v -0.049881 2.198672 1.405481
v -0.070591 2.198672 1.421373
v -0.086483 2.198672 1.442084
v -0.096473 2.198672 1.466202
v 0.700119 1.998672 0.692084
v 0.703526 1.998672 0.717966
v 0.713516 1.998672 0.742085
v 0.729409 1.998672 0.762795
v 0.750118 1.998672 0.778687
v 0.774236 1.998672 0.788677
v 0.800118 1.998672 0.792084
v 0.826000 1.998672 0.788677
v 0.850119 1.998672 0.778687
v 0.870830 1.998672 0.762795
v 0.886722 1.998672 0.742085
v 0.896712 1.998672 0.717966
v 0.900119 1.998672 0.692084
v 0.896712 1.998672 0.666203
v 0.886722 1.998672 0.642084
v 0.870830 1.998672 0.621373
v 0.850119 1.998672 0.605481
v 0.826000 1.998672 0.595491
v 0.800118 1.998672 0.592084
v 0.774236 1.998672 0.595491
v 0.750118 1.998672 0.605481
v 0.729409 1.998672 0.621373
v 0.713516 1.998672 0.642084
v 0.703526 1.998672 0.666203
v 0.600119 1.898672 0.692084
v 0.606934 1.898672 0.640320
v 0.626914 1.898672 0.592084
v 0.658698 1.898672 0.550663
v 0.700119 1.898672 0.518879
v 0.748354 1.898672 0.498899
v 0.800118 1.898672 0.492085
v 0.851882 1.898672 0.498899
v 0.900119 1.898672 0.518879
v 0.941540 1.898672 0.550663
v 0.973324 1.898672 0.592084
v 0.993304 1.898672 0.640320
v 1.000118 1.898672 0.692084
v 0.993304 1.898672 0.743848
v 0.973324 1.898672 0.792084
v 0.941540 1.898672 0.833505
v 0.900119 1.898672 0.865289
v 0.851882 1.898672 0.885269
v 0.800118 1.898672 0.892084
v 0.748354 1.898672 0.885269
v 0.700119 1.898672 0.865289
v 0.658698 1.898672 0.833505
v 0.626914 1.898672 0.792084
v 0.606934 1.898672 0.743848
v 0.696712 1.972790 0.692084
v 0.686722 1.948671 0.692084
v 0.670830 1.927961 0.692084
v 0.650119 1.912069 0.692084
v 0.626001 1.902079 0.692084
v 0.700234 1.972790 0.718848
v 0.690586 1.948671 0.721433
v 0.675235 1.927961 0.725546
v 0.655230 1.912069 0.730907
v 0.631933 1.902079 0.737149
v 0.710566 1.972790 0.743788
v 0.701914 1.948671 0.748783
v 0.688151 1.927961 0.756729
v 0.670214 1.912069 0.767084
v 0.649328 1.902079 0.779143
v 0.726999 1.972790 0.765204
v 0.719934 1.948671 0.772268
v 0.708698 1.927961 0.783505
v 0.694052 1.912069 0.798150
v 0.676999 1.902079 0.815204
v 0.748415 1.972790 0.781637
v 0.743421 1.948671 0.790289
v 0.735475 1.927961 0.804052
v 0.725119 1.912069 0.821988
v 0.713059 1.902079 0.842875
v 0.773355 1.972790 0.791968
v 0.770770 1.948671 0.801617
v 0.766657 1.927961 0.816968
v 0.761296 1.912069 0.836973
v 0.755054 1.902079 0.860270
v 0.800118 1.972790 0.795491
v 0.800118 1.948671 0.805481
v 0.800118 1.927961 0.821373
v 0.800118 1.912069 0.842084
v 0.800118 1.902079 0.866202
v 0.826883 1.972790 0.791968
v 0.829468 1.948671 0.801617
v 0.833581 1.927961 0.816968
v 0.838942 1.912069 0.836973
v 0.845184 1.902079 0.860270
v 0.851823 1.972790 0.781637
v 0.856817 1.948671 0.790289
v 0.864763 1.927961 0.804052
v 0.875118 1.912069 0.821988
v 0.887177 1.902079 0.842875
v 0.873239 1.972790 0.765204
v 0.880302 1.948671 0.772268
v 0.891541 1.927961 0.783505
v 0.906184 1.912069 0.798150
v 0.923239 1.902079 0.815204
v 0.889673 1.972790 0.743788
v 0.898324 1.948671 0.748783
v 0.912086 1.927961 0.756729
v 0.930022 1.912069 0.767084
v 0.950910 1.902079 0.779143
v 0.900002 1.972790 0.718848
v 0.909652 1.948671 0.721433
v 0.925003 1.927961 0.725546
v 0.945008 1.912069 0.730907
v 0.968303 1.902079 0.737149
v 0.903527 1.972790 0.692084
v 0.913517 1.948671 0.692084
v 0.929409 1.927961 0.692084
v 0.950119 1.912069 0.692084
v 0.974236 1.902079 0.692084
v 0.900002 1.972790 0.665320
v 0.909652 1.948671 0.662735
v 0.925003 1.927961 0.658621
v 0.945008 1.912069 0.653261
v 0.968303 1.902079 0.647019
v 0.889673 1.972790 0.640380
v 0.898324 1.948671 0.635386
v 0.912086 1.927961 0.627439
v 0.930022 1.912069 0.617085
v 0.950910 1.902079 0.605025
v 0.873239 1.972790 0.618964
v 0.880302 1.948671 0.611900
v 0.891541 1.927961 0.600663
v 0.906184 1.912069 0.586018
v 0.923239 1.902079 0.568964
v 0.851823 1.972790 0.602530
v 0.856817 1.948671 0.593879
v 0.864763 1.927961 0.580116
v 0.875118 1.912069 0.562181
v 0.887177 1.902079 0.541293
v 0.826883 1.972790 0.592200
v 0.829468 1.948671 0.582550
v 0.833581 1.927961 0.567200
v 0.838942 1.912069 0.547195
v 0.845184 1.902079 0.523899
v 0.800118 1.972790 0.588677
v 0.800118 1.948671 0.578686
v 0.800118 1.927961 0.562795
v 0.800118 1.912069 0.542084
v 0.800118 1.902079 0.517966
v 0.773355 1.972790 0.592200
v 0.770770 1.948671 0.582550
v 0.766657 1.927961 0.567200
v 0.761296 1.912069 0.547195
v 0.755054 1.902079 0.523899
v 0.748415 1.972790 0.602530
v 0.743421 1.948671 0.593879
v 0.735475 1.927961 0.580116
v 0.725119 1.912069 0.562181
v 0.713059 1.902079 0.541293
v 0.726999 1.972790 0.618964
v 0.719934 1.948671 0.611900
v 0.708698 1.927961 0.600663
v 0.694052 1.912069 0.586018
v 0.676999 1.902079 0.568964
v 0.710566 1.972790 0.640380
v 0.701914 1.948671 0.635386
v 0.688151 1.927961 0.627439
v 0.670214 1.912069 0.617085
v 0.649328 1.902079 0.605025
v 0.700234 1.972790 0.665320
v 0.690586 1.948671 0.662735
v 0.675235 1.927961 0.658621
v 0.655230 1.912069 0.653261
v 0.631933 1.902079 0.647019
v -1.101645 1.898672 1.610270
v -1.149881 1.898672 1.590289
v -1.191302 1.898672 1.558505
v -1.223086 1.898672 1.517084
v -1.243066 1.898672 1.468848
v -1.249881 1.898672 1.417084
v -1.249881 1.898672 -1.082916
v -1.149881 1.898672 -1.082916
v -1.098117 1.898672 -1.089731
v -1.049881 1.898672 -1.109711
v -1.008460 1.898672 -1.141495
v -0.976676 1.898672 -1.182916
v -0.956697 1.898672 -1.231152
v -0.949882 1.898672 -1.282916
v -0.949882 1.898672 -1.582916
v 0.950119 1.898672 -1.582916
v 0.950119 1.898672 -1.282916
v 0.956933 1.898672 -1.231152
v 0.976913 1.898672 -1.182916
v 1.008698 1.898672 -1.141495
v 1.050118 1.898672 -1.109711
v 1.098355 1.898672 -1.089731
v 1.150119 1.898672 -1.082916
v 1.250118 1.898672 -1.082916
v 1.250118 1.898672 1.417084
v 1.243304 1.898672 1.468848
v 1.223324 1.898672 1.517084
v 1.191540 1.898672 1.558505
v 1.150119 1.898672 1.590289
v 1.101882 1.898672 1.610270
v -0.999881 1.898672 0.692084
v -0.993066 1.898672 0.743848
v -0.973086 1.898672 0.792084
v -0.941302 1.898672 0.833505
v -0.899881 1.898672 0.865289
v -0.851645 1.898672 0.885269
v -0.799881 1.898672 0.892084
v -0.748117 1.898672 0.885269
v -0.699882 1.898672 0.865289
v -0.658459 1.898672 0.833505
v -0.626677 1.898672 0.792084
v -0.606696 1.898672 0.743848
v -0.599881 1.898672 0.692084
v -0.606696 1.898672 0.640320
v -0.626677 1.898672 0.592084
v -0.658459 1.898672 0.550663
v -0.699882 1.898672 0.518879
v -0.748117 1.898672 0.498899
v -0.799881 1.898672 0.492085
v -0.851645 1.898672 0.498899
v -0.899881 1.898672 0.518879
v -0.941302 1.898672 0.550663
v -0.973086 1.898672 0.592084
v -0.993066 1.898672 0.640320
v -0.199882 1.898672 -0.107916
v -0.193066 1.898672 -0.056152
v -0.173086 1.898672 -0.007915
v -0.141303 1.898672 0.033505
v -0.099881 1.898672 0.065289
v -0.051646 1.898672 0.085269
v 0.000118 1.898672 0.092084
v 0.051883 1.898672 0.085269
v 0.100119 1.898672 0.065289
v 0.141541 1.898672 0.033505
v 0.173324 1.898672 -0.007915
v 0.193304 1.898672 -0.056152
v 0.200119 1.898672 -0.107916
v 0.193304 1.898672 -0.159680
v 0.173324 1.898672 -0.207916
v 0.141541 1.898672 -0.249337
v 0.100119 1.898672 -0.281121
v 0.051883 1.898672 -0.301101
v 0.000118 1.898672 -0.307916
v -0.051646 1.898672 -0.301101
v -0.099881 1.898672 -0.281121
v -0.141303 1.898672 -0.249337
v -0.173086 1.898672 -0.207916
v -0.193066 1.898672 -0.159680
v 0.400119 1.898672 -1.545416
v -0.399881 1.898672 -1.545416
v -0.399881 1.898672 -0.545416
v 0.400119 1.898672 -0.545416
v -0.499882 1.898672 0.692084
v -0.482845 1.898672 0.821493
v -0.432894 1.898672 0.942084
v -0.353435 1.898672 1.045637
v -0.249882 1.898672 1.125097
v -0.129291 1.898672 1.175047
v 0.000118 1.898672 1.192084
v 0.129529 1.898672 1.175047
v 0.250118 1.898672 1.125097
v 0.353673 1.898672 1.045637
v 0.433131 1.898672 0.942084
v 0.483082 1.898672 0.821493
v 0.500118 1.898672 0.692084
v 0.483082 1.898672 0.562675
v 0.433131 1.898672 0.442084
v 0.353673 1.898672 0.338531
v 0.250118 1.898672 0.259071
v 0.129529 1.898672 0.209121
v 0.000118 1.898672 0.192084
v -0.129291 1.898672 0.209121
v -0.249882 1.898672 0.259071
v -0.353435 1.898672 0.338531
v -0.432894 1.898672 0.442084
v -0.482845 1.898672 0.562675
v 0.700119 2.198672 0.692084
v 0.703526 2.198672 0.717966
v 0.713516 2.198672 0.742085
v 0.729409 2.198672 0.762795
v 0.750118 2.198672 0.778687
v 0.774236 2.198672 0.788677
v 0.800118 2.198672 0.792084
v 0.826000 2.198672 0.788677
v 0.850119 2.198672 0.778687
v 0.870830 2.198672 0.762795
v 0.886722 2.198672 0.742085
v 0.896712 2.198672 0.717966
v 0.900119 2.198672 0.692084
v 0.896712 2.198672 0.666203
v 0.886722 2.198672 0.642084
v 0.870830 2.198672 0.621373
v 0.850119 2.198672 0.605481
v 0.826000 2.198672 0.595491
v 0.800118 2.198672 0.592084
v 0.774236 2.198672 0.595491
v 0.750118 2.198672 0.605481
v 0.729409 2.198672 0.621373
v 0.713516 2.198672 0.642084
v 0.703526 2.198672 0.666203
v -0.899881 1.998672 0.692084
v -0.896473 1.998672 0.717966
v -0.886484 1.998672 0.742085
v -0.870592 1.998672 0.762795
v -0.849882 1.998672 0.778687
v -0.825764 1.998672 0.788677
v -0.799881 1.998672 0.792084
v -0.774000 1.998672 0.788677
v -0.749881 1.998672 0.778687
v -0.729171 1.998672 0.762795
v -0.713279 1.998672 0.742085
v -0.703289 1.998672 0.717966
v -0.699882 1.998672 0.692084
v -0.703289 1.998672 0.666203
v -0.713279 1.998672 0.642084
v -0.729171 1.998672 0.621373
v -0.749881 1.998672 0.605481
v -0.774000 1.998672 0.595491
v -0.799881 1.998672 0.592084
v -0.825764 1.998672 0.595491
v -0.849882 1.998672 0.605481
v -0.870592 1.998672 0.621373
v -0.886484 1.998672 0.642084
v -0.896473 1.998672 0.666203
v -0.903288 1.972790 0.692084
v -0.913279 1.948671 0.692084
v -0.929171 1.927961 0.692084
v -0.949882 1.912069 0.692084
v -0.974000 1.902079 0.692084
v -0.899765 1.972790 0.718848
v -0.909414 1.948671 0.721433
v -0.924766 1.927961 0.725546
v -0.944770 1.912069 0.730907
v -0.968067 1.902079 0.737149
v -0.889434 1.972790 0.743788
v -0.898087 1.948671 0.748783
v -0.911849 1.927961 0.756729
v -0.929785 1.912069 0.767084
v -0.950672 1.902079 0.779143
v -0.873002 1.972790 0.765204
v -0.880065 1.948671 0.772268
v -0.891303 1.927961 0.783505
v -0.905948 1.912069 0.798150
v -0.923001 1.902079 0.815204
v -0.851584 1.972790 0.781637
v -0.856579 1.948671 0.790289
v -0.864525 1.927961 0.804052
v -0.874881 1.912069 0.821988
v -0.886940 1.902079 0.842875
v -0.826645 1.972790 0.791968
v -0.829230 1.948671 0.801617
v -0.833344 1.927961 0.816968
v -0.838705 1.912069 0.836973
v -0.844946 1.902079 0.860270
v -0.799881 1.972790 0.795491
v -0.799881 1.948671 0.805481
v -0.799881 1.927961 0.821373
v -0.799881 1.912069 0.842084
v -0.799881 1.902079 0.866202
v -0.773118 1.972790 0.791968
v -0.770532 1.948671 0.801617
v -0.766418 1.927961 0.816968
v -0.761058 1.912069 0.836973
v -0.754817 1.902079 0.860270
v -0.748178 1.972790 0.781637
v -0.743183 1.948671 0.790289
v -0.735236 1.927961 0.804052
v -0.724881 1.912069 0.821988
v -0.712822 1.902079 0.842875
v -0.726762 1.972790 0.765204
v -0.719697 1.948671 0.772268
v -0.708459 1.927961 0.783505
v -0.693815 1.912069 0.798150
v -0.676761 1.902079 0.815204
v -0.710327 1.972790 0.743788
v -0.701676 1.948671 0.748783
v -0.687913 1.927961 0.756729
v -0.669977 1.912069 0.767084
v -0.649091 1.902079 0.779143
v -0.699997 1.972790 0.718848
v -0.690347 1.948671 0.721433
v -0.674998 1.927961 0.725546
v -0.654993 1.912069 0.730907
v -0.631696 1.902079 0.737149
v -0.696473 1.972790 0.692084
v -0.686483 1.948671 0.692084
v -0.670591 1.927961 0.692084
v -0.649881 1.912069 0.692084
v -0.625763 1.902079 0.692084
v -0.699997 1.972790 0.665320
v -0.690347 1.948671 0.662735
v -0.674998 1.927961 0.658621
v -0.654993 1.912069 0.653261
v -0.631696 1.902079 0.647019
v -0.710327 1.972790 0.640380
v -0.701676 1.948671 0.635386
v -0.687913 1.927961 0.627439
v -0.669977 1.912069 0.617085
v -0.649091 1.902079 0.605025
v -0.726762 1.972790 0.618964
v -0.719697 1.948671 0.611900
v -0.708459 1.927961 0.600663
v -0.693815 1.912069 0.586018
v -0.676761 1.902079 0.568964
v -0.748178 1.972790 0.602530
v -0.743183 1.948671 0.593879
v -0.735236 1.927961 0.580116
v -0.724881 1.912069 0.562181
v -0.712822 1.902079 0.541293
v -0.773118 1.972790 0.592200
v -0.770532 1.948671 0.582550
v -0.766418 1.927961 0.567200
v -0.761058 1.912069 0.547195
v -0.754817 1.902079 0.523899
v -0.799881 1.972790 0.588677
v -0.799881 1.948671 0.578686
v -0.799881 1.927961 0.562795
v -0.799881 1.912069 0.542084
v -0.799881 1.902079 0.517966
v -0.826645 1.972790 0.592200
v -0.829230 1.948671 0.582550
v -0.833344 1.927961 0.567200
v -0.838705 1.912069 0.547195
v -0.844946 1.902079 0.523899
v -0.851584 1.972790 0.602530
v -0.856579 1.948671 0.593879
v -0.864525 1.927961 0.580116
v -0.874881 1.912069 0.562181
v -0.886940 1.902079 0.541293
v -0.873002 1.972790 0.618964
v -0.880065 1.948671 0.611900
v -0.891303 1.927961 0.600663
v -0.905948 1.912069 0.586018
v -0.923001 1.902079 0.568964
v -0.889434 1.972790 0.640380
v -0.898087 1.948671 0.635386
v -0.911849 1.927961 0.627439
v -0.929785 1.912069 0.617085
v -0.950672 1.902079 0.605025
v -0.899765 1.972790 0.665320
v -0.909414 1.948671 0.662735
v -0.924766 1.927961 0.658621
v -0.944770 1.912069 0.653261
v -0.968067 1.902079 0.647019
v -0.899881 2.198672 0.692084
v -0.896473 2.198672 0.717966
v -0.886484 2.198672 0.742085
v -0.870592 2.198672 0.762795
v -0.849882 2.198672 0.778687
v -0.825764 2.198672 0.788677
v -0.799881 2.198672 0.792084
v -0.774000 2.198672 0.788677
v -0.749881 2.198672 0.778687
v -0.729171 2.198672 0.762795
v -0.713279 2.198672 0.742085
v -0.703289 2.198672 0.717966
v -0.699882 2.198672 0.692084
v -0.703289 2.198672 0.666203
v -0.713279 2.198672 0.642084
v -0.729171 2.198672 0.621373
v -0.749881 2.198672 0.605481
v -0.774000 2.198672 0.595491
v -0.799881 2.198672 0.592084
v -0.825764 2.198672 0.595491
v -0.849882 2.198672 0.605481
v -0.870592 2.198672 0.621373
v -0.886484 2.198672 0.642084
v -0.896473 2.198672 0.666203
v -0.399881 1.998672 0.692084
v -0.386251 1.998672 0.795612
v -0.346292 1.998672 0.892084
v -0.282723 1.998672 0.974927
v -0.199882 1.998672 1.038494
v -0.103409 1.998672 1.078454
v 0.000118 1.998672 1.092084
v 0.103647 1.998672 1.078454
v 0.200119 1.998672 1.038494
v 0.282962 1.998672 0.974927
v 0.346529 1.998672 0.892084
v 0.386490 1.998672 0.795612
v 0.400119 1.998672 0.692084
v 0.386490 1.998672 0.588556
v 0.346529 1.998672 0.492085
v 0.282962 1.998672 0.409241
v 0.200119 1.998672 0.345675
v 0.103647 1.998672 0.305714
v 0.000118 1.998672 0.292084
v -0.103409 1.998672 0.305714
v -0.199882 1.998672 0.345675
v -0.282723 1.998672 0.409241
v -0.346292 1.998672 0.492085
v -0.386251 1.998672 0.588556
v -0.403288 1.972790 0.692084
v -0.413279 1.948671 0.692084
v -0.429170 1.927961 0.692084
v -0.449882 1.912069 0.692084
v -0.474000 1.902079 0.692084
v -0.389543 1.972790 0.796494
v -0.399193 1.948671 0.799079
v -0.414542 1.927961 0.803192
v -0.434547 1.912069 0.808553
v -0.457844 1.902079 0.814795
v -0.349242 1.972790 0.893788
v -0.357893 1.948671 0.898783
v -0.371656 1.927961 0.906729
v -0.389592 1.912069 0.917084
v -0.410480 1.902079 0.929143
v -0.285133 1.972790 0.977336
v -0.292197 1.948671 0.984400
v -0.303434 1.927961 0.995637
v -0.318079 1.912069 1.010283
v -0.335134 1.902079 1.027336
v -0.201585 1.972790 1.041445
v -0.206579 1.948671 1.050097
v -0.214525 1.927961 1.063859
v -0.224881 1.912069 1.081795
v -0.236940 1.902079 1.102682
v -0.104290 1.972790 1.081746
v -0.106876 1.948671 1.091395
v -0.110990 1.927961 1.106746
v -0.116349 1.912069 1.126751
v -0.122592 1.902079 1.150047
v 0.000118 1.972790 1.095491
v 0.000118 1.948671 1.105481
v 0.000118 1.927961 1.121373
v 0.000118 1.912069 1.142084
v 0.000118 1.902079 1.166203
v 0.104528 1.972790 1.081746
v 0.107114 1.948671 1.091395
v 0.111228 1.927961 1.106746
v 0.116588 1.912069 1.126751
v 0.122829 1.902079 1.150047
v 0.201823 1.972790 1.041445
v 0.206818 1.948671 1.050097
v 0.214764 1.927961 1.063859
v 0.225119 1.912069 1.081795
v 0.237178 1.902079 1.102682
v 0.285371 1.972790 0.977336
v 0.292434 1.948671 0.984400
v 0.303673 1.927961 0.995637
v 0.318316 1.912069 1.010283
v 0.335371 1.902079 1.027336
v 0.349479 1.972790 0.893788
v 0.358131 1.948671 0.898783
v 0.371895 1.927961 0.906729
v 0.389831 1.912069 0.917084
v 0.410717 1.902079 0.929143
v 0.389781 1.972790 0.796494
v 0.399431 1.948671 0.799079
v 0.414781 1.927961 0.803192
v 0.434786 1.912069 0.808553
v 0.458081 1.902079 0.814795
v 0.403527 1.972790 0.692084
v 0.413517 1.948671 0.692084
v 0.429409 1.927961 0.692084
v 0.450119 1.912069 0.692084
v 0.474236 1.902079 0.692084
v 0.389781 1.972790 0.587674
v 0.399431 1.948671 0.585089
v 0.414781 1.927961 0.580976
v 0.434786 1.912069 0.575615
v 0.458081 1.902079 0.569373
v 0.349479 1.972790 0.490380
v 0.358131 1.948671 0.485385
v 0.371895 1.927961 0.477439
v 0.389831 1.912069 0.467084
v 0.410717 1.902079 0.455025
v 0.285371 1.972790 0.406832
v 0.292434 1.948671 0.399768
v 0.303673 1.927961 0.388531
v 0.318316 1.912069 0.373886
v 0.335371 1.902079 0.356833
v 0.201823 1.972790 0.342723
v 0.206818 1.948671 0.334071
v 0.214764 1.927961 0.320308
v 0.225119 1.912069 0.302373
v 0.237178 1.902079 0.281487
v 0.104528 1.972790 0.302423
v 0.107114 1.948671 0.292773
v 0.111228 1.927961 0.277422
v 0.116588 1.912069 0.257417
v 0.122829 1.902079 0.234121
v 0.000118 1.972790 0.288677
v 0.000118 1.948671 0.278687
v 0.000118 1.927961 0.262795
v 0.000118 1.912069 0.242085
v 0.000118 1.902079 0.217966
v -0.104290 1.972790 0.302423
v -0.106876 1.948671 0.292773
v -0.110990 1.927961 0.277422
v -0.116349 1.912069 0.257417
v -0.122592 1.902079 0.234121
v -0.201585 1.972790 0.342723
v -0.206579 1.948671 0.334071
v -0.214525 1.927961 0.320308
v -0.224881 1.912069 0.302373
v -0.236940 1.902079 0.281487
v -0.285133 1.972790 0.406832
v -0.292197 1.948671 0.399768
v -0.303434 1.927961 0.388531
v -0.318079 1.912069 0.373886
v -0.335134 1.902079 0.356833
v -0.349242 1.972790 0.490380
v -0.357893 1.948671 0.485385
v -0.371656 1.927961 0.477439
v -0.389592 1.912069 0.467084
v -0.410480 1.902079 0.455025
v -0.389543 1.972790 0.587674
v -0.399193 1.948671 0.585089
v -0.414542 1.927961 0.580976
v -0.434547 1.912069 0.575615
v -0.457844 1.902079 0.569373
v -0.399881 2.198672 0.692084
v -0.386251 2.198672 0.795612
v -0.346292 2.198672 0.892084
v -0.282723 2.198672 0.974927
v -0.199882 2.198672 1.038494
v -0.103409 2.198672 1.078454
v 0.000118 2.198672 1.092084
v 0.103647 2.198672 1.078454
v 0.200119 2.198672 1.038494
v 0.282962 2.198672 0.974927
v 0.346529 2.198672 0.892084
v 0.386490 2.198672 0.795612
v 0.400119 2.198672 0.692084
v 0.386490 2.198672 0.588556
v 0.346529 2.198672 0.492085
v 0.282962 2.198672 0.409241
v 0.200119 2.198672 0.345675
v 0.103647 2.198672 0.305714
v 0.000118 2.198672 0.292084
v -0.103409 2.198672 0.305714
v -0.199882 2.198672 0.345675
v -0.282723 2.198672 0.409241
v -0.346292 2.198672 0.492085
v -0.386251 2.198672 0.588556
v -0.099881 1.998672 -0.107916
v -0.096473 1.998672 -0.082034
v -0.086483 1.998672 -0.057916
v -0.070591 1.998672 -0.037205
v -0.049881 1.998672 -0.021314
v -0.025764 1.998672 -0.011323
v 0.000118 1.998672 -0.007915
v 0.026000 1.998672 -0.011323
v 0.050118 1.998672 -0.021314
v 0.070830 1.998672 -0.037205
v 0.086721 1.998672 -0.057916
v 0.096712 1.998672 -0.082034
v 0.100119 1.998672 -0.107916
v 0.096712 1.998672 -0.133798
v 0.086721 1.998672 -0.157916
v 0.070830 1.998672 -0.178627
v 0.050118 1.998672 -0.194519
v 0.026000 1.998672 -0.204509
v 0.000118 1.998672 -0.207916
v -0.025764 1.998672 -0.204509
v -0.049881 1.998672 -0.194519
v -0.070591 1.998672 -0.178627
v -0.086483 1.998672 -0.157916
v -0.096473 1.998672 -0.133798
v -0.103288 1.972790 -0.107916
v -0.113278 1.948671 -0.107916
v -0.129170 1.927961 -0.107916
v -0.149881 1.912069 -0.107916
v -0.174000 1.902079 -0.107916
v -0.099766 1.972790 -0.081152
v -0.109415 1.948671 -0.078567
v -0.124765 1.927961 -0.074454
v -0.144770 1.912069 -0.069093
v -0.168067 1.902079 -0.062851
v -0.089434 1.972790 -0.056211
v -0.098086 1.948671 -0.051217
v -0.111850 1.927961 -0.043271
v -0.129786 1.912069 -0.032916
v -0.150671 1.902079 -0.020857
v -0.073001 1.972790 -0.034796
v -0.080065 1.948671 -0.027732
v -0.091302 1.927961 -0.016495
v -0.105947 1.912069 -0.001850
v -0.123002 1.902079 0.015204
v -0.051584 1.972790 -0.018363
v -0.056580 1.948671 -0.009711
v -0.064525 1.927961 0.004052
v -0.074882 1.912069 0.021988
v -0.086941 1.902079 0.042875
v -0.026645 1.972790 -0.008032
v -0.029230 1.948671 0.001617
v -0.033344 1.927961 0.016968
v -0.038704 1.912069 0.036973
v -0.044946 1.902079 0.060269
v 0.000118 1.972790 -0.004509
v 0.000118 1.948671 0.005481
v 0.000118 1.927961 0.021373
v 0.000118 1.912069 0.042084
v 0.000118 1.902079 0.066202
v 0.026882 1.972790 -0.008032
v 0.029469 1.948671 0.001617
v 0.033581 1.927961 0.016968
v 0.038942 1.912069 0.036973
v 0.045183 1.902079 0.060269
v 0.051822 1.972790 -0.018363
v 0.056818 1.948671 -0.009711
v 0.064764 1.927961 0.004052
v 0.075119 1.912069 0.021988
v 0.087178 1.902079 0.042875
v 0.073239 1.972790 -0.034796
v 0.080302 1.948671 -0.027732
v 0.091541 1.927961 -0.016495
v 0.106184 1.912069 -0.001850
v 0.123239 1.902079 0.015204
v 0.089673 1.972790 -0.056211
v 0.098324 1.948671 -0.051217
v 0.112087 1.927961 -0.043271
v 0.130023 1.912069 -0.032916
v 0.150909 1.902079 -0.020857
v 0.100003 1.972790 -0.081152
v 0.109653 1.948671 -0.078567
v 0.125003 1.927961 -0.074454
v 0.145008 1.912069 -0.069093
v 0.168303 1.902079 -0.062851
v 0.103527 1.972790 -0.107916
v 0.113517 1.948671 -0.107916
v 0.129409 1.927961 -0.107916
v 0.150119 1.912069 -0.107916
v 0.174237 1.902079 -0.107916
v 0.100003 1.972790 -0.134680
v 0.109653 1.948671 -0.137265
v 0.125003 1.927961 -0.141379
v 0.145008 1.912069 -0.146739
v 0.168303 1.902079 -0.152981
v 0.089673 1.972790 -0.159620
v 0.098324 1.948671 -0.164615
v 0.112087 1.927961 -0.172561
v 0.130023 1.912069 -0.182916
v 0.150909 1.902079 -0.194975
v 0.073239 1.972790 -0.181036
v 0.080302 1.948671 -0.188100
v 0.091541 1.927961 -0.199337
v 0.106184 1.912069 -0.213982
v 0.123239 1.902079 -0.231036
v 0.051822 1.972790 -0.197470
v 0.056818 1.948671 -0.206120
v 0.064764 1.927961 -0.219884
v 0.075119 1.912069 -0.237820
v 0.087178 1.902079 -0.258707
v 0.026882 1.972790 -0.207800
v 0.029469 1.948671 -0.217450
v 0.033581 1.927961 -0.232800
v 0.038942 1.912069 -0.252805
v 0.045183 1.902079 -0.276101
v 0.000118 1.972790 -0.211323
v 0.000118 1.948671 -0.221313
v 0.000118 1.927961 -0.237205
v 0.000118 1.912069 -0.257915
v 0.000118 1.902079 -0.282034
v -0.026645 1.972790 -0.207800
v -0.029230 1.948671 -0.217450
v -0.033344 1.927961 -0.232800
v -0.038704 1.912069 -0.252805
v -0.044946 1.902079 -0.276101
v -0.051584 1.972790 -0.197470
v -0.056580 1.948671 -0.206120
v -0.064525 1.927961 -0.219884
v -0.074882 1.912069 -0.237820
v -0.086941 1.902079 -0.258707
v -0.073001 1.972790 -0.181036
v -0.080065 1.948671 -0.188100
v -0.091302 1.927961 -0.199337
v -0.105947 1.912069 -0.213982
v -0.123002 1.902079 -0.231036
v -0.089434 1.972790 -0.159620
v -0.098086 1.948671 -0.164615
v -0.111850 1.927961 -0.172561
v -0.129786 1.912069 -0.182916
v -0.150671 1.902079 -0.194975
v -0.099766 1.972790 -0.134680
v -0.109415 1.948671 -0.137265
v -0.124765 1.927961 -0.141379
v -0.144770 1.912069 -0.146739
v -0.168067 1.902079 -0.152981
v -0.099881 2.198672 -0.107916
v -0.096473 2.198672 -0.082034
v -0.086483 2.198672 -0.057916
v -0.070591 2.198672 -0.037205
v -0.049881 2.198672 -0.021314
v -0.025764 2.198672 -0.011323
v 0.000118 2.198672 -0.007915
v 0.026000 2.198672 -0.011323
v 0.050118 2.198672 -0.021314
v 0.070830 2.198672 -0.037205
v 0.086721 2.198672 -0.057916
v 0.096712 2.198672 -0.082034
v 0.100119 2.198672 -0.107916
v 0.096712 2.198672 -0.133798
v 0.086721 2.198672 -0.157916
v 0.070830 2.198672 -0.178627
v 0.050118 2.198672 -0.194519
v 0.026000 2.198672 -0.204509
v 0.000118 2.198672 -0.207916
v -0.025764 2.198672 -0.204509
v -0.049881 2.198672 -0.194519
v -0.070591 2.198672 -0.178627
v -0.086483 2.198672 -0.157916
v -0.096473 2.198672 -0.133798
v 0.981369 1.893664 -1.614166
v 0.974872 1.895556 -1.608914
v 0.967166 1.897207 -1.604953
v 0.958688 1.898297 -1.602568
v 0.950119 1.898672 -1.601793
v 0.941550 1.898297 -1.602568
v 0.933072 1.897207 -1.604953
v 0.925367 1.895556 -1.608914
v 0.918869 1.893664 -1.614166
v -0.380373 1.900594 -0.564925
v -0.361613 1.906283 -0.583684
v -0.344325 1.915524 -0.600973
v -0.329170 1.927961 -0.616127
v -0.316735 1.943115 -0.628563
v -0.307493 1.960403 -0.637804
v -0.301802 1.979162 -0.643495
v -0.300363 1.988871 -0.644935
v -0.299881 1.998672 -0.645416
v 0.300118 1.998672 -0.645416
v 0.300601 1.988871 -0.644935
v 0.302041 1.979162 -0.643495
v 0.307730 1.960403 -0.637804
v 0.316972 1.943115 -0.628563
v 0.329409 1.927961 -0.616127
v 0.344562 1.915524 -0.600973
v 0.361851 1.906283 -0.583684
v 0.380610 1.900594 -0.564925
v 0.000118 1.912069 -0.595416
v 0.000118 1.902079 -0.571298
v 0.000118 1.927961 -0.616127
v 0.000118 1.948671 -0.632019
v 0.000118 1.972790 -0.642009
v -0.373999 1.902079 -1.545416
v -0.349881 1.912069 -1.545416
v -0.329170 1.927961 -1.545416
v -0.313278 1.948671 -1.545416
v -0.303288 1.972790 -1.545416
v -0.299881 1.998672 -1.545416
v -0.373999 1.902079 -1.045416
v -0.349881 1.912069 -1.045416
v -0.329170 1.927961 -1.045416
v -0.313278 1.948671 -1.045416
v -0.303288 1.972790 -1.045416
v 0.300118 1.998672 -1.545416
v 0.303527 1.972790 -1.545416
v 0.313517 1.948671 -1.545416
v 0.329409 1.927961 -1.545416
v 0.350119 1.912069 -1.545416
v 0.374237 1.902079 -1.545416
v 0.303527 1.972790 -1.045416
v 0.313517 1.948671 -1.045416
v 0.329409 1.927961 -1.045416
v 0.350119 1.912069 -1.045416
v 0.374237 1.902079 -1.045416
v 0.969628 -1.896358 -1.602425
v 0.988388 -1.890669 -1.621184
v 1.005676 -1.881428 -1.638473
v 1.020829 -1.868991 -1.653626
v 1.033266 -1.853837 -1.666063
v 1.042506 -1.836549 -1.675303
v 1.048198 -1.817790 -1.680995
v 1.049638 -1.808082 -1.682435
v 1.050118 -1.798280 -1.682916
v -1.049881 -1.798280 -1.682916
v -1.048657 -1.813879 -1.681692
v -1.045015 -1.829095 -1.678050
v -1.039044 -1.843557 -1.672079
v -1.030890 -1.856910 -1.663925
v -1.020753 -1.868829 -1.653789
v -1.008882 -1.879021 -1.641917
v -0.524881 -1.894873 -1.608798
v 0.000118 -1.894873 -1.608798
v 0.525119 -1.894873 -1.608798
v 0.525119 -1.884883 -1.632915
v 0.000118 -1.884883 -1.632915
v -0.524881 -1.884883 -1.632915
v 0.525119 -1.868952 -1.653666
v 0.000118 -1.868911 -1.653708
v -0.524881 -1.868868 -1.653749
v 0.525119 -1.848281 -1.669518
v 0.000118 -1.848281 -1.669518
v -0.524881 -1.848281 -1.669518
v 0.525119 -1.824162 -1.679509
v 0.000118 -1.824162 -1.679509
v -0.524881 -1.824162 -1.679509
v -0.975763 -1.894873 -1.282916
v -0.999881 -1.884883 -1.282916
v -1.020591 -1.868991 -1.282916
v -1.036483 -1.848281 -1.282916
v -1.046474 -1.824162 -1.282916
v -1.049881 -1.798280 -1.282916
v -1.053288 -1.798280 -1.257034
v -1.063279 -1.798280 -1.232916
v -1.079171 -1.798280 -1.212205
v -1.099882 -1.798280 -1.196314
v -1.124000 -1.798280 -1.186323
v -1.149881 -1.798280 -1.182916
v -1.149881 -1.824162 -1.179509
v -1.149881 -1.848281 -1.169518
v -1.149881 -1.868991 -1.153626
v -1.149881 -1.884883 -1.132915
v -1.149881 -1.894873 -1.108798
v -1.104816 -1.894873 -1.114731
v -1.111058 -1.884883 -1.138027
v -1.116418 -1.868991 -1.158031
v -1.120532 -1.848281 -1.173383
v -1.123117 -1.824162 -1.183032
v -1.062822 -1.894873 -1.132125
v -1.074882 -1.884883 -1.153012
v -1.085237 -1.868991 -1.170948
v -1.093183 -1.848281 -1.184711
v -1.098177 -1.824162 -1.193363
v -1.026762 -1.894873 -1.159796
v -1.043816 -1.884883 -1.176850
v -1.058459 -1.868991 -1.191495
v -1.069697 -1.848281 -1.202732
v -1.076761 -1.824162 -1.209796
v -0.999091 -1.894873 -1.195857
v -1.019978 -1.884883 -1.207916
v -1.037913 -1.868991 -1.218271
v -1.051676 -1.848281 -1.226217
v -1.060328 -1.824162 -1.231212
v -0.981697 -1.894873 -1.237851
v -1.004992 -1.884883 -1.244093
v -1.024997 -1.868991 -1.249454
v -1.040348 -1.848281 -1.253567
v -1.049997 -1.824162 -1.256152
v -0.969390 1.896750 -1.602425
v -0.988150 1.891060 -1.621184
v -1.005438 1.881819 -1.638473
v -1.020591 1.869383 -1.653626
v -1.033029 1.854228 -1.666063
v -1.042270 1.836941 -1.675303
v -1.047959 1.818180 -1.680995
v -1.049399 1.808473 -1.682435
v -1.049881 1.798671 -1.682916
v 1.050118 1.798671 -1.682916
v 1.048895 1.814270 -1.681692
v 1.045253 1.829486 -1.678050
v 1.039282 1.843948 -1.672079
v 1.031129 1.857302 -1.663925
v 1.020992 1.869220 -1.653789
v 1.009120 1.879411 -1.641917
v 0.525119 1.895265 -1.608798
v 0.000118 1.895265 -1.608798
v -0.524881 1.895265 -1.608798
v -0.524881 1.885275 -1.632915
v 0.000118 1.885275 -1.632915
v 0.525119 1.885275 -1.632915
v -0.524881 1.869344 -1.653666
v 0.000118 1.869301 -1.653708
v 0.525119 1.869259 -1.653749
v -0.524881 1.848671 -1.669518
v 0.000118 1.848671 -1.669518
v 0.525119 1.848671 -1.669518
v -0.524881 1.824553 -1.679509
v 0.000118 1.824553 -1.679509
v 0.525119 1.824553 -1.679509
v 1.150119 -1.798280 -1.182916
v 1.124237 -1.798280 -1.186323
v 1.100119 -1.798280 -1.196314
v 1.079409 -1.798280 -1.212205
v 1.063517 -1.798280 -1.232916
v 1.053527 -1.798280 -1.257034
v 1.050118 -1.798280 -1.282916
v 1.046711 -1.824162 -1.282916
v 1.036721 -1.848281 -1.282916
v 1.020829 -1.868991 -1.282916
v 1.000118 -1.884883 -1.282916
v 0.976001 -1.894873 -1.282916
v 1.150119 -1.894873 -1.108798
v 1.150119 -1.884883 -1.132915
v 1.150119 -1.868991 -1.153626
v 1.150119 -1.848281 -1.169518
v 1.150119 -1.824162 -1.179509
v 1.123354 -1.824162 -1.183032
v 1.120770 -1.848281 -1.173383
v 1.116657 -1.868991 -1.158031
v 1.111295 -1.884883 -1.138027
v 1.105053 -1.894873 -1.114731
v 1.098416 -1.824162 -1.193363
v 1.093421 -1.848281 -1.184711
v 1.085474 -1.868991 -1.170948
v 1.075119 -1.884883 -1.153012
v 1.063060 -1.894873 -1.132125
v 1.076998 -1.824162 -1.209796
v 1.069935 -1.848281 -1.202732
v 1.058697 -1.868991 -1.191495
v 1.044053 -1.884883 -1.176850
v 1.026999 -1.894873 -1.159796
v 1.060565 -1.824162 -1.231212
v 1.051913 -1.848281 -1.226217
v 1.038151 -1.868991 -1.218271
v 1.020215 -1.884883 -1.207916
v 0.999329 -1.894873 -1.195857
v 1.050235 -1.824162 -1.256152
v 1.040586 -1.848281 -1.253567
v 1.025234 -1.868991 -1.249454
v 1.005229 -1.884883 -1.244093
v 0.981934 -1.894873 -1.237851
v -1.349882 -1.798280 -1.282916
v -1.349882 -1.850044 -1.276101
v -1.349882 -1.898281 -1.256121
v -1.349882 -1.939702 -1.224337
v -1.349882 -1.971485 -1.182916
v -1.349882 -1.991466 -1.134680
v -1.349882 -1.998280 -1.082916
v -1.346474 -1.972399 -1.082916
v -1.336483 -1.948281 -1.082916
v -1.320591 -1.927570 -1.082916
v -1.299881 -1.911677 -1.082916
v -1.275764 -1.901688 -1.082916
v -1.249881 -1.894873 -1.108798
v -1.249881 -1.884883 -1.132915
v -1.249881 -1.868991 -1.153626
v -1.249881 -1.848281 -1.169518
v -1.249881 -1.824162 -1.179509
v -1.249881 -1.798280 -1.182916
v -1.275764 -1.798280 -1.186323
v -1.299881 -1.798280 -1.196314
v -1.320591 -1.798280 -1.212205
v -1.336483 -1.798280 -1.232916
v -1.346474 -1.798280 -1.257034
v -1.346474 -1.843346 -1.251101
v -1.336483 -1.837103 -1.227805
v -1.320591 -1.831743 -1.207800
v -1.299881 -1.827630 -1.192450
v -1.275764 -1.825045 -1.182800
v -1.346474 -1.885339 -1.233706
v -1.336483 -1.873281 -1.212820
v -1.320591 -1.862926 -1.194884
v -1.299881 -1.854980 -1.181121
v -1.275764 -1.849985 -1.172470
v -1.346474 -1.921401 -1.206036
v -1.336483 -1.904346 -1.188982
v -1.320591 -1.889701 -1.174337
v -1.299881 -1.878464 -1.163100
v -1.275764 -1.871400 -1.156036
v -1.346474 -1.949072 -1.169975
v -1.336483 -1.928185 -1.157916
v -1.320591 -1.910249 -1.147561
v -1.299881 -1.896486 -1.139615
v -1.275764 -1.887833 -1.134620
v -1.346474 -1.966465 -1.127981
v -1.336483 -1.943169 -1.121739
v -1.320591 -1.923164 -1.116379
v -1.299881 -1.907814 -1.112265
v -1.275764 -1.898165 -1.109680
v -1.149881 1.798671 -1.182916
v -1.124000 1.798671 -1.186323
v -1.099882 1.798671 -1.196314
v -1.079171 1.798671 -1.212205
v -1.063279 1.798671 -1.232916
v -1.053288 1.798671 -1.257034
v -1.049881 1.798671 -1.282916
v -1.046474 1.824553 -1.282916
v -1.036483 1.848671 -1.282916
v -1.020591 1.869383 -1.282916
v -0.999881 1.885275 -1.282916
v -0.975763 1.895265 -1.282916
v -1.149881 1.895265 -1.108798
v -1.149881 1.885275 -1.132915
v -1.149881 1.869383 -1.153626
v -1.149881 1.848671 -1.169518
v -1.149881 1.824553 -1.179509
v -1.123117 1.824553 -1.183032
v -1.120532 1.848671 -1.173383
v -1.116418 1.869383 -1.158031
v -1.111058 1.885275 -1.138027
v -1.104816 1.895265 -1.114731
v -1.098177 1.824553 -1.193363
v -1.093183 1.848671 -1.184711
v -1.085237 1.869383 -1.170948
v -1.074882 1.885275 -1.153012
v -1.062822 1.895265 -1.132125
v -1.076761 1.824553 -1.209796
v -1.069697 1.848671 -1.202732
v -1.058459 1.869383 -1.191495
v -1.043816 1.885275 -1.176850
v -1.026762 1.895265 -1.159796
v -1.060328 1.824553 -1.231212
v -1.051676 1.848671 -1.226217
v -1.037913 1.869383 -1.218271
v -1.019978 1.885275 -1.207916
v -0.999091 1.895265 -1.195857
v -1.049997 1.824553 -1.256152
v -1.040348 1.848671 -1.253567
v -1.024997 1.869383 -1.249454
v -1.004992 1.885275 -1.244093
v -0.981697 1.895265 -1.237851
v 0.976001 1.895265 -1.282916
v 1.000118 1.885275 -1.282916
v 1.020829 1.869383 -1.282916
v 1.036721 1.848671 -1.282916
v 1.046711 1.824553 -1.282916
v 1.050118 1.798671 -1.282916
v 1.053527 1.798671 -1.257034
v 1.063517 1.798671 -1.232916
v 1.079409 1.798671 -1.212205
v 1.100119 1.798671 -1.196314
v 1.124237 1.798671 -1.186323
v 1.150119 1.798671 -1.182916
v 1.150119 1.824553 -1.179509
v 1.150119 1.848671 -1.169518
v 1.150119 1.869383 -1.153626
v 1.150119 1.885275 -1.132915
v 1.150119 1.895265 -1.108798
v 1.105053 1.895265 -1.114731
v 1.111295 1.885275 -1.138027
v 1.116657 1.869383 -1.158031
v 1.120770 1.848671 -1.173383
v 1.123354 1.824553 -1.183032
v 1.063060 1.895265 -1.132125
v 1.075119 1.885275 -1.153012
v 1.085474 1.869383 -1.170948
v 1.093421 1.848671 -1.184711
v 1.098416 1.824553 -1.193363
v 1.026999 1.895265 -1.159796
v 1.044053 1.885275 -1.176850
v 1.058697 1.869383 -1.191495
v 1.069935 1.848671 -1.202732
v 1.076998 1.824553 -1.209796
v 0.999329 1.895265 -1.195857
v 1.020215 1.885275 -1.207916
v 1.038151 1.869383 -1.218271
v 1.051913 1.848671 -1.226217
v 1.060565 1.824553 -1.231212
v 0.981934 1.895265 -1.237851
v 1.005229 1.885275 -1.244093
v 1.025234 1.869383 -1.249454
v 1.040586 1.848671 -1.253567
v 1.050235 1.824553 -1.256152
v 1.053527 -1.284431 -1.257034
v 1.053527 -0.770579 -1.257034
v 1.053527 -0.256729 -1.257034
v 1.053527 0.257121 -1.257034
v 1.053527 0.770972 -1.257034
v 1.053527 1.284822 -1.257034
v 1.063517 -1.284431 -1.232916
v 1.063517 -0.770579 -1.232916
v 1.063517 -0.256729 -1.232916
v 1.063517 0.257121 -1.232916
v 1.063517 0.770972 -1.232916
v 1.063517 1.284822 -1.232916
v 1.079409 -1.284431 -1.212205
v 1.079409 -0.770579 -1.212205
v 1.079409 -0.256729 -1.212205
v 1.079409 0.257121 -1.212205
v 1.079409 0.770972 -1.212205
v 1.079409 1.284822 -1.212205
v 1.100119 -1.284431 -1.196314
v 1.100119 -0.770579 -1.196314
v 1.100119 -0.256729 -1.196314
v 1.100119 0.257121 -1.196314
v 1.100119 0.770972 -1.196314
v 1.100119 1.284822 -1.196314
v 1.124237 -1.284431 -1.186323
v 1.124237 -0.770579 -1.186323
v 1.124237 -0.256729 -1.186323
v 1.124237 0.257121 -1.186323
v 1.124237 0.770972 -1.186323
v 1.124237 1.284822 -1.186323
v 1.250118 -1.798280 -1.182916
v 1.250118 -1.824162 -1.179509
v 1.250118 -1.848281 -1.169518
v 1.250118 -1.868991 -1.153626
v 1.250118 -1.884883 -1.132915
v 1.250118 -1.894873 -1.108798
v 1.276000 -1.901688 -1.082916
v 1.300119 -1.911677 -1.082916
v 1.320830 -1.927570 -1.082916
v 1.336722 -1.948281 -1.082916
v 1.346712 -1.972399 -1.082916
v 1.350119 -1.998280 -1.082916
v 1.350119 -1.991466 -1.134680
v 1.350119 -1.971485 -1.182916
v 1.350119 -1.939702 -1.224337
v 1.350119 -1.898281 -1.256121
v 1.350119 -1.850044 -1.276101
v 1.350119 -1.798280 -1.282916
v 1.346712 -1.798280 -1.257034
v 1.336722 -1.798280 -1.232916
v 1.320830 -1.798280 -1.212205
v 1.300119 -1.798280 -1.196314
v 1.276000 -1.798280 -1.186323
v 1.276000 -1.825045 -1.182800
v 1.300119 -1.827630 -1.192450
v 1.320830 -1.831743 -1.207800
v 1.336722 -1.837103 -1.227805
v 1.346712 -1.843346 -1.251101
v 1.276000 -1.849985 -1.172470
v 1.300119 -1.854980 -1.181121
v 1.320830 -1.862926 -1.194884
v 1.336722 -1.873281 -1.212820
v 1.346712 -1.885339 -1.233706
v 1.276000 -1.871400 -1.156036
v 1.300119 -1.878464 -1.163100
v 1.320830 -1.889701 -1.174337
v 1.336722 -1.904346 -1.188982
v 1.346712 -1.921401 -1.206036
v 1.276000 -1.887833 -1.134620
v 1.300119 -1.896486 -1.139615
v 1.320830 -1.910249 -1.147561
v 1.336722 -1.928185 -1.157916
v 1.346712 -1.949072 -1.169975
v 1.276000 -1.898165 -1.109680
v 1.300119 -1.907814 -1.112265
v 1.320830 -1.923164 -1.116379
v 1.336722 -1.943169 -1.121739
v 1.346712 -1.966465 -1.127981
v -1.349882 -1.998280 1.417084
v -1.346474 -1.972399 1.417084
v -1.336483 -1.948281 1.417084
v -1.320591 -1.927570 1.417084
v -1.299881 -1.911677 1.417084
v -1.275764 -1.901688 1.417084
v -1.346474 -1.972399 0.917084
v -1.346474 -1.972399 0.417084
v -1.346474 -1.972399 -0.082916
v -1.346474 -1.972399 -0.582916
v -1.336483 -1.948281 0.917084
v -1.336483 -1.948281 0.417084
v -1.336483 -1.948281 -0.082916
v -1.336483 -1.948281 -0.582916
v -1.320591 -1.927570 0.917084
v -1.320591 -1.927570 0.417084
v -1.320591 -1.927570 -0.082916
v -1.320591 -1.927570 -0.582916
v -1.299881 -1.911677 0.917084
v -1.299881 -1.911677 0.417084
v -1.299881 -1.911677 -0.082916
v -1.299881 -1.911677 -0.582916
v -1.275764 -1.901688 0.917084
v -1.275764 -1.901688 0.417084
v -1.275764 -1.901688 -0.082916
v -1.275764 -1.901688 -0.582916
v -1.339658 -1.998280 1.494730
v -1.309689 -1.998280 1.567084
v -1.262013 -1.998280 1.629216
v -1.199882 -1.998280 1.676892
v -1.127526 -1.998280 1.706862
v -1.108344 -1.901688 1.635269
v -1.114585 -1.911677 1.658566
v -1.119946 -1.927570 1.678570
v -1.124060 -1.948281 1.693921
v -1.126646 -1.972399 1.703570
v -1.162822 -1.901688 1.612703
v -1.174881 -1.911677 1.633590
v -1.185236 -1.927570 1.651526
v -1.193182 -1.948281 1.665289
v -1.198177 -1.972399 1.673941
v -1.209603 -1.901688 1.576807
v -1.226657 -1.911677 1.593861
v -1.241302 -1.927570 1.608505
v -1.252540 -1.948281 1.619743
v -1.259604 -1.972399 1.626807
v -1.245501 -1.901688 1.530025
v -1.266387 -1.911677 1.542084
v -1.284324 -1.927570 1.552439
v -1.298087 -1.948281 1.560385
v -1.306737 -1.972399 1.565380
v -1.268066 -1.901688 1.475546
v -1.291362 -1.911677 1.481789
v -1.311368 -1.927570 1.487149
v -1.326718 -1.948281 1.491262
v -1.336368 -1.972399 1.493848
v 1.350119 -1.998280 1.417084
v 1.346712 -1.972399 1.417084
v 1.336722 -1.948281 1.417084
v 1.320830 -1.927570 1.417084
v 1.300119 -1.911677 1.417084
v 1.276000 -1.901688 1.417084
v 1.127764 -1.998280 1.706862
v 1.200119 -1.998280 1.676892
v 1.262250 -1.998280 1.629216
v 1.309927 -1.998280 1.567084
v 1.339897 -1.998280 1.494730
v 1.268304 -1.901688 1.475546
v 1.291601 -1.911677 1.481789
v 1.311606 -1.927570 1.487149
v 1.326956 -1.948281 1.491262
v 1.336606 -1.972399 1.493848
v 1.245739 -1.901688 1.530025
v 1.266626 -1.911677 1.542084
v 1.284562 -1.927570 1.552439
v 1.298324 -1.948281 1.560385
v 1.306975 -1.972399 1.565380
v 1.209841 -1.901688 1.576807
v 1.226896 -1.911677 1.593861
v 1.241540 -1.927570 1.608505
v 1.252778 -1.948281 1.619743
v 1.259841 -1.972399 1.626807
v 1.163059 -1.901688 1.612703
v 1.175118 -1.911677 1.633590
v 1.185475 -1.927570 1.651526
v 1.193420 -1.948281 1.665289
v 1.198416 -1.972399 1.673941
v 1.108582 -1.901688 1.635269
v 1.114824 -1.911677 1.658566
v 1.120183 -1.927570 1.678570
v 1.124296 -1.948281 1.693921
v 1.126883 -1.972399 1.703570
v 1.276000 -1.901688 0.917084
v 1.276000 -1.901688 0.417084
v 1.276000 -1.901688 -0.082916
v 1.276000 -1.901688 -0.582916
v 1.300119 -1.911677 0.917084
v 1.300119 -1.911677 0.417084
v 1.300119 -1.911677 -0.082916
v 1.300119 -1.911677 -0.582916
v 1.320830 -1.927570 0.917084
v 1.320830 -1.927570 0.417084
v 1.320830 -1.927570 -0.082916
v 1.320830 -1.927570 -0.582916
v 1.336722 -1.948281 0.917084
v 1.336722 -1.948281 0.417084
v 1.336722 -1.948281 -0.082916
v 1.336722 -1.948281 -0.582916
v 1.346712 -1.972399 0.917084
v 1.346712 -1.972399 0.417084
v 1.346712 -1.972399 -0.082916
v 1.346712 -1.972399 -0.582916
v -1.249881 1.798671 -1.182916
v -1.249881 1.824553 -1.179509
v -1.249881 1.848671 -1.169518
v -1.249881 1.869383 -1.153626
v -1.249881 1.885275 -1.132915
v -1.249881 1.895265 -1.108798
v -1.275764 1.902079 -1.082916
v -1.299881 1.912069 -1.082916
v -1.320591 1.927961 -1.082916
v -1.336483 1.948671 -1.082916
v -1.346474 1.972790 -1.082916
v -1.349882 1.998672 -1.082916
v -1.349882 1.991858 -1.134680
v -1.349882 1.971877 -1.182916
v -1.349882 1.940094 -1.224337
v -1.349882 1.898672 -1.256121
v -1.349882 1.850435 -1.276101
v -1.349882 1.798671 -1.282916
v -1.346474 1.798671 -1.257034
v -1.336483 1.798671 -1.232916
v -1.320591 1.798671 -1.212205
v -1.299881 1.798671 -1.196314
v -1.275764 1.798671 -1.186323
v -1.275764 1.825436 -1.182800
v -1.299881 1.828022 -1.192450
v -1.320591 1.832134 -1.207800
v -1.336483 1.837494 -1.227805
v -1.346474 1.843737 -1.251101
v -1.275764 1.850376 -1.172470
v -1.299881 1.855371 -1.181121
v -1.320591 1.863317 -1.194884
v -1.336483 1.873672 -1.212820
v -1.346474 1.885731 -1.233706
v -1.275764 1.871791 -1.156036
v -1.299881 1.878855 -1.163100
v -1.320591 1.890093 -1.174337
v -1.336483 1.904737 -1.188982
v -1.346474 1.921791 -1.206036
v -1.275764 1.888225 -1.134620
v -1.299881 1.896876 -1.139615
v -1.320591 1.910640 -1.147561
v -1.336483 1.928576 -1.157916
v -1.346474 1.949463 -1.169975
v -1.275764 1.898556 -1.109680
v -1.299881 1.908206 -1.112265
v -1.320591 1.923555 -1.116379
v -1.336483 1.943560 -1.121739
v -1.346474 1.966857 -1.127981
v 1.350119 1.798671 -1.282916
v 1.350119 1.850435 -1.276101
v 1.350119 1.898672 -1.256121
v 1.350119 1.940094 -1.224337
v 1.350119 1.971877 -1.182916
v 1.350119 1.991858 -1.134680
v 1.350119 1.998672 -1.082916
v 1.346712 1.972790 -1.082916
v 1.336722 1.948671 -1.082916
v 1.320830 1.927961 -1.082916
v 1.300119 1.912069 -1.082916
v 1.276000 1.902079 -1.082916
v 1.250118 1.895265 -1.108798
v 1.250118 1.885275 -1.132915
v 1.250118 1.869383 -1.153626
v 1.250118 1.848671 -1.169518
v 1.250118 1.824553 -1.179509
v 1.250118 1.798671 -1.182916
v 1.276000 1.798671 -1.186323
v 1.300119 1.798671 -1.196314
v 1.320830 1.798671 -1.212205
v 1.336722 1.798671 -1.232916
v 1.346712 1.798671 -1.257034
v 1.346712 1.843737 -1.251101
v 1.336722 1.837494 -1.227805
v 1.320830 1.832134 -1.207800
v 1.300119 1.828022 -1.192450
v 1.276000 1.825436 -1.182800
v 1.346712 1.885731 -1.233706
v 1.336722 1.873672 -1.212820
v 1.320830 1.863317 -1.194884
v 1.300119 1.855371 -1.181121
v 1.276000 1.850376 -1.172470
v 1.346712 1.921791 -1.206036
v 1.336722 1.904737 -1.188982
v 1.320830 1.890093 -1.174337
v 1.300119 1.878855 -1.163100
v 1.276000 1.871791 -1.156036
v 1.346712 1.949463 -1.169975
v 1.336722 1.928576 -1.157916
v 1.320830 1.910640 -1.147561
v 1.300119 1.896876 -1.139615
v 1.276000 1.888225 -1.134620
v 1.346712 1.966857 -1.127981
v 1.336722 1.943560 -1.121739
v 1.320830 1.923555 -1.116379
v 1.300119 1.908206 -1.112265
v 1.276000 1.898556 -1.109680
v 1.350119 1.998672 1.417084
v 1.346712 1.972790 1.417084
v 1.336722 1.948671 1.417084
v 1.320830 1.927961 1.417084
v 1.300119 1.912069 1.417084
v 1.276000 1.902079 1.417084
v 1.346712 1.972790 0.917084
v 1.346712 1.972790 0.417084
v 1.346712 1.972790 -0.082916
v 1.346712 1.972790 -0.582916
v 1.336722 1.948671 0.917084
v 1.336722 1.948671 0.417084
v 1.336722 1.948671 -0.082916
v 1.336722 1.948671 -0.582916
v 1.320830 1.927961 0.917084
v 1.320830 1.927961 0.417084
v 1.320830 1.927961 -0.082916
v 1.320830 1.927961 -0.582916
v 1.300119 1.912069 0.917084
v 1.300119 1.912069 0.417084
v 1.300119 1.912069 -0.082916
v 1.300119 1.912069 -0.582916
v 1.276000 1.902079 0.917084
v 1.276000 1.902079 0.417084
v 1.276000 1.902079 -0.082916
v 1.276000 1.902079 -0.582916
v 1.339897 1.998672 1.494730
v 1.309927 1.998672 1.567084
v 1.262250 1.998672 1.629216
v 1.200119 1.998672 1.676892
v 1.127764 1.998672 1.706862
v 1.108582 1.902079 1.635269
v 1.114824 1.912069 1.658566
v 1.120183 1.927961 1.678570
v 1.124296 1.948671 1.693921
v 1.126883 1.972790 1.703570
v 1.163059 1.902079 1.612703
v 1.175118 1.912069 1.633590
v 1.185475 1.927961 1.651526
v 1.193420 1.948671 1.665289
v 1.198416 1.972790 1.673941
v 1.209841 1.902079 1.576807
v 1.226896 1.912069 1.593861
v 1.241540 1.927961 1.608505
v 1.252778 1.948671 1.619743
v 1.259841 1.972790 1.626807
v 1.245739 1.902079 1.530025
v 1.266626 1.912069 1.542084
v 1.284562 1.927961 1.552439
v 1.298324 1.948671 1.560385
v 1.306975 1.972790 1.565380
v 1.268304 1.902079 1.475546
v 1.291601 1.912069 1.481789
v 1.311606 1.927961 1.487149
v 1.326956 1.948671 1.491262
v 1.336606 1.972790 1.493848
v -1.349882 1.998672 1.417084
v -1.346474 1.972790 1.417084
v -1.336483 1.948671 1.417084
v -1.320591 1.927961 1.417084
v -1.299881 1.912069 1.417084
v -1.275764 1.902079 1.417084
v -1.127526 1.998672 1.706862
v -1.199882 1.998672 1.676892
v -1.262013 1.998672 1.629216
v -1.309689 1.998672 1.567084
v -1.339658 1.998672 1.494730
v -1.268066 1.902079 1.475546
v -1.291362 1.912069 1.481789
v -1.311368 1.927961 1.487149
v -1.326718 1.948671 1.491262
v -1.336368 1.972790 1.493848
v -1.245501 1.902079 1.530025
v -1.266387 1.912069 1.542084
v -1.284324 1.927961 1.552439
v -1.298087 1.948671 1.560385
v -1.306737 1.972790 1.565380
v -1.209603 1.902079 1.576807
v -1.226657 1.912069 1.593861
v -1.241302 1.927961 1.608505
v -1.252540 1.948671 1.619743
v -1.259604 1.972790 1.626807
v -1.162822 1.902079 1.612703
v -1.174881 1.912069 1.633590
v -1.185236 1.927961 1.651526
v -1.193182 1.948671 1.665289
v -1.198177 1.972790 1.673941
v -1.108344 1.902079 1.635269
v -1.114585 1.912069 1.658566
v -1.119946 1.927961 1.678570
v -1.124060 1.948671 1.693921
v -1.126646 1.972790 1.703570
v -1.275764 1.902079 0.917084
v -1.275764 1.902079 0.417084
v -1.275764 1.902079 -0.082916
v -1.275764 1.902079 -0.582916
v -1.299881 1.912069 0.917084
v -1.299881 1.912069 0.417084
v -1.299881 1.912069 -0.082916
v -1.299881 1.912069 -0.582916
v -1.320591 1.927961 0.917084
v -1.320591 1.927961 0.417084
v -1.320591 1.927961 -0.082916
v -1.320591 1.927961 -0.582916
v -1.336483 1.948671 0.917084
v -1.336483 1.948671 0.417084
v -1.336483 1.948671 -0.082916
v -1.336483 1.948671 -0.582916
v -1.346474 1.972790 0.917084
v -1.346474 1.972790 0.417084
v -1.346474 1.972790 -0.082916
v -1.346474 1.972790 -0.582916
v 1.346712 1.284822 -1.257034
v 1.346712 0.770972 -1.257034
v 1.346712 0.257121 -1.257034
v 1.346712 -0.256729 -1.257034
v 1.346712 -0.770579 -1.257034
v 1.346712 -1.284431 -1.257034
v 1.336722 1.284822 -1.232916
v 1.336722 0.770972 -1.232916
v 1.336722 0.257121 -1.232916
v 1.336722 -0.256729 -1.232916
v 1.336722 -0.770579 -1.232916
v 1.336722 -1.284431 -1.232916
v 1.320830 1.284822 -1.212205
v 1.320830 0.770972 -1.212205
v 1.320830 0.257121 -1.212205
v 1.320830 -0.256729 -1.212205
v 1.320830 -0.770579 -1.212205
v 1.320830 -1.284431 -1.212205
v 1.300119 1.284822 -1.196314
v 1.300119 0.770972 -1.196314
v 1.300119 0.257121 -1.196314
v 1.300119 -0.256729 -1.196314
v 1.300119 -0.770579 -1.196314
v 1.300119 -1.284431 -1.196314
v 1.276000 1.284822 -1.186323
v 1.276000 0.770972 -1.186323
v 1.276000 0.257121 -1.186323
v 1.276000 -0.256729 -1.186323
v 1.276000 -0.770579 -1.186323
v 1.276000 -1.284431 -1.186323
v -1.346474 -1.284431 -1.257034
v -1.346474 -0.770579 -1.257034
v -1.346474 -0.256729 -1.257034
v -1.346474 0.257121 -1.257034
v -1.346474 0.770972 -1.257034
v -1.346474 1.284822 -1.257034
v -1.336483 -1.284431 -1.232916
v -1.336483 -0.770579 -1.232916
v -1.336483 -0.256729 -1.232916
v -1.336483 0.257121 -1.232916
v -1.336483 0.770972 -1.232916
v -1.336483 1.284822 -1.232916
v -1.320591 -1.284431 -1.212205
v -1.320591 -0.770579 -1.212205
v -1.320591 -0.256729 -1.212205
v -1.320591 0.257121 -1.212205
v -1.320591 0.770972 -1.212205
v -1.320591 1.284822 -1.212205
v -1.299881 -1.284431 -1.196314
v -1.299881 -0.770579 -1.196314
v -1.299881 -0.256729 -1.196314
v -1.299881 0.257121 -1.196314
v -1.299881 0.770972 -1.196314
v -1.299881 1.284822 -1.196314
v -1.275764 -1.284431 -1.186323
v -1.275764 -0.770579 -1.186323
v -1.275764 -0.256729 -1.186323
v -1.275764 0.257121 -1.186323
v -1.275764 0.770972 -1.186323
v -1.275764 1.284822 -1.186323
v -1.053288 1.284822 -1.257034
v -1.053288 0.770972 -1.257034
v -1.053288 0.257121 -1.257034
v -1.053288 -0.256729 -1.257034
v -1.053288 -0.770579 -1.257034
v -1.053288 -1.284431 -1.257034
v -1.063279 1.284822 -1.232916
v -1.063279 0.770972 -1.232916
v -1.063279 0.257121 -1.232916
v -1.063279 -0.256729 -1.232916
v -1.063279 -0.770579 -1.232916
v -1.063279 -1.284431 -1.232916
v -1.079171 1.284822 -1.212205
v -1.079171 0.770972 -1.212205
v -1.079171 0.257121 -1.212205
v -1.079171 -0.256729 -1.212205
v -1.079171 -0.770579 -1.212205
v -1.079171 -1.284431 -1.212205
v -1.099882 1.284822 -1.196314
v -1.099882 0.770972 -1.196314
v -1.099882 0.257121 -1.196314
v -1.099882 -0.256729 -1.196314
v -1.099882 -0.770579 -1.196314
v -1.099882 -1.284431 -1.196314
v -1.124000 1.284822 -1.186323
v -1.124000 0.770972 -1.186323
v -1.124000 0.257121 -1.186323
v -1.124000 -0.256729 -1.186323
v -1.124000 -0.770579 -1.186323
v -1.124000 -1.284431 -1.186323
v -1.349882 2.198672 1.417084
v -1.349882 2.198672 -1.685403
v -1.349882 -2.198280 -1.685403
v -1.349882 -2.198280 1.417084
v -1.049881 2.198672 1.717084
v -1.127526 2.198672 1.706862
v -1.199882 2.198672 1.676892
v -1.262013 2.198672 1.629216
v -1.309689 2.198672 1.567084
v -1.339658 2.198672 1.494730
v 1.050118 2.198672 1.717084
v 1.350119 2.198672 1.417084
v 1.339897 2.198672 1.494730
v 1.309927 2.198672 1.567084
v 1.262250 2.198672 1.629216
v 1.200119 2.198672 1.676892
v 1.127764 2.198672 1.706862
v -1.088427 -2.198280 -1.982916
v -1.158133 -2.198280 -1.965191
v -1.221616 -2.198280 -1.931384
v -1.275229 -2.198280 -1.883439
v -1.315889 -2.198280 -1.824110
v -1.341259 -2.198280 -1.756808
v -1.341259 2.198672 -1.756808
v -1.315889 2.198672 -1.824110
v -1.275229 2.198672 -1.883439
v -1.221616 2.198672 -1.931384
v -1.158133 2.198672 -1.965191
v -1.088427 2.198672 -1.982916
v -1.158133 -0.732629 -1.965191
v -1.158133 0.733022 -1.965191
v -1.221616 -0.732629 -1.931384
v -1.221616 0.733022 -1.931384
v -1.275229 -0.732629 -1.883439
v -1.275229 0.733022 -1.883439
v -1.315889 -0.732629 -1.824110
v -1.315889 0.733022 -1.824110
v -1.341259 -0.732629 -1.756808
v -1.341259 0.733022 -1.756808
v 1.050118 -2.198280 -1.982916
v 1.127764 -2.198280 -1.972693
v 1.200119 -2.198280 -1.942724
v 1.262250 -2.198280 -1.895048
v 1.309927 -2.198280 -1.832916
v 1.339897 -2.198280 -1.760562
v 1.350119 -2.198280 -1.682916
v 1.350119 -2.198280 1.417084
v 1.339897 -2.198280 1.494730
v 1.309927 -2.198280 1.567084
v 1.262250 -2.198280 1.629216
v 1.200119 -2.198280 1.676892
v 1.127764 -2.198280 1.706862
v 1.050118 -2.198280 1.717084
v -1.049881 -2.198280 1.717084
v -1.127526 -2.198280 1.706862
v -1.199882 -2.198280 1.676892
v -1.262013 -2.198280 1.629216
v -1.309689 -2.198280 1.567084
v -1.339658 -2.198280 1.494730
v -0.299881 -2.198280 -0.645416
v 0.300118 -2.198280 -0.645416
v 0.300118 -2.198280 -1.545416
v -0.299881 -2.198280 -1.545416
v 1.050118 2.198672 -1.982916
v 1.127764 2.198672 -1.972693
v 1.200119 2.198672 -1.942724
v 1.262250 2.198672 -1.895048
v 1.309927 2.198672 -1.832916
v 1.339897 2.198672 -1.760562
v 1.350119 2.198672 -1.682916
v 1.339897 -0.732629 -1.760562
v 1.339897 0.733022 -1.760562
v 1.309927 -0.732629 -1.832916
v 1.309927 0.733022 -1.832916
v 1.262250 -0.732629 -1.895048
v 1.262250 0.733022 -1.895048
v 1.200119 -0.732629 -1.942724
v 1.200119 0.733022 -1.942724
v 1.127764 -0.732629 -1.972693
v 1.127764 0.733022 -1.972693
v -0.399881 -0.001328 -1.982916
v -0.386251 -0.104855 -1.982916
v -0.346292 -0.201328 -1.982916
v -0.282723 -0.284170 -1.982916
v -0.199882 -0.347738 -1.982916
v -0.103409 -0.387698 -1.982916
v 0.000118 -0.401328 -1.982916
v 0.103647 -0.387698 -1.982916
v 0.200119 -0.347738 -1.982916
v 0.282962 -0.284170 -1.982916
v 0.346529 -0.201328 -1.982916
v 0.386490 -0.104855 -1.982916
v 0.400119 -0.001328 -1.982916
v 0.386490 0.102200 -1.982916
v 0.346529 0.198672 -1.982916
v 0.282962 0.281515 -1.982916
v 0.200119 0.345083 -1.982916
v 0.103647 0.385043 -1.982916
v 0.000118 0.398672 -1.982916
v -0.103409 0.385043 -1.982916
v -0.199882 0.345083 -1.982916
v -0.282723 0.281515 -1.982916
v -0.346292 0.198672 -1.982916
v -0.386251 0.102200 -1.982916
v -0.899881 -0.001328 -1.982916
v -0.896473 -0.027210 -1.982916
v -0.886484 -0.051328 -1.982916
v -0.870592 -0.072038 -1.982916
v -0.849882 -0.087930 -1.982916
v -0.825764 -0.097920 -1.982916
v -0.799881 -0.101328 -1.982916
v -0.774000 -0.097920 -1.982916
v -0.749881 -0.087930 -1.982916
v -0.729171 -0.072038 -1.982916
v -0.713279 -0.051328 -1.982916
v -0.703289 -0.027210 -1.982916
v -0.699882 -0.001328 -1.982916
v -0.703289 0.024554 -1.982916
v -0.713279 0.048672 -1.982916
v -0.729171 0.069383 -1.982916
v -0.749881 0.085275 -1.982916
v -0.774000 0.095265 -1.982916
v -0.799881 0.098672 -1.982916
v -0.825764 0.095265 -1.982916
v -0.849882 0.085275 -1.982916
v -0.870592 0.069383 -1.982916
v -0.886484 0.048672 -1.982916
v -0.896473 0.024554 -1.982916
v -0.099881 -0.801328 -1.982916
v -0.096473 -0.827210 -1.982916
v -0.086483 -0.851328 -1.982916
v -0.070591 -0.872038 -1.982916
v -0.049881 -0.887930 -1.982916
v -0.025764 -0.897920 -1.982916
v 0.000118 -0.901328 -1.982916
v 0.026000 -0.897920 -1.982916
v 0.050118 -0.887930 -1.982916
v 0.070830 -0.872038 -1.982916
v 0.086721 -0.851328 -1.982916
v 0.096712 -0.827210 -1.982916
v 0.100119 -0.801328 -1.982916
v 0.096712 -0.775446 -1.982916
v 0.086721 -0.751328 -1.982916
v 0.070830 -0.730617 -1.982916
v 0.050118 -0.714725 -1.982916
v 0.026000 -0.704735 -1.982916
v 0.000118 -0.701328 -1.982916
v -0.025764 -0.704735 -1.982916
v -0.049881 -0.714725 -1.982916
v -0.070591 -0.730617 -1.982916
v -0.086483 -0.751328 -1.982916
v -0.096473 -0.775446 -1.982916
v -0.099881 0.798672 -1.982916
v -0.096473 0.772790 -1.982916
v -0.086483 0.748672 -1.982916
v -0.070591 0.727962 -1.982916
v -0.049881 0.712070 -1.982916
v -0.025764 0.702080 -1.982916
v 0.000118 0.698672 -1.982916
v 0.026000 0.702080 -1.982916
v 0.050118 0.712070 -1.982916
v 0.070830 0.727962 -1.982916
v 0.086721 0.748672 -1.982916
v 0.096712 0.772790 -1.982916
v 0.100119 0.798672 -1.982916
v 0.096712 0.824554 -1.982916
v 0.086721 0.848672 -1.982916
v 0.070830 0.869383 -1.982916
v 0.050118 0.885275 -1.982916
v 0.026000 0.895265 -1.982916
v 0.000118 0.898672 -1.982916
v -0.025764 0.895265 -1.982916
v -0.049881 0.885275 -1.982916
v -0.070591 0.869383 -1.982916
v -0.086483 0.848672 -1.982916
v -0.096473 0.824554 -1.982916
v 0.700119 -0.001328 -1.982916
v 0.703526 -0.027210 -1.982916
v 0.713516 -0.051328 -1.982916
v 0.729409 -0.072038 -1.982916
v 0.750118 -0.087930 -1.982916
v 0.774236 -0.097920 -1.982916
v 0.800118 -0.101328 -1.982916
v 0.826000 -0.097920 -1.982916
v 0.850119 -0.087930 -1.982916
v 0.870830 -0.072038 -1.982916
v 0.886722 -0.051328 -1.982916
v 0.896712 -0.027210 -1.982916
v 0.900119 -0.001328 -1.982916
v 0.896712 0.024554 -1.982916
v 0.886722 0.048672 -1.982916
v 0.870830 0.069383 -1.982916
v 0.850119 0.085275 -1.982916
v 0.826000 0.095265 -1.982916
v 0.800118 0.098672 -1.982916
v 0.774236 0.095265 -1.982916
v 0.750118 0.085275 -1.982916
v 0.729409 0.069383 -1.982916
v 0.713516 0.048672 -1.982916
v 0.703526 0.024554 -1.982916
v -0.399881 -0.001328 -1.682916
v -0.386251 0.102200 -1.682916
v -0.346292 0.198672 -1.682916
v -0.282723 0.281515 -1.682916
v -0.199882 0.345083 -1.682916
v -0.103409 0.385043 -1.682916
v 0.000118 0.398672 -1.682916
v 0.103647 0.385043 -1.682916
v 0.200119 0.345083 -1.682916
v 0.282962 0.281515 -1.682916
v 0.346529 0.198672 -1.682916
v 0.386490 0.102200 -1.682916
v 0.400119 -0.001328 -1.682916
v 0.386490 -0.104855 -1.682916
v 0.346529 -0.201328 -1.682916
v 0.282962 -0.284170 -1.682916
v 0.200119 -0.347738 -1.682916
v 0.103647 -0.387698 -1.682916
v 0.000118 -0.401328 -1.682916
v -0.103409 -0.387698 -1.682916
v -0.199882 -0.347738 -1.682916
v -0.282723 -0.284170 -1.682916
v -0.346292 -0.201328 -1.682916
v -0.386251 -0.104855 -1.682916
v -0.899881 -0.001328 -1.682916
v -0.896473 0.024554 -1.682916
v -0.886484 0.048672 -1.682916
v -0.870592 0.069383 -1.682916
v -0.849882 0.085275 -1.682916
v -0.825764 0.095265 -1.682916
v -0.799881 0.098672 -1.682916
v -0.774000 0.095265 -1.682916
v -0.749881 0.085275 -1.682916
v -0.729171 0.069383 -1.682916
v -0.713279 0.048672 -1.682916
v -0.703289 0.024554 -1.682916
v -0.699882 -0.001328 -1.682916
v -0.703289 -0.027210 -1.682916
v -0.713279 -0.051328 -1.682916
v -0.729171 -0.072038 -1.682916
v -0.749881 -0.087930 -1.682916
v -0.774000 -0.097920 -1.682916
v -0.799881 -0.101328 -1.682916
v -0.825764 -0.097920 -1.682916
v -0.849882 -0.087930 -1.682916
v -0.870592 -0.072038 -1.682916
v -0.886484 -0.051328 -1.682916
v -0.896473 -0.027210 -1.682916
v -0.099881 -0.801328 -1.682916
v -0.096473 -0.775446 -1.682916
v -0.086483 -0.751328 -1.682916
v -0.070591 -0.730617 -1.682916
v -0.049881 -0.714725 -1.682916
v -0.025764 -0.704735 -1.682916
v 0.000118 -0.701328 -1.682916
v 0.026000 -0.704735 -1.682916
v 0.050118 -0.714725 -1.682916
v 0.070830 -0.730617 -1.682916
v 0.086721 -0.751328 -1.682916
v 0.096712 -0.775446 -1.682916
v 0.100119 -0.801328 -1.682916
v 0.096712 -0.827210 -1.682916
v 0.086721 -0.851328 -1.682916
v 0.070830 -0.872038 -1.682916
v 0.050118 -0.887930 -1.682916
v 0.026000 -0.897920 -1.682916
v 0.000118 -0.901328 -1.682916
v -0.025764 -0.897920 -1.682916
v -0.049881 -0.887930 -1.682916
v -0.070591 -0.872038 -1.682916
v -0.086483 -0.851328 -1.682916
v -0.096473 -0.827210 -1.682916
v -0.099881 0.798672 -1.682916
v -0.096473 0.824554 -1.682916
v -0.086483 0.848672 -1.682916
v -0.070591 0.869383 -1.682916
v -0.049881 0.885275 -1.682916
v -0.025764 0.895265 -1.682916
v 0.000118 0.898672 -1.682916
v 0.026000 0.895265 -1.682916
v 0.050118 0.885275 -1.682916
v 0.070830 0.869383 -1.682916
v 0.086721 0.848672 -1.682916
v 0.096712 0.824554 -1.682916
v 0.100119 0.798672 -1.682916
v 0.096712 0.772790 -1.682916
v 0.086721 0.748672 -1.682916
v 0.070830 0.727962 -1.682916
v 0.050118 0.712070 -1.682916
v 0.026000 0.702080 -1.682916
v 0.000118 0.698672 -1.682916
v -0.025764 0.702080 -1.682916
v -0.049881 0.712070 -1.682916
v -0.070591 0.727962 -1.682916
v -0.086483 0.748672 -1.682916
v -0.096473 0.772790 -1.682916
v 0.700119 -0.001328 -1.682916
v 0.703526 0.024554 -1.682916
v 0.713516 0.048672 -1.682916
v 0.729409 0.069383 -1.682916
v 0.750118 0.085275 -1.682916
v 0.774236 0.095265 -1.682916
v 0.800118 0.098672 -1.682916
v 0.826000 0.095265 -1.682916
v 0.850119 0.085275 -1.682916
v 0.870830 0.069383 -1.682916
v 0.886722 0.048672 -1.682916
v 0.896712 0.024554 -1.682916
v 0.900119 -0.001328 -1.682916
v 0.896712 -0.027210 -1.682916
v 0.886722 -0.051328 -1.682916
v 0.870830 -0.072038 -1.682916
v 0.850119 -0.087930 -1.682916
v 0.826000 -0.097920 -1.682916
v 0.800118 -0.101328 -1.682916
v 0.774236 -0.097920 -1.682916
v 0.750118 -0.087930 -1.682916
v 0.729409 -0.072038 -1.682916
v 0.713516 -0.051328 -1.682916
v 0.703526 -0.027210 -1.682916
v 0.300118 2.198672 -1.545416
v -0.299881 2.198672 -1.545416
v -0.299881 2.198672 -0.645416
v 0.300118 2.198672 -0.645416
vn -0.9659 -0.2587 -0.0000
vn -1.0000 -0.0001 -0.0000
vn -1.0000 0.0001 -0.0000
vn -0.9659 0.2587 -0.0000
vn -0.9659 0.2589 -0.0000
vn -0.8661 0.4999 -0.0000
vn -0.8660 0.5001 -0.0000
vn -0.7072 0.7070 -0.0000
vn -0.7071 0.7072 -0.0000
vn -0.5001 0.8660 -0.0000
vn -0.4999 0.8661 -0.0000
vn -0.2589 0.9659 -0.0000
vn -0.2587 0.9660 -0.0000
vn -0.0001 1.0000 -0.0000
vn 0.0001 1.0000 -0.0000
vn 0.2587 0.9660 -0.0000
vn 0.2588 0.9659 -0.0000
vn 0.2589 0.9659 -0.0000
vn 0.4999 0.8661 -0.0000
vn 0.5001 0.8660 -0.0000
vn 0.7070 0.7072 -0.0000
vn 0.7071 0.7071 -0.0000
vn 0.8660 0.5001 -0.0000
vn 0.7072 0.7070 -0.0000
vn 0.8661 0.4999 -0.0000
vn 0.9659 0.2589 -0.0000
vn 0.9660 0.2587 -0.0000
vn 1.0000 -0.0000 -0.0000
vn 1.0000 0.0001 -0.0000
vn 0.9659 0.2588 -0.0000
vn 1.0000 -0.0001 -0.0000
vn 0.9659 -0.2588 -0.0000
vn 0.9660 -0.2587 -0.0000
vn 0.9659 -0.2589 -0.0000
vn 0.8661 -0.4999 -0.0000
vn 0.8660 -0.5001 -0.0000
vn 0.7072 -0.7071 -0.0000
vn 0.7071 -0.7071 -0.0000
vn 0.5001 -0.8660 -0.0000
vn 0.7070 -0.7072 -0.0000
vn 0.4999 -0.8661 -0.0000
vn 0.2589 -0.9659 -0.0000
vn 0.2587 -0.9659 -0.0000
vn 0.0001 -1.0000 -0.0000
vn -0.0001 -1.0000 -0.0000
vn -0.2587 -0.9659 -0.0000
vn -0.2589 -0.9659 -0.0000
vn -0.4999 -0.8661 -0.0000
vn -0.5001 -0.8660 -0.0000
vn -0.7070 -0.7072 -0.0000
vn -0.7071 -0.7072 -0.0000
vn -0.7072 -0.7071 -0.0000
vn -0.8660 -0.5001 -0.0000
vn -0.8661 -0.4999 -0.0000
vn -0.9659 -0.2589 -0.0000
vn -0.7070 0.7072 -0.0000
vn 0.2587 -0.9660 -0.0000
vn -0.0000 0.9499 0.3125
vn -0.0000 0.9310 0.3651
vn -0.0000 0.9310 0.3650
vn -0.0000 0.9145 0.4046
vn -0.0000 0.9144 0.4047
vn -0.0000 0.9035 0.4285
vn -0.0000 0.9036 0.4283
vn -0.0000 0.9145 0.4045
vn -0.0000 0.9035 0.4287
vn -0.0000 0.8998 0.4363
vn -0.0000 1.0000 -0.0001
vn -0.0000 0.9808 -0.1950
vn -0.0000 0.9808 -0.1951
vn -0.0000 0.9659 -0.2588
vn -0.0000 0.9808 -0.1952
vn -0.0000 0.9239 -0.3827
vn -0.0000 0.9659 -0.2589
vn -0.0000 0.8661 -0.5000
vn -0.0000 0.8660 -0.5000
vn -0.0000 0.8315 -0.5555
vn -0.0000 0.8315 -0.5556
vn -0.0000 0.8660 -0.5001
vn -0.0000 0.7072 -0.7070
vn -0.0000 0.8314 -0.5556
vn -0.0000 0.7071 -0.7071
vn -0.0000 0.7071 -0.7072
vn -0.0000 0.5556 -0.8314
vn -0.0000 0.5556 -0.8315
vn -0.0000 0.7070 -0.7072
vn -0.0000 0.5001 -0.8660
vn -0.0000 0.5555 -0.8315
vn -0.0000 0.5000 -0.8660
vn -0.0000 0.3828 -0.9239
vn -0.0000 0.3827 -0.9239
vn -0.0000 0.4999 -0.8661
vn -0.0000 0.2589 -0.9659
vn -0.0000 0.3826 -0.9239
vn -0.0000 0.2588 -0.9659
vn -0.0000 0.1952 -0.9808
vn -0.0000 0.1951 -0.9808
vn -0.0000 0.2587 -0.9659
vn -0.0000 0.0980 -0.9952
vn -0.0000 -0.0000 -1.0000
vn -0.0000 0.9660 -0.2587
vn -0.0000 0.9239 -0.3826
vn -0.0000 0.8661 -0.4999
vn -0.1950 0.9808 -0.0000
vn -0.1951 0.9808 -0.0000
vn -0.2587 0.9659 -0.0000
vn -0.1952 0.9808 -0.0000
vn -0.2588 0.9659 -0.0000
vn -0.3826 0.9239 -0.0000
vn -0.3827 0.9239 -0.0001
vn -0.3827 0.9239 -0.0000
vn -0.5000 0.8660 -0.0000
vn -0.5555 0.8315 -0.0000
vn -0.5556 0.8315 -0.0000
vn -0.5556 0.8314 -0.0000
vn -0.7072 0.7071 -0.0000
vn -0.8314 0.5557 -0.0000
vn -0.8315 0.5556 -0.0000
vn -0.8315 0.5555 -0.0000
vn -0.8660 0.5000 -0.0000
vn -0.9238 0.3828 -0.0000
vn -0.9239 0.3827 -0.0000
vn -0.9239 0.3826 -0.0000
vn -0.9659 0.2588 -0.0000
vn -0.9808 0.1952 -0.0000
vn -0.9808 0.1950 -0.0000
vn -0.9660 0.2587 -0.0000
vn -0.9952 0.0980 -0.0000
vn -0.4999 0.8661 -0.0001
vn 0.9952 0.0980 -0.0000
vn 0.9659 0.2587 -0.0000
vn 0.9808 0.1950 -0.0000
vn 0.9808 0.1952 -0.0000
vn 0.9239 0.3826 -0.0000
vn 0.9239 0.3827 -0.0000
vn 0.9238 0.3828 -0.0000
vn 0.8660 0.5000 -0.0000
vn 0.8315 0.5555 -0.0000
vn 0.8315 0.5556 -0.0000
vn 0.8314 0.5556 -0.0000
vn 0.7072 0.7071 -0.0000
vn 0.7071 0.7072 -0.0000
vn 0.5556 0.8314 -0.0000
vn 0.5556 0.8315 -0.0000
vn 0.5555 0.8315 -0.0000
vn 0.5000 0.8660 -0.0000
vn 0.3828 0.9238 -0.0000
vn 0.3827 0.9239 -0.0001
vn 0.3826 0.9239 -0.0000
vn 0.1951 0.9808 -0.0000
vn 0.1950 0.9808 -0.0000
vn 0.2587 0.9659 -0.0000
vn 0.4999 0.8661 0.0001
vn 0.9659 0.2589 0.0001
vn -0.0000 1.0000 -0.0000
vn 0.9659 0.0001 0.2588
vn 0.9330 0.2588 0.2499
vn 1.0000 -0.0000 0.0001
vn 1.0000 0.0001 0.0001
vn 0.9659 0.2588 0.0001
vn 1.0000 0.0001 -0.0001
vn 0.9659 0.2587 -0.0001
vn 0.9659 0.0001 -0.2588
vn 0.9659 0.2588 -0.0001
vn 0.9330 0.2588 -0.2499
vn 0.9330 0.2587 -0.2500
vn 0.8661 0.0001 -0.4999
vn 0.8661 0.0001 -0.5000
vn 0.9330 0.2588 -0.2501
vn 0.8366 0.2588 -0.4829
vn 0.8660 -0.0000 -0.5001
vn 0.8365 0.2588 -0.4831
vn 0.7071 -0.0000 -0.7071
vn 0.7072 0.0001 -0.7071
vn 0.8365 0.2588 -0.4830
vn 0.6831 0.2588 -0.6830
vn 0.7071 0.0001 -0.7071
vn 0.6830 0.2587 -0.6831
vn 0.5001 -0.0000 -0.8660
vn 0.5000 0.0001 -0.8660
vn 0.6829 0.2588 -0.6831
vn 0.4830 0.2587 -0.8365
vn 0.4829 0.2588 -0.8366
vn 0.2589 -0.0000 -0.9659
vn 0.2501 0.2587 -0.9330
vn 0.2587 0.0001 -0.9660
vn 0.2499 0.2588 -0.9330
vn -0.0000 0.0001 -1.0000
vn 0.0001 0.0001 -1.0000
vn -0.2587 0.0001 -0.9660
vn -0.2587 0.0001 -0.9659
vn -0.2499 0.2587 -0.9331
vn -0.2589 0.0001 -0.9659
vn -0.2501 0.2588 -0.9330
vn -0.5000 0.0001 -0.8660
vn -0.4829 0.2587 -0.8365
vn -0.4830 0.2588 -0.8365
vn -0.7070 -0.0000 -0.7072
vn -0.7071 -0.0000 -0.7071
vn -0.4831 0.2588 -0.8365
vn -0.6830 0.2587 -0.6830
vn -0.7071 0.0001 -0.7071
vn -0.8660 0.0001 -0.5001
vn -0.8660 -0.0000 -0.5001
vn -0.6831 0.2587 -0.6830
vn -0.8365 0.2587 -0.4830
vn -0.8661 0.0001 -0.4999
vn -0.8366 0.2587 -0.4829
vn -0.9659 -0.0000 -0.2588
vn -0.9659 -0.0000 -0.2589
vn -0.9330 0.2587 -0.2501
vn -0.9659 0.0001 -0.2588
vn -0.9330 0.2588 -0.2499
vn -1.0000 0.0001 -0.0001
vn -1.0000 -0.0000 -0.0001
vn -0.9331 0.2587 -0.2499
vn -1.0000 0.0001 0.0001
vn -0.9659 0.0001 0.2587
vn -0.9330 0.2588 0.2499
vn -0.9659 0.0001 0.2589
vn -0.9330 0.2587 0.2501
vn -0.8661 -0.0000 0.4999
vn -0.8366 0.2587 0.4829
vn -0.8660 0.0001 0.5001
vn -0.8365 0.2588 0.4830
vn -0.7072 0.0001 0.7070
vn -0.7072 0.0001 0.7071
vn -0.6831 0.2588 0.6830
vn -0.7070 0.0001 0.7072
vn -0.6830 0.2588 0.6831
vn -0.5000 0.0001 0.8660
vn -0.5001 0.0001 0.8660
vn -0.4830 0.2587 0.8365
vn -0.2589 0.0001 0.9659
vn -0.4829 0.2588 0.8366
vn -0.2500 0.2587 0.9330
vn -0.2587 0.0001 0.9660
vn -0.2499 0.2588 0.9330
vn -0.0000 0.0001 1.0000
vn -0.0000 -0.0000 1.0000
vn -0.0001 0.2587 0.9659
vn 0.0001 0.0001 1.0000
vn 0.0001 0.2588 0.9659
vn 0.2588 0.0001 0.9659
vn 0.2587 -0.0000 0.9660
vn -0.0000 0.2587 0.9659
vn 0.2498 0.2588 0.9331
vn 0.2589 0.0001 0.9659
vn 0.2501 0.2588 0.9330
vn 0.5000 -0.0000 0.8660
vn 0.4999 0.0001 0.8661
vn 0.2500 0.2588 0.9330
vn 0.4829 0.2588 0.8366
vn 0.5000 0.0001 0.8660
vn 0.4830 0.2587 0.8365
vn 0.7070 0.0001 0.7072
vn 0.7071 0.0001 0.7072
vn 0.4830 0.2588 0.8365
vn 0.6830 0.2587 0.6831
vn 0.7072 0.0001 0.7071
vn 0.6831 0.2588 0.6830
vn 0.8660 0.0001 0.5001
vn 0.8660 0.0001 0.5000
vn 0.8365 0.2587 0.4830
vn 0.8661 0.0001 0.4999
vn 0.8366 0.2587 0.4829
vn 0.9659 0.0001 0.2589
vn 0.8366 0.2588 0.4829
vn 0.9330 0.2587 0.2500
vn 0.2500 0.9659 -0.0670
vn 0.2499 0.9659 -0.0670
vn 0.2500 0.9659 0.0670
vn 0.2499 0.9660 0.0670
vn 0.2499 0.9659 0.0670
vn 0.2241 0.9659 0.1294
vn -0.0000 1.0000 0.0001
vn 0.0001 1.0000 0.0001
vn 0.2241 0.9660 0.1294
vn 0.1830 0.9660 0.1829
vn 0.1829 0.9660 0.1830
vn 0.1829 0.9660 0.1829
vn 0.1294 0.9660 0.2240
vn 0.1294 0.9659 0.2241
vn 0.1294 0.9660 0.2241
vn 0.0670 0.9660 0.2499
vn 0.0670 0.9659 0.2499
vn -0.0000 0.9660 0.2587
vn -0.0000 0.9659 0.2588
vn -0.0670 0.9660 0.2499
vn -0.0670 0.9659 0.2500
vn -0.1294 0.9659 0.2241
vn -0.0001 1.0000 0.0001
vn -0.1294 0.9660 0.2241
vn -0.1829 0.9660 0.1829
vn -0.1830 0.9659 0.1830
vn -0.2241 0.9659 0.1294
vn -0.2499 0.9660 0.0670
vn -0.2499 0.9659 0.0670
vn -0.2500 0.9659 -0.0670
vn -0.2499 0.9660 -0.0670
vn -0.2499 0.9659 -0.0670
vn -0.2241 0.9659 -0.1294
vn -0.0001 1.0000 -0.0001
vn -0.2240 0.9660 -0.1294
vn -0.1830 0.9659 -0.1830
vn -0.1829 0.9660 -0.1829
vn -0.1294 0.9660 -0.2240
vn -0.1294 0.9659 -0.2241
vn -0.1294 0.9660 -0.2241
vn -0.0670 0.9660 -0.2499
vn -0.0670 0.9659 -0.2499
vn -0.0669 0.9660 -0.2499
vn 0.0670 0.9660 -0.2499
vn 0.0670 0.9659 -0.2500
vn 0.1294 0.9659 -0.2241
vn 0.1294 0.9660 -0.2240
vn 0.1829 0.9660 -0.1829
vn 0.1830 0.9659 -0.1830
vn 0.0001 1.0000 -0.0001
vn 0.2241 0.9659 -0.1294
vn 0.2241 0.9660 -0.1293
vn -0.9659 0.2589 0.0001
vn -0.8661 0.5000 -0.0000
vn -0.9330 0.2589 0.2499
vn -0.8661 0.5000 0.0001
vn -0.8366 0.4999 0.2241
vn -0.9330 0.2589 0.2500
vn -0.8365 0.4999 0.2242
vn -0.8365 0.2589 0.4829
vn -0.8366 0.4999 0.2242
vn -0.7501 0.4999 0.4330
vn -0.8365 0.2589 0.4830
vn -0.7500 0.5000 0.4331
vn -0.6830 0.2589 0.6829
vn -0.6830 0.2589 0.6830
vn -0.7500 0.4999 0.4331
vn -0.6124 0.4999 0.6124
vn -0.6123 0.5000 0.6124
vn -0.4830 0.2589 0.8365
vn -0.6123 0.4999 0.6125
vn -0.4331 0.4999 0.7500
vn -0.4829 0.2589 0.8365
vn -0.4330 0.5000 0.7501
vn -0.2500 0.2589 0.9330
vn -0.2501 0.2589 0.9330
vn -0.4330 0.4999 0.7500
vn -0.2242 0.4999 0.8365
vn -0.0001 0.2589 0.9659
vn -0.2241 0.4999 0.8366
vn -0.0001 0.4999 0.8661
vn 0.0001 0.2589 0.9659
vn 0.0001 0.4999 0.8661
vn 0.2499 0.2589 0.9330
vn 0.2500 0.2589 0.9330
vn 0.0001 0.5000 0.8660
vn 0.2241 0.4999 0.8366
vn 0.2242 0.4999 0.8366
vn 0.4829 0.2588 0.8365
vn 0.4829 0.2589 0.8365
vn 0.2242 0.5000 0.8365
vn 0.4330 0.5000 0.7500
vn 0.4830 0.2589 0.8365
vn 0.4330 0.4999 0.7500
vn 0.6829 0.2589 0.6831
vn 0.4331 0.4999 0.7500
vn 0.6124 0.4999 0.6125
vn 0.6831 0.2589 0.6829
vn 0.6124 0.4999 0.6123
vn 0.8365 0.2588 0.4830
vn 0.8364 0.2589 0.4831
vn 0.6124 0.5000 0.6124
vn 0.7500 0.5000 0.4331
vn 0.8365 0.2589 0.4829
vn 0.7501 0.4999 0.4330
vn 0.9330 0.2589 0.2501
vn 0.9330 0.2588 0.2500
vn 0.7501 0.4999 0.4329
vn 0.8366 0.4999 0.2242
vn 0.9330 0.2589 0.2499
vn 0.8366 0.4999 0.2241
vn 0.8365 0.5000 0.2241
vn 0.8661 0.4999 0.0001
vn 0.8661 0.4999 -0.0001
vn 0.9330 0.2589 -0.2500
vn 0.8660 0.5000 -0.0001
vn 0.8366 0.5000 -0.2241
vn 0.9330 0.2589 -0.2501
vn 0.8365 0.5000 -0.2242
vn 0.8365 0.2589 -0.4829
vn 0.8365 0.2588 -0.4829
vn 0.8365 0.4999 -0.2242
vn 0.7501 0.4999 -0.4330
vn 0.8365 0.2589 -0.4830
vn 0.7500 0.4999 -0.4331
vn 0.6831 0.2589 -0.6829
vn 0.6830 0.2589 -0.6830
vn 0.7499 0.5000 -0.4331
vn 0.6124 0.4999 -0.6124
vn 0.4830 0.2589 -0.8365
vn 0.6123 0.5000 -0.6125
vn 0.4331 0.4999 -0.7500
vn 0.4829 0.2589 -0.8365
vn 0.4330 0.4999 -0.7500
vn 0.2501 0.2589 -0.9330
vn 0.4330 0.5000 -0.7500
vn 0.2242 0.5000 -0.8365
vn 0.2500 0.2589 -0.9330
vn 0.2241 0.4999 -0.8366
vn 0.0001 0.2589 -0.9659
vn 0.2240 0.5000 -0.8366
vn -0.0000 0.5000 -0.8661
vn -0.2499 0.2589 -0.9330
vn -0.2500 0.2589 -0.9330
vn -0.0001 0.5000 -0.8661
vn -0.2241 0.5000 -0.8366
vn -0.2242 0.4999 -0.8365
vn -0.4828 0.2589 -0.8366
vn -0.4830 0.2589 -0.8365
vn -0.2243 0.5000 -0.8365
vn -0.4330 0.4999 -0.7500
vn -0.4331 0.4999 -0.7500
vn -0.6830 0.2589 -0.6830
vn -0.6829 0.2589 -0.6831
vn -0.4331 0.5000 -0.7500
vn -0.6123 0.4999 -0.6125
vn -0.6124 0.4999 -0.6124
vn -0.8365 0.2589 -0.4830
vn -0.6124 0.5000 -0.6123
vn -0.7500 0.5000 -0.4331
vn -0.8365 0.2589 -0.4829
vn -0.7501 0.4999 -0.4330
vn -0.9330 0.2589 -0.2501
vn -0.8365 0.4999 -0.2242
vn -0.9330 0.2589 -0.2499
vn -0.8366 0.5000 -0.2241
vn -0.9659 0.2589 -0.0001
vn -0.8366 0.4999 -0.2241
vn -0.8661 0.4999 -0.0001
vn -0.8660 0.5001 0.0001
vn -0.7071 0.7071 0.0001
vn -0.8365 0.5001 0.2241
vn -0.8365 0.5000 0.2241
vn -0.6831 0.7070 0.1830
vn -0.8365 0.5001 0.2242
vn -0.6831 0.7071 0.1831
vn -0.7500 0.5001 0.4329
vn -0.7500 0.5001 0.4330
vn -0.6830 0.7071 0.1831
vn -0.6124 0.7071 0.3535
vn -0.7499 0.5001 0.4331
vn -0.6124 0.7071 0.3536
vn -0.6124 0.5001 0.6123
vn -0.6124 0.5000 0.6123
vn -0.6124 0.7070 0.3536
vn -0.5001 0.7070 0.5000
vn -0.6123 0.5001 0.6124
vn -0.5000 0.7071 0.5001
vn -0.4330 0.5001 0.7500
vn -0.4330 0.5001 0.7499
vn -0.3536 0.7071 0.6124
vn -0.4329 0.5001 0.7500
vn -0.3535 0.7071 0.6124
vn -0.2242 0.5000 0.8365
vn -0.3536 0.7070 0.6124
vn -0.1831 0.7071 0.6830
vn -0.2241 0.5001 0.8365
vn -0.1829 0.7071 0.6831
vn -0.0000 0.5000 0.8660
vn -0.0000 0.5001 0.8660
vn -0.1830 0.7071 0.6831
vn -0.0000 0.7070 0.7072
vn -0.0000 0.7071 0.7071
vn 0.2240 0.5001 0.8365
vn 0.2241 0.5001 0.8365
vn 0.1829 0.7071 0.6831
vn 0.2242 0.5001 0.8365
vn 0.1831 0.7071 0.6830
vn 0.4329 0.5001 0.7500
vn 0.3536 0.7070 0.6124
vn 0.4330 0.5001 0.7499
vn 0.3536 0.7071 0.6124
vn 0.6123 0.5001 0.6124
vn 0.5000 0.7071 0.5001
vn 0.6124 0.5000 0.6123
vn 0.5002 0.7070 0.5000
vn 0.7500 0.5000 0.4330
vn 0.7499 0.5001 0.4331
vn 0.5000 0.7071 0.5000
vn 0.6124 0.7071 0.3536
vn 0.7500 0.5001 0.4330
vn 0.6124 0.7071 0.3535
vn 0.8365 0.5001 0.2242
vn 0.6831 0.7070 0.1831
vn 0.8365 0.5001 0.2241
vn 0.6831 0.7070 0.1830
vn 0.8660 0.5000 0.0001
vn 0.8660 0.5001 0.0001
vn 0.6831 0.7071 0.1830
vn 0.8365 0.5000 -0.2241
vn 0.8365 0.5001 -0.2241
vn 0.7071 0.7071 -0.0001
vn 0.6831 0.7071 -0.1830
vn 0.8365 0.5001 -0.2242
vn 0.6831 0.7071 -0.1831
vn 0.7500 0.5000 -0.4329
vn 0.6831 0.7070 -0.1831
vn 0.6125 0.7070 -0.3535
vn 0.7499 0.5001 -0.4330
vn 0.6124 0.7071 -0.3536
vn 0.6124 0.5001 -0.6123
vn 0.5001 0.7071 -0.5000
vn 0.6123 0.5001 -0.6124
vn 0.5000 0.7070 -0.5001
vn 0.4331 0.5000 -0.7499
vn 0.4330 0.5001 -0.7500
vn 0.5000 0.7071 -0.5001
vn 0.3536 0.7071 -0.6124
vn 0.3535 0.7071 -0.6124
vn 0.1831 0.7071 -0.6830
vn 0.2240 0.5001 -0.8365
vn 0.1830 0.7071 -0.6831
vn 0.0001 0.5001 -0.8660
vn 0.1830 0.7070 -0.6831
vn 0.0001 0.7070 -0.7072
vn -0.0001 0.5001 -0.8660
vn -0.0001 0.7071 -0.7072
vn -0.2241 0.5001 -0.8365
vn -0.2241 0.5000 -0.8365
vn -0.1830 0.7071 -0.6831
vn -0.2242 0.5001 -0.8365
vn -0.1831 0.7071 -0.6830
vn -0.4330 0.5001 -0.7500
vn -0.4329 0.5000 -0.7500
vn -0.1831 0.7070 -0.6831
vn -0.3535 0.7070 -0.6125
vn -0.4330 0.5001 -0.7499
vn -0.3536 0.7071 -0.6124
vn -0.6123 0.5001 -0.6124
vn -0.3537 0.7070 -0.6124
vn -0.5000 0.7071 -0.5000
vn -0.5001 0.7070 -0.5000
vn -0.7500 0.5000 -0.4330
vn -0.7499 0.5001 -0.4331
vn -0.6123 0.7071 -0.3536
vn -0.7500 0.5001 -0.4329
vn -0.6124 0.7071 -0.3535
vn -0.8365 0.5001 -0.2242
vn -0.8365 0.5000 -0.2242
vn -0.6125 0.7070 -0.3535
vn -0.6831 0.7070 -0.1831
vn -0.8365 0.5001 -0.2241
vn -0.6831 0.7071 -0.1830
vn -0.8660 0.5001 -0.0001
vn -0.8660 0.5000 -0.0001
vn -0.7071 0.7071 -0.0000
vn -0.6830 0.7071 0.1830
vn -0.6830 0.7072 0.1829
vn -0.4830 0.8660 0.1294
vn -0.6829 0.7072 0.1830
vn -0.4830 0.8660 0.1295
vn -0.6123 0.7072 0.3535
vn -0.4331 0.8660 0.2500
vn -0.6123 0.7071 0.3536
vn -0.4331 0.8660 0.2501
vn -0.5000 0.7071 0.4999
vn -0.5000 0.7072 0.4999
vn -0.4330 0.8660 0.2501
vn -0.3536 0.8660 0.3536
vn -0.5000 0.7071 0.5000
vn -0.3536 0.7071 0.6123
vn -0.3536 0.7072 0.6123
vn -0.3535 0.8660 0.3536
vn -0.2501 0.8660 0.4331
vn -0.2500 0.8660 0.4331
vn -0.1831 0.7072 0.6829
vn -0.1830 0.7072 0.6830
vn -0.1295 0.8660 0.4830
vn -0.1294 0.8660 0.4830
vn -0.0001 0.7072 0.7070
vn -0.1294 0.8660 0.4831
vn -0.0000 0.8660 0.5001
vn -0.0000 0.8660 0.5000
vn 0.1830 0.7072 0.6830
vn 0.1830 0.7071 0.6830
vn 0.1294 0.8660 0.4831
vn 0.1295 0.8660 0.4830
vn 0.3535 0.7072 0.6123
vn 0.3535 0.7071 0.6124
vn 0.1294 0.8660 0.4830
vn 0.2500 0.8660 0.4331
vn 0.3536 0.7071 0.6123
vn 0.2501 0.8660 0.4330
vn 0.4999 0.7071 0.5000
vn 0.4999 0.7072 0.5000
vn 0.3535 0.8660 0.3536
vn 0.3536 0.8660 0.3536
vn 0.6123 0.7072 0.3536
vn 0.6123 0.7071 0.3536
vn 0.4330 0.8660 0.2501
vn 0.6123 0.7072 0.3535
vn 0.4331 0.8660 0.2500
vn 0.6829 0.7072 0.1831
vn 0.6829 0.7072 0.1830
vn 0.4830 0.8660 0.1295
vn 0.6830 0.7072 0.1829
vn 0.4830 0.8660 0.1294
vn 0.7070 0.7072 0.0001
vn 0.7071 0.7071 0.0001
vn 0.4831 0.8660 0.1294
vn 0.7070 0.7072 -0.0001
vn 0.6830 0.7072 -0.1829
vn 0.6830 0.7071 -0.1830
vn 0.4831 0.8660 -0.1294
vn 0.6829 0.7072 -0.1830
vn 0.4830 0.8660 -0.1294
vn 0.6123 0.7072 -0.3535
vn 0.4830 0.8660 -0.1295
vn 0.4331 0.8660 -0.2500
vn 0.6123 0.7071 -0.3536
vn 0.4331 0.8660 -0.2501
vn 0.5000 0.7072 -0.4999
vn 0.5000 0.7071 -0.5000
vn 0.4330 0.8660 -0.2501
vn 0.3536 0.8660 -0.3536
vn 0.4999 0.7071 -0.5000
vn 0.3536 0.7071 -0.6123
vn 0.3536 0.7072 -0.6123
vn 0.2500 0.8660 -0.4330
vn 0.2500 0.8660 -0.4331
vn 0.1830 0.7071 -0.6830
vn 0.1830 0.7072 -0.6829
vn 0.1295 0.8660 -0.4830
vn 0.1294 0.8660 -0.4831
vn 0.1294 0.8660 -0.4830
vn -0.0000 0.7072 -0.7071
vn -0.1829 0.7072 -0.6830
vn -0.1830 0.7071 -0.6830
vn -0.1294 0.8660 -0.4830
vn -0.1295 0.8660 -0.4830
vn -0.3535 0.7071 -0.6124
vn -0.3535 0.7072 -0.6123
vn -0.2500 0.8660 -0.4331
vn -0.3536 0.7071 -0.6123
vn -0.2501 0.8660 -0.4331
vn -0.4999 0.7072 -0.5000
vn -0.3536 0.8660 -0.3536
vn -0.5000 0.7072 -0.4999
vn -0.6123 0.7072 -0.3536
vn -0.4330 0.8660 -0.2501
vn -0.6123 0.7072 -0.3535
vn -0.4330 0.8660 -0.2500
vn -0.6829 0.7072 -0.1830
vn -0.6830 0.7071 -0.1831
vn -0.4331 0.8660 -0.2500
vn -0.4830 0.8660 -0.1295
vn -0.6830 0.7072 -0.1830
vn -0.4830 0.8660 -0.1294
vn -0.7070 0.7072 -0.0001
vn -0.4829 0.8661 0.1294
vn -0.2501 0.9659 0.0670
vn -0.4330 0.8661 0.2499
vn -0.2500 0.9659 0.0670
vn -0.2242 0.9659 0.1294
vn -0.4329 0.8661 0.2500
vn -0.2242 0.9659 0.1295
vn -0.3535 0.8661 0.3535
vn -0.1831 0.9659 0.1830
vn -0.1830 0.9659 0.1831
vn -0.2500 0.8661 0.4329
vn -0.1295 0.9659 0.2242
vn -0.2499 0.8661 0.4330
vn -0.1294 0.9659 0.2243
vn -0.1294 0.8661 0.4829
vn -0.1294 0.9659 0.2242
vn -0.0670 0.9659 0.2501
vn -0.0001 0.8661 0.4999
vn -0.0000 0.8661 0.4999
vn -0.0669 0.9659 0.2501
vn -0.0000 0.9659 0.2589
vn 0.1294 0.8661 0.4829
vn 0.0670 0.9659 0.2501
vn 0.2499 0.8661 0.4330
vn 0.0671 0.9659 0.2501
vn 0.1294 0.9659 0.2243
vn 0.2500 0.8661 0.4329
vn 0.1295 0.9659 0.2242
vn 0.3535 0.8661 0.3535
vn 0.1830 0.9659 0.1831
vn 0.1831 0.9659 0.1830
vn 0.4329 0.8661 0.2500
vn 0.4330 0.8661 0.2500
vn 0.2242 0.9659 0.1295
vn 0.2242 0.9659 0.1294
vn 0.4829 0.8661 0.1294
vn 0.2501 0.9659 0.0670
vn 0.4829 0.8661 -0.1294
vn 0.2501 0.9659 -0.0670
vn 0.4330 0.8661 -0.2499
vn 0.4330 0.8661 -0.2500
vn 0.2242 0.9659 -0.1294
vn 0.2242 0.9659 -0.1295
vn 0.3535 0.8661 -0.3535
vn 0.1831 0.9659 -0.1830
vn 0.1831 0.9659 -0.1831
vn 0.2500 0.8661 -0.4329
vn 0.1830 0.9659 -0.1831
vn 0.1295 0.9659 -0.2242
vn 0.2499 0.8661 -0.4330
vn 0.1294 0.9659 -0.2243
vn 0.1294 0.8661 -0.4829
vn 0.1294 0.9659 -0.2242
vn 0.0670 0.9659 -0.2501
vn -0.1294 0.8661 -0.4829
vn -0.0670 0.9659 -0.2501
vn -0.2500 0.8661 -0.4330
vn -0.2499 0.8661 -0.4330
vn -0.1294 0.9659 -0.2242
vn -0.2500 0.8661 -0.4329
vn -0.1295 0.9659 -0.2242
vn -0.3535 0.8661 -0.3535
vn -0.1830 0.9659 -0.1831
vn -0.1831 0.9659 -0.1830
vn -0.4329 0.8661 -0.2500
vn -0.2242 0.9659 -0.1295
vn -0.4330 0.8661 -0.2500
vn -0.2242 0.9659 -0.1294
vn -0.4829 0.8661 -0.1294
vn -0.2501 0.9659 -0.0671
vn -0.2501 0.9659 -0.0670
vn 0.9660 -0.0000 0.2587
vn 0.9659 -0.0000 0.2588
vn 1.0000 -0.0000 -0.0001
vn 0.9659 -0.0000 -0.2588
vn 0.9659 -0.0000 -0.2589
vn 0.8661 -0.0000 -0.4999
vn 0.7072 -0.0000 -0.7071
vn 0.7072 -0.0000 -0.7070
vn 0.8660 -0.0000 -0.5000
vn 0.7070 -0.0000 -0.7072
vn 0.5000 -0.0000 -0.8660
vn 0.5000 -0.0000 -0.8661
vn 0.2587 -0.0000 -0.9660
vn 0.0001 -0.0000 -1.0000
vn 0.2587 -0.0000 -0.9659
vn -0.0001 -0.0000 -1.0000
vn -0.2587 -0.0000 -0.9659
vn -0.2587 -0.0000 -0.9660
vn -0.2589 -0.0000 -0.9659
vn -0.5000 -0.0000 -0.8661
vn -0.5001 -0.0000 -0.8660
vn -0.7071 -0.0000 -0.7072
vn -0.5000 -0.0000 -0.8660
vn -0.7072 -0.0000 -0.7070
vn -0.8660 -0.0000 -0.5000
vn -0.8661 -0.0000 -0.4999
vn -0.9659 -0.0000 -0.2587
vn -1.0000 -0.0000 0.0001
vn -0.9659 -0.0000 0.2587
vn -0.9659 -0.0000 0.2589
vn -0.8660 -0.0000 0.5001
vn -0.7072 -0.0000 0.7070
vn -0.8660 -0.0000 0.5000
vn -0.7070 -0.0000 0.7072
vn -0.5001 -0.0000 0.8660
vn -0.4999 -0.0000 0.8661
vn -0.2589 -0.0000 0.9659
vn -0.2587 -0.0000 0.9659
vn -0.0001 -0.0000 1.0000
vn 0.0001 -0.0000 1.0000
vn 0.2587 -0.0000 0.9659
vn 0.2589 -0.0000 0.9659
vn 0.4999 -0.0000 0.8661
vn 0.7070 -0.0000 0.7072
vn 0.7072 -0.0000 0.7070
vn 0.8660 -0.0000 0.5000
vn 0.8660 -0.0000 0.5001
vn 0.7072 -0.0000 0.7071
vn 0.8661 -0.0000 0.4999
vn 0.9659 -0.0000 0.2589
vn 0.9330 0.2587 0.2499
vn 0.9659 0.0001 -0.2589
vn 0.9330 0.2587 -0.2501
vn 0.8660 0.0001 -0.5000
vn 0.8365 0.2587 -0.4830
vn 0.7071 0.0001 -0.7072
vn 0.6830 0.2588 -0.6831
vn 0.5001 0.0001 -0.8660
vn 0.6830 0.2588 -0.6830
vn 0.5000 0.0001 -0.8661
vn 0.2589 0.0001 -0.9659
vn 0.2500 0.2588 -0.9330
vn 0.2588 0.0001 -0.9659
vn 0.0001 0.2588 -0.9659
vn -0.0001 0.0001 -1.0000
vn -0.0001 0.2588 -0.9659
vn -0.2588 0.0001 -0.9659
vn -0.2499 0.2588 -0.9330
vn -0.2500 0.2588 -0.9330
vn -0.4999 0.0001 -0.8661
vn -0.5000 0.0001 -0.8661
vn -0.4829 0.2588 -0.8366
vn -0.5001 0.0001 -0.8660
vn -0.7071 0.0001 -0.7072
vn -0.6830 0.2587 -0.6831
vn -0.6831 0.2588 -0.6830
vn -0.8661 0.0001 -0.5000
vn -0.8366 0.2588 -0.4829
vn -0.9659 0.0001 -0.2589
vn -0.8365 0.2588 -0.4829
vn -0.9330 0.2588 -0.2500
vn -0.9659 0.2588 0.0001
vn -0.9659 0.0001 0.2588
vn -0.9659 0.2587 0.0001
vn -0.9330 0.2587 0.2500
vn -0.8661 0.0001 0.5000
vn -0.9330 0.2588 0.2501
vn -0.8366 0.2588 0.4829
vn -0.7071 -0.0000 0.7071
vn -0.7071 0.0001 0.7071
vn -0.5000 -0.0000 0.8660
vn -0.4829 0.2588 0.8365
vn -0.2501 0.2587 0.9330
vn -0.2588 0.0001 0.9659
vn -0.0001 0.0001 1.0000
vn -0.2500 0.2588 0.9330
vn -0.0000 0.2588 0.9659
vn 0.2587 0.0001 0.9660
vn 0.2499 0.2587 0.9330
vn 0.4829 0.2587 0.8365
vn 0.9330 0.2588 0.2501
vn 0.2241 0.9660 0.1293
vn 0.1830 0.9659 0.1830
vn -0.0670 0.9659 0.2499
vn -0.1293 0.9660 0.2241
vn -0.1294 0.9660 0.2240
vn -0.1830 0.9660 0.1829
vn -0.2241 0.9660 0.1294
vn -0.2241 0.9660 0.1293
vn -0.2241 0.9660 -0.1293
vn 0.0670 0.9659 -0.2499
vn 0.1830 0.9660 -0.1829
vn 0.2499 0.9660 -0.0670
vn -0.8661 0.4999 0.0001
vn -0.8365 0.5000 0.2242
vn -0.6124 0.4999 0.6123
vn -0.4330 0.4999 0.7501
vn -0.4330 0.5000 0.7500
vn -0.2499 0.2589 0.9330
vn -0.0000 0.2589 0.9659
vn 0.0001 0.5000 0.8661
vn -0.0000 0.5000 0.8661
vn 0.2501 0.2589 0.9330
vn 0.2242 0.4999 0.8365
vn 0.4330 0.4999 0.7501
vn 0.6830 0.2589 0.6830
vn 0.6123 0.4999 0.6124
vn 0.8365 0.2589 0.4830
vn 0.6125 0.4999 0.6123
vn 0.7500 0.4999 0.4331
vn 0.9330 0.2589 0.2500
vn 0.8365 0.4999 0.2242
vn 0.9659 0.2589 -0.0001
vn 0.9330 0.2589 -0.2499
vn 0.8366 0.4999 -0.2241
vn 0.7500 0.4999 -0.4330
vn 0.6831 0.2589 -0.6830
vn 0.6124 0.4999 -0.6123
vn 0.4330 0.4999 -0.7501
vn 0.2241 0.5000 -0.8365
vn -0.0001 0.4999 -0.8661
vn -0.2241 0.4999 -0.8366
vn -0.2242 0.5000 -0.8365
vn -0.4829 0.2589 -0.8365
vn -0.6830 0.2589 -0.6831
vn -0.6831 0.2589 -0.6829
vn -0.6125 0.4999 -0.6123
vn -0.6124 0.4999 -0.6123
vn -0.7500 0.4999 -0.4331
vn -0.7501 0.5000 -0.4330
vn -0.7072 0.7071 0.0001
vn -0.6831 0.7071 0.1830
vn -0.7500 0.5000 0.4329
vn -0.6831 0.7070 0.1831
vn -0.6125 0.7070 0.3535
vn -0.2242 0.5001 0.8365
vn -0.3535 0.7071 0.6125
vn -0.1831 0.7070 0.6831
vn -0.1830 0.7070 0.6831
vn -0.0001 0.5001 0.8660
vn 0.0001 0.5001 0.8660
vn 0.0001 0.7070 0.7072
vn 0.1830 0.7071 0.6831
vn 0.1831 0.7071 0.6831
vn 0.4330 0.5001 0.7500
vn 0.4329 0.5000 0.7500
vn 0.1831 0.7070 0.6831
vn 0.3535 0.7070 0.6125
vn 0.6124 0.5001 0.6123
vn 0.5001 0.7071 0.5000
vn 0.7499 0.5001 0.4330
vn 0.6125 0.7070 0.3535
vn 0.8365 0.5000 0.2242
vn 0.6830 0.7071 0.1831
vn 0.8660 0.5001 -0.0001
vn 0.6830 0.7071 -0.1831
vn 0.7500 0.5001 -0.4329
vn 0.7500 0.5001 -0.4330
vn 0.6124 0.7071 -0.3535
vn 0.6124 0.5000 -0.6123
vn 0.6124 0.7070 -0.3536
vn 0.5001 0.7070 -0.5000
vn 0.6123 0.5000 -0.6124
vn 0.4330 0.5001 -0.7499
vn 0.2242 0.5001 -0.8365
vn 0.1831 0.7070 -0.6831
vn 0.2241 0.5001 -0.8365
vn -0.4330 0.5000 -0.7500
vn -0.4329 0.5001 -0.7500
vn -0.4331 0.5001 -0.7499
vn -0.5000 0.7071 -0.5001
vn -0.6124 0.5001 -0.6123
vn -0.7499 0.5000 -0.4331
vn -0.7499 0.5001 -0.4330
vn -0.6124 0.7070 -0.3536
vn -0.7500 0.5001 -0.4330
vn -0.7071 0.7071 -0.0001
vn -0.6123 0.7071 0.3535
vn -0.4999 0.7072 0.5000
vn -0.3535 0.7072 0.6123
vn -0.1830 0.7072 0.6829
vn -0.1830 0.7071 0.6830
vn 0.1831 0.7072 0.6829
vn 0.3535 0.7072 0.6124
vn 0.3536 0.7072 0.6123
vn 0.2501 0.8660 0.4331
vn 0.3536 0.8660 0.3537
vn 0.5000 0.7071 0.4999
vn 0.6123 0.7071 0.3535
vn 0.6830 0.7072 0.1830
vn 0.6830 0.7071 0.1830
vn 0.5001 0.8660 -0.0001
vn 0.6123 0.7071 -0.3535
vn 0.4999 0.7072 -0.5000
vn 0.2501 0.8660 -0.4331
vn 0.3535 0.7072 -0.6124
vn 0.1830 0.7072 -0.6830
vn 0.0001 0.7072 -0.7070
vn -0.1830 0.7072 -0.6830
vn -0.3536 0.7072 -0.6123
vn -0.2501 0.8660 -0.4330
vn -0.5000 0.7071 -0.4999
vn -0.6829 0.7072 -0.1831
vn -0.6830 0.7071 -0.1830
vn -0.6830 0.7072 -0.1829
vn -0.4330 0.8661 0.2500
vn -0.2500 0.8661 0.4330
vn -0.1294 0.8660 0.4829
vn 0.2500 0.8661 0.4330
vn 0.1294 0.9659 0.2242
vn 0.4330 0.8661 0.2499
vn 0.2243 0.9659 0.1294
vn 0.2243 0.9659 -0.1294
vn 0.4329 0.8661 -0.2500
vn 0.2500 0.8661 -0.4330
vn -0.0670 0.9659 -0.2500
vn -0.4330 0.8661 -0.2499
vn 0.9659 -0.0000 0.2587
vn 0.9659 -0.0000 -0.2587
vn 0.7071 -0.0000 -0.7072
vn 0.4999 -0.0000 -0.8661
vn -0.4999 -0.0000 -0.8661
vn -0.7072 -0.0000 -0.7071
vn 0.5001 -0.0000 0.8660
vn 0.7071 -0.0000 0.7072
vn 0.9659 0.0001 -0.2587
vn 0.9330 0.2588 -0.2500
vn 0.8366 0.2587 -0.4829
vn 0.8660 0.0001 -0.5001
vn 0.7072 0.0001 -0.7070
vn 0.7070 0.0001 -0.7072
vn 0.4830 0.2588 -0.8365
vn 0.2501 0.2588 -0.9330
vn 0.2499 0.2588 -0.9331
vn -0.2500 0.2587 -0.9330
vn -0.7070 0.0001 -0.7072
vn -0.7072 0.0001 -0.7070
vn -0.8660 0.0001 -0.5000
vn -0.9330 0.2588 -0.2501
vn -0.9331 0.2588 -0.2499
vn -0.9659 0.2588 -0.0001
vn -0.9659 -0.0000 0.2588
vn -0.8660 0.0001 0.5000
vn -0.8661 0.0001 0.4999
vn -0.8365 0.2588 0.4829
vn -0.6831 0.2587 0.6830
vn -0.6830 0.2587 0.6830
vn -0.4830 0.2588 0.8365
vn -0.4999 0.0001 0.8661
vn -0.4828 0.2588 0.8366
vn -0.4829 0.2587 0.8366
vn 0.2500 0.2587 0.9330
vn 0.2501 0.2587 0.9330
vn 0.5001 0.0001 0.8660
vn 0.4831 0.2587 0.8365
vn 0.7071 0.0001 0.7071
vn 0.6830 0.2588 0.6831
vn 0.8365 0.2588 0.4829
vn 0.2240 0.9660 0.1294
vn -0.2499 0.9660 -0.0669
vn -0.2241 0.9660 -0.1294
vn -0.1829 0.9660 -0.1830
vn -0.1293 0.9660 -0.2241
vn 0.1293 0.9659 -0.2241
vn 0.1829 0.9659 -0.1830
vn 0.2241 0.9660 -0.1294
vn -0.7500 0.5000 0.4330
vn -0.7500 0.4999 0.4330
vn -0.6831 0.2589 0.6829
vn -0.6831 0.2588 0.6829
vn -0.6125 0.4999 0.6123
vn -0.2241 0.5000 0.8366
vn -0.0000 0.4999 0.8661
vn 0.2498 0.2589 0.9330
vn 0.6123 0.5000 0.6125
vn 0.7500 0.4999 0.4330
vn 0.8661 0.5000 -0.0001
vn 0.8366 0.4999 -0.2242
vn 0.7500 0.5000 -0.4331
vn 0.6124 0.5000 -0.6124
vn 0.2242 0.4999 -0.8365
vn 0.2241 0.4999 -0.8365
vn 0.0001 0.4999 -0.8661
vn -0.0002 0.2589 -0.9659
vn -0.0002 0.5000 -0.8660
vn -0.5001 0.7071 0.5000
vn -0.5000 0.7070 0.5001
vn -0.4331 0.5001 0.7499
vn -0.4331 0.5000 0.7499
vn -0.3537 0.7070 0.6124
vn 0.2241 0.5000 0.8365
vn -0.0000 0.7071 0.7072
vn 0.3535 0.7071 0.6125
vn 0.4331 0.5000 0.7499
vn 0.3537 0.7071 0.6124
vn 0.5001 0.7070 0.5000
vn 0.6124 0.7070 0.3536
vn 0.7500 0.5001 0.4329
vn 0.8364 0.5001 0.2242
vn 0.7072 0.7070 -0.0001
vn 0.7500 0.5000 -0.4330
vn 0.3537 0.7071 -0.6124
vn 0.3536 0.7070 -0.6124
vn 0.1831 0.7070 -0.6830
vn -0.2240 0.5001 -0.8365
vn -0.1831 0.7070 -0.6830
vn -0.6123 0.5000 -0.6124
vn -0.5000 0.7070 -0.5001
vn -0.5001 0.7071 -0.5000
vn -0.6124 0.7071 -0.3536
vn -0.6831 0.7071 -0.1831
vn -0.8365 0.5000 -0.2241
vn -0.6831 0.7070 -0.1830
vn -0.7072 0.7071 -0.0001
vn -0.4831 0.8660 0.1294
vn -0.6123 0.7072 0.3536
vn -0.3537 0.8660 0.3536
vn -0.4999 0.7071 0.5000
vn -0.3536 0.8660 0.3537
vn -0.3535 0.7071 0.6123
vn -0.0000 0.7072 0.7070
vn -0.0001 0.8660 0.5001
vn 0.5000 0.7072 0.4999
vn 0.6123 0.7072 -0.3536
vn 0.5000 0.7071 -0.4999
vn 0.3537 0.8660 -0.3536
vn 0.2501 0.8660 -0.4330
vn 0.3535 0.7072 -0.6123
vn 0.1831 0.7072 -0.6829
vn 0.0001 0.8660 -0.5001
vn -0.0001 0.8660 -0.5001
vn -0.1830 0.7072 -0.6829
vn -0.3537 0.8660 -0.3536
vn -0.4331 0.8660 -0.2501
vn -0.4831 0.8660 -0.1294
vn -0.7071 0.7072 -0.0001
vn -0.4329 0.8661 0.2499
vn 0.1293 0.8661 0.4829
vn 0.0670 0.9659 0.2500
vn 0.1831 0.9659 0.1831
vn 0.2500 0.9659 0.0671
vn 0.4330 0.8660 -0.2500
vn 0.1295 0.9659 -0.2241
vn 0.0001 0.9659 -0.2589
vn -0.1294 0.9659 -0.2243
vn -0.2243 0.9659 -0.1294
vn -0.4829 0.8661 -0.1293
vn -0.7072 -0.0000 0.7071
vn -0.2590 -0.0000 0.9659
vn -0.2588 -0.0000 0.9659
vn -0.0002 -0.0000 1.0000
vn -0.2587 -0.0000 0.9660
vn 0.2588 -0.0000 0.9659
vn 0.0002 -0.0000 1.0000
vn 0.4998 -0.0000 0.8661
vn 0.2590 -0.0000 0.9659
vn 0.6829 0.2587 -0.6831
vn -0.4830 0.2587 -0.8365
vn -0.8365 0.2588 -0.4830
vn -0.8365 0.2588 0.4831
vn -0.6830 0.2588 0.6830
vn 0.4831 0.2588 0.8365
vn 0.6831 0.2587 0.6830
vn 0.2499 0.9660 0.0669
vn -0.6829 0.2589 0.6831
vn -0.4331 0.5000 0.7500
vn -0.0002 0.4999 -0.8661
vn -0.4829 0.2589 -0.8366
vn -0.2243 0.4999 -0.8365
vn 0.6124 0.7071 -0.3537
vn -0.6124 0.7072 0.3535
vn -0.1829 0.7072 0.6830
vn -0.0000 0.7072 0.7071
vn 0.1829 0.7072 0.6830
vn 0.0001 0.7071 -0.7071
vn -0.3535 0.7072 -0.6124
vn -0.3535 0.7071 -0.6123
vn -0.5001 0.8660 -0.0001
vn -0.2243 0.9659 0.1294
vn 0.4330 0.8660 0.2499
vn 0.4829 0.8661 0.1293
vn -0.1831 0.9659 -0.1831
vn -0.4998 -0.0000 0.8661
vn 0.2590 0.0001 -0.9659
vn -0.0001 0.2587 -0.9659
vn -0.2498 0.2588 -0.9331
vn -0.7072 0.0001 -0.7071
vn -0.9330 0.2587 -0.2500
vn -0.9660 0.2587 0.0001
vn -0.9330 0.2588 0.2500
vn -0.2501 0.2588 0.9330
vn -0.2499 0.2588 0.9331
vn -0.0002 0.0001 1.0000
vn -0.0001 0.2588 0.9659
vn 0.0001 0.2587 0.9659
vn 0.4829 0.2587 0.8366
vn 0.2240 0.9659 -0.1294
vn 0.0025 1.0000 -0.0020
vn 0.1830 0.9659 -0.1829
vn -0.0001 0.5000 -0.8660
vn -0.2501 0.2589 -0.9330
vn 0.0026 1.0000 -0.0017
vn 0.1283 0.9608 -0.2457
vn 0.1294 0.9660 -0.2237
vn 0.1282 0.9607 -0.2461
vn 0.1294 0.8661 -0.4828
vn 0.1282 0.9607 -0.2462
vn 0.0001 0.9270 -0.3751
vn -0.0000 0.9270 -0.3750
vn -0.1830 0.7070 -0.6831
vn -0.4329 0.4999 -0.7501
vn -0.4831 0.2589 -0.8364
vn -0.0000 0.9270 -0.3751
vn -0.1282 0.9607 -0.2462
vn -0.2499 0.8661 -0.4329
vn -0.1283 0.9607 -0.2462
vn -0.1295 0.8660 0.4829
vn 0.1294 0.8660 0.4829
vn 0.2500 0.8660 0.4330
vn 0.4329 0.8661 -0.2499
vn -0.1282 0.9608 -0.2457
vn -0.0025 1.0000 -0.0016
vn -0.1294 0.9661 -0.2236
vn -0.0025 1.0000 -0.0020
vn -0.1829 0.9659 -0.1830
vn -0.1830 0.9659 0.1829
vn -0.0669 0.9660 0.2499
vn 0.1830 0.9659 0.1829
vn 0.2499 0.9659 0.0669
vn 0.2499 0.9659 -0.0669
vn -0.9330 0.2589 0.2501
vn -0.4831 0.2589 0.8364
vn -0.6123 0.4999 0.6124
vn 0.4829 0.2589 0.8366
vn 0.6830 0.2588 0.6830
vn 0.4332 0.4999 0.7500
vn 0.6124 0.4999 0.6124
vn 0.8364 0.2589 0.4830
vn 0.6829 0.2589 -0.6831
vn 0.4831 0.2589 -0.8365
vn 0.4329 0.5000 -0.7501
vn 0.2243 0.4999 -0.8365
vn 0.2499 0.2589 -0.9330
vn 0.2241 0.5000 -0.8366
vn -0.2498 0.2589 -0.9330
vn -0.7499 0.5001 0.4330
vn -0.4999 0.7071 0.5001
vn 0.0001 0.7071 0.7072
vn 0.1830 0.7070 0.6831
vn 0.6831 0.7070 -0.1830
vn 0.5000 0.7070 -0.5000
vn 0.3535 0.7071 -0.6125
vn 0.0001 0.5000 -0.8660
vn -0.7500 0.4999 -0.4330
vn -0.6125 0.5000 -0.6123
vn -0.2500 0.8660 0.4330
vn -0.0001 0.7072 0.7071
vn 0.0001 0.7072 0.7070
vn 0.0001 0.8660 0.5001
vn 0.3537 0.8660 0.3536
vn 0.4331 0.8660 0.2501
vn 0.4330 0.8660 0.2500
vn 0.5000 0.7072 -0.5000
vn -0.3536 0.7070 -0.6124
vn -0.3537 0.7071 -0.6124
vn -0.6124 0.5000 -0.6124
vn -0.3535 0.8660 -0.3536
vn -0.0000 1.0000 -0.0008
vn -0.0000 1.0000 0.0023
vn -0.0000 1.0000 0.0032
vn -0.0000 0.9659 0.2587
vn -0.0000 1.0000 0.0033
vn -0.0000 1.0000 -0.0004
vn -0.0000 1.0000 0.0025
vn -0.0000 0.9607 0.2775
vn -0.0000 0.9607 0.2777
vn -0.0000 0.9270 0.3750
vn -0.8661 -0.0000 -0.5000
vn -0.9660 -0.0000 0.2587
vn -0.8661 -0.0000 0.5000
vn -0.5000 -0.0000 0.8661
vn 0.5000 -0.0000 0.8661
vn 0.9659 -0.0001 -0.2588
vn 0.9330 -0.2588 -0.2499
vn 1.0000 -0.0001 -0.0001
vn 0.9659 -0.2588 -0.0001
vn 1.0000 -0.0001 0.0001
vn 0.9659 -0.2587 0.0001
vn 0.9659 -0.2587 -0.0000
vn 0.9330 -0.2588 0.2499
vn 0.9659 -0.0001 0.2589
vn 0.9330 -0.2588 0.2501
vn 0.8661 -0.0001 0.5000
vn 0.8661 -0.0001 0.4999
vn 0.9330 -0.2588 0.2500
vn 0.8366 -0.2587 0.4829
vn 0.8365 -0.2588 0.4831
vn 0.7071 -0.0000 0.7071
vn 0.8365 -0.2587 0.4830
vn 0.6831 -0.2588 0.6830
vn 0.7070 -0.0001 0.7072
vn 0.6830 -0.2588 0.6831
vn 0.5000 -0.0001 0.8660
vn 0.6829 -0.2588 0.6831
vn 0.4830 -0.2588 0.8365
vn 0.4829 -0.2588 0.8365
vn 0.2589 -0.0001 0.9659
vn 0.4829 -0.2588 0.8366
vn 0.2501 -0.2587 0.9330
vn 0.2588 -0.0001 0.9659
vn 0.2499 -0.2588 0.9330
vn 0.0001 -0.0001 1.0000
vn 0.2500 -0.2588 0.9330
vn 0.0001 -0.2588 0.9659
vn -0.0001 -0.0001 1.0000
vn -0.0001 -0.2587 0.9659
vn -0.2588 -0.0001 0.9659
vn -0.0001 -0.2588 0.9659
vn -0.2500 -0.2588 0.9330
vn -0.2589 -0.0001 0.9659
vn -0.2501 -0.2588 0.9330
vn -0.4999 -0.0001 0.8661
vn -0.5000 -0.0001 0.8661
vn -0.4829 -0.2587 0.8366
vn -0.5001 -0.0001 0.8660
vn -0.4830 -0.2588 0.8365
vn -0.7070 -0.0001 0.7072
vn -0.7071 -0.0000 0.7072
vn -0.6830 -0.2588 0.6831
vn -0.7072 -0.0001 0.7070
vn -0.6831 -0.2588 0.6830
vn -0.8660 -0.0001 0.5001
vn -0.6830 -0.2588 0.6830
vn -0.8365 -0.2587 0.4831
vn -0.8661 -0.0001 0.5000
vn -0.8366 -0.2588 0.4829
vn -0.9659 -0.0001 0.2589
vn -0.8366 -0.2587 0.4829
vn -0.9330 -0.2588 0.2501
vn -0.9659 -0.0001 0.2588
vn -0.9330 -0.2588 0.2500
vn -1.0000 -0.0001 0.0001
vn -1.0000 -0.0000 -0.0000
vn -0.9331 -0.2587 0.2499
vn -0.9660 -0.2587 0.0001
vn -1.0000 -0.0001 -0.0001
vn -0.9659 -0.2588 -0.0000
vn -0.9659 -0.0001 -0.2587
vn -0.9659 -0.2588 -0.0001
vn -0.9330 -0.2588 -0.2499
vn -0.9659 -0.0001 -0.2589
vn -0.9330 -0.2588 -0.2500
vn -0.8661 -0.0001 -0.4999
vn -0.9330 -0.2587 -0.2501
vn -0.8366 -0.2587 -0.4829
vn -0.8660 -0.0001 -0.5001
vn -0.8365 -0.2588 -0.4830
vn -0.7072 -0.0001 -0.7070
vn -0.7072 -0.0001 -0.7071
vn -0.6831 -0.2588 -0.6830
vn -0.7071 -0.0001 -0.7072
vn -0.6829 -0.2588 -0.6831
vn -0.5000 -0.0001 -0.8660
vn -0.6830 -0.2588 -0.6831
vn -0.4830 -0.2588 -0.8365
vn -0.4830 -0.2587 -0.8365
vn -0.2589 -0.0001 -0.9659
vn -0.4829 -0.2588 -0.8366
vn -0.2501 -0.2587 -0.9330
vn -0.2588 -0.0001 -0.9659
vn -0.2500 -0.2588 -0.9330
vn -0.0001 -0.0001 -1.0000
vn -0.0000 -0.0001 -1.0000
vn -0.2499 -0.2588 -0.9331
vn -0.0000 -0.2588 -0.9659
vn 0.0001 -0.0001 -1.0000
vn 0.0001 -0.2587 -0.9659
vn 0.2588 -0.0001 -0.9659
vn 0.2587 -0.0001 -0.9659
vn 0.2499 -0.2587 -0.9331
vn 0.2589 -0.0001 -0.9659
vn 0.2500 -0.2587 -0.9330
vn 0.2501 -0.2587 -0.9330
vn 0.4830 -0.2587 -0.8365
vn 0.7071 -0.0001 -0.7072
vn 0.4830 -0.2588 -0.8365
vn 0.6830 -0.2587 -0.6831
vn 0.7072 -0.0001 -0.7071
vn 0.6831 -0.2588 -0.6830
vn 0.8660 -0.0001 -0.5001
vn 0.8660 -0.0001 -0.5000
vn 0.8365 -0.2587 -0.4830
vn 0.8366 -0.2587 -0.4829
vn 0.9659 -0.0001 -0.2589
vn 0.8366 -0.2588 -0.4829
vn 0.9330 -0.2587 -0.2501
vn -0.0001 -1.0000 -0.0001
vn -0.2241 -0.9659 -0.1294
vn -0.0025 -1.0000 -0.0019
vn -0.0025 -1.0000 -0.0020
vn -0.1830 -0.9659 -0.1829
vn -0.1829 -0.9659 -0.1830
vn -0.0025 -1.0000 -0.0021
vn -0.1294 -0.9659 -0.2241
vn -0.1831 -0.9659 -0.1831
vn -0.1295 -0.9659 -0.2242
vn -0.2500 -0.8661 -0.4330
vn -0.2499 -0.8661 -0.4330
vn -0.1294 -0.9659 -0.2242
vn -0.1294 -0.8661 -0.4829
vn -0.2500 -0.8660 -0.4331
vn -0.1295 -0.8660 -0.4830
vn -0.1830 -0.7071 -0.6830
vn -0.1294 -0.8660 -0.4830
vn -0.0000 -0.7071 -0.7071
vn -0.1830 -0.7071 -0.6831
vn -0.0001 -0.7071 -0.7071
vn -0.0001 -0.5001 -0.8660
vn -0.0000 -0.5000 -0.8660
vn -0.0000 -0.7070 -0.7072
vn 0.2241 -0.5000 -0.8365
vn 0.2241 -0.5000 -0.8366
vn 0.2499 -0.2589 -0.9330
vn 0.2501 -0.2589 -0.9330
vn 0.2242 -0.4999 -0.8365
vn 0.4829 -0.2589 -0.8365
vn -0.0026 -1.0000 -0.0017
vn -0.1283 -0.9608 -0.2458
vn -0.1294 -0.9660 -0.2236
vn -0.1282 -0.9607 -0.2462
vn -0.1293 -0.8661 -0.4829
vn -0.1282 -0.9607 -0.2463
vn -0.0000 -0.9270 -0.3751
vn -0.0000 -0.8660 -0.5000
vn -0.0000 -0.7072 -0.7071
vn -0.0000 -0.8660 -0.5001
vn 0.1829 -0.7072 -0.6830
vn 0.0001 -0.7071 -0.7071
vn 0.1830 -0.7071 -0.6830
vn 0.2241 -0.5001 -0.8365
vn 0.2242 -0.5000 -0.8365
vn 0.1831 -0.7071 -0.6831
vn 0.4330 -0.5000 -0.7500
vn 0.4330 -0.4999 -0.7500
vn 0.4830 -0.2589 -0.8365
vn 0.4331 -0.4999 -0.7500
vn 0.6829 -0.2589 -0.6831
vn -0.0000 -0.9270 -0.3750
vn 0.1294 -0.8660 -0.4830
vn 0.0001 -0.9270 -0.3751
vn 0.1282 -0.9607 -0.2463
vn 0.1294 -0.8661 -0.4829
vn 0.1283 -0.9607 -0.2462
vn 0.2499 -0.8661 -0.4330
vn 0.1282 -0.9607 -0.2462
vn 0.1294 -0.9659 -0.2242
vn 0.2500 -0.8661 -0.4330
vn 0.1295 -0.9659 -0.2242
vn 0.3535 -0.8661 -0.3535
vn 0.1831 -0.9659 -0.1831
vn 0.1831 -0.9659 -0.1830
vn 0.4330 -0.8661 -0.2500
vn 0.4329 -0.8661 -0.2500
vn 0.2242 -0.9659 -0.1295
vn 0.2242 -0.9659 -0.1294
vn 0.4829 -0.8661 -0.1294
vn 0.2500 -0.9659 -0.0670
vn 0.4829 -0.8661 -0.1293
vn 0.2501 -0.9659 -0.0670
vn 0.4829 -0.8661 0.1294
vn 0.2501 -0.9659 0.0670
vn 0.4330 -0.8661 0.2499
vn 0.4329 -0.8661 0.2499
vn 0.2242 -0.9659 0.1294
vn 0.4330 -0.8661 0.2500
vn 0.2242 -0.9659 0.1295
vn 0.3535 -0.8661 0.3535
vn 0.1831 -0.9659 0.1830
vn 0.1830 -0.9659 0.1831
vn 0.2500 -0.8661 0.4330
vn 0.1295 -0.9659 0.2242
vn 0.1295 -0.8661 0.4829
vn 0.1294 -0.8661 0.4829
vn 0.1294 -0.9659 0.2242
vn 0.0670 -0.9659 0.2501
vn -0.0000 -0.8661 0.4999
vn -0.0000 -0.9659 0.2589
vn -0.0000 -0.8660 0.5000
vn -0.1294 -0.8661 0.4829
vn -0.0670 -0.9659 0.2501
vn -0.2500 -0.8661 0.4330
vn -0.1294 -0.9659 0.2242
vn -0.1295 -0.9659 0.2242
vn -0.3535 -0.8661 0.3535
vn -0.1830 -0.9659 0.1831
vn -0.1831 -0.9659 0.1830
vn -0.4330 -0.8661 0.2500
vn -0.1831 -0.9659 0.1831
vn -0.2242 -0.9659 0.1295
vn -0.4329 -0.8661 0.2499
vn -0.2242 -0.9659 0.1294
vn -0.4829 -0.8661 0.1294
vn -0.2243 -0.9659 0.1294
vn -0.2501 -0.9659 0.0671
vn -0.2501 -0.9659 0.0670
vn -0.4829 -0.8661 -0.1294
vn -0.2501 -0.9659 -0.0670
vn -0.4330 -0.8661 -0.2499
vn -0.4330 -0.8661 -0.2500
vn -0.2500 -0.9659 -0.0670
vn -0.2242 -0.9659 -0.1294
vn -0.4329 -0.8661 -0.2500
vn -0.2242 -0.9659 -0.1295
vn -0.3535 -0.8661 -0.3535
vn -0.1831 -0.9659 -0.1830
vn -0.1830 -0.9659 -0.1831
vn 0.1283 -0.9608 -0.2458
vn 0.0026 -1.0000 -0.0017
vn 0.1295 -0.9660 -0.2237
vn 0.1294 -0.9659 -0.2241
vn 0.0025 -1.0000 -0.0020
vn 0.1830 -0.9659 -0.1830
vn 0.1829 -0.9659 -0.1830
vn 0.2241 -0.9659 -0.1294
vn 0.0026 -1.0000 -0.0020
vn 0.0001 -1.0000 -0.0001
vn -0.0000 -1.0000 -0.0000
vn 0.2499 -0.9659 -0.0670
vn 0.2588 -0.9659 -0.0000
vn 0.2499 -0.9659 0.0670
vn 0.2241 -0.9659 0.1294
vn 0.2240 -0.9660 0.1294
vn 0.1830 -0.9660 0.1829
vn 0.1830 -0.9659 0.1830
vn 0.0001 -1.0000 0.0001
vn 0.1294 -0.9659 0.2241
vn -0.0000 -1.0000 0.0001
vn 0.0670 -0.9659 0.2499
vn 0.0670 -0.9659 0.2500
vn -0.0000 -0.9659 0.2587
vn -0.0000 -0.9659 0.2588
vn -0.0670 -0.9659 0.2499
vn -0.1294 -0.9659 0.2241
vn -0.0001 -1.0000 0.0001
vn -0.1830 -0.9659 0.1830
vn -0.2241 -0.9659 0.1294
vn -0.2241 -0.9659 0.1293
vn -0.2499 -0.9659 0.0670
vn -0.2588 -0.9659 -0.0000
vn -0.2499 -0.9659 -0.0670
vn 0.8661 -0.4999 0.0001
vn 0.9330 -0.2589 0.2500
vn 0.8660 -0.5000 0.0001
vn 0.8366 -0.5000 0.2241
vn 0.9330 -0.2589 0.2501
vn 0.8365 -0.4999 0.2242
vn 0.8365 -0.2589 0.4829
vn 0.7501 -0.4999 0.4330
vn 0.8365 -0.2589 0.4830
vn 0.7500 -0.4999 0.4331
vn 0.6831 -0.2589 0.6829
vn 0.6830 -0.2588 0.6830
vn 0.6124 -0.4999 0.6124
vn 0.6830 -0.2589 0.6830
vn 0.4830 -0.2589 0.8364
vn 0.4831 -0.2589 0.8364
vn 0.4332 -0.4999 0.7500
vn 0.4829 -0.2589 0.8365
vn 0.4330 -0.5000 0.7501
vn 0.2500 -0.2589 0.9330
vn 0.4329 -0.5000 0.7501
vn 0.2241 -0.4999 0.8366
vn 0.2242 -0.5000 0.8365
vn 0.0001 -0.2589 0.9659
vn -0.0000 -0.2589 0.9659
vn 0.2240 -0.4999 0.8366
vn -0.0000 -0.4999 0.8661
vn -0.0001 -0.4999 0.8661
vn -0.2499 -0.2589 0.9330
vn -0.2500 -0.2589 0.9330
vn -0.2241 -0.4999 0.8366
vn -0.2242 -0.5000 0.8365
vn -0.4829 -0.2589 0.8365
vn -0.4828 -0.2589 0.8366
vn -0.2241 -0.5000 0.8365
vn -0.4329 -0.5000 0.7501
vn -0.4831 -0.2589 0.8364
vn -0.4331 -0.4999 0.7500
vn -0.6830 -0.2589 0.6830
vn -0.6124 -0.4999 0.6124
vn -0.8365 -0.2589 0.4830
vn -0.6124 -0.4999 0.6123
vn -0.7500 -0.4999 0.4331
vn -0.8365 -0.2589 0.4829
vn -0.7501 -0.4999 0.4330
vn -0.9330 -0.2589 0.2501
vn -0.7500 -0.5000 0.4330
vn -0.8365 -0.5000 0.2242
vn -0.9330 -0.2589 0.2499
vn -0.8366 -0.4999 0.2241
vn -0.9659 -0.2589 0.0001
vn -0.8661 -0.4999 0.0001
vn -0.9659 -0.2589 -0.0001
vn -0.8661 -0.5000 -0.0000
vn -0.9330 -0.2589 -0.2499
vn -0.8661 -0.4999 -0.0001
vn -0.8366 -0.4999 -0.2241
vn -0.9330 -0.2589 -0.2500
vn -0.8365 -0.4999 -0.2242
vn -0.8366 -0.2589 -0.4829
vn -0.8365 -0.2589 -0.4829
vn -0.7500 -0.4999 -0.4330
vn -0.8365 -0.2589 -0.4830
vn -0.7500 -0.4999 -0.4331
vn -0.6831 -0.2589 -0.6829
vn -0.6830 -0.2589 -0.6830
vn -0.7500 -0.5000 -0.4331
vn -0.6124 -0.4999 -0.6124
vn -0.6123 -0.5000 -0.6124
vn -0.4830 -0.2589 -0.8365
vn -0.6123 -0.4999 -0.6124
vn -0.4331 -0.4999 -0.7500
vn -0.4829 -0.2589 -0.8365
vn -0.4330 -0.4999 -0.7500
vn -0.2501 -0.2589 -0.9330
vn -0.4330 -0.4999 -0.7501
vn -0.2242 -0.4999 -0.8365
vn -0.2499 -0.2589 -0.9330
vn -0.2241 -0.5000 -0.8366
vn -0.0000 -0.2589 -0.9659
vn -0.2241 -0.4999 -0.8366
vn -0.0000 -0.4999 -0.8661
vn 0.8660 -0.5000 -0.0000
vn 0.7072 -0.7070 -0.0000
vn 0.8365 -0.5000 0.2241
vn 0.7072 -0.7071 0.0001
vn 0.6831 -0.7070 0.1830
vn 0.8364 -0.5001 0.2242
vn 0.6830 -0.7071 0.1831
vn 0.7500 -0.5001 0.4330
vn 0.7500 -0.5000 0.4330
vn 0.6831 -0.7070 0.1831
vn 0.6125 -0.7070 0.3535
vn 0.6124 -0.7070 0.3536
vn 0.6124 -0.5000 0.6123
vn 0.6124 -0.5001 0.6123
vn 0.6124 -0.7071 0.3536
vn 0.5001 -0.7071 0.5000
vn 0.6123 -0.5001 0.6124
vn 0.5000 -0.7071 0.5001
vn 0.4330 -0.5001 0.7499
vn 0.4330 -0.5001 0.7500
vn 0.3536 -0.7071 0.6124
vn 0.2242 -0.5001 0.8365
vn 0.3535 -0.7071 0.6125
vn 0.1831 -0.7071 0.6830
vn 0.2241 -0.5000 0.8365
vn 0.1830 -0.7070 0.6831
vn 0.0001 -0.5000 0.8660
vn -0.0000 -0.5001 0.8660
vn 0.1830 -0.7071 0.6831
vn -0.0000 -0.7071 0.7072
vn -0.0000 -0.7071 0.7071
vn -0.2241 -0.5001 0.8365
vn -0.0001 -0.7071 0.7072
vn -0.1830 -0.7070 0.6831
vn -0.2242 -0.5001 0.8365
vn -0.1831 -0.7071 0.6830
vn -0.4330 -0.5001 0.7500
vn -0.4330 -0.5000 0.7500
vn -0.3535 -0.7071 0.6125
vn -0.4330 -0.5001 0.7499
vn -0.3536 -0.7071 0.6124
vn -0.6123 -0.5001 0.6124
vn -0.5000 -0.7071 0.5001
vn -0.6124 -0.5000 0.6123
vn -0.5001 -0.7070 0.5000
vn -0.6124 -0.7070 0.3536
vn -0.7499 -0.5001 0.4330
vn -0.6124 -0.7071 0.3535
vn -0.8364 -0.5001 0.2242
vn -0.6125 -0.7070 0.3535
vn -0.6831 -0.7070 0.1831
vn -0.8365 -0.5001 0.2241
vn -0.6831 -0.7071 0.1830
vn -0.8660 -0.5001 0.0001
vn -0.8660 -0.5000 0.0001
vn -0.6831 -0.7070 0.1830
vn -0.7072 -0.7070 -0.0000
vn -0.8660 -0.5001 -0.0001
vn -0.7071 -0.7071 -0.0001
vn -0.8365 -0.5001 -0.2241
vn -0.8365 -0.5000 -0.2241
vn -0.7072 -0.7070 -0.0001
vn -0.6831 -0.7070 -0.1830
vn -0.8365 -0.5001 -0.2242
vn -0.6830 -0.7071 -0.1831
vn -0.7500 -0.5001 -0.4330
vn -0.7500 -0.5001 -0.4329
vn -0.6124 -0.7071 -0.3536
vn -0.7499 -0.5001 -0.4330
vn -0.6124 -0.7070 -0.3536
vn -0.6124 -0.5001 -0.6123
vn -0.6124 -0.5000 -0.6123
vn -0.5001 -0.7071 -0.5000
vn -0.6123 -0.5001 -0.6124
vn -0.5000 -0.7071 -0.5001
vn -0.4330 -0.5001 -0.7500
vn -0.4331 -0.5001 -0.7499
vn -0.5000 -0.7070 -0.5001
vn -0.3536 -0.7071 -0.6124
vn -0.4329 -0.5001 -0.7500
vn -0.3535 -0.7070 -0.6124
vn -0.2242 -0.5001 -0.8365
vn -0.3535 -0.7071 -0.6124
vn -0.1831 -0.7071 -0.6831
vn -0.2241 -0.5001 -0.8365
vn -0.1830 -0.7070 -0.6831
vn -0.0001 -0.5000 -0.8660
vn 0.8661 -0.4999 -0.0001
vn 0.9659 -0.2589 -0.0001
vn 0.8365 -0.5000 -0.2241
vn 0.8366 -0.5000 -0.2241
vn 0.9330 -0.2589 -0.2499
vn 0.8365 -0.5000 -0.2242
vn 0.9330 -0.2589 -0.2501
vn 0.7501 -0.4999 -0.4330
vn 0.7500 -0.4999 -0.4330
vn 0.8365 -0.2589 -0.4829
vn 0.7500 -0.4999 -0.4331
vn 0.8365 -0.2589 -0.4830
vn 0.6124 -0.5000 -0.6123
vn 0.6125 -0.4999 -0.6124
vn 0.6831 -0.2589 -0.6829
vn 0.6123 -0.4999 -0.6124
vn 0.6830 -0.2589 -0.6831
vn 0.4331 -0.5000 -0.7500
vn 0.6830 -0.7071 0.1829
vn 0.6830 -0.7072 0.1829
vn 0.4830 -0.8660 0.1294
vn 0.6829 -0.7072 0.1831
vn 0.4830 -0.8660 0.1295
vn 0.6123 -0.7072 0.3535
vn 0.6124 -0.7071 0.3535
vn 0.4331 -0.8660 0.2500
vn 0.6123 -0.7071 0.3536
vn 0.4330 -0.8660 0.2501
vn 0.5000 -0.7072 0.4999
vn 0.5000 -0.7071 0.4999
vn 0.4331 -0.8660 0.2501
vn 0.3536 -0.8660 0.3536
vn 0.4999 -0.7072 0.5000
vn 0.3536 -0.7072 0.6123
vn 0.2500 -0.8660 0.4330
vn 0.3535 -0.7071 0.6124
vn 0.2500 -0.8660 0.4331
vn 0.1830 -0.7072 0.6830
vn 0.1294 -0.8660 0.4830
vn 0.0001 -0.7072 0.7070
vn -0.0000 -0.8660 0.5001
vn -0.0001 -0.7072 0.7071
vn -0.0001 -0.8660 0.5001
vn -0.1830 -0.7072 0.6830
vn -0.1294 -0.8660 0.4830
vn -0.1295 -0.8660 0.4830
vn -0.3535 -0.7071 0.6124
vn -0.3535 -0.7072 0.6123
vn -0.2500 -0.8660 0.4331
vn -0.3536 -0.7072 0.6123
vn -0.2500 -0.8660 0.4330
vn -0.4999 -0.7071 0.5000
vn -0.4999 -0.7072 0.5000
vn -0.3535 -0.8660 0.3536
vn -0.5000 -0.7072 0.4999
vn -0.3536 -0.8660 0.3536
vn -0.6123 -0.7072 0.3536
vn -0.6123 -0.7071 0.3536
vn -0.3537 -0.8660 0.3536
vn -0.4331 -0.8660 0.2501
vn -0.6123 -0.7072 0.3535
vn -0.4330 -0.8660 0.2500
vn -0.6829 -0.7072 0.1830
vn -0.6830 -0.7071 0.1831
vn -0.4331 -0.8660 0.2500
vn -0.4830 -0.8660 0.1294
vn -0.7070 -0.7072 0.0001
vn -0.7071 -0.7071 -0.0000
vn -0.4831 -0.8660 0.1294
vn -0.5000 -0.8660 -0.0000
vn -0.6830 -0.7072 -0.1830
vn -0.6830 -0.7071 -0.1830
vn -0.4830 -0.8660 -0.1294
vn -0.4831 -0.8660 -0.1295
vn -0.6124 -0.7071 -0.3535
vn -0.6123 -0.7072 -0.3535
vn -0.4830 -0.8660 -0.1295
vn -0.4331 -0.8660 -0.2500
vn -0.6123 -0.7071 -0.3536
vn -0.4330 -0.8660 -0.2501
vn -0.5000 -0.7072 -0.4999
vn -0.3536 -0.8660 -0.3535
vn -0.5000 -0.7071 -0.5000
vn -0.3536 -0.8660 -0.3536
vn -0.3536 -0.7071 -0.6123
vn -0.3536 -0.7072 -0.6123
vn -0.2501 -0.8660 -0.4330
vn -0.3535 -0.7072 -0.6123
vn -0.1831 -0.7072 -0.6829
vn 0.8660 -0.5001 -0.0001
vn 0.6831 -0.7071 -0.1830
vn 0.8365 -0.5001 -0.2241
vn 0.6830 -0.7071 -0.1831
vn 0.6125 -0.7070 -0.3535
vn 0.6124 -0.7071 -0.3535
vn 0.8365 -0.5001 -0.2242
vn 0.7500 -0.5001 -0.4329
vn 0.6124 -0.7071 -0.3536
vn 0.7500 -0.5000 -0.4330
vn 0.5001 -0.7071 -0.5000
vn 0.7499 -0.5001 -0.4330
vn 0.6124 -0.5001 -0.6123
vn 0.5000 -0.7071 -0.5001
vn 0.6123 -0.5001 -0.6124
vn 0.3536 -0.7071 -0.6124
vn 0.6123 -0.5000 -0.6124
vn 0.4331 -0.5000 -0.7499
vn 0.3535 -0.7071 -0.6125
vn 0.4329 -0.5001 -0.7500
vn 0.1831 -0.7070 -0.6831
vn 0.5000 -0.8660 -0.0000
vn 0.7071 -0.7072 -0.0000
vn 0.4830 -0.8660 -0.1294
vn 0.7070 -0.7072 -0.0001
vn 0.6830 -0.7072 -0.1829
vn 0.4830 -0.8660 -0.1295
vn 0.6830 -0.7071 -0.1830
vn 0.4331 -0.8660 -0.2500
vn 0.6829 -0.7072 -0.1831
vn 0.6123 -0.7072 -0.3535
vn 0.4330 -0.8660 -0.2501
vn 0.6123 -0.7072 -0.3536
vn 0.3536 -0.8660 -0.3536
vn 0.5000 -0.7071 -0.4999
vn 0.4999 -0.7071 -0.5000
vn 0.2501 -0.8660 -0.4331
vn 0.2501 -0.8660 -0.4330
vn 0.5000 -0.7071 -0.5000
vn 0.3536 -0.7071 -0.6123
vn 0.2500 -0.8660 -0.4331
vn 0.3535 -0.7071 -0.6124
vn 0.1295 -0.8660 -0.4830
vn 0.3535 -0.7072 -0.6123
vn 0.0001 -0.8660 -0.5001
vn -0.0000 -1.0000 -0.0009
vn -0.0000 -1.0000 0.0025
vn -0.0000 -1.0000 0.0033
vn -0.0000 -0.7072 0.7070
vn -0.0000 -0.7072 0.7071
vn -0.0000 -0.7070 0.7072
vn -0.0000 -0.2588 0.9659
vn -0.0000 -0.0001 1.0000
vn -0.0000 -0.9660 0.2587
vn -0.0000 -1.0000 -0.0003
vn -0.0000 -1.0000 0.0028
vn -0.0000 -1.0000 0.0032
vn -0.0000 -0.9607 0.2774
vn -0.0000 -0.9607 0.2777
vn -0.0000 -0.9607 0.2775
vn -0.0000 -0.9270 0.3750
vn -0.0000 -0.8661 0.5000
vn 0.9660 -0.0000 -0.2587
vn -0.2588 -0.0000 -0.9659
vn 0.2588 -0.0000 -0.9659
vn 0.9659 -0.2588 0.0001
vn 0.9659 -0.0001 0.2587
vn 0.8660 -0.0001 0.5000
vn 0.8366 -0.2588 0.4829
vn 0.7072 -0.0001 0.7071
vn 0.8365 -0.2588 0.4830
vn 0.5001 -0.0001 0.8660
vn 0.5000 -0.0001 0.8661
vn 0.4829 -0.2587 0.8366
vn 0.0001 -0.2587 0.9659
vn -0.2587 -0.0001 0.9659
vn -0.2500 -0.2587 0.9330
vn -0.4829 -0.2588 0.8366
vn -0.5000 -0.0001 0.8660
vn -0.6830 -0.2587 0.6831
vn -0.7071 -0.0001 0.7071
vn -0.8660 -0.0001 0.5000
vn -0.8365 -0.2588 0.4830
vn -0.9330 -0.2588 0.2499
vn -0.9659 -0.2588 0.0001
vn -0.9659 -0.2587 -0.0001
vn -0.9659 -0.0001 -0.2588
vn -0.9330 -0.2588 -0.2501
vn -0.8660 -0.0001 -0.5000
vn -0.7071 -0.0001 -0.7071
vn -0.7070 -0.0001 -0.7072
vn -0.5001 -0.0001 -0.8660
vn -0.6830 -0.2588 -0.6830
vn -0.4831 -0.2587 -0.8365
vn -0.2500 -0.2587 -0.9330
vn -0.0001 -0.2588 -0.9659
vn -0.0000 -0.2587 -0.9659
vn 0.0002 -0.2588 -0.9659
vn 0.4999 -0.0001 -0.8661
vn 0.2501 -0.2588 -0.9330
vn 0.4829 -0.2588 -0.8366
vn 0.5001 -0.0001 -0.8660
vn 0.7071 -0.0001 -0.7071
vn 0.7070 -0.0001 -0.7072
vn 0.8365 -0.2588 -0.4830
vn 0.8661 -0.0001 -0.5000
vn 0.8365 -0.2588 -0.4829
vn 0.9330 -0.2588 -0.2501
vn 0.2499 -0.9659 0.0669
vn -0.0000 -1.0000 -0.0001
vn 0.1293 -0.9660 -0.2240
vn 0.0670 -0.9659 -0.2499
vn -0.0000 -0.9659 -0.2587
vn -0.0000 -0.9659 -0.2588
vn -0.0670 -0.9659 -0.2499
vn -0.1830 -0.9659 -0.1830
vn 0.9659 -0.2589 0.0001
vn 0.9330 -0.2589 0.2499
vn 0.8366 -0.4999 0.2241
vn 0.8365 -0.5000 0.2242
vn 0.6124 -0.4999 0.6123
vn 0.4830 -0.2589 0.8365
vn 0.6123 -0.5000 0.6125
vn 0.4330 -0.4999 0.7500
vn 0.4330 -0.4999 0.7501
vn 0.2501 -0.2589 0.9330
vn 0.2243 -0.4999 0.8365
vn 0.2498 -0.2589 0.9330
vn 0.2240 -0.5000 0.8366
vn -0.0001 -0.2589 0.9659
vn 0.0001 -0.4999 0.8661
vn -0.0000 -0.5000 0.8660
vn -0.2501 -0.2589 0.9330
vn -0.2243 -0.4999 0.8365
vn -0.4830 -0.2589 0.8365
vn -0.2242 -0.4999 0.8365
vn -0.4330 -0.4999 0.7501
vn -0.4331 -0.5000 0.7500
vn -0.6829 -0.2589 0.6831
vn -0.6125 -0.4999 0.6123
vn -0.7501 -0.5000 0.4330
vn -0.8365 -0.4999 0.2242
vn -0.8366 -0.5000 0.2241
vn -0.8366 -0.4999 -0.2242
vn -0.7501 -0.4999 -0.4330
vn -0.6831 -0.2589 -0.6830
vn -0.6123 -0.5000 -0.6125
vn -0.4330 -0.5000 -0.7500
vn -0.2500 -0.2589 -0.9330
vn -0.4330 -0.5000 -0.7501
vn -0.2241 -0.5000 -0.8365
vn -0.0001 -0.2589 -0.9659
vn 0.0001 -0.2589 -0.9659
vn 0.0001 -0.5000 -0.8661
vn 0.2500 -0.2589 -0.9330
vn 0.4829 -0.2589 -0.8366
vn 0.4329 -0.4999 -0.7501
vn 0.6830 -0.2589 -0.6830
vn 0.6124 -0.4999 -0.6124
vn 0.6124 -0.5000 -0.6124
vn 0.8365 -0.4999 -0.2242
vn 0.8366 -0.4999 -0.2241
vn 0.8365 -0.5001 0.2241
vn 0.8365 -0.5001 0.2242
vn 0.7500 -0.5001 0.4329
vn 0.7500 -0.5000 0.4329
vn 0.7499 -0.5001 0.4330
vn 0.5000 -0.7071 0.5000
vn 0.6124 -0.5000 0.6124
vn 0.5000 -0.7070 0.5000
vn 0.4331 -0.5000 0.7499
vn 0.5000 -0.7070 0.5001
vn 0.3536 -0.7070 0.6124
vn 0.4329 -0.5001 0.7500
vn 0.2241 -0.5001 0.8365
vn -0.2240 -0.5001 0.8365
vn -0.1830 -0.7071 0.6831
vn -0.1831 -0.7070 0.6831
vn -0.4329 -0.5000 0.7500
vn -0.4331 -0.5001 0.7499
vn -0.3537 -0.7071 0.6124
vn -0.5000 -0.7070 0.5001
vn -0.6123 -0.5001 0.6123
vn -0.5000 -0.7071 0.5000
vn -0.7499 -0.5001 0.4331
vn -0.5001 -0.7071 0.5000
vn -0.7500 -0.5001 0.4329
vn -0.8365 -0.5001 0.2242
vn -0.8365 -0.5000 0.2241
vn -0.6830 -0.7071 0.1830
vn -0.7071 -0.7071 0.0001
vn -0.6831 -0.7071 -0.1830
vn -0.7500 -0.5000 -0.4330
vn -0.6831 -0.7070 -0.1831
vn -0.6125 -0.7070 -0.3535
vn -0.4330 -0.5001 -0.7499
vn -0.4331 -0.5000 -0.7499
vn -0.5001 -0.7070 -0.5001
vn -0.3537 -0.7070 -0.6124
vn -0.2242 -0.5000 -0.8365
vn -0.0000 -0.5001 -0.8660
vn -0.1829 -0.7071 -0.6831
vn 0.0001 -0.5000 -0.8660
vn 0.0001 -0.7071 -0.7072
vn -0.0000 -0.7071 -0.7072
vn 0.1830 -0.7071 -0.6831
vn 0.2242 -0.5001 -0.8365
vn 0.1831 -0.7071 -0.6830
vn 0.4331 -0.5001 -0.7499
vn 0.3536 -0.7070 -0.6124
vn 0.5000 -0.7070 -0.5001
vn 0.5001 -0.7070 -0.5000
vn 0.7499 -0.5001 -0.4331
vn 0.6124 -0.7070 -0.3536
vn 0.6831 -0.7070 -0.1831
vn 0.8660 -0.5000 -0.0001
vn 0.6831 -0.7070 -0.1830
vn 0.7072 -0.7070 -0.0001
vn 0.5001 -0.8660 0.0001
vn 0.6830 -0.7071 0.1830
vn 0.6123 -0.7072 0.3536
vn 0.3536 -0.7071 0.6123
vn 0.1831 -0.7072 0.6829
vn 0.1295 -0.8660 0.4830
vn -0.1830 -0.7071 0.6830
vn -0.1830 -0.7072 0.6829
vn -0.3536 -0.7071 0.6123
vn -0.2501 -0.8660 0.4331
vn -0.4330 -0.8660 0.2501
vn -0.4830 -0.8660 0.1295
vn -0.7071 -0.7072 0.0001
vn -0.6830 -0.7072 -0.1829
vn -0.6829 -0.7072 -0.1830
vn -0.6124 -0.7072 -0.3535
vn -0.6123 -0.7072 -0.3536
vn -0.4331 -0.8660 -0.2501
vn -0.4999 -0.7072 -0.5000
vn -0.1830 -0.7072 -0.6830
vn -0.0001 -0.7072 -0.7071
vn -0.0001 -0.7072 -0.7070
vn -0.0001 -0.8660 -0.5001
vn 0.1830 -0.7072 -0.6830
vn 0.4999 -0.7072 -0.5000
vn 0.3535 -0.8660 -0.3536
vn 0.5000 -0.7072 -0.4999
vn 0.6123 -0.7071 -0.3536
vn 0.3537 -0.8660 -0.3536
vn 0.4331 -0.8660 -0.2501
vn 0.2500 -0.9659 0.0670
vn 0.4330 -0.8660 0.2499
vn 0.1831 -0.9659 0.1831
vn 0.2500 -0.8661 0.4329
vn 0.2499 -0.8661 0.4330
vn -0.1293 -0.8661 0.4829
vn -0.2499 -0.8661 0.4330
vn -0.2500 -0.8661 0.4329
vn -0.4329 -0.8661 0.2500
vn -0.4330 -0.8661 0.2499
vn -0.2500 -0.9659 0.0671
vn -0.2589 -0.9659 0.0001
vn -0.2243 -0.9659 -0.1294
vn -0.2500 -0.8661 -0.4329
vn -0.1294 -0.9659 -0.2243
vn -0.0670 -0.9659 -0.2501
vn -0.0000 -0.8661 -0.4999
vn -0.0000 -0.8661 -0.5000
vn -0.0001 -0.9659 -0.2589
vn -0.0000 -0.9659 -0.2589
vn 0.0670 -0.9659 -0.2501
vn 0.1294 -0.9659 -0.2243
vn 0.2500 -0.8661 -0.4329
vn 0.1830 -0.9659 -0.1831
vn 0.4330 -0.8660 -0.2499
vn 0.2243 -0.9659 -0.1294
vn 0.9330 -0.2587 0.2501
vn 0.4999 -0.0001 0.8661
vn -0.9331 -0.2588 0.2499
vn -0.8366 -0.2588 -0.4829
vn -0.8365 -0.2587 -0.4830
vn 0.6830 -0.2588 -0.6831
vn 0.8661 -0.0001 -0.4999
vn -0.0670 -0.9660 -0.2499
vn -0.1293 -0.9660 0.2240
vn 0.8661 -0.5000 0.0001
vn 0.6831 -0.2588 0.6829
vn 0.6125 -0.4999 0.6123
vn -0.0000 -0.5000 0.8661
vn -0.6830 -0.2589 0.6831
vn -0.8661 -0.5000 -0.0001
vn -0.9330 -0.2589 -0.2501
vn -0.6123 -0.4999 -0.6125
vn 0.4829 -0.2588 -0.8365
vn 0.4330 -0.4999 -0.7501
vn 0.6830 -0.2589 -0.6829
vn 0.9330 -0.2588 -0.2500
vn 0.7072 -0.7070 0.0001
vn 0.6831 -0.7071 0.1830
vn 0.2240 -0.5001 0.8365
vn 0.1829 -0.7071 0.6831
vn -0.4331 -0.5000 0.7499
vn -0.3537 -0.7070 0.6124
vn -0.6123 -0.5000 0.6124
vn -0.6124 -0.7071 0.3536
vn -0.7500 -0.5001 0.4330
vn -0.8660 -0.5000 -0.0000
vn -0.8365 -0.5000 -0.2242
vn -0.7500 -0.5000 -0.4329
vn 0.0001 -0.5001 -0.8660
vn 0.4831 -0.8660 0.1294
vn 0.6829 -0.7072 0.1830
vn 0.6124 -0.7072 0.3535
vn 0.3535 -0.7071 0.6123
vn 0.3535 -0.8660 0.3536
vn 0.1830 -0.7071 0.6830
vn 0.1829 -0.7072 0.6830
vn -0.1829 -0.7072 0.6830
vn -0.5000 -0.7072 0.5000
vn -0.6829 -0.7072 -0.1831
vn -0.3537 -0.8660 -0.3536
vn -0.3535 -0.8660 -0.3536
vn -0.1830 -0.7072 -0.6829
vn 0.3535 -0.7071 -0.6123
vn 0.2500 -0.8660 -0.4330
vn 0.4330 -0.8660 -0.2500
vn 0.6829 -0.7072 -0.1830
vn 0.6830 -0.7072 -0.1830
vn 0.7071 -0.7071 -0.0001
vn 0.4831 -0.8660 -0.1294
vn 0.1294 -0.9659 0.2243
vn -0.1294 -0.8660 0.4829
vn -0.1294 -0.9659 0.2243
vn -0.1293 -0.8660 -0.4829
vn 0.4330 -0.8661 -0.2499
vn 0.9330 -0.2587 -0.2499
vn 0.9659 -0.0001 0.2588
vn 0.9330 -0.2587 0.2499
vn 0.7072 -0.0001 0.7070
vn 0.7071 -0.0001 0.7071
vn -0.2499 -0.2587 0.9330
vn -0.4829 -0.2588 0.8365
vn -0.8365 -0.2587 0.4830
vn -0.9330 -0.2587 -0.2499
vn -0.8661 -0.0001 -0.5000
vn -0.6831 -0.2587 -0.6830
vn -0.2499 -0.2588 -0.9330
vn 0.0001 -0.2588 -0.9659
vn 0.2499 -0.2588 -0.9330
vn 0.2500 -0.2588 -0.9330
vn 0.5000 -0.0001 -0.8660
vn 0.4829 -0.2587 -0.8366
vn 0.6831 -0.2589 0.6830
vn 0.7500 -0.5000 0.4331
vn 0.6123 -0.4999 0.6125
vn 0.4331 -0.4999 0.7500
vn 0.4330 -0.5000 0.7500
vn 0.2242 -0.4999 0.8365
vn 0.2499 -0.2589 0.9330
vn -0.0001 -0.5000 0.8661
vn -0.6124 -0.5000 0.6124
vn -0.9330 -0.2589 0.2500
vn -0.6124 -0.5000 -0.6124
vn -0.0001 -0.4999 -0.8661
vn 0.0001 -0.4999 -0.8661
vn 0.2241 -0.4999 -0.8366
vn 0.6123 -0.4999 -0.6125
vn 0.9330 -0.2589 -0.2500
vn 0.6831 -0.7071 0.1831
vn 0.5001 -0.7070 0.5000
vn 0.3535 -0.7070 0.6124
vn 0.1831 -0.7071 0.6831
vn 0.0001 -0.5001 0.8660
vn -0.0001 -0.7071 0.7071
vn -0.1831 -0.7071 0.6831
vn -0.4329 -0.5001 0.7500
vn -0.3536 -0.7070 0.6124
vn -0.3535 -0.7070 -0.6125
vn -0.1831 -0.7070 -0.6831
vn -0.0001 -0.7070 -0.7072
vn 0.1830 -0.7070 -0.6831
vn 0.4330 -0.5001 -0.7500
vn 0.4330 -0.5001 -0.7499
vn 0.7500 -0.5001 -0.4330
vn 0.6125 -0.7071 -0.3535
vn 0.7070 -0.7072 0.0001
vn 0.6830 -0.7072 0.1830
vn 0.3537 -0.8660 0.3536
vn 0.4999 -0.7071 0.5000
vn 0.2501 -0.8660 0.4330
vn 0.3535 -0.7072 0.6123
vn 0.1830 -0.7072 0.6829
vn -0.2501 -0.8660 0.4330
vn -0.6123 -0.7071 0.3535
vn -0.6829 -0.7072 0.1831
vn -0.6830 -0.7072 0.1830
vn -0.5000 -0.7072 -0.5000
vn 0.3535 -0.7072 -0.6124
vn 0.2501 -0.9659 0.0671
vn 0.4329 -0.8661 0.2500
vn -0.5000 -0.8661 -0.0000
vn 0.0670 -0.9659 -0.2500
vn 0.2501 -0.9659 -0.0671
vn 0.9330 -0.2587 0.2500
vn 0.4830 -0.2587 0.8365
vn 0.2587 -0.0001 0.9660
vn -0.0000 -0.2587 0.9659
vn -0.2498 -0.2588 0.9331
vn -0.7071 -0.0001 0.7072
vn -0.8661 -0.0001 0.4999
vn -0.9330 -0.2587 0.2501
vn -0.8365 -0.2588 -0.4831
vn -0.6830 -0.2587 -0.6831
vn -0.2587 -0.0001 -0.9660
vn -0.0001 -0.2587 -0.9659
vn 0.4831 -0.2588 -0.8365
vn 0.6830 -0.2587 -0.6830
vn 0.6831 -0.2587 -0.6830
vn 0.8365 -0.2588 0.4829
vn 0.6123 -0.4999 0.6124
vn 0.4331 -0.5000 0.7500
vn 0.2242 -0.4999 0.8366
vn -0.6123 -0.4999 0.6125
vn -0.6831 -0.2589 0.6830
vn -0.8364 -0.2589 0.4831
vn -0.7500 -0.5000 0.4331
vn -0.4831 -0.2588 -0.8365
vn -0.4329 -0.4999 -0.7501
vn -0.2240 -0.4999 -0.8366
vn 0.4831 -0.2589 -0.8364
vn 0.4332 -0.4999 -0.7500
vn 0.6124 -0.4999 -0.6125
vn 0.4331 -0.5001 0.7499
vn 0.4999 -0.7071 0.5001
vn -0.0001 -0.7070 0.7072
vn -0.1831 -0.7070 0.6830
vn -0.6124 -0.5001 0.6123
vn -0.7072 -0.7070 0.0001
vn -0.8364 -0.5001 -0.2242
vn -0.4999 -0.7071 -0.5001
vn -0.3536 -0.7070 -0.6124
vn 0.3536 -0.8660 0.3537
vn -0.4831 -0.8660 -0.1294
vn -0.5000 -0.7071 -0.4999
vn 0.5001 -0.8660 -0.0001
vn 0.0669 -0.9659 0.2501
vn -0.0671 -0.9659 0.2501
vn -0.0671 -0.9659 -0.2501
vn 0.0671 -0.9659 -0.2501
vn 0.3535 -0.8660 -0.3535
vn 0.8659 -0.0000 0.5001
vn -0.8659 -0.0000 0.5001
vn -0.0000 -0.9499 0.3125
vn -0.0000 -0.9310 0.3650
vn -0.0000 -0.9145 0.4046
vn -0.0000 -0.9144 0.4048
vn -0.0000 -0.9035 0.4287
vn -0.0000 -0.9035 0.4286
vn -0.0000 -0.9038 0.4280
vn -0.0000 -0.9001 0.4357
vn -0.0000 -0.9808 -0.1950
vn -0.0000 -0.9808 -0.1951
vn -0.0000 -0.9808 -0.1952
vn -0.0000 -0.9239 -0.3827
vn -0.0000 -0.8315 -0.5555
vn -0.0000 -0.8315 -0.5556
vn -0.0000 -0.7072 -0.7070
vn -0.0000 -0.8314 -0.5556
vn -0.0000 -0.5556 -0.8314
vn -0.0000 -0.5556 -0.8315
vn -0.0000 -0.5555 -0.8315
vn -0.0000 -0.3828 -0.9238
vn -0.0000 -0.3827 -0.9239
vn -0.0000 -0.3826 -0.9239
vn -0.0000 -0.1952 -0.9808
vn -0.0000 -0.1951 -0.9808
vn -0.0000 -0.2587 -0.9660
vn -0.0000 -0.0980 -0.9952
vn -0.0000 -0.9660 -0.2587
vn -0.0000 -0.9239 -0.3826
vn 0.1950 -0.9808 -0.0000
vn 0.1951 -0.9808 -0.0000
vn 0.3826 -0.9239 -0.0000
vn 0.3827 -0.9239 -0.0001
vn 0.3828 -0.9238 -0.0000
vn 0.5555 -0.8315 -0.0000
vn 0.5556 -0.8315 -0.0000
vn 0.5556 -0.8314 -0.0000
vn 0.8314 -0.5556 -0.0000
vn 0.8315 -0.5555 -0.0000
vn 0.9238 -0.3828 -0.0000
vn 0.9239 -0.3827 -0.0000
vn 0.9239 -0.3826 -0.0000
vn 0.9808 -0.1952 -0.0000
vn 0.9808 -0.1950 -0.0000
vn 0.9952 -0.0980 -0.0000
vn 0.4999 -0.8661 -0.0001
vn -0.9952 -0.0979 -0.0000
vn -0.9952 -0.0980 -0.0000
vn -0.9660 -0.2587 -0.0000
vn -0.9808 -0.1950 -0.0000
vn -0.9808 -0.1952 -0.0000
vn -0.9239 -0.3826 -0.0000
vn -0.9239 -0.3827 -0.0000
vn -0.9238 -0.3828 -0.0000
vn -0.8315 -0.5555 -0.0000
vn -0.8315 -0.5556 -0.0000
vn -0.8314 -0.5557 -0.0000
vn -0.5557 -0.8314 -0.0000
vn -0.5556 -0.8315 -0.0000
vn -0.5555 -0.8315 -0.0000
vn -0.3827 -0.9239 -0.0000
vn -0.3827 -0.9239 -0.0001
vn -0.3826 -0.9239 -0.0000
vn -0.1952 -0.9808 -0.0000
vn -0.1950 -0.9808 -0.0000
vn -0.2587 -0.9660 -0.0000
vn -0.4999 -0.8661 0.0001
vn -0.0000 0.9499 0.3124
vn -0.0014 0.9659 0.2589
vn -0.0000 0.9499 0.3126
vn -0.0000 0.8075 0.5899
vn -0.0000 0.8074 0.5900
vn -0.0017 0.8660 0.5001
vn -0.0000 0.7060 0.7083
vn -0.0000 0.7059 0.7083
vn -0.0000 0.7055 0.7087
vn -0.0000 0.5863 0.8101
vn -0.0016 0.7058 0.7084
vn -0.0000 0.4528 0.8916
vn -0.0000 0.4527 0.8916
vn -0.0011 0.4999 0.8661
vn -0.0000 0.3082 0.9513
vn -0.0000 0.3081 0.9513
vn -0.0000 0.1560 0.9878
vn -0.0000 0.0980 0.9952
vn -0.0000 0.1951 0.9808
vn -0.0000 0.3826 0.9239
vn -0.0000 0.3827 0.9239
vn 0.0016 0.2589 0.9659
vn -0.0000 0.5555 0.8315
vn -0.0000 0.5556 0.8315
vn 0.0012 0.5000 0.8660
vn -0.0000 0.7067 0.7076
vn -0.0000 0.5556 0.8314
vn -0.0000 0.7066 0.7076
vn -0.0000 0.7068 0.7074
vn -0.0000 0.8314 0.5556
vn -0.0000 0.8315 0.5556
vn 0.0013 0.7068 0.7075
vn -0.0000 0.8315 0.5555
vn -0.0000 0.9238 0.3828
vn 0.0001 0.9239 0.3827
vn 0.0018 0.8661 0.4999
vn -0.0000 0.9239 0.3826
vn -0.0000 0.9808 0.1951
vn -0.0000 0.9808 0.1950
vn -0.0000 0.7063 0.7079
vn -0.0000 0.7063 0.7080
vn -0.0000 0.7067 0.7075
vn -0.0000 0.7064 0.7079
vn -0.0000 0.7058 0.7084
vn -0.0000 0.7062 0.7080
vn 0.0669 0.9660 0.2499
vn 0.1293 0.9660 0.2241
vn 0.4828 0.8661 0.1294
vn 0.4829 0.8660 0.1294
vn 0.1831 0.7072 0.6830
vn 0.3537 0.7070 0.6124
vn 0.6830 0.2589 0.6831
vn 0.4331 0.5000 0.7500
vn 0.4329 0.4999 0.7501
vn 0.4828 0.2589 0.8366
vn 0.2241 0.5000 0.8366
vn 0.9331 0.2587 0.2499
vn 0.7072 0.0001 0.7070
vn 0.9878 0.1559 -0.0000
vn 0.9878 0.1560 -0.0000
vn 0.9513 0.3081 -0.0000
vn 0.8916 0.4527 -0.0000
vn 0.8916 0.4528 -0.0000
vn 0.9659 0.2589 -0.0014
vn 0.8101 0.5863 -0.0000
vn 0.7088 0.7055 -0.0000
vn 0.7087 0.7055 -0.0000
vn 0.5900 0.8074 -0.0000
vn 0.5899 0.8075 -0.0000
vn 0.3126 0.9499 -0.0000
vn 0.3125 0.9499 -0.0000
vn 0.5000 0.8660 -0.0017
vn 0.2476 0.9689 -0.0000
vn 0.2475 0.9689 -0.0000
vn 0.1705 0.9854 -0.0000
vn 0.0857 0.9963 -0.0000
vn -0.0857 0.9963 -0.0000
vn -0.0857 0.9963 -0.0001
vn -0.1705 0.9854 -0.0001
vn -0.1705 0.9854 -0.0000
vn -0.2475 0.9689 -0.0000
vn -0.2477 0.9688 -0.0000
vn -0.0002 1.0000 -0.0000
vn -0.3127 0.9499 -0.0001
vn -0.0000 -0.9499 0.3124
vn 0.0014 -0.9659 0.2589
vn -0.0000 -0.9499 0.3126
vn -0.0000 -0.8074 0.5900
vn 0.0017 -0.8660 0.5000
vn -0.0000 -0.7059 0.7083
vn -0.0000 -0.7055 0.7087
vn -0.0000 -0.7055 0.7088
vn -0.0000 -0.5863 0.8101
vn 0.0016 -0.7058 0.7084
vn -0.0000 -0.4528 0.8916
vn 0.0011 -0.4999 0.8661
vn -0.0000 -0.4527 0.8916
vn -0.0000 -0.3082 0.9513
vn -0.0000 -0.3081 0.9513
vn -0.0000 -0.1560 0.9878
vn -0.0000 -0.0980 0.9952
vn -0.0000 -0.1951 0.9808
vn -0.0000 -0.1952 0.9808
vn -0.0000 -0.3826 0.9239
vn -0.0000 -0.3827 0.9239
vn -0.0016 -0.2589 0.9659
vn -0.0000 -0.3828 0.9238
vn -0.0000 -0.5555 0.8315
vn -0.0000 -0.5556 0.8315
vn -0.0012 -0.5001 0.8660
vn -0.0000 -0.7066 0.7076
vn -0.0000 -0.5556 0.8314
vn -0.0000 -0.7068 0.7074
vn -0.0000 -0.8314 0.5556
vn -0.0000 -0.8315 0.5556
vn -0.0013 -0.7068 0.7075
vn -0.0000 -0.8315 0.5555
vn -0.0000 -0.9238 0.3828
vn -0.0000 -0.9239 0.3827
vn -0.0018 -0.8661 0.4999
vn -0.0000 -0.9239 0.3826
vn -0.0000 -0.9808 0.1951
vn -0.0000 -0.9808 0.1950
vn -0.0000 -0.8075 0.5899
vn -0.0000 -0.7064 0.7079
vn -0.0000 -0.7063 0.7079
vn -0.0000 -0.7068 0.7075
vn -0.0000 -0.7062 0.7080
vn -0.0000 -0.7064 0.7078
vn -0.0000 -0.7058 0.7084
vn -0.4828 0.2587 0.8366
vn -0.4831 0.2587 0.8365
vn -0.6830 0.2587 0.6831
vn -0.4332 0.4999 0.7500
vn -0.4828 0.2589 0.8366
vn -0.4329 0.4999 0.7501
vn -0.2241 0.5000 0.8365
vn -0.0001 0.5000 0.8660
vn -0.0001 0.7070 0.7072
vn -0.8364 0.5001 0.2242
vn -0.6830 0.7072 0.1830
vn -0.5001 0.8660 0.0001
vn -0.5000 0.7072 0.5000
vn -0.4999 0.8661 0.0001
vn -0.2589 0.9659 0.0001
vn -0.1831 0.9659 0.1831
vn -0.5000 0.8660 -0.0018
vn -0.8314 0.5556 -0.0000
vn -0.7072 0.7071 -0.0017
vn -0.9239 0.3827 -0.0001
vn -0.9808 0.1951 -0.0000
vn -0.9952 0.0981 -0.0000
vn -0.9659 0.0669 0.2499
vn -0.9659 0.0670 0.2499
vn -0.9659 0.1294 0.2241
vn -0.9659 0.1830 0.1830
vn -0.9660 0.1829 0.1830
vn -0.9660 0.2240 0.1294
vn -0.9659 0.2241 0.1294
vn -0.9659 0.2499 0.0670
vn -0.9660 0.2499 0.0670
vn -0.9659 0.2500 0.0669
vn -0.9659 0.2501 0.0670
vn -0.8661 0.4829 0.1293
vn -0.8661 0.4829 0.1294
vn -0.9659 0.2242 0.1294
vn -0.8661 0.4330 0.2500
vn -0.9659 0.2242 0.1295
vn -0.9659 0.1831 0.1831
vn -0.9659 0.1831 0.1830
vn -0.8661 0.4329 0.2500
vn -0.8661 0.3535 0.3535
vn -0.9659 0.1830 0.1831
vn -0.9659 0.1295 0.2242
vn -0.9659 0.1294 0.2242
vn -0.8661 0.2500 0.4329
vn -0.8661 0.2499 0.4329
vn -0.9659 0.0670 0.2500
vn -0.9659 0.0671 0.2501
vn -0.8661 0.2499 0.4330
vn -0.8661 0.1294 0.4829
vn -0.9659 0.0669 0.2500
vn -0.8660 0.1294 0.4830
vn -0.7072 0.1830 0.6830
vn -0.7072 0.1830 0.6829
vn -0.7070 0.1830 0.6831
vn -0.5001 0.2241 0.8365
vn -0.5000 0.2241 0.8365
vn -0.4999 0.2241 0.8366
vn -0.2588 0.2499 0.9330
vn -0.2589 0.2499 0.9330
vn -0.2588 0.2500 0.9330
vn -0.7072 0.7070 0.0001
vn -0.8660 0.4830 0.1294
vn -0.8660 0.4831 0.1294
vn -0.7071 0.6830 0.1830
vn -0.8660 0.4830 0.1295
vn -0.7072 0.6829 0.1830
vn -0.8660 0.4331 0.2500
vn -0.7071 0.6124 0.3535
vn -0.8660 0.4330 0.2501
vn -0.7072 0.6123 0.3536
vn -0.8660 0.3536 0.3536
vn -0.7072 0.5000 0.4999
vn -0.7071 0.4999 0.5000
vn -0.8660 0.2501 0.4330
vn -0.8660 0.2501 0.4331
vn -0.7071 0.5000 0.5000
vn -0.7071 0.3536 0.6123
vn -0.8660 0.2500 0.4330
vn -0.7072 0.3535 0.6123
vn -0.8660 0.1295 0.4830
vn -0.7071 0.3535 0.6124
vn -0.7071 0.1830 0.6830
vn -0.7071 0.6831 0.1830
vn -0.7070 0.6831 0.1830
vn -0.5001 0.8365 0.2241
vn -0.7071 0.6831 0.1831
vn -0.5000 0.8365 0.2242
vn -0.7070 0.6125 0.3535
vn -0.5001 0.8365 0.2242
vn -0.5001 0.7500 0.4329
vn -0.7070 0.6124 0.3536
vn -0.5000 0.7500 0.4330
vn -0.7071 0.5001 0.5000
vn -0.7070 0.5001 0.5000
vn -0.5001 0.7499 0.4330
vn -0.5001 0.6124 0.6123
vn -0.5001 0.6123 0.6124
vn -0.7071 0.3536 0.6124
vn -0.7070 0.3536 0.6124
vn -0.5000 0.6123 0.6124
vn -0.5000 0.4330 0.7500
vn -0.5001 0.4329 0.7500
vn -0.7071 0.1831 0.6830
vn -0.7070 0.1831 0.6831
vn -0.5000 0.2242 0.8365
vn -0.5000 0.8661 -0.0000
vn -0.5000 0.8366 0.2241
vn -0.4999 0.8366 0.2241
vn -0.2589 0.9330 0.2500
vn -0.4999 0.8365 0.2242
vn -0.2589 0.9330 0.2501
vn -0.4999 0.7501 0.4330
vn -0.2589 0.8365 0.4829
vn -0.4999 0.7500 0.4331
vn -0.2589 0.8365 0.4830
vn -0.5000 0.6124 0.6123
vn -0.5000 0.6124 0.6124
vn -0.2589 0.6830 0.6829
vn -0.2589 0.6830 0.6830
vn -0.5000 0.4331 0.7500
vn -0.4999 0.4331 0.7500
vn -0.2588 0.6830 0.6830
vn -0.2588 0.4830 0.8365
vn -0.2589 0.4829 0.8365
vn -0.2589 0.2501 0.9330
vn -0.2588 0.9659 0.0001
vn -0.2588 0.9330 0.2500
vn -0.2587 0.9331 0.2499
vn -0.0001 0.9659 0.2588
vn -0.2587 0.9330 0.2501
vn -0.2587 0.8366 0.4829
vn -0.2588 0.8365 0.4829
vn -0.0001 0.9659 0.2589
vn -0.2587 0.8365 0.4830
vn -0.2587 0.6831 0.6830
vn -0.2587 0.6830 0.6831
vn -0.2587 0.4830 0.8365
vn -0.2587 0.4829 0.8366
vn -0.2587 0.2501 0.9330
vn -0.2588 0.2501 0.9330
vn 0.4828 -0.2588 0.8366
vn 0.4831 -0.2588 0.8365
vn 0.7071 -0.0001 0.7072
vn 0.6831 -0.2587 0.6830
vn 0.8364 -0.2589 0.4830
vn 0.4829 -0.2589 0.8366
vn 0.0001 -0.7070 0.7072
vn 0.0669 -0.9660 0.2499
vn 0.7071 -0.7071 0.0001
vn 0.6123 -0.5000 0.6124
vn 0.3537 -0.7070 0.6124
vn 0.2243 -0.9659 0.1294
vn 0.2499 -0.9660 0.0669
vn 0.2241 -0.9660 0.1293
vn 0.1293 -0.9660 0.2241
vn 0.0670 -0.9660 0.2499
vn 0.3827 -0.9239 -0.0000
vn 0.3828 -0.9239 -0.0000
vn 0.5000 -0.8660 -0.0018
vn 0.8315 -0.5556 -0.0000
vn 0.7072 -0.7070 -0.0017
vn 0.9239 -0.3827 0.0001
vn 0.9808 -0.1951 -0.0000
vn -0.0669 -0.9660 0.2499
vn -0.0670 -0.9660 0.2499
vn -0.1294 -0.9660 0.2240
vn -0.1829 -0.9660 0.1829
vn -0.2241 -0.9660 0.1294
vn -0.2500 -0.9659 0.0670
vn -0.4330 -0.8660 0.2499
vn -0.0670 -0.9659 0.2500
vn -0.0001 -0.9659 0.2589
vn -0.3535 -0.7072 0.6124
vn -0.7500 -0.5000 0.4329
vn -0.7499 -0.5000 0.4331
vn -0.8365 -0.5000 0.2243
vn -0.7500 -0.4999 0.4330
vn -0.2502 -0.2589 0.9330
vn -0.9330 -0.2587 0.2499
vn -0.8366 -0.2587 0.4830
vn -0.6831 -0.2587 0.6830
vn -0.9878 -0.1560 -0.0000
vn -0.9513 -0.3081 -0.0000
vn -0.8916 -0.4527 -0.0000
vn -0.8916 -0.4528 -0.0000
vn -0.9659 -0.2589 -0.0014
vn -0.8101 -0.5863 -0.0000
vn -0.7088 -0.7055 -0.0000
vn -0.7087 -0.7055 -0.0000
vn -0.5900 -0.8074 -0.0000
vn -0.3126 -0.9499 -0.0000
vn -0.3125 -0.9499 -0.0000
vn -0.4999 -0.8661 -0.0017
vn -0.2475 -0.9689 -0.0000
vn -0.1705 -0.9854 -0.0000
vn -0.0857 -0.9963 -0.0000
vn 0.0857 -0.9963 -0.0000
vn 0.0857 -0.9963 -0.0001
vn 0.1705 -0.9854 -0.0001
vn 0.1705 -0.9854 0.0001
vn 0.2475 -0.9689 0.0001
vn 0.2476 -0.9689 -0.0001
vn 0.3126 -0.9499 -0.0001
vn -0.2585 -0.0000 0.9660
vn -0.2586 -0.0000 0.9660
vn -0.0003 -0.0000 1.0000
vn 0.2588 0.2499 0.9331
vn 0.2587 0.2500 0.9331
vn 0.2587 0.2501 0.9330
vn 0.2587 0.4829 0.8366
vn 0.2588 0.4829 0.8366
vn 0.2588 0.4830 0.8365
vn 0.2588 0.6830 0.6831
vn 0.2587 0.6830 0.6831
vn 0.2587 0.6831 0.6830
vn 0.2587 0.8365 0.4831
vn 0.2587 0.8365 0.4830
vn 0.2587 0.8366 0.4829
vn 0.2587 0.9330 0.2501
vn 0.2588 0.9330 0.2501
vn 0.0001 0.8661 0.4999
vn 0.0001 0.9659 0.2589
vn 0.2587 0.9331 0.2499
vn 0.0001 0.9659 0.2588
vn 0.2588 0.9659 0.0001
vn 0.2589 0.9330 0.2499
vn 0.4999 0.8366 0.2241
vn 0.2589 0.9330 0.2500
vn 0.5000 0.8365 0.2242
vn 0.2589 0.8365 0.4829
vn 0.2588 0.8365 0.4829
vn 0.4999 0.8365 0.2242
vn 0.4999 0.7501 0.4330
vn 0.2590 0.8365 0.4830
vn 0.5000 0.7500 0.4330
vn 0.2589 0.6830 0.6829
vn 0.2588 0.6831 0.6830
vn 0.4999 0.7500 0.4331
vn 0.4999 0.6124 0.6124
vn 0.2589 0.6830 0.6831
vn 0.4999 0.6124 0.6125
vn 0.2589 0.4830 0.8364
vn 0.5000 0.6124 0.6124
vn 0.5000 0.4331 0.7500
vn 0.2588 0.4829 0.8365
vn 0.4999 0.4330 0.7501
vn 0.2588 0.2501 0.9330
vn 0.2590 0.2500 0.9329
vn 0.5001 0.4330 0.7500
vn 0.5001 0.2242 0.8365
vn 0.2588 0.2499 0.9330
vn 0.4999 0.2241 0.8366
vn 0.5001 0.2241 0.8365
vn 0.7071 0.1830 0.6831
vn 0.7070 0.1830 0.6831
vn 0.7072 0.1829 0.6830
vn 0.8660 0.1294 0.4830
vn 0.8661 0.1294 0.4829
vn 0.9659 0.0670 0.2501
vn 0.9660 0.0670 0.2499
vn 0.5001 0.8660 0.0001
vn 0.5001 0.8365 0.2241
vn 0.7071 0.6831 0.1830
vn 0.5001 0.8365 0.2242
vn 0.7071 0.6831 0.1831
vn 0.5001 0.7500 0.4329
vn 0.5001 0.7500 0.4330
vn 0.7071 0.6830 0.1831
vn 0.7071 0.6124 0.3535
vn 0.5001 0.7499 0.4330
vn 0.7071 0.6124 0.3536
vn 0.5001 0.6124 0.6123
vn 0.5000 0.6124 0.6123
vn 0.7070 0.5001 0.5000
vn 0.5000 0.6123 0.6124
vn 0.7071 0.5000 0.5001
vn 0.5000 0.4330 0.7500
vn 0.5001 0.4330 0.7499
vn 0.7071 0.3536 0.6124
vn 0.7070 0.3536 0.6125
vn 0.5000 0.2242 0.8365
vn 0.7071 0.3535 0.6124
vn 0.7071 0.1831 0.6830
vn 0.7072 0.7070 0.0001
vn 0.7072 0.6829 0.1829
vn 0.7072 0.6830 0.1829
vn 0.8660 0.4830 0.1294
vn 0.8660 0.4830 0.1295
vn 0.7072 0.6123 0.3535
vn 0.8660 0.4331 0.2500
vn 0.7072 0.6123 0.3536
vn 0.8660 0.4330 0.2500
vn 0.7072 0.5000 0.4999
vn 0.7071 0.5000 0.4999
vn 0.8660 0.3537 0.3536
vn 0.7071 0.4999 0.5000
vn 0.8660 0.3536 0.3536
vn 0.7071 0.3536 0.6123
vn 0.8660 0.3536 0.3537
vn 0.8660 0.2501 0.4330
vn 0.8660 0.2500 0.4331
vn 0.8660 0.1295 0.4830
vn 0.8661 0.4829 0.1294
vn 0.9659 0.2501 0.0670
vn 0.9659 0.2500 0.0670
vn 0.8661 0.4329 0.2499
vn 0.8661 0.4330 0.2500
vn 0.9659 0.2242 0.1294
vn 0.8661 0.4329 0.2500
vn 0.9659 0.2242 0.1295
vn 0.8661 0.3535 0.3535
vn 0.9659 0.1831 0.1831
vn 0.9659 0.1830 0.1831
vn 0.8661 0.2500 0.4329
vn 0.8661 0.2500 0.4330
vn 0.9659 0.1295 0.2242
vn 0.8661 0.2499 0.4330
vn 0.9659 0.1294 0.2243
vn 0.9659 0.1294 0.2242
vn 0.9659 0.0670 0.2500
vn 0.9660 0.2499 0.0669
vn 0.9659 0.2499 0.0670
vn 0.9659 0.2241 0.1294
vn 0.9660 0.2241 0.1294
vn 0.9660 0.1829 0.1829
vn 0.9659 0.1830 0.1830
vn 0.9660 0.1294 0.2241
vn 0.9659 0.1294 0.2241
vn 0.9659 0.0670 0.2499
vn -0.2587 0.0001 0.9659
vn -0.2499 0.2587 0.9331
vn -0.9331 0.2587 0.2499
vn -0.0001 0.5000 0.8661
vn -0.6829 0.2589 0.6830
vn -0.6124 0.5000 0.6124
vn -0.6125 0.4999 0.6124
vn -0.0001 0.7071 0.7071
vn -0.0001 0.8660 0.5000
vn -0.2501 0.8660 0.4330
vn -0.3537 0.8660 0.3535
vn -0.6829 0.7072 0.1831
vn -0.2240 0.9660 0.1294
vn 0.8661 0.0001 0.5000
vn 0.2587 0.0001 0.9659
vn 0.2499 0.2587 0.9331
vn 0.0001 0.7072 0.7071
vn -0.0000 0.8661 0.5000
vn 0.8661 0.5000 0.0001
vn 0.4331 0.5001 0.7499
vn -0.2588 -0.2499 0.9331
vn -0.2587 -0.2500 0.9331
vn -0.2588 -0.2501 0.9330
vn -0.2587 -0.4829 0.8366
vn -0.2588 -0.4829 0.8366
vn -0.2587 -0.4830 0.8365
vn -0.2587 -0.6830 0.6831
vn -0.2588 -0.6830 0.6831
vn -0.0001 -0.5001 0.8660
vn -0.2588 -0.6831 0.6830
vn -0.2588 -0.8365 0.4830
vn -0.2587 -0.8365 0.4830
vn -0.2587 -0.8366 0.4829
vn -0.2587 -0.9330 0.2501
vn -0.2588 -0.9330 0.2500
vn -0.0001 -0.8661 0.4999
vn -0.2587 -0.9330 0.2500
vn -0.2588 -0.9659 0.0001
vn -0.2589 -0.9330 0.2499
vn -0.2589 -0.9330 0.2500
vn -0.4999 -0.8366 0.2241
vn -0.2589 -0.9330 0.2501
vn -0.5000 -0.8365 0.2242
vn -0.2589 -0.8365 0.4829
vn -0.4999 -0.8365 0.2242
vn -0.4999 -0.7501 0.4330
vn -0.2590 -0.8364 0.4830
vn -0.5001 -0.7500 0.4330
vn -0.2590 -0.6830 0.6829
vn -0.4999 -0.7500 0.4331
vn -0.4999 -0.6125 0.6124
vn -0.2588 -0.6830 0.6830
vn -0.4999 -0.6124 0.6124
vn -0.2588 -0.4830 0.8365
vn -0.2589 -0.4830 0.8365
vn -0.5000 -0.6123 0.6124
vn -0.5000 -0.4331 0.7500
vn -0.2588 -0.4829 0.8365
vn -0.4999 -0.4330 0.7501
vn -0.2590 -0.2500 0.9330
vn -0.5000 -0.4329 0.7500
vn -0.5000 -0.2242 0.8365
vn -0.2589 -0.2499 0.9330
vn -0.4999 -0.2241 0.8366
vn -0.5000 -0.2241 0.8366
vn -0.5000 -0.2241 0.8365
vn -0.7070 -0.1830 0.6831
vn -0.7072 -0.1829 0.6830
vn -0.8660 -0.1294 0.4830
vn -0.8661 -0.1294 0.4829
vn -0.9659 -0.0670 0.2501
vn -0.9659 -0.0670 0.2499
vn -0.5001 -0.8365 0.2241
vn -0.5000 -0.8365 0.2241
vn -0.7071 -0.6831 0.1830
vn -0.5001 -0.8365 0.2242
vn -0.7071 -0.6830 0.1831
vn -0.5001 -0.7500 0.4329
vn -0.5000 -0.7500 0.4330
vn -0.7071 -0.6831 0.1831
vn -0.7070 -0.6125 0.3535
vn -0.5001 -0.7499 0.4330
vn -0.7071 -0.6124 0.3536
vn -0.5001 -0.6124 0.6123
vn -0.7071 -0.5001 0.5000
vn -0.5001 -0.6123 0.6124
vn -0.7071 -0.5000 0.5000
vn -0.5001 -0.4330 0.7499
vn -0.7070 -0.5000 0.5001
vn -0.7070 -0.3536 0.6124
vn -0.5001 -0.4330 0.7500
vn -0.7071 -0.3535 0.6124
vn -0.5001 -0.2242 0.8365
vn -0.7070 -0.3535 0.6125
vn -0.7070 -0.1831 0.6831
vn -0.7072 -0.6830 0.1829
vn -0.7071 -0.6830 0.1830
vn -0.8660 -0.4831 0.1294
vn -0.8660 -0.4830 0.1295
vn -0.7071 -0.6124 0.3535
vn -0.7072 -0.6123 0.3535
vn -0.8660 -0.4331 0.2500
vn -0.7072 -0.6123 0.3536
vn -0.8660 -0.4330 0.2501
vn -0.7072 -0.5000 0.4999
vn -0.7071 -0.5000 0.4999
vn -0.8660 -0.4331 0.2501
vn -0.8660 -0.3537 0.3536
vn -0.7071 -0.4999 0.5000
vn -0.8660 -0.3536 0.3537
vn -0.7071 -0.3536 0.6123
vn -0.8660 -0.2501 0.4330
vn -0.8660 -0.2500 0.4331
vn -0.7071 -0.1831 0.6830
vn -0.7072 -0.1830 0.6829
vn -0.8660 -0.2500 0.4330
vn -0.8661 -0.4829 0.1294
vn -0.9659 -0.2501 0.0670
vn -0.8661 -0.4330 0.2499
vn -0.9659 -0.2501 0.0671
vn -0.9659 -0.2243 0.1294
vn -0.8661 -0.4329 0.2500
vn -0.9659 -0.2242 0.1295
vn -0.8661 -0.3535 0.3535
vn -0.9659 -0.1831 0.1830
vn -0.9659 -0.1830 0.1831
vn -0.8661 -0.2500 0.4329
vn -0.8661 -0.2500 0.4330
vn -0.9659 -0.1831 0.1831
vn -0.9659 -0.1295 0.2242
vn -0.8660 -0.2499 0.4330
vn -0.9659 -0.1294 0.2243
vn -0.8660 -0.1294 0.4829
vn -0.9659 -0.1294 0.2242
vn -0.9659 -0.0670 0.2500
vn -0.9659 -0.2499 0.0670
vn -0.9660 -0.2499 0.0669
vn -0.9659 -0.2241 0.1294
vn -0.9660 -0.2241 0.1293
vn -0.9659 -0.1830 0.1830
vn -0.9659 -0.1294 0.2241
vn 0.9660 -0.0670 0.2499
vn 0.9659 -0.0670 0.2499
vn 0.9659 -0.1294 0.2241
vn 0.9659 -0.1830 0.1830
vn 0.9660 -0.1829 0.1829
vn 0.9660 -0.2241 0.1294
vn 0.9659 -0.2241 0.1294
vn 0.9659 -0.2500 0.0670
vn 0.9659 -0.2499 0.0670
vn 0.9660 -0.2499 0.0669
vn 0.9659 -0.2501 0.0670
vn 0.8661 -0.4829 0.1294
vn 0.9659 -0.2242 0.1294
vn 0.8661 -0.4330 0.2500
vn 0.9659 -0.2242 0.1295
vn 0.8661 -0.4329 0.2500
vn 0.9659 -0.1831 0.1830
vn 0.9659 -0.1831 0.1831
vn 0.8661 -0.3536 0.3535
vn 0.8661 -0.3535 0.3535
vn 0.9659 -0.1295 0.2242
vn 0.8661 -0.2500 0.4329
vn 0.9659 -0.1294 0.2242
vn 0.8661 -0.2499 0.4329
vn 0.9659 -0.0670 0.2501
vn 0.8661 -0.1294 0.4829
vn 0.8660 -0.1294 0.4829
vn 0.8660 -0.1294 0.4830
vn 0.7072 -0.1829 0.6830
vn 0.7072 -0.1830 0.6830
vn 0.7071 -0.1830 0.6831
vn 0.5000 -0.2241 0.8365
vn 0.4999 -0.2241 0.8366
vn 0.2589 -0.2499 0.9330
vn 0.2588 -0.2500 0.9330
vn 0.8660 -0.4830 0.1294
vn 0.7072 -0.6830 0.1829
vn 0.8660 -0.4830 0.1295
vn 0.7071 -0.6830 0.1831
vn 0.8660 -0.4331 0.2500
vn 0.7071 -0.6830 0.1830
vn 0.7072 -0.6123 0.3535
vn 0.8660 -0.4330 0.2501
vn 0.7072 -0.6123 0.3536
vn 0.8660 -0.3536 0.3536
vn 0.7072 -0.5000 0.4999
vn 0.8660 -0.3536 0.3537
vn 0.7071 -0.4999 0.5000
vn 0.8660 -0.2501 0.4331
vn 0.8660 -0.2501 0.4330
vn 0.7072 -0.4999 0.5000
vn 0.7072 -0.3536 0.6123
vn 0.8660 -0.2500 0.4330
vn 0.7072 -0.3535 0.6123
vn 0.8660 -0.1295 0.4830
vn 0.7071 -0.3535 0.6124
vn 0.7071 -0.1830 0.6830
vn 0.7070 -0.6831 0.1830
vn 0.5001 -0.8365 0.2241
vn 0.5000 -0.8365 0.2242
vn 0.7071 -0.6124 0.3535
vn 0.5001 -0.8365 0.2242
vn 0.5001 -0.7500 0.4329
vn 0.7070 -0.6124 0.3536
vn 0.5000 -0.7499 0.4331
vn 0.7071 -0.5001 0.5000
vn 0.5001 -0.7500 0.4330
vn 0.5001 -0.6124 0.6123
vn 0.7070 -0.5000 0.5001
vn 0.5000 -0.6123 0.6124
vn 0.7070 -0.3536 0.6124
vn 0.5000 -0.4330 0.7500
vn 0.5001 -0.4330 0.7500
vn 0.7071 -0.1831 0.6830
vn 0.5001 -0.2242 0.8365
vn 0.2589 -0.9659 0.0001
vn 0.4999 -0.8366 0.2241
vn 0.2589 -0.9330 0.2499
vn 0.4999 -0.8365 0.2242
vn 0.2589 -0.9330 0.2501
vn 0.4999 -0.7501 0.4330
vn 0.5000 -0.7500 0.4330
vn 0.2589 -0.8365 0.4829
vn 0.4999 -0.7500 0.4331
vn 0.2589 -0.8365 0.4830
vn 0.4999 -0.6125 0.6123
vn 0.4999 -0.6124 0.6123
vn 0.2589 -0.6830 0.6830
vn 0.5000 -0.4331 0.7500
vn 0.4999 -0.4331 0.7500
vn 0.2588 -0.6830 0.6831
vn 0.2588 -0.4830 0.8365
vn 0.2589 -0.4829 0.8365
vn 0.5000 -0.2242 0.8365
vn 0.4999 -0.2242 0.8365
vn 0.2588 -0.4829 0.8365
vn 0.2589 -0.2501 0.9330
vn 0.2587 -0.9659 0.0001
vn 0.2587 -0.9331 0.2499
vn 0.0001 -0.9659 0.2588
vn 0.2587 -0.9330 0.2501
vn 0.0001 -0.9659 0.2589
vn 0.2588 -0.8366 0.4829
vn 0.0001 -0.8660 0.5000
vn 0.2588 -0.8365 0.4830
vn 0.0001 -0.8660 0.5001
vn 0.2588 -0.6831 0.6830
vn 0.2587 -0.6831 0.6830
vn 0.2587 -0.6830 0.6831
vn 0.2587 -0.4830 0.8365
vn 0.0001 -0.7071 0.7072
vn 0.0002 -0.5001 0.8660
vn 0.2587 -0.4829 0.8366
vn 0.2587 -0.2501 0.9330
vn 0.2588 -0.2501 0.9330
vn 0.2587 -0.0001 0.9659
vn 0.2499 -0.2587 0.9331
vn 0.2501 -0.2588 0.9330
vn 0.6830 -0.2587 0.6831
vn 0.8660 -0.0001 0.5001
vn 0.9331 -0.2588 0.2499
vn 0.2241 -0.5000 0.8366
vn 0.0001 -0.7071 0.7071
vn 0.4329 -0.5000 0.7500
vn 0.3537 -0.7071 0.6124
vn 0.7499 -0.5000 0.4331
vn 0.7499 -0.5001 0.4331
vn 0.3535 -0.7072 0.6124
vn 0.1830 -0.9659 0.1829
vn -0.9659 -0.0001 0.2587
vn -0.2499 -0.2588 0.9331
vn -0.0001 -0.7072 0.7070
vn -0.8366 -0.2589 0.4829
vn -0.6831 -0.2589 0.6829
vn -0.4330 -0.5000 0.7501
vn -0.7072 -0.7071 0.0001
vn -0.6125 -0.7071 0.3535
vn -0.6830 -0.7072 0.1829
vn -0.5000 -0.7071 0.4999
vn -0.1831 -0.7072 0.6829
vn -0.4829 -0.8661 0.1293
vn 0.0003 -0.0000 1.0000
vn 0.2586 -0.0000 0.9660
vn 0.9659 0.0001 0.2587
vn -0.3608 -0.0000 -0.9327
vn -0.1286 -0.0000 -0.9917
vn -0.3608 -0.0000 -0.9326
vn -0.1285 -0.0000 -0.9917
vn -0.3607 -0.0000 -0.9327
vn -0.3609 -0.0000 -0.9326
vn -0.5724 -0.0000 -0.8200
vn -0.5725 -0.0000 -0.8199
vn -0.7511 -0.0000 -0.6602
vn -0.7512 -0.0000 -0.6601
vn -0.8867 -0.0000 -0.4624
vn -0.8867 -0.0000 -0.4623
vn -0.9712 -0.0000 -0.2381
vn -0.9713 -0.0000 -0.2379
vn -0.8866 -0.0000 -0.4625
vn -0.0004 -0.0000 -1.0000
vn -0.0003 -0.0000 -1.0000
vn 0.0003 -0.0000 -1.0000
vn -0.0004 -0.0000 1.0000
vn 0.0006 -0.0000 1.0000
vn 0.0004 -0.0000 1.0000
vt 0.300000 -0.287979
vt 0.000000 -0.287979
vt 0.300000 -0.314159
vt 0.000000 -0.314159
vt 0.300000 0.314159
vt 0.000000 0.314159
vt 0.300000 0.287979
vt 0.000000 0.287979
vt 0.300000 0.261799
vt 0.000000 0.261799
vt 0.300000 0.235619
vt 0.000000 0.235619
vt 0.300000 0.209440
vt 0.000000 0.209440
vt 0.300000 0.183260
vt 0.000000 0.183260
vt 0.300000 0.157080
vt 0.000000 0.157080
vt 0.300000 0.130900
vt 0.000000 0.130900
vt 0.300000 0.104720
vt 0.000000 0.104720
vt 0.300000 0.078540
vt -0.000000 0.078540
vt 0.300000 0.052360
vt -0.000000 0.052360
vt 0.300000 0.026180
vt -0.000000 0.026180
vt 0.300000 0.000000
vt 0.000000 0.000000
vt 0.300000 -0.026180
vt 0.000000 -0.026180
vt 0.300000 -0.052360
vt 0.000000 -0.052360
vt 0.300000 -0.078540
vt 0.000000 -0.078540
vt 0.300000 -0.104720
vt 0.000000 -0.104720
vt 0.300000 -0.130900
vt 0.000000 -0.130900
vt 0.300000 -0.157080
vt 0.000000 -0.157080
vt 0.300000 -0.183260
vt 0.000000 -0.183260
vt 0.300000 -0.209440
vt 0.000000 -0.209440
vt 0.300000 -0.235619
vt 0.000000 -0.235619
vt 0.300000 -0.261799
vt 0.000000 -0.261799
vt 0.300000 0.209439
vt 0.000000 0.209439
vt 0.300000 -0.209439
vt 0.000000 -0.209439
vt -1.593750 -0.188862
vt -1.656250 -0.188862
vt -1.600247 -0.194445
vt -1.649753 -0.194445
vt -1.607953 -0.198737
vt -1.642047 -0.198737
vt -1.616431 -0.201359
vt -1.633569 -0.201359
vt -1.625000 -0.202220
vt -0.925000 -0.078540
vt -0.125000 -0.078540
vt -0.905491 -0.058905
vt -0.525000 -0.052360
vt -0.886732 -0.039270
vt -0.525000 -0.026180
vt -0.869443 -0.019635
vt -0.525000 -0.000000
vt -0.854289 -0.000000
vt -0.841853 0.019635
vt -0.525000 0.026180
vt -0.832612 0.039270
vt -0.525000 0.052360
vt -0.826921 0.058905
vt -0.825482 0.068722
vt -0.224518 0.068722
vt -0.825000 0.078540
vt -0.225000 0.078540
vt -0.144509 -0.058905
vt -0.163268 -0.039270
vt -0.180557 -0.019635
vt -0.195711 -0.000000
vt -0.208147 0.019635
vt -0.217388 0.039270
vt -0.223079 0.058905
vt -0.618750 -0.078540
vt 0.381250 -0.078540
vt -0.599241 -0.058905
vt -0.118750 -0.052360
vt -0.580482 -0.039270
vt -0.118750 -0.026180
vt -0.563193 -0.019635
vt -0.118750 -0.000000
vt -0.548039 -0.000000
vt -0.535603 0.019635
vt -0.118750 0.026180
vt -0.526362 0.039270
vt -0.118750 0.052360
vt -0.520671 0.058905
vt -0.519232 0.068722
vt -0.518750 0.078540
vt 0.381250 0.078540
vt 0.381250 0.052360
vt 0.381250 0.026180
vt 0.381250 -0.000000
vt 0.381250 -0.026180
vt 0.381250 -0.052360
vt 0.968750 0.078540
vt 0.068750 0.078540
vt 0.969232 0.068722
vt 0.568750 0.052360
vt 0.970671 0.058905
vt 0.976362 0.039270
vt 0.568750 0.026180
vt 0.985603 0.019635
vt 0.568750 -0.000000
vt 0.998039 -0.000000
vt 1.013193 -0.019635
vt 0.568750 -0.026180
vt 1.030482 -0.039270
vt 0.568750 -0.052360
vt 1.049241 -0.058905
vt 1.068750 -0.078540
vt 0.068750 -0.078540
vt 0.068750 -0.052360
vt 0.068750 -0.026180
vt 0.068750 -0.000000
vt 0.068750 0.026180
vt 0.068750 0.052360
vt 1.543185 1.523236
vt 1.750000 1.137500
vt 1.550000 1.575000
vt 1.703553 2.021447
vt 1.543185 1.626764
vt 1.600000 1.941987
vt 1.523205 1.675000
vt 1.491421 1.716421
vt 1.479410 1.892037
vt 1.450000 1.748205
vt 1.401764 1.768185
vt 1.350000 1.875000
vt 1.350000 1.775000
vt 1.298236 1.768185
vt 1.220590 1.892037
vt 1.250000 1.748205
vt 1.208579 1.716421
vt 1.100000 1.941987
vt 1.176795 1.675000
vt 1.156815 1.626764
vt 0.996447 2.021447
vt 1.150000 1.575000
vt 0.950000 1.137500
vt 1.156815 1.523236
vt 1.176795 1.475000
vt 1.208579 1.433579
vt 1.250000 1.401795
vt 1.298236 1.381815
vt 1.350000 1.375000
vt 1.401764 1.381815
vt 1.450000 1.401795
vt 1.491421 1.433579
vt 1.523205 1.475000
vt 2.343185 2.426764
vt 2.350000 2.375000
vt 2.600000 3.100000
vt 2.343185 2.323236
vt 2.600000 0.600000
vt 2.323205 2.275000
vt 2.291421 2.233579
vt 2.250000 2.201795
vt 2.500000 0.600000
vt 2.201764 2.181815
vt 2.448236 0.593185
vt 2.400000 0.573205
vt 2.358579 0.541421
vt 2.326795 0.500000
vt 2.306815 0.451764
vt 1.750000 0.137500
vt 2.300000 0.400000
vt 2.300000 0.100000
vt 0.950000 0.137500
vt 0.400000 0.100000
vt 0.400000 0.400000
vt 0.393185 0.451764
vt 0.373205 0.500000
vt 0.341421 0.541421
vt 0.300000 0.573205
vt 0.251764 0.593185
vt 0.498236 2.181815
vt 0.200000 0.600000
vt 0.450000 2.201795
vt 0.100000 0.600000
vt 0.408579 2.233579
vt 0.376795 2.275000
vt 2.150000 2.175000
vt 2.098236 2.181815
vt 1.783013 2.125000
vt 2.050000 2.201795
vt 2.008579 2.233579
vt 1.832963 2.245590
vt 1.976795 2.275000
vt 1.956815 2.323236
vt 1.850000 2.375000
vt 1.950000 2.375000
vt 1.956815 2.426764
vt 1.832963 2.504410
vt 1.976795 2.475000
vt 2.008579 2.516421
vt 1.783013 2.625000
vt 2.050000 2.548205
vt 2.098236 2.568185
vt 2.150000 2.575000
vt 2.400000 3.300000
vt 1.703553 2.728553
vt 2.201764 2.568185
vt 2.250000 2.548205
vt 2.291421 2.516421
vt 2.323205 2.475000
vt 1.506125 3.300000
vt 1.532160 3.257571
vt 1.546909 3.210026
vt 1.549460 3.160311
vt 1.539654 3.111506
vt 1.600000 2.808013
vt 1.518098 3.066635
vt 1.486129 3.028477
vt 1.479410 2.857963
vt 1.445726 2.999397
vt 1.399393 2.981195
vt 1.350000 2.875000
vt 1.350000 2.975000
vt 1.300607 2.981195
vt 1.220590 2.857963
vt 1.254274 2.999397
vt 1.213871 3.028477
vt 1.100000 2.808013
vt 1.181902 3.066635
vt 1.160346 3.111506
vt 0.996447 2.728553
vt 1.150540 3.160311
vt 0.300000 3.300000
vt 1.153091 3.210026
vt 1.167840 3.257571
vt 1.193875 3.300000
vt 0.248236 3.293185
vt 0.100000 3.100000
vt 0.450000 2.548205
vt 0.498236 2.568185
vt 0.200000 3.273205
vt 0.158579 3.241421
vt 0.126795 3.200000
vt 0.106815 3.151764
vt 0.356815 2.323236
vt 0.350000 2.375000
vt 0.356815 2.426764
vt 2.593185 3.151764
vt 2.573205 3.200000
vt 2.541421 3.241421
vt 2.500000 3.273205
vt 2.451764 3.293185
vt 0.743185 2.426764
vt 0.750000 2.375000
vt 0.850000 2.375000
vt 0.743185 2.323236
vt 0.867037 2.245590
vt 0.723205 2.275000
vt 0.691421 2.233579
vt 0.916987 2.125000
vt 0.650000 2.201795
vt 0.601764 2.181815
vt 0.550000 2.175000
vt 0.376795 2.475000
vt 0.408579 2.516421
vt 0.550000 2.575000
vt 0.601764 2.568185
vt 0.916987 2.625000
vt 0.650000 2.548205
vt 0.691421 2.516421
vt 0.867037 2.504410
vt 0.723205 2.475000
vt 0.314159 0.033848
vt 0.287979 0.033848
vt 0.314159 0.000000
vt 0.287979 0.000000
vt 0.314159 -0.033848
vt 0.287979 -0.033848
vt 0.314159 -0.067696
vt 0.287979 -0.067696
vt 0.314159 -0.101544
vt 0.287979 -0.101544
vt 0.314159 -0.135391
vt 0.287979 -0.135391
vt 0.314159 -0.169239
vt 0.287979 -0.169239
vt 0.314159 -0.203087
vt 0.287979 -0.203087
vt 0.314159 -0.236935
vt 0.287979 -0.236935
vt 0.314159 -0.270783
vt 0.287979 -0.270783
vt 0.314159 -0.304631
vt 0.287979 -0.304631
vt 0.314159 -0.338479
vt 0.287979 -0.338479
vt 0.314159 -0.372327
vt 0.287979 -0.372327
vt 0.314159 -0.406174
vt 0.287979 -0.406174
vt 0.314159 0.406174
vt 0.287979 0.406174
vt 0.314159 0.372327
vt 0.287979 0.372327
vt 0.314159 0.338479
vt 0.287979 0.338479
vt 0.314159 0.304631
vt 0.287979 0.304631
vt 0.314159 0.270783
vt 0.287979 0.270783
vt 0.314159 0.236935
vt 0.287979 0.236935
vt 0.314159 0.203087
vt 0.287979 0.203087
vt 0.314159 0.169239
vt 0.287979 0.169239
vt 0.314159 0.135391
vt 0.287979 0.135391
vt 0.314159 0.101544
vt 0.287979 0.101544
vt 0.314159 0.067696
vt 0.287979 0.067696
vt 0.157080 -0.033848
vt 0.183260 -0.033848
vt 0.157080 0.000000
vt 0.183260 0.000000
vt 0.157080 0.033848
vt 0.183260 0.033848
vt 0.157080 0.067696
vt 0.183260 0.067696
vt 0.157080 0.101544
vt 0.183260 0.101544
vt 0.157080 0.135391
vt 0.183260 0.135391
vt 0.157080 0.169239
vt 0.183260 0.169239
vt 0.157080 0.203087
vt 0.183260 0.203087
vt 0.157080 0.236935
vt 0.183260 0.236935
vt 0.157080 0.270783
vt 0.183260 0.270783
vt 0.157080 0.304631
vt 0.183260 0.304631
vt 0.157080 0.338479
vt 0.183260 0.338479
vt 0.157080 0.372327
vt 0.183260 0.372327
vt 0.157080 0.406174
vt 0.183260 0.406174
vt 0.157080 -0.406174
vt 0.183260 -0.406174
vt 0.157080 -0.372327
vt 0.183260 -0.372327
vt 0.157080 -0.338479
vt 0.183260 -0.338479
vt 0.157080 -0.304631
vt 0.183260 -0.304631
vt 0.157080 -0.270783
vt 0.183260 -0.270783
vt 0.157080 -0.236935
vt 0.183260 -0.236935
vt 0.157080 -0.203087
vt 0.183260 -0.203087
vt 0.157080 -0.169239
vt 0.183260 -0.169239
vt 0.157080 -0.135391
vt 0.183260 -0.135391
vt 0.157080 -0.101544
vt 0.183260 -0.101544
vt 0.157080 -0.067696
vt 0.183260 -0.067696
vt 0.261799 0.406174
vt 0.261799 0.372327
vt 0.261799 0.338479
vt 0.261799 0.304631
vt 0.261799 0.270783
vt 0.261799 0.236935
vt 0.261799 0.203087
vt 0.261799 0.169239
vt 0.261799 0.135391
vt 0.261799 0.101544
vt 0.261799 0.067696
vt 0.261799 0.033848
vt 0.261799 0.000000
vt 0.261799 -0.033848
vt 0.261799 -0.067696
vt 0.261799 -0.101544
vt 0.261799 -0.135391
vt 0.261799 -0.169239
vt 0.261799 -0.203087
vt 0.261799 -0.236935
vt 0.261799 -0.270783
vt 0.261799 -0.304631
vt 0.261799 -0.338479
vt 0.261799 -0.372327
vt 0.261799 -0.406174
vt 0.235619 0.406174
vt 0.235619 0.372327
vt 0.235619 0.338479
vt 0.235619 0.304631
vt 0.235619 0.270783
vt 0.235619 0.236935
vt 0.235619 0.203087
vt 0.235619 0.169239
vt 0.235619 0.135391
vt 0.235619 0.101544
vt 0.235619 0.067696
vt 0.235619 0.033848
vt 0.235619 0.000000
vt 0.235619 -0.033848
vt 0.235619 -0.067696
vt 0.235619 -0.101544
vt 0.235619 -0.135391
vt 0.235619 -0.169239
vt 0.235619 -0.203087
vt 0.235619 -0.236935
vt 0.235619 -0.270783
vt 0.235619 -0.304631
vt 0.235619 -0.338479
vt 0.235619 -0.372327
vt 0.235619 -0.406174
vt 0.209440 0.406174
vt 0.209440 0.372327
vt 0.209440 0.338479
vt 0.209440 0.304631
vt 0.209440 0.270783
vt 0.209440 0.236935
vt 0.209440 0.203087
vt 0.209440 0.169239
vt 0.209440 0.135391
vt 0.209440 0.101544
vt 0.209440 0.067696
vt 0.209440 0.033848
vt 0.209440 0.000000
vt 0.209440 -0.033848
vt 0.209440 -0.067696
vt 0.209440 -0.101544
vt 0.209440 -0.135391
vt 0.209440 -0.169239
vt 0.209440 -0.203087
vt 0.209440 -0.236935
vt 0.209440 -0.270783
vt 0.209440 -0.304631
vt 0.209440 -0.338479
vt 0.209440 -0.372327
vt 0.209440 -0.406174
vt 0.200000 0.287979
vt 0.200000 0.314159
vt 0.200000 -0.314159
vt 0.200000 -0.287979
vt 0.200000 -0.261799
vt 0.200000 -0.235619
vt 0.200000 -0.209440
vt 0.200000 -0.183260
vt 0.200000 -0.157080
vt 0.200000 -0.130900
vt 0.200000 -0.104720
vt 0.200000 -0.078540
vt 0.200000 -0.052360
vt 0.200000 -0.026180
vt 0.200000 0.000000
vt 0.200000 0.026180
vt 0.200000 0.052360
vt 0.200000 0.078540
vt 0.200000 0.104720
vt 0.200000 0.130900
vt 0.200000 0.157080
vt 0.200000 0.183260
vt 0.200000 0.209440
vt 0.200000 0.235619
vt 0.200000 0.261799
vt 0.314159 0.112388
vt 0.287979 0.112388
vt 0.314159 -0.112388
vt 0.287979 -0.112388
vt 0.314159 -0.224775
vt 0.287979 -0.224775
vt 0.314159 -0.337163
vt 0.287979 -0.337163
vt 0.314159 -0.449551
vt 0.287979 -0.449551
vt 0.314159 -0.561938
vt 0.287979 -0.561938
vt 0.314159 -0.674326
vt 0.287979 -0.674326
vt 0.314159 -0.786714
vt 0.287979 -0.786714
vt 0.314159 -0.899101
vt 0.287979 -0.899101
vt 0.314159 -1.011489
vt 0.287979 -1.011489
vt 0.314159 -1.123877
vt 0.287979 -1.123877
vt 0.314159 -1.236264
vt 0.287979 -1.236264
vt 0.314159 -1.348652
vt 0.287979 -1.348652
vt 0.314159 1.348652
vt 0.287979 1.348652
vt 0.314159 1.236264
vt 0.287979 1.236264
vt 0.314159 1.123877
vt 0.287979 1.123877
vt 0.314159 1.011489
vt 0.287979 1.011489
vt 0.314159 0.899101
vt 0.287979 0.899101
vt 0.314159 0.786714
vt 0.287979 0.786714
vt 0.314159 0.674326
vt 0.287979 0.674326
vt 0.314159 0.561938
vt 0.287979 0.561938
vt 0.314159 0.449551
vt 0.287979 0.449551
vt 0.314159 0.337163
vt 0.287979 0.337163
vt 0.314159 0.224775
vt 0.287979 0.224775
vt 0.157080 -0.112388
vt 0.183260 -0.112388
vt 0.157080 0.112388
vt 0.183260 0.112388
vt 0.157080 0.224775
vt 0.183260 0.224775
vt 0.157080 0.337163
vt 0.183260 0.337163
vt 0.157080 0.449551
vt 0.183260 0.449551
vt 0.157080 0.561938
vt 0.183260 0.561938
vt 0.157080 0.674326
vt 0.183260 0.674326
vt 0.157080 0.786714
vt 0.183260 0.786714
vt 0.157080 0.899101
vt 0.183260 0.899101
vt 0.157080 1.011489
vt 0.183260 1.011489
vt 0.157080 1.123877
vt 0.183260 1.123877
vt 0.157080 1.236264
vt 0.183260 1.236264
vt 0.157080 1.348652
vt 0.183260 1.348652
vt 0.157080 -1.348652
vt 0.183260 -1.348652
vt 0.157080 -1.236264
vt 0.183260 -1.236264
vt 0.157080 -1.123877
vt 0.183260 -1.123877
vt 0.157080 -1.011489
vt 0.183260 -1.011489
vt 0.157080 -0.899101
vt 0.183260 -0.899101
vt 0.157080 -0.786714
vt 0.183260 -0.786714
vt 0.157080 -0.674326
vt 0.183260 -0.674326
vt 0.157080 -0.561938
vt 0.183260 -0.561938
vt 0.157080 -0.449551
vt 0.183260 -0.449551
vt 0.157080 -0.337163
vt 0.183260 -0.337163
vt 0.157080 -0.224775
vt 0.183260 -0.224775
vt 0.261799 1.348652
vt 0.261799 1.236264
vt 0.261799 1.123877
vt 0.261799 1.011489
vt 0.261799 0.899101
vt 0.261799 0.786714
vt 0.261799 0.674326
vt 0.261799 0.561938
vt 0.261799 0.449551
vt 0.261799 0.337163
vt 0.261799 0.224775
vt 0.261799 0.112388
vt 0.261799 -0.112388
vt 0.261799 -0.224775
vt 0.261799 -0.337163
vt 0.261799 -0.449551
vt 0.261799 -0.561938
vt 0.261799 -0.674326
vt 0.261799 -0.786714
vt 0.261799 -0.899101
vt 0.261799 -1.011489
vt 0.261799 -1.123877
vt 0.261799 -1.236264
vt 0.261799 -1.348652
vt 0.235619 1.348652
vt 0.235619 1.236264
vt 0.235619 1.123877
vt 0.235619 1.011489
vt 0.235619 0.899101
vt 0.235619 0.786714
vt 0.235619 0.674326
vt 0.235619 0.561938
vt 0.235619 0.449551
vt 0.235619 0.337163
vt 0.235619 0.224775
vt 0.235619 0.112388
vt 0.235619 -0.112388
vt 0.235619 -0.224775
vt 0.235619 -0.337163
vt 0.235619 -0.449551
vt 0.235619 -0.561938
vt 0.235619 -0.674326
vt 0.235619 -0.786714
vt 0.235619 -0.899101
vt 0.235619 -1.011489
vt 0.235619 -1.123877
vt 0.235619 -1.236264
vt 0.235619 -1.348652
vt 0.209440 1.348652
vt 0.209440 1.236264
vt 0.209440 1.123877
vt 0.209440 1.011489
vt 0.209440 0.899101
vt 0.209440 0.786714
vt 0.209440 0.674326
vt 0.209440 0.561938
vt 0.209440 0.449551
vt 0.209440 0.337163
vt 0.209440 0.224775
vt 0.209440 0.112388
vt 0.209440 -0.112388
vt 0.209440 -0.224775
vt 0.209440 -0.337163
vt 0.209440 -0.449551
vt 0.209440 -0.561938
vt 0.209440 -0.674326
vt 0.209440 -0.786714
vt 0.209440 -0.899101
vt 0.209440 -1.011489
vt 0.209440 -1.123877
vt 0.209440 -1.236264
vt 0.209440 -1.348652
vt 0.000000 1.151917
vt 0.200000 1.151917
vt 0.000000 1.256637
vt 0.200000 1.256637
vt 0.000000 -1.256637
vt 0.200000 -1.256637
vt 0.000000 -1.151917
vt 0.200000 -1.151917
vt 0.000000 -1.047198
vt 0.200000 -1.047198
vt 0.000000 -0.942478
vt 0.200000 -0.942478
vt 0.000000 -0.837758
vt 0.200000 -0.837758
vt 0.000000 -0.733038
vt 0.200000 -0.733038
vt 0.000000 -0.628319
vt 0.200000 -0.628319
vt 0.000000 -0.523599
vt 0.200000 -0.523599
vt 0.000000 -0.418879
vt 0.200000 -0.418879
vt 0.000000 0.418879
vt 0.200000 0.418879
vt 0.000000 0.523599
vt 0.200000 0.523599
vt 0.000000 0.628319
vt 0.200000 0.628319
vt 0.000000 0.733038
vt 0.200000 0.733038
vt 0.000000 0.837758
vt 0.200000 0.837758
vt 0.000000 0.942478
vt 0.200000 0.942478
vt 0.000000 1.047198
vt 0.200000 1.047198
vt 0.157080 -0.055023
vt 0.157080 -0.087287
vt 0.157395 -0.087713
vt 0.185204 -0.140987
vt 0.195519 -0.203087
vt 0.185204 -0.265187
vt 0.157395 -0.318461
vt 0.157080 -0.318887
vt 0.157080 -0.351151
vt 0.157080 -0.383415
vt 0.157080 0.428934
vt 0.157080 0.396670
vt 0.157080 0.364406
vt 0.157080 0.332143
vt 0.157080 0.299879
vt 0.157080 0.267615
vt 0.157080 0.235351
vt 0.157080 0.170823
vt 0.157080 0.138560
vt 0.157080 0.106296
vt 0.157080 0.074032
vt 0.157080 0.041768
vt 0.157080 0.009504
vt 0.157080 -0.022760
vt -0.518875 0.078540
vt -0.519533 0.078224
vt 0.375000 0.078540
vt -0.150000 0.052360
vt 0.375000 0.052360
vt 0.375000 0.026180
vt -0.150000 0.026180
vt 0.375000 0.000000
vt -0.150000 0.000000
vt 0.375000 -0.026180
vt -0.150000 -0.026180
vt 0.375000 -0.052360
vt -0.150000 -0.052360
vt 0.375000 -0.078540
vt -0.675000 -0.052360
vt -1.725000 -0.078540
vt -1.200000 -0.052360
vt -1.725000 -0.052360
vt -1.725000 -0.026180
vt -1.200000 -0.026180
vt -1.725000 -0.000000
vt -1.200000 -0.000000
vt -1.725000 0.026180
vt -1.200000 0.026180
vt -1.725000 0.052360
vt -1.200000 0.052360
vt -1.725000 0.078540
vt -0.830467 0.078224
vt -0.831125 0.078540
vt -0.595412 0.050415
vt -0.675000 0.040100
vt -0.675000 0.026180
vt -0.675000 0.000000
vt -0.675000 -0.026180
vt -0.754588 0.050415
vt -1.725000 0.000000
vt 4.396952 -0.287979
vt 4.196952 -0.287979
vt 4.396952 -0.314159
vt 4.196952 -0.314159
vt 4.396952 0.314159
vt 4.196952 0.314159
vt 4.396952 0.287979
vt 4.196952 0.287979
vt 4.396952 0.261799
vt 4.196952 0.261799
vt 4.396952 0.235619
vt 4.196952 0.235619
vt 4.396952 0.209440
vt 4.196952 0.209440
vt 4.396952 0.183260
vt 4.196952 0.183260
vt 4.396952 0.157080
vt 4.196952 0.157080
vt 4.396952 0.130900
vt 4.196952 0.130900
vt 4.396952 0.104720
vt 4.196952 0.104720
vt 4.396952 0.078540
vt 4.196952 0.078540
vt 4.396952 0.052360
vt 4.196952 0.052360
vt 4.396952 0.026180
vt 4.196952 0.026180
vt 4.396952 0.000000
vt 4.196952 0.000000
vt 4.396952 -0.026180
vt 4.196952 -0.026180
vt 4.396952 -0.052360
vt 4.196952 -0.052360
vt 4.396952 -0.078540
vt 4.196952 -0.078540
vt 4.396952 -0.104720
vt 4.196952 -0.104720
vt 4.396952 -0.130900
vt 4.196952 -0.130900
vt 4.396952 -0.157080
vt 4.196952 -0.157080
vt 4.396952 -0.183260
vt 4.196952 -0.183260
vt 4.396952 -0.209440
vt 4.196952 -0.209440
vt 4.396952 -0.235619
vt 4.196952 -0.235619
vt 4.396952 -0.261799
vt 4.196952 -0.261799
vt 4.396952 -1.151917
vt 4.196952 -1.151917
vt 4.396952 -1.256637
vt 4.196952 -1.256637
vt 4.396952 1.256637
vt 4.196952 1.256637
vt 4.396952 1.151917
vt 4.196952 1.151917
vt 4.396952 1.047198
vt 4.196952 1.047198
vt 4.396952 0.942478
vt 4.196952 0.942478
vt 4.396952 0.837758
vt 4.196952 0.837758
vt 4.396952 0.733038
vt 4.196952 0.733038
vt 4.396952 0.628319
vt 4.196952 0.628319
vt 4.396952 0.523599
vt 4.196952 0.523599
vt 4.396952 0.418879
vt 4.196952 0.418879
vt 4.396952 -0.418879
vt 4.196952 -0.418879
vt 4.396952 -0.523599
vt 4.196952 -0.523599
vt 4.396952 -0.628319
vt 4.196952 -0.628319
vt 4.396952 -0.733038
vt 4.196952 -0.733038
vt 4.396952 -0.837758
vt 4.196952 -0.837758
vt 4.396952 -0.942478
vt 4.196952 -0.942478
vt 4.396952 -1.047198
vt 4.196952 -1.047198
vt -1.225000 -0.078540
vt -0.425000 -0.078540
vt -1.205491 -0.058905
vt -0.825000 -0.052360
vt -1.186732 -0.039270
vt -0.825000 -0.026180
vt -1.169443 -0.019635
vt -0.825000 -0.000000
vt -1.154289 -0.000000
vt -1.141853 0.019635
vt -0.825000 0.026180
vt -1.132612 0.039270
vt -0.825000 0.052360
vt -1.126921 0.058905
vt -1.125482 0.068722
vt -0.524518 0.068722
vt -1.125000 0.078540
vt -0.525000 0.078540
vt -0.444509 -0.058905
vt -0.463268 -0.039270
vt -0.480557 -0.019635
vt -0.495711 -0.000000
vt -0.508147 0.019635
vt -0.517388 0.039270
vt -0.523079 0.058905
vt -1.068750 -0.078540
vt -0.068750 -0.078540
vt -1.049241 -0.058905
vt -0.568750 -0.052360
vt -1.030482 -0.039270
vt -0.568750 -0.026180
vt -1.013193 -0.019635
vt -0.568750 -0.000000
vt -0.998039 -0.000000
vt -0.985603 0.019635
vt -0.568750 0.026180
vt -0.976362 0.039270
vt -0.568750 0.052360
vt -0.970671 0.058905
vt -0.969232 0.068722
vt -0.968750 0.078540
vt -0.068750 0.078540
vt -0.068750 0.052360
vt -0.068750 0.026180
vt -0.068750 -0.000000
vt -0.068750 -0.026180
vt -0.068750 -0.052360
vt 0.518750 0.078540
vt -0.381250 0.078540
vt 0.519232 0.068722
vt 0.118750 0.052360
vt 0.520671 0.058905
vt 0.526362 0.039270
vt 0.118750 0.026180
vt 0.535603 0.019635
vt 0.118750 -0.000000
vt 0.548039 -0.000000
vt 0.563193 -0.019635
vt 0.118750 -0.026180
vt 0.580482 -0.039270
vt 0.118750 -0.052360
vt 0.599241 -0.058905
vt 0.618750 -0.078540
vt -0.381250 -0.078540
vt -0.381250 -0.052360
vt -0.381250 -0.026180
vt -0.381250 -0.000000
vt -0.381250 0.026180
vt -0.381250 0.052360
vt -1.625000 -0.078540
vt -1.593750 -0.046757
vt -1.684001 -0.015433
vt -1.200000 0.000173
vt -1.695872 0.000229
vt -1.706009 0.015891
vt -1.714163 0.031553
vt -1.720134 0.047216
vt -1.723776 0.062878
vt -0.675000 0.052360
vt 0.374518 0.068722
vt 0.373079 0.058905
vt 0.367388 0.039270
vt 0.358147 0.019635
vt -0.150000 0.000056
vt 0.345711 -0.000000
vt 0.330557 -0.019635
vt 0.313268 -0.039270
vt 0.294509 -0.058905
vt 0.275000 -0.078540
vt -1.656250 -0.046757
vt -0.675000 0.000115
vt -0.183260 -0.203087
vt -0.157080 -0.203087
vt -0.183260 -0.169239
vt -0.157080 -0.169239
vt -0.183260 -0.135391
vt -0.157080 -0.135391
vt -0.183260 -0.101544
vt -0.157080 -0.101544
vt -0.183260 -0.067696
vt -0.157080 -0.067696
vt -0.183260 -0.033848
vt -0.157080 -0.033848
vt -0.183260 0.000000
vt -0.157080 0.000000
vt -0.209440 0.000000
vt -0.209440 -0.033848
vt -0.209440 -0.067696
vt -0.209440 -0.101544
vt -0.209440 -0.135391
vt -0.209440 -0.169239
vt -0.209440 -0.203087
vt -0.235619 -0.169239
vt -0.235619 -0.203087
vt -0.261799 -0.169239
vt -0.261799 -0.203087
vt -0.287979 -0.169239
vt -0.287979 -0.203087
vt -0.314159 -0.169239
vt -0.314159 -0.203087
vt -0.235619 0.000000
vt -0.235619 -0.033848
vt -0.235619 -0.067696
vt -0.235619 -0.101544
vt -0.235619 -0.135391
vt -0.261799 0.000000
vt -0.261799 -0.033848
vt -0.261799 -0.067696
vt -0.261799 -0.101544
vt -0.261799 -0.135391
vt -0.287979 0.000000
vt -0.287979 -0.033848
vt -0.287979 -0.067696
vt -0.287979 -0.101544
vt -0.287979 -0.135391
vt -0.314159 0.000000
vt -0.314159 -0.033848
vt -0.314159 -0.067696
vt -0.314159 -0.101544
vt -0.314159 -0.135391
vt 0.400000 -0.078540
vt 0.001224 -0.062878
vt 0.400000 -0.052360
vt 0.004866 -0.047216
vt 0.010837 -0.031553
vt 0.400000 -0.026180
vt 0.018991 -0.015891
vt 0.400000 -0.000000
vt 0.029128 -0.000229
vt 0.040999 0.015433
vt 0.400000 0.026180
vt 0.068750 0.046757
vt 0.400000 0.052360
vt 0.074002 0.053526
vt 0.077963 0.061409
vt 0.400000 0.078540
vt 0.080348 0.069960
vt 0.100000 0.078540
vt 0.081123 0.078540
vt 0.080348 0.087120
vt 0.077963 0.095671
vt 0.074002 0.103553
vt 0.068750 0.110322
vt -0.340339 -0.203087
vt -0.340339 -0.169239
vt -0.340339 -0.135391
vt -0.340339 -0.101544
vt -0.340339 -0.067696
vt -0.340339 -0.033848
vt -0.340339 0.000000
vt -0.366519 0.000000
vt -0.366519 -0.033848
vt -0.366519 -0.067696
vt -0.366519 -0.101544
vt -0.366519 -0.135391
vt -0.366519 -0.169239
vt -0.366519 -0.203087
vt -0.392699 -0.169239
vt -0.392699 -0.203087
vt -0.418879 -0.169239
vt -0.418879 -0.203087
vt -0.445059 -0.169239
vt -0.445059 -0.203087
vt -0.471239 -0.169239
vt -0.471239 -0.203087
vt -0.392699 0.000000
vt -0.392699 -0.033848
vt -0.392699 -0.067696
vt -0.392699 -0.101544
vt -0.392699 -0.135391
vt -0.418879 0.000000
vt -0.418879 -0.033848
vt -0.418879 -0.067696
vt -0.418879 -0.101544
vt -0.418879 -0.135391
vt -0.445059 0.000000
vt -0.445059 -0.033848
vt -0.445059 -0.067696
vt -0.445059 -0.101544
vt -0.445059 -0.135391
vt -0.471239 0.000000
vt -0.471239 -0.033848
vt -0.471239 -0.067696
vt -0.471239 -0.101544
vt -0.471239 -0.135391
vt -0.100000 0.078540
vt -0.400000 0.078540
vt -0.080491 0.058905
vt -0.400000 0.052360
vt -0.061732 0.039270
vt -0.400000 0.026180
vt -0.044443 0.019635
vt -0.400000 -0.000000
vt -0.029289 -0.000000
vt -0.016853 -0.019635
vt -0.400000 -0.026180
vt -0.007612 -0.039270
vt -0.400000 -0.052360
vt -0.001921 -0.058905
vt -0.000482 -0.068722
vt -0.400000 -0.078540
vt -0.183260 0.203087
vt -0.157080 0.203087
vt -0.183260 0.236935
vt -0.157080 0.236935
vt -0.183260 0.270783
vt -0.157080 0.270783
vt -0.183260 0.304631
vt -0.157080 0.304631
vt -0.183260 0.338479
vt -0.157080 0.338479
vt -0.183260 0.372327
vt -0.157080 0.372327
vt -0.183260 0.406174
vt -0.157080 0.406174
vt -0.209440 0.406174
vt -0.209440 0.372327
vt -0.209440 0.338479
vt -0.209440 0.304631
vt -0.209440 0.270783
vt -0.209440 0.236935
vt -0.209440 0.203087
vt -0.235619 0.236935
vt -0.235619 0.203087
vt -0.261799 0.236935
vt -0.261799 0.203087
vt -0.287979 0.236935
vt -0.287979 0.203087
vt -0.314159 0.236935
vt -0.314159 0.203087
vt -0.235619 0.406174
vt -0.235619 0.372327
vt -0.235619 0.338479
vt -0.235619 0.304631
vt -0.235619 0.270783
vt -0.261799 0.406174
vt -0.261799 0.372327
vt -0.261799 0.338479
vt -0.261799 0.304631
vt -0.261799 0.270783
vt -0.287979 0.406174
vt -0.287979 0.372327
vt -0.287979 0.338479
vt -0.287979 0.304631
vt -0.287979 0.270783
vt -0.314159 0.406174
vt -0.314159 0.372327
vt -0.314159 0.338479
vt -0.314159 0.304631
vt -0.314159 0.270783
vt -2.747714 0.052360
vt -2.233864 0.052360
vt -2.747714 0.078540
vt -1.720014 0.052360
vt -1.206163 0.052360
vt -1.206163 0.026180
vt -0.692313 0.026180
vt -0.692313 -0.000000
vt -0.178463 -0.000000
vt -0.178463 -0.026180
vt 0.335388 -0.026180
vt 0.335388 -0.052360
vt 0.849238 -0.052360
vt 0.849238 -0.078540
vt -0.178463 -0.052360
vt -0.692313 -0.052360
vt -0.692313 -0.026180
vt -1.206163 -0.026180
vt -1.206163 -0.000000
vt -1.720014 -0.000000
vt -1.720014 0.026180
vt -2.233864 0.026180
vt -2.747714 0.026180
vt -2.233864 -0.000000
vt -1.720014 -0.026180
vt -1.206163 -0.052360
vt -2.747714 -0.000000
vt -2.233864 -0.026180
vt -1.720014 -0.052360
vt -2.747714 -0.078540
vt -2.747714 -0.026180
vt -2.233864 -0.052360
vt -2.747714 -0.052360
vt 0.849238 -0.026180
vt 0.335388 0.000000
vt -0.178463 0.026180
vt -0.692313 0.052360
vt 0.849238 0.000000
vt 0.335388 0.026180
vt -0.178463 0.052360
vt 0.849238 0.078540
vt 0.849238 0.026180
vt 0.335388 0.052360
vt 0.849238 0.052360
vt -3.100000 0.052360
vt -2.600000 0.052360
vt -3.100000 0.078540
vt -2.100000 0.052360
vt -1.600000 0.052360
vt -1.600000 0.026180
vt -1.100000 0.026180
vt -1.100000 -0.000000
vt -0.600000 -0.000000
vt -0.600000 -0.026180
vt -1.100000 -0.026180
vt -0.600000 -0.052360
vt -1.100000 -0.052360
vt -0.600000 -0.078540
vt -1.600000 -0.052360
vt -2.100000 -0.052360
vt -2.100000 -0.026180
vt -2.600000 -0.026180
vt -2.600000 -0.000000
vt -3.100000 -0.000000
vt -3.100000 0.026180
vt -2.600000 0.026180
vt -3.100000 -0.026180
vt -2.600000 -0.052360
vt -3.100000 -0.078540
vt -3.100000 -0.052360
vt -0.600000 0.026180
vt -1.100000 0.052360
vt -0.600000 0.078540
vt -0.600000 0.052360
vt -2.100000 0.026180
vt -2.100000 -0.000000
vt -1.600000 -0.000000
vt -1.600000 -0.026180
vt -0.000000 -0.425231
vt -0.026180 -0.425231
vt -0.000000 -0.496103
vt -0.026180 -0.496103
vt -0.000000 -0.566975
vt -0.026180 -0.566975
vt -0.000000 -0.637847
vt -0.026180 -0.637847
vt -0.000000 -0.708719
vt -0.026180 -0.708719
vt -0.000000 -0.779591
vt -0.026180 -0.779591
vt -0.000000 -0.850463
vt -0.026180 -0.850463
vt -0.052360 -0.779591
vt -0.052360 -0.850463
vt -0.078540 -0.779591
vt -0.078540 -0.850463
vt -0.104720 -0.779591
vt -0.104720 -0.850463
vt -0.130900 -0.779591
vt -0.130900 -0.850463
vt -0.157080 -0.779591
vt -0.157080 -0.850463
vt -0.052360 -0.425231
vt -0.052360 -0.496103
vt -0.052360 -0.566975
vt -0.052360 -0.637847
vt -0.052360 -0.708719
vt -0.078540 -0.425231
vt -0.078540 -0.496103
vt -0.078540 -0.566975
vt -0.078540 -0.637847
vt -0.078540 -0.708719
vt -0.104720 -0.425231
vt -0.104720 -0.496103
vt -0.104720 -0.566975
vt -0.104720 -0.637847
vt -0.104720 -0.708719
vt -0.130900 -0.425231
vt -0.130900 -0.496103
vt -0.130900 -0.566975
vt -0.130900 -0.637847
vt -0.130900 -0.708719
vt -0.157080 -0.425231
vt -0.157080 -0.496103
vt -0.157080 -0.566975
vt -0.157080 -0.637847
vt -0.157080 -0.708719
vt -0.026180 0.000000
vt -0.000000 -0.070872
vt -0.026180 -0.070872
vt -0.000000 -0.141744
vt -0.026180 -0.141744
vt -0.000000 -0.212616
vt -0.026180 -0.212616
vt -0.000000 -0.283488
vt -0.026180 -0.283488
vt -0.000000 -0.354359
vt -0.026180 -0.354359
vt -0.052360 -0.354359
vt -0.078540 -0.354359
vt -0.104720 -0.354359
vt -0.130900 -0.354359
vt -0.157080 -0.354359
vt -0.052360 0.000000
vt -0.052360 -0.070872
vt -0.052360 -0.141744
vt -0.052360 -0.212616
vt -0.052360 -0.283488
vt -0.078540 0.000000
vt -0.078540 -0.070872
vt -0.078540 -0.141744
vt -0.078540 -0.212616
vt -0.078540 -0.283488
vt -0.104720 0.000000
vt -0.104720 -0.070872
vt -0.104720 -0.141744
vt -0.104720 -0.212616
vt -0.104720 -0.283488
vt -0.130900 0.000000
vt -0.130900 -0.070872
vt -0.130900 -0.141744
vt -0.130900 -0.212616
vt -0.130900 -0.283488
vt -0.157080 -0.070872
vt -0.157080 -0.141744
vt -0.157080 -0.212616
vt -0.157080 -0.283488
vt 1.225000 -0.078540
vt 1.325000 -0.078540
vt 1.225000 -0.052360
vt 1.325000 -0.052360
vt 1.225000 -0.026180
vt 1.325000 -0.026180
vt 1.225000 -0.000000
vt 1.325000 -0.000000
vt 1.225000 0.026180
vt 1.325000 0.026180
vt 1.225000 0.052360
vt 1.325000 0.052360
vt 1.225000 0.078540
vt 1.325000 0.078540
vt -0.699238 0.052360
vt -0.185388 0.052360
vt -0.699238 0.078540
vt 0.328463 0.052360
vt 0.842313 0.052360
vt 0.842313 0.026180
vt 1.356163 0.026180
vt 1.356163 -0.000000
vt 1.870014 -0.000000
vt 1.870014 -0.026180
vt 2.383864 -0.026180
vt 2.383864 -0.052360
vt 2.897714 -0.052360
vt 2.897714 -0.078540
vt 1.870014 -0.052360
vt 1.356163 -0.052360
vt 1.356163 -0.026180
vt 0.842313 -0.026180
vt 0.842313 -0.000000
vt 0.328463 -0.000000
vt 0.328463 0.026180
vt -0.185388 0.026180
vt -0.699238 0.026180
vt -0.185388 -0.000000
vt 0.328463 -0.026180
vt 0.842313 -0.052360
vt -0.699238 -0.000000
vt -0.185388 -0.026180
vt 0.328463 -0.052360
vt -0.699238 -0.078540
vt -0.699238 -0.026180
vt -0.185388 -0.052360
vt -0.699238 -0.052360
vt 2.897714 -0.026180
vt 2.383864 0.000000
vt 1.870014 0.026180
vt 1.356163 0.052360
vt 2.897714 0.000000
vt 2.383864 0.026180
vt 1.870014 0.052360
vt 2.897714 0.078540
vt 2.897714 0.026180
vt 2.383864 0.052360
vt 2.897714 0.052360
vt 0.025000 -0.078540
vt 0.125000 -0.078540
vt 0.025000 -0.052360
vt 0.125000 -0.052360
vt 0.025000 -0.026180
vt 0.125000 -0.026180
vt 0.025000 -0.000000
vt 0.125000 -0.000000
vt 0.025000 0.026180
vt 0.125000 0.026180
vt 0.025000 0.052360
vt 0.125000 0.052360
vt 0.025000 0.078540
vt 0.125000 0.078540
vt 3.696952 0.400000
vt 0.100000 0.400000
vt 3.696952 0.000000
vt 0.100000 0.000000
vt 0.200000 -3.100000
vt 0.200000 -0.600000
vt 0.000000 -3.100000
vt 0.000000 0.002487
vt 0.206815 -0.548236
vt 0.226795 -0.500000
vt 0.258579 -0.458579
vt 0.300000 -0.426795
vt 0.348236 -0.406815
vt 0.400000 -0.400000
vt 3.996952 -0.400000
vt 4.396952 0.002487
vt 4.048716 -0.406815
vt 4.096952 -0.426795
vt 4.138374 -0.458579
vt 4.170157 -0.500000
vt 4.190137 -0.548236
vt 4.196952 -0.600000
vt 4.396952 -3.100000
vt 4.196952 -3.100000
vt -4.396952 -0.942478
vt -4.196952 -0.942478
vt -4.396952 -0.863938
vt -4.196952 -0.863938
vt -4.396952 -0.785398
vt -4.196952 -0.785398
vt -4.396952 -0.706858
vt -4.196952 -0.706858
vt -4.396952 -0.628319
vt -4.196952 -0.628319
vt -4.396952 -0.549779
vt -4.196952 -0.549779
vt -4.396952 -0.471239
vt -4.196952 -0.471239
vt 0.050000 1.050000
vt -0.150000 1.050000
vt 0.050000 -1.050000
vt -0.150000 -1.050000
vt -4.396952 -0.392699
vt -4.196952 -0.392699
vt -4.396952 -0.314159
vt -4.196952 -0.314159
vt -4.396952 -0.235619
vt -4.196952 -0.235619
vt -4.396952 -0.157080
vt -4.196952 -0.157080
vt -4.396952 -0.078540
vt -4.196952 -0.078540
vt -4.396952 0.000000
vt -4.196952 0.000000
vt -1.798476 -0.050000
vt 1.798476 -0.050000
vt -1.798476 0.050000
vt 1.798476 0.050000
vt -4.396952 0.360489
vt -2.931302 0.360489
vt -4.396952 0.432587
vt -1.465651 0.360489
vt -0.000000 0.432587
vt 0.000000 0.360489
vt 0.000000 0.288391
vt -1.465651 0.288391
vt -0.000000 0.216293
vt -1.465651 0.216293
vt 0.000000 0.144196
vt -1.465651 0.144196
vt -0.000000 0.072098
vt -1.465651 0.072098
vt -2.931302 0.072098
vt -4.396952 0.072098
vt -4.396952 0.144196
vt -2.931302 0.144196
vt -4.396952 0.216293
vt -2.931302 0.216293
vt -4.396952 0.288391
vt -2.931302 0.288391
vt 1.446593 -3.200882
vt 2.400000 -3.400000
vt 1.450000 -3.175000
vt 1.632843 -2.657843
vt 1.446593 -3.149118
vt 1.550000 -2.721410
vt 1.436603 -3.125000
vt 1.453528 -2.761370
vt 1.420711 -3.104289
vt 1.400000 -3.088397
vt 1.375882 -3.078407
vt 1.350000 -2.775000
vt 1.350000 -3.075000
vt 1.324118 -3.078407
vt 1.246472 -2.761370
vt 1.300000 -3.088397
vt 1.279289 -3.104289
vt 1.263397 -3.125000
vt 1.150000 -2.721410
vt 1.253407 -3.149118
vt 1.067157 -2.657843
vt 1.250000 -3.175000
vt 0.300000 -3.400000
vt 1.253407 -3.200882
vt 1.263397 -3.225000
vt 1.279289 -3.245711
vt 1.300000 -3.261603
vt 1.324118 -3.271593
vt 1.350000 -3.275000
vt 1.375882 -3.271593
vt 1.400000 -3.261603
vt 1.420711 -3.245711
vt 1.436603 -3.225000
vt 0.646593 -2.349118
vt 0.650000 -2.375000
vt 0.950000 -2.375000
vt 0.646593 -2.400882
vt 0.963630 -2.478528
vt 0.636603 -2.425000
vt 0.620711 -2.445711
vt 1.003590 -2.575000
vt 0.600000 -2.461603
vt 0.575882 -2.471593
vt 0.550000 -2.475000
vt 0.524118 -2.471593
vt 0.500000 -2.461603
vt 0.222354 -3.389778
vt 0.150000 -3.359808
vt 0.087868 -3.312132
vt 0.040192 -3.250000
vt 0.010222 -3.177646
vt 0.479289 -2.445711
vt 0.463397 -2.425000
vt 0.453407 -2.400882
vt 0.450000 -2.375000
vt 0.453407 -2.349118
vt 0.463397 -2.325000
vt 0.479289 -2.304289
vt 0.500000 -2.288397
vt 1.050000 -1.037500
vt 0.300000 0.300000
vt 1.050000 -0.137500
vt 1.650000 -0.137500
vt 0.524118 -2.278407
vt 0.550000 -2.275000
vt 0.575882 -2.278407
vt 0.600000 -2.288397
vt 1.003590 -2.175000
vt 1.067157 -2.092157
vt 1.250000 -1.575000
vt 1.253407 -1.549118
vt 0.620711 -2.304289
vt 0.963630 -2.271472
vt 0.636603 -2.325000
vt 2.246593 -2.349118
vt 2.250000 -2.375000
vt 2.700000 -3.100000
vt 2.246593 -2.400882
vt 2.236603 -2.425000
vt 2.220711 -2.445711
vt 2.200000 -2.461603
vt 2.175882 -2.471593
vt 2.150000 -2.475000
vt 2.124118 -2.471593
vt 1.696410 -2.575000
vt 2.100000 -2.461603
vt 2.079289 -2.445711
vt 1.736370 -2.478528
vt 2.063397 -2.425000
vt 2.053407 -2.400882
vt 1.750000 -2.375000
vt 2.050000 -2.375000
vt 2.053407 -2.349118
vt 1.736370 -2.271472
vt 2.063397 -2.325000
vt 2.079289 -2.304289
vt 1.696410 -2.175000
vt 2.100000 -2.288397
vt 2.124118 -2.278407
vt 2.150000 -2.275000
vt 1.650000 -1.037500
vt 1.632843 -2.092157
vt 2.175882 -2.278407
vt 2.200000 -2.288397
vt 2.700000 0.002487
vt 2.220711 -2.304289
vt 2.236603 -2.325000
vt 1.253407 -1.600882
vt 1.150000 -2.028590
vt 1.263397 -1.625000
vt 1.246472 -1.988630
vt 1.279289 -1.645711
vt 1.300000 -1.661603
vt 1.324118 -1.671593
vt 1.350000 -1.975000
vt 1.350000 -1.675000
vt 1.375882 -1.671593
vt 1.453528 -1.988630
vt 1.400000 -1.661603
vt 1.420711 -1.645711
vt 1.436603 -1.625000
vt 1.550000 -2.028590
vt 1.446593 -1.600882
vt 1.450000 -1.575000
vt 1.446593 -1.549118
vt 1.436603 -1.525000
vt 1.420711 -1.504289
vt 1.400000 -1.488397
vt 1.375882 -1.478407
vt 1.350000 -1.475000
vt 1.324118 -1.478407
vt 1.300000 -1.488397
vt 1.279289 -1.504289
vt 1.263397 -1.525000
vt 2.691378 0.073892
vt 2.666008 0.141194
vt 2.625348 0.200522
vt 2.571735 0.248468
vt 2.508251 0.282275
vt 2.438545 0.300000
vt 0.222354 0.289778
vt 0.150000 0.259808
vt 0.087868 0.212132
vt 0.040192 0.150000
vt 0.010222 0.077646
vt 2.477646 -3.389778
vt 2.550000 -3.359808
vt 2.612132 -3.312132
vt 2.659808 -3.250000
vt 2.689778 -3.177646
vt -4.396952 -1.021018
vt -2.931302 -1.021018
vt -1.465651 -1.021018
vt -0.000000 -1.021018
vt -0.000000 -1.099557
vt -1.465651 -1.099557
vt -0.000000 -1.178097
vt -1.465651 -1.178097
vt -1.465651 -1.256637
vt -0.000000 -1.335177
vt -1.465651 -1.335177
vt -0.000000 -1.413717
vt -2.931302 -1.335177
vt -4.396952 -1.413717
vt -4.396952 -1.335177
vt -4.396952 -1.256637
vt -2.931302 -1.256637
vt -4.396952 -1.178097
vt -2.931302 -1.178097
vt -4.396952 -1.099557
vt -2.931302 -1.099557
vt -1.088545 -2.198476
vt -0.900000 0.001524
vt -1.088545 2.198476
vt -0.900000 0.601524
vt -0.896593 0.627406
vt 1.050000 -2.198476
vt -0.000000 -0.898476
vt -0.025882 -0.895069
vt -0.050000 -0.885079
vt 1.050000 2.198476
vt 0.900000 0.001524
vt 0.900000 -0.598476
vt 0.896593 -0.624358
vt -0.000000 0.901524
vt 0.025882 0.898116
vt 0.050000 0.888126
vt -0.386370 0.105051
vt -0.703407 0.027406
vt -0.400000 0.001524
vt -0.700000 0.001524
vt -0.703407 -0.024358
vt -0.346410 0.201524
vt -0.703407 0.575642
vt -0.713397 0.551524
vt -0.713397 0.051524
vt -0.729289 0.530813
vt -0.729289 0.072234
vt -0.750000 0.514921
vt -0.750000 0.088126
vt -0.774118 0.504931
vt -0.774118 0.098116
vt -0.800000 0.501524
vt -0.800000 0.101524
vt -0.825882 0.504931
vt -0.825882 0.098116
vt -0.850000 0.514921
vt -0.850000 0.088126
vt -0.870711 0.530813
vt -0.870711 0.072234
vt -0.886603 0.551524
vt -0.886603 0.051524
vt -0.896593 0.575642
vt -0.896593 0.027406
vt -0.700000 0.601524
vt -0.282843 0.284367
vt -0.703407 0.627406
vt -0.100000 0.801524
vt -0.096593 0.827406
vt -0.200000 0.347934
vt -0.096593 0.775642
vt -0.086603 0.751524
vt -0.103528 0.387894
vt -0.070711 0.730813
vt -0.050000 0.714921
vt -0.000000 0.401524
vt -0.025882 0.704931
vt -0.000000 0.701524
vt 0.025882 0.704931
vt 0.050000 0.714921
vt 0.103528 0.387894
vt 0.070711 0.730813
vt 0.086603 0.751524
vt 0.200000 0.347934
vt 0.096593 0.775642
vt 0.100000 0.801524
vt 0.282843 0.284367
vt 0.703407 0.627406
vt 0.700000 0.601524
vt 0.346410 0.201524
vt 0.703407 0.575642
vt 0.386370 0.105051
vt 0.713397 0.551524
vt 0.713397 0.051524
vt 0.729289 0.530813
vt 0.729289 0.072234
vt 0.750000 0.514921
vt 0.750000 0.088126
vt 0.774118 0.504931
vt 0.774118 0.098116
vt 0.800000 0.501524
vt 0.800000 0.101524
vt 0.825882 0.098116
vt 0.703407 0.027406
vt 0.400000 0.001524
vt 0.700000 0.001524
vt 0.703407 -0.024358
vt 0.386370 -0.102004
vt 0.713397 -0.048476
vt 0.713397 -0.548476
vt 0.729289 -0.069187
vt 0.729289 -0.527766
vt 0.750000 -0.085079
vt 0.750000 -0.511874
vt 0.774118 -0.095069
vt 0.774118 -0.501884
vt 0.800000 -0.098476
vt 0.800000 -0.498476
vt 0.825882 -0.501884
vt 0.703407 -0.572594
vt 0.346410 -0.198476
vt 0.700000 -0.598476
vt 0.282843 -0.281319
vt 0.703407 -0.624358
vt 0.100000 -0.798476
vt 0.096593 -0.824358
vt 0.200000 -0.344886
vt 0.096593 -0.772594
vt 0.086603 -0.748476
vt 0.103528 -0.384847
vt 0.070711 -0.727766
vt 0.050000 -0.711874
vt -0.000000 -0.398476
vt 0.025882 -0.701884
vt -0.000000 -0.698476
vt -0.025882 -0.701884
vt -0.050000 -0.711874
vt -0.103528 -0.384847
vt -0.070711 -0.727766
vt -0.086603 -0.748476
vt -0.200000 -0.344886
vt -0.096593 -0.772594
vt -0.100000 -0.798476
vt -0.282843 -0.281319
vt -0.703407 -0.624358
vt -0.700000 -0.598476
vt -0.346410 -0.198476
vt -0.703407 -0.572594
vt -0.386370 -0.102004
vt -0.713397 -0.548476
vt -0.713397 -0.048476
vt -0.729289 -0.527766
vt -0.729289 -0.069187
vt -0.750000 -0.511874
vt -0.750000 -0.085079
vt -0.774118 -0.501884
vt -0.774118 -0.095069
vt -0.800000 -0.498476
vt -0.800000 -0.098476
vt -0.825882 -0.501884
vt -0.825882 -0.095069
vt -0.850000 -0.511874
vt -0.850000 -0.085079
vt -0.870711 -0.527766
vt -0.870711 -0.069187
vt -0.886603 -0.548476
vt -0.886603 -0.048476
vt -0.896593 -0.572594
vt -0.896593 -0.024358
vt -0.900000 -0.598476
vt -0.713397 0.651524
vt -0.086603 0.851524
vt -0.729289 0.672234
vt -0.750000 0.688126
vt -0.774118 0.698116
vt -0.800000 0.701524
vt -0.825882 0.698116
vt -0.850000 0.688126
vt -0.870711 0.672234
vt -0.886603 0.651524
vt -0.070711 0.872234
vt -0.050000 0.888126
vt -0.025882 0.898116
vt 0.070711 0.872234
vt 0.086603 0.851524
vt 0.729289 0.672234
vt 0.713397 0.651524
vt 0.096593 0.827406
vt 0.713397 -0.648476
vt 0.086603 -0.848476
vt 0.729289 -0.669187
vt 0.750000 -0.685079
vt 0.774118 -0.695069
vt 0.800000 -0.698476
vt 0.825882 -0.695069
vt 0.850000 -0.685079
vt 0.870711 -0.669187
vt 0.886603 -0.648476
vt 0.070711 -0.869187
vt 0.050000 -0.885079
vt 0.025882 -0.895069
vt -0.070711 -0.869187
vt -0.086603 -0.848476
vt -0.729289 -0.669187
vt -0.713397 -0.648476
vt -0.096593 -0.824358
vt 0.825882 0.504931
vt 0.850000 0.088126
vt 0.850000 0.514921
vt 0.870711 0.072234
vt 0.870711 0.530813
vt 0.886603 0.051524
vt 0.886603 0.551524
vt 0.896593 0.027406
vt 0.896593 0.575642
vt 0.900000 0.601524
vt 0.896593 -0.024358
vt 0.896593 -0.572594
vt 0.886603 -0.048476
vt 0.886603 -0.548476
vt 0.870711 -0.069187
vt 0.870711 -0.527766
vt 0.850000 -0.085079
vt 0.850000 -0.511874
vt 0.825882 -0.095069
vt 0.750000 0.688126
vt 0.774118 0.698116
vt 0.800000 0.701524
vt 0.825882 0.698116
vt 0.850000 0.688126
vt 0.870711 0.672234
vt 0.886603 0.651524
vt 0.896593 0.627406
vt -0.750000 -0.685079
vt -0.774118 -0.695069
vt -0.800000 -0.698476
vt -0.825882 -0.695069
vt -0.850000 -0.685079
vt -0.870711 -0.669187
vt -0.886603 -0.648476
vt -0.896593 -0.624358
vt -0.000000 -0.471239
vt -0.200000 -0.471239
vt -0.000000 -0.549779
vt -0.200000 -0.549779
vt -0.200000 -0.628319
vt -0.000000 -0.706858
vt -0.200000 -0.706858
vt 0.000000 -0.785398
vt -0.200000 -0.785398
vt -0.000000 -0.863938
vt -0.200000 -0.863938
vt -0.200000 -0.942478
vt -0.200000 0.000000
vt -0.200000 -0.078540
vt -0.200000 -0.157080
vt -0.200000 -0.235619
vt -0.200000 -0.314159
vt -0.000000 -0.392699
vt -0.200000 -0.392699
vt -1.050000 1.798476
vt 1.050000 1.798476
vt -1.050000 -1.798476
vt 1.050000 -1.798476
vt 0.100000 0.300000
vt -0.700000 0.300000
vt 0.074118 0.296593
vt -0.674118 0.296593
vt 0.050000 0.286603
vt -0.650000 0.286603
vt 0.029289 0.270711
vt -0.629289 0.270711
vt 0.013397 0.250000
vt -0.613397 0.250000
vt 0.003407 0.225882
vt -0.603407 0.225882
vt 0.000000 0.200000
vt -0.600000 0.200000
vt -0.700000 4.096952
vt 0.100000 4.096952
vt -0.674118 4.100360
vt 0.074118 4.100360
vt -0.650000 4.110350
vt 0.050000 4.110350
vt -0.629289 4.126242
vt 0.029289 4.126242
vt -0.613397 4.146952
vt 0.013397 4.146952
vt -0.603407 4.171070
vt 0.003407 4.171070
vt -0.600000 4.196952
vt 0.000000 4.196952
vt -0.600000 4.396952
vt 0.000000 4.396952
vt -0.900000 0.200000
vt -0.900000 0.000000
vt -0.900000 4.196952
vt -0.900000 4.396952
vt -0.050000 -1.050000
vt 0.150000 -1.050000
vt -0.050000 1.050000
vt 0.150000 1.050000
vt 0.300000 -1.151917
vt 0.300000 -1.256637
vt 0.300000 1.256637
vt 0.300000 1.151917
vt 0.300000 1.047198
vt 0.300000 0.942478
vt 0.300000 0.837758
vt 0.300000 0.733038
vt 0.300000 0.628319
vt 0.300000 0.523599
vt 0.300000 0.418879
vt 0.300000 -0.418879
vt 0.300000 -0.523599
vt 0.300000 -0.628319
vt 0.300000 -0.733038
vt 0.300000 -0.837758
vt 0.300000 -0.942478
vt 0.300000 -1.047198
vt 0.191749 0.282275
vt 0.261455 0.300000
vt 2.400000 0.300000
vt 0.128265 0.248468
vt 0.074652 0.200522
vt 0.033992 0.141194
vt 0.008622 0.073892
vt 2.700000 -0.000000
vt 2.689778 0.077646
vt 2.659808 0.150000
vt 2.612132 0.212132
vt 2.550000 0.259808
vt 2.477646 0.289778
s 0
f 2/1/1 48/2/1 1/3/2
f 1/3/2 48/2/1 25/4/2
f 1/5/3 25/6/3 24/7/4
f 24/7/4 25/6/3 26/8/4
f 24/7/5 26/8/5 23/9/6
f 23/9/6 26/8/5 27/10/6
f 23/9/7 27/10/7 22/11/8
f 22/11/8 27/10/7 28/12/8
f 22/11/9 28/12/9 21/13/10
f 21/13/10 28/12/9 29/14/10
f 21/13/11 29/14/11 20/15/12
f 20/15/12 29/14/11 30/16/12
f 20/15/13 30/16/13 19/17/14
f 19/17/14 30/16/13 31/18/14
f 19/17/15 31/18/15 18/19/16
f 18/19/17 31/18/15 32/20/17
f 18/19/18 32/20/18 17/21/19
f 17/21/19 32/20/18 33/22/19
f 17/21/20 33/22/20 16/23/21
f 16/23/22 33/22/20 34/24/22
f 16/23/22 34/24/22 15/25/23
f 15/25/23 34/24/24 35/26/23
f 15/25/25 35/26/25 14/27/26
f 14/27/26 35/26/25 36/28/26
f 14/27/27 36/28/27 13/29/28
f 13/29/29 36/28/30 37/30/29
f 13/29/31 37/30/31 12/31/32
f 12/31/33 37/30/28 38/32/33
f 12/31/34 38/32/34 11/33/35
f 11/33/35 38/32/34 39/34/35
f 11/33/36 39/34/36 10/35/37
f 10/35/37 39/34/36 40/36/37
f 10/35/38 40/36/38 9/37/39
f 9/37/39 40/36/40 41/38/39
f 9/37/41 41/38/41 8/39/42
f 8/39/42 41/38/41 42/40/42
f 8/39/43 42/40/43 7/41/44
f 7/41/44 42/40/43 43/42/44
f 7/41/45 43/42/45 6/43/46
f 6/43/46 43/42/45 44/44/46
f 6/43/47 44/44/47 5/45/48
f 5/45/48 44/44/47 45/46/48
f 5/45/49 45/46/49 4/47/50
f 4/47/51 45/46/49 46/48/51
f 4/47/52 46/48/52 3/49/53
f 3/49/53 46/48/52 47/50/53
f 3/49/54 47/50/54 2/1/55
f 2/1/55 47/50/54 48/2/55
f 50/1/1 96/2/1 49/3/2
f 49/3/2 96/2/1 73/4/2
f 49/5/3 73/6/3 72/7/4
f 72/7/4 73/6/3 74/8/4
f 72/7/5 74/8/5 71/9/6
f 71/9/6 74/8/5 75/10/6
f 71/9/7 75/10/7 70/11/8
f 70/11/8 75/10/7 76/12/8
f 70/11/56 76/12/56 69/13/10
f 69/13/10 76/12/9 77/14/10
f 69/13/11 77/14/11 68/15/12
f 68/15/12 77/14/11 78/16/12
f 68/15/13 78/16/13 67/17/14
f 67/17/14 78/16/13 79/18/14
f 67/17/15 79/18/15 66/19/17
f 66/19/16 79/18/15 80/20/16
f 66/19/18 80/20/18 65/21/19
f 65/21/19 80/20/18 81/22/19
f 65/21/20 81/22/20 64/23/21
f 64/23/22 81/22/20 82/24/22
f 64/23/22 82/24/22 63/25/23
f 63/25/23 82/24/24 83/26/23
f 63/25/25 83/26/25 62/27/26
f 62/27/26 83/26/25 84/28/26
f 62/27/27 84/28/27 61/29/28
f 61/29/29 84/28/30 85/30/29
f 61/29/31 85/30/31 60/31/32
f 60/31/33 85/30/28 86/32/33
f 60/31/34 86/32/34 59/33/35
f 59/33/35 86/32/34 87/34/35
f 59/33/36 87/34/36 58/35/37
f 58/35/37 87/34/36 88/36/37
f 58/35/38 88/36/38 57/37/39
f 57/37/39 88/36/40 89/38/39
f 57/37/41 89/38/41 56/39/42
f 56/39/42 89/38/41 90/40/42
f 56/39/57 90/40/57 55/41/44
f 55/41/44 90/40/57 91/42/44
f 55/41/45 91/42/45 54/43/46
f 54/43/46 91/42/45 92/44/46
f 54/43/47 92/44/47 53/45/48
f 53/45/48 92/44/47 93/46/48
f 53/45/49 93/46/49 52/47/51
f 52/47/50 93/46/49 94/48/50
f 52/47/52 94/48/52 51/49/53
f 51/49/53 94/48/52 95/50/53
f 51/49/54 95/50/54 50/1/55
f 50/1/55 95/50/54 96/2/55
f 98/1/1 144/2/1 97/3/2
f 97/3/2 144/2/1 121/4/2
f 97/5/3 121/6/3 120/7/4
f 120/7/4 121/6/3 122/8/4
f 120/7/5 122/8/5 119/9/6
f 119/9/6 122/8/5 123/10/6
f 119/9/7 123/10/7 118/11/8
f 118/11/8 123/10/7 124/12/8
f 118/11/9 124/12/9 117/51/10
f 117/51/10 124/12/9 125/52/10
f 117/51/11 125/52/11 116/15/12
f 116/15/12 125/52/11 126/16/12
f 116/15/13 126/16/13 115/17/14
f 115/17/14 126/16/13 127/18/14
f 115/17/15 127/18/15 114/19/16
f 114/19/17 127/18/15 128/20/17
f 114/19/18 128/20/18 113/21/19
f 113/21/19 128/20/18 129/22/19
f 113/21/20 129/22/20 112/23/21
f 112/23/22 129/22/20 130/24/22
f 112/23/22 130/24/22 111/25/23
f 111/25/23 130/24/24 131/26/23
f 111/25/25 131/26/25 110/27/26
f 110/27/26 131/26/25 132/28/26
f 110/27/27 132/28/27 109/29/28
f 109/29/29 132/28/30 133/30/29
f 109/29/31 133/30/31 108/31/32
f 108/31/33 133/30/28 134/32/33
f 108/31/34 134/32/34 107/33/35
f 107/33/35 134/32/34 135/34/35
f 107/33/36 135/34/36 106/35/37
f 106/35/37 135/34/36 136/36/37
f 106/35/38 136/36/38 105/37/39
f 105/37/39 136/36/40 137/38/39
f 105/37/41 137/38/41 104/39/42
f 104/39/42 137/38/41 138/40/42
f 104/39/43 138/40/43 103/41/44
f 103/41/44 138/40/43 139/42/44
f 103/41/45 139/42/45 102/43/46
f 102/43/46 139/42/45 140/44/46
f 102/43/47 140/44/47 101/53/48
f 101/53/48 140/44/47 141/54/48
f 101/53/49 141/54/49 100/47/51
f 100/47/51 141/54/49 142/48/51
f 100/47/52 142/48/52 99/49/53
f 99/49/53 142/48/52 143/50/53
f 99/49/54 143/50/54 98/1/55
f 98/1/55 143/50/54 144/2/55
f 146/1/1 192/2/1 145/3/2
f 145/3/2 192/2/1 169/4/2
f 145/5/3 169/6/3 168/7/4
f 168/7/4 169/6/3 170/8/4
f 168/7/5 170/8/5 167/9/6
f 167/9/6 170/8/5 171/10/6
f 167/9/7 171/10/7 166/11/8
f 166/11/8 171/10/7 172/12/8
f 166/11/56 172/12/56 165/13/10
f 165/13/10 172/12/9 173/14/10
f 165/13/11 173/14/11 164/15/12
f 164/15/12 173/14/11 174/16/12
f 164/15/13 174/16/13 163/17/14
f 163/17/14 174/16/13 175/18/14
f 163/17/15 175/18/15 162/19/17
f 162/19/16 175/18/15 176/20/16
f 162/19/18 176/20/18 161/21/19
f 161/21/19 176/20/18 177/22/19
f 161/21/20 177/22/20 160/23/21
f 160/23/22 177/22/20 178/24/22
f 160/23/22 178/24/22 159/25/23
f 159/25/23 178/24/24 179/26/23
f 159/25/25 179/26/25 158/27/26
f 158/27/26 179/26/25 180/28/26
f 158/27/27 180/28/27 157/29/28
f 157/29/29 180/28/30 181/30/29
f 157/29/31 181/30/31 156/31/32
f 156/31/33 181/30/28 182/32/33
f 156/31/34 182/32/34 155/33/35
f 155/33/35 182/32/34 183/34/35
f 155/33/36 183/34/36 154/35/37
f 154/35/37 183/34/36 184/36/37
f 154/35/38 184/36/38 153/37/39
f 153/37/39 184/36/40 185/38/39
f 153/37/41 185/38/41 152/39/42
f 152/39/42 185/38/41 186/40/42
f 152/39/57 186/40/57 151/41/44
f 151/41/44 186/40/57 187/42/44
f 151/41/45 187/42/45 150/43/46
f 150/43/46 187/42/45 188/44/46
f 150/43/47 188/44/47 149/45/48
f 149/45/48 188/44/47 189/46/48
f 149/45/49 189/46/49 148/47/51
f 148/47/50 189/46/49 190/48/50
f 148/47/52 190/48/52 147/49/53
f 147/49/53 190/48/52 191/50/53
f 147/49/54 191/50/54 146/1/55
f 146/1/55 191/50/54 192/2/55
f 201/55/58 193/56/58 200/57/59
f 200/57/60 193/56/58 194/58/60
f 200/57/60 194/58/60 199/59/61
f 199/59/61 194/58/60 195/60/61
f 199/59/62 195/60/62 198/61/63
f 198/61/64 195/60/65 196/62/64
f 198/61/66 196/62/66 197/63/67
f 202/64/68 203/65/68 221/66/69
f 221/66/70 203/65/68 223/67/71
f 221/66/72 223/67/71 220/68/73
f 220/68/73 223/67/74 222/69/75
f 220/68/73 222/69/76 219/70/77
f 219/70/78 222/69/79 224/71/80
f 219/70/81 224/71/82 218/72/82
f 218/72/83 224/71/82 217/73/84
f 217/73/85 224/71/86 225/74/87
f 217/73/88 225/74/89 216/75/90
f 216/75/91 225/74/92 226/76/93
f 216/75/94 226/76/95 215/77/96
f 215/77/97 226/76/98 214/78/99
f 214/78/99 226/76/95 211/79/99
f 214/78/99 211/79/99 213/80/100
f 213/80/100 211/79/99 212/81/100
f 203/65/68 204/82/69 223/67/101
f 223/67/71 204/82/72 205/83/102
f 223/67/74 205/83/73 222/69/103
f 222/69/76 205/83/73 206/84/77
f 222/69/79 206/84/78 224/71/80
f 224/71/82 206/84/81 207/85/82
f 224/71/83 207/85/83 208/86/84
f 224/71/86 208/86/84 225/74/87
f 225/74/89 208/86/88 209/87/90
f 225/74/92 209/87/91 226/76/93
f 226/76/95 209/87/94 210/88/96
f 226/76/98 210/88/97 211/79/99
f 203/89/14 227/90/14 204/91/104
f 204/91/105 227/90/14 234/92/106
f 204/91/107 234/92/108 205/93/109
f 205/93/110 234/92/12 235/94/11
f 205/93/111 235/94/112 206/95/113
f 206/95/114 235/94/112 236/96/9
f 206/95/115 236/96/9 207/97/9
f 207/97/116 236/96/116 208/98/117
f 208/98/118 236/96/8 237/99/7
f 208/98/119 237/99/120 209/100/121
f 209/100/122 237/99/6 238/101/5
f 209/100/123 238/101/124 210/102/125
f 210/102/126 238/101/127 211/103/128
f 211/103/128 238/101/124 212/104/3
f 212/104/3 238/101/127 233/105/3
f 233/105/3 238/101/127 232/106/127
f 232/106/5 238/101/5 231/107/6
f 231/107/6 238/101/5 237/99/6
f 231/107/7 237/99/7 230/108/116
f 230/108/116 237/99/7 236/96/116
f 230/108/56 236/96/56 229/109/10
f 229/109/10 236/96/56 235/94/10
f 229/109/11 235/94/11 228/110/12
f 228/110/12 235/94/129 234/92/12
f 228/110/106 234/92/106 227/90/14
f 213/111/28 239/112/28 214/113/130
f 214/113/130 239/112/29 246/114/131
f 214/113/130 246/114/27 215/115/132
f 215/115/133 246/114/26 216/116/134
f 216/116/135 246/114/26 247/117/25
f 216/116/136 247/117/137 217/118/138
f 217/118/139 247/117/23 248/119/24
f 217/118/140 248/119/141 218/120/141
f 218/120/22 248/119/142 219/121/143
f 219/121/144 248/119/21 249/122/20
f 219/121/145 249/122/146 220/123/147
f 220/123/148 249/122/19 250/124/18
f 220/123/149 250/124/17 221/125/150
f 221/125/151 250/124/17 202/126/15
f 202/126/15 250/124/152 245/127/15
f 245/127/15 250/124/152 244/128/152
f 244/128/18 250/124/18 243/129/153
f 243/129/19 250/124/18 249/122/19
f 243/129/20 249/122/20 242/130/142
f 242/130/142 249/122/20 248/119/142
f 242/130/141 248/119/141 241/131/23
f 241/131/23 248/119/141 247/117/23
f 241/131/25 247/117/25 240/132/154
f 240/132/26 247/117/25 246/114/26
f 240/132/131 246/114/131 239/112/29
f 252/133/155 202/134/155 251/135/155
f 251/135/155 202/134/155 377/136/155
f 251/135/155 377/136/155 274/137/155
f 274/137/155 377/136/155 378/138/155
f 274/137/155 378/138/155 273/139/155
f 273/139/155 378/138/155 272/140/155
f 272/140/155 378/138/155 379/141/155
f 272/140/155 379/141/155 271/142/155
f 271/142/155 379/141/155 270/143/155
f 270/143/155 379/141/155 380/144/155
f 270/143/155 380/144/155 269/145/155
f 269/145/155 380/144/155 268/146/155
f 268/146/155 380/144/155 381/147/155
f 268/146/155 381/147/155 267/148/155
f 267/148/155 381/147/155 266/149/155
f 266/149/155 381/147/155 382/150/155
f 266/149/155 382/150/155 265/151/155
f 265/151/155 382/150/155 264/152/155
f 264/152/155 382/150/155 383/153/155
f 264/152/155 383/153/155 263/154/155
f 263/154/155 383/153/155 203/155/155
f 263/154/155 203/155/155 262/156/155
f 262/156/155 203/155/155 261/157/155
f 261/157/155 203/155/155 260/158/155
f 260/158/155 203/155/155 259/159/155
f 259/159/155 203/155/155 258/160/155
f 258/160/155 203/155/155 257/161/155
f 257/161/155 203/155/155 202/134/155
f 257/161/155 202/134/155 256/162/155
f 256/162/155 202/134/155 255/163/155
f 255/163/155 202/134/155 254/164/155
f 254/164/155 202/134/155 253/165/155
f 253/165/155 202/134/155 252/133/155
f 298/166/155 275/167/155 343/168/155
f 343/168/155 275/167/155 276/169/155
f 343/168/155 276/169/155 342/170/155
f 342/170/155 276/169/155 277/171/155
f 342/170/155 277/171/155 278/172/155
f 278/172/155 279/173/155 342/170/155
f 342/170/155 279/173/155 341/174/155
f 341/174/155 279/173/155 280/175/155
f 341/174/155 280/175/155 340/176/155
f 340/176/155 280/175/155 202/134/155
f 340/176/155 202/134/155 339/177/155
f 339/177/155 202/134/155 338/178/155
f 338/178/155 202/134/155 337/179/155
f 337/179/155 202/134/155 336/180/155
f 336/180/155 202/134/155 245/181/155
f 336/180/155 245/181/155 335/182/155
f 335/182/155 245/181/155 334/183/155
f 334/183/155 245/181/155 227/184/155
f 334/183/155 227/184/155 333/185/155
f 333/185/155 227/184/155 332/186/155
f 332/186/155 227/184/155 331/187/155
f 331/187/155 227/184/155 203/155/155
f 331/187/155 203/155/155 330/188/155
f 330/188/155 203/155/155 329/189/155
f 329/189/155 203/155/155 328/190/155
f 328/190/155 203/155/155 327/191/155
f 327/191/155 203/155/155 357/192/155
f 327/191/155 357/192/155 326/193/155
f 326/193/155 357/192/155 358/194/155
f 326/193/155 358/194/155 325/195/155
f 325/195/155 358/194/155 359/196/155
f 325/195/155 359/196/155 360/197/155
f 280/175/155 281/198/155 202/134/155
f 202/134/155 281/198/155 282/199/155
f 202/134/155 282/199/155 377/136/155
f 377/136/155 282/199/155 376/200/155
f 376/200/155 282/199/155 283/201/155
f 376/200/155 283/201/155 284/202/155
f 376/200/155 284/202/155 375/203/155
f 375/203/155 284/202/155 285/204/155
f 375/203/155 285/204/155 286/205/155
f 375/203/155 286/205/155 374/206/155
f 374/206/155 286/205/155 287/207/155
f 374/206/155 287/207/155 288/208/155
f 374/206/155 288/208/155 397/209/155
f 397/209/155 288/208/155 289/210/155
f 397/209/155 289/210/155 290/211/155
f 397/209/155 290/211/155 396/212/155
f 396/212/155 290/211/155 291/213/155
f 396/212/155 291/213/155 292/214/155
f 293/215/155 349/216/155 292/214/155
f 292/214/155 349/216/155 395/217/155
f 292/214/155 395/217/155 396/212/155
f 293/215/155 294/218/155 349/216/155
f 349/216/155 294/218/155 295/219/155
f 349/216/155 295/219/155 343/168/155
f 343/168/155 295/219/155 296/220/155
f 343/168/155 296/220/155 297/221/155
f 297/221/155 298/166/155 343/168/155
f 299/222/155 300/223/155 349/216/155
f 349/216/155 300/223/155 301/224/155
f 349/216/155 301/224/155 302/225/155
f 349/216/155 302/225/155 395/217/155
f 395/217/155 302/225/155 303/226/155
f 395/217/155 303/226/155 394/227/155
f 394/227/155 303/226/155 304/228/155
f 394/227/155 304/228/155 305/229/155
f 394/227/155 305/229/155 393/230/155
f 393/230/155 305/229/155 306/231/155
f 393/230/155 306/231/155 307/232/155
f 393/230/155 307/232/155 392/233/155
f 392/233/155 307/232/155 308/234/155
f 392/233/155 308/234/155 309/235/155
f 392/233/155 309/235/155 391/236/155
f 391/236/155 309/235/155 310/237/155
f 391/236/155 310/237/155 311/238/155
f 391/236/155 311/238/155 390/239/155
f 390/239/155 311/238/155 312/240/155
f 390/239/155 312/240/155 313/241/155
f 390/239/155 313/241/155 389/242/155
f 389/242/155 313/241/155 314/243/155
f 389/242/155 314/243/155 318/244/155
f 318/244/155 314/243/155 315/245/155
f 318/244/155 315/245/155 316/246/155
f 316/246/155 317/247/155 318/244/155
f 319/248/155 324/249/155 318/244/155
f 318/244/155 324/249/155 366/250/155
f 318/244/155 366/250/155 367/251/155
f 319/248/155 320/252/155 324/249/155
f 324/249/155 320/252/155 321/253/155
f 324/249/155 321/253/155 322/254/155
f 322/254/155 323/255/155 324/249/155
f 325/195/155 361/256/155 324/249/155
f 324/249/155 361/256/155 362/257/155
f 324/249/155 362/257/155 363/258/155
f 344/259/155 345/260/155 343/168/155
f 343/168/155 345/260/155 346/261/155
f 343/168/155 346/261/155 347/262/155
f 347/262/155 348/263/155 343/168/155
f 343/168/155 348/263/155 349/216/155
f 373/264/155 350/265/155 386/266/155
f 386/266/155 350/265/155 351/267/155
f 386/266/155 351/267/155 385/268/155
f 385/268/155 351/267/155 352/269/155
f 385/268/155 352/269/155 353/270/155
f 385/268/155 353/270/155 384/271/155
f 384/271/155 353/270/155 354/272/155
f 384/271/155 354/272/155 355/273/155
f 356/274/155 203/155/155 355/273/155
f 355/273/155 203/155/155 383/153/155
f 355/273/155 383/153/155 384/271/155
f 356/274/155 357/192/155 203/155/155
f 360/197/155 361/256/155 325/195/155
f 363/258/155 364/275/155 324/249/155
f 324/249/155 364/275/155 365/276/155
f 324/249/155 365/276/155 366/250/155
f 367/251/155 368/277/155 318/244/155
f 318/244/155 368/277/155 369/278/155
f 318/244/155 369/278/155 389/242/155
f 389/242/155 369/278/155 388/279/155
f 388/279/155 369/278/155 370/280/155
f 388/279/155 370/280/155 371/281/155
f 388/279/155 371/281/155 387/282/155
f 387/282/155 371/281/155 372/283/155
f 387/282/155 372/283/155 373/264/155
f 387/282/155 373/264/155 386/266/155
f 399/284/156 427/285/157 398/286/158
f 398/286/159 427/285/157 436/287/160
f 398/286/161 436/287/162 421/288/163
f 421/288/163 436/287/164 537/289/165
f 421/288/163 537/289/166 420/290/167
f 420/290/168 537/289/169 532/291/170
f 420/290/171 532/291/172 419/292/173
f 419/292/174 532/291/175 527/293/176
f 419/292/177 527/293/178 418/294/179
f 418/294/180 527/293/181 522/295/182
f 418/294/180 522/295/183 417/296/184
f 417/296/184 522/295/183 517/297/185
f 417/296/186 517/297/187 416/298/188
f 416/298/189 517/297/187 512/299/95
f 416/298/188 512/299/95 415/300/190
f 415/300/191 512/299/95 507/301/192
f 415/300/193 507/301/194 414/302/195
f 414/302/195 507/301/194 502/303/196
f 414/302/195 502/303/197 413/304/198
f 413/304/199 502/303/200 497/305/201
f 413/304/202 497/305/201 412/306/203
f 412/306/204 497/305/205 492/307/206
f 412/306/207 492/307/208 411/308/209
f 411/308/210 492/307/208 487/309/211
f 411/308/212 487/309/213 410/310/214
f 410/310/215 487/309/216 422/311/4
f 410/312/217 422/313/124 409/314/218
f 409/314/218 422/313/124 482/315/219
f 409/314/220 482/315/221 408/316/222
f 408/316/222 482/315/221 477/317/223
f 408/316/224 477/317/225 407/318/226
f 407/318/227 477/317/225 472/319/228
f 407/318/229 472/319/230 406/320/231
f 406/320/232 472/319/230 467/321/233
f 406/320/231 467/321/233 405/322/234
f 405/322/234 467/321/235 462/323/236
f 405/322/237 462/323/238 404/324/239
f 404/324/240 462/323/238 457/325/241
f 404/324/242 457/325/243 403/326/244
f 403/326/245 457/325/246 452/327/247
f 403/326/248 452/327/249 402/328/250
f 402/328/251 452/327/252 447/329/253
f 402/328/254 447/329/255 401/330/256
f 401/330/257 447/329/258 442/331/259
f 401/330/260 442/331/261 400/332/262
f 400/332/263 442/331/261 437/333/264
f 400/332/265 437/333/266 399/284/267
f 399/284/156 437/333/268 427/285/269
f 274/334/15 541/335/270 251/336/15
f 251/336/15 541/335/271 432/337/17
f 251/336/15 432/337/16 252/338/15
f 252/338/15 432/337/17 431/339/272
f 252/338/15 431/339/273 253/340/15
f 253/340/15 431/339/274 441/341/275
f 253/340/276 441/341/275 254/342/15
f 254/342/277 441/341/278 446/343/279
f 254/342/277 446/343/280 255/344/277
f 255/344/15 446/343/281 451/345/282
f 255/344/276 451/345/283 256/346/276
f 256/346/276 451/345/284 456/347/285
f 256/346/276 456/347/286 257/348/276
f 257/348/276 456/347/285 461/349/287
f 257/348/276 461/349/288 258/350/276
f 258/350/276 461/349/287 466/351/289
f 258/350/276 466/351/289 259/352/276
f 259/352/276 466/351/290 471/353/291
f 259/352/292 471/353/293 260/354/276
f 260/354/276 471/353/293 476/355/294
f 260/354/14 476/355/295 261/356/14
f 261/356/276 476/355/295 481/357/296
f 261/356/14 481/357/296 262/358/14
f 262/358/14 481/357/296 486/359/297
f 262/358/14 486/359/298 263/360/14
f 263/360/14 486/359/298 426/361/108
f 263/362/14 426/363/108 264/364/14
f 264/364/14 426/363/108 491/365/299
f 264/364/14 491/365/300 265/366/14
f 265/366/14 491/365/301 496/367/302
f 265/366/303 496/367/304 266/368/68
f 266/368/14 496/367/302 501/369/305
f 266/368/303 501/369/305 267/370/303
f 267/370/14 501/369/306 506/371/307
f 267/370/68 506/371/308 268/372/68
f 268/372/68 506/371/309 511/373/310
f 268/372/68 511/373/311 269/374/68
f 269/374/68 511/373/312 516/375/101
f 269/374/68 516/375/71 270/376/68
f 270/376/68 516/375/101 521/377/313
f 270/376/68 521/377/313 271/378/68
f 271/378/68 521/377/314 526/379/315
f 271/378/15 526/379/316 272/380/15
f 272/380/15 526/379/316 531/381/317
f 272/380/15 531/381/318 273/382/319
f 273/382/68 531/381/318 536/383/320
f 273/382/15 536/383/321 274/334/15
f 274/334/15 536/383/321 541/335/271
f 422/313/322 423/384/323 482/315/324
f 482/315/324 423/384/325 483/385/326
f 482/315/327 483/385/328 477/317/329
f 477/317/329 483/385/330 478/386/331
f 477/317/332 478/386/333 472/319/334
f 472/319/335 478/386/336 473/387/337
f 472/319/335 473/387/338 467/321/339
f 467/321/339 473/387/340 468/388/341
f 467/321/342 468/388/343 462/323/344
f 462/323/345 468/388/346 463/389/347
f 462/323/344 463/389/347 457/325/348
f 457/325/348 463/389/349 458/390/350
f 457/325/351 458/390/352 452/327/353
f 452/327/354 458/390/355 453/391/356
f 452/327/354 453/391/357 447/329/358
f 447/329/359 453/391/360 448/392/361
f 447/329/362 448/392/363 442/331/364
f 442/331/364 448/392/365 443/393/366
f 442/331/367 443/393/368 437/333/369
f 437/333/370 443/393/371 438/394/372
f 437/333/373 438/394/374 427/285/375
f 427/285/376 438/394/377 428/395/378
f 427/285/379 428/395/380 436/287/154
f 436/287/154 428/395/381 435/396/382
f 436/287/30 435/396/383 537/289/165
f 537/289/384 435/396/385 538/397/386
f 537/289/387 538/397/388 532/291/389
f 532/291/390 538/397/391 533/398/392
f 532/291/393 533/398/394 527/293/395
f 527/293/396 533/398/397 528/399/398
f 527/293/396 528/399/398 522/295/399
f 522/295/399 528/399/400 523/400/401
f 522/295/402 523/400/403 517/297/404
f 517/297/404 523/400/405 518/401/406
f 517/297/407 518/401/408 512/299/409
f 512/299/93 518/401/410 513/402/92
f 512/299/93 513/402/411 507/301/412
f 507/301/413 513/402/414 508/403/415
f 507/301/413 508/403/416 502/303/417
f 502/303/418 508/403/419 503/404/420
f 502/303/418 503/404/421 497/305/422
f 497/305/423 503/404/424 498/405/425
f 497/305/422 498/405/426 492/307/427
f 492/307/427 498/405/428 493/406/429
f 492/307/430 493/406/431 487/309/432
f 487/309/432 493/406/431 488/407/433
f 487/309/434 488/407/435 422/311/436
f 422/311/436 488/407/437 423/408/438
f 423/384/439 424/409/440 483/385/441
f 483/385/442 424/409/116 484/410/443
f 483/385/444 484/410/445 478/386/446
f 478/386/447 484/410/448 479/411/449
f 478/386/450 479/411/451 473/387/452
f 473/387/453 479/411/454 474/412/455
f 473/387/456 474/412/457 468/388/458
f 468/388/459 474/412/457 469/413/460
f 468/388/461 469/413/462 463/389/463
f 463/389/463 469/413/464 464/414/465
f 463/389/466 464/414/467 458/390/468
f 458/390/469 464/414/470 459/415/471
f 458/390/469 459/415/472 453/391/473
f 453/391/474 459/415/472 454/416/475
f 453/391/476 454/416/477 448/392/478
f 448/392/361 454/416/477 449/417/479
f 448/392/480 449/417/481 443/393/482
f 443/393/482 449/417/481 444/418/483
f 443/393/484 444/418/485 438/394/486
f 438/394/487 444/418/488 439/419/489
f 438/394/490 439/419/491 428/395/492
f 428/395/492 439/419/491 429/420/493
f 428/395/494 429/420/495 435/396/496
f 435/396/497 429/420/498 434/421/22
f 435/396/23 434/421/141 538/397/499
f 538/397/500 434/421/501 539/422/502
f 538/397/503 539/422/504 533/398/505
f 533/398/505 539/422/506 534/423/507
f 533/398/508 534/423/509 528/399/510
f 528/399/510 534/423/509 529/424/511
f 528/399/512 529/424/513 523/400/514
f 523/400/515 529/424/516 524/425/517
f 523/400/515 524/425/517 518/401/406
f 518/401/406 524/425/518 519/426/519
f 518/401/520 519/426/521 513/402/87
f 513/402/522 519/426/523 514/427/524
f 513/402/525 514/427/526 508/403/527
f 508/403/528 514/427/83 509/428/529
f 508/403/530 509/428/531 503/404/532
f 503/404/533 509/428/534 504/429/535
f 503/404/536 504/429/537 498/405/538
f 498/405/538 504/429/539 499/430/540
f 498/405/428 499/430/541 493/406/542
f 493/406/543 499/430/540 494/431/544
f 493/406/545 494/431/546 488/407/547
f 488/407/548 494/431/549 489/432/550
f 488/407/551 489/432/552 423/408/553
f 423/408/554 489/432/552 424/433/116
f 424/409/555 425/434/10 484/410/556
f 484/410/557 425/434/10 485/435/558
f 484/410/559 485/435/560 479/411/561
f 479/411/561 485/435/560 480/436/562
f 479/411/563 480/436/564 474/412/565
f 474/412/566 480/436/567 475/437/568
f 474/412/569 475/437/568 469/413/570
f 469/413/571 475/437/572 470/438/573
f 469/413/462 470/438/574 464/414/575
f 464/414/576 470/438/574 465/439/577
f 464/414/576 465/439/578 459/415/579
f 459/415/472 465/439/580 460/440/581
f 459/415/472 460/440/582 454/416/583
f 454/416/584 460/440/581 455/441/585
f 454/416/584 455/441/586 449/417/587
f 449/417/588 455/441/589 450/442/590
f 449/417/591 450/442/592 444/418/593
f 444/418/594 450/442/590 445/443/595
f 444/418/488 445/443/596 439/419/597
f 439/419/598 445/443/596 440/444/599
f 439/419/600 440/444/601 429/420/602
f 429/420/603 440/444/601 430/445/604
f 429/420/605 430/445/606 434/421/607
f 434/421/608 430/445/609 433/446/20
f 434/421/610 433/446/146 539/422/611
f 539/422/612 433/446/20 540/447/613
f 539/422/614 540/447/615 534/423/616
f 534/423/616 540/447/617 535/448/618
f 534/423/619 535/448/620 529/424/621
f 529/424/622 535/448/623 530/449/624
f 529/424/625 530/449/624 524/425/626
f 524/425/627 530/449/624 525/450/628
f 524/425/518 525/450/629 519/426/630
f 519/426/631 525/450/629 520/451/632
f 519/426/630 520/451/633 514/427/82
f 514/427/82 520/451/634 515/452/79
f 514/427/635 515/452/79 509/428/636
f 509/428/637 515/452/79 510/453/638
f 509/428/637 510/453/639 504/429/640
f 504/429/641 510/453/639 505/454/642
f 504/429/643 505/454/644 499/430/540
f 499/430/645 505/454/644 500/455/646
f 499/430/647 500/455/646 494/431/648
f 494/431/648 500/455/646 495/456/649
f 494/431/650 495/456/651 489/432/652
f 489/432/653 495/456/654 490/457/655
f 489/432/656 490/457/657 424/433/658
f 424/433/555 490/457/657 425/458/10
f 425/434/11 426/361/12 485/435/659
f 485/435/659 426/361/12 486/359/660
f 485/435/659 486/359/660 480/436/661
f 480/436/661 486/359/662 481/357/663
f 480/436/664 481/357/665 475/437/666
f 475/437/666 481/357/663 476/355/667
f 475/437/666 476/355/668 470/438/669
f 470/438/669 476/355/668 471/353/670
f 470/438/671 471/353/672 465/439/673
f 465/439/673 471/353/674 466/351/675
f 465/439/673 466/351/675 460/440/676
f 460/440/677 466/351/678 461/349/679
f 460/440/677 461/349/679 455/441/680
f 455/441/680 461/349/679 456/347/681
f 455/441/680 456/347/681 450/442/682
f 450/442/682 456/347/683 451/345/684
f 450/442/685 451/345/686 445/443/687
f 445/443/687 451/345/686 446/343/688
f 445/443/687 446/343/689 440/444/690
f 440/444/691 446/343/689 441/341/692
f 440/444/691 441/341/693 430/445/694
f 430/445/694 441/341/693 431/339/695
f 430/445/694 431/339/695 433/446/19
f 433/446/19 431/339/695 432/337/18
f 433/446/19 432/337/18 540/447/696
f 540/447/696 432/337/18 541/335/697
f 540/447/696 541/335/697 535/448/698
f 535/448/699 541/335/697 536/383/700
f 535/448/699 536/383/701 530/449/702
f 530/449/702 536/383/701 531/381/703
f 530/449/702 531/381/704 525/450/705
f 525/450/705 531/381/706 526/379/707
f 525/450/708 526/379/709 520/451/710
f 520/451/710 526/379/711 521/377/314
f 520/451/710 521/377/712 515/452/103
f 515/452/103 521/377/712 516/375/74
f 515/452/103 516/375/74 510/453/713
f 510/453/713 516/375/74 511/373/714
f 510/453/713 511/373/714 505/454/715
f 505/454/716 511/373/714 506/371/717
f 505/454/718 506/371/719 500/455/720
f 500/455/720 506/371/719 501/369/721
f 500/455/720 501/369/722 495/456/723
f 495/456/723 501/369/722 496/367/724
f 495/456/725 496/367/726 490/457/727
f 490/457/727 496/367/726 491/365/728
f 490/457/727 491/365/729 425/458/11
f 425/458/11 491/365/729 426/363/12
f 543/8/730 399/459/730 542/6/28
f 542/6/158 399/459/731 398/460/158
f 542/4/732 398/461/732 565/2/733
f 565/2/733 398/461/732 421/462/733
f 565/2/734 421/462/734 564/50/735
f 564/50/735 421/462/734 420/463/735
f 564/50/171 420/463/171 563/48/736
f 563/48/737 420/463/738 419/464/737
f 563/48/739 419/464/739 562/46/740
f 562/46/179 419/464/739 418/465/179
f 562/46/741 418/465/741 561/44/184
f 561/44/184 418/465/741 417/466/184
f 561/44/742 417/466/742 560/42/100
f 560/42/743 417/466/744 416/467/743
f 560/42/745 416/467/745 559/40/746
f 559/40/747 416/467/100 415/468/747
f 559/40/748 415/468/748 558/38/749
f 558/38/749 415/468/748 414/469/749
f 558/38/750 414/469/750 557/36/751
f 557/36/198 414/469/752 413/470/198
f 557/36/753 413/470/753 556/34/754
f 556/34/204 413/470/753 412/471/204
f 556/34/755 412/471/755 555/32/210
f 555/32/210 412/471/755 411/472/210
f 555/32/756 411/472/756 554/30/215
f 554/30/215 411/472/756 410/473/215
f 554/30/757 410/473/757 553/28/758
f 553/28/758 410/473/757 409/474/758
f 553/28/759 409/474/759 552/26/222
f 552/26/222 409/474/759 408/475/222
f 552/26/760 408/475/760 551/24/761
f 551/24/761 408/475/762 407/476/761
f 551/24/763 407/476/763 550/22/764
f 550/22/764 407/476/763 406/477/764
f 550/22/765 406/477/765 549/20/766
f 549/20/766 406/477/765 405/478/766
f 549/20/767 405/478/767 548/18/768
f 548/18/768 405/478/767 404/479/768
f 548/18/769 404/479/769 547/16/770
f 547/16/770 404/479/769 403/480/770
f 547/16/771 403/480/771 546/14/772
f 546/14/772 403/480/771 402/481/772
f 546/14/250 402/481/250 545/12/773
f 545/12/773 402/481/250 401/482/773
f 545/12/774 401/482/774 544/10/775
f 544/10/776 401/482/777 400/483/776
f 544/10/778 400/483/778 543/8/779
f 543/8/779 400/483/778 399/459/779
f 567/484/156 595/485/780 566/286/158
f 566/286/159 595/485/157 604/287/160
f 566/286/161 604/287/162 589/486/733
f 589/486/163 604/287/162 705/487/165
f 589/486/781 705/487/782 588/488/735
f 588/488/167 705/487/169 700/489/170
f 588/488/783 700/489/784 587/490/174
f 587/490/177 700/489/175 695/491/176
f 587/490/785 695/491/786 586/492/787
f 586/492/787 695/491/788 690/493/182
f 586/492/789 690/493/183 585/494/184
f 585/494/790 690/493/183 685/495/791
f 585/494/792 685/495/791 584/496/189
f 584/496/189 685/495/187 680/497/793
f 584/496/794 680/497/795 583/498/796
f 583/498/191 680/497/795 675/499/797
f 583/498/193 675/499/798 582/500/799
f 582/500/800 675/499/194 670/501/801
f 582/500/802 670/501/197 581/502/803
f 581/502/202 670/501/200 665/503/804
f 581/502/202 665/503/205 580/504/754
f 580/504/754 665/503/805 660/505/206
f 580/504/806 660/505/807 579/506/808
f 579/506/808 660/505/809 655/507/810
f 579/506/212 655/507/810 578/508/215
f 578/508/214 655/507/213 590/509/124
f 578/510/217 590/511/811 577/512/812
f 577/512/812 590/511/813 650/513/814
f 577/512/220 650/513/221 576/514/815
f 576/514/815 650/513/816 645/515/817
f 576/514/224 645/515/225 575/516/818
f 575/516/819 645/515/225 640/517/228
f 575/516/819 640/517/230 574/518/232
f 574/518/820 640/517/230 635/519/233
f 574/518/231 635/519/821 573/520/234
f 573/520/234 635/519/235 630/521/822
f 573/520/823 630/521/238 572/522/824
f 572/522/824 630/521/825 625/523/241
f 572/522/239 625/523/826 571/524/827
f 571/524/244 625/523/243 620/525/828
f 571/524/248 620/525/252 570/526/772
f 570/526/254 620/525/249 615/527/829
f 570/526/254 615/527/255 569/528/773
f 569/528/257 615/527/258 610/529/259
f 569/528/260 610/529/261 568/530/776
f 568/530/262 610/529/261 605/531/369
f 568/530/265 605/531/268 567/484/779
f 567/484/267 605/531/268 595/485/830
f 397/532/15 709/533/271 374/336/15
f 374/336/15 709/533/271 600/337/17
f 374/336/15 600/337/16 375/534/15
f 375/534/15 600/337/17 599/535/274
f 375/534/15 599/535/274 376/536/15
f 376/536/15 599/535/274 609/537/831
f 376/536/277 609/537/278 377/538/15
f 377/538/15 609/537/275 614/539/832
f 377/538/276 614/539/832 378/540/276
f 378/540/276 614/539/832 619/541/283
f 378/540/276 619/541/283 379/542/276
f 379/542/276 619/541/283 624/543/286
f 379/542/276 624/543/285 380/544/276
f 380/544/276 624/543/286 629/545/288
f 380/544/276 629/545/288 381/546/276
f 381/546/276 629/545/287 634/547/289
f 381/546/276 634/547/833 382/548/276
f 382/548/276 634/547/289 639/549/834
f 382/548/276 639/549/291 383/550/276
f 383/550/276 639/549/835 644/551/294
f 383/550/14 644/551/295 384/552/14
f 384/552/14 644/551/836 649/553/837
f 384/552/14 649/553/296 385/554/14
f 385/554/14 649/553/838 654/555/297
f 385/554/14 654/555/298 386/556/14
f 386/556/14 654/555/298 594/557/108
f 386/558/14 594/559/108 387/560/14
f 387/560/14 594/559/108 659/561/301
f 387/560/14 659/561/300 388/562/14
f 388/562/14 659/561/300 664/563/839
f 388/562/303 664/563/302 389/564/14
f 389/564/303 664/563/302 669/565/305
f 389/564/68 669/565/305 390/566/68
f 390/566/68 669/565/305 674/567/308
f 390/566/68 674/567/308 391/568/68
f 391/568/68 674/567/308 679/569/311
f 391/568/68 679/569/312 392/570/68
f 392/570/68 679/569/311 684/571/71
f 392/570/68 684/571/71 393/572/68
f 393/572/68 684/571/101 689/573/313
f 393/572/68 689/573/840 394/574/68
f 394/574/68 689/573/840 694/575/315
f 394/574/15 694/575/316 395/576/68
f 395/576/68 694/575/315 699/577/318
f 395/576/15 699/577/841 396/578/15
f 396/578/15 699/577/318 704/579/320
f 396/578/15 704/579/320 397/532/15
f 397/532/15 704/579/321 709/533/842
f 590/511/322 591/580/120 650/513/324
f 650/513/327 591/580/843 651/581/326
f 650/513/327 651/581/328 645/515/329
f 645/515/329 651/581/844 646/582/331
f 645/515/332 646/582/333 640/517/335
f 640/517/335 646/582/333 641/583/845
f 640/517/335 641/583/337 635/519/339
f 635/519/339 641/583/338 636/584/341
f 635/519/342 636/584/846 630/521/345
f 630/521/345 636/584/847 631/585/347
f 630/521/848 631/585/349 625/523/348
f 625/523/849 631/585/349 626/586/350
f 625/523/351 626/586/850 620/525/354
f 620/525/353 626/586/851 621/587/356
f 620/525/852 621/587/853 615/527/358
f 615/527/359 621/587/853 616/588/854
f 615/527/362 616/588/365 610/529/364
f 610/529/855 616/588/365 611/589/856
f 610/529/855 611/589/371 605/531/857
f 605/531/857 611/589/858 606/590/859
f 605/531/373 606/590/486 595/485/860
f 595/485/860 606/590/374 596/591/861
f 595/485/379 596/591/380 604/287/154
f 604/287/26 596/591/380 603/396/382
f 604/287/862 603/396/383 705/487/863
f 705/487/384 603/396/383 706/592/864
f 705/487/387 706/592/391 700/489/389
f 700/489/389 706/592/388 701/593/865
f 700/489/393 701/593/394 695/491/866
f 695/491/396 701/593/394 696/594/867
f 695/491/396 696/594/398 690/493/399
f 690/493/399 696/594/398 691/595/401
f 690/493/402 691/595/403 685/495/404
f 685/495/407 691/595/868 686/596/406
f 685/495/407 686/596/869 680/497/409
f 680/497/93 686/596/410 681/597/92
f 680/497/93 681/597/89 675/499/412
f 675/499/412 681/597/870 676/598/871
f 675/499/413 676/598/872 670/501/873
f 670/501/873 676/598/416 671/599/420
f 670/501/418 671/599/421 665/503/874
f 665/503/874 671/599/424 666/600/426
f 665/503/875 666/600/876 660/505/427
f 660/505/427 666/600/877 661/601/878
f 660/505/430 661/601/431 655/507/432
f 655/507/432 661/601/879 656/602/433
f 655/507/434 656/602/437 590/509/5
f 590/509/124 656/602/437 591/603/438
f 591/580/120 592/604/116 651/581/442
f 651/581/441 592/604/880 652/605/881
f 651/581/444 652/605/448 646/582/446
f 646/582/882 652/605/883 647/606/884
f 646/582/447 647/606/451 641/583/452
f 641/583/452 647/606/454 642/607/455
f 641/583/456 642/607/457 636/584/459
f 636/584/459 642/607/457 637/608/460
f 636/584/458 637/608/462 631/585/885
f 631/585/885 637/608/886 632/609/887
f 631/585/466 632/609/888 626/586/889
f 626/586/469 632/609/888 627/610/471
f 626/586/890 627/610/891 621/587/474
f 621/587/474 627/610/891 622/611/892
f 621/587/476 622/611/893 616/588/894
f 616/588/895 622/611/896 617/612/897
f 616/588/480 617/612/479 611/589/482
f 611/589/482 617/612/479 612/613/483
f 611/589/898 612/613/899 606/590/900
f 606/590/486 612/613/899 607/614/489
f 606/590/486 607/614/901 596/591/902
f 596/591/492 607/614/491 597/615/903
f 596/591/494 597/615/498 603/396/497
f 603/396/137 597/615/498 602/421/141
f 603/396/904 602/421/501 706/592/500
f 706/592/499 602/421/24 707/616/502
f 706/592/503 707/616/905 701/593/906
f 701/593/907 707/616/905 702/617/908
f 701/593/907 702/617/509 696/594/909
f 696/594/909 702/617/910 697/618/911
f 696/594/912 697/618/516 691/595/405
f 691/595/913 697/618/513 692/619/517
f 691/595/515 692/619/518 686/596/914
f 686/596/914 692/619/518 687/620/915
f 686/596/916 687/620/521 681/597/89
f 681/597/89 687/620/521 682/621/83
f 681/597/87 682/621/83 676/598/528
f 676/598/528 682/621/83 677/622/529
f 676/598/530 677/622/531 671/599/917
f 671/599/918 677/622/534 672/623/535
f 671/599/919 672/623/537 666/600/538
f 666/600/538 672/623/537 667/624/920
f 666/600/921 667/624/541 661/601/922
f 661/601/923 667/624/541 662/625/924
f 661/601/925 662/625/546 656/602/547
f 656/602/548 662/625/924 657/626/653
f 656/602/551 657/626/552 591/603/120
f 591/603/553 657/626/552 592/627/926
f 592/604/56 593/628/10 652/605/557
f 652/605/559 593/628/112 653/629/558
f 652/605/556 653/629/560 647/606/449
f 647/606/561 653/629/560 648/630/562
f 647/606/927 648/630/564 642/607/566
f 642/607/566 648/630/567 643/631/568
f 642/607/928 643/631/568 637/608/571
f 637/608/571 643/631/568 638/632/573
f 637/608/929 638/632/574 632/609/930
f 632/609/576 638/632/574 633/633/577
f 632/609/931 633/633/578 627/610/472
f 627/610/472 633/633/578 628/634/582
f 627/610/472 628/634/582 622/611/584
f 622/611/584 628/634/581 623/635/589
f 622/611/932 623/635/586 617/612/588
f 617/612/933 623/635/586 618/636/590
f 617/612/934 618/636/592 612/613/594
f 612/613/593 618/636/935 613/637/936
f 612/613/937 613/637/596 607/614/598
f 607/614/938 613/637/596 608/638/601
f 607/614/600 608/638/601 597/615/602
f 597/615/939 608/638/601 598/639/604
f 597/615/940 598/639/606 602/421/22
f 602/421/142 598/639/609 601/446/20
f 602/421/21 601/446/146 707/616/611
f 707/616/612 601/446/941 708/640/613
f 707/616/612 708/640/617 702/617/908
f 702/617/616 708/640/617 703/641/618
f 702/617/942 703/641/620 697/618/621
f 697/618/621 703/641/620 698/642/624
f 697/618/943 698/642/624 692/619/627
f 692/619/626 698/642/624 693/643/944
f 692/619/945 693/643/629 687/620/946
f 687/620/630 693/643/629 688/644/632
f 687/620/946 688/644/634 682/621/947
f 682/621/635 688/644/633 683/645/79
f 682/621/635 683/645/79 677/622/637
f 677/622/637 683/645/79 678/646/638
f 677/622/948 678/646/639 672/623/641
f 672/623/641 678/646/639 673/647/642
f 672/623/949 673/647/950 667/624/645
f 667/624/645 673/647/644 668/648/646
f 667/624/951 668/648/646 662/625/544
f 662/625/648 668/648/646 663/649/649
f 662/625/650 663/649/654 657/626/952
f 657/626/953 663/649/654 658/650/655
f 657/626/954 658/650/657 592/627/555
f 592/627/56 658/650/657 593/651/10
f 593/628/11 594/557/12 653/629/659
f 653/629/659 594/557/12 654/555/660
f 653/629/659 654/555/660 648/630/955
f 648/630/955 654/555/660 649/553/663
f 648/630/664 649/553/665 643/631/666
f 643/631/666 649/553/665 644/551/667
f 643/631/666 644/551/668 638/632/956
f 638/632/956 644/551/668 639/549/670
f 638/632/671 639/549/674 633/633/673
f 633/633/957 639/549/674 634/547/675
f 633/633/673 634/547/675 628/634/677
f 628/634/677 634/547/675 629/545/679
f 628/634/677 629/545/679 623/635/680
f 623/635/680 629/545/679 624/543/681
f 623/635/680 624/543/681 618/636/958
f 618/636/958 624/543/681 619/541/959
f 618/636/685 619/541/686 613/637/687
f 613/637/687 619/541/686 614/539/688
f 613/637/687 614/539/689 608/638/691
f 608/638/690 614/539/689 609/537/692
f 608/638/960 609/537/961 598/639/694
f 598/639/694 609/537/693 599/535/272
f 598/639/694 599/535/695 601/446/19
f 601/446/19 599/535/695 600/337/18
f 601/446/19 600/337/18 708/640/696
f 708/640/696 600/337/18 709/533/697
f 708/640/696 709/533/697 703/641/698
f 703/641/698 709/533/697 704/579/962
f 703/641/963 704/579/701 698/642/702
f 698/642/702 704/579/701 699/577/703
f 698/642/702 699/577/706 693/643/964
f 693/643/705 699/577/706 694/575/707
f 693/643/708 694/575/711 688/644/710
f 688/644/710 694/575/711 689/573/314
f 688/644/710 689/573/712 683/645/103
f 683/645/103 689/573/712 684/571/74
f 683/645/103 684/571/74 678/646/713
f 678/646/713 684/571/74 679/569/714
f 678/646/713 679/569/965 673/647/716
f 673/647/716 679/569/965 674/567/717
f 673/647/718 674/567/719 668/648/720
f 668/648/720 674/567/719 669/565/721
f 668/648/720 669/565/722 663/649/725
f 663/649/725 669/565/722 664/563/724
f 663/649/966 664/563/726 658/650/727
f 658/650/727 664/563/726 659/561/299
f 658/650/727 659/561/729 593/651/11
f 593/651/11 659/561/729 594/559/12
f 711/652/967 567/653/967 710/654/158
f 710/654/158 567/653/967 566/655/158
f 710/656/732 566/657/732 733/658/968
f 733/658/968 566/657/732 589/659/968
f 733/658/734 589/659/734 732/660/735
f 732/660/735 589/659/734 588/661/735
f 732/660/171 588/661/171 731/662/736
f 731/662/736 588/661/171 587/663/736
f 731/662/969 587/663/969 730/664/179
f 730/664/179 587/663/969 586/665/179
f 730/664/970 586/665/970 729/666/184
f 729/666/184 586/665/970 585/667/184
f 729/666/744 585/667/744 728/668/743
f 728/668/743 585/667/744 584/669/743
f 728/668/745 584/669/745 727/670/746
f 727/670/746 584/669/745 583/671/746
f 727/670/748 583/671/748 726/672/971
f 726/672/971 583/671/748 582/673/971
f 726/672/750 582/673/750 725/4/751
f 725/4/751 582/673/750 581/461/751
f 725/4/753 581/461/753 724/46/204
f 724/46/204 581/461/972 580/465/204
f 724/46/755 580/465/755 723/38/210
f 723/38/210 580/465/755 579/469/210
f 723/38/756 579/469/756 722/30/215
f 722/30/215 579/469/756 578/473/215
f 722/30/757 578/473/757 721/22/758
f 721/22/758 578/473/757 577/477/758
f 721/22/759 577/477/759 720/14/222
f 720/14/222 577/477/759 576/481/222
f 720/14/760 576/481/760 719/6/761
f 719/6/761 576/481/760 575/460/761
f 719/6/763 575/460/763 718/674/764
f 718/674/764 575/460/763 574/675/764
f 718/674/765 574/675/765 717/676/766
f 717/676/766 574/675/765 573/677/766
f 717/676/767 573/677/767 716/678/768
f 716/678/768 573/677/767 572/679/768
f 716/678/769 572/679/769 715/680/770
f 715/680/770 572/679/769 571/681/770
f 715/680/771 571/681/771 714/682/772
f 714/682/772 571/681/771 570/683/772
f 714/682/973 570/683/973 713/684/974
f 713/684/773 570/683/973 569/685/773
f 713/684/777 569/685/777 712/686/776
f 712/686/776 569/685/777 568/687/776
f 712/686/778 568/687/778 711/652/779
f 711/652/779 568/687/778 567/653/779
f 735/284/156 763/285/157 734/286/158
f 734/286/159 763/285/157 772/287/160
f 734/286/161 772/287/164 757/288/975
f 757/288/968 772/287/162 873/289/166
f 757/288/781 873/289/169 756/290/783
f 756/290/167 873/289/976 868/291/977
f 756/290/978 868/291/175 755/292/177
f 755/292/979 868/291/175 863/293/176
f 755/292/980 863/293/786 754/294/180
f 754/294/787 863/293/788 858/295/981
f 754/294/180 858/295/183 753/296/184
f 753/296/790 858/295/183 853/297/982
f 753/296/186 853/297/983 752/298/188
f 752/298/189 853/297/791 848/299/793
f 752/298/188 848/299/95 751/300/747
f 751/300/796 848/299/795 843/301/984
f 751/300/193 843/301/194 750/302/800
f 750/302/195 843/301/194 838/303/801
f 750/302/802 838/303/197 749/304/803
f 749/304/985 838/303/197 833/305/804
f 749/304/986 833/305/805 748/306/987
f 748/306/203 833/305/805 828/307/206
f 748/306/987 828/307/809 747/308/808
f 747/308/808 828/307/807 823/309/988
f 747/308/212 823/309/989 746/310/215
f 746/310/214 823/309/213 758/311/990
f 746/312/217 758/313/811 745/314/991
f 745/314/218 758/313/124 818/315/219
f 745/314/220 818/315/816 744/316/992
f 744/316/993 818/315/816 813/317/994
f 744/316/992 813/317/225 743/318/761
f 743/318/819 813/317/225 808/319/995
f 743/318/818 808/319/996 742/320/232
f 742/320/232 808/319/230 803/321/997
f 742/320/998 803/321/999 741/322/823
f 741/322/766 803/321/1000 798/323/822
f 741/322/823 798/323/825 740/324/824
f 740/324/240 798/323/238 793/325/241
f 740/324/239 793/325/826 739/326/827
f 739/326/244 793/325/243 788/327/1001
f 739/326/248 788/327/1002 738/328/251
f 738/328/251 788/327/252 783/329/253
f 738/328/1003 783/329/1004 737/330/1005
f 737/330/257 783/329/258 778/331/1006
f 737/330/260 778/331/261 736/332/262
f 736/332/263 778/331/261 773/333/369
f 736/332/263 773/333/264 735/284/267
f 735/284/267 773/333/1007 763/285/830
f 298/334/15 877/335/270 275/336/15
f 275/336/15 877/335/271 768/337/17
f 275/336/15 768/337/16 276/338/15
f 276/338/15 768/337/16 767/339/273
f 276/338/15 767/339/274 277/340/15
f 277/340/15 767/339/274 777/341/275
f 277/340/277 777/341/275 278/342/15
f 278/342/15 777/341/1008 782/343/279
f 278/342/277 782/343/280 279/344/277
f 279/344/276 782/343/832 787/345/283
f 279/344/276 787/345/283 280/346/276
f 280/346/276 787/345/284 792/347/285
f 280/346/276 792/347/286 281/348/276
f 281/348/276 792/347/285 797/349/287
f 281/348/276 797/349/288 282/350/276
f 282/350/276 797/349/287 802/351/289
f 282/350/276 802/351/289 283/352/276
f 283/352/276 802/351/290 807/353/291
f 283/352/292 807/353/293 284/354/276
f 284/354/276 807/353/835 812/355/294
f 284/354/14 812/355/836 285/356/292
f 285/356/292 812/355/295 817/357/296
f 285/356/14 817/357/296 286/358/14
f 286/358/14 817/357/296 822/359/298
f 286/358/14 822/359/298 287/360/14
f 287/360/14 822/359/297 762/361/13
f 287/362/14 762/363/108 288/364/14
f 288/364/14 762/363/108 827/365/1009
f 288/364/14 827/365/301 289/366/14
f 289/366/14 827/365/300 832/367/1010
f 289/366/303 832/367/1010 290/368/14
f 290/368/14 832/367/302 837/369/305
f 290/368/68 837/369/1011 291/370/303
f 291/370/14 837/369/306 842/371/307
f 291/370/68 842/371/1012 292/372/68
f 292/372/68 842/371/308 847/373/310
f 292/372/68 847/373/311 293/374/68
f 293/374/68 847/373/310 852/375/101
f 293/374/68 852/375/71 294/376/68
f 294/376/68 852/375/101 857/377/313
f 294/376/68 857/377/313 295/378/68
f 295/378/68 857/377/314 862/379/1013
f 295/378/319 862/379/315 296/380/68
f 296/380/68 862/379/315 867/381/1014
f 296/380/15 867/381/841 297/382/15
f 297/382/68 867/381/318 872/383/320
f 297/382/15 872/383/320 298/334/15
f 298/334/15 872/383/1015 877/335/842
f 758/313/5 759/384/843 818/315/324
f 818/315/324 759/384/325 819/385/326
f 818/315/327 819/385/330 813/317/817
f 813/317/329 819/385/844 814/386/1016
f 813/317/332 814/386/1017 808/319/1018
f 808/319/1019 814/386/336 809/387/1020
f 808/319/335 809/387/338 803/321/339
f 803/321/997 809/387/337 804/388/341
f 803/321/342 804/388/847 798/323/344
f 798/323/345 804/388/847 799/389/347
f 798/323/848 799/389/1021 793/325/849
f 793/325/849 799/389/1021 794/390/1022
f 793/325/348 794/390/350 788/327/1023
f 788/327/354 794/390/355 789/391/356
f 788/327/354 789/391/357 783/329/358
f 783/329/359 789/391/360 784/392/854
f 783/329/362 784/392/365 778/331/855
f 778/331/364 784/392/361 779/393/1024
f 778/331/367 779/393/858 773/333/857
f 773/333/857 779/393/858 774/394/1025
f 773/333/373 774/394/374 763/285/830
f 763/285/375 774/394/486 764/395/902
f 763/285/379 764/395/380 772/287/154
f 772/287/154 764/395/380 771/396/382
f 772/287/862 771/396/1026 873/289/384
f 873/289/863 771/396/383 874/397/386
f 873/289/387 874/397/388 868/291/389
f 868/291/170 874/397/1027 869/398/392
f 868/291/393 869/398/394 863/293/395
f 863/293/396 869/398/1028 864/399/1029
f 863/293/396 864/399/398 858/295/981
f 858/295/399 864/399/912 859/400/401
f 858/295/402 859/400/403 853/297/404
f 853/297/407 859/400/868 854/401/1030
f 853/297/407 854/401/408 848/299/409
f 848/299/409 854/401/1031 849/402/1032
f 848/299/1033 849/402/1034 843/301/413
f 843/301/412 849/402/870 844/403/871
f 843/301/413 844/403/872 838/303/873
f 838/303/873 844/403/872 839/404/420
f 838/303/418 839/404/420 833/305/423
f 833/305/422 839/404/424 834/405/426
f 833/305/422 834/405/426 828/307/427
f 828/307/427 834/405/877 829/406/878
f 828/307/430 829/406/431 823/309/432
f 823/309/432 829/406/431 824/407/433
f 823/309/434 824/407/437 758/311/5
f 758/311/436 824/407/437 759/408/438
f 759/384/7 760/409/116 819/385/442
f 819/385/441 760/409/880 820/410/881
f 819/385/844 820/410/445 814/386/1016
f 814/386/446 820/410/448 815/411/449
f 814/386/447 815/411/454 809/387/453
f 809/387/452 815/411/451 810/412/1035
f 809/387/456 810/412/1036 804/388/1037
f 804/388/1038 810/412/457 805/413/1039
f 804/388/461 805/413/886 799/389/885
f 799/389/463 805/413/462 800/414/887
f 799/389/466 800/414/888 794/390/469
f 794/390/469 800/414/470 795/415/471
f 794/390/469 795/415/472 789/391/474
f 789/391/1040 795/415/1041 790/416/892
f 789/391/360 790/416/896 784/392/361
f 784/392/478 790/416/892 785/417/1042
f 784/392/1043 785/417/1044 779/393/371
f 779/393/482 785/417/479 780/418/483
f 779/393/898 780/418/488 774/394/900
f 774/394/486 780/418/1045 775/419/1046
f 774/394/1047 775/419/491 764/395/1048
f 764/395/902 775/419/901 765/420/493
f 764/395/494 765/420/498 771/396/497
f 771/396/496 765/420/498 770/421/22
f 771/396/23 770/421/141 874/397/500
f 874/397/500 770/421/1049 875/422/502
f 874/397/503 875/422/905 869/398/906
f 869/398/505 875/422/506 870/423/507
f 869/398/1050 870/423/910 864/399/909
f 864/399/510 870/423/509 865/424/622
f 864/399/512 865/424/516 859/400/913
f 859/400/514 865/424/513 860/425/1051
f 859/400/515 860/425/517 854/401/406
f 854/401/406 860/425/1052 855/426/1053
f 854/401/916 855/426/521 849/402/87
f 849/402/89 855/426/521 850/427/83
f 849/402/87 850/427/86 844/403/1054
f 844/403/527 850/427/82 845/428/529
f 844/403/419 845/428/1055 839/404/917
f 839/404/533 845/428/531 840/429/640
f 839/404/536 840/429/537 834/405/1056
f 834/405/538 840/429/539 835/430/1057
f 834/405/921 835/430/540 829/406/543
f 829/406/923 835/430/1058 830/431/1059
f 829/406/925 830/431/546 824/407/548
f 824/407/547 830/431/546 825/432/1060
f 824/407/1061 825/432/1062 759/408/554
f 759/408/554 825/432/552 760/433/1063
f 760/409/555 761/434/10 820/410/557
f 820/410/556 761/434/10 821/435/1064
f 820/410/559 821/435/560 815/411/561
f 815/411/561 821/435/560 816/436/562
f 815/411/1065 816/436/567 810/412/566
f 810/412/569 816/436/564 811/437/1066
f 810/412/1067 811/437/1068 805/413/570
f 805/413/929 811/437/572 806/438/574
f 805/413/1069 806/438/574 800/414/575
f 800/414/930 806/438/574 801/439/577
f 800/414/576 801/439/578 795/415/1070
f 795/415/472 801/439/580 796/440/1071
f 795/415/472 796/440/582 790/416/583
f 790/416/583 796/440/581 791/441/589
f 790/416/584 791/441/586 785/417/933
f 785/417/588 791/441/586 786/442/590
f 785/417/587 786/442/590 780/418/594
f 780/418/594 786/442/592 781/443/596
f 780/418/1072 781/443/596 775/419/597
f 775/419/597 781/443/596 776/444/599
f 775/419/600 776/444/601 765/420/603
f 765/420/940 776/444/601 766/445/604
f 765/420/605 766/445/606 770/421/21
f 770/421/22 766/445/609 769/446/20
f 770/421/22 769/446/20 875/422/612
f 875/422/612 769/446/941 876/447/615
f 875/422/614 876/447/617 870/423/616
f 870/423/908 876/447/617 871/448/618
f 870/423/1073 871/448/623 865/424/621
f 865/424/1074 871/448/620 866/449/1075
f 865/424/943 866/449/624 860/425/627
f 860/425/627 866/449/624 861/450/1076
f 860/425/1077 861/450/629 855/426/1078
f 855/426/946 861/450/629 856/451/634
f 855/426/946 856/451/634 850/427/947
f 850/427/82 856/451/634 851/452/1079
f 850/427/82 851/452/1080 845/428/637
f 845/428/948 851/452/1080 846/453/638
f 845/428/1081 846/453/639 840/429/641
f 840/429/640 846/453/639 841/454/642
f 840/429/643 841/454/644 835/430/645
f 835/430/645 841/454/644 836/455/646
f 835/430/647 836/455/646 830/431/648
f 830/431/544 836/455/1082 831/456/1083
f 830/431/546 831/456/654 825/432/952
f 825/432/656 831/456/654 826/457/655
f 825/432/953 826/457/1084 760/433/9
f 760/433/1085 826/457/657 761/458/10
f 761/434/11 762/361/12 821/435/659
f 821/435/659 762/361/12 822/359/660
f 821/435/659 822/359/662 816/436/1086
f 816/436/661 822/359/660 817/357/663
f 816/436/664 817/357/665 811/437/666
f 811/437/666 817/357/663 812/355/667
f 811/437/666 812/355/668 806/438/956
f 806/438/956 812/355/668 807/353/670
f 806/438/671 807/353/672 801/439/673
f 801/439/673 807/353/674 802/351/675
f 801/439/673 802/351/675 796/440/677
f 796/440/677 802/351/675 797/349/679
f 796/440/677 797/349/679 791/441/1087
f 791/441/680 797/349/679 792/347/681
f 791/441/680 792/347/1088 786/442/958
f 786/442/682 792/347/681 787/345/959
f 786/442/685 787/345/959 781/443/687
f 781/443/687 787/345/686 782/343/1089
f 781/443/687 782/343/689 776/444/690
f 776/444/691 782/343/689 777/341/692
f 776/444/960 777/341/961 766/445/694
f 766/445/694 777/341/693 767/339/1090
f 766/445/694 767/339/695 769/446/19
f 769/446/19 767/339/695 768/337/18
f 769/446/19 768/337/18 876/447/696
f 876/447/696 768/337/18 877/335/697
f 876/447/696 877/335/270 871/448/699
f 871/448/698 877/335/697 872/383/700
f 871/448/1091 872/383/701 866/449/702
f 866/449/702 872/383/701 867/381/703
f 866/449/702 867/381/706 861/450/964
f 861/450/705 867/381/703 862/379/1092
f 861/450/708 862/379/711 856/451/710
f 856/451/710 862/379/711 857/377/712
f 856/451/710 857/377/712 851/452/103
f 851/452/103 857/377/712 852/375/1093
f 851/452/103 852/375/74 846/453/713
f 846/453/713 852/375/74 847/373/714
f 846/453/713 847/373/965 841/454/715
f 841/454/716 847/373/714 842/371/1094
f 841/454/718 842/371/719 836/455/720
f 836/455/720 842/371/719 837/369/721
f 836/455/720 837/369/722 831/456/723
f 831/456/723 837/369/722 832/367/724
f 831/456/966 832/367/1095 826/457/727
f 826/457/727 832/367/726 827/365/729
f 826/457/1096 827/365/729 761/458/11
f 761/458/11 827/365/729 762/363/12
f 879/8/731 735/459/731 878/6/158
f 878/6/28 735/459/730 734/460/28
f 878/4/732 734/461/732 901/2/733
f 901/2/733 734/461/732 757/462/733
f 901/2/734 757/462/734 900/50/735
f 900/50/735 757/462/734 756/463/735
f 900/50/738 756/463/738 899/48/737
f 899/48/736 756/463/171 755/464/736
f 899/48/739 755/464/739 898/46/179
f 898/46/740 755/464/739 754/465/740
f 898/46/741 754/465/741 897/44/184
f 897/44/184 754/465/740 753/466/184
f 897/44/742 753/466/742 896/42/100
f 896/42/100 753/466/742 752/467/100
f 896/42/100 752/467/100 895/40/747
f 895/40/747 752/467/100 751/468/747
f 895/40/748 751/468/748 894/38/749
f 894/38/971 751/468/748 750/469/971
f 894/38/752 750/469/752 893/36/198
f 893/36/199 750/469/750 749/470/199
f 893/36/972 749/470/972 892/34/204
f 892/34/754 749/470/753 748/471/754
f 892/34/755 748/471/755 891/32/210
f 891/32/210 748/471/755 747/472/210
f 891/32/756 747/472/756 890/30/215
f 890/30/215 747/472/756 746/473/215
f 890/30/757 746/473/757 889/28/758
f 889/28/758 746/473/757 745/474/758
f 889/28/759 745/474/759 888/26/222
f 888/26/222 745/474/759 744/475/222
f 888/26/762 744/475/762 887/24/761
f 887/24/1097 744/475/760 743/476/1097
f 887/24/763 743/476/763 886/22/820
f 886/22/820 743/476/763 742/477/820
f 886/22/820 742/477/820 885/20/1098
f 885/20/1099 742/477/765 741/478/1099
f 885/20/1099 741/478/1099 884/18/1100
f 884/18/240 741/478/1101 740/479/240
f 884/18/240 740/479/240 883/16/245
f 883/16/1102 740/479/1103 739/480/1102
f 883/16/1102 739/480/1102 882/14/1104
f 882/14/250 739/480/1105 738/481/250
f 882/14/250 738/481/250 881/12/773
f 881/12/773 738/481/250 737/482/773
f 881/12/777 737/482/777 880/10/776
f 880/10/775 737/482/774 736/483/775
f 880/10/778 736/483/778 879/8/779
f 879/8/779 736/483/778 735/459/779
f 903/284/156 931/285/157 902/286/158
f 902/286/159 931/285/157 940/287/160
f 902/286/161 940/287/164 925/288/975
f 925/288/968 940/287/162 1041/289/166
f 925/288/781 1041/289/169 924/290/783
f 924/290/167 1041/289/976 1036/291/170
f 924/290/978 1036/291/175 923/292/177
f 923/292/737 1036/291/784 1031/293/176
f 923/292/980 1031/293/1106 922/294/740
f 922/294/787 1031/293/788 1026/295/981
f 922/294/180 1026/295/183 921/296/184
f 921/296/790 1026/295/183 1021/297/791
f 921/296/186 1021/297/983 920/298/188
f 920/298/189 1021/297/791 1016/299/793
f 920/298/188 1016/299/95 919/300/747
f 919/300/796 1016/299/795 1011/301/984
f 919/300/193 1011/301/194 918/302/971
f 918/302/195 1011/301/194 1006/303/801
f 918/302/802 1006/303/1107 917/304/202
f 917/304/985 1006/303/197 1001/305/804
f 917/304/202 1001/305/805 916/306/204
f 916/306/987 1001/305/805 996/307/1108
f 916/306/207 996/307/208 915/308/210
f 915/308/808 996/307/809 991/309/988
f 915/308/212 991/309/216 914/310/215
f 914/310/214 991/309/213 926/311/990
f 914/312/217 926/313/813 913/314/812
f 913/314/218 926/313/124 986/315/219
f 913/314/220 986/315/816 912/316/992
f 912/316/993 986/315/816 981/317/994
f 912/316/992 981/317/225 911/318/226
f 911/318/819 981/317/1109 976/319/1110
f 911/318/819 976/319/996 910/320/232
f 910/320/764 976/319/230 971/321/233
f 910/320/998 971/321/999 909/322/823
f 909/322/234 971/321/997 966/323/822
f 909/322/823 966/323/825 908/324/824
f 908/324/824 966/323/238 961/325/826
f 908/324/239 961/325/826 907/326/827
f 907/326/244 961/325/243 956/327/1001
f 907/326/248 956/327/249 906/328/772
f 906/328/251 956/327/252 951/329/253
f 906/328/1003 951/329/1111 905/330/1005
f 905/330/257 951/329/258 946/331/259
f 905/330/260 946/331/261 904/332/262
f 904/332/775 946/331/1112 941/333/264
f 904/332/263 941/333/369 903/284/267
f 903/284/267 941/333/268 931/285/830
f 373/334/15 1045/335/270 350/336/15
f 350/336/15 1045/335/271 936/337/17
f 350/336/15 936/337/16 351/338/15
f 351/338/15 936/337/16 935/339/1113
f 351/338/15 935/339/274 352/340/15
f 352/340/15 935/339/274 945/341/275
f 352/340/276 945/341/275 353/342/15
f 353/342/277 945/341/1008 950/343/279
f 353/342/277 950/343/280 354/344/277
f 354/344/276 950/343/832 955/345/283
f 354/344/276 955/345/283 355/346/276
f 355/346/276 955/345/284 960/347/285
f 355/346/276 960/347/286 356/348/276
f 356/348/276 960/347/285 965/349/287
f 356/348/276 965/349/288 357/350/276
f 357/350/276 965/349/287 970/351/289
f 357/350/276 970/351/289 358/352/276
f 358/352/276 970/351/289 975/353/834
f 358/352/292 975/353/293 359/354/276
f 359/354/276 975/353/835 980/355/294
f 359/354/14 980/355/836 360/356/14
f 360/356/14 980/355/295 985/357/296
f 360/356/14 985/357/838 361/358/14
f 361/358/14 985/357/296 990/359/298
f 361/358/14 990/359/298 362/360/14
f 362/360/14 990/359/297 930/361/13
f 362/362/14 930/363/108 363/364/14
f 363/364/14 930/363/108 995/365/1009
f 363/364/14 995/365/301 364/366/14
f 364/366/14 995/365/300 1000/367/839
f 364/366/303 1000/367/1010 365/368/14
f 365/368/14 1000/367/302 1005/369/305
f 365/368/68 1005/369/1011 366/370/303
f 366/370/14 1005/369/306 1010/371/307
f 366/370/68 1010/371/1012 367/372/68
f 367/372/68 1010/371/309 1015/373/310
f 367/372/68 1015/373/311 368/374/68
f 368/374/68 1015/373/310 1020/375/101
f 368/374/68 1020/375/71 369/376/68
f 369/376/68 1020/375/101 1025/377/313
f 369/376/68 1025/377/313 370/378/68
f 370/378/68 1025/377/314 1030/379/1013
f 370/378/319 1030/379/315 371/380/68
f 371/380/68 1030/379/315 1035/381/1014
f 371/380/15 1035/381/841 372/382/15
f 372/382/68 1035/381/318 1040/383/320
f 372/382/15 1040/383/321 373/334/15
f 373/334/15 1040/383/1015 1045/335/842
f 926/313/5 927/384/6 986/315/324
f 986/315/324 927/384/325 987/385/326
f 986/315/327 987/385/330 981/317/817
f 981/317/329 987/385/844 982/386/1016
f 981/317/332 982/386/336 976/319/1018
f 976/319/1019 982/386/1017 977/387/1020
f 976/319/1114 977/387/338 971/321/339
f 971/321/339 977/387/337 972/388/1115
f 971/321/342 972/388/846 966/323/345
f 966/323/345 972/388/847 967/389/347
f 966/323/848 967/389/1021 961/325/849
f 961/325/849 967/389/1021 962/390/1022
f 961/325/348 962/390/350 956/327/1023
f 956/327/354 962/390/355 957/391/356
f 956/327/354 957/391/853 951/329/359
f 951/329/359 957/391/853 952/392/854
f 951/329/362 952/392/365 946/331/855
f 946/331/364 952/392/361 947/393/1024
f 946/331/367 947/393/368 941/333/857
f 941/333/857 947/393/368 942/394/859
f 941/333/373 942/394/374 931/285/375
f 931/285/375 942/394/374 932/395/902
f 931/285/379 932/395/380 940/287/154
f 940/287/160 932/395/380 939/396/25
f 940/287/862 939/396/385 1041/289/863
f 1041/289/165 939/396/383 1042/397/864
f 1041/289/387 1042/397/388 1036/291/389
f 1036/291/170 1042/397/1027 1037/398/392
f 1036/291/393 1037/398/1028 1031/293/396
f 1031/293/396 1037/398/394 1032/399/1029
f 1031/293/396 1032/399/398 1026/295/399
f 1026/295/399 1032/399/912 1027/400/401
f 1026/295/402 1027/400/403 1021/297/404
f 1021/297/407 1027/400/868 1022/401/1030
f 1021/297/407 1022/401/408 1016/299/409
f 1016/299/409 1022/401/1031 1017/402/1032
f 1016/299/1033 1017/402/1116 1011/301/413
f 1011/301/412 1017/402/870 1012/403/871
f 1011/301/413 1012/403/872 1006/303/1117
f 1006/303/873 1012/403/1118 1007/404/420
f 1006/303/418 1007/404/917 1001/305/423
f 1001/305/422 1007/404/424 1002/405/426
f 1001/305/422 1002/405/877 996/307/427
f 996/307/427 1002/405/877 997/406/878
f 996/307/430 997/406/431 991/309/432
f 991/309/432 997/406/431 992/407/433
f 991/309/434 992/407/437 926/311/5
f 926/311/436 992/407/437 927/408/438
f 927/384/7 928/409/116 987/385/442
f 987/385/441 928/409/440 988/410/881
f 987/385/444 988/410/883 982/386/1016
f 982/386/447 988/410/448 983/411/449
f 982/386/447 983/411/454 977/387/453
f 977/387/453 983/411/451 978/412/1035
f 977/387/338 978/412/1036 972/388/1038
f 972/388/1037 978/412/457 973/413/460
f 972/388/461 973/413/462 967/389/885
f 967/389/463 973/413/462 968/414/887
f 967/389/466 968/414/470 962/390/468
f 962/390/469 968/414/470 963/415/471
f 962/390/469 963/415/472 957/391/474
f 957/391/473 963/415/471 958/416/892
f 957/391/476 958/416/477 952/392/894
f 952/392/895 958/416/892 953/417/897
f 952/392/1043 953/417/1044 947/393/371
f 947/393/482 953/417/479 948/418/483
f 947/393/898 948/418/488 942/394/487
f 942/394/486 948/418/1045 943/419/1046
f 942/394/1047 943/419/491 932/395/1048
f 932/395/902 943/419/901 933/420/493
f 932/395/494 933/420/498 939/396/497
f 939/396/497 933/420/498 938/421/22
f 939/396/23 938/421/141 1042/397/499
f 1042/397/499 938/421/22 1043/422/502
f 1042/397/503 1043/422/905 1037/398/907
f 1037/398/505 1043/422/506 1038/423/908
f 1037/398/1050 1038/423/910 1032/399/909
f 1032/399/510 1038/423/1119 1033/424/622
f 1032/399/512 1033/424/516 1027/400/913
f 1027/400/514 1033/424/622 1028/425/1051
f 1027/400/515 1028/425/517 1022/401/406
f 1022/401/914 1028/425/1052 1023/426/519
f 1022/401/869 1023/426/521 1017/402/89
f 1017/402/89 1023/426/521 1018/427/83
f 1017/402/87 1018/427/86 1012/403/1054
f 1012/403/527 1018/427/82 1013/428/529
f 1012/403/419 1013/428/1055 1007/404/917
f 1007/404/533 1013/428/637 1008/429/640
f 1007/404/536 1008/429/537 1002/405/538
f 1002/405/1056 1008/429/539 1003/430/1057
f 1002/405/921 1003/430/540 997/406/543
f 997/406/925 1003/430/1058 998/431/1059
f 997/406/925 998/431/546 992/407/548
f 992/407/548 998/431/546 993/432/653
f 992/407/1061 993/432/552 927/408/554
f 927/408/554 993/432/552 928/433/116
f 928/409/555 929/434/10 988/410/557
f 988/410/556 929/434/10 989/435/558
f 988/410/559 989/435/560 983/411/561
f 983/411/1120 989/435/558 984/436/562
f 983/411/1065 984/436/567 978/412/566
f 978/412/569 984/436/564 979/437/568
f 978/412/1067 979/437/1068 973/413/570
f 973/413/929 979/437/572 974/438/574
f 973/413/1069 974/438/574 968/414/575
f 968/414/930 974/438/574 969/439/577
f 968/414/1121 969/439/578 963/415/1070
f 963/415/472 969/439/580 964/440/581
f 963/415/1122 964/440/581 958/416/583
f 958/416/1123 964/440/581 959/441/589
f 958/416/584 959/441/586 953/417/933
f 953/417/587 959/441/586 954/442/590
f 953/417/587 954/442/590 948/418/594
f 948/418/594 954/442/592 949/443/596
f 948/418/1072 949/443/596 943/419/597
f 943/419/598 949/443/596 944/444/599
f 943/419/600 944/444/601 933/420/602
f 933/420/603 944/444/601 934/445/604
f 933/420/605 934/445/606 938/421/607
f 938/421/608 934/445/609 937/446/20
f 938/421/22 937/446/20 1043/422/612
f 1043/422/611 937/446/20 1044/447/615
f 1043/422/614 1044/447/617 1038/423/616
f 1038/423/616 1044/447/617 1039/448/618
f 1038/423/1073 1039/448/623 1033/424/621
f 1033/424/622 1039/448/623 1034/449/624
f 1033/424/943 1034/449/624 1028/425/627
f 1028/425/626 1034/449/624 1029/450/1076
f 1028/425/518 1029/450/629 1023/426/519
f 1023/426/946 1029/450/629 1024/451/634
f 1023/426/946 1024/451/634 1018/427/1124
f 1018/427/947 1024/451/634 1019/452/79
f 1018/427/635 1019/452/1080 1013/428/637
f 1013/428/948 1019/452/1080 1014/453/638
f 1013/428/948 1014/453/638 1008/429/1125
f 1008/429/640 1014/453/639 1009/454/642
f 1008/429/1126 1009/454/644 1003/430/645
f 1003/430/645 1009/454/644 1004/455/646
f 1003/430/647 1004/455/646 998/431/648
f 998/431/544 1004/455/1082 999/456/1083
f 998/431/546 999/456/654 993/432/952
f 993/432/656 999/456/654 994/457/655
f 993/432/953 994/457/1084 928/433/926
f 928/433/1085 994/457/657 929/458/1127
f 929/434/11 930/361/12 989/435/659
f 989/435/659 930/361/12 990/359/660
f 989/435/659 990/359/662 984/436/1086
f 984/436/661 990/359/660 985/357/1128
f 984/436/664 985/357/665 979/437/666
f 979/437/666 985/357/665 980/355/667
f 979/437/666 980/355/668 974/438/956
f 974/438/956 980/355/668 975/353/670
f 974/438/671 975/353/672 969/439/673
f 969/439/673 975/353/674 970/351/675
f 969/439/673 970/351/675 964/440/677
f 964/440/677 970/351/675 965/349/679
f 964/440/677 965/349/679 959/441/680
f 959/441/680 965/349/679 960/347/681
f 959/441/680 960/347/681 954/442/682
f 954/442/682 960/347/681 955/345/684
f 954/442/685 955/345/686 949/443/687
f 949/443/687 955/345/686 950/343/1089
f 949/443/687 950/343/689 944/444/691
f 944/444/691 950/343/1089 945/341/692
f 944/444/1129 945/341/961 934/445/694
f 934/445/694 945/341/693 935/339/1090
f 934/445/1130 935/339/695 937/446/19
f 937/446/19 935/339/695 936/337/18
f 937/446/19 936/337/18 1044/447/696
f 1044/447/696 936/337/18 1045/335/697
f 1044/447/696 1045/335/697 1039/448/698
f 1039/448/699 1045/335/697 1040/383/962
f 1039/448/963 1040/383/701 1034/449/702
f 1034/449/702 1040/383/701 1035/381/703
f 1034/449/702 1035/381/706 1029/450/964
f 1029/450/705 1035/381/703 1030/379/707
f 1029/450/708 1030/379/709 1024/451/710
f 1024/451/710 1030/379/711 1025/377/712
f 1024/451/710 1025/377/712 1019/452/103
f 1019/452/103 1025/377/712 1020/375/1093
f 1019/452/103 1020/375/74 1014/453/713
f 1014/453/713 1020/375/74 1015/373/714
f 1014/453/713 1015/373/714 1009/454/716
f 1009/454/716 1015/373/714 1010/371/717
f 1009/454/718 1010/371/719 1004/455/720
f 1004/455/720 1010/371/719 1005/369/721
f 1004/455/720 1005/369/722 999/456/723
f 999/456/723 1005/369/1131 1000/367/724
f 999/456/966 1000/367/1095 994/457/727
f 994/457/727 1000/367/726 995/365/729
f 994/457/1096 995/365/729 929/458/11
f 929/458/11 995/365/729 930/363/12
f 1047/8/731 903/459/731 1046/6/158
f 1046/6/28 903/459/730 902/460/28
f 1046/4/732 902/461/732 1069/2/733
f 1069/2/733 902/461/732 925/462/733
f 1069/2/734 925/462/734 1068/50/735
f 1068/50/735 925/462/734 924/463/735
f 1068/50/738 924/463/738 1067/48/737
f 1067/48/736 924/463/171 923/464/736
f 1067/48/739 923/464/739 1066/46/179
f 1066/46/740 923/464/739 922/465/740
f 1066/46/741 922/465/741 1065/44/184
f 1065/44/184 922/465/740 921/466/184
f 1065/44/742 921/466/742 1064/42/100
f 1064/42/100 921/466/742 920/467/100
f 1064/42/100 920/467/100 1063/40/747
f 1063/40/747 920/467/100 919/468/747
f 1063/40/748 919/468/748 1062/38/749
f 1062/38/749 919/468/748 918/469/749
f 1062/38/752 918/469/752 1061/36/198
f 1061/36/199 918/469/750 917/470/199
f 1061/36/972 917/470/972 1060/34/204
f 1060/34/754 917/470/753 916/471/754
f 1060/34/755 916/471/755 1059/32/210
f 1059/32/210 916/471/755 915/472/210
f 1059/32/756 915/472/756 1058/30/215
f 1058/30/215 915/472/756 914/473/215
f 1058/30/757 914/473/757 1057/28/758
f 1057/28/758 914/473/757 913/474/758
f 1057/28/759 913/474/759 1056/26/222
f 1056/26/222 913/474/759 912/475/222
f 1056/26/762 912/475/762 1055/24/761
f 1055/24/1097 912/475/760 911/476/1097
f 1055/24/763 911/476/763 1054/22/764
f 1054/22/764 911/476/763 910/477/764
f 1054/22/820 910/477/820 1053/20/1098
f 1053/20/1099 910/477/1132 909/478/1099
f 1053/20/1099 909/478/1099 1052/18/1100
f 1052/18/240 909/478/1101 908/479/240
f 1052/18/240 908/479/240 1051/16/245
f 1051/16/1102 908/479/1103 907/480/1102
f 1051/16/1102 907/480/1102 1050/14/1104
f 1050/14/250 907/480/1105 906/481/250
f 1050/14/250 906/481/250 1049/12/773
f 1049/12/773 906/481/250 905/482/773
f 1049/12/777 905/482/777 1048/10/776
f 1048/10/775 905/482/774 904/483/775
f 1048/10/778 904/483/778 1047/8/779
f 1047/8/779 904/483/778 903/459/779
f 1071/284/731 1105/285/780 1070/286/158
f 1070/286/28 1105/285/157 1114/287/30
f 1070/286/161 1114/287/162 1093/288/163
f 1093/288/163 1114/287/164 1211/289/165
f 1093/288/163 1211/289/976 1092/290/167
f 1092/290/783 1211/289/169 1206/291/390
f 1092/290/783 1206/291/784 1091/292/979
f 1091/292/174 1206/291/175 1201/293/176
f 1091/292/980 1201/293/181 1090/294/180
f 1090/294/787 1201/293/786 1196/295/981
f 1090/294/180 1196/295/981 1089/296/184
f 1089/296/1133 1196/295/182 1192/297/185
f 1089/296/186 1192/297/983 1088/298/188
f 1088/298/188 1192/297/983 1188/299/95
f 1088/298/794 1188/299/1134 1087/300/796
f 1087/300/190 1188/299/98 1184/301/1135
f 1087/300/193 1184/301/194 1086/302/195
f 1086/302/195 1184/301/194 1180/303/1107
f 1086/302/195 1180/303/197 1085/304/985
f 1085/304/985 1180/303/197 1175/305/804
f 1085/304/1136 1175/305/205 1084/306/754
f 1084/306/204 1175/305/205 1170/307/206
f 1084/306/987 1170/307/807 1083/308/808
f 1083/308/210 1170/307/807 1165/309/1137
f 1083/308/212 1165/309/213 1082/310/214
f 1082/310/215 1165/309/216 1099/311/990
f 1082/312/217 1099/313/813 1081/314/991
f 1081/314/758 1099/313/1138 1160/315/219
f 1081/314/220 1160/315/816 1080/316/992
f 1080/316/993 1160/315/1139 1155/317/817
f 1080/316/224 1155/317/1109 1079/318/819
f 1079/318/227 1155/317/225 1150/319/228
f 1079/318/229 1150/319/230 1078/320/231
f 1078/320/232 1150/319/230 1145/321/997
f 1078/320/998 1145/321/1000 1077/322/1099
f 1077/322/1098 1145/321/233 1140/323/1140
f 1077/322/237 1140/323/1141 1076/324/240
f 1076/324/1142 1140/323/825 1135/325/1143
f 1076/324/242 1135/325/1144 1075/326/244
f 1075/326/244 1135/325/243 1130/327/252
f 1075/326/248 1130/327/249 1074/328/251
f 1074/328/254 1130/327/249 1125/329/1145
f 1074/328/1003 1125/329/258 1073/330/1005
f 1073/330/256 1125/329/258 1120/331/1006
f 1073/330/1005 1120/331/1112 1072/332/776
f 1072/332/263 1120/331/261 1115/333/264
f 1072/332/265 1115/333/266 1071/284/779
f 1071/284/267 1115/333/1007 1105/285/830
f 300/688/15 299/689/15 1210/383/1015
f 1210/383/1146 299/689/155 1094/690/1147
f 1210/383/320 1094/690/1147 1205/381/1148
f 1205/381/318 1094/690/1147 1200/379/315
f 1205/381/704 1200/379/707 1199/450/964
f 1199/450/708 1200/379/711 1195/451/710
f 1199/450/629 1195/451/632 1194/426/631
f 1194/426/946 1195/451/633 1190/427/82
f 1194/426/521 1190/427/83 1189/402/89
f 1189/402/87 1190/427/83 1185/403/527
f 1189/402/1149 1185/403/528 1184/301/413
f 1184/301/1150 1185/403/416 1180/303/873
f 1094/690/1151 1095/691/1152 1200/379/1153
f 1200/379/315 1095/691/1154 1195/451/1155
f 1095/691/1156 1096/692/1157 1195/451/634
f 1195/451/634 1096/692/1158 1191/452/76
f 1195/451/634 1191/452/79 1190/427/82
f 1190/427/635 1191/452/79 1186/428/636
f 1190/427/526 1186/428/1159 1185/403/528
f 1185/403/527 1186/428/529 1181/404/918
f 1185/403/416 1181/404/1160 1180/303/873
f 1180/303/1161 1181/404/421 1175/305/422
f 1191/452/103 1096/692/1158 1187/453/713
f 1187/453/638 1096/692/1162 1097/693/1163
f 1187/453/713 1097/693/1163 1183/454/1164
f 1183/454/718 1097/693/1165 1104/371/717
f 1183/454/715 1104/371/719 1178/455/720
f 1178/455/720 1104/371/719 1179/369/1131
f 1178/455/720 1179/369/1131 1173/456/723
f 1173/456/723 1179/369/722 1174/367/724
f 1173/456/966 1174/367/726 1168/457/727
f 1168/457/727 1174/367/726 1169/365/299
f 1168/457/727 1169/365/729 1102/458/11
f 1102/458/11 1169/365/729 1103/363/12
f 1102/434/11 1103/361/12 1163/435/659
f 1163/435/659 1103/361/12 1164/359/660
f 1163/435/659 1164/359/662 1158/436/955
f 1158/436/955 1164/359/662 1159/357/663
f 1158/436/955 1159/357/665 1153/437/666
f 1153/437/666 1159/357/665 1154/355/667
f 1153/437/666 1154/355/668 1148/438/956
f 1148/438/956 1154/355/668 1149/353/670
f 1148/438/956 1149/353/674 1143/439/1166
f 1143/439/673 1149/353/674 1144/351/675
f 1143/439/673 1144/351/675 1138/440/677
f 1138/440/677 1144/351/675 1139/349/679
f 1138/440/677 1139/349/679 1133/441/680
f 1133/441/1087 1139/349/679 1134/347/681
f 1133/441/1167 1134/347/681 1128/442/1168
f 1128/442/958 1134/347/681 1129/345/959
f 1128/442/958 1129/345/686 1123/443/687
f 1123/443/687 1129/345/686 1124/343/688
f 1123/443/687 1124/343/689 1118/444/691
f 1118/444/691 1124/343/689 1119/341/692
f 1118/444/960 1119/341/693 1108/445/694
f 1108/445/694 1119/341/693 1109/339/695
f 1108/445/1130 1109/339/695 1111/446/19
f 1111/446/19 1109/339/695 1110/337/18
f 1111/446/19 1110/337/18 1214/447/696
f 1214/447/696 1110/337/18 1215/335/697
f 1214/447/696 1215/335/697 1209/448/698
f 1209/448/1169 1215/335/697 1210/383/700
f 1209/448/699 1210/383/701 1204/449/702
f 1204/449/702 1210/383/701 1205/381/703
f 1204/449/702 1205/381/706 1199/450/964
f 1097/693/1170 1098/694/1171 1104/371/1172
f 1104/371/308 1098/694/1173 1179/369/305
f 1179/369/1174 1098/694/1173 1174/367/302
f 1174/367/1010 1098/694/1173 317/695/155
f 1174/367/1010 317/695/155 316/696/14
f 1174/367/302 316/696/14 1169/365/301
f 1169/365/301 316/696/14 315/697/14
f 1169/365/301 315/697/14 1103/363/106
f 1103/361/13 315/698/14 314/699/14
f 1103/361/13 314/699/14 1164/359/297
f 1164/359/298 314/699/14 313/700/14
f 1164/359/298 313/700/14 1159/357/296
f 1159/357/296 313/700/14 312/701/14
f 1159/357/296 312/701/14 1154/355/1175
f 1154/355/295 312/701/155 311/702/14
f 1154/355/295 311/702/14 1149/353/291
f 1149/353/291 311/702/292 310/703/292
f 1149/353/291 310/703/276 1144/351/833
f 1144/351/833 310/703/276 309/704/276
f 1144/351/1176 309/704/276 1139/349/287
f 1139/349/288 309/704/276 308/348/276
f 1139/349/288 308/348/276 307/705/276
f 1139/349/287 307/705/276 1134/347/285
f 1134/347/286 307/705/276 306/706/276
f 1134/347/286 306/706/276 1129/345/283
f 1129/345/283 306/706/155 305/707/277
f 1129/345/283 305/707/15 1124/343/832
f 1124/343/832 305/707/155 304/708/155
f 1124/343/1177 304/708/15 1119/341/275
f 1119/341/275 304/708/15 303/709/15
f 1119/341/275 303/709/15 1109/339/274
f 1109/339/274 303/709/15 302/710/15
f 1109/339/1178 302/710/15 1110/337/16
f 1110/337/16 302/710/15 301/711/15
f 1110/337/152 301/711/15 1215/335/1179
f 1215/335/271 301/711/15 300/688/15
f 1215/335/271 300/688/15 1210/383/320
f 1099/313/322 1100/384/120 1160/315/324
f 1160/315/324 1100/384/843 1161/385/326
f 1160/315/1180 1161/385/844 1155/317/329
f 1155/317/817 1161/385/330 1156/386/331
f 1155/317/332 1156/386/333 1150/319/335
f 1150/319/335 1156/386/336 1151/387/337
f 1150/319/335 1151/387/337 1145/321/1181
f 1145/321/339 1151/387/1182 1146/388/341
f 1145/321/342 1146/388/343 1140/323/344
f 1140/323/345 1146/388/847 1141/389/347
f 1140/323/848 1141/389/1021 1135/325/849
f 1135/325/348 1141/389/349 1136/390/350
f 1135/325/351 1136/390/352 1130/327/354
f 1130/327/353 1136/390/851 1131/391/356
f 1130/327/354 1131/391/853 1125/329/1183
f 1125/329/359 1131/391/360 1126/392/361
f 1125/329/362 1126/392/365 1120/331/855
f 1120/331/1184 1126/392/1185 1121/393/1186
f 1120/331/855 1121/393/371 1115/333/857
f 1115/333/1187 1121/393/1186 1116/394/859
f 1115/333/1007 1116/394/374 1105/285/376
f 1105/285/375 1116/394/374 1106/395/902
f 1105/285/860 1106/395/380 1114/287/154
f 1114/287/154 1106/395/381 1113/396/496
f 1114/287/30 1113/396/383 1211/289/165
f 1211/289/863 1113/396/385 1212/397/864
f 1211/289/387 1212/397/391 1206/291/389
f 1206/291/389 1212/397/388 1207/398/1050
f 1206/291/393 1207/398/394 1201/293/395
f 1201/293/396 1207/398/1028 1202/399/398
f 1201/293/1188 1202/399/912 1196/295/399
f 1196/295/1189 1202/399/398 1197/400/401
f 1196/295/402 1197/400/1190 1192/297/407
f 1192/297/404 1197/400/403 1193/401/1191
f 1192/297/1192 1193/401/1193 1188/299/93
f 1188/299/93 1193/401/1193 1189/402/92
f 1188/299/409 1189/402/1032 1184/301/1194
f 1100/384/439 1101/409/440 1161/385/441
f 1161/385/442 1101/409/116 1162/410/443
f 1161/385/444 1162/410/448 1156/386/446
f 1156/386/447 1162/410/448 1157/411/449
f 1156/386/1195 1157/411/454 1151/387/452
f 1151/387/453 1157/411/451 1152/412/1035
f 1151/387/456 1152/412/1196 1146/388/458
f 1146/388/1037 1152/412/457 1147/413/460
f 1146/388/461 1147/413/462 1141/389/466
f 1141/389/463 1147/413/462 1142/414/465
f 1141/389/466 1142/414/888 1136/390/889
f 1136/390/469 1142/414/470 1137/415/471
f 1136/390/469 1137/415/472 1131/391/474
f 1131/391/474 1137/415/1197 1132/416/1198
f 1131/391/360 1132/416/896 1126/392/361
f 1126/392/478 1132/416/892 1127/417/588
f 1126/392/361 1127/417/479 1121/393/482
f 1121/393/482 1127/417/481 1122/418/483
f 1121/393/898 1122/418/899 1116/394/486
f 1116/394/486 1122/418/899 1117/419/1046
f 1116/394/490 1117/419/491 1106/395/492
f 1106/395/492 1117/419/901 1107/420/493
f 1106/395/494 1107/420/495 1113/396/496
f 1113/396/497 1107/420/498 1112/421/22
f 1113/396/23 1112/421/141 1212/397/499
f 1212/397/499 1112/421/1049 1213/422/1199
f 1212/397/503 1213/422/905 1207/398/907
f 1207/398/505 1213/422/506 1208/423/507
f 1207/398/508 1208/423/509 1202/399/510
f 1202/399/510 1208/423/509 1203/424/511
f 1202/399/912 1203/424/1200 1197/400/514
f 1197/400/913 1203/424/622 1198/425/517
f 1197/400/515 1198/425/517 1193/401/406
f 1193/401/869 1198/425/1201 1194/426/523
f 1193/401/869 1194/426/523 1189/402/1202
f 1100/408/6 1099/311/990 1166/407/437
f 1166/407/437 1099/311/436 1165/309/434
f 1166/407/433 1165/309/432 1171/406/431
f 1171/406/1203 1165/309/432 1170/307/430
f 1171/406/1203 1170/307/427 1176/405/1204
f 1176/405/426 1170/307/427 1175/305/422
f 1176/405/1056 1175/305/423 1181/404/421
f 1101/409/555 1102/434/10 1162/410/556
f 1162/410/557 1102/434/10 1163/435/558
f 1162/410/559 1163/435/560 1157/411/561
f 1157/411/449 1163/435/558 1158/436/562
f 1157/411/563 1158/436/567 1152/412/566
f 1152/412/566 1158/436/564 1153/437/1066
f 1152/412/928 1153/437/1068 1147/413/929
f 1147/413/571 1153/437/568 1148/438/1205
f 1147/413/462 1148/438/574 1142/414/465
f 1142/414/576 1148/438/574 1143/439/578
f 1142/414/576 1143/439/578 1137/415/1206
f 1137/415/472 1143/439/578 1138/440/1071
f 1137/415/1207 1138/440/1208 1132/416/583
f 1132/416/583 1138/440/1208 1133/441/589
f 1132/416/583 1133/441/586 1127/417/587
f 1127/417/587 1133/441/586 1128/442/590
f 1127/417/934 1128/442/935 1122/418/593
f 1122/418/593 1128/442/1168 1123/443/596
f 1122/418/937 1123/443/596 1117/419/598
f 1117/419/598 1123/443/1209 1118/444/1210
f 1117/419/600 1118/444/1211 1107/420/603
f 1107/420/940 1118/444/601 1108/445/604
f 1107/420/605 1108/445/606 1112/421/607
f 1112/421/22 1108/445/609 1111/446/20
f 1112/421/610 1111/446/146 1213/422/611
f 1213/422/612 1111/446/20 1214/447/615
f 1213/422/612 1214/447/617 1208/423/908
f 1208/423/616 1214/447/617 1209/448/1091
f 1208/423/1073 1209/448/623 1203/424/621
f 1203/424/1074 1209/448/620 1204/449/624
f 1203/424/1212 1204/449/624 1198/425/626
f 1198/425/627 1204/449/624 1199/450/628
f 1198/425/518 1199/450/629 1194/426/630
f 1101/433/116 1100/408/554 1167/432/552
f 1167/432/1062 1100/408/554 1166/407/1061
f 1167/432/653 1166/407/547 1172/431/546
f 1172/431/546 1166/407/548 1171/406/542
f 1172/431/1059 1171/406/922 1177/430/1058
f 1177/430/1058 1171/406/543 1176/405/921
f 1177/430/1057 1176/405/538 1182/429/1213
f 1182/429/1214 1176/405/1215 1181/404/919
f 1182/429/535 1181/404/533 1186/428/534
f 1102/458/10 1101/433/1085 1168/457/657
f 1168/457/657 1101/433/658 1167/432/656
f 1168/457/655 1167/432/653 1173/456/654
f 1173/456/654 1167/432/652 1172/431/650
f 1173/456/649 1172/431/648 1178/455/646
f 1178/455/646 1172/431/544 1177/430/540
f 1178/455/1216 1177/430/645 1183/454/642
f 1183/454/950 1177/430/540 1182/429/643
f 1183/454/642 1182/429/641 1187/453/639
f 1187/453/639 1182/429/641 1186/428/531
f 1187/453/638 1186/428/637 1191/452/1080
f 317/712/1217 1098/713/1218 318/714/1217
f 318/714/276 1098/713/1219 1228/715/288
f 318/714/276 1228/715/1220 1227/716/1220
f 1227/716/679 1228/715/679 1226/717/677
f 1226/717/677 1228/715/679 1231/718/677
f 1226/717/581 1231/718/581 1225/719/1070
f 1225/719/1122 1231/718/581 1235/720/1122
f 1225/719/1041 1235/720/1041 1224/721/469
f 1224/721/469 1235/720/1041 1238/722/469
f 1224/721/1022 1238/722/1022 1223/723/849
f 1223/723/849 1238/722/352 1241/724/849
f 1223/723/826 1241/724/826 1222/725/239
f 1222/725/239 1241/724/826 1240/726/826
f 1222/725/239 1240/726/826 1221/727/239
f 1221/727/239 1240/726/826 1239/728/826
f 1221/727/239 1239/728/826 1220/729/826
f 1220/729/849 1239/728/849 1219/730/1022
f 1219/730/1022 1239/728/849 1236/731/1022
f 1219/730/469 1236/731/469 1218/732/1041
f 1218/732/1041 1236/731/469 1233/733/1041
f 1218/732/1122 1233/733/1122 1217/734/581
f 1217/734/581 1233/733/1070 1229/735/581
f 1217/734/677 1229/735/677 1216/736/679
f 1216/736/679 1229/735/677 1232/737/679
f 1216/736/1220 1232/737/1220 349/738/276
f 349/738/276 1232/737/288 1094/739/1221
f 349/738/1222 1094/739/1223 299/740/1222
f 1098/713/1219 1097/741/1224 1228/715/287
f 1228/715/679 1097/741/1225 1231/718/677
f 1097/741/1224 1096/742/1226 1231/718/677
f 1231/718/582 1096/742/1226 1230/743/582
f 1231/718/581 1230/743/581 1235/720/1070
f 1235/720/1122 1230/743/581 1234/744/1122
f 1235/720/1041 1234/744/1041 1238/722/469
f 1238/722/469 1234/744/1041 1237/745/469
f 1238/722/1022 1237/745/1022 1241/724/849
f 1241/724/849 1237/745/1022 1240/726/849
f 1230/743/582 1096/742/1226 1229/735/582
f 1229/735/677 1096/742/1226 1095/746/1224
f 1229/735/677 1095/746/1225 1232/737/679
f 1232/737/287 1095/746/1224 1094/739/1219
f 1234/744/1070 1230/743/581 1229/735/581
f 1234/744/1122 1229/735/581 1233/733/1122
f 1237/745/469 1234/744/1041 1233/733/1041
f 1237/745/469 1233/733/1041 1236/731/469
f 1240/726/849 1237/745/1022 1236/731/1022
f 1240/726/849 1236/731/1022 1239/728/849
f 1243/8/731 1071/459/731 1242/6/158
f 1242/6/158 1071/459/731 1070/460/158
f 1242/4/732 1070/461/732 1265/2/733
f 1265/2/733 1070/461/732 1093/462/733
f 1265/2/734 1093/462/734 1264/50/735
f 1264/50/735 1093/462/734 1092/463/735
f 1264/50/738 1092/463/738 1263/48/737
f 1263/48/737 1092/463/171 1091/464/737
f 1263/48/739 1091/464/739 1262/46/179
f 1262/46/740 1091/464/739 1090/465/740
f 1262/46/740 1090/465/740 1261/44/184
f 1261/44/184 1090/465/970 1089/466/184
f 1261/44/742 1089/466/742 1260/42/100
f 1260/42/100 1089/466/742 1088/467/100
f 1260/42/100 1088/467/100 1259/40/747
f 1259/40/747 1088/467/100 1087/468/747
f 1259/40/748 1087/468/748 1258/38/971
f 1258/38/752 1087/468/748 1086/469/752
f 1258/38/752 1086/469/752 1257/36/198
f 1257/36/751 1086/469/750 1085/470/751
f 1257/36/753 1085/470/753 1256/34/204
f 1256/34/754 1085/470/753 1084/471/754
f 1256/34/755 1084/471/755 1255/32/210
f 1255/32/210 1084/471/1227 1083/472/210
f 1255/32/756 1083/472/756 1254/30/215
f 1254/30/215 1083/472/756 1082/473/215
f 1254/30/757 1082/473/757 1253/28/1228
f 1253/28/1228 1082/473/757 1081/474/1228
f 1253/28/759 1081/474/759 1252/26/222
f 1252/26/1229 1081/474/759 1080/475/1229
f 1252/26/760 1080/475/760 1251/24/761
f 1251/24/761 1080/475/762 1079/476/761
f 1251/24/763 1079/476/763 1250/22/764
f 1250/22/764 1079/476/763 1078/477/764
f 1250/22/1230 1078/477/1230 1249/20/766
f 1249/20/766 1078/477/1230 1077/478/766
f 1249/20/1101 1077/478/1101 1248/18/240
f 1248/18/240 1077/478/1101 1076/479/240
f 1248/18/240 1076/479/240 1247/16/245
f 1247/16/245 1076/479/240 1075/480/245
f 1247/16/771 1075/480/771 1246/14/1231
f 1246/14/1231 1075/480/771 1074/481/1231
f 1246/14/250 1074/481/250 1245/12/773
f 1245/12/773 1074/481/250 1073/482/773
f 1245/12/774 1073/482/774 1244/10/775
f 1244/10/776 1073/482/774 1072/483/776
f 1244/10/778 1072/483/778 1243/8/779
f 1243/8/779 1072/483/778 1071/459/779
f 1267/308/1232 1320/309/1233 1266/310/732
f 1266/310/1234 1320/309/1233 1314/311/1235
f 1266/312/1236 1314/313/1237 1289/314/731
f 1289/314/967 1314/313/1238 1426/315/1239
f 1289/314/1240 1426/315/1241 1288/316/1242
f 1288/316/1243 1426/315/1244 1421/317/1245
f 1288/316/776 1421/317/1246 1287/318/1247
f 1287/318/774 1421/317/1248 1416/319/1249
f 1287/318/1250 1416/319/1251 1286/320/1252
f 1286/320/1252 1416/319/1253 1411/321/1254
f 1286/320/1252 1411/321/1255 1285/322/1256
f 1285/322/1256 1411/321/1257 1406/323/1258
f 1285/322/1259 1406/323/1260 1284/324/769
f 1284/324/1261 1406/323/1262 1401/325/1263
f 1284/324/1264 1401/325/1265 1283/326/1266
f 1283/326/1266 1401/325/1267 1396/327/1268
f 1283/326/1269 1396/327/1270 1282/328/1271
f 1282/328/1272 1396/327/1270 1391/329/1273
f 1282/328/1274 1391/329/1275 1281/330/1276
f 1281/330/1277 1391/329/1275 1386/331/1278
f 1281/330/1279 1386/331/1280 1280/332/762
f 1280/332/1281 1386/331/1282 1381/333/1283
f 1280/332/1284 1381/333/1285 1279/284/1286
f 1279/284/759 1381/333/1287 1376/285/1288
f 1279/284/1289 1376/285/1290 1278/286/1291
f 1278/286/1292 1376/285/1293 1371/287/1294
f 1278/286/1295 1371/287/1296 1277/288/1297
f 1277/288/1297 1371/287/1298 1366/289/1299
f 1277/288/1300 1366/289/1301 1276/290/1302
f 1276/290/754 1366/289/1303 1361/291/1304
f 1276/290/1305 1361/291/1306 1275/292/1307
f 1275/292/1308 1361/291/1306 1356/293/1309
f 1275/292/1310 1356/293/1311 1274/294/752
f 1274/294/1312 1356/293/1313 1351/295/1314
f 1274/294/1312 1351/295/1315 1273/296/748
f 1273/296/1316 1351/295/1317 1347/297/1318
f 1273/296/1319 1347/297/1320 1272/298/1321
f 1272/298/1322 1347/297/1323 1343/299/1324
f 1272/298/1325 1343/299/1326 1271/300/1327
f 1271/300/1328 1343/299/1324 1339/301/1329
f 1271/300/1330 1339/301/1331 1270/302/970
f 1270/302/740 1339/301/1332 1335/303/1333
f 1270/302/740 1335/303/1333 1269/304/739
f 1269/304/1334 1335/303/1335 1330/305/1336
f 1269/304/1337 1330/305/1338 1268/306/1339
f 1268/306/1340 1330/305/1338 1325/307/1341
f 1268/306/1340 1325/307/1342 1267/308/1343
f 1267/308/1343 1325/307/1344 1320/309/1345
f 1313/688/45 1290/689/1346 1365/383/1347
f 1365/383/1347 1290/689/45 1291/690/1348
f 1365/383/1347 1291/690/1349 1360/381/1350
f 1360/381/1351 1291/690/1352 1355/379/1353
f 1360/381/1354 1355/379/1355 1354/450/1356
f 1354/450/1357 1355/379/1358 1350/451/1359
f 1354/450/1360 1350/451/1361 1349/426/1362
f 1349/426/1362 1350/451/1363 1345/427/1364
f 1349/426/1365 1345/427/1366 1344/402/1367
f 1344/402/1368 1345/427/1369 1340/403/1370
f 1344/402/1368 1340/403/1371 1339/301/1372
f 1339/301/1373 1340/403/1374 1335/303/1375
f 1291/690/1376 1292/691/1377 1355/379/1378
f 1355/379/1358 1292/691/1379 1350/451/1380
f 1292/691/1381 1293/692/1382 1350/451/1363
f 1350/451/1363 1293/692/1382 1346/452/1383
f 1350/451/1363 1346/452/1383 1345/427/1384
f 1345/427/1364 1346/452/1385 1341/428/1386
f 1345/427/1387 1341/428/1388 1340/403/1389
f 1340/403/1390 1341/428/1391 1336/404/1392
f 1340/403/1390 1336/404/1393 1335/303/1375
f 1335/303/1394 1336/404/1395 1330/305/1396
f 1346/452/1383 1293/692/1397 1342/453/1398
f 1342/453/1398 1293/692/1399 1294/693/1400
f 1342/453/1401 1294/693/1402 1338/454/1403
f 1338/454/1403 1294/693/1404 1319/371/1405
f 1338/454/1406 1319/371/1407 1333/455/1408
f 1333/455/1408 1319/371/1407 1334/369/1409
f 1333/455/1408 1334/369/1410 1328/456/1411
f 1328/456/1412 1334/369/1410 1329/367/1413
f 1328/456/1411 1329/367/1414 1323/457/1415
f 1323/457/1415 1329/367/1414 1324/365/1416
f 1323/457/1417 1324/365/1418 1317/458/41
f 1317/458/41 1324/365/1418 1318/363/42
f 1317/434/41 1318/361/42 1429/435/1419
f 1429/435/1419 1318/361/42 1430/359/1420
f 1429/435/1419 1430/359/1420 1424/436/1421
f 1424/436/1422 1430/359/1420 1425/357/1423
f 1424/436/1424 1425/357/1425 1419/437/1426
f 1419/437/1426 1425/357/1425 1420/355/1427
f 1419/437/1426 1420/355/1428 1414/438/1429
f 1414/438/1429 1420/355/1428 1415/353/1430
f 1414/438/1429 1415/353/1430 1409/439/1431
f 1409/439/1432 1415/353/1433 1410/351/1434
f 1409/439/1432 1410/351/1434 1404/440/1435
f 1404/440/1435 1410/351/1434 1405/349/1436
f 1404/440/1437 1405/349/1436 1399/441/1438
f 1399/441/1438 1405/349/1436 1400/347/1439
f 1399/441/1438 1400/347/1439 1394/442/1440
f 1394/442/1440 1400/347/1439 1395/345/1441
f 1394/442/1440 1395/345/1442 1389/443/1443
f 1389/443/1443 1395/345/1442 1390/343/1444
f 1389/443/1443 1390/343/1445 1384/444/1446
f 1384/444/1446 1390/343/1447 1385/341/1448
f 1384/444/1449 1385/341/1450 1379/445/1451
f 1379/445/1451 1385/341/1452 1380/339/1453
f 1379/445/1451 1380/339/1454 1374/446/48
f 1374/446/48 1380/339/1454 1375/337/47
f 1374/446/48 1375/337/47 1369/447/1455
f 1369/447/1455 1375/337/47 1370/335/1456
f 1369/447/1455 1370/335/1456 1364/448/1457
f 1364/448/1458 1370/335/1459 1365/383/1460
f 1364/448/1461 1365/383/1462 1359/449/1463
f 1359/449/1463 1365/383/1462 1360/381/1464
f 1359/449/1463 1360/381/1465 1354/450/1356
f 1294/693/1466 1295/694/1467 1319/371/1468
f 1319/371/1469 1295/694/1470 1334/369/1471
f 1334/369/1472 1295/694/1470 1329/367/1473
f 1329/367/1414 1295/694/1474 1296/695/44
f 1329/367/1473 1296/695/1475 1297/696/44
f 1329/367/1473 1297/696/1476 1324/365/1477
f 1324/365/1477 1297/696/44 1298/697/44
f 1324/365/1477 1298/697/44 1318/363/43
f 1318/361/1478 1298/698/44 1299/699/44
f 1318/361/1478 1299/699/44 1430/359/1479
f 1430/359/1479 1299/699/44 1300/700/44
f 1430/359/1479 1300/700/44 1425/357/1480
f 1425/357/1480 1300/700/44 1301/701/44
f 1425/357/1481 1301/701/1476 1420/355/1482
f 1420/355/1483 1301/701/1484 1302/702/1484
f 1420/355/1483 1302/702/1476 1415/353/1485
f 1415/353/1485 1302/702/1486 1303/703/1484
f 1415/353/1485 1303/703/1486 1410/351/1487
f 1410/351/1488 1303/703/1486 1304/704/1486
f 1410/351/1487 1304/704/1486 1405/349/1489
f 1405/349/1490 1304/704/1486 1305/348/1486
f 1405/349/1490 1305/348/1486 1306/705/1486
f 1405/349/1490 1306/705/1486 1400/347/1491
f 1400/347/1491 1306/705/1486 1307/706/1486
f 1400/347/1491 1307/706/1476 1395/345/1492
f 1395/345/1492 1307/706/1493 1308/707/1486
f 1395/345/1492 1308/707/1476 1390/343/1494
f 1390/343/1494 1308/707/1493 1309/708/1493
f 1390/343/1494 1309/708/1493 1385/341/1495
f 1385/341/1495 1309/708/45 1310/709/45
f 1385/341/1496 1310/709/45 1380/339/1497
f 1380/339/1497 1310/709/45 1311/710/45
f 1380/339/1497 1311/710/45 1375/337/1498
f 1375/337/1498 1311/710/45 1312/711/45
f 1375/337/46 1312/711/45 1370/335/1499
f 1370/335/1499 1312/711/45 1313/688/45
f 1370/335/1499 1313/688/1476 1365/383/1347
f 1314/313/32 1315/384/1500 1426/315/1239
f 1426/315/1501 1315/384/1502 1427/385/1503
f 1426/315/1504 1427/385/1505 1421/317/1506
f 1421/317/1506 1427/385/1505 1422/386/1507
f 1421/317/1508 1422/386/1509 1416/319/1510
f 1416/319/1511 1422/386/1509 1417/387/1512
f 1416/319/1513 1417/387/1512 1411/321/1514
f 1411/321/1515 1417/387/1512 1412/388/1516
f 1411/321/1517 1412/388/1518 1406/323/1519
f 1406/323/1519 1412/388/1520 1407/389/1521
f 1406/323/1519 1407/389/1522 1401/325/1523
f 1401/325/1524 1407/389/1525 1402/390/1526
f 1401/325/1524 1402/390/1527 1396/327/1528
f 1396/327/1529 1402/390/1527 1397/391/1530
f 1396/327/1529 1397/391/1531 1391/329/1532
f 1391/329/1533 1397/391/1534 1392/392/1535
f 1391/329/1536 1392/392/1537 1386/331/1282
f 1386/331/1538 1392/392/1537 1387/393/1539
f 1386/331/1538 1387/393/1539 1381/333/1540
f 1381/333/1540 1387/393/1541 1382/394/1542
f 1381/333/1543 1382/394/1544 1376/285/1545
f 1376/285/1545 1382/394/1546 1377/395/1547
f 1376/285/1548 1377/395/1549 1371/287/1550
f 1371/287/1550 1377/395/1549 1372/396/1551
f 1371/287/1552 1372/396/1553 1366/289/1554
f 1366/289/1299 1372/396/1555 1367/397/1556
f 1366/289/1557 1367/397/1558 1361/291/1559
f 1361/291/1560 1367/397/1558 1362/398/1561
f 1361/291/1562 1362/398/1563 1356/293/1564
f 1356/293/1565 1362/398/1566 1357/399/1567
f 1356/293/1565 1357/399/1568 1351/295/1569
f 1351/295/1314 1357/399/1570 1352/400/1571
f 1351/295/1572 1352/400/1573 1347/297/1574
f 1347/297/1574 1352/400/1575 1348/401/1576
f 1347/297/1577 1348/401/1578 1343/299/1579
f 1343/299/1579 1348/401/1580 1344/402/1581
f 1343/299/1579 1344/402/1581 1339/301/1372
f 1315/384/1582 1316/409/1583 1427/385/1584
f 1427/385/1584 1316/409/1585 1428/410/1586
f 1427/385/1587 1428/410/1588 1422/386/1589
f 1422/386/1590 1428/410/1591 1423/411/1592
f 1422/386/1590 1423/411/1593 1417/387/1594
f 1417/387/1595 1423/411/1596 1418/412/1597
f 1417/387/1598 1418/412/1599 1412/388/1600
f 1412/388/1601 1418/412/1599 1413/413/1602
f 1412/388/1601 1413/413/1602 1407/389/1603
f 1407/389/1603 1413/413/1604 1408/414/1605
f 1407/389/1606 1408/414/1607 1402/390/1608
f 1402/390/1609 1408/414/1610 1403/415/1611
f 1402/390/1609 1403/415/1612 1397/391/1613
f 1397/391/1534 1403/415/1614 1398/416/1615
f 1397/391/1616 1398/416/1617 1392/392/1618
f 1392/392/1619 1398/416/1617 1393/417/1620
f 1392/392/1621 1393/417/1622 1387/393/1623
f 1387/393/1623 1393/417/1622 1388/418/1624
f 1387/393/1625 1388/418/1626 1382/394/1546
f 1382/394/1546 1388/418/1626 1383/419/1627
f 1382/394/1628 1383/419/1629 1377/395/1630
f 1377/395/1547 1383/419/1631 1378/420/1632
f 1377/395/1633 1378/420/1634 1372/396/1635
f 1372/396/1636 1378/420/1637 1373/421/1638
f 1372/396/1639 1373/421/1640 1367/397/1641
f 1367/397/1642 1373/421/1643 1368/422/1644
f 1367/397/1645 1368/422/1646 1362/398/1647
f 1362/398/1648 1368/422/1646 1363/423/1649
f 1362/398/1650 1363/423/1651 1357/399/1652
f 1357/399/1653 1363/423/1649 1358/424/1654
f 1357/399/1655 1358/424/1656 1352/400/1657
f 1352/400/1658 1358/424/1659 1353/425/1660
f 1352/400/1661 1353/425/1662 1348/401/1663
f 1348/401/1663 1353/425/1664 1349/426/1665
f 1348/401/1666 1349/426/1667 1344/402/1668
f 1315/408/1669 1314/311/1670 1321/407/1671
f 1321/407/1672 1314/311/1670 1320/309/1673
f 1321/407/1674 1320/309/1675 1326/406/1676
f 1326/406/1677 1320/309/1675 1325/307/1678
f 1326/406/1679 1325/307/1680 1331/405/1681
f 1331/405/1682 1325/307/1680 1330/305/1683
f 1331/405/1684 1330/305/1685 1336/404/1686
f 1316/409/38 1317/434/39 1428/410/1687
f 1428/410/1688 1317/434/39 1429/435/1689
f 1428/410/1690 1429/435/1691 1423/411/1692
f 1423/411/1693 1429/435/1689 1424/436/1694
f 1423/411/1695 1424/436/1696 1418/412/1697
f 1418/412/1698 1424/436/1699 1419/437/1700
f 1418/412/1701 1419/437/1700 1413/413/1702
f 1413/413/1702 1419/437/1700 1414/438/1703
f 1413/413/1704 1414/438/1705 1408/414/1605
f 1408/414/1706 1414/438/1705 1409/439/1707
f 1408/414/1706 1409/439/1707 1403/415/1708
f 1403/415/1708 1409/439/1707 1404/440/1709
f 1403/415/1710 1404/440/1711 1398/416/1712
f 1398/416/1712 1404/440/1437 1399/441/1713
f 1398/416/1712 1399/441/1714 1393/417/1715
f 1393/417/1716 1399/441/1713 1394/442/1717
f 1393/417/1718 1394/442/1719 1388/418/1720
f 1388/418/1721 1394/442/1717 1389/443/1722
f 1388/418/1723 1389/443/1724 1383/419/1725
f 1383/419/1726 1389/443/1727 1384/444/1728
f 1383/419/1729 1384/444/1730 1378/420/1731
f 1378/420/1732 1384/444/1733 1379/445/1734
f 1378/420/1731 1379/445/1734 1373/421/1735
f 1373/421/1736 1379/445/1737 1374/446/49
f 1373/421/50 1374/446/1738 1368/422/1739
f 1368/422/1740 1374/446/49 1369/447/1741
f 1368/422/1740 1369/447/1742 1363/423/1743
f 1363/423/1744 1369/447/1745 1364/448/1746
f 1363/423/1747 1364/448/1748 1358/424/1749
f 1358/424/1749 1364/448/1748 1359/449/1750
f 1358/424/1751 1359/449/1752 1353/425/1753
f 1353/425/1754 1359/449/1752 1354/450/1755
f 1353/425/1756 1354/450/1360 1349/426/1757
f 1316/433/38 1315/408/1758 1322/432/1759
f 1322/432/1759 1315/408/1758 1321/407/1760
f 1322/432/1761 1321/407/1674 1327/431/1762
f 1327/431/1763 1321/407/1764 1326/406/1765
f 1327/431/1766 1326/406/1767 1332/430/1768
f 1332/430/1768 1326/406/1769 1331/405/1770
f 1332/430/1771 1331/405/1772 1337/429/1773
f 1337/429/1773 1331/405/1774 1336/404/1775
f 1337/429/1776 1336/404/1777 1341/428/1778
f 1317/458/1779 1316/433/1780 1323/457/1781
f 1323/457/1781 1316/433/1782 1322/432/1783
f 1323/457/1784 1322/432/1785 1328/456/1786
f 1328/456/1786 1322/432/1787 1327/431/1788
f 1328/456/1789 1327/431/1790 1333/455/1791
f 1333/455/1791 1327/431/1790 1332/430/1792
f 1333/455/1791 1332/430/1793 1338/454/1794
f 1338/454/1795 1332/430/1796 1337/429/1797
f 1338/454/1798 1337/429/1799 1342/453/1800
f 1342/453/1800 1337/429/1801 1341/428/1388
f 1342/453/1398 1341/428/1388 1346/452/1802
f 1296/712/1803 1295/713/1804 1444/714/1803
f 1444/714/1486 1295/713/1805 1445/715/1490
f 1444/714/1486 1445/715/1490 1443/716/1490
f 1443/716/1436 1445/715/1436 1442/717/1435
f 1442/717/1435 1445/715/1436 1448/718/1435
f 1442/717/1709 1448/718/1709 1441/719/1806
f 1441/719/1807 1448/718/1709 1452/720/1807
f 1441/719/1611 1452/720/1611 1440/721/1609
f 1440/721/1609 1452/720/1808 1455/722/1609
f 1440/721/1526 1455/722/1526 1439/723/1524
f 1439/723/1524 1455/722/1526 1458/724/1524
f 1439/723/1809 1458/724/1809 1438/725/1810
f 1438/725/1810 1458/724/1809 1457/726/1809
f 1438/725/1810 1457/726/1809 1437/727/1810
f 1437/727/1810 1457/726/1809 1456/728/1809
f 1437/727/1810 1456/728/1809 1436/729/1809
f 1436/729/1524 1456/728/1524 1435/730/1526
f 1435/730/1526 1456/728/1524 1453/731/1526
f 1435/730/1609 1453/731/1609 1434/747/1611
f 1434/747/1808 1453/731/1609 1450/733/1808
f 1434/747/1806 1450/733/1806 1433/734/1709
f 1433/734/1709 1450/733/1807 1446/735/1709
f 1433/734/1435 1446/735/1435 1432/736/1436
f 1432/736/1436 1446/735/1435 1449/737/1436
f 1432/736/1811 1449/737/1811 1431/738/1486
f 1431/738/1486 1449/737/1490 1291/739/1805
f 1431/738/1812 1291/739/1813 1290/740/1812
f 1295/713/1814 1294/741/1815 1445/715/1489
f 1445/715/1436 1294/741/1816 1448/718/1435
f 1294/741/1817 1293/742/1818 1448/718/1435
f 1448/718/1437 1293/742/1818 1447/743/1437
f 1448/718/1709 1447/743/1709 1452/720/1807
f 1452/720/1806 1447/743/1709 1451/744/1806
f 1452/720/1808 1451/744/1808 1455/722/1609
f 1455/722/1609 1451/744/1611 1454/745/1609
f 1455/722/1526 1454/745/1526 1458/724/1524
f 1458/724/1524 1454/745/1526 1457/726/1524
f 1447/743/1437 1293/742/1818 1446/735/1437
f 1446/735/1435 1293/742/1818 1292/746/1817
f 1446/735/1819 1292/746/1816 1449/737/1436
f 1449/737/1489 1292/746/1817 1291/739/1814
f 1451/744/1806 1447/743/1709 1446/735/1709
f 1451/744/1807 1446/735/1709 1450/733/1807
f 1454/745/1609 1451/744/1611 1450/733/1611
f 1454/745/1609 1450/733/1808 1453/731/1609
f 1457/726/1524 1454/745/1526 1453/731/1526
f 1457/726/1524 1453/731/1526 1456/728/1524
f 1460/748/1820 1267/749/1820 1459/750/28
f 1459/750/732 1267/749/733 1266/751/732
f 1459/752/158 1266/753/158 1482/754/731
f 1482/754/731 1266/753/158 1289/755/731
f 1482/754/779 1289/755/779 1481/756/778
f 1481/756/778 1289/755/779 1288/757/778
f 1481/756/776 1288/757/776 1480/758/777
f 1480/758/774 1288/757/776 1287/759/774
f 1480/758/974 1287/759/974 1479/760/973
f 1479/760/250 1287/759/773 1286/761/250
f 1479/760/1231 1286/761/1231 1478/762/771
f 1478/762/771 1286/761/772 1285/763/771
f 1478/762/245 1285/763/245 1477/764/240
f 1477/764/769 1285/763/1102 1284/765/769
f 1477/764/768 1284/765/768 1476/766/1099
f 1476/766/1101 1284/765/240 1283/767/1101
f 1476/766/766 1283/767/766 1475/768/765
f 1475/768/1230 1283/767/766 1282/769/1230
f 1475/768/764 1282/769/764 1474/770/763
f 1474/770/818 1282/769/764 1281/771/818
f 1474/770/761 1281/771/761 1473/772/760
f 1473/772/760 1281/771/761 1280/773/760
f 1473/772/222 1280/773/222 1472/774/759
f 1472/774/759 1280/773/222 1279/775/759
f 1472/774/1228 1279/775/1228 1471/776/757
f 1471/776/757 1279/775/1228 1278/777/757
f 1471/776/215 1278/777/215 1470/778/756
f 1470/778/756 1278/777/215 1277/779/756
f 1470/778/210 1277/779/210 1469/780/1227
f 1469/780/755 1277/779/210 1276/781/755
f 1469/780/204 1276/781/204 1468/782/753
f 1468/782/753 1276/781/204 1275/783/753
f 1468/782/751 1275/783/751 1467/784/750
f 1467/784/750 1275/783/751 1274/785/750
f 1467/784/971 1274/785/971 1466/786/748
f 1466/786/748 1274/785/971 1273/787/748
f 1466/786/747 1273/787/747 1465/788/100
f 1465/788/745 1273/787/1821 1272/789/745
f 1465/788/743 1272/789/743 1464/790/1822
f 1464/790/742 1272/789/100 1271/791/742
f 1464/790/184 1271/791/184 1463/792/970
f 1463/792/970 1271/791/184 1270/793/970
f 1463/792/179 1270/793/179 1462/794/739
f 1462/794/969 1270/793/179 1269/795/969
f 1462/794/736 1269/795/736 1461/796/171
f 1461/796/171 1269/795/737 1268/797/171
f 1461/796/735 1268/797/735 1460/748/734
f 1460/748/734 1268/797/735 1267/749/734
f 1484/308/1232 1536/309/1233 1483/310/732
f 1483/310/1234 1536/309/1233 1531/311/1235
f 1483/312/1236 1531/313/1823 1506/314/1824
f 1506/314/967 1531/313/1237 1646/315/1239
f 1506/314/1240 1646/315/1241 1505/316/1825
f 1505/316/1242 1646/315/1241 1641/317/1826
f 1505/316/1825 1641/317/1248 1504/318/1827
f 1504/318/1827 1641/317/1828 1636/319/1249
f 1504/318/1250 1636/319/1251 1503/320/1252
f 1503/320/1829 1636/319/1251 1631/321/1254
f 1503/320/1830 1631/321/1831 1502/322/771
f 1502/322/1256 1631/321/1257 1626/323/1262
f 1502/322/1259 1626/323/1262 1501/324/1261
f 1501/324/240 1626/323/1260 1621/325/1832
f 1501/324/1810 1621/325/1809 1500/326/1833
f 1500/326/1266 1621/325/1267 1616/327/1834
f 1500/326/1269 1616/327/1270 1499/328/1271
f 1499/328/1271 1616/327/1270 1611/329/1835
f 1499/328/1836 1611/329/1275 1498/330/763
f 1498/330/1276 1611/329/1275 1606/331/1837
f 1498/330/1838 1606/331/1280 1497/332/760
f 1497/332/1839 1606/331/1280 1601/333/1840
f 1497/332/1839 1601/333/1840 1496/284/1286
f 1496/284/1286 1601/333/1285 1596/285/1288
f 1496/284/1289 1596/285/1293 1495/286/757
f 1495/286/1291 1596/285/1841 1591/287/1842
f 1495/286/1295 1591/287/1843 1494/288/1844
f 1494/288/1297 1591/287/1298 1586/289/1299
f 1494/288/1300 1586/289/1845 1493/290/1846
f 1493/290/755 1586/289/1845 1581/291/1304
f 1493/290/1305 1581/291/1306 1492/292/1847
f 1492/292/1307 1581/291/1306 1576/293/1309
f 1492/292/1848 1576/293/1311 1491/294/1312
f 1491/294/1849 1576/293/1850 1571/295/1851
f 1491/294/1312 1571/295/1317 1490/296/1316
f 1490/296/1319 1571/295/1317 1566/297/1852
f 1490/296/1319 1566/297/1320 1489/298/1321
f 1489/298/1321 1566/297/1320 1561/299/1853
f 1489/298/1322 1561/299/1854 1488/300/742
f 1488/300/1330 1561/299/1855 1556/301/1332
f 1488/300/1327 1556/301/1331 1487/302/1856
f 1487/302/1856 1556/301/1857 1551/303/1858
f 1487/302/1859 1551/303/1335 1486/304/1860
f 1486/304/1861 1551/303/1335 1546/305/1336
f 1486/304/1337 1546/305/1338 1485/306/1339
f 1485/306/738 1546/305/1338 1541/307/1862
f 1485/306/1863 1541/307/1342 1484/308/1343
f 1484/308/1343 1541/307/1864 1536/309/1865
f 1508/358/44 1650/359/1866 1507/360/44
f 1507/360/44 1650/359/1479 1535/361/1478
f 1507/362/44 1535/363/1478 1530/364/44
f 1530/364/44 1535/363/1478 1540/365/1477
f 1530/364/44 1540/365/1477 1529/366/44
f 1529/366/44 1540/365/1477 1545/367/1473
f 1529/366/44 1545/367/1473 1528/368/44
f 1528/368/44 1545/367/1473 1550/369/1471
f 1528/368/1867 1550/369/1471 1527/370/1867
f 1527/370/1867 1550/369/1471 1555/371/1469
f 1527/370/1867 1555/371/1868 1526/372/1867
f 1526/372/1867 1555/371/1469 1560/373/1869
f 1526/372/1867 1560/373/1869 1525/374/1867
f 1525/374/1867 1560/373/1869 1565/375/1870
f 1525/374/1867 1565/375/1871 1524/376/1867
f 1524/376/1867 1565/375/1870 1570/377/1872
f 1524/376/1867 1570/377/1872 1523/378/1867
f 1523/378/1867 1570/377/1872 1575/379/1353
f 1523/378/1867 1575/379/1353 1522/380/1867
f 1522/380/1476 1575/379/1353 1580/381/1873
f 1522/380/45 1580/381/1873 1521/382/1867
f 1521/382/45 1580/381/1873 1585/383/1347
f 1521/382/45 1585/383/1347 1520/334/45
f 1520/334/45 1585/383/1347 1590/335/1499
f 1520/334/45 1590/335/1499 1519/336/45
f 1519/336/45 1590/335/1499 1595/337/1498
f 1519/336/45 1595/337/1498 1518/338/45
f 1518/338/45 1595/337/1498 1600/339/1497
f 1518/338/45 1600/339/1497 1517/340/45
f 1517/340/45 1600/339/1497 1605/341/1495
f 1517/340/1476 1605/341/1495 1516/342/45
f 1516/342/1476 1605/341/1495 1610/343/1494
f 1516/342/1476 1610/343/1494 1515/344/1476
f 1515/344/1476 1610/343/1494 1615/345/1492
f 1515/344/1486 1615/345/1492 1514/346/1476
f 1514/346/1486 1615/345/1492 1620/347/1491
f 1514/346/1486 1620/347/1491 1513/348/1486
f 1513/348/1486 1620/347/1491 1625/349/1489
f 1513/348/1486 1625/349/1490 1512/350/1486
f 1512/350/1486 1625/349/1489 1630/351/1487
f 1512/350/1486 1630/351/1487 1511/352/1486
f 1511/352/1476 1630/351/1487 1635/353/1485
f 1511/352/1486 1635/353/1485 1510/354/1486
f 1510/354/1476 1635/353/1485 1640/355/1483
f 1510/354/1476 1640/355/1483 1509/356/1476
f 1509/356/44 1640/355/1483 1645/357/1480
f 1509/356/44 1645/357/1480 1508/358/44
f 1508/358/1484 1645/357/1480 1650/359/1479
f 1531/313/1874 1532/384/1502 1646/315/1875
f 1646/315/1239 1532/384/1500 1647/385/1876
f 1646/315/1501 1647/385/1505 1641/317/1506
f 1641/317/1506 1647/385/1877 1642/386/1590
f 1641/317/1508 1642/386/1509 1636/319/1513
f 1636/319/1510 1642/386/1590 1637/387/1878
f 1636/319/1513 1637/387/1512 1631/321/1879
f 1631/321/1879 1637/387/1880 1632/388/1881
f 1631/321/1517 1632/388/1882 1626/323/1883
f 1626/323/1883 1632/388/1881 1627/389/1884
f 1626/323/1885 1627/389/1886 1621/325/1887
f 1621/325/1523 1627/389/1606 1622/390/1888
f 1621/325/1524 1622/390/1889 1616/327/1528
f 1616/327/1528 1622/390/1526 1617/391/1530
f 1616/327/1890 1617/391/1891 1611/329/1892
f 1611/329/1532 1617/391/1893 1612/392/1894
f 1611/329/1892 1612/392/1895 1606/331/1896
f 1606/331/1538 1612/392/1537 1607/393/1539
f 1606/331/1538 1607/393/1539 1601/333/1540
f 1601/333/1840 1607/393/1897 1602/394/1542
f 1601/333/1543 1602/394/1544 1596/285/1545
f 1596/285/1545 1602/394/1898 1597/395/1899
f 1596/285/1548 1597/395/1900 1591/287/55
f 1591/287/1842 1597/395/1549 1592/396/1551
f 1591/287/55 1592/396/54 1586/289/1554
f 1586/289/1554 1592/396/1555 1587/397/1642
f 1586/289/1557 1587/397/1558 1581/291/1560
f 1581/291/1560 1587/397/1901 1582/398/1902
f 1581/291/1562 1582/398/1563 1576/293/1903
f 1576/293/1565 1582/398/1563 1577/399/1567
f 1576/293/1565 1577/399/1567 1571/295/1569
f 1571/295/1569 1577/399/1904 1572/400/1905
f 1571/295/1572 1572/400/1575 1566/297/1574
f 1566/297/1906 1572/400/1907 1567/401/1576
f 1566/297/1906 1567/401/1908 1561/299/1909
f 1561/299/1579 1567/401/1580 1562/402/1581
f 1561/299/1910 1562/402/1911 1556/301/1912
f 1556/301/1372 1562/402/1368 1557/403/1371
f 1556/301/1373 1557/403/1374 1551/303/1375
f 1551/303/1913 1557/403/1374 1552/404/1914
f 1551/303/1394 1552/404/1395 1546/305/1396
f 1546/305/1915 1552/404/1395 1547/405/1916
f 1546/305/1915 1547/405/1917 1541/307/1680
f 1541/307/1680 1547/405/1916 1542/406/1679
f 1541/307/1678 1542/406/1676 1536/309/1675
f 1536/309/1865 1542/406/1676 1537/407/1918
f 1536/309/1673 1537/407/1671 1531/311/1670
f 1531/311/1235 1537/407/1919 1532/408/1669
f 1532/384/36 1533/409/38 1647/385/1920
f 1647/385/1584 1533/409/1585 1648/410/1586
f 1647/385/1921 1648/410/1588 1642/386/1922
f 1642/386/1923 1648/410/1591 1643/411/1592
f 1642/386/1924 1643/411/1593 1637/387/1594
f 1637/387/1595 1643/411/1596 1638/412/1925
f 1637/387/1926 1638/412/1927 1632/388/1928
f 1632/388/1928 1638/412/1929 1633/413/1930
f 1632/388/1931 1633/413/1604 1627/389/1932
f 1627/389/1522 1633/413/1602 1628/414/1605
f 1627/389/1606 1628/414/1610 1622/390/1609
f 1622/390/1609 1628/414/1610 1623/415/1611
f 1622/390/1609 1623/415/1808 1617/391/1933
f 1617/391/1933 1623/415/1612 1618/416/1934
f 1617/391/1616 1618/416/1935 1612/392/1936
f 1612/392/1619 1618/416/1617 1613/417/1715
f 1612/392/1937 1613/417/1938 1607/393/1623
f 1607/393/1623 1613/417/1622 1608/418/1939
f 1607/393/1940 1608/418/1941 1602/394/1942
f 1602/394/1546 1608/418/1943 1603/419/1627
f 1602/394/1944 1603/419/1627 1597/395/1945
f 1597/395/1945 1603/419/1631 1598/420/1632
f 1597/395/1946 1598/420/1637 1592/396/1636
f 1592/396/1635 1598/420/1947 1593/421/1948
f 1592/396/1639 1593/421/1643 1587/397/1642
f 1587/397/1641 1593/421/1736 1588/422/1949
f 1587/397/1645 1588/422/1646 1582/398/1647
f 1582/398/1950 1588/422/1951 1583/423/1952
f 1582/398/1650 1583/423/1649 1577/399/1652
f 1577/399/1652 1583/423/1649 1578/424/1751
f 1577/399/1655 1578/424/1656 1572/400/1953
f 1572/400/1954 1578/424/1955 1573/425/1956
f 1572/400/1661 1573/425/1662 1567/401/1663
f 1567/401/1957 1573/425/1664 1568/426/1665
f 1567/401/1666 1568/426/1667 1562/402/1367
f 1562/402/1958 1568/426/1959 1563/427/1364
f 1562/402/1960 1563/427/1961 1557/403/1370
f 1557/403/1389 1563/427/1962 1558/428/1963
f 1557/403/1964 1558/428/1965 1552/404/1777
f 1552/404/1777 1558/428/1965 1553/429/1799
f 1552/404/1966 1553/429/1773 1547/405/1774
f 1547/405/1774 1553/429/1967 1548/430/1968
f 1547/405/1770 1548/430/1969 1542/406/1769
f 1542/406/1970 1548/430/1796 1543/431/1971
f 1542/406/1765 1543/431/1763 1537/407/1764
f 1537/407/1674 1543/431/1762 1538/432/1972
f 1537/407/1760 1538/432/1785 1532/408/1758
f 1532/408/1973 1538/432/1974 1533/433/1975
f 1533/409/38 1534/434/1976 1648/410/1977
f 1648/410/1977 1534/434/39 1649/435/1689
f 1648/410/1690 1649/435/1691 1643/411/1692
f 1643/411/1692 1649/435/1691 1644/436/1694
f 1643/411/1978 1644/436/1696 1638/412/1697
f 1638/412/1697 1644/436/1699 1639/437/1700
f 1638/412/1701 1639/437/1700 1633/413/1979
f 1633/413/1702 1639/437/1700 1634/438/1703
f 1633/413/1704 1634/438/1705 1628/414/1605
f 1628/414/1980 1634/438/1705 1629/439/1981
f 1628/414/1706 1629/439/1707 1623/415/1806
f 1623/415/1612 1629/439/1707 1624/440/1709
f 1623/415/1807 1624/440/1711 1618/416/1982
f 1618/416/1712 1624/440/1709 1619/441/1713
f 1618/416/1983 1619/441/1714 1613/417/1716
f 1613/417/1715 1619/441/1714 1614/442/1717
f 1613/417/1984 1614/442/1985 1608/418/1721
f 1608/418/1720 1614/442/1985 1609/443/1724
f 1608/418/1723 1609/443/1724 1603/419/1725
f 1603/419/1726 1609/443/1724 1604/444/1986
f 1603/419/1729 1604/444/1733 1598/420/1731
f 1598/420/1731 1604/444/1733 1599/445/1987
f 1598/420/1947 1599/445/1737 1593/421/1736
f 1593/421/1988 1599/445/1734 1594/446/49
f 1593/421/1736 1594/446/49 1588/422/1989
f 1588/422/1989 1594/446/1738 1589/447/1741
f 1588/422/1990 1589/447/1745 1583/423/1744
f 1583/423/1991 1589/447/1741 1584/448/1746
f 1583/423/1992 1584/448/1748 1578/424/1749
f 1578/424/1749 1584/448/1993 1579/449/1752
f 1578/424/1994 1579/449/1752 1573/425/1753
f 1573/425/1756 1579/449/1752 1574/450/1755
f 1573/425/1756 1574/450/1360 1568/426/1757
f 1568/426/1995 1574/450/1360 1569/451/1363
f 1568/426/1995 1569/451/1363 1563/427/1996
f 1563/427/1997 1569/451/1363 1564/452/1998
f 1563/427/1364 1564/452/1383 1558/428/1999
f 1558/428/1999 1564/452/1802 1559/453/1398
f 1558/428/1999 1559/453/1800 1553/429/1799
f 1553/429/1801 1559/453/1800 1554/454/1798
f 1553/429/1801 1554/454/1798 1548/430/2000
f 1548/430/2000 1554/454/1798 1549/455/2001
f 1548/430/2002 1549/455/1791 1543/431/1790
f 1543/431/2003 1549/455/2004 1544/456/2005
f 1543/431/1788 1544/456/1786 1538/432/1787
f 1538/432/1761 1544/456/1786 1539/457/1784
f 1538/432/1785 1539/457/1781 1533/433/1782
f 1533/433/1782 1539/457/1781 1534/458/1779
f 1534/434/41 1535/361/42 1649/435/1419
f 1649/435/1419 1535/361/42 1650/359/1420
f 1649/435/1419 1650/359/2006 1644/436/1422
f 1644/436/2007 1650/359/1420 1645/357/1423
f 1644/436/1424 1645/357/1425 1639/437/1426
f 1639/437/1426 1645/357/1425 1640/355/1427
f 1639/437/1426 1640/355/2008 1634/438/1429
f 1634/438/2009 1640/355/1428 1635/353/1430
f 1634/438/2010 1635/353/1433 1629/439/1432
f 1629/439/1432 1635/353/1433 1630/351/1434
f 1629/439/1432 1630/351/1434 1624/440/1435
f 1624/440/1819 1630/351/1434 1625/349/1436
f 1624/440/1435 1625/349/1436 1619/441/2011
f 1619/441/1438 1625/349/1436 1620/347/1439
f 1619/441/1438 1620/347/1439 1614/442/2012
f 1614/442/2012 1620/347/1439 1615/345/1441
f 1614/442/2013 1615/345/1442 1609/443/1443
f 1609/443/1443 1615/345/1442 1610/343/1447
f 1609/443/1443 1610/343/1445 1604/444/1446
f 1604/444/2014 1610/343/1445 1605/341/1448
f 1604/444/2015 1605/341/1452 1599/445/1451
f 1599/445/1451 1605/341/1450 1600/339/2016
f 1599/445/1451 1600/339/1454 1594/446/48
f 1594/446/48 1600/339/1454 1595/337/2017
f 1594/446/48 1595/337/47 1589/447/1455
f 1589/447/1455 1595/337/47 1590/335/1456
f 1589/447/1455 1590/335/1459 1584/448/1458
f 1584/448/1457 1590/335/1456 1585/383/2018
f 1584/448/1461 1585/383/1462 1579/449/1463
f 1579/449/1463 1585/383/1462 1580/381/1464
f 1579/449/1463 1580/381/1465 1574/450/1356
f 1574/450/2019 1580/381/1354 1575/379/1355
f 1574/450/1357 1575/379/2020 1569/451/1359
f 1569/451/1359 1575/379/1358 1570/377/2021
f 1569/451/1380 1570/377/2021 1564/452/2022
f 1564/452/2023 1570/377/2021 1565/375/2024
f 1564/452/2022 1565/375/2025 1559/453/1401
f 1559/453/1401 1565/375/2025 1560/373/2026
f 1559/453/1401 1560/373/2026 1554/454/1403
f 1554/454/1403 1560/373/2026 1555/371/2027
f 1554/454/2028 1555/371/1407 1549/455/1408
f 1549/455/1408 1555/371/1407 1550/369/2029
f 1549/455/1408 1550/369/1410 1544/456/1411
f 1544/456/1412 1550/369/1409 1545/367/1413
f 1544/456/2030 1545/367/2031 1539/457/1415
f 1539/457/1415 1545/367/1414 1540/365/1416
f 1539/457/1415 1540/365/1418 1534/458/41
f 1534/458/41 1540/365/1418 1535/363/42
f 1290/222/1476 1313/223/1476 1431/216/1476
f 1431/216/1476 1313/223/1476 1312/224/1476
f 1431/216/1476 1312/224/1476 1311/225/1476
f 1431/216/1476 1311/225/1476 1742/217/1476
f 1742/217/1476 1311/225/1476 1310/226/1476
f 1742/217/1476 1310/226/1476 1741/227/1476
f 1741/227/1476 1310/226/1476 1309/228/1476
f 1741/227/1476 1309/228/1476 1308/229/1476
f 1741/227/1476 1308/229/1476 1740/230/1476
f 1740/230/1476 1308/229/1476 1307/231/1476
f 1740/230/1476 1307/231/1476 1306/232/1476
f 1740/230/1476 1306/232/1476 1739/233/1476
f 1739/233/1476 1306/232/1476 1305/234/1476
f 1739/233/1476 1305/234/1476 1304/235/1476
f 1739/233/1476 1304/235/1476 1738/236/1476
f 1738/236/1476 1304/235/1476 1303/237/1476
f 1738/236/1476 1303/237/1476 1302/238/1476
f 1738/236/1476 1302/238/1476 1737/239/1476
f 1737/239/1476 1302/238/1476 1301/240/1476
f 1737/239/1476 1301/240/1476 1300/241/1476
f 1737/239/1476 1300/241/1476 1736/242/1476
f 1736/242/1476 1300/241/1476 1299/243/1476
f 1736/242/1476 1299/243/1476 1444/244/1476
f 1444/244/1476 1299/243/1476 1298/245/1476
f 1444/244/1476 1298/245/1476 1297/246/1476
f 1297/246/1476 1296/247/1476 1444/244/1476
f 1651/248/1476 1656/249/1476 1444/244/1476
f 1444/244/1476 1656/249/1476 1685/250/1476
f 1444/244/1476 1685/250/1476 1686/251/1476
f 1651/248/1476 1652/252/1476 1656/249/1476
f 1656/249/1476 1652/252/1476 1653/253/1476
f 1656/249/1476 1653/253/1476 1654/254/1476
f 1654/254/1476 1655/255/1476 1656/249/1476
f 1657/195/1476 1704/256/1476 1656/249/1476
f 1656/249/1476 1704/256/1476 1681/257/1476
f 1656/249/1476 1681/257/1476 1682/258/1476
f 1658/193/1476 1701/194/1476 1657/195/1476
f 1657/195/1476 1701/194/1476 1702/196/1476
f 1657/195/1476 1702/196/1476 1703/197/1476
f 1701/194/1476 1658/193/1476 1700/192/1476
f 1700/192/1476 1658/193/1476 1659/191/1476
f 1700/192/1476 1659/191/1476 1731/155/1476
f 1731/155/1476 1659/191/1476 1660/190/1476
f 1731/155/1476 1660/190/1476 1661/189/1476
f 1661/189/1476 1662/188/1476 1731/155/1476
f 1731/155/1476 1662/188/1476 1663/187/1476
f 1731/155/1476 1663/187/1476 1730/184/1476
f 1730/184/1476 1663/187/1476 1664/186/1476
f 1730/184/1476 1664/186/1476 1665/185/1476
f 1665/185/1476 1666/183/1476 1730/184/1476
f 1730/184/1476 1666/183/1476 1729/181/1476
f 1729/181/1476 1666/183/1476 1667/182/1476
f 1729/181/1476 1667/182/1476 1668/180/1476
f 1729/181/1476 1668/180/1476 1732/134/1476
f 1732/134/1476 1668/180/1476 1669/179/1476
f 1732/134/1476 1669/179/1476 1670/178/1476
f 1670/178/1476 1671/177/1476 1732/134/1476
f 1732/134/1476 1671/177/1476 1672/176/1476
f 1732/134/1476 1672/176/1476 1514/175/1476
f 1514/175/1476 1672/176/1476 1673/174/1476
f 1514/175/1476 1673/174/1476 1515/173/1476
f 1515/173/1476 1673/174/1476 1674/170/1476
f 1515/173/1476 1674/170/1476 1516/172/1476
f 1516/172/1476 1674/170/1476 1517/171/1476
f 1517/171/1476 1674/170/1476 1518/169/1476
f 1518/169/1476 1674/170/1476 1675/168/1476
f 1518/169/1476 1675/168/1476 1519/167/1476
f 1519/167/1476 1675/168/1476 1520/166/1476
f 1520/166/1476 1675/168/1476 1521/221/1476
f 1521/221/1476 1675/168/1476 1522/220/1476
f 1522/220/1476 1675/168/1476 1523/219/1476
f 1523/219/1476 1675/168/1476 1431/216/1476
f 1523/219/1476 1431/216/1476 1524/218/1476
f 1524/218/1476 1431/216/1476 1525/215/1476
f 1525/215/1476 1431/216/1476 1526/214/1476
f 1526/214/1476 1431/216/1476 1742/217/1476
f 1526/214/1476 1742/217/1476 1743/212/1476
f 1676/259/1476 1677/260/1476 1675/168/1476
f 1675/168/1476 1677/260/1476 1678/261/1476
f 1675/168/1476 1678/261/1476 1679/262/1476
f 1679/262/1476 1680/263/1476 1675/168/1476
f 1675/168/1476 1680/263/1476 1431/216/1476
f 1682/258/1476 1683/275/1476 1656/249/1476
f 1656/249/1476 1683/275/1476 1684/276/1476
f 1656/249/1476 1684/276/1476 1685/250/1476
f 1686/251/1476 1687/277/1476 1444/244/1476
f 1444/244/1476 1687/277/1476 1688/278/1476
f 1444/244/1476 1688/278/1476 1736/242/1476
f 1736/242/1476 1688/278/1476 1735/279/1476
f 1735/279/1476 1688/278/1476 1689/280/1476
f 1735/279/1476 1689/280/1476 1690/281/1476
f 1735/279/1476 1690/281/1476 1734/282/1476
f 1734/282/1476 1690/281/1476 1691/283/1476
f 1734/282/1476 1691/283/1476 1692/264/1476
f 1734/282/1476 1692/264/1476 1733/266/1476
f 1733/266/1476 1692/264/1476 1693/265/1476
f 1733/266/1476 1693/265/1476 1694/267/1476
f 1733/266/1476 1694/267/1476 1756/268/1476
f 1756/268/1476 1694/267/1476 1695/269/1476
f 1756/268/1476 1695/269/1476 1696/270/1476
f 1756/268/1476 1696/270/1476 1755/271/1476
f 1755/271/1476 1696/270/1476 1697/272/1476
f 1755/271/1476 1697/272/1476 1698/273/1476
f 1699/274/1476 1731/155/1476 1698/273/1476
f 1698/273/1476 1731/155/1476 1754/153/1476
f 1698/273/1476 1754/153/1476 1755/271/1476
f 1699/274/1476 1700/192/1476 1731/155/1476
f 1703/197/1476 1704/256/1476 1657/195/1476
f 1706/152/1476 1754/153/1476 1705/154/1476
f 1705/154/1476 1754/153/1476 1731/155/1476
f 1705/154/1476 1731/155/1476 1728/156/1476
f 1728/156/1476 1731/155/1476 1727/157/1476
f 1727/157/1476 1731/155/1476 1726/158/1476
f 1726/158/1476 1731/155/1476 1725/159/1476
f 1725/159/1476 1731/155/1476 1724/160/1476
f 1724/160/1476 1731/155/1476 1723/161/1476
f 1723/161/1476 1731/155/1476 1732/134/1476
f 1723/161/1476 1732/134/1476 1722/162/1476
f 1722/162/1476 1732/134/1476 1721/163/1476
f 1721/163/1476 1732/134/1476 1720/164/1476
f 1720/164/1476 1732/134/1476 1719/165/1476
f 1719/165/1476 1732/134/1476 1718/133/1476
f 1718/133/1476 1732/134/1476 1717/135/1476
f 1717/135/1476 1732/134/1476 1748/136/1476
f 1717/135/1476 1748/136/1476 1716/137/1476
f 1716/137/1476 1748/136/1476 1749/138/1476
f 1716/137/1476 1749/138/1476 1715/139/1476
f 1715/139/1476 1749/138/1476 1714/140/1476
f 1714/140/1476 1749/138/1476 1750/141/1476
f 1714/140/1476 1750/141/1476 1713/142/1476
f 1713/142/1476 1750/141/1476 1712/143/1476
f 1712/143/1476 1750/141/1476 1751/144/1476
f 1712/143/1476 1751/144/1476 1711/145/1476
f 1711/145/1476 1751/144/1476 1710/146/1476
f 1710/146/1476 1751/144/1476 1752/147/1476
f 1710/146/1476 1752/147/1476 1709/148/1476
f 1709/148/1476 1752/147/1476 1708/149/1476
f 1708/149/1476 1752/147/1476 1753/150/1476
f 1708/149/1476 1753/150/1476 1707/151/1476
f 1707/151/1476 1753/150/1476 1706/152/1476
f 1706/152/1476 1753/150/1476 1754/153/1476
f 1744/209/1476 1528/211/1476 1743/212/1476
f 1743/212/1476 1528/211/1476 1527/213/1476
f 1743/212/1476 1527/213/1476 1526/214/1476
f 1745/206/1476 1530/208/1476 1744/209/1476
f 1744/209/1476 1530/208/1476 1529/210/1476
f 1744/209/1476 1529/210/1476 1528/211/1476
f 1746/203/1476 1508/205/1476 1745/206/1476
f 1745/206/1476 1508/205/1476 1507/207/1476
f 1745/206/1476 1507/207/1476 1530/208/1476
f 1747/200/1476 1510/202/1476 1746/203/1476
f 1746/203/1476 1510/202/1476 1509/204/1476
f 1746/203/1476 1509/204/1476 1508/205/1476
f 1748/136/1476 1512/199/1476 1747/200/1476
f 1747/200/1476 1512/199/1476 1511/201/1476
f 1747/200/1476 1511/201/1476 1510/202/1476
f 1514/175/1476 1513/198/1476 1732/134/1476
f 1732/134/1476 1513/198/1476 1512/199/1476
f 1732/134/1476 1512/199/1476 1748/136/1476
f 1758/748/733 1484/749/733 1757/750/732
f 1757/750/732 1484/749/733 1483/751/732
f 1757/752/28 1483/753/28 1780/754/730
f 1780/754/731 1483/753/158 1506/755/731
f 1780/754/779 1506/755/779 1779/756/778
f 1779/756/778 1506/755/779 1505/757/778
f 1779/756/775 1505/757/775 1778/758/774
f 1778/758/777 1505/757/776 1504/759/777
f 1778/758/773 1504/759/773 1777/760/250
f 1777/760/250 1504/759/773 1503/761/250
f 1777/760/250 1503/761/250 1776/762/1105
f 1776/762/1102 1503/761/1104 1502/763/1102
f 1776/762/1102 1502/763/1102 1775/764/1103
f 1775/764/240 1502/763/245 1501/765/240
f 1775/764/240 1501/765/240 1774/766/1101
f 1774/766/1099 1501/765/1100 1500/767/1099
f 1774/766/1099 1500/767/1099 1773/768/1132
f 1773/768/820 1500/767/1098 1499/769/820
f 1773/768/764 1499/769/764 1772/770/763
f 1772/770/763 1499/769/764 1498/771/763
f 1772/770/1097 1498/771/1097 1771/772/760
f 1771/772/762 1498/771/761 1497/773/762
f 1771/772/222 1497/773/222 1770/774/759
f 1770/774/759 1497/773/222 1496/775/759
f 1770/774/758 1496/775/758 1769/776/757
f 1769/776/757 1496/775/758 1495/777/757
f 1769/776/215 1495/777/215 1768/778/756
f 1768/778/756 1495/777/215 1494/779/756
f 1768/778/210 1494/779/210 1767/780/755
f 1767/780/755 1494/779/210 1493/781/755
f 1767/780/754 1493/781/754 1766/782/753
f 1766/782/972 1493/781/204 1492/783/972
f 1766/782/199 1492/783/199 1765/784/750
f 1765/784/752 1492/783/198 1491/785/752
f 1765/784/749 1491/785/749 1764/786/748
f 1764/786/748 1491/785/749 1490/787/748
f 1764/786/747 1490/787/747 1763/788/100
f 1763/788/100 1490/787/747 1489/789/100
f 1763/788/100 1489/789/100 1762/790/742
f 1762/790/742 1489/789/100 1488/791/742
f 1762/790/184 1488/791/184 1761/792/741
f 1761/792/740 1488/791/184 1487/793/740
f 1761/792/740 1487/793/740 1760/794/739
f 1760/794/739 1487/793/179 1486/795/739
f 1760/794/736 1486/795/736 1759/796/171
f 1759/796/738 1486/795/737 1485/797/738
f 1759/796/735 1485/797/735 1758/748/734
f 1758/748/734 1485/797/735 1484/749/734
f 1782/308/1232 1810/309/1233 1781/310/732
f 1781/310/1234 1810/309/1233 1805/311/1235
f 1781/312/1236 1805/313/1823 1804/314/1824
f 1804/314/967 1805/313/1237 1920/315/1239
f 1804/314/1240 1920/315/1241 1803/316/1825
f 1803/316/778 1920/315/2032 1915/317/1245
f 1803/316/1825 1915/317/1248 1802/318/777
f 1802/318/1827 1915/317/1828 1910/319/1249
f 1802/318/1250 1910/319/1251 1801/320/1252
f 1801/320/1829 1910/319/1251 1905/321/1254
f 1801/320/2033 1905/321/1257 1800/322/771
f 1800/322/1256 1905/321/1257 1900/323/1262
f 1800/322/1259 1900/323/1262 1799/324/1261
f 1799/324/1261 1900/323/1260 1895/325/1809
f 1799/324/1810 1895/325/1809 1798/326/1833
f 1798/326/1266 1895/325/1267 1890/327/1834
f 1798/326/1269 1890/327/1270 1797/328/1271
f 1797/328/1271 1890/327/1270 1885/329/1835
f 1797/328/1836 1885/329/1275 1796/330/1277
f 1796/330/1276 1885/329/1275 1880/331/1837
f 1796/330/1279 1880/331/1280 1795/332/1839
f 1795/332/1839 1880/331/1280 1875/333/1840
f 1795/332/1839 1875/333/1840 1794/284/1286
f 1794/284/1286 1875/333/1285 1870/285/1288
f 1794/284/1289 1870/285/2034 1793/286/757
f 1793/286/1291 1870/285/1841 1865/287/1842
f 1793/286/1295 1865/287/1298 1792/288/209
f 1792/288/1297 1865/287/1298 1860/289/1299
f 1792/288/1300 1860/289/1845 1791/290/1846
f 1791/290/1302 1860/289/1845 1855/291/2035
f 1791/290/1305 1855/291/1306 1790/292/1847
f 1790/292/753 1855/291/2036 1850/293/1309
f 1790/292/1848 1850/293/1313 1789/294/1312
f 1789/294/1849 1850/293/1850 1845/295/1314
f 1789/294/1312 1845/295/1317 1788/296/1316
f 1788/296/1319 1845/295/1317 1840/297/1852
f 1788/296/1319 1840/297/1320 1787/298/1321
f 1787/298/1321 1840/297/1320 1835/299/1853
f 1787/298/1322 1835/299/1854 1786/300/742
f 1786/300/1330 1835/299/1855 1830/301/1332
f 1786/300/1327 1830/301/1331 1785/302/970
f 1785/302/1856 1830/301/1857 1825/303/1858
f 1785/302/1859 1825/303/1333 1784/304/1860
f 1784/304/1861 1825/303/1335 1820/305/2037
f 1784/304/1337 1820/305/1338 1783/306/1339
f 1783/306/1339 1820/305/1338 1815/307/1862
f 1783/306/2038 1815/307/1342 1782/308/734
f 1782/308/1343 1815/307/1864 1810/309/1865
f 1704/358/44 1924/359/1479 1681/360/44
f 1681/360/44 1924/359/1479 1809/361/1478
f 1681/362/44 1809/363/1478 1682/364/44
f 1682/364/44 1809/363/1478 1814/365/1477
f 1682/364/44 1814/365/1477 1683/366/44
f 1683/366/44 1814/365/1477 1819/367/1473
f 1683/366/1476 1819/367/1473 1684/368/44
f 1684/368/1476 1819/367/1473 1824/369/1471
f 1684/368/1867 1824/369/1471 1685/370/1867
f 1685/370/1867 1824/369/1471 1829/371/1469
f 1685/370/1867 1829/371/1868 1686/372/1867
f 1686/372/1867 1829/371/1469 1834/373/1869
f 1686/372/1867 1834/373/1869 1687/374/1867
f 1687/374/1867 1834/373/1869 1839/375/1870
f 1687/374/1867 1839/375/1871 1688/376/1867
f 1688/376/1867 1839/375/1870 1844/377/1872
f 1688/376/1867 1844/377/1872 1689/378/1867
f 1689/378/1476 1844/377/2039 1849/379/1353
f 1689/378/1867 1849/379/1353 1690/380/1867
f 1690/380/1476 1849/379/1353 1854/381/1873
f 1690/380/45 1854/381/1873 1691/382/1476
f 1691/382/45 1854/381/1873 1859/383/1347
f 1691/382/45 1859/383/1347 1692/334/45
f 1692/334/45 1859/383/1347 1864/335/1499
f 1692/334/45 1864/335/1499 1693/336/45
f 1693/336/45 1864/335/1499 1869/337/1498
f 1693/336/45 1869/337/1498 1694/338/45
f 1694/338/45 1869/337/1498 1874/339/1497
f 1694/338/45 1874/339/1497 1695/340/45
f 1695/340/45 1874/339/1497 1879/341/1495
f 1695/340/1476 1879/341/1495 1696/342/45
f 1696/342/45 1879/341/1495 1884/343/1494
f 1696/342/1476 1884/343/1494 1697/344/1476
f 1697/344/1476 1884/343/1494 1889/345/1492
f 1697/344/1476 1889/345/2040 1698/346/1476
f 1698/346/1486 1889/345/1492 1894/347/1491
f 1698/346/1486 1894/347/1491 1699/348/1486
f 1699/348/1486 1894/347/1491 1899/349/1489
f 1699/348/1486 1899/349/1490 1700/350/1486
f 1700/350/1486 1899/349/1489 1904/351/1487
f 1700/350/1486 1904/351/1487 1701/352/1486
f 1701/352/1476 1904/351/1487 1909/353/1485
f 1701/352/1486 1909/353/1485 1702/354/1486
f 1702/354/1476 1909/353/1485 1914/355/1483
f 1702/354/1476 1914/355/1483 1703/356/1476
f 1703/356/1476 1914/355/1483 1919/357/1480
f 1703/356/44 1919/357/1480 1704/358/44
f 1704/358/44 1919/357/1480 1924/359/1479
f 1805/313/1874 1806/384/2041 1920/315/1875
f 1920/315/1239 1806/384/1500 1921/385/1876
f 1920/315/1501 1921/385/1877 1915/317/1506
f 1915/317/1506 1921/385/1505 1916/386/1507
f 1915/317/1508 1916/386/1509 1910/319/1513
f 1910/319/2042 1916/386/1509 1911/387/2043
f 1910/319/1513 1911/387/1512 1905/321/1879
f 1905/321/1879 1911/387/1880 1906/388/1881
f 1905/321/1517 1906/388/1882 1900/323/1883
f 1900/323/1883 1906/388/1881 1901/389/1884
f 1900/323/1885 1901/389/1886 1895/325/1887
f 1895/325/1523 1901/389/1606 1896/390/1888
f 1895/325/1524 1896/390/2044 1890/327/1528
f 1890/327/1528 1896/390/1526 1891/391/1530
f 1890/327/1890 1891/391/1891 1885/329/1892
f 1885/329/1532 1891/391/1531 1886/392/1894
f 1885/329/1892 1886/392/1537 1880/331/2045
f 1880/331/1538 1886/392/1895 1881/393/1539
f 1880/331/1538 1881/393/1539 1875/333/1540
f 1875/333/1840 1881/393/1897 1876/394/1542
f 1875/333/1543 1876/394/1544 1870/285/1545
f 1870/285/1545 1876/394/1898 1871/395/1899
f 1870/285/1548 1871/395/1900 1865/287/55
f 1865/287/1842 1871/395/1549 1866/396/1551
f 1865/287/55 1866/396/54 1860/289/1554
f 1860/289/1554 1866/396/2046 1861/397/1642
f 1860/289/2047 1861/397/1558 1855/291/1560
f 1855/291/1560 1861/397/1901 1856/398/1902
f 1855/291/1562 1856/398/1563 1850/293/1903
f 1850/293/1903 1856/398/1563 1851/399/1567
f 1850/293/1565 1851/399/1567 1845/295/1569
f 1845/295/1569 1851/399/2048 1846/400/1905
f 1845/295/1572 1846/400/1575 1840/297/1574
f 1840/297/1906 1846/400/1907 1841/401/1576
f 1840/297/1906 1841/401/1908 1835/299/1909
f 1835/299/1324 1841/401/1580 1836/402/1581
f 1835/299/1910 1836/402/1911 1830/301/1912
f 1830/301/1372 1836/402/1368 1831/403/1371
f 1830/301/1373 1831/403/1374 1825/303/2049
f 1825/303/1913 1831/403/1390 1826/404/2050
f 1825/303/1394 1826/404/1395 1820/305/1396
f 1820/305/1915 1826/404/1395 1821/405/1916
f 1820/305/2051 1821/405/1916 1815/307/1680
f 1815/307/1680 1821/405/1916 1816/406/1679
f 1815/307/1864 1816/406/1676 1810/309/2052
f 1810/309/1675 1816/406/1767 1811/407/1674
f 1810/309/1673 1811/407/1919 1805/311/1670
f 1805/311/1670 1811/407/1919 1806/408/1582
f 1806/384/36 1807/409/38 1921/385/1920
f 1921/385/1584 1807/409/2053 1922/410/2054
f 1921/385/1921 1922/410/1588 1916/386/1589
f 1916/386/1923 1922/410/1591 1917/411/1693
f 1916/386/1590 1917/411/1593 1911/387/1595
f 1911/387/1595 1917/411/1596 1912/412/1925
f 1911/387/1926 1912/412/1929 1906/388/1928
f 1906/388/1928 1912/412/1599 1907/413/1930
f 1906/388/1931 1907/413/1604 1901/389/1932
f 1901/389/1522 1907/413/1930 1902/414/1605
f 1901/389/2055 1902/414/2056 1896/390/1609
f 1896/390/1609 1902/414/1610 1897/415/1611
f 1896/390/1609 1897/415/1808 1891/391/1933
f 1891/391/1933 1897/415/1612 1892/416/1934
f 1891/391/1531 1892/416/1935 1886/392/1619
f 1886/392/1619 1892/416/1617 1887/417/1715
f 1886/392/2057 1887/417/2058 1881/393/2059
f 1881/393/1623 1887/417/1622 1882/418/1624
f 1881/393/1940 1882/418/1941 1876/394/1942
f 1876/394/1628 1882/418/1943 1877/419/2060
f 1876/394/2061 1877/419/1629 1871/395/1945
f 1871/395/1945 1877/419/1629 1872/420/1732
f 1871/395/1946 1872/420/1637 1866/396/2062
f 1866/396/1635 1872/420/1947 1867/421/1948
f 1866/396/1639 1867/421/1643 1861/397/1642
f 1861/397/1641 1867/421/1640 1862/422/1949
f 1861/397/2063 1862/422/1951 1856/398/1950
f 1856/398/2064 1862/422/1951 1857/423/1952
f 1856/398/1650 1857/423/1649 1851/399/1652
f 1851/399/1652 1857/423/1649 1852/424/1751
f 1851/399/1655 1852/424/1656 1846/400/1953
f 1846/400/1954 1852/424/1955 1847/425/1956
f 1846/400/1661 1847/425/1664 1841/401/1663
f 1841/401/1957 1847/425/1664 1842/426/1665
f 1841/401/1666 1842/426/1667 1836/402/1367
f 1836/402/1958 1842/426/1959 1837/427/1962
f 1836/402/2065 1837/427/1961 1831/403/1389
f 1831/403/1389 1837/427/1962 1832/428/1963
f 1831/403/1390 1832/428/1778 1826/404/1392
f 1826/404/1777 1832/428/1391 1827/429/1799
f 1826/404/1775 1827/429/1773 1821/405/1774
f 1821/405/1774 1827/429/1967 1822/430/1968
f 1821/405/1770 1822/430/1969 1816/406/1769
f 1816/406/1970 1822/430/1796 1817/431/1971
f 1816/406/1765 1817/431/1763 1811/407/1764
f 1811/407/1674 1817/431/1762 1812/432/1972
f 1811/407/1760 1812/432/1759 1806/408/1758
f 1806/408/1758 1812/432/1974 1807/433/1975
f 1807/409/38 1808/434/1976 1922/410/1977
f 1922/410/1977 1808/434/39 1923/435/2066
f 1922/410/2067 1923/435/1691 1917/411/1692
f 1917/411/2068 1923/435/1689 1918/436/1694
f 1917/411/1978 1918/436/1696 1912/412/1697
f 1912/412/1697 1918/436/1699 1913/437/1700
f 1912/412/1701 1913/437/1700 1907/413/1702
f 1907/413/2069 1913/437/2070 1908/438/1705
f 1907/413/2069 1908/438/1705 1902/414/1605
f 1902/414/2071 1908/438/1705 1903/439/1981
f 1902/414/2072 1903/439/1707 1897/415/1807
f 1897/415/1807 1903/439/1707 1898/440/1437
f 1897/415/1612 1898/440/1711 1892/416/1982
f 1892/416/2073 1898/440/1709 1893/441/1713
f 1892/416/1983 1893/441/1713 1887/417/1716
f 1887/417/1715 1893/441/1714 1888/442/1717
f 1887/417/1984 1888/442/1985 1882/418/1721
f 1882/418/1720 1888/442/1985 1883/443/1724
f 1882/418/2074 1883/443/1724 1877/419/1725
f 1877/419/1726 1883/443/1724 1878/444/1986
f 1877/419/1729 1878/444/1733 1872/420/1731
f 1872/420/1731 1878/444/1733 1873/445/1987
f 1872/420/1947 1873/445/1737 1867/421/1736
f 1867/421/1736 1873/445/1734 1868/446/49
f 1867/421/1736 1868/446/49 1862/422/1989
f 1862/422/1989 1868/446/1738 1863/447/1741
f 1862/422/2075 1863/447/1745 1857/423/1744
f 1857/423/1744 1863/447/1745 1858/448/1746
f 1857/423/1992 1858/448/1748 1852/424/1749
f 1852/424/1749 1858/448/1993 1853/449/2076
f 1852/424/1994 1853/449/2077 1847/425/1753
f 1847/425/1756 1853/449/1752 1848/450/1755
f 1847/425/1756 1848/450/1360 1842/426/1757
f 1842/426/2078 1848/450/1360 1843/451/1363
f 1842/426/1995 1843/451/1363 1837/427/1366
f 1837/427/1364 1843/451/1363 1838/452/1998
f 1837/427/1364 1838/452/1385 1832/428/1388
f 1832/428/1999 1838/452/1802 1833/453/1398
f 1832/428/1388 1833/453/1398 1827/429/1799
f 1827/429/2079 1833/453/1800 1828/454/1798
f 1827/429/1801 1828/454/2080 1822/430/2000
f 1822/430/2000 1828/454/1798 1823/455/1791
f 1822/430/1796 1823/455/1791 1817/431/2003
f 1817/431/2003 1823/455/1791 1818/456/1786
f 1817/431/1788 1818/456/2081 1812/432/2082
f 1812/432/2083 1818/456/1786 1813/457/1784
f 1812/432/2083 1813/457/1781 1807/433/1782
f 1807/433/2084 1813/457/2085 1808/458/39
f 1808/434/41 1809/361/42 1923/435/1419
f 1923/435/1419 1809/361/42 1924/359/1420
f 1923/435/1419 1924/359/2006 1918/436/1422
f 1918/436/1421 1924/359/1420 1919/357/1423
f 1918/436/1424 1919/357/1425 1913/437/1426
f 1913/437/1426 1919/357/1425 1914/355/1427
f 1913/437/1426 1914/355/2008 1908/438/2009
f 1908/438/2009 1914/355/1428 1909/353/1430
f 1908/438/2010 1909/353/2086 1903/439/1432
f 1903/439/1432 1909/353/1433 1904/351/1434
f 1903/439/1432 1904/351/1434 1898/440/1435
f 1898/440/1435 1904/351/1434 1899/349/1436
f 1898/440/1435 1899/349/1436 1893/441/2087
f 1893/441/1438 1899/349/1436 1894/347/1439
f 1893/441/1438 1894/347/1439 1888/442/2012
f 1888/442/2012 1894/347/1439 1889/345/2088
f 1888/442/2013 1889/345/1442 1883/443/1443
f 1883/443/1443 1889/345/1442 1884/343/1447
f 1883/443/1443 1884/343/1445 1878/444/1446
f 1878/444/2014 1884/343/1445 1879/341/1448
f 1878/444/2015 1879/341/1452 1873/445/1451
f 1873/445/1451 1879/341/1450 1874/339/2016
f 1873/445/1451 1874/339/1454 1868/446/48
f 1868/446/48 1874/339/1454 1869/337/47
f 1868/446/48 1869/337/47 1863/447/1455
f 1863/447/1455 1869/337/47 1864/335/1456
f 1863/447/1455 1864/335/1456 1858/448/1458
f 1858/448/1457 1864/335/1456 1859/383/2018
f 1858/448/1461 1859/383/1462 1853/449/1463
f 1853/449/1463 1859/383/1462 1854/381/1464
f 1853/449/1463 1854/381/1465 1848/450/1356
f 1848/450/1356 1854/381/1354 1849/379/1355
f 1848/450/1357 1849/379/2020 1843/451/1359
f 1843/451/1359 1849/379/1358 1844/377/2021
f 1843/451/2089 1844/377/2021 1838/452/2022
f 1838/452/2023 1844/377/2021 1839/375/2024
f 1838/452/2022 1839/375/2025 1833/453/1401
f 1833/453/1401 1839/375/2025 1834/373/2026
f 1833/453/1401 1834/373/2026 1828/454/1403
f 1828/454/1403 1834/373/2026 1829/371/1405
f 1828/454/2028 1829/371/1407 1823/455/1408
f 1823/455/1408 1829/371/1407 1824/369/2029
f 1823/455/1408 1824/369/1410 1818/456/1412
f 1818/456/1411 1824/369/1409 1819/367/1413
f 1818/456/2090 1819/367/2031 1813/457/1415
f 1813/457/1415 1819/367/1414 1814/365/1416
f 1813/457/1415 1814/365/1418 1808/458/41
f 1808/458/41 1814/365/1418 1809/363/42
f 1926/748/733 1782/749/733 1925/750/732
f 1925/750/732 1782/749/733 1781/751/732
f 1925/752/28 1781/753/28 1948/754/730
f 1948/754/731 1781/753/158 1804/755/731
f 1948/754/779 1804/755/779 1947/756/778
f 1947/756/778 1804/755/779 1803/757/778
f 1947/756/775 1803/757/775 1946/758/774
f 1946/758/777 1803/757/776 1802/759/777
f 1946/758/773 1802/759/773 1945/760/250
f 1945/760/250 1802/759/773 1801/761/250
f 1945/760/250 1801/761/250 1944/762/1105
f 1944/762/1102 1801/761/1104 1800/763/1102
f 1944/762/1102 1800/763/1102 1943/764/1103
f 1943/764/240 1800/763/245 1799/765/240
f 1943/764/240 1799/765/240 1942/766/1101
f 1942/766/1099 1799/765/1100 1798/767/1099
f 1942/766/1099 1798/767/1099 1941/768/765
f 1941/768/820 1798/767/1098 1797/769/820
f 1941/768/820 1797/769/820 1940/770/763
f 1940/770/763 1797/769/820 1796/771/763
f 1940/770/1097 1796/771/1097 1939/772/760
f 1939/772/762 1796/771/761 1795/773/762
f 1939/772/222 1795/773/222 1938/774/759
f 1938/774/759 1795/773/222 1794/775/759
f 1938/774/758 1794/775/758 1937/776/757
f 1937/776/757 1794/775/758 1793/777/757
f 1937/776/215 1793/777/215 1936/778/756
f 1936/778/756 1793/777/215 1792/779/756
f 1936/778/210 1792/779/210 1935/780/755
f 1935/780/755 1792/779/210 1791/781/755
f 1935/780/754 1791/781/754 1934/782/753
f 1934/782/972 1791/781/204 1790/783/972
f 1934/782/199 1790/783/199 1933/784/750
f 1933/784/752 1790/783/198 1789/785/752
f 1933/784/749 1789/785/749 1932/786/748
f 1932/786/748 1789/785/971 1788/787/748
f 1932/786/747 1788/787/747 1931/788/100
f 1931/788/100 1788/787/747 1787/789/100
f 1931/788/100 1787/789/100 1930/790/742
f 1930/790/742 1787/789/100 1786/791/742
f 1930/790/184 1786/791/184 1929/792/741
f 1929/792/740 1786/791/184 1785/793/740
f 1929/792/740 1785/793/740 1928/794/739
f 1928/794/739 1785/793/179 1784/795/739
f 1928/794/736 1784/795/736 1927/796/171
f 1927/796/738 1784/795/737 1783/797/738
f 1927/796/735 1783/797/735 1926/748/734
f 1926/748/734 1783/797/735 1782/749/734
f 1950/506/1232 1978/507/2091 1949/508/1234
f 1949/508/732 1978/507/1233 1973/509/1235
f 1949/510/1236 1973/511/1237 1972/512/731
f 1972/512/2092 1973/511/1823 2088/513/2093
f 1972/512/1240 2088/513/2032 1971/514/1243
f 1971/514/1243 2088/513/1241 2083/515/1826
f 1971/514/1825 2083/515/1828 1970/516/1827
f 1970/516/2094 2083/515/1828 2078/517/1249
f 1970/516/2095 2078/517/1251 1969/518/973
f 1969/518/1829 2078/517/1251 2073/519/1254
f 1969/518/2033 2073/519/1257 1968/520/1256
f 1968/520/1256 2073/519/1257 2068/521/1258
f 1968/520/1259 2068/521/1260 1967/522/1261
f 1967/522/1261 2068/521/1260 2063/523/1263
f 1967/522/1810 2063/523/1809 1966/524/1833
f 1966/524/1266 2063/523/1267 2058/525/2096
f 1966/524/1269 2058/525/1268 1965/526/765
f 1965/526/1836 2058/525/1270 2053/527/2097
f 1965/526/1274 2053/527/1275 1964/528/1276
f 1964/528/1838 2053/527/1275 2048/529/1837
f 1964/528/1838 2048/529/1280 1963/530/1281
f 1963/530/1281 2048/529/1280 2043/531/2098
f 1963/530/1284 2043/531/1285 1962/484/1286
f 1962/484/1286 2043/531/1285 2038/485/1288
f 1962/484/1289 2038/485/1290 1961/286/1291
f 1961/286/1292 2038/485/1293 2033/287/1294
f 1961/286/1295 2033/287/1298 1960/486/1844
f 1960/486/209 2033/287/1843 2028/487/2099
f 1960/486/1300 2028/487/1301 1959/488/1302
f 1959/488/2100 2028/487/1845 2023/489/2035
f 1959/488/1305 2023/489/1306 1958/490/1307
f 1958/490/199 2023/489/2036 2018/491/2101
f 1958/490/1847 2018/491/1313 1957/492/750
f 1957/492/1849 2018/491/1313 2013/493/1315
f 1957/492/1312 2013/493/1317 1956/494/1316
f 1956/494/1316 2013/493/1317 2008/495/1320
f 1956/494/1319 2008/495/1320 1955/496/1321
f 1955/496/1321 2008/495/2102 2003/497/1324
f 1955/496/1325 2003/497/2103 1954/498/1327
f 1954/498/1328 2003/497/2103 1998/499/2104
f 1954/498/1822 1998/499/2105 1953/500/970
f 1953/500/2106 1998/499/1857 1993/501/2107
f 1953/500/2106 1993/501/1335 1952/502/173
f 1952/502/1860 1993/501/1335 1988/503/1336
f 1952/502/1337 1988/503/1338 1951/504/171
f 1951/504/1339 1988/503/1338 1983/505/1862
f 1951/504/1863 1983/505/1342 1950/506/734
f 1950/506/734 1983/505/1344 1978/507/1345
f 1756/554/44 2092/555/1479 1733/556/44
f 1733/556/44 2092/555/1479 1977/557/1478
f 1733/558/44 1977/559/1478 1734/560/44
f 1734/560/44 1977/559/1478 1982/561/1477
f 1734/560/44 1982/561/1477 1735/562/44
f 1735/562/44 1982/561/1477 1987/563/1473
f 1735/562/1476 1987/563/1473 1736/564/1476
f 1736/564/1476 1987/563/1473 1992/565/1471
f 1736/564/1867 1992/565/1471 1737/566/1476
f 1737/566/1867 1992/565/1471 1997/567/1469
f 1737/566/1867 1997/567/1469 1738/568/1867
f 1738/568/1867 1997/567/1469 2002/569/1869
f 1738/568/1867 2002/569/1869 1739/570/1867
f 1739/570/1867 2002/569/1869 2007/571/1871
f 1739/570/1867 2007/571/1871 1740/572/1867
f 1740/572/1867 2007/571/1871 2012/573/1872
f 1740/572/1867 2012/573/1872 1741/574/1867
f 1741/574/1867 2012/573/1872 2017/575/1353
f 1741/574/1346 2017/575/1353 1742/576/1346
f 1742/576/1867 2017/575/1353 2022/577/1873
f 1742/576/45 2022/577/1873 1743/578/45
f 1743/578/45 2022/577/1873 2027/579/1347
f 1743/578/45 2027/579/1347 1744/532/45
f 1744/532/45 2027/579/1347 2032/533/1499
f 1744/532/45 2032/533/1499 1745/336/45
f 1745/336/45 2032/533/1499 2037/337/1498
f 1745/336/45 2037/337/1498 1746/534/45
f 1746/534/45 2037/337/1498 2042/535/1497
f 1746/534/45 2042/535/1497 1747/536/45
f 1747/536/45 2042/535/1497 2047/537/1495
f 1747/536/1476 2047/537/1495 1748/538/1476
f 1748/538/1476 2047/537/1495 2052/539/1494
f 1748/538/1486 2052/539/1494 1749/540/1476
f 1749/540/1493 2052/539/1494 2057/541/1492
f 1749/540/1486 2057/541/1492 1750/542/1486
f 1750/542/1486 2057/541/1492 2062/543/1491
f 1750/542/1486 2062/543/1491 1751/544/1486
f 1751/544/1486 2062/543/1491 2067/545/1490
f 1751/544/1486 2067/545/1490 1752/546/1486
f 1752/546/1486 2067/545/1489 2072/547/1487
f 1752/546/1486 2072/547/1487 1753/548/1486
f 1753/548/1486 2072/547/1487 2077/549/1485
f 1753/548/1476 2077/549/1485 1754/550/1476
f 1754/550/1486 2077/549/1485 2082/551/1483
f 1754/550/44 2082/551/1483 1755/552/44
f 1755/552/44 2082/551/1483 2087/553/1480
f 1755/552/44 2087/553/1480 1756/554/44
f 1756/554/44 2087/553/1480 2092/555/1479
f 1973/511/1874 1974/580/1500 2088/513/1875
f 2088/513/1875 1974/580/2041 2089/581/1876
f 2088/513/1501 2089/581/1505 2083/515/1506
f 2083/515/1506 2089/581/1505 2084/582/1507
f 2083/515/1508 2084/582/1509 2078/517/2108
f 2078/517/1513 2084/582/2109 2079/583/1926
f 2078/517/1513 2079/583/1926 2073/519/1879
f 2073/519/1879 2079/583/2110 2074/584/2111
f 2073/519/1517 2074/584/1882 2068/521/1883
f 2068/521/1519 2074/584/2112 2069/585/2113
f 2068/521/2114 2069/585/1521 2063/523/1523
f 2063/523/1524 2069/585/1521 2064/586/1888
f 2063/523/1887 2064/586/2115 2058/525/1529
f 2058/525/1528 2064/586/1526 2059/587/1530
f 2058/525/1529 2059/587/1531 2053/527/1532
f 2053/527/1532 2059/587/1893 2054/588/1894
f 2053/527/1892 2054/588/1537 2048/529/1538
f 2048/529/1538 2054/588/1537 2049/589/1539
f 2048/529/1538 2049/589/2116 2043/531/1540
f 2043/531/1540 2049/589/1539 2044/590/1542
f 2043/531/1543 2044/590/1544 2038/485/2117
f 2038/485/1545 2044/590/1898 2039/591/1547
f 2038/485/1548 2039/591/1549 2033/287/55
f 2033/287/1550 2039/591/1549 2034/396/1551
f 2033/287/1552 2034/396/2062 2028/487/1554
f 2028/487/1299 2034/396/1555 2029/592/1556
f 2028/487/2047 2029/592/1558 2023/489/1560
f 2023/489/1560 2029/592/1558 2024/593/1902
f 2023/489/1562 2024/593/1563 2018/491/1564
f 2018/491/1565 2024/593/1566 2019/594/2118
f 2018/491/1565 2019/594/1567 2013/493/1569
f 2013/493/1569 2019/594/2118 2014/595/1571
f 2013/493/1572 2014/595/1575 2008/495/1906
f 2008/495/1574 2014/595/1573 2009/596/1576
f 2008/495/1577 2009/596/1580 2003/497/1909
f 2003/497/1909 2009/596/1580 2004/597/2119
f 2003/497/1910 2004/597/2120 1998/499/1372
f 1998/499/1372 2004/597/2120 1999/598/2121
f 1998/499/1912 1999/598/1390 1993/501/1375
f 1993/501/1375 1999/598/1390 1994/599/2050
f 1993/501/1394 1994/599/1686 1988/503/1915
f 1988/503/1396 1994/599/1395 1989/600/2122
f 1988/503/1683 1989/600/1916 1983/505/1862
f 1983/505/1680 1989/600/1916 1984/601/1679
f 1983/505/1678 1984/601/1677 1978/507/2123
f 1978/507/1675 1984/601/1676 1979/602/1918
f 1978/507/1673 1979/602/1919 1973/509/1670
f 1973/509/34 1979/602/1919 1974/603/1669
f 1974/580/36 1975/604/38 2089/581/1920
f 2089/581/1584 1975/604/37 2090/605/2054
f 2089/581/1921 2090/605/1588 2084/582/1590
f 2084/582/1922 2090/605/2124 2085/606/1592
f 2084/582/1924 2085/606/1596 2079/583/1595
f 2079/583/1595 2085/606/1593 2080/607/2125
f 2079/583/1598 2080/607/1925 2074/584/1928
f 2074/584/1600 2080/607/1599 2075/608/1930
f 2074/584/2112 2075/608/2126 2069/585/1603
f 2069/585/1932 2075/608/1704 2070/609/2127
f 2069/585/1606 2070/609/1610 2064/586/2128
f 2064/586/1889 2070/609/1610 2065/610/1612
f 2064/586/1889 2065/610/1611 2059/587/1534
f 2059/587/1613 2065/610/2129 2060/611/1615
f 2059/587/1531 2060/611/2130 2054/588/2131
f 2054/588/2131 2060/611/1617 2055/612/1715
f 2054/588/1621 2055/612/2132 2049/589/1623
f 2049/589/1623 2055/612/1622 2050/613/1624
f 2049/589/1625 2050/613/1943 2044/590/1942
f 2044/590/1546 2050/613/1943 2045/614/1627
f 2044/590/1944 2045/614/1629 2039/591/1945
f 2039/591/1547 2045/614/1629 2040/615/1732
f 2039/591/1946 2040/615/1637 2034/396/53
f 2034/396/53 2040/615/1634 2035/421/1736
f 2034/396/53 2035/421/1736 2029/592/1641
f 2029/592/1641 2035/421/1736 2030/616/1949
f 2029/592/1645 2030/616/1951 2024/593/2064
f 2024/593/1648 2030/616/1646 2025/617/1952
f 2024/593/1650 2025/617/1651 2019/594/1652
f 2019/594/1652 2025/617/1649 2020/618/1654
f 2019/594/1655 2020/618/1656 2014/595/1658
f 2014/595/1905 2020/618/1656 2015/619/1660
f 2014/595/1905 2015/619/1662 2009/596/1663
f 2009/596/1663 2015/619/2133 2010/620/2134
f 2009/596/1666 2010/620/1667 2004/597/1958
f 2004/597/1367 2010/620/1667 2005/621/2135
f 2004/597/1958 2005/621/1961 1999/598/1370
f 1999/598/1389 2005/621/1364 2000/622/2136
f 1999/598/1964 2000/622/1778 1994/599/2137
f 1994/599/1777 2000/622/1965 1995/623/1799
f 1994/599/2138 1995/623/1773 1989/600/1772
f 1989/600/1772 1995/623/1773 1990/624/1771
f 1989/600/1770 1990/624/1768 1984/601/1769
f 1984/601/1970 1990/624/1768 1985/625/1971
f 1984/601/2139 1985/625/2140 1979/602/1764
f 1979/602/1764 1985/625/1763 1980/626/1761
f 1979/602/1760 1980/626/1759 1974/603/1582
f 1974/603/36 1980/626/1974 1975/627/1975
f 1975/604/2141 1976/628/1779 2090/605/1688
f 2090/605/1977 1976/628/39 2091/629/2066
f 2090/605/2142 2091/629/1691 2085/606/1693
f 2085/606/1692 2091/629/1691 2086/630/1694
f 2085/606/1695 2086/630/1696 2080/607/1925
f 2080/607/1698 2086/630/1699 2081/631/2143
f 2080/607/2144 2081/631/1700 2075/608/1979
f 2075/608/1702 2081/631/1700 2076/632/2145
f 2075/608/2146 2076/632/1705 2070/609/2147
f 2070/609/2071 2076/632/1705 2071/633/1707
f 2070/609/2071 2071/633/1707 2065/610/1612
f 2065/610/1807 2071/633/1707 2066/634/1437
f 2065/610/1612 2066/634/1437 2060/611/1982
f 2060/611/1712 2066/634/1709 2061/635/1713
f 2060/611/1982 2061/635/1714 2055/612/1715
f 2055/612/1716 2061/635/1714 2056/636/1717
f 2055/612/1718 2056/636/1985 2050/613/1721
f 2050/613/1721 2056/636/2148 2051/637/1724
f 2050/613/1723 2051/637/1724 2045/614/1725
f 2045/614/1725 2051/637/1724 2046/638/1986
f 2045/614/2149 2046/638/1733 2040/615/2150
f 2040/615/2151 2046/638/1733 2041/639/1987
f 2040/615/1731 2041/639/1734 2035/421/50
f 2035/421/1988 2041/639/1734 2036/446/49
f 2035/421/50 2036/446/49 2030/616/1739
f 2030/616/1740 2036/446/49 2031/640/1741
f 2030/616/2075 2031/640/1745 2025/617/1744
f 2025/617/1743 2031/640/1741 2026/641/1746
f 2025/617/1747 2026/641/1993 2020/618/1751
f 2020/618/2152 2026/641/1748 2021/642/1752
f 2020/618/1994 2021/642/1752 2015/619/1753
f 2015/619/1754 2021/642/1752 2016/643/1755
f 2015/619/1756 2016/643/1360 2010/620/2078
f 2010/620/1362 2016/643/1360 2011/644/1361
f 2010/620/1995 2011/644/1363 2005/621/1997
f 2005/621/1384 2011/644/1363 2006/645/1385
f 2005/621/1364 2006/645/1385 2000/622/1388
f 2000/622/1388 2006/645/1385 2001/646/1398
f 2000/622/1388 2001/646/1398 1995/623/2153
f 1995/623/1799 2001/646/1800 1996/647/1798
f 1995/623/1797 1996/647/1795 1990/624/1793
f 1990/624/2000 1996/647/1794 1991/648/1791
f 1990/624/2002 1991/648/1791 1985/625/1790
f 1985/625/1788 1991/648/1791 1986/649/1789
f 1985/625/1788 1986/649/1786 1980/626/1787
f 1980/626/1785 1986/649/1786 1981/650/1784
f 1980/626/1783 1981/650/1781 1975/627/1782
f 1975/627/1780 1981/650/1781 1976/651/1779
f 1976/628/41 1977/557/42 2091/629/1419
f 2091/629/1419 1977/557/42 2092/555/1420
f 2091/629/1419 2092/555/2154 2086/630/1421
f 2086/630/1424 2092/555/1420 2087/553/1423
f 2086/630/2155 2087/553/1425 2081/631/1426
f 2081/631/1426 2087/553/1425 2082/551/1427
f 2081/631/1426 2082/551/1428 2076/632/2009
f 2076/632/1429 2082/551/1428 2077/549/1430
f 2076/632/2010 2077/549/1433 2071/633/1432
f 2071/633/1432 2077/549/1433 2072/547/1434
f 2071/633/1432 2072/547/1434 2066/634/1435
f 2066/634/1435 2072/547/1434 2067/545/1436
f 2066/634/1435 2067/545/1436 2061/635/1438
f 2061/635/1438 2067/545/1436 2062/543/1439
f 2061/635/2087 2062/543/1439 2056/636/1440
f 2056/636/1440 2062/543/1439 2057/541/1441
f 2056/636/2013 2057/541/1442 2051/637/1443
f 2051/637/1443 2057/541/1442 2052/539/1444
f 2051/637/1443 2052/539/1445 2046/638/1446
f 2046/638/2014 2052/539/1447 2047/537/1448
f 2046/638/2015 2047/537/1450 2041/639/1451
f 2041/639/1451 2047/537/1450 2042/535/1454
f 2041/639/1451 2042/535/1454 2036/446/2156
f 2036/446/48 2042/535/1454 2037/337/47
f 2036/446/48 2037/337/47 2031/640/1455
f 2031/640/1455 2037/337/47 2032/533/1456
f 2031/640/1455 2032/533/1456 2026/641/1458
f 2026/641/1457 2032/533/1456 2027/579/2018
f 2026/641/1461 2027/579/1462 2021/642/1463
f 2021/642/1463 2027/579/1462 2022/577/1464
f 2021/642/1463 2022/577/1465 2016/643/1356
f 2016/643/2019 2022/577/1465 2017/575/1355
f 2016/643/1357 2017/575/1358 2011/644/1359
f 2011/644/1359 2017/575/1358 2012/573/2021
f 2011/644/1359 2012/573/2021 2006/645/2022
f 2006/645/2022 2012/573/2021 2007/571/2025
f 2006/645/2022 2007/571/2025 2001/646/1401
f 2001/646/1401 2007/571/2025 2002/569/2026
f 2001/646/1401 2002/569/2157 1996/647/1403
f 1996/647/1403 2002/569/2026 1997/567/1405
f 1996/647/1406 1997/567/1407 1991/648/1408
f 1991/648/1408 1997/567/1407 1992/565/2029
f 1991/648/1408 1992/565/1410 1986/649/1411
f 1986/649/1412 1992/565/1410 1987/563/1413
f 1986/649/2090 1987/563/2031 1981/650/1415
f 1981/650/1415 1987/563/1414 1982/561/2158
f 1981/650/1415 1982/561/1418 1976/651/41
f 1976/651/41 1982/561/1418 1977/559/42
f 2094/798/968 1950/799/968 2093/800/732
f 2093/800/732 1950/799/968 1949/801/732
f 2093/802/158 1949/803/158 2116/804/967
f 2116/804/967 1949/803/158 1972/805/967
f 2116/804/779 1972/805/779 2115/806/778
f 2115/806/778 1972/805/779 1971/807/778
f 2115/806/776 1971/807/776 2114/808/777
f 2114/808/777 1971/807/776 1970/809/777
f 2114/808/773 1970/809/773 2113/810/973
f 2113/810/973 1970/809/974 1969/811/973
f 2113/810/772 1969/811/772 2112/812/771
f 2112/812/771 1969/811/772 1968/813/771
f 2112/812/770 1968/813/770 2111/814/769
f 2111/814/769 1968/813/770 1967/815/769
f 2111/814/768 1967/815/768 2110/816/767
f 2110/816/767 1967/815/768 1966/817/767
f 2110/816/766 1966/817/766 2109/818/765
f 2109/818/765 1966/817/766 1965/819/765
f 2109/818/764 1965/819/764 2108/752/763
f 2108/752/763 1965/819/764 1964/753/763
f 2108/752/761 1964/753/761 2107/760/760
f 2107/760/760 1964/753/761 1963/761/760
f 2107/760/222 1963/761/222 2106/768/759
f 2106/768/759 1963/761/222 1962/769/759
f 2106/768/758 1962/769/758 2105/776/757
f 2105/776/757 1962/769/758 1961/777/757
f 2105/776/215 1961/777/215 2104/784/756
f 2104/784/756 1961/777/215 1960/785/756
f 2104/784/210 1960/785/210 2103/792/755
f 2103/792/755 1960/785/210 1959/793/755
f 2103/792/204 1959/793/204 2102/750/972
f 2102/750/753 1959/793/204 1958/751/753
f 2102/750/198 1958/751/198 2101/820/750
f 2101/820/750 1958/751/751 1957/821/750
f 2101/820/971 1957/821/971 2100/822/748
f 2100/822/748 1957/821/971 1956/823/748
f 2100/822/746 1956/823/746 2099/824/745
f 2099/824/745 1956/823/746 1955/825/745
f 2099/824/743 1955/825/743 2098/826/744
f 2098/826/744 1955/825/743 1954/827/744
f 2098/826/184 1954/827/184 2097/828/970
f 2097/828/970 1954/827/184 1953/829/970
f 2097/828/179 1953/829/179 2096/830/739
f 2096/830/969 1953/829/179 1952/831/969
f 2096/830/736 1952/831/736 2095/832/171
f 2095/832/171 1952/831/736 1951/833/171
f 2095/832/735 1951/833/735 2094/798/734
f 2094/798/734 1951/833/735 1950/799/734
f 2118/308/1232 2146/309/1233 2117/310/732
f 2117/310/1234 2146/309/1233 2141/311/1235
f 2117/312/1236 2141/313/1237 2140/314/731
f 2140/314/2092 2141/313/1823 2256/315/1239
f 2140/314/2092 2256/315/2159 2139/316/1243
f 2139/316/1242 2256/315/1241 2251/317/1826
f 2139/316/776 2251/317/1246 2138/318/1247
f 2138/318/774 2251/317/1248 2246/319/1249
f 2138/318/1250 2246/319/1251 2137/320/1252
f 2137/320/1252 2246/319/1251 2241/321/2160
f 2137/320/1252 2241/321/1254 2136/322/771
f 2136/322/1256 2241/321/1257 2236/323/1262
f 2136/322/2161 2236/323/1260 2135/324/1810
f 2135/324/1261 2236/323/1260 2231/325/1809
f 2135/324/1264 2231/325/1267 2134/326/1266
f 2134/326/1101 2231/325/2162 2226/327/2163
f 2134/326/1269 2226/327/1270 2133/328/1836
f 2133/328/1271 2226/327/1270 2221/329/1835
f 2133/328/1836 2221/329/1275 2132/330/2164
f 2132/330/1276 2221/329/1275 2216/331/1837
f 2132/330/1279 2216/331/1280 2131/332/762
f 2131/332/1281 2216/331/1282 2211/333/1283
f 2131/332/2165 2211/333/1287 2130/284/991
f 2130/284/759 2211/333/1287 2206/285/2166
f 2130/284/1289 2206/285/1841 2129/286/1291
f 2129/286/757 2206/285/1293 2201/287/1
f 2129/286/1295 2201/287/1296 2128/288/1297
f 2128/288/1297 2201/287/1298 2196/289/1299
f 2128/288/1300 2196/289/1303 2127/290/755
f 2127/290/755 2196/289/1303 2191/291/1304
f 2127/290/1305 2191/291/2167 2126/292/199
f 2126/292/1308 2191/291/1306 2186/293/1309
f 2126/292/1847 2186/293/2168 2125/294/1849
f 2125/294/1312 2186/293/1311 2181/295/1315
f 2125/294/1312 2181/295/1317 2124/296/1316
f 2124/296/1316 2181/295/1317 2176/297/1318
f 2124/296/2169 2176/297/2102 2123/298/1322
f 2123/298/100 2176/297/2102 2171/299/2170
f 2123/298/1322 2171/299/1324 2122/300/1328
f 2122/300/1328 2171/299/1324 2166/301/1329
f 2122/300/1330 2166/301/1857 2121/302/2106
f 2121/302/1856 2166/301/1857 2161/303/2107
f 2121/302/2106 2161/303/1335 2120/304/1861
f 2120/304/1860 2161/303/2171 2156/305/2172
f 2120/304/1860 2156/305/2173 2119/306/171
f 2119/306/1340 2156/305/1338 2151/307/1341
f 2119/306/2038 2151/307/1342 2118/308/733
f 2118/308/1343 2151/307/1864 2146/309/1865
f 1728/358/44 2260/359/1479 1705/360/44
f 1705/360/44 2260/359/1479 2145/361/1478
f 1705/362/44 2145/363/1478 1706/364/44
f 1706/364/44 2145/363/1478 2150/365/1477
f 1706/364/44 2150/365/1477 1707/366/44
f 1707/366/44 2150/365/1477 2155/367/1473
f 1707/366/1476 2155/367/1473 1708/368/44
f 1708/368/44 2155/367/1473 2160/369/1471
f 1708/368/1867 2160/369/1471 1709/370/1476
f 1709/370/1476 2160/369/1471 2165/371/1469
f 1709/370/1476 2165/371/1469 1710/372/1476
f 1710/372/1867 2165/371/1469 2170/373/1869
f 1710/372/1867 2170/373/1869 1711/374/1867
f 1711/374/1867 2170/373/1869 2175/375/1870
f 1711/374/1867 2175/375/1871 1712/376/1867
f 1712/376/1867 2175/375/1870 2180/377/1872
f 1712/376/1867 2180/377/1872 1713/378/1867
f 1713/378/1476 2180/377/1872 2185/379/1353
f 1713/378/1867 2185/379/1353 1714/380/1867
f 1714/380/1476 2185/379/1353 2190/381/1873
f 1714/380/45 2190/381/1873 1715/382/1867
f 1715/382/1476 2190/381/1873 2195/383/1347
f 1715/382/45 2195/383/1347 1716/334/45
f 1716/334/45 2195/383/1347 2200/335/1499
f 1716/334/45 2200/335/1499 1717/336/45
f 1717/336/45 2200/335/1499 2205/337/1498
f 1717/336/45 2205/337/1498 1718/338/45
f 1718/338/45 2205/337/1498 2210/339/1497
f 1718/338/45 2210/339/1497 1719/340/45
f 1719/340/45 2210/339/1497 2215/341/1495
f 1719/340/1476 2215/341/1495 1720/342/45
f 1720/342/45 2215/341/1495 2220/343/1494
f 1720/342/1476 2220/343/1494 1721/344/1476
f 1721/344/1476 2220/343/1494 2225/345/1492
f 1721/344/1476 2225/345/1492 1722/346/1476
f 1722/346/1486 2225/345/1492 2230/347/1491
f 1722/346/1486 2230/347/1491 1723/348/1486
f 1723/348/1486 2230/347/1491 2235/349/1489
f 1723/348/1486 2235/349/1490 1724/350/1486
f 1724/350/1486 2235/349/1489 2240/351/1487
f 1724/350/1486 2240/351/1487 1725/352/1486
f 1725/352/1476 2240/351/1487 2245/353/1485
f 1725/352/1476 2245/353/1485 1726/354/1476
f 1726/354/1486 2245/353/1485 2250/355/1483
f 1726/354/44 2250/355/1483 1727/356/1476
f 1727/356/44 2250/355/1483 2255/357/1480
f 1727/356/44 2255/357/1480 1728/358/44
f 1728/358/44 2255/357/1480 2260/359/1479
f 2141/313/32 2142/384/1500 2256/315/1239
f 2256/315/1501 2142/384/1502 2257/385/1503
f 2256/315/1501 2257/385/1877 2251/317/1506
f 2251/317/2174 2257/385/1505 2252/386/1507
f 2251/317/1508 2252/386/1509 2246/319/1510
f 2246/319/1513 2252/386/2109 2247/387/1512
f 2246/319/1513 2247/387/2175 2241/321/1879
f 2241/321/1515 2247/387/1512 2242/388/2176
f 2241/321/1517 2242/388/2112 2236/323/1883
f 2236/323/1519 2242/388/1520 2237/389/2177
f 2236/323/1519 2237/389/1606 2231/325/1523
f 2231/325/1523 2237/389/1521 2232/390/1888
f 2231/325/1887 2232/390/1527 2226/327/1528
f 2226/327/1529 2232/390/1527 2227/391/1530
f 2226/327/1529 2227/391/1531 2221/329/1532
f 2221/329/1533 2227/391/1531 2222/392/1535
f 2221/329/1892 2222/392/1537 2216/331/1282
f 2216/331/1896 2222/392/1895 2217/393/2178
f 2216/331/2179 2217/393/1897 2211/333/1540
f 2211/333/2180 2217/393/2116 2212/394/2181
f 2211/333/1543 2212/394/1544 2206/285/1545
f 2206/285/1545 2212/394/1544 2207/395/1899
f 2206/285/1548 2207/395/1900 2201/287/1550
f 2201/287/1550 2207/395/1549 2202/396/1551
f 2201/287/1552 2202/396/1553 2196/289/1554
f 2196/289/1554 2202/396/2046 2197/397/1556
f 2196/289/1557 2197/397/2063 2191/291/1560
f 2191/291/1560 2197/397/1558 2192/398/1902
f 2191/291/1562 2192/398/1563 2186/293/1564
f 2186/293/1565 2192/398/1566 2187/399/1567
f 2186/293/1565 2187/399/2118 2181/295/1569
f 2181/295/2182 2187/399/1567 2182/400/1571
f 2181/295/1572 2182/400/2183 2176/297/1906
f 2176/297/1574 2182/400/1575 2177/401/1957
f 2176/297/1906 2177/401/1580 2171/299/1909
f 2171/299/1579 2177/401/2184 2172/402/1581
f 2171/299/1579 2172/402/1581 2166/301/1372
f 2166/301/1912 2172/402/2120 2167/403/2121
f 2166/301/1912 2167/403/1374 2161/303/1913
f 2161/303/1375 2167/403/1374 2162/404/2050
f 2161/303/2185 2162/404/2186 2156/305/1915
f 2156/305/1396 2162/404/1395 2157/405/2187
f 2156/305/1915 2157/405/1917 2151/307/1680
f 2151/307/1680 2157/405/1916 2152/406/1679
f 2151/307/1678 2152/406/1676 2146/309/1675
f 2146/309/2123 2152/406/1676 2147/407/1918
f 2146/309/1673 2147/407/1919 2141/311/1670
f 2141/311/1670 2147/407/1671 2142/408/1669
f 2142/384/36 2143/409/38 2257/385/1920
f 2257/385/1584 2143/409/1585 2258/410/1586
f 2257/385/1877 2258/410/1586 2252/386/1590
f 2252/386/1589 2258/410/1588 2253/411/1693
f 2252/386/1924 2253/411/1593 2247/387/1595
f 2247/387/1595 2253/411/1596 2248/412/2125
f 2247/387/1598 2248/412/1599 2242/388/2188
f 2242/388/1600 2248/412/2189 2243/413/1602
f 2242/388/2112 2243/413/1602 2237/389/1603
f 2237/389/1522 2243/413/1704 2238/414/2127
f 2237/389/1932 2238/414/1607 2232/390/1608
f 2232/390/1609 2238/414/1610 2233/415/1611
f 2232/390/1609 2233/415/1612 2227/391/1933
f 2227/391/1534 2233/415/2190 2228/416/1615
f 2227/391/1613 2228/416/1982 2222/392/2131
f 2222/392/1618 2228/416/2191 2223/417/2132
f 2222/392/1621 2223/417/1622 2217/393/1623
f 2217/393/1623 2223/417/1622 2218/418/1624
f 2217/393/2192 2218/418/1626 2212/394/1546
f 2212/394/1546 2218/418/1626 2213/419/1627
f 2212/394/1944 2213/419/1629 2207/395/1945
f 2207/395/1945 2213/419/1631 2208/420/1632
f 2207/395/1633 2208/420/1634 2202/396/1635
f 2202/396/1635 2208/420/1637 2203/421/2193
f 2202/396/53 2203/421/1736 2197/397/1641
f 2197/397/1642 2203/421/1640 2198/422/1644
f 2197/397/2194 2198/422/1646 2192/398/1648
f 2192/398/1648 2198/422/1646 2193/423/1649
f 2192/398/1650 2193/423/1651 2187/399/1652
f 2187/399/1652 2193/423/1651 2188/424/1654
f 2187/399/1568 2188/424/1659 2182/400/1658
f 2182/400/1953 2188/424/2195 2183/425/1660
f 2182/400/1661 2183/425/2196 2177/401/1663
f 2177/401/1663 2183/425/1664 2178/426/1362
f 2177/401/1908 2178/426/1365 2172/402/1668
f 2172/402/1367 2178/426/1365 2173/427/1366
f 2172/402/1960 2173/427/1961 2167/403/1370
f 2167/403/1370 2173/427/1961 2168/428/1963
f 2167/403/1389 2168/428/2136 2162/404/1777
f 2162/404/1392 2168/428/1965 2163/429/1773
f 2162/404/2137 2163/429/1773 2157/405/1772
f 2157/405/1772 2163/429/1773 2158/430/1771
f 2157/405/1681 2158/430/1768 2152/406/1767
f 2152/406/1970 2158/430/1796 2153/431/1766
f 2152/406/2139 2153/431/1763 2147/407/1764
f 2147/407/1674 2153/431/1762 2148/432/1972
f 2147/407/1760 2148/432/1974 2142/408/1582
f 2142/408/1758 2148/432/1759 2143/433/38
f 2143/409/38 2144/434/39 2258/410/1687
f 2258/410/1688 2144/434/39 2259/435/1689
f 2258/410/1690 2259/435/1691 2253/411/1692
f 2253/411/1692 2259/435/1691 2254/436/1694
f 2253/411/1695 2254/436/1696 2248/412/1925
f 2248/412/1697 2254/436/1694 2249/437/1700
f 2248/412/2144 2249/437/2197 2243/413/1979
f 2243/413/1702 2249/437/1700 2244/438/1703
f 2243/413/1704 2244/438/1705 2238/414/2071
f 2238/414/1706 2244/438/1705 2239/439/1981
f 2238/414/2071 2239/439/1707 2233/415/1612
f 2233/415/1612 2239/439/1707 2234/440/1709
f 2233/415/1612 2234/440/1711 2228/416/1982
f 2228/416/2073 2234/440/1709 2229/441/1713
f 2228/416/1982 2229/441/1714 2223/417/1715
f 2223/417/1716 2229/441/1714 2224/442/1717
f 2223/417/1984 2224/442/1985 2218/418/1941
f 2218/418/1721 2224/442/1985 2219/443/1724
f 2218/418/1723 2219/443/1724 2213/419/1725
f 2213/419/1725 2219/443/1724 2214/444/1986
f 2213/419/1729 2214/444/1733 2208/420/1731
f 2208/420/1731 2214/444/1733 2209/445/1987
f 2208/420/2151 2209/445/1734 2203/421/1735
f 2203/421/1736 2209/445/1737 2204/446/49
f 2203/421/50 2204/446/1738 2198/422/1739
f 2198/422/1740 2204/446/49 2199/447/2198
f 2198/422/1990 2199/447/1745 2193/423/1744
f 2193/423/1744 2199/447/1745 2194/448/1746
f 2193/423/1747 2194/448/1993 2188/424/2199
f 2188/424/1749 2194/448/1748 2189/449/1752
f 2188/424/1751 2189/449/1752 2183/425/1753
f 2183/425/1754 2189/449/1752 2184/450/1755
f 2183/425/1756 2184/450/1360 2178/426/1757
f 2178/426/1362 2184/450/1360 2179/451/1361
f 2178/426/1362 2179/451/1363 2173/427/1364
f 2173/427/1384 2179/451/1363 2174/452/1383
f 2173/427/1364 2174/452/1385 2168/428/1386
f 2168/428/1999 2174/452/1383 2169/453/1398
f 2168/428/1388 2169/453/1800 2163/429/1801
f 2163/429/1799 2169/453/1398 2164/454/1798
f 2163/429/1797 2164/454/1795 2158/430/1793
f 2158/430/2000 2164/454/1798 2159/455/2001
f 2158/430/1792 2159/455/1791 2153/431/1790
f 2153/431/2003 2159/455/1791 2154/456/1789
f 2153/431/1788 2154/456/1786 2148/432/1787
f 2148/432/1761 2154/456/1786 2149/457/1784
f 2148/432/1783 2149/457/1781 2143/433/1782
f 2143/433/38 2149/457/2085 2144/458/2200
f 2144/434/41 2145/361/42 2259/435/1419
f 2259/435/1419 2145/361/42 2260/359/1420
f 2259/435/1419 2260/359/2154 2254/436/1421
f 2254/436/1421 2260/359/1420 2255/357/1423
f 2254/436/2155 2255/357/1425 2249/437/1426
f 2249/437/1426 2255/357/1425 2250/355/1427
f 2249/437/1426 2250/355/1428 2244/438/2009
f 2244/438/1429 2250/355/1428 2245/353/1430
f 2244/438/2010 2245/353/1433 2239/439/1432
f 2239/439/1432 2245/353/1433 2240/351/1434
f 2239/439/1432 2240/351/1434 2234/440/1435
f 2234/440/1435 2240/351/2201 2235/349/1436
f 2234/440/1435 2235/349/1436 2229/441/1438
f 2229/441/1438 2235/349/1436 2230/347/1439
f 2229/441/1438 2230/347/1439 2224/442/2012
f 2224/442/2012 2230/347/2202 2225/345/2088
f 2224/442/2013 2225/345/1442 2219/443/1443
f 2219/443/1443 2225/345/1442 2220/343/1444
f 2219/443/1443 2220/343/1445 2214/444/2014
f 2214/444/2014 2220/343/1445 2215/341/1448
f 2214/444/1446 2215/341/1450 2209/445/1451
f 2209/445/1451 2215/341/1450 2210/339/1453
f 2209/445/1451 2210/339/1454 2204/446/48
f 2204/446/48 2210/339/1454 2205/337/47
f 2204/446/48 2205/337/47 2199/447/1455
f 2199/447/1455 2205/337/47 2200/335/1456
f 2199/447/1455 2200/335/1456 2194/448/1457
f 2194/448/1458 2200/335/1459 2195/383/1460
f 2194/448/1461 2195/383/1462 2189/449/1463
f 2189/449/1463 2195/383/1462 2190/381/1464
f 2189/449/1463 2190/381/1354 2184/450/2019
f 2184/450/1356 2190/381/1465 2185/379/1355
f 2184/450/1357 2185/379/1358 2179/451/1359
f 2179/451/1359 2185/379/1358 2180/377/2203
f 2179/451/1359 2180/377/2021 2174/452/2022
f 2174/452/2022 2180/377/2021 2175/375/2025
f 2174/452/2022 2175/375/2025 2169/453/1401
f 2169/453/1401 2175/375/2025 2170/373/2026
f 2169/453/1401 2170/373/2204 2164/454/1403
f 2164/454/1403 2170/373/2026 2165/371/2027
f 2164/454/2028 2165/371/1407 2159/455/2205
f 2159/455/1408 2165/371/1407 2160/369/2029
f 2159/455/1408 2160/369/1410 2154/456/1412
f 2154/456/1411 2160/369/1410 2155/367/1413
f 2154/456/1411 2155/367/1414 2149/457/1415
f 2149/457/1415 2155/367/1414 2150/365/1418
f 2149/457/1415 2150/365/1418 2144/458/41
f 2144/458/41 2150/365/1418 2145/363/42
f 2262/748/1820 2118/749/1820 2261/750/28
f 2261/750/732 2118/749/733 2117/751/732
f 2261/752/158 2117/753/158 2284/754/731
f 2284/754/730 2117/753/28 2140/755/730
f 2284/754/779 2140/755/779 2283/756/778
f 2283/756/778 2140/755/779 2139/757/778
f 2283/756/776 2139/757/2206 2282/758/1247
f 2282/758/774 2139/757/775 2138/759/774
f 2282/758/773 2138/759/773 2281/760/250
f 2281/760/973 2138/759/1247 2137/761/973
f 2281/760/1104 2137/761/1104 2280/762/1102
f 2280/762/1105 2137/761/250 2136/763/1105
f 2280/762/245 2136/763/245 2279/764/240
f 2279/764/769 2136/763/770 2135/765/769
f 2279/764/768 2135/765/768 2278/766/767
f 2278/766/1101 2135/765/240 2134/767/1101
f 2278/766/1098 2134/767/1098 2277/768/820
f 2277/768/1132 2134/767/1099 2133/769/1132
f 2277/768/764 2133/769/764 2276/770/818
f 2276/770/763 2133/769/764 2132/771/763
f 2276/770/761 2132/771/761 2275/772/762
f 2275/772/2207 2132/771/818 2131/773/2207
f 2275/772/222 2131/773/222 2274/774/759
f 2274/774/759 2131/773/222 2130/775/759
f 2274/774/758 2130/775/758 2273/776/757
f 2273/776/757 2130/775/758 2129/777/757
f 2273/776/215 2129/777/215 2272/778/756
f 2272/778/756 2129/777/215 2128/779/756
f 2272/778/210 2128/779/210 2271/780/755
f 2271/780/755 2128/779/210 2127/781/755
f 2271/780/204 2127/781/204 2270/782/753
f 2270/782/753 2127/781/204 2126/783/753
f 2270/782/751 2126/783/751 2269/784/750
f 2269/784/750 2126/783/751 2125/785/750
f 2269/784/749 2125/785/749 2268/786/748
f 2268/786/748 2125/785/971 2124/787/748
f 2268/786/746 2124/787/746 2267/788/745
f 2267/788/745 2124/787/746 2123/789/745
f 2267/788/743 2123/789/743 2266/790/744
f 2266/790/744 2123/789/743 2122/791/744
f 2266/790/184 2122/791/184 2265/792/970
f 2265/792/741 2122/791/184 2121/793/741
f 2265/792/179 2121/793/179 2264/794/739
f 2264/794/739 2121/793/179 2120/795/739
f 2264/794/736 2120/795/736 2263/796/171
f 2263/796/171 2120/795/736 2119/797/171
f 2263/796/735 2119/797/735 2262/748/734
f 2262/748/734 2119/797/735 2118/749/734
f 2293/55/2208 2285/56/2208 2292/57/2209
f 2292/57/2209 2285/56/2208 2286/58/2209
f 2292/57/2209 2286/58/2209 2291/59/2210
f 2291/59/2210 2286/58/2209 2287/60/2210
f 2291/59/2211 2287/60/2211 2290/61/2212
f 2290/61/2213 2287/60/2211 2288/62/2213
f 2290/61/2214 2288/62/2214 2289/63/2215
f 1732/834/1867 1731/835/1867 2311/836/2216
f 2311/836/2217 1731/835/1867 2313/837/1871
f 2311/836/2218 2313/837/1871 2310/838/2219
f 2310/838/2219 2313/837/2025 2312/839/2022
f 2310/838/2219 2312/839/1383 2309/840/2220
f 2309/840/2221 2312/839/1385 2314/841/2222
f 2309/840/2223 2314/841/1384 2308/842/1384
f 2308/842/1369 2314/841/1369 2307/843/2224
f 2307/843/2225 2314/841/1962 2315/844/1958
f 2307/843/2226 2315/844/1368 2306/845/2227
f 2306/845/2228 2315/844/1581 2316/846/1579
f 2306/845/2229 2316/846/1579 2305/847/2230
f 2305/847/2231 2316/846/2232 2304/848/2233
f 2304/848/2233 2316/846/1324 2301/849/2233
f 2304/848/2233 2301/849/2233 2303/850/100
f 2303/850/100 2301/849/2233 2302/851/100
f 1731/835/1867 2294/852/2216 2313/837/2234
f 2313/837/2025 2294/852/2218 2295/853/2235
f 2313/837/2025 2295/853/2219 2312/839/2022
f 2312/839/1383 2295/853/2219 2296/854/2220
f 2312/839/1385 2296/854/2221 2314/841/2222
f 2314/841/1384 2296/854/2223 2297/855/1384
f 2314/841/1369 2297/855/1369 2298/856/2224
f 2314/841/1962 2298/856/2225 2315/844/1958
f 2315/844/1368 2298/856/2226 2299/857/2227
f 2315/844/1581 2299/857/2228 2316/846/1579
f 2316/846/1324 2299/857/2229 2300/858/2230
f 2316/846/1324 2300/858/2231 2301/849/2233
f 1731/859/44 1730/860/44 2294/861/2236
f 2294/861/2237 1730/860/44 2323/862/57
f 2294/861/2237 2323/862/1478 2295/863/2238
f 2295/863/2239 2323/862/42 2324/864/41
f 2295/863/2240 2324/864/1779 2296/865/2241
f 2296/865/2242 2324/864/39 2325/866/40
f 2296/865/2243 2325/866/1780 2297/867/1780
f 2297/867/1583 2325/866/1583 2298/868/2244
f 2298/868/2244 2325/866/37 2326/869/36
f 2298/868/2245 2326/869/1582 2299/870/2246
f 2299/870/2247 2326/869/35 2327/871/34
f 2299/870/2248 2327/871/34 2300/872/2249
f 2300/872/2250 2327/871/33 2301/873/2251
f 2301/873/2251 2327/871/1238 2302/874/28
f 2302/874/31 2327/871/1238 2322/875/31
f 2322/875/31 2327/871/1238 2321/876/1238
f 2321/876/34 2327/871/34 2320/877/35
f 2320/877/35 2327/871/34 2326/869/35
f 2320/877/36 2326/869/36 2319/878/1583
f 2319/878/1583 2326/869/36 2325/866/1583
f 2319/878/1780 2325/866/1780 2318/879/39
f 2318/879/39 2325/866/1780 2324/864/39
f 2318/879/41 2324/864/41 2317/880/42
f 2317/880/42 2324/864/2252 2323/862/42
f 2317/880/1478 2323/862/1478 1730/860/44
f 2303/881/1292 2328/882/1292 2304/883/2253
f 2304/883/2254 2328/882/2 2334/884/1296
f 2304/883/2254 2334/884/2255 2305/885/2256
f 2305/885/2257 2334/884/1296 2306/886/2258
f 2306/886/2259 2334/884/55 2335/887/54
f 2306/886/2260 2335/887/2062 2307/888/2261
f 2307/888/2262 2335/887/53 2336/889/52
f 2307/888/2263 2336/889/1736 2308/890/1736
f 2308/890/50 2336/889/50 2309/891/2264
f 2309/891/2265 2336/889/51 2337/892/1738
f 2309/891/2266 2337/892/1738 2310/893/2267
f 2310/893/2268 2337/892/48 2338/894/47
f 2310/893/2269 2338/894/1498 2311/895/2270
f 2311/895/2271 2338/894/2272 1732/896/1476
f 1732/896/45 2338/894/1498 1729/897/45
f 1729/897/45 2338/894/2272 2333/898/2272
f 2333/898/47 2338/894/47 2332/899/2273
f 2332/899/48 2338/894/47 2337/892/48
f 2332/899/49 2337/892/49 2331/900/50
f 2331/900/50 2337/892/49 2336/889/50
f 2331/900/1638 2336/889/1638 2330/901/53
f 2330/901/53 2336/889/1638 2335/887/53
f 2330/901/54 2335/887/54 2329/902/55
f 2329/902/55 2335/887/54 2334/884/55
f 2329/902/1296 2334/884/1296 2328/882/2
f 334/903/276 2355/728/288 201/904/2274
f 201/904/58 2355/728/2275 2360/731/677
f 201/904/2276 2360/731/582 2354/905/2277
f 2354/905/2278 2360/731/2279 2363/906/2280
f 2354/905/2278 2363/906/2281 2353/907/2282
f 2353/907/2282 2363/906/2281 2352/908/2283
f 2352/908/2283 2363/906/2284 2366/735/469
f 2352/908/2283 2366/735/468 2351/909/2285
f 2351/909/2286 2366/735/2287 2369/737/849
f 2351/909/2286 2369/737/849 2350/910/2288
f 2350/910/2289 2369/737/826 2349/911/2290
f 2349/911/2290 2369/737/246 2348/738/240
f 2348/738/239 2369/737/826 2368/912/826
f 2348/738/239 2368/912/246 2346/913/2291
f 2346/913/2291 2368/912/826 2367/715/826
f 2346/913/2291 2367/715/826 2345/914/2292
f 2345/914/2292 2367/715/826 2344/915/2293
f 2344/915/2294 2367/715/2295 2364/718/1022
f 2344/915/2294 2364/718/468 2343/916/2296
f 2343/916/2297 2364/718/2298 2361/917/2299
f 2343/916/2300 2361/917/2301 2342/918/1041
f 2342/918/1122 2361/917/2302 2341/919/2303
f 2341/919/2304 2361/917/2305 2358/722/581
f 2341/919/2306 2358/722/582 2340/920/2307
f 2340/920/2308 2358/722/2309 2357/724/679
f 2340/920/2310 2357/724/288 2339/921/2311
f 2339/921/2312 2357/724/1220 333/922/155
f 333/922/276 2357/724/1220 2356/726/1220
f 333/922/276 2356/726/287 334/903/276
f 334/903/276 2356/726/1220 2355/728/1220
f 2346/913/2291 2347/714/240 2348/738/240
f 2354/905/2278 193/923/2276 201/904/2276
f 2355/728/679 2356/726/679 2360/731/677
f 2360/731/677 2356/726/679 2359/745/677
f 2360/731/581 2359/745/581 2362/924/2313
f 2362/924/2313 2359/745/581 2361/917/2302
f 2362/924/2314 2361/917/2315 2364/718/469
f 2356/726/679 2357/724/679 2359/745/677
f 2359/745/677 2357/724/679 2358/722/677
f 2359/745/582 2358/722/582 2361/917/2302
f 2363/906/2281 2360/731/581 2362/924/2316
f 2363/906/2317 2362/924/2318 2365/743/469
f 2365/743/469 2362/924/2318 2364/718/469
f 2365/743/1022 2364/718/1022 2368/912/849
f 2368/912/849 2364/718/1022 2367/715/849
f 2369/737/849 2366/735/1022 2365/743/1022
f 2365/743/469 2366/735/469 2363/906/2317
f 2369/737/849 2365/743/1022 2368/912/849
f 2386/925/287 341/926/276 2387/927/2319
f 2387/927/286 341/926/276 340/928/276
f 2387/927/1088 340/928/276 2392/929/283
f 2392/929/2320 340/928/276 339/930/276
f 2392/929/283 339/930/276 2397/931/832
f 2397/931/832 339/930/276 338/932/276
f 2397/931/281 338/932/15 2402/933/1008
f 2402/933/275 338/932/15 337/934/15
f 2402/933/275 337/934/15 2407/935/274
f 2407/935/274 337/934/15 336/936/15
f 2407/935/1113 336/936/15 2370/937/16
f 2370/937/17 336/936/15 335/938/15
f 2370/937/18 2371/939/19 2407/935/695
f 2407/935/695 2371/939/19 2408/940/694
f 2407/935/272 2408/940/2321 2402/933/693
f 2402/933/693 2408/940/2322 2403/941/1129
f 2402/933/692 2403/941/690 2397/931/689
f 2397/931/689 2403/941/690 2398/942/687
f 2397/931/688 2398/942/687 2392/929/686
f 2392/929/686 2398/942/687 2393/943/685
f 2392/929/959 2393/943/682 2387/927/681
f 2387/927/1088 2393/943/682 2388/944/680
f 2387/927/681 2388/944/680 2386/925/679
f 2386/925/679 2388/944/680 2385/945/677
f 2385/945/581 2388/944/589 2389/946/1123
f 2385/945/581 2389/946/1123 2384/947/1122
f 2384/947/891 2389/946/1198 2390/948/1040
f 2384/947/1041 2390/948/474 2383/949/469
f 2383/949/850 2390/948/357 2391/950/354
f 2383/949/1022 2391/950/353 2382/951/849
f 2382/951/243 2391/950/1001 2380/952/244
f 2382/951/826 2380/952/245 2381/953/239
f 2371/939/146 2372/954/142 2408/940/606
f 2408/940/606 2372/954/142 2409/955/939
f 2408/940/604 2409/955/603 2403/941/601
f 2403/941/601 2409/955/903 2404/956/491
f 2403/941/599 2404/956/597 2398/942/596
f 2398/942/596 2404/956/597 2399/957/1072
f 2398/942/596 2399/957/594 2393/943/935
f 2393/943/590 2399/957/594 2394/958/587
f 2393/943/590 2394/958/588 2388/944/586
f 2388/944/586 2394/958/588 2389/946/2323
f 2372/954/141 2373/959/496 2409/955/495
f 2409/955/498 2373/959/496 2410/960/494
f 2409/955/903 2410/960/1048 2404/956/491
f 2404/956/491 2410/960/902 2405/961/1047
f 2404/956/489 2405/961/486 2399/957/899
f 2399/957/488 2405/961/487 2400/962/898
f 2399/957/483 2400/962/482 2394/958/2324
f 2394/958/481 2400/962/482 2395/963/894
f 2394/958/588 2395/963/361 2389/946/477
f 2389/946/584 2395/963/478 2390/948/474
f 2373/959/382 2374/964/160 2410/960/380
f 2410/960/380 2374/964/154 2411/965/379
f 2410/960/861 2411/965/375 2405/961/486
f 2405/961/377 2411/965/860 2406/966/373
f 2405/961/859 2406/966/857 2400/962/858
f 2400/962/371 2406/966/857 2401/967/855
f 2400/962/856 2401/967/2325 2395/963/2326
f 2395/963/365 2401/967/855 2396/968/362
f 2395/963/2327 2396/968/2328 2390/948/2329
f 2390/948/853 2396/968/358 2391/950/852
f 2374/964/131 2375/969/158 2411/965/2330
f 2411/965/157 2375/969/159 2376/970/156
f 2411/965/830 2376/970/779 2406/966/268
f 2406/966/369 2376/970/267 2377/971/263
f 2406/966/264 2377/971/776 2401/967/1112
f 2401/967/261 2377/971/262 2378/972/2331
f 2401/967/1006 2378/972/256 2396/968/258
f 2396/968/1111 2378/972/1005 2379/973/1003
f 2396/968/253 2379/973/251 2391/950/252
f 2391/950/1001 2379/973/772 2380/952/1102
f 2348/36/28 2375/974/28 2349/975/2332
f 2349/975/2333 2375/974/29 2374/976/30
f 2349/975/2333 2374/976/30 2350/977/2334
f 2350/977/2334 2374/976/26 2351/978/2335
f 2351/978/2336 2374/976/2337 2373/979/25
f 2351/978/2336 2373/979/137 2352/980/2338
f 2352/980/2338 2373/979/23 2372/981/24
f 2352/980/2338 2372/981/141 2353/982/2339
f 2353/982/2340 2372/981/22 2354/983/2341
f 2354/983/2341 2372/981/21 2371/984/20
f 2354/983/2342 2371/984/146 193/985/2343
f 193/985/2344 2371/984/2345 2370/986/18
f 193/985/2344 2370/986/17 194/987/2346
f 194/987/2347 2370/986/17 195/988/2348
f 195/988/2348 2370/986/17 335/989/15
f 195/988/2348 335/989/15 196/990/2349
f 196/990/2349 335/989/155 334/991/155
f 196/990/2349 334/991/155 197/992/155
f 197/992/155 334/991/155 198/993/2350
f 198/993/2351 334/991/303 199/994/2352
f 199/994/2353 334/991/155 200/995/2354
f 200/995/2355 334/991/2356 201/996/2357
f 1666/903/1486 2428/728/1490 2293/904/2358
f 2293/904/2208 2428/728/2359 2433/731/1435
f 2293/904/2360 2433/731/1437 2427/905/2361
f 2427/905/2361 2433/731/2362 2436/906/2363
f 2427/905/2361 2436/906/2363 2426/907/2364
f 2426/907/2365 2436/906/2363 2425/908/2366
f 2425/908/2366 2436/906/2367 2439/735/1609
f 2425/908/2366 2439/735/1889 2424/909/2368
f 2424/909/2368 2439/735/2369 2442/737/1524
f 2424/909/2370 2442/737/1524 2423/910/2371
f 2423/910/2372 2442/737/1809 2422/911/2373
f 2422/911/2373 2442/737/2162 2421/738/240
f 2421/738/1810 2442/737/1809 2441/912/1809
f 2421/738/1810 2441/912/2162 2419/913/2374
f 2419/913/2374 2441/912/1809 2440/715/1809
f 2419/913/2374 2440/715/1809 2418/914/2375
f 2418/914/2376 2440/715/1809 2417/915/2377
f 2417/915/2378 2440/715/2379 2437/718/1526
f 2417/915/2380 2437/718/1889 2416/916/2381
f 2416/916/2382 2437/718/2383 2434/917/2384
f 2416/916/2385 2434/917/2384 2415/918/1611
f 2415/918/1807 2434/917/2386 2414/919/2387
f 2414/919/2388 2434/917/2389 2431/722/1709
f 2414/919/2390 2431/722/1437 2413/920/2391
f 2413/920/2392 2431/722/2393 2430/724/1436
f 2413/920/2394 2430/724/1490 2412/921/2395
f 2412/921/2396 2430/724/1489 1665/922/1486
f 1665/922/1486 2430/724/1489 2429/726/1489
f 1665/922/1486 2429/726/1811 1666/903/1486
f 1666/903/1486 2429/726/1489 2428/728/1489
f 2419/913/2374 2420/714/240 2421/738/240
f 2427/905/2397 2285/923/2360 2293/904/2360
f 2428/728/1436 2429/726/1436 2433/731/1435
f 2433/731/1435 2429/726/1436 2432/745/1435
f 2433/731/1709 2432/745/1709 2435/924/2398
f 2435/924/2399 2432/745/1709 2434/917/2400
f 2435/924/2401 2434/917/2384 2437/718/1609
f 2429/726/1436 2430/724/1436 2432/745/1435
f 2432/745/1435 2430/724/1436 2431/722/1435
f 2432/745/1437 2431/722/1437 2434/917/2386
f 2436/906/2363 2433/731/1709 2435/924/2402
f 2436/906/2403 2435/924/2401 2438/743/1609
f 2438/743/1609 2435/924/2401 2437/718/1609
f 2438/743/1526 2437/718/1526 2441/912/1524
f 2441/912/1524 2437/718/1526 2440/715/1524
f 2442/737/1524 2439/735/1526 2438/743/1526
f 2438/743/1609 2439/735/1609 2436/906/2403
f 2442/737/1524 2438/743/1526 2441/912/1524
f 2459/997/826 2443/953/240 2460/998/238
f 2460/998/825 2443/953/824 2444/952/823
f 2460/998/825 2444/952/1099 2465/999/2404
f 2465/999/235 2444/952/234 2445/973/231
f 2465/999/2405 2445/973/764 2470/1000/2406
f 2470/1000/230 2445/973/820 2446/972/229
f 2470/1000/228 2446/972/227 2475/1001/225
f 2475/1001/225 2446/972/227 2447/971/224
f 2475/1001/223 2447/971/993 2480/1002/1139
f 2480/1002/816 2447/971/992 2448/970/220
f 2480/1002/1139 2448/970/812 2450/1003/124
f 2450/1003/813 2448/970/991 2449/969/217
f 2450/1003/322 2451/1004/325 2480/1002/324
f 2480/1002/324 2451/1004/843 2481/1005/326
f 2480/1002/327 2481/1005/844 2475/1001/329
f 2475/1001/329 2481/1005/328 2476/1006/1017
f 2475/1001/332 2476/1006/333 2470/1000/335
f 2470/1000/1019 2476/1006/336 2471/1007/337
f 2470/1000/1114 2471/1007/340 2465/999/339
f 2465/999/1181 2471/1007/337 2466/1008/2407
f 2465/999/2408 2466/1008/343 2460/998/344
f 2460/998/344 2466/1008/2409 2461/1009/347
f 2460/998/344 2461/1009/349 2459/997/348
f 2459/997/849 2461/1009/349 2458/1010/851
f 2458/1010/468 2461/1009/2410 2462/1011/470
f 2458/1010/2411 2462/1011/888 2457/1012/2412
f 2457/1012/1122 2462/1011/576 2463/1013/578
f 2457/1012/1122 2463/1013/578 2456/1014/581
f 2456/1014/677 2463/1013/673 2464/1015/675
f 2456/1014/677 2464/1015/675 2455/1016/679
f 2455/1016/287 2464/1015/289 327/1017/276
f 2455/1016/288 327/1017/276 326/1018/276
f 2451/1004/120 2452/1019/116 2481/1005/442
f 2481/1005/441 2452/1019/880 2482/1020/881
f 2481/1005/2413 2482/1020/448 2476/1006/447
f 2476/1006/882 2482/1020/883 2477/1021/884
f 2476/1006/450 2477/1021/451 2471/1007/452
f 2471/1007/453 2477/1021/451 2472/1022/1035
f 2471/1007/456 2472/1022/457 2466/1008/847
f 2466/1008/1038 2472/1022/457 2467/1023/1039
f 2466/1008/461 2467/1023/462 2461/1009/466
f 2461/1009/463 2467/1023/886 2462/1011/887
f 2452/1019/9 2453/1024/10 2482/1020/557
f 2482/1020/2414 2453/1024/2415 2483/1025/558
f 2482/1020/556 2483/1025/560 2477/1021/449
f 2477/1021/1120 2483/1025/560 2478/1026/562
f 2477/1021/1065 2478/1026/567 2472/1022/2416
f 2472/1022/566 2478/1026/567 2473/1027/568
f 2472/1022/928 2473/1027/568 2467/1023/571
f 2467/1023/571 2473/1027/568 2468/1028/573
f 2467/1023/929 2468/1028/574 2462/1011/575
f 2462/1011/465 2468/1028/574 2463/1013/577
f 2453/1024/2417 2454/1029/2418 2483/1025/659
f 2483/1025/659 2454/1029/12 2484/1030/660
f 2483/1025/659 2484/1030/662 2478/1026/955
f 2478/1026/661 2484/1030/660 2479/1031/1128
f 2478/1026/664 2479/1031/665 2473/1027/666
f 2473/1027/666 2479/1031/665 2474/1032/2419
f 2473/1027/666 2474/1032/2419 2468/1028/669
f 2468/1028/669 2474/1032/668 2469/1033/670
f 2468/1028/671 2469/1033/674 2463/1013/673
f 2463/1013/673 2469/1033/674 2464/1015/675
f 2454/1029/13 332/1034/14 2484/1030/297
f 2484/1030/662 332/1034/14 331/1035/14
f 2484/1030/298 331/1035/14 2479/1031/296
f 2479/1031/296 331/1035/14 330/1036/14
f 2479/1031/296 330/1036/14 2474/1032/295
f 2474/1032/295 330/1036/14 329/1037/14
f 2474/1032/295 329/1037/292 2469/1033/291
f 2469/1033/291 329/1037/276 328/1038/276
f 2469/1033/291 328/1038/276 2464/1015/290
f 2464/1015/289 328/1038/276 327/1017/276
f 333/1039/14 332/1040/14 2339/1041/104
f 2339/1041/105 332/1040/14 2454/1042/108
f 2339/1041/105 2454/1042/108 2340/1043/109
f 2340/1043/111 2454/1042/12 2453/1044/11
f 2340/1043/111 2453/1044/112 2341/1045/113
f 2341/1045/114 2453/1044/2420 2452/1046/9
f 2341/1045/115 2452/1046/555 2342/1047/555
f 2342/1047/8 2452/1046/8 2343/1048/2421
f 2343/1048/118 2452/1046/2422 2451/1049/7
f 2343/1048/119 2451/1049/120 2344/1050/121
f 2344/1050/2423 2451/1049/6 2450/1051/5
f 2344/1050/123 2450/1051/5 2345/1052/125
f 2345/1052/2424 2450/1051/124 2346/1053/128
f 2346/1053/128 2450/1051/127 2449/1054/3
f 2346/1053/2425 2449/1054/3 2347/36/3
f 2507/1055/991 2485/1056/757 2508/1057/2426
f 2508/1057/2427 2485/1056/757 2486/1058/757
f 2508/1057/2427 2486/1058/217 2513/1059/2428
f 2513/1059/2428 2486/1058/757 2487/1060/757
f 2513/1059/2428 2487/1060/1292 2518/1061/2429
f 2518/1061/2430 2487/1060/757 2488/1062/757
f 2518/1061/2429 2488/1062/1292 2523/1063/2431
f 2523/1063/2432 2488/1062/757 2489/1064/217
f 2523/1063/2432 2489/1064/3 2528/1065/2433
f 2528/1065/2434 2489/1064/3 2490/1066/3
f 2528/1065/2435 2490/1066/3 2492/1067/124
f 2492/1067/127 2490/1066/3 2491/1068/3
f 2492/1067/5 2493/1069/6 2528/1065/2436
f 2528/1065/2436 2493/1069/6 2529/1070/2437
f 2528/1065/2436 2529/1070/2438 2523/1063/2439
f 2523/1063/2439 2529/1070/2438 2524/1071/2440
f 2523/1063/2441 2524/1071/2440 2518/1061/2442
f 2518/1061/2443 2524/1071/2444 2519/1072/2445
f 2518/1061/2446 2519/1072/2445 2513/1059/2447
f 2513/1059/2448 2519/1072/2445 2514/1073/2449
f 2513/1059/2448 2514/1073/2450 2508/1057/2451
f 2508/1057/2452 2514/1073/2453 2509/1074/2454
f 2508/1057/2455 2509/1074/2454 2507/1055/759
f 2507/1055/220 2509/1074/2456 2506/1075/992
f 2506/1075/762 2509/1074/2456 2510/1076/2457
f 2506/1075/762 2510/1076/2458 2505/1077/761
f 2505/1077/229 2510/1076/2459 2511/1078/2460
f 2505/1077/763 2511/1078/2461 2504/1079/820
f 2504/1079/998 2511/1078/2462 2512/1080/2463
f 2504/1079/231 2512/1080/2464 2503/1081/234
f 2503/1081/823 2512/1080/2465 2501/1082/241
f 2503/1081/237 2501/1082/826 2502/1083/239
f 2493/1069/120 2494/1084/2466 2529/1070/2467
f 2529/1070/2468 2494/1084/440 2530/1085/2469
f 2529/1070/2470 2530/1085/2471 2524/1071/2472
f 2524/1071/2472 2530/1085/2469 2525/1086/2473
f 2524/1071/2474 2525/1086/2475 2519/1072/2476
f 2519/1072/2476 2525/1086/2475 2520/1087/2477
f 2519/1072/2476 2520/1087/2478 2514/1073/2479
f 2514/1073/2480 2520/1087/2481 2515/1088/2482
f 2514/1073/2483 2515/1088/2484 2509/1074/2456
f 2509/1074/2485 2515/1088/2486 2510/1076/2487
f 2494/1084/555 2495/1089/2415 2530/1085/2488
f 2530/1085/2489 2495/1089/2415 2531/1090/2490
f 2530/1085/2491 2531/1090/2492 2525/1086/2473
f 2525/1086/2493 2531/1090/2494 2526/1091/2495
f 2525/1086/2496 2526/1091/2497 2520/1087/2498
f 2520/1087/2499 2526/1091/2500 2521/1092/2501
f 2520/1087/2481 2521/1092/2502 2515/1088/2503
f 2515/1088/2504 2521/1092/2505 2516/1093/2506
f 2515/1088/2486 2516/1093/2507 2510/1076/2508
f 2510/1076/2509 2516/1093/2506 2511/1078/2510
f 2495/1089/2511 2496/1094/2418 2531/1090/2512
f 2531/1090/2513 2496/1094/2418 2532/1095/2514
f 2531/1090/2515 2532/1095/2516 2526/1091/2517
f 2526/1091/2497 2532/1095/2514 2527/1096/2518
f 2526/1091/2519 2527/1096/2520 2521/1092/2521
f 2521/1092/2522 2527/1096/2520 2522/1097/2523
f 2521/1092/2522 2522/1097/2524 2516/1093/2525
f 2516/1093/2526 2522/1097/2527 2517/1098/2528
f 2516/1093/2506 2517/1098/2529 2511/1078/2510
f 2511/1078/2510 2517/1098/2529 2512/1080/2530
f 2496/1094/2531 342/1099/292 2532/1095/2532
f 2532/1095/2533 342/1099/276 2497/1100/2534
f 2532/1095/2535 2497/1100/679 2527/1096/2536
f 2527/1096/2537 2497/1100/2538 2498/1101/676
f 2527/1096/2539 2498/1101/582 2522/1097/2540
f 2522/1097/2527 2498/1101/1071 2499/1102/1206
f 2522/1097/2541 2499/1102/1041 2517/1098/2542
f 2517/1098/2528 2499/1102/2412 2500/1103/468
f 2517/1098/2543 2500/1103/468 2512/1080/2544
f 2512/1080/2545 2500/1103/350 2501/1082/348
f 2549/997/1809 2533/953/240 2550/998/1260
f 2550/998/1262 2533/953/1261 2534/952/1259
f 2550/998/1262 2534/952/1259 2555/999/2546
f 2555/999/1255 2534/952/771 2535/973/1252
f 2555/999/2547 2535/973/1829 2560/1000/1511
f 2560/1000/1253 2535/973/1252 2536/972/2548
f 2560/1000/2549 2536/972/777 2565/1001/1248
f 2565/1001/1828 2536/972/1827 2537/971/1825
f 2565/1001/1245 2537/971/778 2570/1002/2032
f 2570/1002/1241 2537/971/1825 2538/970/1240
f 2570/1002/1239 2538/970/731 2540/1003/32
f 2540/1003/32 2538/970/2092 2539/969/1236
f 2540/1003/1874 2541/1004/1500 2570/1002/1875
f 2570/1002/1875 2541/1004/1500 2571/1005/1876
f 2570/1002/1504 2571/1005/1505 2565/1001/2174
f 2565/1001/1506 2571/1005/1877 2566/1006/1590
f 2565/1001/2550 2566/1006/2109 2560/1000/1513
f 2560/1000/1510 2566/1006/1509 2561/1007/2043
f 2560/1000/1513 2561/1007/1512 2555/999/1879
f 2555/999/1879 2561/1007/1926 2556/1008/2111
f 2555/999/2551 2556/1008/1520 2550/998/1519
f 2550/998/1883 2556/1008/1881 2551/1009/2113
f 2550/998/2114 2551/1009/1525 2549/997/1524
f 2549/997/1524 2551/1009/1521 2548/1010/2044
f 2548/1010/2128 2551/1009/1932 2552/1011/1610
f 2548/1010/1608 2552/1011/1607 2547/1012/2552
f 2547/1012/1806 2552/1011/2072 2553/1013/1707
f 2547/1012/1612 2553/1013/1707 2546/1014/1709
f 2546/1014/1435 2553/1013/1432 2554/1015/1434
f 2546/1014/1435 2554/1015/1434 2545/1016/1436
f 2545/1016/1811 2554/1015/2553 1659/1017/1486
f 2545/1016/1490 1659/1017/1486 1658/1018/1486
f 2541/1004/1582 2542/1019/1583 2571/1005/1584
f 2571/1005/1920 2542/1019/2554 2572/1020/2054
f 2571/1005/1921 2572/1020/1588 2566/1006/1922
f 2566/1006/1923 2572/1020/2124 2567/1021/1592
f 2566/1006/1924 2567/1021/1596 2561/1007/1595
f 2561/1007/1595 2567/1021/1596 2562/1022/1597
f 2561/1007/2555 2562/1022/1929 2556/1008/1600
f 2556/1008/2188 2562/1022/1929 2557/1023/2556
f 2556/1008/1931 2557/1023/1704 2551/1009/1932
f 2551/1009/1603 2557/1023/1704 2552/1011/1605
f 2542/1019/2141 2543/1024/39 2572/1020/2142
f 2572/1020/1688 2543/1024/39 2573/1025/1689
f 2572/1020/1977 2573/1025/1689 2567/1021/1693
f 2567/1021/1692 2573/1025/1691 2568/1026/1694
f 2567/1021/1978 2568/1026/1696 2562/1022/1925
f 2562/1022/1697 2568/1026/1699 2563/1027/2143
f 2562/1022/1701 2563/1027/1700 2557/1023/2146
f 2557/1023/1702 2563/1027/1700 2558/1028/2145
f 2557/1023/1704 2558/1028/1705 2552/1011/1605
f 2552/1011/2071 2558/1028/1705 2553/1013/1981
f 2543/1024/41 2544/1029/42 2573/1025/1419
f 2573/1025/1419 2544/1029/42 2574/1030/1420
f 2573/1025/1419 2574/1030/1420 2568/1026/1422
f 2568/1026/1421 2574/1030/1420 2569/1031/2557
f 2568/1026/2155 2569/1031/1425 2563/1027/1426
f 2563/1027/1426 2569/1031/1425 2564/1032/2008
f 2563/1027/1426 2564/1032/1428 2558/1028/2009
f 2558/1028/2009 2564/1032/1428 2559/1033/1430
f 2558/1028/2010 2559/1033/1433 2553/1013/1432
f 2553/1013/1432 2559/1033/1433 2554/1015/1488
f 2544/1029/57 1664/1034/44 2574/1030/2558
f 2574/1030/2006 1664/1034/44 1663/1035/44
f 2574/1030/1479 1663/1035/44 2569/1031/1480
f 2569/1031/2559 1663/1035/44 1662/1036/44
f 2569/1031/1480 1662/1036/1486 2564/1032/1483
f 2564/1032/1483 1662/1036/44 1661/1037/44
f 2564/1032/1483 1661/1037/1476 2559/1033/1485
f 2559/1033/1485 1661/1037/1486 1660/1038/1486
f 2559/1033/2560 1660/1038/1486 2554/1015/2561
f 2554/1015/1487 1660/1038/1486 1659/1017/1486
f 1665/1039/44 1664/1040/44 2412/1041/2236
f 2412/1041/2237 1664/1040/44 2544/1042/57
f 2412/1041/2237 2544/1042/1478 2413/1043/2238
f 2413/1043/2562 2544/1042/42 2543/1044/41
f 2413/1043/2563 2543/1044/1779 2414/1045/2241
f 2414/1045/2242 2543/1044/2564 2542/1046/1780
f 2414/1045/2243 2542/1046/1780 2415/1047/1780
f 2415/1047/1583 2542/1046/1583 2416/1048/2565
f 2416/1048/2565 2542/1046/2566 2541/1049/36
f 2416/1048/2245 2541/1049/1582 2417/1050/2247
f 2417/1050/2567 2541/1049/35 2540/1051/34
f 2417/1050/2248 2540/1051/32 2418/1052/2249
f 2418/1052/2568 2540/1051/32 2419/1053/2251
f 2419/1053/2251 2540/1051/32 2539/1054/31
f 2419/1053/2251 2539/1054/28 2420/36/28
f 2591/925/1811 1673/926/1486 2592/927/2569
f 2592/927/1491 1673/926/1486 1672/928/1486
f 2592/927/2570 1672/928/1486 2597/929/2571
f 2597/929/1492 1672/928/1486 1671/930/1486
f 2597/929/1492 1671/930/1486 2602/931/1494
f 2602/931/1494 1671/930/1486 1670/932/1486
f 2602/931/2572 1670/932/1493 2607/933/2573
f 2607/933/1495 1670/932/45 1669/934/1493
f 2607/933/1495 1669/934/45 2612/935/1497
f 2612/935/1497 1669/934/45 1668/936/45
f 2612/935/2574 1668/936/45 2575/937/1498
f 2575/937/1498 1668/936/45 1667/938/45
f 2575/937/47 2576/939/48 2612/935/1454
f 2612/935/1454 2576/939/48 2613/940/1451
f 2612/935/1454 2613/940/1451 2607/933/1450
f 2607/933/1450 2613/940/1451 2608/941/2575
f 2607/933/1448 2608/941/2014 2602/931/1445
f 2602/931/1447 2608/941/2014 2603/942/1443
f 2602/931/1444 2603/942/1443 2597/929/1442
f 2597/929/1442 2603/942/1443 2598/943/2013
f 2597/929/1441 2598/943/2012 2592/927/1439
f 2592/927/2576 2598/943/1440 2593/944/1438
f 2592/927/1439 2593/944/1438 2591/925/2577
f 2591/925/1436 2593/944/1438 2590/945/1819
f 2590/945/1711 2593/944/1713 2594/946/1982
f 2590/945/1709 2594/946/2073 2589/947/1807
f 2589/947/2190 2594/946/1615 2595/948/1534
f 2589/947/1611 2595/948/1613 2588/949/1609
f 2588/949/1526 2595/948/1530 2596/950/1528
f 2588/949/1526 2596/950/1528 2587/951/1524
f 2587/951/1267 2596/950/1834 2585/952/1266
f 2587/951/1809 2585/952/1101 2586/953/1810
f 2576/939/1738 2577/954/50 2613/940/1734
f 2613/940/1734 2577/954/1988 2614/955/1947
f 2613/940/1987 2614/955/1947 2608/941/1733
f 2608/941/1733 2614/955/1731 2609/956/1729
f 2608/941/1733 2609/956/1726 2603/942/1727
f 2603/942/1724 2609/956/1725 2604/957/1723
f 2603/942/1724 2604/957/1721 2598/943/2148
f 2598/943/2148 2604/957/1721 2599/958/1984
f 2598/943/1717 2599/958/1715 2593/944/1714
f 2593/944/1714 2599/958/2578 2594/946/1982
f 2577/954/1736 2578/959/2062 2614/955/1634
f 2614/955/1637 2578/959/1636 2615/960/1633
f 2614/955/1632 2615/960/1547 2609/956/2060
f 2609/956/1629 2615/960/1547 2610/961/2579
f 2609/956/2060 2610/961/2580 2604/957/1943
f 2604/957/1943 2610/961/1942 2605/962/2192
f 2604/957/1939 2605/962/1623 2599/958/1622
f 2599/958/2132 2605/962/2059 2600/963/1619
f 2599/958/1715 2600/963/1619 2594/946/1617
f 2594/946/1934 2600/963/2131 2595/948/1613
f 2578/959/1551 2579/964/1550 2615/960/1549
f 2615/960/1900 2579/964/1550 2616/965/1548
f 2615/960/2581 2616/965/1545 2610/961/1546
f 2610/961/1544 2616/965/2117 2611/966/1543
f 2610/961/2582 2611/966/1540 2605/962/1897
f 2605/962/2116 2611/966/1540 2606/967/1538
f 2605/962/1539 2606/967/1538 2600/963/1537
f 2600/963/1537 2606/967/1538 2601/968/1892
f 2600/963/1535 2601/968/1533 2595/948/1534
f 2595/948/1891 2601/968/1275 2596/950/2583
f 2579/964/1842 2580/969/757 2616/965/1293
f 2616/965/2584 2580/969/1291 2581/970/1289
f 2616/965/1290 2581/970/759 2611/966/1285
f 2611/966/2585 2581/970/759 2582/971/1839
f 2611/966/2098 2582/971/762 2606/967/2586
f 2606/967/1280 2582/971/1281 2583/972/1838
f 2606/967/1278 2583/972/1276 2601/968/1275
f 2601/968/1275 2583/972/2164 2584/973/1274
f 2601/968/1835 2584/973/1271 2596/950/1270
f 2596/950/1834 2584/973/1271 2585/952/1266
f 2421/36/1292 2580/974/1292 2422/975/2587
f 2422/975/2587 2580/974/2 2579/976/2255
f 2422/975/2587 2579/976/1296 2423/977/2588
f 2423/977/2588 2579/976/55 2424/978/2589
f 2424/978/2590 2579/976/2591 2578/979/54
f 2424/978/2590 2578/979/2062 2425/980/2592
f 2425/980/2592 2578/979/53 2577/981/1638
f 2425/980/2592 2577/981/1736 2426/982/2593
f 2426/982/2594 2577/981/1736 2427/983/2595
f 2427/983/2595 2577/981/50 2576/984/49
f 2427/983/2595 2576/984/1738 2285/985/2596
f 2285/985/2597 2576/984/2598 2575/986/47
f 2285/985/2597 2575/986/1498 2286/987/2599
f 2286/987/2599 2575/986/1498 2287/988/2600
f 2287/988/2600 2575/986/1498 1667/989/45
f 2287/988/2600 1667/989/45 2288/990/2601
f 2288/990/2601 1667/989/1476 1666/991/1476
f 2288/990/2601 1666/991/1476 2289/992/1476
f 2289/992/1476 1666/991/1476 2290/993/2602
f 2290/993/2603 1666/991/1475 2291/994/2604
f 2291/994/2605 1666/991/1486 2292/995/2606
f 2292/995/2607 1666/991/44 2293/996/2608
f 2448/1104/1228 2617/1105/1228 2449/1106/757
f 2449/1106/757 2617/1105/991 2618/1107/991
f 2449/1106/757 2618/1107/758 2619/1108/758
f 2619/1108/759 2618/1107/759 2625/1109/222
f 2619/1108/759 2625/1109/222 2626/1110/222
f 2626/1110/760 2625/1109/760 2632/1111/1097
f 2626/1110/760 2632/1111/818 2633/1112/818
f 2633/1112/763 2632/1111/763 2639/1113/764
f 2633/1112/763 2639/1113/820 2640/1114/820
f 2640/1114/1230 2639/1113/1230 2646/1115/766
f 2640/1114/765 2646/1115/1099 2585/1116/1099
f 2585/1116/1099 2646/1115/1099 2586/1117/1100
f 2586/1117/1100 2646/1115/766 2645/1118/766
f 2586/1117/768 2645/1118/1099 2644/1119/1099
f 2644/1119/766 2645/1118/766 2638/1120/1836
f 2644/1119/766 2638/1120/1230 2637/1121/1230
f 2637/1121/764 2638/1120/764 2631/1122/1277
f 2637/1121/764 2631/1122/763 2630/1123/763
f 2630/1123/818 2631/1122/818 2624/1124/224
f 2630/1123/1097 2624/1124/760 2623/1125/760
f 2623/1125/222 2624/1124/222 2617/1105/759
f 2623/1125/222 2617/1105/759 2448/1104/759
f 2448/1104/759 2447/1126/222 2623/1125/222
f 2623/1125/760 2447/1126/760 2629/1127/1097
f 2623/1125/760 2629/1127/818 2630/1123/818
f 2630/1123/1277 2629/1127/1277 2636/1128/764
f 2630/1123/1277 2636/1128/764 2637/1121/764
f 2637/1121/1230 2636/1128/1230 2643/1129/766
f 2637/1121/765 2643/1129/1099 2644/1119/1099
f 2644/1119/2609 2643/1129/2609 2586/1117/1103
f 2447/1126/760 2446/1130/818 2629/1127/818
f 2629/1127/763 2446/1130/763 2635/1131/764
f 2629/1127/763 2635/1131/764 2636/1128/764
f 2636/1128/765 2635/1131/765 2642/1132/1099
f 2636/1128/765 2642/1132/1099 2643/1129/1099
f 2643/1129/2610 2642/1132/2610 2443/1133/769
f 2643/1129/1099 2443/1133/768 2586/1117/768
f 2446/1130/1277 2445/1134/764 2635/1131/764
f 2635/1131/1230 2445/1134/1230 2641/1135/766
f 2635/1131/1230 2641/1135/766 2642/1132/766
f 2642/1132/766 2641/1135/766 2443/1133/2611
f 2445/1134/765 2444/1136/1099 2641/1135/1099
f 2641/1135/1099 2444/1136/1099 2443/1133/1100
f 2585/1116/766 2584/1137/1230 2640/1114/1230
f 2640/1114/764 2584/1137/764 2634/1138/1277
f 2640/1114/764 2634/1138/763 2633/1112/763
f 2633/1112/818 2634/1138/818 2627/1139/760
f 2633/1112/1097 2627/1139/760 2626/1110/760
f 2626/1110/222 2627/1139/222 2620/1140/759
f 2626/1110/222 2620/1140/759 2619/1108/759
f 2619/1108/991 2620/1140/991 2449/1106/757
f 2584/1137/764 2583/1141/763 2634/1138/763
f 2634/1138/818 2583/1141/818 2628/1142/760
f 2634/1138/761 2628/1142/762 2627/1139/762
f 2627/1139/222 2628/1142/222 2621/1143/220
f 2627/1139/222 2621/1143/759 2620/1140/759
f 2620/1140/758 2621/1143/758 2580/1144/757
f 2620/1140/758 2580/1144/757 2449/1106/757
f 2583/1141/1097 2582/1145/760 2628/1142/760
f 2628/1142/222 2582/1145/222 2622/1146/759
f 2628/1142/222 2622/1146/759 2621/1143/759
f 2621/1143/991 2622/1146/991 2580/1144/757
f 2582/1145/222 2581/1147/759 2622/1146/759
f 2622/1146/1228 2581/1147/1228 2580/1144/757
f 2625/1109/222 2618/1107/759 2624/1124/222
f 2624/1124/222 2618/1107/759 2617/1105/759
f 2632/1111/818 2625/1109/760 2631/1122/818
f 2631/1122/1097 2625/1109/760 2624/1124/760
f 2639/1113/764 2632/1111/763 2638/1120/764
f 2638/1120/764 2632/1111/763 2631/1122/763
f 2646/1115/766 2639/1113/820 2645/1118/766
f 2645/1118/1099 2639/1113/765 2638/1120/765
f 2669/325/244 2647/324/769 2670/323/2612
f 2670/323/2613 2647/324/239 2648/322/826
f 2670/323/2614 2648/322/849 2675/321/2615
f 2675/321/2616 2648/322/849 2649/320/352
f 2675/321/2617 2649/320/890 2680/319/2618
f 2680/319/2619 2649/320/469 2650/318/472
f 2680/319/2620 2650/318/1122 2685/317/2621
f 2685/317/2622 2650/318/472 2651/316/1208
f 2685/317/2623 2651/316/677 2690/315/2624
f 2690/315/2625 2651/316/2626 2652/314/2627
f 2690/315/2628 2652/314/2629 2653/313/2630
f 2653/313/2630 2652/314/2629 325/312/277
f 2653/313/18 2654/384/153 2690/315/2631
f 2690/315/2631 2654/384/153 2691/385/2632
f 2690/315/2633 2691/385/2634 2685/317/2635
f 2685/317/2636 2691/385/2637 2686/386/2638
f 2685/317/2639 2686/386/2640 2680/319/2641
f 2680/319/2642 2686/386/2643 2681/387/2644
f 2680/319/2645 2681/387/2646 2675/321/2617
f 2675/321/2647 2681/387/2648 2676/388/2649
f 2675/321/2650 2676/388/2651 2670/323/2652
f 2670/323/2653 2676/388/2654 2671/389/2655
f 2670/323/2656 2671/389/2657 2669/325/244
f 2669/325/244 2671/389/2657 2668/390/251
f 2668/390/973 2671/389/2658 2672/414/2659
f 2668/390/254 2672/414/2660 2667/415/256
f 2667/415/774 2672/414/2661 2673/439/2662
f 2667/415/774 2673/439/2662 2666/440/263
f 2666/440/778 2673/439/2663 2674/351/2664
f 2666/440/778 2674/351/2664 2665/349/779
f 2665/349/730 2674/351/2665 2663/350/158
f 2665/349/731 2663/350/158 2664/348/158
f 2654/384/2666 2655/409/608 2691/385/2667
f 2691/385/2667 2655/409/607 2692/410/2668
f 2691/385/2669 2692/410/2670 2686/386/2671
f 2686/386/2672 2692/410/2673 2687/411/2674
f 2686/386/2675 2687/411/2676 2681/387/2677
f 2681/387/2678 2687/411/2676 2682/412/2679
f 2681/387/2680 2682/412/2681 2676/388/2682
f 2676/388/2683 2682/412/2681 2677/413/2684
f 2676/388/2654 2677/413/2685 2671/389/2686
f 2671/389/2655 2677/413/2687 2672/414/2688
f 2655/409/2689 2656/434/137 2692/410/2690
f 2692/410/2691 2656/434/23 2693/435/2692
f 2692/410/2673 2693/435/2693 2687/411/2674
f 2687/411/2694 2693/435/2693 2688/436/2695
f 2687/411/2696 2688/436/2697 2682/412/2698
f 2682/412/2699 2688/436/2695 2683/437/2700
f 2682/412/2701 2683/437/2702 2677/413/2703
f 2677/413/2703 2683/437/2704 2678/438/2705
f 2677/413/2687 2678/438/2706 2672/414/2688
f 2672/414/2688 2678/438/2706 2673/439/2707
f 2656/434/25 2657/361/26 2693/435/2708
f 2693/435/2708 2657/361/26 2694/359/2709
f 2693/435/2708 2694/359/2710 2688/436/2711
f 2688/436/2712 2694/359/2710 2689/357/2713
f 2688/436/2714 2689/357/2715 2683/437/2716
f 2683/437/2716 2689/357/2715 2684/355/2717
f 2683/437/2716 2684/355/2718 2678/438/2719
f 2678/438/2720 2684/355/2717 2679/353/2721
f 2678/438/2722 2679/353/2723 2673/439/2663
f 2673/439/2663 2679/353/2724 2674/351/2725
f 2657/361/30 2658/360/29 2694/359/2710
f 2694/359/2726 2658/360/29 2659/358/29
f 2694/359/2727 2659/358/29 2689/357/2728
f 2689/357/2728 2659/358/29 2660/356/29
f 2689/357/2729 2660/356/158 2684/355/2730
f 2684/355/2731 2660/356/159 2661/354/29
f 2684/355/2730 2661/354/158 2679/353/2732
f 2679/353/2733 2661/354/158 2662/352/159
f 2679/353/2733 2662/352/158 2674/351/2734
f 2674/351/2734 2662/352/158 2663/350/158
f 2696/1148/124 2701/1149/124 2695/1150/3
f 2695/1150/3 2701/1149/124 2702/1151/124
f 2695/1150/3 2702/1151/4 2703/1152/4
f 2703/1152/5 2702/1151/5 2707/1153/6
f 2703/1152/5 2707/1153/6 2708/1154/6
f 2708/1154/7 2707/1153/7 2712/1155/116
f 2708/1154/7 2712/1155/116 2494/1156/116
f 2494/1156/56 2712/1155/56 2495/1157/10
f 2495/1157/10 2712/1155/56 2716/1158/10
f 2495/1157/11 2716/1158/11 2496/1159/12
f 2496/1159/12 2716/1158/11 2720/1160/12
f 2496/1159/106 2720/1160/106 342/1161/14
f 342/1161/14 2720/1160/106 2719/1162/106
f 342/1161/14 2719/1162/106 2718/1163/106
f 2718/1163/12 2719/1162/12 2714/1164/11
f 2718/1163/12 2714/1164/11 2713/1165/11
f 2713/1165/10 2714/1164/10 2709/1166/56
f 2713/1165/10 2709/1166/56 2698/1167/56
f 2698/1167/116 2709/1166/116 2697/1168/7
f 2697/1168/7 2709/1166/116 2705/1169/7
f 2697/1168/6 2705/1169/6 2696/1148/5
f 2696/1148/5 2705/1169/6 2701/1149/5
f 2698/1167/56 2699/1170/10 2713/1165/10
f 2713/1165/11 2699/1170/11 2717/1171/12
f 2713/1165/11 2717/1171/12 2718/1163/12
f 2718/1163/106 2717/1171/106 343/1172/14
f 2718/1163/106 343/1172/14 342/1161/14
f 2699/1170/11 2700/1173/12 2717/1171/12
f 2717/1171/106 2700/1173/106 343/1172/14
f 2494/1156/116 2493/1174/7 2708/1154/7
f 2708/1154/6 2493/1174/6 2704/1175/5
f 2708/1154/6 2704/1175/5 2703/1152/5
f 2703/1152/124 2704/1175/124 2491/1176/3
f 2703/1152/127 2491/1176/3 2695/1150/3
f 2493/1174/6 2492/1177/5 2704/1175/5
f 2704/1175/124 2492/1177/124 2491/1176/3
f 2702/1151/5 2701/1149/5 2706/1178/6
f 2706/1178/6 2701/1149/5 2705/1169/6
f 2706/1178/7 2705/1169/7 2710/1179/116
f 2710/1179/116 2705/1169/7 2709/1166/116
f 2710/1179/56 2709/1166/56 2714/1164/10
f 2702/1151/5 2706/1178/6 2707/1153/6
f 2707/1153/7 2706/1178/7 2711/1180/116
f 2707/1153/7 2711/1180/116 2712/1155/116
f 2712/1155/56 2711/1180/56 2716/1158/10
f 2711/1180/116 2706/1178/7 2710/1179/116
f 2711/1180/56 2710/1179/56 2715/1181/10
f 2715/1181/10 2710/1179/56 2714/1164/10
f 2715/1181/11 2714/1164/11 2719/1162/12
f 2720/1160/12 2716/1158/11 2715/1181/11
f 2715/1181/10 2716/1158/10 2711/1180/56
f 2720/1160/12 2715/1181/11 2719/1162/12
f 1221/1182/824 1220/1183/241 2725/1184/1099
f 2725/1184/2735 1220/1183/1143 2730/1185/2736
f 2725/1184/234 2730/1185/1140 2724/1186/998
f 2724/1186/820 2730/1185/1140 2735/1187/233
f 2724/1186/820 2735/1187/233 2723/1188/818
f 2723/1188/819 2735/1187/997 2740/1189/230
f 2723/1188/818 2740/1189/995 2722/1190/760
f 2722/1190/762 2740/1189/995 2745/1191/225
f 2722/1190/815 2745/1191/817 2721/1192/220
f 2721/1192/812 2745/1191/817 2750/1193/1139
f 2721/1192/812 2750/1193/219 2695/1194/217
f 2695/1194/1292 2750/1193/2737 2696/1195/1138
f 2696/1195/322 2750/1193/324 2749/1196/442
f 2696/1195/5 2749/1196/326 2697/1197/6
f 2697/1197/439 2749/1196/441 2748/1198/556
f 2697/1197/439 2748/1198/881 2698/1199/555
f 2698/1199/555 2748/1198/556 2747/1200/558
f 2698/1199/555 2747/1200/558 2699/1201/10
f 2699/1201/11 2747/1200/659 2746/1202/660
f 2699/1201/11 2746/1202/660 2700/1203/12
f 2700/1203/108 2746/1202/662 344/1204/14
f 2700/1203/108 344/1204/14 343/1205/14
f 1220/1183/348 1219/1206/2738 2730/1185/344
f 2730/1185/848 1219/1206/851 2729/1207/349
f 2730/1185/345 2729/1207/347 2735/1187/342
f 2735/1187/342 2729/1207/463 2734/1208/846
f 2735/1187/339 2734/1208/341 2740/1189/2739
f 2740/1189/335 2734/1208/341 2739/1209/337
f 2740/1189/335 2739/1209/2740 2745/1191/332
f 2745/1191/332 2739/1209/2741 2744/1210/336
f 2745/1191/329 2744/1210/331 2750/1193/1139
f 2750/1193/1139 2744/1210/331 2749/1196/328
f 1219/1206/469 1218/1211/2742 2729/1207/466
f 2729/1207/2410 1218/1211/472 2728/1212/470
f 2729/1207/885 2728/1212/465 2734/1208/847
f 2734/1208/461 2728/1212/931 2733/1213/462
f 2734/1208/1037 2733/1213/1039 2739/1209/338
f 2739/1209/456 2733/1213/460 2738/1214/457
f 2739/1209/452 2738/1214/569 2744/1210/1195
f 2744/1210/447 2738/1214/1035 2743/1215/451
f 2744/1210/446 2743/1215/449 2749/1196/444
f 2749/1196/444 2743/1215/449 2748/1198/448
f 1218/1211/1122 1217/1216/2743 2728/1212/931
f 2728/1212/931 1217/1216/581 2727/1217/578
f 2728/1212/575 2727/1217/577 2733/1213/462
f 2733/1213/929 2727/1217/578 2732/1218/574
f 2733/1213/571 2732/1218/2744 2738/1214/2416
f 2738/1214/1067 2732/1218/574 2737/1219/1068
f 2738/1214/565 2737/1219/2745 2743/1215/1065
f 2743/1215/563 2737/1219/1066 2742/1220/564
f 2743/1215/561 2742/1220/562 2748/1198/2746
f 2748/1198/559 2742/1220/562 2747/1200/560
f 1217/1216/676 1216/1221/679 2727/1217/673
f 2727/1217/673 1216/1221/679 2726/1222/675
f 2727/1217/673 2726/1222/675 2732/1218/956
f 2732/1218/671 2726/1222/675 2731/1223/674
f 2732/1218/669 2731/1223/670 2737/1219/666
f 2737/1219/666 2731/1223/670 2736/1224/668
f 2737/1219/666 2736/1224/667 2742/1220/955
f 2742/1220/955 2736/1224/2419 2741/1225/665
f 2742/1220/661 2741/1225/1128 2747/1200/659
f 2747/1200/659 2741/1225/663 2746/1202/662
f 1216/1221/287 349/1226/276 2726/1222/1176
f 2726/1222/290 349/1226/276 348/1227/276
f 2726/1222/289 348/1227/276 2731/1223/293
f 2731/1223/834 348/1227/276 347/1228/276
f 2731/1223/291 347/1228/276 2736/1224/295
f 2736/1224/295 347/1228/155 346/1229/155
f 2736/1224/295 346/1229/14 2741/1225/296
f 2741/1225/2747 346/1229/14 345/1230/276
f 2741/1225/296 345/1230/14 2746/1202/298
f 2746/1202/297 345/1230/14 344/1204/14
f 2751/30/29 2752/1231/160 2761/1232/156
f 2761/1232/731 2752/1231/160 2766/1233/2330
f 2761/1232/267 2766/1233/830 2760/1234/265
f 2760/1234/2748 2766/1233/830 2771/1235/268
f 2760/1234/263 2771/1235/369 2759/1236/2331
f 2759/1236/1005 2771/1235/369 2776/1237/1184
f 2759/1236/1005 2776/1237/1006 2758/1238/973
f 2758/1238/254 2776/1237/1006 2781/1239/255
f 2758/1238/254 2781/1239/1145 2757/1240/771
f 2757/1240/248 2781/1239/253 2786/1241/252
f 2757/1240/2749 2786/1241/2750 1222/1182/240
f 1222/1182/242 2786/1241/252 1223/1183/1144
f 1223/1183/826 2786/1241/353 2785/1242/356
f 1223/1183/351 2785/1242/356 1224/1206/850
f 1224/1206/469 2785/1242/474 2784/1243/892
f 1224/1206/468 2784/1243/892 1225/1211/1041
f 1225/1211/2751 2784/1243/583 2783/1244/589
f 1225/1211/472 2783/1244/589 1226/1216/1208
f 1226/1216/677 2783/1244/680 2782/1245/681
f 1226/1216/2752 2782/1245/681 1227/1221/679
f 1227/1221/288 2782/1245/1088 319/1246/276
f 1227/1221/288 319/1246/276 318/1226/276
f 2752/1231/26 2753/1247/382 2766/1233/157
f 2766/1233/379 2753/1247/2753 2765/1248/381
f 2766/1233/375 2765/1248/861 2771/1235/373
f 2771/1235/373 2765/1248/902 2770/1249/374
f 2771/1235/857 2770/1249/859 2776/1237/367
f 2776/1237/855 2770/1249/859 2775/1250/371
f 2776/1237/855 2775/1250/371 2781/1239/362
f 2781/1239/362 2775/1250/856 2780/1251/365
f 2781/1239/359 2780/1251/854 2786/1241/852
f 2786/1241/852 2780/1251/854 2785/1242/853
f 2753/1247/137 2754/1252/141 2765/1248/381
f 2765/1248/494 2754/1252/608 2764/1253/498
f 2765/1248/492 2764/1253/903 2770/1249/1047
f 2770/1249/1047 2764/1253/493 2769/1254/491
f 2770/1249/900 2769/1254/489 2775/1250/484
f 2775/1250/898 2769/1254/489 2774/1255/899
f 2775/1250/482 2774/1255/483 2780/1251/480
f 2780/1251/2754 2774/1255/483 2779/1256/481
f 2780/1251/478 2779/1256/588 2785/1242/476
f 2785/1242/476 2779/1256/588 2784/1243/896
f 2754/1252/22 2755/1257/146 2764/1253/940
f 2764/1253/605 2755/1257/146 2763/1258/606
f 2764/1253/940 2763/1258/604 2769/1254/491
f 2769/1254/491 2763/1258/604 2768/1259/601
f 2769/1254/597 2768/1259/599 2774/1255/1072
f 2774/1255/1072 2768/1259/601 2773/1260/1209
f 2774/1255/594 2773/1260/596 2779/1256/591
f 2779/1256/591 2773/1260/596 2778/1261/592
f 2779/1256/933 2778/1261/590 2784/1243/583
f 2784/1243/932 2778/1261/590 2783/1244/586
f 2755/1257/19 2756/1262/18 2763/1258/694
f 2763/1258/694 2756/1262/18 2762/1263/695
f 2763/1258/694 2762/1263/695 2768/1259/960
f 2768/1259/960 2762/1263/272 2767/1264/693
f 2768/1259/691 2767/1264/692 2773/1260/687
f 2773/1260/687 2767/1264/692 2772/1265/689
f 2773/1260/687 2772/1265/688 2778/1261/958
f 2778/1261/958 2772/1265/688 2777/1266/686
f 2778/1261/958 2777/1266/959 2783/1244/680
f 2783/1244/680 2777/1266/959 2782/1245/681
f 2756/1262/16 324/938/15 2762/1263/273
f 2762/1263/272 324/938/15 323/1267/15
f 2762/1263/273 323/1267/15 2767/1264/278
f 2767/1264/275 323/1267/15 322/1268/15
f 2767/1264/275 322/1268/15 2772/1265/281
f 2772/1265/832 322/1268/15 321/1269/15
f 2772/1265/832 321/1269/276 2777/1266/283
f 2777/1266/282 321/1269/276 320/1270/277
f 2777/1266/2320 320/1270/276 2782/1245/285
f 2782/1245/285 320/1270/276 319/1246/276
f 2756/1148/152 2787/1149/152 324/1150/15
f 324/1150/15 2787/1149/152 2788/1151/152
f 324/1150/15 2788/1151/152 2789/1152/152
f 2789/1152/18 2788/1151/18 2793/1153/19
f 2789/1152/18 2793/1153/19 2794/1154/19
f 2794/1154/20 2793/1153/20 2798/1155/142
f 2794/1154/20 2798/1155/142 2655/1156/142
f 2655/1156/141 2798/1155/141 2656/1157/23
f 2656/1157/23 2798/1155/141 2802/1158/23
f 2656/1157/25 2802/1158/25 2657/1159/26
f 2657/1159/26 2802/1158/383 2806/1160/26
f 2657/1159/131 2806/1160/131 2658/1161/29
f 2658/1161/29 2806/1160/131 2805/1162/131
f 2658/1161/29 2805/1162/131 2804/1163/131
f 2804/1163/26 2805/1162/26 2800/1164/383
f 2804/1163/26 2800/1164/25 2799/1165/25
f 2799/1165/23 2800/1164/23 2795/1166/141
f 2799/1165/23 2795/1166/141 2754/1167/141
f 2754/1167/142 2795/1166/142 2755/1168/20
f 2755/1168/20 2795/1166/142 2791/1169/20
f 2755/1168/19 2791/1169/19 2756/1148/18
f 2756/1148/18 2791/1169/19 2787/1149/18
f 2754/1167/141 2753/1170/23 2799/1165/23
f 2799/1165/25 2753/1170/25 2803/1171/26
f 2799/1165/383 2803/1171/26 2804/1163/26
f 2804/1163/131 2803/1171/131 2751/1172/29
f 2804/1163/131 2751/1172/29 2658/1161/29
f 2753/1170/383 2752/1173/26 2803/1171/26
f 2803/1171/131 2752/1173/131 2751/1172/29
f 2655/1156/142 2654/1174/20 2794/1154/20
f 2794/1154/19 2654/1174/19 2790/1175/18
f 2794/1154/19 2790/1175/18 2789/1152/18
f 2789/1152/152 2790/1175/152 325/1176/15
f 2789/1152/152 325/1176/15 324/1150/15
f 2654/1174/19 2653/1177/18 2790/1175/18
f 2790/1175/152 2653/1177/152 325/1176/15
f 2788/1151/18 2787/1149/18 2792/1178/19
f 2792/1178/19 2787/1149/18 2791/1169/19
f 2792/1178/20 2791/1169/20 2796/1179/142
f 2796/1179/142 2791/1169/20 2795/1166/142
f 2796/1179/141 2795/1166/141 2800/1164/23
f 2788/1151/18 2792/1178/19 2793/1153/19
f 2793/1153/20 2792/1178/20 2797/1180/142
f 2793/1153/20 2797/1180/142 2798/1155/142
f 2798/1155/141 2797/1180/141 2802/1158/23
f 2797/1180/142 2792/1178/20 2796/1179/142
f 2797/1180/141 2796/1179/141 2801/1181/23
f 2801/1181/23 2796/1179/141 2800/1164/23
f 2801/1181/25 2800/1164/25 2805/1162/26
f 2806/1160/26 2802/1158/25 2801/1181/25
f 2801/1181/23 2802/1158/23 2797/1180/141
f 2806/1160/26 2801/1181/383 2805/1162/26
f 2829/325/1266 2807/324/768 2830/323/2755
f 2830/323/2756 2807/324/1810 2808/322/1809
f 2830/323/2757 2808/322/1524 2835/321/2758
f 2835/321/2759 2808/322/1887 2809/320/1527
f 2835/321/2760 2809/320/1609 2840/319/2761
f 2840/319/2762 2809/320/2763 2810/318/1614
f 2840/319/2764 2810/318/2129 2845/317/2765
f 2845/317/2766 2810/318/1612 2811/316/1711
f 2845/317/2767 2811/316/1819 2850/315/2768
f 2850/315/2769 2811/316/2770 2812/314/2577
f 2850/315/2771 2812/314/1490 2813/313/2772
f 2813/313/2772 2812/314/1490 1657/312/1493
f 2813/313/2017 2814/384/1738 2850/315/2773
f 2850/315/2774 2814/384/2273 2851/385/2775
f 2850/315/2776 2851/385/2777 2845/317/2778
f 2845/317/2778 2851/385/2779 2846/386/2780
f 2845/317/2781 2846/386/2782 2840/319/2783
f 2840/319/2764 2846/386/2784 2841/387/2785
f 2840/319/2786 2841/387/2787 2835/321/2788
f 2835/321/2789 2841/387/2790 2836/388/2791
f 2835/321/2792 2836/388/2793 2830/323/2757
f 2830/323/2794 2836/388/2795 2831/389/2796
f 2830/323/2797 2831/389/2798 2829/325/1266
f 2829/325/1269 2831/389/2799 2828/390/820
f 2828/390/1836 2831/389/2800 2832/414/2801
f 2828/390/1836 2832/414/2801 2827/415/1276
f 2827/415/1279 2832/414/2802 2833/439/2803
f 2827/415/761 2833/439/2803 2826/440/1839
f 2826/440/222 2833/439/2804 2834/351/2805
f 2826/440/222 2834/351/2805 2825/349/759
f 2825/349/758 2834/351/2806 2823/350/757
f 2825/349/991 2823/350/757 2824/348/757
f 2814/384/49 2815/409/1736 2851/385/2807
f 2851/385/2808 2815/409/1948 2852/410/2809
f 2851/385/2810 2852/410/2811 2846/386/2812
f 2846/386/2813 2852/410/2814 2847/411/2815
f 2846/386/2816 2847/411/2817 2841/387/2818
f 2841/387/2818 2847/411/2817 2842/412/2819
f 2841/387/2820 2842/412/2821 2836/388/2822
f 2836/388/2791 2842/412/2823 2837/413/2824
f 2836/388/2825 2837/413/2826 2831/389/2827
f 2831/389/2827 2837/413/2828 2832/414/2829
f 2815/409/2193 2816/434/53 2852/410/2830
f 2852/410/2831 2816/434/53 2853/435/2832
f 2852/410/2811 2853/435/2833 2847/411/2834
f 2847/411/2835 2853/435/2833 2848/436/2836
f 2847/411/2837 2848/436/2838 2842/412/2839
f 2842/412/2840 2848/436/2841 2843/437/2842
f 2842/412/2843 2843/437/2844 2837/413/2845
f 2837/413/2845 2843/437/2844 2838/438/2846
f 2837/413/2826 2838/438/2847 2832/414/2848
f 2832/414/2849 2838/438/2850 2833/439/2803
f 2816/434/54 2817/361/55 2853/435/2851
f 2853/435/2851 2817/361/55 2854/359/2852
f 2853/435/2851 2854/359/2852 2848/436/2853
f 2848/436/2853 2854/359/2854 2849/357/2855
f 2848/436/2856 2849/357/2857 2843/437/2858
f 2843/437/2858 2849/357/2857 2844/355/2859
f 2843/437/2858 2844/355/2860 2838/438/2861
f 2838/438/2862 2844/355/2863 2839/353/2864
f 2838/438/2865 2839/353/2866 2833/439/2867
f 2833/439/2804 2839/353/2868 2834/351/2869
f 2817/361/1296 2818/360/2 2854/359/2870
f 2854/359/2871 2818/360/2 2819/358/2
f 2854/359/2870 2819/358/2 2849/357/2872
f 2849/357/2873 2819/358/2 2820/356/2
f 2849/357/2872 2820/356/2 2844/355/2874
f 2844/355/2874 2820/356/1292 2821/354/1292
f 2844/355/2874 2821/354/1291 2839/353/2875
f 2839/353/2875 2821/354/757 2822/352/757
f 2839/353/2875 2822/352/757 2834/351/2806
f 2834/351/2806 2822/352/757 2823/350/757
f 2877/1055/730 2855/1056/158 2878/1057/2876
f 2878/1057/2877 2855/1056/158 2856/1058/158
f 2878/1057/2877 2856/1058/158 2883/1059/2878
f 2883/1059/2878 2856/1058/158 2857/1060/158
f 2883/1059/2878 2857/1060/1236 2888/1061/2879
f 2888/1061/2879 2857/1060/158 2858/1062/158
f 2888/1061/2880 2858/1062/1236 2893/1063/2881
f 2893/1063/2882 2858/1062/31 2859/1064/31
f 2893/1063/2882 2859/1064/31 2898/1065/2883
f 2898/1065/2884 2859/1064/31 2860/1066/31
f 2898/1065/2885 2860/1066/31 2862/1067/33
f 2862/1067/32 2860/1066/31 2861/1068/31
f 2862/1067/34 2863/1069/35 2898/1065/2886
f 2898/1065/2886 2863/1069/35 2899/1070/2887
f 2898/1065/2883 2899/1070/2887 2893/1063/2888
f 2893/1063/2888 2899/1070/2887 2894/1071/2889
f 2893/1063/2890 2894/1071/2891 2888/1061/2892
f 2888/1061/2893 2894/1071/2889 2889/1072/2894
f 2888/1061/2893 2889/1072/2895 2883/1059/2896
f 2883/1059/2896 2889/1072/2895 2884/1073/2897
f 2883/1059/2898 2884/1073/2899 2878/1057/2900
f 2878/1057/2900 2884/1073/2899 2879/1074/2901
f 2878/1057/2900 2879/1074/2901 2877/1055/779
f 2877/1055/779 2879/1074/2902 2876/1075/775
f 2876/1075/775 2879/1074/2903 2880/1076/2904
f 2876/1075/775 2880/1076/2905 2875/1077/2094
f 2875/1077/2095 2880/1076/2906 2881/1078/2907
f 2875/1077/1250 2881/1078/2907 2874/1079/1252
f 2874/1079/2033 2881/1078/2908 2882/1080/2909
f 2874/1079/1252 2882/1080/2909 2873/1081/1256
f 2873/1081/1259 2882/1080/2910 2871/1082/1832
f 2873/1081/2161 2871/1082/1809 2872/1083/1810
f 2863/1069/36 2864/1084/1585 2899/1070/2911
f 2899/1070/2911 2864/1084/37 2900/1085/2912
f 2899/1070/2913 2900/1085/2914 2894/1071/2915
f 2894/1071/2915 2900/1085/2916 2895/1086/2917
f 2894/1071/2918 2895/1086/2919 2889/1072/2920
f 2889/1072/2920 2895/1086/2919 2890/1087/2921
f 2889/1072/2922 2890/1087/2923 2884/1073/2924
f 2884/1073/2925 2890/1087/2926 2885/1088/2927
f 2884/1073/2928 2885/1088/2929 2879/1074/2903
f 2879/1074/2930 2885/1088/2931 2880/1076/2932
f 2864/1084/1780 2865/1089/1976 2900/1085/2933
f 2900/1085/2933 2865/1089/1976 2901/1090/2934
f 2900/1085/2914 2901/1090/2935 2895/1086/2936
f 2895/1086/2936 2901/1090/2937 2896/1091/2938
f 2895/1086/2939 2896/1091/2940 2890/1087/2941
f 2890/1087/2941 2896/1091/2942 2891/1092/2943
f 2890/1087/2944 2891/1092/2945 2885/1088/2946
f 2885/1088/2946 2891/1092/2945 2886/1093/2947
f 2885/1088/2931 2886/1093/2948 2880/1076/2949
f 2880/1076/2949 2886/1093/2947 2881/1078/2950
f 2865/1089/1779 2866/1094/2951 2901/1090/2952
f 2901/1090/2952 2866/1094/2951 2902/1095/2953
f 2901/1090/2954 2902/1095/2955 2896/1091/2956
f 2896/1091/2957 2902/1095/2955 2897/1096/2958
f 2896/1091/2959 2897/1096/2960 2891/1092/2961
f 2891/1092/2962 2897/1096/2960 2892/1097/2963
f 2891/1092/2945 2892/1097/2963 2886/1093/2964
f 2886/1093/2965 2892/1097/2966 2887/1098/2967
f 2886/1093/2947 2887/1098/2968 2881/1078/2969
f 2881/1078/2970 2887/1098/2971 2882/1080/2972
f 2866/1094/2973 1674/1099/1486 2902/1095/2974
f 2902/1095/2974 1674/1099/44 2867/1100/2975
f 2902/1095/2976 2867/1100/2977 2897/1096/2978
f 2897/1096/2978 2867/1100/2977 2868/1101/2979
f 2897/1096/2980 2868/1101/2981 2892/1097/2982
f 2892/1097/2983 2868/1101/1709 2869/1102/1612
f 2892/1097/2984 2869/1102/1611 2887/1098/2985
f 2887/1098/2967 2869/1102/2986 2870/1103/2987
f 2887/1098/2988 2870/1103/1889 2882/1080/2989
f 2882/1080/2990 2870/1103/1888 2871/1082/1523
f 2904/1148/1238 2909/1149/1238 2903/1150/31
f 2903/1150/31 2909/1149/1238 2910/1151/1238
f 2903/1150/31 2910/1151/1238 2911/1152/1238
f 2911/1152/34 2910/1151/34 2915/1153/35
f 2911/1152/34 2915/1153/35 2916/1154/35
f 2916/1154/36 2915/1153/36 2920/1155/1583
f 2916/1154/36 2920/1155/1583 2864/1156/1583
f 2864/1156/1780 2920/1155/1780 2865/1157/39
f 2865/1157/39 2920/1155/1780 2924/1158/39
f 2865/1157/41 2924/1158/41 2866/1159/42
f 2866/1159/42 2924/1158/41 2928/1160/42
f 2866/1159/57 2928/1160/57 1674/1161/44
f 1674/1161/44 2928/1160/57 2927/1162/57
f 1674/1161/44 2927/1162/57 2926/1163/57
f 2926/1163/42 2927/1162/42 2922/1164/41
f 2926/1163/42 2922/1164/41 2921/1165/41
f 2921/1165/39 2922/1164/39 2917/1166/1780
f 2921/1165/39 2917/1166/1780 2906/1167/1780
f 2906/1167/1583 2917/1166/1583 2905/1168/36
f 2905/1168/36 2917/1166/1583 2913/1169/36
f 2905/1168/35 2913/1169/35 2904/1148/34
f 2904/1148/34 2913/1169/35 2909/1149/34
f 2906/1167/1780 2907/1170/39 2921/1165/39
f 2921/1165/41 2907/1170/41 2925/1171/42
f 2921/1165/41 2925/1171/42 2926/1163/42
f 2926/1163/57 2925/1171/57 1675/1172/44
f 2926/1163/1478 1675/1172/44 1674/1161/44
f 2907/1170/41 2908/1173/42 2925/1171/42
f 2925/1171/57 2908/1173/57 1675/1172/44
f 2864/1156/1583 2863/1174/36 2916/1154/36
f 2916/1154/35 2863/1174/35 2912/1175/34
f 2916/1154/35 2912/1175/34 2911/1152/34
f 2911/1152/1238 2912/1175/1238 2861/1176/31
f 2911/1152/1238 2861/1176/31 2903/1150/31
f 2863/1174/35 2862/1177/34 2912/1175/34
f 2912/1175/1238 2862/1177/1238 2861/1176/31
f 2910/1151/34 2909/1149/34 2914/1178/35
f 2914/1178/35 2909/1149/34 2913/1169/35
f 2914/1178/36 2913/1169/36 2918/1179/1583
f 2918/1179/1583 2913/1169/36 2917/1166/1583
f 2918/1179/1780 2917/1166/1780 2922/1164/39
f 2910/1151/34 2914/1178/35 2915/1153/35
f 2915/1153/36 2914/1178/36 2919/1180/1583
f 2915/1153/36 2919/1180/1583 2920/1155/1583
f 2920/1155/1780 2919/1180/1780 2924/1158/39
f 2919/1180/1583 2914/1178/36 2918/1179/1583
f 2919/1180/1780 2918/1179/1780 2923/1181/39
f 2923/1181/39 2918/1179/1780 2922/1164/39
f 2923/1181/41 2922/1164/41 2927/1162/42
f 2928/1160/42 2924/1158/41 2923/1181/41
f 2923/1181/39 2924/1158/39 2919/1180/1780
f 2928/1160/42 2923/1181/41 2927/1162/42
f 1437/1182/1261 1436/1183/1263 2933/1184/1102
f 2933/1184/2991 1436/1183/1809 2938/1185/2992
f 2933/1184/1256 2938/1185/2993 2932/1186/2033
f 2932/1186/2033 2938/1185/2993 2943/1187/1257
f 2932/1186/1829 2943/1187/2160 2931/1188/773
f 2931/1188/2095 2943/1187/1254 2948/1189/2994
f 2931/1188/2095 2948/1189/1249 2930/1190/776
f 2930/1190/2995 2948/1189/1249 2953/1191/1828
f 2930/1190/1242 2953/1191/1826 2929/1192/779
f 2929/1192/1240 2953/1191/1826 2958/1193/2032
f 2929/1192/2092 2958/1193/1244 2903/1194/158
f 2903/1194/158 2958/1193/2996 2904/1195/1237
f 2904/1195/1874 2958/1193/1501 2957/1196/1503
f 2904/1195/1874 2957/1196/1584 2905/1197/1582
f 2905/1197/1502 2957/1196/1920 2956/1198/2054
f 2905/1197/1502 2956/1198/1586 2906/1199/1583
f 2906/1199/2141 2956/1198/1977 2955/1200/1689
f 2906/1199/2141 2955/1200/1689 2907/1201/1779
f 2907/1201/41 2955/1200/1419 2954/1202/1420
f 2907/1201/41 2954/1202/1420 2908/1203/42
f 2908/1203/1478 2954/1202/1479 1676/1204/44
f 2908/1203/1478 1676/1204/44 1675/1205/44
f 1436/1183/1523 1435/1206/1888 2938/1185/1519
f 2938/1185/2114 1435/1206/1888 2937/1207/2997
f 2938/1185/1883 2937/1207/2113 2943/1187/1517
f 2943/1187/1517 2937/1207/2113 2942/1208/1882
f 2943/1187/1879 2942/1208/2111 2948/1189/1513
f 2948/1189/1513 2942/1208/2111 2947/1209/1926
f 2948/1189/1513 2947/1209/1926 2953/1191/1508
f 2953/1191/1508 2947/1209/2043 2952/1210/1509
f 2953/1191/1506 2952/1210/1507 2958/1193/1501
f 2958/1193/1501 2952/1210/1507 2957/1196/1505
f 1435/1206/1889 1434/1211/2998 2937/1207/1606
f 2937/1207/1932 1434/1211/2986 2936/1212/1610
f 2937/1207/1603 2936/1212/1605 2942/1208/1931
f 2942/1208/2999 2936/1212/1605 2941/1213/1704
f 2942/1208/2112 2941/1213/3000 2947/1209/2555
f 2947/1209/1598 2941/1213/1602 2946/1214/1599
f 2947/1209/1595 2946/1214/2125 2952/1210/3001
f 2952/1210/3002 2946/1214/1597 2951/1215/1596
f 2952/1210/1589 2951/1215/1693 2957/1196/1921
f 2957/1196/1877 2951/1215/1693 2956/1198/1588
f 1434/1211/1807 1433/1216/1709 2936/1212/2071
f 2936/1212/2072 1433/1216/1709 2935/1217/1707
f 2936/1212/1605 2935/1217/1981 2941/1213/1704
f 2941/1213/3003 2935/1217/1707 2940/1218/1705
f 2941/1213/1702 2940/1218/2145 2946/1214/1701
f 2946/1214/2144 2940/1218/1705 2945/1219/2197
f 2946/1214/1697 2945/1219/1700 2951/1215/1695
f 2951/1215/1978 2945/1219/1700 2950/1220/1696
f 2951/1215/1693 2950/1220/1694 2956/1198/1690
f 2956/1198/1977 2950/1220/1694 2955/1200/1691
f 1433/1216/1819 1432/1221/1436 2935/1217/1432
f 2935/1217/1432 1432/1221/1436 2934/1222/1434
f 2935/1217/1432 2934/1222/1434 2940/1218/1429
f 2940/1218/2010 2934/1222/1434 2939/1223/1433
f 2940/1218/1429 2939/1223/1430 2945/1219/1426
f 2945/1219/1426 2939/1223/1430 2944/1224/1428
f 2945/1219/1426 2944/1224/1427 2950/1220/1424
f 2950/1220/1424 2944/1224/2008 2949/1225/1425
f 2950/1220/1421 2949/1225/1423 2955/1200/1419
f 2955/1200/1419 2949/1225/1423 2954/1202/1420
f 1432/1221/1490 1431/1226/1486 2934/1222/1487
f 2934/1222/1487 1431/1226/1486 1680/1227/1486
f 2934/1222/1487 1680/1227/1486 2939/1223/1485
f 2939/1223/1485 1680/1227/1486 1679/1228/1486
f 2939/1223/1485 1679/1228/1486 2944/1224/1483
f 2944/1224/1483 1679/1228/1484 1678/1229/1484
f 2944/1224/3004 1678/1229/1476 2949/1225/1480
f 2949/1225/1480 1678/1229/1486 1677/1230/1486
f 2949/1225/1480 1677/1230/44 2954/1202/1479
f 2954/1202/1479 1677/1230/44 1676/1204/44
f 2959/30/757 2960/1231/1842 2969/1232/3005
f 2969/1232/3005 2960/1231/1296 2974/1233/1290
f 2969/1232/1286 2974/1233/1288 2968/1234/222
f 2968/1234/1284 2974/1233/1288 2979/1235/1285
f 2968/1234/1839 2979/1235/1840 2967/1236/1279
f 2967/1236/818 2979/1235/1283 2984/1237/2586
f 2967/1236/1838 2984/1237/1278 2966/1238/1274
f 2966/1238/820 2984/1237/1278 2989/1239/1275
f 2966/1238/1271 2989/1239/1835 2965/1240/1269
f 2965/1240/1269 2989/1239/1835 2994/1241/1834
f 2965/1240/1266 2994/1241/1268 1438/1182/1264
f 1438/1182/1810 2994/1241/3006 1439/1183/1809
f 1439/1183/1887 2994/1241/1529 2993/1242/1534
f 1439/1183/1887 2993/1242/1534 1440/1206/1527
f 1440/1206/1889 2993/1242/1534 2992/1243/1934
f 1440/1206/2763 2992/1243/1934 1441/1211/2129
f 1441/1211/3007 2992/1243/1712 2991/1244/1713
f 1441/1211/3007 2991/1244/1713 1442/1216/1437
f 1442/1216/1435 2991/1244/1438 2990/1245/1439
f 1442/1216/1819 2990/1245/1439 1443/1221/1436
f 1443/1221/1490 2990/1245/1491 1651/1246/1486
f 1443/1221/1490 1651/1246/1486 1444/1226/1486
f 2960/1231/55 2961/1247/1551 2974/1233/1841
f 2974/1233/1548 2961/1247/2062 2973/1248/1900
f 2974/1233/1290 2973/1248/1899 2979/1235/3008
f 2979/1235/1543 2973/1248/1899 2978/1249/1544
f 2979/1235/1540 2978/1249/2181 2984/1237/3009
f 2984/1237/1538 2978/1249/1542 2983/1250/1539
f 2984/1237/1538 2983/1250/2059 2989/1239/1892
f 2989/1239/1892 2983/1250/1539 2988/1251/1537
f 2989/1239/1532 2988/1251/1894 2994/1241/1890
f 2994/1241/1529 2988/1251/3010 2993/1242/1531
f 2961/1247/1635 2962/1252/3011 2973/1248/1633
f 2973/1248/1633 2962/1252/3011 2972/1253/1947
f 2973/1248/1945 2972/1253/1732 2978/1249/1944
f 2978/1249/1944 2972/1253/1632 2977/1254/3012
f 2978/1249/1628 2977/1254/2060 2983/1250/2192
f 2983/1250/2192 2977/1254/1627 2982/1255/1943
f 2983/1250/1623 2982/1255/1624 2988/1251/1621
f 2988/1251/1621 2982/1255/1939 2987/1256/2132
f 2988/1251/2131 2987/1256/1620 2993/1242/1616
f 2993/1242/1616 2987/1256/1715 2992/1243/1935
f 2962/1252/1735 2963/1257/49 2972/1253/3013
f 2972/1253/1947 2963/1257/49 2971/1258/1737
f 2972/1253/1731 2971/1258/1987 2977/1254/1729
f 2977/1254/1629 2971/1258/1987 2976/1259/1733
f 2977/1254/1726 2976/1259/1986 2982/1255/1941
f 2982/1255/3014 2976/1259/1733 2981/1260/1727
f 2982/1255/1721 2981/1260/1722 2987/1256/1718
f 2987/1256/1718 2981/1260/1724 2986/1261/2148
f 2987/1256/1715 2986/1261/1717 2992/1243/1617
f 2992/1243/3015 2986/1261/1717 2991/1244/1714
f 2963/1257/48 2964/1262/47 2971/1258/3016
f 2971/1258/1451 2964/1262/47 2970/1263/1454
f 2971/1258/1451 2970/1263/1454 2976/1259/2015
f 2976/1259/1446 2970/1263/1454 2975/1264/1450
f 2976/1259/1446 2975/1264/1448 2981/1260/1443
f 2981/1260/1443 2975/1264/1448 2980/1265/1445
f 2981/1260/1443 2980/1265/1444 2986/1261/1440
f 2986/1261/2013 2980/1265/1444 2985/1266/1442
f 2986/1261/2012 2985/1266/1441 2991/1244/1438
f 2991/1244/1438 2985/1266/1441 2990/1245/1439
f 2964/1262/1498 1656/938/45 2970/1263/1497
f 2970/1263/1497 1656/938/45 1655/1267/45
f 2970/1263/1497 1655/1267/45 2975/1264/1495
f 2975/1264/1495 1655/1267/45 1654/1268/45
f 2975/1264/1495 1654/1268/45 2980/1265/1494
f 2980/1265/1494 1654/1268/1493 1653/1269/1493
f 2980/1265/1494 1653/1269/1476 2985/1266/1492
f 2985/1266/1492 1653/1269/1486 1652/1270/1486
f 2985/1266/1492 1652/1270/1486 2990/1245/1491
f 2990/1245/2570 1652/1270/1486 1651/1246/1486
f 2964/1148/2272 2995/1149/2272 1656/1150/45
f 1656/1150/45 2995/1149/2272 2996/1151/2272
f 1656/1150/45 2996/1151/2272 2997/1152/2272
f 2997/1152/47 2996/1151/47 3001/1153/48
f 2997/1152/47 3001/1153/48 3002/1154/48
f 3002/1154/49 3001/1153/49 3006/1155/50
f 3002/1154/49 3006/1155/50 2815/1156/50
f 2815/1156/1638 3006/1155/1638 2816/1157/53
f 2816/1157/53 3006/1155/1638 3010/1158/53
f 2816/1157/54 3010/1158/54 2817/1159/55
f 2817/1159/55 3010/1158/54 3014/1160/55
f 2817/1159/1296 3014/1160/1296 2818/1161/2
f 2818/1161/2 3014/1160/1296 3013/1162/1296
f 2818/1161/2 3013/1162/1 3012/1163/1
f 3012/1163/55 3013/1162/55 3008/1164/54
f 3012/1163/55 3008/1164/54 3007/1165/54
f 3007/1165/53 3008/1164/53 3003/1166/1638
f 3007/1165/53 3003/1166/1638 2962/1167/1638
f 2962/1167/50 3003/1166/50 2963/1168/49
f 2963/1168/49 3003/1166/50 2999/1169/49
f 2963/1168/48 2999/1169/48 2964/1148/47
f 2964/1148/47 2999/1169/48 2995/1149/47
f 2962/1167/1638 2961/1170/53 3007/1165/53
f 3007/1165/54 2961/1170/54 3011/1171/55
f 3007/1165/54 3011/1171/55 3012/1163/55
f 3012/1163/1296 3011/1171/1296 2959/1172/2
f 3012/1163/2255 2959/1172/2 2818/1161/2
f 2961/1170/54 2960/1173/55 3011/1171/55
f 3011/1171/1296 2960/1173/1296 2959/1172/2
f 2815/1156/50 2814/1174/49 3002/1154/49
f 3002/1154/48 2814/1174/48 2998/1175/47
f 3002/1154/48 2998/1175/47 2997/1152/47
f 2997/1152/2272 2998/1175/2272 1657/1176/45
f 2997/1152/1498 1657/1176/45 1656/1150/45
f 2814/1174/48 2813/1177/47 2998/1175/47
f 2998/1175/2272 2813/1177/2272 1657/1176/45
f 2996/1151/47 2995/1149/47 3000/1178/48
f 3000/1178/48 2995/1149/47 2999/1169/48
f 3000/1178/49 2999/1169/49 3004/1179/50
f 3004/1179/50 2999/1169/49 3003/1166/50
f 3004/1179/1638 3003/1166/1638 3008/1164/53
f 2996/1151/47 3000/1178/48 3001/1153/48
f 3001/1153/49 3000/1178/49 3005/1180/50
f 3001/1153/49 3005/1180/50 3006/1155/50
f 3006/1155/1638 3005/1180/1638 3010/1158/53
f 3005/1180/50 3000/1178/49 3004/1179/50
f 3005/1180/1638 3004/1179/1638 3009/1181/53
f 3009/1181/53 3004/1179/1638 3008/1164/53
f 3009/1181/54 3008/1164/54 3013/1162/55
f 3014/1160/55 3010/1158/54 3009/1181/54
f 3009/1181/53 3010/1158/53 3005/1180/1638
f 3014/1160/55 3009/1181/54 3013/1162/55
f 2586/1271/1810 2872/1272/1810 2587/1273/1809
f 2587/1273/1809 2872/1272/1810 2871/1274/1809
f 2587/1273/1524 2871/1274/1524 2588/1275/1526
f 2588/1275/1526 2871/1274/1524 2870/1276/1526
f 2588/1275/1609 2870/1276/1609 2589/1277/1808
f 2589/1277/1808 2870/1276/1609 2869/1278/1808
f 2589/1277/1806 2869/1278/1806 2590/1279/1709
f 2590/1279/1709 2869/1278/1807 2868/1280/1709
f 2590/1279/1435 2868/1280/1435 2591/1281/1436
f 2591/1281/1436 2868/1280/1435 2867/1282/1436
f 2591/1281/1489 2867/1282/1489 1673/1283/1486
f 1673/1283/1486 2867/1282/1489 1674/1284/1486
f 2877/1285/967 3015/1286/967 2855/1287/158
f 2855/1287/158 3015/1286/731 3016/1288/731
f 2855/1287/158 3016/1288/967 3017/1289/967
f 3017/1289/779 3016/1288/779 3023/1290/778
f 3017/1289/779 3023/1290/778 3024/1291/778
f 3024/1291/776 3023/1290/776 3030/1292/777
f 3024/1291/776 3030/1292/1247 3031/1293/1247
f 3031/1293/1247 3030/1292/1247 3037/1294/973
f 3031/1293/1247 3037/1294/973 3038/1295/973
f 3038/1295/772 3037/1294/772 3044/1296/1102
f 3038/1295/772 3044/1296/1102 2669/1297/1102
f 2669/1297/1102 3044/1296/1102 2647/1298/1103
f 2647/1298/3017 3044/1296/771 3043/1299/771
f 2647/1298/768 3043/1299/3018 3042/1300/3018
f 3042/1300/1102 3043/1299/1102 3036/1301/772
f 3042/1300/771 3036/1301/772 3035/1302/772
f 3035/1302/973 3036/1301/973 3029/1303/1247
f 3035/1302/973 3029/1303/1247 3028/1304/1247
f 3028/1304/1247 3029/1303/1247 3022/1305/776
f 3028/1304/774 3022/1305/775 3021/1306/775
f 3021/1306/778 3022/1305/778 3015/1286/1240
f 3021/1306/778 3015/1286/779 2877/1285/779
f 2877/1285/779 2876/1307/778 3021/1306/778
f 3021/1306/776 2876/1307/776 3027/1308/777
f 3021/1306/776 3027/1308/1247 3028/1304/1247
f 3028/1304/1247 3027/1308/1247 3034/1309/973
f 3028/1304/1247 3034/1309/973 3035/1302/973
f 3035/1302/772 3034/1309/772 3041/1310/1102
f 3035/1302/772 3041/1310/1102 3042/1300/1102
f 3042/1300/1105 3041/1310/1105 2647/1298/3017
f 2876/1307/776 2875/1311/1247 3027/1308/1247
f 3027/1308/1247 2875/1311/1247 3033/1312/973
f 3027/1308/773 3033/1312/250 3034/1309/250
f 3034/1309/772 3033/1312/772 3040/1313/771
f 3034/1309/1231 3040/1313/771 3041/1310/771
f 3041/1310/1102 3040/1313/1102 2872/1314/769
f 3041/1310/245 2872/1314/240 2647/1298/240
f 2875/1311/1247 2874/1315/973 3033/1312/973
f 3033/1312/772 2874/1315/772 3039/1316/771
f 3033/1312/1231 3039/1316/771 3040/1313/771
f 3040/1313/771 3039/1316/771 2872/1314/1103
f 2874/1315/772 2873/1317/1102 3039/1316/1102
f 3039/1316/1102 2873/1317/1102 2872/1314/1103
f 2669/1297/771 2668/1318/772 3038/1295/772
f 3038/1295/973 2668/1318/973 3032/1319/1247
f 3038/1295/973 3032/1319/1247 3031/1293/1247
f 3031/1293/1247 3032/1319/1247 3025/1320/776
f 3031/1293/777 3025/1320/776 3024/1291/776
f 3024/1291/778 3025/1320/778 3018/1321/779
f 3024/1291/778 3018/1321/779 3017/1289/779
f 3017/1289/967 3018/1321/967 2855/1287/158
f 2668/1318/973 2667/1322/1247 3032/1319/1247
f 3032/1319/1247 2667/1322/1247 3026/1323/776
f 3032/1319/777 3026/1323/776 3025/1320/776
f 3025/1320/778 3026/1323/778 3019/1324/779
f 3025/1320/778 3019/1324/779 3018/1321/779
f 3018/1321/967 3019/1324/967 2664/1325/158
f 3018/1321/967 2664/1325/158 2855/1287/158
f 2667/1322/777 2666/1326/776 3026/1323/776
f 3026/1323/778 2666/1326/778 3020/1327/779
f 3026/1323/778 3020/1327/779 3019/1324/779
f 3019/1324/731 3020/1327/731 2664/1325/158
f 2666/1326/778 2665/1328/779 3020/1327/779
f 3020/1327/967 2665/1328/967 2664/1325/158
f 3023/1290/778 3016/1288/779 3022/1305/778
f 3022/1305/778 3016/1288/779 3015/1286/779
f 3030/1292/1247 3023/1290/776 3029/1303/1247
f 3029/1303/777 3023/1290/776 3022/1305/776
f 3037/1294/973 3030/1292/1247 3036/1301/973
f 3036/1301/973 3030/1292/1247 3029/1303/1247
f 3044/1296/771 3037/1294/1231 3043/1299/771
f 3043/1299/771 3037/1294/772 3036/1301/772
f 2507/1285/991 3045/1286/991 2485/1287/757
f 2485/1287/757 3045/1286/991 3046/1288/991
f 2485/1287/757 3046/1288/1228 3047/1289/1228
f 3047/1289/759 3046/1288/759 3053/1290/222
f 3047/1289/759 3053/1290/222 3054/1291/222
f 3054/1291/760 3053/1290/760 3060/1292/1097
f 3054/1291/760 3060/1292/818 3061/1293/818
f 3061/1293/763 3060/1292/763 3067/1294/764
f 3061/1293/763 3067/1294/820 3068/1295/820
f 3068/1295/1230 3067/1294/1230 3074/1296/766
f 3068/1295/765 3074/1296/1099 2829/1297/1099
f 2829/1297/1099 3074/1296/1099 2807/1298/1100
f 2807/1298/1100 3074/1296/766 3073/1299/766
f 2807/1298/768 3073/1299/1099 3072/1300/1099
f 3072/1300/766 3073/1299/766 3066/1301/1836
f 3072/1300/766 3066/1301/1230 3065/1302/1230
f 3065/1302/764 3066/1301/764 3059/1303/1277
f 3065/1302/764 3059/1303/763 3058/1304/763
f 3058/1304/818 3059/1303/818 3052/1305/224
f 3058/1304/1097 3052/1305/760 3051/1306/760
f 3051/1306/222 3052/1305/222 3045/1286/759
f 3051/1306/222 3045/1286/759 2507/1285/759
f 2507/1285/759 2506/1307/222 3051/1306/222
f 3051/1306/760 2506/1307/760 3057/1308/1097
f 3051/1306/760 3057/1308/818 3058/1304/818
f 3058/1304/1277 3057/1308/1277 3064/1309/764
f 3058/1304/1277 3064/1309/764 3065/1302/764
f 3065/1302/1230 3064/1309/1230 3071/1310/766
f 3065/1302/765 3071/1310/1099 3072/1300/1099
f 3072/1300/2609 3071/1310/2609 2807/1298/1103
f 2506/1307/760 2505/1311/818 3057/1308/818
f 3057/1308/763 2505/1311/763 3063/1312/764
f 3057/1308/763 3063/1312/764 3064/1309/764
f 3064/1309/765 3063/1312/765 3070/1313/1099
f 3064/1309/765 3070/1313/1099 3071/1310/1099
f 3071/1310/2610 3070/1313/2610 2502/1314/769
f 3071/1310/1099 2502/1314/768 2807/1298/768
f 2505/1311/1277 2504/1315/764 3063/1312/764
f 3063/1312/1230 2504/1315/1230 3069/1316/766
f 3063/1312/1230 3069/1316/766 3070/1313/766
f 3070/1313/766 3069/1316/766 2502/1314/2611
f 2504/1315/765 2503/1317/1099 3069/1316/1099
f 3069/1316/1099 2503/1317/1099 2502/1314/1100
f 2829/1297/766 2828/1318/1230 3068/1295/1230
f 3068/1295/764 2828/1318/764 3062/1319/1277
f 3068/1295/764 3062/1319/763 3061/1293/763
f 3061/1293/818 3062/1319/818 3055/1320/760
f 3061/1293/1097 3055/1320/760 3054/1291/760
f 3054/1291/222 3055/1320/222 3048/1321/759
f 3054/1291/222 3048/1321/759 3047/1289/759
f 3047/1289/991 3048/1321/991 2485/1287/757
f 2828/1318/764 2827/1322/763 3062/1319/763
f 3062/1319/818 2827/1322/818 3056/1323/760
f 3062/1319/761 3056/1323/762 3055/1320/762
f 3055/1320/222 3056/1323/222 3049/1324/759
f 3055/1320/222 3049/1324/759 3048/1321/759
f 3048/1321/991 3049/1324/991 2824/1325/757
f 3048/1321/1228 2824/1325/757 2485/1287/757
f 2827/1322/1097 2826/1326/760 3056/1323/760
f 3056/1323/222 2826/1326/222 3050/1327/759
f 3056/1323/222 3050/1327/759 3049/1324/759
f 3049/1324/991 3050/1327/991 2824/1325/757
f 2826/1326/222 2825/1328/759 3050/1327/759
f 3050/1327/991 2825/1328/991 2824/1325/757
f 3053/1290/222 3046/1288/759 3052/1305/222
f 3052/1305/222 3046/1288/759 3045/1286/759
f 3060/1292/818 3053/1290/760 3059/1303/818
f 3059/1303/1097 3053/1290/760 3052/1305/760
f 3067/1294/764 3060/1292/763 3066/1301/764
f 3066/1301/764 3060/1292/763 3059/1303/763
f 3074/1296/766 3067/1294/820 3073/1299/766
f 3073/1299/1099 3067/1294/765 3066/1301/765
f 2807/1329/1810 2533/1330/1810 2808/1331/1809
f 2808/1331/1809 2533/1330/1810 2549/1332/1809
f 2808/1331/1524 2549/1332/1524 2809/1333/1526
f 2809/1333/1526 2549/1332/1524 2548/1334/1526
f 2809/1333/1609 2548/1334/1609 2810/1335/1808
f 2810/1335/1808 2548/1334/1609 2547/1336/1808
f 2810/1335/1806 2547/1336/1806 2811/1337/1709
f 2811/1337/1709 2547/1336/1807 2546/1338/1709
f 2811/1337/1435 2546/1338/1435 2812/1339/1436
f 2812/1339/1436 2546/1338/1435 2545/1340/1436
f 2812/1339/1489 2545/1340/1489 1657/1341/1486
f 1657/1341/1486 2545/1340/1489 1658/1342/1486
f 2647/1329/239 2443/1330/239 2648/1331/826
f 2648/1331/826 2443/1330/239 2459/1332/826
f 2648/1331/849 2459/1332/849 2649/1333/1022
f 2649/1333/1022 2459/1332/849 2458/1334/1022
f 2649/1333/469 2458/1334/469 2650/1335/1041
f 2650/1335/471 2458/1334/469 2457/1336/471
f 2650/1335/1070 2457/1336/1070 2651/1337/581
f 2651/1337/581 2457/1336/472 2456/1338/581
f 2651/1337/677 2456/1338/677 2652/1339/679
f 2652/1339/679 2456/1338/677 2455/1340/679
f 2652/1339/1220 2455/1340/1220 325/1341/276
f 325/1341/276 2455/1340/1220 326/1342/276
f 2538/1104/967 3075/1105/967 2539/1106/158
f 2539/1106/158 3075/1105/731 3076/1107/731
f 2539/1106/158 3076/1107/967 3077/1108/967
f 3077/1108/779 3076/1107/779 3083/1109/778
f 3077/1108/779 3083/1109/778 3084/1110/778
f 3084/1110/776 3083/1109/776 3090/1111/777
f 3084/1110/776 3090/1111/1247 3091/1112/1247
f 3091/1112/1247 3090/1111/1247 3097/1113/973
f 3091/1112/1247 3097/1113/973 3098/1114/973
f 3098/1114/772 3097/1113/772 3104/1115/1102
f 3098/1114/772 3104/1115/1102 2380/1116/1102
f 2380/1116/1102 3104/1115/1102 2381/1117/1103
f 2381/1117/3017 3104/1115/771 3103/1118/771
f 2381/1117/768 3103/1118/3018 3102/1119/3018
f 3102/1119/1102 3103/1118/1102 3096/1120/772
f 3102/1119/771 3096/1120/1231 3095/1121/1231
f 3095/1121/973 3096/1120/973 3089/1122/1247
f 3095/1121/973 3089/1122/1247 3088/1123/1247
f 3088/1123/1247 3089/1122/1247 3082/1124/776
f 3088/1123/774 3082/1124/775 3081/1125/775
f 3081/1125/778 3082/1124/778 3075/1105/779
f 3081/1125/778 3075/1105/779 2538/1104/779
f 2538/1104/779 2537/1126/778 3081/1125/778
f 3081/1125/776 2537/1126/776 3087/1127/777
f 3081/1125/776 3087/1127/1247 3088/1123/1247
f 3088/1123/1247 3087/1127/1247 3094/1128/973
f 3088/1123/1247 3094/1128/973 3095/1121/973
f 3095/1121/772 3094/1128/772 3101/1129/1102
f 3095/1121/772 3101/1129/1102 3102/1119/1102
f 3102/1119/1105 3101/1129/1105 2381/1117/3017
f 2537/1126/776 2536/1130/1247 3087/1127/1247
f 3087/1127/1247 2536/1130/1247 3093/1131/973
f 3087/1127/773 3093/1131/250 3094/1128/250
f 3094/1128/1231 3093/1131/1231 3100/1132/771
f 3094/1128/254 3100/1132/771 3101/1129/771
f 3101/1129/1102 3100/1132/1102 2533/1133/769
f 3101/1129/245 2533/1133/240 2381/1117/240
f 2536/1130/1247 2535/1134/973 3093/1131/973
f 3093/1131/1231 2535/1134/1231 3099/1135/771
f 3093/1131/250 3099/1135/771 3100/1132/771
f 3100/1132/771 3099/1135/771 2533/1133/1103
f 2535/1134/772 2534/1136/1102 3099/1135/1102
f 3099/1135/1102 2534/1136/1102 2533/1133/1103
f 2380/1116/771 2379/1137/1231 3098/1114/1231
f 3098/1114/973 2379/1137/973 3092/1138/1247
f 3098/1114/973 3092/1138/1247 3091/1112/1247
f 3091/1112/1247 3092/1138/1247 3085/1139/776
f 3091/1112/777 3085/1139/776 3084/1110/776
f 3084/1110/778 3085/1139/778 3078/1140/779
f 3084/1110/778 3078/1140/779 3077/1108/779
f 3077/1108/967 3078/1140/967 2539/1106/158
f 2379/1137/973 2378/1141/1247 3092/1138/1247
f 3092/1138/1247 2378/1141/1247 3086/1142/776
f 3092/1138/777 3086/1142/776 3085/1139/776
f 3085/1139/778 3086/1142/778 3079/1143/779
f 3085/1139/778 3079/1143/779 3078/1140/779
f 3078/1140/967 3079/1143/967 2375/1144/158
f 3078/1140/967 2375/1144/158 2539/1106/158
f 2378/1141/777 2377/1145/776 3086/1142/776
f 3086/1142/778 2377/1145/778 3080/1146/779
f 3086/1142/778 3080/1146/779 3079/1143/779
f 3079/1143/731 3080/1146/731 2375/1144/158
f 2377/1145/778 2376/1147/779 3080/1146/779
f 3080/1146/967 2376/1147/967 2375/1144/158
f 3083/1109/778 3076/1107/779 3082/1124/778
f 3082/1124/778 3076/1107/779 3075/1105/779
f 3090/1111/1247 3083/1109/776 3089/1122/1247
f 3089/1122/777 3083/1109/776 3082/1124/776
f 3097/1113/973 3090/1111/1247 3096/1120/973
f 3096/1120/973 3090/1111/1247 3089/1122/1247
f 3104/1115/771 3097/1113/250 3103/1118/771
f 3103/1118/771 3097/1113/1231 3096/1120/1231
f 2381/1271/239 2502/1272/239 2382/1273/826
f 2382/1273/826 2502/1272/239 2501/1274/826
f 2382/1273/849 2501/1274/849 2383/1275/1022
f 2383/1275/1022 2501/1274/849 2500/1276/1022
f 2383/1275/469 2500/1276/469 2384/1277/1041
f 2384/1277/471 2500/1276/469 2499/1278/471
f 2384/1277/1070 2499/1278/1070 2385/1279/581
f 2385/1279/581 2499/1278/472 2498/1280/581
f 2385/1279/677 2498/1280/677 2386/1281/679
f 2386/1281/679 2498/1280/677 2497/1282/679
f 2386/1281/1220 2497/1282/1220 341/1283/276
f 341/1283/276 2497/1282/1220 342/1284/276
f 2449/1343/1292 2580/1344/1292 2347/1345/1292
f 2347/1345/1292 2580/1344/1292 2421/1346/1292
f 2695/1347/1292 2491/1348/1292 3108/1349/1292
f 3108/1349/1292 2491/1348/1292 3107/1350/1292
f 3107/1350/1292 2491/1348/1292 2490/1351/1292
f 3107/1350/1292 2490/1351/1292 2489/1352/1292
f 2489/1352/1292 2488/1353/1292 3107/1350/1292
f 3107/1350/1292 2488/1353/1292 2487/1354/1292
f 3107/1350/1292 2487/1354/1292 2486/1355/1292
f 2486/1355/1292 2485/1356/1292 3107/1350/1292
f 3107/1350/1292 2485/1356/1292 2824/1357/1292
f 3107/1350/1292 2824/1357/1292 3106/1358/1292
f 3106/1358/1292 2824/1357/1292 2823/1359/1292
f 3106/1358/1292 2823/1359/1292 2822/1360/1292
f 2822/1360/1292 2821/1361/1292 3106/1358/1292
f 3106/1358/1292 2821/1361/1292 2820/1362/1292
f 3106/1358/1292 2820/1362/1292 2819/1363/1292
f 2819/1363/1292 2818/1364/1292 3106/1358/1292
f 3106/1358/1292 2818/1364/1292 3105/1365/1292
f 3105/1365/1292 2818/1364/1292 2959/1366/1292
f 3105/1367/757 2959/1368/757 3114/1369/991
f 3114/1369/991 2959/1368/757 2969/1370/991
f 3114/1369/759 2969/1370/759 3113/1371/222
f 3113/1371/222 2969/1370/759 2968/1372/222
f 3113/1371/760 2968/1372/760 3112/1373/1097
f 3112/1373/1097 2968/1372/760 2967/1374/1097
f 3112/1373/1277 2967/1374/1277 3111/1375/764
f 3111/1375/764 2967/1374/1277 2966/1376/764
f 3111/1375/765 2966/1376/765 3110/1377/766
f 3110/1377/766 2966/1376/765 2965/1378/766
f 3110/1377/767 2965/1378/767 3109/1379/768
f 3109/1379/768 2965/1378/767 1438/1380/768
f 1437/1381/240 3115/1382/240 1438/1383/240
f 1438/1383/240 3115/1382/240 3109/1384/240
f 3115/1379/769 1437/1380/769 3121/1385/2991
f 3121/1385/770 1437/1380/242 2933/1386/770
f 3121/1385/771 2933/1386/771 3120/1387/772
f 3120/1387/772 2933/1386/771 2932/1388/772
f 3120/1387/973 2932/1388/973 3119/1389/2548
f 3119/1389/974 2932/1388/973 2931/1390/974
f 3119/1389/777 2931/1390/777 3118/1391/776
f 3118/1391/776 2931/1390/777 2930/1392/776
f 3118/1391/778 2930/1392/778 3117/1393/779
f 3117/1393/779 2930/1392/778 2929/1394/779
f 3117/1393/967 2929/1394/967 3116/1395/158
f 3116/1395/158 2929/1394/3019 2903/1396/158
f 2586/1397/240 2443/1398/240 2872/1399/240
f 2872/1399/240 2443/1398/240 2647/1400/240
f 2807/1397/240 2502/1398/240 2533/1399/240
f 2533/1399/240 2502/1398/240 2381/1400/240
f 3123/1401/3020 3134/1402/3020 3122/1403/3021
f 3122/1403/3021 3134/1402/3022 3135/1404/3022
f 3122/1403/3023 3135/1404/3024 3133/1405/3023
f 3133/1405/3021 3135/1404/3020 3132/1406/3020
f 3132/1406/3025 3135/1404/3025 3131/1407/3026
f 3131/1407/3026 3135/1404/3025 3137/1408/3026
f 3131/1407/3027 3137/1408/3027 3130/1409/3028
f 3130/1409/3028 3137/1408/3027 3139/1410/3028
f 3130/1409/3029 3139/1410/3029 3129/1411/3030
f 3129/1411/3030 3139/1410/3029 3141/1412/3030
f 3129/1411/3031 3141/1412/3031 3128/1413/3032
f 3128/1413/3032 3141/1412/3031 3143/1414/3032
f 3128/1413/3033 3143/1414/3033 3106/30/215
f 3106/30/215 3143/1414/3033 3142/1415/3033
f 3106/30/215 3142/1415/3033 3107/1395/215
f 3107/1395/215 3142/1415/3033 3127/1416/3033
f 3127/1416/3032 3142/1415/3032 3126/1417/3031
f 3126/1417/3031 3142/1415/3032 3140/1418/3031
f 3126/1417/3030 3140/1418/3030 3125/1419/3029
f 3125/1419/3029 3140/1418/3030 3138/1420/3029
f 3125/1419/3028 3138/1420/3028 3124/1421/3027
f 3124/1421/3027 3138/1420/3028 3136/1422/3027
f 3124/1421/3026 3136/1422/3026 3123/1401/3025
f 3123/1401/3025 3136/1422/3026 3134/1402/3025
f 3137/1408/3026 3135/1404/3025 3134/1402/3025
f 3137/1408/3026 3134/1402/3025 3136/1422/3026
f 3139/1410/3028 3137/1408/3027 3136/1422/3027
f 3139/1410/3028 3136/1422/3027 3138/1420/3028
f 3141/1412/3030 3139/1410/3029 3138/1420/3029
f 3141/1412/3034 3138/1420/3029 3140/1418/3034
f 3143/1414/3032 3141/1412/3031 3140/1418/3031
f 3143/1414/3032 3140/1418/3031 3142/1415/3032
f 1265/1423/1476 3158/1424/1476 1242/1425/1476
f 1242/1425/1476 3158/1424/1476 731/1426/1476
f 1242/1425/1476 731/1426/1476 1243/1427/1476
f 1243/1427/1476 731/1426/1476 730/1428/1476
f 1243/1427/1476 730/1428/1476 1244/1429/1476
f 1244/1429/1476 730/1428/1476 729/1430/1476
f 1244/1429/1476 729/1430/1476 1245/1431/1476
f 1245/1431/1476 729/1430/1476 1246/1432/1476
f 1246/1432/1476 729/1430/1476 1247/1433/1476
f 1247/1433/1476 729/1430/1476 728/1434/1476
f 1247/1433/1476 728/1434/1476 1248/1435/1476
f 1248/1435/1476 728/1434/1476 1249/1436/1476
f 1249/1436/1476 728/1434/1476 727/1437/1476
f 1249/1436/1476 727/1437/1476 1250/1438/1476
f 1250/1438/1476 727/1437/1476 1251/1439/1476
f 1251/1439/1476 727/1437/1476 1252/1440/1476
f 1252/1440/1476 727/1437/1476 726/1441/1476
f 1252/1440/1476 726/1441/1476 1253/1442/1476
f 1253/1442/1476 726/1441/1476 725/1443/1476
f 1253/1442/1476 725/1443/1476 1254/1444/1476
f 1254/1444/1476 725/1443/1476 3157/1445/1476
f 1254/1444/1476 3157/1445/1476 1255/1446/1476
f 1255/1446/1476 3157/1445/1476 1256/1447/1476
f 1256/1447/1476 3157/1445/1476 1257/1448/1476
f 1257/1448/1476 3157/1445/1476 1258/1449/1476
f 1258/1449/1476 3157/1445/1476 1259/1450/1476
f 1259/1450/1486 3157/1445/1486 1260/1451/1486
f 1260/1451/1476 3157/1445/1476 3158/1424/1476
f 1260/1451/1486 3158/1424/1486 1261/1452/1486
f 1261/1452/1476 3158/1424/1476 1262/1453/1476
f 1262/1453/1476 3158/1424/1476 1263/1454/1476
f 1263/1454/1476 3158/1424/1476 1264/1455/1476
f 1264/1455/1476 3158/1424/1476 1265/1423/1476
f 1047/1456/1476 1046/1457/1476 722/1458/1476
f 722/1458/1476 1046/1457/1476 1069/1459/1476
f 722/1458/1476 1069/1459/1476 723/1460/1476
f 723/1460/1476 1069/1459/1476 1068/1461/1476
f 723/1460/1476 1068/1461/1476 1067/1462/1476
f 723/1460/1476 1067/1462/1476 724/1463/1476
f 724/1463/1476 1067/1462/1476 1066/1464/1476
f 724/1463/1476 1066/1464/1476 1065/1465/1476
f 724/1463/1476 1065/1465/1476 3157/1445/1476
f 3157/1445/1476 1065/1465/1476 1064/1466/1476
f 3157/1445/1476 1064/1466/1476 1063/1467/1476
f 1063/1467/1476 1062/1468/1476 3157/1445/1476
f 3157/1445/1476 1062/1468/1476 3151/1349/1476
f 3157/1445/1476 3151/1349/1476 3156/1469/1476
f 3156/1469/1476 3151/1349/1476 3155/1470/1476
f 3155/1470/1476 3151/1349/1476 3154/1471/1476
f 3154/1471/1476 3151/1349/1476 3153/1472/1476
f 3153/1472/1476 3151/1349/1476 3152/1473/1476
f 1062/1468/1476 1061/1474/1476 3151/1349/1476
f 3151/1349/1476 1061/1474/1476 1060/1475/1476
f 3151/1349/1476 1060/1475/1476 1059/1476/1476
f 1059/1476/1476 1058/1477/1476 3151/1349/1476
f 3151/1349/1476 1058/1477/1476 1057/1478/1476
f 3151/1349/1476 1057/1478/1476 3150/30/1476
f 3150/30/1476 1057/1478/1476 1056/1479/1476
f 3150/30/1476 1056/1479/1476 1055/1480/1476
f 1055/1480/1476 1054/1481/1476 3150/30/1476
f 3150/30/1476 1054/1481/1476 3165/1482/1476
f 3150/30/1476 3165/1482/1476 3144/1483/1476
f 3144/1483/1476 3165/1482/1476 3166/1484/1476
f 3144/1483/1476 3166/1484/1476 3167/1485/1476
f 1054/1481/1476 1053/1486/1476 3165/1482/1476
f 3165/1482/1476 1053/1486/1476 1052/1487/1476
f 3165/1482/1476 1052/1487/1476 1051/1488/1476
f 1050/1489/1476 720/1490/1476 1051/1488/1476
f 1051/1488/1476 720/1490/1476 719/1491/1476
f 1051/1488/1476 719/1491/1476 3165/1482/1476
f 3165/1482/1476 719/1491/1476 554/1492/1476
f 3165/1482/1476 554/1492/1476 553/1493/1476
f 1050/1489/1476 1049/1494/1476 720/1490/1476
f 720/1490/1476 1049/1494/1476 721/1495/1476
f 721/1495/1476 1049/1494/1476 1048/1496/1476
f 721/1495/1476 1048/1496/1476 1047/1456/1476
f 721/1495/1476 1047/1456/1476 722/1458/1476
f 879/1497/1476 878/1498/1476 3108/1499/1476
f 3108/1499/1476 878/1498/1476 901/1500/1476
f 3108/1499/1476 901/1500/1476 900/1501/1476
f 900/1501/1476 899/1502/1476 3108/1499/1476
f 3108/1499/1476 899/1502/1476 898/1503/1476
f 3108/1499/1476 898/1503/1476 3158/1424/1476
f 3158/1424/1476 898/1503/1476 897/1504/1476
f 3158/1424/1476 897/1504/1476 896/1505/1476
f 896/1505/1476 895/1506/1476 3158/1424/1476
f 3158/1424/1476 895/1506/1476 732/1507/1476
f 3158/1424/1476 732/1507/1476 731/1426/1476
f 895/1506/1476 894/1508/1476 732/1507/1476
f 732/1507/1476 894/1508/1476 893/1509/1476
f 732/1507/1476 893/1509/1476 733/1510/1476
f 733/1510/1476 893/1509/1476 892/1511/1476
f 733/1510/1476 892/1511/1476 891/1512/1476
f 733/1510/1476 891/1512/1476 710/1513/1476
f 710/1513/1476 891/1512/1476 890/1514/1476
f 710/1513/1476 890/1514/1476 889/1515/1476
f 710/1513/1476 889/1515/1476 711/1516/1476
f 711/1516/1476 889/1515/1476 888/1517/1476
f 711/1516/1476 888/1517/1476 887/1518/1476
f 711/1516/1476 887/1518/1476 712/1519/1476
f 712/1519/1476 887/1518/1476 886/1520/1476
f 712/1519/1476 886/1520/1476 885/1521/1476
f 884/1522/1476 3164/1523/1476 885/1521/1476
f 885/1521/1476 3164/1523/1476 713/1524/1476
f 885/1521/1476 713/1524/1476 712/1519/1476
f 884/1522/1476 883/1525/1476 3164/1523/1476
f 3164/1523/1476 883/1525/1476 882/1526/1476
f 3164/1523/1476 882/1526/1476 3107/1527/1476
f 3107/1527/1476 882/1526/1476 881/1528/1476
f 3107/1527/1476 881/1528/1476 880/1529/1476
f 880/1529/1476 879/1497/1476 3107/1527/1476
f 3107/1527/1476 879/1497/1476 3108/1499/1476
f 725/1443/1476 724/1463/1476 3157/1445/1476
f 554/1492/1476 719/1491/1476 555/1530/1476
f 555/1530/1476 719/1491/1476 718/1531/1476
f 555/1530/1476 718/1531/1476 556/1532/1476
f 556/1532/1476 718/1531/1476 717/1533/1476
f 556/1532/1476 717/1533/1476 557/1534/1476
f 557/1534/1476 717/1533/1476 558/1535/1476
f 558/1535/1476 717/1533/1476 559/1536/1476
f 559/1536/1476 717/1533/1476 716/1537/1476
f 559/1536/1476 716/1537/1476 560/1538/1476
f 560/1538/1476 716/1537/1476 561/1539/1476
f 561/1539/1476 716/1537/1476 715/1540/1476
f 561/1539/1476 715/1540/1476 562/1541/1476
f 562/1541/1476 715/1540/1476 563/1542/1476
f 563/1542/1476 715/1540/1476 564/1543/1476
f 564/1543/1476 715/1540/1476 714/1544/1476
f 564/1543/1476 714/1544/1476 565/1545/1476
f 565/1545/1476 714/1544/1476 713/1524/1476
f 565/1545/1476 713/1524/1476 542/1546/1476
f 542/1546/1476 713/1524/1476 3164/1523/1476
f 542/1546/1476 3164/1523/1476 543/1547/1476
f 543/1547/1476 3164/1523/1476 544/1548/1476
f 544/1548/1476 3164/1523/1476 545/1549/1476
f 545/1549/1476 3164/1523/1476 546/1550/1476
f 546/1550/1476 3164/1523/1476 547/1551/1476
f 547/1551/1476 3164/1523/1476 548/1552/1476
f 548/1552/1476 3164/1523/1476 3165/1482/1476
f 548/1552/1476 3165/1482/1476 549/1553/1476
f 549/1553/1476 3165/1482/1476 550/1554/1476
f 550/1554/1476 3165/1482/1476 551/1555/1476
f 551/1555/1476 3165/1482/1476 552/1556/1476
f 552/1556/1476 3165/1482/1476 553/1493/1476
f 3127/1557/1476 3126/1558/1476 3107/1527/1476
f 3107/1527/1476 3126/1558/1476 3125/1559/1476
f 3107/1527/1476 3125/1559/1476 3124/1560/1476
f 3124/1560/1476 3123/1561/1476 3107/1527/1476
f 3107/1527/1476 3123/1561/1476 3122/1562/1476
f 3107/1527/1476 3122/1562/1476 3167/1485/1476
f 3167/1485/1476 3122/1562/1476 3144/1483/1476
f 3144/1483/1476 3145/1563/1476 3150/30/1476
f 3150/30/1476 3145/1563/1476 3146/1564/1476
f 3150/30/1476 3146/1564/1476 3147/1565/1476
f 3147/1565/1476 3148/1566/1476 3150/30/1476
f 3150/30/1476 3148/1566/1476 3149/1567/1476
f 3158/1424/1476 3159/1568/1476 3108/1499/1476
f 3108/1499/1476 3159/1568/1476 3160/1569/1476
f 3108/1499/1476 3160/1569/1476 3161/1570/1476
f 3161/1570/1476 3162/1571/1476 3108/1499/1476
f 3108/1499/1476 3162/1571/1476 3163/1572/1476
f 3167/1485/1476 3164/1523/1476 3107/1527/1476
f 3149/1573/968 3175/1574/968 3150/1367/732
f 3150/1367/732 3175/1574/968 3176/1575/968
f 3150/1367/732 3176/1575/968 3174/662/732
f 3174/662/732 3176/1575/968 3173/1576/968
f 3173/1576/734 3176/1575/734 3172/1577/735
f 3172/1577/735 3176/1575/734 3178/1578/735
f 3172/1577/171 3178/1578/171 3171/1579/736
f 3171/1579/737 3178/1578/1339 3180/1580/737
f 3171/1579/969 3180/1580/969 3170/656/787
f 3170/656/179 3180/1580/969 3182/1581/179
f 3170/656/970 3182/1581/970 3169/1582/184
f 3169/1582/184 3182/1581/970 3184/1583/184
f 3169/1582/744 3184/1583/744 3168/1584/1325
f 3168/1584/743 3184/1583/1822 3183/1585/1822
f 3168/1584/100 3183/1585/742 3144/1586/100
f 3144/1586/743 3183/1585/744 3145/1587/744
f 3145/1587/184 3183/1585/184 3146/1588/970
f 3146/1588/970 3183/1585/184 3181/1589/970
f 3146/1588/179 3181/1589/179 3147/1590/969
f 3147/1590/969 3181/1589/179 3179/1591/969
f 3147/1590/737 3179/1591/737 3148/1592/171
f 3148/1592/171 3179/1591/736 3177/1593/171
f 3148/1592/735 3177/1593/735 3149/1573/734
f 3149/1573/734 3177/1593/735 3175/1574/734
f 3178/1578/735 3176/1575/734 3175/1574/734
f 3178/1578/735 3175/1574/734 3177/1593/735
f 3180/1580/736 3178/1578/171 3177/1593/171
f 3180/1580/736 3177/1593/978 3179/1591/736
f 3182/1581/179 3180/1580/969 3179/1591/969
f 3182/1581/179 3179/1591/969 3181/1589/179
f 3184/1583/184 3182/1581/970 3181/1589/970
f 3184/1583/184 3181/1589/970 3183/1585/184
f 3133/1594/100 3209/1595/100 3122/1596/100
f 3122/1596/100 3209/1595/100 181/1597/100
f 3122/1596/100 181/1597/100 180/1598/100
f 3168/1599/100 3275/1600/100 3133/1594/100
f 3133/1594/100 3275/1600/100 3276/1601/100
f 3133/1594/100 3276/1601/100 3277/1602/100
f 3144/1603/100 3293/1604/100 3168/1599/100
f 3168/1599/100 3293/1604/100 25/1605/100
f 3168/1599/100 25/1605/100 48/1606/100
f 3122/1596/100 3239/1607/100 3144/1603/100
f 3144/1603/100 3239/1607/100 3240/1608/100
f 3144/1603/100 3240/1608/100 3241/1609/100
f 3186/1610/100 3220/1611/100 3185/1612/100
f 3185/1612/100 3220/1611/100 3221/1613/100
f 3185/1612/100 3221/1613/100 3222/1614/100
f 3187/1615/100 192/1616/100 3186/1610/100
f 3186/1610/100 192/1616/100 191/1617/100
f 3186/1610/100 191/1617/100 3219/1618/100
f 3219/1618/100 191/1617/100 190/1619/100
f 3219/1618/3035 190/1619/3035 3218/1620/3035
f 3218/1620/100 190/1619/100 189/1621/100
f 3218/1620/100 189/1621/100 3217/1622/100
f 3217/1622/100 189/1621/100 188/1623/100
f 3217/1622/100 188/1623/100 3216/1624/100
f 3216/1624/100 188/1623/100 187/1625/100
f 3216/1624/100 187/1625/100 3215/1626/100
f 3215/1626/100 187/1625/100 186/1627/100
f 3215/1626/100 186/1627/100 3214/1628/100
f 3214/1628/100 186/1627/100 185/1629/100
f 3214/1628/100 185/1629/100 3213/1630/100
f 3213/1630/100 185/1629/100 184/1631/100
f 3213/1630/3036 184/1631/3036 3212/1632/3036
f 3212/1632/100 184/1631/100 183/1633/100
f 3212/1632/100 183/1633/100 3211/1634/100
f 3211/1634/100 183/1633/100 182/1635/100
f 3211/1634/100 182/1635/100 3210/1636/100
f 3210/1636/3036 182/1635/3036 181/1597/3036
f 3210/1636/100 181/1597/100 3209/1595/100
f 192/1616/100 3187/1615/100 169/1637/100
f 169/1637/100 3187/1615/100 3188/1638/100
f 169/1637/100 3188/1638/100 170/1639/100
f 170/1639/100 3188/1638/100 3233/1640/100
f 170/1639/100 3233/1640/100 3234/1641/100
f 3188/1638/100 3189/1642/100 3233/1640/100
f 3233/1640/100 3189/1642/100 3256/1643/100
f 3256/1643/100 3189/1642/100 3255/1644/100
f 3255/1644/100 3189/1642/100 3190/1645/100
f 3255/1644/100 3190/1645/100 3254/1646/100
f 3254/1646/100 3190/1645/100 3253/1647/100
f 3253/1647/100 3190/1645/100 3191/1648/100
f 3253/1647/100 3191/1648/100 3252/1649/100
f 3252/1649/100 3191/1648/100 3251/1650/100
f 3251/1650/100 3191/1648/100 3250/1651/100
f 3250/1651/100 3191/1648/100 3249/1652/100
f 3249/1652/100 3191/1648/100 3192/1653/100
f 3249/1652/100 3192/1653/100 3248/1654/100
f 3248/1654/100 3192/1653/100 3247/1655/100
f 3247/1655/100 3192/1653/100 3193/1656/100
f 3247/1655/100 3193/1656/100 3246/1657/100
f 3246/1657/100 3193/1656/100 3245/1658/100
f 3245/1658/100 3193/1656/100 3194/1659/100
f 3245/1658/100 3194/1659/100 132/1660/100
f 132/1660/100 3194/1659/100 133/1661/100
f 133/1661/100 3194/1659/100 3195/1662/100
f 133/1661/100 3195/1662/100 134/1663/100
f 134/1663/100 3195/1662/100 3196/1664/100
f 134/1663/100 3196/1664/100 135/1665/100
f 135/1665/100 3196/1664/100 3283/1666/100
f 135/1665/100 3283/1666/100 136/1667/100
f 136/1667/3037 3283/1666/3037 3284/1668/3037
f 136/1667/100 3284/1668/100 137/1669/100
f 137/1669/100 3284/1668/100 3285/1670/100
f 137/1669/100 3285/1670/100 138/1671/100
f 138/1671/100 3285/1670/100 3286/1672/100
f 138/1671/100 3286/1672/100 139/1673/100
f 139/1673/100 3286/1672/100 3287/1674/100
f 139/1673/100 3287/1674/100 3288/1675/100
f 3283/1666/100 3196/1664/100 3282/1676/100
f 3282/1676/100 3196/1664/100 3197/1677/100
f 3282/1676/100 3197/1677/100 3281/1678/100
f 3281/1678/100 3197/1677/100 3304/1679/100
f 3304/1679/100 3197/1677/100 3198/1680/100
f 3304/1679/100 3198/1680/100 3303/1681/100
f 3303/1681/100 3198/1680/100 35/1682/100
f 3303/1681/100 35/1682/100 3302/1683/100
f 3302/1683/100 35/1682/100 34/1684/100
f 3302/1683/100 34/1684/100 3301/1685/100
f 3301/1685/100 34/1684/100 33/1686/100
f 3301/1685/100 33/1686/100 3300/1687/100
f 3300/1687/100 33/1686/100 32/1688/100
f 3300/1687/100 32/1688/100 3299/1689/100
f 3299/1689/100 32/1688/100 31/1690/100
f 3299/1689/100 31/1690/100 30/1691/100
f 35/1682/100 3198/1680/100 36/1692/100
f 36/1692/100 3198/1680/100 3199/1693/100
f 36/1692/100 3199/1693/100 37/1694/100
f 37/1694/100 3199/1693/100 3200/1695/100
f 37/1694/100 3200/1695/100 38/1696/100
f 38/1696/100 3200/1695/100 3269/1697/100
f 38/1696/100 3269/1697/100 3270/1698/100
f 3200/1695/100 3201/1699/100 3269/1697/100
f 3269/1697/100 3201/1699/100 3268/1700/100
f 3268/1700/100 3201/1699/100 3267/1701/100
f 3267/1701/100 3201/1699/100 3202/1702/100
f 3267/1701/100 3202/1702/100 3266/1703/100
f 3266/1703/100 3202/1702/100 3265/1704/100
f 3265/1704/100 3202/1702/100 3203/1705/100
f 3265/1704/100 3203/1705/100 3264/1706/100
f 3264/1706/100 3203/1705/100 3263/1707/100
f 3263/1707/100 3203/1705/100 3262/1708/100
f 3262/1708/100 3203/1705/100 3261/1709/100
f 3261/1709/100 3203/1705/100 3204/1710/100
f 3261/1709/100 3204/1710/100 3260/1711/100
f 3260/1711/100 3204/1710/100 3259/1712/100
f 3259/1712/100 3204/1710/100 3205/1713/100
f 3259/1712/100 3205/1713/100 3258/1714/100
f 3258/1714/100 3205/1713/100 3257/1715/100
f 3257/1715/100 3205/1713/100 3206/1716/100
f 3257/1715/100 3206/1716/100 96/1717/100
f 96/1717/100 3206/1716/100 73/1718/100
f 73/1718/100 3206/1716/100 3207/1719/100
f 73/1718/100 3207/1719/100 74/1720/100
f 74/1720/100 3207/1719/100 3208/1721/100
f 74/1720/100 3208/1721/100 75/1722/100
f 75/1722/100 3208/1721/100 3223/1723/100
f 75/1722/100 3223/1723/100 76/1724/100
f 76/1724/100 3223/1723/100 3224/1725/100
f 76/1724/100 3224/1725/100 77/1726/100
f 77/1726/100 3224/1725/100 3225/1727/100
f 77/1726/100 3225/1727/100 78/1728/100
f 78/1728/100 3225/1727/100 3226/1729/100
f 78/1728/100 3226/1729/100 79/1730/100
f 79/1730/100 3226/1729/100 3227/1731/100
f 79/1730/100 3227/1731/100 80/1732/100
f 80/1732/100 3227/1731/100 3228/1733/100
f 80/1732/100 3228/1733/100 81/1734/100
f 81/1734/100 3228/1733/100 3229/1735/100
f 81/1734/100 3229/1735/100 82/1736/100
f 82/1736/100 3229/1735/100 3230/1737/100
f 82/1736/100 3230/1737/100 83/1738/100
f 83/1738/100 3230/1737/100 3231/1739/100
f 83/1738/100 3231/1739/100 84/1740/100
f 84/1740/100 3231/1739/100 3232/1741/100
f 84/1740/100 3232/1741/100 85/1742/100
f 85/1742/100 3232/1741/100 3209/1595/100
f 85/1742/100 3209/1595/100 3133/1594/100
f 3223/1723/100 3208/1721/100 3222/1614/100
f 3222/1614/100 3208/1721/100 3185/1612/100
f 3219/1618/100 3220/1611/100 3186/1610/100
f 170/1639/100 3234/1641/100 171/1743/100
f 171/1743/100 3234/1641/100 3235/1744/100
f 171/1743/100 3235/1744/100 172/1745/100
f 172/1745/100 3235/1744/100 3122/1596/100
f 172/1745/100 3122/1596/100 173/1746/100
f 173/1746/100 3122/1596/100 174/1747/100
f 174/1747/100 3122/1596/100 175/1748/100
f 175/1748/100 3122/1596/100 176/1749/100
f 176/1749/100 3122/1596/100 177/1750/100
f 177/1750/100 3122/1596/100 178/1751/100
f 178/1751/100 3122/1596/100 179/1752/100
f 179/1752/100 3122/1596/100 180/1598/100
f 3235/1744/100 3236/1753/100 3122/1596/100
f 3122/1596/100 3236/1753/100 3237/1754/100
f 3122/1596/100 3237/1754/100 3238/1755/100
f 3238/1755/100 3239/1607/100 3122/1596/100
f 3241/1609/100 3242/1756/100 3144/1603/100
f 3144/1603/100 3242/1756/100 3243/1757/100
f 3144/1603/100 3243/1757/100 130/1758/100
f 130/1758/100 3243/1757/100 131/1759/100
f 131/1759/100 3243/1757/100 3244/1760/100
f 131/1759/100 3244/1760/100 132/1660/100
f 132/1660/100 3244/1760/100 3245/1658/100
f 38/1696/100 3270/1698/100 39/1761/100
f 39/1761/100 3270/1698/100 3271/1762/100
f 39/1761/100 3271/1762/100 40/1763/100
f 40/1763/100 3271/1762/100 3168/1599/100
f 40/1763/100 3168/1599/100 41/1764/100
f 41/1764/100 3168/1599/100 42/1765/100
f 42/1765/100 3168/1599/100 43/1766/100
f 43/1766/100 3168/1599/100 44/1767/100
f 44/1767/100 3168/1599/100 45/1768/100
f 45/1768/100 3168/1599/100 46/1769/100
f 46/1769/100 3168/1599/100 47/1770/100
f 47/1770/100 3168/1599/100 48/1606/100
f 3271/1762/100 3272/1771/100 3168/1599/100
f 3168/1599/100 3272/1771/100 3273/1772/100
f 3168/1599/100 3273/1772/100 3274/1773/100
f 3274/1773/100 3275/1600/100 3168/1599/100
f 3277/1602/100 3278/1774/100 3133/1594/100
f 3133/1594/100 3278/1774/100 3279/1775/100
f 3133/1594/100 3279/1775/100 94/1776/100
f 94/1776/100 3279/1775/100 95/1777/100
f 95/1777/100 3279/1775/100 3280/1778/100
f 95/1777/100 3280/1778/100 96/1717/100
f 96/1717/100 3280/1778/100 3257/1715/100
f 139/1673/100 3288/1675/100 140/1779/100
f 140/1779/100 3288/1675/100 3289/1780/100
f 140/1779/100 3289/1780/100 141/1781/100
f 141/1781/100 3289/1780/100 3290/1782/100
f 141/1781/100 3290/1782/100 142/1783/100
f 142/1783/3036 3290/1782/3036 3291/1784/3036
f 142/1783/100 3291/1784/100 143/1785/100
f 143/1785/100 3291/1784/100 3292/1786/100
f 143/1785/100 3292/1786/100 144/1787/100
f 144/1787/3037 3292/1786/3037 121/1788/3037
f 121/1788/100 3292/1786/100 3293/1604/100
f 121/1788/100 3293/1604/100 3144/1603/100
f 3293/1604/100 3294/1789/100 25/1605/100
f 25/1605/100 3294/1789/100 26/1790/100
f 26/1790/100 3294/1789/100 3295/1791/100
f 26/1790/100 3295/1791/100 27/1792/100
f 27/1792/100 3295/1791/100 3296/1793/100
f 27/1792/100 3296/1793/100 28/1794/100
f 28/1794/100 3296/1793/100 3297/1795/100
f 28/1794/100 3297/1795/100 29/1796/100
f 29/1796/100 3297/1795/100 3298/1797/100
f 29/1796/100 3298/1797/100 30/1691/100
f 30/1691/100 3298/1797/100 3299/1689/100
f 130/1758/100 129/1798/100 3144/1603/100
f 3144/1603/100 129/1798/100 128/1799/100
f 3144/1603/100 128/1799/100 127/1800/100
f 127/1800/100 126/1801/100 3144/1603/100
f 3144/1603/100 126/1801/100 125/1802/100
f 3144/1603/100 125/1802/100 124/1803/100
f 124/1803/100 123/1804/100 3144/1603/100
f 3144/1603/100 123/1804/100 122/1805/100
f 3144/1603/3035 122/1805/3035 121/1788/3035
f 94/1776/100 93/1806/100 3133/1594/100
f 3133/1594/100 93/1806/100 92/1807/100
f 3133/1594/100 92/1807/100 91/1808/100
f 91/1808/100 90/1809/100 3133/1594/100
f 3133/1594/100 90/1809/100 89/1810/100
f 3133/1594/100 89/1810/100 88/1811/100
f 88/1811/3036 87/1812/3036 3133/1594/3036
f 3133/1594/100 87/1812/100 86/1813/100
f 3133/1594/3035 86/1813/3035 85/1742/3035
f 3158/1814/768 1221/1815/768 3159/1816/767
f 3159/1816/767 1221/1815/768 2725/1817/767
f 3159/1816/766 2725/1817/766 3160/668/765
f 3160/668/765 2725/1817/766 2724/1818/765
f 3160/668/764 2724/1818/764 3161/1819/1277
f 3161/1819/1277 2724/1818/764 2723/1820/1277
f 3161/1819/1097 2723/1820/1097 3162/1821/760
f 3162/1821/760 2723/1820/1097 2722/1822/760
f 3162/1821/222 2722/1822/222 3163/1823/759
f 3163/1823/759 2722/1822/222 2721/1824/759
f 3163/1823/991 2721/1824/991 3108/662/757
f 3108/662/757 2721/1824/991 2695/1825/757
f 3151/30/158 2751/1826/158 3152/36/3019
f 3152/36/967 2751/1826/158 2761/1827/967
f 3152/36/779 2761/1827/779 3153/42/778
f 3153/42/778 2761/1827/779 2760/1828/778
f 3153/42/776 2760/1828/776 3154/48/777
f 3154/48/777 2760/1828/776 2759/1829/777
f 3154/48/974 2759/1829/974 3155/4/973
f 3155/4/973 2759/1829/974 2758/1830/973
f 3155/4/772 2758/1830/772 3156/1831/771
f 3156/1831/771 2758/1830/772 2757/1832/771
f 3156/1831/770 2757/1832/770 3157/1814/769
f 3157/1814/769 2757/1832/770 1222/1815/769
f 2751/1366/28 3151/1365/28 2658/1364/28
f 2658/1364/28 3151/1365/28 3150/776/28
f 2658/1364/28 3150/776/28 2659/1363/28
f 2659/1363/28 3150/776/28 2660/1362/28
f 2660/1362/28 3150/776/28 2661/1361/28
f 2661/1361/28 3150/776/28 2662/1360/28
f 2662/1360/28 3150/776/28 2663/1359/28
f 2663/1359/28 3150/776/28 2664/1357/28
f 2664/1357/28 3150/776/28 3174/30/28
f 2664/1357/28 3174/30/28 2855/1356/28
f 2855/1356/28 3174/30/28 2856/1355/28
f 2856/1355/28 3174/30/28 2857/1354/28
f 2857/1354/28 3174/30/28 2858/1353/28
f 2858/1353/28 3174/30/28 2859/1352/28
f 2859/1352/28 3174/30/28 2860/1351/28
f 2860/1351/28 3174/30/28 2861/1348/28
f 2861/1348/28 3174/30/28 3116/1349/28
f 2861/1348/28 3116/1349/28 2903/1347/28
f 2348/1346/28 2420/1345/28 2375/1344/28
f 2375/1344/28 2420/1345/28 2539/1343/28
f 2347/1833/240 3371/1607/240 2348/1834/240
f 2348/1834/240 3371/1607/240 3372/1608/240
f 2348/1834/240 3372/1608/240 3373/1609/240
f 2421/1835/240 3413/1595/240 2347/1833/240
f 2347/1833/240 3413/1595/240 97/1597/240
f 2347/1833/240 97/1597/240 120/1598/240
f 2420/1836/240 3383/1600/240 2421/1835/240
f 2421/1835/240 3383/1600/240 3384/1601/240
f 2421/1835/240 3384/1601/240 3385/1602/240
f 2348/1834/240 3329/1604/240 2420/1836/240
f 2420/1836/240 3329/1604/240 61/1605/240
f 2420/1836/240 61/1605/240 60/1606/240
f 3306/1680/240 3340/1679/240 3305/1677/240
f 3305/1677/240 3340/1679/240 3341/1678/240
f 3305/1677/240 3341/1678/240 3342/1676/240
f 3307/1693/240 72/1692/240 3306/1680/240
f 3306/1680/240 72/1692/240 71/1682/240
f 3306/1680/240 71/1682/240 3339/1681/240
f 3339/1681/240 71/1682/240 70/1684/240
f 3339/1681/3017 70/1684/3017 3338/1683/3017
f 3338/1683/240 70/1684/240 69/1686/240
f 3338/1683/240 69/1686/240 3337/1685/240
f 3337/1685/240 69/1686/240 68/1688/240
f 3337/1685/240 68/1688/240 3336/1687/240
f 3336/1687/240 68/1688/240 67/1690/240
f 3336/1687/240 67/1690/240 3335/1689/240
f 3335/1689/240 67/1690/240 66/1691/240
f 3335/1689/240 66/1691/240 3334/1797/240
f 3334/1797/240 66/1691/240 65/1796/240
f 3334/1797/240 65/1796/240 3333/1795/240
f 3333/1795/240 65/1796/240 64/1794/240
f 3333/1795/240 64/1794/240 3332/1793/240
f 3332/1793/240 64/1794/240 63/1792/240
f 3332/1793/240 63/1792/240 3331/1791/240
f 3331/1791/240 63/1792/240 62/1790/240
f 3331/1791/3017 62/1790/3017 3330/1789/3017
f 3330/1789/3038 62/1790/3038 61/1605/3038
f 3330/1789/240 61/1605/240 3329/1604/240
f 72/1692/240 3307/1693/240 49/1694/240
f 49/1694/240 3307/1693/240 3308/1695/240
f 49/1694/240 3308/1695/240 50/1696/240
f 50/1696/240 3308/1695/240 3377/1697/240
f 50/1696/240 3377/1697/240 3378/1698/240
f 3308/1695/240 3309/1699/240 3377/1697/240
f 3377/1697/240 3309/1699/240 3400/1700/240
f 3400/1700/240 3309/1699/240 3399/1701/240
f 3399/1701/240 3309/1699/240 3310/1702/240
f 3399/1701/240 3310/1702/240 3398/1703/240
f 3398/1703/240 3310/1702/240 3397/1704/240
f 3397/1704/240 3310/1702/240 3396/1706/240
f 3396/1706/240 3310/1702/240 3311/1705/240
f 3396/1706/240 3311/1705/240 3395/1707/240
f 3395/1707/240 3311/1705/240 3394/1708/240
f 3394/1708/240 3311/1705/240 3312/1710/240
f 3394/1708/240 3312/1710/240 3393/1709/240
f 3393/1709/240 3312/1710/240 3392/1711/240
f 3392/1711/240 3312/1710/240 3391/1712/240
f 3391/1712/240 3312/1710/240 3313/1713/240
f 3391/1712/240 3313/1713/240 3390/1714/240
f 3390/1714/240 3313/1713/240 3389/1715/240
f 3389/1715/240 3313/1713/240 3314/1716/240
f 3389/1715/240 3314/1716/240 12/1717/240
f 12/1717/240 3314/1716/240 13/1718/240
f 13/1718/240 3314/1716/240 3315/1719/240
f 13/1718/240 3315/1719/240 14/1720/240
f 14/1720/240 3315/1719/240 3316/1721/240
f 14/1720/240 3316/1721/240 15/1722/240
f 15/1722/240 3316/1721/240 3403/1723/240
f 15/1722/240 3403/1723/240 16/1724/240
f 16/1724/240 3403/1723/240 3404/1725/240
f 16/1724/240 3404/1725/240 17/1726/240
f 17/1726/240 3404/1725/240 3405/1727/240
f 17/1726/240 3405/1727/240 18/1728/240
f 18/1728/240 3405/1727/240 3406/1729/240
f 18/1728/240 3406/1729/240 19/1730/240
f 19/1730/240 3406/1729/240 3407/1731/240
f 19/1730/240 3407/1731/240 20/1732/240
f 20/1732/240 3407/1731/240 3408/1733/240
f 20/1732/240 3408/1733/240 21/1734/240
f 21/1734/240 3408/1733/240 3409/1735/240
f 21/1734/240 3409/1735/240 22/1736/240
f 22/1736/240 3409/1735/240 3410/1737/240
f 22/1736/240 3410/1737/240 23/1738/240
f 23/1738/240 3410/1737/240 3411/1739/240
f 23/1738/240 3411/1739/240 24/1740/240
f 24/1740/240 3411/1739/240 3412/1741/240
f 24/1740/3039 3412/1741/3039 1/1742/3039
f 1/1742/768 3412/1741/768 3413/1595/768
f 1/1742/240 3413/1595/240 2421/1835/240
f 3403/1723/240 3316/1721/240 3402/1614/240
f 3402/1614/240 3316/1721/240 3317/1612/240
f 3402/1614/240 3317/1612/240 3401/1613/240
f 3401/1613/240 3317/1612/240 3424/1611/240
f 3424/1611/240 3317/1612/240 3318/1610/240
f 3424/1611/240 3318/1610/240 3423/1618/240
f 3423/1618/240 3318/1610/240 107/1617/240
f 3423/1618/240 107/1617/240 106/1619/240
f 107/1617/240 3318/1610/240 108/1616/240
f 108/1616/240 3318/1610/240 3319/1615/240
f 108/1616/240 3319/1615/240 109/1637/240
f 109/1637/240 3319/1615/240 3320/1638/240
f 109/1637/240 3320/1638/240 110/1639/240
f 110/1639/240 3320/1638/240 3365/1640/240
f 110/1639/240 3365/1640/240 3366/1641/240
f 3320/1638/240 3321/1642/240 3365/1640/240
f 3365/1640/240 3321/1642/240 3364/1643/240
f 3364/1643/240 3321/1642/240 3363/1644/240
f 3363/1644/240 3321/1642/240 3322/1645/240
f 3363/1644/240 3322/1645/240 3362/1646/240
f 3362/1646/240 3322/1645/240 3361/1647/240
f 3361/1647/240 3322/1645/240 3360/1649/240
f 3360/1649/240 3322/1645/240 3323/1648/240
f 3360/1649/240 3323/1648/240 3359/1650/240
f 3359/1650/240 3323/1648/240 3358/1651/240
f 3358/1651/240 3323/1648/240 3324/1653/240
f 3358/1651/240 3324/1653/240 3357/1652/240
f 3357/1652/240 3324/1653/240 3356/1654/240
f 3356/1654/240 3324/1653/240 3355/1655/240
f 3355/1655/240 3324/1653/240 3325/1656/240
f 3355/1655/240 3325/1656/240 3354/1657/240
f 3354/1657/240 3325/1656/240 3353/1658/240
f 3353/1658/240 3325/1656/240 3326/1659/240
f 3353/1658/240 3326/1659/240 168/1660/240
f 168/1660/240 3326/1659/240 145/1661/240
f 145/1661/240 3326/1659/240 3327/1662/240
f 145/1661/240 3327/1662/240 146/1663/240
f 146/1663/240 3327/1662/240 3328/1664/240
f 146/1663/240 3328/1664/240 147/1665/240
f 147/1665/240 3328/1664/240 3343/1666/240
f 147/1665/240 3343/1666/240 148/1667/240
f 148/1667/240 3343/1666/240 3344/1668/240
f 148/1667/240 3344/1668/240 149/1669/240
f 149/1669/240 3344/1668/240 3345/1670/240
f 149/1669/240 3345/1670/240 150/1671/240
f 150/1671/240 3345/1670/240 3346/1672/240
f 150/1671/240 3346/1672/240 151/1673/240
f 151/1673/240 3346/1672/240 3347/1674/240
f 151/1673/240 3347/1674/240 152/1779/240
f 152/1779/240 3347/1674/240 3348/1675/240
f 152/1779/240 3348/1675/240 153/1781/240
f 153/1781/240 3348/1675/240 3349/1780/240
f 153/1781/240 3349/1780/240 154/1783/240
f 154/1783/240 3349/1780/240 3350/1782/240
f 154/1783/240 3350/1782/240 155/1785/240
f 155/1785/240 3350/1782/240 3351/1784/240
f 155/1785/240 3351/1784/240 156/1787/240
f 156/1787/240 3351/1784/240 3352/1786/240
f 156/1787/240 3352/1786/240 157/1788/240
f 157/1788/769 3352/1786/769 3329/1604/769
f 157/1788/240 3329/1604/240 2348/1834/240
f 3343/1666/240 3328/1664/240 3342/1676/240
f 3342/1676/240 3328/1664/240 3305/1677/240
f 3339/1681/240 3340/1679/240 3306/1680/240
f 3367/1744/240 112/1745/240 3366/1641/240
f 3366/1641/240 112/1745/240 111/1743/240
f 3366/1641/240 111/1743/240 110/1639/240
f 112/1745/240 3367/1744/240 2347/1833/240
f 2347/1833/240 3367/1744/240 3368/1753/240
f 2347/1833/240 3368/1753/240 3369/1754/240
f 3369/1754/240 3370/1755/240 2347/1833/240
f 2347/1833/240 3370/1755/240 3371/1607/240
f 3373/1609/240 3374/1756/240 2348/1834/240
f 2348/1834/240 3374/1756/240 3375/1757/240
f 2348/1834/240 3375/1757/240 166/1758/240
f 166/1758/240 3375/1757/240 3376/1760/240
f 166/1758/240 3376/1760/240 167/1759/240
f 167/1759/240 3376/1760/240 168/1660/240
f 168/1660/240 3376/1760/240 3353/1658/240
f 3379/1762/240 52/1763/240 3378/1698/240
f 3378/1698/240 52/1763/240 51/1761/240
f 3378/1698/240 51/1761/240 50/1696/240
f 52/1763/240 3379/1762/240 2420/1836/240
f 2420/1836/240 3379/1762/240 3380/1771/240
f 2420/1836/240 3380/1771/240 3381/1772/240
f 3381/1772/240 3382/1773/240 2420/1836/240
f 2420/1836/240 3382/1773/240 3383/1600/240
f 3385/1602/240 3386/1774/240 2421/1835/240
f 2421/1835/240 3386/1774/240 3387/1775/240
f 2421/1835/240 3387/1775/240 10/1776/240
f 10/1776/240 3387/1775/240 3388/1778/240
f 10/1776/240 3388/1778/240 11/1777/240
f 11/1777/240 3388/1778/240 12/1717/240
f 12/1717/240 3388/1778/240 3389/1715/240
f 3413/1595/3040 3414/1636/3040 97/1597/3040
f 97/1597/240 3414/1636/240 98/1635/240
f 98/1635/240 3414/1636/240 99/1633/240
f 99/1633/240 3414/1636/240 3415/1634/240
f 99/1633/240 3415/1634/240 100/1631/240
f 100/1631/240 3415/1634/240 3416/1632/240
f 100/1631/240 3416/1632/240 101/1629/240
f 101/1629/240 3416/1632/240 3417/1630/240
f 101/1629/240 3417/1630/240 102/1627/240
f 102/1627/240 3417/1630/240 3418/1628/240
f 102/1627/240 3418/1628/240 103/1625/240
f 103/1625/240 3418/1628/240 3419/1626/240
f 103/1625/240 3419/1626/240 3420/1624/240
f 103/1625/240 3420/1624/240 104/1623/240
f 104/1623/240 3420/1624/240 3421/1622/240
f 104/1623/240 3421/1622/240 105/1621/240
f 105/1621/240 3421/1622/240 3422/1620/240
f 105/1621/240 3422/1620/240 106/1619/240
f 106/1619/240 3422/1620/240 3423/1618/240
f 166/1758/240 165/1798/240 2348/1834/240
f 2348/1834/240 165/1798/240 164/1799/240
f 2348/1834/240 164/1799/240 163/1800/240
f 163/1800/240 162/1801/240 2348/1834/240
f 2348/1834/240 162/1801/240 161/1802/240
f 2348/1834/240 161/1802/240 160/1803/240
f 160/1803/240 159/1804/240 2348/1834/240
f 2348/1834/240 159/1804/240 158/1805/240
f 2348/1834/240 158/1805/240 157/1788/240
f 120/1598/3017 119/1752/3017 2347/1833/3017
f 2347/1833/240 119/1752/240 118/1751/240
f 2347/1833/240 118/1751/240 117/1750/240
f 117/1750/240 116/1749/240 2347/1833/240
f 2347/1833/240 116/1749/240 115/1748/240
f 2347/1833/240 115/1748/240 114/1747/240
f 114/1747/240 113/1746/240 2347/1833/240
f 2347/1833/240 113/1746/240 112/1745/240
f 60/1606/240 59/1770/240 2420/1836/240
f 2420/1836/240 59/1770/240 58/1769/240
f 2420/1836/240 58/1769/240 57/1768/240
f 57/1768/240 56/1767/240 2420/1836/240
f 2420/1836/240 56/1767/240 55/1766/240
f 2420/1836/240 55/1766/240 54/1765/240
f 54/1765/240 53/1764/240 2420/1836/240
f 2420/1836/240 53/1764/240 52/1763/240
f 10/1776/240 9/1806/240 2421/1835/240
f 2421/1835/240 9/1806/240 8/1807/240
f 2421/1835/240 8/1807/240 7/1808/240
f 7/1808/240 6/1809/240 2421/1835/240
f 2421/1835/240 6/1809/240 5/1810/240
f 2421/1835/240 5/1810/240 4/1811/240
f 4/1811/240 3/1812/240 2421/1835/240
f 2421/1835/240 3/1812/240 2/1813/240
f 2421/1835/240 2/1813/240 1/1742/240
f 227/1837/240 245/1838/240 228/1839/240
f 228/1839/240 245/1838/240 244/1840/240
f 228/1839/240 244/1840/240 229/1841/240
f 229/1841/240 244/1840/240 243/1842/240
f 229/1841/240 243/1842/240 230/1843/240
f 230/1843/240 243/1842/240 242/1844/240
f 230/1843/240 242/1844/240 231/1845/240
f 231/1845/240 242/1844/240 241/1846/240
f 231/1845/240 241/1846/240 232/1847/240
f 232/1847/240 241/1846/240 240/1848/240
f 232/1847/240 240/1848/240 233/1849/240
f 233/1849/240 240/1848/240 239/1850/240
f 233/1849/240 239/1850/240 3166/30/240
f 3166/30/240 239/1850/240 3167/1156/240
f 1730/1851/240 1729/1852/240 2317/1853/240
f 2317/1853/240 1729/1852/240 2333/1854/240
f 2317/1853/240 2333/1854/240 2318/1855/240
f 2318/1855/240 2333/1854/240 2332/1856/240
f 2318/1855/240 2332/1856/240 2319/1857/240
f 2319/1857/240 2332/1856/240 2331/1858/240
f 2319/1857/240 2331/1858/240 2320/1859/240
f 2320/1859/240 2331/1858/240 2330/1860/240
f 2320/1859/240 2330/1860/240 2321/1861/240
f 2321/1861/240 2330/1860/240 2329/1862/240
f 2321/1861/240 2329/1862/240 2322/1863/240
f 2322/1863/240 2329/1862/240 2328/1864/240
f 2322/1863/240 2328/1864/240 3426/1865/240
f 3426/1865/240 2328/1864/240 3425/1866/240
f 239/1849/28 213/1867/28 3167/30/28
f 3167/30/28 213/1867/28 3164/1868/28
f 2302/1869/28 2322/1864/28 3427/1870/28
f 3427/1870/28 2322/1864/28 3426/1866/28
f 212/1849/1292 233/1867/1292 3165/30/1292
f 3165/30/1292 233/1867/1292 3166/1868/1292
f 213/1849/100 212/1850/100 3164/30/100
f 3164/30/100 212/1850/100 3165/1156/100
f 2303/1863/100 2302/1864/100 3428/1865/100
f 3428/1865/100 2302/1864/100 3427/1866/100
f 2328/1869/1292 2303/1864/1292 3425/1870/1292
f 3425/1870/1292 2303/1864/1292 3428/1866/1292
f 1221/1871/240 3158/1872/240 1222/1873/240
f 1222/1873/240 3158/1872/240 3157/1874/240
f 3208/1875/1238 3306/658/1238 3185/1876/31
f 3185/1876/31 3306/658/1238 3305/656/31
f 3185/1877/29 3305/654/29 3186/1878/131
f 3186/1878/131 3305/654/29 3328/652/131
f 3186/1878/26 3328/652/26 3187/1879/25
f 3187/1879/25 3328/652/26 3327/686/25
f 3187/1879/23 3327/686/23 3188/1880/141
f 3188/1880/141 3327/686/23 3326/684/141
f 3188/1880/142 3326/684/142 3189/1881/20
f 3189/1881/20 3326/684/142 3325/682/20
f 3189/1881/19 3325/682/19 3190/1882/18
f 3190/1882/18 3325/682/19 3324/680/18
f 3190/1882/152 3324/680/152 3191/1883/15
f 3191/1883/15 3324/680/152 3323/678/15
f 3191/1883/14 3323/678/14 3192/1884/106
f 3192/1884/106 3323/678/14 3322/676/106
f 3192/1884/12 3322/676/12 3193/1885/11
f 3193/1885/11 3322/676/12 3321/674/11
f 3193/1885/10 3321/674/10 3194/5/9
f 3194/5/9 3321/674/10 3320/6/9
f 3194/5/116 3320/6/116 3195/13/7
f 3195/13/7 3320/6/116 3319/14/7
f 3195/13/6 3319/14/6 3196/21/5
f 3196/21/5 3319/14/6 3318/22/5
f 3196/21/4 3318/22/4 3197/29/3
f 3197/29/3 3318/22/4 3317/30/3
f 3197/29/2 3317/30/2 3198/37/1
f 3198/37/1 3317/30/2 3316/38/1
f 3198/37/55 3316/38/55 3199/45/54
f 3199/45/54 3316/38/55 3315/46/54
f 3199/45/53 3315/46/53 3200/3/1638
f 3200/3/1638 3315/46/53 3314/4/1638
f 3200/3/51 3314/4/51 3201/1886/49
f 3201/1886/49 3314/4/51 3313/672/49
f 3201/1886/48 3313/672/48 3202/1887/47
f 3202/1887/47 3313/672/48 3312/670/47
f 3202/1887/46 3312/670/46 3203/1888/45
f 3203/1888/45 3312/670/46 3311/668/45
f 3203/1888/44 3311/668/44 3204/1889/43
f 3204/1889/43 3311/668/44 3310/666/43
f 3204/1889/42 3310/666/42 3205/1890/41
f 3205/1890/41 3310/666/42 3309/664/41
f 3205/1890/39 3309/664/39 3206/1891/1780
f 3206/1891/1780 3309/664/39 3308/662/1780
f 3206/1891/37 3308/662/37 3207/1892/36
f 3207/1892/36 3308/662/37 3307/660/36
f 3207/1892/35 3307/660/35 3208/1875/34
f 3208/1875/34 3307/660/35 3306/658/34
f 3232/1/33 3330/2/33 3209/3/28
f 3209/3/31 3330/2/32 3329/4/31
f 3209/5/29 3329/6/29 3210/7/30
f 3210/7/27 3329/6/28 3352/8/27
f 3210/7/26 3352/8/26 3211/9/25
f 3211/9/25 3352/8/26 3351/10/25
f 3211/9/23 3351/10/23 3212/11/24
f 3212/11/22 3351/10/23 3350/12/22
f 3212/11/22 3350/12/22 3213/13/20
f 3213/13/20 3350/12/21 3349/14/20
f 3213/13/19 3349/14/19 3214/15/18
f 3214/15/18 3349/14/19 3348/16/18
f 3214/15/16 3348/16/16 3215/17/15
f 3215/17/15 3348/16/17 3347/18/15
f 3215/17/14 3347/18/14 3216/19/13
f 3216/19/13 3347/18/14 3346/20/13
f 3216/19/12 3346/20/12 3217/21/11
f 3217/21/11 3346/20/12 3345/22/11
f 3217/21/10 3345/22/10 3218/23/9
f 3218/23/56 3345/22/10 3344/24/56
f 3218/23/8 3344/24/8 3219/25/7
f 3219/25/7 3344/24/8 3343/26/7
f 3219/25/6 3343/26/6 3220/27/5
f 3220/27/5 3343/26/6 3342/28/5
f 3220/27/4 3342/28/4 3221/29/3
f 3221/29/3 3342/28/4 3341/30/3
f 3221/29/2 3341/30/2 3222/31/1
f 3222/31/1 3341/30/2 3340/32/1
f 3222/31/55 3340/32/55 3223/33/54
f 3223/33/54 3340/32/55 3339/34/54
f 3223/33/53 3339/34/53 3224/35/52
f 3224/35/52 3339/34/53 3338/36/52
f 3224/35/50 3338/36/50 3225/37/49
f 3225/37/49 3338/36/51 3337/38/49
f 3225/37/48 3337/38/48 3226/39/47
f 3226/39/47 3337/38/48 3336/40/47
f 3226/39/46 3336/40/46 3227/41/45
f 3227/41/45 3336/40/46 3335/42/45
f 3227/41/44 3335/42/44 3228/43/57
f 3228/43/57 3335/42/44 3334/44/57
f 3228/43/42 3334/44/42 3229/45/41
f 3229/45/41 3334/44/42 3333/46/41
f 3229/45/39 3333/46/39 3230/47/40
f 3230/47/38 3333/46/39 3332/48/38
f 3230/47/37 3332/48/37 3231/49/36
f 3231/49/36 3332/48/37 3331/50/36
f 3231/49/35 3331/50/35 3232/1/34
f 3232/1/34 3331/50/35 3330/2/34
f 3256/1/32 3354/2/32 3233/3/31
f 3233/3/28 3354/2/33 3353/4/28
f 3233/5/28 3353/6/28 3234/7/27
f 3234/7/30 3353/6/29 3376/8/30
f 3234/7/26 3376/8/26 3235/9/25
f 3235/9/25 3376/8/26 3375/10/25
f 3235/9/23 3375/10/23 3236/11/24
f 3236/11/24 3375/10/23 3374/12/24
f 3236/11/22 3374/12/22 3237/13/20
f 3237/13/20 3374/12/21 3373/14/20
f 3237/13/19 3373/14/19 3238/15/18
f 3238/15/18 3373/14/19 3372/16/18
f 3238/15/16 3372/16/16 3239/17/15
f 3239/17/15 3372/16/16 3371/18/15
f 3239/17/14 3371/18/14 3240/19/108
f 3240/19/13 3371/18/14 3370/20/13
f 3240/19/12 3370/20/12 3241/21/11
f 3241/21/11 3370/20/12 3369/22/11
f 3241/21/10 3369/22/10 3242/23/56
f 3242/23/56 3369/22/10 3368/24/56
f 3242/23/116 3368/24/116 3243/25/7
f 3243/25/7 3368/24/116 3367/26/7
f 3243/25/6 3367/26/6 3244/27/5
f 3244/27/5 3367/26/6 3366/28/5
f 3244/27/4 3366/28/4 3245/29/3
f 3245/29/3 3366/28/4 3365/30/3
f 3245/29/2 3365/30/2 3246/31/1
f 3246/31/1 3365/30/2 3364/32/1
f 3246/31/55 3364/32/55 3247/33/54
f 3247/33/54 3364/32/55 3363/34/54
f 3247/33/53 3363/34/53 3248/35/1638
f 3248/35/1638 3363/34/53 3362/36/1638
f 3248/35/50 3362/36/50 3249/37/49
f 3249/37/49 3362/36/50 3361/38/49
f 3249/37/48 3361/38/48 3250/39/47
f 3250/39/47 3361/38/48 3360/40/47
f 3250/39/46 3360/40/46 3251/41/45
f 3251/41/45 3360/40/46 3359/42/45
f 3251/41/44 3359/42/44 3252/43/43
f 3252/43/43 3359/42/44 3358/44/43
f 3252/43/42 3358/44/42 3253/45/41
f 3253/45/41 3358/44/42 3357/46/41
f 3253/45/39 3357/46/39 3254/47/40
f 3254/47/38 3357/46/39 3356/48/38
f 3254/47/37 3356/48/37 3255/49/36
f 3255/49/36 3356/48/37 3355/50/36
f 3255/49/35 3355/50/35 3256/1/34
f 3256/1/34 3355/50/35 3354/2/34
f 3280/1/32 3378/2/32 3257/3/31
f 3257/3/28 3378/2/33 3377/4/28
f 3257/5/28 3377/6/28 3258/7/27
f 3258/7/30 3377/6/29 3400/8/30
f 3258/7/26 3400/8/26 3259/9/25
f 3259/9/25 3400/8/26 3399/10/25
f 3259/9/23 3399/10/23 3260/11/24
f 3260/11/24 3399/10/23 3398/12/24
f 3260/11/22 3398/12/22 3261/13/20
f 3261/13/20 3398/12/21 3397/14/20
f 3261/13/19 3397/14/19 3262/15/18
f 3262/15/18 3397/14/19 3396/16/18
f 3262/15/16 3396/16/16 3263/17/15
f 3263/17/15 3396/16/16 3395/18/15
f 3263/17/14 3395/18/14 3264/19/108
f 3264/19/13 3395/18/14 3394/20/13
f 3264/19/12 3394/20/12 3265/21/11
f 3265/21/11 3394/20/12 3393/22/11
f 3265/21/10 3393/22/10 3266/23/56
f 3266/23/56 3393/22/10 3392/24/56
f 3266/23/116 3392/24/116 3267/25/7
f 3267/25/7 3392/24/116 3391/26/7
f 3267/25/6 3391/26/6 3268/27/5
f 3268/27/5 3391/26/6 3390/28/5
f 3268/27/4 3390/28/4 3269/29/3
f 3269/29/3 3390/28/4 3389/30/3
f 3269/29/2 3389/30/2 3270/31/1
f 3270/31/1 3389/30/2 3388/32/1
f 3270/31/55 3388/32/55 3271/33/54
f 3271/33/54 3388/32/55 3387/34/54
f 3271/33/53 3387/34/53 3272/35/1638
f 3272/35/1638 3387/34/53 3386/36/1638
f 3272/35/50 3386/36/50 3273/37/49
f 3273/37/49 3386/36/50 3385/38/49
f 3273/37/48 3385/38/48 3274/39/47
f 3274/39/47 3385/38/48 3384/40/47
f 3274/39/46 3384/40/46 3275/41/45
f 3275/41/45 3384/40/46 3383/42/45
f 3275/41/44 3383/42/44 3276/43/43
f 3276/43/43 3383/42/44 3382/44/43
f 3276/43/42 3382/44/42 3277/45/41
f 3277/45/41 3382/44/42 3381/46/41
f 3277/45/39 3381/46/39 3278/47/40
f 3278/47/38 3381/46/39 3380/48/38
f 3278/47/37 3380/48/37 3279/49/36
f 3279/49/36 3380/48/37 3379/50/36
f 3279/49/35 3379/50/35 3280/1/34
f 3280/1/34 3379/50/35 3378/2/34
f 3304/1/33 3402/2/33 3281/3/28
f 3281/3/31 3402/2/32 3401/4/31
f 3281/5/29 3401/6/29 3282/7/30
f 3282/7/27 3401/6/28 3424/8/27
f 3282/7/26 3424/8/26 3283/9/25
f 3283/9/25 3424/8/26 3423/10/25
f 3283/9/23 3423/10/23 3284/11/24
f 3284/11/22 3423/10/23 3422/12/22
f 3284/11/22 3422/12/22 3285/13/20
f 3285/13/20 3422/12/21 3421/14/20
f 3285/13/19 3421/14/19 3286/15/18
f 3286/15/18 3421/14/19 3420/16/18
f 3286/15/17 3420/16/17 3287/17/15
f 3287/17/15 3420/16/16 3419/18/15
f 3287/17/14 3419/18/14 3288/19/13
f 3288/19/13 3419/18/14 3418/20/13
f 3288/19/12 3418/20/12 3289/21/11
f 3289/21/11 3418/20/12 3417/22/11
f 3289/21/10 3417/22/10 3290/23/9
f 3290/23/9 3417/22/10 3416/24/9
f 3290/23/8 3416/24/8 3291/25/7
f 3291/25/7 3416/24/8 3415/26/7
f 3291/25/6 3415/26/6 3292/27/5
f 3292/27/5 3415/26/6 3414/28/5
f 3292/27/4 3414/28/4 3293/29/3
f 3293/29/3 3414/28/4 3413/30/3
f 3293/29/2 3413/30/2 3294/31/1
f 3294/31/1 3413/30/2 3412/32/1
f 3294/31/55 3412/32/55 3295/33/54
f 3295/33/54 3412/32/55 3411/34/54
f 3295/33/53 3411/34/53 3296/35/52
f 3296/35/52 3411/34/53 3410/36/52
f 3296/35/51 3410/36/51 3297/37/49
f 3297/37/49 3410/36/51 3409/38/49
f 3297/37/48 3409/38/48 3298/39/47
f 3298/39/47 3409/38/48 3408/40/47
f 3298/39/46 3408/40/46 3299/41/45
f 3299/41/45 3408/40/46 3407/42/45
f 3299/41/44 3407/42/44 3300/43/43
f 3300/43/43 3407/42/44 3406/44/43
f 3300/43/42 3406/44/42 3301/45/41
f 3301/45/41 3406/44/42 3405/46/41
f 3301/45/39 3405/46/39 3302/47/40
f 3302/47/38 3405/46/39 3404/48/38
f 3302/47/37 3404/48/37 3303/49/36
f 3303/49/36 3404/48/37 3403/50/36
f 3303/49/35 3403/50/35 3304/1/34
f 3304/1/34 3403/50/35 3402/2/34
f 3132/1893/155 3106/1350/155 3133/1894/155
f 3133/1894/155 3106/1350/155 3426/1484/155
f 3133/1894/155 3426/1484/155 3168/1895/155
f 3168/1895/155 3426/1484/155 3425/1485/155
f 3168/1895/155 3425/1485/155 3428/1523/155
f 3132/1893/155 3131/1896/155 3106/1350/155
f 3106/1350/155 3131/1896/155 3130/1897/155
f 3106/1350/155 3130/1897/155 3129/1898/155
f 3129/1898/155 3128/1899/155 3106/1350/155
f 3105/1349/155 1948/1478/155 3106/1350/155
f 3106/1350/155 1948/1478/155 1947/1479/155
f 3106/1350/155 1947/1479/155 1946/1480/155
f 3114/1473/155 3113/1472/155 3105/1349/155
f 3105/1349/155 3113/1472/155 3112/1471/155
f 3105/1349/155 3112/1471/155 3111/1470/155
f 3111/1470/155 3110/1469/155 3105/1349/155
f 3105/1349/155 3110/1469/155 3109/1445/155
f 3105/1349/155 3109/1445/155 1929/1468/155
f 1929/1468/155 3109/1445/155 1930/1467/155
f 1930/1467/155 3109/1445/155 1931/1466/155
f 1931/1466/155 3109/1445/155 1932/1465/155
f 1932/1465/155 3109/1445/155 2095/1463/155
f 1932/1465/155 2095/1463/155 1933/1464/155
f 1933/1464/155 2095/1463/155 1934/1462/155
f 1934/1462/155 2095/1463/155 2094/1460/155
f 1934/1462/155 2094/1460/155 1935/1461/155
f 1935/1461/155 2094/1460/155 1936/1459/155
f 1936/1459/155 2094/1460/155 2093/1458/155
f 1936/1459/155 2093/1458/155 1937/1457/155
f 1937/1457/155 2093/1458/155 1938/1456/155
f 1938/1456/155 2093/1458/155 2116/1495/155
f 1938/1456/155 2116/1495/155 1939/1496/155
f 1939/1496/155 2116/1495/155 1940/1494/155
f 1940/1494/155 2116/1495/155 2115/1490/155
f 1940/1494/155 2115/1490/155 1941/1489/155
f 1941/1489/155 2115/1490/155 1942/1488/155
f 1942/1488/155 2115/1490/155 2114/1491/155
f 1942/1488/155 2114/1491/155 3427/1482/155
f 3427/1482/155 2114/1491/155 2261/1492/155
f 3427/1482/155 2261/1492/155 2284/1493/155
f 3115/1424/155 1465/1451/155 3109/1445/155
f 3109/1445/155 1465/1451/155 1464/1450/155
f 3109/1445/155 1464/1450/155 1463/1449/155
f 3121/1568/155 3116/1499/155 3115/1424/155
f 3115/1424/155 3116/1499/155 1765/1503/155
f 3115/1424/155 1765/1503/155 1764/1504/155
f 3121/1568/155 3120/1569/155 3116/1499/155
f 3116/1499/155 3120/1569/155 3119/1570/155
f 3116/1499/155 3119/1570/155 3118/1571/155
f 3118/1571/155 3117/1572/155 3116/1499/155
f 3174/1900/155 1770/1497/155 3116/1499/155
f 3116/1499/155 1770/1497/155 1769/1498/155
f 3116/1499/155 1769/1498/155 1768/1500/155
f 3173/1901/155 3172/1902/155 3174/1900/155
f 3174/1900/155 3172/1902/155 3171/1903/155
f 3174/1900/155 3171/1903/155 3170/1904/155
f 3170/1904/155 3169/1905/155 3174/1900/155
f 3174/1900/155 3169/1905/155 3168/1895/155
f 3174/1900/155 3168/1895/155 3428/1523/155
f 3427/1482/155 2279/1552/155 3428/1523/155
f 3428/1523/155 2279/1552/155 2278/1551/155
f 3428/1523/155 2278/1551/155 2277/1550/155
f 3426/1484/155 3106/1350/155 3427/1482/155
f 3427/1482/155 3106/1350/155 1945/1481/155
f 3427/1482/155 1945/1481/155 1944/1486/155
f 2284/1493/155 2283/1556/155 3427/1482/155
f 3427/1482/155 2283/1556/155 2282/1555/155
f 3427/1482/155 2282/1555/155 2281/1554/155
f 2281/1554/155 2280/1553/155 3427/1482/155
f 3427/1482/155 2280/1553/155 2279/1552/155
f 2277/1550/155 2276/1549/155 3428/1523/155
f 3428/1523/155 2276/1549/155 2275/1548/155
f 3428/1523/155 2275/1548/155 2274/1547/155
f 2274/1547/155 2273/1546/155 3428/1523/155
f 3428/1523/155 2273/1546/155 2108/1524/155
f 3428/1523/155 2108/1524/155 1776/1521/155
f 1776/1521/155 2108/1524/155 2107/1519/155
f 1776/1521/155 2107/1519/155 1777/1520/155
f 1777/1520/155 2107/1519/155 1778/1518/155
f 1778/1518/155 2107/1519/155 2106/1516/155
f 1778/1518/155 2106/1516/155 1779/1517/155
f 1779/1517/155 2106/1516/155 1780/1515/155
f 1780/1515/155 2106/1516/155 2105/1513/155
f 1780/1515/155 2105/1513/155 1757/1514/155
f 1757/1514/155 2105/1513/155 1758/1512/155
f 1758/1512/155 2105/1513/155 2104/1510/155
f 1758/1512/155 2104/1510/155 1759/1511/155
f 1759/1511/155 2104/1510/155 1760/1509/155
f 1760/1509/155 2104/1510/155 2103/1507/155
f 1760/1509/155 2103/1507/155 1761/1508/155
f 1761/1508/155 2103/1507/155 1762/1506/155
f 1762/1506/155 2103/1507/155 3115/1424/155
f 1762/1506/155 3115/1424/155 1763/1505/155
f 1763/1505/155 3115/1424/155 1764/1504/155
f 2273/1546/155 2272/1545/155 2108/1524/155
f 2108/1524/155 2272/1545/155 2109/1544/155
f 2109/1544/155 2272/1545/155 2271/1543/155
f 2109/1544/155 2271/1543/155 2110/1540/155
f 2110/1540/155 2271/1543/155 2270/1542/155
f 2110/1540/155 2270/1542/155 2269/1541/155
f 2269/1541/155 2268/1539/155 2110/1540/155
f 2110/1540/155 2268/1539/155 2111/1537/155
f 2111/1537/155 2268/1539/155 2267/1538/155
f 2111/1537/155 2267/1538/155 2266/1536/155
f 2111/1537/155 2266/1536/155 2112/1533/155
f 2112/1533/155 2266/1536/155 2265/1535/155
f 2112/1533/155 2265/1535/155 2264/1534/155
f 2264/1534/155 2263/1532/155 2112/1533/155
f 2112/1533/155 2263/1532/155 2113/1531/155
f 2113/1531/155 2263/1532/155 2262/1530/155
f 2113/1531/155 2262/1530/155 2114/1491/155
f 2114/1491/155 2262/1530/155 2261/1492/155
f 2103/1507/155 2102/1426/155 3115/1424/155
f 3115/1424/155 2102/1426/155 1471/1425/155
f 3115/1424/155 1471/1425/155 1470/1423/155
f 1471/1425/155 2102/1426/155 1472/1427/155
f 1472/1427/155 2102/1426/155 2101/1428/155
f 1472/1427/155 2101/1428/155 1473/1429/155
f 1473/1429/155 2101/1428/155 2100/1430/155
f 1473/1429/155 2100/1430/155 1474/1431/155
f 1474/1431/155 2100/1430/155 1475/1432/155
f 1475/1432/155 2100/1430/155 1476/1433/155
f 1476/1433/155 2100/1430/155 2099/1434/155
f 1476/1433/155 2099/1434/155 1477/1435/155
f 1477/1435/155 2099/1434/155 1478/1436/155
f 1478/1436/155 2099/1434/155 2098/1437/155
f 1478/1436/155 2098/1437/155 1479/1438/155
f 1479/1438/155 2098/1437/155 1480/1439/155
f 1480/1439/155 2098/1437/155 1481/1440/155
f 1481/1440/155 2098/1437/155 2097/1441/155
f 1481/1440/155 2097/1441/155 1482/1442/155
f 1482/1442/155 2097/1441/155 2096/1443/155
f 1482/1442/155 2096/1443/155 1459/1444/155
f 1459/1444/155 2096/1443/155 3109/1445/155
f 1459/1444/155 3109/1445/155 1460/1446/155
f 1460/1446/155 3109/1445/155 1461/1447/155
f 1461/1447/155 3109/1445/155 1462/1448/155
f 1462/1448/155 3109/1445/155 1463/1449/155
f 2096/1443/155 2095/1463/155 3109/1445/155
f 1926/1476/155 1925/1477/155 3105/1349/155
f 3105/1349/155 1925/1477/155 1948/1478/155
f 1946/1480/155 1945/1481/155 3106/1350/155
f 1944/1486/155 1943/1487/155 3427/1482/155
f 3427/1482/155 1943/1487/155 1942/1488/155
f 1929/1468/155 1928/1474/155 3105/1349/155
f 3105/1349/155 1928/1474/155 1927/1475/155
f 3105/1349/155 1927/1475/155 1926/1476/155
f 1776/1521/155 1775/1522/155 3428/1523/155
f 3428/1523/155 1775/1522/155 1774/1525/155
f 3428/1523/155 1774/1525/155 1773/1526/155
f 3428/1523/155 1773/1526/155 3174/1900/155
f 3174/1900/155 1773/1526/155 1772/1528/155
f 3174/1900/155 1772/1528/155 1771/1529/155
f 1771/1529/155 1770/1497/155 3174/1900/155
f 1768/1500/155 1767/1501/155 3116/1499/155
f 3116/1499/155 1767/1501/155 1766/1502/155
f 3116/1499/155 1766/1502/155 1765/1503/155
f 1470/1423/155 1469/1455/155 3115/1424/155
f 3115/1424/155 1469/1455/155 1468/1454/155
f 3115/1424/155 1468/1454/155 1467/1453/155
f 1467/1453/155 1466/1452/155 3115/1424/155
f 3115/1424/155 1466/1452/155 1465/1451/155
