# Blender 4.2.23 LTS
# www.blender.org
o tmp_export_Cuerpo1:16
v 0.071195 0.531753 -1.914256
v 0.212426 0.714462 -1.914256
v 0.390974 0.860917 -1.914256
v 0.597777 0.963685 -1.914256
v 0.822337 1.017550 -1.914256
v 1.053256 1.019775 -1.914256
v 1.278813 0.970251 -1.914256
v 1.487559 0.871489 -1.914256
v 1.668898 0.728503 -1.914256
v 1.813625 0.548553 -1.914256
v 1.914394 0.340768 -1.914256
v 1.966091 0.115699 -1.914256
v 1.966091 -0.115231 -1.914256
v 1.914394 -0.340300 -1.914256
v 1.813625 -0.548084 -1.914256
v 1.668898 -0.728036 -1.914256
v 1.487559 -0.871022 -1.914256
v 1.278813 -0.969783 -1.914256
v 1.053256 -1.019308 -1.914256
v 0.822337 -1.017082 -1.914256
v 0.597777 -0.963217 -1.914256
v 0.390974 -0.860450 -1.914256
v 0.212426 -0.713994 -1.914256
v 0.071195 -0.531286 -1.914256
v 0.071195 -0.531286 -1.714256
v 0.212426 -0.713994 -1.714256
v 0.390974 -0.860450 -1.714256
v 0.597777 -0.963217 -1.714256
v 0.822337 -1.017082 -1.714256
v 1.053256 -1.019308 -1.714256
v 1.278813 -0.969783 -1.714256
v 1.487559 -0.871022 -1.714256
v 1.668898 -0.728036 -1.714256
v 1.813625 -0.548084 -1.714256
v 1.914394 -0.340300 -1.714256
v 1.966091 -0.115231 -1.714256
v 1.966091 0.115699 -1.714256
v 1.914394 0.340768 -1.714256
v 1.813625 0.548553 -1.714256
v 1.668898 0.728503 -1.714256
v 1.487559 0.871489 -1.714256
v 1.278813 0.970251 -1.714256
v 1.053256 1.019775 -1.714256
v 0.822337 1.017550 -1.714256
v 0.597777 0.963685 -1.714256
v 0.390974 0.860917 -1.714256
v 0.212426 0.714462 -1.714256
v 0.071195 0.531753 -1.714256
v 0.947615 -0.699766 -1.714256
v 0.921733 -0.703174 -1.714256
v 0.897615 -0.713164 -1.714256
v 0.876905 -0.729056 -1.714256
v 0.861013 -0.749766 -1.714256
v 0.851023 -0.773884 -1.714256
v 0.847615 -0.799766 -1.714256
v 0.851023 -0.825648 -1.714256
v 0.861013 -0.849766 -1.714256
v 0.876905 -0.870477 -1.714256
v 0.897615 -0.886369 -1.714256
v 0.921733 -0.896358 -1.714256
v 0.947615 -0.899766 -1.714256
v 0.973497 -0.896358 -1.714256
v 0.997615 -0.886369 -1.714256
v 1.018326 -0.870477 -1.714256
v 1.034218 -0.849766 -1.714256
v 1.044208 -0.825648 -1.714256
v 1.047615 -0.799766 -1.714256
v 1.044208 -0.773884 -1.714256
v 1.034218 -0.749766 -1.714256
v 1.018326 -0.729056 -1.714256
v 0.997615 -0.713164 -1.714256
v 0.973497 -0.703174 -1.714256
v 0.947615 0.125234 -1.714256
v 0.915263 0.120974 -1.714256
v 0.885115 0.108487 -1.714256
v 0.859227 0.088622 -1.714256
v 0.839362 0.062734 -1.714256
v 0.826875 0.032586 -1.714256
v 0.822615 0.000234 -1.714256
v 0.826875 -0.032119 -1.714256
v 0.839362 -0.062266 -1.714256
v 0.859227 -0.088155 -1.714256
v 0.885115 -0.108019 -1.714256
v 0.915263 -0.120507 -1.714256
v 0.947615 -0.124766 -1.714256
v 0.979968 -0.120507 -1.714256
v 1.010115 -0.108019 -1.714256
v 1.036004 -0.088155 -1.714256
v 1.055868 -0.062266 -1.714256
v 1.068356 -0.032119 -1.714256
v 1.072615 0.000234 -1.714256
v 1.068356 0.032586 -1.714256
v 1.055868 0.062734 -1.714256
v 1.036004 0.088622 -1.714256
v 1.010115 0.108487 -1.714256
v 0.979968 0.120974 -1.714256
v 0.947615 0.900234 -1.714256
v 0.921733 0.896826 -1.714256
v 0.897615 0.886836 -1.714256
v 0.876905 0.870944 -1.714256
v 0.861013 0.850234 -1.714256
v 0.851023 0.826116 -1.714256
v 0.847615 0.800234 -1.714256
v 0.851023 0.774352 -1.714256
v 0.861013 0.750234 -1.714256
v 0.876905 0.729523 -1.714256
v 0.897615 0.713631 -1.714256
v 0.921733 0.703641 -1.714256
v 0.947615 0.700234 -1.714256
v 0.973497 0.703641 -1.714256
v 0.997615 0.713631 -1.714256
v 1.018326 0.729523 -1.714256
v 1.034218 0.750234 -1.714256
v 1.044208 0.774352 -1.714256
v 1.047615 0.800234 -1.714256
v 1.044208 0.826116 -1.714256
v 1.034218 0.850234 -1.714256
v 1.018326 0.870944 -1.714256
v 0.997615 0.886836 -1.714256
v 0.973497 0.896826 -1.714256
v 0.314775 -0.503479 -1.714256
v 0.528190 -0.471041 -1.714256
v 0.705462 -0.433591 -1.714256
v 0.840580 -0.390762 -1.714256
v 0.888530 -0.368249 -1.714256
v 0.922764 -0.346021 -1.714256
v 0.936354 -0.334115 -1.714256
v 0.948246 -0.320471 -1.714256
v 0.957320 -0.305124 -1.714256
v 0.962534 -0.288263 -1.714256
v 0.963200 -0.270604 -1.714256
v 0.959544 -0.253169 -1.714256
v 0.952516 -0.236638 -1.714256
v 0.943114 -0.221206 -1.714256
v 0.918322 -0.191715 -1.714256
v 0.888252 -0.164390 -1.714256
v 0.850103 -0.145081 -1.714256
v 0.817775 -0.117097 -1.714256
v 0.793198 -0.082108 -1.714256
v 0.777839 -0.042204 -1.714256
v 0.772615 0.000234 -1.714256
v 0.777839 0.042671 -1.714256
v 0.793198 0.082576 -1.714256
v 0.817775 0.117564 -1.714256
v 0.850103 0.145548 -1.714256
v 0.888252 0.164858 -1.714256
v 0.918131 0.191997 -1.714256
v 0.943964 0.222913 -1.714256
v 0.953932 0.239899 -1.714256
v 0.960908 0.258267 -1.714256
v 0.963492 0.277402 -1.714256
v 0.962800 0.287048 -1.714256
v 0.960709 0.296528 -1.714256
v 0.952786 0.314168 -1.714256
v 0.940938 0.329818 -1.714256
v 0.910292 0.355532 -1.714256
v 0.826291 0.396880 -1.714256
v 0.765983 0.417262 -1.714256
v 0.688630 0.438160 -1.714256
v 0.491214 0.477704 -1.714256
v 0.071195 1.450234 -1.914256
v 2.072615 1.450234 -1.914256
v 2.072615 -1.449766 -1.914256
v 0.071195 -1.449766 -1.914256
v 1.722615 1.200234 -1.914256
v 1.696733 1.196826 -1.914256
v 1.672615 1.186836 -1.914256
v 1.651905 1.170944 -1.914256
v 1.636013 1.150234 -1.914256
v 1.626023 1.126116 -1.914256
v 1.622615 1.100234 -1.914256
v 1.626023 1.074352 -1.914256
v 1.636013 1.050234 -1.914256
v 1.651905 1.029523 -1.914256
v 1.672615 1.013631 -1.914256
v 1.696733 1.003641 -1.914256
v 1.722615 1.000234 -1.914256
v 1.748497 1.003641 -1.914256
v 1.772615 1.013631 -1.914256
v 1.793326 1.029523 -1.914256
v 1.809218 1.050234 -1.914256
v 1.819208 1.074352 -1.914256
v 1.822615 1.100234 -1.914256
v 1.819208 1.126116 -1.914256
v 1.809218 1.150234 -1.914256
v 1.793326 1.170944 -1.914256
v 1.772615 1.186836 -1.914256
v 1.748497 1.196826 -1.914256
v 1.722615 -0.999766 -1.914256
v 1.696733 -1.003174 -1.914256
v 1.672615 -1.013164 -1.914256
v 1.651905 -1.029056 -1.914256
v 1.636013 -1.049766 -1.914256
v 1.626023 -1.073884 -1.914256
v 1.622615 -1.099766 -1.914256
v 1.626023 -1.125648 -1.914256
v 1.636013 -1.149766 -1.914256
v 1.651905 -1.170477 -1.914256
v 1.672615 -1.186369 -1.914256
v 1.696733 -1.196359 -1.914256
v 1.722615 -1.199766 -1.914256
v 1.748497 -1.196359 -1.914256
v 1.772615 -1.186369 -1.914256
v 1.793326 -1.170477 -1.914256
v 1.809218 -1.149766 -1.914256
v 1.819208 -1.125648 -1.914256
v 1.822615 -1.099766 -1.914256
v 1.819208 -1.073884 -1.914256
v 1.809218 -1.049766 -1.914256
v 1.793326 -1.029056 -1.914256
v 1.772615 -1.013164 -1.914256
v 1.748497 -1.003174 -1.914256
v 0.071195 0.850234 -1.514256
v -0.927385 0.850234 -1.514256
v -0.927385 0.850234 -0.914256
v 0.072615 0.850234 -0.914256
v 0.072615 0.850234 -1.514256
v -0.927385 1.250234 -1.514256
v -0.927385 1.250234 -0.914256
v 0.071195 1.250234 -1.514256
v 0.072615 1.250234 -1.514256
v 0.072615 1.250234 -0.914256
v 0.072615 -1.249766 -1.514256
v 0.071195 -1.249766 -1.514256
v -0.927385 -1.249766 -1.514256
v -0.927385 -1.249766 -0.914256
v 0.072615 -1.249766 -0.914256
v -0.927385 -0.849766 -1.514256
v -0.927385 -0.849766 -0.914256
v 0.071195 -0.849766 -1.514256
v 0.072615 -0.849766 -1.514256
v 0.072615 -0.849766 -0.914256
v 0.071195 0.531753 -1.514256
v 0.313374 0.504029 -1.514256
v 0.523516 0.472156 -1.514256
v 0.698478 0.435727 -1.514256
v 0.833385 0.394110 -1.514256
v 0.884057 0.371127 -1.514256
v 0.922646 0.346581 -1.514256
v 0.937241 0.333699 -1.514256
v 0.948638 0.320402 -1.514256
v 0.956813 0.306689 -1.514256
v 0.961761 0.292557 -1.514256
v 0.963490 0.278009 -1.514256
v 0.962022 0.263046 -1.514256
v 0.957391 0.247674 -1.514256
v 0.949637 0.231898 -1.514256
v 0.924934 0.199153 -1.514256
v 0.888252 0.164858 -1.514256
v 0.850103 0.145548 -1.514256
v 0.817775 0.117564 -1.514256
v 0.793198 0.082576 -1.514256
v 0.777839 0.042671 -1.514256
v 0.772615 0.000234 -1.514256
v 0.777839 -0.042204 -1.514256
v 0.793198 -0.082108 -1.514256
v 0.817775 -0.117097 -1.514256
v 0.850103 -0.145081 -1.514256
v 0.888252 -0.164390 -1.514256
v 0.924934 -0.198686 -1.514256
v 0.949637 -0.231430 -1.514256
v 0.957391 -0.247207 -1.514256
v 0.962022 -0.262579 -1.514256
v 0.963490 -0.277541 -1.514256
v 0.961761 -0.292090 -1.514256
v 0.956813 -0.306221 -1.514256
v 0.948638 -0.319935 -1.514256
v 0.937241 -0.333231 -1.514256
v 0.922646 -0.346113 -1.514256
v 0.884057 -0.370660 -1.514256
v 0.833385 -0.393642 -1.514256
v 0.698478 -0.435259 -1.514256
v 0.523516 -0.471689 -1.514256
v 0.313374 -0.503562 -1.514256
v 0.071195 -0.531286 -1.514256
v 0.071195 -1.449766 -1.514256
v -0.928805 -1.449766 -1.514256
v -0.928805 1.450234 -1.514256
v 0.071195 1.450234 -1.514256
v -0.928805 -1.449766 -1.914256
v -0.928805 1.450234 -1.914256
v 2.072615 -1.449766 1.485744
v -2.577385 -1.449766 1.485744
v -2.577385 -1.449766 -1.914256
v -1.897165 -1.449766 0.285744
v -1.923047 -1.449766 0.289151
v -1.947165 -1.449766 0.299141
v -1.967875 -1.449766 0.315033
v -1.983767 -1.449766 0.335744
v -1.993757 -1.449766 0.359862
v -1.997165 -1.449766 0.385744
v -1.993757 -1.449766 0.411626
v -1.983767 -1.449766 0.435744
v -1.967875 -1.449766 0.456454
v -1.947165 -1.449766 0.472346
v -1.923047 -1.449766 0.482336
v -1.897165 -1.449766 0.485744
v -1.871283 -1.449766 0.482336
v -1.847165 -1.449766 0.472346
v -1.826454 -1.449766 0.456454
v -1.810562 -1.449766 0.435744
v -1.800572 -1.449766 0.411626
v -1.797165 -1.449766 0.385744
v -1.800572 -1.449766 0.359862
v -1.810562 -1.449766 0.335744
v -1.826454 -1.449766 0.315033
v -1.847165 -1.449766 0.299141
v -1.871283 -1.449766 0.289151
v -1.897165 -1.449766 -0.914256
v -1.923047 -1.449766 -0.910849
v -1.947165 -1.449766 -0.900859
v -1.967875 -1.449766 -0.884967
v -1.983767 -1.449766 -0.864256
v -1.993757 -1.449766 -0.840138
v -1.997165 -1.449766 -0.814256
v -1.993757 -1.449766 -0.788374
v -1.983767 -1.449766 -0.764256
v -1.967875 -1.449766 -0.743546
v -1.947165 -1.449766 -0.727654
v -1.923047 -1.449766 -0.717664
v -1.897165 -1.449766 -0.714256
v -1.871283 -1.449766 -0.717664
v -1.847165 -1.449766 -0.727654
v -1.826454 -1.449766 -0.743546
v -1.810562 -1.449766 -0.764256
v -1.800572 -1.449766 -0.788374
v -1.797165 -1.449766 -0.814256
v -1.800572 -1.449766 -0.840138
v -1.810562 -1.449766 -0.864256
v -1.826454 -1.449766 -0.884967
v -1.847165 -1.449766 -0.900859
v -1.871283 -1.449766 -0.910849
v 0.502835 -1.449766 0.285744
v 0.476953 -1.449766 0.289151
v 0.452835 -1.449766 0.299141
v 0.432125 -1.449766 0.315033
v 0.416233 -1.449766 0.335744
v 0.406243 -1.449766 0.359862
v 0.402835 -1.449766 0.385744
v 0.406243 -1.449766 0.411626
v 0.416233 -1.449766 0.435744
v 0.432125 -1.449766 0.456454
v 0.452835 -1.449766 0.472346
v 0.476953 -1.449766 0.482336
v 0.502835 -1.449766 0.485744
v 0.528717 -1.449766 0.482336
v 0.552835 -1.449766 0.472346
v 0.573546 -1.449766 0.456454
v 0.589438 -1.449766 0.435744
v 0.599428 -1.449766 0.411626
v 0.602835 -1.449766 0.385744
v 0.599428 -1.449766 0.359862
v 0.589438 -1.449766 0.335744
v 0.573546 -1.449766 0.315033
v 0.552835 -1.449766 0.299141
v 0.528717 -1.449766 0.289151
v 0.502835 -1.449766 -0.914256
v 0.476953 -1.449766 -0.910849
v 0.452835 -1.449766 -0.900859
v 0.432125 -1.449766 -0.884967
v 0.416233 -1.449766 -0.864256
v 0.406243 -1.449766 -0.840138
v 0.402835 -1.449766 -0.814256
v 0.406243 -1.449766 -0.788374
v 0.416233 -1.449766 -0.764256
v 0.432125 -1.449766 -0.743546
v 0.452835 -1.449766 -0.727654
v 0.476953 -1.449766 -0.717664
v 0.502835 -1.449766 -0.714256
v 0.528717 -1.449766 -0.717664
v 0.552835 -1.449766 -0.727654
v 0.573546 -1.449766 -0.743546
v 0.589438 -1.449766 -0.764256
v 0.599428 -1.449766 -0.788374
v 0.602835 -1.449766 -0.814256
v 0.599428 -1.449766 -0.840138
v 0.589438 -1.449766 -0.864256
v 0.573546 -1.449766 -0.884967
v 0.552835 -1.449766 -0.900859
v 0.528717 -1.449766 -0.910849
v 0.502835 -0.949766 -0.914256
v 0.476953 -0.949766 -0.910849
v 0.452835 -0.949766 -0.900859
v 0.432125 -0.949766 -0.884967
v 0.416233 -0.949766 -0.864256
v 0.406243 -0.949766 -0.840138
v 0.402835 -0.949766 -0.814256
v 0.406243 -0.949766 -0.788374
v 0.416233 -0.949766 -0.764256
v 0.432125 -0.949766 -0.743546
v 0.452835 -0.949766 -0.727654
v 0.476953 -0.949766 -0.717664
v 0.502835 -0.949766 -0.714256
v 0.528717 -0.949766 -0.717664
v 0.552835 -0.949766 -0.727654
v 0.573546 -0.949766 -0.743546
v 0.589438 -0.949766 -0.764256
v 0.599428 -0.949766 -0.788374
v 0.602835 -0.949766 -0.814256
v 0.599428 -0.949766 -0.840138
v 0.589438 -0.949766 -0.864256
v 0.573546 -0.949766 -0.884967
v 0.552835 -0.949766 -0.900859
v 0.528717 -0.949766 -0.910849
v 0.502835 -0.949766 0.285744
v 0.476953 -0.949766 0.289151
v 0.452835 -0.949766 0.299141
v 0.432125 -0.949766 0.315033
v 0.416233 -0.949766 0.335744
v 0.406243 -0.949766 0.359862
v 0.402835 -0.949766 0.385744
v 0.406243 -0.949766 0.411626
v 0.416233 -0.949766 0.435744
v 0.432125 -0.949766 0.456454
v 0.452835 -0.949766 0.472346
v 0.476953 -0.949766 0.482336
v 0.502835 -0.949766 0.485744
v 0.528717 -0.949766 0.482336
v 0.552835 -0.949766 0.472346
v 0.573546 -0.949766 0.456454
v 0.589438 -0.949766 0.435744
v 0.599428 -0.949766 0.411626
v 0.602835 -0.949766 0.385744
v 0.599428 -0.949766 0.359862
v 0.589438 -0.949766 0.335744
v 0.573546 -0.949766 0.315033
v 0.552835 -0.949766 0.299141
v 0.528717 -0.949766 0.289151
v -1.897165 -0.949766 -0.914256
v -1.923047 -0.949766 -0.910849
v -1.947165 -0.949766 -0.900859
v -1.967875 -0.949766 -0.884967
v -1.983767 -0.949766 -0.864256
v -1.993757 -0.949766 -0.840138
v -1.997165 -0.949766 -0.814256
v -1.993757 -0.949766 -0.788374
v -1.983767 -0.949766 -0.764256
v -1.967875 -0.949766 -0.743546
v -1.947165 -0.949766 -0.727654
v -1.923047 -0.949766 -0.717664
v -1.897165 -0.949766 -0.714256
v -1.871283 -0.949766 -0.717664
v -1.847165 -0.949766 -0.727654
v -1.826454 -0.949766 -0.743546
v -1.810562 -0.949766 -0.764256
v -1.800572 -0.949766 -0.788374
v -1.797165 -0.949766 -0.814256
v -1.800572 -0.949766 -0.840138
v -1.810562 -0.949766 -0.864256
v -1.826454 -0.949766 -0.884967
v -1.847165 -0.949766 -0.900859
v -1.871283 -0.949766 -0.910849
v -1.897165 -0.949766 0.285744
v -1.923047 -0.949766 0.289151
v -1.947165 -0.949766 0.299141
v -1.967875 -0.949766 0.315033
v -1.983767 -0.949766 0.335744
v -1.993757 -0.949766 0.359862
v -1.997165 -0.949766 0.385744
v -1.993757 -0.949766 0.411626
v -1.983767 -0.949766 0.435744
v -1.967875 -0.949766 0.456454
v -1.947165 -0.949766 0.472346
v -1.923047 -0.949766 0.482336
v -1.897165 -0.949766 0.485744
v -1.871283 -0.949766 0.482336
v -1.847165 -0.949766 0.472346
v -1.826454 -0.949766 0.456454
v -1.810562 -0.949766 0.435744
v -1.800572 -0.949766 0.411626
v -1.797165 -0.949766 0.385744
v -1.800572 -0.949766 0.359862
v -1.810562 -0.949766 0.335744
v -1.826454 -0.949766 0.315033
v -1.847165 -0.949766 0.299141
v -1.871283 -0.949766 0.289151
v 0.502835 0.950234 0.485744
v 0.476953 0.950234 0.482336
v 0.452835 0.950234 0.472346
v 0.432125 0.950234 0.456454
v 0.416233 0.950234 0.435744
v 0.406243 0.950234 0.411626
v 0.402835 0.950234 0.385744
v 0.406243 0.950234 0.359862
v 0.416233 0.950234 0.335744
v 0.432125 0.950234 0.315033
v 0.452835 0.950234 0.299141
v 0.476953 0.950234 0.289151
v 0.502835 0.950234 0.285744
v 0.528717 0.950234 0.289151
v 0.552835 0.950234 0.299141
v 0.573546 0.950234 0.315033
v 0.589438 0.950234 0.335744
v 0.599428 0.950234 0.359862
v 0.602835 0.950234 0.385744
v 0.599428 0.950234 0.411626
v 0.589438 0.950234 0.435744
v 0.573546 0.950234 0.456454
v 0.552835 0.950234 0.472346
v 0.528717 0.950234 0.482336
v 0.502835 1.450234 0.485744
v 0.528717 1.450234 0.482336
v 0.552835 1.450234 0.472346
v 0.573546 1.450234 0.456454
v 0.589438 1.450234 0.435744
v 0.599428 1.450234 0.411626
v 0.602835 1.450234 0.385744
v 0.599428 1.450234 0.359862
v 0.589438 1.450234 0.335744
v 0.573546 1.450234 0.315033
v 0.552835 1.450234 0.299141
v 0.528717 1.450234 0.289151
v 0.502835 1.450234 0.285744
v 0.476953 1.450234 0.289151
v 0.452835 1.450234 0.299141
v 0.432125 1.450234 0.315033
v 0.416233 1.450234 0.335744
v 0.406243 1.450234 0.359862
v 0.402835 1.450234 0.385744
v 0.406243 1.450234 0.411626
v 0.416233 1.450234 0.435744
v 0.432125 1.450234 0.456454
v 0.452835 1.450234 0.472346
v 0.476953 1.450234 0.482336
v 0.502835 0.950234 -0.714256
v 0.476953 0.950234 -0.717664
v 0.452835 0.950234 -0.727654
v 0.432125 0.950234 -0.743546
v 0.416233 0.950234 -0.764256
v 0.406243 0.950234 -0.788374
v 0.402835 0.950234 -0.814256
v 0.406243 0.950234 -0.840138
v 0.416233 0.950234 -0.864256
v 0.432125 0.950234 -0.884967
v 0.452835 0.950234 -0.900859
v 0.476953 0.950234 -0.910849
v 0.502835 0.950234 -0.914256
v 0.528717 0.950234 -0.910849
v 0.552835 0.950234 -0.900859
v 0.573546 0.950234 -0.884967
v 0.589438 0.950234 -0.864256
v 0.599428 0.950234 -0.840138
v 0.602835 0.950234 -0.814256
v 0.599428 0.950234 -0.788374
v 0.589438 0.950234 -0.764256
v 0.573546 0.950234 -0.743546
v 0.552835 0.950234 -0.727654
v 0.528717 0.950234 -0.717664
v 0.502835 1.450234 -0.714256
v 0.528717 1.450234 -0.717664
v 0.552835 1.450234 -0.727654
v 0.573546 1.450234 -0.743546
v 0.589438 1.450234 -0.764256
v 0.599428 1.450234 -0.788374
v 0.602835 1.450234 -0.814256
v 0.599428 1.450234 -0.840138
v 0.589438 1.450234 -0.864256
v 0.573546 1.450234 -0.884967
v 0.552835 1.450234 -0.900859
v 0.528717 1.450234 -0.910849
v 0.502835 1.450234 -0.914256
v 0.476953 1.450234 -0.910849
v 0.452835 1.450234 -0.900859
v 0.432125 1.450234 -0.884967
v 0.416233 1.450234 -0.864256
v 0.406243 1.450234 -0.840138
v 0.402835 1.450234 -0.814256
v 0.406243 1.450234 -0.788374
v 0.416233 1.450234 -0.764256
v 0.432125 1.450234 -0.743546
v 0.452835 1.450234 -0.727654
v 0.476953 1.450234 -0.717664
v -1.897165 0.950234 0.485744
v -1.923047 0.950234 0.482336
v -1.947165 0.950234 0.472346
v -1.967875 0.950234 0.456454
v -1.983767 0.950234 0.435744
v -1.993757 0.950234 0.411626
v -1.997165 0.950234 0.385744
v -1.993757 0.950234 0.359862
v -1.983767 0.950234 0.335744
v -1.967875 0.950234 0.315033
v -1.947165 0.950234 0.299141
v -1.923047 0.950234 0.289151
v -1.897165 0.950234 0.285744
v -1.871283 0.950234 0.289151
v -1.847165 0.950234 0.299141
v -1.826454 0.950234 0.315033
v -1.810562 0.950234 0.335744
v -1.800572 0.950234 0.359862
v -1.797165 0.950234 0.385744
v -1.800572 0.950234 0.411626
v -1.810562 0.950234 0.435744
v -1.826454 0.950234 0.456454
v -1.847165 0.950234 0.472346
v -1.871283 0.950234 0.482336
v -1.897165 1.450234 0.485744
v -1.871283 1.450234 0.482336
v -1.847165 1.450234 0.472346
v -1.826454 1.450234 0.456454
v -1.810562 1.450234 0.435744
v -1.800572 1.450234 0.411626
v -1.797165 1.450234 0.385744
v -1.800572 1.450234 0.359862
v -1.810562 1.450234 0.335744
v -1.826454 1.450234 0.315033
v -1.847165 1.450234 0.299141
v -1.871283 1.450234 0.289151
v -1.897165 1.450234 0.285744
v -1.923047 1.450234 0.289151
v -1.947165 1.450234 0.299141
v -1.967875 1.450234 0.315033
v -1.983767 1.450234 0.335744
v -1.993757 1.450234 0.359862
v -1.997165 1.450234 0.385744
v -1.993757 1.450234 0.411626
v -1.983767 1.450234 0.435744
v -1.967875 1.450234 0.456454
v -1.947165 1.450234 0.472346
v -1.923047 1.450234 0.482336
v -1.897165 0.950234 -0.714256
v -1.923047 0.950234 -0.717664
v -1.947165 0.950234 -0.727654
v -1.967875 0.950234 -0.743546
v -1.983767 0.950234 -0.764256
v -1.993757 0.950234 -0.788374
v -1.997165 0.950234 -0.814256
v -1.993757 0.950234 -0.840138
v -1.983767 0.950234 -0.864256
v -1.967875 0.950234 -0.884967
v -1.947165 0.950234 -0.900859
v -1.923047 0.950234 -0.910849
v -1.897165 0.950234 -0.914256
v -1.871283 0.950234 -0.910849
v -1.847165 0.950234 -0.900859
v -1.826454 0.950234 -0.884967
v -1.810562 0.950234 -0.864256
v -1.800572 0.950234 -0.840138
v -1.797165 0.950234 -0.814256
v -1.800572 0.950234 -0.788374
v -1.810562 0.950234 -0.764256
v -1.826454 0.950234 -0.743546
v -1.847165 0.950234 -0.727654
v -1.871283 0.950234 -0.717664
v -1.897165 1.450234 -0.714256
v -1.871283 1.450234 -0.717664
v -1.847165 1.450234 -0.727654
v -1.826454 1.450234 -0.743546
v -1.810562 1.450234 -0.764256
v -1.800572 1.450234 -0.788374
v -1.797165 1.450234 -0.814256
v -1.800572 1.450234 -0.840138
v -1.810562 1.450234 -0.864256
v -1.826454 1.450234 -0.884967
v -1.847165 1.450234 -0.900859
v -1.871283 1.450234 -0.910849
v -1.897165 1.450234 -0.914256
v -1.923047 1.450234 -0.910849
v -1.947165 1.450234 -0.900859
v -1.967875 1.450234 -0.884967
v -1.983767 1.450234 -0.864256
v -1.993757 1.450234 -0.840138
v -1.997165 1.450234 -0.814256
v -1.993757 1.450234 -0.788374
v -1.983767 1.450234 -0.764256
v -1.967875 1.450234 -0.743546
v -1.947165 1.450234 -0.727654
v -1.923047 1.450234 -0.717664
v 0.947615 0.900234 -1.014256
v 0.921733 0.896826 -1.014256
v 0.897615 0.886836 -1.014256
v 0.876905 0.870944 -1.014256
v 0.861013 0.850234 -1.014256
v 0.851023 0.826116 -1.014256
v 0.847615 0.800234 -1.014256
v 0.851023 0.774352 -1.014256
v 0.861013 0.750234 -1.014256
v 0.876905 0.729523 -1.014256
v 0.897615 0.713631 -1.014256
v 0.921733 0.703641 -1.014256
v 0.947615 0.700234 -1.014256
v 0.973497 0.703641 -1.014256
v 0.997615 0.713631 -1.014256
v 1.018326 0.729523 -1.014256
v 1.034218 0.750234 -1.014256
v 1.044208 0.774352 -1.014256
v 1.047615 0.800234 -1.014256
v 1.044208 0.826116 -1.014256
v 1.034218 0.850234 -1.014256
v 1.018326 0.870944 -1.014256
v 0.997615 0.886836 -1.014256
v 0.973497 0.896826 -1.014256
v 0.947615 0.900234 -1.364256
v 0.973497 0.896826 -1.364256
v 0.997615 0.886836 -1.364256
v 1.018326 0.870944 -1.364256
v 1.034218 0.850234 -1.364256
v 1.044208 0.826116 -1.364256
v 1.047615 0.800234 -1.364256
v 1.044208 0.774352 -1.364256
v 1.034218 0.750234 -1.364256
v 1.018326 0.729523 -1.364256
v 0.997615 0.713631 -1.364256
v 0.973497 0.703641 -1.364256
v 0.947615 0.700234 -1.364256
v 0.921733 0.703641 -1.364256
v 0.897615 0.713631 -1.364256
v 0.876905 0.729523 -1.364256
v 0.861013 0.750234 -1.364256
v 0.851023 0.774352 -1.364256
v 0.847615 0.800234 -1.364256
v 0.851023 0.826116 -1.364256
v 0.861013 0.850234 -1.364256
v 0.876905 0.870944 -1.364256
v 0.897615 0.886836 -1.364256
v 0.921733 0.896826 -1.364256
v 0.947615 -0.699766 -1.014256
v 0.921733 -0.703174 -1.014256
v 0.897615 -0.713164 -1.014256
v 0.876905 -0.729056 -1.014256
v 0.861013 -0.749766 -1.014256
v 0.851023 -0.773884 -1.014256
v 0.847615 -0.799766 -1.014256
v 0.851023 -0.825648 -1.014256
v 0.861013 -0.849766 -1.014256
v 0.876905 -0.870477 -1.014256
v 0.897615 -0.886369 -1.014256
v 0.921733 -0.896358 -1.014256
v 0.947615 -0.899766 -1.014256
v 0.973497 -0.896358 -1.014256
v 0.997615 -0.886369 -1.014256
v 1.018326 -0.870477 -1.014256
v 1.034218 -0.849766 -1.014256
v 1.044208 -0.825648 -1.014256
v 1.047615 -0.799766 -1.014256
v 1.044208 -0.773884 -1.014256
v 1.034218 -0.749766 -1.014256
v 1.018326 -0.729056 -1.014256
v 0.997615 -0.713164 -1.014256
v 0.973497 -0.703174 -1.014256
v 0.947615 -0.699766 -1.364256
v 0.973497 -0.703174 -1.364256
v 0.997615 -0.713164 -1.364256
v 1.018326 -0.729056 -1.364256
v 1.034218 -0.749766 -1.364256
v 1.044208 -0.773884 -1.364256
v 1.047615 -0.799766 -1.364256
v 1.044208 -0.825648 -1.364256
v 1.034218 -0.849766 -1.364256
v 1.018326 -0.870477 -1.364256
v 0.997615 -0.886369 -1.364256
v 0.973497 -0.896358 -1.364256
v 0.947615 -0.899766 -1.364256
v 0.921733 -0.896358 -1.364256
v 0.897615 -0.886369 -1.364256
v 0.876905 -0.870477 -1.364256
v 0.861013 -0.849766 -1.364256
v 0.851023 -0.825648 -1.364256
v 0.847615 -0.799766 -1.364256
v 0.851023 -0.773884 -1.364256
v 0.861013 -0.749766 -1.364256
v 0.876905 -0.729056 -1.364256
v 0.897615 -0.713164 -1.364256
v 0.921733 -0.703174 -1.364256
v 0.947615 0.125234 -0.514256
v 0.915263 0.120974 -0.514256
v 0.885115 0.108487 -0.514256
v 0.859227 0.088622 -0.514256
v 0.839362 0.062734 -0.514256
v 0.826875 0.032586 -0.514256
v 0.822615 0.000234 -0.514256
v 0.826875 -0.032119 -0.514256
v 0.839362 -0.062266 -0.514256
v 0.859227 -0.088155 -0.514256
v 0.885115 -0.108019 -0.514256
v 0.915263 -0.120507 -0.514256
v 0.947615 -0.124766 -0.514256
v 0.979968 -0.120507 -0.514256
v 1.010115 -0.108019 -0.514256
v 1.036004 -0.088155 -0.514256
v 1.055868 -0.062266 -0.514256
v 1.068356 -0.032119 -0.514256
v 1.072615 0.000234 -0.514256
v 1.068356 0.032586 -0.514256
v 1.055868 0.062734 -0.514256
v 1.036004 0.088622 -0.514256
v 1.010115 0.108487 -0.514256
v 0.979968 0.120974 -0.514256
v 0.947615 0.125234 -1.114256
v 0.979968 0.120974 -1.114256
v 1.010115 0.108487 -1.114256
v 1.036004 0.088622 -1.114256
v 1.055868 0.062734 -1.114256
v 1.068356 0.032586 -1.114256
v 1.072615 0.000234 -1.114256
v 1.068356 -0.032119 -1.114256
v 1.055868 -0.062266 -1.114256
v 1.036004 -0.088155 -1.114256
v 1.010115 -0.108019 -1.114256
v 0.979968 -0.120507 -1.114256
v 0.947615 -0.124766 -1.114256
v 0.915263 -0.120507 -1.114256
v 0.885115 -0.108019 -1.114256
v 0.859227 -0.088155 -1.114256
v 0.839362 -0.062266 -1.114256
v 0.826875 -0.032119 -1.114256
v 0.822615 0.000234 -1.114256
v 0.826875 0.032586 -1.114256
v 0.839362 0.062734 -1.114256
v 0.859227 0.088622 -1.114256
v 0.885115 0.108487 -1.114256
v 0.915263 0.120974 -1.114256
v 0.947615 -0.124766 0.985744
v 0.915263 -0.120507 0.985744
v 0.885115 -0.108019 0.985744
v 0.859227 -0.088155 0.985744
v 0.839362 -0.062266 0.985744
v 0.826875 -0.032119 0.985744
v 0.822615 0.000234 0.985744
v 0.826875 0.032586 0.985744
v 0.839362 0.062734 0.985744
v 0.859227 0.088622 0.985744
v 0.885115 0.108487 0.985744
v 0.915263 0.120974 0.985744
v 0.947615 0.125234 0.985744
v 0.979968 0.120974 0.985744
v 1.010115 0.108487 0.985744
v 1.036004 0.088622 0.985744
v 1.055868 0.062734 0.985744
v 1.068356 0.032586 0.985744
v 1.072615 0.000234 0.985744
v 1.068356 -0.032119 0.985744
v 1.055868 -0.062266 0.985744
v 1.036004 -0.088155 0.985744
v 1.010115 -0.108019 0.985744
v 0.979968 -0.120507 0.985744
v 0.947615 -0.124766 1.985744
v 0.979968 -0.120507 1.985744
v 1.010115 -0.108019 1.985744
v 1.036004 -0.088155 1.985744
v 1.055868 -0.062266 1.985744
v 1.068356 -0.032119 1.985744
v 1.072615 0.000234 1.985744
v 1.068356 0.032586 1.985744
v 1.055868 0.062734 1.985744
v 1.036004 0.088622 1.985744
v 1.010115 0.108487 1.985744
v 0.979968 0.120974 1.985744
v 0.947615 0.125234 1.985744
v 0.915263 0.120974 1.985744
v 0.885115 0.108487 1.985744
v 0.859227 0.088622 1.985744
v 0.839362 0.062734 1.985744
v 0.826875 0.032586 1.985744
v 0.822615 0.000234 1.985744
v 0.826875 -0.032119 1.985744
v 0.839362 -0.062266 1.985744
v 0.859227 -0.088155 1.985744
v 0.885115 -0.108019 1.985744
v 0.915263 -0.120507 1.985744
v 0.947615 -0.124766 1.485744
v 0.915263 -0.120507 1.485744
v 0.885115 -0.108019 1.485744
v 0.859227 -0.088155 1.485744
v 0.839362 -0.062266 1.485744
v 0.826875 -0.032119 1.485744
v 0.822615 0.000234 1.485744
v 0.826875 0.032586 1.485744
v 0.839362 0.062734 1.485744
v 0.859227 0.088622 1.485744
v 0.885115 0.108487 1.485744
v 0.915263 0.120974 1.485744
v 0.947615 0.125234 1.485744
v 0.979968 0.120974 1.485744
v 1.010115 0.108487 1.485744
v 1.036004 0.088622 1.485744
v 1.055868 0.062734 1.485744
v 1.068356 0.032586 1.485744
v 1.072615 0.000234 1.485744
v 1.068356 -0.032119 1.485744
v 1.055868 -0.062266 1.485744
v 1.036004 -0.088155 1.485744
v 1.010115 -0.108019 1.485744
v 0.979968 -0.120507 1.485744
v 0.947615 0.700234 1.685744
v 0.973497 0.703641 1.685744
v 0.997615 0.713631 1.685744
v 1.018326 0.729523 1.685744
v 1.034218 0.750234 1.685744
v 1.044208 0.774352 1.685744
v 1.047615 0.800234 1.685744
v 1.044208 0.826116 1.685744
v 1.034218 0.850234 1.685744
v 1.018326 0.870944 1.685744
v 0.997615 0.886836 1.685744
v 0.973497 0.896826 1.685744
v 0.947615 0.900234 1.685744
v 0.921733 0.896826 1.685744
v 0.897615 0.886836 1.685744
v 0.876905 0.870944 1.685744
v 0.861013 0.850234 1.685744
v 0.851023 0.826116 1.685744
v 0.847615 0.800234 1.685744
v 0.851023 0.774352 1.685744
v 0.861013 0.750234 1.685744
v 0.876905 0.729523 1.685744
v 0.897615 0.713631 1.685744
v 0.921733 0.703641 1.685744
v 0.947615 0.700234 1.485744
v 0.921733 0.703641 1.485744
v 0.897615 0.713631 1.485744
v 0.876905 0.729523 1.485744
v 0.861013 0.750234 1.485744
v 0.851023 0.774352 1.485744
v 0.847615 0.800234 1.485744
v 0.851023 0.826116 1.485744
v 0.861013 0.850234 1.485744
v 0.876905 0.870944 1.485744
v 0.897615 0.886836 1.485744
v 0.921733 0.896826 1.485744
v 0.947615 0.900234 1.485744
v 0.973497 0.896826 1.485744
v 0.997615 0.886836 1.485744
v 1.018326 0.870944 1.485744
v 1.034218 0.850234 1.485744
v 1.044208 0.826116 1.485744
v 1.047615 0.800234 1.485744
v 1.044208 0.774352 1.485744
v 1.034218 0.750234 1.485744
v 1.018326 0.729523 1.485744
v 0.997615 0.713631 1.485744
v 0.973497 0.703641 1.485744
v 1.747615 -0.099766 1.685744
v 1.773497 -0.096359 1.685744
v 1.797615 -0.086369 1.685744
v 1.818326 -0.070477 1.685744
v 1.834218 -0.049766 1.685744
v 1.844208 -0.025648 1.685744
v 1.847615 0.000234 1.685744
v 1.844208 0.026116 1.685744
v 1.834218 0.050234 1.685744
v 1.818326 0.070944 1.685744
v 1.797615 0.086836 1.685744
v 1.773497 0.096826 1.685744
v 1.747615 0.100234 1.685744
v 1.721733 0.096826 1.685744
v 1.697615 0.086836 1.685744
v 1.676905 0.070944 1.685744
v 1.661013 0.050234 1.685744
v 1.651023 0.026116 1.685744
v 1.647615 0.000234 1.685744
v 1.651023 -0.025648 1.685744
v 1.661013 -0.049766 1.685744
v 1.676905 -0.070477 1.685744
v 1.697615 -0.086369 1.685744
v 1.721733 -0.096359 1.685744
v 1.747615 -0.099766 1.485744
v 1.721733 -0.096359 1.485744
v 1.697615 -0.086369 1.485744
v 1.676905 -0.070477 1.485744
v 1.661013 -0.049766 1.485744
v 1.651023 -0.025648 1.485744
v 1.647615 0.000234 1.485744
v 1.651023 0.026116 1.485744
v 1.661013 0.050234 1.485744
v 1.676905 0.070944 1.485744
v 1.697615 0.086836 1.485744
v 1.721733 0.096826 1.485744
v 1.747615 0.100234 1.485744
v 1.773497 0.096826 1.485744
v 1.797615 0.086836 1.485744
v 1.818326 0.070944 1.485744
v 1.834218 0.050234 1.485744
v 1.844208 0.026116 1.485744
v 1.847615 0.000234 1.485744
v 1.844208 -0.025648 1.485744
v 1.834218 -0.049766 1.485744
v 1.818326 -0.070477 1.485744
v 1.797615 -0.086369 1.485744
v 1.773497 -0.096359 1.485744
v 0.147615 -0.099766 1.685744
v 0.173497 -0.096359 1.685744
v 0.197615 -0.086369 1.685744
v 0.218326 -0.070477 1.685744
v 0.234218 -0.049766 1.685744
v 0.244208 -0.025648 1.685744
v 0.247615 0.000234 1.685744
v 0.244208 0.026116 1.685744
v 0.234218 0.050234 1.685744
v 0.218326 0.070944 1.685744
v 0.197615 0.086836 1.685744
v 0.173497 0.096826 1.685744
v 0.147615 0.100234 1.685744
v 0.121733 0.096826 1.685744
v 0.097615 0.086836 1.685744
v 0.076905 0.070944 1.685744
v 0.061013 0.050234 1.685744
v 0.051023 0.026116 1.685744
v 0.047615 0.000234 1.685744
v 0.051023 -0.025648 1.685744
v 0.061013 -0.049766 1.685744
v 0.076905 -0.070477 1.685744
v 0.097615 -0.086369 1.685744
v 0.121733 -0.096359 1.685744
v 0.147615 -0.099766 1.485744
v 0.121733 -0.096359 1.485744
v 0.097615 -0.086369 1.485744
v 0.076905 -0.070477 1.485744
v 0.061013 -0.049766 1.485744
v 0.051023 -0.025648 1.485744
v 0.047615 0.000234 1.485744
v 0.051023 0.026116 1.485744
v 0.061013 0.050234 1.485744
v 0.076905 0.070944 1.485744
v 0.097615 0.086836 1.485744
v 0.121733 0.096826 1.485744
v 0.147615 0.100234 1.485744
v 0.173497 0.096826 1.485744
v 0.197615 0.086836 1.485744
v 0.218326 0.070944 1.485744
v 0.234218 0.050234 1.485744
v 0.244208 0.026116 1.485744
v 0.247615 0.000234 1.485744
v 0.244208 -0.025648 1.485744
v 0.234218 -0.049766 1.485744
v 0.218326 -0.070477 1.485744
v 0.197615 -0.086369 1.485744
v 0.173497 -0.096359 1.485744
v 0.947615 -0.899766 1.685744
v 0.973497 -0.896358 1.685744
v 0.997615 -0.886369 1.685744
v 1.018326 -0.870477 1.685744
v 1.034218 -0.849766 1.685744
v 1.044208 -0.825648 1.685744
v 1.047615 -0.799766 1.685744
v 1.044208 -0.773884 1.685744
v 1.034218 -0.749766 1.685744
v 1.018326 -0.729056 1.685744
v 0.997615 -0.713164 1.685744
v 0.973497 -0.703174 1.685744
v 0.947615 -0.699766 1.685744
v 0.921733 -0.703174 1.685744
v 0.897615 -0.713164 1.685744
v 0.876905 -0.729056 1.685744
v 0.861013 -0.749766 1.685744
v 0.851023 -0.773884 1.685744
v 0.847615 -0.799766 1.685744
v 0.851023 -0.825648 1.685744
v 0.861013 -0.849766 1.685744
v 0.876905 -0.870477 1.685744
v 0.897615 -0.886369 1.685744
v 0.921733 -0.896358 1.685744
v 0.947615 -0.899766 1.485744
v 0.921733 -0.896358 1.485744
v 0.897615 -0.886369 1.485744
v 0.876905 -0.870477 1.485744
v 0.861013 -0.849766 1.485744
v 0.851023 -0.825648 1.485744
v 0.847615 -0.799766 1.485744
v 0.851023 -0.773884 1.485744
v 0.861013 -0.749766 1.485744
v 0.876905 -0.729056 1.485744
v 0.897615 -0.713164 1.485744
v 0.921733 -0.703174 1.485744
v 0.947615 -0.699766 1.485744
v 0.973497 -0.703174 1.485744
v 0.997615 -0.713164 1.485744
v 1.018326 -0.729056 1.485744
v 1.034218 -0.749766 1.485744
v 1.044208 -0.773884 1.485744
v 1.047615 -0.799766 1.485744
v 1.044208 -0.825648 1.485744
v 1.034218 -0.849766 1.485744
v 1.018326 -0.870477 1.485744
v 0.997615 -0.886369 1.485744
v 0.973497 -0.896358 1.485744
v 0.947615 -0.399766 1.985744
v 0.844088 -0.386137 1.985744
v 0.747615 -0.346176 1.985744
v 0.664773 -0.282609 1.985744
v 0.601205 -0.199766 1.985744
v 0.561245 -0.103294 1.985744
v 0.547615 0.000234 1.985744
v 0.561245 0.103761 1.985744
v 0.601205 0.200234 1.985744
v 0.664773 0.283076 1.985744
v 0.747615 0.346644 1.985744
v 0.844088 0.386604 1.985744
v 0.947615 0.400234 1.985744
v 1.051143 0.386604 1.985744
v 1.147615 0.346644 1.985744
v 1.230458 0.283076 1.985744
v 1.294025 0.200234 1.985744
v 1.333986 0.103761 1.985744
v 1.347615 0.000234 1.985744
v 1.333986 -0.103294 1.985744
v 1.294025 -0.199766 1.985744
v 1.230458 -0.282609 1.985744
v 1.147615 -0.346176 1.985744
v 1.051143 -0.386137 1.985744
v 0.947615 -0.399766 1.685744
v 1.051143 -0.386137 1.685744
v 1.147615 -0.346176 1.685744
v 1.230458 -0.282609 1.685744
v 1.294025 -0.199766 1.685744
v 1.333986 -0.103294 1.685744
v 1.347615 0.000234 1.685744
v 1.333986 0.103761 1.685744
v 1.294025 0.200234 1.685744
v 1.230458 0.283076 1.685744
v 1.147615 0.346644 1.685744
v 1.051143 0.386604 1.685744
v 0.947615 0.400234 1.685744
v 0.844088 0.386604 1.685744
v 0.747615 0.346644 1.685744
v 0.664773 0.283076 1.685744
v 0.601205 0.200234 1.685744
v 0.561245 0.103761 1.685744
v 0.547615 0.000234 1.685744
v 0.561245 -0.103294 1.685744
v 0.601205 -0.199766 1.685744
v 0.664773 -0.282609 1.685744
v 0.747615 -0.346176 1.685744
v 0.844088 -0.386137 1.685744
v 0.947615 -1.024766 1.685744
v 0.719531 -0.999067 1.685744
v 0.502884 -0.923259 1.685744
v 0.308538 -0.801144 1.685744
v 0.146238 -0.638843 1.685744
v 0.024122 -0.444497 1.685744
v -0.051686 -0.227850 1.685744
v -0.077385 0.000234 1.685744
v -0.051686 0.228318 1.685744
v 0.024122 0.444965 1.685744
v 0.146238 0.639311 1.685744
v 0.308538 0.801611 1.685744
v 0.502884 0.923727 1.685744
v 0.719531 0.999535 1.685744
v 0.947615 1.025234 1.685744
v 1.175699 0.999535 1.685744
v 1.392346 0.923727 1.685744
v 1.586692 0.801611 1.685744
v 1.748993 0.639311 1.685744
v 1.871108 0.444965 1.685744
v 1.946916 0.228318 1.685744
v 1.972615 0.000234 1.685744
v 1.946916 -0.227850 1.685744
v 1.871108 -0.444497 1.685744
v 1.748993 -0.638843 1.685744
v 1.586692 -0.801144 1.685744
v 1.392346 -0.923259 1.685744
v 1.175699 -0.999067 1.685744
v 0.947615 -1.024766 1.485744
v 1.175699 -0.999067 1.485744
v 1.392346 -0.923259 1.485744
v 1.586692 -0.801144 1.485744
v 1.748993 -0.638843 1.485744
v 1.871108 -0.444497 1.485744
v 1.946916 -0.227850 1.485744
v 1.972615 0.000234 1.485744
v 1.946916 0.228318 1.485744
v 1.871108 0.444965 1.485744
v 1.748993 0.639311 1.485744
v 1.586692 0.801611 1.485744
v 1.392346 0.923727 1.485744
v 1.175699 0.999535 1.485744
v 0.947615 1.025234 1.485744
v 0.719531 0.999535 1.485744
v 0.502884 0.923727 1.485744
v 0.308538 0.801611 1.485744
v 0.146238 0.639311 1.485744
v 0.024122 0.444965 1.485744
v -0.051686 0.228318 1.485744
v -0.077385 0.000234 1.485744
v -0.051686 -0.227850 1.485744
v 0.024122 -0.444497 1.485744
v 0.146238 -0.638843 1.485744
v 0.308538 -0.801144 1.485744
v 0.502884 -0.923259 1.485744
v 0.719531 -0.999067 1.485744
v -2.277385 -0.999766 -1.414256
v -2.303267 -1.003174 -1.414256
v -2.327385 -1.013164 -1.414256
v -2.348095 -1.029056 -1.414256
v -2.363987 -1.049766 -1.414256
v -2.373977 -1.073884 -1.414256
v -2.377385 -1.099766 -1.414256
v -2.373977 -1.125648 -1.414256
v -2.363987 -1.149766 -1.414256
v -2.348095 -1.170477 -1.414256
v -2.327385 -1.186369 -1.414256
v -2.303267 -1.196359 -1.414256
v -2.277385 -1.199766 -1.414256
v -2.251503 -1.196359 -1.414256
v -2.227385 -1.186369 -1.414256
v -2.206674 -1.170477 -1.414256
v -2.190782 -1.149766 -1.414256
v -2.180792 -1.125648 -1.414256
v -2.177385 -1.099766 -1.414256
v -2.180792 -1.073884 -1.414256
v -2.190782 -1.049766 -1.414256
v -2.206674 -1.029056 -1.414256
v -2.227385 -1.013164 -1.414256
v -2.251503 -1.003174 -1.414256
v -2.277385 -0.999766 -1.914256
v -2.251503 -1.003174 -1.914256
v -2.227385 -1.013164 -1.914256
v -2.206674 -1.029056 -1.914256
v -2.190782 -1.049766 -1.914256
v -2.180792 -1.073884 -1.914256
v -2.177385 -1.099766 -1.914256
v -2.180792 -1.125648 -1.914256
v -2.190782 -1.149766 -1.914256
v -2.206674 -1.170477 -1.914256
v -2.227385 -1.186369 -1.914256
v -2.251503 -1.196359 -1.914256
v -2.277385 -1.199766 -1.914256
v -2.303267 -1.196359 -1.914256
v -2.327385 -1.186369 -1.914256
v -2.348095 -1.170477 -1.914256
v -2.363987 -1.149766 -1.914256
v -2.373977 -1.125648 -1.914256
v -2.377385 -1.099766 -1.914256
v -2.373977 -1.073884 -1.914256
v -2.363987 -1.049766 -1.914256
v -2.348095 -1.029056 -1.914256
v -2.327385 -1.013164 -1.914256
v -2.303267 -1.003174 -1.914256
v 1.722615 -0.999766 -1.414256
v 1.696733 -1.003174 -1.414256
v 1.672615 -1.013164 -1.414256
v 1.651905 -1.029056 -1.414256
v 1.636013 -1.049766 -1.414256
v 1.626023 -1.073884 -1.414256
v 1.622615 -1.099766 -1.414256
v 1.626023 -1.125648 -1.414256
v 1.636013 -1.149766 -1.414256
v 1.651905 -1.170477 -1.414256
v 1.672615 -1.186369 -1.414256
v 1.696733 -1.196359 -1.414256
v 1.722615 -1.199766 -1.414256
v 1.748497 -1.196359 -1.414256
v 1.772615 -1.186369 -1.414256
v 1.793326 -1.170477 -1.414256
v 1.809218 -1.149766 -1.414256
v 1.819208 -1.125648 -1.414256
v 1.822615 -1.099766 -1.414256
v 1.819208 -1.073884 -1.414256
v 1.809218 -1.049766 -1.414256
v 1.793326 -1.029056 -1.414256
v 1.772615 -1.013164 -1.414256
v 1.748497 -1.003174 -1.414256
v -2.277385 1.200234 -1.414256
v -2.303267 1.196826 -1.414256
v -2.327385 1.186836 -1.414256
v -2.348095 1.170944 -1.414256
v -2.363987 1.150234 -1.414256
v -2.373977 1.126116 -1.414256
v -2.377385 1.100234 -1.414256
v -2.373977 1.074352 -1.414256
v -2.363987 1.050234 -1.414256
v -2.348095 1.029523 -1.414256
v -2.327385 1.013631 -1.414256
v -2.303267 1.003641 -1.414256
v -2.277385 1.000234 -1.414256
v -2.251503 1.003641 -1.414256
v -2.227385 1.013631 -1.414256
v -2.206674 1.029523 -1.414256
v -2.190782 1.050234 -1.414256
v -2.180792 1.074352 -1.414256
v -2.177385 1.100234 -1.414256
v -2.180792 1.126116 -1.414256
v -2.190782 1.150234 -1.414256
v -2.206674 1.170944 -1.414256
v -2.227385 1.186836 -1.414256
v -2.251503 1.196826 -1.414256
v -2.277385 1.200234 -1.914256
v -2.251503 1.196826 -1.914256
v -2.227385 1.186836 -1.914256
v -2.206674 1.170944 -1.914256
v -2.190782 1.150234 -1.914256
v -2.180792 1.126116 -1.914256
v -2.177385 1.100234 -1.914256
v -2.180792 1.074352 -1.914256
v -2.190782 1.050234 -1.914256
v -2.206674 1.029523 -1.914256
v -2.227385 1.013631 -1.914256
v -2.251503 1.003641 -1.914256
v -2.277385 1.000234 -1.914256
v -2.303267 1.003641 -1.914256
v -2.327385 1.013631 -1.914256
v -2.348095 1.029523 -1.914256
v -2.363987 1.050234 -1.914256
v -2.373977 1.074352 -1.914256
v -2.377385 1.100234 -1.914256
v -2.373977 1.126116 -1.914256
v -2.363987 1.150234 -1.914256
v -2.348095 1.170944 -1.914256
v -2.327385 1.186836 -1.914256
v -2.303267 1.196826 -1.914256
v 1.722615 1.200234 -1.414256
v 1.696733 1.196826 -1.414256
v 1.672615 1.186836 -1.414256
v 1.651905 1.170944 -1.414256
v 1.636013 1.150234 -1.414256
v 1.626023 1.126116 -1.414256
v 1.622615 1.100234 -1.414256
v 1.626023 1.074352 -1.414256
v 1.636013 1.050234 -1.414256
v 1.651905 1.029523 -1.414256
v 1.672615 1.013631 -1.414256
v 1.696733 1.003641 -1.414256
v 1.722615 1.000234 -1.414256
v 1.748497 1.003641 -1.414256
v 1.772615 1.013631 -1.414256
v 1.793326 1.029523 -1.414256
v 1.809218 1.050234 -1.414256
v 1.819208 1.074352 -1.414256
v 1.822615 1.100234 -1.414256
v 1.819208 1.126116 -1.414256
v 1.809218 1.150234 -1.414256
v 1.793326 1.170944 -1.414256
v 1.772615 1.186836 -1.414256
v 1.748497 1.196826 -1.414256
v 1.722615 1.000234 0.985744
v 1.696733 1.003641 0.985744
v 1.672615 1.013631 0.985744
v 1.651905 1.029523 0.985744
v 1.636013 1.050234 0.985744
v 1.626023 1.074352 0.985744
v 1.622615 1.100234 0.985744
v 1.626023 1.126116 0.985744
v 1.636013 1.150234 0.985744
v 1.651905 1.170944 0.985744
v 1.672615 1.186836 0.985744
v 1.696733 1.196826 0.985744
v 1.722615 1.200234 0.985744
v 1.748497 1.196826 0.985744
v 1.772615 1.186836 0.985744
v 1.793326 1.170944 0.985744
v 1.809218 1.150234 0.985744
v 1.819208 1.126116 0.985744
v 1.822615 1.100234 0.985744
v 1.819208 1.074352 0.985744
v 1.809218 1.050234 0.985744
v 1.793326 1.029523 0.985744
v 1.772615 1.013631 0.985744
v 1.748497 1.003641 0.985744
v 1.722615 1.000234 1.485744
v 1.748497 1.003641 1.485744
v 1.772615 1.013631 1.485744
v 1.793326 1.029523 1.485744
v 1.809218 1.050234 1.485744
v 1.819208 1.074352 1.485744
v 1.822615 1.100234 1.485744
v 1.819208 1.126116 1.485744
v 1.809218 1.150234 1.485744
v 1.793326 1.170944 1.485744
v 1.772615 1.186836 1.485744
v 1.748497 1.196826 1.485744
v 1.722615 1.200234 1.485744
v 1.696733 1.196826 1.485744
v 1.672615 1.186836 1.485744
v 1.651905 1.170944 1.485744
v 1.636013 1.150234 1.485744
v 1.626023 1.126116 1.485744
v 1.622615 1.100234 1.485744
v 1.626023 1.074352 1.485744
v 1.636013 1.050234 1.485744
v 1.651905 1.029523 1.485744
v 1.672615 1.013631 1.485744
v 1.696733 1.003641 1.485744
v -2.277385 -1.199766 0.985744
v -2.303267 -1.196359 0.985744
v -2.327385 -1.186369 0.985744
v -2.348095 -1.170477 0.985744
v -2.363987 -1.149766 0.985744
v -2.373977 -1.125648 0.985744
v -2.377385 -1.099766 0.985744
v -2.373977 -1.073884 0.985744
v -2.363987 -1.049766 0.985744
v -2.348095 -1.029056 0.985744
v -2.327385 -1.013164 0.985744
v -2.303267 -1.003174 0.985744
v -2.277385 -0.999766 0.985744
v -2.251503 -1.003174 0.985744
v -2.227385 -1.013164 0.985744
v -2.206674 -1.029056 0.985744
v -2.190782 -1.049766 0.985744
v -2.180792 -1.073884 0.985744
v -2.177385 -1.099766 0.985744
v -2.180792 -1.125648 0.985744
v -2.190782 -1.149766 0.985744
v -2.206674 -1.170477 0.985744
v -2.227385 -1.186369 0.985744
v -2.251503 -1.196359 0.985744
v -2.277385 -1.199766 1.485744
v -2.251503 -1.196359 1.485744
v -2.227385 -1.186369 1.485744
v -2.206674 -1.170477 1.485744
v -2.190782 -1.149766 1.485744
v -2.180792 -1.125648 1.485744
v -2.177385 -1.099766 1.485744
v -2.180792 -1.073884 1.485744
v -2.190782 -1.049766 1.485744
v -2.206674 -1.029056 1.485744
v -2.227385 -1.013164 1.485744
v -2.251503 -1.003174 1.485744
v -2.277385 -0.999766 1.485744
v -2.303267 -1.003174 1.485744
v -2.327385 -1.013164 1.485744
v -2.348095 -1.029056 1.485744
v -2.363987 -1.049766 1.485744
v -2.373977 -1.073884 1.485744
v -2.377385 -1.099766 1.485744
v -2.373977 -1.125648 1.485744
v -2.363987 -1.149766 1.485744
v -2.348095 -1.170477 1.485744
v -2.327385 -1.186369 1.485744
v -2.303267 -1.196359 1.485744
v 0.122615 1.000234 0.985744
v 0.096733 1.003641 0.985744
v 0.072615 1.013631 0.985744
v 0.051905 1.029523 0.985744
v 0.036013 1.050234 0.985744
v 0.026023 1.074352 0.985744
v 0.022615 1.100234 0.985744
v 0.026023 1.126116 0.985744
v 0.036013 1.150234 0.985744
v 0.051905 1.170944 0.985744
v 0.072615 1.186836 0.985744
v 0.096733 1.196826 0.985744
v 0.122615 1.200234 0.985744
v 0.148497 1.196826 0.985744
v 0.172615 1.186836 0.985744
v 0.193326 1.170944 0.985744
v 0.209218 1.150234 0.985744
v 0.219208 1.126116 0.985744
v 0.222615 1.100234 0.985744
v 0.219208 1.074352 0.985744
v 0.209218 1.050234 0.985744
v 0.193326 1.029523 0.985744
v 0.172615 1.013631 0.985744
v 0.148497 1.003641 0.985744
v 0.122615 1.000234 1.485744
v 0.148497 1.003641 1.485744
v 0.172615 1.013631 1.485744
v 0.193326 1.029523 1.485744
v 0.209218 1.050234 1.485744
v 0.219208 1.074352 1.485744
v 0.222615 1.100234 1.485744
v 0.219208 1.126116 1.485744
v 0.209218 1.150234 1.485744
v 0.193326 1.170944 1.485744
v 0.172615 1.186836 1.485744
v 0.148497 1.196826 1.485744
v 0.122615 1.200234 1.485744
v 0.096733 1.196826 1.485744
v 0.072615 1.186836 1.485744
v 0.051905 1.170944 1.485744
v 0.036013 1.150234 1.485744
v 0.026023 1.126116 1.485744
v 0.022615 1.100234 1.485744
v 0.026023 1.074352 1.485744
v 0.036013 1.050234 1.485744
v 0.051905 1.029523 1.485744
v 0.072615 1.013631 1.485744
v 0.096733 1.003641 1.485744
v 1.722615 -1.199766 0.985744
v 1.696733 -1.196359 0.985744
v 1.672615 -1.186369 0.985744
v 1.651905 -1.170477 0.985744
v 1.636013 -1.149766 0.985744
v 1.626023 -1.125648 0.985744
v 1.622615 -1.099766 0.985744
v 1.626023 -1.073884 0.985744
v 1.636013 -1.049766 0.985744
v 1.651905 -1.029056 0.985744
v 1.672615 -1.013164 0.985744
v 1.696733 -1.003174 0.985744
v 1.722615 -0.999766 0.985744
v 1.748497 -1.003174 0.985744
v 1.772615 -1.013164 0.985744
v 1.793326 -1.029056 0.985744
v 1.809218 -1.049766 0.985744
v 1.819208 -1.073884 0.985744
v 1.822615 -1.099766 0.985744
v 1.819208 -1.125648 0.985744
v 1.809218 -1.149766 0.985744
v 1.793326 -1.170477 0.985744
v 1.772615 -1.186369 0.985744
v 1.748497 -1.196359 0.985744
v 1.722615 -1.199766 1.485744
v 1.748497 -1.196359 1.485744
v 1.772615 -1.186369 1.485744
v 1.793326 -1.170477 1.485744
v 1.809218 -1.149766 1.485744
v 1.819208 -1.125648 1.485744
v 1.822615 -1.099766 1.485744
v 1.819208 -1.073884 1.485744
v 1.809218 -1.049766 1.485744
v 1.793326 -1.029056 1.485744
v 1.772615 -1.013164 1.485744
v 1.748497 -1.003174 1.485744
v 1.722615 -0.999766 1.485744
v 1.696733 -1.003174 1.485744
v 1.672615 -1.013164 1.485744
v 1.651905 -1.029056 1.485744
v 1.636013 -1.049766 1.485744
v 1.626023 -1.073884 1.485744
v 1.622615 -1.099766 1.485744
v 1.626023 -1.125648 1.485744
v 1.636013 -1.149766 1.485744
v 1.651905 -1.170477 1.485744
v 1.672615 -1.186369 1.485744
v 1.696733 -1.196359 1.485744
v 0.122615 -1.199766 0.985744
v 0.096733 -1.196359 0.985744
v 0.072615 -1.186369 0.985744
v 0.051905 -1.170477 0.985744
v 0.036013 -1.149766 0.985744
v 0.026023 -1.125648 0.985744
v 0.022615 -1.099766 0.985744
v 0.026023 -1.073884 0.985744
v 0.036013 -1.049766 0.985744
v 0.051905 -1.029056 0.985744
v 0.072615 -1.013164 0.985744
v 0.096733 -1.003174 0.985744
v 0.122615 -0.999766 0.985744
v 0.148497 -1.003174 0.985744
v 0.172615 -1.013164 0.985744
v 0.193326 -1.029056 0.985744
v 0.209218 -1.049766 0.985744
v 0.219208 -1.073884 0.985744
v 0.222615 -1.099766 0.985744
v 0.219208 -1.125648 0.985744
v 0.209218 -1.149766 0.985744
v 0.193326 -1.170477 0.985744
v 0.172615 -1.186369 0.985744
v 0.148497 -1.196359 0.985744
v 0.122615 -1.199766 1.485744
v 0.148497 -1.196359 1.485744
v 0.172615 -1.186369 1.485744
v 0.193326 -1.170477 1.485744
v 0.209218 -1.149766 1.485744
v 0.219208 -1.125648 1.485744
v 0.222615 -1.099766 1.485744
v 0.219208 -1.073884 1.485744
v 0.209218 -1.049766 1.485744
v 0.193326 -1.029056 1.485744
v 0.172615 -1.013164 1.485744
v 0.148497 -1.003174 1.485744
v 0.122615 -0.999766 1.485744
v 0.096733 -1.003174 1.485744
v 0.072615 -1.013164 1.485744
v 0.051905 -1.029056 1.485744
v 0.036013 -1.049766 1.485744
v 0.026023 -1.073884 1.485744
v 0.022615 -1.099766 1.485744
v 0.026023 -1.125648 1.485744
v 0.036013 -1.149766 1.485744
v 0.051905 -1.170477 1.485744
v 0.072615 -1.186369 1.485744
v 0.096733 -1.196359 1.485744
v -2.277385 1.000234 0.985744
v -2.303267 1.003641 0.985744
v -2.327385 1.013631 0.985744
v -2.348095 1.029523 0.985744
v -2.363987 1.050234 0.985744
v -2.373977 1.074352 0.985744
v -2.377385 1.100234 0.985744
v -2.373977 1.126116 0.985744
v -2.363987 1.150234 0.985744
v -2.348095 1.170944 0.985744
v -2.327385 1.186836 0.985744
v -2.303267 1.196826 0.985744
v -2.277385 1.200234 0.985744
v -2.251503 1.196826 0.985744
v -2.227385 1.186836 0.985744
v -2.206674 1.170944 0.985744
v -2.190782 1.150234 0.985744
v -2.180792 1.126116 0.985744
v -2.177385 1.100234 0.985744
v -2.180792 1.074352 0.985744
v -2.190782 1.050234 0.985744
v -2.206674 1.029523 0.985744
v -2.227385 1.013631 0.985744
v -2.251503 1.003641 0.985744
v -2.277385 1.000234 1.485744
v -2.251503 1.003641 1.485744
v -2.227385 1.013631 1.485744
v -2.206674 1.029523 1.485744
v -2.190782 1.050234 1.485744
v -2.180792 1.074352 1.485744
v -2.177385 1.100234 1.485744
v -2.180792 1.126116 1.485744
v -2.190782 1.150234 1.485744
v -2.206674 1.170944 1.485744
v -2.227385 1.186836 1.485744
v -2.251503 1.196826 1.485744
v -2.277385 1.200234 1.485744
v -2.303267 1.196826 1.485744
v -2.327385 1.186836 1.485744
v -2.348095 1.170944 1.485744
v -2.363987 1.150234 1.485744
v -2.373977 1.126116 1.485744
v -2.377385 1.100234 1.485744
v -2.373977 1.074352 1.485744
v -2.363987 1.050234 1.485744
v -2.348095 1.029523 1.485744
v -2.327385 1.013631 1.485744
v -2.303267 1.003641 1.485744
v 1.572615 -0.899766 0.385744
v 1.572615 -0.896358 0.411626
v 1.572615 -0.886369 0.435744
v 1.572615 -0.870477 0.456454
v 1.572615 -0.849766 0.472346
v 1.572615 -0.825648 0.482336
v 1.572615 -0.799766 0.485744
v 1.572615 -0.773884 0.482336
v 1.572615 -0.749766 0.472346
v 1.572615 -0.729056 0.456454
v 1.572615 -0.713164 0.435744
v 1.572615 -0.703174 0.411626
v 1.572615 -0.699766 0.385744
v 1.572615 -0.703174 0.359862
v 1.572615 -0.713164 0.335744
v 1.572615 -0.729056 0.315033
v 1.572615 -0.749766 0.299141
v 1.572615 -0.773884 0.289151
v 1.572615 -0.799766 0.285744
v 1.572615 -0.825648 0.289151
v 1.572615 -0.849766 0.299141
v 1.572615 -0.870477 0.315033
v 1.572615 -0.886369 0.335744
v 1.572615 -0.896358 0.359862
v 2.072615 -0.899766 0.385744
v 2.072615 -0.896358 0.359862
v 2.072615 -0.886369 0.335744
v 2.072615 -0.870477 0.315033
v 2.072615 -0.849766 0.299141
v 2.072615 -0.825648 0.289151
v 2.072615 -0.799766 0.285744
v 2.072615 -0.773884 0.289151
v 2.072615 -0.749766 0.299141
v 2.072615 -0.729056 0.315033
v 2.072615 -0.713164 0.335744
v 2.072615 -0.703174 0.359862
v 2.072615 -0.699766 0.385744
v 2.072615 -0.703174 0.411626
v 2.072615 -0.713164 0.435744
v 2.072615 -0.729056 0.456454
v 2.072615 -0.749766 0.472346
v 2.072615 -0.773884 0.482336
v 2.072615 -0.799766 0.485744
v 2.072615 -0.825648 0.482336
v 2.072615 -0.849766 0.472346
v 2.072615 -0.870477 0.456454
v 2.072615 -0.886369 0.435744
v 2.072615 -0.896358 0.411626
v 1.572615 0.700234 0.385744
v 1.572615 0.703641 0.411626
v 1.572615 0.713631 0.435744
v 1.572615 0.729523 0.456454
v 1.572615 0.750234 0.472346
v 1.572615 0.774352 0.482336
v 1.572615 0.800234 0.485744
v 1.572615 0.826116 0.482336
v 1.572615 0.850234 0.472346
v 1.572615 0.870944 0.456454
v 1.572615 0.886836 0.435744
v 1.572615 0.896826 0.411626
v 1.572615 0.900234 0.385744
v 1.572615 0.896826 0.359862
v 1.572615 0.886836 0.335744
v 1.572615 0.870944 0.315033
v 1.572615 0.850234 0.299141
v 1.572615 0.826116 0.289151
v 1.572615 0.800234 0.285744
v 1.572615 0.774352 0.289151
v 1.572615 0.750234 0.299141
v 1.572615 0.729523 0.315033
v 1.572615 0.713631 0.335744
v 1.572615 0.703641 0.359862
v 2.072615 0.700234 0.385744
v 2.072615 0.703641 0.359862
v 2.072615 0.713631 0.335744
v 2.072615 0.729523 0.315033
v 2.072615 0.750234 0.299141
v 2.072615 0.774352 0.289151
v 2.072615 0.800234 0.285744
v 2.072615 0.826116 0.289151
v 2.072615 0.850234 0.299141
v 2.072615 0.870944 0.315033
v 2.072615 0.886836 0.335744
v 2.072615 0.896826 0.359862
v 2.072615 0.900234 0.385744
v 2.072615 0.896826 0.411626
v 2.072615 0.886836 0.435744
v 2.072615 0.870944 0.456454
v 2.072615 0.850234 0.472346
v 2.072615 0.826116 0.482336
v 2.072615 0.800234 0.485744
v 2.072615 0.774352 0.482336
v 2.072615 0.750234 0.472346
v 2.072615 0.729523 0.456454
v 2.072615 0.713631 0.435744
v 2.072615 0.703641 0.411626
v -2.377385 -0.699766 -0.814256
v -2.377385 -0.703174 -0.788374
v -2.377385 -0.713164 -0.764256
v -2.377385 -0.729056 -0.743546
v -2.377385 -0.749766 -0.727654
v -2.377385 -0.773884 -0.717664
v -2.377385 -0.799766 -0.714256
v -2.377385 -0.825648 -0.717664
v -2.377385 -0.849766 -0.727654
v -2.377385 -0.870477 -0.743546
v -2.377385 -0.886369 -0.764256
v -2.377385 -0.896358 -0.788374
v -2.377385 -0.899766 -0.814256
v -2.377385 -0.896358 -0.840138
v -2.377385 -0.886369 -0.864256
v -2.377385 -0.870477 -0.884967
v -2.377385 -0.849766 -0.900859
v -2.377385 -0.825648 -0.910849
v -2.377385 -0.799766 -0.914256
v -2.377385 -0.773884 -0.910849
v -2.377385 -0.749766 -0.900859
v -2.377385 -0.729056 -0.884967
v -2.377385 -0.713164 -0.864256
v -2.377385 -0.703174 -0.840138
v -2.577385 -0.699766 -0.814256
v -2.577385 -0.703174 -0.840138
v -2.577385 -0.713164 -0.864256
v -2.577385 -0.729056 -0.884967
v -2.577385 -0.749766 -0.900859
v -2.577385 -0.773884 -0.910849
v -2.577385 -0.799766 -0.914256
v -2.577385 -0.825648 -0.910849
v -2.577385 -0.849766 -0.900859
v -2.577385 -0.870477 -0.884967
v -2.577385 -0.886369 -0.864256
v -2.577385 -0.896358 -0.840138
v -2.577385 -0.899766 -0.814256
v -2.577385 -0.896358 -0.788374
v -2.577385 -0.886369 -0.764256
v -2.577385 -0.870477 -0.743546
v -2.577385 -0.849766 -0.727654
v -2.577385 -0.825648 -0.717664
v -2.577385 -0.799766 -0.714256
v -2.577385 -0.773884 -0.717664
v -2.577385 -0.749766 -0.727654
v -2.577385 -0.729056 -0.743546
v -2.577385 -0.713164 -0.764256
v -2.577385 -0.703174 -0.788374
v -2.377385 0.900234 -0.814256
v -2.377385 0.896826 -0.788374
v -2.377385 0.886836 -0.764256
v -2.377385 0.870944 -0.743546
v -2.377385 0.850234 -0.727654
v -2.377385 0.826116 -0.717664
v -2.377385 0.800234 -0.714256
v -2.377385 0.774352 -0.717664
v -2.377385 0.750234 -0.727654
v -2.377385 0.729523 -0.743546
v -2.377385 0.713631 -0.764256
v -2.377385 0.703641 -0.788374
v -2.377385 0.700234 -0.814256
v -2.377385 0.703641 -0.840138
v -2.377385 0.713631 -0.864256
v -2.377385 0.729523 -0.884967
v -2.377385 0.750234 -0.900859
v -2.377385 0.774352 -0.910849
v -2.377385 0.800234 -0.914256
v -2.377385 0.826116 -0.910849
v -2.377385 0.850234 -0.900859
v -2.377385 0.870944 -0.884967
v -2.377385 0.886836 -0.864256
v -2.377385 0.896826 -0.840138
v -2.577385 0.900234 -0.814256
v -2.577385 0.896826 -0.840138
v -2.577385 0.886836 -0.864256
v -2.577385 0.870944 -0.884967
v -2.577385 0.850234 -0.900859
v -2.577385 0.826116 -0.910849
v -2.577385 0.800234 -0.914256
v -2.577385 0.774352 -0.910849
v -2.577385 0.750234 -0.900859
v -2.577385 0.729523 -0.884967
v -2.577385 0.713631 -0.864256
v -2.577385 0.703641 -0.840138
v -2.577385 0.700234 -0.814256
v -2.577385 0.703641 -0.788374
v -2.577385 0.713631 -0.764256
v -2.577385 0.729523 -0.743546
v -2.577385 0.750234 -0.727654
v -2.577385 0.774352 -0.717664
v -2.577385 0.800234 -0.714256
v -2.577385 0.826116 -0.717664
v -2.577385 0.850234 -0.727654
v -2.577385 0.870944 -0.743546
v -2.577385 0.886836 -0.764256
v -2.577385 0.896826 -0.788374
v -2.377385 -0.699766 0.385744
v -2.377385 -0.703174 0.411626
v -2.377385 -0.713164 0.435744
v -2.377385 -0.729056 0.456454
v -2.377385 -0.749766 0.472346
v -2.377385 -0.773884 0.482336
v -2.377385 -0.799766 0.485744
v -2.377385 -0.825648 0.482336
v -2.377385 -0.849766 0.472346
v -2.377385 -0.870477 0.456454
v -2.377385 -0.886369 0.435744
v -2.377385 -0.896358 0.411626
v -2.377385 -0.899766 0.385744
v -2.377385 -0.896358 0.359862
v -2.377385 -0.886369 0.335744
v -2.377385 -0.870477 0.315033
v -2.377385 -0.849766 0.299141
v -2.377385 -0.825648 0.289151
v -2.377385 -0.799766 0.285744
v -2.377385 -0.773884 0.289151
v -2.377385 -0.749766 0.299141
v -2.377385 -0.729056 0.315033
v -2.377385 -0.713164 0.335744
v -2.377385 -0.703174 0.359862
v -2.577385 -0.699766 0.385744
v -2.577385 -0.703174 0.359862
v -2.577385 -0.713164 0.335744
v -2.577385 -0.729056 0.315033
v -2.577385 -0.749766 0.299141
v -2.577385 -0.773884 0.289151
v -2.577385 -0.799766 0.285744
v -2.577385 -0.825648 0.289151
v -2.577385 -0.849766 0.299141
v -2.577385 -0.870477 0.315033
v -2.577385 -0.886369 0.335744
v -2.577385 -0.896358 0.359862
v -2.577385 -0.899766 0.385744
v -2.577385 -0.896358 0.411626
v -2.577385 -0.886369 0.435744
v -2.577385 -0.870477 0.456454
v -2.577385 -0.849766 0.472346
v -2.577385 -0.825648 0.482336
v -2.577385 -0.799766 0.485744
v -2.577385 -0.773884 0.482336
v -2.577385 -0.749766 0.472346
v -2.577385 -0.729056 0.456454
v -2.577385 -0.713164 0.435744
v -2.577385 -0.703174 0.411626
v -2.377385 0.900234 0.385744
v -2.377385 0.896826 0.411626
v -2.377385 0.886836 0.435744
v -2.377385 0.870944 0.456454
v -2.377385 0.850234 0.472346
v -2.377385 0.826116 0.482336
v -2.377385 0.800234 0.485744
v -2.377385 0.774352 0.482336
v -2.377385 0.750234 0.472346
v -2.377385 0.729523 0.456454
v -2.377385 0.713631 0.435744
v -2.377385 0.703641 0.411626
v -2.377385 0.700234 0.385744
v -2.377385 0.703641 0.359862
v -2.377385 0.713631 0.335744
v -2.377385 0.729523 0.315033
v -2.377385 0.750234 0.299141
v -2.377385 0.774352 0.289151
v -2.377385 0.800234 0.285744
v -2.377385 0.826116 0.289151
v -2.377385 0.850234 0.299141
v -2.377385 0.870944 0.315033
v -2.377385 0.886836 0.335744
v -2.377385 0.896826 0.359862
v -2.577385 0.900234 0.385744
v -2.577385 0.896826 0.359862
v -2.577385 0.886836 0.335744
v -2.577385 0.870944 0.315033
v -2.577385 0.850234 0.299141
v -2.577385 0.826116 0.289151
v -2.577385 0.800234 0.285744
v -2.577385 0.774352 0.289151
v -2.577385 0.750234 0.299141
v -2.577385 0.729523 0.315033
v -2.577385 0.713631 0.335744
v -2.577385 0.703641 0.359862
v -2.577385 0.700234 0.385744
v -2.577385 0.703641 0.411626
v -2.577385 0.713631 0.435744
v -2.577385 0.729523 0.456454
v -2.577385 0.750234 0.472346
v -2.577385 0.774352 0.482336
v -2.577385 0.800234 0.485744
v -2.577385 0.826116 0.482336
v -2.577385 0.850234 0.472346
v -2.577385 0.870944 0.456454
v -2.577385 0.886836 0.435744
v -2.577385 0.896826 0.411626
v -2.577385 1.450234 -1.914256
v -2.577385 1.450234 1.485744
v 2.072615 1.450234 1.485744
vn 0.8550 -0.5186 -0.0000
vn 0.7173 -0.6967 -0.0000
vn 0.7172 -0.6969 -0.0000
vn 0.5431 -0.8396 -0.0000
vn 0.5430 -0.8397 -0.0000
vn 0.3414 -0.9399 -0.0000
vn 0.3412 -0.9400 -0.0000
vn 0.1223 -0.9925 -0.0000
vn 0.1221 -0.9925 -0.0000
vn -0.1030 -0.9947 -0.0000
vn -0.1032 -0.9947 -0.0000
vn -0.3230 -0.9464 -0.0000
vn -0.3232 -0.9463 -0.0000
vn -0.5267 -0.8501 -0.0000
vn -0.5268 -0.8500 -0.0000
vn -0.7036 -0.7106 -0.0000
vn -0.7038 -0.7104 -0.0000
vn -0.8448 -0.5350 -0.0000
vn -0.8449 -0.5349 -0.0000
vn -0.9432 -0.3323 -0.0000
vn -0.9432 -0.3321 -0.0000
vn -0.9936 -0.1127 -0.0000
vn -0.9936 -0.1126 -0.0000
vn -0.9936 0.1126 -0.0000
vn -0.9936 0.1127 -0.0000
vn -0.9432 0.3321 -0.0000
vn -0.9432 0.3323 -0.0000
vn -0.8449 0.5349 -0.0000
vn -0.8448 0.5350 -0.0000
vn -0.7038 0.7104 -0.0000
vn -0.7036 0.7106 -0.0000
vn -0.5269 0.8500 -0.0000
vn -0.5267 0.8501 -0.0000
vn -0.3232 0.9463 -0.0000
vn -0.3230 0.9464 -0.0000
vn -0.1032 0.9947 -0.0000
vn -0.1030 0.9947 -0.0000
vn 0.1221 0.9925 -0.0000
vn 0.1223 0.9925 -0.0000
vn 0.3412 0.9400 -0.0000
vn 0.3414 0.9399 -0.0000
vn 0.5430 0.8397 -0.0000
vn 0.5431 0.8396 -0.0000
vn 0.7172 0.6969 -0.0000
vn 0.7173 0.6967 -0.0000
vn 0.8550 0.5186 -0.0000
vn -0.0000 -0.0000 -1.0000
vn -0.0001 -0.0000 -1.0000
vn -0.0000 1.0000 -0.0000
vn 1.0000 -0.0000 -0.0000
vn -0.0000 -1.0000 -0.0000
vn -1.0000 -0.0000 -0.0000
vn -0.0000 -0.0000 1.0000
vn -0.0007 -0.0000 -1.0000
vn 0.0001 -0.0000 -1.0000
vn -0.0002 -0.0000 -1.0000
vn -0.0993 -0.9951 -0.0000
vn -0.1302 -0.9915 -0.0000
vn -0.1652 -0.9863 -0.0000
vn -0.1736 -0.9848 -0.0000
vn -0.2367 -0.9716 -0.0000
vn -0.2422 -0.9702 -0.0000
vn -0.2894 -0.9572 -0.0000
vn -0.3660 -0.9306 -0.0000
vn -0.3661 -0.9306 -0.0000
vn -0.3557 -0.9346 -0.0000
vn -0.4689 -0.8832 -0.0000
vn -0.4690 -0.8832 -0.0000
vn -0.3558 -0.9346 -0.0000
vn -0.5580 -0.8298 -0.0000
vn -0.5581 -0.8298 -0.0000
vn -0.6167 -0.7872 -0.0000
vn -0.6168 -0.7872 -0.0000
vn -0.7386 -0.6741 -0.0000
vn -0.7095 -0.7047 -0.0000
vn -0.7387 -0.6741 -0.0000
vn -0.8096 -0.5869 -0.0000
vn -0.8097 -0.5869 -0.0000
vn -0.8549 -0.5188 -0.0000
vn -0.8549 -0.5187 -0.0000
vn -0.9046 -0.4263 -0.0000
vn -0.8550 -0.5187 -0.0000
vn -0.9585 -0.2852 -0.0000
vn -0.9585 -0.2851 -0.0000
vn -0.9740 -0.2266 -0.0000
vn -0.9740 -0.2265 -0.0000
vn -0.9585 -0.2851 0.0009
vn -0.9896 -0.1438 -0.0000
vn -1.0000 -0.0086 -0.0000
vn -0.9896 -0.1438 0.0002
vn -1.0000 0.0003 -0.0000
vn -1.0000 -0.0084 -0.0000
vn -1.0000 0.0005 -0.0000
vn -0.9803 0.1974 -0.0003
vn -0.9803 0.1975 -0.0000
vn -0.9668 0.2557 -0.0000
vn -0.9667 0.2557 -0.0000
vn -0.9291 0.3698 -0.0000
vn -0.9667 0.2558 -0.0000
vn -0.8977 0.4406 -0.0000
vn -0.9291 0.3699 -0.0000
vn -0.8977 0.4407 -0.0001
vn -0.8642 0.5031 -0.0000
vn -0.8642 0.5032 -0.0000
vn -0.8270 0.5623 -0.0000
vn -0.7370 0.6759 -0.0000
vn -0.8269 0.5623 -0.0000
vn -0.7131 0.7011 -0.0000
vn -0.6357 0.7719 -0.0000
vn -0.7131 0.7010 -0.0000
vn -0.3393 0.9407 -0.0000
vn -0.5572 0.8304 -0.0000
vn -0.5573 0.8303 -0.0000
vn -0.7419 0.6705 -0.0000
vn -0.7420 0.6704 -0.0000
vn -0.8823 0.4706 -0.0000
vn -0.8824 0.4705 -0.0000
vn -0.9701 0.2426 -0.0000
vn -0.9702 0.2424 -0.0000
vn -1.0000 0.0001 -0.0000
vn -0.9702 -0.2424 -0.0000
vn -1.0000 -0.0001 -0.0000
vn -0.9701 -0.2425 -0.0000
vn -0.8824 -0.4705 -0.0000
vn -0.9701 -0.2426 -0.0000
vn -0.8824 -0.4706 -0.0000
vn -0.7420 -0.6704 -0.0000
vn -0.7419 -0.6705 -0.0000
vn -0.5573 -0.8303 -0.0000
vn -0.5571 -0.8304 -0.0000
vn -0.3393 -0.9407 0.0001
vn -0.3393 -0.9407 -0.0000
vn -0.6357 -0.7719 -0.0000
vn -0.7137 -0.7004 -0.0000
vn -0.7370 -0.6759 -0.0000
vn -0.7138 -0.7004 -0.0000
vn -0.8219 -0.5697 -0.0000
vn -0.7371 -0.6758 -0.0000
vn -0.8219 -0.5696 -0.0000
vn -0.8642 -0.5032 -0.0000
vn -0.8642 -0.5031 -0.0000
vn -0.8860 -0.4636 -0.0000
vn -0.8643 -0.5031 -0.0000
vn -0.8861 -0.4635 -0.0000
vn -0.9291 -0.3698 -0.0000
vn -0.8861 -0.4636 -0.0000
vn -0.9513 -0.3082 -0.0000
vn -0.9803 -0.1975 -0.0000
vn -0.9514 -0.3081 -0.0000
vn -0.9959 -0.0910 -0.0000
vn -0.9803 -0.1974 -0.0000
vn -0.9959 -0.0909 -0.0000
vn -1.0000 0.0085 -0.0000
vn -0.9959 -0.0908 -0.0000
vn -0.9856 0.1690 -0.0000
vn -1.0000 0.0086 -0.0000
vn -0.9856 0.1691 -0.0000
vn -0.9740 0.2265 -0.0000
vn -0.9856 0.1692 -0.0000
vn -0.9113 0.4118 -0.0000
vn -0.9740 0.2266 -0.0000
vn -0.9112 0.4119 -0.0000
vn -0.9046 0.4263 -0.0006
vn -0.9046 0.4263 -0.0000
vn -0.9112 0.4119 0.0006
vn -0.8057 0.5923 -0.0000
vn -0.8097 0.5869 0.0003
vn -0.8096 0.5869 -0.0000
vn -0.8056 0.5924 -0.0000
vn -0.7095 0.7048 -0.0003
vn -0.7095 0.7047 -0.0000
vn -0.8057 0.5924 0.0004
vn -0.7029 0.7113 -0.0000
vn -0.7095 0.7048 -0.0000
vn -0.7028 0.7114 -0.0000
vn -0.6168 0.7872 -0.0004
vn -0.6167 0.7872 -0.0000
vn -0.6174 0.7867 -0.0000
vn -0.6174 0.7867 0.0001
vn -0.4817 0.8763 -0.0000
vn -0.4690 0.8832 -0.0000
vn -0.4689 0.8832 -0.0000
vn -0.4816 0.8764 -0.0000
vn -0.3773 0.9261 -0.0000
vn -0.3661 0.9306 -0.0000
vn -0.2463 0.9692 -0.0000
vn -0.2462 0.9692 -0.0000
vn -0.2422 0.9702 -0.0000
vn -0.1749 0.9846 -0.0000
vn -0.1736 0.9848 -0.0000
vn -0.1749 0.9846 -0.0003
vn -0.1305 0.9915 -0.0000
vn -0.1302 0.9915 -0.0000
vn -0.0993 0.9951 -0.0000
vn 0.2587 -0.0000 0.9659
vn 0.0001 -0.0000 1.0000
vn -0.0001 -0.0000 1.0000
vn -0.2587 -0.0000 0.9659
vn -0.2589 -0.0000 0.9659
vn -0.4999 -0.0000 0.8661
vn -0.5001 -0.0000 0.8660
vn -0.7071 -0.0000 0.7072
vn -0.7072 -0.0000 0.7071
vn -0.8660 -0.0000 0.5001
vn -0.8661 -0.0000 0.4999
vn -0.9659 -0.0000 0.2589
vn -0.9659 -0.0000 0.2587
vn -1.0000 -0.0000 0.0001
vn -1.0000 -0.0000 -0.0001
vn -0.9659 -0.0000 -0.2587
vn -0.9659 -0.0000 -0.2589
vn -0.8661 -0.0000 -0.4999
vn -0.8660 -0.0000 -0.5001
vn -0.7072 -0.0000 -0.7070
vn -0.7071 -0.0000 -0.7072
vn -0.5001 -0.0000 -0.8660
vn -0.4999 -0.0000 -0.8661
vn -0.2589 -0.0000 -0.9659
vn -0.2588 -0.0000 -0.9659
vn 0.2588 -0.0000 -0.9659
vn 0.2589 -0.0000 -0.9659
vn 0.4999 -0.0000 -0.8661
vn 0.5001 -0.0000 -0.8660
vn 0.7070 -0.0000 -0.7072
vn 0.7072 -0.0000 -0.7070
vn 0.8660 -0.0000 -0.5001
vn 0.8661 -0.0000 -0.4999
vn 0.9659 -0.0000 -0.2589
vn 0.9659 -0.0000 -0.2588
vn 1.0000 -0.0000 -0.0001
vn 0.9660 -0.0000 -0.2587
vn 1.0000 -0.0000 0.0001
vn 0.9660 -0.0000 0.2587
vn 0.9659 -0.0000 0.2588
vn 0.9659 -0.0000 0.2589
vn 0.8661 -0.0000 0.4999
vn 0.8660 -0.0000 0.5001
vn 0.7072 -0.0000 0.7071
vn 0.7070 -0.0000 0.7072
vn 0.5001 -0.0000 0.8660
vn 0.4999 -0.0000 0.8661
vn 0.2589 -0.0000 0.9659
vn -0.7072 -0.0000 0.7070
vn 0.7072 -0.0000 0.7070
vn -0.2587 -0.0000 -0.9660
vn -0.2587 -0.9659 -0.0000
vn -0.0001 -1.0000 -0.0000
vn 0.0001 -1.0000 -0.0000
vn 0.2587 -0.9659 -0.0000
vn 0.2589 -0.9659 -0.0000
vn 0.4999 -0.8661 -0.0000
vn 0.5001 -0.8660 -0.0000
vn 0.7070 -0.7072 -0.0000
vn 0.7071 -0.7071 -0.0000
vn 0.8660 -0.5001 -0.0000
vn 0.8660 -0.5000 -0.0000
vn 0.7072 -0.7070 -0.0000
vn 0.8661 -0.4999 -0.0000
vn 0.9659 -0.2589 -0.0000
vn 0.9660 -0.2587 -0.0000
vn 1.0000 -0.0001 -0.0000
vn 1.0000 0.0001 -0.0000
vn 0.9660 0.2587 -0.0000
vn 0.9659 0.2589 -0.0000
vn 0.8661 0.4999 -0.0000
vn 0.8660 0.5001 -0.0000
vn 0.7072 0.7071 -0.0000
vn 0.7071 0.7071 -0.0000
vn 0.5001 0.8660 -0.0000
vn 0.7070 0.7072 -0.0000
vn 0.4999 0.8661 -0.0000
vn 0.2589 0.9659 -0.0000
vn 0.2588 0.9659 -0.0000
vn 0.0001 1.0000 -0.0000
vn -0.0001 1.0000 -0.0000
vn -0.2588 0.9659 -0.0000
vn -0.2589 0.9659 -0.0000
vn -0.4999 0.8661 -0.0000
vn -0.5001 0.8660 -0.0000
vn -0.7071 0.7072 -0.0000
vn -0.7072 0.7071 -0.0000
vn -0.8660 0.5001 -0.0000
vn -0.8661 0.4999 -0.0000
vn -0.9659 0.2589 -0.0000
vn -0.9659 0.2587 -0.0000
vn -0.9659 -0.2587 -0.0000
vn -0.9659 -0.2589 -0.0000
vn -0.8661 -0.4999 -0.0000
vn -0.8660 -0.5001 -0.0000
vn -0.7071 -0.7071 -0.0000
vn -0.7072 -0.7070 -0.0000
vn -0.8660 -0.5000 -0.0000
vn -0.7071 -0.7072 -0.0000
vn -0.5001 -0.8660 -0.0000
vn -0.4999 -0.8661 -0.0000
vn -0.2589 -0.9659 -0.0000
vn 0.5000 -0.8661 -0.0000
vn 0.9659 0.2588 -0.0000
vn 0.2587 0.9659 -0.0000
vn -0.2587 0.9659 -0.0000
vn -0.9660 0.2587 -0.0000
vn -0.9659 0.2588 -0.0000
vn -0.5000 -0.8661 -0.0000
vn -0.2587 -0.9660 -0.0000
vn 0.2587 -0.9660 -0.0000
vn 0.7071 -0.7072 -0.0000
vn 0.7072 -0.7071 -0.0000
vn 0.9659 -0.2588 -0.0000
vn 0.5000 0.8661 -0.0000
vn -0.7071 0.7071 -0.0000
vn -0.7070 0.7072 -0.0000
vn -0.7072 0.7070 -0.0000
vn -0.8660 0.5000 -0.0000
vn -0.7070 -0.7072 -0.0000
vn 0.7072 0.7070 -0.0000
vn -0.7072 -0.7071 -0.0000
vn -0.9660 -0.2587 -0.0000
vn -0.5000 0.8661 -0.0000
vn 0.2589 -0.9659 0.0001
vn 0.9659 -0.2587 -0.0000
vn 0.9659 0.2587 -0.0000
vn 0.7071 0.7072 -0.0000
vn -0.9659 -0.2589 0.0001
vn -0.2224 -0.9749 -0.0000
vn 0.2224 -0.9749 -0.0000
vn 0.2226 -0.9749 -0.0000
vn 0.4338 -0.9010 -0.0000
vn 0.4339 -0.9009 -0.0000
vn 0.6234 -0.7819 -0.0000
vn 0.6235 -0.7818 -0.0000
vn 0.7818 -0.6235 -0.0000
vn 0.7819 -0.6234 -0.0000
vn 0.9009 -0.4339 -0.0001
vn 0.9009 -0.4339 -0.0000
vn 0.7819 -0.6234 0.0001
vn 0.9010 -0.4338 -0.0000
vn 0.9749 -0.2226 -0.0000
vn 0.9749 -0.2225 -0.0000
vn 0.9749 0.2225 -0.0000
vn 0.9749 0.2226 -0.0000
vn 0.9010 0.4338 -0.0000
vn 0.9009 0.4339 -0.0000
vn 0.7819 0.6234 -0.0001
vn 0.7819 0.6234 -0.0000
vn 0.9009 0.4339 0.0001
vn 0.7818 0.6235 -0.0000
vn 0.6235 0.7818 -0.0000
vn 0.6234 0.7819 -0.0000
vn 0.4340 0.9009 -0.0000
vn 0.4339 0.9009 -0.0000
vn 0.4338 0.9010 -0.0000
vn 0.2226 0.9749 -0.0000
vn 0.2225 0.9749 -0.0000
vn -0.2225 0.9749 -0.0000
vn -0.2226 0.9749 -0.0000
vn -0.4338 0.9010 -0.0000
vn -0.4339 0.9009 -0.0000
vn -0.6234 0.7819 -0.0000
vn -0.6235 0.7818 -0.0000
vn -0.7818 0.6235 -0.0000
vn -0.7819 0.6234 -0.0000
vn -0.9009 0.4339 -0.0000
vn -0.9009 0.4340 -0.0000
vn -0.9010 0.4338 -0.0000
vn -0.9749 0.2226 -0.0000
vn -0.9749 0.2225 -0.0000
vn -0.9749 -0.2225 -0.0000
vn -0.9749 -0.2226 -0.0000
vn -0.9010 -0.4338 -0.0000
vn -0.9009 -0.4339 -0.0000
vn -0.7819 -0.6234 -0.0000
vn -0.9009 -0.4340 -0.0000
vn -0.7818 -0.6235 -0.0000
vn -0.6235 -0.7818 -0.0000
vn -0.6234 -0.7819 -0.0000
vn -0.4339 -0.9009 -0.0000
vn -0.4338 -0.9010 -0.0000
vn -0.2226 -0.9749 -0.0000
vn -0.9659 -0.2588 -0.0000
vn -0.0000 0.9659 -0.2588
vn -0.0000 1.0000 -0.0001
vn -0.0000 0.9660 -0.2587
vn -0.0000 0.9660 0.2587
vn -0.0000 0.9659 0.2588
vn -0.0000 1.0000 0.0001
vn -0.0000 0.9659 0.2589
vn -0.0000 0.8661 0.4999
vn -0.0000 0.8660 0.5000
vn -0.0000 0.8660 0.5001
vn -0.0000 0.7072 0.7070
vn -0.0000 0.7071 0.7072
vn -0.0000 0.5001 0.8660
vn -0.0000 0.7070 0.7072
vn -0.0000 0.4999 0.8661
vn -0.0000 0.2589 0.9659
vn -0.0000 0.2587 0.9660
vn -0.0000 0.0001 1.0000
vn -0.0000 -0.0001 1.0000
vn -0.0000 -0.2587 0.9659
vn -0.0000 -0.2589 0.9659
vn -0.0000 -0.4999 0.8661
vn -0.0000 -0.5001 0.8660
vn -0.0000 -0.7070 0.7072
vn -0.0000 -0.7072 0.7070
vn -0.0000 -0.8660 0.5001
vn -0.0000 -0.8661 0.4999
vn -0.0000 -0.9659 0.2589
vn -0.0000 -0.9660 0.2587
vn -0.0000 -1.0000 0.0001
vn -0.0000 -0.9659 0.2588
vn -0.0000 -1.0000 -0.0001
vn -0.0000 -0.9659 -0.2588
vn -0.0000 -0.9660 -0.2587
vn -0.0000 -0.9659 -0.2589
vn -0.0000 -0.8661 -0.4999
vn -0.0000 -0.8660 -0.5001
vn -0.0000 -0.7072 -0.7070
vn -0.0000 -0.7070 -0.7072
vn -0.0000 -0.5001 -0.8660
vn -0.0000 -0.4999 -0.8661
vn -0.0000 -0.2589 -0.9659
vn -0.0000 -0.2588 -0.9659
vn -0.0000 -0.0001 -1.0000
vn -0.0000 -0.2587 -0.9660
vn -0.0000 0.0001 -1.0000
vn -0.0000 0.2588 -0.9659
vn -0.0000 0.2589 -0.9659
vn -0.0000 0.4999 -0.8661
vn -0.0000 0.5001 -0.8660
vn -0.0000 0.7070 -0.7072
vn -0.0000 0.7071 -0.7072
vn -0.0000 0.7072 -0.7070
vn -0.0000 0.8660 -0.5001
vn -0.0000 0.8660 -0.5000
vn -0.0000 0.9659 -0.2589
vn -0.0000 0.8661 -0.4999
vn -0.0000 0.2587 0.9659
vn -0.0000 -0.8660 0.5000
vn -0.0000 -0.9659 0.2587
vn -0.0000 -0.9659 -0.2587
vn -0.0000 -0.8660 -0.5000
vn -0.0000 0.2587 -0.9660
vn -0.0000 -0.8661 0.5000
vn -0.0000 -0.7071 0.7071
vn -0.0000 -0.5000 0.8660
vn -0.0000 0.5000 0.8660
vn -0.0000 0.7071 0.7071
vn -0.0000 0.9659 0.2590
vn -0.0000 0.8661 0.4998
vn -0.0000 0.9659 0.2587
vn -0.0000 0.9659 -0.2587
vn -0.0000 0.8661 -0.4998
vn -0.0000 0.9659 -0.2590
vn -0.0000 0.7071 -0.7071
vn -0.0000 0.5000 -0.8660
vn -0.0000 -0.7071 -0.7071
vn -0.0000 -0.5000 -0.8660
vn -0.0000 -0.8661 -0.5000
vn -0.0000 -0.7072 0.7071
vt 0.200000 -2.168856
vt 0.000000 -2.168856
vt 0.200000 -2.400277
vt 0.000000 -2.400277
vt 0.200000 -2.631698
vt 0.000000 -2.631698
vt 0.200000 -2.863119
vt 0.000000 -2.863119
vt 0.200000 -3.094540
vt 0.000000 -3.094540
vt 0.200000 -3.325961
vt 0.000000 -3.325961
vt 0.200000 -3.557383
vt 0.000000 -3.557383
vt 0.200000 -3.788804
vt 0.000000 -3.788804
vt 0.200000 -4.020225
vt 0.000000 -4.020225
vt 0.200000 -4.251646
vt 0.000000 -4.251646
vt 0.200000 -4.483067
vt 0.000000 -4.483067
vt 0.200000 -4.714488
vt 0.000000 -4.714488
vt 0.200000 -4.945909
vt -0.000000 -4.945909
vt 0.200000 -5.177330
vt -0.000000 -5.177330
vt 0.200000 -5.408752
vt -0.000000 -5.408752
vt 0.200000 -5.640173
vt -0.000000 -5.640173
vt 0.200000 -5.871594
vt -0.000000 -5.871594
vt 0.200000 -6.103015
vt -0.000000 -6.103015
vt 0.200000 -6.334436
vt -0.000000 -6.334436
vt 0.200000 -6.565857
vt 0.000000 -6.565857
vt 0.200000 -6.797278
vt 0.000000 -6.797278
vt 0.200000 -7.028699
vt 0.000000 -7.028699
vt 0.200000 -7.260121
vt 0.000000 -7.260121
vt 0.200000 -7.491542
vt 0.000000 -7.491542
vt 0.703407 0.100172
vt 0.390996 0.181325
vt 0.700000 0.074290
vt 0.368483 0.133376
vt 0.703407 0.048408
vt 0.346254 0.099141
vt 0.334349 0.085552
vt 0.713397 0.124290
vt 0.433825 0.316443
vt 0.729289 0.145001
vt 0.750000 0.160892
vt 0.471275 0.493715
vt 0.774118 0.170883
vt 0.963451 0.424128
vt 0.800000 0.174290
vt 0.825882 0.170883
vt 0.850000 0.160892
vt 1.017315 0.199568
vt 0.870711 0.145001
vt 0.886603 0.124290
vt 0.896593 0.100172
vt 0.900000 0.074290
vt 1.019542 -0.031351
vt 0.896593 0.048408
vt 0.886603 0.024290
vt 0.870711 0.003579
vt 0.850000 -0.012313
vt 0.970017 -0.256908
vt 0.825882 -0.022303
vt 0.800000 -0.025710
vt 0.774118 -0.022303
vt 0.871255 -0.465654
vt 0.750000 -0.012313
vt 0.729289 0.003579
vt 0.713397 0.024290
vt 0.320705 0.073660
vt 0.305358 0.064585
vt 0.728270 -0.646992
vt 0.288497 0.059371
vt 0.062500 -0.033963
vt 0.088388 -0.014098
vt 0.270838 0.058705
vt 0.108253 0.011790
vt 0.253403 0.062361
vt 0.236872 0.069389
vt -0.120741 0.106642
vt -0.191763 0.103774
vt -0.125000 0.074290
vt -0.222680 0.077941
vt -0.120741 0.041938
vt -0.239665 0.067973
vt -0.108253 0.011790
vt -0.258033 0.060998
vt -0.088388 -0.014098
vt -0.277168 0.058413
vt -0.286814 0.059105
vt -0.164624 0.133653
vt -0.108253 0.136790
vt -0.145315 0.171802
vt -0.088388 0.162678
vt -0.117330 0.204130
vt -0.062500 0.182543
vt -0.082342 0.228708
vt -0.032352 0.195031
vt -0.042438 0.244066
vt 0.000000 0.199290
vt 0.000000 0.249290
vt 0.042438 0.244066
vt 0.032352 0.195031
vt 0.082342 0.228708
vt 0.062500 0.182543
vt 0.117330 0.204130
vt 0.088388 0.162678
vt 0.145315 0.171802
vt 0.108253 0.136790
vt 0.164624 0.133653
vt 0.120741 0.106642
vt 0.191949 0.103583
vt 0.125000 0.074290
vt 0.221440 0.078791
vt 0.120741 0.041938
vt 0.548318 -0.791720
vt 0.032352 -0.046451
vt 0.340534 -0.892489
vt 0.115465 -0.944186
vt 0.000000 -0.050710
vt -0.115465 -0.944186
vt -0.032352 -0.046451
vt -0.340534 -0.892489
vt -0.548318 -0.791720
vt -0.062500 -0.033963
vt -0.728270 -0.646992
vt -0.296295 0.061196
vt -0.896593 0.100172
vt -1.017315 0.199568
vt -0.900000 0.074290
vt -1.019542 -0.031351
vt -0.896593 0.048408
vt -0.886603 0.024290
vt -0.870711 0.003579
vt -0.850000 -0.012313
vt -0.970017 -0.256908
vt -0.825882 -0.022303
vt -0.800000 -0.025710
vt -0.774118 -0.022303
vt -0.871255 -0.465654
vt -0.750000 -0.012313
vt -0.729289 0.003579
vt -0.313934 0.069119
vt -0.886603 0.124290
vt -0.870711 0.145001
vt -0.850000 0.160892
vt -0.963451 0.424128
vt -0.825882 0.170883
vt -0.800000 0.174290
vt -0.774118 0.170883
vt -0.437926 0.333275
vt -0.477471 0.530692
vt -0.750000 0.160892
vt -0.729289 0.145001
vt -0.417028 0.255922
vt -0.713397 0.124290
vt -0.396647 0.195614
vt -0.703407 0.100172
vt -0.700000 0.074290
vt -0.355298 0.111613
vt -0.703407 0.048408
vt -0.329584 0.080967
vt -0.713397 0.024290
vt -0.531519 0.950710
vt -0.714228 0.809479
vt -0.860683 0.630931
vt 0.860683 0.630931
vt 0.503713 0.707130
vt 0.714228 0.809479
vt 0.531519 0.950710
vt 1.981519 2.001420
vt 2.164228 1.860189
vt 2.900000 2.001420
vt 2.310683 1.681641
vt 2.413451 1.474838
vt 2.467315 1.250278
vt 2.469542 1.019359
vt 2.636603 0.400000
vt 2.620711 0.420711
vt 2.420017 0.793802
vt 2.600000 0.436603
vt 2.575882 0.446593
vt 2.550000 0.450000
vt 2.321255 0.585056
vt 2.524118 0.446593
vt 2.500000 0.436603
vt 2.479289 0.420711
vt 2.178270 0.403718
vt 2.463397 0.400000
vt 2.453407 0.375882
vt 2.450000 0.350000
vt 2.453407 0.324118
vt 2.463397 0.300000
vt 1.998318 0.258990
vt 2.479289 0.279289
vt 2.500000 0.263397
vt 2.524118 0.253407
vt 2.900000 0.000000
vt 2.550000 0.250000
vt 2.575882 0.253407
vt 2.600000 0.263397
vt 2.620711 0.279289
vt 2.636603 0.300000
vt 2.646593 0.324118
vt 2.650000 0.350000
vt 2.646593 0.375882
vt 1.790534 0.158221
vt 1.565465 0.106524
vt 1.334535 0.106524
vt -0.000000 0.000000
vt 1.109466 0.158221
vt 0.901682 0.258990
vt 0.721730 0.403718
vt 0.436603 0.300000
vt 0.420711 0.279289
vt 0.400000 0.263397
vt 0.578745 0.585056
vt 0.420711 0.420711
vt 0.436603 0.400000
vt 0.446593 0.375882
vt 0.479983 0.793802
vt 0.350000 0.450000
vt 0.375882 0.446593
vt 0.400000 0.436603
vt 0.430458 1.019359
vt 0.279289 0.420711
vt 0.300000 0.436603
vt 0.324118 0.446593
vt 0.432685 1.250278
vt -0.000000 2.001420
vt 0.263397 0.400000
vt 0.486549 1.474838
vt 0.589317 1.681641
vt 0.735772 1.860189
vt 0.918481 2.001420
vt 0.253407 0.375882
vt 0.250000 0.350000
vt 0.253407 0.324118
vt 0.263397 0.300000
vt 0.279289 0.279289
vt 0.300000 0.263397
vt 0.324118 0.253407
vt 0.350000 0.250000
vt 0.375882 0.253407
vt 0.450000 0.350000
vt 0.446593 0.324118
vt -0.000000 0.600000
vt -0.998580 -0.000000
vt -1.000000 0.600000
vt -1.000000 0.000000
vt -0.400000 0.000000
vt -0.400000 0.600000
vt -0.001420 0.000000
vt 0.200000 -0.498580
vt -0.200000 -0.498580
vt 0.200000 -0.500000
vt -0.200000 -0.500000
vt -0.500000 -0.200000
vt 0.500000 -0.200000
vt -0.500000 0.200000
vt 0.500000 0.200000
vt -1.250000 0.876420
vt -1.250000 1.875000
vt -1.450000 0.876420
vt -1.450000 1.876420
vt -0.850000 1.875000
vt 0.850000 1.875000
vt 0.531519 0.876420
vt 0.850000 0.876420
vt -0.850000 0.876420
vt -0.531519 0.876420
vt 0.503795 0.634242
vt -0.503795 0.634242
vt 0.471922 0.424099
vt -0.471922 0.424099
vt 0.000000 0.175000
vt -0.042438 0.169776
vt -0.435493 0.249137
vt -0.082342 0.154418
vt -0.117330 0.129841
vt -0.393876 0.114230
vt -0.145315 0.097512
vt -0.370894 0.063559
vt -0.164624 0.059363
vt -0.198920 0.022681
vt -0.346347 0.024969
vt -0.333465 0.010375
vt -0.231664 -0.002022
vt -0.320169 -0.001023
vt -0.247440 -0.009776
vt -0.306455 -0.009198
vt -0.262813 -0.014407
vt -0.292323 -0.014146
vt -0.277775 -0.015874
vt 0.042438 0.169776
vt 0.435493 0.249137
vt 0.082342 0.154418
vt 0.117330 0.129841
vt 0.393876 0.114230
vt 0.145315 0.097512
vt 0.370894 0.063559
vt 0.164624 0.059363
vt 0.198920 0.022681
vt 0.231664 -0.002022
vt 0.333465 0.010375
vt 0.346347 0.024969
vt 0.320169 -0.001023
vt 0.247440 -0.009776
vt 0.306455 -0.009198
vt 0.262813 -0.014407
vt 0.292323 -0.014146
vt 0.277775 -0.015874
vt 1.450000 1.876420
vt 1.250000 1.875000
vt 1.450000 0.876420
vt 1.250000 0.876420
vt 0.000000 0.200000
vt -0.121448 0.000000
vt -0.222891 0.200000
vt -0.242896 0.000000
vt -0.356730 0.200000
vt -0.364343 0.000000
vt -0.420322 0.200000
vt -0.485791 0.000000
vt -0.478252 0.200000
vt -0.546515 0.000000
vt -0.585557 0.200000
vt -0.607239 0.000000
vt -0.646561 0.200000
vt -0.637601 0.000000
vt -0.667963 0.000000
vt -0.681881 0.200000
vt -0.698325 0.000000
vt -0.720245 0.200000
vt -0.728687 0.000000
vt -0.740286 0.200000
vt -0.759049 0.000000
vt -0.760297 0.200000
vt -0.789411 0.000000
vt -0.798937 0.200000
vt -0.819773 0.000000
vt -0.834833 0.200000
vt -0.850135 0.000000
vt -0.867090 0.200000
vt -0.910859 0.000000
vt -0.923760 0.200000
vt -0.971582 0.000000
vt -0.971582 0.200000
vt -0.000000 0.489214
vt -0.200000 0.489214
vt -0.000000 0.446349
vt -0.200000 0.446349
vt -0.000000 0.403484
vt -0.200000 0.403484
vt -0.000000 0.360619
vt -0.200000 0.360619
vt -0.000000 0.317754
vt -0.200000 0.317754
vt -0.000000 0.274889
vt -0.200000 0.274889
vt -0.000000 0.232024
vt -0.200000 0.232024
vt -0.000000 0.189159
vt -0.200000 0.189159
vt -0.000000 0.146294
vt -0.200000 0.146294
vt -0.000000 0.103430
vt -0.200000 0.103430
vt -0.000000 0.060565
vt -0.200000 0.060565
vt 0.971300 0.200000
vt 0.923150 0.200000
vt 0.971300 0.000000
vt 0.910594 0.000000
vt 0.869157 0.200000
vt 0.849888 0.000000
vt 0.839953 0.200000
vt 0.819534 0.000000
vt 0.807857 0.200000
vt 0.789181 0.000000
vt 0.773006 0.200000
vt 0.758828 0.000000
vt 0.736543 0.200000
vt 0.728475 0.000000
vt 0.700511 0.200000
vt 0.698122 0.000000
vt 0.666562 0.200000
vt 0.667769 0.000000
vt 0.637416 0.000000
vt 0.635363 0.200000
vt 0.607063 0.000000
vt 0.607284 0.200000
vt 0.552508 0.200000
vt 0.546356 0.000000
vt 0.493483 0.200000
vt 0.485650 0.000000
vt 0.369693 0.200000
vt 0.364238 0.000000
vt 0.245749 0.200000
vt 0.242825 0.000000
vt 0.122157 0.200000
vt 0.121413 0.000000
vt -0.918481 0.000000
vt -0.718481 0.000000
vt -0.918481 0.400000
vt -0.318481 0.000000
vt 0.000000 0.400000
vt -0.922160 0.400000
vt -0.922160 0.200000
vt -0.003679 0.400000
vt -0.603679 0.000000
vt -0.203679 0.000000
vt -0.922160 0.000000
vt -0.003679 0.000000
vt -0.080238 0.400000
vt -2.980238 0.400000
vt -0.080238 0.000000
vt -2.980238 0.000000
vt -0.000000 3.001420
vt 0.400000 3.001420
vt -0.000000 4.650000
vt 1.000000 3.969780
vt 1.003407 3.995662
vt 0.400000 2.001420
vt 1.074118 1.666373
vt 1.100000 1.669780
vt 1.125882 1.666373
vt 1.013397 1.519780
vt 1.003407 1.543898
vt 3.400000 0.000000
vt 1.150000 1.483178
vt 1.125882 1.473187
vt 1.100000 1.469780
vt 3.400000 4.650000
vt 2.396593 1.595662
vt 2.400000 1.569780
vt 2.396593 1.543898
vt 2.274118 4.066373
vt 2.300000 4.069780
vt 2.325882 4.066373
vt 2.203407 3.995662
vt 1.196593 3.995662
vt 2.200000 3.969780
vt 1.200000 3.969780
vt 2.203407 3.943898
vt 1.196593 3.943898
vt 2.213397 3.919780
vt 1.186603 3.919780
vt 2.229289 3.899069
vt 1.170711 3.899069
vt 2.229289 1.640491
vt 1.170711 1.640491
vt 2.213397 1.619780
vt 1.186603 1.619780
vt 2.203407 1.595662
vt 1.196593 1.595662
vt 2.200000 1.569780
vt 1.200000 1.569780
vt 2.203407 1.543898
vt 1.196593 1.543898
vt 2.213397 1.519780
vt 1.186603 1.519780
vt 2.229289 1.499069
vt 1.170711 1.499069
vt 2.250000 1.483178
vt 1.186603 4.019780
vt 2.213397 4.019780
vt 1.170711 4.040491
vt 2.229289 4.040491
vt 1.150000 4.056383
vt 2.250000 4.056383
vt 1.125882 4.066373
vt 2.350000 4.056383
vt 2.370711 4.040491
vt 2.386603 4.019780
vt 2.396593 3.995662
vt 2.400000 3.969780
vt 2.396593 3.943898
vt 2.386603 3.919780
vt 2.386603 1.619780
vt 2.370711 3.899069
vt 2.370711 1.640491
vt 2.350000 3.883178
vt 2.350000 1.656383
vt 2.325882 3.873187
vt 2.325882 1.666373
vt 2.300000 3.869780
vt 2.300000 1.669780
vt 2.274118 1.666373
vt 2.274118 3.873187
vt 2.250000 1.656383
vt 2.250000 3.883178
vt 1.013397 4.019780
vt 1.029289 4.040491
vt 1.050000 4.056383
vt 1.074118 4.066373
vt 1.100000 4.069780
vt 1.150000 1.656383
vt 1.150000 3.883178
vt 1.125882 3.873187
vt 1.100000 3.869780
vt 1.074118 3.873187
vt 1.050000 3.883178
vt 1.029289 3.899069
vt 1.013397 3.919780
vt 1.003407 3.943898
vt 2.386603 1.519780
vt 2.370711 1.499069
vt 2.350000 1.483178
vt 2.325882 1.473187
vt 2.300000 1.469780
vt 2.274118 1.473187
vt 1.000000 1.569780
vt 1.003407 1.595662
vt 1.013397 1.619780
vt 1.029289 1.640491
vt 1.050000 1.656383
vt 1.074118 1.473187
vt 1.050000 1.483178
vt 1.029289 1.499069
vt 0.500000 -0.287979
vt 0.000000 -0.287979
vt 0.500000 -0.314159
vt 0.000000 -0.314159
vt 0.500000 0.314159
vt 0.000000 0.314159
vt 0.500000 0.287979
vt 0.000000 0.287979
vt 0.500000 0.261799
vt 0.000000 0.261799
vt 0.500000 0.235619
vt 0.000000 0.235619
vt 0.500000 0.209440
vt 0.000000 0.209440
vt 0.500000 0.183260
vt 0.000000 0.183260
vt 0.500000 0.157080
vt 0.000000 0.157080
vt 0.500000 0.130900
vt 0.000000 0.130900
vt 0.500000 0.104720
vt 0.000000 0.104720
vt 0.500000 0.078540
vt 0.000000 0.078540
vt 0.500000 0.052360
vt 0.000000 0.052360
vt 0.500000 0.026180
vt 0.000000 0.026180
vt 0.500000 0.000000
vt 0.500000 -0.026180
vt 0.000000 -0.026180
vt 0.500000 -0.052360
vt 0.000000 -0.052360
vt 0.500000 -0.078540
vt 0.000000 -0.078540
vt 0.500000 -0.104720
vt 0.000000 -0.104720
vt 0.500000 -0.130900
vt 0.000000 -0.130900
vt 0.500000 -0.157080
vt 0.000000 -0.157080
vt 0.500000 -0.183260
vt 0.000000 -0.183260
vt 0.500000 -0.209440
vt 0.000000 -0.209440
vt 0.500000 -0.235619
vt 0.000000 -0.235619
vt 0.500000 -0.261799
vt 0.000000 -0.261799
vt -0.096593 -0.025882
vt 0.096593 -0.025882
vt -0.100000 0.000000
vt 0.100000 0.000000
vt -0.096593 0.025882
vt 0.096593 0.025882
vt -0.086603 0.050000
vt 0.086603 0.050000
vt -0.070711 0.070711
vt 0.070711 0.070711
vt -0.050000 0.086603
vt 0.050000 0.086603
vt -0.025882 0.096593
vt 0.025882 0.096593
vt 0.000000 0.100000
vt 0.086603 -0.050000
vt -0.086603 -0.050000
vt 0.070711 -0.070711
vt -0.070711 -0.070711
vt 0.050000 -0.086603
vt -0.050000 -0.086603
vt 0.025882 -0.096593
vt -0.025882 -0.096593
vt 0.000000 -0.100000
vt -0.000000 0.287979
vt -0.200000 0.287979
vt 0.150000 0.287979
vt -0.200000 0.314159
vt 0.150000 0.314159
vt -0.200000 -0.314159
vt 0.150000 -0.314159
vt -0.200000 -0.287979
vt 0.150000 -0.287979
vt -0.200000 -0.261799
vt 0.150000 -0.261799
vt -0.200000 -0.235619
vt 0.150000 -0.235619
vt -0.200000 -0.209440
vt 0.150000 -0.209440
vt -0.200000 -0.183260
vt 0.150000 -0.183260
vt -0.200000 -0.157080
vt 0.150000 -0.157080
vt -0.200000 -0.130900
vt 0.150000 -0.130900
vt -0.200000 -0.104720
vt 0.150000 -0.104720
vt -0.200000 -0.078540
vt 0.150000 -0.078540
vt -0.200000 -0.052360
vt 0.150000 -0.052360
vt -0.200000 -0.026180
vt 0.150000 -0.026180
vt -0.200000 0.000000
vt 0.150000 0.000000
vt -0.200000 0.026180
vt 0.150000 0.026180
vt -0.200000 0.052360
vt 0.150000 0.052360
vt -0.200000 0.078540
vt 0.150000 0.078540
vt -0.200000 0.104720
vt 0.150000 0.104720
vt -0.200000 0.130900
vt 0.150000 0.130900
vt -0.200000 0.157080
vt 0.150000 0.157080
vt -0.200000 0.183260
vt 0.150000 0.183260
vt -0.200000 0.209440
vt 0.150000 0.209440
vt -0.200000 0.235619
vt 0.150000 0.235619
vt -0.200000 0.261799
vt 0.150000 0.261799
vt -0.200000 0.359974
vt 0.400000 0.359974
vt -0.200000 0.392699
vt 0.400000 0.392699
vt -0.200000 -0.392699
vt 0.400000 -0.392699
vt -0.200000 -0.359974
vt 0.400000 -0.359974
vt -0.200000 -0.327249
vt 0.400000 -0.327249
vt -0.200000 -0.294524
vt 0.400000 -0.294524
vt 0.400000 -0.261799
vt -0.200000 -0.229074
vt 0.400000 -0.229074
vt -0.200000 -0.196350
vt 0.400000 -0.196350
vt -0.200000 -0.163625
vt 0.400000 -0.163625
vt 0.400000 -0.130900
vt -0.200000 -0.098175
vt 0.400000 -0.098175
vt -0.200000 -0.065450
vt 0.400000 -0.065450
vt -0.200000 -0.032725
vt 0.400000 -0.032725
vt 0.400000 0.000000
vt -0.200000 0.032725
vt 0.400000 0.032725
vt -0.200000 0.065450
vt 0.400000 0.065450
vt -0.200000 0.098175
vt 0.400000 0.098175
vt 0.400000 0.130900
vt -0.200000 0.163625
vt 0.400000 0.163625
vt -0.200000 0.196350
vt 0.400000 0.196350
vt -0.200000 0.229074
vt 0.400000 0.229074
vt 0.400000 0.261799
vt -0.200000 0.294524
vt 0.400000 0.294524
vt -0.200000 0.327249
vt 0.400000 0.327249
vt 1.000000 -0.359974
vt 1.000000 -0.392699
vt 1.000000 0.392699
vt 1.000000 0.359974
vt 1.000000 0.327249
vt 1.000000 0.294524
vt 1.000000 0.261799
vt 1.000000 0.229074
vt 1.000000 0.196350
vt 1.000000 0.163625
vt 1.000000 0.130900
vt 1.000000 0.098175
vt 1.000000 0.065450
vt 1.000000 0.032725
vt 1.000000 0.000000
vt 1.000000 -0.032725
vt 1.000000 -0.065450
vt 1.000000 -0.098175
vt 1.000000 -0.130900
vt 1.000000 -0.163625
vt 1.000000 -0.196350
vt 1.000000 -0.229074
vt 1.000000 -0.261799
vt 1.000000 -0.294524
vt 1.000000 -0.327249
vt -0.120741 -0.032352
vt 0.120741 -0.032352
vt -0.125000 0.000000
vt 0.125000 0.000000
vt -0.120741 0.032352
vt 0.120741 0.032352
vt -0.108253 0.062500
vt 0.108253 0.062500
vt -0.088388 0.088388
vt 0.088388 0.088388
vt -0.062500 0.108253
vt 0.062500 0.108253
vt -0.032352 0.120741
vt 0.032352 0.120741
vt 0.000000 0.125000
vt 0.108253 -0.062500
vt -0.108253 -0.062500
vt 0.088388 -0.088388
vt -0.088388 -0.088388
vt 0.062500 -0.108253
vt -0.062500 -0.108253
vt 0.032352 -0.120741
vt -0.032352 -0.120741
vt 0.000000 -0.125000
vt 0.500000 -0.359974
vt 0.500000 -0.392699
vt 0.500000 0.392699
vt 0.500000 0.359974
vt 0.500000 0.327249
vt 0.500000 0.294524
vt 0.500000 0.229074
vt 0.500000 0.196350
vt 0.500000 0.163625
vt 0.500000 0.098175
vt 0.500000 0.065450
vt 0.500000 0.032725
vt 0.500000 -0.032725
vt 0.500000 -0.065450
vt 0.500000 -0.098175
vt 0.500000 -0.163625
vt 0.500000 -0.196350
vt 0.500000 -0.229074
vt 0.500000 -0.294524
vt 0.500000 -0.327249
vt 0.000000 0.359974
vt 0.000000 0.392699
vt 0.000000 -0.392699
vt 0.000000 -0.359974
vt 0.000000 -0.327249
vt 0.000000 -0.294524
vt 0.000000 -0.229074
vt 0.000000 -0.196350
vt 0.000000 -0.163625
vt 0.000000 -0.098175
vt 0.000000 -0.065450
vt 0.000000 -0.032725
vt 0.000000 0.032725
vt 0.000000 0.065450
vt 0.000000 0.098175
vt 0.000000 0.163625
vt 0.000000 0.196350
vt 0.000000 0.229074
vt 0.000000 0.294524
vt 0.000000 0.327249
vt 0.300000 0.287979
vt 0.300000 0.314159
vt 0.300000 -0.314159
vt 0.300000 -0.287979
vt 0.300000 -0.261799
vt 0.300000 -0.235619
vt 0.300000 -0.209440
vt 0.300000 -0.183260
vt 0.300000 -0.157080
vt 0.300000 -0.130900
vt 0.300000 -0.104720
vt 0.300000 -0.078540
vt 0.300000 -0.052360
vt 0.300000 -0.026180
vt 0.300000 0.000000
vt 0.300000 0.026180
vt 0.300000 0.052360
vt 0.300000 0.078540
vt 0.300000 0.104720
vt 0.300000 0.130900
vt 0.300000 0.157080
vt 0.300000 0.183260
vt 0.300000 0.209440
vt 0.300000 0.235619
vt 0.300000 0.261799
vt -0.300000 1.151917
vt -0.000000 1.151917
vt -0.300000 1.256637
vt -0.000000 1.256637
vt -0.300000 -1.256637
vt -0.000000 -1.256637
vt -0.300000 -1.151917
vt 0.000000 -1.151917
vt -0.300000 -1.047198
vt 0.000000 -1.047198
vt -0.300000 -0.942478
vt -0.000000 -0.942478
vt -0.300000 -0.837758
vt 0.000000 -0.837758
vt -0.300000 -0.733038
vt 0.000000 -0.733038
vt -0.300000 -0.628319
vt -0.000000 -0.628319
vt -0.300000 -0.523599
vt -0.000000 -0.523599
vt -0.300000 -0.418879
vt -0.000000 -0.418879
vt -0.300000 -0.314159
vt -0.300000 -0.209440
vt -0.000000 -0.209440
vt -0.300000 -0.104720
vt -0.000000 -0.104720
vt -0.300000 0.000000
vt -0.300000 0.104720
vt -0.300000 0.209440
vt -0.300000 0.314159
vt -0.300000 0.418879
vt -0.000000 0.418879
vt -0.300000 0.523599
vt -0.000000 0.523599
vt -0.300000 0.628319
vt -0.000000 0.628319
vt -0.300000 0.733038
vt -0.000000 0.733038
vt -0.300000 0.837758
vt -0.000000 0.837758
vt -0.300000 0.942478
vt -0.000000 0.942478
vt -0.300000 1.047198
vt -0.000000 1.047198
vt -0.386370 0.103528
vt -0.346410 0.200000
vt -0.282843 0.282843
vt -0.200000 0.346410
vt -0.103528 0.386370
vt 0.103528 0.386370
vt 0.200000 0.346410
vt 0.282843 0.282843
vt 0.346410 0.200000
vt 0.386370 0.103528
vt 0.386370 -0.103528
vt 0.346410 -0.200000
vt 0.282843 -0.282843
vt 0.200000 -0.346410
vt 0.103528 -0.386370
vt 0.000000 -0.400000
vt -0.103528 -0.386370
vt -0.200000 -0.346410
vt -0.282843 -0.282843
vt -0.346410 -0.200000
vt -0.386370 -0.103528
vt -0.200000 2.990123
vt -0.000000 2.990123
vt -0.200000 3.220132
vt 0.000000 3.220132
vt -0.200000 -3.220132
vt 0.000000 -3.220132
vt -0.200000 -2.990123
vt 0.000000 -2.990123
vt -0.200000 -2.760114
vt 0.000000 -2.760114
vt -0.200000 -2.530104
vt 0.000000 -2.530104
vt -0.200000 -2.300095
vt -0.000000 -2.300095
vt -0.200000 -2.070085
vt 0.000000 -2.070085
vt -0.200000 -1.840076
vt 0.000000 -1.840076
vt -0.200000 -1.610066
vt -0.000000 -1.610066
vt -0.200000 -1.380057
vt -0.000000 -1.380057
vt -0.200000 -1.150047
vt -0.000000 -1.150047
vt -0.200000 -0.920038
vt -0.000000 -0.920038
vt -0.200000 -0.690028
vt -0.000000 -0.690028
vt -0.200000 -0.460019
vt -0.000000 -0.460019
vt -0.200000 -0.230009
vt -0.000000 -0.230009
vt -0.200000 0.230009
vt -0.000000 0.230009
vt -0.200000 0.460019
vt -0.000000 0.460019
vt -0.200000 0.690028
vt -0.000000 0.690028
vt -0.200000 0.920038
vt -0.000000 0.920038
vt -0.200000 1.150047
vt -0.000000 1.150047
vt -0.200000 1.380057
vt -0.000000 1.380057
vt -0.200000 1.610066
vt -0.000000 1.610066
vt -0.200000 1.840076
vt -0.000000 1.840076
vt -0.200000 2.070085
vt -0.000000 2.070085
vt -0.200000 2.300095
vt -0.000000 2.300095
vt -0.200000 2.530104
vt -0.000000 2.530104
vt -0.200000 2.760114
vt -0.000000 2.760114
vt -0.999301 -0.228084
vt -0.886603 -0.050000
vt -1.025000 -0.000000
vt -0.896593 -0.025882
vt -0.900000 0.000000
vt -0.923493 -0.444731
vt -0.800000 -0.100000
vt -0.825882 -0.096593
vt -0.850000 -0.086603
vt -0.801377 -0.639077
vt -0.750000 -0.086603
vt -0.774118 -0.096593
vt -0.639077 -0.801377
vt -0.444731 -0.923493
vt -0.086603 -0.750000
vt -0.096593 -0.774118
vt -0.100000 -0.800000
vt -0.228084 -0.999301
vt -0.096593 -0.825882
vt -0.086603 -0.850000
vt -0.070711 -0.870711
vt -0.050000 -0.886603
vt 0.000000 -1.025000
vt -0.025882 -0.896593
vt 0.000000 -0.900000
vt 0.025882 -0.896593
vt 0.050000 -0.886603
vt 0.228084 -0.999301
vt 0.070711 -0.870711
vt 0.086603 -0.850000
vt 0.096593 -0.825882
vt 0.100000 -0.800000
vt 0.444731 -0.923493
vt 0.096593 -0.774118
vt 0.086603 -0.750000
vt 0.070711 -0.729289
vt 0.050000 -0.713397
vt 0.025882 -0.703407
vt 0.000000 -0.700000
vt -0.025882 -0.703407
vt -0.050000 -0.713397
vt -0.070711 -0.729289
vt 0.639077 -0.801377
vt 0.801377 -0.639077
vt 0.923493 -0.444731
vt 0.750000 -0.086603
vt 0.774118 -0.096593
vt 0.800000 -0.100000
vt 0.999301 -0.228084
vt 0.825882 -0.096593
vt 0.850000 -0.086603
vt 0.870711 -0.070711
vt 0.886603 -0.050000
vt 1.025000 0.000000
vt 0.896593 -0.025882
vt 0.900000 0.000000
vt 0.896593 0.025882
vt 0.886603 0.050000
vt 0.999301 0.228084
vt 0.870711 0.070711
vt 0.850000 0.086603
vt 0.825882 0.096593
vt 0.800000 0.100000
vt 0.923493 0.444731
vt 0.774118 0.096593
vt 0.750000 0.086603
vt 0.729289 0.070711
vt 0.713397 0.050000
vt 0.703407 0.025882
vt 0.700000 0.000000
vt 0.703407 -0.025882
vt 0.713397 -0.050000
vt 0.729289 -0.070711
vt 0.801377 0.639077
vt 0.639077 0.801377
vt 0.444731 0.923493
vt 0.086603 0.750000
vt 0.096593 0.774118
vt 0.100000 0.800000
vt 0.228084 0.999301
vt 0.096593 0.825882
vt 0.086603 0.850000
vt 0.070711 0.870711
vt 0.050000 0.886603
vt 0.000000 1.025000
vt 0.025882 0.896593
vt 0.000000 0.900000
vt -0.025882 0.896593
vt -0.050000 0.886603
vt -0.228084 0.999301
vt -0.070711 0.870711
vt -0.086603 0.850000
vt -0.096593 0.825882
vt -0.100000 0.800000
vt -0.444731 0.923493
vt -0.096593 0.774118
vt -0.086603 0.750000
vt -0.070711 0.729289
vt -0.050000 0.713397
vt -0.025882 0.703407
vt 0.000000 0.700000
vt 0.025882 0.703407
vt 0.050000 0.713397
vt 0.070711 0.729289
vt -0.639077 0.801377
vt -0.801377 0.639077
vt -0.923493 0.444731
vt -0.750000 0.086603
vt -0.774118 0.096593
vt -0.800000 0.100000
vt -0.999301 0.228084
vt -0.825882 0.096593
vt -0.850000 0.086603
vt -0.870711 0.070711
vt -0.886603 0.050000
vt -0.896593 0.025882
vt -0.703407 0.025882
vt -0.700000 0.000000
vt -0.703407 -0.025882
vt -0.729289 0.070711
vt -0.713397 0.050000
vt -0.729289 -0.070711
vt -0.713397 -0.050000
vt -0.870711 -0.070711
vt 0.200000 -0.287979
vt 0.200000 -0.314159
vt 0.200000 0.314159
vt 0.200000 0.287979
vt 0.200000 0.261799
vt 0.200000 0.235619
vt 0.200000 0.209440
vt 0.200000 0.183260
vt 0.200000 0.157080
vt 0.200000 0.130900
vt 0.200000 0.104720
vt 0.200000 0.078540
vt 0.200000 0.052360
vt 0.200000 0.026180
vt 0.200000 0.000000
vt 0.200000 -0.026180
vt -0.000000 -0.026180
vt 0.200000 -0.052360
vt 0.200000 -0.078540
vt 0.200000 -0.104720
vt 0.200000 -0.130900
vt -0.000000 -0.130900
vt 0.200000 -0.157080
vt 0.200000 -0.183260
vt 0.200000 -0.209440
vt 0.200000 -0.235619
vt 0.200000 -0.261799
vt 0.200000 0.209439
vt 0.000000 0.209439
vt -0.000000 -0.052360
vt -0.000000 -0.078540
vt 0.200000 -0.209439
vt 0.000000 -0.209439
vt 3.400000 3.001420
vt 3.000000 3.001420
vt 3.400000 2.001420
vt 3.000000 2.001420
vt 0.450699 1.353084
vt 0.279289 1.879289
vt 0.425000 1.125000
vt 0.263397 1.900000
vt 1.005269 0.201507
vt 0.810923 0.323623
vt 0.648623 0.485923
vt 0.526507 0.680269
vt 0.450699 0.896916
vt 0.526507 1.569731
vt 0.350000 1.850000
vt 0.324118 1.853407
vt 0.300000 1.863397
vt 0.648623 1.764077
vt 0.436603 1.900000
vt 0.420711 1.879289
vt 0.400000 1.863397
vt 0.810923 1.926377
vt 0.446593 1.975882
vt 0.450000 1.950000
vt 0.446593 1.924118
vt 1.005269 2.048493
vt 0.420711 2.020711
vt 0.436603 2.000000
vt 1.221916 2.124301
vt 0.436603 4.300000
vt 0.420711 4.279289
vt 0.400000 4.263397
vt 0.446593 4.324118
vt 1.450000 2.150000
vt 2.453407 4.324118
vt 1.678084 2.124301
vt 2.463397 4.300000
vt 1.894731 2.048493
vt 2.479289 4.279289
vt 2.500000 4.263397
vt 2.500000 2.036603
vt 2.524118 4.253407
vt 2.524118 2.046593
vt 2.550000 4.250000
vt 2.550000 2.050000
vt 2.575882 2.046593
vt 2.479289 2.020711
vt 2.089077 1.926377
vt 2.463397 2.000000
vt 2.453407 1.975882
vt 2.251377 1.764077
vt 2.450000 1.950000
vt 2.453407 1.924118
vt 2.463397 1.900000
vt 2.373493 1.569731
vt 2.479289 1.879289
vt 2.500000 1.863397
vt 2.524118 1.853407
vt 2.550000 1.850000
vt 2.449301 1.353084
vt 2.575882 1.853407
vt 2.600000 1.863397
vt 2.620711 1.879289
vt 2.475000 1.125000
vt 2.636603 1.900000
vt 2.449301 0.896916
vt 2.373493 0.680269
vt 2.251377 0.485923
vt 2.089077 0.323623
vt 1.894731 0.201507
vt 1.678084 0.125699
vt 1.450000 0.100000
vt 1.221916 0.125699
vt 2.900000 4.650000
vt 2.650000 1.950000
vt 2.646593 1.924118
vt 2.500000 4.436603
vt 2.524118 4.446593
vt 2.550000 4.450000
vt 0.250000 1.950000
vt 0.253407 1.975882
vt 0.263397 2.000000
vt 2.453407 4.375882
vt 0.446593 4.375882
vt 2.450000 4.350000
vt 0.450000 4.350000
vt 0.436603 4.400000
vt 2.463397 4.400000
vt 0.420711 4.420711
vt 2.479289 4.420711
vt 0.400000 4.436603
vt 2.575882 4.446593
vt 2.600000 4.436603
vt 2.620711 4.420711
vt 2.636603 4.400000
vt 2.646593 4.375882
vt 2.650000 4.350000
vt 2.646593 4.324118
vt 2.636603 4.300000
vt 2.636603 2.000000
vt 2.620711 4.279289
vt 2.620711 2.020711
vt 2.600000 4.263397
vt 2.600000 2.036603
vt 2.575882 4.253407
vt 0.279289 2.020711
vt 0.279289 4.279289
vt 0.263397 4.300000
vt 0.253407 4.324118
vt 0.250000 4.350000
vt 0.300000 4.263397
vt 0.300000 2.036603
vt 0.324118 4.253407
vt 0.324118 2.046593
vt 0.350000 4.250000
vt 0.350000 2.050000
vt 0.375882 2.046593
vt 0.375882 4.253407
vt 0.400000 2.036603
vt 0.375882 1.853407
vt 0.253407 1.924118
vt 2.646593 1.975882
vt 0.253407 4.375882
vt 0.263397 4.400000
vt 0.279289 4.420711
vt 0.300000 4.436603
vt 0.324118 4.446593
vt 0.350000 4.450000
vt 0.375882 4.446593
vt 2.900000 3.001420
vt -0.703407 0.574118
vt 0.703407 0.574118
vt -0.700000 0.600000
vt 0.700000 0.600000
vt -0.703407 0.625882
vt 0.703407 0.625882
vt -0.713397 0.650000
vt 0.713397 0.650000
vt -0.729289 0.670711
vt 0.729289 0.670711
vt -0.750000 0.686603
vt 0.750000 0.686603
vt -1.450000 1.700000
vt 1.450000 1.700000
vt 0.774118 0.696593
vt 0.800000 0.700000
vt 0.713397 0.550000
vt -0.713397 0.550000
vt 0.713397 -0.550000
vt -0.713397 -0.550000
vt -0.703407 -0.574118
vt -0.729289 -0.529289
vt -0.729289 0.529289
vt -0.750000 -0.513397
vt -0.750000 0.513397
vt -0.774118 -0.503407
vt -0.774118 0.503407
vt -0.800000 -0.500000
vt -0.800000 0.500000
vt -0.825882 0.503407
vt -0.825882 -0.503407
vt -0.850000 0.513397
vt -0.850000 -0.513397
vt -0.870711 0.529289
vt -0.870711 -0.529289
vt -0.886603 0.550000
vt -0.886603 -0.550000
vt -0.896593 0.574118
vt -0.896593 -0.574118
vt -1.450000 -1.700000
vt -0.900000 -0.600000
vt -0.896593 -0.625882
vt -0.886603 -0.650000
vt -0.870711 -0.670711
vt -0.850000 -0.686603
vt -0.825882 -0.696593
vt -0.800000 -0.700000
vt -0.774118 -0.696593
vt -0.750000 -0.686603
vt 0.750000 -0.686603
vt -0.729289 -0.670711
vt 0.729289 -0.670711
vt -0.713397 -0.650000
vt 0.713397 -0.650000
vt -0.703407 -0.625882
vt 0.703407 -0.625882
vt -0.700000 -0.600000
vt 0.700000 -0.600000
vt 0.703407 -0.574118
vt -0.900000 0.600000
vt -0.896593 0.625882
vt -0.886603 0.650000
vt -0.870711 0.670711
vt -0.850000 0.686603
vt -0.825882 0.696593
vt -0.800000 0.700000
vt -0.774118 0.696593
vt 0.896593 0.625882
vt 0.900000 0.600000
vt 0.896593 0.574118
vt 1.450000 -1.700000
vt 0.896593 -0.574118
vt 0.900000 -0.600000
vt 0.886603 -0.550000
vt 0.886603 0.550000
vt 0.870711 0.529289
vt 0.870711 -0.529289
vt 0.850000 0.513397
vt 0.850000 -0.513397
vt 0.825882 0.503407
vt 0.825882 -0.503407
vt 0.800000 0.500000
vt 0.800000 -0.500000
vt 0.774118 0.503407
vt 0.774118 -0.503407
vt 0.750000 0.513397
vt 0.750000 -0.513397
vt 0.729289 0.529289
vt 0.729289 -0.529289
vt 0.825882 0.696593
vt 0.850000 0.686603
vt 0.870711 0.670711
vt 0.886603 0.650000
vt 0.896593 -0.625882
vt 0.886603 -0.650000
vt 0.870711 -0.670711
vt 0.850000 -0.686603
vt 0.825882 -0.696593
vt 0.800000 -0.700000
vt 0.774118 -0.696593
s 0
f 48/1/1 1/2/1 47/3/2
f 47/3/2 1/2/1 2/4/2
f 47/3/3 2/4/3 46/5/4
f 46/5/4 2/4/3 3/6/4
f 46/5/5 3/6/5 45/7/6
f 45/7/6 3/6/5 4/8/6
f 45/7/7 4/8/7 44/9/8
f 44/9/8 4/8/7 5/10/8
f 44/9/9 5/10/9 43/11/10
f 43/11/10 5/10/9 6/12/10
f 43/11/11 6/12/11 42/13/12
f 42/13/12 6/12/11 7/14/12
f 42/13/13 7/14/13 41/15/14
f 41/15/14 7/14/13 8/16/14
f 41/15/15 8/16/15 40/17/16
f 40/17/16 8/16/15 9/18/16
f 40/17/17 9/18/17 39/19/18
f 39/19/18 9/18/17 10/20/18
f 39/19/19 10/20/19 38/21/20
f 38/21/20 10/20/19 11/22/20
f 38/21/21 11/22/21 37/23/22
f 37/23/22 11/22/21 12/24/22
f 37/23/23 12/24/23 36/25/24
f 36/25/24 12/24/23 13/26/24
f 36/25/25 13/26/25 35/27/26
f 35/27/26 13/26/25 14/28/26
f 35/27/27 14/28/27 34/29/28
f 34/29/28 14/28/27 15/30/28
f 34/29/29 15/30/29 33/31/30
f 33/31/30 15/30/29 16/32/30
f 33/31/31 16/32/31 32/33/32
f 32/33/32 16/32/31 17/34/32
f 32/33/33 17/34/33 31/35/34
f 31/35/34 17/34/33 18/36/34
f 31/35/35 18/36/35 30/37/36
f 30/37/36 18/36/35 19/38/36
f 30/37/37 19/38/37 29/39/38
f 29/39/38 19/38/37 20/40/38
f 29/39/39 20/40/39 28/41/40
f 28/41/40 20/40/39 21/42/40
f 28/41/41 21/42/41 27/43/42
f 27/43/42 21/42/41 22/44/42
f 27/43/43 22/44/43 26/45/44
f 26/45/44 22/44/43 23/46/44
f 26/45/45 23/46/45 25/47/46
f 25/47/46 23/46/45 24/48/46
f 50/49/47 124/50/47 49/51/47
f 49/51/47 124/50/47 125/52/47
f 49/51/47 125/52/47 72/53/47
f 72/53/47 125/52/47 126/54/47
f 72/53/47 126/54/47 127/55/47
f 50/49/47 51/56/47 124/50/47
f 124/50/47 51/56/47 123/57/47
f 123/57/47 51/56/47 52/58/47
f 123/57/47 52/58/47 53/59/47
f 123/57/47 53/59/47 122/60/47
f 122/60/47 53/59/47 54/61/47
f 122/60/47 54/61/47 28/62/47
f 28/62/47 54/61/47 55/63/47
f 28/62/47 55/63/47 56/64/47
f 56/64/47 57/65/47 28/62/47
f 28/62/47 57/65/47 29/66/47
f 29/66/47 57/65/47 58/67/47
f 29/66/47 58/67/47 59/68/47
f 59/68/47 60/69/47 29/66/47
f 29/66/47 60/69/47 61/70/47
f 29/66/47 61/70/47 30/71/47
f 30/71/47 61/70/47 62/72/47
f 30/71/47 62/72/47 63/73/47
f 63/73/47 64/74/47 30/71/47
f 30/71/47 64/74/47 65/75/47
f 30/71/47 65/75/47 31/76/47
f 31/76/47 65/75/47 66/77/47
f 31/76/47 66/77/47 67/78/47
f 67/78/47 68/79/47 31/76/47
f 31/76/47 68/79/47 32/80/47
f 32/80/47 68/79/47 69/81/47
f 32/80/47 69/81/47 70/82/47
f 71/83/47 128/84/47 70/82/47
f 70/82/47 128/84/47 129/85/47
f 70/82/47 129/85/47 32/80/47
f 32/80/47 129/85/47 33/86/47
f 33/86/47 129/85/47 130/87/47
f 33/86/47 130/87/47 89/88/47
f 89/88/47 130/87/47 88/89/47
f 88/89/47 130/87/47 131/90/47
f 88/89/47 131/90/47 87/91/47
f 87/91/47 131/90/47 132/92/47
f 87/91/47 132/92/47 133/93/47
f 128/84/47 71/83/47 127/55/47
f 127/55/47 71/83/47 72/53/47
f 74/94/47 147/95/47 73/96/47
f 73/96/47 147/95/47 148/97/47
f 73/96/47 148/97/47 96/98/47
f 96/98/47 148/97/47 149/99/47
f 96/98/47 149/99/47 95/100/47
f 95/100/47 149/99/47 150/101/47
f 95/100/47 150/101/47 94/102/47
f 94/102/47 150/101/47 151/103/47
f 94/102/48 151/103/48 152/104/48
f 147/95/47 74/94/47 146/105/47
f 146/105/47 74/94/47 75/106/47
f 146/105/47 75/106/47 145/107/47
f 145/107/47 75/106/47 76/108/47
f 145/107/47 76/108/47 144/109/47
f 144/109/47 76/108/47 77/110/47
f 144/109/47 77/110/47 143/111/47
f 143/111/47 77/110/47 78/112/47
f 143/111/47 78/112/47 142/113/47
f 142/113/47 78/112/47 79/114/47
f 142/113/47 79/114/47 141/115/47
f 141/115/47 79/114/47 140/116/47
f 140/116/47 79/114/47 80/117/47
f 140/116/47 80/117/47 139/118/47
f 139/118/47 80/117/47 81/119/47
f 139/118/47 81/119/47 138/120/47
f 138/120/47 81/119/47 82/121/47
f 138/120/47 82/121/47 137/122/47
f 137/122/47 82/121/47 83/123/47
f 137/122/47 83/123/47 136/124/47
f 136/124/47 83/123/47 84/125/47
f 136/124/47 84/125/47 135/126/47
f 135/126/47 84/125/47 85/127/47
f 135/126/47 85/127/47 134/128/47
f 134/128/47 85/127/47 86/129/47
f 134/128/47 86/129/47 133/93/47
f 133/93/47 86/129/47 87/91/47
f 33/86/47 89/88/47 34/130/47
f 34/130/47 89/88/47 90/131/47
f 34/130/47 90/131/47 35/132/47
f 35/132/47 90/131/47 36/133/47
f 36/133/47 90/131/47 91/134/47
f 36/133/47 91/134/47 37/135/47
f 37/135/47 91/134/47 92/136/47
f 37/135/47 92/136/47 38/137/47
f 38/137/47 92/136/47 39/138/47
f 39/138/47 92/136/47 93/139/47
f 39/138/47 93/139/47 40/140/47
f 40/140/47 93/139/47 152/104/47
f 40/140/47 152/104/47 153/141/47
f 93/139/47 94/102/47 152/104/47
f 98/142/47 44/143/47 97/144/47
f 97/144/47 44/143/47 43/145/47
f 97/144/47 43/145/47 120/146/47
f 120/146/47 43/145/47 119/147/47
f 119/147/47 43/145/47 118/148/47
f 118/148/47 43/145/47 117/149/47
f 117/149/47 43/145/47 42/150/47
f 117/149/47 42/150/47 116/151/47
f 116/151/47 42/150/47 115/152/47
f 115/152/47 42/150/47 114/153/47
f 114/153/47 42/150/47 41/154/47
f 114/153/47 41/154/47 113/155/47
f 113/155/47 41/154/47 112/156/47
f 112/156/47 41/154/47 153/141/47
f 112/156/47 153/141/47 154/157/47
f 98/142/47 99/158/47 44/143/47
f 44/143/47 99/158/47 100/159/47
f 44/143/47 100/159/47 101/160/47
f 44/143/47 101/160/47 45/161/47
f 45/161/47 101/160/47 102/162/47
f 45/161/47 102/162/47 103/163/47
f 103/163/47 104/164/47 45/161/47
f 45/161/47 104/164/47 159/165/47
f 45/161/47 159/165/47 160/166/47
f 104/164/47 105/167/47 159/165/47
f 159/165/47 105/167/47 106/168/47
f 159/165/47 106/168/47 158/169/47
f 158/169/47 106/168/47 107/170/47
f 158/169/47 107/170/47 157/171/47
f 157/171/47 107/170/47 108/172/47
f 157/171/47 108/172/47 109/173/47
f 157/171/47 109/173/47 156/174/47
f 156/174/47 109/173/47 110/175/47
f 156/174/47 110/175/47 155/176/47
f 155/176/47 110/175/47 111/177/47
f 155/176/47 111/177/47 154/157/47
f 154/157/47 111/177/47 112/156/47
f 48/178/47 47/179/47 160/166/47
f 160/166/47 47/179/47 46/180/47
f 160/166/47 46/180/47 45/161/47
f 41/154/47 40/140/47 153/141/47
f 28/62/47 27/181/47 122/60/47
f 122/60/47 27/181/47 121/182/47
f 121/182/47 27/181/47 26/183/47
f 121/182/47 26/183/47 25/184/47
f 24/185/47 23/186/47 164/187/47
f 164/187/47 23/186/47 22/188/47
f 164/187/47 22/188/47 21/189/47
f 21/189/47 20/190/47 164/187/47
f 164/187/47 20/190/47 19/191/47
f 164/187/47 19/191/47 199/192/47
f 199/192/47 19/191/47 198/193/47
f 198/193/47 19/191/47 18/194/47
f 198/193/47 18/194/47 197/195/47
f 197/195/47 18/194/47 196/196/47
f 196/196/47 18/194/47 195/197/47
f 195/197/47 18/194/47 17/198/47
f 195/197/47 17/198/47 194/199/47
f 194/199/47 17/198/47 193/200/47
f 193/200/47 17/198/47 192/201/47
f 192/201/47 17/198/47 16/202/47
f 192/201/47 16/202/47 191/203/47
f 191/203/47 16/202/47 190/204/47
f 190/204/47 16/202/47 189/205/47
f 189/205/47 16/202/47 212/206/47
f 212/206/47 16/202/47 211/207/47
f 211/207/47 16/202/47 15/208/47
f 211/207/47 15/208/47 210/209/47
f 210/209/47 15/208/47 209/210/47
f 209/210/47 15/208/47 208/211/47
f 208/211/47 15/208/47 163/212/47
f 208/211/47 163/212/47 207/213/47
f 207/213/47 163/212/47 206/214/47
f 206/214/47 163/212/47 205/215/47
f 205/215/47 163/212/47 204/216/47
f 204/216/47 163/212/47 203/217/47
f 203/217/47 163/212/47 202/218/47
f 202/218/47 163/212/47 201/219/47
f 201/219/47 163/212/47 200/220/47
f 200/220/47 163/212/47 199/192/47
f 199/192/47 163/212/47 164/187/47
f 15/208/47 14/221/47 163/212/47
f 163/212/47 14/221/47 13/222/47
f 163/212/47 13/222/47 12/223/47
f 163/212/47 12/223/47 162/224/47
f 162/224/47 12/223/47 11/225/47
f 162/224/47 11/225/47 10/226/47
f 9/227/47 179/228/47 10/226/47
f 10/226/47 179/228/47 180/229/47
f 10/226/47 180/229/47 181/230/47
f 8/231/47 174/232/47 9/227/47
f 9/227/47 174/232/47 175/233/47
f 9/227/47 175/233/47 176/234/47
f 7/235/47 171/236/47 8/231/47
f 8/231/47 171/236/47 172/237/47
f 8/231/47 172/237/47 173/238/47
f 6/239/47 168/240/47 7/235/47
f 7/235/47 168/240/47 169/241/47
f 7/235/47 169/241/47 170/242/47
f 5/243/47 161/244/47 6/239/47
f 6/239/47 161/244/47 167/245/47
f 6/239/47 167/245/47 168/240/47
f 5/243/47 4/246/47 161/244/47
f 161/244/47 4/246/47 3/247/47
f 161/244/47 3/247/47 2/248/47
f 2/248/47 1/249/47 161/244/47
f 161/244/47 162/224/47 167/245/47
f 167/245/47 162/224/47 166/250/47
f 166/250/47 162/224/47 165/251/47
f 165/251/47 162/224/47 188/252/47
f 188/252/47 162/224/47 187/253/47
f 187/253/47 162/224/47 186/254/47
f 186/254/47 162/224/47 185/255/47
f 185/255/47 162/224/47 184/256/47
f 184/256/47 162/224/47 183/257/47
f 183/257/47 162/224/47 182/258/47
f 182/258/47 162/224/47 10/226/47
f 182/258/47 10/226/47 181/230/47
f 170/242/47 171/236/47 7/235/47
f 173/238/47 174/232/47 8/231/47
f 176/234/47 177/259/47 9/227/47
f 9/227/47 177/259/47 178/260/47
f 9/227/47 178/260/47 179/228/47
f 214/224/49 215/261/49 213/262/49
f 213/262/49 215/261/49 216/263/49
f 213/262/49 216/263/49 217/264/49
f 214/265/50 218/224/50 215/266/50
f 215/266/50 218/224/50 219/261/50
f 221/224/51 222/261/51 220/267/51
f 220/267/51 222/261/51 219/263/51
f 220/267/51 219/263/51 218/264/51
f 221/265/52 217/224/52 222/266/52
f 222/266/52 217/224/52 216/261/52
f 220/268/53 213/269/53 221/270/53
f 221/270/53 213/269/53 217/271/53
f 216/272/47 215/273/47 222/274/47
f 222/274/47 215/273/47 219/275/47
f 223/264/49 224/262/49 227/263/49
f 227/263/49 224/262/49 226/261/49
f 226/261/49 224/262/49 225/224/49
f 225/265/50 228/224/50 226/266/50
f 226/266/50 228/224/50 229/261/50
f 228/264/51 230/267/51 229/263/51
f 229/263/51 230/267/51 232/261/51
f 232/261/51 230/267/51 231/224/51
f 231/265/52 223/224/52 232/266/52
f 232/266/52 223/224/52 227/261/52
f 230/268/53 224/269/53 231/270/53
f 231/270/53 224/269/53 223/271/53
f 227/272/47 226/273/47 232/274/47
f 232/274/47 226/273/47 229/275/47
f 220/276/47 218/277/47 279/278/47
f 279/278/47 218/277/47 278/279/47
f 278/279/54 218/277/54 214/280/54
f 278/279/47 214/280/47 228/281/47
f 228/281/47 214/280/47 275/282/47
f 228/281/47 275/282/47 230/283/47
f 213/284/47 233/285/47 214/280/47
f 214/280/47 233/285/47 275/282/47
f 275/282/47 233/285/47 274/286/47
f 274/286/47 233/285/47 234/287/47
f 274/286/47 234/287/47 273/288/47
f 273/288/47 234/287/47 235/289/47
f 273/288/47 235/289/47 254/290/47
f 254/290/47 235/289/47 253/291/47
f 253/291/47 235/289/47 236/292/47
f 253/291/47 236/292/47 252/293/47
f 252/293/47 236/292/47 251/294/47
f 251/294/47 236/292/47 237/295/47
f 251/294/47 237/295/47 250/296/47
f 250/296/47 237/295/47 238/297/47
f 250/296/47 238/297/47 249/298/47
f 249/298/47 238/297/47 248/299/47
f 248/299/47 238/297/47 239/300/47
f 248/299/47 239/300/47 240/301/47
f 248/299/47 240/301/47 247/302/47
f 247/302/47 240/301/47 241/303/47
f 247/302/47 241/303/47 246/304/47
f 246/304/47 241/303/47 242/305/47
f 246/304/47 242/305/47 245/306/47
f 245/306/47 242/305/47 243/307/47
f 245/306/48 243/307/48 244/308/48
f 254/290/47 255/309/47 273/288/47
f 273/288/47 255/309/47 272/310/47
f 272/310/47 255/309/47 256/311/47
f 272/310/47 256/311/47 257/312/47
f 272/310/47 257/312/47 271/313/47
f 271/313/47 257/312/47 258/314/47
f 271/313/47 258/314/47 270/315/47
f 270/315/47 258/314/47 259/316/47
f 270/315/47 259/316/47 260/317/47
f 261/318/47 268/319/47 260/317/47
f 260/317/47 268/319/47 269/320/47
f 260/317/47 269/320/47 270/315/47
f 268/319/47 261/318/47 267/321/47
f 267/321/47 261/318/47 262/322/47
f 267/321/47 262/322/47 266/323/47
f 266/323/47 262/322/47 263/324/47
f 266/323/55 263/324/55 265/325/55
f 265/325/47 263/324/47 264/326/47
f 278/279/47 228/281/47 277/327/47
f 277/327/56 228/281/56 225/328/56
f 277/327/47 225/328/47 276/329/47
f 276/329/47 225/328/47 224/330/47
f 233/224/57 48/331/57 234/332/58
f 234/332/58 48/331/57 160/333/59
f 234/332/58 160/333/59 235/334/60
f 235/334/60 160/333/59 159/335/61
f 235/334/60 159/335/61 236/336/62
f 236/336/62 159/335/61 158/337/63
f 236/336/62 158/337/63 237/338/64
f 237/338/65 158/337/63 157/339/66
f 237/338/65 157/339/66 238/340/67
f 238/340/68 157/339/69 156/341/70
f 238/340/68 156/341/71 239/342/72
f 239/342/73 156/341/71 155/343/74
f 239/342/72 155/343/74 240/344/75
f 240/344/75 155/343/76 241/345/77
f 241/345/78 155/343/74 154/346/79
f 241/345/78 154/346/80 242/347/81
f 242/347/81 154/346/82 153/348/83
f 242/347/81 153/348/84 243/349/85
f 243/349/86 153/348/87 152/350/88
f 243/349/86 152/350/88 244/351/89
f 244/351/89 152/350/90 151/352/91
f 244/351/92 151/352/93 245/353/94
f 245/353/95 151/352/93 150/354/96
f 245/353/95 150/354/97 246/355/98
f 246/355/98 150/354/99 149/356/100
f 246/355/101 149/356/102 247/357/103
f 247/357/104 149/356/100 148/358/105
f 247/357/104 148/358/105 248/359/106
f 248/359/106 148/358/107 147/360/108
f 248/359/106 147/360/108 249/361/109
f 249/361/109 147/360/110 146/362/109
f 249/363/111 146/364/111 250/365/112
f 250/365/112 146/364/111 145/366/112
f 250/365/113 145/366/113 251/367/114
f 251/367/114 145/366/113 144/368/114
f 251/367/115 144/368/115 252/369/116
f 252/369/116 144/368/115 143/370/116
f 252/369/117 143/370/117 253/371/118
f 253/371/118 143/370/117 142/372/118
f 253/371/119 142/372/119 254/373/120
f 254/373/52 142/372/119 141/374/52
f 254/373/52 141/374/52 255/375/121
f 255/375/121 141/374/122 140/376/121
f 255/375/123 140/376/123 256/377/124
f 256/377/124 140/376/125 139/378/124
f 256/377/126 139/378/126 257/379/127
f 257/379/127 139/378/126 138/380/127
f 257/379/128 138/380/128 258/381/129
f 258/381/129 138/380/128 137/382/129
f 258/381/130 137/382/130 259/383/131
f 259/383/132 137/382/130 136/384/132
f 136/385/133 135/386/134 259/387/133
f 259/387/133 135/386/134 260/388/135
f 260/388/135 135/386/136 134/389/137
f 260/388/138 134/389/139 261/390/140
f 261/390/141 134/389/139 133/391/142
f 261/390/143 133/391/144 262/392/145
f 262/392/145 133/391/146 132/393/147
f 262/392/145 132/393/147 263/394/148
f 263/394/148 132/393/149 131/395/150
f 263/394/151 131/395/152 264/396/153
f 264/396/153 131/395/154 130/397/155
f 264/396/156 130/397/157 265/398/158
f 265/398/158 130/397/159 129/399/160
f 265/398/161 129/399/162 266/400/163
f 266/400/164 129/399/165 128/401/166
f 266/400/164 128/401/166 267/402/167
f 267/402/168 128/401/169 268/403/170
f 268/403/171 128/401/172 127/404/173
f 268/403/174 127/404/175 269/405/176
f 269/405/177 127/404/173 126/406/178
f 269/405/177 126/406/179 125/407/180
f 269/405/177 125/407/180 270/408/181
f 270/408/182 125/407/183 124/409/184
f 270/408/181 124/409/184 271/410/185
f 271/410/185 124/409/184 123/411/186
f 271/410/185 123/411/187 272/412/188
f 272/412/188 123/411/187 122/413/189
f 272/412/188 122/413/189 273/414/190
f 273/414/190 122/413/191 121/415/192
f 273/414/190 121/415/192 274/416/193
f 274/416/193 121/415/192 25/331/194
f 274/416/193 25/331/194 275/224/194
f 276/417/52 224/418/52 164/419/52
f 164/419/52 224/418/52 230/420/52
f 164/419/52 230/420/52 25/331/52
f 25/331/52 230/420/52 275/224/52
f 25/331/52 24/421/52 164/419/52
f 1/422/52 48/423/52 161/424/52
f 161/424/52 48/423/52 213/425/52
f 161/424/52 213/425/52 220/426/52
f 48/423/52 233/427/52 213/425/52
f 220/426/52 279/428/52 161/424/52
f 280/429/50 281/430/50 277/431/50
f 277/431/50 281/430/50 278/432/50
f 280/433/51 277/434/51 284/435/51
f 284/435/51 277/434/51 309/436/51
f 284/435/51 309/436/51 310/437/51
f 276/438/51 362/439/51 277/434/51
f 277/434/51 362/439/51 363/440/51
f 277/434/51 363/440/51 364/441/51
f 164/244/51 163/224/51 276/438/51
f 276/438/51 163/224/51 379/442/51
f 276/438/51 379/442/51 380/443/51
f 282/444/51 373/445/51 163/224/51
f 163/224/51 373/445/51 374/446/51
f 163/224/51 374/446/51 375/447/51
f 283/448/51 344/449/51 282/444/51
f 282/444/51 344/449/51 345/450/51
f 282/444/51 345/450/51 346/451/51
f 284/435/51 290/452/51 283/448/51
f 283/448/51 290/452/51 291/453/51
f 283/448/51 291/453/51 292/454/51
f 286/455/51 320/456/51 285/457/51
f 285/457/51 320/456/51 321/458/51
f 285/457/51 321/458/51 308/459/51
f 308/459/51 321/458/51 322/460/51
f 308/459/51 322/460/51 307/461/51
f 307/461/51 322/460/51 323/462/51
f 307/461/51 323/462/51 306/463/51
f 306/463/51 323/462/51 324/464/51
f 306/463/51 324/464/51 336/465/51
f 336/465/51 324/464/51 366/466/51
f 336/465/51 366/466/51 335/467/51
f 335/467/51 366/466/51 367/468/51
f 335/467/51 367/468/51 334/469/51
f 334/469/51 367/468/51 368/470/51
f 334/469/51 368/470/51 333/471/51
f 333/471/51 368/470/51 369/472/51
f 333/471/51 369/472/51 356/473/51
f 356/473/51 369/472/51 370/474/51
f 356/473/51 370/474/51 355/475/51
f 355/475/51 370/474/51 371/476/51
f 355/475/51 371/476/51 354/477/51
f 354/477/51 371/476/51 372/478/51
f 354/477/51 372/478/51 353/479/51
f 353/479/51 372/478/51 373/445/51
f 353/479/51 373/445/51 282/444/51
f 320/456/51 286/455/51 319/480/51
f 319/480/51 286/455/51 287/481/51
f 319/480/51 287/481/51 318/482/51
f 318/482/51 287/481/51 288/483/51
f 318/482/51 288/483/51 317/484/51
f 317/484/51 288/483/51 289/485/51
f 317/484/51 289/485/51 316/486/51
f 316/486/51 289/485/51 290/452/51
f 316/486/51 290/452/51 284/435/51
f 292/454/51 293/487/51 283/448/51
f 283/448/51 293/487/51 294/488/51
f 283/448/51 294/488/51 295/489/51
f 295/489/51 296/490/51 283/448/51
f 283/448/51 296/490/51 297/491/51
f 283/448/51 297/491/51 298/492/51
f 298/492/51 299/493/51 283/448/51
f 283/448/51 299/493/51 343/494/51
f 283/448/51 343/494/51 344/449/51
f 299/493/51 300/495/51 343/494/51
f 343/494/51 300/495/51 342/496/51
f 342/496/51 300/495/51 301/497/51
f 342/496/51 301/497/51 341/498/51
f 341/498/51 301/497/51 302/499/51
f 341/498/51 302/499/51 340/500/51
f 340/500/51 302/499/51 303/501/51
f 340/500/51 303/501/51 339/502/51
f 339/502/51 303/501/51 338/503/51
f 338/503/51 303/501/51 304/504/51
f 338/503/51 304/504/51 337/505/51
f 337/505/51 304/504/51 305/506/51
f 337/505/51 305/506/51 306/463/51
f 310/437/51 311/507/51 284/435/51
f 284/435/51 311/507/51 312/508/51
f 284/435/51 312/508/51 313/509/51
f 313/509/51 314/510/51 284/435/51
f 284/435/51 314/510/51 315/511/51
f 284/435/51 315/511/51 316/486/51
f 366/466/51 324/464/51 365/512/51
f 365/512/51 324/464/51 325/513/51
f 365/512/51 325/513/51 326/514/51
f 327/515/51 277/434/51 326/514/51
f 326/514/51 277/434/51 364/441/51
f 326/514/51 364/441/51 365/512/51
f 327/515/51 328/516/51 277/434/51
f 277/434/51 328/516/51 329/517/51
f 277/434/51 329/517/51 330/518/51
f 330/518/51 331/519/51 277/434/51
f 277/434/51 331/519/51 332/520/51
f 277/434/51 332/520/51 309/436/51
f 336/465/51 337/505/51 306/463/51
f 346/451/51 347/521/51 282/444/51
f 282/444/51 347/521/51 348/522/51
f 282/444/51 348/522/51 349/523/51
f 349/523/51 350/524/51 282/444/51
f 282/444/51 350/524/51 351/525/51
f 282/444/51 351/525/51 352/526/51
f 352/526/51 353/479/51 282/444/51
f 380/443/51 357/527/51 276/438/51
f 276/438/51 357/527/51 358/528/51
f 276/438/51 358/528/51 359/529/51
f 359/529/51 360/530/51 276/438/51
f 276/438/51 360/530/51 361/531/51
f 276/438/51 361/531/51 362/439/51
f 375/447/51 376/532/51 163/224/51
f 163/224/51 376/532/51 377/533/51
f 163/224/51 377/533/51 378/534/51
f 378/534/51 379/442/51 163/224/51
f 382/535/195 358/536/195 381/537/196
f 381/537/196 358/536/195 357/538/196
f 381/539/197 357/540/197 404/541/198
f 404/541/198 357/540/197 380/542/198
f 404/541/199 380/542/199 403/543/200
f 403/543/200 380/542/199 379/544/200
f 403/543/201 379/544/201 402/545/202
f 402/545/202 379/544/201 378/546/202
f 402/545/203 378/546/203 401/547/204
f 401/547/204 378/546/203 377/548/204
f 401/547/205 377/548/205 400/549/206
f 400/549/206 377/548/205 376/550/206
f 400/549/207 376/550/207 399/551/208
f 399/551/208 376/550/207 375/552/208
f 399/551/209 375/552/209 398/553/210
f 398/553/210 375/552/209 374/554/210
f 398/553/211 374/554/211 397/555/212
f 397/555/212 374/554/211 373/556/212
f 397/555/213 373/556/213 396/557/214
f 396/557/214 373/556/213 372/558/214
f 396/557/215 372/558/215 395/559/216
f 395/559/216 372/558/215 371/560/216
f 395/559/217 371/560/217 394/561/218
f 394/561/218 371/560/217 370/562/218
f 394/561/219 370/562/219 393/563/48
f 393/563/48 370/562/219 369/224/48
f 393/563/55 369/224/55 392/564/220
f 392/564/220 369/224/55 368/565/220
f 392/564/221 368/565/221 391/566/222
f 391/566/222 368/565/221 367/567/222
f 391/566/223 367/567/223 390/568/224
f 390/568/224 367/567/223 366/569/224
f 390/568/225 366/569/225 389/570/226
f 389/570/226 366/569/225 365/571/226
f 389/570/227 365/571/227 388/572/228
f 388/572/228 365/571/227 364/573/228
f 388/572/229 364/573/229 387/574/230
f 387/574/230 364/573/231 363/575/230
f 387/574/232 363/575/232 386/576/233
f 386/576/234 363/575/232 362/577/234
f 386/576/235 362/577/235 385/578/236
f 385/578/236 362/577/235 361/579/236
f 385/578/237 361/579/237 384/580/238
f 384/580/238 361/579/237 360/581/238
f 384/580/239 360/581/239 383/582/240
f 383/582/240 360/581/239 359/583/240
f 383/582/241 359/583/241 382/535/242
f 382/535/242 359/583/241 358/536/242
f 404/584/51 394/585/51 381/586/51
f 381/586/51 394/585/51 393/587/51
f 381/586/51 393/587/51 382/588/51
f 382/588/51 393/587/51 392/589/51
f 382/588/51 392/589/51 383/590/51
f 383/590/51 392/589/51 391/591/51
f 383/590/51 391/591/51 384/592/51
f 384/592/51 391/591/51 390/593/51
f 384/592/51 390/593/51 385/594/51
f 385/594/51 390/593/51 389/595/51
f 385/594/51 389/595/51 386/596/51
f 386/596/51 389/595/51 388/597/51
f 386/596/51 388/597/51 387/598/51
f 394/585/51 404/584/51 395/599/51
f 395/599/51 404/584/51 403/600/51
f 395/599/51 403/600/51 396/601/51
f 396/601/51 403/600/51 402/602/51
f 396/601/51 402/602/51 397/603/51
f 397/603/51 402/602/51 401/604/51
f 397/603/51 401/604/51 398/605/51
f 398/605/51 401/604/51 400/606/51
f 398/605/51 400/606/51 399/607/51
f 406/535/195 334/536/195 405/537/196
f 405/537/196 334/536/195 333/538/196
f 405/539/197 333/540/197 428/541/198
f 428/541/198 333/540/197 356/542/198
f 428/541/199 356/542/199 427/543/200
f 427/543/200 356/542/199 355/544/200
f 427/543/201 355/544/201 426/545/202
f 426/545/202 355/544/201 354/546/202
f 426/545/243 354/546/243 425/547/204
f 425/547/204 354/546/243 353/548/204
f 425/547/205 353/548/205 424/549/206
f 424/549/206 353/548/205 352/550/206
f 424/549/207 352/550/207 423/551/208
f 423/551/208 352/550/207 351/552/208
f 423/551/209 351/552/209 422/553/210
f 422/553/210 351/552/209 350/554/210
f 422/553/211 350/554/211 421/555/212
f 421/555/212 350/554/211 349/556/212
f 421/555/213 349/556/213 420/557/214
f 420/557/214 349/556/213 348/558/214
f 420/557/215 348/558/215 419/559/216
f 419/559/216 348/558/215 347/560/216
f 419/559/217 347/560/217 418/561/218
f 418/561/218 347/560/217 346/562/218
f 418/561/219 346/562/219 417/563/48
f 417/563/48 346/562/219 345/224/48
f 417/563/55 345/224/55 416/564/220
f 416/564/220 345/224/55 344/565/220
f 416/564/221 344/565/221 415/566/222
f 415/566/222 344/565/221 343/567/222
f 415/566/223 343/567/223 414/568/224
f 414/568/224 343/567/223 342/569/224
f 414/568/225 342/569/225 413/570/226
f 413/570/226 342/569/225 341/571/226
f 413/570/227 341/571/227 412/572/228
f 412/572/228 341/571/227 340/573/228
f 412/572/231 340/573/231 411/574/230
f 411/574/230 340/573/229 339/575/230
f 411/574/232 339/575/232 410/576/234
f 410/576/233 339/575/232 338/577/233
f 410/576/235 338/577/235 409/578/236
f 409/578/236 338/577/235 337/579/236
f 409/578/237 337/579/237 408/580/244
f 408/580/244 337/579/237 336/581/244
f 408/580/239 336/581/239 407/582/240
f 407/582/240 336/581/239 335/583/240
f 407/582/241 335/583/241 406/535/242
f 406/535/242 335/583/241 334/536/242
f 428/584/51 418/585/51 405/586/51
f 405/586/51 418/585/51 417/587/51
f 405/586/51 417/587/51 406/588/51
f 406/588/51 417/587/51 416/589/51
f 406/588/51 416/589/51 407/590/51
f 407/590/51 416/589/51 415/591/51
f 407/590/51 415/591/51 408/592/51
f 408/592/51 415/591/51 414/593/51
f 408/592/51 414/593/51 409/594/51
f 409/594/51 414/593/51 413/595/51
f 409/594/51 413/595/51 410/596/51
f 410/596/51 413/595/51 412/597/51
f 410/596/51 412/597/51 411/598/51
f 418/585/51 428/584/51 419/599/51
f 419/599/51 428/584/51 427/600/51
f 419/599/51 427/600/51 420/601/51
f 420/601/51 427/600/51 426/602/51
f 420/601/51 426/602/51 421/603/51
f 421/603/51 426/602/51 425/604/51
f 421/603/51 425/604/51 422/605/51
f 422/605/51 425/604/51 424/606/51
f 422/605/51 424/606/51 423/607/51
f 430/535/195 310/536/195 429/537/196
f 429/537/196 310/536/195 309/538/196
f 429/539/197 309/540/197 452/541/198
f 452/541/198 309/540/197 332/542/198
f 452/541/199 332/542/199 451/543/200
f 451/543/200 332/542/199 331/544/200
f 451/543/201 331/544/201 450/545/202
f 450/545/202 331/544/201 330/546/202
f 450/545/203 330/546/203 449/547/204
f 449/547/204 330/546/203 329/548/204
f 449/547/205 329/548/205 448/549/206
f 448/549/206 329/548/205 328/550/206
f 448/549/207 328/550/207 447/551/208
f 447/551/208 328/550/207 327/552/208
f 447/551/209 327/552/209 446/553/210
f 446/553/210 327/552/209 326/554/210
f 446/553/211 326/554/211 445/555/212
f 445/555/212 326/554/211 325/556/212
f 445/555/213 325/556/213 444/557/214
f 444/557/214 325/556/213 324/558/214
f 444/557/215 324/558/215 443/559/216
f 443/559/216 324/558/215 323/560/216
f 443/559/217 323/560/217 442/561/218
f 442/561/218 323/560/217 322/562/218
f 442/561/245 322/562/245 441/563/48
f 441/563/48 322/562/245 321/224/48
f 441/563/55 321/224/55 440/564/220
f 440/564/220 321/224/55 320/565/220
f 440/564/221 320/565/221 439/566/222
f 439/566/222 320/565/221 319/567/222
f 439/566/223 319/567/223 438/568/224
f 438/568/224 319/567/223 318/569/224
f 438/568/225 318/569/225 437/570/226
f 437/570/226 318/569/225 317/571/226
f 437/570/227 317/571/227 436/572/228
f 436/572/228 317/571/227 316/573/228
f 436/572/229 316/573/229 435/574/230
f 435/574/230 316/573/231 315/575/230
f 435/574/232 315/575/232 434/576/233
f 434/576/234 315/575/232 314/577/234
f 434/576/235 314/577/235 433/578/236
f 433/578/236 314/577/235 313/579/236
f 433/578/237 313/579/237 432/580/238
f 432/580/238 313/579/237 312/581/238
f 432/580/239 312/581/239 431/582/240
f 431/582/240 312/581/239 311/583/240
f 431/582/241 311/583/241 430/535/242
f 430/535/242 311/583/241 310/536/242
f 452/584/51 442/585/51 429/586/51
f 429/586/51 442/585/51 441/587/51
f 429/586/51 441/587/51 430/588/51
f 430/588/51 441/587/51 440/589/51
f 430/588/51 440/589/51 431/590/51
f 431/590/51 440/589/51 439/591/51
f 431/590/51 439/591/51 432/592/51
f 432/592/51 439/591/51 438/593/51
f 432/592/51 438/593/51 433/594/51
f 433/594/51 438/593/51 437/595/51
f 433/594/51 437/595/51 434/596/51
f 434/596/51 437/595/51 436/597/51
f 434/596/51 436/597/51 435/598/51
f 442/585/51 452/584/51 443/599/51
f 443/599/51 452/584/51 451/600/51
f 443/599/51 451/600/51 444/601/51
f 444/601/51 451/600/51 450/602/51
f 444/601/51 450/602/51 445/603/51
f 445/603/51 450/602/51 449/604/51
f 445/603/51 449/604/51 446/605/51
f 446/605/51 449/604/51 448/606/51
f 446/605/51 448/606/51 447/607/51
f 454/535/195 286/536/195 453/537/196
f 453/537/196 286/536/195 285/538/196
f 453/539/197 285/540/197 476/541/198
f 476/541/198 285/540/197 308/542/198
f 476/541/199 308/542/199 475/543/200
f 475/543/200 308/542/199 307/544/200
f 475/543/201 307/544/201 474/545/202
f 474/545/202 307/544/201 306/546/202
f 474/545/243 306/546/243 473/547/204
f 473/547/204 306/546/243 305/548/204
f 473/547/205 305/548/205 472/549/206
f 472/549/206 305/548/205 304/550/206
f 472/549/207 304/550/207 471/551/208
f 471/551/208 304/550/207 303/552/208
f 471/551/209 303/552/209 470/553/210
f 470/553/210 303/552/209 302/554/210
f 470/553/211 302/554/211 469/555/212
f 469/555/212 302/554/211 301/556/212
f 469/555/213 301/556/213 468/557/214
f 468/557/214 301/556/213 300/558/214
f 468/557/215 300/558/215 467/559/216
f 467/559/216 300/558/215 299/560/216
f 467/559/217 299/560/217 466/561/218
f 466/561/218 299/560/217 298/562/218
f 466/561/245 298/562/245 465/563/48
f 465/563/48 298/562/245 297/224/48
f 465/563/55 297/224/55 464/564/220
f 464/564/220 297/224/55 296/565/220
f 464/564/221 296/565/221 463/566/222
f 463/566/222 296/565/221 295/567/222
f 463/566/223 295/567/223 462/568/224
f 462/568/224 295/567/223 294/569/224
f 462/568/225 294/569/225 461/570/226
f 461/570/226 294/569/225 293/571/226
f 461/570/227 293/571/227 460/572/228
f 460/572/228 293/571/227 292/573/228
f 460/572/231 292/573/231 459/574/230
f 459/574/230 292/573/229 291/575/230
f 459/574/232 291/575/232 458/576/234
f 458/576/233 291/575/232 290/577/233
f 458/576/235 290/577/235 457/578/236
f 457/578/236 290/577/235 289/579/236
f 457/578/237 289/579/237 456/580/244
f 456/580/244 289/579/237 288/581/244
f 456/580/239 288/581/239 455/582/240
f 455/582/240 288/581/239 287/583/240
f 455/582/241 287/583/241 454/535/242
f 454/535/242 287/583/241 286/536/242
f 476/584/51 466/585/51 453/586/51
f 453/586/51 466/585/51 465/587/51
f 453/586/51 465/587/51 454/588/51
f 454/588/51 465/587/51 464/589/51
f 454/588/51 464/589/51 455/590/51
f 455/590/51 464/589/51 463/591/51
f 455/590/51 463/591/51 456/592/51
f 456/592/51 463/591/51 462/593/51
f 456/592/51 462/593/51 457/594/51
f 457/594/51 462/593/51 461/595/51
f 457/594/51 461/595/51 458/596/51
f 458/596/51 461/595/51 460/597/51
f 458/596/51 460/597/51 459/598/51
f 466/585/51 476/584/51 467/599/51
f 467/599/51 476/584/51 475/600/51
f 467/599/51 475/600/51 468/601/51
f 468/601/51 475/600/51 474/602/51
f 468/601/51 474/602/51 469/603/51
f 469/603/51 474/602/51 473/604/51
f 469/603/51 473/604/51 470/605/51
f 470/605/51 473/604/51 472/606/51
f 470/605/51 472/606/51 471/607/51
f 478/535/220 524/536/220 477/537/55
f 477/537/55 524/536/220 501/538/55
f 477/539/48 501/540/48 500/541/219
f 500/541/219 501/540/48 502/608/219
f 500/541/218 502/608/218 499/543/217
f 499/543/217 502/608/218 503/544/217
f 499/543/216 503/544/216 498/545/215
f 498/545/215 503/544/216 504/546/215
f 498/545/214 504/546/214 497/547/213
f 497/547/213 504/546/214 505/548/213
f 497/547/212 505/548/212 496/549/211
f 496/549/211 505/548/212 506/550/211
f 496/549/210 506/550/210 495/551/209
f 495/551/209 506/550/210 507/552/209
f 495/551/208 507/552/208 494/553/207
f 494/553/207 507/552/208 508/554/207
f 494/553/206 508/554/206 493/555/205
f 493/555/205 508/554/206 509/556/205
f 493/555/204 509/556/204 492/557/243
f 492/557/243 509/556/204 510/558/243
f 492/557/202 510/558/202 491/559/201
f 491/559/201 510/558/202 511/560/201
f 491/559/200 511/560/200 490/561/199
f 490/561/199 511/560/200 512/562/199
f 490/561/198 512/562/198 489/563/197
f 489/563/197 512/562/198 513/224/197
f 489/563/196 513/224/196 488/564/195
f 488/564/195 513/224/196 514/565/195
f 488/564/242 514/565/242 487/566/241
f 487/566/241 514/565/242 515/567/241
f 487/566/240 515/567/240 486/568/239
f 486/568/239 515/567/240 516/569/239
f 486/568/244 516/569/244 485/570/237
f 485/570/237 516/569/244 517/571/237
f 485/570/236 517/571/236 484/572/235
f 484/572/235 517/571/236 518/573/235
f 484/572/233 518/573/233 483/574/232
f 483/574/232 518/573/234 519/575/232
f 483/574/230 519/575/230 482/576/229
f 482/576/231 519/575/230 520/577/231
f 482/576/228 520/577/228 481/578/227
f 481/578/227 520/577/228 521/579/227
f 481/578/226 521/579/226 480/580/225
f 480/580/225 521/579/226 522/581/225
f 480/580/224 522/581/224 479/582/223
f 479/582/223 522/581/224 523/583/223
f 479/582/222 523/583/222 478/535/221
f 478/535/221 523/583/222 524/536/221
f 500/584/49 490/585/49 477/586/49
f 477/586/49 490/585/49 489/587/49
f 477/586/49 489/587/49 478/588/49
f 478/588/49 489/587/49 488/589/49
f 478/588/49 488/589/49 479/590/49
f 479/590/49 488/589/49 487/591/49
f 479/590/49 487/591/49 480/592/49
f 480/592/49 487/591/49 486/593/49
f 480/592/49 486/593/49 481/594/49
f 481/594/49 486/593/49 485/595/49
f 481/594/49 485/595/49 482/596/49
f 482/596/49 485/595/49 484/597/49
f 482/596/49 484/597/49 483/598/49
f 490/585/49 500/584/49 491/599/49
f 491/599/49 500/584/49 499/600/49
f 491/599/49 499/600/49 492/601/49
f 492/601/49 499/600/49 498/602/49
f 492/601/49 498/602/49 493/603/49
f 493/603/49 498/602/49 497/604/49
f 493/603/49 497/604/49 494/605/49
f 494/605/49 497/604/49 496/606/49
f 494/605/49 496/606/49 495/607/49
f 526/535/220 572/536/220 525/537/55
f 525/537/55 572/536/220 549/538/55
f 525/539/48 549/540/48 548/541/219
f 548/541/219 549/540/48 550/608/219
f 548/541/218 550/608/218 547/543/217
f 547/543/217 550/608/218 551/544/217
f 547/543/216 551/544/216 546/545/215
f 546/545/215 551/544/216 552/546/215
f 546/545/214 552/546/214 545/547/213
f 545/547/213 552/546/214 553/548/213
f 545/547/212 553/548/212 544/549/211
f 544/549/211 553/548/212 554/550/211
f 544/549/210 554/550/210 543/551/209
f 543/551/209 554/550/210 555/552/209
f 543/551/208 555/552/208 542/553/207
f 542/553/207 555/552/208 556/554/207
f 542/553/206 556/554/206 541/555/205
f 541/555/205 556/554/206 557/556/205
f 541/555/204 557/556/204 540/557/203
f 540/557/203 557/556/204 558/558/203
f 540/557/202 558/558/202 539/559/201
f 539/559/201 558/558/202 559/560/201
f 539/559/200 559/560/200 538/561/199
f 538/561/199 559/560/200 560/562/199
f 538/561/198 560/562/198 537/563/197
f 537/563/197 560/562/198 561/224/197
f 537/563/196 561/224/196 536/564/195
f 536/564/195 561/224/196 562/565/195
f 536/564/242 562/565/242 535/566/241
f 535/566/241 562/565/242 563/567/241
f 535/566/240 563/567/240 534/568/239
f 534/568/239 563/567/240 564/569/239
f 534/568/238 564/569/238 533/570/237
f 533/570/237 564/569/238 565/571/237
f 533/570/236 565/571/236 532/572/235
f 532/572/235 565/571/236 566/573/235
f 532/572/234 566/573/234 531/574/232
f 531/574/232 566/573/233 567/575/232
f 531/574/230 567/575/230 530/576/231
f 530/576/229 567/575/230 568/577/229
f 530/576/228 568/577/228 529/578/227
f 529/578/227 568/577/228 569/579/227
f 529/578/226 569/579/226 528/580/225
f 528/580/225 569/579/226 570/581/225
f 528/580/224 570/581/224 527/582/223
f 527/582/223 570/581/224 571/583/223
f 527/582/222 571/583/222 526/535/221
f 526/535/221 571/583/222 572/536/221
f 548/584/49 538/585/49 525/586/49
f 525/586/49 538/585/49 537/587/49
f 525/586/49 537/587/49 526/588/49
f 526/588/49 537/587/49 536/589/49
f 526/588/49 536/589/49 527/590/49
f 527/590/49 536/589/49 535/591/49
f 527/590/49 535/591/49 528/592/49
f 528/592/49 535/591/49 534/593/49
f 528/592/49 534/593/49 529/594/49
f 529/594/49 534/593/49 533/595/49
f 529/594/49 533/595/49 530/596/49
f 530/596/49 533/595/49 532/597/49
f 530/596/49 532/597/49 531/598/49
f 538/585/49 548/584/49 539/599/49
f 539/599/49 548/584/49 547/600/49
f 539/599/49 547/600/49 540/601/49
f 540/601/49 547/600/49 546/602/49
f 540/601/49 546/602/49 541/603/49
f 541/603/49 546/602/49 545/604/49
f 541/603/49 545/604/49 542/605/49
f 542/605/49 545/604/49 544/606/49
f 542/605/49 544/606/49 543/607/49
f 574/535/220 620/536/220 573/537/55
f 573/537/55 620/536/220 597/538/55
f 573/539/48 597/540/48 596/541/245
f 596/541/245 597/540/48 598/608/245
f 596/541/218 598/608/218 595/543/217
f 595/543/217 598/608/218 599/544/217
f 595/543/216 599/544/216 594/545/215
f 594/545/215 599/544/216 600/546/215
f 594/545/214 600/546/214 593/547/213
f 593/547/213 600/546/214 601/548/213
f 593/547/212 601/548/212 592/549/211
f 592/549/211 601/548/212 602/550/211
f 592/549/210 602/550/210 591/551/209
f 591/551/209 602/550/210 603/552/209
f 591/551/208 603/552/208 590/553/207
f 590/553/207 603/552/208 604/554/207
f 590/553/206 604/554/206 589/555/205
f 589/555/205 604/554/206 605/556/205
f 589/555/204 605/556/204 588/557/243
f 588/557/243 605/556/204 606/558/243
f 588/557/202 606/558/202 587/559/201
f 587/559/201 606/558/202 607/560/201
f 587/559/200 607/560/200 586/561/199
f 586/561/199 607/560/200 608/562/199
f 586/561/198 608/562/198 585/563/197
f 585/563/197 608/562/198 609/224/197
f 585/563/196 609/224/196 584/564/195
f 584/564/195 609/224/196 610/565/195
f 584/564/242 610/565/242 583/566/241
f 583/566/241 610/565/242 611/567/241
f 583/566/240 611/567/240 582/568/239
f 582/568/239 611/567/240 612/569/239
f 582/568/244 612/569/244 581/570/237
f 581/570/237 612/569/244 613/571/237
f 581/570/236 613/571/236 580/572/235
f 580/572/235 613/571/236 614/573/235
f 580/572/233 614/573/233 579/574/232
f 579/574/232 614/573/234 615/575/232
f 579/574/230 615/575/230 578/576/229
f 578/576/231 615/575/230 616/577/231
f 578/576/228 616/577/228 577/578/227
f 577/578/227 616/577/228 617/579/227
f 577/578/226 617/579/226 576/580/225
f 576/580/225 617/579/226 618/581/225
f 576/580/224 618/581/224 575/582/223
f 575/582/223 618/581/224 619/583/223
f 575/582/222 619/583/222 574/535/221
f 574/535/221 619/583/222 620/536/221
f 596/584/49 586/585/49 573/586/49
f 573/586/49 586/585/49 585/587/49
f 573/586/49 585/587/49 574/588/49
f 574/588/49 585/587/49 584/589/49
f 574/588/49 584/589/49 575/590/49
f 575/590/49 584/589/49 583/591/49
f 575/590/49 583/591/49 576/592/49
f 576/592/49 583/591/49 582/593/49
f 576/592/49 582/593/49 577/594/49
f 577/594/49 582/593/49 581/595/49
f 577/594/49 581/595/49 578/596/49
f 578/596/49 581/595/49 580/597/49
f 578/596/49 580/597/49 579/598/49
f 586/585/49 596/584/49 587/599/49
f 587/599/49 596/584/49 595/600/49
f 587/599/49 595/600/49 588/601/49
f 588/601/49 595/600/49 594/602/49
f 588/601/49 594/602/49 589/603/49
f 589/603/49 594/602/49 593/604/49
f 589/603/49 593/604/49 590/605/49
f 590/605/49 593/604/49 592/606/49
f 590/605/49 592/606/49 591/607/49
f 622/535/220 668/536/220 621/537/55
f 621/537/55 668/536/220 645/538/55
f 621/539/48 645/540/48 644/541/245
f 644/541/245 645/540/48 646/608/245
f 644/541/218 646/608/218 643/543/217
f 643/543/217 646/608/218 647/544/217
f 643/543/216 647/544/216 642/545/215
f 642/545/215 647/544/216 648/546/215
f 642/545/214 648/546/214 641/547/213
f 641/547/213 648/546/214 649/548/213
f 641/547/212 649/548/212 640/549/211
f 640/549/211 649/548/212 650/550/211
f 640/549/210 650/550/210 639/551/209
f 639/551/209 650/550/210 651/552/209
f 639/551/208 651/552/208 638/553/207
f 638/553/207 651/552/208 652/554/207
f 638/553/206 652/554/206 637/555/205
f 637/555/205 652/554/206 653/556/205
f 637/555/204 653/556/204 636/557/203
f 636/557/203 653/556/204 654/558/203
f 636/557/202 654/558/202 635/559/201
f 635/559/201 654/558/202 655/560/201
f 635/559/200 655/560/200 634/561/199
f 634/561/199 655/560/200 656/562/199
f 634/561/198 656/562/198 633/563/197
f 633/563/197 656/562/198 657/224/197
f 633/563/196 657/224/196 632/564/195
f 632/564/195 657/224/196 658/565/195
f 632/564/242 658/565/242 631/566/241
f 631/566/241 658/565/242 659/567/241
f 631/566/240 659/567/240 630/568/239
f 630/568/239 659/567/240 660/569/239
f 630/568/238 660/569/238 629/570/237
f 629/570/237 660/569/238 661/571/237
f 629/570/236 661/571/236 628/572/235
f 628/572/235 661/571/236 662/573/235
f 628/572/234 662/573/234 627/574/232
f 627/574/232 662/573/233 663/575/232
f 627/574/230 663/575/230 626/576/231
f 626/576/229 663/575/230 664/577/229
f 626/576/228 664/577/228 625/578/227
f 625/578/227 664/577/228 665/579/227
f 625/578/226 665/579/226 624/580/225
f 624/580/225 665/579/226 666/581/225
f 624/580/224 666/581/224 623/582/223
f 623/582/223 666/581/224 667/583/223
f 623/582/222 667/583/222 622/535/221
f 622/535/221 667/583/222 668/536/221
f 644/584/49 634/585/49 621/586/49
f 621/586/49 634/585/49 633/587/49
f 621/586/49 633/587/49 622/588/49
f 622/588/49 633/587/49 632/589/49
f 622/588/49 632/589/49 623/590/49
f 623/590/49 632/589/49 631/591/49
f 623/590/49 631/591/49 624/592/49
f 624/592/49 631/591/49 630/593/49
f 624/592/49 630/593/49 625/594/49
f 625/594/49 630/593/49 629/595/49
f 625/594/49 629/595/49 626/596/49
f 626/596/49 629/595/49 628/597/49
f 626/596/49 628/597/49 627/598/49
f 634/585/49 644/584/49 635/599/49
f 635/599/49 644/584/49 643/600/49
f 635/599/49 643/600/49 636/601/49
f 636/601/49 643/600/49 642/602/49
f 636/601/49 642/602/49 637/603/49
f 637/603/49 642/602/49 641/604/49
f 637/603/49 641/604/49 638/605/49
f 638/605/49 641/604/49 640/606/49
f 638/605/49 640/606/49 639/607/49
f 120/609/246 694/610/246 97/611/247
f 97/611/247 694/610/246 693/612/247
f 97/613/248 693/614/248 98/615/249
f 98/615/249 693/614/248 716/616/249
f 98/615/250 716/616/250 99/617/251
f 99/617/251 716/616/250 715/618/251
f 99/617/252 715/618/252 100/619/253
f 100/619/254 715/618/252 714/620/254
f 100/619/254 714/620/254 101/621/255
f 101/621/256 714/620/257 713/622/256
f 101/621/258 713/622/258 102/623/259
f 102/623/259 713/622/258 712/624/259
f 102/623/260 712/624/260 103/625/261
f 103/625/261 712/624/260 711/626/261
f 103/625/262 711/626/262 104/627/263
f 104/627/263 711/626/262 710/628/263
f 104/627/264 710/628/264 105/629/265
f 105/629/265 710/628/264 709/630/265
f 105/629/266 709/630/266 106/631/267
f 106/631/267 709/630/266 708/632/267
f 106/631/268 708/632/268 107/633/269
f 107/633/269 708/632/270 707/634/269
f 107/633/271 707/634/271 108/635/272
f 108/635/272 707/634/271 706/636/272
f 108/635/273 706/636/273 109/637/274
f 109/637/274 706/636/273 705/638/274
f 109/637/275 705/638/275 110/639/276
f 110/639/276 705/638/275 704/640/276
f 110/639/277 704/640/277 111/641/278
f 111/641/278 704/640/277 703/642/278
f 111/641/279 703/642/279 112/643/280
f 112/643/280 703/642/279 702/644/280
f 112/643/281 702/644/281 113/645/282
f 113/645/282 702/644/281 701/646/282
f 113/645/283 701/646/283 114/647/284
f 114/647/284 701/646/283 700/648/284
f 114/647/285 700/648/285 115/649/120
f 115/649/120 700/648/285 699/650/120
f 115/649/122 699/650/122 116/651/286
f 116/651/286 699/650/122 698/652/286
f 116/651/287 698/652/287 117/653/288
f 117/653/288 698/652/287 697/654/288
f 117/653/289 697/654/289 118/655/290
f 118/655/291 697/654/292 696/656/291
f 118/655/293 696/656/293 119/657/294
f 119/657/294 696/656/293 695/658/294
f 119/657/295 695/658/295 120/609/296
f 120/609/296 695/658/295 694/610/296
f 670/535/249 716/616/249 669/537/248
f 669/537/248 716/616/249 693/614/248
f 669/539/247 693/612/247 692/541/246
f 692/541/246 693/612/247 694/610/246
f 692/541/296 694/610/296 691/543/295
f 691/543/295 694/610/296 695/658/295
f 691/543/294 695/658/294 690/545/293
f 690/545/293 695/658/294 696/656/293
f 690/545/291 696/656/291 689/547/292
f 689/547/292 696/656/291 697/654/292
f 689/547/288 697/654/288 688/549/287
f 688/549/287 697/654/288 698/652/287
f 688/549/286 698/652/286 687/551/122
f 687/551/122 698/652/286 699/650/122
f 687/551/120 699/650/120 686/553/285
f 686/553/285 699/650/120 700/648/285
f 686/553/284 700/648/284 685/555/283
f 685/555/283 700/648/284 701/646/283
f 685/555/282 701/646/282 684/557/281
f 684/557/281 701/646/282 702/644/281
f 684/557/280 702/644/280 683/559/279
f 683/559/279 702/644/280 703/642/279
f 683/559/278 703/642/278 682/561/277
f 682/561/277 703/642/278 704/640/277
f 682/561/276 704/640/276 681/563/275
f 681/563/275 704/640/276 705/638/275
f 681/563/274 705/638/274 680/564/273
f 680/564/273 705/638/274 706/636/273
f 680/564/272 706/636/272 679/566/271
f 679/566/271 706/636/272 707/634/271
f 679/566/269 707/634/269 678/568/270
f 678/568/268 707/634/269 708/632/268
f 678/568/267 708/632/267 677/570/266
f 677/570/266 708/632/267 709/630/266
f 677/570/265 709/630/265 676/572/264
f 676/572/264 709/630/265 710/628/264
f 676/572/263 710/628/263 675/574/262
f 675/574/262 710/628/263 711/626/262
f 675/574/261 711/626/261 674/576/260
f 674/576/260 711/626/261 712/624/260
f 674/576/259 712/624/259 673/578/258
f 673/578/258 712/624/259 713/622/258
f 673/578/256 713/622/256 672/580/257
f 672/580/254 713/622/255 714/620/254
f 672/580/254 714/620/254 671/582/252
f 671/582/252 714/620/253 715/618/252
f 671/582/251 715/618/251 670/535/250
f 670/535/250 715/618/251 716/616/250
f 692/584/47 682/585/47 669/586/47
f 669/586/47 682/585/47 681/587/47
f 669/586/47 681/587/47 670/588/47
f 670/588/47 681/587/47 680/589/47
f 670/588/47 680/589/47 671/590/47
f 671/590/47 680/589/47 679/591/47
f 671/590/47 679/591/47 672/592/47
f 672/592/47 679/591/47 678/593/47
f 672/592/47 678/593/47 673/594/47
f 673/594/47 678/593/47 677/595/47
f 673/594/47 677/595/47 674/596/47
f 674/596/47 677/595/47 676/597/47
f 674/596/47 676/597/47 675/598/47
f 682/585/47 692/584/47 683/599/47
f 683/599/47 692/584/47 691/600/47
f 683/599/47 691/600/47 684/601/47
f 684/601/47 691/600/47 690/602/47
f 684/601/47 690/602/47 685/603/47
f 685/603/47 690/602/47 689/604/47
f 685/603/47 689/604/47 686/605/47
f 686/605/47 689/604/47 688/606/47
f 686/605/47 688/606/47 687/607/47
f 72/609/246 742/610/246 49/611/247
f 49/611/247 742/610/246 741/612/247
f 49/613/248 741/614/248 50/615/249
f 50/615/249 741/614/248 764/616/249
f 50/615/250 764/616/250 51/617/251
f 51/617/297 764/616/250 763/618/297
f 51/617/252 763/618/252 52/619/253
f 52/619/254 763/618/252 762/620/254
f 52/619/254 762/620/254 53/621/255
f 53/621/256 762/620/257 761/622/256
f 53/621/258 761/622/258 54/623/259
f 54/623/259 761/622/258 760/624/259
f 54/623/260 760/624/260 55/625/261
f 55/625/261 760/624/260 759/626/261
f 55/625/262 759/626/262 56/627/298
f 56/627/298 759/626/262 758/628/298
f 56/627/264 758/628/264 57/629/265
f 57/629/265 758/628/264 757/630/265
f 57/629/266 757/630/266 58/631/267
f 58/631/267 757/630/266 756/632/267
f 58/631/268 756/632/268 59/633/269
f 59/633/269 756/632/270 755/634/269
f 59/633/271 755/634/271 60/635/272
f 60/635/272 755/634/271 754/636/272
f 60/635/299 754/636/299 61/637/274
f 61/637/274 754/636/299 753/638/274
f 61/637/275 753/638/275 62/639/300
f 62/639/300 753/638/275 752/640/300
f 62/639/277 752/640/277 63/641/278
f 63/641/278 752/640/277 751/642/278
f 63/641/279 751/642/279 64/643/280
f 64/643/280 751/642/279 750/644/280
f 64/643/281 750/644/281 65/645/282
f 65/645/282 750/644/281 749/646/282
f 65/645/283 749/646/283 66/647/284
f 66/647/284 749/646/283 748/648/284
f 66/647/301 748/648/301 67/649/120
f 67/649/120 748/648/302 747/650/120
f 67/649/122 747/650/122 68/651/286
f 68/651/286 747/650/122 746/652/286
f 68/651/287 746/652/287 69/653/288
f 69/653/288 746/652/287 745/654/288
f 69/653/289 745/654/289 70/655/290
f 70/655/291 745/654/292 744/656/291
f 70/655/293 744/656/293 71/657/294
f 71/657/294 744/656/293 743/658/294
f 71/657/303 743/658/303 72/609/296
f 72/609/296 743/658/295 742/610/296
f 718/535/249 764/616/249 717/537/248
f 717/537/248 764/616/249 741/614/248
f 717/539/247 741/612/247 740/541/246
f 740/541/246 741/612/247 742/610/246
f 740/541/296 742/610/296 739/543/303
f 739/543/295 742/610/296 743/658/295
f 739/543/294 743/658/294 738/545/293
f 738/545/293 743/658/294 744/656/293
f 738/545/291 744/656/291 737/547/292
f 737/547/292 744/656/291 745/654/292
f 737/547/288 745/654/288 736/549/287
f 736/549/287 745/654/288 746/652/287
f 736/549/286 746/652/286 735/551/122
f 735/551/122 746/652/286 747/650/122
f 735/551/120 747/650/120 734/553/302
f 734/553/301 747/650/120 748/648/301
f 734/553/284 748/648/284 733/555/283
f 733/555/283 748/648/284 749/646/283
f 733/555/282 749/646/282 732/557/281
f 732/557/281 749/646/282 750/644/281
f 732/557/280 750/644/280 731/559/279
f 731/559/279 750/644/280 751/642/279
f 731/559/278 751/642/278 730/561/277
f 730/561/277 751/642/278 752/640/277
f 730/561/300 752/640/300 729/563/275
f 729/563/275 752/640/300 753/638/275
f 729/563/274 753/638/274 728/564/299
f 728/564/299 753/638/274 754/636/299
f 728/564/272 754/636/272 727/566/271
f 727/566/271 754/636/272 755/634/271
f 727/566/269 755/634/269 726/568/270
f 726/568/268 755/634/269 756/632/268
f 726/568/267 756/632/267 725/570/266
f 725/570/266 756/632/267 757/630/266
f 725/570/265 757/630/265 724/572/264
f 724/572/264 757/630/265 758/628/264
f 724/572/298 758/628/298 723/574/262
f 723/574/262 758/628/298 759/626/262
f 723/574/261 759/626/261 722/576/260
f 722/576/260 759/626/261 760/624/260
f 722/576/259 760/624/259 721/578/258
f 721/578/258 760/624/259 761/622/258
f 721/578/256 761/622/256 720/580/257
f 720/580/254 761/622/255 762/620/254
f 720/580/254 762/620/254 719/582/252
f 719/582/252 762/620/253 763/618/252
f 719/582/297 763/618/297 718/535/250
f 718/535/250 763/618/251 764/616/250
f 740/584/47 730/585/47 717/586/47
f 717/586/47 730/585/47 729/587/47
f 717/586/47 729/587/47 718/588/47
f 718/588/47 729/587/47 728/589/47
f 718/588/47 728/589/47 719/590/47
f 719/590/47 728/589/47 727/591/47
f 719/590/47 727/591/47 720/592/47
f 720/592/47 727/591/47 726/593/47
f 720/592/47 726/593/47 721/594/47
f 721/594/47 726/593/47 725/595/47
f 721/594/47 725/595/47 722/596/47
f 722/596/47 725/595/47 724/597/47
f 722/596/47 724/597/47 723/598/47
f 730/585/47 740/584/47 731/599/47
f 731/599/47 740/584/47 739/600/47
f 731/599/47 739/600/47 732/601/47
f 732/601/47 739/600/47 738/602/47
f 732/601/47 738/602/47 733/603/47
f 733/603/47 738/602/47 737/604/47
f 733/603/47 737/604/47 734/605/47
f 734/605/47 737/604/47 736/606/47
f 734/605/47 736/606/47 735/607/47
f 96/659/304 790/660/304 73/661/247
f 73/661/247 790/660/304 789/662/247
f 73/663/248 789/664/248 74/665/305
f 74/665/305 789/664/248 812/666/305
f 74/665/250 812/666/250 75/667/251
f 75/667/251 812/666/250 811/668/251
f 75/667/252 811/668/252 76/669/306
f 76/669/306 811/668/252 810/670/306
f 76/669/307 810/670/307 77/617/255
f 77/617/255 810/670/307 809/671/255
f 77/617/258 809/671/258 78/672/259
f 78/672/259 809/671/258 808/673/259
f 78/672/308 808/673/308 79/674/261
f 79/674/261 808/673/308 807/675/261
f 79/674/262 807/675/262 80/676/298
f 80/676/298 807/675/262 806/677/298
f 80/676/264 806/677/264 81/627/265
f 81/627/265 806/677/264 805/678/265
f 81/627/266 805/678/266 82/679/267
f 82/679/267 805/678/266 804/680/267
f 82/679/270 804/680/270 83/681/269
f 83/681/269 804/680/270 803/682/269
f 83/681/271 803/682/271 84/683/272
f 84/683/272 803/682/309 802/684/272
f 84/683/299 802/684/299 85/637/274
f 85/637/274 802/684/299 801/685/274
f 85/637/275 801/685/275 86/686/300
f 86/686/300 801/685/275 800/687/300
f 86/686/277 800/687/277 87/688/278
f 87/688/278 800/687/277 799/689/278
f 87/688/279 799/689/279 88/690/310
f 88/690/311 799/689/279 798/691/311
f 88/690/312 798/691/312 89/647/313
f 89/647/282 798/691/312 797/692/282
f 89/647/283 797/692/283 90/693/284
f 90/693/284 797/692/283 796/694/284
f 90/693/285 796/694/285 91/695/120
f 91/695/120 796/694/285 795/696/120
f 91/695/122 795/696/122 92/697/286
f 92/697/286 795/696/122 794/698/286
f 92/697/287 794/698/287 93/657/288
f 93/657/288 794/698/287 793/699/288
f 93/657/289 793/699/289 94/700/291
f 94/700/291 793/699/292 792/701/291
f 94/700/314 792/701/314 95/702/294
f 95/702/294 792/701/314 791/703/294
f 95/702/295 791/703/295 96/659/296
f 96/659/296 791/703/295 790/660/296
f 766/704/305 812/666/305 765/705/248
f 765/705/248 812/666/305 789/664/248
f 765/706/247 789/662/247 788/707/304
f 788/707/304 789/662/247 790/660/304
f 788/707/296 790/660/296 787/708/295
f 787/708/295 790/660/296 791/703/295
f 787/708/294 791/703/294 786/709/314
f 786/709/314 791/703/294 792/701/314
f 786/709/291 792/701/291 785/710/292
f 785/710/289 792/701/291 793/699/289
f 785/710/288 793/699/288 784/711/287
f 784/711/287 793/699/288 794/698/287
f 784/711/286 794/698/286 783/712/122
f 783/712/122 794/698/286 795/696/122
f 783/712/120 795/696/120 782/713/285
f 782/713/285 795/696/120 796/694/285
f 782/713/284 796/694/284 781/714/283
f 781/714/283 796/694/284 797/692/283
f 781/714/282 797/692/282 780/715/312
f 780/715/312 797/692/313 798/691/312
f 780/715/311 798/691/311 779/716/279
f 779/716/279 798/691/310 799/689/279
f 779/716/278 799/689/278 778/717/277
f 778/717/277 799/689/278 800/687/277
f 778/717/300 800/687/300 777/718/275
f 777/718/275 800/687/300 801/685/275
f 777/718/274 801/685/274 776/719/299
f 776/719/299 801/685/274 802/684/299
f 776/719/272 802/684/272 775/720/309
f 775/720/271 802/684/272 803/682/271
f 775/720/269 803/682/269 774/721/270
f 774/721/270 803/682/269 804/680/270
f 774/721/267 804/680/267 773/722/266
f 773/722/266 804/680/315 805/678/266
f 773/722/265 805/678/265 772/723/264
f 772/723/264 805/678/265 806/677/264
f 772/723/298 806/677/298 771/724/262
f 771/724/262 806/677/263 807/675/262
f 771/724/261 807/675/261 770/725/260
f 770/725/308 807/675/261 808/673/308
f 770/725/259 808/673/259 769/726/258
f 769/726/258 808/673/259 809/671/258
f 769/726/255 809/671/255 768/727/257
f 768/727/307 809/671/255 810/670/307
f 768/727/306 810/670/306 767/728/252
f 767/728/252 810/670/306 811/668/252
f 767/728/251 811/668/251 766/704/250
f 766/704/250 811/668/251 812/666/250
f 788/729/47 778/730/47 765/731/47
f 765/731/47 778/730/47 777/732/47
f 765/731/47 777/732/47 766/733/47
f 766/733/47 777/732/47 776/734/47
f 766/733/47 776/734/47 767/735/47
f 767/735/47 776/734/47 775/736/47
f 767/735/47 775/736/47 768/737/47
f 768/737/47 775/736/47 774/738/47
f 768/737/47 774/738/47 769/739/47
f 769/739/47 774/738/47 773/740/47
f 769/739/47 773/740/47 770/741/47
f 770/741/47 773/740/47 772/742/47
f 770/741/47 772/742/47 771/743/47
f 778/730/47 788/729/47 779/744/47
f 779/744/47 788/729/47 787/745/47
f 779/744/47 787/745/47 780/746/47
f 780/746/47 787/745/47 786/747/47
f 780/746/47 786/747/47 781/748/47
f 781/748/47 786/747/47 785/749/47
f 781/748/47 785/749/47 782/750/47
f 782/750/47 785/749/47 784/751/47
f 782/750/47 784/751/47 783/752/47
f 814/704/299 862/753/299 813/705/274
f 813/705/274 862/753/299 861/754/274
f 813/706/275 861/755/275 836/707/300
f 836/707/300 861/755/275 884/756/300
f 836/707/277 884/756/277 835/708/278
f 835/708/278 884/756/277 883/757/278
f 835/708/279 883/757/279 834/709/310
f 834/709/310 883/757/279 882/758/310
f 834/709/312 882/758/312 833/710/282
f 833/710/282 882/758/312 881/543/282
f 833/710/283 881/543/283 832/711/284
f 832/711/284 881/543/283 880/759/284
f 832/711/285 880/759/285 831/712/120
f 831/712/120 880/759/285 879/760/120
f 831/712/122 879/760/122 830/713/286
f 830/713/286 879/760/122 878/761/286
f 830/713/287 878/761/287 829/714/288
f 829/714/288 878/761/287 877/553/288
f 829/714/289 877/553/289 828/715/291
f 828/715/291 877/553/289 876/762/291
f 828/715/314 876/762/314 827/716/294
f 827/716/294 876/762/314 875/763/294
f 827/716/295 875/763/295 826/717/296
f 826/717/296 875/763/295 874/764/296
f 826/717/304 874/764/304 825/718/247
f 825/718/247 874/764/304 873/563/247
f 825/718/248 873/563/248 824/719/305
f 824/719/305 873/563/248 872/765/305
f 824/719/250 872/765/250 823/720/251
f 823/720/251 872/765/250 871/766/251
f 823/720/252 871/766/252 822/721/306
f 822/721/306 871/766/252 870/767/306
f 822/721/307 870/767/307 821/722/255
f 821/722/255 870/767/307 869/572/255
f 821/722/258 869/572/258 820/723/259
f 820/723/259 869/572/258 868/768/259
f 820/723/308 868/768/308 819/724/261
f 819/724/261 868/768/260 867/769/261
f 819/724/262 867/769/262 818/725/263
f 818/725/298 867/769/262 866/770/298
f 818/725/264 866/770/264 817/726/265
f 817/726/265 866/770/264 865/582/265
f 817/726/266 865/582/266 816/727/267
f 816/727/267 865/582/266 864/771/267
f 816/727/270 864/771/270 815/728/269
f 815/728/269 864/771/270 863/772/269
f 815/728/271 863/772/271 814/704/272
f 814/704/272 863/772/309 862/753/272
f 838/773/300 884/756/300 837/774/275
f 837/774/275 884/756/300 861/755/275
f 837/775/274 861/754/274 860/776/299
f 860/776/299 861/754/274 862/753/299
f 860/776/272 862/753/272 859/777/309
f 859/777/271 862/753/272 863/772/271
f 859/777/269 863/772/269 858/778/270
f 858/778/270 863/772/269 864/771/270
f 858/778/267 864/771/267 857/583/266
f 857/583/266 864/771/267 865/582/266
f 857/583/265 865/582/265 856/779/264
f 856/779/264 865/582/265 866/770/264
f 856/779/298 866/770/298 855/780/262
f 855/780/262 866/770/263 867/769/262
f 855/780/261 867/769/261 854/781/260
f 854/781/308 867/769/261 868/768/308
f 854/781/259 868/768/259 853/573/258
f 853/573/258 868/768/259 869/572/258
f 853/573/255 869/572/255 852/782/307
f 852/782/307 869/572/255 870/767/307
f 852/782/306 870/767/306 851/783/252
f 851/783/252 870/767/306 871/766/252
f 851/783/251 871/766/251 850/784/250
f 850/784/250 871/766/251 872/765/250
f 850/784/305 872/765/305 849/224/248
f 849/224/248 872/765/305 873/563/248
f 849/224/247 873/563/247 848/785/304
f 848/785/304 873/563/247 874/764/304
f 848/785/296 874/764/296 847/786/295
f 847/786/295 874/764/296 875/763/295
f 847/786/294 875/763/294 846/787/314
f 846/787/314 875/763/294 876/762/314
f 846/787/291 876/762/291 845/554/289
f 845/554/289 876/762/291 877/553/289
f 845/554/288 877/553/288 844/788/287
f 844/788/287 877/553/288 878/761/287
f 844/788/286 878/761/286 843/789/122
f 843/789/122 878/761/286 879/760/122
f 843/789/120 879/760/120 842/790/285
f 842/790/285 879/760/120 880/759/285
f 842/790/284 880/759/284 841/544/283
f 841/544/283 880/759/284 881/543/283
f 841/544/282 881/543/282 840/791/312
f 840/791/312 881/543/282 882/758/312
f 840/791/310 882/758/310 839/792/279
f 839/792/279 882/758/310 883/757/279
f 839/792/278 883/757/278 838/773/277
f 838/773/277 883/757/278 884/756/277
f 836/729/53 826/730/53 813/731/53
f 813/731/53 826/730/53 825/732/53
f 813/731/53 825/732/53 814/733/53
f 814/733/53 825/732/53 824/734/53
f 814/733/53 824/734/53 815/735/53
f 815/735/53 824/734/53 823/736/53
f 815/735/53 823/736/53 816/737/53
f 816/737/53 823/736/53 822/738/53
f 816/737/53 822/738/53 817/739/53
f 817/739/53 822/738/53 821/740/53
f 817/739/53 821/740/53 818/741/53
f 818/741/53 821/740/53 820/742/53
f 818/741/53 820/742/53 819/743/53
f 826/730/53 836/729/53 827/744/53
f 827/744/53 836/729/53 835/745/53
f 827/744/53 835/745/53 828/746/53
f 828/746/53 835/745/53 834/747/53
f 828/746/53 834/747/53 829/748/53
f 829/748/53 834/747/53 833/749/53
f 829/748/53 833/749/53 830/750/53
f 830/750/53 833/749/53 832/751/53
f 830/750/53 832/751/53 831/752/53
f 886/793/276 932/541/276 885/794/275
f 885/794/275 932/541/276 909/539/275
f 885/795/274 909/537/274 908/796/273
f 908/796/273 909/537/274 910/535/273
f 908/796/272 910/535/272 907/797/271
f 907/797/271 910/535/272 911/582/271
f 907/797/269 911/582/269 906/798/268
f 906/798/270 911/582/269 912/580/270
f 906/798/267 912/580/267 905/799/266
f 905/799/266 912/580/267 913/578/266
f 905/799/265 913/578/265 904/800/264
f 904/800/264 913/578/265 914/576/264
f 904/800/263 914/576/263 903/801/50
f 903/801/262 914/576/298 915/574/262
f 903/801/261 915/574/261 902/802/308
f 902/802/260 915/574/50 916/572/260
f 902/802/259 916/572/259 901/803/258
f 901/803/258 916/572/259 917/570/258
f 901/803/255 917/570/255 900/804/254
f 900/804/257 917/570/256 918/568/257
f 900/804/253 918/568/253 899/805/252
f 899/805/252 918/568/254 919/566/252
f 899/805/251 919/566/251 898/806/250
f 898/806/250 919/566/251 920/564/250
f 898/806/249 920/564/249 897/807/248
f 897/807/248 920/564/249 921/563/248
f 897/807/247 921/563/247 896/808/246
f 896/808/246 921/563/247 922/561/246
f 896/808/296 922/561/296 895/809/295
f 895/809/295 922/561/296 923/559/295
f 895/809/294 923/559/294 894/810/293
f 894/810/293 923/559/294 924/557/293
f 894/810/291 924/557/291 893/811/292
f 893/811/289 924/557/290 925/555/289
f 893/811/288 925/555/288 892/812/287
f 892/812/287 925/555/288 926/553/287
f 892/812/286 926/553/286 891/813/122
f 891/813/122 926/553/286 927/551/122
f 891/813/120 927/551/120 890/814/285
f 890/814/285 927/551/120 928/549/285
f 890/814/284 928/549/284 889/815/283
f 889/815/283 928/549/284 929/547/283
f 889/815/282 929/547/282 888/816/281
f 888/816/281 929/547/282 930/545/281
f 888/816/280 930/545/280 887/817/279
f 887/817/279 930/545/280 931/543/279
f 887/817/278 931/543/278 886/793/277
f 886/793/277 931/543/278 932/541/277
f 932/584/53 922/585/53 909/586/53
f 909/586/53 922/585/53 921/587/53
f 909/586/53 921/587/53 910/588/53
f 910/588/53 921/587/53 920/589/53
f 910/588/53 920/589/53 911/590/53
f 911/590/53 920/589/53 919/591/53
f 911/590/53 919/591/53 912/592/53
f 912/592/53 919/591/53 918/593/53
f 912/592/53 918/593/53 913/594/53
f 913/594/53 918/593/53 917/595/53
f 913/594/53 917/595/53 914/596/53
f 914/596/53 917/595/53 916/597/53
f 914/596/53 916/597/53 915/598/53
f 922/585/53 932/584/53 923/599/53
f 923/599/53 932/584/53 931/600/53
f 923/599/53 931/600/53 924/601/53
f 924/601/53 931/600/53 930/602/53
f 924/601/53 930/602/53 925/603/53
f 925/603/53 930/602/53 929/604/53
f 925/603/53 929/604/53 926/605/53
f 926/605/53 929/604/53 928/606/53
f 926/605/53 928/606/53 927/607/53
f 934/793/276 980/541/276 933/794/275
f 933/794/275 980/541/276 957/539/275
f 933/795/274 957/537/274 956/796/273
f 956/796/273 957/537/274 958/535/273
f 956/796/272 958/535/272 955/797/271
f 955/797/271 958/535/272 959/582/271
f 955/797/269 959/582/269 954/798/270
f 954/798/268 959/582/269 960/580/268
f 954/798/315 960/580/315 953/799/266
f 953/799/266 960/580/267 961/578/266
f 953/799/265 961/578/265 952/800/264
f 952/800/264 961/578/265 962/576/264
f 952/800/298 962/576/298 951/801/262
f 951/801/262 962/576/263 963/574/262
f 951/801/261 963/574/261 950/802/260
f 950/802/308 963/574/261 964/572/308
f 950/802/259 964/572/259 949/803/258
f 949/803/258 964/572/259 965/570/258
f 949/803/255 965/570/255 948/804/257
f 948/804/307 965/570/255 966/568/254
f 948/804/254 966/568/254 947/805/252
f 947/805/252 966/568/253 967/566/252
f 947/805/251 967/566/251 946/806/250
f 946/806/250 967/566/251 968/564/250
f 946/806/249 968/564/249 945/807/248
f 945/807/248 968/564/249 969/563/248
f 945/807/247 969/563/247 944/808/246
f 944/808/246 969/563/247 970/561/246
f 944/808/296 970/561/296 943/809/295
f 943/809/295 970/561/296 971/559/295
f 943/809/294 971/559/294 942/810/293
f 942/810/314 971/559/294 972/557/314
f 942/810/316 972/557/316 941/811/289
f 941/811/289 972/557/291 973/555/289
f 941/811/288 973/555/288 940/812/287
f 940/812/287 973/555/288 974/553/287
f 940/812/317 974/553/317 939/813/122
f 939/813/122 974/553/317 975/551/122
f 939/813/120 975/551/120 938/814/285
f 938/814/285 975/551/120 976/549/285
f 938/814/284 976/549/284 937/815/283
f 937/815/283 976/549/284 977/547/283
f 937/815/282 977/547/282 936/816/281
f 936/816/312 977/547/282 978/545/312
f 936/816/311 978/545/311 935/817/279
f 935/817/279 978/545/280 979/543/279
f 935/817/278 979/543/278 934/793/277
f 934/793/277 979/543/278 980/541/277
f 980/584/53 970/585/53 957/586/53
f 957/586/53 970/585/53 969/587/53
f 957/586/53 969/587/53 958/588/53
f 958/588/53 969/587/53 968/589/53
f 958/588/53 968/589/53 959/590/53
f 959/590/53 968/589/53 967/591/53
f 959/590/53 967/591/53 960/592/53
f 960/592/53 967/591/53 966/593/53
f 960/592/53 966/593/53 961/594/53
f 961/594/53 966/593/53 965/595/53
f 961/594/53 965/595/53 962/596/53
f 962/596/53 965/595/53 964/597/53
f 962/596/53 964/597/53 963/598/53
f 970/585/53 980/584/53 971/599/53
f 971/599/53 980/584/53 979/600/53
f 971/599/53 979/600/53 972/601/53
f 972/601/53 979/600/53 978/602/53
f 972/601/53 978/602/53 973/603/53
f 973/603/53 978/602/53 977/604/53
f 973/603/53 977/604/53 974/605/53
f 974/605/53 977/604/53 976/606/53
f 974/605/53 976/606/53 975/607/53
f 982/793/276 1028/541/276 981/794/275
f 981/794/275 1028/541/276 1005/539/275
f 981/795/274 1005/537/274 1004/796/273
f 1004/796/273 1005/537/274 1006/535/273
f 1004/796/272 1006/535/272 1003/797/271
f 1003/797/271 1006/535/272 1007/582/271
f 1003/797/269 1007/582/269 1002/798/268
f 1002/798/270 1007/582/269 1008/580/270
f 1002/798/267 1008/580/267 1001/799/266
f 1001/799/266 1008/580/267 1009/578/266
f 1001/799/265 1009/578/265 1000/800/264
f 1000/800/264 1009/578/265 1010/576/264
f 1000/800/298 1010/576/298 999/801/262
f 999/801/50 1010/576/263 1011/574/50
f 999/801/261 1011/574/261 998/802/260
f 998/802/308 1011/574/261 1012/572/308
f 998/802/259 1012/572/259 997/803/258
f 997/803/258 1012/572/259 1013/570/258
f 997/803/255 1013/570/255 996/804/254
f 996/804/257 1013/570/256 1014/568/257
f 996/804/253 1014/568/253 995/805/252
f 995/805/252 1014/568/254 1015/566/252
f 995/805/251 1015/566/251 994/806/250
f 994/806/250 1015/566/251 1016/564/250
f 994/806/249 1016/564/249 993/807/248
f 993/807/248 1016/564/249 1017/563/248
f 993/807/247 1017/563/247 992/808/246
f 992/808/246 1017/563/247 1018/561/246
f 992/808/296 1018/561/296 991/809/295
f 991/809/295 1018/561/296 1019/559/295
f 991/809/294 1019/559/294 990/810/293
f 990/810/293 1019/559/294 1020/557/293
f 990/810/290 1020/557/290 989/811/289
f 989/811/289 1020/557/290 1021/555/289
f 989/811/288 1021/555/288 988/812/287
f 988/812/287 1021/555/288 1022/553/287
f 988/812/317 1022/553/317 987/813/122
f 987/813/122 1022/553/317 1023/551/122
f 987/813/120 1023/551/120 986/814/285
f 986/814/285 1023/551/120 1024/549/285
f 986/814/284 1024/549/284 985/815/283
f 985/815/283 1024/549/284 1025/547/283
f 985/815/282 1025/547/282 984/816/281
f 984/816/281 1025/547/282 1026/545/281
f 984/816/280 1026/545/280 983/817/279
f 983/817/279 1026/545/280 1027/543/279
f 983/817/318 1027/543/318 982/793/277
f 982/793/277 1027/543/278 1028/541/277
f 1028/584/53 1018/585/53 1005/586/53
f 1005/586/53 1018/585/53 1017/587/53
f 1005/586/53 1017/587/53 1006/588/53
f 1006/588/53 1017/587/53 1016/589/53
f 1006/588/53 1016/589/53 1007/590/53
f 1007/590/53 1016/589/53 1015/591/53
f 1007/590/53 1015/591/53 1008/592/53
f 1008/592/53 1015/591/53 1014/593/53
f 1008/592/53 1014/593/53 1009/594/53
f 1009/594/53 1014/593/53 1013/595/53
f 1009/594/53 1013/595/53 1010/596/53
f 1010/596/53 1013/595/53 1012/597/53
f 1010/596/53 1012/597/53 1011/598/53
f 1018/585/53 1028/584/53 1019/599/53
f 1019/599/53 1028/584/53 1027/600/53
f 1019/599/53 1027/600/53 1020/601/53
f 1020/601/53 1027/600/53 1026/602/53
f 1020/601/53 1026/602/53 1021/603/53
f 1021/603/53 1026/602/53 1025/604/53
f 1021/603/53 1025/604/53 1022/605/53
f 1022/605/53 1025/604/53 1024/606/53
f 1022/605/53 1024/606/53 1023/607/53
f 1030/793/300 1076/541/300 1029/794/275
f 1029/794/275 1076/541/300 1053/539/275
f 1029/795/274 1053/537/274 1052/796/299
f 1052/796/299 1053/537/274 1054/535/299
f 1052/796/272 1054/535/272 1051/797/271
f 1051/797/271 1054/535/272 1055/582/271
f 1051/797/269 1055/582/269 1050/798/268
f 1050/798/270 1055/582/269 1056/580/270
f 1050/798/267 1056/580/267 1049/799/266
f 1049/799/266 1056/580/267 1057/578/266
f 1049/799/265 1057/578/265 1048/800/264
f 1048/800/264 1057/578/265 1058/576/264
f 1048/800/263 1058/576/263 1047/801/262
f 1047/801/262 1058/576/298 1059/574/262
f 1047/801/261 1059/574/261 1046/802/308
f 1046/802/260 1059/574/50 1060/572/260
f 1046/802/259 1060/572/259 1045/803/258
f 1045/803/258 1060/572/259 1061/570/258
f 1045/803/255 1061/570/255 1044/804/254
f 1044/804/257 1061/570/256 1062/568/257
f 1044/804/253 1062/568/253 1043/805/252
f 1043/805/252 1062/568/254 1063/566/252
f 1043/805/297 1063/566/297 1042/806/250
f 1042/806/250 1063/566/251 1064/564/250
f 1042/806/249 1064/564/249 1041/807/248
f 1041/807/248 1064/564/249 1065/563/248
f 1041/807/247 1065/563/247 1040/808/246
f 1040/808/246 1065/563/247 1066/561/246
f 1040/808/296 1066/561/296 1039/809/295
f 1039/809/295 1066/561/296 1067/559/295
f 1039/809/294 1067/559/294 1038/810/293
f 1038/810/293 1067/559/294 1068/557/293
f 1038/810/291 1068/557/291 1037/811/292
f 1037/811/289 1068/557/290 1069/555/289
f 1037/811/288 1069/555/288 1036/812/287
f 1036/812/287 1069/555/288 1070/553/287
f 1036/812/286 1070/553/286 1035/813/122
f 1035/813/122 1070/553/286 1071/551/122
f 1035/813/120 1071/551/120 1034/814/301
f 1034/814/301 1071/551/120 1072/549/301
f 1034/814/284 1072/549/284 1033/815/283
f 1033/815/283 1072/549/284 1073/547/283
f 1033/815/282 1073/547/282 1032/816/281
f 1032/816/281 1073/547/282 1074/545/281
f 1032/816/280 1074/545/280 1031/817/279
f 1031/817/279 1074/545/280 1075/543/279
f 1031/817/278 1075/543/278 1030/793/277
f 1030/793/277 1075/543/278 1076/541/277
f 1076/584/53 1066/585/53 1053/586/53
f 1053/586/53 1066/585/53 1065/587/53
f 1053/586/53 1065/587/53 1054/588/53
f 1054/588/53 1065/587/53 1064/589/53
f 1054/588/53 1064/589/53 1055/590/53
f 1055/590/53 1064/589/53 1063/591/53
f 1055/590/53 1063/591/53 1056/592/53
f 1056/592/53 1063/591/53 1062/593/53
f 1056/592/53 1062/593/53 1057/594/53
f 1057/594/53 1062/593/53 1061/595/53
f 1057/594/53 1061/595/53 1058/596/53
f 1058/596/53 1061/595/53 1060/597/53
f 1058/596/53 1060/597/53 1059/598/53
f 1066/585/53 1076/584/53 1067/599/53
f 1067/599/53 1076/584/53 1075/600/53
f 1067/599/53 1075/600/53 1068/601/53
f 1068/601/53 1075/600/53 1074/602/53
f 1068/601/53 1074/602/53 1069/603/53
f 1069/603/53 1074/602/53 1073/604/53
f 1069/603/53 1073/604/53 1070/605/53
f 1070/605/53 1073/604/53 1072/606/53
f 1070/605/53 1072/606/53 1071/607/53
f 1078/818/246 1124/819/246 1077/820/247
f 1077/820/247 1124/819/246 1101/821/247
f 1077/822/248 1101/823/248 1100/824/249
f 1100/824/249 1101/823/248 1102/825/249
f 1100/824/250 1102/825/250 1099/826/251
f 1099/826/251 1102/825/319 1103/827/251
f 1099/826/252 1103/827/252 1098/828/306
f 1098/828/253 1103/827/252 1104/829/253
f 1098/828/257 1104/829/257 1097/830/255
f 1097/830/255 1104/829/257 1105/831/255
f 1097/830/258 1105/831/258 1096/832/259
f 1096/832/259 1105/831/258 1106/833/259
f 1096/832/320 1106/833/320 1095/834/261
f 1095/834/261 1106/833/320 1107/835/261
f 1095/834/262 1107/835/262 1094/836/321
f 1094/836/321 1107/835/262 1108/837/321
f 1094/836/264 1108/837/264 1093/838/265
f 1093/838/265 1108/837/264 1109/839/265
f 1093/838/266 1109/839/266 1092/840/267
f 1092/840/267 1109/839/266 1110/538/267
f 1092/840/322 1110/538/322 1091/841/269
f 1091/841/269 1110/538/322 1111/842/269
f 1091/841/271 1111/842/271 1090/843/272
f 1090/843/272 1111/842/271 1112/844/272
f 1090/843/299 1112/844/299 1089/845/274
f 1089/845/274 1112/844/299 1113/224/274
f 1089/845/275 1113/224/275 1088/846/300
f 1088/846/300 1113/224/275 1114/556/300
f 1088/846/277 1114/556/277 1087/847/278
f 1087/847/278 1114/556/277 1115/548/278
f 1087/847/279 1115/548/279 1086/848/280
f 1086/848/280 1115/548/279 1116/540/280
f 1086/848/281 1116/540/281 1085/849/282
f 1085/849/282 1116/540/281 1117/850/282
f 1085/849/283 1117/850/283 1084/851/284
f 1084/851/284 1117/850/283 1118/852/284
f 1084/851/285 1118/852/285 1083/853/120
f 1083/853/120 1118/852/285 1119/854/120
f 1083/853/122 1119/854/122 1082/855/286
f 1082/855/286 1119/854/122 1120/856/286
f 1082/855/287 1120/856/287 1081/857/288
f 1081/857/288 1120/856/323 1121/858/288
f 1081/857/289 1121/858/289 1080/859/316
f 1080/859/316 1121/858/289 1122/860/316
f 1080/859/293 1122/860/293 1079/861/294
f 1079/861/294 1122/860/293 1123/862/294
f 1079/861/295 1123/862/295 1078/818/296
f 1078/818/296 1123/862/295 1124/819/296
f 838/729/53 837/731/53 1077/265/53
f 1077/265/53 837/731/53 860/733/53
f 1077/265/53 860/733/53 1078/863/53
f 1078/863/53 860/733/53 859/735/53
f 1078/863/53 859/735/53 1079/864/53
f 1079/864/53 859/735/53 858/737/53
f 1079/864/53 858/737/53 1080/865/53
f 1080/865/53 858/737/53 857/739/53
f 1080/865/53 857/739/53 1081/866/53
f 1081/866/53 857/739/53 856/741/53
f 1081/866/53 856/741/53 1082/867/53
f 1082/867/53 856/741/53 855/743/53
f 1082/867/53 855/743/53 1083/421/53
f 1083/421/53 855/743/53 1084/868/53
f 1084/868/53 855/743/53 854/742/53
f 1084/868/53 854/742/53 1085/869/53
f 1085/869/53 854/742/53 853/740/53
f 1085/869/53 853/740/53 1086/870/53
f 1086/870/53 853/740/53 852/738/53
f 1086/870/53 852/738/53 1087/871/53
f 1087/871/53 852/738/53 851/736/53
f 1087/871/53 851/736/53 1088/872/53
f 1088/872/53 851/736/53 850/734/53
f 1088/872/53 850/734/53 1089/685/53
f 1089/685/53 850/734/53 849/732/53
f 1089/685/53 849/732/53 1090/873/53
f 1090/873/53 849/732/53 848/730/53
f 1090/873/53 848/730/53 847/744/53
f 1090/873/53 847/744/53 1091/874/53
f 1091/874/53 847/744/53 846/746/53
f 1091/874/53 846/746/53 1092/875/53
f 1092/875/53 846/746/53 845/748/53
f 1092/875/53 845/748/53 1093/876/53
f 1093/876/53 845/748/53 844/750/53
f 1093/876/53 844/750/53 1094/877/53
f 1094/877/53 844/750/53 843/752/53
f 1094/877/53 843/752/53 1095/878/53
f 1095/878/53 843/752/53 1096/879/53
f 1096/879/53 843/752/53 842/751/53
f 1096/879/53 842/751/53 1097/880/53
f 1097/880/53 842/751/53 841/749/53
f 1097/880/53 841/749/53 1098/881/53
f 1098/881/53 841/749/53 840/747/53
f 1098/881/53 840/747/53 1099/882/53
f 1099/882/53 840/747/53 839/745/53
f 1099/882/53 839/745/53 1100/883/53
f 1100/883/53 839/745/53 838/729/53
f 1100/883/53 838/729/53 1077/265/53
f 1126/884/324 1180/885/324 1125/886/247
f 1125/886/247 1180/885/324 1153/887/247
f 1125/888/248 1153/889/248 1152/890/325
f 1152/890/325 1153/889/248 1154/891/325
f 1152/890/326 1154/891/326 1151/892/327
f 1151/892/327 1154/891/326 1155/893/327
f 1151/892/328 1155/893/328 1150/894/329
f 1150/894/329 1155/893/328 1156/895/329
f 1150/894/330 1156/895/330 1149/896/331
f 1149/896/331 1156/895/330 1157/897/331
f 1149/896/332 1157/897/332 1148/898/333
f 1148/898/334 1157/897/335 1158/899/334
f 1148/898/336 1158/899/336 1147/900/337
f 1147/900/337 1158/899/336 1159/901/337
f 1147/900/338 1159/901/338 1146/902/261
f 1146/902/261 1159/901/338 1160/903/261
f 1146/902/262 1160/903/262 1145/904/339
f 1145/904/339 1160/903/262 1161/905/339
f 1145/904/340 1161/905/340 1144/906/341
f 1144/906/341 1161/905/340 1162/907/341
f 1144/906/342 1162/907/342 1143/908/343
f 1143/908/344 1162/907/345 1163/909/344
f 1143/908/346 1163/909/346 1142/910/347
f 1142/910/347 1163/909/346 1164/911/347
f 1142/910/348 1164/911/348 1141/912/349
f 1141/912/350 1164/911/348 1165/913/350
f 1141/912/351 1165/913/351 1140/914/352
f 1140/914/352 1165/913/351 1166/915/352
f 1140/914/353 1166/915/353 1139/637/274
f 1139/637/274 1166/915/353 1167/224/274
f 1139/637/275 1167/224/275 1138/916/354
f 1138/916/354 1167/224/275 1168/917/354
f 1138/916/355 1168/917/355 1137/918/356
f 1137/918/356 1168/917/355 1169/919/356
f 1137/918/357 1169/919/357 1136/920/358
f 1136/920/358 1169/919/357 1170/921/358
f 1136/920/359 1170/921/359 1135/922/360
f 1135/922/360 1170/921/359 1171/923/360
f 1135/922/361 1171/923/361 1134/924/362
f 1134/924/363 1171/923/361 1172/925/363
f 1134/924/364 1172/925/364 1133/926/365
f 1133/926/365 1172/925/364 1173/927/365
f 1133/926/366 1173/927/366 1132/928/120
f 1132/928/120 1173/927/366 1174/929/120
f 1132/928/122 1174/929/122 1131/930/367
f 1131/930/367 1174/929/122 1175/931/367
f 1131/930/368 1175/931/368 1130/932/369
f 1130/932/369 1175/931/368 1176/933/369
f 1130/932/370 1176/933/370 1129/934/371
f 1129/934/371 1176/933/372 1177/935/371
f 1129/934/373 1177/935/373 1128/936/374
f 1128/936/374 1177/935/373 1178/937/374
f 1128/936/375 1178/937/375 1127/938/376
f 1127/938/376 1178/937/375 1179/939/376
f 1127/938/377 1179/939/377 1126/884/378
f 1126/884/378 1179/939/377 1180/885/378
f 1152/940/53 1031/941/53 1125/942/53
f 1125/942/53 1031/941/53 1030/943/53
f 1125/942/53 1030/943/53 1029/944/53
f 1151/945/53 1035/946/53 1152/940/53
f 1152/940/53 1035/946/53 1034/947/53
f 1152/940/53 1034/947/53 1033/948/53
f 1150/949/53 1103/882/53 1151/945/53
f 1151/945/53 1103/882/53 1037/950/53
f 1151/945/53 1037/950/53 1036/951/53
f 1103/882/53 1150/949/53 1104/881/53
f 1104/881/53 1150/949/53 1149/952/53
f 1104/881/53 1149/952/53 1105/880/53
f 1105/880/53 1149/952/53 1148/953/53
f 1105/880/53 1148/953/53 955/954/53
f 955/954/53 1148/953/53 956/955/53
f 956/955/53 1148/953/53 933/956/53
f 933/956/53 1148/953/53 1147/957/53
f 933/956/53 1147/957/53 934/958/53
f 934/958/53 1147/957/53 935/959/53
f 935/959/53 1147/957/53 936/960/53
f 936/960/53 1147/957/53 937/961/53
f 937/961/53 1147/957/53 1146/962/53
f 937/961/53 1146/962/53 938/963/53
f 938/963/53 1146/962/53 939/964/53
f 939/964/53 1146/962/53 940/965/53
f 940/965/53 1146/962/53 941/966/53
f 941/966/53 1146/962/53 1145/967/53
f 941/966/53 1145/967/53 942/968/53
f 942/968/53 1145/967/53 943/969/53
f 943/969/53 1145/967/53 944/970/53
f 944/970/53 1145/967/53 945/971/53
f 945/971/53 1145/967/53 1144/972/53
f 945/971/53 1144/972/53 946/973/53
f 946/973/53 1144/972/53 947/974/53
f 947/974/53 1144/972/53 1109/876/53
f 947/974/53 1109/876/53 948/975/53
f 948/975/53 1109/876/53 1108/877/53
f 948/975/53 1108/877/53 949/976/53
f 949/976/53 1108/877/53 950/977/53
f 950/977/53 1108/877/53 1107/878/53
f 950/977/53 1107/878/53 951/978/53
f 951/978/53 1107/878/53 952/979/53
f 952/979/53 1107/878/53 1106/879/53
f 952/979/53 1106/879/53 953/980/53
f 953/980/53 1106/879/53 954/981/53
f 954/981/53 1106/879/53 1105/880/53
f 954/981/53 1105/880/53 955/954/53
f 1144/972/53 1143/982/53 1109/876/53
f 1109/876/53 1143/982/53 1110/875/53
f 1110/875/53 1143/982/53 1142/983/53
f 1110/875/53 1142/983/53 1111/874/53
f 1111/874/53 1142/983/53 1141/984/53
f 1111/874/53 1141/984/53 889/985/53
f 889/985/53 1141/984/53 890/986/53
f 890/986/53 1141/984/53 891/987/53
f 891/987/53 1141/984/53 1140/988/53
f 891/987/53 1140/988/53 892/989/53
f 892/989/53 1140/988/53 893/990/53
f 893/990/53 1140/988/53 894/991/53
f 894/991/53 1140/988/53 895/992/53
f 895/992/53 1140/988/53 1139/993/53
f 895/992/53 1139/993/53 896/994/53
f 896/994/53 1139/993/53 897/995/53
f 897/995/53 1139/993/53 898/996/53
f 898/996/53 1139/993/53 899/997/53
f 899/997/53 1139/993/53 1138/998/53
f 899/997/53 1138/998/53 900/999/53
f 900/999/53 1138/998/53 901/1000/53
f 901/1000/53 1138/998/53 902/1001/53
f 902/1001/53 1138/998/53 903/1002/53
f 903/1002/53 1138/998/53 1137/1003/53
f 903/1002/53 1137/1003/53 904/1004/53
f 904/1004/53 1137/1003/53 905/1005/53
f 905/1005/53 1137/1003/53 1115/871/53
f 905/1005/53 1115/871/53 906/1006/53
f 906/1006/53 1115/871/53 1114/872/53
f 906/1006/53 1114/872/53 907/1007/53
f 907/1007/53 1114/872/53 908/1008/53
f 908/1008/53 1114/872/53 1113/685/53
f 908/1008/53 1113/685/53 885/1009/53
f 885/1009/53 1113/685/53 886/1010/53
f 886/1010/53 1113/685/53 1112/873/53
f 886/1010/53 1112/873/53 887/1011/53
f 887/1011/53 1112/873/53 888/1012/53
f 888/1012/53 1112/873/53 1111/874/53
f 888/1012/53 1111/874/53 889/985/53
f 1137/1003/53 1136/1013/53 1115/871/53
f 1115/871/53 1136/1013/53 1116/870/53
f 1116/870/53 1136/1013/53 1135/1014/53
f 1116/870/53 1135/1014/53 1117/869/53
f 1117/869/53 1135/1014/53 1134/1015/53
f 1117/869/53 1134/1015/53 991/1016/53
f 991/1016/53 1134/1015/53 992/1017/53
f 992/1017/53 1134/1015/53 993/1018/53
f 993/1018/53 1134/1015/53 1133/1019/53
f 993/1018/53 1133/1019/53 994/1020/53
f 994/1020/53 1133/1019/53 995/1021/53
f 995/1021/53 1133/1019/53 996/1022/53
f 996/1022/53 1133/1019/53 997/1023/53
f 997/1023/53 1133/1019/53 1132/1024/53
f 997/1023/53 1132/1024/53 998/1025/53
f 998/1025/53 1132/1024/53 999/1026/53
f 999/1026/53 1132/1024/53 1000/1027/53
f 1000/1027/53 1132/1024/53 1001/1028/53
f 1001/1028/53 1132/1024/53 1131/1029/53
f 1001/1028/53 1131/1029/53 1002/1030/53
f 1002/1030/53 1131/1029/53 1003/1031/53
f 1003/1031/53 1131/1029/53 1004/1032/53
f 1004/1032/53 1131/1029/53 981/1033/53
f 981/1033/53 1131/1029/53 1130/1034/53
f 981/1033/53 1130/1034/53 982/1035/53
f 982/1035/53 1130/1034/53 983/1036/53
f 983/1036/53 1130/1034/53 1121/866/53
f 983/1036/53 1121/866/53 984/1037/53
f 984/1037/53 1121/866/53 1120/867/53
f 984/1037/53 1120/867/53 985/1038/53
f 985/1038/53 1120/867/53 986/1039/53
f 986/1039/53 1120/867/53 1119/421/53
f 986/1039/53 1119/421/53 987/1040/53
f 987/1040/53 1119/421/53 988/1041/53
f 988/1041/53 1119/421/53 1118/868/53
f 988/1041/53 1118/868/53 989/1042/53
f 989/1042/53 1118/868/53 990/1043/53
f 990/1043/53 1118/868/53 1117/869/53
f 990/1043/53 1117/869/53 991/1016/53
f 1130/1034/53 1129/1044/53 1121/866/53
f 1121/866/53 1129/1044/53 1122/865/53
f 1122/865/53 1129/1044/53 1128/1045/53
f 1122/865/53 1128/1045/53 1123/864/53
f 1123/864/53 1128/1045/53 1127/1046/53
f 1123/864/53 1127/1046/53 1045/1047/53
f 1045/1047/53 1127/1046/53 1046/1048/53
f 1046/1048/53 1127/1046/53 1047/1049/53
f 1047/1049/53 1127/1046/53 1126/1050/53
f 1047/1049/53 1126/1050/53 1048/1051/53
f 1048/1051/53 1126/1050/53 1049/1052/53
f 1049/1052/53 1126/1050/53 1050/1053/53
f 1050/1053/53 1126/1050/53 1051/1054/53
f 1051/1054/53 1126/1050/53 1125/942/53
f 1051/1054/53 1125/942/53 1052/1055/53
f 1052/1055/53 1125/942/53 1029/944/53
f 1124/863/53 1042/1056/53 1101/265/53
f 1101/265/53 1042/1056/53 1041/1057/53
f 1101/265/53 1041/1057/53 1040/1058/53
f 1123/864/53 1044/1059/53 1124/863/53
f 1124/863/53 1044/1059/53 1043/1060/53
f 1124/863/53 1043/1060/53 1042/1056/53
f 1037/950/53 1103/882/53 1038/1061/53
f 1038/1061/53 1103/882/53 1102/883/53
f 1038/1061/53 1102/883/53 1039/1062/53
f 1039/1062/53 1102/883/53 1040/1058/53
f 1040/1058/53 1102/883/53 1101/265/53
f 1045/1047/53 1044/1059/53 1123/864/53
f 1036/951/53 1035/946/53 1151/945/53
f 1033/948/53 1032/1063/53 1152/940/53
f 1152/940/53 1032/1063/53 1031/941/53
f 1182/535/249 1228/536/249 1181/537/248
f 1181/537/248 1228/536/249 1205/538/248
f 1181/539/247 1205/540/247 1204/541/246
f 1204/541/246 1205/540/247 1206/542/246
f 1204/541/296 1206/542/296 1203/543/295
f 1203/543/295 1206/542/296 1207/544/295
f 1203/543/294 1207/544/294 1202/545/293
f 1202/545/293 1207/544/294 1208/546/293
f 1202/545/291 1208/546/291 1201/547/289
f 1201/547/289 1208/546/291 1209/548/289
f 1201/547/288 1209/548/288 1200/549/287
f 1200/549/287 1209/548/288 1210/550/287
f 1200/549/379 1210/550/379 1199/551/122
f 1199/551/122 1210/550/286 1211/552/122
f 1199/551/120 1211/552/120 1198/553/285
f 1198/553/302 1211/552/120 1212/554/302
f 1198/553/284 1212/554/284 1197/555/283
f 1197/555/283 1212/554/284 1213/556/283
f 1197/555/282 1213/556/282 1196/557/281
f 1196/557/281 1213/556/282 1214/558/281
f 1196/557/280 1214/558/280 1195/559/279
f 1195/559/279 1214/558/280 1215/560/279
f 1195/559/278 1215/560/278 1194/561/277
f 1194/561/277 1215/560/278 1216/562/277
f 1194/561/300 1216/562/300 1193/563/275
f 1193/563/275 1216/562/300 1217/224/275
f 1193/563/274 1217/224/274 1192/564/299
f 1192/564/299 1217/224/274 1218/565/299
f 1192/564/272 1218/565/272 1191/566/271
f 1191/566/271 1218/565/272 1219/567/271
f 1191/566/269 1219/567/269 1190/568/270
f 1190/568/270 1219/567/269 1220/569/270
f 1190/568/267 1220/569/267 1189/570/266
f 1189/570/266 1220/569/267 1221/571/266
f 1189/570/265 1221/571/265 1188/572/264
f 1188/572/264 1221/571/265 1222/573/264
f 1188/572/298 1222/573/298 1187/574/262
f 1187/574/50 1222/573/263 1223/575/50
f 1187/574/50 1223/575/50 1186/576/260
f 1186/576/308 1223/575/261 1224/577/308
f 1186/576/259 1224/577/259 1185/578/258
f 1185/578/258 1224/577/259 1225/579/258
f 1185/578/255 1225/579/255 1184/580/257
f 1184/580/257 1225/579/255 1226/581/257
f 1184/580/253 1226/581/253 1183/582/252
f 1183/582/252 1226/581/253 1227/583/252
f 1183/582/251 1227/583/251 1182/535/250
f 1182/535/250 1227/583/251 1228/536/250
f 1204/584/47 1194/585/47 1181/586/47
f 1181/586/47 1194/585/47 1193/587/47
f 1181/586/47 1193/587/47 1182/588/47
f 1182/588/47 1193/587/47 1192/589/47
f 1182/588/47 1192/589/47 1183/590/47
f 1183/590/47 1192/589/47 1191/591/47
f 1183/590/47 1191/591/47 1184/592/47
f 1184/592/47 1191/591/47 1190/593/47
f 1184/592/47 1190/593/47 1185/594/47
f 1185/594/47 1190/593/47 1189/595/47
f 1185/594/47 1189/595/47 1186/596/47
f 1186/596/47 1189/595/47 1188/597/47
f 1186/596/47 1188/597/47 1187/598/47
f 1194/585/47 1204/584/47 1195/599/47
f 1195/599/47 1204/584/47 1203/600/47
f 1195/599/47 1203/600/47 1196/601/47
f 1196/601/47 1203/600/47 1202/602/47
f 1196/601/47 1202/602/47 1197/603/47
f 1197/603/47 1202/602/47 1201/604/47
f 1197/603/47 1201/604/47 1198/605/47
f 1198/605/47 1201/604/47 1200/606/47
f 1198/605/47 1200/606/47 1199/607/47
f 1230/535/249 190/536/249 1229/537/248
f 1229/537/248 190/536/249 189/538/248
f 1229/539/247 189/540/247 1252/541/246
f 1252/541/246 189/540/247 212/542/246
f 1252/541/296 212/542/296 1251/543/295
f 1251/543/295 212/542/296 211/544/295
f 1251/543/294 211/544/294 1250/545/314
f 1250/545/314 211/544/294 210/546/314
f 1250/545/316 210/546/316 1249/547/289
f 1249/547/289 210/546/291 209/548/289
f 1249/547/288 209/548/288 1248/549/287
f 1248/549/287 209/548/288 208/550/287
f 1248/549/286 208/550/286 1247/551/122
f 1247/551/122 208/550/286 207/552/122
f 1247/551/120 207/552/120 1246/553/285
f 1246/553/285 207/552/120 206/554/285
f 1246/553/284 206/554/284 1245/555/283
f 1245/555/283 206/554/284 205/556/283
f 1245/555/282 205/556/282 1244/557/312
f 1244/557/312 205/556/282 204/558/312
f 1244/557/311 204/558/311 1243/559/279
f 1243/559/279 204/558/311 203/560/279
f 1243/559/278 203/560/278 1242/561/277
f 1242/561/277 203/560/278 202/562/277
f 1242/561/300 202/562/300 1241/563/275
f 1241/563/275 202/562/300 201/224/275
f 1241/563/274 201/224/274 1240/564/299
f 1240/564/299 201/224/274 200/565/299
f 1240/564/272 200/565/272 1239/566/271
f 1239/566/271 200/565/272 199/567/271
f 1239/566/269 199/567/269 1238/568/270
f 1238/568/270 199/567/269 198/569/270
f 1238/568/267 198/569/267 1237/570/266
f 1237/570/266 198/569/267 197/571/266
f 1237/570/265 197/571/265 1236/572/264
f 1236/572/264 197/571/265 196/573/264
f 1236/572/263 196/573/263 1235/574/262
f 1235/574/262 196/573/263 195/575/262
f 1235/574/261 195/575/261 1234/576/260
f 1234/576/260 195/575/261 194/577/260
f 1234/576/259 194/577/259 1233/578/258
f 1233/578/258 194/577/259 193/579/258
f 1233/578/255 193/579/255 1232/580/257
f 1232/580/257 193/579/255 192/581/257
f 1232/580/253 192/581/253 1231/582/252
f 1231/582/252 192/581/253 191/583/252
f 1231/582/251 191/583/251 1230/535/250
f 1230/535/250 191/583/251 190/536/250
f 1252/584/47 1242/585/47 1229/586/47
f 1229/586/47 1242/585/47 1241/587/47
f 1229/586/47 1241/587/47 1230/588/47
f 1230/588/47 1241/587/47 1240/589/47
f 1230/588/47 1240/589/47 1231/590/47
f 1231/590/47 1240/589/47 1239/591/47
f 1231/590/47 1239/591/47 1232/592/47
f 1232/592/47 1239/591/47 1238/593/47
f 1232/592/47 1238/593/47 1233/594/47
f 1233/594/47 1238/593/47 1237/595/47
f 1233/594/47 1237/595/47 1234/596/47
f 1234/596/47 1237/595/47 1236/597/47
f 1234/596/47 1236/597/47 1235/598/47
f 1242/585/47 1252/584/47 1243/599/47
f 1243/599/47 1252/584/47 1251/600/47
f 1243/599/47 1251/600/47 1244/601/47
f 1244/601/47 1251/600/47 1250/602/47
f 1244/601/47 1250/602/47 1245/603/47
f 1245/603/47 1250/602/47 1249/604/47
f 1245/603/47 1249/604/47 1246/605/47
f 1246/605/47 1249/604/47 1248/606/47
f 1246/605/47 1248/606/47 1247/607/47
f 1254/535/249 1300/536/249 1253/537/248
f 1253/537/248 1300/536/249 1277/538/248
f 1253/539/247 1277/540/247 1276/541/246
f 1276/541/246 1277/540/247 1278/542/246
f 1276/541/296 1278/542/296 1275/543/295
f 1275/543/295 1278/542/296 1279/544/295
f 1275/543/294 1279/544/294 1274/545/293
f 1274/545/293 1279/544/294 1280/546/293
f 1274/545/291 1280/546/291 1273/547/289
f 1273/547/289 1280/546/291 1281/548/289
f 1273/547/288 1281/548/288 1272/549/287
f 1272/549/287 1281/548/288 1282/550/287
f 1272/549/379 1282/550/379 1271/551/122
f 1271/551/122 1282/550/286 1283/552/122
f 1271/551/120 1283/552/120 1270/553/285
f 1270/553/302 1283/552/120 1284/554/302
f 1270/553/284 1284/554/284 1269/555/283
f 1269/555/283 1284/554/284 1285/556/283
f 1269/555/282 1285/556/282 1268/557/281
f 1268/557/281 1285/556/282 1286/558/281
f 1268/557/280 1286/558/280 1267/559/279
f 1267/559/279 1286/558/280 1287/560/279
f 1267/559/278 1287/560/278 1266/561/277
f 1266/561/277 1287/560/278 1288/562/277
f 1266/561/300 1288/562/300 1265/563/275
f 1265/563/275 1288/562/300 1289/224/275
f 1265/563/274 1289/224/274 1264/564/299
f 1264/564/299 1289/224/274 1290/565/299
f 1264/564/272 1290/565/272 1263/566/271
f 1263/566/271 1290/565/272 1291/567/271
f 1263/566/269 1291/567/269 1262/568/270
f 1262/568/270 1291/567/269 1292/569/270
f 1262/568/267 1292/569/267 1261/570/266
f 1261/570/266 1292/569/267 1293/571/266
f 1261/570/265 1293/571/265 1260/572/264
f 1260/572/264 1293/571/265 1294/573/264
f 1260/572/298 1294/573/298 1259/574/262
f 1259/574/50 1294/573/263 1295/575/50
f 1259/574/50 1295/575/50 1258/576/260
f 1258/576/308 1295/575/261 1296/577/308
f 1258/576/259 1296/577/259 1257/578/258
f 1257/578/258 1296/577/259 1297/579/258
f 1257/578/255 1297/579/255 1256/580/257
f 1256/580/257 1297/579/255 1298/581/257
f 1256/580/253 1298/581/253 1255/582/252
f 1255/582/252 1298/581/253 1299/583/252
f 1255/582/251 1299/583/251 1254/535/250
f 1254/535/250 1299/583/251 1300/536/250
f 1276/584/47 1266/585/47 1253/586/47
f 1253/586/47 1266/585/47 1265/587/47
f 1253/586/47 1265/587/47 1254/588/47
f 1254/588/47 1265/587/47 1264/589/47
f 1254/588/47 1264/589/47 1255/590/47
f 1255/590/47 1264/589/47 1263/591/47
f 1255/590/47 1263/591/47 1256/592/47
f 1256/592/47 1263/591/47 1262/593/47
f 1256/592/47 1262/593/47 1257/594/47
f 1257/594/47 1262/593/47 1261/595/47
f 1257/594/47 1261/595/47 1258/596/47
f 1258/596/47 1261/595/47 1260/597/47
f 1258/596/47 1260/597/47 1259/598/47
f 1266/585/47 1276/584/47 1267/599/47
f 1267/599/47 1276/584/47 1275/600/47
f 1267/599/47 1275/600/47 1268/601/47
f 1268/601/47 1275/600/47 1274/602/47
f 1268/601/47 1274/602/47 1269/603/47
f 1269/603/47 1274/602/47 1273/604/47
f 1269/603/47 1273/604/47 1270/605/47
f 1270/605/47 1273/604/47 1272/606/47
f 1270/605/47 1272/606/47 1271/607/47
f 1302/535/249 166/536/249 1301/537/248
f 1301/537/248 166/536/249 165/538/248
f 1301/539/247 165/540/247 1324/541/246
f 1324/541/246 165/540/247 188/542/246
f 1324/541/296 188/542/296 1323/543/295
f 1323/543/295 188/542/296 187/544/295
f 1323/543/294 187/544/294 1322/545/314
f 1322/545/314 187/544/294 186/546/314
f 1322/545/316 186/546/316 1321/547/289
f 1321/547/289 186/546/291 185/548/289
f 1321/547/288 185/548/288 1320/549/287
f 1320/549/287 185/548/288 184/550/287
f 1320/549/286 184/550/286 1319/551/122
f 1319/551/122 184/550/286 183/552/122
f 1319/551/120 183/552/120 1318/553/285
f 1318/553/285 183/552/120 182/554/285
f 1318/553/284 182/554/284 1317/555/283
f 1317/555/283 182/554/284 181/556/283
f 1317/555/282 181/556/282 1316/557/312
f 1316/557/312 181/556/282 180/558/312
f 1316/557/311 180/558/311 1315/559/279
f 1315/559/279 180/558/311 179/560/279
f 1315/559/278 179/560/278 1314/561/277
f 1314/561/277 179/560/278 178/562/277
f 1314/561/300 178/562/300 1313/563/275
f 1313/563/275 178/562/300 177/224/275
f 1313/563/274 177/224/274 1312/564/299
f 1312/564/299 177/224/274 176/565/299
f 1312/564/272 176/565/272 1311/566/271
f 1311/566/271 176/565/272 175/567/271
f 1311/566/269 175/567/269 1310/568/270
f 1310/568/270 175/567/269 174/569/270
f 1310/568/267 174/569/267 1309/570/266
f 1309/570/266 174/569/267 173/571/266
f 1309/570/265 173/571/265 1308/572/264
f 1308/572/264 173/571/265 172/573/264
f 1308/572/263 172/573/263 1307/574/262
f 1307/574/262 172/573/263 171/575/262
f 1307/574/261 171/575/261 1306/576/260
f 1306/576/260 171/575/261 170/577/260
f 1306/576/259 170/577/259 1305/578/258
f 1305/578/258 170/577/259 169/579/258
f 1305/578/255 169/579/255 1304/580/257
f 1304/580/257 169/579/255 168/581/257
f 1304/580/253 168/581/253 1303/582/252
f 1303/582/252 168/581/253 167/583/252
f 1303/582/251 167/583/251 1302/535/250
f 1302/535/250 167/583/251 166/536/250
f 1324/584/47 1314/585/47 1301/586/47
f 1301/586/47 1314/585/47 1313/587/47
f 1301/586/47 1313/587/47 1302/588/47
f 1302/588/47 1313/587/47 1312/589/47
f 1302/588/47 1312/589/47 1303/590/47
f 1303/590/47 1312/589/47 1311/591/47
f 1303/590/47 1311/591/47 1304/592/47
f 1304/592/47 1311/591/47 1310/593/47
f 1304/592/47 1310/593/47 1305/594/47
f 1305/594/47 1310/593/47 1309/595/47
f 1305/594/47 1309/595/47 1306/596/47
f 1306/596/47 1309/595/47 1308/597/47
f 1306/596/47 1308/597/47 1307/598/47
f 1314/585/47 1324/584/47 1315/599/47
f 1315/599/47 1324/584/47 1323/600/47
f 1315/599/47 1323/600/47 1316/601/47
f 1316/601/47 1323/600/47 1322/602/47
f 1316/601/47 1322/602/47 1317/603/47
f 1317/603/47 1322/602/47 1321/604/47
f 1317/603/47 1321/604/47 1318/605/47
f 1318/605/47 1321/604/47 1320/606/47
f 1318/605/47 1320/606/47 1319/607/47
f 1326/535/299 1372/536/299 1325/537/274
f 1325/537/274 1372/536/299 1349/538/274
f 1325/539/275 1349/540/275 1348/541/300
f 1348/541/300 1349/540/275 1350/542/300
f 1348/541/277 1350/542/277 1347/543/278
f 1347/543/278 1350/542/277 1351/544/278
f 1347/543/279 1351/544/279 1346/545/311
f 1346/545/311 1351/544/279 1352/546/311
f 1346/545/312 1352/546/312 1345/547/282
f 1345/547/282 1352/546/312 1353/548/282
f 1345/547/283 1353/548/283 1344/549/284
f 1344/549/284 1353/548/283 1354/550/284
f 1344/549/285 1354/550/285 1343/551/120
f 1343/551/120 1354/550/285 1355/552/120
f 1343/551/122 1355/552/122 1342/553/286
f 1342/553/286 1355/552/122 1356/554/286
f 1342/553/287 1356/554/287 1341/555/288
f 1341/555/288 1356/554/287 1357/556/288
f 1341/555/289 1357/556/289 1340/557/291
f 1340/557/316 1357/556/289 1358/558/316
f 1340/557/314 1358/558/314 1339/559/294
f 1339/559/294 1358/558/314 1359/560/294
f 1339/559/295 1359/560/295 1338/561/296
f 1338/561/296 1359/560/295 1360/562/296
f 1338/561/246 1360/562/246 1337/563/247
f 1337/563/247 1360/562/246 1361/224/247
f 1337/563/248 1361/224/248 1336/564/249
f 1336/564/249 1361/224/248 1362/565/249
f 1336/564/250 1362/565/250 1335/566/251
f 1335/566/251 1362/565/250 1363/567/251
f 1335/566/252 1363/567/252 1334/568/253
f 1334/568/253 1363/567/252 1364/569/253
f 1334/568/257 1364/569/257 1333/570/255
f 1333/570/255 1364/569/257 1365/571/255
f 1333/570/258 1365/571/258 1332/572/259
f 1332/572/259 1365/571/258 1366/573/259
f 1332/572/260 1366/573/260 1331/574/261
f 1331/574/261 1366/573/260 1367/575/261
f 1331/574/262 1367/575/262 1330/576/263
f 1330/576/263 1367/575/262 1368/577/263
f 1330/576/264 1368/577/264 1329/578/265
f 1329/578/265 1368/577/264 1369/579/265
f 1329/578/266 1369/579/266 1328/580/267
f 1328/580/267 1369/579/266 1370/581/267
f 1328/580/270 1370/581/270 1327/582/269
f 1327/582/269 1370/581/270 1371/583/269
f 1327/582/271 1371/583/271 1326/535/272
f 1326/535/272 1371/583/271 1372/536/272
f 1348/584/53 1338/585/53 1325/586/53
f 1325/586/53 1338/585/53 1337/587/53
f 1325/586/53 1337/587/53 1326/588/53
f 1326/588/53 1337/587/53 1336/589/53
f 1326/588/53 1336/589/53 1327/590/53
f 1327/590/53 1336/589/53 1335/591/53
f 1327/590/53 1335/591/53 1328/592/53
f 1328/592/53 1335/591/53 1334/593/53
f 1328/592/53 1334/593/53 1329/594/53
f 1329/594/53 1334/593/53 1333/595/53
f 1329/594/53 1333/595/53 1330/596/53
f 1330/596/53 1333/595/53 1332/597/53
f 1330/596/53 1332/597/53 1331/598/53
f 1338/585/53 1348/584/53 1339/599/53
f 1339/599/53 1348/584/53 1347/600/53
f 1339/599/53 1347/600/53 1340/601/53
f 1340/601/53 1347/600/53 1346/602/53
f 1340/601/53 1346/602/53 1341/603/53
f 1341/603/53 1346/602/53 1345/604/53
f 1341/603/53 1345/604/53 1342/605/53
f 1342/605/53 1345/604/53 1344/606/53
f 1342/605/53 1344/606/53 1343/607/53
f 1374/535/299 1420/536/299 1373/537/274
f 1373/537/274 1420/536/299 1397/538/274
f 1373/539/275 1397/540/275 1396/541/300
f 1396/541/300 1397/540/275 1398/542/300
f 1396/541/277 1398/542/277 1395/543/278
f 1395/543/278 1398/542/277 1399/544/278
f 1395/543/279 1399/544/279 1394/545/280
f 1394/545/280 1399/544/279 1400/546/280
f 1394/545/281 1400/546/281 1393/547/282
f 1393/547/282 1400/546/281 1401/548/282
f 1393/547/283 1401/548/283 1392/549/284
f 1392/549/284 1401/548/283 1402/550/284
f 1392/549/302 1402/550/302 1391/551/120
f 1391/551/120 1402/550/285 1403/552/120
f 1391/551/122 1403/552/122 1390/553/286
f 1390/553/379 1403/552/122 1404/554/379
f 1390/553/287 1404/554/287 1389/555/288
f 1389/555/288 1404/554/287 1405/556/288
f 1389/555/289 1405/556/289 1388/557/291
f 1388/557/291 1405/556/289 1406/558/291
f 1388/557/293 1406/558/293 1387/559/294
f 1387/559/294 1406/558/293 1407/560/294
f 1387/559/295 1407/560/295 1386/561/296
f 1386/561/296 1407/560/295 1408/562/296
f 1386/561/246 1408/562/246 1385/563/247
f 1385/563/247 1408/562/246 1409/224/247
f 1385/563/248 1409/224/248 1384/564/249
f 1384/564/249 1409/224/248 1410/565/249
f 1384/564/250 1410/565/250 1383/566/251
f 1383/566/251 1410/565/250 1411/567/251
f 1383/566/252 1411/567/252 1382/568/253
f 1382/568/253 1411/567/252 1412/569/253
f 1382/568/257 1412/569/257 1381/570/255
f 1381/570/255 1412/569/257 1413/571/255
f 1381/570/258 1413/571/258 1380/572/259
f 1380/572/259 1413/571/258 1414/573/259
f 1380/572/308 1414/573/308 1379/574/261
f 1379/574/50 1414/573/260 1415/575/50
f 1379/574/50 1415/575/50 1378/576/263
f 1378/576/298 1415/575/262 1416/577/298
f 1378/576/264 1416/577/264 1377/578/265
f 1377/578/265 1416/577/264 1417/579/265
f 1377/578/266 1417/579/266 1376/580/267
f 1376/580/267 1417/579/266 1418/581/267
f 1376/580/270 1418/581/270 1375/582/269
f 1375/582/269 1418/581/270 1419/583/269
f 1375/582/271 1419/583/271 1374/535/272
f 1374/535/272 1419/583/271 1420/536/272
f 1396/584/53 1386/585/53 1373/586/53
f 1373/586/53 1386/585/53 1385/587/53
f 1373/586/53 1385/587/53 1374/588/53
f 1374/588/53 1385/587/53 1384/589/53
f 1374/588/53 1384/589/53 1375/590/53
f 1375/590/53 1384/589/53 1383/591/53
f 1375/590/53 1383/591/53 1376/592/53
f 1376/592/53 1383/591/53 1382/593/53
f 1376/592/53 1382/593/53 1377/594/53
f 1377/594/53 1382/593/53 1381/595/53
f 1377/594/53 1381/595/53 1378/596/53
f 1378/596/53 1381/595/53 1380/597/53
f 1378/596/53 1380/597/53 1379/598/53
f 1386/585/53 1396/584/53 1387/599/53
f 1387/599/53 1396/584/53 1395/600/53
f 1387/599/53 1395/600/53 1388/601/53
f 1388/601/53 1395/600/53 1394/602/53
f 1388/601/53 1394/602/53 1389/603/53
f 1389/603/53 1394/602/53 1393/604/53
f 1389/603/53 1393/604/53 1390/605/53
f 1390/605/53 1393/604/53 1392/606/53
f 1390/605/53 1392/606/53 1391/607/53
f 1422/535/299 1468/536/299 1421/537/274
f 1421/537/274 1468/536/299 1445/538/274
f 1421/539/275 1445/540/275 1444/541/300
f 1444/541/300 1445/540/275 1446/542/300
f 1444/541/277 1446/542/277 1443/543/278
f 1443/543/278 1446/542/277 1447/544/278
f 1443/543/279 1447/544/279 1442/545/280
f 1442/545/280 1447/544/279 1448/546/280
f 1442/545/281 1448/546/281 1441/547/282
f 1441/547/282 1448/546/281 1449/548/282
f 1441/547/283 1449/548/283 1440/549/284
f 1440/549/284 1449/548/283 1450/550/284
f 1440/549/285 1450/550/285 1439/551/120
f 1439/551/120 1450/550/285 1451/552/120
f 1439/551/122 1451/552/122 1438/553/286
f 1438/553/286 1451/552/122 1452/554/286
f 1438/553/287 1452/554/287 1437/555/288
f 1437/555/288 1452/554/287 1453/556/288
f 1437/555/289 1453/556/289 1436/557/291
f 1436/557/291 1453/556/289 1454/558/291
f 1436/557/293 1454/558/293 1435/559/294
f 1435/559/294 1454/558/293 1455/560/294
f 1435/559/295 1455/560/295 1434/561/296
f 1434/561/296 1455/560/295 1456/562/296
f 1434/561/246 1456/562/246 1433/563/247
f 1433/563/247 1456/562/246 1457/224/247
f 1433/563/248 1457/224/248 1432/564/249
f 1432/564/249 1457/224/248 1458/565/249
f 1432/564/250 1458/565/250 1431/566/251
f 1431/566/251 1458/565/250 1459/567/251
f 1431/566/252 1459/567/252 1430/568/253
f 1430/568/253 1459/567/252 1460/569/253
f 1430/568/257 1460/569/257 1429/570/255
f 1429/570/255 1460/569/257 1461/571/255
f 1429/570/258 1461/571/258 1428/572/259
f 1428/572/259 1461/571/258 1462/573/259
f 1428/572/260 1462/573/260 1427/574/50
f 1427/574/261 1462/573/308 1463/575/261
f 1427/574/262 1463/575/262 1426/576/298
f 1426/576/263 1463/575/50 1464/577/263
f 1426/576/264 1464/577/264 1425/578/265
f 1425/578/265 1464/577/264 1465/579/265
f 1425/578/266 1465/579/266 1424/580/267
f 1424/580/267 1465/579/266 1466/581/267
f 1424/580/270 1466/581/270 1423/582/269
f 1423/582/269 1466/581/270 1467/583/269
f 1423/582/271 1467/583/271 1422/535/272
f 1422/535/272 1467/583/271 1468/536/272
f 1444/584/53 1434/585/53 1421/586/53
f 1421/586/53 1434/585/53 1433/587/53
f 1421/586/53 1433/587/53 1422/588/53
f 1422/588/53 1433/587/53 1432/589/53
f 1422/588/53 1432/589/53 1423/590/53
f 1423/590/53 1432/589/53 1431/591/53
f 1423/590/53 1431/591/53 1424/592/53
f 1424/592/53 1431/591/53 1430/593/53
f 1424/592/53 1430/593/53 1425/594/53
f 1425/594/53 1430/593/53 1429/595/53
f 1425/594/53 1429/595/53 1426/596/53
f 1426/596/53 1429/595/53 1428/597/53
f 1426/596/53 1428/597/53 1427/598/53
f 1434/585/53 1444/584/53 1435/599/53
f 1435/599/53 1444/584/53 1443/600/53
f 1435/599/53 1443/600/53 1436/601/53
f 1436/601/53 1443/600/53 1442/602/53
f 1436/601/53 1442/602/53 1437/603/53
f 1437/603/53 1442/602/53 1441/604/53
f 1437/603/53 1441/604/53 1438/605/53
f 1438/605/53 1441/604/53 1440/606/53
f 1438/605/53 1440/606/53 1439/607/53
f 1470/535/299 1516/536/299 1469/537/274
f 1469/537/274 1516/536/299 1493/538/274
f 1469/539/275 1493/540/275 1492/541/300
f 1492/541/300 1493/540/275 1494/542/300
f 1492/541/277 1494/542/277 1491/543/278
f 1491/543/278 1494/542/277 1495/544/278
f 1491/543/279 1495/544/279 1490/545/311
f 1490/545/311 1495/544/279 1496/546/311
f 1490/545/312 1496/546/312 1489/547/282
f 1489/547/282 1496/546/312 1497/548/282
f 1489/547/283 1497/548/283 1488/549/284
f 1488/549/284 1497/548/283 1498/550/284
f 1488/549/285 1498/550/285 1487/551/120
f 1487/551/120 1498/550/285 1499/552/120
f 1487/551/122 1499/552/122 1486/553/286
f 1486/553/286 1499/552/122 1500/554/286
f 1486/553/287 1500/554/287 1485/555/288
f 1485/555/288 1500/554/287 1501/556/288
f 1485/555/289 1501/556/289 1484/557/291
f 1484/557/316 1501/556/289 1502/558/316
f 1484/557/314 1502/558/314 1483/559/294
f 1483/559/294 1502/558/314 1503/560/294
f 1483/559/295 1503/560/295 1482/561/296
f 1482/561/296 1503/560/295 1504/562/296
f 1482/561/246 1504/562/246 1481/563/247
f 1481/563/247 1504/562/246 1505/224/247
f 1481/563/248 1505/224/248 1480/564/249
f 1480/564/249 1505/224/248 1506/565/249
f 1480/564/250 1506/565/250 1479/566/251
f 1479/566/251 1506/565/250 1507/567/251
f 1479/566/252 1507/567/252 1478/568/253
f 1478/568/253 1507/567/252 1508/569/253
f 1478/568/257 1508/569/257 1477/570/255
f 1477/570/255 1508/569/257 1509/571/255
f 1477/570/258 1509/571/258 1476/572/259
f 1476/572/259 1509/571/258 1510/573/259
f 1476/572/260 1510/573/260 1475/574/261
f 1475/574/261 1510/573/260 1511/575/261
f 1475/574/262 1511/575/262 1474/576/263
f 1474/576/263 1511/575/262 1512/577/263
f 1474/576/264 1512/577/264 1473/578/265
f 1473/578/265 1512/577/264 1513/579/265
f 1473/578/266 1513/579/266 1472/580/267
f 1472/580/267 1513/579/266 1514/581/267
f 1472/580/270 1514/581/270 1471/582/269
f 1471/582/269 1514/581/270 1515/583/269
f 1471/582/271 1515/583/271 1470/535/272
f 1470/535/272 1515/583/271 1516/536/272
f 1492/584/53 1482/585/53 1469/586/53
f 1469/586/53 1482/585/53 1481/587/53
f 1469/586/53 1481/587/53 1470/588/53
f 1470/588/53 1481/587/53 1480/589/53
f 1470/588/53 1480/589/53 1471/590/53
f 1471/590/53 1480/589/53 1479/591/53
f 1471/590/53 1479/591/53 1472/592/53
f 1472/592/53 1479/591/53 1478/593/53
f 1472/592/53 1478/593/53 1473/594/53
f 1473/594/53 1478/593/53 1477/595/53
f 1473/594/53 1477/595/53 1474/596/53
f 1474/596/53 1477/595/53 1476/597/53
f 1474/596/53 1476/597/53 1475/598/53
f 1482/585/53 1492/584/53 1483/599/53
f 1483/599/53 1492/584/53 1491/600/53
f 1483/599/53 1491/600/53 1484/601/53
f 1484/601/53 1491/600/53 1490/602/53
f 1484/601/53 1490/602/53 1485/603/53
f 1485/603/53 1490/602/53 1489/604/53
f 1485/603/53 1489/604/53 1486/605/53
f 1486/605/53 1489/604/53 1488/606/53
f 1486/605/53 1488/606/53 1487/607/53
f 1518/535/299 1564/536/299 1517/537/274
f 1517/537/274 1564/536/299 1541/538/274
f 1517/539/275 1541/540/275 1540/541/300
f 1540/541/300 1541/540/275 1542/542/300
f 1540/541/277 1542/542/277 1539/543/278
f 1539/543/278 1542/542/277 1543/544/278
f 1539/543/279 1543/544/279 1538/545/280
f 1538/545/280 1543/544/279 1544/546/280
f 1538/545/281 1544/546/281 1537/547/282
f 1537/547/282 1544/546/281 1545/548/282
f 1537/547/283 1545/548/283 1536/549/284
f 1536/549/284 1545/548/283 1546/550/284
f 1536/549/285 1546/550/285 1535/551/120
f 1535/551/120 1546/550/285 1547/552/120
f 1535/551/122 1547/552/122 1534/553/286
f 1534/553/286 1547/552/122 1548/554/286
f 1534/553/287 1548/554/287 1533/555/288
f 1533/555/288 1548/554/287 1549/556/288
f 1533/555/289 1549/556/289 1532/557/291
f 1532/557/291 1549/556/289 1550/558/291
f 1532/557/293 1550/558/293 1531/559/294
f 1531/559/294 1550/558/293 1551/560/294
f 1531/559/295 1551/560/295 1530/561/296
f 1530/561/296 1551/560/295 1552/562/296
f 1530/561/246 1552/562/246 1529/563/247
f 1529/563/247 1552/562/246 1553/224/247
f 1529/563/248 1553/224/248 1528/564/249
f 1528/564/249 1553/224/248 1554/565/249
f 1528/564/250 1554/565/250 1527/566/251
f 1527/566/251 1554/565/250 1555/567/251
f 1527/566/252 1555/567/252 1526/568/253
f 1526/568/253 1555/567/252 1556/569/253
f 1526/568/257 1556/569/257 1525/570/255
f 1525/570/255 1556/569/257 1557/571/255
f 1525/570/258 1557/571/258 1524/572/259
f 1524/572/259 1557/571/258 1558/573/259
f 1524/572/260 1558/573/260 1523/574/50
f 1523/574/261 1558/573/308 1559/575/261
f 1523/574/262 1559/575/262 1522/576/298
f 1522/576/263 1559/575/50 1560/577/263
f 1522/576/264 1560/577/264 1521/578/265
f 1521/578/265 1560/577/264 1561/579/265
f 1521/578/266 1561/579/266 1520/580/267
f 1520/580/267 1561/579/266 1562/581/267
f 1520/580/270 1562/581/270 1519/582/269
f 1519/582/269 1562/581/270 1563/583/269
f 1519/582/271 1563/583/271 1518/535/272
f 1518/535/272 1563/583/271 1564/536/272
f 1540/584/53 1530/585/53 1517/586/53
f 1517/586/53 1530/585/53 1529/587/53
f 1517/586/53 1529/587/53 1518/588/53
f 1518/588/53 1529/587/53 1528/589/53
f 1518/588/53 1528/589/53 1519/590/53
f 1519/590/53 1528/589/53 1527/591/53
f 1519/590/53 1527/591/53 1520/592/53
f 1520/592/53 1527/591/53 1526/593/53
f 1520/592/53 1526/593/53 1521/594/53
f 1521/594/53 1526/593/53 1525/595/53
f 1521/594/53 1525/595/53 1522/596/53
f 1522/596/53 1525/595/53 1524/597/53
f 1522/596/53 1524/597/53 1523/598/53
f 1530/585/53 1540/584/53 1531/599/53
f 1531/599/53 1540/584/53 1539/600/53
f 1531/599/53 1539/600/53 1532/601/53
f 1532/601/53 1539/600/53 1538/602/53
f 1532/601/53 1538/602/53 1533/603/53
f 1533/603/53 1538/602/53 1537/604/53
f 1533/603/53 1537/604/53 1534/605/53
f 1534/605/53 1537/604/53 1536/606/53
f 1534/605/53 1536/606/53 1535/607/53
f 1566/535/299 1612/536/299 1565/537/274
f 1565/537/274 1612/536/299 1589/538/274
f 1565/539/275 1589/540/275 1588/541/300
f 1588/541/300 1589/540/275 1590/542/300
f 1588/541/277 1590/542/277 1587/543/278
f 1587/543/278 1590/542/277 1591/544/278
f 1587/543/279 1591/544/279 1586/545/280
f 1586/545/280 1591/544/279 1592/546/280
f 1586/545/281 1592/546/281 1585/547/282
f 1585/547/282 1592/546/281 1593/548/282
f 1585/547/283 1593/548/283 1584/549/284
f 1584/549/284 1593/548/283 1594/550/284
f 1584/549/302 1594/550/302 1583/551/120
f 1583/551/120 1594/550/285 1595/552/120
f 1583/551/122 1595/552/122 1582/553/286
f 1582/553/379 1595/552/122 1596/554/379
f 1582/553/287 1596/554/287 1581/555/288
f 1581/555/288 1596/554/287 1597/556/288
f 1581/555/289 1597/556/289 1580/557/291
f 1580/557/291 1597/556/289 1598/558/291
f 1580/557/293 1598/558/293 1579/559/294
f 1579/559/294 1598/558/293 1599/560/294
f 1579/559/295 1599/560/295 1578/561/296
f 1578/561/296 1599/560/295 1600/562/296
f 1578/561/246 1600/562/246 1577/563/247
f 1577/563/247 1600/562/246 1601/224/247
f 1577/563/248 1601/224/248 1576/564/249
f 1576/564/249 1601/224/248 1602/565/249
f 1576/564/250 1602/565/250 1575/566/251
f 1575/566/251 1602/565/250 1603/567/251
f 1575/566/252 1603/567/252 1574/568/253
f 1574/568/253 1603/567/252 1604/569/253
f 1574/568/257 1604/569/257 1573/570/255
f 1573/570/255 1604/569/257 1605/571/255
f 1573/570/258 1605/571/258 1572/572/259
f 1572/572/259 1605/571/258 1606/573/259
f 1572/572/308 1606/573/308 1571/574/261
f 1571/574/50 1606/573/260 1607/575/50
f 1571/574/50 1607/575/50 1570/576/263
f 1570/576/298 1607/575/262 1608/577/298
f 1570/576/264 1608/577/264 1569/578/265
f 1569/578/265 1608/577/264 1609/579/265
f 1569/578/266 1609/579/266 1568/580/267
f 1568/580/267 1609/579/266 1610/581/267
f 1568/580/270 1610/581/270 1567/582/269
f 1567/582/269 1610/581/270 1611/583/269
f 1567/582/271 1611/583/271 1566/535/272
f 1566/535/272 1611/583/271 1612/536/272
f 1588/584/53 1578/585/53 1565/586/53
f 1565/586/53 1578/585/53 1577/587/53
f 1565/586/53 1577/587/53 1566/588/53
f 1566/588/53 1577/587/53 1576/589/53
f 1566/588/53 1576/589/53 1567/590/53
f 1567/590/53 1576/589/53 1575/591/53
f 1567/590/53 1575/591/53 1568/592/53
f 1568/592/53 1575/591/53 1574/593/53
f 1568/592/53 1574/593/53 1569/594/53
f 1569/594/53 1574/593/53 1573/595/53
f 1569/594/53 1573/595/53 1570/596/53
f 1570/596/53 1573/595/53 1572/597/53
f 1570/596/53 1572/597/53 1571/598/53
f 1578/585/53 1588/584/53 1579/599/53
f 1579/599/53 1588/584/53 1587/600/53
f 1579/599/53 1587/600/53 1580/601/53
f 1580/601/53 1587/600/53 1586/602/53
f 1580/601/53 1586/602/53 1581/603/53
f 1581/603/53 1586/602/53 1585/604/53
f 1581/603/53 1585/604/53 1582/605/53
f 1582/605/53 1585/604/53 1584/606/53
f 1582/605/53 1584/606/53 1583/607/53
f 1614/535/380 1660/536/380 1613/537/381
f 1613/537/49 1660/536/382 1637/538/49
f 1613/539/49 1637/540/49 1636/541/383
f 1636/541/384 1637/540/385 1638/542/384
f 1636/541/386 1638/542/386 1635/543/387
f 1635/543/388 1638/542/386 1639/544/388
f 1635/543/389 1639/544/389 1634/545/390
f 1634/545/390 1639/544/389 1640/546/390
f 1634/545/391 1640/546/391 1633/547/392
f 1633/547/392 1640/546/393 1641/548/392
f 1633/547/394 1641/548/394 1632/549/395
f 1632/549/395 1641/548/394 1642/550/395
f 1632/549/396 1642/550/396 1631/551/397
f 1631/551/397 1642/550/396 1643/552/397
f 1631/551/398 1643/552/398 1630/553/399
f 1630/553/399 1643/552/398 1644/554/399
f 1630/553/400 1644/554/400 1629/555/401
f 1629/555/401 1644/554/400 1645/556/401
f 1629/555/402 1645/556/402 1628/557/403
f 1628/557/403 1645/556/402 1646/558/403
f 1628/557/404 1646/558/404 1627/559/405
f 1627/559/405 1646/558/404 1647/560/405
f 1627/559/406 1647/560/406 1626/561/407
f 1626/561/407 1647/560/406 1648/562/407
f 1626/561/408 1648/562/408 1625/563/51
f 1625/563/409 1648/562/410 1649/224/409
f 1625/563/411 1649/224/411 1624/564/412
f 1624/564/413 1649/224/51 1650/565/413
f 1624/564/414 1650/565/414 1623/566/415
f 1623/566/415 1650/565/414 1651/567/415
f 1623/566/416 1651/567/416 1622/568/417
f 1622/568/417 1651/567/416 1652/569/417
f 1622/568/418 1652/569/418 1621/570/419
f 1621/570/419 1652/569/418 1653/571/419
f 1621/570/420 1653/571/420 1620/572/421
f 1620/572/421 1653/571/420 1654/573/421
f 1620/572/422 1654/573/422 1619/574/423
f 1619/574/423 1654/573/424 1655/575/423
f 1619/574/425 1655/575/425 1618/576/426
f 1618/576/426 1655/575/425 1656/577/426
f 1618/576/427 1656/577/427 1617/578/428
f 1617/578/428 1656/577/427 1657/579/428
f 1617/578/429 1657/579/429 1616/580/430
f 1616/580/431 1657/579/429 1658/581/431
f 1616/580/432 1658/581/432 1615/582/433
f 1615/582/433 1658/581/432 1659/583/433
f 1615/582/434 1659/583/434 1614/535/435
f 1614/535/435 1659/583/436 1660/536/435
f 1636/584/50 1626/585/50 1613/586/50
f 1613/586/50 1626/585/50 1625/587/50
f 1613/586/50 1625/587/50 1614/588/50
f 1614/588/50 1625/587/50 1624/589/50
f 1614/588/50 1624/589/50 1615/590/50
f 1615/590/50 1624/589/50 1623/591/50
f 1615/590/50 1623/591/50 1616/592/50
f 1616/592/50 1623/591/50 1622/593/50
f 1616/592/50 1622/593/50 1617/594/50
f 1617/594/50 1622/593/50 1621/595/50
f 1617/594/50 1621/595/50 1618/596/50
f 1618/596/50 1621/595/50 1620/597/50
f 1618/596/50 1620/597/50 1619/598/50
f 1626/585/50 1636/584/50 1627/599/50
f 1627/599/50 1636/584/50 1635/600/50
f 1627/599/50 1635/600/50 1628/601/50
f 1628/601/50 1635/600/50 1634/602/50
f 1628/601/50 1634/602/50 1629/603/50
f 1629/603/50 1634/602/50 1633/604/50
f 1629/603/50 1633/604/50 1630/605/50
f 1630/605/50 1633/604/50 1632/606/50
f 1630/605/50 1632/606/50 1631/607/50
f 1662/535/380 1708/536/380 1661/537/381
f 1661/537/381 1708/536/380 1685/538/381
f 1661/539/385 1685/540/385 1684/541/384
f 1684/541/384 1685/540/385 1686/542/384
f 1684/541/386 1686/542/386 1683/543/388
f 1683/543/387 1686/542/386 1687/544/387
f 1683/543/389 1687/544/389 1682/545/390
f 1682/545/390 1687/544/389 1688/546/390
f 1682/545/393 1688/546/393 1681/547/392
f 1681/547/392 1688/546/391 1689/548/392
f 1681/547/394 1689/548/394 1680/549/395
f 1680/549/395 1689/548/394 1690/550/395
f 1680/549/437 1690/550/437 1679/551/397
f 1679/551/397 1690/550/437 1691/552/397
f 1679/551/398 1691/552/398 1678/553/399
f 1678/553/399 1691/552/398 1692/554/399
f 1678/553/400 1692/554/400 1677/555/401
f 1677/555/401 1692/554/400 1693/556/401
f 1677/555/402 1693/556/402 1676/557/403
f 1676/557/403 1693/556/402 1694/558/403
f 1676/557/404 1694/558/404 1675/559/405
f 1675/559/405 1694/558/404 1695/560/405
f 1675/559/438 1695/560/438 1674/561/407
f 1674/561/407 1695/560/406 1696/562/407
f 1674/561/439 1696/562/439 1673/563/409
f 1673/563/409 1696/562/439 1697/224/409
f 1673/563/411 1697/224/411 1672/564/440
f 1672/564/440 1697/224/411 1698/565/440
f 1672/564/414 1698/565/414 1671/566/415
f 1671/566/441 1698/565/414 1699/567/441
f 1671/566/416 1699/567/416 1670/568/417
f 1670/568/417 1699/567/416 1700/569/417
f 1670/568/418 1700/569/418 1669/570/419
f 1669/570/419 1700/569/418 1701/571/419
f 1669/570/420 1701/571/420 1668/572/421
f 1668/572/421 1701/571/420 1702/573/421
f 1668/572/424 1702/573/424 1667/574/423
f 1667/574/423 1702/573/422 1703/575/423
f 1667/574/425 1703/575/425 1666/576/426
f 1666/576/442 1703/575/425 1704/577/442
f 1666/576/427 1704/577/427 1665/578/428
f 1665/578/428 1704/577/427 1705/579/428
f 1665/578/429 1705/579/429 1664/580/431
f 1664/580/430 1705/579/429 1706/581/430
f 1664/580/432 1706/581/432 1663/582/433
f 1663/582/433 1706/581/432 1707/583/433
f 1663/582/436 1707/583/436 1662/535/435
f 1662/535/435 1707/583/434 1708/536/435
f 1684/584/50 1674/585/50 1661/586/50
f 1661/586/50 1674/585/50 1673/587/50
f 1661/586/50 1673/587/50 1662/588/50
f 1662/588/50 1673/587/50 1672/589/50
f 1662/588/50 1672/589/50 1663/590/50
f 1663/590/50 1672/589/50 1671/591/50
f 1663/590/50 1671/591/50 1664/592/50
f 1664/592/50 1671/591/50 1670/593/50
f 1664/592/50 1670/593/50 1665/594/50
f 1665/594/50 1670/593/50 1669/595/50
f 1665/594/50 1669/595/50 1666/596/50
f 1666/596/50 1669/595/50 1668/597/50
f 1666/596/50 1668/597/50 1667/598/50
f 1674/585/50 1684/584/50 1675/599/50
f 1675/599/50 1684/584/50 1683/600/50
f 1675/599/50 1683/600/50 1676/601/50
f 1676/601/50 1683/600/50 1682/602/50
f 1676/601/50 1682/602/50 1677/603/50
f 1677/603/50 1682/602/50 1681/604/50
f 1677/603/50 1681/604/50 1678/605/50
f 1678/605/50 1681/604/50 1680/606/50
f 1678/605/50 1680/606/50 1679/607/50
f 1710/1064/413 1756/536/413 1709/1065/51
f 1709/1065/411 1756/536/412 1733/538/411
f 1709/1066/409 1733/540/409 1732/1067/410
f 1732/1067/408 1733/540/51 1734/542/408
f 1732/1067/407 1734/542/407 1731/1068/443
f 1731/1068/406 1734/542/407 1735/544/406
f 1731/1068/405 1735/544/405 1730/1069/444
f 1730/1069/404 1735/544/405 1736/546/404
f 1730/1069/403 1736/546/403 1729/1070/445
f 1729/1070/402 1736/546/444 1737/548/402
f 1729/1070/401 1737/548/401 1728/1071/400
f 1728/1071/400 1737/548/401 1738/550/400
f 1728/1071/399 1738/550/399 1727/1072/398
f 1727/1072/398 1738/550/399 1739/552/398
f 1727/1072/397 1739/552/397 1726/1073/396
f 1726/1073/396 1739/552/397 1740/554/396
f 1726/1073/395 1740/554/395 1725/1074/394
f 1725/1074/394 1740/554/395 1741/556/394
f 1725/1074/446 1741/556/446 1724/1075/393
f 1724/1075/447 1741/556/392 1742/558/447
f 1724/1075/447 1742/558/447 1723/1076/389
f 1723/1076/389 1742/558/390 1743/560/389
f 1723/1076/388 1743/560/388 1722/1077/448
f 1722/1077/384 1743/560/449 1744/562/384
f 1722/1077/450 1744/562/450 1721/1078/385
f 1721/1078/385 1744/562/450 1745/224/385
f 1721/1078/381 1745/224/381 1720/1079/451
f 1720/1079/451 1745/224/381 1746/1080/451
f 1720/1079/380 1746/1080/380 1719/1081/452
f 1719/1081/434 1746/1080/453 1747/567/434
f 1719/1081/434 1747/567/434 1718/1082/432
f 1718/1082/454 1747/567/433 1748/569/454
f 1718/1082/454 1748/569/454 1717/1083/429
f 1717/1083/455 1748/569/430 1749/571/455
f 1717/1083/428 1749/571/428 1716/1084/427
f 1716/1084/427 1749/571/428 1750/1085/427
f 1716/1084/426 1750/1085/426 1715/1086/425
f 1715/1086/425 1750/1085/426 1751/575/425
f 1715/1086/47 1751/575/47 1714/1087/424
f 1714/1087/422 1751/575/423 1752/577/422
f 1714/1087/421 1752/577/421 1713/1088/420
f 1713/1088/420 1752/577/421 1753/579/420
f 1713/1088/419 1753/579/419 1712/1089/456
f 1712/1089/418 1753/579/457 1754/581/418
f 1712/1089/417 1754/581/417 1711/1090/441
f 1711/1090/416 1754/581/456 1755/583/416
f 1711/1090/415 1755/583/415 1710/1064/414
f 1710/1064/414 1755/583/458 1756/536/414
f 1732/584/52 1722/585/52 1709/586/52
f 1709/586/52 1722/585/52 1721/587/52
f 1709/586/52 1721/587/52 1710/588/52
f 1710/588/52 1721/587/52 1720/589/52
f 1710/588/52 1720/589/52 1711/590/52
f 1711/590/52 1720/589/52 1719/591/52
f 1711/590/52 1719/591/52 1712/592/52
f 1712/592/52 1719/591/52 1718/593/52
f 1712/592/52 1718/593/52 1713/594/52
f 1713/594/52 1718/593/52 1717/595/52
f 1713/594/52 1717/595/52 1714/596/52
f 1714/596/52 1717/595/52 1716/597/52
f 1714/596/52 1716/597/52 1715/598/52
f 1722/585/52 1732/584/52 1723/599/52
f 1723/599/52 1732/584/52 1731/600/52
f 1723/599/52 1731/600/52 1724/601/52
f 1724/601/52 1731/600/52 1730/602/52
f 1724/601/52 1730/602/52 1725/603/52
f 1725/603/52 1730/602/52 1729/604/52
f 1725/603/52 1729/604/52 1726/605/52
f 1726/605/52 1729/604/52 1728/606/52
f 1726/605/52 1728/606/52 1727/607/52
f 1758/1064/413 1804/536/413 1757/1065/411
f 1757/1065/411 1804/536/440 1781/538/411
f 1757/1066/409 1781/540/409 1780/1067/439
f 1780/1067/408 1781/540/409 1782/542/408
f 1780/1067/407 1782/542/407 1779/1068/406
f 1779/1068/406 1782/542/407 1783/544/406
f 1779/1068/405 1783/544/405 1778/1069/459
f 1778/1069/459 1783/544/405 1784/546/459
f 1778/1069/444 1784/546/444 1777/1070/402
f 1777/1070/402 1784/546/444 1785/548/402
f 1777/1070/401 1785/548/401 1776/1071/400
f 1776/1071/400 1785/548/401 1786/550/400
f 1776/1071/399 1786/550/399 1775/1072/398
f 1775/1072/398 1786/550/399 1787/552/398
f 1775/1072/397 1787/552/397 1774/1073/437
f 1774/1073/437 1787/552/397 1788/554/437
f 1774/1073/395 1788/554/395 1773/1074/394
f 1773/1074/394 1788/554/395 1789/556/394
f 1773/1074/392 1789/556/392 1772/1075/391
f 1772/1075/393 1789/556/446 1790/558/393
f 1772/1075/390 1790/558/390 1771/1076/388
f 1771/1076/389 1790/558/447 1791/560/389
f 1771/1076/449 1791/560/449 1770/1077/384
f 1770/1077/448 1791/560/388 1792/562/448
f 1770/1077/383 1792/562/383 1769/1078/49
f 1769/1078/49 1792/562/383 1793/224/49
f 1769/1078/49 1793/224/49 1768/1079/382
f 1768/1079/382 1793/224/49 1794/1080/382
f 1768/1079/453 1794/1080/453 1767/1081/434
f 1767/1081/452 1794/1080/380 1795/567/452
f 1767/1081/433 1795/567/433 1766/1082/454
f 1766/1082/432 1795/567/434 1796/569/432
f 1766/1082/430 1796/569/430 1765/1083/455
f 1765/1083/429 1796/569/431 1797/571/429
f 1765/1083/428 1797/571/428 1764/1084/427
f 1764/1084/427 1797/571/428 1798/1085/427
f 1764/1084/442 1798/1085/442 1763/1086/425
f 1763/1086/425 1798/1085/426 1799/575/425
f 1763/1086/423 1799/575/423 1762/1087/422
f 1762/1087/424 1799/575/423 1800/577/424
f 1762/1087/421 1800/577/421 1761/1088/420
f 1761/1088/420 1800/577/421 1801/579/420
f 1761/1088/419 1801/579/419 1760/1089/456
f 1760/1089/456 1801/579/419 1802/581/456
f 1760/1089/456 1802/581/456 1759/1090/416
f 1759/1090/416 1802/581/456 1803/583/416
f 1759/1090/415 1803/583/415 1758/1064/414
f 1758/1064/414 1803/583/415 1804/536/414
f 1780/584/52 1770/585/52 1757/586/52
f 1757/586/52 1770/585/52 1769/587/52
f 1757/586/52 1769/587/52 1758/588/52
f 1758/588/52 1769/587/52 1768/589/52
f 1758/588/52 1768/589/52 1759/590/52
f 1759/590/52 1768/589/52 1767/591/52
f 1759/590/52 1767/591/52 1760/592/52
f 1760/592/52 1767/591/52 1766/593/52
f 1760/592/52 1766/593/52 1761/594/52
f 1761/594/52 1766/593/52 1765/595/52
f 1761/594/52 1765/595/52 1762/596/52
f 1762/596/52 1765/595/52 1764/597/52
f 1762/596/52 1764/597/52 1763/598/52
f 1770/585/52 1780/584/52 1771/599/52
f 1771/599/52 1780/584/52 1779/600/52
f 1771/599/52 1779/600/52 1772/601/52
f 1772/601/52 1779/600/52 1778/602/52
f 1772/601/52 1778/602/52 1773/603/52
f 1773/603/52 1778/602/52 1777/604/52
f 1773/603/52 1777/604/52 1774/605/52
f 1774/605/52 1777/604/52 1776/606/52
f 1774/605/52 1776/606/52 1775/607/52
f 1806/1064/413 1852/536/413 1805/1065/51
f 1805/1065/411 1852/536/412 1829/538/411
f 1805/1066/409 1829/540/409 1828/1067/410
f 1828/1067/408 1829/540/51 1830/542/408
f 1828/1067/407 1830/542/407 1827/1068/443
f 1827/1068/406 1830/542/407 1831/544/406
f 1827/1068/405 1831/544/405 1826/1069/444
f 1826/1069/404 1831/544/405 1832/546/404
f 1826/1069/403 1832/546/403 1825/1091/445
f 1825/1091/402 1832/546/444 1833/1092/402
f 1825/1091/401 1833/1092/401 1824/1071/400
f 1824/1071/400 1833/1092/401 1834/550/400
f 1824/1071/399 1834/550/399 1823/1072/398
f 1823/1072/398 1834/550/399 1835/552/398
f 1823/1072/397 1835/552/397 1822/1073/396
f 1822/1073/396 1835/552/397 1836/554/396
f 1822/1073/395 1836/554/395 1821/1074/394
f 1821/1074/394 1836/554/395 1837/556/394
f 1821/1074/446 1837/556/446 1820/1075/393
f 1820/1075/447 1837/556/392 1838/558/447
f 1820/1075/447 1838/558/447 1819/1076/389
f 1819/1076/389 1838/558/390 1839/560/389
f 1819/1076/388 1839/560/388 1818/1077/448
f 1818/1077/384 1839/560/449 1840/562/384
f 1818/1077/450 1840/562/450 1817/1078/385
f 1817/1078/385 1840/562/450 1841/224/385
f 1817/1078/381 1841/224/381 1816/1079/451
f 1816/1079/451 1841/224/381 1842/565/451
f 1816/1079/380 1842/565/380 1815/1081/452
f 1815/1081/434 1842/565/453 1843/1093/434
f 1815/1081/434 1843/1093/434 1814/1082/432
f 1814/1082/454 1843/1093/433 1844/1094/454
f 1814/1082/454 1844/1094/454 1813/1083/429
f 1813/1083/455 1844/1094/430 1845/571/455
f 1813/1083/428 1845/571/428 1812/1084/427
f 1812/1084/427 1845/571/428 1846/573/427
f 1812/1084/426 1846/573/426 1811/1086/425
f 1811/1086/425 1846/573/426 1847/575/425
f 1811/1086/47 1847/575/47 1810/1087/424
f 1810/1087/422 1847/575/423 1848/577/422
f 1810/1087/421 1848/577/421 1809/1095/420
f 1809/1095/420 1848/577/421 1849/1096/420
f 1809/1095/419 1849/1096/419 1808/1089/456
f 1808/1089/418 1849/1096/457 1850/581/418
f 1808/1089/417 1850/581/417 1807/1090/441
f 1807/1090/416 1850/581/456 1851/583/416
f 1807/1090/415 1851/583/415 1806/1064/414
f 1806/1064/414 1851/583/458 1852/536/414
f 1828/584/52 1818/585/52 1805/586/52
f 1805/586/52 1818/585/52 1817/587/52
f 1805/586/52 1817/587/52 1806/588/52
f 1806/588/52 1817/587/52 1816/589/52
f 1806/588/52 1816/589/52 1807/590/52
f 1807/590/52 1816/589/52 1815/591/52
f 1807/590/52 1815/591/52 1808/592/52
f 1808/592/52 1815/591/52 1814/593/52
f 1808/592/52 1814/593/52 1809/594/52
f 1809/594/52 1814/593/52 1813/595/52
f 1809/594/52 1813/595/52 1810/596/52
f 1810/596/52 1813/595/52 1812/597/52
f 1810/596/52 1812/597/52 1811/598/52
f 1818/585/52 1828/584/52 1819/599/52
f 1819/599/52 1828/584/52 1827/600/52
f 1819/599/52 1827/600/52 1820/601/52
f 1820/601/52 1827/600/52 1826/602/52
f 1820/601/52 1826/602/52 1821/603/52
f 1821/603/52 1826/602/52 1825/604/52
f 1821/603/52 1825/604/52 1822/605/52
f 1822/605/52 1825/604/52 1824/606/52
f 1822/605/52 1824/606/52 1823/607/52
f 1854/1064/413 1900/536/413 1853/1065/411
f 1853/1065/411 1900/536/440 1877/538/411
f 1853/1066/409 1877/540/409 1876/1067/439
f 1876/1067/408 1877/540/409 1878/542/408
f 1876/1067/407 1878/542/407 1875/1068/406
f 1875/1068/406 1878/542/407 1879/544/406
f 1875/1068/405 1879/544/405 1874/1069/404
f 1874/1069/404 1879/544/405 1880/546/404
f 1874/1069/444 1880/546/444 1873/1070/402
f 1873/1070/402 1880/546/444 1881/548/402
f 1873/1070/401 1881/548/401 1872/1071/400
f 1872/1071/400 1881/548/401 1882/550/400
f 1872/1071/399 1882/550/399 1871/1072/398
f 1871/1072/398 1882/550/399 1883/552/398
f 1871/1072/397 1883/552/397 1870/1073/437
f 1870/1073/437 1883/552/397 1884/554/437
f 1870/1073/395 1884/554/395 1869/1074/394
f 1869/1074/394 1884/554/395 1885/556/394
f 1869/1074/392 1885/556/392 1868/1075/391
f 1868/1075/393 1885/556/446 1886/558/393
f 1868/1075/390 1886/558/390 1867/1076/389
f 1867/1076/389 1886/558/447 1887/560/389
f 1867/1076/449 1887/560/449 1866/1077/384
f 1866/1077/448 1887/560/388 1888/562/448
f 1866/1077/383 1888/562/383 1865/1078/49
f 1865/1078/49 1888/562/383 1889/224/49
f 1865/1078/49 1889/224/49 1864/1079/382
f 1864/1079/382 1889/224/49 1890/1080/382
f 1864/1079/453 1890/1080/453 1863/1081/434
f 1863/1081/452 1890/1080/380 1891/567/452
f 1863/1081/433 1891/567/433 1862/1082/454
f 1862/1082/432 1891/567/434 1892/1094/432
f 1862/1082/430 1892/1094/430 1861/1083/455
f 1861/1083/429 1892/1094/431 1893/844/429
f 1861/1083/428 1893/844/428 1860/1084/427
f 1860/1084/427 1893/844/428 1894/1085/427
f 1860/1084/442 1894/1085/442 1859/1086/425
f 1859/1086/425 1894/1085/426 1895/575/425
f 1859/1086/423 1895/575/423 1858/1087/422
f 1858/1087/424 1895/575/423 1896/577/424
f 1858/1087/421 1896/577/421 1857/1088/420
f 1857/1088/420 1896/577/421 1897/579/420
f 1857/1088/419 1897/579/419 1856/1089/456
f 1856/1089/456 1897/579/419 1898/581/456
f 1856/1089/456 1898/581/456 1855/1090/416
f 1855/1090/416 1898/581/456 1899/583/416
f 1855/1090/415 1899/583/415 1854/1064/414
f 1854/1064/414 1899/583/415 1900/536/414
f 1876/584/52 1866/585/52 1853/586/52
f 1853/586/52 1866/585/52 1865/587/52
f 1853/586/52 1865/587/52 1854/588/52
f 1854/588/52 1865/587/52 1864/589/52
f 1854/588/52 1864/589/52 1855/590/52
f 1855/590/52 1864/589/52 1863/591/52
f 1855/590/52 1863/591/52 1856/592/52
f 1856/592/52 1863/591/52 1862/593/52
f 1856/592/52 1862/593/52 1857/594/52
f 1857/594/52 1862/593/52 1861/595/52
f 1857/594/52 1861/595/52 1858/596/52
f 1858/596/52 1861/595/52 1860/597/52
f 1858/596/52 1860/597/52 1859/598/52
f 1866/585/52 1876/584/52 1867/599/52
f 1867/599/52 1876/584/52 1875/600/52
f 1867/599/52 1875/600/52 1868/601/52
f 1868/601/52 1875/600/52 1874/602/52
f 1868/601/52 1874/602/52 1869/603/52
f 1869/603/52 1874/602/52 1873/604/52
f 1869/603/52 1873/604/52 1870/605/52
f 1870/605/52 1873/604/52 1872/606/52
f 1870/605/52 1872/606/52 1871/607/52
f 281/1097/49 1901/448/49 278/1098/49
f 278/1098/49 1901/448/49 657/491/49
f 278/1098/49 657/491/49 656/492/49
f 1902/435/49 664/452/49 1901/448/49
f 1901/448/49 664/452/49 663/453/49
f 1901/448/49 663/453/49 662/454/49
f 1903/224/49 524/528/49 1902/435/49
f 1902/435/49 524/528/49 523/529/49
f 1902/435/49 523/529/49 599/519/49
f 599/519/49 523/529/49 600/518/49
f 600/518/49 523/529/49 522/530/49
f 600/518/49 522/530/49 601/517/49
f 601/517/49 522/530/49 521/531/49
f 601/517/49 521/531/49 602/516/49
f 602/516/49 521/531/49 520/439/49
f 602/516/49 520/439/49 603/515/49
f 603/515/49 520/439/49 519/440/49
f 603/515/49 519/440/49 518/441/49
f 162/444/49 509/445/49 1903/224/49
f 1903/224/49 509/445/49 508/446/49
f 1903/224/49 508/446/49 507/447/49
f 161/1099/49 279/1100/49 162/444/49
f 162/444/49 279/1100/49 559/521/49
f 162/444/49 559/521/49 558/522/49
f 278/1098/49 566/500/49 279/1100/49
f 279/1100/49 566/500/49 565/498/49
f 279/1100/49 565/498/49 564/496/49
f 502/443/49 501/527/49 1903/224/49
f 1903/224/49 501/527/49 524/528/49
f 603/515/49 518/441/49 604/514/49
f 604/514/49 518/441/49 517/512/49
f 604/514/49 517/512/49 605/513/49
f 605/513/49 517/512/49 606/464/49
f 606/464/49 517/512/49 516/466/49
f 606/464/49 516/466/49 570/465/49
f 570/465/49 516/466/49 571/467/49
f 571/467/49 516/466/49 515/468/49
f 571/467/49 515/468/49 572/469/49
f 572/469/49 515/468/49 514/470/49
f 572/469/49 514/470/49 549/471/49
f 549/471/49 514/470/49 513/472/49
f 549/471/49 513/472/49 550/473/49
f 550/473/49 513/472/49 512/474/49
f 550/473/49 512/474/49 551/475/49
f 551/475/49 512/474/49 511/476/49
f 551/475/49 511/476/49 552/477/49
f 552/477/49 511/476/49 510/478/49
f 552/477/49 510/478/49 553/479/49
f 553/479/49 510/478/49 509/445/49
f 553/479/49 509/445/49 162/444/49
f 507/447/49 506/532/49 1903/224/49
f 1903/224/49 506/532/49 505/533/49
f 1903/224/49 505/533/49 504/534/49
f 504/534/49 503/442/49 1903/224/49
f 1903/224/49 503/442/49 502/443/49
f 606/464/49 570/465/49 648/463/49
f 648/463/49 570/465/49 569/505/49
f 648/463/49 569/505/49 649/506/49
f 649/506/49 569/505/49 568/503/49
f 649/506/49 568/503/49 650/504/49
f 650/504/49 568/503/49 278/1098/49
f 650/504/49 278/1098/49 651/501/49
f 651/501/49 278/1098/49 652/499/49
f 652/499/49 278/1098/49 653/497/49
f 653/497/49 278/1098/49 654/495/49
f 654/495/49 278/1098/49 655/493/49
f 655/493/49 278/1098/49 656/492/49
f 568/503/49 567/502/49 278/1098/49
f 278/1098/49 567/502/49 566/500/49
f 564/496/49 563/494/49 279/1100/49
f 279/1100/49 563/494/49 562/449/49
f 279/1100/49 562/449/49 561/450/49
f 561/450/49 560/451/49 279/1100/49
f 279/1100/49 560/451/49 559/521/49
f 558/522/49 557/523/49 162/444/49
f 162/444/49 557/523/49 556/524/49
f 162/444/49 556/524/49 555/525/49
f 555/525/49 554/526/49 162/444/49
f 162/444/49 554/526/49 553/479/49
f 598/520/49 597/436/49 1902/435/49
f 1902/435/49 597/436/49 620/437/49
f 1902/435/49 620/437/49 619/507/49
f 619/507/49 618/508/49 1902/435/49
f 1902/435/49 618/508/49 617/509/49
f 1902/435/49 617/509/49 616/510/49
f 616/510/49 615/511/49 1902/435/49
f 1902/435/49 615/511/49 614/486/49
f 1902/435/49 614/486/49 664/452/49
f 664/452/49 614/486/49 665/485/49
f 665/485/49 614/486/49 613/484/49
f 665/485/49 613/484/49 666/483/49
f 666/483/49 613/484/49 612/482/49
f 666/483/49 612/482/49 667/481/49
f 667/481/49 612/482/49 611/480/49
f 667/481/49 611/480/49 668/455/49
f 668/455/49 611/480/49 610/456/49
f 668/455/49 610/456/49 645/457/49
f 645/457/49 610/456/49 609/458/49
f 645/457/49 609/458/49 646/459/49
f 646/459/49 609/458/49 608/460/49
f 646/459/49 608/460/49 647/461/49
f 647/461/49 608/460/49 607/462/49
f 647/461/49 607/462/49 648/463/49
f 648/463/49 607/462/49 606/464/49
f 599/519/49 598/520/49 1902/435/49
f 662/454/49 661/487/49 1901/448/49
f 1901/448/49 661/487/49 660/488/49
f 1901/448/49 660/488/49 659/489/49
f 659/489/49 658/490/49 1901/448/49
f 1901/448/49 658/490/49 657/491/49
f 1180/1101/53 1544/1102/53 1153/1103/53
f 1153/1103/53 1544/1102/53 1543/1104/53
f 1153/1103/53 1543/1104/53 1515/245/53
f 1515/245/53 1543/1104/53 282/224/53
f 1515/245/53 282/224/53 1516/250/53
f 1516/250/53 282/224/53 1493/251/53
f 1493/251/53 282/224/53 1494/252/53
f 1494/252/53 282/224/53 1495/253/53
f 1495/253/53 282/224/53 1496/254/53
f 1496/254/53 282/224/53 1497/255/53
f 1497/255/53 282/224/53 1498/256/53
f 1498/256/53 282/224/53 1499/257/53
f 1499/257/53 282/224/53 1500/258/53
f 1500/258/53 282/224/53 1158/1105/53
f 1500/258/53 1158/1105/53 1501/230/53
f 1501/230/53 1158/1105/53 1157/1106/53
f 1501/230/53 1157/1106/53 1502/229/53
f 1502/229/53 1157/1106/53 1503/228/53
f 1503/228/53 1157/1106/53 1504/260/53
f 1504/260/53 1157/1106/53 1156/1107/53
f 1504/260/53 1156/1107/53 1505/259/53
f 1505/259/53 1156/1107/53 1506/234/53
f 1506/234/53 1156/1107/53 1507/233/53
f 1507/233/53 1156/1107/53 1155/1108/53
f 1507/233/53 1155/1108/53 1508/232/53
f 1508/232/53 1155/1108/53 1509/238/53
f 1509/238/53 1155/1108/53 1510/237/53
f 1510/237/53 1155/1108/53 1154/1109/53
f 1510/237/53 1154/1109/53 1511/236/53
f 1511/236/53 1154/1109/53 1512/242/53
f 1512/242/53 1154/1109/53 1513/241/53
f 1513/241/53 1154/1109/53 1514/240/53
f 1514/240/53 1154/1109/53 1153/1103/53
f 1514/240/53 1153/1103/53 1515/245/53
f 1179/1110/53 1547/1111/53 1180/1101/53
f 1180/1101/53 1547/1111/53 1546/1112/53
f 1180/1101/53 1546/1112/53 1545/1113/53
f 1178/1114/53 1551/1115/53 1179/1110/53
f 1179/1110/53 1551/1115/53 1550/1116/53
f 1179/1110/53 1550/1116/53 1549/1117/53
f 1177/1118/53 1554/1119/53 1178/1114/53
f 1178/1114/53 1554/1119/53 1553/1120/53
f 1178/1114/53 1553/1120/53 1552/1121/53
f 1176/1122/53 1556/1123/53 1177/1118/53
f 1177/1118/53 1556/1123/53 1555/1124/53
f 1177/1118/53 1555/1124/53 1554/1119/53
f 1175/1125/53 1407/1126/53 1176/1122/53
f 1176/1122/53 1407/1126/53 1406/1127/53
f 1176/1122/53 1406/1127/53 1405/1128/53
f 1407/1126/53 1175/1125/53 1408/1129/53
f 1408/1129/53 1175/1125/53 1174/1130/53
f 1408/1129/53 1174/1130/53 1590/1131/53
f 1590/1131/53 1174/1130/53 1173/1132/53
f 1590/1131/53 1173/1132/53 1591/1133/53
f 1591/1133/53 1173/1132/53 1172/1134/53
f 1591/1133/53 1172/1134/53 1592/1135/53
f 1592/1135/53 1172/1134/53 1593/1136/53
f 1593/1136/53 1172/1134/53 1465/1137/53
f 1593/1136/53 1465/1137/53 1594/1138/53
f 1594/1138/53 1465/1137/53 1464/1139/53
f 1594/1138/53 1464/1139/53 1595/1140/53
f 1595/1140/53 1464/1139/53 1463/1141/53
f 1595/1140/53 1463/1141/53 1462/1142/53
f 1465/1137/53 1172/1134/53 1466/1143/53
f 1466/1143/53 1172/1134/53 1171/1144/53
f 1466/1143/53 1171/1144/53 1467/1145/53
f 1467/1145/53 1171/1144/53 1468/1146/53
f 1468/1146/53 1171/1144/53 1170/1147/53
f 1468/1146/53 1170/1147/53 1445/1148/53
f 1445/1148/53 1170/1147/53 1446/1149/53
f 1446/1149/53 1170/1147/53 1447/1150/53
f 1447/1150/53 1170/1147/53 1169/1151/53
f 1447/1150/53 1169/1151/53 1448/1152/53
f 1448/1152/53 1169/1151/53 1449/1153/53
f 1449/1153/53 1169/1151/53 1450/1154/53
f 1450/1154/53 1169/1151/53 1451/1155/53
f 1451/1155/53 1169/1151/53 1168/1156/53
f 1451/1155/53 1168/1156/53 1452/1157/53
f 1452/1157/53 1168/1156/53 1453/1158/53
f 1453/1158/53 1168/1156/53 1454/1159/53
f 1454/1159/53 1168/1156/53 1167/1160/53
f 1454/1159/53 1167/1160/53 1455/1161/53
f 1455/1161/53 1167/1160/53 1363/192/53
f 1455/1161/53 1363/192/53 1903/212/53
f 1903/212/53 1363/192/53 1362/220/53
f 1903/212/53 1362/220/53 1361/219/53
f 1363/192/53 1167/1160/53 1364/193/53
f 1364/193/53 1167/1160/53 1166/1162/53
f 1364/193/53 1166/1162/53 1365/195/53
f 1365/195/53 1166/1162/53 1366/196/53
f 1366/196/53 1166/1162/53 1367/197/53
f 1367/197/53 1166/1162/53 1368/199/53
f 1368/199/53 1166/1162/53 1165/1163/53
f 1368/199/53 1165/1163/53 1369/200/53
f 1369/200/53 1165/1163/53 1370/201/53
f 1370/201/53 1165/1163/53 1371/203/53
f 1371/203/53 1165/1163/53 1164/1164/53
f 1371/203/53 1164/1164/53 1372/204/53
f 1372/204/53 1164/1164/53 1349/205/53
f 1349/205/53 1164/1164/53 1350/206/53
f 1350/206/53 1164/1164/53 1163/1165/53
f 1350/206/53 1163/1165/53 1351/207/53
f 1351/207/53 1163/1165/53 1352/209/53
f 1352/209/53 1163/1165/53 1353/210/53
f 1353/210/53 1163/1165/53 1162/1166/53
f 1353/210/53 1162/1166/53 1354/211/53
f 1354/211/53 1162/1166/53 1903/212/53
f 1354/211/53 1903/212/53 1355/213/53
f 1355/213/53 1903/212/53 1356/214/53
f 1356/214/53 1903/212/53 1357/215/53
f 1357/215/53 1903/212/53 1358/216/53
f 1358/216/53 1903/212/53 1359/217/53
f 1359/217/53 1903/212/53 1360/218/53
f 1360/218/53 1903/212/53 1361/219/53
f 1162/1166/53 1161/1167/53 1903/212/53
f 1903/212/53 1161/1167/53 1160/1168/53
f 1903/212/53 1160/1168/53 282/224/53
f 282/224/53 1160/1168/53 1159/1169/53
f 282/224/53 1159/1169/53 1158/1105/53
f 1902/1170/53 1457/1171/53 1903/212/53
f 1903/212/53 1457/1171/53 1456/1172/53
f 1903/212/53 1456/1172/53 1455/1161/53
f 283/435/53 1609/1173/53 1902/1170/53
f 1902/1170/53 1609/1173/53 1608/1174/53
f 1902/1170/53 1608/1174/53 1607/1175/53
f 282/224/53 1541/1176/53 283/435/53
f 283/435/53 1541/1176/53 1564/1177/53
f 283/435/53 1564/1177/53 1563/1178/53
f 1612/1179/53 1410/1180/53 1589/1181/53
f 1589/1181/53 1410/1180/53 1409/1182/53
f 1589/1181/53 1409/1182/53 1590/1131/53
f 1590/1131/53 1409/1182/53 1408/1129/53
f 1410/1180/53 1612/1179/53 1411/1183/53
f 1411/1183/53 1612/1179/53 1611/1184/53
f 1411/1183/53 1611/1184/53 1412/1185/53
f 1412/1185/53 1611/1184/53 1610/1186/53
f 1412/1185/53 1610/1186/53 1413/1187/53
f 1413/1187/53 1610/1186/53 1609/1173/53
f 1413/1187/53 1609/1173/53 283/435/53
f 1607/1175/53 1606/1188/53 1902/1170/53
f 1902/1170/53 1606/1188/53 1605/1189/53
f 1902/1170/53 1605/1189/53 1604/1190/53
f 1604/1190/53 1603/1191/53 1902/1170/53
f 1902/1170/53 1603/1191/53 1602/1192/53
f 1902/1170/53 1602/1192/53 1601/1193/53
f 1601/1193/53 1600/1194/53 1902/1170/53
f 1902/1170/53 1600/1194/53 1599/1195/53
f 1902/1170/53 1599/1195/53 1459/1196/53
f 1459/1196/53 1599/1195/53 1598/1197/53
f 1459/1196/53 1598/1197/53 1460/1198/53
f 1460/1198/53 1598/1197/53 1597/1199/53
f 1460/1198/53 1597/1199/53 1461/1200/53
f 1461/1200/53 1597/1199/53 1596/1201/53
f 1461/1200/53 1596/1201/53 1462/1142/53
f 1462/1142/53 1596/1201/53 1595/1140/53
f 1562/1202/53 1400/1203/53 1563/1178/53
f 1563/1178/53 1400/1203/53 1399/1204/53
f 1563/1178/53 1399/1204/53 283/435/53
f 283/435/53 1399/1204/53 1398/1205/53
f 283/435/53 1398/1205/53 1397/1206/53
f 1400/1203/53 1562/1202/53 1401/1207/53
f 1401/1207/53 1562/1202/53 1561/1208/53
f 1401/1207/53 1561/1208/53 1402/1209/53
f 1402/1209/53 1561/1208/53 1560/1210/53
f 1402/1209/53 1560/1210/53 1403/1211/53
f 1403/1211/53 1560/1210/53 1559/1212/53
f 1403/1211/53 1559/1212/53 1558/1213/53
f 1403/1211/53 1558/1213/53 1404/1214/53
f 1404/1214/53 1558/1213/53 1557/1215/53
f 1404/1214/53 1557/1215/53 1405/1128/53
f 1405/1128/53 1557/1215/53 1176/1122/53
f 1557/1215/53 1556/1123/53 1176/1122/53
f 1552/1121/53 1551/1115/53 1178/1114/53
f 1549/1117/53 1548/1216/53 1179/1110/53
f 1179/1110/53 1548/1216/53 1547/1111/53
f 1545/1113/53 1544/1102/53 1180/1101/53
f 1543/1104/53 1542/1217/53 282/224/53
f 282/224/53 1542/1217/53 1541/1176/53
f 1459/1196/53 1458/1218/53 1902/1170/53
f 1902/1170/53 1458/1218/53 1457/1171/53
f 1397/1206/53 1420/1219/53 283/435/53
f 283/435/53 1420/1219/53 1419/1220/53
f 283/435/53 1419/1220/53 1418/1221/53
f 1418/1221/53 1417/1222/53 283/435/53
f 283/435/53 1417/1222/53 1416/1223/53
f 283/435/53 1416/1223/53 1415/1224/53
f 1415/1224/53 1414/1225/53 283/435/53
f 283/435/53 1414/1225/53 1413/1187/53
f 280/1226/47 1285/1128/47 281/433/47
f 281/433/47 1285/1128/47 1284/1214/47
f 281/433/47 1284/1214/47 1283/1211/47
f 284/1170/47 1215/1195/47 280/1226/47
f 280/1226/47 1215/1195/47 1214/1197/47
f 280/1226/47 1214/1197/47 1213/1199/47
f 1901/435/47 1224/1174/47 284/1170/47
f 284/1170/47 1224/1174/47 1223/1175/47
f 284/1170/47 1223/1175/47 1222/1188/47
f 281/433/47 1279/1204/47 1901/435/47
f 1901/435/47 1279/1204/47 1278/1205/47
f 1901/435/47 1278/1205/47 1277/1206/47
f 1228/1179/47 1290/1180/47 1205/1181/47
f 1205/1181/47 1290/1180/47 1289/1182/47
f 1205/1181/47 1289/1182/47 1206/1131/47
f 1206/1131/47 1289/1182/47 1288/1129/47
f 1206/1131/47 1288/1129/47 1207/1133/47
f 1207/1133/47 1288/1129/47 1287/1126/47
f 1207/1133/47 1287/1126/47 1208/1135/47
f 1208/1135/47 1287/1126/47 1286/1127/47
f 1208/1135/47 1286/1127/47 1209/1136/47
f 1209/1136/47 1286/1127/47 1285/1128/47
f 1209/1136/47 1285/1128/47 280/1226/47
f 1290/1180/47 1228/1179/47 1291/1183/47
f 1291/1183/47 1228/1179/47 1227/1184/47
f 1291/1183/47 1227/1184/47 1292/1185/47
f 1292/1185/47 1227/1184/47 1226/1186/47
f 1292/1185/47 1226/1186/47 1293/1187/47
f 1293/1187/47 1226/1186/47 1225/1173/47
f 1293/1187/47 1225/1173/47 1294/1225/47
f 1294/1225/47 1225/1173/47 1224/1174/47
f 1294/1225/47 1224/1174/47 1901/435/47
f 1222/1188/47 1221/1189/47 284/1170/47
f 284/1170/47 1221/1189/47 1220/1190/47
f 284/1170/47 1220/1190/47 1219/1191/47
f 1219/1191/47 1218/1192/47 284/1170/47
f 284/1170/47 1218/1192/47 1217/1193/47
f 284/1170/47 1217/1193/47 1216/1194/47
f 1216/1194/47 1215/1195/47 284/1170/47
f 1213/1199/47 1212/1201/47 280/1226/47
f 280/1226/47 1212/1201/47 1211/1140/47
f 280/1226/47 1211/1140/47 1210/1138/47
f 1210/1138/47 1209/1136/47 280/1226/47
f 1277/1206/47 1300/1219/47 1901/435/47
f 1901/435/47 1300/1219/47 1299/1220/47
f 1901/435/47 1299/1220/47 1298/1221/47
f 1298/1221/47 1297/1222/47 1901/435/47
f 1901/435/47 1297/1222/47 1296/1223/47
f 1901/435/47 1296/1223/47 1295/1224/47
f 1295/1224/47 1294/1225/47 1901/435/47
f 1283/1211/47 1282/1209/47 281/433/47
f 281/433/47 1282/1209/47 1281/1207/47
f 281/433/47 1281/1207/47 1280/1203/47
f 1280/1203/47 1279/1204/47 281/433/47
f 1756/1227/52 1794/1228/52 1733/1229/52
f 1733/1229/52 1794/1228/52 1793/1230/52
f 1733/1229/52 1793/1230/52 1734/1231/52
f 1734/1231/52 1793/1230/52 1792/1232/52
f 1734/1231/52 1792/1232/52 1735/1233/52
f 1735/1233/52 1792/1232/52 1791/1234/52
f 1735/1233/52 1791/1234/52 1736/1235/52
f 1736/1235/52 1791/1234/52 1790/1236/52
f 1736/1235/52 1790/1236/52 1737/1237/52
f 1737/1237/52 1790/1236/52 1789/1238/52
f 1737/1237/52 1789/1238/52 284/1239/52
f 284/1239/52 1789/1238/52 1901/1240/52
f 1901/1240/52 1789/1238/52 1788/1241/52
f 1901/1240/52 1788/1241/52 1787/1242/52
f 1794/1228/52 1756/1227/52 1795/1243/52
f 1795/1243/52 1756/1227/52 1755/1244/52
f 1795/1243/52 1755/1244/52 1887/1245/52
f 1887/1245/52 1755/1244/52 1831/1246/52
f 1887/1245/52 1831/1246/52 1830/1247/52
f 1831/1246/52 1755/1244/52 1832/1248/52
f 1832/1248/52 1755/1244/52 1754/1249/52
f 1832/1248/52 1754/1249/52 1833/1250/52
f 1833/1250/52 1754/1249/52 1753/1251/52
f 1833/1250/52 1753/1251/52 1834/1252/52
f 1834/1252/52 1753/1251/52 1752/1253/52
f 1834/1252/52 1752/1253/52 1835/1254/52
f 1835/1254/52 1752/1253/52 1751/1255/52
f 1835/1254/52 1751/1255/52 1750/1256/52
f 1835/1254/52 1750/1256/52 1836/1257/52
f 1836/1257/52 1750/1256/52 1749/1258/52
f 1836/1257/52 1749/1258/52 1837/1259/52
f 1837/1259/52 1749/1258/52 1748/1260/52
f 1837/1259/52 1748/1260/52 1838/1261/52
f 1838/1261/52 1748/1260/52 1747/1262/52
f 1838/1261/52 1747/1262/52 1839/1263/52
f 1839/1263/52 1747/1262/52 1746/1264/52
f 1839/1263/52 1746/1264/52 1840/1265/52
f 1840/1265/52 1746/1264/52 283/1266/52
f 1840/1265/52 283/1266/52 1841/1267/52
f 1841/1267/52 283/1266/52 1842/1268/52
f 1842/1268/52 283/1266/52 1843/1269/52
f 1843/1269/52 283/1266/52 1844/1270/52
f 1844/1270/52 283/1266/52 1845/1271/52
f 1845/1271/52 283/1266/52 1846/1272/52
f 1846/1272/52 283/1266/52 1847/1273/52
f 1847/1273/52 283/1266/52 1848/1274/52
f 1848/1274/52 283/1266/52 1849/1275/52
f 1849/1275/52 283/1266/52 1893/1276/52
f 1849/1275/52 1893/1276/52 1850/1277/52
f 1850/1277/52 1893/1276/52 1892/1278/52
f 1850/1277/52 1892/1278/52 1851/1279/52
f 1851/1279/52 1892/1278/52 1891/1280/52
f 1851/1279/52 1891/1280/52 1852/1281/52
f 1852/1281/52 1891/1280/52 1890/1282/52
f 1852/1281/52 1890/1282/52 1829/1283/52
f 1829/1283/52 1890/1282/52 1889/1284/52
f 1829/1283/52 1889/1284/52 1888/1285/52
f 283/1266/52 1746/1264/52 284/1239/52
f 284/1239/52 1746/1264/52 1745/1286/52
f 284/1239/52 1745/1286/52 1744/1287/52
f 1744/1287/52 1743/1288/52 284/1239/52
f 284/1239/52 1743/1288/52 1742/1289/52
f 284/1239/52 1742/1289/52 1741/1290/52
f 1741/1290/52 1740/1291/52 284/1239/52
f 284/1239/52 1740/1291/52 1739/1292/52
f 284/1239/52 1739/1292/52 1738/1293/52
f 1738/1293/52 1737/1237/52 284/1239/52
f 1782/1294/52 1781/1295/52 1901/1240/52
f 1901/1240/52 1781/1295/52 1804/1296/52
f 1901/1240/52 1804/1296/52 1902/1297/52
f 1902/1297/52 1804/1296/52 1878/1298/52
f 1902/1297/52 1878/1298/52 1877/1299/52
f 1878/1298/52 1804/1296/52 1879/1300/52
f 1879/1300/52 1804/1296/52 1803/1301/52
f 1879/1300/52 1803/1301/52 1802/1302/52
f 1879/1300/52 1802/1302/52 1880/1303/52
f 1880/1303/52 1802/1302/52 1801/1304/52
f 1880/1303/52 1801/1304/52 1881/1305/52
f 1881/1305/52 1801/1304/52 1800/1306/52
f 1881/1305/52 1800/1306/52 1882/1307/52
f 1882/1307/52 1800/1306/52 1799/1308/52
f 1882/1307/52 1799/1308/52 1883/1309/52
f 1883/1309/52 1799/1308/52 1798/1310/52
f 1883/1309/52 1798/1310/52 1884/1311/52
f 1884/1311/52 1798/1310/52 1797/1312/52
f 1884/1311/52 1797/1312/52 1885/1313/52
f 1885/1313/52 1797/1312/52 1796/1314/52
f 1885/1313/52 1796/1314/52 1886/1315/52
f 1886/1315/52 1796/1314/52 1795/1243/52
f 1886/1315/52 1795/1243/52 1887/1245/52
f 1787/1242/52 1786/1316/52 1901/1240/52
f 1901/1240/52 1786/1316/52 1785/1317/52
f 1901/1240/52 1785/1317/52 1784/1318/52
f 1784/1318/52 1783/1319/52 1901/1240/52
f 1901/1240/52 1783/1319/52 1782/1294/52
f 1887/1245/52 1830/1247/52 1888/1285/52
f 1888/1285/52 1830/1247/52 1829/1283/52
f 1877/1299/52 1900/1320/52 1902/1297/52
f 1902/1297/52 1900/1320/52 1899/1321/52
f 1902/1297/52 1899/1321/52 1898/1322/52
f 1898/1322/52 1897/1323/52 1902/1297/52
f 1902/1297/52 1897/1323/52 1896/1324/52
f 1902/1297/52 1896/1324/52 1895/1325/52
f 1895/1325/52 1894/1326/52 1902/1297/52
f 1902/1297/52 1894/1326/52 1893/1276/52
f 1902/1297/52 1893/1276/52 283/1266/52
f 1638/1298/50 1637/1299/50 282/1297/50
f 282/1297/50 1637/1299/50 1660/1320/50
f 282/1297/50 1660/1320/50 1659/1321/50
f 1659/1321/50 1658/1322/50 282/1297/50
f 282/1297/50 1658/1322/50 1657/1323/50
f 282/1297/50 1657/1323/50 1656/1324/50
f 1656/1324/50 1655/1325/50 282/1297/50
f 282/1297/50 1655/1325/50 1654/1326/50
f 282/1297/50 1654/1326/50 1653/1276/50
f 1652/1278/50 1706/1277/50 1653/1276/50
f 1653/1276/50 1706/1277/50 1705/1275/50
f 1653/1276/50 1705/1275/50 282/1297/50
f 282/1297/50 1705/1275/50 1903/1266/50
f 1903/1266/50 1705/1275/50 1704/1274/50
f 1903/1266/50 1704/1274/50 1703/1273/50
f 1706/1277/50 1652/1278/50 1707/1279/50
f 1707/1279/50 1652/1278/50 1651/1280/50
f 1707/1279/50 1651/1280/50 1708/1281/50
f 1708/1281/50 1651/1280/50 1650/1282/50
f 1708/1281/50 1650/1282/50 1685/1283/50
f 1685/1283/50 1650/1282/50 1649/1284/50
f 1685/1283/50 1649/1284/50 1686/1247/50
f 1686/1247/50 1649/1284/50 1648/1285/50
f 1686/1247/50 1648/1285/50 1687/1246/50
f 1687/1246/50 1648/1285/50 1647/1245/50
f 1687/1246/50 1647/1245/50 1688/1248/50
f 1688/1248/50 1647/1245/50 1646/1315/50
f 1688/1248/50 1646/1315/50 1689/1250/50
f 1689/1250/50 1646/1315/50 1645/1313/50
f 1689/1250/50 1645/1313/50 162/1239/50
f 162/1239/50 1645/1313/50 163/1240/50
f 163/1240/50 1645/1313/50 1644/1311/50
f 163/1240/50 1644/1311/50 1643/1309/50
f 1643/1309/50 1642/1307/50 163/1240/50
f 163/1240/50 1642/1307/50 1641/1305/50
f 163/1240/50 1641/1305/50 1640/1303/50
f 1640/1303/50 1639/1300/50 163/1240/50
f 163/1240/50 1639/1300/50 1638/1298/50
f 163/1240/50 1638/1298/50 282/1297/50
f 1703/1273/50 1702/1272/50 1903/1266/50
f 1903/1266/50 1702/1272/50 1701/1271/50
f 1903/1266/50 1701/1271/50 1700/1270/50
f 1700/1270/50 1699/1269/50 1903/1266/50
f 1903/1266/50 1699/1269/50 1698/1268/50
f 1903/1266/50 1698/1268/50 1697/1267/50
f 1697/1267/50 1696/1265/50 1903/1266/50
f 1903/1266/50 1696/1265/50 162/1239/50
f 162/1239/50 1696/1265/50 1695/1263/50
f 162/1239/50 1695/1263/50 1694/1261/50
f 1694/1261/50 1693/1259/50 162/1239/50
f 162/1239/50 1693/1259/50 1692/1257/50
f 162/1239/50 1692/1257/50 1691/1254/50
f 1691/1254/50 1690/1252/50 162/1239/50
f 162/1239/50 1690/1252/50 1689/1250/50
