# Blender 4.2.23 LTS
# www.blender.org
o tmp_export_Cuerpo1:13
v -0.691670 -1.050014 0.543175
v -0.691670 -1.074132 0.553165
v -0.691670 -1.100014 0.556573
v -0.691670 -1.125896 0.553165
v -0.691670 -1.150014 0.543175
v -0.691670 -1.170725 0.527283
v -0.691670 -1.186617 0.506573
v -0.691670 -1.196607 0.482455
v -0.691670 -1.200014 0.456573
v -0.691670 -1.196607 0.430691
v -0.691670 -1.186617 0.406573
v -0.691670 -1.170725 0.385862
v -0.691670 -1.150014 0.369970
v -0.691670 -1.125896 0.359980
v -0.691670 -1.100014 0.356573
v -0.691670 -1.074132 0.359980
v -0.691670 -1.050014 0.369970
v -0.691670 -1.029304 0.385862
v -0.691670 -1.013412 0.406573
v -0.691670 -1.003422 0.430691
v -0.691670 -1.000014 0.456573
v -0.691670 -1.003422 0.482455
v -0.691670 -1.013412 0.506573
v -0.691670 -1.029304 0.527283
v -0.991671 -1.050014 0.543175
v -0.991671 -1.029304 0.527283
v -0.991671 -1.013412 0.506573
v -0.991671 -1.003422 0.482455
v -0.991671 -1.000014 0.456573
v -0.991671 -1.003422 0.430691
v -0.991671 -1.013412 0.406573
v -0.991671 -1.029304 0.385862
v -0.991671 -1.050014 0.369970
v -0.991671 -1.074132 0.359980
v -0.991671 -1.100014 0.356573
v -0.991671 -1.125896 0.359980
v -0.991671 -1.150014 0.369970
v -0.991671 -1.170725 0.385862
v -0.991671 -1.186617 0.406573
v -0.991671 -1.196607 0.430691
v -0.991671 -1.200014 0.456573
v -0.991671 -1.196607 0.482455
v -0.991671 -1.186617 0.506573
v -0.991671 -1.170725 0.527283
v -0.991671 -1.150014 0.543175
v -0.991671 -1.125896 0.553165
v -0.991671 -1.100014 0.556573
v -0.991671 -1.074132 0.553165
v 2.708329 -1.050014 0.369970
v 2.708329 -1.074132 0.359980
v 2.708329 -1.100014 0.356573
v 2.708329 -1.125896 0.359980
v 2.708329 -1.150014 0.369970
v 2.708329 -1.170725 0.385862
v 2.708329 -1.186617 0.406573
v 2.708329 -1.196607 0.430691
v 2.708329 -1.200014 0.456573
v 2.708329 -1.196607 0.482455
v 2.708329 -1.186617 0.506573
v 2.708329 -1.170725 0.527283
v 2.708329 -1.150014 0.543175
v 2.708329 -1.125896 0.553165
v 2.708329 -1.100014 0.556573
v 2.708329 -1.074132 0.553165
v 2.708329 -1.050014 0.543175
v 2.708329 -1.029304 0.527283
v 2.708329 -1.013412 0.506573
v 2.708329 -1.003422 0.482455
v 2.708329 -1.000014 0.456573
v 2.708329 -1.003422 0.430691
v 2.708329 -1.013412 0.406573
v 2.708329 -1.029304 0.385862
v 3.008329 -1.050014 0.369970
v 3.008329 -1.029304 0.385862
v 3.008329 -1.013412 0.406573
v 3.008329 -1.003422 0.430691
v 3.008329 -1.000014 0.456573
v 3.008329 -1.003422 0.482455
v 3.008329 -1.013412 0.506573
v 3.008329 -1.029304 0.527283
v 3.008329 -1.050014 0.543175
v 3.008329 -1.074132 0.553165
v 3.008329 -1.100014 0.556573
v 3.008329 -1.125896 0.553165
v 3.008329 -1.150014 0.543175
v 3.008329 -1.170725 0.527283
v 3.008329 -1.186617 0.506573
v 3.008329 -1.196607 0.482455
v 3.008329 -1.200014 0.456573
v 3.008329 -1.196607 0.430691
v 3.008329 -1.186617 0.406573
v 3.008329 -1.170725 0.385862
v 3.008329 -1.150014 0.369970
v 3.008329 -1.125896 0.359980
v 3.008329 -1.100014 0.356573
v 3.008329 -1.074132 0.359980
v -0.691670 1.049986 0.369970
v -0.691670 1.074104 0.359980
v -0.691670 1.099986 0.356573
v -0.691670 1.125868 0.359980
v -0.691670 1.149986 0.369970
v -0.691670 1.170696 0.385862
v -0.691670 1.186588 0.406573
v -0.691670 1.196578 0.430691
v -0.691670 1.199986 0.456573
v -0.691670 1.196578 0.482455
v -0.691670 1.186588 0.506573
v -0.691670 1.170696 0.527283
v -0.691670 1.149986 0.543175
v -0.691670 1.125868 0.553165
v -0.691670 1.099986 0.556573
v -0.691670 1.074104 0.553165
v -0.691670 1.049986 0.543175
v -0.691670 1.029275 0.527283
v -0.691670 1.013383 0.506573
v -0.691670 1.003393 0.482455
v -0.691670 0.999986 0.456573
v -0.691670 1.003393 0.430691
v -0.691670 1.013383 0.406573
v -0.691670 1.029275 0.385862
v -0.991671 1.049986 0.369970
v -0.991671 1.029275 0.385862
v -0.991671 1.013383 0.406573
v -0.991671 1.003393 0.430691
v -0.991671 0.999986 0.456573
v -0.991671 1.003393 0.482455
v -0.991671 1.013383 0.506573
v -0.991671 1.029275 0.527283
v -0.991671 1.049986 0.543175
v -0.991671 1.074104 0.553165
v -0.991671 1.099986 0.556573
v -0.991671 1.125868 0.553165
v -0.991671 1.149986 0.543175
v -0.991671 1.170696 0.527283
v -0.991671 1.186588 0.506573
v -0.991671 1.196578 0.482455
v -0.991671 1.199986 0.456573
v -0.991671 1.196578 0.430691
v -0.991671 1.186588 0.406573
v -0.991671 1.170696 0.385862
v -0.991671 1.149986 0.369970
v -0.991671 1.125868 0.359980
v -0.991671 1.099986 0.356573
v -0.991671 1.074104 0.359980
v 2.708329 1.049986 0.543175
v 2.708329 1.074104 0.553165
v 2.708329 1.099986 0.556573
v 2.708329 1.125868 0.553165
v 2.708329 1.149986 0.543175
v 2.708329 1.170696 0.527283
v 2.708329 1.186588 0.506573
v 2.708329 1.196578 0.482455
v 2.708329 1.199986 0.456573
v 2.708329 1.196578 0.430691
v 2.708329 1.186588 0.406573
v 2.708329 1.170696 0.385862
v 2.708329 1.149986 0.369970
v 2.708329 1.125868 0.359980
v 2.708329 1.099986 0.356573
v 2.708329 1.074104 0.359980
v 2.708329 1.049986 0.369970
v 2.708329 1.029275 0.385862
v 2.708329 1.013383 0.406573
v 2.708329 1.003393 0.430691
v 2.708329 0.999986 0.456573
v 2.708329 1.003393 0.482455
v 2.708329 1.013383 0.506573
v 2.708329 1.029275 0.527283
v 3.008329 1.049986 0.543175
v 3.008329 1.029275 0.527283
v 3.008329 1.013383 0.506573
v 3.008329 1.003393 0.482455
v 3.008329 0.999986 0.456573
v 3.008329 1.003393 0.430691
v 3.008329 1.013383 0.406573
v 3.008329 1.029275 0.385862
v 3.008329 1.049986 0.369970
v 3.008329 1.074104 0.359980
v 3.008329 1.099986 0.356573
v 3.008329 1.125868 0.359980
v 3.008329 1.149986 0.369970
v 3.008329 1.170696 0.385862
v 3.008329 1.186588 0.406573
v 3.008329 1.196578 0.430691
v 3.008329 1.199986 0.456573
v 3.008329 1.196578 0.482455
v 3.008329 1.186588 0.506573
v 3.008329 1.170696 0.527283
v 3.008329 1.149986 0.543175
v 3.008329 1.125868 0.553165
v 3.008329 1.099986 0.556573
v 3.008329 1.074104 0.553165
v 2.708329 1.449986 0.156573
v 2.708329 -1.450014 0.156573
v 2.708329 -1.450014 2.056573
v 2.708329 1.449986 2.056573
v 3.008329 -1.550014 -0.143427
v 3.008329 1.549986 -0.143427
v 3.008329 1.549986 1.856573
v 3.008329 -1.550014 1.856573
v -0.691670 -1.450014 0.156573
v -0.691670 1.449986 0.156573
v -0.691670 1.449986 2.046069
v -0.691670 -1.450014 2.046069
v -0.991671 -1.550014 -0.143427
v -0.991671 -1.550014 0.957553
v -0.991671 1.549986 0.957553
v -0.991671 1.549986 -0.143427
v -0.627710 1.449986 2.056573
v -0.649368 1.449986 2.055396
v -0.670772 1.449986 2.051882
v -0.627710 1.749986 1.856573
v -0.678469 1.743171 1.866724
v -0.725768 1.723191 1.876184
v -0.766385 1.691407 1.884308
v -0.797552 1.649986 1.890541
v -0.817143 1.601750 1.894459
v -0.823826 1.549986 1.895796
v -0.809810 1.549986 1.939273
v -0.786295 1.549986 1.978436
v -0.754507 1.549986 2.011241
v -0.716105 1.549986 2.035978
v -0.673091 1.549986 2.051356
v -0.627710 1.549986 2.056573
v -0.627710 1.601750 2.049758
v -0.627710 1.649986 2.029778
v -0.627710 1.691407 1.997994
v -0.627710 1.723191 1.956573
v -0.627710 1.743171 1.908336
v -0.723267 1.719954 1.901068
v -0.750187 1.601750 2.005971
v -0.737520 1.649986 1.990519
v -0.717369 1.691407 1.965940
v -0.691109 1.723191 1.933907
v -0.660528 1.743171 1.896604
v -0.752639 1.687863 1.929936
v -0.773493 1.646379 1.953812
v -0.784414 1.598324 1.971060
v -0.778395 1.677606 1.888308
v -0.799856 1.635888 1.911220
v -0.809586 1.588316 1.930407
v -0.709240 1.598324 2.032686
v -0.694470 1.646379 2.018596
v -0.675147 1.687863 1.993465
v -0.652600 1.719954 1.959000
v -0.664442 1.588316 2.049398
v -0.647535 1.635888 2.036094
v -0.629277 1.677606 2.010555
v 2.808330 1.549986 2.056573
v 2.860094 1.549986 2.049758
v 2.908329 1.549986 2.029778
v 2.949751 1.549986 1.997994
v 2.981534 1.549986 1.956573
v 3.001514 1.549986 1.908336
v 3.001514 1.601750 1.856573
v 2.981534 1.649986 1.856573
v 2.949751 1.691407 1.856573
v 2.908329 1.723191 1.856573
v 2.860094 1.743171 1.856573
v 2.808330 1.749986 1.856573
v 2.808330 1.743171 1.908336
v 2.808330 1.723191 1.956573
v 2.808330 1.691407 1.997994
v 2.808330 1.649986 2.029778
v 2.808330 1.601750 2.049758
v 2.845479 1.580768 2.050666
v 2.825235 1.627715 2.040073
v 2.888037 1.594032 2.034636
v 2.870410 1.641794 2.023057
v 2.848554 1.683299 2.000133
v 2.823956 1.715719 1.967425
v 2.927316 1.600883 2.009057
v 2.912105 1.649066 1.995906
v 2.889822 1.690497 1.973259
v 2.861985 1.722352 1.942660
v 2.830492 1.742460 1.906194
v 2.960814 1.600883 1.975560
v 2.947662 1.649066 1.960349
v 2.925015 1.690497 1.938066
v 2.894417 1.722352 1.910229
v 2.857951 1.742460 1.878735
v 2.986393 1.594032 1.936280
v 2.974814 1.641794 1.918654
v 2.951890 1.683299 1.896797
v 2.919181 1.715719 1.872199
v 3.002424 1.580768 1.893721
v 2.991830 1.627715 1.873479
v -0.823826 -1.550014 1.895796
v -0.817143 -1.601778 1.894459
v -0.797552 -1.650014 1.890541
v -0.766385 -1.691436 1.884308
v -0.725768 -1.723219 1.876184
v -0.678469 -1.743199 1.866724
v -0.627710 -1.750014 1.856573
v -0.627710 -1.743199 1.908336
v -0.627710 -1.723219 1.956573
v -0.627710 -1.691436 1.997994
v -0.627710 -1.650014 2.029778
v -0.627710 -1.601778 2.049758
v -0.627710 -1.550014 2.056573
v -0.673091 -1.550014 2.051356
v -0.716105 -1.550014 2.035978
v -0.754507 -1.550014 2.011241
v -0.786295 -1.550014 1.978436
v -0.809810 -1.550014 1.939273
v -0.652600 -1.719982 1.959000
v -0.750187 -1.601778 2.005971
v -0.778395 -1.677634 1.888308
v -0.799856 -1.635916 1.911220
v -0.809586 -1.588344 1.930407
v -0.723267 -1.719982 1.901068
v -0.752639 -1.687892 1.929936
v -0.773493 -1.646407 1.953812
v -0.784414 -1.598351 1.971060
v -0.660528 -1.743199 1.896604
v -0.691109 -1.723219 1.933907
v -0.717369 -1.691436 1.965940
v -0.737520 -1.650014 1.990519
v -0.675147 -1.687892 1.993465
v -0.694470 -1.646407 2.018596
v -0.709240 -1.598351 2.032686
v -0.629277 -1.677634 2.010555
v -0.647535 -1.635916 2.036094
v -0.664442 -1.588344 2.049398
v -0.984855 1.601750 -0.143427
v -0.964876 1.649986 -0.143427
v -0.933091 1.691407 -0.143427
v -0.891671 1.723191 -0.143427
v -0.843435 1.743171 -0.143427
v -0.791671 1.749986 -0.143427
v -0.791671 1.756801 -0.195191
v -0.791671 1.776781 -0.243427
v -0.791671 1.808564 -0.284849
v -0.791671 1.849986 -0.316632
v -0.791671 1.898222 -0.336612
v -0.791671 1.949986 -0.343427
v -0.895198 1.936357 -0.343427
v -0.991671 1.896396 -0.343427
v -1.074512 1.832829 -0.343427
v -1.138081 1.749986 -0.343427
v -1.178041 1.653513 -0.343427
v -1.191671 1.549986 -0.343427
v -1.139907 1.549986 -0.336612
v -1.091671 1.549986 -0.316632
v -1.050249 1.549986 -0.284849
v -1.018466 1.549986 -0.243427
v -0.998486 1.549986 -0.195191
v -0.991439 1.603513 -0.195191
v -1.010737 1.608685 -0.243427
v -1.041439 1.616911 -0.284849
v -1.081448 1.627631 -0.316632
v -1.128041 1.640116 -0.336612
v -0.970778 1.653393 -0.195191
v -0.988081 1.663383 -0.243427
v -1.015605 1.679276 -0.284849
v -1.051477 1.699986 -0.316632
v -1.093251 1.724104 -0.336612
v -0.937910 1.696226 -0.195191
v -0.952038 1.710354 -0.243427
v -0.974513 1.732828 -0.284849
v -1.003803 1.762118 -0.316632
v -1.037910 1.796227 -0.336612
v -0.895078 1.729094 -0.195191
v -0.905068 1.746396 -0.243427
v -0.920960 1.773921 -0.284849
v -0.941670 1.809793 -0.316632
v -0.965789 1.851567 -0.336612
v -0.845197 1.749754 -0.195191
v -0.850370 1.769053 -0.243427
v -0.858596 1.799754 -0.284849
v -0.869316 1.839763 -0.316632
v -0.881800 1.886356 -0.336612
v 3.001514 -1.550014 1.908336
v 2.981534 -1.550014 1.956573
v 2.949751 -1.550014 1.997994
v 2.908329 -1.550014 2.029778
v 2.860094 -1.550014 2.049758
v 2.808330 -1.550014 2.056573
v 2.808330 -1.601778 2.049758
v 2.808330 -1.650014 2.029778
v 2.808330 -1.691436 1.997994
v 2.808330 -1.723219 1.956573
v 2.808330 -1.743199 1.908336
v 2.808330 -1.750014 1.856573
v 2.860094 -1.743199 1.856573
v 2.908329 -1.723219 1.856573
v 2.949751 -1.691436 1.856573
v 2.981534 -1.650014 1.856573
v 3.001514 -1.601778 1.856573
v 3.002424 -1.580797 1.893721
v 2.991830 -1.627743 1.873479
v 2.986393 -1.594061 1.936280
v 2.974814 -1.641823 1.918654
v 2.951890 -1.683328 1.896797
v 2.919181 -1.715748 1.872199
v 2.960814 -1.600911 1.975560
v 2.947662 -1.649094 1.960349
v 2.925015 -1.690525 1.938066
v 2.894417 -1.722380 1.910229
v 2.857951 -1.742489 1.878735
v 2.927316 -1.600911 2.009057
v 2.912105 -1.649094 1.995906
v 2.889822 -1.690525 1.973259
v 2.861985 -1.722380 1.942660
v 2.830492 -1.742489 1.906194
v 2.888037 -1.594061 2.034636
v 2.870410 -1.641823 2.023057
v 2.848554 -1.683328 2.000133
v 2.823956 -1.715748 1.967425
v 2.845479 -1.580797 2.050666
v 2.825235 -1.627743 2.040073
v 1.662983 -1.743199 1.908336
v 0.517636 -1.743199 1.908336
v 1.662983 -1.723219 1.956573
v 0.517636 -1.723219 1.956573
v 1.662983 -1.691436 1.997994
v 0.517636 -1.691436 1.997994
v 1.662983 -1.650014 2.029778
v 0.517636 -1.650014 2.029778
v 1.662983 -1.601778 2.049758
v 0.517636 -1.601778 2.049758
v 2.808330 1.749986 -0.143427
v 2.860094 1.743171 -0.143427
v 2.908329 1.723191 -0.143427
v 2.949751 1.691407 -0.143427
v 2.981534 1.649986 -0.143427
v 3.001514 1.601750 -0.143427
v 3.015144 1.549986 -0.195191
v 3.035125 1.549986 -0.243427
v 3.066908 1.549986 -0.284849
v 3.108330 1.549986 -0.316632
v 3.156565 1.549986 -0.336612
v 3.208329 1.549986 -0.343427
v 3.194700 1.653513 -0.343427
v 3.154739 1.749986 -0.343427
v 3.091172 1.832829 -0.343427
v 3.008329 1.896396 -0.343427
v 2.911857 1.936357 -0.343427
v 2.808330 1.949986 -0.343427
v 2.808330 1.898222 -0.336612
v 2.808330 1.849986 -0.316632
v 2.808330 1.808564 -0.284849
v 2.808330 1.776781 -0.243427
v 2.808330 1.756801 -0.195191
v 2.861857 1.749754 -0.195191
v 2.867028 1.769053 -0.243427
v 2.875254 1.799754 -0.284849
v 2.885976 1.839763 -0.316632
v 2.898459 1.886356 -0.336612
v 2.911737 1.729094 -0.195191
v 2.921727 1.746396 -0.243427
v 2.937619 1.773921 -0.284849
v 2.958329 1.809793 -0.316632
v 2.982447 1.851567 -0.336612
v 2.954569 1.696226 -0.195191
v 2.968697 1.710354 -0.243427
v 2.991172 1.732828 -0.284849
v 3.020461 1.762118 -0.316632
v 3.054569 1.796227 -0.336612
v 2.987437 1.653393 -0.195191
v 3.004740 1.663383 -0.243427
v 3.032265 1.679276 -0.284849
v 3.068137 1.699986 -0.316632
v 3.109911 1.724104 -0.336612
v 3.008097 1.603513 -0.195191
v 3.027396 1.608685 -0.243427
v 3.058097 1.616911 -0.284849
v 3.098107 1.627631 -0.316632
v 3.144701 1.640116 -0.336612
v -0.791671 -1.750014 -0.143427
v -0.843435 -1.743199 -0.143427
v -0.891671 -1.723219 -0.143427
v -0.933091 -1.691436 -0.143427
v -0.964876 -1.650014 -0.143427
v -0.984855 -1.601778 -0.143427
v -0.998486 -1.550014 -0.195191
v -1.018466 -1.550014 -0.243427
v -1.050249 -1.550014 -0.284849
v -1.091671 -1.550014 -0.316632
v -1.139907 -1.550014 -0.336612
v -1.191671 -1.550014 -0.343427
v -1.178041 -1.653542 -0.343427
v -1.138081 -1.750014 -0.343427
v -1.074512 -1.832857 -0.343427
v -0.991671 -1.896424 -0.343427
v -0.895198 -1.936385 -0.343427
v -0.791671 -1.950014 -0.343427
v -0.791671 -1.898250 -0.336612
v -0.791671 -1.850014 -0.316632
v -0.791671 -1.808593 -0.284849
v -0.791671 -1.776809 -0.243427
v -0.791671 -1.756829 -0.195191
v -0.845197 -1.749782 -0.195191
v -0.850370 -1.769081 -0.243427
v -0.858596 -1.799782 -0.284849
v -0.869316 -1.839792 -0.316632
v -0.881800 -1.886385 -0.336612
v -0.895078 -1.729121 -0.195191
v -0.905068 -1.746424 -0.243427
v -0.920960 -1.773950 -0.284849
v -0.941670 -1.809822 -0.316632
v -0.965789 -1.851596 -0.336612
v -0.937910 -1.696254 -0.195191
v -0.952038 -1.710382 -0.243427
v -0.974513 -1.732857 -0.284849
v -1.003803 -1.762146 -0.316632
v -1.037910 -1.796254 -0.336612
v -0.970778 -1.653422 -0.195191
v -0.988081 -1.663412 -0.243427
v -1.015605 -1.679304 -0.284849
v -1.051477 -1.700014 -0.316632
v -1.093251 -1.724132 -0.336612
v -0.991439 -1.603542 -0.195191
v -1.010737 -1.608713 -0.243427
v -1.041439 -1.616939 -0.284849
v -1.081448 -1.627660 -0.316632
v -1.128041 -1.640144 -0.336612
v -0.998486 0.516652 -0.195191
v -0.998486 -0.516681 -0.195191
v -1.018466 0.516652 -0.243427
v -1.018466 -0.516681 -0.243427
v -1.050249 0.516652 -0.284849
v -1.050249 -0.516681 -0.284849
v -1.091671 0.516652 -0.316632
v -1.091671 -0.516681 -0.316632
v -1.139907 0.516652 -0.336612
v -1.139907 -0.516681 -0.336612
v 2.808330 -1.950014 -0.343427
v 2.911857 -1.936385 -0.343427
v 3.008329 -1.896424 -0.343427
v 3.091172 -1.832857 -0.343427
v 3.154739 -1.750014 -0.343427
v 3.194700 -1.653542 -0.343427
v 3.208329 -1.550014 -0.343427
v 3.156565 -1.550014 -0.336612
v 3.108330 -1.550014 -0.316632
v 3.066908 -1.550014 -0.284849
v 3.035125 -1.550014 -0.243427
v 3.015144 -1.550014 -0.195191
v 3.001514 -1.601778 -0.143427
v 2.981534 -1.650014 -0.143427
v 2.949751 -1.691436 -0.143427
v 2.908329 -1.723219 -0.143427
v 2.860094 -1.743199 -0.143427
v 2.808330 -1.750014 -0.143427
v 2.808330 -1.756829 -0.195191
v 2.808330 -1.776809 -0.243427
v 2.808330 -1.808593 -0.284849
v 2.808330 -1.850014 -0.316632
v 2.808330 -1.898250 -0.336612
v 2.898459 -1.886385 -0.336612
v 2.885976 -1.839792 -0.316632
v 2.875254 -1.799782 -0.284849
v 2.867028 -1.769081 -0.243427
v 2.861857 -1.749782 -0.195191
v 2.982447 -1.851596 -0.336612
v 2.958329 -1.809822 -0.316632
v 2.937619 -1.773950 -0.284849
v 2.921727 -1.746424 -0.243427
v 2.911737 -1.729121 -0.195191
v 3.054569 -1.796254 -0.336612
v 3.020461 -1.762146 -0.316632
v 2.991172 -1.732857 -0.284849
v 2.968697 -1.710382 -0.243427
v 2.954569 -1.696254 -0.195191
v 3.109911 -1.724132 -0.336612
v 3.068137 -1.700014 -0.316632
v 3.032265 -1.679304 -0.284849
v 3.004740 -1.663412 -0.243427
v 2.987437 -1.653422 -0.195191
v 3.144701 -1.640144 -0.336612
v 3.098107 -1.627660 -0.316632
v 3.058097 -1.616939 -0.284849
v 3.027396 -1.608713 -0.243427
v 3.008097 -1.603542 -0.195191
v 3.156565 0.516652 -0.336612
v 3.156565 -0.516681 -0.336612
v 3.108330 0.516652 -0.316632
v 3.108330 -0.516681 -0.316632
v 3.066908 0.516652 -0.284849
v 3.066908 -0.516681 -0.284849
v 3.035125 0.516652 -0.243427
v 3.035125 -0.516681 -0.243427
v 3.015144 0.516652 -0.195191
v 3.015144 -0.516681 -0.195191
v 3.001514 -1.601778 0.856573
v 2.981534 -1.650014 0.856573
v 2.949751 -1.691436 0.856573
v 2.908329 -1.723219 0.856573
v 2.860094 -1.743199 0.856573
v 0.108329 -1.756829 -0.195191
v 1.008330 -1.756829 -0.195191
v 1.908329 -1.756829 -0.195191
v 0.108329 -1.776809 -0.243427
v 1.008330 -1.776809 -0.243427
v 1.908329 -1.776809 -0.243427
v 0.108329 -1.808593 -0.284849
v 1.008330 -1.808593 -0.284849
v 1.908329 -1.808593 -0.284849
v 0.108329 -1.850014 -0.316632
v 1.008330 -1.850014 -0.316632
v 1.908329 -1.850014 -0.316632
v 0.108329 -1.898250 -0.336612
v 1.008330 -1.898250 -0.336612
v 1.908329 -1.898250 -0.336612
v -0.791671 -1.750014 0.957553
v -0.843435 -1.743199 0.957553
v -0.891671 -1.723219 0.957553
v -0.933091 -1.691436 0.957553
v -0.964876 -1.650014 0.957553
v -0.984855 -1.601778 0.957553
v -0.776135 -1.750014 1.114446
v -0.826894 -1.743199 1.124598
v -0.874193 -1.723219 1.134058
v -0.914810 -1.691436 1.142181
v -0.945977 -1.650014 1.148414
v -0.965568 -1.601778 1.152333
v -0.972251 -1.550014 1.153669
v -0.983023 -1.550014 1.088771
v -0.989507 -1.550014 1.023304
v -0.789939 -1.750014 1.010154
v -0.784754 -1.750014 1.062527
v 0.108329 1.898222 -0.336612
v 1.008330 1.898222 -0.336612
v 1.908329 1.898222 -0.336612
v 0.108329 1.849986 -0.316632
v 1.008330 1.849986 -0.316632
v 1.908329 1.849986 -0.316632
v 0.108329 1.808564 -0.284849
v 1.008330 1.808564 -0.284849
v 1.908329 1.808564 -0.284849
v 0.108329 1.776781 -0.243427
v 1.008330 1.776781 -0.243427
v 1.908329 1.776781 -0.243427
v 0.108329 1.756801 -0.195191
v 1.008330 1.756801 -0.195191
v 1.908329 1.756801 -0.195191
v 3.001514 1.601750 0.856573
v 2.981534 1.649986 0.856573
v 2.949751 1.691407 0.856573
v 2.908329 1.723191 0.856573
v 2.860094 1.743171 0.856573
v 3.001514 0.516652 1.908336
v 3.001514 -0.516681 1.908336
v 2.981534 0.516652 1.956573
v 2.981534 -0.516681 1.956573
v 2.949751 0.516652 1.997994
v 2.949751 -0.516681 1.997994
v 2.908329 0.516652 2.029778
v 2.908329 -0.516681 2.029778
v 2.860094 0.516652 2.049758
v 2.860094 -0.516681 2.049758
v -0.984855 1.601750 0.957553
v -0.964876 1.649986 0.957553
v -0.933091 1.691407 0.957553
v -0.891671 1.723191 0.957553
v -0.843435 1.743171 0.957553
v -0.791671 1.749986 0.957553
v -0.972251 1.549986 1.153669
v -0.965568 1.601750 1.152333
v -0.945977 1.649986 1.148414
v -0.914810 1.691407 1.142181
v -0.874193 1.723191 1.134058
v -0.826894 1.743171 1.124598
v -0.776135 1.749986 1.114446
v -0.784754 1.749986 1.062527
v -0.789939 1.749986 1.010154
v -0.989507 1.549986 1.023304
v -0.983023 1.549986 1.088771
v -0.627710 -1.450014 2.056573
v -0.649368 -1.450014 2.055396
v -0.670772 -1.450014 2.051882
v -0.716105 0.774986 2.035978
v -0.716105 -0.000014 2.035978
v -0.716105 -0.775014 2.035978
v -0.754507 0.774986 2.011241
v -0.754507 -0.000014 2.011241
v -0.754507 -0.775014 2.011241
v -0.786295 0.774986 1.978436
v -0.786295 -0.000014 1.978436
v -0.786295 -0.775014 1.978436
v -0.809810 0.774986 1.939273
v -0.809810 -0.000014 1.939273
v -0.809810 -0.775014 1.939273
v 0.517636 1.743171 1.908336
v 1.662983 1.743171 1.908336
v 0.517636 1.723191 1.956573
v 1.662983 1.723191 1.956573
v 0.517636 1.691407 1.997994
v 1.662983 1.691407 1.997994
v 0.517636 1.649986 2.029778
v 1.662983 1.649986 2.029778
v 0.517636 1.601750 2.049758
v 1.662983 1.601750 2.049758
v -6.091671 3.849986 -0.343427
v -6.091671 -3.850014 -0.343427
v 4.708330 -3.850014 -0.343427
v 4.708330 3.849986 -0.343427
v -6.117552 -3.850014 -0.346835
v -6.141670 -3.850014 -0.356825
v -6.162380 -3.850014 -0.372717
v -6.178272 -3.850014 -0.393427
v -6.188262 -3.850014 -0.417545
v -6.191670 -3.850014 -0.443427
v -6.188262 -3.875896 -0.443427
v -6.178272 -3.900014 -0.443427
v -6.162380 -3.920725 -0.443427
v -6.141670 -3.936617 -0.443427
v -6.117552 -3.946607 -0.443427
v -6.091671 -3.950014 -0.443427
v -6.091671 -3.946607 -0.417545
v -6.091671 -3.936617 -0.393427
v -6.091671 -3.920725 -0.372717
v -6.091671 -3.900014 -0.356825
v -6.091671 -3.875896 -0.346835
v -6.130534 -3.858467 -0.351677
v -6.107061 -3.868588 -0.346380
v -6.174537 -3.857827 -0.388001
v -6.158327 -3.870126 -0.371647
v -6.137574 -3.881055 -0.360185
v -6.113693 -3.889868 -0.354396
v -6.187907 -3.861096 -0.418617
v -6.177853 -3.876842 -0.400384
v -6.161925 -3.890761 -0.385084
v -6.141211 -3.901902 -0.373761
v -6.117118 -3.909508 -0.367185
v -6.187907 -3.874825 -0.432346
v -6.177853 -3.893058 -0.416599
v -6.161925 -3.908357 -0.402681
v -6.141211 -3.919681 -0.391539
v -6.117118 -3.926256 -0.383934
v -6.174537 -3.905440 -0.435614
v -6.158327 -3.921794 -0.423315
v -6.137574 -3.933257 -0.412387
v -6.113693 -3.939046 -0.403574
v -6.130534 -3.941764 -0.434974
v -6.107061 -3.947061 -0.424853
v 4.708330 -3.875896 -0.346835
v 4.708330 -3.900014 -0.356825
v 4.708330 -3.920725 -0.372717
v 4.708330 -3.936617 -0.393427
v 4.708330 -3.946607 -0.417545
v 4.708330 -3.950014 -0.443427
v 4.734211 -3.946607 -0.443427
v 4.758329 -3.936617 -0.443427
v 4.779040 -3.920725 -0.443427
v 4.794932 -3.900014 -0.443427
v 4.804923 -3.875896 -0.443427
v 4.808330 -3.850014 -0.443427
v 4.804923 -3.850014 -0.417545
v 4.794932 -3.850014 -0.393427
v 4.779040 -3.850014 -0.372717
v 4.758329 -3.850014 -0.356825
v 4.734211 -3.850014 -0.346835
v 4.723722 -3.868588 -0.346380
v 4.747195 -3.858467 -0.351677
v 4.730353 -3.889868 -0.354396
v 4.754233 -3.881055 -0.360185
v 4.774987 -3.870126 -0.371647
v 4.791196 -3.857827 -0.388001
v 4.733778 -3.909508 -0.367185
v 4.757870 -3.901902 -0.373761
v 4.778585 -3.890761 -0.385084
v 4.794513 -3.876842 -0.400384
v 4.804567 -3.861096 -0.418617
v 4.733778 -3.926256 -0.383934
v 4.757870 -3.919681 -0.391539
v 4.778585 -3.908357 -0.402681
v 4.794513 -3.893058 -0.416599
v 4.804567 -3.874825 -0.432346
v 4.730353 -3.939046 -0.403574
v 4.754233 -3.933257 -0.412387
v 4.774987 -3.921794 -0.423315
v 4.791196 -3.905440 -0.435614
v 4.723722 -3.947061 -0.424853
v 4.747195 -3.941764 -0.434974
v -6.091671 3.875868 -0.346835
v -6.091671 3.899986 -0.356825
v -6.091671 3.920696 -0.372717
v -6.091671 3.936588 -0.393427
v -6.091671 3.946578 -0.417545
v -6.091671 3.949986 -0.443427
v -6.117552 3.946578 -0.443427
v -6.141670 3.936588 -0.443427
v -6.162380 3.920696 -0.443427
v -6.178272 3.899986 -0.443427
v -6.188262 3.875868 -0.443427
v -6.191670 3.849986 -0.443427
v -6.188262 3.849986 -0.417545
v -6.178272 3.849986 -0.393427
v -6.162380 3.849986 -0.372717
v -6.141670 3.849986 -0.356825
v -6.117552 3.849986 -0.346835
v -6.107061 3.868560 -0.346380
v -6.130534 3.858439 -0.351677
v -6.113693 3.889839 -0.354396
v -6.137574 3.881026 -0.360185
v -6.158327 3.870098 -0.371647
v -6.174537 3.857799 -0.388001
v -6.117118 3.909479 -0.367185
v -6.141211 3.901874 -0.373761
v -6.161925 3.890732 -0.385084
v -6.177853 3.876814 -0.400384
v -6.187907 3.861067 -0.418617
v -6.117118 3.926228 -0.383934
v -6.141211 3.919652 -0.391539
v -6.161925 3.908329 -0.402681
v -6.177853 3.893029 -0.416599
v -6.187907 3.874797 -0.432346
v -6.113693 3.939018 -0.403574
v -6.137574 3.933228 -0.412387
v -6.158327 3.921766 -0.423315
v -6.174537 3.905412 -0.435614
v -6.107061 3.947033 -0.424853
v -6.130534 3.941736 -0.434974
v -6.091671 -3.950014 -0.543427
v -6.117552 -3.946607 -0.543427
v -6.141670 -3.936617 -0.543427
v -6.162380 -3.920725 -0.543427
v -6.178272 -3.900014 -0.543427
v -6.188262 -3.875896 -0.543427
v -6.191670 -3.850014 -0.543427
v -6.188262 -3.850014 -0.569309
v -6.178272 -3.850014 -0.593427
v -6.162380 -3.850014 -0.614138
v -6.141670 -3.850014 -0.630030
v -6.117552 -3.850014 -0.640020
v -6.091671 -3.850014 -0.643427
v -6.091671 -3.875896 -0.640020
v -6.091671 -3.900014 -0.630030
v -6.091671 -3.920725 -0.614138
v -6.091671 -3.936617 -0.593427
v -6.091671 -3.946607 -0.569309
v -6.130534 -3.941764 -0.551880
v -6.107061 -3.947061 -0.562002
v -6.174537 -3.905440 -0.551240
v -6.158327 -3.921794 -0.563539
v -6.137574 -3.933257 -0.574468
v -6.113693 -3.939046 -0.583281
v -6.187907 -3.874825 -0.554509
v -6.177853 -3.893058 -0.570255
v -6.161925 -3.908357 -0.584174
v -6.141211 -3.919681 -0.595315
v -6.117118 -3.926256 -0.602921
v -6.187907 -3.861096 -0.568238
v -6.177853 -3.876842 -0.586471
v -6.161925 -3.890761 -0.601770
v -6.141211 -3.901902 -0.613094
v -6.117118 -3.909508 -0.619670
v -6.174537 -3.857827 -0.598853
v -6.158327 -3.870126 -0.615207
v -6.137574 -3.881055 -0.626670
v -6.113693 -3.889868 -0.632459
v -6.130534 -3.858467 -0.635178
v -6.107061 -3.868588 -0.640474
v 4.734211 3.849986 -0.346835
v 4.758329 3.849986 -0.356825
v 4.779040 3.849986 -0.372717
v 4.794932 3.849986 -0.393427
v 4.804923 3.849986 -0.417545
v 4.808330 3.849986 -0.443427
v 4.804923 3.875868 -0.443427
v 4.794932 3.899986 -0.443427
v 4.779040 3.920696 -0.443427
v 4.758329 3.936588 -0.443427
v 4.734211 3.946578 -0.443427
v 4.708330 3.949986 -0.443427
v 4.708330 3.946578 -0.417545
v 4.708330 3.936588 -0.393427
v 4.708330 3.920696 -0.372717
v 4.708330 3.899986 -0.356825
v 4.708330 3.875868 -0.346835
v 4.723722 3.947033 -0.424853
v 4.747195 3.858439 -0.351677
v 4.723722 3.868560 -0.346380
v 4.791196 3.857799 -0.388001
v 4.774987 3.870098 -0.371647
v 4.754233 3.881026 -0.360185
v 4.730353 3.889839 -0.354396
v 4.804567 3.861067 -0.418617
v 4.794513 3.876814 -0.400384
v 4.778585 3.890732 -0.385084
v 4.757870 3.901874 -0.373761
v 4.733778 3.909479 -0.367185
v 4.804567 3.874797 -0.432346
v 4.794513 3.893029 -0.416599
v 4.778585 3.908329 -0.402681
v 4.757870 3.919652 -0.391539
v 4.733778 3.926228 -0.383934
v 4.791196 3.905412 -0.435614
v 4.774987 3.921766 -0.423315
v 4.754233 3.933228 -0.412387
v 4.730353 3.939018 -0.403574
v 4.747195 3.941736 -0.434974
v 4.708330 -3.950014 -0.543427
v 4.708330 -3.946607 -0.569309
v 4.708330 -3.936617 -0.593427
v 4.708330 -3.920725 -0.614138
v 4.708330 -3.900014 -0.630030
v 4.708330 -3.875896 -0.640020
v 4.708330 -3.850014 -0.643427
v 4.734211 -3.850014 -0.640020
v 4.758329 -3.850014 -0.630030
v 4.779040 -3.850014 -0.614138
v 4.794932 -3.850014 -0.593427
v 4.804923 -3.850014 -0.569309
v 4.808330 -3.850014 -0.543427
v 4.804923 -3.875896 -0.543427
v 4.794932 -3.900014 -0.543427
v 4.779040 -3.920725 -0.543427
v 4.758329 -3.936617 -0.543427
v 4.734211 -3.946607 -0.543427
v 4.723722 -3.947061 -0.562002
v 4.747195 -3.941764 -0.551880
v 4.730353 -3.939046 -0.583281
v 4.754233 -3.933257 -0.574468
v 4.774987 -3.921794 -0.563539
v 4.791196 -3.905440 -0.551240
v 4.733778 -3.926256 -0.602921
v 4.757870 -3.919681 -0.595315
v 4.778585 -3.908357 -0.584174
v 4.794513 -3.893058 -0.570255
v 4.804567 -3.874825 -0.554509
v 4.733778 -3.909508 -0.619670
v 4.757870 -3.901902 -0.613094
v 4.778585 -3.890761 -0.601770
v 4.794513 -3.876842 -0.586471
v 4.804567 -3.861096 -0.568238
v 4.730353 -3.889868 -0.632459
v 4.754233 -3.881055 -0.626670
v 4.774987 -3.870126 -0.615207
v 4.791196 -3.857827 -0.598853
v 4.723722 -3.868588 -0.640474
v 4.747195 -3.858467 -0.635178
v -6.191670 3.849986 -0.543427
v -6.188262 3.875868 -0.543427
v -6.178272 3.899986 -0.543427
v -6.162380 3.920696 -0.543427
v -6.141670 3.936588 -0.543427
v -6.117552 3.946578 -0.543427
v -6.091671 3.949986 -0.543427
v -6.091671 3.946578 -0.569309
v -6.091671 3.936588 -0.593427
v -6.091671 3.920696 -0.614138
v -6.091671 3.899986 -0.630030
v -6.091671 3.875868 -0.640020
v -6.091671 3.849986 -0.643427
v -6.117552 3.849986 -0.640020
v -6.141670 3.849986 -0.630030
v -6.162380 3.849986 -0.614138
v -6.178272 3.849986 -0.593427
v -6.188262 3.849986 -0.569309
v -6.117118 3.909479 -0.619670
v -6.141211 3.901874 -0.613094
v -6.161925 3.890732 -0.601770
v -6.177853 3.876814 -0.586471
v -6.187907 3.861067 -0.568238
v -6.187907 3.874797 -0.554509
v -6.177853 3.893029 -0.570255
v -6.161925 3.908329 -0.584174
v -6.141211 3.919652 -0.595315
v -6.117118 3.926228 -0.602921
v -6.174537 3.905412 -0.551240
v -6.158327 3.921766 -0.563539
v -6.137574 3.933228 -0.574468
v -6.113693 3.939018 -0.583281
v -6.130534 3.941736 -0.551880
v -6.107061 3.947033 -0.562002
v -6.113693 3.889839 -0.632459
v -6.137574 3.881026 -0.626670
v -6.158327 3.870098 -0.615207
v -6.174537 3.857799 -0.598853
v -6.107061 3.868560 -0.640474
v -6.130534 3.858439 -0.635178
v 4.708330 3.949986 -0.543427
v 4.734211 3.946578 -0.543427
v 4.758329 3.936588 -0.543427
v 4.779040 3.920696 -0.543427
v 4.794932 3.899986 -0.543427
v 4.804923 3.875868 -0.543427
v 4.808330 3.849986 -0.543427
v 4.804923 3.849986 -0.569309
v 4.794932 3.849986 -0.593427
v 4.779040 3.849986 -0.614138
v 4.758329 3.849986 -0.630030
v 4.734211 3.849986 -0.640020
v 4.708330 3.849986 -0.643427
v 4.708330 3.875868 -0.640020
v 4.708330 3.899986 -0.630030
v 4.708330 3.920696 -0.614138
v 4.708330 3.936588 -0.593427
v 4.708330 3.946578 -0.569309
v 4.723722 3.868560 -0.640474
v 4.747195 3.941736 -0.551880
v 4.723722 3.947033 -0.562002
v 4.791196 3.905412 -0.551240
v 4.774987 3.921766 -0.563539
v 4.754233 3.933228 -0.574468
v 4.730353 3.939018 -0.583281
v 4.804567 3.874797 -0.554509
v 4.794513 3.893029 -0.570255
v 4.778585 3.908329 -0.584174
v 4.757870 3.919652 -0.595315
v 4.733778 3.926228 -0.602921
v 4.804567 3.861067 -0.568238
v 4.794513 3.876814 -0.586471
v 4.778585 3.890732 -0.601770
v 4.757870 3.901874 -0.613094
v 4.733778 3.909479 -0.619670
v 4.791196 3.857799 -0.598853
v 4.774987 3.870098 -0.615207
v 4.754233 3.881026 -0.626670
v 4.730353 3.889839 -0.632459
v 4.747195 3.858439 -0.635178
v 4.734211 3.299986 -0.640020
v 4.734211 2.749986 -0.640020
v 4.734211 2.199986 -0.640020
v 4.734211 1.649986 -0.640020
v 4.734211 1.099986 -0.640020
v 4.734211 0.549986 -0.640020
v 4.734211 -0.000014 -0.640020
v 4.734211 -0.550014 -0.640020
v 4.734211 -1.100014 -0.640020
v 4.734211 -1.650014 -0.640020
v 4.734211 -2.200014 -0.640020
v 4.734211 -2.750014 -0.640020
v 4.734211 -3.300014 -0.640020
v 4.758329 3.299986 -0.630030
v 4.758329 2.749986 -0.630030
v 4.758329 2.199986 -0.630030
v 4.758329 1.649986 -0.630030
v 4.758329 1.099986 -0.630030
v 4.758329 0.549986 -0.630030
v 4.758329 -0.000014 -0.630030
v 4.758329 -0.550014 -0.630030
v 4.758329 -1.100014 -0.630030
v 4.758329 -1.650014 -0.630030
v 4.758329 -2.200014 -0.630030
v 4.758329 -2.750014 -0.630030
v 4.758329 -3.300014 -0.630030
v 4.779040 3.299986 -0.614138
v 4.779040 2.749986 -0.614138
v 4.779040 2.199986 -0.614138
v 4.779040 1.649986 -0.614138
v 4.779040 1.099986 -0.614138
v 4.779040 0.549986 -0.614138
v 4.779040 -0.000014 -0.614138
v 4.779040 -0.550014 -0.614138
v 4.779040 -1.100014 -0.614138
v 4.779040 -1.650014 -0.614138
v 4.779040 -2.200014 -0.614138
v 4.779040 -2.750014 -0.614138
v 4.779040 -3.300014 -0.614138
v 4.794932 3.299986 -0.593427
v 4.794932 2.749986 -0.593427
v 4.794932 2.199986 -0.593427
v 4.794932 1.649986 -0.593427
v 4.794932 1.099986 -0.593427
v 4.794932 0.549986 -0.593427
v 4.794932 -0.000014 -0.593427
v 4.794932 -0.550014 -0.593427
v 4.794932 -1.100014 -0.593427
v 4.794932 -1.650014 -0.593427
v 4.794932 -2.200014 -0.593427
v 4.794932 -2.750014 -0.593427
v 4.794932 -3.300014 -0.593427
v 4.804923 3.299986 -0.569309
v 4.804923 2.749986 -0.569309
v 4.804923 2.199986 -0.569309
v 4.804923 1.649986 -0.569309
v 4.804923 1.099986 -0.569309
v 4.804923 0.549986 -0.569309
v 4.804923 -0.000014 -0.569309
v 4.804923 -0.550014 -0.569309
v 4.804923 -1.100014 -0.569309
v 4.804923 -1.650014 -0.569309
v 4.804923 -2.200014 -0.569309
v 4.804923 -2.750014 -0.569309
v 4.804923 -3.300014 -0.569309
v -5.551671 3.875868 -0.640020
v -5.011670 3.875868 -0.640020
v -4.471670 3.875868 -0.640020
v -3.931670 3.875868 -0.640020
v -3.391670 3.875868 -0.640020
v -2.851671 3.875868 -0.640020
v -2.311671 3.875868 -0.640020
v -1.771671 3.875868 -0.640020
v -1.231671 3.875868 -0.640020
v -0.691670 3.875868 -0.640020
v -0.151671 3.875868 -0.640020
v 0.388330 3.875868 -0.640020
v 0.928329 3.875868 -0.640020
v 1.468329 3.875868 -0.640020
v 2.008329 3.875868 -0.640020
v 2.548330 3.875868 -0.640020
v 3.088329 3.875868 -0.640020
v 3.628330 3.875868 -0.640020
v 4.168330 3.875868 -0.640020
v -5.551671 3.899986 -0.630030
v -5.011670 3.899986 -0.630030
v -4.471670 3.899986 -0.630030
v -3.931670 3.899986 -0.630030
v -3.391670 3.899986 -0.630030
v -2.851671 3.899986 -0.630030
v -2.311671 3.899986 -0.630030
v -1.771671 3.899986 -0.630030
v -1.231671 3.899986 -0.630030
v -0.691670 3.899986 -0.630030
v -0.151671 3.899986 -0.630030
v 0.388330 3.899986 -0.630030
v 0.928329 3.899986 -0.630030
v 1.468329 3.899986 -0.630030
v 2.008329 3.899986 -0.630030
v 2.548330 3.899986 -0.630030
v 3.088329 3.899986 -0.630030
v 3.628330 3.899986 -0.630030
v 4.168330 3.899986 -0.630030
v -5.551671 3.920696 -0.614138
v -5.011670 3.920696 -0.614138
v -4.471670 3.920696 -0.614138
v -3.931670 3.920696 -0.614138
v -3.391670 3.920696 -0.614138
v -2.851671 3.920696 -0.614138
v -2.311671 3.920696 -0.614138
v -1.771671 3.920696 -0.614138
v -1.231671 3.920696 -0.614138
v -0.691670 3.920696 -0.614138
v -0.151671 3.920696 -0.614138
v 0.388330 3.920696 -0.614138
v 0.928329 3.920696 -0.614138
v 1.468329 3.920696 -0.614138
v 2.008329 3.920696 -0.614138
v 2.548330 3.920696 -0.614138
v 3.088329 3.920696 -0.614138
v 3.628330 3.920696 -0.614138
v 4.168330 3.920696 -0.614138
v -5.551671 3.936588 -0.593427
v -5.011670 3.936588 -0.593427
v -4.471670 3.936588 -0.593427
v -3.931670 3.936588 -0.593427
v -3.391670 3.936588 -0.593427
v -2.851671 3.936588 -0.593427
v -2.311671 3.936588 -0.593427
v -1.771671 3.936588 -0.593427
v -1.231671 3.936588 -0.593427
v -0.691670 3.936588 -0.593427
v -0.151671 3.936588 -0.593427
v 0.388330 3.936588 -0.593427
v 0.928329 3.936588 -0.593427
v 1.468329 3.936588 -0.593427
v 2.008329 3.936588 -0.593427
v 2.548330 3.936588 -0.593427
v 3.088329 3.936588 -0.593427
v 3.628330 3.936588 -0.593427
v 4.168330 3.936588 -0.593427
v -5.551671 3.946578 -0.569309
v -5.011670 3.946578 -0.569309
v -4.471670 3.946578 -0.569309
v -3.931670 3.946578 -0.569309
v -3.391670 3.946578 -0.569309
v -2.851671 3.946578 -0.569309
v -2.311671 3.946578 -0.569309
v -1.771671 3.946578 -0.569309
v -1.231671 3.946578 -0.569309
v -0.691670 3.946578 -0.569309
v -0.151671 3.946578 -0.569309
v 0.388330 3.946578 -0.569309
v 0.928329 3.946578 -0.569309
v 1.468329 3.946578 -0.569309
v 2.008329 3.946578 -0.569309
v 2.548330 3.946578 -0.569309
v 3.088329 3.946578 -0.569309
v 3.628330 3.946578 -0.569309
v 4.168330 3.946578 -0.569309
v -6.117552 -3.300014 -0.640020
v -6.117552 -2.750014 -0.640020
v -6.117552 -2.200014 -0.640020
v -6.117552 -1.650014 -0.640020
v -6.117552 -1.100014 -0.640020
v -6.117552 -0.550014 -0.640020
v -6.117552 -0.000014 -0.640020
v -6.117552 0.549986 -0.640020
v -6.117552 1.099986 -0.640020
v -6.117552 1.649986 -0.640020
v -6.117552 2.199986 -0.640020
v -6.117552 2.749986 -0.640020
v -6.117552 3.299986 -0.640020
v -6.141670 -3.300014 -0.630030
v -6.141670 -2.750014 -0.630030
v -6.141670 -2.200014 -0.630030
v -6.141670 -1.650014 -0.630030
v -6.141670 -1.100014 -0.630030
v -6.141670 -0.550014 -0.630030
v -6.141670 -0.000014 -0.630030
v -6.141670 0.549986 -0.630030
v -6.141670 1.099986 -0.630030
v -6.141670 1.649986 -0.630030
v -6.141670 2.199986 -0.630030
v -6.141670 2.749986 -0.630030
v -6.141670 3.299986 -0.630030
v -6.162380 -3.300014 -0.614138
v -6.162380 -2.750014 -0.614138
v -6.162380 -2.200014 -0.614138
v -6.162380 -1.650014 -0.614138
v -6.162380 -1.100014 -0.614138
v -6.162380 -0.550014 -0.614138
v -6.162380 -0.000014 -0.614138
v -6.162380 0.549986 -0.614138
v -6.162380 1.099986 -0.614138
v -6.162380 1.649986 -0.614138
v -6.162380 2.199986 -0.614138
v -6.162380 2.749986 -0.614138
v -6.162380 3.299986 -0.614138
v -6.178272 -3.300014 -0.593427
v -6.178272 -2.750014 -0.593427
v -6.178272 -2.200014 -0.593427
v -6.178272 -1.650014 -0.593427
v -6.178272 -1.100014 -0.593427
v -6.178272 -0.550014 -0.593427
v -6.178272 -0.000014 -0.593427
v -6.178272 0.549986 -0.593427
v -6.178272 1.099986 -0.593427
v -6.178272 1.649986 -0.593427
v -6.178272 2.199986 -0.593427
v -6.178272 2.749986 -0.593427
v -6.178272 3.299986 -0.593427
v -6.188262 -3.300014 -0.569309
v -6.188262 -2.750014 -0.569309
v -6.188262 -2.200014 -0.569309
v -6.188262 -1.650014 -0.569309
v -6.188262 -1.100014 -0.569309
v -6.188262 -0.550014 -0.569309
v -6.188262 -0.000014 -0.569309
v -6.188262 0.549986 -0.569309
v -6.188262 1.099986 -0.569309
v -6.188262 1.649986 -0.569309
v -6.188262 2.199986 -0.569309
v -6.188262 2.749986 -0.569309
v -6.188262 3.299986 -0.569309
v 4.168330 -3.875896 -0.640020
v 3.628330 -3.875896 -0.640020
v 3.088329 -3.875896 -0.640020
v 2.548330 -3.875896 -0.640020
v 2.008329 -3.875896 -0.640020
v 1.468329 -3.875896 -0.640020
v 0.928329 -3.875896 -0.640020
v 0.388330 -3.875896 -0.640020
v -0.151671 -3.875896 -0.640020
v -0.691670 -3.875896 -0.640020
v -1.231671 -3.875896 -0.640020
v -1.771671 -3.875896 -0.640020
v -2.311671 -3.875896 -0.640020
v -2.851671 -3.875896 -0.640020
v -3.391670 -3.875896 -0.640020
v -3.931670 -3.875896 -0.640020
v -4.471670 -3.875896 -0.640020
v -5.011670 -3.875896 -0.640020
v -5.551671 -3.875896 -0.640020
v 4.168330 -3.900014 -0.630030
v 3.628330 -3.900014 -0.630030
v 3.088329 -3.900014 -0.630030
v 2.548330 -3.900014 -0.630030
v 2.008329 -3.900014 -0.630030
v 1.468329 -3.900014 -0.630030
v 0.928329 -3.900014 -0.630030
v 0.388330 -3.900014 -0.630030
v -0.151671 -3.900014 -0.630030
v -0.691670 -3.900014 -0.630030
v -1.231671 -3.900014 -0.630030
v -1.771671 -3.900014 -0.630030
v -2.311671 -3.900014 -0.630030
v -2.851671 -3.900014 -0.630030
v -3.391670 -3.900014 -0.630030
v -3.931670 -3.900014 -0.630030
v -4.471670 -3.900014 -0.630030
v -5.011670 -3.900014 -0.630030
v -5.551671 -3.900014 -0.630030
v 4.168330 -3.920725 -0.614138
v 3.628330 -3.920725 -0.614138
v 3.088329 -3.920725 -0.614138
v 2.548330 -3.920725 -0.614138
v 2.008329 -3.920725 -0.614138
v 1.468329 -3.920725 -0.614138
v 0.928329 -3.920725 -0.614138
v 0.388330 -3.920725 -0.614138
v -0.151671 -3.920725 -0.614138
v -0.691670 -3.920725 -0.614138
v -1.231671 -3.920725 -0.614138
v -1.771671 -3.920725 -0.614138
v -2.311671 -3.920725 -0.614138
v -2.851671 -3.920725 -0.614138
v -3.391670 -3.920725 -0.614138
v -3.931670 -3.920725 -0.614138
v -4.471670 -3.920725 -0.614138
v -5.011670 -3.920725 -0.614138
v -5.551671 -3.920725 -0.614138
v 4.168330 -3.936617 -0.593427
v 3.628330 -3.936617 -0.593427
v 3.088329 -3.936617 -0.593427
v 2.548330 -3.936617 -0.593427
v 2.008329 -3.936617 -0.593427
v 1.468329 -3.936617 -0.593427
v 0.928329 -3.936617 -0.593427
v 0.388330 -3.936617 -0.593427
v -0.151671 -3.936617 -0.593427
v -0.691670 -3.936617 -0.593427
v -1.231671 -3.936617 -0.593427
v -1.771671 -3.936617 -0.593427
v -2.311671 -3.936617 -0.593427
v -2.851671 -3.936617 -0.593427
v -3.391670 -3.936617 -0.593427
v -3.931670 -3.936617 -0.593427
v -4.471670 -3.936617 -0.593427
v -5.011670 -3.936617 -0.593427
v -5.551671 -3.936617 -0.593427
v 4.168330 -3.946607 -0.569309
v 3.628330 -3.946607 -0.569309
v 3.088329 -3.946607 -0.569309
v 2.548330 -3.946607 -0.569309
v 2.008329 -3.946607 -0.569309
v 1.468329 -3.946607 -0.569309
v 0.928329 -3.946607 -0.569309
v 0.388330 -3.946607 -0.569309
v -0.151671 -3.946607 -0.569309
v -0.691670 -3.946607 -0.569309
v -1.231671 -3.946607 -0.569309
v -1.771671 -3.946607 -0.569309
v -2.311671 -3.946607 -0.569309
v -2.851671 -3.946607 -0.569309
v -3.391670 -3.946607 -0.569309
v -3.931670 -3.946607 -0.569309
v -4.471670 -3.946607 -0.569309
v -5.011670 -3.946607 -0.569309
v -5.551671 -3.946607 -0.569309
v -5.551671 3.946578 -0.417545
v -5.011670 3.946578 -0.417545
v -4.471670 3.946578 -0.417545
v -3.931670 3.946578 -0.417545
v -3.391670 3.946578 -0.417545
v -2.851671 3.946578 -0.417545
v -2.311671 3.946578 -0.417545
v -1.771671 3.946578 -0.417545
v -1.231671 3.946578 -0.417545
v -0.691670 3.946578 -0.417545
v -0.151671 3.946578 -0.417545
v 0.388330 3.946578 -0.417545
v 0.928329 3.946578 -0.417545
v 1.468329 3.946578 -0.417545
v 2.008329 3.946578 -0.417545
v 2.548330 3.946578 -0.417545
v 3.088329 3.946578 -0.417545
v 3.628330 3.946578 -0.417545
v 4.168330 3.946578 -0.417545
v -5.551671 3.936588 -0.393427
v -5.011670 3.936588 -0.393427
v -4.471670 3.936588 -0.393427
v -3.931670 3.936588 -0.393427
v -3.391670 3.936588 -0.393427
v -2.851671 3.936588 -0.393427
v -2.311671 3.936588 -0.393427
v -1.771671 3.936588 -0.393427
v -1.231671 3.936588 -0.393427
v -0.691670 3.936588 -0.393427
v -0.151671 3.936588 -0.393427
v 0.388330 3.936588 -0.393427
v 0.928329 3.936588 -0.393427
v 1.468329 3.936588 -0.393427
v 2.008329 3.936588 -0.393427
v 2.548330 3.936588 -0.393427
v 3.088329 3.936588 -0.393427
v 3.628330 3.936588 -0.393427
v 4.168330 3.936588 -0.393427
v -5.551671 3.920696 -0.372717
v -5.011670 3.920696 -0.372717
v -4.471670 3.920696 -0.372717
v -3.931670 3.920696 -0.372717
v -3.391670 3.920696 -0.372717
v -2.851671 3.920696 -0.372717
v -2.311671 3.920696 -0.372717
v -1.771671 3.920696 -0.372717
v -1.231671 3.920696 -0.372717
v -0.691670 3.920696 -0.372717
v -0.151671 3.920696 -0.372717
v 0.388330 3.920696 -0.372717
v 0.928329 3.920696 -0.372717
v 1.468329 3.920696 -0.372717
v 2.008329 3.920696 -0.372717
v 2.548330 3.920696 -0.372717
v 3.088329 3.920696 -0.372717
v 3.628330 3.920696 -0.372717
v 4.168330 3.920696 -0.372717
v -5.551671 3.899986 -0.356825
v -5.011670 3.899986 -0.356825
v -4.471670 3.899986 -0.356825
v -3.931670 3.899986 -0.356825
v -3.391670 3.899986 -0.356825
v -2.851671 3.899986 -0.356825
v -2.311671 3.899986 -0.356825
v -1.771671 3.899986 -0.356825
v -1.231671 3.899986 -0.356825
v -0.691670 3.899986 -0.356825
v -0.151671 3.899986 -0.356825
v 0.388330 3.899986 -0.356825
v 0.928329 3.899986 -0.356825
v 1.468329 3.899986 -0.356825
v 2.008329 3.899986 -0.356825
v 2.548330 3.899986 -0.356825
v 3.088329 3.899986 -0.356825
v 3.628330 3.899986 -0.356825
v 4.168330 3.899986 -0.356825
v -5.551671 3.875868 -0.346835
v -5.011670 3.875868 -0.346835
v -4.471670 3.875868 -0.346835
v -3.931670 3.875868 -0.346835
v -3.391670 3.875868 -0.346835
v -2.851671 3.875868 -0.346835
v -2.311671 3.875868 -0.346835
v -1.771671 3.875868 -0.346835
v -1.231671 3.875868 -0.346835
v -0.691670 3.875868 -0.346835
v -0.151671 3.875868 -0.346835
v 0.388330 3.875868 -0.346835
v 0.928329 3.875868 -0.346835
v 1.468329 3.875868 -0.346835
v 2.008329 3.875868 -0.346835
v 2.548330 3.875868 -0.346835
v 3.088329 3.875868 -0.346835
v 3.628330 3.875868 -0.346835
v 4.168330 3.875868 -0.346835
v 4.804923 3.299986 -0.417545
v 4.804923 2.749986 -0.417545
v 4.804923 2.199986 -0.417545
v 4.804923 1.649986 -0.417545
v 4.804923 1.099986 -0.417545
v 4.804923 0.549986 -0.417545
v 4.804923 -0.000014 -0.417545
v 4.804923 -0.550014 -0.417545
v 4.804923 -1.100014 -0.417545
v 4.804923 -1.650014 -0.417545
v 4.804923 -2.200014 -0.417545
v 4.804923 -2.750014 -0.417545
v 4.804923 -3.300014 -0.417545
v 4.794932 3.299986 -0.393427
v 4.794932 2.749986 -0.393427
v 4.794932 2.199986 -0.393427
v 4.794932 1.649986 -0.393427
v 4.794932 1.099986 -0.393427
v 4.794932 0.549986 -0.393427
v 4.794932 -0.000014 -0.393427
v 4.794932 -0.550014 -0.393427
v 4.794932 -1.100014 -0.393427
v 4.794932 -1.650014 -0.393427
v 4.794932 -2.200014 -0.393427
v 4.794932 -2.750014 -0.393427
v 4.794932 -3.300014 -0.393427
v 4.779040 3.299986 -0.372717
v 4.779040 2.749986 -0.372717
v 4.779040 2.199986 -0.372717
v 4.779040 1.649986 -0.372717
v 4.779040 1.099986 -0.372717
v 4.779040 0.549986 -0.372717
v 4.779040 -0.000014 -0.372717
v 4.779040 -0.550014 -0.372717
v 4.779040 -1.100014 -0.372717
v 4.779040 -1.650014 -0.372717
v 4.779040 -2.200014 -0.372717
v 4.779040 -2.750014 -0.372717
v 4.779040 -3.300014 -0.372717
v 4.758329 3.299986 -0.356825
v 4.758329 2.749986 -0.356825
v 4.758329 2.199986 -0.356825
v 4.758329 1.649986 -0.356825
v 4.758329 1.099986 -0.356825
v 4.758329 0.549986 -0.356825
v 4.758329 -0.000014 -0.356825
v 4.758329 -0.550014 -0.356825
v 4.758329 -1.100014 -0.356825
v 4.758329 -1.650014 -0.356825
v 4.758329 -2.200014 -0.356825
v 4.758329 -2.750014 -0.356825
v 4.758329 -3.300014 -0.356825
v 4.734211 3.299986 -0.346835
v 4.734211 2.749986 -0.346835
v 4.734211 2.199986 -0.346835
v 4.734211 1.649986 -0.346835
v 4.734211 1.099986 -0.346835
v 4.734211 0.549986 -0.346835
v 4.734211 -0.000014 -0.346835
v 4.734211 -0.550014 -0.346835
v 4.734211 -1.100014 -0.346835
v 4.734211 -1.650014 -0.346835
v 4.734211 -2.200014 -0.346835
v 4.734211 -2.750014 -0.346835
v 4.734211 -3.300014 -0.346835
v -6.188262 -3.300014 -0.417545
v -6.188262 -2.750014 -0.417545
v -6.188262 -2.200014 -0.417545
v -6.188262 -1.650014 -0.417545
v -6.188262 -1.100014 -0.417545
v -6.188262 -0.550014 -0.417545
v -6.188262 -0.000014 -0.417545
v -6.188262 0.549986 -0.417545
v -6.188262 1.099986 -0.417545
v -6.188262 1.649986 -0.417545
v -6.188262 2.199986 -0.417545
v -6.188262 2.749986 -0.417545
v -6.188262 3.299986 -0.417545
v -6.178272 -3.300014 -0.393427
v -6.178272 -2.750014 -0.393427
v -6.178272 -2.200014 -0.393427
v -6.178272 -1.650014 -0.393427
v -6.178272 -1.100014 -0.393427
v -6.178272 -0.550014 -0.393427
v -6.178272 -0.000014 -0.393427
v -6.178272 0.549986 -0.393427
v -6.178272 1.099986 -0.393427
v -6.178272 1.649986 -0.393427
v -6.178272 2.199986 -0.393427
v -6.178272 2.749986 -0.393427
v -6.178272 3.299986 -0.393427
v -6.162380 -3.300014 -0.372717
v -6.162380 -2.750014 -0.372717
v -6.162380 -2.200014 -0.372717
v -6.162380 -1.650014 -0.372717
v -6.162380 -1.100014 -0.372717
v -6.162380 -0.550014 -0.372717
v -6.162380 -0.000014 -0.372717
v -6.162380 0.549986 -0.372717
v -6.162380 1.099986 -0.372717
v -6.162380 1.649986 -0.372717
v -6.162380 2.199986 -0.372717
v -6.162380 2.749986 -0.372717
v -6.162380 3.299986 -0.372717
v -6.141670 -3.300014 -0.356825
v -6.141670 -2.750014 -0.356825
v -6.141670 -2.200014 -0.356825
v -6.141670 -1.650014 -0.356825
v -6.141670 -1.100014 -0.356825
v -6.141670 -0.550014 -0.356825
v -6.141670 -0.000014 -0.356825
v -6.141670 0.549986 -0.356825
v -6.141670 1.099986 -0.356825
v -6.141670 1.649986 -0.356825
v -6.141670 2.199986 -0.356825
v -6.141670 2.749986 -0.356825
v -6.141670 3.299986 -0.356825
v -6.117552 -3.300014 -0.346835
v -6.117552 -2.750014 -0.346835
v -6.117552 -2.200014 -0.346835
v -6.117552 -1.650014 -0.346835
v -6.117552 -1.100014 -0.346835
v -6.117552 -0.550014 -0.346835
v -6.117552 -0.000014 -0.346835
v -6.117552 0.549986 -0.346835
v -6.117552 1.099986 -0.346835
v -6.117552 1.649986 -0.346835
v -6.117552 2.199986 -0.346835
v -6.117552 2.749986 -0.346835
v -6.117552 3.299986 -0.346835
v 4.168330 -3.946607 -0.417545
v 3.628330 -3.946607 -0.417545
v 3.088329 -3.946607 -0.417545
v 2.548330 -3.946607 -0.417545
v 2.008329 -3.946607 -0.417545
v 1.468329 -3.946607 -0.417545
v 0.928329 -3.946607 -0.417545
v 0.388330 -3.946607 -0.417545
v -0.151671 -3.946607 -0.417545
v -0.691670 -3.946607 -0.417545
v -1.231671 -3.946607 -0.417545
v -1.771671 -3.946607 -0.417545
v -2.311671 -3.946607 -0.417545
v -2.851671 -3.946607 -0.417545
v -3.391670 -3.946607 -0.417545
v -3.931670 -3.946607 -0.417545
v -4.471670 -3.946607 -0.417545
v -5.011670 -3.946607 -0.417545
v -5.551671 -3.946607 -0.417545
v 4.168330 -3.936617 -0.393427
v 3.628330 -3.936617 -0.393427
v 3.088329 -3.936617 -0.393427
v 2.548330 -3.936617 -0.393427
v 2.008329 -3.936617 -0.393427
v 1.468329 -3.936617 -0.393427
v 0.928329 -3.936617 -0.393427
v 0.388330 -3.936617 -0.393427
v -0.151671 -3.936617 -0.393427
v -0.691670 -3.936617 -0.393427
v -1.231671 -3.936617 -0.393427
v -1.771671 -3.936617 -0.393427
v -2.311671 -3.936617 -0.393427
v -2.851671 -3.936617 -0.393427
v -3.391670 -3.936617 -0.393427
v -3.931670 -3.936617 -0.393427
v -4.471670 -3.936617 -0.393427
v -5.011670 -3.936617 -0.393427
v -5.551671 -3.936617 -0.393427
v 4.168330 -3.920725 -0.372717
v 3.628330 -3.920725 -0.372717
v 3.088329 -3.920725 -0.372717
v 2.548330 -3.920725 -0.372717
v 2.008329 -3.920725 -0.372717
v 1.468329 -3.920725 -0.372717
v 0.928329 -3.920725 -0.372717
v 0.388330 -3.920725 -0.372717
v -0.151671 -3.920725 -0.372717
v -0.691670 -3.920725 -0.372717
v -1.231671 -3.920725 -0.372717
v -1.771671 -3.920725 -0.372717
v -2.311671 -3.920725 -0.372717
v -2.851671 -3.920725 -0.372717
v -3.391670 -3.920725 -0.372717
v -3.931670 -3.920725 -0.372717
v -4.471670 -3.920725 -0.372717
v -5.011670 -3.920725 -0.372717
v -5.551671 -3.920725 -0.372717
v 4.168330 -3.900014 -0.356825
v 3.628330 -3.900014 -0.356825
v 3.088329 -3.900014 -0.356825
v 2.548330 -3.900014 -0.356825
v 2.008329 -3.900014 -0.356825
v 1.468329 -3.900014 -0.356825
v 0.928329 -3.900014 -0.356825
v 0.388330 -3.900014 -0.356825
v -0.151671 -3.900014 -0.356825
v -0.691670 -3.900014 -0.356825
v -1.231671 -3.900014 -0.356825
v -1.771671 -3.900014 -0.356825
v -2.311671 -3.900014 -0.356825
v -2.851671 -3.900014 -0.356825
v -3.391670 -3.900014 -0.356825
v -3.931670 -3.900014 -0.356825
v -4.471670 -3.900014 -0.356825
v -5.011670 -3.900014 -0.356825
v -5.551671 -3.900014 -0.356825
v 4.168330 -3.875896 -0.346835
v 3.628330 -3.875896 -0.346835
v 3.088329 -3.875896 -0.346835
v 2.548330 -3.875896 -0.346835
v 2.008329 -3.875896 -0.346835
v 1.468329 -3.875896 -0.346835
v 0.928329 -3.875896 -0.346835
v 0.388330 -3.875896 -0.346835
v -0.151671 -3.875896 -0.346835
v -0.691670 -3.875896 -0.346835
v -1.231671 -3.875896 -0.346835
v -1.771671 -3.875896 -0.346835
v -2.311671 -3.875896 -0.346835
v -2.851671 -3.875896 -0.346835
v -3.391670 -3.875896 -0.346835
v -3.931670 -3.875896 -0.346835
v -4.471670 -3.875896 -0.346835
v -5.011670 -3.875896 -0.346835
v -5.551671 -3.875896 -0.346835
vn -0.0000 -0.2589 -0.9659
vn -0.0000 -0.4999 -0.8661
vn -0.0000 -0.5000 -0.8660
vn -0.0000 -0.7070 -0.7072
vn -0.0000 -0.7071 -0.7071
vn -0.0000 -0.5001 -0.8660
vn -0.0000 -0.8660 -0.5001
vn -0.0000 -0.8660 -0.5000
vn -0.0000 -0.7072 -0.7070
vn -0.0000 -0.9659 -0.2589
vn -0.0000 -0.9659 -0.2588
vn -0.0000 -0.8661 -0.4999
vn -0.0000 -1.0000 -0.0001
vn -0.0000 -0.9659 -0.2587
vn -0.0000 -1.0000 0.0001
vn -0.0000 -0.9659 0.2587
vn -0.0000 -0.9659 0.2588
vn -0.0000 -0.8661 0.4999
vn -0.0000 -0.8660 0.5000
vn -0.0000 -0.9659 0.2589
vn -0.0000 -0.8660 0.5001
vn -0.0000 -0.7072 0.7070
vn -0.0000 -0.7072 0.7071
vn -0.0000 -0.7071 0.7071
vn -0.0000 -0.5001 0.8660
vn -0.0000 -0.5000 0.8660
vn -0.0000 -0.7070 0.7072
vn -0.0000 -0.4999 0.8661
vn -0.0000 -0.2589 0.9659
vn -0.0000 -0.2587 0.9659
vn -0.0000 -0.0001 1.0000
vn -0.0000 0.0001 1.0000
vn -0.0000 0.2587 0.9659
vn -0.0000 0.2589 0.9659
vn -0.0000 0.4999 0.8661
vn -0.0000 0.5001 0.8660
vn -0.0000 0.7071 0.7071
vn -0.0000 0.7070 0.7072
vn -0.0000 0.5000 0.8660
vn -0.0000 0.7072 0.7070
vn -0.0000 0.8660 0.5001
vn -0.0000 0.7072 0.7071
vn -0.0000 0.8661 0.4999
vn -0.0000 0.9659 0.2588
vn -0.0000 0.9659 0.2589
vn -0.0000 0.8660 0.5000
vn -0.0000 0.9659 0.2587
vn -0.0000 1.0000 0.0001
vn -0.0000 1.0000 -0.0001
vn -0.0000 0.9659 -0.2587
vn -0.0000 0.9659 -0.2589
vn -0.0000 0.8660 -0.5000
vn -0.0000 0.8661 -0.4999
vn -0.0000 0.9659 -0.2588
vn -0.0000 0.8660 -0.5001
vn -0.0000 0.7071 -0.7071
vn -0.0000 0.7072 -0.7070
vn -0.0000 0.7070 -0.7072
vn -0.0000 0.5000 -0.8660
vn -0.0000 0.5001 -0.8660
vn -0.0000 0.4999 -0.8661
vn -0.0000 0.2589 -0.9659
vn -0.0000 0.2587 -0.9660
vn -0.0000 0.0001 -1.0000
vn -0.0000 0.2588 -0.9659
vn -0.0000 -0.0001 -1.0000
vn -0.0000 -0.2588 -0.9659
vn -0.0000 -0.2587 -0.9660
vn -0.0000 1.0000 -0.0000
vn -0.0000 0.9660 0.2587
vn -0.0000 0.9660 -0.2587
vn -0.0000 -0.9660 -0.2587
vn -0.0000 -0.9660 0.2587
vn -1.0000 -0.0000 -0.0000
vn 1.0000 -0.0000 -0.0000
vn -0.0000 -0.0000 1.0000
vn -0.0000 -1.0000 -0.0000
vn -0.1640 0.9659 0.2001
vn -0.1641 0.9659 0.2001
vn -0.0001 1.0000 0.0001
vn -0.2537 0.9659 0.0508
vn -0.1642 0.9659 0.2001
vn -0.2538 0.9659 0.0508
vn -0.4777 0.8499 0.2224
vn -0.2539 0.9659 0.0508
vn -0.4902 0.8661 0.0981
vn -0.4778 0.8498 0.2225
vn -0.4903 0.8660 0.0981
vn -0.6933 0.7072 0.1387
vn -0.8492 0.5000 0.1699
vn -0.7533 0.6382 0.1588
vn -0.6933 0.7071 0.1388
vn -0.6934 0.7071 0.1388
vn -0.7534 0.6381 0.1588
vn -0.6247 0.6894 0.3668
vn -0.6933 0.7071 0.1387
vn -0.6246 0.6894 0.3667
vn -0.4778 0.8498 0.2226
vn -0.6246 0.6894 0.3668
vn -0.3171 0.8660 0.3867
vn -0.4777 0.8499 0.2225
vn -0.3170 0.8660 0.3866
vn -0.1642 0.9659 0.2002
vn -0.1641 0.9659 0.2002
vn -0.3169 0.8661 0.3867
vn -0.1245 0.8499 0.5121
vn -0.1245 0.8499 0.5120
vn -0.0001 0.9659 0.2589
vn -0.1244 0.8499 0.5121
vn -0.0001 0.8660 0.5000
vn -0.1244 0.8498 0.5122
vn -0.0001 0.7071 0.7071
vn -0.1245 0.8498 0.5122
vn -0.2371 0.6894 0.6844
vn -0.2371 0.6894 0.6845
vn -0.0079 0.6381 0.7699
vn -0.2372 0.6893 0.6845
vn -0.0992 0.4296 0.8976
vn -0.0001 0.5001 0.8660
vn -0.0991 0.4295 0.8976
vn -0.0001 0.2588 0.9659
vn -0.0992 0.4294 0.8976
vn -0.1836 0.1917 0.9641
vn -0.0001 0.2587 0.9659
vn -0.1836 0.1916 0.9641
vn -0.0001 -0.0000 1.0000
vn -0.2268 0.0001 0.9739
vn -0.2269 0.0001 0.9739
vn -0.1837 0.1916 0.9641
vn -0.4076 0.2416 0.8806
vn -0.2269 -0.0000 0.9739
vn -0.4419 0.0001 0.8971
vn -0.4420 0.0001 0.8970
vn -0.4077 0.2416 0.8805
vn -0.6339 0.0001 0.7734
vn -0.6340 0.0001 0.7734
vn -0.6124 0.2588 0.7470
vn -0.6340 0.0001 0.7733
vn -0.6125 0.2587 0.7470
vn -0.7835 0.2416 0.5725
vn -0.7835 0.2418 0.5725
vn -0.6124 0.2589 0.7469
vn -0.5491 0.4999 0.6697
vn -0.5491 0.5000 0.6697
vn -0.7289 0.4819 0.4863
vn -0.7289 0.4820 0.4862
vn -0.5491 0.5001 0.6697
vn -0.4484 0.7071 0.5468
vn -0.6246 0.6893 0.3669
vn -0.4483 0.7071 0.5468
vn -0.8607 0.4296 0.2733
vn -0.8608 0.4295 0.2732
vn -0.8492 0.4999 0.1698
vn -0.9471 0.2589 0.1894
vn -0.8608 0.4295 0.2733
vn -0.9471 0.2589 0.1895
vn -0.9094 0.1917 0.3691
vn -0.9094 0.1916 0.3691
vn -0.9472 0.2588 0.1895
vn -0.9806 0.0001 0.1962
vn -0.9806 -0.0000 0.1962
vn -0.9105 -0.0000 0.4135
vn -0.9094 0.1916 0.3693
vn -0.9105 0.0001 0.4136
vn -0.7835 0.2416 0.5724
vn -0.7836 0.2416 0.5724
vn -0.7930 0.0001 0.6093
vn -0.7929 0.0001 0.6094
vn -0.5490 0.5000 0.6698
vn -0.6123 0.2589 0.7470
vn -0.4077 0.2418 0.8805
vn -0.4483 0.7070 0.5469
vn -0.5490 0.5001 0.6697
vn -0.3338 0.4820 0.8101
vn -0.3339 0.4819 0.8101
vn -0.3338 0.4819 0.8102
vn -0.4076 0.2417 0.8806
vn -0.1837 0.1917 0.9641
vn -0.3170 0.8660 0.3868
vn -0.4482 0.7071 0.5469
vn -0.2372 0.6894 0.6844
vn -0.2373 0.6894 0.6845
vn -0.4483 0.7071 0.5469
vn -0.3337 0.4820 0.8101
vn -0.0991 0.4296 0.8976
vn -0.0992 0.4295 0.8976
vn -0.9094 0.1917 0.3692
vn -0.7836 0.2417 0.5724
vn -0.7290 0.4819 0.4861
vn -0.6247 0.6893 0.3668
vn -0.8607 0.4296 0.2732
vn -0.7289 0.4820 0.4861
vn -0.8607 0.4295 0.2733
vn -0.9093 0.1917 0.3692
vn -0.7290 0.4819 0.4862
vn 0.1857 0.1539 0.9705
vn 0.0001 -0.0000 1.0000
vn 0.2587 -0.0000 0.9660
vn 0.1858 0.1539 0.9705
vn 0.2589 0.0001 0.9659
vn 0.3985 0.2202 0.8903
vn 0.3985 0.2201 0.8903
vn 0.5000 -0.0000 0.8661
vn 0.3986 0.2202 0.8903
vn 0.5000 0.0001 0.8660
vn 0.5949 0.2544 0.7625
vn 0.5949 0.2544 0.7624
vn 0.5001 0.0001 0.8660
vn 0.7071 0.0001 0.7072
vn 0.5950 0.2544 0.7624
vn 0.7071 0.0001 0.7071
vn 0.7624 0.2544 0.5950
vn 0.7072 -0.0000 0.7071
vn 0.8660 -0.0000 0.5001
vn 0.7625 0.2544 0.5949
vn 0.8660 0.0001 0.5000
vn 0.8903 0.2202 0.3986
vn 0.8903 0.2202 0.3985
vn 0.8661 -0.0000 0.4999
vn 0.9659 -0.0000 0.2589
vn 0.8904 0.2202 0.3985
vn 0.9659 -0.0000 0.2588
vn 0.9705 0.1539 0.1858
vn 0.9705 0.1539 0.1857
vn 0.9659 0.0001 0.2587
vn 1.0000 -0.0000 0.0001
vn 1.0000 0.0001 -0.0000
vn 0.9659 0.2587 -0.0000
vn 0.9705 0.1540 0.1857
vn 0.9659 0.2588 0.0001
vn 0.9175 0.3886 0.0846
vn 0.9175 0.3886 0.0845
vn 0.9659 0.2589 -0.0000
vn 0.8661 0.4999 -0.0000
vn 0.9175 0.3887 0.0846
vn 0.8660 0.5000 0.0001
vn 0.8325 0.4591 0.3103
vn 0.8324 0.4591 0.3103
vn 0.7179 0.6665 0.2011
vn 0.8324 0.4591 0.3104
vn 0.7178 0.6665 0.2012
vn 0.6967 0.4954 0.5188
vn 0.6967 0.4955 0.5188
vn 0.5835 0.7025 0.4074
vn 0.6966 0.4955 0.5189
vn 0.5834 0.7025 0.4076
vn 0.5189 0.4955 0.6966
vn 0.4075 0.7025 0.5834
vn 0.5188 0.4955 0.6967
vn 0.4075 0.7025 0.5835
vn 0.3105 0.4591 0.8324
vn 0.2012 0.6665 0.7178
vn 0.3103 0.4591 0.8324
vn 0.2011 0.6665 0.7179
vn 0.0001 0.5000 0.8660
vn 0.2010 0.6665 0.7179
vn 0.0001 0.7072 0.7071
vn 0.2011 0.6666 0.7177
vn 0.0782 0.8286 0.5543
vn 0.0781 0.8286 0.5543
vn 0.0001 0.8660 0.5000
vn 0.0782 0.8287 0.5543
vn 0.2682 0.8618 0.4305
vn 0.0001 0.8661 0.4999
vn 0.2682 0.8619 0.4304
vn 0.1108 0.9624 0.2482
vn 0.1109 0.9624 0.2481
vn 0.2683 0.8618 0.4304
vn 0.2481 0.9624 0.1109
vn 0.1108 0.9624 0.2480
vn 0.2480 0.9624 0.1108
vn 0.0001 1.0000 -0.0000
vn 0.0001 1.0000 0.0001
vn 0.2587 0.9659 0.0001
vn 0.2589 0.9659 0.0001
vn 0.2482 0.9624 0.1108
vn 0.4999 0.8661 0.0001
vn 0.4304 0.8619 0.2682
vn 0.5000 0.8660 0.0001
vn 0.4304 0.8618 0.2682
vn 0.5542 0.8287 0.0782
vn 0.5543 0.8286 0.0782
vn 0.4305 0.8618 0.2682
vn 0.5834 0.7026 0.4074
vn 0.5543 0.8287 0.0782
vn 0.5835 0.7026 0.4074
vn 0.7177 0.6666 0.2011
vn 0.8660 0.5001 0.0001
vn 0.7071 0.7071 0.0001
vn 0.7178 0.6665 0.2011
vn 0.7178 0.6666 0.2010
vn 0.7071 0.7071 -0.0000
vn 0.5543 0.8286 0.0781
vn 0.5001 0.8660 -0.0000
vn 0.1108 0.9623 0.2482
vn -0.0000 0.8661 0.5000
vn 0.3104 0.4591 0.8324
vn 0.0846 0.3887 0.9175
vn 0.0845 0.3886 0.9175
vn 0.0846 0.3886 0.9175
vn 0.0001 0.2588 0.9659
vn 0.1857 0.1540 0.9705
vn 0.3104 0.4590 0.8325
vn 0.1858 0.1540 0.9705
vn 0.5188 0.4954 0.6967
vn 0.3105 0.4590 0.8324
vn 0.3986 0.2203 0.8903
vn 0.3984 0.2203 0.8903
vn 0.1858 0.1540 0.9704
vn 0.2683 0.8618 0.4305
vn 0.2012 0.6667 0.7177
vn 0.4074 0.7026 0.5834
vn 0.6966 0.4954 0.5190
vn 0.5189 0.4954 0.6966
vn 0.5950 0.2546 0.7624
vn 0.5949 0.2546 0.7624
vn 0.5189 0.4953 0.6967
vn 0.5833 0.7026 0.4075
vn 0.4304 0.8618 0.2684
vn 0.4075 0.7026 0.5833
vn 0.4075 0.7026 0.5834
vn 0.2684 0.8618 0.4305
vn 0.4304 0.8619 0.2683
vn 0.2683 0.8619 0.4304
vn 0.8324 0.4590 0.3105
vn 0.6967 0.4953 0.5189
vn 0.7624 0.2546 0.5949
vn 0.7624 0.2546 0.5950
vn 0.6967 0.4953 0.5190
vn 0.5950 0.2545 0.7624
vn 0.8325 0.4590 0.3104
vn 0.8903 0.2203 0.3985
vn 0.8903 0.2203 0.3986
vn 0.7625 0.2545 0.5949
vn 0.9704 0.1540 0.1858
vn -0.9094 -0.1916 0.3691
vn -0.9806 -0.0001 0.1962
vn -0.9472 -0.2587 0.1895
vn -0.9094 -0.1917 0.3691
vn -0.9471 -0.2589 0.1895
vn -0.8608 -0.4295 0.2733
vn -0.8608 -0.4295 0.2731
vn -0.9471 -0.2589 0.1894
vn -0.8492 -0.4999 0.1698
vn -0.8607 -0.4296 0.2732
vn -0.8492 -0.5000 0.1699
vn -0.7535 -0.6381 0.1587
vn -0.7534 -0.6381 0.1591
vn -0.8492 -0.4999 0.1702
vn -0.6934 -0.7070 0.1391
vn -0.7534 -0.6381 0.1588
vn -0.6934 -0.7071 0.1387
vn -0.6247 -0.6894 0.3668
vn -0.6246 -0.6894 0.3667
vn -0.6933 -0.7071 0.1387
vn -0.4779 -0.8498 0.2225
vn -0.6246 -0.6895 0.3668
vn -0.4778 -0.8498 0.2225
vn -0.3171 -0.8660 0.3866
vn -0.3170 -0.8660 0.3866
vn -0.4777 -0.8499 0.2225
vn -0.1642 -0.9659 0.2002
vn -0.3169 -0.8661 0.3866
vn -0.1641 -0.9659 0.2002
vn -0.1245 -0.8499 0.5121
vn -0.1245 -0.8499 0.5120
vn -0.0001 -0.9659 0.2588
vn -0.1244 -0.8499 0.5121
vn -0.6933 -0.7072 0.1388
vn -0.4904 -0.8660 0.0982
vn -0.4778 -0.8498 0.2226
vn -0.4777 -0.8499 0.2223
vn -0.4902 -0.8661 0.0979
vn -0.2539 -0.9659 0.0507
vn -0.2538 -0.9659 0.0508
vn -0.1641 -0.9659 0.2001
vn -0.2537 -0.9659 0.0508
vn -0.0001 -1.0000 -0.0000
vn -0.1640 -0.9659 0.2001
vn -0.1244 -0.8498 0.5122
vn -0.1245 -0.8498 0.5122
vn -0.0001 -0.7071 0.7071
vn -0.2371 -0.6894 0.6845
vn -0.2372 -0.6895 0.6844
vn -0.3170 -0.8660 0.3868
vn -0.2372 -0.6894 0.6844
vn -0.4482 -0.7071 0.5469
vn -0.3171 -0.8660 0.3867
vn -0.4483 -0.7071 0.5468
vn -0.6246 -0.6894 0.3669
vn -0.4484 -0.7071 0.5468
vn -0.7289 -0.4820 0.4862
vn -0.6247 -0.6893 0.3668
vn -0.7289 -0.4820 0.4861
vn -0.8607 -0.4296 0.2733
vn -0.8607 -0.4295 0.2733
vn -0.7290 -0.4819 0.4862
vn -0.9093 -0.1917 0.3692
vn -0.0079 -0.6382 0.7698
vn -0.0079 -0.6382 0.7699
vn -0.0079 -0.6380 0.7700
vn -0.0001 -0.5000 0.8660
vn -0.0991 -0.4296 0.8976
vn -0.0991 -0.4295 0.8976
vn -0.0001 -0.2589 0.9659
vn -0.1836 -0.1917 0.9641
vn -0.1836 -0.1916 0.9641
vn -0.2268 -0.0001 0.9739
vn -0.1837 -0.1916 0.9641
vn -0.2269 -0.0001 0.9739
vn -0.4076 -0.2416 0.8806
vn -0.2270 -0.0001 0.9739
vn -0.4419 -0.0001 0.8971
vn -0.4077 -0.2416 0.8805
vn -0.4421 -0.0001 0.8970
vn -0.6340 -0.0001 0.7734
vn -0.6123 -0.2588 0.7470
vn -0.6124 -0.2588 0.7470
vn -0.6340 -0.0001 0.7733
vn -0.7929 -0.0001 0.6094
vn -0.6125 -0.2588 0.7470
vn -0.7929 -0.0001 0.6093
vn -0.7835 -0.2416 0.5725
vn -0.7836 -0.2416 0.5724
vn -0.7930 -0.0001 0.6093
vn -0.9105 -0.0001 0.4136
vn -0.7835 -0.2416 0.5724
vn -0.9094 -0.1916 0.3693
vn -0.7534 -0.6381 0.1587
vn -0.7836 -0.2417 0.5724
vn -0.9094 -0.1917 0.3692
vn -0.7835 -0.2418 0.5724
vn -0.7289 -0.4819 0.4863
vn -0.5492 -0.4999 0.6697
vn -0.5491 -0.5000 0.6697
vn -0.4484 -0.7070 0.5469
vn -0.5490 -0.5000 0.6697
vn -0.4483 -0.7071 0.5469
vn -0.3339 -0.4820 0.8101
vn -0.3338 -0.4820 0.8101
vn -0.2373 -0.6893 0.6845
vn -0.3337 -0.4820 0.8101
vn -0.2371 -0.6893 0.6845
vn -0.0992 -0.4296 0.8976
vn -0.2372 -0.6893 0.6845
vn -0.0079 -0.6381 0.7700
vn -0.4077 -0.2417 0.8805
vn -0.6123 -0.2589 0.7470
vn -0.5490 -0.4999 0.6698
vn -0.5491 -0.4999 0.6698
vn -0.6124 -0.2589 0.7469
vn -0.7835 -0.2417 0.5725
vn -0.4077 -0.2418 0.8805
vn -0.5490 -0.5000 0.6698
vn -0.3339 -0.4819 0.8101
vn -0.1837 -0.1917 0.9641
vn -0.4076 -0.2417 0.8806
vn -0.3338 -0.4819 0.8102
vn -0.0992 -0.4295 0.8976
vn -0.9659 0.0001 0.2588
vn -1.0000 0.0001 0.0001
vn -0.9330 0.2499 0.2588
vn -0.9330 0.2500 0.2588
vn -0.9659 0.2588 0.0001
vn -0.9330 0.2501 0.2588
vn -0.9659 0.2589 0.0001
vn -0.8366 0.4829 0.2588
vn -0.9659 0.2589 -0.0000
vn -0.8661 0.5000 0.0001
vn -0.8365 0.4830 0.2587
vn -0.8660 0.5001 -0.0000
vn -0.6831 0.6830 0.2587
vn -0.6831 0.6830 0.2588
vn -0.8660 0.5001 0.0001
vn -0.7072 0.7071 0.0001
vn -0.6830 0.6831 0.2588
vn -0.7071 0.7071 0.0001
vn -0.4830 0.8365 0.2588
vn -0.4830 0.8365 0.2587
vn -0.7071 0.7072 0.0001
vn -0.5001 0.8660 0.0001
vn -0.4829 0.8366 0.2588
vn -0.4999 0.8661 0.0001
vn -0.2501 0.9330 0.2588
vn -0.2501 0.9330 0.2587
vn -0.5000 0.8661 -0.0000
vn -0.2589 0.9659 0.0001
vn -0.2499 0.9330 0.2588
vn -0.2588 0.9659 0.0001
vn -0.0001 0.9659 0.2588
vn -0.2587 0.9659 -0.0000
vn -0.2500 0.9330 0.2589
vn -0.2241 0.8365 0.5000
vn -0.2242 0.8365 0.4999
vn -0.4829 0.8365 0.2589
vn -0.4330 0.7501 0.4999
vn -0.4830 0.8365 0.2589
vn -0.4331 0.7500 0.4999
vn -0.6829 0.6831 0.2589
vn -0.6830 0.6830 0.2589
vn -0.4331 0.7500 0.5000
vn -0.6123 0.6124 0.5000
vn -0.6831 0.6829 0.2589
vn -0.6124 0.6123 0.4999
vn -0.8365 0.4830 0.2589
vn -0.6124 0.6123 0.5000
vn -0.7500 0.4331 0.4999
vn -0.8365 0.4829 0.2589
vn -0.7501 0.4330 0.4999
vn -0.9330 0.2501 0.2589
vn -0.7501 0.4330 0.5000
vn -0.8365 0.2242 0.4999
vn -0.9330 0.2499 0.2589
vn -0.8366 0.2241 0.4999
vn -0.9659 0.0001 0.2589
vn -0.8661 0.0001 0.4999
vn -0.8660 -0.0000 0.5000
vn -0.8365 0.2241 0.5000
vn -0.6831 0.1830 0.7071
vn -0.8660 0.0001 0.5001
vn -0.7072 -0.0000 0.7071
vn -0.7070 -0.0000 0.7072
vn -0.6830 0.1830 0.7071
vn -0.4830 0.1294 0.8660
vn -0.7071 0.0001 0.7072
vn -0.5001 0.0001 0.8660
vn -0.4999 -0.0000 0.8661
vn -0.4829 0.1294 0.8661
vn -0.2501 0.0670 0.9659
vn -0.2589 -0.0000 0.9659
vn -0.2587 -0.0000 0.9659
vn -0.2499 0.0670 0.9659
vn -0.1830 0.6831 0.7070
vn -0.2242 0.8365 0.5001
vn -0.1831 0.6831 0.7071
vn -0.4329 0.7500 0.5001
vn -0.1831 0.6830 0.7071
vn -0.3535 0.6124 0.7071
vn -0.4330 0.7500 0.5000
vn -0.3536 0.6124 0.7071
vn -0.6123 0.6124 0.5001
vn -0.5000 0.5001 0.7071
vn -0.6124 0.6123 0.5001
vn -0.5001 0.5000 0.7071
vn -0.7500 0.4330 0.5000
vn -0.7500 0.4330 0.5001
vn -0.6124 0.3536 0.7071
vn -0.6124 0.3536 0.7070
vn -0.8365 0.2242 0.5000
vn -0.6124 0.3535 0.7071
vn -0.6830 0.1831 0.7071
vn -0.0000 0.7071 0.7072
vn -0.1830 0.6830 0.7072
vn -0.1829 0.6830 0.7072
vn -0.1294 0.4830 0.8660
vn -0.1830 0.6830 0.7071
vn -0.1295 0.4830 0.8660
vn -0.3535 0.6123 0.7072
vn -0.2500 0.4331 0.8660
vn -0.3536 0.6123 0.7072
vn -0.2501 0.4331 0.8660
vn -0.4999 0.5000 0.7072
vn -0.3536 0.3536 0.8660
vn -0.5000 0.4999 0.7072
vn -0.6123 0.3536 0.7072
vn -0.6123 0.3536 0.7071
vn -0.4331 0.2501 0.8660
vn -0.4331 0.2500 0.8660
vn -0.6830 0.1830 0.7072
vn -0.4830 0.1295 0.8660
vn -0.1294 0.4829 0.8661
vn -0.0670 0.2501 0.9659
vn -0.2499 0.4330 0.8661
vn -0.1294 0.2242 0.9659
vn -0.2500 0.4330 0.8661
vn -0.1295 0.2242 0.9659
vn -0.3535 0.3535 0.8661
vn -0.1830 0.1831 0.9659
vn -0.1831 0.1830 0.9659
vn -0.4330 0.2500 0.8661
vn -0.2242 0.1295 0.9659
vn -0.4330 0.2499 0.8661
vn -0.2242 0.1294 0.9659
vn -0.0669 0.2499 0.9659
vn -0.0670 0.2499 0.9659
vn -0.1294 0.2241 0.9659
vn -0.0001 0.0001 1.0000
vn -0.1829 0.1830 0.9659
vn -0.1830 0.1829 0.9659
vn -0.2241 0.1294 0.9659
vn 0.9659 -0.2588 -0.0000
vn 1.0000 -0.0001 -0.0000
vn 0.9705 -0.1539 0.1857
vn 1.0000 -0.0001 0.0001
vn 0.9659 -0.0000 0.2587
vn 0.9705 -0.1539 0.1858
vn 0.8904 -0.2202 0.3985
vn 0.8903 -0.2202 0.3985
vn 0.8660 -0.0000 0.5000
vn 0.8903 -0.2202 0.3986
vn 0.8660 -0.0001 0.5000
vn 0.7625 -0.2545 0.5949
vn 0.7624 -0.2544 0.5950
vn 0.7072 -0.0001 0.7071
vn 0.7071 -0.0001 0.7071
vn 0.5950 -0.2544 0.7624
vn 0.5949 -0.2544 0.7624
vn 0.7070 -0.0000 0.7072
vn 0.5001 -0.0001 0.8660
vn 0.5949 -0.2544 0.7625
vn 0.5000 -0.0001 0.8660
vn 0.3986 -0.2202 0.8903
vn 0.3985 -0.2201 0.8903
vn 0.5000 -0.0000 0.8660
vn 0.2589 -0.0000 0.9659
vn 0.3985 -0.2202 0.8904
vn 0.2589 -0.0001 0.9659
vn 0.1858 -0.1539 0.9705
vn 0.1857 -0.1538 0.9705
vn 0.1857 -0.1539 0.9705
vn 0.0001 -0.2587 0.9659
vn 0.1857 -0.1540 0.9705
vn 0.0001 -0.2588 0.9659
vn 0.0846 -0.3886 0.9175
vn 0.0845 -0.3886 0.9175
vn 0.0846 -0.3887 0.9175
vn 0.0001 -0.5000 0.8660
vn 0.3103 -0.4590 0.8325
vn 0.3103 -0.4591 0.8324
vn 0.2011 -0.6665 0.7179
vn 0.3104 -0.4591 0.8324
vn 0.2012 -0.6665 0.7178
vn 0.5188 -0.4954 0.6967
vn 0.4075 -0.7025 0.5835
vn 0.5189 -0.4955 0.6966
vn 0.4076 -0.7025 0.5834
vn 0.6966 -0.4955 0.5189
vn 0.6966 -0.4954 0.5189
vn 0.5834 -0.7025 0.4076
vn 0.6967 -0.4955 0.5188
vn 0.5835 -0.7025 0.4074
vn 0.8324 -0.4591 0.3104
vn 0.7178 -0.6665 0.2012
vn 0.8324 -0.4591 0.3103
vn 0.7179 -0.6665 0.2011
vn 0.8660 -0.5000 0.0001
vn 0.8660 -0.5001 -0.0000
vn 0.7178 -0.6665 0.2011
vn 0.7072 -0.7071 0.0001
vn 0.7071 -0.7071 0.0001
vn 0.7178 -0.6666 0.2010
vn 0.5543 -0.8286 0.0781
vn 0.7070 -0.7072 0.0001
vn 0.5543 -0.8286 0.0782
vn 0.5001 -0.8660 0.0001
vn 0.5000 -0.8660 -0.0000
vn 0.5542 -0.8287 0.0781
vn 0.4304 -0.8618 0.2682
vn 0.4999 -0.8661 0.0001
vn 0.4304 -0.8619 0.2682
vn 0.2482 -0.9623 0.1108
vn 0.2481 -0.9624 0.1109
vn 0.4304 -0.8619 0.2683
vn 0.1109 -0.9624 0.2481
vn 0.2480 -0.9624 0.1108
vn 0.1108 -0.9624 0.2480
vn 0.1108 -0.9624 0.2482
vn 0.0001 -0.8660 0.5000
vn 0.1108 -0.9623 0.2482
vn 0.2682 -0.8619 0.4304
vn 0.0001 -0.8661 0.4999
vn 0.0782 -0.8287 0.5542
vn 0.2683 -0.8618 0.4305
vn 0.4074 -0.7026 0.5834
vn 0.0782 -0.8287 0.5543
vn 0.2011 -0.6666 0.7177
vn 0.2011 -0.6666 0.7178
vn 0.0001 -0.7071 0.7071
vn 0.0782 -0.8286 0.5543
vn 0.0781 -0.8286 0.5543
vn 0.0001 -1.0000 -0.0000
vn 0.2587 -0.9660 -0.0000
vn 0.2481 -0.9624 0.1108
vn 0.2482 -0.9624 0.1108
vn 0.2589 -0.9659 -0.0000
vn 0.5000 -0.8661 -0.0000
vn 0.9175 -0.3887 0.0846
vn 0.9175 -0.3886 0.0845
vn 0.8661 -0.4999 -0.0001
vn 0.9659 -0.2589 -0.0000
vn 0.9175 -0.3886 0.0846
vn 0.9659 -0.2588 0.0001
vn 0.9705 -0.1540 0.1857
vn 0.8325 -0.4590 0.3104
vn 0.9705 -0.1540 0.1858
vn 0.6967 -0.4953 0.5189
vn 0.8324 -0.4590 0.3105
vn 0.8903 -0.2203 0.3986
vn 0.8903 -0.2203 0.3985
vn 0.4305 -0.8618 0.2683
vn 0.7177 -0.6666 0.2012
vn 0.5834 -0.7026 0.4074
vn 0.5190 -0.4954 0.6966
vn 0.7624 -0.2546 0.5950
vn 0.4075 -0.7026 0.5833
vn 0.2684 -0.8618 0.4304
vn 0.5833 -0.7026 0.4075
vn 0.4304 -0.8618 0.2684
vn 0.2683 -0.8618 0.4304
vn 0.1109 -0.9624 0.2482
vn 0.4304 -0.8618 0.2683
vn 0.3105 -0.4590 0.8324
vn 0.5189 -0.4953 0.6967
vn 0.5949 -0.2545 0.7624
vn 0.5949 -0.2546 0.7624
vn 0.5189 -0.4954 0.6966
vn 0.3104 -0.4590 0.8325
vn 0.3985 -0.2203 0.8903
vn 0.3986 -0.2203 0.8903
vn 0.5949 -0.2545 0.7625
vn 0.1858 -0.1540 0.9705
vn 0.0001 -0.7072 0.7070
vn -0.0000 -0.7071 0.7072
vn -0.0001 -0.4999 0.8661
vn 0.0001 0.9659 0.2588
vn 0.2499 0.9330 0.2588
vn 0.2500 0.9330 0.2587
vn 0.2500 0.9330 0.2588
vn 0.4829 0.8366 0.2588
vn 0.4830 0.8365 0.2588
vn 0.5001 0.8660 0.0001
vn 0.6830 0.6831 0.2588
vn 0.6830 0.6831 0.2587
vn 0.6831 0.6830 0.2587
vn 0.8365 0.4830 0.2587
vn 0.8366 0.4829 0.2588
vn 0.9330 0.2501 0.2588
vn 0.8661 0.5000 0.0001
vn 0.9659 0.2589 0.0001
vn 0.9330 0.2500 0.2587
vn 0.9659 0.0001 0.2588
vn 1.0000 0.0001 0.0001
vn 0.9659 0.0001 0.2589
vn 0.8661 0.0001 0.4999
vn 0.9330 0.2499 0.2589
vn 0.8366 0.2241 0.4999
vn 0.9330 0.2501 0.2589
vn 0.8365 0.2242 0.4999
vn 0.8365 0.4829 0.2589
vn 0.7501 0.4330 0.4999
vn 0.8365 0.4830 0.2589
vn 0.7500 0.4331 0.4999
vn 0.6831 0.6829 0.2589
vn 0.6830 0.6830 0.2589
vn 0.7500 0.4331 0.5000
vn 0.6124 0.6124 0.5000
vn 0.6124 0.6124 0.4999
vn 0.4830 0.8365 0.2589
vn 0.6123 0.6125 0.4999
vn 0.4331 0.7500 0.5000
vn 0.4829 0.8365 0.2589
vn 0.4330 0.7500 0.5000
vn 0.2500 0.9330 0.2589
vn 0.2501 0.9330 0.2589
vn 0.4330 0.7501 0.4999
vn 0.2242 0.8365 0.4999
vn 0.2499 0.9330 0.2589
vn 0.2241 0.8365 0.5000
vn 0.0001 0.9659 0.2589
vn 0.2241 0.8366 0.5000
vn 0.1830 0.6831 0.7071
vn 0.1830 0.6831 0.7070
vn 0.1830 0.6829 0.7072
vn 0.1294 0.4830 0.8660
vn 0.0001 0.7071 0.7072
vn 0.1294 0.4829 0.8661
vn 0.0670 0.2501 0.9659
vn 0.0670 0.2499 0.9659
vn 0.8365 0.2241 0.5000
vn 0.6831 0.1830 0.7071
vn 0.8365 0.2242 0.5000
vn 0.6831 0.1831 0.7071
vn 0.7500 0.4330 0.5000
vn 0.6830 0.1831 0.7071
vn 0.6124 0.3535 0.7071
vn 0.7499 0.4330 0.5001
vn 0.6124 0.3536 0.7071
vn 0.6124 0.6123 0.5000
vn 0.5001 0.5000 0.7071
vn 0.6123 0.6124 0.5000
vn 0.5000 0.5001 0.7071
vn 0.4330 0.7499 0.5000
vn 0.4330 0.7499 0.5001
vn 0.3536 0.6124 0.7071
vn 0.4329 0.7500 0.5001
vn 0.3535 0.6124 0.7071
vn 0.2242 0.8365 0.5001
vn 0.1831 0.6830 0.7071
vn 0.7071 -0.0000 0.7072
vn 0.5001 -0.0000 0.8660
vn 0.6830 0.1830 0.7071
vn 0.6830 0.1830 0.7072
vn 0.4830 0.1294 0.8660
vn 0.4830 0.1295 0.8660
vn 0.6123 0.3535 0.7072
vn 0.4331 0.2500 0.8660
vn 0.6123 0.3536 0.7072
vn 0.4330 0.2501 0.8660
vn 0.5000 0.4999 0.7071
vn 0.5000 0.4999 0.7072
vn 0.4330 0.2500 0.8660
vn 0.3536 0.3536 0.8660
vn 0.4999 0.5000 0.7071
vn 0.3536 0.6123 0.7072
vn 0.3536 0.6123 0.7071
vn 0.2501 0.4331 0.8660
vn 0.2500 0.4331 0.8660
vn 0.1831 0.6830 0.7072
vn 0.1295 0.4830 0.8660
vn 0.4999 -0.0000 0.8661
vn 0.4829 0.1294 0.8661
vn 0.2501 0.0670 0.9659
vn 0.4330 0.2499 0.8661
vn 0.2242 0.1294 0.9659
vn 0.4329 0.2500 0.8661
vn 0.2242 0.1295 0.9659
vn 0.3535 0.3535 0.8661
vn 0.1831 0.1830 0.9659
vn 0.1830 0.1831 0.9659
vn 0.2500 0.4329 0.8661
vn 0.2500 0.4330 0.8661
vn 0.1295 0.2242 0.9659
vn 0.2499 0.4330 0.8661
vn 0.1294 0.2242 0.9659
vn 0.0670 0.2500 0.9659
vn 0.2587 -0.0000 0.9659
vn 0.2499 0.0670 0.9659
vn 0.2241 0.1294 0.9659
vn 0.0001 0.0001 1.0000
vn 0.1830 0.1830 0.9659
vn 0.1830 0.1829 0.9659
vn 0.1829 0.1830 0.9659
vn 0.1294 0.2241 0.9659
vn -0.0001 -0.9659 0.2587
vn -0.0001 -1.0000 0.0001
vn -0.2499 -0.9330 0.2588
vn -0.2500 -0.9330 0.2587
vn -0.2588 -0.9659 0.0001
vn -0.2589 -0.9659 -0.0000
vn -0.4829 -0.8366 0.2587
vn -0.4829 -0.8365 0.2588
vn -0.2589 -0.9659 0.0001
vn -0.4999 -0.8661 0.0001
vn -0.4830 -0.8365 0.2587
vn -0.5001 -0.8660 0.0001
vn -0.6830 -0.6831 0.2588
vn -0.6830 -0.6831 0.2587
vn -0.5000 -0.8660 0.0001
vn -0.7071 -0.7071 0.0001
vn -0.6831 -0.6830 0.2588
vn -0.7072 -0.7071 0.0001
vn -0.8365 -0.4830 0.2588
vn -0.7072 -0.7070 0.0001
vn -0.8660 -0.5000 0.0001
vn -0.8366 -0.4829 0.2587
vn -0.8660 -0.5000 -0.0000
vn -0.9330 -0.2501 0.2587
vn -0.9330 -0.2501 0.2588
vn -0.8661 -0.5000 0.0001
vn -0.9659 -0.2589 0.0001
vn -0.9330 -0.2499 0.2588
vn -0.9659 -0.2587 0.0001
vn -0.9659 -0.0001 0.2588
vn -0.9659 -0.2588 0.0001
vn -1.0000 -0.0001 0.0001
vn -0.9659 -0.0001 0.2589
vn -0.8661 -0.0001 0.4999
vn -0.9330 -0.2499 0.2589
vn -0.8660 -0.0001 0.5000
vn -0.8365 -0.2241 0.5000
vn -0.9330 -0.2500 0.2589
vn -0.8365 -0.2242 0.5000
vn -0.8365 -0.4829 0.2589
vn -0.8365 -0.2242 0.4999
vn -0.7501 -0.4330 0.4999
vn -0.8365 -0.4830 0.2589
vn -0.7500 -0.4331 0.5000
vn -0.6831 -0.6830 0.2589
vn -0.6831 -0.6829 0.2589
vn -0.6124 -0.6124 0.4999
vn -0.6830 -0.6830 0.2589
vn -0.4830 -0.8365 0.2589
vn -0.6123 -0.6124 0.5000
vn -0.4331 -0.7500 0.5000
vn -0.4330 -0.7501 0.4999
vn -0.2501 -0.9330 0.2589
vn -0.4330 -0.7501 0.5000
vn -0.2242 -0.8365 0.4999
vn -0.2499 -0.9330 0.2589
vn -0.2241 -0.8366 0.4999
vn -0.0001 -0.9659 0.2589
vn -0.0001 -0.8661 0.4999
vn -0.2241 -0.8365 0.5001
vn -0.1830 -0.6831 0.7071
vn -0.1829 -0.6829 0.7072
vn -0.1294 -0.4830 0.8660
vn -0.1294 -0.4831 0.8660
vn -0.0001 -0.5001 0.8660
vn -0.1294 -0.4829 0.8661
vn -0.0670 -0.2501 0.9659
vn -0.0670 -0.2499 0.9659
vn -0.8660 -0.0001 0.5001
vn -0.7072 -0.0001 0.7071
vn -0.8365 -0.2241 0.5001
vn -0.7071 -0.0000 0.7071
vn -0.6831 -0.1830 0.7071
vn -0.6831 -0.1831 0.7071
vn -0.7500 -0.4330 0.5000
vn -0.7500 -0.4329 0.5001
vn -0.6830 -0.1831 0.7071
vn -0.6124 -0.3535 0.7071
vn -0.7500 -0.4330 0.5001
vn -0.6124 -0.3536 0.7071
vn -0.6124 -0.6123 0.5001
vn -0.6124 -0.6123 0.5000
vn -0.6124 -0.3536 0.7070
vn -0.5001 -0.5000 0.7071
vn -0.6123 -0.6124 0.5001
vn -0.5000 -0.5001 0.7070
vn -0.4331 -0.7499 0.5001
vn -0.5000 -0.5001 0.7071
vn -0.3536 -0.6124 0.7071
vn -0.4329 -0.7500 0.5001
vn -0.3535 -0.6124 0.7071
vn -0.2242 -0.8365 0.5001
vn -0.1831 -0.6830 0.7071
vn -0.7071 -0.0000 0.7072
vn -0.5001 -0.0001 0.8660
vn -0.6830 -0.1829 0.7072
vn -0.5001 -0.0000 0.8660
vn -0.4830 -0.1294 0.8660
vn -0.6830 -0.1830 0.7071
vn -0.4830 -0.1295 0.8660
vn -0.6123 -0.3535 0.7072
vn -0.4331 -0.2500 0.8660
vn -0.6123 -0.3536 0.7072
vn -0.4331 -0.2501 0.8660
vn -0.5000 -0.4999 0.7071
vn -0.5000 -0.4999 0.7072
vn -0.3536 -0.3536 0.8660
vn -0.4999 -0.5000 0.7072
vn -0.3535 -0.6123 0.7072
vn -0.3536 -0.6123 0.7072
vn -0.2501 -0.4331 0.8660
vn -0.2500 -0.4331 0.8660
vn -0.1831 -0.6830 0.7072
vn -0.1830 -0.6830 0.7071
vn -0.1295 -0.4830 0.8660
vn -0.4829 -0.1294 0.8661
vn -0.2501 -0.0670 0.9659
vn -0.2500 -0.0670 0.9659
vn -0.4330 -0.2499 0.8661
vn -0.4330 -0.2500 0.8661
vn -0.2242 -0.1294 0.9659
vn -0.4329 -0.2500 0.8661
vn -0.2242 -0.1295 0.9659
vn -0.3535 -0.3535 0.8661
vn -0.1831 -0.1830 0.9659
vn -0.1830 -0.1831 0.9659
vn -0.2500 -0.4329 0.8661
vn -0.1831 -0.1831 0.9659
vn -0.1295 -0.2242 0.9659
vn -0.2499 -0.4329 0.8661
vn -0.1294 -0.2242 0.9659
vn -0.2499 -0.0669 0.9659
vn -0.2499 -0.0670 0.9659
vn -0.2241 -0.1294 0.9659
vn -0.0001 -0.0001 1.0000
vn -0.1829 -0.1830 0.9659
vn -0.1830 -0.1829 0.9659
vn -0.1294 -0.2241 0.9659
vn -0.9659 -0.0000 0.2587
vn -1.0000 -0.0000 0.0001
vn -0.9659 -0.0000 0.2589
vn -0.8661 -0.0000 0.4999
vn -0.8660 -0.0000 0.5001
vn -0.7072 -0.0000 0.7070
vn 0.0670 -0.2499 0.9659
vn 0.0001 -0.0001 1.0000
vn 0.1294 -0.2241 0.9659
vn 0.1830 -0.1829 0.9659
vn 0.1829 -0.1830 0.9659
vn 0.2241 -0.1294 0.9659
vn 0.2499 -0.0670 0.9659
vn 0.2501 -0.0670 0.9659
vn 0.4829 -0.1294 0.8661
vn 0.2500 -0.0670 0.9659
vn 0.2243 -0.1294 0.9659
vn 0.2242 -0.1294 0.9659
vn 0.4330 -0.2499 0.8661
vn 0.2242 -0.1295 0.9659
vn 0.4330 -0.2500 0.8661
vn 0.1831 -0.1831 0.9659
vn 0.1831 -0.1830 0.9659
vn 0.4329 -0.2500 0.8661
vn 0.3535 -0.3535 0.8661
vn 0.1830 -0.1831 0.9659
vn 0.1295 -0.2242 0.9659
vn 0.2500 -0.4329 0.8661
vn 0.1294 -0.2242 0.9659
vn 0.2499 -0.4329 0.8661
vn 0.0670 -0.2501 0.9659
vn 0.0670 -0.2500 0.9659
vn 0.2499 -0.4330 0.8661
vn 0.1294 -0.4829 0.8661
vn 0.1294 -0.4831 0.8660
vn 0.1829 -0.6830 0.7072
vn 0.0001 -0.7070 0.7072
vn 0.1830 -0.6831 0.7071
vn 0.2241 -0.8365 0.5000
vn 0.2241 -0.8366 0.4999
vn 0.2499 -0.9330 0.2589
vn 0.0001 -0.9659 0.2588
vn 0.2499 -0.9330 0.2588
vn 0.2588 -0.9659 0.0001
vn 0.0001 -1.0000 0.0001
vn 0.4830 -0.1294 0.8660
vn 0.6830 -0.1830 0.7072
vn 0.4830 -0.1295 0.8660
vn 0.6830 -0.1830 0.7071
vn 0.4331 -0.2500 0.8660
vn 0.6124 -0.3535 0.7072
vn 0.4331 -0.2501 0.8660
vn 0.6123 -0.3536 0.7071
vn 0.3536 -0.3536 0.8660
vn 0.6123 -0.3536 0.7072
vn 0.5000 -0.4999 0.7071
vn 0.4999 -0.5000 0.7071
vn 0.2501 -0.4331 0.8660
vn 0.3536 -0.6123 0.7072
vn 0.2500 -0.4331 0.8660
vn 0.3535 -0.6123 0.7072
vn 0.1294 -0.4830 0.8660
vn 0.1295 -0.4830 0.8660
vn 0.3535 -0.6124 0.7072
vn 0.1830 -0.6830 0.7072
vn 0.6831 -0.1830 0.7071
vn 0.8365 -0.2241 0.5000
vn 0.6830 -0.1831 0.7071
vn 0.8365 -0.2242 0.5000
vn 0.6124 -0.3535 0.7071
vn 0.7500 -0.4330 0.5000
vn 0.6124 -0.3536 0.7071
vn 0.7499 -0.4330 0.5000
vn 0.5001 -0.5000 0.7071
vn 0.6124 -0.6123 0.5000
vn 0.5000 -0.5001 0.7071
vn 0.6123 -0.6124 0.5001
vn 0.3536 -0.6124 0.7071
vn 0.3536 -0.6124 0.7070
vn 0.6123 -0.6124 0.5000
vn 0.4331 -0.7500 0.5000
vn 0.3535 -0.6124 0.7071
vn 0.4329 -0.7500 0.5001
vn 0.1831 -0.6830 0.7071
vn 0.1831 -0.6831 0.7071
vn 0.4330 -0.7500 0.5000
vn 0.2242 -0.8365 0.5000
vn 0.8661 -0.0001 0.4999
vn 0.9659 -0.0001 0.2589
vn 0.8366 -0.2241 0.4999
vn 0.9330 -0.2499 0.2589
vn 0.8365 -0.2242 0.4999
vn 0.9330 -0.2501 0.2589
vn 0.7501 -0.4330 0.4999
vn 0.8365 -0.4829 0.2589
vn 0.7500 -0.4331 0.4999
vn 0.8365 -0.4830 0.2589
vn 0.6124 -0.6123 0.4999
vn 0.6124 -0.6124 0.4999
vn 0.6830 -0.6830 0.2589
vn 0.4331 -0.7500 0.4999
vn 0.6830 -0.6831 0.2589
vn 0.4830 -0.8365 0.2589
vn 0.4829 -0.8365 0.2589
vn 0.2242 -0.8366 0.4999
vn 0.4829 -0.8366 0.2588
vn 0.2501 -0.9330 0.2588
vn 0.9659 -0.0001 0.2588
vn 0.9330 -0.2499 0.2588
vn 0.9330 -0.2501 0.2588
vn 0.9659 -0.2589 0.0001
vn 0.8366 -0.4829 0.2588
vn 0.8661 -0.4999 0.0001
vn 0.8365 -0.4830 0.2587
vn 0.6831 -0.6830 0.2587
vn 0.6831 -0.6830 0.2588
vn 0.8660 -0.5001 0.0001
vn 0.6830 -0.6831 0.2587
vn 0.7071 -0.7072 0.0001
vn 0.4830 -0.8365 0.2588
vn 0.4830 -0.8365 0.2587
vn 0.7071 -0.7072 -0.0000
vn 0.5001 -0.8660 -0.0000
vn 0.2589 -0.9659 0.0001
vn 0.7072 -0.0000 0.7070
vn 0.9659 -0.2587 -0.0000
vn 0.8661 -0.4999 -0.0000
vn 0.7072 -0.7070 -0.0000
vn 0.7070 -0.7072 -0.0000
vn 0.4999 -0.8661 -0.0000
vn 0.2587 -0.9659 -0.0000
vn -0.2587 -0.9659 -0.0000
vn -0.4999 -0.8661 -0.0000
vn -0.5001 -0.8660 -0.0000
vn -0.7070 -0.7072 -0.0000
vn -0.7071 -0.7072 -0.0000
vn -0.7072 -0.7071 -0.0000
vn -0.8660 -0.5001 -0.0000
vn -0.8661 -0.4999 -0.0000
vn -0.9659 -0.2589 -0.0000
vn -0.9659 -0.2587 -0.0000
vn -1.0000 -0.0001 -0.0000
vn -0.2537 -0.9660 0.0507
vn -0.2537 -0.9659 0.0507
vn -0.2587 -0.9660 -0.0000
vn -0.2538 -0.9659 0.0507
vn -0.4902 -0.8661 0.0980
vn -0.4904 -0.8660 0.0980
vn -0.6933 -0.7072 0.1386
vn -0.7071 -0.7071 -0.0000
vn -0.6934 -0.7071 0.1386
vn -0.8492 -0.5000 0.1698
vn -0.8492 -0.5001 0.1698
vn -0.8661 -0.4999 0.0001
vn -0.8493 -0.4999 0.1698
vn -0.9472 -0.2589 0.1894
vn -0.9472 -0.2588 0.1894
vn -0.9914 -0.0001 0.1312
vn -0.9978 -0.0001 0.0658
vn -0.9472 -0.2587 0.1894
vn -0.9806 -0.0001 0.1961
vn -0.9978 -0.0001 0.0657
vn -0.8492 -0.4999 0.1699
vn -0.6933 -0.7072 0.1387
vn -0.4903 -0.8660 0.0981
vn -0.4904 -0.8660 0.0981
vn -0.4902 -0.8661 0.0981
vn -0.2539 -0.9659 0.0508
vn 0.9659 0.2588 -0.0000
vn 0.8661 0.4999 -0.0001
vn 0.8660 0.5001 -0.0000
vn 0.7072 0.7070 -0.0000
vn 0.7071 0.7072 -0.0000
vn 0.4999 0.8661 -0.0000
vn 0.2589 0.9659 -0.0000
vn 0.2587 0.9659 -0.0000
vn 0.8660 -0.0001 0.5001
vn 0.7071 -0.0001 0.7072
vn 0.4999 -0.0001 0.8661
vn -1.0000 0.0001 -0.0000
vn -0.9659 0.2587 -0.0000
vn -0.8661 0.4999 -0.0000
vn -0.7072 0.7071 -0.0000
vn -0.7071 0.7072 -0.0000
vn -0.5001 0.8660 -0.0000
vn -0.4999 0.8661 -0.0000
vn -0.2589 0.9659 -0.0000
vn -0.0001 1.0000 -0.0000
vn -0.9806 0.0001 0.1961
vn -0.9472 0.2587 0.1894
vn -0.9914 0.0001 0.1312
vn -0.9472 0.2588 0.1894
vn -0.9978 0.0001 0.0658
vn -0.9978 0.0001 0.0657
vn -0.9472 0.2589 0.1894
vn -0.8493 0.4999 0.1698
vn -0.8661 0.4999 0.0001
vn -0.8492 0.5001 0.1698
vn -0.6934 0.7070 0.1386
vn -0.6935 0.7070 0.1386
vn -0.7072 0.7070 0.0001
vn -0.7070 0.7072 -0.0000
vn -0.6933 0.7072 0.1386
vn -0.4903 0.8660 0.0980
vn -0.4904 0.8660 0.0980
vn -0.5000 0.8660 -0.0000
vn -0.4902 0.8661 0.0980
vn -0.2537 0.9659 0.0507
vn -0.2587 0.9660 -0.0000
vn -0.2537 0.9660 0.0507
vn -0.9472 0.2587 0.1895
vn -0.6934 0.7071 0.1387
vn -0.4904 0.8660 0.0981
vn -0.2153 -0.0000 0.9766
vn -0.3198 -0.0000 0.9475
vn -0.2270 -0.0000 0.9739
vn -0.4419 -0.0000 0.8971
vn -0.4419 -0.0000 0.8970
vn -0.4420 -0.0000 0.8970
vn -0.6339 -0.0000 0.7734
vn -0.6340 -0.0000 0.7733
vn -0.7929 -0.0000 0.6094
vn -0.7930 -0.0000 0.6093
vn -0.9105 -0.0000 0.4136
vn -0.9105 -0.0000 0.4134
vn -0.2153 -0.0000 0.9765
vn -0.1083 -0.0000 0.9941
vn -0.2268 -0.0000 0.9739
vn -0.9806 -0.0000 0.1961
vn -0.9978 -0.0000 0.0657
vn -0.9978 -0.0000 0.0658
vn -0.9914 -0.0000 0.1312
vn -0.0000 -0.2588 0.9659
vn -0.1538 -0.1857 0.9705
vn -0.1539 -0.1856 0.9705
vn -0.2587 -0.0000 0.9660
vn -0.1539 -0.1857 0.9705
vn -0.2588 -0.0000 0.9659
vn -0.3885 -0.0846 0.9175
vn -0.3886 -0.0843 0.9175
vn -0.2588 0.0001 0.9659
vn -0.4999 0.0001 0.8661
vn -0.3887 -0.0846 0.9175
vn -0.5000 -0.0001 0.8660
vn -0.4590 -0.3103 0.8325
vn -0.4591 -0.3104 0.8324
vn -0.6665 -0.2011 0.7178
vn -0.6665 -0.2012 0.7178
vn -0.4955 -0.5188 0.6967
vn -0.4954 -0.5188 0.6967
vn -0.7025 -0.4075 0.5835
vn -0.4955 -0.5189 0.6966
vn -0.7025 -0.4076 0.5834
vn -0.4955 -0.6966 0.5189
vn -0.7025 -0.4075 0.5834
vn -0.7025 -0.5834 0.4075
vn -0.4954 -0.6967 0.5188
vn -0.7025 -0.5835 0.4075
vn -0.4591 -0.8324 0.3105
vn -0.4591 -0.8324 0.3104
vn -0.7025 -0.5836 0.4074
vn -0.6665 -0.7179 0.2012
vn -0.4591 -0.8324 0.3103
vn -0.6665 -0.7179 0.2011
vn -0.6666 -0.7179 0.2010
vn -0.6666 -0.7178 0.2011
vn -0.8286 -0.5543 0.0782
vn -0.7072 -0.7070 -0.0001
vn -0.8287 -0.5543 0.0780
vn -0.8660 -0.5000 -0.0001
vn -0.8662 -0.4997 0.0001
vn -0.8289 -0.5539 0.0782
vn -0.8620 -0.4302 0.2682
vn -0.8618 -0.4305 0.2683
vn -0.9623 -0.2483 0.1109
vn -0.9624 -0.2481 0.1108
vn -0.8619 -0.4303 0.2682
vn -0.9624 -0.1109 0.2481
vn -0.9624 -0.2480 0.1108
vn -0.9624 -0.1108 0.2480
vn -0.9624 -0.1107 0.2481
vn -0.9659 -0.0000 0.2588
vn -0.9624 -0.1108 0.2482
vn -0.9623 -0.1108 0.2482
vn -0.8618 -0.2682 0.4304
vn -0.8619 -0.2682 0.4304
vn -0.8287 -0.0782 0.5542
vn -0.8286 -0.0782 0.5543
vn -0.8618 -0.2682 0.4306
vn -0.7026 -0.4073 0.5835
vn -0.8286 -0.0783 0.5543
vn -0.7026 -0.4074 0.5834
vn -0.6666 -0.2012 0.7177
vn -0.6665 -0.2011 0.7179
vn -0.6667 -0.2011 0.7177
vn -0.7072 -0.0001 0.7070
vn -0.8287 -0.0782 0.5543
vn -0.7071 0.0002 0.7071
vn -0.8659 0.0002 0.5002
vn -0.8286 -0.0778 0.5544
vn -1.0000 -0.0002 -0.0000
vn -0.9624 -0.2481 0.1107
vn -0.9659 -0.2588 -0.0000
vn -0.3887 -0.9175 0.0846
vn -0.3887 -0.9175 0.0844
vn -0.4999 -0.8661 -0.0001
vn -0.2589 -0.9659 -0.0001
vn -0.3885 -0.9176 0.0845
vn -0.2588 -0.9659 -0.0000
vn -0.1540 -0.9705 0.1856
vn -0.1539 -0.9705 0.1857
vn -0.0001 -0.9660 0.2587
vn -0.2202 -0.8904 0.3983
vn -0.2201 -0.8903 0.3986
vn -0.0000 -0.9659 0.2590
vn -0.2202 -0.8903 0.3985
vn -0.2544 -0.7625 0.5948
vn -0.2544 -0.7624 0.5950
vn -0.2545 -0.7624 0.5950
vn -0.2544 -0.5950 0.7624
vn -0.2544 -0.5949 0.7624
vn -0.2545 -0.5949 0.7624
vn -0.2202 -0.3986 0.8903
vn -0.2202 -0.3985 0.8904
vn -0.1539 -0.1858 0.9705
vn -0.2203 -0.3985 0.8903
vn -0.1540 -0.1858 0.9704
vn -0.3886 -0.0846 0.9175
vn -0.2545 -0.5948 0.7625
vn -0.4590 -0.3104 0.8325
vn -0.2546 -0.5949 0.7624
vn -0.4590 -0.3105 0.8324
vn -0.4954 -0.5189 0.6967
vn -0.7026 -0.5834 0.4075
vn -0.7026 -0.4075 0.5834
vn -0.8618 -0.2684 0.4304
vn -0.7026 -0.5833 0.4075
vn -0.8618 -0.2684 0.4305
vn -0.8618 -0.4304 0.2684
vn -0.8618 -0.4304 0.2683
vn -0.8619 -0.2683 0.4303
vn -0.2545 -0.7624 0.5949
vn -0.2546 -0.5950 0.7624
vn -0.4954 -0.5190 0.6966
vn -0.2545 -0.7623 0.5951
vn -0.4953 -0.5188 0.6967
vn -0.4953 -0.6966 0.5190
vn -0.6666 -0.7177 0.2011
vn -0.7026 -0.5834 0.4074
vn -0.8618 -0.4305 0.2682
vn -0.2203 -0.8903 0.3985
vn -0.2546 -0.7625 0.5948
vn -0.4953 -0.6967 0.5188
vn -0.4590 -0.8324 0.3104
vn -0.1540 -0.9704 0.1858
vn -0.4590 -0.8325 0.3104
vn -0.3886 -0.9175 0.0847
vn -0.1540 -0.9704 0.1859
vn -0.4590 -0.8324 0.3105
vn 0.1539 -0.1857 0.9705
vn 0.1539 -0.1858 0.9705
vn 0.0001 -0.2589 0.9659
vn 0.2202 -0.3985 0.8903
vn 0.2202 -0.3986 0.8903
vn 0.2544 -0.5949 0.7625
vn 0.2544 -0.5950 0.7624
vn 0.0001 -0.5001 0.8660
vn 0.2544 -0.7624 0.5950
vn 0.2544 -0.7625 0.5949
vn 0.2202 -0.8903 0.3985
vn 0.2201 -0.8903 0.3985
vn 0.2202 -0.8903 0.3986
vn 0.0001 -0.9659 0.2589
vn 0.1539 -0.9704 0.1859
vn 0.1538 -0.9705 0.1856
vn 0.1539 -0.9705 0.1857
vn 0.2588 -0.9659 -0.0000
vn 0.1540 -0.9705 0.1856
vn 0.3886 -0.9175 0.0844
vn 0.3886 -0.9175 0.0846
vn 0.3887 -0.9175 0.0845
vn 0.5000 -0.8660 0.0001
vn 0.4591 -0.8325 0.3103
vn 0.4591 -0.8324 0.3103
vn 0.6665 -0.7179 0.2011
vn 0.4591 -0.8324 0.3104
vn 0.6665 -0.7178 0.2012
vn 0.4954 -0.6967 0.5188
vn 0.4955 -0.6967 0.5188
vn 0.6666 -0.7178 0.2012
vn 0.7025 -0.5835 0.4075
vn 0.4955 -0.6966 0.5189
vn 0.7025 -0.5834 0.4075
vn 0.4954 -0.5189 0.6966
vn 0.4955 -0.5189 0.6966
vn 0.7025 -0.4076 0.5834
vn 0.4955 -0.5188 0.6967
vn 0.7025 -0.4074 0.5835
vn 0.4591 -0.3104 0.8324
vn 0.7025 -0.4074 0.5836
vn 0.6665 -0.2012 0.7179
vn 0.6666 -0.2011 0.7178
vn 0.6665 -0.2011 0.7178
vn 0.7071 -0.0000 0.7071
vn 0.6666 -0.2010 0.7178
vn 0.8286 -0.0781 0.5544
vn 0.8659 -0.0000 0.5002
vn 0.8287 -0.0782 0.5542
vn 0.8619 -0.2683 0.4304
vn 0.8619 -0.2682 0.4304
vn 0.9624 -0.1108 0.2482
vn 0.9624 -0.1109 0.2481
vn 0.8619 -0.2683 0.4303
vn 0.9624 -0.2481 0.1109
vn 0.9624 -0.1108 0.2480
vn 0.9624 -0.2480 0.1108
vn 0.9624 -0.2481 0.1108
vn 0.9624 -0.2482 0.1107
vn 0.8661 -0.5000 0.0001
vn 0.9623 -0.2482 0.1108
vn 0.8618 -0.4304 0.2683
vn 0.8618 -0.4304 0.2682
vn 0.8287 -0.5542 0.0782
vn 0.8287 -0.5542 0.0783
vn 0.8618 -0.4305 0.2683
vn 0.7026 -0.5834 0.4074
vn 0.8286 -0.5543 0.0782
vn 0.7026 -0.5835 0.4073
vn 0.6666 -0.7178 0.2011
vn 0.6665 -0.7179 0.2009
vn 0.6666 -0.7177 0.2011
vn 0.7071 -0.7071 -0.0001
vn 0.8660 -0.5001 -0.0001
vn 0.8286 -0.5543 0.0779
vn 0.9623 -0.1109 0.2483
vn 0.9659 -0.0001 0.2590
vn 0.8660 -0.0002 0.5000
vn 0.4591 -0.3103 0.8324
vn 0.3887 -0.0846 0.9175
vn 0.3886 -0.0844 0.9175
vn 0.4999 0.0001 0.8661
vn 0.2588 0.0001 0.9659
vn 0.3886 -0.0846 0.9175
vn 0.2588 -0.0001 0.9659
vn 0.1540 -0.1857 0.9705
vn 0.4590 -0.3104 0.8324
vn 0.1540 -0.1858 0.9704
vn 0.4953 -0.5189 0.6967
vn 0.4590 -0.3105 0.8324
vn 0.2203 -0.3986 0.8903
vn 0.2203 -0.3985 0.8903
vn 0.4590 -0.3104 0.8325
vn 0.8618 -0.2682 0.4306
vn 0.8286 -0.0781 0.5543
vn 0.8618 -0.2683 0.4305
vn 0.6667 -0.2012 0.7177
vn 0.7026 -0.4074 0.5834
vn 0.4954 -0.6967 0.5189
vn 0.4953 -0.5190 0.6966
vn 0.2546 -0.5950 0.7623
vn 0.2545 -0.5948 0.7625
vn 0.4953 -0.5188 0.6968
vn 0.7026 -0.4075 0.5833
vn 0.7026 -0.4075 0.5834
vn 0.8618 -0.4304 0.2684
vn 0.8618 -0.2684 0.4305
vn 0.8619 -0.4304 0.2683
vn 0.9624 -0.2482 0.1109
vn 0.4590 -0.8324 0.3105
vn 0.4953 -0.6967 0.5189
vn 0.2545 -0.7624 0.5949
vn 0.2546 -0.7623 0.5950
vn 0.4953 -0.6966 0.5190
vn 0.2546 -0.5950 0.7624
vn 0.4590 -0.8325 0.3103
vn 0.2203 -0.8904 0.3984
vn 0.2203 -0.8903 0.3986
vn 0.1540 -0.9704 0.1858
vn 0.3886 -0.9175 0.0847
vn 0.2203 -0.8903 0.3985
vn -0.1539 0.1856 0.9705
vn -0.1538 0.1857 0.9705
vn -0.0000 0.2588 0.9659
vn -0.1539 0.1858 0.9705
vn -0.2202 0.3985 0.8904
vn -0.2202 0.3985 0.8903
vn -0.2202 0.3986 0.8903
vn -0.0001 0.5000 0.8660
vn -0.2544 0.5949 0.7625
vn -0.2544 0.5950 0.7624
vn -0.2544 0.7624 0.5950
vn -0.2544 0.7624 0.5949
vn -0.0001 0.8660 0.5001
vn -0.2544 0.7625 0.5949
vn -0.2202 0.8903 0.3986
vn -0.2202 0.8903 0.3985
vn -0.1539 0.9705 0.1858
vn -0.1538 0.9705 0.1857
vn -0.1539 0.9705 0.1855
vn -0.1540 0.9705 0.1856
vn -0.2588 0.9659 -0.0000
vn -0.3886 0.9175 0.0845
vn -0.3887 0.9175 0.0846
vn -0.4590 0.8325 0.3103
vn -0.4591 0.8324 0.3103
vn -0.6665 0.7179 0.2011
vn -0.4591 0.8324 0.3104
vn -0.6665 0.7178 0.2012
vn -0.4955 0.6967 0.5188
vn -0.4954 0.6967 0.5188
vn -0.7025 0.5835 0.4075
vn -0.4954 0.6966 0.5189
vn -0.4954 0.5189 0.6966
vn -0.4955 0.5189 0.6966
vn -0.7025 0.5834 0.4075
vn -0.7025 0.4075 0.5834
vn -0.4954 0.5188 0.6967
vn -0.7025 0.4075 0.5835
vn -0.4591 0.3105 0.8324
vn -0.4591 0.3104 0.8324
vn -0.7025 0.4074 0.5835
vn -0.6665 0.2012 0.7178
vn -0.6665 0.2011 0.7178
vn -0.5000 0.0001 0.8660
vn -0.6665 0.2010 0.7178
vn -0.7071 0.0001 0.7071
vn -0.6666 0.2011 0.7178
vn -0.8286 0.0782 0.5543
vn -0.7071 -0.0002 0.7071
vn -0.8286 0.0779 0.5544
vn -0.8660 -0.0003 0.5001
vn -0.8660 0.0001 0.5000
vn -0.8287 0.0782 0.5542
vn -0.8619 0.2682 0.4304
vn -0.8661 0.0001 0.5000
vn -0.9624 0.1108 0.2482
vn -0.9624 0.2481 0.1109
vn -0.9624 0.1108 0.2480
vn -0.9624 0.2480 0.1108
vn -1.0000 0.0002 -0.0000
vn -0.9624 0.2481 0.1108
vn -0.9659 0.2588 -0.0000
vn -0.8661 0.4998 -0.0000
vn -0.8660 0.5000 0.0001
vn -0.9623 0.2483 0.1108
vn -0.8618 0.4305 0.2682
vn -0.8662 0.4997 -0.0000
vn -0.8620 0.4302 0.2682
vn -0.8289 0.5539 0.0782
vn -0.8286 0.5543 0.0782
vn -0.8618 0.4306 0.2682
vn -0.7026 0.5835 0.4074
vn -0.8287 0.5542 0.0782
vn -0.7026 0.5834 0.4074
vn -0.6667 0.7177 0.2012
vn -0.5000 0.8660 0.0001
vn -0.6665 0.7178 0.2011
vn -0.6666 0.7178 0.2010
vn -0.7071 0.7071 -0.0000
vn -0.8286 0.5543 0.0781
vn -0.8287 0.5543 0.0781
vn -0.9660 -0.0000 0.2587
vn -0.4591 0.3103 0.8324
vn -0.3887 0.0846 0.9175
vn -0.3886 0.0843 0.9175
vn -0.4999 -0.0001 0.8661
vn -0.2589 -0.0001 0.9659
vn -0.3886 0.0846 0.9175
vn -0.1540 0.1857 0.9705
vn -0.4590 0.3104 0.8325
vn -0.1540 0.1858 0.9705
vn -0.4954 0.5189 0.6967
vn -0.4590 0.3105 0.8324
vn -0.2203 0.3986 0.8903
vn -0.2203 0.3985 0.8903
vn -0.1540 0.1858 0.9704
vn -0.8618 0.2683 0.4305
vn -0.8286 0.0783 0.5543
vn -0.6666 0.2012 0.7178
vn -0.8618 0.2682 0.4305
vn -0.7026 0.4073 0.5834
vn -0.4954 0.6966 0.5190
vn -0.2546 0.5949 0.7624
vn -0.2545 0.5949 0.7625
vn -0.4953 0.5188 0.6967
vn -0.7026 0.5834 0.4075
vn -0.8618 0.4304 0.2684
vn -0.7026 0.4075 0.5834
vn -0.7026 0.4075 0.5833
vn -0.8618 0.4304 0.2683
vn -0.8618 0.2684 0.4304
vn -0.8619 0.4303 0.2683
vn -0.8619 0.2683 0.4303
vn -0.4590 0.8324 0.3105
vn -0.4953 0.6967 0.5189
vn -0.2545 0.7625 0.5949
vn -0.2545 0.7624 0.5949
vn -0.2546 0.5950 0.7623
vn -0.3886 0.9175 0.0846
vn -0.4590 0.8325 0.3104
vn -0.2203 0.8903 0.3985
vn -0.2203 0.8903 0.3986
vn -0.4590 0.8324 0.3106
vn -0.1540 0.9704 0.1858
vn -0.3886 0.9175 0.0847
vn -0.1539 -0.9705 -0.1857
vn -0.1540 -0.9705 -0.1856
vn -0.3885 -0.9176 -0.0845
vn -0.3887 -0.9175 -0.0844
vn -0.5000 -0.8661 0.0001
vn -0.3887 -0.9175 -0.0845
vn -0.5000 -0.8660 -0.0000
vn -0.4591 -0.8325 -0.3103
vn -0.4591 -0.8324 -0.3104
vn -0.5000 -0.8660 -0.0001
vn -0.6665 -0.7179 -0.2011
vn -0.4591 -0.8323 -0.3105
vn -0.6665 -0.7178 -0.2013
vn -0.4954 -0.6967 -0.5189
vn -0.4955 -0.6967 -0.5188
vn -0.6666 -0.7178 -0.2012
vn -0.7025 -0.5835 -0.4075
vn -0.4955 -0.6966 -0.5189
vn -0.7025 -0.5834 -0.4075
vn -0.4955 -0.5189 -0.6966
vn -0.7025 -0.4075 -0.5834
vn -0.4954 -0.5189 -0.6967
vn -0.7025 -0.4075 -0.5835
vn -0.4591 -0.3105 -0.8324
vn -0.4591 -0.3104 -0.8324
vn -0.7025 -0.4074 -0.5835
vn -0.6665 -0.2012 -0.7178
vn -0.4591 -0.3103 -0.8324
vn -0.6665 -0.2011 -0.7179
vn -0.5000 -0.0001 -0.8660
vn -0.5000 -0.0000 -0.8660
vn -0.7070 -0.0001 -0.7072
vn -0.7072 -0.0001 -0.7071
vn -0.6666 -0.2011 -0.7178
vn -0.8286 -0.0781 -0.5543
vn -0.7071 0.0002 -0.7071
vn -0.8286 -0.0779 -0.5544
vn -0.8659 0.0002 -0.5002
vn -0.8661 -0.0001 -0.5000
vn -0.8287 -0.0782 -0.5542
vn -0.8619 -0.2682 -0.4304
vn -0.8660 -0.0000 -0.5000
vn -0.9624 -0.1108 -0.2482
vn -0.9624 -0.1108 -0.2481
vn -0.8619 -0.2682 -0.4303
vn -0.9624 -0.2481 -0.1108
vn -0.9624 -0.1108 -0.2480
vn -0.9624 -0.2480 -0.1108
vn -0.9624 -0.2482 -0.1107
vn -0.9623 -0.2482 -0.1109
vn -0.8618 -0.4305 -0.2683
vn -0.8661 -0.4999 -0.0001
vn -0.8619 -0.4303 -0.2682
vn -0.8288 -0.5541 -0.0782
vn -0.8286 -0.5543 -0.0782
vn -0.7026 -0.5835 -0.4074
vn -0.8287 -0.5543 -0.0783
vn -0.7026 -0.5834 -0.4074
vn -0.6667 -0.7177 -0.2012
vn -0.6665 -0.7179 -0.2010
vn -0.6666 -0.7178 -0.2011
vn -0.7071 -0.7071 -0.0001
vn -0.8286 -0.5544 -0.0782
vn -0.8287 -0.5543 -0.0780
vn -1.0000 -0.0000 -0.0001
vn -0.9659 -0.0000 -0.2588
vn -0.9624 -0.1107 -0.2481
vn -0.9623 -0.1109 -0.2482
vn -0.9659 -0.0001 -0.2589
vn -0.8661 -0.0001 -0.4999
vn -0.3887 -0.0846 -0.9175
vn -0.3886 -0.0843 -0.9175
vn -0.4999 0.0001 -0.8661
vn -0.2588 0.0001 -0.9659
vn -0.3886 -0.0846 -0.9175
vn -0.2588 -0.0001 -0.9659
vn -0.1540 -0.1857 -0.9705
vn -0.1539 -0.1857 -0.9705
vn -0.2587 -0.0000 -0.9660
vn -0.0001 -0.0000 -1.0000
vn -0.1538 -0.1857 -0.9705
vn -0.1539 -0.1858 -0.9705
vn -0.0001 -0.2588 -0.9659
vn -0.2202 -0.3984 -0.8904
vn -0.2202 -0.3986 -0.8903
vn -0.0001 -0.5000 -0.8660
vn -0.2544 -0.5949 -0.7624
vn -0.0001 -0.5001 -0.8660
vn -0.0000 -0.7071 -0.7072
vn -0.2544 -0.5950 -0.7624
vn -0.0001 -0.7071 -0.7071
vn -0.2544 -0.7624 -0.5950
vn -0.2544 -0.7625 -0.5949
vn -0.0001 -0.7072 -0.7070
vn -0.2544 -0.7625 -0.5948
vn -0.0001 -0.8661 -0.4999
vn -0.2202 -0.8903 -0.3985
vn -0.2202 -0.8903 -0.3986
vn -0.0001 -0.8660 -0.5000
vn -0.2202 -0.8904 -0.3984
vn -0.0001 -0.9659 -0.2588
vn -0.2203 -0.8903 -0.3986
vn -0.1540 -0.9704 -0.1859
vn -0.3886 -0.9175 -0.0847
vn -0.2546 -0.7624 -0.5949
vn -0.2204 -0.8903 -0.3986
vn -0.4590 -0.8324 -0.3105
vn -0.4590 -0.8324 -0.3104
vn -0.2203 -0.8903 -0.3985
vn -0.3886 -0.9175 -0.0846
vn -0.2545 -0.7625 -0.5948
vn -0.4590 -0.8325 -0.3104
vn -0.4953 -0.6968 -0.5188
vn -0.7026 -0.4075 -0.5834
vn -0.7026 -0.5834 -0.4075
vn -0.8618 -0.4305 -0.2684
vn -0.8618 -0.4304 -0.2684
vn -0.8618 -0.2684 -0.4304
vn -0.8619 -0.2683 -0.4304
vn -0.8619 -0.4304 -0.2683
vn -0.9624 -0.2482 -0.1109
vn -0.2545 -0.5949 -0.7624
vn -0.2546 -0.7624 -0.5950
vn -0.4953 -0.6966 -0.5190
vn -0.2546 -0.5950 -0.7624
vn -0.4954 -0.6966 -0.5190
vn -0.6666 -0.2011 -0.7177
vn -0.7026 -0.4073 -0.5834
vn -0.8618 -0.2682 -0.4305
vn -0.8286 -0.0783 -0.5543
vn -0.6666 -0.2012 -0.7178
vn -0.8618 -0.2684 -0.4305
vn -0.2203 -0.3985 -0.8903
vn -0.2545 -0.5948 -0.7625
vn -0.4953 -0.5188 -0.6968
vn -0.4953 -0.5189 -0.6967
vn -0.4590 -0.3105 -0.8324
vn -0.1540 -0.1858 -0.9705
vn -0.4590 -0.3104 -0.8325
vn -0.1540 -0.1858 -0.9704
vn 0.1539 0.1857 0.9705
vn 0.1540 0.1857 0.9705
vn 0.3886 0.0846 0.9175
vn 0.3886 0.0844 0.9175
vn 0.3887 0.0846 0.9175
vn 0.4591 0.3103 0.8324
vn 0.6665 0.2011 0.7179
vn 0.4591 0.3104 0.8324
vn 0.6665 0.2012 0.7178
vn 0.4954 0.5188 0.6967
vn 0.4955 0.5188 0.6967
vn 0.6666 0.2012 0.7178
vn 0.7025 0.4074 0.5835
vn 0.4955 0.5189 0.6966
vn 0.7025 0.4076 0.5834
vn 0.4954 0.6966 0.5189
vn 0.4955 0.6966 0.5189
vn 0.7025 0.5834 0.4075
vn 0.7025 0.5835 0.4075
vn 0.4591 0.8324 0.3105
vn 0.4591 0.8324 0.3104
vn 0.7025 0.5835 0.4074
vn 0.6665 0.7178 0.2012
vn 0.6665 0.7179 0.2011
vn 0.6665 0.7179 0.2010
vn 0.7072 0.7071 -0.0000
vn 0.6666 0.7178 0.2010
vn 0.8286 0.5543 0.0781
vn 0.8660 0.5000 -0.0000
vn 0.8287 0.5542 0.0782
vn 0.8619 0.4304 0.2682
vn 0.8661 0.4999 0.0001
vn 0.9623 0.2482 0.1108
vn 0.9624 0.2481 0.1109
vn 0.8619 0.4304 0.2683
vn 0.9624 0.1109 0.2481
vn 0.9624 0.2480 0.1108
vn 0.9624 0.1108 0.2480
vn 0.9623 0.1109 0.2482
vn 0.8661 0.0002 0.4999
vn 0.9624 0.1108 0.2482
vn 0.8619 0.2681 0.4304
vn 0.8660 0.0002 0.5000
vn 0.8618 0.2683 0.4304
vn 0.8287 0.0782 0.5542
vn 0.8286 0.0782 0.5543
vn 0.8618 0.2683 0.4305
vn 0.7026 0.4074 0.5835
vn 0.7026 0.4074 0.5834
vn 0.6666 0.2012 0.7177
vn 0.6665 0.2011 0.7178
vn 0.6666 0.2011 0.7178
vn 0.8286 0.0781 0.5543
vn 0.9624 0.2481 0.1108
vn 0.9624 0.2482 0.1108
vn 0.4591 0.8324 0.3103
vn 0.3887 0.9175 0.0846
vn 0.3887 0.9175 0.0845
vn 0.3886 0.9175 0.0845
vn 0.2588 0.9659 0.0001
vn 0.1540 0.9705 0.1857
vn 0.1539 0.9705 0.1856
vn 0.2588 0.9659 -0.0000
vn 0.0001 1.0000 -0.0001
vn 0.1538 0.9705 0.1857
vn 0.1539 0.9705 0.1858
vn 0.2202 0.8903 0.3985
vn 0.2202 0.8903 0.3986
vn 0.2544 0.7625 0.5949
vn 0.2544 0.7624 0.5949
vn 0.0001 0.8660 0.5001
vn 0.0001 0.7072 0.7070
vn 0.2544 0.7624 0.5950
vn 0.0001 0.7071 0.7071
vn 0.2544 0.5950 0.7624
vn 0.0001 0.5001 0.8660
vn 0.2544 0.5949 0.7625
vn 0.2202 0.3986 0.8903
vn 0.2201 0.3985 0.8903
vn 0.2202 0.3985 0.8903
vn 0.1539 0.1858 0.9705
vn 0.2203 0.3985 0.8903
vn 0.1540 0.1858 0.9705
vn 0.2545 0.5949 0.7625
vn 0.2203 0.3986 0.8903
vn 0.4590 0.3105 0.8324
vn 0.4590 0.3104 0.8325
vn 0.2545 0.5949 0.7624
vn 0.4953 0.5189 0.6967
vn 0.7026 0.5834 0.4075
vn 0.7026 0.4075 0.5833
vn 0.8618 0.2684 0.4304
vn 0.8618 0.4304 0.2684
vn 0.8619 0.2683 0.4303
vn 0.2545 0.7624 0.5950
vn 0.2546 0.5950 0.7624
vn 0.2546 0.7624 0.5950
vn 0.4954 0.5190 0.6966
vn 0.4954 0.6967 0.5189
vn 0.6666 0.7177 0.2012
vn 0.7026 0.5834 0.4074
vn 0.8618 0.4305 0.2683
vn 0.8287 0.5543 0.0782
vn 0.6667 0.7177 0.2011
vn 0.8618 0.4305 0.2682
vn 0.2203 0.8903 0.3986
vn 0.2545 0.7624 0.5949
vn 0.4953 0.6967 0.5189
vn 0.4590 0.8324 0.3105
vn 0.1540 0.9704 0.1858
vn 0.2203 0.8903 0.3985
vn 0.4590 0.8325 0.3104
vn 0.3886 0.9175 0.0846
vn 0.1540 0.9705 0.1858
vn 0.4590 0.8325 0.3103
vn 0.2587 -0.9659 -0.0001
vn 0.1539 -0.9705 -0.1857
vn 0.1538 -0.9705 -0.1856
vn 0.1539 -0.9704 -0.1860
vn 0.0001 -0.9659 -0.2590
vn 0.2202 -0.8903 -0.3987
vn 0.2202 -0.8903 -0.3985
vn -0.0000 -0.8661 -0.5000
vn 0.2202 -0.8903 -0.3986
vn 0.0001 -0.8660 -0.5000
vn 0.2544 -0.7625 -0.5948
vn 0.2544 -0.7625 -0.5949
vn 0.0001 -0.7072 -0.7070
vn 0.2544 -0.7624 -0.5950
vn 0.0001 -0.7071 -0.7071
vn 0.2544 -0.5950 -0.7624
vn 0.0001 -0.5001 -0.8660
vn 0.2544 -0.5949 -0.7625
vn 0.0001 -0.5000 -0.8660
vn 0.2202 -0.3986 -0.8903
vn 0.0001 -0.2589 -0.9659
vn 0.2202 -0.3985 -0.8904
vn 0.1539 -0.1858 -0.9705
vn 0.1538 -0.1857 -0.9705
vn 0.1539 -0.1857 -0.9705
vn 0.0001 -0.0001 -1.0000
vn 0.2588 -0.0000 -0.9659
vn 0.1540 -0.1857 -0.9705
vn 0.2588 -0.0001 -0.9659
vn 0.3886 -0.0846 -0.9175
vn 0.3886 -0.0844 -0.9175
vn 0.4999 -0.0000 -0.8661
vn 0.3887 -0.0846 -0.9175
vn 0.5000 -0.0001 -0.8660
vn 0.4591 -0.3103 -0.8324
vn 0.5001 -0.0001 -0.8660
vn 0.6665 -0.2011 -0.7178
vn 0.4591 -0.3104 -0.8324
vn 0.6665 -0.2012 -0.7178
vn 0.4954 -0.5188 -0.6967
vn 0.7025 -0.4074 -0.5835
vn 0.4955 -0.5189 -0.6966
vn 0.7025 -0.4076 -0.5834
vn 0.4954 -0.6966 -0.5189
vn 0.4955 -0.6966 -0.5189
vn 0.7026 -0.4075 -0.5834
vn 0.7025 -0.5834 -0.4075
vn 0.4955 -0.6967 -0.5188
vn 0.7025 -0.5835 -0.4074
vn 0.4591 -0.8324 -0.3104
vn 0.4591 -0.8324 -0.3105
vn 0.7025 -0.5835 -0.4075
vn 0.6665 -0.7178 -0.2012
vn 0.4591 -0.8324 -0.3103
vn 0.6665 -0.7179 -0.2011
vn 0.5000 -0.8660 -0.0001
vn 0.6665 -0.7179 -0.2009
vn 0.6666 -0.7178 -0.2011
vn 0.8286 -0.5543 -0.0782
vn 0.8286 -0.5543 -0.0779
vn 0.8287 -0.5542 -0.0782
vn 0.8619 -0.4304 -0.2682
vn 0.8660 -0.5000 -0.0001
vn 0.8618 -0.4304 -0.2683
vn 0.9623 -0.2482 -0.1109
vn 0.9624 -0.2481 -0.1108
vn 0.8619 -0.4304 -0.2683
vn 0.9624 -0.1109 -0.2481
vn 0.9624 -0.2480 -0.1108
vn 0.9624 -0.1108 -0.2480
vn 1.0000 -0.0000 -0.0001
vn 0.9659 -0.0001 -0.2587
vn 0.9659 -0.0001 -0.2590
vn 0.9623 -0.1108 -0.2483
vn 0.8660 -0.0001 -0.5000
vn 0.8661 -0.0000 -0.4999
vn 0.9624 -0.1108 -0.2482
vn 0.8619 -0.2681 -0.4304
vn 0.8661 -0.0002 -0.4999
vn 0.8619 -0.2683 -0.4304
vn 0.8287 -0.0782 -0.5541
vn 0.8286 -0.0782 -0.5543
vn 0.8618 -0.2683 -0.4305
vn 0.7026 -0.4074 -0.5834
vn 0.8287 -0.0782 -0.5543
vn 0.6666 -0.2011 -0.7177
vn 0.7071 -0.0000 -0.7072
vn 0.6665 -0.2010 -0.7178
vn 0.6667 -0.2010 -0.7177
vn 0.7072 -0.0000 -0.7070
vn 0.8286 -0.0781 -0.5543
vn 0.7071 -0.0000 -0.7071
vn 0.8659 -0.0000 -0.5002
vn 0.8286 -0.0781 -0.5544
vn 0.9624 -0.2482 -0.1107
vn 0.3887 -0.9175 -0.0845
vn 0.3887 -0.9175 -0.0846
vn 0.2589 -0.9659 -0.0001
vn 0.3885 -0.9176 -0.0844
vn 0.1540 -0.9705 -0.1856
vn 0.4590 -0.8325 -0.3104
vn 0.3886 -0.9175 -0.0847
vn 0.1540 -0.9704 -0.1858
vn 0.4953 -0.6967 -0.5189
vn 0.4590 -0.8324 -0.3106
vn 0.2203 -0.8902 -0.3987
vn 0.2203 -0.8903 -0.3985
vn 0.1540 -0.9705 -0.1858
vn 0.8618 -0.4305 -0.2683
vn 0.6666 -0.7177 -0.2011
vn 0.6666 -0.7177 -0.2012
vn 0.7026 -0.5834 -0.4074
vn 0.4953 -0.5190 -0.6967
vn 0.4953 -0.6967 -0.5190
vn 0.2545 -0.7624 -0.5950
vn 0.2546 -0.7625 -0.5948
vn 0.4954 -0.6967 -0.5188
vn 0.7026 -0.5834 -0.4075
vn 0.7026 -0.5833 -0.4075
vn 0.8618 -0.2683 -0.4304
vn 0.8618 -0.4304 -0.2684
vn 0.4590 -0.3105 -0.8324
vn 0.4953 -0.5189 -0.6967
vn 0.2545 -0.5949 -0.7625
vn 0.2546 -0.5950 -0.7624
vn 0.4954 -0.5190 -0.6966
vn 0.2546 -0.7624 -0.5949
vn 0.4590 -0.3104 -0.8325
vn 0.2203 -0.3985 -0.8903
vn 0.4590 -0.3104 -0.8324
vn 0.2545 -0.5948 -0.7625
vn 0.1540 -0.1858 -0.9704
vn -0.9624 0.2481 -0.1108
vn -1.0000 0.0001 -0.0001
vn -0.9624 0.2480 -0.1108
vn -0.9624 0.1108 -0.2480
vn -0.9659 -0.0000 -0.2587
vn -0.9659 0.0001 -0.2589
vn -0.9624 0.1109 -0.2481
vn -0.8661 0.0001 -0.4999
vn -0.8661 -0.0000 -0.5000
vn -0.9624 0.1108 -0.2482
vn -0.8619 0.2682 -0.4304
vn -0.8660 0.0001 -0.5000
vn -0.8287 0.0782 -0.5542
vn -0.8286 0.0782 -0.5543
vn -0.8618 0.2683 -0.4305
vn -0.7026 0.4074 -0.5834
vn -0.6666 0.2011 -0.7178
vn -0.6666 0.2012 -0.7178
vn -0.7025 0.4075 -0.5835
vn -0.4955 0.5188 -0.6967
vn -0.6665 0.2012 -0.7178
vn -0.4954 0.5188 -0.6967
vn -0.4591 0.3104 -0.8324
vn -0.4590 0.3105 -0.8324
vn -0.4954 0.5189 -0.6967
vn -0.2546 0.5949 -0.7624
vn -0.4590 0.3104 -0.8325
vn -0.2545 0.5948 -0.7625
vn -0.2203 0.3985 -0.8903
vn -0.2202 0.3986 -0.8903
vn -0.2544 0.5949 -0.7625
vn -0.0001 0.5000 -0.8660
vn -0.2202 0.3985 -0.8903
vn -0.9624 0.2482 -0.1108
vn -0.9623 0.2482 -0.1108
vn -0.8660 0.5000 -0.0001
vn -0.8618 0.4305 -0.2682
vn -0.9624 0.2481 -0.1109
vn -0.8619 0.4303 -0.2683
vn -0.9624 0.1108 -0.2481
vn -0.9624 0.1110 -0.2481
vn -0.8618 0.4304 -0.2683
vn -0.8619 0.2683 -0.4304
vn -0.8619 0.4304 -0.2682
vn -0.8661 0.4999 -0.0001
vn -0.8288 0.5541 -0.0782
vn -0.8286 0.5543 -0.0780
vn -0.8286 0.5544 -0.0781
vn -0.6666 0.7178 -0.2010
vn -0.6665 0.7178 -0.2011
vn -0.5001 0.8660 -0.0001
vn -0.4591 0.8324 -0.3103
vn -0.3887 0.9175 -0.0846
vn -0.4590 0.8325 -0.3104
vn -0.3886 0.9175 -0.0846
vn -0.1540 0.9705 -0.1858
vn -0.1540 0.9705 -0.1856
vn -0.3886 0.9175 -0.0845
vn -0.1539 0.9705 -0.1856
vn -0.3887 0.9175 -0.0844
vn -0.1538 0.9705 -0.1858
vn -0.1539 0.9705 -0.1858
vn -0.0001 0.9659 -0.2588
vn -0.2202 0.8904 -0.3984
vn -0.1540 0.9704 -0.1858
vn -0.2203 0.8903 -0.3985
vn -0.4590 0.8324 -0.3105
vn -0.4953 0.6967 -0.5188
vn -0.4591 0.8323 -0.3105
vn -0.4954 0.6966 -0.5189
vn -0.7025 0.5835 -0.4075
vn -0.7025 0.5834 -0.4075
vn -0.4955 0.6966 -0.5189
vn -0.7025 0.4075 -0.5834
vn -0.7026 0.5834 -0.4074
vn -0.7026 0.4075 -0.5833
vn -0.8618 0.2684 -0.4304
vn -0.2201 0.8903 -0.3985
vn -0.2202 0.8903 -0.3986
vn -0.0001 0.8660 -0.5000
vn -0.2544 0.7625 -0.5949
vn -0.2203 0.8903 -0.3986
vn -0.2545 0.7624 -0.5949
vn -0.4953 0.6967 -0.5189
vn -0.2546 0.7624 -0.5949
vn -0.4954 0.5190 -0.6966
vn -0.4955 0.5189 -0.6966
vn -0.0001 0.7072 -0.7071
vn -0.2544 0.7624 -0.5949
vn -0.2544 0.7624 -0.5950
vn -0.0001 0.7071 -0.7071
vn -0.2544 0.5950 -0.7624
vn -0.2545 0.7624 -0.5950
vn -0.2545 0.5950 -0.7624
vn -0.4953 0.5190 -0.6966
vn -0.0001 0.5001 -0.8660
vn -0.2202 0.3985 -0.8904
vn -0.0001 0.2588 -0.9659
vn -0.1539 0.1858 -0.9705
vn -0.1538 0.1857 -0.9705
vn -0.1539 0.1856 -0.9705
vn -0.1540 0.1857 -0.9705
vn -0.3886 0.0846 -0.9175
vn -0.3886 0.0843 -0.9175
vn -0.2589 -0.0001 -0.9659
vn -0.4999 -0.0001 -0.8661
vn -0.3887 0.0846 -0.9175
vn -0.5000 0.0001 -0.8660
vn -0.4591 0.3103 -0.8324
vn -0.6665 0.2011 -0.7179
vn -0.5001 0.0001 -0.8660
vn -0.7070 0.0001 -0.7072
vn -0.7071 0.0001 -0.7071
vn -0.7071 -0.0002 -0.7071
vn -0.8660 -0.0002 -0.5001
vn -0.8286 0.0779 -0.5544
vn -0.7026 0.5834 -0.4075
vn -0.8618 0.2684 -0.4305
vn -0.8618 0.4304 -0.2684
vn -0.8287 0.5543 -0.0782
vn -0.6667 0.7177 -0.2012
vn -0.8618 0.4305 -0.2683
vn -0.6666 0.7177 -0.2012
vn -0.6665 0.7178 -0.2012
vn -0.4591 0.8324 -0.3104
vn -0.1540 0.1858 -0.9705
vn 0.1538 0.9705 -0.1858
vn 0.1539 0.9705 -0.1856
vn 0.1540 0.9705 -0.1857
vn 0.2588 0.9659 -0.0001
vn 0.3886 0.9175 -0.0845
vn 0.3887 0.9175 -0.0845
vn 0.5000 0.8660 -0.0000
vn 0.3887 0.9175 -0.0846
vn 0.5000 0.8660 -0.0001
vn 0.4591 0.8324 -0.3103
vn 0.4591 0.8324 -0.3104
vn 0.6665 0.7179 -0.2011
vn 0.6666 0.7178 -0.2012
vn 0.4954 0.6967 -0.5188
vn 0.6665 0.7178 -0.2012
vn 0.7025 0.5835 -0.4075
vn 0.4955 0.6966 -0.5189
vn 0.7025 0.5834 -0.4075
vn 0.4955 0.5189 -0.6966
vn 0.7025 0.4075 -0.5834
vn 0.4955 0.5188 -0.6967
vn 0.7025 0.4075 -0.5835
vn 0.4591 0.3104 -0.8324
vn 0.7025 0.4074 -0.5835
vn 0.6665 0.2012 -0.7178
vn 0.4591 0.3103 -0.8324
vn 0.6665 0.2011 -0.7179
vn 0.5000 0.0001 -0.8660
vn 0.5001 0.0001 -0.8660
vn 0.6666 0.2011 -0.7178
vn 0.8286 0.0781 -0.5543
vn 0.8660 -0.0000 -0.5001
vn 0.8660 0.0001 -0.5000
vn 0.8287 0.0782 -0.5542
vn 0.8618 0.2683 -0.4304
vn 0.8660 -0.0000 -0.5000
vn 0.8619 0.2682 -0.4304
vn 0.9624 0.1108 -0.2482
vn 0.9624 0.1109 -0.2481
vn 0.8619 0.2683 -0.4303
vn 0.9624 0.2481 -0.1109
vn 0.9624 0.1108 -0.2480
vn 0.9624 0.2480 -0.1108
vn 1.0000 0.0001 -0.0001
vn 0.9624 0.2481 -0.1108
vn 0.8660 0.5000 -0.0001
vn 0.9624 0.2482 -0.1108
vn 0.8619 0.4304 -0.2682
vn 0.8619 0.4305 -0.2682
vn 0.8287 0.5542 -0.0782
vn 0.8287 0.5543 -0.0782
vn 0.8618 0.4305 -0.2683
vn 0.7026 0.5834 -0.4074
vn 0.7026 0.5835 -0.4074
vn 0.6666 0.7177 -0.2011
vn 0.6665 0.7179 -0.2010
vn 0.6666 0.7178 -0.2011
vn 0.7071 0.7071 -0.0001
vn 0.8286 0.5543 -0.0781
vn 0.9659 -0.0000 -0.2587
vn 0.9659 0.0001 -0.2589
vn 0.8661 0.0001 -0.4999
vn 0.3887 0.0846 -0.9175
vn 0.3886 0.0844 -0.9175
vn 0.2589 -0.0000 -0.9659
vn 0.3885 0.0845 -0.9175
vn 0.2588 0.0001 -0.9659
vn 0.1540 0.1857 -0.9705
vn 0.1539 0.1857 -0.9705
vn 0.2587 -0.0000 -0.9659
vn 0.0001 -0.0000 -1.0000
vn 0.1538 0.1857 -0.9705
vn -0.0000 0.2587 -0.9659
vn 0.1539 0.1858 -0.9705
vn 0.0001 0.2588 -0.9659
vn 0.2202 0.3985 -0.8904
vn 0.2202 0.3985 -0.8903
vn 0.2202 0.3986 -0.8903
vn 0.0001 0.5000 -0.8660
vn 0.2544 0.5949 -0.7625
vn 0.2544 0.5949 -0.7624
vn 0.0001 0.5001 -0.8660
vn 0.2544 0.5950 -0.7624
vn 0.0001 0.7071 -0.7071
vn 0.2544 0.7624 -0.5950
vn 0.2544 0.7625 -0.5949
vn -0.0000 0.7072 -0.7071
vn 0.0001 0.8660 -0.5000
vn 0.2202 0.8903 -0.3986
vn 0.2201 0.8903 -0.3985
vn 0.0001 0.9659 -0.2589
vn 0.2202 0.8903 -0.3985
vn 0.1539 0.9705 -0.1858
vn 0.2203 0.8903 -0.3985
vn 0.1540 0.9705 -0.1858
vn 0.3886 0.9175 -0.0846
vn 0.2545 0.7624 -0.5949
vn 0.2203 0.8903 -0.3986
vn 0.4590 0.8324 -0.3105
vn 0.4590 0.8325 -0.3104
vn 0.2203 0.8903 -0.3984
vn 0.4954 0.6967 -0.5189
vn 0.7026 0.4075 -0.5834
vn 0.7026 0.5834 -0.4075
vn 0.8618 0.4305 -0.2684
vn 0.8618 0.4304 -0.2684
vn 0.8618 0.2684 -0.4304
vn 0.2546 0.5950 -0.7624
vn 0.4954 0.6966 -0.5189
vn 0.4953 0.5190 -0.6966
vn 0.6666 0.2012 -0.7177
vn 0.7026 0.4074 -0.5834
vn 0.8618 0.2683 -0.4305
vn 0.8286 0.0782 -0.5543
vn 0.6666 0.2011 -0.7177
vn 0.2203 0.3986 -0.8903
vn 0.2546 0.5949 -0.7625
vn 0.4953 0.5188 -0.6967
vn 0.4590 0.3105 -0.8324
vn 0.1540 0.1858 -0.9705
vn 0.2203 0.3985 -0.8903
vn 0.4590 0.3104 -0.8325
vn 0.3886 0.0846 -0.9175
vn 0.1540 0.1858 -0.9704
vn 0.5001 -0.0000 -0.8660
vn 0.7072 -0.0000 -0.7071
vn 0.9659 -0.0000 -0.2589
vn 0.2587 -0.0000 -0.9660
vn -0.0000 -0.0000 -1.0000
vn 0.9660 -0.0000 -0.2587
vn -0.0000 1.0000 -0.0002
vn -0.0000 0.9660 -0.2585
vn -0.0000 1.0000 0.0002
vn -0.0000 0.7071 -0.7072
vn -0.0001 0.4999 -0.8661
vn 0.0001 0.2589 -0.9659
vn -0.0000 0.9660 -0.2586
vn -0.0000 0.9659 -0.2590
vn -0.0000 1.0000 -0.0003
vn -0.0000 0.9661 -0.2582
vn -0.0000 1.0000 0.0004
vn 0.0001 0.8660 -0.5001
vn -0.0000 0.9658 -0.2592
vn -0.0000 1.0000 -0.0006
vn -0.2587 -0.0000 -0.9659
vn -0.2589 -0.0000 -0.9659
vn -0.4999 -0.0000 -0.8661
vn -0.5001 -0.0000 -0.8660
vn -0.7070 -0.0000 -0.7072
vn -0.7071 -0.0000 -0.7071
vn -0.7072 -0.0000 -0.7070
vn -0.8660 -0.0000 -0.5001
vn -0.7072 -0.0000 -0.7071
vn -0.8661 -0.0000 -0.4999
vn -0.9659 -0.0000 -0.2589
vn -0.9660 -0.0000 -0.2587
vn -0.9660 0.0001 -0.2587
vn -0.2588 -0.0000 -0.9659
vn -0.9660 0.2587 -0.0000
vn -0.8660 0.5000 -0.0000
vn 0.8660 -0.5000 -0.0000
vn 0.7072 -0.7071 -0.0000
vn -0.0000 -0.2587 -0.9659
vn -0.0001 -0.0001 -1.0000
vn -0.0000 -1.0000 -0.0002
vn -0.0000 -0.9661 -0.2582
vn -0.0000 -1.0000 0.0004
vn -0.0000 -0.9658 -0.2593
vn -0.0000 -1.0000 -0.0006
vn -0.0000 -0.0002 -1.0000
vn 0.0001 -0.9659 -0.2589
vn -0.0000 -0.9660 -0.2586
vn -0.0000 -0.9660 -0.2585
vn -0.0000 -0.9657 -0.2595
vn -0.0000 -1.0000 -0.0009
vn -0.0001 -0.2589 -0.9659
vn -0.0000 -0.8661 -0.4998
vn -0.0000 -0.9659 -0.2590
vn 0.0001 -0.8660 -0.5001
vn -0.0000 -1.0000 -0.0003
vn -0.0000 0.9660 0.2585
vn -0.0000 0.9660 0.2586
vn -0.0000 1.0000 -0.0005
vn -0.0000 0.9661 0.2582
vn -0.0000 0.0002 1.0000
vn -0.0000 0.2587 0.9660
vn -0.0001 0.2589 0.9659
vn -0.0000 0.9658 0.2591
vn -0.0000 1.0000 0.0005
vn -0.0001 0.8661 0.4999
vn 0.0001 0.4999 0.8661
vn 0.2588 -0.0000 0.9659
vn -0.7072 -0.7070 -0.0000
vn -0.9660 -0.2587 -0.0000
vn -0.0000 -0.2587 0.9660
vn -0.0000 -0.9658 0.2593
vn -0.0000 -1.0000 0.0006
vn -0.0000 -0.9659 0.2591
vn -0.0000 -1.0000 0.0005
vn -0.0000 -0.9658 0.2592
vn -0.0000 -0.9660 0.2585
vn -0.0000 -0.0003 1.0000
vn -0.0000 -1.0000 0.0002
vn -0.0000 -0.9660 0.2586
vn -0.0000 -0.9660 0.2584
vn -0.0000 -0.8661 0.4998
vn -0.0000 -0.0002 1.0000
vn -0.0000 1.0000 -0.0012
vt 3.700000 -0.130900
vt 4.000000 -0.130900
vt 3.700000 -0.104720
vt 4.000000 -0.104720
vt 3.700000 -0.078540
vt 4.000000 -0.078540
vt 3.700000 -0.052360
vt 4.000000 -0.052360
vt 3.700000 -0.026180
vt 4.000000 -0.026180
vt 3.700000 0.000000
vt 4.000000 0.000000
vt 3.700000 0.026180
vt 4.000000 0.026180
vt 3.700000 0.052360
vt 4.000000 0.052360
vt 3.700000 0.078540
vt 4.000000 0.078540
vt 3.700000 0.104720
vt 4.000000 0.104720
vt 3.700000 0.130900
vt 4.000000 0.130900
vt 3.700000 0.157080
vt 4.000000 0.157080
vt 3.700000 0.183260
vt 4.000000 0.183260
vt 3.700000 0.209440
vt 4.000000 0.209440
vt 3.700000 0.235619
vt 4.000000 0.235619
vt 3.700000 0.261799
vt 4.000000 0.261799
vt 3.700000 0.287979
vt 4.000000 0.287979
vt 3.700000 0.314159
vt 4.000000 0.314159
vt 3.700000 -0.314159
vt 4.000000 -0.314159
vt 3.700000 -0.287979
vt 4.000000 -0.287979
vt 3.700000 -0.261799
vt 4.000000 -0.261799
vt 3.700000 -0.235619
vt 4.000000 -0.235619
vt 3.700000 -0.209440
vt 4.000000 -0.209440
vt 3.700000 -0.183260
vt 4.000000 -0.183260
vt 3.700000 -0.157080
vt 4.000000 -0.157080
vt 0.300000 0.130900
vt 0.000000 0.130900
vt 0.300000 0.104720
vt 0.000000 0.104720
vt 0.300000 0.078540
vt 0.000000 0.078540
vt 0.300000 0.052360
vt 0.000000 0.052360
vt 0.300000 0.026180
vt 0.000000 0.026180
vt 0.300000 0.000000
vt 0.000000 0.000000
vt 0.300000 -0.026180
vt 0.000000 -0.026180
vt 0.300000 -0.052360
vt 0.000000 -0.052360
vt 0.300000 -0.078540
vt 0.000000 -0.078540
vt 0.300000 -0.104720
vt 0.000000 -0.104720
vt 0.300000 -0.130900
vt 0.000000 -0.130900
vt 0.300000 -0.157080
vt 0.000000 -0.157080
vt 0.300000 -0.183260
vt 0.000000 -0.183260
vt 0.300000 -0.209440
vt 0.000000 -0.209440
vt 0.300000 -0.235619
vt 0.000000 -0.235619
vt 0.300000 -0.261799
vt 0.000000 -0.261799
vt 0.300000 -0.287979
vt 0.000000 -0.287979
vt 0.300000 -0.314159
vt 0.000000 -0.314159
vt 0.300000 0.314159
vt 0.000000 0.314159
vt 0.300000 0.287979
vt -0.000000 0.287979
vt 0.300000 0.261799
vt -0.000000 0.261799
vt 0.300000 0.235619
vt 0.000000 0.235619
vt 0.300000 0.209440
vt -0.000000 0.209440
vt 0.300000 0.183260
vt -0.000000 0.183260
vt 0.300000 0.157080
vt 0.000000 0.157080
vt 0.300000 0.209439
vt -0.000000 0.209439
vt 2.900000 0.500000
vt 0.375882 0.703407
vt -0.000000 0.500000
vt 0.350000 0.700000
vt 0.324118 0.703407
vt 2.900000 2.400000
vt 2.636603 0.850000
vt 2.646593 0.825882
vt 2.650000 0.800000
vt 0.000000 2.400000
vt 2.500000 0.886603
vt 2.524118 0.896593
vt 2.550000 0.900000
vt 0.263397 0.850000
vt 0.279289 0.870711
vt 0.300000 0.886603
vt 0.420711 0.870711
vt 2.479289 0.870711
vt 0.400000 0.886603
vt 2.463397 0.850000
vt 0.436603 0.850000
vt 2.453407 0.825882
vt 0.446593 0.825882
vt 2.450000 0.800000
vt 0.450000 0.800000
vt 2.453407 0.774118
vt 0.446593 0.774118
vt 2.463397 0.750000
vt 0.436603 0.750000
vt 2.479289 0.729289
vt 0.420711 0.729289
vt 2.500000 0.713397
vt 0.400000 0.713397
vt 2.524118 0.703407
vt 0.300000 0.713397
vt 0.279289 0.729289
vt 0.263397 0.750000
vt 0.253407 0.774118
vt 0.250000 0.800000
vt 0.253407 0.825882
vt 0.324118 0.896593
vt 0.350000 0.900000
vt 0.375882 0.896593
vt 2.575882 0.896593
vt 2.600000 0.886603
vt 2.620711 0.870711
vt 2.646593 0.774118
vt 2.636603 0.750000
vt 2.620711 0.729289
vt 2.600000 0.713397
vt 2.575882 0.703407
vt 2.550000 0.700000
vt 0.675882 0.703407
vt 0.200000 0.200000
vt 0.700000 0.713397
vt 2.800000 0.713397
vt 2.779289 0.729289
vt 0.650000 0.700000
vt 0.624118 0.703407
vt 0.600000 0.713397
vt 0.579289 0.729289
vt 0.563397 0.750000
vt 0.553407 0.774118
vt 0.550000 0.800000
vt 0.553407 0.825882
vt 0.200000 2.200000
vt 0.563397 0.850000
vt 0.579289 0.870711
vt 0.600000 0.886603
vt 0.624118 0.896593
vt 0.650000 0.900000
vt 0.675882 0.896593
vt 0.700000 0.886603
vt 3.300000 2.200000
vt 2.800000 0.886603
vt 2.824118 0.896593
vt 0.720711 0.870711
vt 2.779289 0.870711
vt 0.736603 0.850000
vt 2.763398 0.850000
vt 0.746593 0.825882
vt 2.753407 0.825882
vt 0.750000 0.800000
vt 2.750000 0.800000
vt 0.746593 0.774118
vt 2.753407 0.774118
vt 0.736603 0.750000
vt 2.763398 0.750000
vt 0.720711 0.729289
vt 2.850000 0.900000
vt 2.875882 0.896593
vt 2.900000 0.886603
vt 2.920711 0.870711
vt 2.936603 0.850000
vt 2.946593 0.825882
vt 3.300000 0.200000
vt 2.950000 0.800000
vt 2.946593 0.774118
vt 2.936603 0.750000
vt 2.920711 0.729289
vt 2.900000 0.713397
vt 2.875882 0.703407
vt 2.850000 0.700000
vt 2.824118 0.703407
vt 2.900000 2.389497
vt 0.000000 2.389497
vt 3.300000 1.300980
vt 0.200000 1.300980
vt 2.763397 0.750000
vt 2.763397 0.850000
vt -1.700000 -1.450000
vt 1.700000 -1.450000
vt -1.700000 1.450000
vt 1.700000 1.450000
vt 0.063961 2.400000
vt 3.400000 0.500000
vt 3.400000 2.400000
vt 0.042302 2.398824
vt 0.020898 2.395309
vt 0.155775 -0.045494
vt 0.199371 0.000000
vt 0.147011 0.000000
vt 0.155775 0.045494
vt 0.094651 0.050755
vt 0.108743 0.074200
vt 0.060289 0.095560
vt 0.011257 0.113860
vt 0.042291 0.100819
vt 0.042291 0.050667
vt 0.094651 0.000000
vt 0.094651 -0.050755
vt 0.108743 -0.074200
vt 0.060289 -0.095560
vt 0.042291 -0.050667
vt 0.042291 -0.100819
vt -0.010069 -0.100819
vt 0.011257 -0.113860
vt -0.037872 -0.131651
vt -0.062429 -0.100819
vt -0.086663 -0.151229
vt -0.101739 -0.103757
vt -0.062429 -0.050492
vt -0.111434 -0.052921
vt -0.114788 0.000000
vt -0.062429 0.000000
vt -0.062429 0.050492
vt -0.010069 0.000000
vt -0.010069 0.050580
vt 0.042291 0.000000
vt -0.010069 0.100819
vt -0.037872 0.131651
vt -0.062429 0.100819
vt -0.086663 0.151229
vt -0.101739 0.103757
vt -0.111434 0.052921
vt -0.010069 -0.050580
vt -0.036810 0.151401
vt -0.084107 0.174663
vt -0.070736 0.124759
vt -0.104720 0.121323
vt -0.070736 0.074856
vt -0.118317 0.062506
vt -0.070736 0.024952
vt -0.123096 0.000000
vt -0.070736 -0.024952
vt -0.118317 -0.062506
vt -0.070736 -0.074856
vt -0.104720 -0.121323
vt -0.070736 -0.124759
vt -0.084107 -0.174663
vt -0.036810 -0.151401
vt -0.018376 -0.124759
vt 0.010944 -0.130142
vt -0.018376 -0.074856
vt 0.033984 -0.074856
vt -0.018376 -0.024952
vt 0.033984 -0.024952
vt -0.018376 0.024952
vt 0.033984 0.024952
vt -0.018376 0.074856
vt 0.033984 0.074856
vt 0.010944 0.130142
vt 0.058569 0.108311
vt 0.086344 0.074856
vt 0.105409 0.083072
vt 0.086344 0.024952
vt 0.138703 0.024952
vt 0.138703 -0.024952
vt 0.191063 0.000000
vt 0.150376 -0.049923
vt 0.105409 -0.083072
vt 0.086344 -0.024952
vt 0.086344 -0.074856
vt 0.058569 -0.108311
vt 0.150376 0.049923
vt -0.018376 0.124759
vt 0.101739 0.103757
vt 0.086663 0.151229
vt 0.062429 0.100819
vt 0.037872 0.131651
vt 0.010069 0.100819
vt -0.011257 0.113860
vt -0.042291 0.100819
vt -0.060289 0.095560
vt -0.042291 0.050667
vt -0.094651 0.050755
vt -0.094651 -0.000000
vt -0.147011 -0.000000
vt -0.094651 -0.050755
vt -0.155775 -0.045494
vt -0.108743 -0.074200
vt -0.108743 0.074200
vt -0.155775 0.045494
vt -0.199371 -0.000000
vt -0.060289 -0.095560
vt -0.042291 -0.050667
vt -0.042291 0.000000
vt 0.010069 0.050580
vt -0.042291 -0.100819
vt -0.011257 -0.113860
vt 0.010069 -0.100819
vt 0.037872 -0.131651
vt 0.062429 -0.100819
vt 0.086663 -0.151229
vt 0.101739 -0.103757
vt 0.062429 -0.050492
vt 0.111434 -0.052921
vt 0.114788 0.000000
vt 0.062429 0.000000
vt 0.111434 0.052921
vt 0.062429 0.050492
vt 0.010069 0.000000
vt 0.010069 -0.050580
vt -0.680678 0.000000
vt -0.628319 0.000000
vt -0.680678 0.067696
vt -0.628319 0.067696
vt -0.680678 0.135391
vt -0.628319 0.135391
vt -0.680678 0.203087
vt -0.628319 0.203087
vt -0.680678 0.270783
vt -0.628319 0.270783
vt -0.680678 0.338479
vt -0.628319 0.338479
vt -0.680678 0.406174
vt -0.628319 0.406174
vt -0.733038 0.406174
vt -0.733038 0.338479
vt -0.733038 0.270783
vt -0.733038 0.203087
vt -0.733038 0.135391
vt -0.733038 0.067696
vt -0.733038 0.000000
vt -0.785398 0.067696
vt -0.785398 0.000000
vt -0.837758 0.067696
vt -0.837758 0.000000
vt -0.890118 0.067696
vt -0.890118 0.000000
vt -0.942478 0.067696
vt -0.942478 0.000000
vt -0.785398 0.406174
vt -0.785398 0.338479
vt -0.785398 0.270783
vt -0.785398 0.203087
vt -0.785398 0.135391
vt -0.837758 0.406174
vt -0.837758 0.338479
vt -0.837758 0.270783
vt -0.837758 0.203087
vt -0.837758 0.135391
vt -0.890118 0.406174
vt -0.890118 0.338479
vt -0.890118 0.270783
vt -0.890118 0.203087
vt -0.890118 0.135391
vt -0.942478 0.406174
vt -0.942478 0.338479
vt -0.942478 0.270783
vt -0.942478 0.203087
vt -0.942478 0.135391
vt 0.036810 -0.151401
vt 0.084107 -0.174663
vt 0.070736 -0.124759
vt 0.104720 -0.121323
vt 0.070736 -0.074856
vt 0.118317 -0.062506
vt 0.070736 -0.024952
vt 0.123096 0.000000
vt 0.070736 0.024952
vt 0.118317 0.062506
vt 0.070736 0.074856
vt 0.104720 0.121323
vt 0.070736 0.124759
vt 0.084107 0.174663
vt 0.036810 0.151401
vt 0.018376 0.124759
vt -0.010944 0.130142
vt 0.018376 0.074856
vt -0.033984 0.074856
vt 0.018376 0.024952
vt -0.033984 0.024952
vt 0.018376 -0.024952
vt -0.033984 -0.024952
vt 0.018376 -0.074856
vt -0.033984 -0.074856
vt -0.010944 -0.130142
vt -0.058569 -0.108311
vt -0.086344 -0.074856
vt -0.105409 -0.083072
vt -0.086344 -0.024952
vt -0.138703 -0.024952
vt -0.138703 0.024952
vt -0.191063 0.000000
vt -0.150376 0.049923
vt -0.105409 0.083072
vt -0.086344 0.024952
vt -0.086344 0.074856
vt -0.058569 0.108311
vt -0.150376 -0.049923
vt 0.018376 -0.124759
vt -2.800000 0.104720
vt -1.654654 0.104720
vt -2.800000 0.157080
vt -0.509307 0.104720
vt 0.636039 0.157080
vt 0.636039 0.104720
vt 0.636039 0.052360
vt -0.509307 0.052360
vt 0.636039 0.000000
vt -0.509307 -0.000000
vt 0.636039 -0.052360
vt -0.509307 -0.052360
vt 0.636039 -0.104720
vt -0.509307 -0.104720
vt 0.636039 -0.157080
vt -1.654654 -0.104720
vt -2.800000 -0.157080
vt -2.800000 -0.104720
vt -2.800000 -0.052360
vt -1.654654 -0.052360
vt -2.800000 -0.000000
vt -1.654654 -0.000000
vt -2.800000 0.052360
vt -1.654654 0.052360
vt -0.680678 0.473870
vt -0.628319 0.473870
vt -0.680678 0.541566
vt -0.628319 0.541566
vt -0.680678 0.609262
vt -0.628319 0.609262
vt -0.680678 0.676957
vt -0.628319 0.676957
vt -0.680678 0.744653
vt -0.628319 0.744653
vt -0.680678 0.812349
vt -0.628319 0.812349
vt -0.733038 0.812349
vt -0.733038 0.744653
vt -0.733038 0.676957
vt -0.733038 0.609262
vt -0.733038 0.541566
vt -0.733038 0.473870
vt -0.785398 0.473870
vt -0.837758 0.473870
vt -0.890118 0.473870
vt -0.942478 0.473870
vt -0.785398 0.812349
vt -0.785398 0.744653
vt -0.785398 0.676957
vt -0.785398 0.609262
vt -0.785398 0.541566
vt -0.837758 0.812349
vt -0.837758 0.744653
vt -0.837758 0.676957
vt -0.837758 0.609262
vt -0.837758 0.541566
vt -0.890118 0.812349
vt -0.890118 0.744653
vt -0.890118 0.676957
vt -0.890118 0.609262
vt -0.890118 0.541566
vt -0.942478 0.812349
vt -0.942478 0.744653
vt -0.942478 0.676957
vt -0.942478 0.609262
vt -0.942478 0.541566
vt -0.680678 -0.406174
vt -0.628319 -0.406174
vt -0.680678 -0.338479
vt -0.628319 -0.338479
vt -0.680678 -0.270783
vt -0.628319 -0.270783
vt -0.680678 -0.203087
vt -0.628319 -0.203087
vt -0.680678 -0.135391
vt -0.628319 -0.135391
vt -0.680678 -0.067696
vt -0.628319 -0.067696
vt -0.733038 -0.067696
vt -0.733038 -0.135391
vt -0.733038 -0.203087
vt -0.733038 -0.270783
vt -0.733038 -0.338479
vt -0.733038 -0.406174
vt -0.785398 -0.338479
vt -0.785398 -0.406174
vt -0.837758 -0.338479
vt -0.837758 -0.406174
vt -0.890118 -0.338479
vt -0.890118 -0.406174
vt -0.942478 -0.338479
vt -0.942478 -0.406174
vt -0.785398 -0.067696
vt -0.785398 -0.135391
vt -0.785398 -0.203087
vt -0.785398 -0.270783
vt -0.837758 -0.067696
vt -0.837758 -0.135391
vt -0.837758 -0.203087
vt -0.837758 -0.270783
vt -0.890118 -0.067696
vt -0.890118 -0.135391
vt -0.890118 -0.203087
vt -0.890118 -0.270783
vt -0.942478 -0.067696
vt -0.942478 -0.135391
vt -0.942478 -0.203087
vt -0.942478 -0.270783
vt 0.675000 -0.104720
vt -0.358333 -0.104720
vt 0.675000 -0.157080
vt -1.391667 -0.104720
vt -2.425000 -0.157080
vt -2.425000 -0.104720
vt -2.425000 -0.052360
vt -1.391667 -0.052360
vt -2.425000 0.000000
vt -1.391667 0.000000
vt -2.425000 0.052360
vt -1.391667 0.052360
vt -2.425000 0.104720
vt -1.391667 0.104720
vt -2.425000 0.157080
vt -0.358333 0.104720
vt 0.675000 0.157080
vt 0.675000 0.104720
vt 0.675000 0.052360
vt -0.358333 0.052360
vt 0.675000 0.000000
vt -0.358333 0.000000
vt 0.675000 -0.052360
vt -0.358333 -0.052360
vt -0.366519 -0.406174
vt -0.314159 -0.406174
vt -0.366519 -0.338479
vt -0.314159 -0.338479
vt -0.366519 -0.270783
vt -0.314159 -0.270783
vt -0.366519 -0.203087
vt -0.314159 -0.203087
vt -0.366519 -0.135391
vt -0.314159 -0.135391
vt -0.366519 -0.067696
vt -0.314159 -0.067696
vt -0.366519 0.000000
vt -0.314159 0.000000
vt -0.418879 0.000000
vt -0.418879 -0.067696
vt -0.418879 -0.135391
vt -0.418879 -0.203087
vt -0.418879 -0.270783
vt -0.418879 -0.338479
vt -0.418879 -0.406174
vt -0.471239 -0.338479
vt -0.471239 -0.406174
vt -0.523599 -0.338479
vt -0.523599 -0.406174
vt -0.575959 -0.338479
vt -0.575959 -0.406174
vt -0.471239 0.000000
vt -0.471239 -0.067696
vt -0.471239 -0.135391
vt -0.471239 -0.203087
vt -0.471239 -0.270783
vt -0.523599 0.000000
vt -0.523599 -0.067696
vt -0.523599 -0.135391
vt -0.523599 -0.203087
vt -0.523599 -0.270783
vt -0.575959 0.000000
vt -0.575959 -0.067696
vt -0.575959 -0.135391
vt -0.575959 -0.203087
vt -0.575959 -0.270783
vt 2.425000 -0.104720
vt 1.391667 -0.104720
vt 2.425000 -0.157080
vt 0.358333 -0.104720
vt -0.675000 -0.157080
vt -0.675000 -0.104720
vt -0.675000 -0.052360
vt 0.358333 -0.052360
vt -0.675000 -0.000000
vt 0.358333 -0.000000
vt -0.675000 0.052360
vt 0.358333 0.052360
vt -0.675000 0.104720
vt 0.358333 0.104720
vt -0.675000 0.157080
vt 1.391667 0.104720
vt 2.425000 0.157080
vt 2.425000 0.104720
vt 2.425000 0.052360
vt 1.391667 0.052360
vt 2.425000 0.000000
vt 1.391667 -0.000000
vt 2.425000 -0.052360
vt 1.391667 -0.052360
vt -0.200000 0.157080
vt -2.200000 0.157080
vt -1.200000 0.104720
vt -2.200000 0.104720
vt -1.200000 0.052360
vt -2.200000 0.052360
vt -1.200000 0.000000
vt -2.200000 0.000000
vt -1.200000 -0.052360
vt -2.200000 -0.052360
vt -1.200000 -0.104720
vt -2.200000 -0.104720
vt -2.200000 -0.157080
vt -0.200000 -0.157080
vt -0.200000 -0.104720
vt -0.200000 -0.052360
vt -0.200000 0.000000
vt -0.200000 0.052360
vt -0.200000 0.104720
vt -0.050000 -0.104720
vt -0.950000 -0.104720
vt -0.050000 -0.157080
vt -1.850000 -0.104720
vt -3.650000 -0.157080
vt -2.750000 -0.104720
vt -3.650000 -0.104720
vt -3.650000 -0.052360
vt -2.750000 -0.052360
vt -3.650000 0.000000
vt -2.750000 0.000000
vt -3.650000 0.052360
vt -2.750000 0.052360
vt -3.650000 0.104720
vt -2.750000 0.104720
vt -3.650000 0.157080
vt -1.850000 0.104720
vt -0.050000 0.157080
vt -0.950000 0.104720
vt -0.050000 0.104720
vt -0.050000 0.052360
vt -0.950000 0.052360
vt -0.050000 0.000000
vt -0.950000 0.000000
vt -0.050000 -0.052360
vt -0.950000 -0.052360
vt -1.850000 -0.052360
vt -1.850000 0.000000
vt -1.850000 0.052360
vt -1.300980 0.157080
vt -1.300980 0.104720
vt -1.300980 0.052360
vt -1.300980 -0.000000
vt -1.300980 -0.052360
vt -1.300980 -0.104720
vt -1.300980 -0.157080
vt 0.314159 -1.292949
vt 0.261799 -1.292949
vt 0.314159 -1.354893
vt 0.261799 -1.478781
vt 0.314159 -1.416837
vt 0.314159 -1.478781
vt 0.209440 -1.292949
vt 0.209440 -1.478781
vt 0.157080 -1.292949
vt 0.157080 -1.478781
vt 0.104720 -1.292949
vt 0.104720 -1.478781
vt 0.052360 -1.292949
vt 0.052360 -1.478781
vt -0.000000 -1.354893
vt -0.000000 -1.416837
vt -0.000000 -1.292949
vt -0.000000 -1.478781
vt 1.032348 0.157080
vt 0.275524 0.157080
vt 1.032348 0.104720
vt 0.275524 0.104720
vt 1.032348 0.052360
vt 0.275524 0.052360
vt 1.032348 0.000000
vt 0.275524 0.000000
vt 1.032348 -0.052360
vt 0.275524 -0.052360
vt 1.032348 -0.104720
vt 0.275524 -0.104720
vt 1.032348 -0.157080
vt 0.275524 -0.157080
vt 1.950000 -0.104720
vt 1.050000 -0.104720
vt 1.950000 -0.157080
vt 0.150000 -0.104720
vt -1.650000 -0.157080
vt -0.750000 -0.104720
vt -1.650000 -0.104720
vt -1.650000 -0.052360
vt -0.750000 -0.052360
vt -1.650000 -0.000000
vt -0.750000 -0.000000
vt -1.650000 0.052360
vt -0.750000 0.052360
vt -1.650000 0.104720
vt -0.750000 0.104720
vt -1.650000 0.157080
vt 0.150000 0.104720
vt 1.950000 0.157080
vt 1.050000 0.104720
vt 1.950000 0.104720
vt 1.950000 0.052360
vt 1.050000 0.052360
vt 1.950000 -0.000000
vt 1.050000 -0.000000
vt 1.950000 -0.052360
vt 1.050000 -0.052360
vt 0.150000 -0.052360
vt 0.150000 -0.000000
vt 0.150000 0.052360
vt 2.200000 0.157080
vt 0.200000 0.157080
vt 1.200000 0.104720
vt 0.200000 0.104720
vt 1.200000 0.052360
vt 0.200000 0.052360
vt 1.200000 0.000000
vt 0.200000 0.000000
vt 1.200000 -0.052360
vt 0.200000 -0.052360
vt 1.200000 -0.104720
vt 0.200000 -0.104720
vt 0.200000 -0.157080
vt 2.200000 -0.157080
vt 2.200000 -0.104720
vt 2.200000 -0.052360
vt 2.200000 0.000000
vt 2.200000 0.052360
vt 2.200000 0.104720
vt -0.000000 -1.664614
vt 0.052360 -1.664614
vt -0.000000 -1.602669
vt -0.000000 -1.540725
vt 0.104720 -1.664614
vt 0.157080 -1.664614
vt 0.209440 -1.664614
vt 0.261799 -1.664614
vt 0.314159 -1.540725
vt 0.314159 -1.664614
vt 0.314159 -1.602669
vt 0.116708 0.157080
vt -0.640115 0.157080
vt 0.116708 0.104720
vt -0.640115 0.104720
vt 0.116708 0.052360
vt -0.640115 0.052360
vt 0.116708 0.000000
vt -0.640115 0.000000
vt 0.116708 -0.052360
vt -0.640115 -0.052360
vt 0.116708 -0.104720
vt -0.640115 -0.104720
vt 0.116708 -0.157080
vt -0.640115 -0.157080
vt 2.325000 -0.093937
vt 2.425000 -0.091560
vt 2.325000 -0.072236
vt 2.425000 -0.045780
vt 1.650000 -0.045780
vt 1.650000 -0.000000
vt 0.875000 -0.000000
vt 0.875000 0.045780
vt 0.100000 0.045780
vt 0.100000 0.091560
vt -0.675000 0.091560
vt -0.675000 0.137340
vt 0.875000 0.091560
vt 2.425000 0.137340
vt 1.650000 0.091560
vt 2.425000 0.091560
vt 2.425000 0.045780
vt 1.650000 0.045780
vt 2.325000 -0.115639
vt 2.425000 -0.137340
vt 2.325000 -0.137340
vt -0.675000 0.045780
vt 0.100000 -0.000000
vt 0.875000 -0.045780
vt 0.100000 -0.045780
vt -0.575000 -0.072236
vt -0.675000 -0.045780
vt -0.675000 -0.091560
vt -0.575000 -0.093937
vt -0.575000 -0.115639
vt -0.675000 -0.137340
vt -0.575000 -0.137340
vt -2.636039 0.104720
vt -1.490693 0.104720
vt -2.636039 0.157080
vt -0.345346 0.104720
vt 0.800000 0.157080
vt 0.800000 0.104720
vt 0.800000 0.052360
vt -0.345346 0.052360
vt 0.800000 0.000000
vt -0.345346 -0.000000
vt 0.800000 -0.052360
vt -0.345346 -0.052360
vt 0.800000 -0.104720
vt -0.345346 -0.104720
vt 0.800000 -0.157080
vt -1.490693 -0.104720
vt -2.636039 -0.157080
vt -2.636039 -0.104720
vt -2.636039 -0.052360
vt -1.490693 -0.052360
vt -2.636039 -0.000000
vt -1.490693 -0.000000
vt -2.636039 0.052360
vt -1.490693 0.052360
vt -0.920784 0.200000
vt -0.163961 0.200000
vt -0.920784 3.300000
vt -0.163961 3.300000
vt 0.363961 2.200000
vt 0.215535 1.457873
vt 3.800000 2.200000
vt 0.206917 1.405955
vt 0.201731 1.353581
vt 3.800000 0.200000
vt -5.400000 -3.850000
vt -0.500000 1.550000
vt -5.400000 3.850000
vt -0.486370 1.653528
vt -0.446410 1.750000
vt 5.400000 -3.850000
vt -0.100000 -1.950000
vt -0.203528 -1.936370
vt -0.300000 -1.896410
vt 5.400000 3.850000
vt 3.900000 1.550000
vt 3.900000 -1.550000
vt 3.886370 -1.653528
vt -0.100000 1.950000
vt 3.500000 1.950000
vt 3.603528 1.936370
vt 3.846410 -1.750000
vt 3.782843 -1.832843
vt 3.700000 -1.896410
vt 3.603528 -1.936370
vt 3.500000 -1.950000
vt -0.382843 -1.832843
vt -0.446410 -1.750000
vt -0.486370 -1.653528
vt -0.500000 -1.550000
vt -0.382843 1.832843
vt -0.300000 1.896410
vt -0.203528 1.936370
vt 3.700000 1.896410
vt 3.782843 1.832843
vt 3.846410 1.750000
vt 3.886370 1.653528
vt 3.800000 1.300980
vt 3.798269 1.353581
vt 3.793083 1.405955
vt 3.784465 1.457873
vt 3.636039 2.200000
vt -1.550000 -0.098698
vt 1.550000 -0.098698
vt -1.550000 -0.032899
vt 1.550000 -0.032899
vt -1.550000 0.032899
vt 1.550000 0.032899
vt -1.550000 0.098698
vt 1.550000 0.098698
vt -1.636039 1.450000
vt -1.636039 1.550000
vt 1.800000 1.550000
vt 1.800000 -1.550000
vt -1.636039 -1.550000
vt -1.636039 -1.450000
vt 0.052360 0.060662
vt 0.042053 0.087332
vt 0.035368 0.062380
vt 0.018405 0.075701
vt 0.009188 0.062380
vt -0.005472 0.065071
vt 0.009188 0.037428
vt -0.016992 0.037428
vt 0.009188 0.012476
vt -0.016992 0.012476
vt 0.009188 -0.012476
vt -0.016992 -0.012476
vt 0.009188 -0.037428
vt -0.016992 -0.037428
vt -0.005472 -0.065071
vt -0.029284 -0.054155
vt -0.043172 -0.037428
vt -0.052705 -0.041536
vt -0.043172 -0.012476
vt -0.069352 -0.012476
vt -0.069352 0.012476
vt -0.095532 -0.000000
vt -0.075188 0.024961
vt -0.052705 0.041536
vt -0.043172 0.012476
vt -0.043172 0.037428
vt -0.029284 0.054155
vt -0.075188 -0.024961
vt 0.009188 -0.062380
vt 0.018405 -0.075701
vt 0.035368 -0.062380
vt 0.042053 -0.087332
vt 0.052360 -0.060662
vt 0.035368 -0.037428
vt 0.059159 -0.031253
vt 0.035368 -0.012476
vt 0.061548 0.000000
vt 0.035368 0.012476
vt 0.059159 0.031253
vt 0.035368 0.037428
vt -0.018405 0.075701
vt -0.042053 0.087332
vt -0.035368 0.062380
vt -0.052360 0.060662
vt -0.035368 0.037428
vt -0.059159 0.031253
vt -0.035368 0.012476
vt -0.061548 0.000000
vt -0.035368 -0.012476
vt -0.059159 -0.031253
vt -0.035368 -0.037428
vt -0.052360 -0.060662
vt -0.035368 -0.062380
vt -0.042053 -0.087332
vt -0.018405 -0.075701
vt -0.009188 -0.062380
vt 0.005472 -0.065071
vt -0.009188 -0.037428
vt 0.016992 -0.037428
vt -0.009188 -0.012476
vt 0.016992 -0.012476
vt -0.009188 0.012476
vt 0.016992 0.012476
vt -0.009188 0.037428
vt 0.016992 0.037428
vt 0.005472 0.065071
vt 0.029284 0.054155
vt 0.043172 0.037428
vt 0.052705 0.041536
vt 0.043172 0.012476
vt 0.069352 0.012476
vt 0.069352 -0.012476
vt 0.095532 -0.000000
vt 0.075188 -0.024961
vt 0.052705 -0.041536
vt 0.043172 -0.012476
vt 0.043172 -0.037428
vt 0.029284 -0.054155
vt 0.075188 0.024961
vt -0.009188 0.062380
vt -5.825000 0.052360
vt -5.275000 0.052360
vt -5.825000 0.078540
vt -4.725000 0.052360
vt -4.175000 0.052360
vt -4.175000 0.026180
vt -3.625000 0.026180
vt -3.625000 -0.000000
vt -3.075000 -0.000000
vt -3.075000 -0.026180
vt -2.525000 -0.026180
vt -2.525000 -0.052360
vt -1.975000 -0.052360
vt -5.825000 -0.078540
vt 1.875000 -0.078540
vt -5.275000 0.026180
vt -5.825000 0.026180
vt -5.275000 -0.000000
vt -5.825000 -0.000000
vt -5.275000 -0.026180
vt -5.825000 -0.026180
vt -5.275000 -0.052360
vt -5.825000 -0.052360
vt 1.875000 -0.052360
vt 1.325000 -0.052360
vt 0.775000 -0.052360
vt 0.225000 -0.052360
vt 0.225000 -0.026180
vt -0.325000 -0.026180
vt -0.325000 -0.000000
vt -0.875000 -0.000000
vt -0.875000 0.026180
vt -1.425000 0.026180
vt -1.425000 0.052360
vt -1.975000 0.052360
vt 1.875000 0.078540
vt 1.325000 -0.026180
vt 1.875000 -0.026180
vt 1.325000 -0.000000
vt 1.875000 -0.000000
vt 1.325000 0.026180
vt 1.875000 0.026180
vt 1.325000 0.052360
vt 1.875000 0.052360
vt -4.725000 0.026180
vt -4.725000 -0.000000
vt -4.725000 -0.026180
vt -4.725000 -0.052360
vt -3.625000 0.052360
vt -3.075000 0.052360
vt -2.525000 0.052360
vt -2.525000 0.026180
vt -1.975000 0.026180
vt -1.975000 -0.000000
vt -1.425000 -0.000000
vt -1.425000 -0.026180
vt -0.875000 -0.026180
vt -0.875000 -0.052360
vt -0.325000 -0.052360
vt -3.075000 0.026180
vt -0.875000 0.052360
vt -0.325000 0.052360
vt 0.225000 0.052360
vt 0.225000 0.026180
vt 0.775000 0.026180
vt 0.775000 -0.000000
vt -0.325000 0.026180
vt 0.775000 0.052360
vt -4.175000 -0.000000
vt -3.625000 -0.026180
vt -3.075000 -0.052360
vt -2.525000 -0.000000
vt 0.225000 -0.000000
vt -4.175000 -0.026180
vt -4.175000 -0.052360
vt -1.975000 -0.026180
vt 0.775000 -0.026180
vt -3.625000 -0.052360
vt -1.425000 -0.052360
vt -8.150000 0.052360
vt -7.610000 0.052360
vt -8.150000 0.078540
vt -7.070000 0.052360
vt -6.530000 0.052360
vt -6.530000 0.026180
vt -5.990000 0.026180
vt -5.990000 -0.000000
vt -5.450000 -0.000000
vt -5.450000 -0.026180
vt -4.910000 -0.026180
vt -4.910000 -0.052360
vt -4.370000 -0.052360
vt -8.150000 -0.078540
vt -3.830000 -0.052360
vt -3.290000 -0.052360
vt -3.830000 -0.026180
vt -3.290000 -0.026180
vt -3.830000 -0.000000
vt -3.290000 -0.000000
vt -3.830000 0.026180
vt -3.290000 0.026180
vt -3.830000 0.052360
vt -3.290000 0.052360
vt 2.650000 0.078540
vt -2.210000 0.052360
vt -1.670000 0.052360
vt -1.670000 0.026180
vt -1.130000 0.026180
vt -1.130000 -0.000000
vt -0.590000 -0.000000
vt -0.590000 -0.026180
vt -0.050000 -0.026180
vt 0.490000 -0.052360
vt 2.650000 -0.078540
vt 1.030000 -0.052360
vt 1.570000 -0.052360
vt 1.030000 -0.026180
vt 1.570000 -0.026180
vt 1.030000 -0.000000
vt 1.570000 -0.000000
vt 1.030000 0.026180
vt 1.570000 0.026180
vt 1.030000 0.052360
vt 1.570000 0.052360
vt 2.110000 0.052360
vt 2.650000 0.052360
vt 2.650000 0.026180
vt 2.110000 0.026180
vt 2.650000 -0.000000
vt 2.110000 -0.000000
vt 2.650000 -0.026180
vt 2.110000 -0.026180
vt 2.650000 -0.052360
vt 2.110000 -0.052360
vt -7.610000 0.026180
vt -8.150000 0.026180
vt -7.610000 -0.000000
vt -8.150000 -0.000000
vt -7.610000 -0.026180
vt -8.150000 -0.026180
vt -7.610000 -0.052360
vt -8.150000 -0.052360
vt -2.210000 -0.052360
vt -1.670000 -0.052360
vt -2.210000 -0.026180
vt -1.670000 -0.026180
vt -2.210000 -0.000000
vt -1.670000 -0.000000
vt -2.210000 0.026180
vt -7.070000 0.026180
vt -7.070000 -0.000000
vt -7.070000 -0.026180
vt -7.070000 -0.052360
vt -5.990000 0.052360
vt -5.450000 0.052360
vt -4.910000 0.052360
vt -4.910000 0.026180
vt -4.370000 0.026180
vt -4.370000 -0.000000
vt -5.450000 0.026180
vt -4.370000 0.052360
vt -2.750000 0.026180
vt -2.750000 -0.026180
vt -1.130000 0.052360
vt -0.590000 0.052360
vt -0.050000 0.026180
vt 0.490000 0.026180
vt 0.490000 -0.000000
vt -0.590000 0.026180
vt 0.490000 0.052360
vt -6.530000 -0.000000
vt -5.990000 -0.026180
vt -5.450000 -0.052360
vt -4.910000 -0.000000
vt -0.050000 -0.000000
vt -6.530000 -0.026180
vt -6.530000 -0.052360
vt -4.370000 -0.026180
vt -1.130000 -0.026180
vt -1.130000 -0.052360
vt 0.490000 -0.026180
vt -5.990000 -0.052360
vt -0.590000 -0.052360
vt -0.100000 0.078540
vt -0.200000 0.078540
vt -0.100000 0.052360
vt -0.100000 0.026180
vt -0.200000 0.026180
vt -0.100000 0.000000
vt -0.100000 -0.026180
vt -0.200000 -0.026180
vt -0.100000 -0.052360
vt -0.100000 -0.078540
vt -0.200000 -0.078540
vt 0.100000 0.100000
vt 7.800000 0.100000
vt 0.100000 0.200000
vt 7.800000 0.200000
vt 10.900000 0.100000
vt 10.900000 0.200000
vt 3.336039 2.400000
vt 3.400000 2.389497
vt 3.379102 2.395309
vt 3.357698 2.398824
s 0
f 2/1/1 48/2/1 1/3/2
f 1/3/2 48/2/1 25/4/2
f 1/3/3 25/4/3 24/5/4
f 24/5/5 25/4/6 26/6/5
f 24/5/5 26/6/5 23/7/7
f 23/7/8 26/6/9 27/8/8
f 23/7/8 27/8/8 22/9/10
f 22/9/11 27/8/12 28/10/11
f 22/9/11 28/10/11 21/11/13
f 21/11/13 28/10/14 29/12/13
f 21/11/15 29/12/15 20/13/16
f 20/13/17 29/12/15 30/14/17
f 20/13/17 30/14/17 19/15/18
f 19/15/19 30/14/20 31/16/19
f 19/15/21 31/16/21 18/17/22
f 18/17/23 31/16/21 32/18/23
f 18/17/24 32/18/24 17/19/25
f 17/19/26 32/18/27 33/20/26
f 17/19/28 33/20/28 16/21/29
f 16/21/29 33/20/28 34/22/29
f 16/21/30 34/22/30 15/23/31
f 15/23/31 34/22/30 35/24/31
f 15/23/32 35/24/32 14/25/33
f 14/25/33 35/24/32 36/26/33
f 14/25/34 36/26/34 13/27/35
f 13/27/35 36/26/34 37/28/35
f 13/27/36 37/28/36 12/29/37
f 12/29/38 37/28/39 38/30/38
f 12/29/40 38/30/40 11/31/41
f 11/31/41 38/30/42 39/32/41
f 11/31/43 39/32/43 10/33/44
f 10/33/45 39/32/46 40/34/45
f 10/33/47 40/34/47 9/35/48
f 9/35/48 40/34/47 41/36/48
f 9/37/49 41/38/49 8/39/50
f 8/39/50 41/38/49 42/40/50
f 8/39/51 42/40/51 7/41/52
f 7/41/53 42/40/54 43/42/53
f 7/41/55 43/42/55 6/43/56
f 6/43/57 43/42/52 44/44/57
f 6/43/58 44/44/58 5/45/59
f 5/45/60 44/44/56 45/46/60
f 5/45/61 45/46/61 4/47/62
f 4/47/62 45/46/61 46/48/62
f 4/47/63 46/48/63 3/49/64
f 3/49/64 46/48/65 47/50/64
f 3/49/66 47/50/66 2/1/67
f 2/1/68 47/50/66 48/2/68
f 50/51/29 96/52/29 49/53/28
f 49/53/28 96/52/29 73/54/28
f 49/53/26 73/54/26 72/55/27
f 72/55/24 73/54/25 74/56/24
f 72/55/23 74/56/23 71/57/21
f 71/57/21 74/56/22 75/58/21
f 71/57/19 75/58/19 70/59/20
f 70/59/17 75/58/18 76/60/17
f 70/59/17 76/60/17 69/61/15
f 69/61/15 76/60/16 77/62/15
f 69/61/13 77/62/13 68/63/14
f 68/63/11 77/62/13 78/64/11
f 68/63/11 78/64/11 67/65/12
f 67/65/8 78/64/10 79/66/8
f 67/65/8 79/66/8 66/67/9
f 66/67/5 79/66/7 80/68/5
f 66/67/5 80/68/5 65/69/6
f 65/69/3 80/68/4 81/70/3
f 65/69/2 81/70/2 64/71/1
f 64/71/1 81/70/2 82/72/1
f 64/71/68 82/72/68 63/73/66
f 63/73/66 82/72/67 83/74/66
f 63/73/64 83/74/64 62/75/65
f 62/75/63 83/74/64 84/76/63
f 62/75/62 84/76/62 61/77/61
f 61/77/61 84/76/62 85/78/61
f 61/77/60 85/78/60 60/79/56
f 60/79/58 85/78/59 86/80/58
f 60/79/57 86/80/57 59/81/52
f 59/81/55 86/80/56 87/82/55
f 59/81/53 87/82/53 58/83/54
f 58/83/51 87/82/52 88/84/51
f 58/83/50 88/84/50 57/85/49
f 57/85/49 88/84/54 89/86/49
f 57/87/48 89/88/48 56/89/44
f 56/89/47 89/88/48 90/90/47
f 56/89/45 90/90/45 55/91/46
f 55/91/43 90/90/44 91/92/43
f 55/91/41 91/92/41 54/93/42
f 54/93/40 91/92/41 92/94/40
f 54/93/38 92/94/38 53/95/39
f 53/95/36 92/94/37 93/96/36
f 53/95/35 93/96/35 52/97/34
f 52/97/34 93/96/35 94/98/34
f 52/97/33 94/98/33 51/99/32
f 51/99/32 94/98/33 95/100/32
f 51/99/31 95/100/31 50/51/30
f 50/51/30 95/100/31 96/52/30
f 98/25/34 144/26/34 97/27/35
f 97/27/35 144/26/34 121/28/35
f 97/27/39 121/28/39 120/29/38
f 120/29/37 121/28/36 122/30/37
f 120/29/40 122/30/40 119/31/41
f 119/31/41 122/30/42 123/32/41
f 119/31/46 123/32/46 118/33/45
f 118/33/44 123/32/43 124/34/44
f 118/33/44 124/34/44 117/35/48
f 117/35/69 124/34/70 125/36/69
f 117/37/69 125/38/69 116/39/71
f 116/39/54 125/38/49 126/40/54
f 116/39/54 126/40/54 115/41/53
f 115/41/52 126/40/51 127/42/52
f 115/41/55 127/42/55 114/43/56
f 114/43/57 127/42/52 128/44/57
f 114/43/56 128/44/56 113/45/60
f 113/45/59 128/44/58 129/46/59
f 113/45/61 129/46/61 112/47/62
f 112/47/62 129/46/61 130/48/62
f 112/47/65 130/48/65 111/49/64
f 111/49/64 130/48/63 131/50/64
f 111/49/66 131/50/66 110/1/68
f 110/1/67 131/50/66 132/2/67
f 110/1/1 132/2/1 109/3/2
f 109/3/2 132/2/1 133/4/2
f 109/3/6 133/4/6 108/5/5
f 108/5/4 133/4/3 134/6/4
f 108/5/9 134/6/9 107/7/8
f 107/7/7 134/6/5 135/8/7
f 107/7/12 135/8/12 106/9/11
f 106/9/10 135/8/8 136/10/10
f 106/9/11 136/10/11 105/11/13
f 105/11/13 136/10/72 137/12/13
f 105/11/15 137/12/15 104/13/73
f 104/13/17 137/12/15 138/14/17
f 104/13/20 138/14/20 103/15/19
f 103/15/18 138/14/17 139/16/18
f 103/15/21 139/16/21 102/17/23
f 102/17/22 139/16/21 140/18/22
f 102/17/27 140/18/27 101/19/26
f 101/19/25 140/18/24 141/20/25
f 101/19/28 141/20/28 100/21/29
f 100/21/29 141/20/28 142/22/29
f 100/21/30 142/22/30 99/23/31
f 99/23/31 142/22/30 143/24/31
f 99/23/32 143/24/32 98/25/33
f 98/25/33 143/24/32 144/26/33
f 146/75/62 192/76/62 145/77/61
f 145/77/61 192/76/62 169/78/61
f 145/77/59 169/78/59 168/79/58
f 168/79/56 169/78/60 170/80/56
f 168/79/57 170/80/57 167/81/52
f 167/81/55 170/80/56 171/82/55
f 167/81/52 171/82/52 166/83/51
f 166/83/54 171/82/53 172/84/54
f 166/83/54 172/84/54 165/85/49
f 165/85/69 172/84/71 173/86/69
f 165/87/69 173/88/69 164/89/70
f 164/89/44 173/88/48 174/90/44
f 164/89/44 174/90/44 163/91/43
f 163/91/46 174/90/45 175/92/46
f 163/91/41 175/92/41 162/93/42
f 162/93/40 175/92/41 176/94/40
f 162/93/37 176/94/37 161/101/36
f 161/101/39 176/94/38 177/102/39
f 161/101/35 177/102/35 160/97/34
f 160/97/34 177/102/35 178/98/34
f 160/97/33 178/98/33 159/99/32
f 159/99/32 178/98/33 179/100/32
f 159/99/31 179/100/31 158/51/30
f 158/51/30 179/100/31 180/52/30
f 158/51/29 180/52/29 157/53/28
f 157/53/28 180/52/29 181/54/28
f 157/53/26 181/54/26 156/55/27
f 156/55/24 181/54/25 182/56/24
f 156/55/23 182/56/23 155/57/21
f 155/57/21 182/56/22 183/58/21
f 155/57/18 183/58/18 154/59/20
f 154/59/20 183/58/18 184/60/20
f 154/59/17 184/60/17 153/61/15
f 153/61/15 184/60/73 185/62/15
f 153/61/13 185/62/13 152/63/72
f 152/63/11 185/62/13 186/64/11
f 152/63/10 186/64/10 151/65/12
f 151/65/12 186/64/10 187/66/12
f 151/65/8 187/66/8 150/67/9
f 150/67/5 187/66/7 188/68/5
f 150/67/5 188/68/5 149/69/6
f 149/69/3 188/68/4 189/70/3
f 149/69/2 189/70/2 148/71/1
f 148/71/1 189/70/2 190/72/1
f 148/71/67 190/72/67 147/73/66
f 147/73/66 190/72/68 191/74/66
f 147/73/64 191/74/64 146/75/63
f 146/75/65 191/74/64 192/76/65
f 194/103/74 160/104/74 193/105/74
f 193/105/74 160/104/74 159/106/74
f 193/105/74 159/106/74 158/107/74
f 195/108/74 59/109/74 194/103/74
f 194/103/74 59/109/74 58/110/74
f 194/103/74 58/110/74 57/111/74
f 196/112/74 65/113/74 195/108/74
f 195/108/74 65/113/74 64/114/74
f 195/108/74 64/114/74 63/115/74
f 193/105/74 151/116/74 196/112/74
f 196/112/74 151/116/74 150/117/74
f 196/112/74 150/117/74 149/118/74
f 168/119/74 66/120/74 145/121/74
f 145/121/74 66/120/74 65/113/74
f 145/121/74 65/113/74 196/112/74
f 66/120/74 168/119/74 67/122/74
f 67/122/74 168/119/74 167/123/74
f 67/122/74 167/123/74 68/124/74
f 68/124/74 167/123/74 166/125/74
f 68/124/74 166/125/74 69/126/74
f 69/126/74 166/125/74 165/127/74
f 69/126/74 165/127/74 70/128/74
f 70/128/74 165/127/74 164/129/74
f 70/128/74 164/129/74 71/130/74
f 71/130/74 164/129/74 163/131/74
f 71/130/74 163/131/74 72/132/74
f 72/132/74 163/131/74 162/133/74
f 72/132/74 162/133/74 49/134/74
f 49/134/74 162/133/74 161/135/74
f 49/134/74 161/135/74 50/136/74
f 50/136/74 161/135/74 160/104/74
f 50/136/74 160/104/74 194/103/74
f 158/107/74 157/137/74 193/105/74
f 193/105/74 157/137/74 156/138/74
f 193/105/74 156/138/74 155/139/74
f 155/139/74 154/140/74 193/105/74
f 193/105/74 154/140/74 153/141/74
f 193/105/74 153/141/74 152/142/74
f 152/142/74 151/116/74 193/105/74
f 149/118/74 148/143/74 196/112/74
f 196/112/74 148/143/74 147/144/74
f 196/112/74 147/144/74 146/145/74
f 146/145/74 145/121/74 196/112/74
f 63/115/74 62/146/74 195/108/74
f 195/108/74 62/146/74 61/147/74
f 195/108/74 61/147/74 60/148/74
f 60/148/74 59/109/74 195/108/74
f 57/111/74 56/149/74 194/103/74
f 194/103/74 56/149/74 55/150/74
f 194/103/74 55/150/74 54/151/74
f 54/151/74 53/152/74 194/103/74
f 194/103/74 53/152/74 52/153/74
f 194/103/74 52/153/74 51/154/74
f 51/154/74 50/136/74 194/103/74
f 96/155/75 197/156/75 73/157/75
f 73/157/75 197/156/75 177/158/75
f 73/157/75 177/158/75 176/159/75
f 96/155/75 95/160/75 197/156/75
f 197/156/75 95/160/75 94/161/75
f 197/156/75 94/161/75 93/162/75
f 93/162/75 92/163/75 197/156/75
f 197/156/75 92/163/75 91/164/75
f 197/156/75 91/164/75 90/165/75
f 90/165/75 89/166/75 197/156/75
f 197/156/75 89/166/75 88/167/75
f 197/156/75 88/167/75 200/168/75
f 200/168/75 88/167/75 87/169/75
f 200/168/75 87/169/75 86/170/75
f 86/170/75 85/171/75 200/168/75
f 200/168/75 85/171/75 84/172/75
f 200/168/75 84/172/75 83/173/75
f 83/173/75 82/174/75 200/168/75
f 200/168/75 82/174/75 81/175/75
f 200/168/75 81/175/75 199/176/75
f 199/176/75 81/175/75 169/177/75
f 199/176/75 169/177/75 192/178/75
f 81/175/75 80/179/75 169/177/75
f 169/177/75 80/179/75 170/180/75
f 170/180/75 80/179/75 79/181/75
f 170/180/75 79/181/75 171/182/75
f 171/182/75 79/181/75 78/183/75
f 171/182/75 78/183/75 172/184/75
f 172/184/75 78/183/75 77/185/75
f 172/184/75 77/185/75 173/186/75
f 173/186/75 77/185/75 76/187/75
f 173/186/75 76/187/75 174/188/75
f 174/188/75 76/187/75 75/189/75
f 174/188/75 75/189/75 175/190/75
f 175/190/75 75/189/75 74/191/75
f 175/190/75 74/191/75 176/159/75
f 176/159/75 74/191/75 73/157/75
f 192/178/75 191/192/75 199/176/75
f 199/176/75 191/192/75 190/193/75
f 199/176/75 190/193/75 189/194/75
f 189/194/75 188/195/75 199/176/75
f 199/176/75 188/195/75 187/196/75
f 199/176/75 187/196/75 186/197/75
f 199/176/75 186/197/75 198/198/75
f 198/198/75 186/197/75 185/199/75
f 198/198/75 185/199/75 184/200/75
f 184/200/75 183/201/75 198/198/75
f 198/198/75 183/201/75 182/202/75
f 198/198/75 182/202/75 181/203/75
f 181/203/75 180/204/75 198/198/75
f 198/198/75 180/204/75 179/205/75
f 198/198/75 179/205/75 178/206/75
f 178/206/75 177/158/75 198/198/75
f 198/198/75 177/158/75 197/156/75
f 202/103/75 98/136/75 201/105/75
f 201/105/75 98/136/75 16/104/75
f 201/105/75 16/104/75 15/106/75
f 203/207/75 107/109/75 202/103/75
f 202/103/75 107/109/75 106/110/75
f 202/103/75 106/110/75 105/111/75
f 204/208/75 1/121/75 203/207/75
f 203/207/75 1/121/75 113/113/75
f 203/207/75 113/113/75 112/114/75
f 201/105/75 7/116/75 204/208/75
f 204/208/75 7/116/75 6/117/75
f 204/208/75 6/117/75 5/118/75
f 98/136/75 97/134/75 17/135/75
f 17/135/75 97/134/75 120/132/75
f 17/135/75 120/132/75 18/133/75
f 18/133/75 120/132/75 19/131/75
f 19/131/75 120/132/75 119/130/75
f 19/131/75 119/130/75 20/129/75
f 20/129/75 119/130/75 118/128/75
f 20/129/75 118/128/75 21/127/75
f 21/127/75 118/128/75 117/126/75
f 21/127/75 117/126/75 22/125/75
f 22/125/75 117/126/75 116/124/75
f 22/125/75 116/124/75 23/123/75
f 23/123/75 116/124/75 115/122/75
f 23/123/75 115/122/75 24/119/75
f 24/119/75 115/122/75 114/120/75
f 24/119/75 114/120/75 1/121/75
f 1/121/75 114/120/75 113/113/75
f 112/114/75 111/115/75 203/207/75
f 203/207/75 111/115/75 110/146/75
f 203/207/75 110/146/75 109/147/75
f 109/147/75 108/148/75 203/207/75
f 203/207/75 108/148/75 107/109/75
f 105/111/75 104/149/75 202/103/75
f 202/103/75 104/149/75 103/150/75
f 202/103/75 103/150/75 102/151/75
f 102/151/75 101/152/75 202/103/75
f 202/103/75 101/152/75 100/153/75
f 202/103/75 100/153/75 99/154/75
f 99/154/75 98/136/75 202/103/75
f 16/104/75 98/136/75 17/135/75
f 15/106/75 14/107/75 201/105/75
f 201/105/75 14/107/75 13/137/75
f 201/105/75 13/137/75 12/138/75
f 12/138/75 11/139/75 201/105/75
f 201/105/75 11/139/75 10/140/75
f 201/105/75 10/140/75 9/141/75
f 9/141/75 8/142/75 201/105/75
f 201/105/75 8/142/75 7/116/75
f 5/118/75 4/143/75 204/208/75
f 204/208/75 4/143/75 3/144/75
f 204/208/75 3/144/75 2/145/75
f 2/145/75 1/121/75 204/208/75
f 48/178/74 130/174/74 25/177/74
f 25/177/74 130/174/74 129/175/74
f 25/177/74 129/175/74 128/179/74
f 47/192/74 206/209/74 48/178/74
f 48/178/74 206/209/74 207/210/74
f 48/178/74 207/210/74 130/174/74
f 130/174/74 207/210/74 131/173/74
f 131/173/74 207/210/74 132/172/74
f 132/172/74 207/210/74 133/171/74
f 133/171/74 207/210/74 134/170/74
f 134/170/74 207/210/74 135/169/74
f 135/169/74 207/210/74 136/167/74
f 136/167/74 207/210/74 137/166/74
f 137/166/74 207/210/74 208/156/74
f 137/166/74 208/156/74 138/165/74
f 138/165/74 208/156/74 139/164/74
f 139/164/74 208/156/74 140/163/74
f 140/163/74 208/156/74 141/162/74
f 141/162/74 208/156/74 142/161/74
f 142/161/74 208/156/74 143/160/74
f 143/160/74 208/156/74 144/155/74
f 144/155/74 208/156/74 34/206/74
f 144/155/74 34/206/74 33/158/74
f 47/192/74 46/193/74 206/209/74
f 206/209/74 46/193/74 45/194/74
f 206/209/74 45/194/74 44/195/74
f 44/195/74 43/196/74 206/209/74
f 206/209/74 43/196/74 42/197/74
f 206/209/74 42/197/74 41/199/74
f 206/209/74 41/199/74 205/198/74
f 205/198/74 41/199/74 40/200/74
f 205/198/74 40/200/74 39/201/74
f 39/201/74 38/202/74 205/198/74
f 205/198/74 38/202/74 37/203/74
f 205/198/74 37/203/74 36/204/74
f 36/204/74 35/205/74 205/198/74
f 205/198/74 35/205/74 34/206/74
f 205/198/74 34/206/74 208/156/74
f 32/159/74 122/191/74 33/158/74
f 33/158/74 122/191/74 121/157/74
f 33/158/74 121/157/74 144/155/74
f 122/191/74 32/159/74 123/189/74
f 123/189/74 32/159/74 31/211/74
f 123/189/74 31/211/74 124/187/74
f 124/187/74 31/211/74 30/188/74
f 124/187/74 30/188/74 125/185/74
f 125/185/74 30/188/74 29/186/74
f 125/185/74 29/186/74 126/183/74
f 126/183/74 29/186/74 28/184/74
f 126/183/74 28/184/74 127/181/74
f 127/181/74 28/184/74 27/212/74
f 127/181/74 27/212/74 128/179/74
f 128/179/74 27/212/74 26/180/74
f 128/179/74 26/180/74 25/177/74
f 201/213/76 194/214/76 202/215/76
f 202/215/76 194/214/76 193/216/76
f 203/208/77 202/105/77 209/217/77
f 209/217/77 202/105/77 193/218/77
f 209/217/77 193/218/77 196/219/77
f 210/220/13 211/221/13 209/217/13
f 209/217/77 211/221/77 203/208/77
f 229/222/47 212/223/48 235/224/78
f 235/224/79 212/223/80 213/225/81
f 235/224/82 213/225/83 230/226/84
f 230/226/84 213/225/85 214/227/86
f 230/226/87 214/227/88 215/228/89
f 216/229/90 239/230/91 215/228/92
f 215/228/93 239/230/94 236/231/95
f 215/228/96 236/231/97 230/226/87
f 230/226/98 236/231/99 234/232/100
f 230/226/101 234/232/102 235/224/103
f 235/224/104 234/232/105 245/233/106
f 235/224/104 245/233/107 229/222/108
f 229/222/45 245/233/109 228/234/110
f 228/234/41 245/233/111 227/235/42
f 227/235/112 245/233/113 244/236/114
f 227/235/112 244/236/115 248/237/116
f 248/237/116 244/236/117 247/238/118
f 248/237/116 247/238/118 226/239/119
f 226/239/35 247/238/120 225/240/34
f 225/240/121 247/238/122 246/241/123
f 225/240/124 246/241/125 224/242/32
f 224/242/126 246/241/125 223/243/127
f 223/243/128 246/241/129 242/244/130
f 223/243/131 242/244/130 222/245/132
f 222/245/133 242/244/134 221/246/135
f 221/246/136 242/244/134 231/247/137
f 221/246/138 231/247/139 238/248/140
f 238/248/141 231/247/142 232/249/143
f 238/248/141 232/249/144 237/250/145
f 237/250/146 232/249/147 233/251/148
f 237/250/146 233/251/148 236/231/149
f 236/231/99 233/251/150 234/232/100
f 239/230/94 216/229/90 240/252/151
f 240/252/152 216/229/153 217/253/154
f 240/252/155 217/253/156 241/254/157
f 241/254/158 217/253/159 218/255/160
f 241/254/158 218/255/161 219/256/162
f 241/254/163 219/256/164 238/248/165
f 238/248/166 219/256/164 220/257/167
f 238/248/140 220/257/168 221/246/138
f 226/239/39 227/235/37 248/237/116
f 232/249/169 231/247/170 242/244/171
f 233/251/172 232/249/173 243/258/174
f 243/258/175 232/249/169 242/244/171
f 243/258/176 242/244/177 246/241/178
f 234/232/179 233/251/180 244/236/181
f 244/236/182 233/251/183 243/258/174
f 244/236/117 243/258/184 247/238/185
f 247/238/186 243/258/176 246/241/178
f 244/236/181 245/233/113 234/232/179
f 241/254/187 238/248/188 237/250/189
f 239/230/94 240/252/151 236/231/190
f 236/231/190 240/252/191 237/250/192
f 240/252/193 241/254/194 237/250/195
f 265/259/33 249/260/32 266/261/196
f 266/261/196 249/260/197 250/262/198
f 266/261/199 250/262/200 268/263/201
f 268/263/202 250/262/200 251/264/203
f 268/263/204 251/264/205 272/265/206
f 272/265/207 251/264/208 252/266/209
f 272/265/210 252/266/211 277/267/212
f 277/267/212 252/266/213 253/268/214
f 277/267/215 253/268/216 282/269/217
f 282/269/218 253/268/219 254/270/220
f 282/269/221 254/270/222 286/271/223
f 286/271/224 254/270/225 199/272/226
f 286/271/224 199/272/227 255/273/228
f 286/271/229 255/273/230 287/274/231
f 287/274/232 255/273/233 256/275/234
f 287/274/235 256/275/236 283/276/237
f 283/276/238 256/275/236 284/277/239
f 283/276/240 284/277/241 278/278/242
f 278/278/243 284/277/241 279/279/244
f 278/278/245 279/279/246 273/280/247
f 273/280/247 279/279/246 274/281/248
f 273/280/249 274/281/250 269/282/251
f 269/282/251 274/281/250 270/283/252
f 269/282/253 270/283/254 264/284/255
f 264/284/36 270/283/256 263/285/38
f 263/285/257 270/283/258 271/286/259
f 263/285/42 271/286/260 262/287/41
f 262/287/261 271/286/262 275/288/263
f 262/287/264 275/288/265 276/289/266
f 276/289/267 275/288/268 281/290/269
f 276/289/270 281/290/271 260/291/272
f 260/291/273 281/290/271 259/292/274
f 259/292/275 281/290/276 258/293/277
f 258/293/277 281/290/276 280/294/278
f 258/293/279 280/294/280 285/295/281
f 285/295/282 280/294/283 279/279/284
f 285/295/285 279/279/286 284/277/287
f 256/275/288 257/296/289 284/277/290
f 284/277/291 257/296/292 285/295/293
f 257/296/292 258/293/294 285/295/293
f 260/291/48 261/297/70 276/289/270
f 276/289/295 261/297/45 262/287/296
f 269/282/297 264/284/255 267/298/298
f 267/298/299 264/284/35 265/259/34
f 267/298/300 265/259/301 266/261/302
f 269/282/303 267/298/300 266/261/304
f 273/280/305 269/282/306 268/263/307
f 268/263/308 269/282/303 266/261/309
f 275/288/310 271/286/262 270/283/311
f 275/288/310 270/283/258 274/281/312
f 278/278/313 273/280/314 272/265/315
f 272/265/316 273/280/317 268/263/307
f 279/279/318 280/294/319 274/281/320
f 274/281/321 280/294/319 275/288/322
f 280/294/323 281/290/269 275/288/324
f 283/276/325 278/278/326 277/267/327
f 277/267/328 278/278/329 272/265/330
f 287/274/231 283/276/331 282/269/332
f 282/269/333 283/276/325 277/267/334
f 286/271/335 287/274/231 282/269/332
f 305/299/162 288/300/161 310/301/336
f 310/301/336 288/300/337 289/302/338
f 310/301/339 289/302/340 309/303/341
f 309/303/342 289/302/343 290/304/344
f 309/303/345 290/304/346 308/305/347
f 308/305/348 290/304/349 291/306/350
f 308/305/351 291/306/352 312/307/353
f 312/307/354 291/306/355 311/308/356
f 312/307/357 311/308/358 316/309/359
f 316/309/360 311/308/361 315/310/362
f 316/309/363 315/310/364 306/311/365
f 306/311/366 315/310/364 295/312/367
f 306/311/368 295/312/20 296/313/18
f 291/306/369 292/314/370 311/308/371
f 311/308/372 292/314/373 293/315/374
f 311/308/361 293/315/375 315/310/362
f 315/310/376 293/315/377 294/316/378
f 315/310/379 294/316/15 295/312/16
f 296/313/21 297/317/23 306/311/380
f 306/311/381 297/317/382 319/318/383
f 306/311/381 319/318/384 316/309/385
f 316/309/385 319/318/386 317/319/387
f 316/309/388 317/319/389 312/307/390
f 312/307/390 317/319/391 313/320/392
f 312/307/393 313/320/394 309/303/395
f 309/303/396 313/320/397 310/301/398
f 319/318/386 297/317/382 322/321/399
f 322/321/400 297/317/382 298/322/25
f 322/321/401 298/322/402 323/323/403
f 323/323/404 298/322/28 299/324/29
f 323/323/404 299/324/405 324/325/406
f 324/325/407 299/324/30 300/326/31
f 324/325/407 300/326/126 301/327/408
f 324/325/409 301/327/410 321/328/411
f 321/328/411 301/327/412 302/329/413
f 321/328/414 302/329/415 303/330/416
f 321/328/414 303/330/416 307/331/417
f 307/331/418 303/330/419 304/332/420
f 307/331/421 304/332/422 314/333/423
f 314/333/424 304/332/425 305/299/426
f 314/333/427 305/299/426 310/301/428
f 312/307/393 309/303/345 308/305/429
f 314/333/430 310/301/431 313/320/397
f 314/333/432 313/320/433 318/334/434
f 318/334/435 313/320/392 317/319/436
f 318/334/437 317/319/438 320/335/439
f 320/335/440 317/319/438 319/318/441
f 320/335/442 319/318/443 323/323/444
f 323/323/444 319/318/445 322/321/446
f 321/328/447 307/331/448 318/334/449
f 318/334/450 307/331/451 314/333/452
f 321/328/453 318/334/454 320/335/455
f 324/325/456 321/328/457 320/335/458
f 324/325/456 320/335/458 323/323/459
f 347/336/460 208/337/461 348/338/462
f 348/338/463 208/337/461 325/339/464
f 348/338/465 325/339/466 353/340/467
f 353/340/467 325/339/468 326/341/469
f 353/340/470 326/341/471 358/342/472
f 358/342/473 326/341/474 327/343/475
f 358/342/476 327/343/477 363/344/478
f 363/344/479 327/343/480 328/345/481
f 363/344/482 328/345/483 368/346/484
f 368/346/485 328/345/486 329/347/487
f 368/346/488 329/347/489 331/348/490
f 331/348/490 329/347/491 330/349/80
f 331/348/44 332/350/43 368/346/488
f 368/346/492 332/350/110 369/351/493
f 368/346/492 369/351/494 363/344/495
f 363/344/495 369/351/494 364/352/496
f 363/344/497 364/352/498 358/342/499
f 358/342/500 364/352/501 359/353/502
f 358/342/503 359/353/504 353/340/505
f 353/340/505 359/353/506 354/354/507
f 353/340/508 354/354/509 348/338/465
f 348/338/510 354/354/511 349/355/512
f 348/338/513 349/355/514 347/336/515
f 347/336/515 349/355/514 346/356/516
f 346/356/517 349/355/518 350/357/519
f 346/356/520 350/357/519 345/358/521
f 345/358/522 350/357/523 351/359/524
f 345/358/525 351/359/524 344/360/526
f 344/360/527 351/359/528 352/361/529
f 344/360/527 352/361/529 343/362/530
f 343/362/531 352/361/532 341/363/126
f 343/362/531 341/363/126 342/364/126
f 332/350/46 333/365/40 369/351/493
f 369/351/493 333/365/42 370/366/533
f 369/351/534 370/366/535 364/352/536
f 364/352/536 370/366/537 365/367/538
f 364/352/539 365/367/540 359/353/502
f 359/353/541 365/367/540 360/368/542
f 359/353/543 360/368/544 354/354/545
f 354/354/546 360/368/544 355/369/547
f 354/354/545 355/369/548 349/355/549
f 349/355/549 355/369/550 350/357/551
f 333/365/552 334/370/119 370/366/553
f 370/366/554 334/370/36 371/371/555
f 370/366/556 371/371/557 365/367/558
f 365/367/558 371/371/555 366/372/559
f 365/367/560 366/372/561 360/368/562
f 360/368/562 366/372/561 361/373/563
f 360/368/564 361/373/563 355/369/565
f 355/369/566 361/373/563 356/374/567
f 355/369/550 356/374/568 350/357/569
f 350/357/551 356/374/568 351/359/570
f 334/370/35 335/375/34 371/371/571
f 371/371/571 335/375/34 372/376/572
f 371/371/571 372/376/572 366/372/573
f 366/372/573 372/376/572 367/377/574
f 366/372/575 367/377/576 361/373/577
f 361/373/577 367/377/576 362/378/578
f 361/373/577 362/378/579 356/374/580
f 356/374/580 362/378/579 357/379/581
f 356/374/582 357/379/583 351/359/528
f 351/359/528 357/379/583 352/361/529
f 335/375/33 336/380/32 372/376/584
f 372/376/585 336/380/32 337/381/32
f 372/376/585 337/381/32 367/377/586
f 367/377/586 337/381/32 338/382/32
f 367/377/586 338/382/587 362/378/588
f 362/378/588 338/382/587 339/383/587
f 362/378/589 339/383/587 357/379/590
f 357/379/590 339/383/587 340/384/587
f 357/379/590 340/384/126 352/361/532
f 352/361/532 340/384/126 341/363/126
f 389/385/591 200/386/592 390/387/593
f 390/387/593 200/386/594 373/388/595
f 390/387/596 373/388/222 392/389/597
f 392/389/598 373/388/220 374/390/599
f 392/389/600 374/390/601 396/391/602
f 396/391/603 374/390/214 375/392/604
f 396/391/603 375/392/605 401/393/606
f 401/393/607 375/392/608 376/394/609
f 401/393/610 376/394/611 406/395/612
f 406/395/613 376/394/614 377/396/615
f 406/395/616 377/396/617 410/397/618
f 410/397/619 377/396/198 378/398/197
f 410/397/620 378/398/31 379/399/621
f 410/397/622 379/399/623 411/400/624
f 411/400/625 379/399/29 380/401/28
f 411/400/626 380/401/627 407/402/628
f 407/402/629 380/401/627 408/403/630
f 407/402/631 408/403/632 402/404/633
f 402/404/633 408/403/632 403/405/634
f 402/404/635 403/405/636 397/406/637
f 397/406/638 403/405/636 398/407/639
f 397/406/640 398/407/641 393/408/642
f 393/408/642 398/407/641 394/409/643
f 393/408/644 394/409/645 388/410/646
f 388/410/647 394/409/648 387/411/649
f 387/411/650 394/409/651 395/412/652
f 387/411/653 395/412/654 386/413/655
f 386/413/656 395/412/657 399/414/658
f 386/413/659 399/414/660 400/415/661
f 400/415/662 399/414/663 405/416/664
f 400/415/665 405/416/666 384/417/15
f 384/417/77 405/416/666 383/418/73
f 383/418/20 405/416/667 382/419/19
f 382/419/668 405/416/669 404/420/670
f 382/419/671 404/420/670 409/421/672
f 409/421/672 404/420/673 403/405/674
f 409/421/675 403/405/674 408/403/676
f 380/401/25 381/422/24 408/403/677
f 408/403/677 381/422/678 409/421/679
f 381/422/24 382/419/21 409/421/680
f 384/417/681 385/423/682 400/415/683
f 400/415/684 385/423/685 386/413/686
f 393/408/644 388/410/646 391/424/687
f 391/424/688 388/410/689 389/385/690
f 391/424/691 389/385/692 390/387/693
f 393/408/694 391/424/691 390/387/695
f 397/406/696 393/408/697 392/389/698
f 392/389/699 393/408/694 390/387/695
f 399/414/700 395/412/654 394/409/701
f 399/414/700 394/409/701 398/407/702
f 402/404/703 397/406/696 396/391/704
f 396/391/602 397/406/696 392/389/698
f 403/405/705 404/420/706 398/407/707
f 398/407/707 404/420/706 399/414/708
f 404/420/709 405/416/710 399/414/711
f 407/402/712 402/404/713 401/393/714
f 401/393/715 402/404/716 396/391/704
f 411/400/624 407/402/717 406/395/718
f 406/395/719 407/402/712 401/393/720
f 410/397/721 411/400/624 406/395/718
f 383/425/73 412/426/73 384/427/15
f 384/427/15 412/426/17 413/428/17
f 384/427/15 413/428/17 294/429/15
f 294/429/15 413/428/73 295/430/73
f 295/430/20 413/428/20 296/431/19
f 296/431/18 413/428/17 415/432/18
f 296/431/21 415/432/21 297/433/722
f 297/433/23 415/432/21 417/434/23
f 297/433/723 417/434/723 298/435/25
f 298/435/25 417/434/723 419/436/25
f 298/435/28 419/436/28 299/437/29
f 299/437/29 419/436/28 421/438/29
f 299/437/30 421/438/30 300/439/31
f 300/439/31 421/438/30 420/440/30
f 300/439/31 420/440/30 378/441/31
f 378/441/31 420/440/30 379/442/30
f 379/442/29 420/440/29 380/443/28
f 380/443/28 420/440/29 418/444/28
f 380/443/25 418/444/25 381/445/723
f 381/445/723 418/444/25 416/446/723
f 381/445/23 416/446/23 382/447/21
f 382/447/21 416/446/23 414/448/21
f 382/447/18 414/448/18 383/425/17
f 383/425/20 414/448/19 412/426/20
f 415/432/18 413/428/20 412/426/20
f 415/432/18 412/426/20 414/448/18
f 417/434/22 415/432/21 414/448/21
f 417/434/23 414/448/21 416/446/23
f 419/436/25 417/434/723 416/446/723
f 419/436/25 416/446/723 418/444/25
f 421/438/29 419/436/28 418/444/28
f 421/438/29 418/444/724 420/440/29
f 444/348/725 422/349/48 445/449/726
f 445/449/727 422/349/69 423/450/274
f 445/449/728 423/450/275 450/451/729
f 450/451/729 423/450/275 424/452/277
f 450/451/730 424/452/731 455/453/732
f 455/453/733 424/452/294 425/454/289
f 455/453/734 425/454/289 460/455/735
f 460/455/735 425/454/289 426/456/236
f 460/455/736 426/456/234 465/457/737
f 465/457/737 426/456/738 427/458/739
f 465/457/740 427/458/230 428/459/741
f 428/459/741 427/458/228 198/460/742
f 428/459/743 429/461/744 465/457/745
f 465/457/745 429/461/744 466/462/746
f 465/457/747 466/462/748 460/455/749
f 460/455/749 466/462/748 461/463/750
f 460/455/751 461/463/752 455/453/753
f 455/453/754 461/463/755 456/464/756
f 455/453/754 456/464/757 450/451/758
f 450/451/758 456/464/759 451/465/760
f 450/451/761 451/465/762 445/449/763
f 445/449/764 451/465/765 446/466/766
f 445/449/767 446/466/768 444/348/769
f 444/348/769 446/466/770 443/350/264
f 443/350/261 446/466/768 447/467/771
f 443/350/261 447/467/772 442/365/42
f 442/365/38 447/467/773 448/468/774
f 442/365/775 448/468/774 441/370/36
f 441/370/35 448/468/776 449/469/777
f 441/370/35 449/469/777 440/375/34
f 440/375/33 449/469/778 438/470/32
f 440/375/33 438/470/32 439/380/32
f 429/461/599 430/471/213 466/462/779
f 466/462/779 430/471/211 467/472/780
f 466/462/781 467/472/782 461/463/783
f 461/463/783 467/472/784 462/473/785
f 461/463/786 462/473/787 456/464/788
f 456/464/788 462/473/787 457/474/789
f 456/464/790 457/474/791 451/465/792
f 451/465/793 457/474/791 452/475/794
f 451/465/795 452/475/796 446/466/797
f 446/466/797 452/475/796 447/467/798
f 430/471/799 431/476/800 467/472/801
f 467/472/802 431/476/614 468/477/803
f 467/472/801 468/477/804 462/473/785
f 462/473/805 468/477/804 463/478/806
f 462/473/807 463/478/808 457/474/809
f 457/474/810 463/478/811 458/479/812
f 457/474/813 458/479/812 452/475/814
f 452/475/815 458/479/812 453/480/816
f 452/475/796 453/480/817 447/467/818
f 447/467/773 453/480/817 448/468/819
f 431/476/820 432/481/615 468/477/821
f 468/477/821 432/481/615 469/482/822
f 468/477/821 469/482/822 463/478/823
f 463/478/823 469/482/822 464/483/824
f 463/478/825 464/483/826 458/479/827
f 458/479/827 464/483/826 459/484/828
f 458/479/827 459/484/829 453/480/830
f 453/480/831 459/484/829 454/485/832
f 453/480/833 454/485/834 448/468/776
f 448/468/776 454/485/834 449/469/835
f 432/481/836 433/486/197 469/482/837
f 469/482/837 433/486/197 434/487/197
f 469/482/837 434/487/197 464/483/838
f 464/483/838 434/487/197 435/488/197
f 464/483/838 435/488/839 459/484/840
f 459/484/841 435/488/839 436/489/839
f 459/484/842 436/489/839 454/485/843
f 454/485/843 436/489/839 437/490/839
f 454/485/843 437/490/32 449/469/778
f 449/469/778 437/490/32 438/470/32
f 492/491/844 470/492/845 493/493/846
f 493/493/847 470/492/845 471/494/848
f 493/493/847 471/494/849 498/495/850
f 498/495/851 471/494/852 472/496/853
f 498/495/854 472/496/855 503/497/856
f 503/497/857 472/496/858 473/498/859
f 503/497/860 473/498/861 508/499/862
f 508/499/862 473/498/863 474/500/864
f 508/499/865 474/500/866 513/501/867
f 513/501/868 474/500/869 475/502/870
f 513/501/871 475/502/872 476/336/873
f 476/336/873 475/502/874 205/337/875
f 476/336/876 477/356/877 513/501/871
f 513/501/878 477/356/879 514/503/880
f 513/501/881 514/503/882 508/499/883
f 508/499/883 514/503/884 509/504/885
f 508/499/886 509/504/887 503/497/888
f 503/497/889 509/504/887 504/505/890
f 503/497/891 504/505/890 498/495/892
f 498/495/892 504/505/893 499/506/894
f 498/495/851 499/506/895 493/493/896
f 493/493/896 499/506/897 494/507/898
f 493/493/899 494/507/900 492/491/901
f 492/491/17 494/507/900 491/508/902
f 491/508/19 494/507/903 495/509/904
f 491/508/19 495/509/904 490/510/24
f 490/510/723 495/509/905 496/511/906
f 490/510/24 496/511/907 489/512/908
f 489/512/28 496/511/909 497/513/910
f 489/512/28 497/513/910 488/514/29
f 488/514/30 497/513/911 486/515/31
f 488/514/30 486/515/31 487/516/31
f 477/356/912 478/358/913 514/503/914
f 514/503/880 478/358/915 515/517/916
f 514/503/882 515/517/917 509/504/918
f 509/504/919 515/517/920 510/518/921
f 509/504/922 510/518/923 504/505/924
f 504/505/925 510/518/926 505/519/927
f 504/505/928 505/519/929 499/506/930
f 499/506/930 505/519/931 500/520/932
f 499/506/933 500/520/934 494/507/935
f 494/507/935 500/520/934 495/509/936
f 478/358/937 479/360/938 515/517/939
f 515/517/939 479/360/940 516/521/941
f 515/517/942 516/521/943 510/518/921
f 510/518/944 516/521/941 511/522/945
f 510/518/946 511/522/947 505/519/948
f 505/519/949 511/522/947 506/523/950
f 505/519/951 506/523/950 500/520/952
f 500/520/953 506/523/950 501/524/954
f 500/520/934 501/524/955 495/509/956
f 495/509/957 501/524/955 496/511/958
f 479/360/527 480/362/530 516/521/959
f 516/521/959 480/362/530 517/525/960
f 516/521/959 517/525/961 511/522/962
f 511/522/963 517/525/960 512/526/964
f 511/522/965 512/526/966 506/523/967
f 506/523/967 512/526/966 507/527/968
f 506/523/967 507/527/969 501/524/970
f 501/524/970 507/527/971 502/528/972
f 501/524/973 502/528/974 496/511/909
f 496/511/909 502/528/974 497/513/910
f 480/362/531 481/364/126 517/525/975
f 517/525/976 481/364/126 482/529/126
f 517/525/976 482/529/126 512/526/977
f 512/526/977 482/529/126 483/530/126
f 512/526/977 483/530/978 507/527/979
f 507/527/980 483/530/978 484/531/978
f 507/527/979 484/531/978 502/528/981
f 502/528/981 484/531/978 485/532/978
f 502/528/981 485/532/31 497/513/911
f 497/513/911 485/532/31 486/515/31
f 347/533/982 518/534/982 208/535/983
f 208/535/983 518/534/982 519/536/982
f 208/535/983 519/536/982 205/537/983
f 205/537/983 519/536/982 476/538/982
f 476/538/984 519/536/984 477/539/985
f 477/539/985 519/536/984 521/540/985
f 477/539/986 521/540/986 478/541/987
f 478/541/987 521/540/986 523/542/987
f 478/541/522 523/542/522 479/543/940
f 479/543/940 523/542/522 525/544/940
f 479/543/527 525/544/527 480/545/530
f 480/545/530 525/544/527 527/546/530
f 480/545/531 527/546/531 481/547/126
f 481/547/126 527/546/531 526/548/531
f 481/547/126 526/548/531 342/549/126
f 342/549/126 526/548/531 343/550/531
f 343/550/530 526/548/530 344/551/527
f 344/551/527 526/548/530 524/552/527
f 344/551/940 524/552/940 345/553/522
f 345/553/522 524/552/940 522/554/522
f 345/553/987 522/554/987 346/555/986
f 346/555/986 522/554/987 520/556/986
f 346/555/985 520/556/985 347/533/984
f 347/533/984 520/556/985 518/534/984
f 521/540/985 519/536/984 518/534/984
f 521/540/985 518/534/984 520/556/985
f 523/542/987 521/540/986 520/556/986
f 523/542/987 520/556/986 522/554/987
f 525/544/940 523/542/522 522/554/522
f 525/544/940 522/554/522 524/552/940
f 527/546/530 525/544/527 524/552/527
f 527/546/530 524/552/527 526/548/530
f 550/557/30 528/558/31 551/559/988
f 551/559/988 528/558/31 529/560/31
f 551/559/988 529/560/989 556/561/990
f 556/561/990 529/560/31 530/562/31
f 556/561/990 530/562/989 561/563/991
f 561/563/992 530/562/989 531/564/989
f 561/563/991 531/564/989 566/565/993
f 566/565/993 531/564/989 532/566/989
f 566/565/993 532/566/197 571/567/994
f 571/567/994 532/566/197 533/568/197
f 571/567/994 533/568/197 535/569/836
f 535/569/836 533/568/197 534/570/197
f 535/569/615 536/571/820 571/567/995
f 571/567/995 536/571/820 572/572/996
f 571/567/997 572/572/996 566/565/998
f 566/565/999 572/572/996 567/573/1000
f 566/565/1001 567/573/1002 561/563/1003
f 561/563/1004 567/573/1005 562/574/1006
f 561/563/1007 562/574/1006 556/561/1008
f 556/561/1008 562/574/1006 557/575/1009
f 556/561/1010 557/575/1011 551/559/1012
f 551/559/1013 557/575/1014 552/576/1015
f 551/559/1012 552/576/1015 550/557/29
f 550/557/29 552/576/1015 549/577/28
f 549/577/25 552/576/1016 553/578/1017
f 549/577/26 553/578/1017 548/579/1018
f 548/579/678 553/578/1019 554/580/1020
f 548/579/722 554/580/1020 547/581/19
f 547/581/671 554/580/1021 555/582/1022
f 547/581/671 555/582/1022 546/583/17
f 546/583/1023 555/582/1024 544/494/1025
f 546/583/1023 544/494/1025 545/492/1026
f 536/571/614 537/584/799 572/572/1027
f 572/572/1027 537/584/605 573/585/1028
f 572/572/1029 573/585/1030 567/573/1031
f 567/573/1031 573/585/1030 568/586/1032
f 567/573/1033 568/586/1034 562/574/1035
f 562/574/1035 568/586/1036 563/587/1037
f 562/574/1035 563/587/1038 557/575/1039
f 557/575/1039 563/587/1038 558/588/1040
f 557/575/1041 558/588/1042 552/576/1043
f 552/576/1044 558/588/1045 553/578/1046
f 537/584/213 538/589/599 573/585/1047
f 573/585/1047 538/589/599 574/590/1048
f 573/585/1049 574/590/1050 568/586/1051
f 568/586/1051 574/590/1050 569/591/1052
f 568/586/1053 569/591/1054 563/587/1055
f 563/587/1055 569/591/1052 564/592/1056
f 563/587/1057 564/592/1058 558/588/1059
f 558/588/1060 564/592/1061 559/593/1062
f 558/588/1063 559/593/1064 553/578/1065
f 553/578/1066 559/593/1067 554/580/1068
f 538/589/1069 539/594/1070 574/590/1071
f 574/590/1071 539/594/1070 575/595/1072
f 574/590/1073 575/595/1074 569/591/1075
f 569/591/1052 575/595/1074 570/596/1076
f 569/591/1077 570/596/1078 564/592/1079
f 564/592/1080 570/596/1078 565/597/1081
f 564/592/1080 565/597/1081 559/593/1082
f 559/593/1062 565/597/1083 560/598/1084
f 559/593/1067 560/598/1085 554/580/1068
f 554/580/1086 560/598/1087 555/582/1088
f 539/594/1089 197/337/594 575/595/1090
f 575/595/1090 197/337/594 540/502/692
f 575/595/1091 540/502/1092 570/596/1093
f 570/596/1093 540/502/1092 541/500/1094
f 570/596/1095 541/500/646 565/597/1096
f 565/597/1097 541/500/1098 542/498/650
f 565/597/1099 542/498/1100 560/598/1101
f 560/598/1102 542/498/1103 543/496/1104
f 560/598/1087 543/496/659 555/582/1088
f 555/582/1088 543/496/659 544/494/1105
f 432/599/836 576/600/836 433/601/197
f 433/601/197 576/600/836 577/602/836
f 433/601/197 577/602/836 534/603/197
f 534/603/197 577/602/836 535/604/836
f 535/604/615 577/602/615 536/605/820
f 536/605/820 577/602/615 579/606/820
f 536/605/800 579/606/800 537/607/608
f 537/607/608 579/606/800 581/608/608
f 537/607/1106 581/608/1106 538/609/214
f 538/609/214 581/608/1106 583/610/214
f 538/609/219 583/610/219 539/611/220
f 539/611/220 583/610/219 585/612/220
f 539/611/595 585/612/595 197/613/226
f 197/613/226 585/612/595 584/614/595
f 197/613/226 584/614/595 198/615/226
f 198/615/226 584/614/595 428/616/595
f 428/616/220 584/614/220 429/617/219
f 429/617/219 584/614/220 582/618/219
f 429/617/214 582/618/214 430/619/1106
f 430/619/1106 582/618/214 580/620/1106
f 430/619/608 580/620/608 431/621/800
f 431/621/800 580/620/608 578/622/800
f 431/621/820 578/622/820 432/599/615
f 432/599/615 578/622/820 576/600/615
f 579/606/820 577/602/615 576/600/615
f 579/606/820 576/600/615 578/622/820
f 581/608/608 579/606/800 578/622/800
f 581/608/608 578/622/800 580/620/608
f 583/610/214 581/608/1106 580/620/1106
f 583/610/214 580/620/1106 582/618/214
f 585/612/220 583/610/219 582/618/219
f 585/612/220 582/618/219 584/614/220
f 197/623/592 200/624/592 586/625/591
f 586/625/1107 200/624/592 389/626/1107
f 586/625/690 389/626/690 587/627/1108
f 587/627/1108 389/626/690 388/628/1108
f 587/627/647 388/628/647 588/629/1109
f 588/629/1109 388/628/647 387/630/1109
f 588/629/1110 387/630/1110 589/631/1104
f 589/631/1104 387/630/1110 386/632/1104
f 589/631/1111 386/632/1111 590/633/685
f 590/633/685 386/632/1111 385/634/685
f 590/633/1112 385/634/1112 384/635/681
f 384/635/681 545/636/681 590/633/1112
f 590/633/1112 545/636/681 544/637/1112
f 590/633/685 544/637/685 589/631/1111
f 589/631/1111 544/637/685 543/638/1111
f 589/631/1104 543/638/1104 588/629/1110
f 588/629/1110 543/638/1104 542/639/1110
f 588/629/1109 542/639/1109 587/627/647
f 587/627/647 542/639/1109 541/640/647
f 587/627/1108 541/640/1108 586/625/690
f 586/625/690 541/640/1094 540/641/690
f 586/625/1107 540/641/1107 197/623/592
f 492/642/16 591/643/16 470/644/15
f 470/644/15 591/643/16 592/645/16
f 470/644/15 592/645/16 545/646/15
f 545/646/15 592/645/16 593/647/16
f 545/646/15 593/647/16 546/648/16
f 546/648/20 593/647/20 547/649/18
f 547/649/18 593/647/20 596/650/18
f 547/649/21 596/650/21 548/651/23
f 548/651/23 596/650/21 599/652/23
f 548/651/27 599/652/27 549/653/25
f 549/653/25 599/652/723 602/654/25
f 549/653/28 602/654/28 550/655/29
f 550/655/29 602/654/28 605/656/29
f 550/655/30 605/656/30 528/657/31
f 528/657/31 605/656/30 604/658/30
f 528/657/31 604/658/30 487/659/31
f 487/659/31 604/658/30 603/660/30
f 487/659/31 603/660/30 488/661/30
f 488/661/29 603/660/29 489/662/28
f 489/662/28 603/660/29 600/663/28
f 489/662/25 600/663/25 490/664/27
f 490/664/27 600/663/25 597/665/27
f 490/664/23 597/665/23 491/666/21
f 491/666/21 597/665/23 594/667/21
f 491/666/18 594/667/18 492/642/20
f 492/642/20 594/667/18 591/643/20
f 596/650/18 593/647/20 592/645/20
f 592/645/20 591/643/20 595/668/18
f 595/668/18 591/643/20 594/667/18
f 595/668/21 594/667/21 598/669/23
f 598/669/23 594/667/21 597/665/23
f 598/669/24 597/665/24 601/670/25
f 601/670/25 597/665/27 600/663/25
f 601/670/28 600/663/28 604/658/29
f 604/658/29 600/663/28 603/660/29
f 599/652/23 596/650/21 595/668/21
f 595/668/18 596/650/18 592/645/20
f 599/652/23 595/668/21 598/669/23
f 602/654/25 599/652/27 598/669/27
f 602/654/25 598/669/27 601/670/25
f 605/656/29 602/654/28 601/670/28
f 605/656/29 601/670/28 604/658/29
f 470/623/378 606/671/378 471/641/1113
f 471/641/1113 606/671/378 607/672/1113
f 471/641/849 607/672/849 472/640/1114
f 472/640/1114 607/672/849 608/673/1114
f 472/640/1115 608/673/1115 473/639/1116
f 473/639/1117 608/673/1115 609/674/1117
f 473/639/1118 609/674/1118 474/638/1119
f 474/638/1119 609/674/1118 610/675/1119
f 474/638/1120 610/675/1120 475/637/1121
f 475/637/1121 610/675/1120 611/676/1121
f 475/637/1122 611/676/1122 205/636/1123
f 205/636/1123 611/676/1122 206/677/1123
f 612/678/378 613/679/1124 622/680/378
f 622/680/378 613/679/1125 607/681/1113
f 622/680/378 607/681/1113 621/682/378
f 621/682/378 607/681/1126 606/683/378
f 613/679/1127 614/684/1128 607/681/849
f 607/681/849 614/684/1128 608/685/1114
f 608/685/1115 614/684/1129 615/686/1130
f 608/685/1115 615/686/1130 609/687/1116
f 609/687/1131 615/686/1132 616/688/1133
f 609/687/1118 616/688/1134 610/689/1119
f 610/689/1135 616/688/1136 617/690/1137
f 610/689/1135 617/690/1137 611/691/870
f 611/691/874 617/690/1138 619/692/1139
f 611/691/874 619/692/1139 620/693/1140
f 617/690/1141 618/694/1142 619/692/1139
f 620/693/1143 206/695/1123 611/691/1122
f 288/696/1142 618/697/1142 289/698/1141
f 289/698/1141 618/697/1142 617/699/1141
f 289/698/1137 617/699/1137 290/700/1144
f 290/700/1144 617/699/340 616/701/1144
f 290/700/1134 616/701/1134 291/702/1132
f 291/702/352 616/701/1134 615/703/352
f 291/702/1145 615/703/1145 292/704/1146
f 292/704/1147 615/703/1145 614/705/1147
f 292/704/1148 614/705/1148 293/706/1149
f 293/706/1149 614/705/1128 613/707/1149
f 293/706/377 613/707/377 294/708/378
f 294/708/378 613/707/377 612/709/378
f 335/710/33 623/711/33 336/712/32
f 336/712/32 623/711/33 624/713/33
f 336/712/32 624/713/33 439/714/32
f 439/714/32 624/713/33 625/715/33
f 439/714/32 625/715/33 440/716/33
f 440/716/34 625/715/34 441/717/35
f 441/717/35 625/715/34 628/718/35
f 441/717/39 628/718/39 442/719/38
f 442/719/38 628/718/36 631/720/38
f 442/719/40 631/720/40 443/721/41
f 443/721/41 631/720/40 634/722/41
f 443/721/43 634/722/43 444/723/45
f 444/723/45 634/722/43 637/724/45
f 444/723/47 637/724/47 422/725/48
f 422/725/69 637/724/70 636/726/70
f 422/725/48 636/726/47 330/727/48
f 330/727/48 636/726/47 635/728/47
f 330/727/48 635/728/47 331/729/47
f 331/729/45 635/728/45 332/730/43
f 332/730/43 635/728/45 632/731/43
f 332/730/41 632/731/41 333/732/40
f 333/732/40 632/731/41 629/733/40
f 333/732/38 629/733/38 334/734/36
f 334/734/36 629/733/37 626/735/36
f 334/734/35 626/735/35 335/710/34
f 335/710/34 626/735/35 623/711/34
f 628/718/35 625/715/34 624/713/34
f 624/713/34 623/711/34 627/736/35
f 627/736/35 623/711/34 626/735/35
f 627/736/39 626/735/39 630/737/38
f 630/737/37 626/735/36 629/733/37
f 630/737/37 629/733/37 633/738/41
f 633/738/41 629/733/40 632/731/41
f 633/738/43 632/731/43 636/726/45
f 636/726/45 632/731/43 635/728/45
f 631/720/38 628/718/39 627/736/39
f 627/736/35 628/718/35 624/713/34
f 631/720/37 627/736/36 630/737/37
f 634/722/41 631/720/37 630/737/37
f 634/722/41 630/737/40 633/738/41
f 637/724/45 634/722/43 633/738/43
f 637/724/45 633/738/43 636/726/45
f 199/739/227 198/740/227 638/741/1150
f 638/741/228 198/740/227 427/742/228
f 638/741/233 427/742/233 639/743/1151
f 639/743/234 427/742/233 426/744/234
f 639/743/1152 426/744/1152 640/745/1153
f 640/745/1153 426/744/1152 425/746/1153
f 640/745/1154 425/746/1154 641/747/294
f 641/747/294 425/746/1154 424/748/294
f 641/747/1155 424/748/1155 642/749/1156
f 642/749/1156 424/748/1155 423/750/1156
f 642/749/1157 423/750/1157 422/751/272
f 422/751/272 260/752/272 642/749/1157
f 642/749/1157 260/752/272 259/753/1157
f 642/749/1156 259/753/1156 641/747/1155
f 641/747/1155 259/753/1156 258/754/1155
f 641/747/294 258/754/294 640/745/1154
f 640/745/1154 258/754/294 257/755/1154
f 640/745/1153 257/755/1153 639/743/1152
f 639/743/1152 257/755/1153 256/756/1152
f 639/743/234 256/756/234 638/741/233
f 638/741/233 256/756/234 255/757/233
f 638/741/228 255/757/228 199/739/227
f 254/545/595 643/546/595 199/547/226
f 199/547/226 643/546/222 644/548/222
f 199/547/226 644/548/595 200/549/226
f 200/549/226 644/548/595 373/550/595
f 373/550/220 644/548/220 374/551/219
f 374/551/219 644/548/220 646/552/219
f 374/551/214 646/552/214 375/553/213
f 375/553/1106 646/552/1158 648/554/1106
f 375/553/608 648/554/608 376/555/800
f 376/555/800 648/554/1159 650/556/800
f 376/555/820 650/556/820 377/533/615
f 377/533/615 650/556/820 652/534/615
f 377/533/836 652/534/836 378/535/197
f 378/535/197 652/534/836 651/536/836
f 378/535/197 651/536/836 249/537/197
f 249/537/197 651/536/836 250/538/836
f 250/538/615 651/536/615 251/539/1160
f 251/539/820 651/536/615 649/540/820
f 251/539/800 649/540/800 252/541/799
f 252/541/608 649/540/800 647/542/608
f 252/541/1106 647/542/1106 253/543/1158
f 253/543/214 647/542/1106 645/544/214
f 253/543/219 645/544/219 254/545/220
f 254/545/220 645/544/219 643/546/220
f 646/552/219 644/548/220 643/546/220
f 646/552/219 643/546/220 645/544/219
f 648/554/213 646/552/214 645/544/214
f 648/554/1106 645/544/1158 647/542/1106
f 650/556/800 648/554/608 647/542/608
f 650/556/800 647/542/1159 649/540/800
f 652/534/615 650/556/820 649/540/820
f 652/534/615 649/540/820 651/536/615
f 208/623/1161 207/671/1161 325/641/1162
f 325/641/1162 207/671/1161 653/672/1162
f 325/641/468 653/672/468 326/640/1163
f 326/640/1163 653/672/468 654/673/1163
f 326/640/471 654/673/471 327/639/1164
f 327/639/1164 654/673/471 655/674/1164
f 327/639/1165 655/674/1165 328/638/1166
f 328/638/1166 655/674/1165 656/675/1166
f 328/638/1167 656/675/1167 329/637/1168
f 329/637/1168 656/675/1167 657/676/1168
f 329/637/491 657/676/491 330/636/1169
f 330/636/1169 657/676/491 658/677/1169
f 659/758/1170 660/759/1171 669/760/1172
f 669/760/1172 660/759/1173 668/761/1174
f 668/761/1174 660/759/1173 653/691/464
f 668/761/1175 653/691/1162 207/695/1161
f 660/759/1176 661/762/1177 653/691/468
f 653/691/466 661/762/1177 654/689/1178
f 654/689/471 661/762/1179 662/763/1180
f 654/689/471 662/763/1181 655/687/1182
f 655/687/1183 662/763/1184 663/764/1185
f 655/687/1183 663/764/1186 656/685/1187
f 656/685/1167 663/764/1188 664/765/85
f 656/685/1167 664/765/85 657/681/1168
f 657/681/491 664/765/1189 667/766/1169
f 657/681/1190 667/766/1169 658/683/1169
f 665/767/1169 666/768/1169 664/765/1191
f 664/765/1189 666/768/1169 667/766/1169
f 659/769/1170 218/770/1170 660/771/1171
f 660/771/1192 218/770/1170 217/772/1171
f 660/771/154 217/772/1176 661/773/1177
f 661/773/153 217/772/154 216/774/153
f 661/773/1179 216/774/1179 662/775/1193
f 662/775/1193 216/774/1179 215/776/1193
f 662/775/89 215/776/1184 663/777/1194
f 663/777/1194 215/776/89 214/778/1194
f 663/777/86 214/778/1188 664/779/83
f 664/779/85 214/778/1188 213/780/85
f 664/779/81 213/780/1189 665/781/1169
f 665/781/1169 213/780/1189 212/782/1169
f 211/783/1195 223/784/131 203/785/1196
f 203/785/1196 223/784/1197 222/786/1198
f 203/785/1196 222/786/1199 673/787/1199
f 673/787/1200 222/786/1200 676/788/1201
f 673/787/1200 676/788/1201 677/789/1201
f 677/789/1202 676/788/1202 680/790/1203
f 677/789/1202 680/790/1203 681/791/1203
f 681/791/1204 680/790/1204 684/792/1205
f 681/791/1204 684/792/1205 305/793/1205
f 305/793/1206 684/792/1206 288/794/161
f 288/794/161 684/792/1206 683/795/1206
f 288/794/161 683/795/1206 218/796/161
f 218/796/161 683/795/1206 682/797/1206
f 218/796/161 682/797/1206 219/798/1206
f 219/798/1205 682/797/1205 220/799/1204
f 220/799/1204 682/797/1205 679/800/1204
f 220/799/1203 679/800/1203 221/619/1202
f 221/619/1202 679/800/1203 676/788/1202
f 221/619/1201 676/788/1201 222/786/1200
f 211/783/1207 210/801/1208 223/784/131
f 223/784/1209 210/801/1208 224/802/126
f 224/802/76 210/801/1208 209/803/76
f 305/793/1205 304/804/1204 681/791/1204
f 681/791/1203 304/804/1203 678/805/1202
f 681/791/1203 678/805/1202 677/789/1202
f 677/789/1201 678/805/1201 674/806/1200
f 677/789/1201 674/806/1200 673/787/1200
f 673/787/1200 674/806/1200 203/785/1196
f 304/804/1203 303/607/1202 678/805/1202
f 678/805/1201 303/607/1201 675/807/1200
f 678/805/1201 675/807/1200 674/806/1200
f 674/806/1200 675/807/1200 204/808/1196
f 674/806/1200 204/808/1196 203/785/1196
f 303/607/1201 302/809/1200 675/807/1200
f 675/807/1199 302/809/1199 204/808/1196
f 302/809/1198 301/810/1197 204/808/1196
f 204/808/1196 301/810/131 672/811/1195
f 672/811/1207 301/810/131 671/812/1208
f 671/812/1208 301/810/1209 300/813/126
f 671/812/1208 300/813/76 670/814/76
f 680/790/1203 676/788/1202 679/800/1203
f 682/797/1205 683/795/1205 679/800/1204
f 679/800/1204 683/795/1205 680/790/1204
f 683/795/1205 684/792/1205 680/790/1204
f 229/815/44 685/816/44 212/817/48
f 212/817/48 685/816/70 686/818/70
f 212/817/48 686/818/44 260/819/48
f 260/819/48 686/818/47 261/820/47
f 261/820/45 686/818/45 262/821/43
f 262/821/46 686/818/45 688/822/46
f 262/821/41 688/822/41 263/823/42
f 263/823/42 688/822/41 690/824/42
f 263/823/552 690/824/552 264/825/36
f 264/825/36 690/824/38 692/826/36
f 264/825/35 692/826/35 265/827/34
f 265/827/34 692/826/35 694/828/34
f 265/827/33 694/828/33 249/829/32
f 249/829/32 694/828/33 693/830/33
f 249/829/32 693/830/33 224/831/32
f 224/831/32 693/830/33 225/832/33
f 225/832/34 693/830/34 226/833/35
f 226/833/35 693/830/34 691/834/35
f 226/833/36 691/834/36 227/835/38
f 227/835/552 691/834/36 689/836/552
f 227/835/42 689/836/42 228/837/41
f 228/837/41 689/836/42 687/838/41
f 228/837/46 687/838/46 229/815/45
f 229/815/45 687/838/43 685/816/45
f 688/822/43 686/818/45 685/816/45
f 688/822/46 685/816/45 687/838/46
f 690/824/42 688/822/41 687/838/41
f 690/824/42 687/838/41 689/836/42
f 692/826/36 690/824/552 689/836/552
f 692/826/36 689/836/38 691/834/36
f 694/828/34 692/826/35 691/834/35
f 694/828/34 691/834/35 693/830/34
f 618/839/1210 288/840/1210 659/841/1210
f 659/841/1210 288/840/1210 218/842/1210
f 294/843/77 612/844/77 384/845/77
f 384/845/77 612/844/77 622/846/77
f 384/845/77 622/846/77 621/847/77
f 621/847/77 606/210/77 384/845/77
f 384/845/77 606/210/77 545/848/77
f 545/848/77 606/210/77 470/156/77
f 696/849/76 342/850/76 695/851/76
f 695/851/76 342/850/76 341/852/76
f 695/851/76 341/852/76 340/853/76
f 697/854/76 487/855/76 696/849/76
f 696/849/76 487/855/76 486/856/76
f 696/849/76 486/856/76 485/857/76
f 698/858/76 433/859/76 697/854/76
f 697/854/76 433/859/76 534/860/76
f 697/854/76 534/860/76 533/861/76
f 695/851/76 336/862/76 698/858/76
f 698/858/76 336/862/76 439/863/76
f 698/858/76 439/863/76 438/864/76
f 533/861/76 532/865/76 697/854/76
f 697/854/76 532/865/76 531/866/76
f 697/854/76 531/866/76 530/867/76
f 530/867/76 529/868/76 697/854/76
f 697/854/76 529/868/76 528/869/76
f 697/854/76 528/869/76 487/855/76
f 485/857/76 484/870/76 696/849/76
f 696/849/76 484/870/76 483/871/76
f 696/849/76 483/871/76 482/872/76
f 482/872/76 481/873/76 696/849/76
f 696/849/76 481/873/76 342/850/76
f 340/853/76 339/874/76 695/851/76
f 695/851/76 339/874/76 338/875/76
f 695/851/76 338/875/76 337/876/76
f 337/876/76 336/862/76 695/851/76
f 438/864/76 437/877/76 698/858/76
f 698/858/76 437/877/76 436/878/76
f 698/858/76 436/878/76 435/879/76
f 435/879/76 434/880/76 698/858/76
f 698/858/76 434/880/76 433/859/76
f 330/848/69 658/881/69 422/156/69
f 422/156/69 658/881/69 260/168/69
f 260/168/69 658/881/69 667/882/69
f 260/168/69 667/882/69 666/883/69
f 666/883/69 665/884/69 260/168/69
f 260/168/69 665/884/69 212/885/69
f 207/886/74 206/887/74 668/888/1211
f 668/888/1211 206/887/74 620/889/1211
f 668/888/1212 620/889/1212 669/890/1213
f 669/890/1213 620/889/1212 619/891/1213
f 669/890/1213 619/891/1213 659/892/1210
f 659/892/1210 619/891/1213 618/893/1210
f 209/894/76 196/216/76 224/895/76
f 224/895/76 196/216/76 249/896/76
f 249/896/76 196/216/76 378/897/76
f 378/897/76 196/216/76 195/214/76
f 378/897/76 195/214/76 300/898/76
f 300/898/76 195/214/76 670/899/76
f 715/900/1214 696/901/31 717/902/1215
f 717/902/1216 696/901/76 699/903/1217
f 717/902/1218 699/903/1219 716/904/1220
f 716/904/1221 699/903/1222 700/905/1223
f 716/904/1224 700/905/1225 720/906/1226
f 720/906/1227 700/905/1225 719/907/1228
f 720/906/1227 719/907/1229 725/908/1230
f 725/908/1231 719/907/1229 724/909/1232
f 725/908/1233 724/909/1234 730/910/1235
f 730/910/1235 724/909/1236 729/911/1237
f 730/910/1238 729/911/1239 734/912/1240
f 734/912/1241 729/911/1242 733/913/1243
f 734/912/1244 733/913/1245 708/914/858
f 708/914/1115 733/913/1246 707/915/1116
f 707/915/859 733/913/1247 732/916/1248
f 707/915/1249 732/916/1250 706/917/1251
f 706/917/1252 732/916/1253 728/918/1254
f 706/917/864 728/918/1255 727/919/1256
f 727/919/1257 728/918/1258 722/920/1259
f 727/919/1260 722/920/1261 704/921/74
f 704/921/983 722/920/1262 703/922/1263
f 703/922/984 722/920/1264 702/923/985
f 702/923/879 722/920/1265 723/924/1266
f 702/923/879 723/924/1267 718/925/1268
f 718/925/1269 723/924/1270 724/909/1271
f 718/925/1272 724/909/1273 719/907/1274
f 700/905/940 701/926/937 719/907/1275
f 719/907/1276 701/926/1277 718/925/1278
f 701/926/1279 702/923/1280 718/925/1281
f 704/921/1282 705/927/1121 727/919/1257
f 727/919/1283 705/927/1284 706/917/1120
f 734/912/1244 708/914/858 736/928/1285
f 736/928/1286 708/914/1287 709/929/1288
f 736/928/1289 709/929/1290 737/930/1291
f 737/930/1292 709/929/1290 710/931/378
f 737/930/1292 710/931/77 711/932/73
f 737/930/1292 711/932/1293 735/933/1294
f 735/933/1295 711/932/1296 712/934/19
f 735/933/1297 712/934/902 731/935/1298
f 731/935/1299 712/934/21 713/936/23
f 731/935/1300 713/936/382 726/937/1301
f 726/937/1302 713/936/24 714/938/908
f 726/937/1303 714/938/908 721/939/1304
f 721/939/1304 714/938/26 715/900/29
f 721/939/1305 715/900/1214 717/902/1306
f 721/939/1307 717/902/1308 716/904/1309
f 726/937/1310 721/939/1307 720/906/1311
f 720/906/1311 721/939/1307 716/904/1309
f 726/937/1312 720/906/1313 725/908/1314
f 729/911/1315 724/909/1316 723/924/1317
f 729/911/1318 723/924/1319 728/918/1320
f 728/918/1321 723/924/1322 722/920/1259
f 731/935/1323 726/937/1324 725/908/1325
f 731/935/1326 725/908/1327 730/910/1328
f 733/913/1329 729/911/1330 728/918/1255
f 732/916/1248 733/913/1329 728/918/1331
f 735/933/1332 731/935/1333 730/910/1334
f 735/933/1332 730/910/1238 734/912/1335
f 737/930/1336 735/933/1332 734/912/1337
f 736/928/1338 737/930/1339 734/912/1340
f 754/940/836 697/941/197 755/942/1341
f 755/942/1341 697/941/31 738/943/1214
f 755/942/1342 738/943/1343 757/944/1344
f 757/944/1345 738/943/1343 739/945/26
f 757/944/1345 739/945/627 761/946/1346
f 761/946/1347 739/945/1348 740/947/678
f 761/946/1347 740/947/678 766/948/1349
f 766/948/1350 740/947/722 741/949/668
f 766/948/1350 741/949/668 771/950/1351
f 771/950/1352 741/949/671 742/951/20
f 771/950/1353 742/951/1354 775/952/1355
f 775/952/1356 742/951/73 743/953/77
f 775/952/1357 743/953/681 744/954/1358
f 775/952/1359 744/954/1358 776/955/1360
f 776/955/1361 744/954/1105 745/956/659
f 776/955/1362 745/956/1363 772/957/1364
f 772/957/1365 745/956/1363 773/958/1366
f 772/957/1367 773/958/1368 767/959/1369
f 767/959/1370 773/958/1371 768/960/1372
f 767/959/1373 768/960/1374 762/961/1375
f 762/961/1376 768/960/1374 763/962/1377
f 762/961/1378 763/962/1379 758/963/1380
f 758/963/1380 763/962/1381 759/964/1382
f 758/963/1380 759/964/1383 753/965/609
f 753/965/800 759/964/1384 752/966/1159
f 752/966/1385 759/964/1386 760/967/1387
f 752/966/1385 760/967/1387 751/968/1388
f 751/968/1069 760/967/1389 764/969/1390
f 751/968/219 764/969/1391 765/970/1392
f 765/970/1393 764/969/1394 770/971/1395
f 765/970/1396 770/971/1397 749/972/594
f 749/972/592 770/971/1398 748/973/591
f 748/973/690 770/971/1399 747/974/1108
f 747/974/1400 770/971/1401 769/975/1402
f 747/974/646 769/975/1403 774/976/1404
f 774/976/1405 769/975/1406 768/960/1407
f 774/976/1408 768/960/1409 773/958/1410
f 745/956/1104 746/977/1103 773/958/1411
f 773/958/1412 746/977/649 774/976/1408
f 746/977/1413 747/974/1414 774/976/1415
f 749/972/226 750/978/222 765/970/1396
f 765/970/1416 750/978/1417 751/968/1418
f 758/963/1419 753/965/611 756/979/1420
f 756/979/1421 753/965/1422 754/940/1423
f 756/979/1424 754/940/1425 755/942/1426
f 758/963/1427 756/979/1424 755/942/1428
f 762/961/1429 758/963/1430 757/944/1431
f 757/944/1432 758/963/1433 755/942/1428
f 764/969/1434 760/967/1435 759/964/1383
f 764/969/1436 759/964/1437 763/962/1438
f 767/959/1439 762/961/1440 761/946/1441
f 761/946/1442 762/961/1443 757/944/1432
f 768/960/1407 769/975/1406 763/962/1444
f 763/962/1445 769/975/1446 764/969/1447
f 769/975/1448 770/971/1449 764/969/1390
f 772/957/1450 767/959/1451 766/948/1452
f 766/948/1453 767/959/1454 761/946/1455
f 776/955/1361 772/957/1456 771/950/1457
f 771/950/1458 772/957/1450 766/948/1452
f 775/952/1459 776/955/1460 771/950/1461
f 793/929/531 695/931/76 794/930/1462
f 794/930/1463 695/931/32 777/932/1464
f 794/930/1465 777/932/121 796/933/1466
f 796/933/1467 777/932/34 778/934/35
f 796/933/1468 778/934/1469 800/935/1470
f 800/935/1471 778/934/36 779/936/37
f 800/935/1471 779/936/112 805/937/1472
f 805/937/1473 779/936/42 780/938/1474
f 805/937/1475 780/938/110 810/939/1476
f 810/939/1477 780/938/43 781/900/45
f 810/939/1477 781/900/490 814/902/1478
f 814/902/1479 781/900/44 782/901/48
f 814/902/1480 782/901/1169 783/903/491
f 814/902/1481 783/903/1482 815/904/1483
f 815/904/1483 783/903/1168 784/905/1167
f 815/904/1484 784/905/1187 811/906/1485
f 811/906/1486 784/905/1187 812/907/1487
f 811/906/1488 812/907/1489 806/908/1490
f 806/908/1491 812/907/1489 807/909/1492
f 806/908/1493 807/909/1492 801/910/1494
f 801/910/1495 807/909/1496 802/911/1497
f 801/910/1498 802/911/1499 797/912/1500
f 797/912/1501 802/911/1502 798/913/1503
f 797/912/1501 798/913/1504 792/914/1505
f 792/914/940 798/913/1506 791/915/937
f 791/915/1507 798/913/1508 799/916/1509
f 791/915/1510 799/916/1511 790/917/1512
f 790/917/1513 799/916/1514 803/918/1515
f 790/917/1516 803/918/1515 804/919/1517
f 804/919/1517 803/918/1515 809/920/1518
f 804/919/1519 809/920/1520 788/921/983
f 788/921/1521 809/920/1522 787/922/468
f 787/922/1523 809/920/1522 786/923/1524
f 786/923/1525 809/920/1526 808/924/1527
f 786/923/1528 808/924/1529 813/925/1530
f 813/925/1531 808/924/1532 807/909/1533
f 813/925/1534 807/909/1535 812/907/1536
f 784/905/1537 785/926/477 812/907/1538
f 812/907/1539 785/926/1540 813/925/1541
f 785/926/1540 786/923/471 813/925/1542
f 788/921/74 789/927/1543 804/919/1519
f 804/919/1517 789/927/1263 790/917/985
f 797/912/1544 792/914/1505 795/928/1545
f 795/928/1546 792/914/1547 793/929/1548
f 795/928/1549 793/929/1222 794/930/1550
f 797/912/1551 795/928/1549 794/930/1552
f 801/910/1553 797/912/1554 796/933/1555
f 796/933/1556 797/912/1551 794/930/1557
f 803/918/1558 799/916/1559 798/913/1560
f 803/918/1561 798/913/1508 802/911/1562
f 806/908/1563 801/910/1553 800/935/1564
f 800/935/1565 801/910/1566 796/933/1556
f 807/909/1567 808/924/1568 802/911/1569
f 802/911/1570 808/924/1571 803/918/1572
f 808/924/1573 809/920/1518 803/918/1574
f 811/906/1575 806/908/1576 805/937/1577
f 805/937/1578 806/908/1576 800/935/1579
f 815/904/1580 811/906/1581 810/939/1582
f 810/939/1583 811/906/1584 805/937/1578
f 814/902/1585 815/904/1586 810/939/1582
f 833/900/72 816/901/77 835/902/1587
f 835/902/1587 816/901/378 817/903/1290
f 835/902/1588 817/903/1290 834/904/1589
f 834/904/1590 817/903/852 818/905/1591
f 834/904/1592 818/905/1593 838/906/1594
f 838/906/1595 818/905/1596 837/907/1597
f 838/906/1598 837/907/1599 843/908/1600
f 843/908/1601 837/907/1602 842/909/1603
f 843/908/1604 842/909/1605 848/910/1606
f 848/910/1606 842/909/1605 847/911/1607
f 848/910/1608 847/911/1609 852/912/1610
f 852/912/1611 847/911/1612 851/913/1613
f 852/912/1614 851/913/1615 826/914/1616
f 826/914/1617 851/913/1615 825/915/1618
f 825/915/1619 851/913/1620 850/916/1621
f 825/915/1622 850/916/1623 824/917/1624
f 824/917/1625 850/916/1626 846/918/1627
f 824/917/1628 846/918/1627 845/919/1629
f 845/919/1630 846/918/1631 840/920/1632
f 845/919/1633 840/920/1634 822/921/1123
f 822/921/1123 840/920/1632 821/922/1284
f 821/922/1121 840/920/1635 820/923/866
f 820/923/1251 840/920/1636 841/924/1637
f 820/923/1638 841/924/1639 836/925/1640
f 836/925/1641 841/924/1637 842/909/1642
f 836/925/1643 842/909/1644 837/907/1645
f 818/905/1115 819/926/1117 837/907/1646
f 837/907/1647 819/926/1648 836/925/1649
f 819/926/859 820/923/864 836/925/1650
f 822/921/1651 823/927/1652 845/919/1653
f 845/919/1654 823/927/1655 824/917/1656
f 852/912/1614 826/914/1616 854/928/1657
f 854/928/1658 826/914/1659 827/929/1660
f 854/928/1661 827/929/1662 855/930/1663
f 855/930/1664 827/929/1665 828/931/1666
f 855/930/1667 828/931/66 829/932/67
f 855/930/1668 829/932/1669 853/933/1670
f 853/933/1671 829/932/1 830/934/1672
f 853/933/1671 830/934/1672 849/935/1673
f 849/935/1673 830/934/1674 831/936/1675
f 849/935/1676 831/936/1677 844/937/1678
f 844/937/1679 831/936/1680 832/938/8
f 844/937/1681 832/938/1682 839/939/1683
f 839/939/1684 832/938/1685 833/900/10
f 839/939/1686 833/900/1687 835/902/1587
f 839/939/1688 835/902/1689 834/904/1690
f 844/937/1691 839/939/1692 838/906/1693
f 838/906/1694 839/939/1695 834/904/1696
f 844/937/1697 838/906/1698 843/908/1699
f 847/911/1700 842/909/1701 841/924/1702
f 847/911/1700 841/924/1703 846/918/1704
f 846/918/1705 841/924/1706 840/920/1707
f 849/935/1708 844/937/1709 843/908/1710
f 849/935/1711 843/908/1712 848/910/1608
f 851/913/1713 847/911/1714 846/918/1715
f 850/916/1716 851/913/1717 846/918/1718
f 853/933/1719 849/935/1720 848/910/1721
f 853/933/1719 848/910/1722 852/912/1723
f 855/930/1724 853/933/1719 852/912/1725
f 854/928/1661 855/930/1726 852/912/1725
f 872/951/1464 698/953/32 875/952/1727
f 875/952/1727 698/953/839 856/954/836
f 875/952/1728 856/954/1423 874/955/1729
f 874/955/1730 856/954/617 857/956/1160
f 874/955/1731 857/956/205 878/957/1732
f 878/957/1732 857/956/205 877/958/1733
f 878/957/1734 877/958/1735 883/959/1736
f 883/959/1737 877/958/1738 882/960/1739
f 883/959/1740 882/960/1741 888/961/1742
f 888/961/1743 882/960/1741 887/962/1744
f 888/961/1743 887/962/1745 892/963/1746
f 892/963/1747 887/962/1748 891/964/1749
f 892/963/1747 891/964/1750 865/965/279
f 865/965/294 891/964/1751 864/966/1154
f 864/966/1752 891/964/1753 890/967/1754
f 864/966/292 890/967/1754 863/968/1152
f 863/968/1755 890/967/1756 886/969/1757
f 863/968/1758 886/969/1757 885/970/1759
f 885/970/1760 886/969/1761 880/971/1762
f 885/970/1763 880/971/1764 861/972/226
f 861/972/742 880/971/1764 860/973/595
f 860/973/743 880/971/1765 859/974/1766
f 859/974/599 880/971/1767 881/975/1768
f 859/974/1769 881/975/1770 876/976/1771
f 876/976/1772 881/975/1773 882/960/1774
f 876/976/1772 882/960/1775 877/958/1776
f 857/956/614 858/977/209 877/958/1777
f 877/958/1778 858/977/213 876/976/1779
f 858/977/213 859/974/214 876/976/1779
f 861/972/227 862/978/1150 885/970/1780
f 885/970/1781 862/978/233 863/968/234
f 892/963/1782 865/965/279 894/979/1783
f 894/979/1784 865/965/1155 866/940/1156
f 894/979/1785 866/940/1786 873/942/1787
f 873/942/1788 866/940/1789 867/941/1790
f 873/942/1791 867/941/48 868/943/44
f 873/942/1792 868/943/769 893/944/1793
f 893/944/1793 868/943/45 869/945/264
f 893/944/1794 869/945/261 889/946/1795
f 889/946/1796 869/945/1797 870/947/1798
f 889/946/1799 870/947/1800 884/948/1801
f 884/948/1801 870/947/37 871/949/1802
f 884/948/1803 871/949/255 879/950/1804
f 879/950/1805 871/949/35 872/951/34
f 879/950/1806 872/951/301 875/952/1807
f 879/950/1808 875/952/1809 874/955/1729
f 884/948/1810 879/950/1811 878/957/1812
f 878/957/1813 879/950/1808 874/955/1729
f 884/948/1814 878/957/1812 883/959/1815
f 887/962/1816 882/960/1817 881/975/1818
f 887/962/1816 881/975/1818 886/969/1819
f 886/969/1757 881/975/1820 880/971/1762
f 889/946/1821 884/948/1822 883/959/1815
f 889/946/1823 883/959/1824 888/961/1825
f 891/964/1826 887/962/1827 886/969/1828
f 890/967/1829 891/964/1830 886/969/1831
f 893/944/1832 889/946/1833 888/961/1825
f 893/944/1832 888/961/1834 892/963/1835
f 873/942/1836 893/944/1837 892/963/1838
f 894/979/1839 873/942/1840 892/963/1841
f 912/940/1842 895/941/681 913/942/1843
f 913/942/1844 895/941/77 896/943/72
f 913/942/1845 896/943/1846 915/944/1847
f 915/944/1848 896/943/10 897/945/1849
f 915/944/1850 897/945/1851 919/946/1852
f 919/946/1853 897/945/1851 898/947/1854
f 919/946/1855 898/947/1856 924/948/1857
f 924/948/1857 898/947/1856 899/949/1858
f 924/948/1859 899/949/1860 929/950/1861
f 929/950/1861 899/949/3 900/951/1862
f 929/950/1863 900/951/1862 933/952/1864
f 933/952/1865 900/951/67 901/953/66
f 933/952/1866 901/953/1867 902/954/1868
f 933/952/1869 902/954/1870 934/955/1871
f 934/955/1872 902/954/1868 903/956/1873
f 934/955/1874 903/956/1875 930/957/1876
f 930/957/1876 903/956/1877 931/958/1878
f 930/957/1879 931/958/1880 925/959/1881
f 925/959/1881 931/958/1880 926/960/1882
f 925/959/1883 926/960/1884 920/961/1885
f 920/961/1886 926/960/1887 921/962/1888
f 920/961/1889 921/962/1890 916/963/1891
f 916/963/1892 921/962/1893 917/964/1894
f 916/963/1895 917/964/1896 911/965/1897
f 911/965/1104 917/964/1898 910/966/653
f 910/966/1413 917/964/1899 918/967/1900
f 910/966/650 918/967/1901 909/968/1098
f 909/968/689 918/967/1902 922/969/1903
f 909/968/1904 922/969/1905 923/970/1906
f 923/970/1907 922/969/1908 928/971/1909
f 923/970/1910 928/971/1911 907/972/1912
f 907/972/1912 928/971/1911 906/973/1913
f 906/973/1914 928/971/1915 905/974/1916
f 905/974/1917 928/971/1918 927/975/1919
f 905/974/1920 927/975/1921 932/976/1922
f 932/976/1923 927/975/1924 926/960/1925
f 932/976/1926 926/960/1925 931/958/1927
f 903/956/1877 904/977/1928 931/958/1929
f 931/958/1930 904/977/1931 932/976/1932
f 904/977/1933 905/974/1934 932/976/1935
f 907/972/592 908/978/591 923/970/1907
f 923/970/1936 908/978/591 909/968/1108
f 916/963/1895 911/965/1897 914/979/1937
f 914/979/1938 911/965/1897 912/940/1939
f 914/979/1940 912/940/1358 913/942/1941
f 916/963/1942 914/979/1943 913/942/1944
f 920/961/1945 916/963/1946 915/944/1947
f 915/944/1948 916/963/1942 913/942/1949
f 922/969/1950 918/967/1900 917/964/1951
f 922/969/1950 917/964/1952 921/962/1953
f 925/959/1954 920/961/1955 919/946/1956
f 919/946/1957 920/961/1958 915/944/1948
f 926/960/1887 927/975/1924 921/962/1959
f 921/962/1960 927/975/1961 922/969/1962
f 927/975/1921 928/971/1909 922/969/1908
f 930/957/1963 925/959/1964 924/948/1965
f 924/948/1966 925/959/1967 919/946/1968
f 934/955/1871 930/957/1969 929/950/1970
f 929/950/1970 930/957/1971 924/948/1972
f 933/952/1973 934/955/1871 929/950/1970
f 936/927/1162 958/919/1974 935/921/1161
f 935/921/1975 958/919/1976 957/920/1977
f 935/921/1651 957/920/1977 952/922/1978
f 952/922/1979 957/920/1980 951/923/1981
f 951/923/1982 957/920/1983 956/924/1984
f 951/923/1985 956/924/1984 972/925/1986
f 972/925/1987 956/924/1988 955/909/1989
f 972/925/1987 955/909/1989 971/907/1990
f 971/907/1991 955/909/1992 954/908/1993
f 971/907/1994 954/908/1995 970/906/1996
f 970/906/1997 954/908/1998 953/937/1999
f 970/906/2000 953/937/2001 969/939/2002
f 969/939/2003 953/937/2004 945/938/2005
f 969/939/2006 945/938/61 946/900/62
f 936/927/468 937/917/1163 958/919/2007
f 958/919/2008 937/917/2009 959/918/2010
f 958/919/2011 959/918/2012 957/920/2013
f 957/920/2014 959/918/2015 956/924/2016
f 959/918/2017 937/917/2018 963/916/2019
f 963/916/2020 937/917/471 938/915/1540
f 963/916/2021 938/915/1540 964/913/2022
f 964/913/2023 938/915/1165 939/914/1166
f 964/913/2023 939/914/2024 965/912/2025
f 965/912/2025 939/914/1187 967/928/2026
f 965/912/2027 967/928/2028 968/930/2029
f 968/930/2030 967/928/2031 940/929/1482
f 968/930/2032 940/929/1482 941/931/80
f 939/914/1187 940/929/1168 967/928/2033
f 941/931/49 942/932/54 968/930/2034
f 968/930/2035 942/932/2036 966/933/2037
f 968/930/2038 966/933/2039 965/912/2027
f 965/912/2040 966/933/2039 961/910/2041
f 965/912/2042 961/910/2043 960/911/2044
f 960/911/2045 961/910/2046 955/909/2047
f 960/911/2048 955/909/2049 956/924/2050
f 942/932/51 943/934/53 966/933/2051
f 966/933/2052 943/934/2053 962/935/2054
f 966/933/2055 962/935/2056 961/910/2057
f 961/910/2057 962/935/2058 954/908/2059
f 961/910/2046 954/908/2060 955/909/2047
f 943/934/52 944/936/2061 962/935/2062
f 962/935/2063 944/936/2064 953/937/2065
f 962/935/2066 953/937/2067 954/908/2068
f 944/936/2064 945/938/2069 953/937/2065
f 969/939/2070 946/900/2071 973/902/2072
f 973/902/2073 946/900/65 947/901/64
f 973/902/2074 947/901/1666 948/903/1665
f 973/902/2075 948/903/1660 974/904/2076
f 974/904/2077 948/903/2078 949/905/2079
f 974/904/2080 949/905/2081 970/906/2082
f 970/906/2082 949/905/2081 971/907/2083
f 949/905/2084 950/926/2085 971/907/2083
f 971/907/1990 950/926/2086 972/925/1987
f 950/926/2087 951/923/2088 972/925/2089
f 960/911/2090 956/924/2091 959/918/2092
f 963/916/2093 964/913/2094 959/918/2095
f 959/918/2095 964/913/2096 960/911/2048
f 964/913/2097 965/912/2098 960/911/2044
f 974/904/2076 970/906/2000 969/939/2002
f 973/902/2099 974/904/2076 969/939/2002
f 992/951/54 975/953/49 995/952/2100
f 995/952/2101 975/953/69 976/954/1789
f 995/952/2102 976/954/2103 994/955/2104
f 994/955/2105 976/954/1156 977/956/2106
f 994/955/2107 977/956/2108 998/957/2109
f 998/957/2110 977/956/2108 997/958/2111
f 998/957/2110 997/958/2112 1003/959/2113
f 1003/959/2113 997/958/2114 1002/960/2115
f 1003/959/2116 1002/960/2117 1008/961/2118
f 1008/961/2118 1002/960/2117 1007/962/2119
f 1008/961/2120 1007/962/2121 1012/963/2122
f 1012/963/2122 1007/962/2123 1011/964/2124
f 1012/963/2125 1011/964/2126 985/965/2127
f 985/965/2128 1011/964/2126 984/966/1928
f 984/966/1933 1011/964/2129 1010/967/2130
f 984/966/1933 1010/967/2130 983/968/2131
f 983/968/2132 1010/967/2133 1006/969/2134
f 983/968/2135 1006/969/2136 1005/970/2137
f 1005/970/2138 1006/969/2139 1000/971/2140
f 1005/970/2141 1000/971/2142 981/972/2143
f 981/972/227 1000/971/2144 980/973/1150
f 980/973/233 1000/971/2144 979/974/1151
f 979/974/2145 1000/971/2146 1001/975/2147
f 979/974/1755 1001/975/2148 996/976/2149
f 996/976/2150 1001/975/2151 1002/960/2152
f 996/976/2150 1002/960/2153 997/958/2154
f 977/956/294 978/977/1154 997/958/2155
f 997/958/2156 978/977/2157 996/976/2158
f 978/977/292 979/974/1152 996/976/2158
f 981/972/1912 982/978/2159 1005/970/2141
f 1005/970/2137 982/978/2160 983/968/2161
f 1012/963/2125 985/965/2127 1014/979/2162
f 1014/979/2163 985/965/1873 986/940/2164
f 1014/979/2165 986/940/2166 993/942/2167
f 993/942/2168 986/940/2169 987/941/2170
f 993/942/2171 987/941/64 988/943/2172
f 993/942/2173 988/943/2174 1013/944/2175
f 1013/944/2176 988/943/62 989/945/61
f 1013/944/2177 989/945/2178 1009/946/2179
f 1009/946/2180 989/945/2181 990/947/56
f 1009/946/2182 990/947/2183 1004/948/2184
f 1004/948/2185 990/947/2186 991/949/55
f 1004/948/2185 991/949/2187 999/950/2188
f 999/950/2189 991/949/53 992/951/2190
f 999/950/2191 992/951/2190 995/952/2192
f 999/950/2193 995/952/2194 994/955/2195
f 1004/948/2196 999/950/2197 998/957/2198
f 998/957/2199 999/950/2200 994/955/2195
f 1004/948/2196 998/957/2198 1003/959/2201
f 1007/962/2202 1002/960/2203 1001/975/2204
f 1007/962/2202 1001/975/2205 1006/969/2206
f 1006/969/2139 1001/975/2147 1000/971/2140
f 1009/946/2207 1004/948/2196 1003/959/2208
f 1009/946/2207 1003/959/2201 1008/961/2209
f 1011/964/2210 1007/962/2211 1006/969/2212
f 1010/967/2213 1011/964/2214 1006/969/2212
f 1013/944/2215 1009/946/2216 1008/961/2217
f 1013/944/2215 1008/961/2217 1012/963/2218
f 993/942/2219 1013/944/2220 1012/963/2221
f 1014/979/2222 993/942/2223 1012/963/2221
f 986/980/2169 1015/981/2169 987/982/2170
f 987/982/2170 1015/981/2169 1016/983/2169
f 987/982/2170 1016/983/2169 1017/984/2169
f 1017/984/2164 1016/983/2164 1030/985/1873
f 1017/984/2164 1030/985/1873 1031/986/1873
f 1031/986/2224 1030/985/2224 1044/987/1928
f 1031/986/2224 1044/987/1928 1045/988/1928
f 1045/988/1931 1044/987/1931 1058/989/2131
f 1045/988/2225 1058/989/2131 1059/990/2131
f 1059/990/1917 1058/989/1917 1072/991/2226
f 1059/990/1917 1072/991/2226 1073/992/2226
f 1073/992/2159 1072/991/2159 981/993/1912
f 1073/992/2159 981/993/1912 907/994/1912
f 1015/981/2164 986/980/2164 1028/995/1873
f 1028/995/1873 986/980/2164 985/996/1873
f 1028/995/2224 985/996/2224 1041/997/1928
f 1041/997/1928 985/996/2224 984/998/1928
f 1041/997/1931 984/998/1931 1054/999/2131
f 1054/999/2131 984/998/2225 983/1000/2131
f 1054/999/1917 983/1000/1917 1067/1001/2226
f 1067/1001/2226 983/1000/1917 982/1002/2226
f 1067/1001/2159 982/1002/2159 981/993/1912
f 906/1003/2159 1079/1004/2159 907/994/1912
f 907/994/1912 1079/1004/2159 1078/1005/2159
f 907/994/1912 1078/1005/2159 1077/1006/2159
f 1077/1006/2226 1078/1005/2226 1064/1007/1917
f 1077/1006/2226 1064/1007/1917 1063/1008/1917
f 1063/1008/2131 1064/1007/2131 1050/1009/2225
f 1063/1008/2131 1050/1009/1931 1049/1010/1931
f 1049/1010/1928 1050/1009/1928 1036/1011/2224
f 1049/1010/1928 1036/1011/2224 1035/1012/2224
f 1035/1012/1873 1036/1011/1873 1022/1013/2164
f 1035/1012/1873 1022/1013/2164 1021/1014/2164
f 1021/1014/2227 1022/1013/2227 901/1015/2228
f 1021/1014/2169 901/1015/2170 987/982/2170
f 1079/1004/2226 906/1003/2226 1066/1016/1917
f 1066/1016/1917 906/1003/2226 905/1017/1917
f 1066/1016/2131 905/1017/2131 1053/1018/2225
f 1053/1018/1931 905/1017/2131 904/1019/1931
f 1053/1018/1928 904/1019/1928 1040/1020/2224
f 1040/1020/2224 904/1019/1928 903/1021/2224
f 1040/1020/1873 903/1021/1873 1027/1022/2164
f 1027/1022/2164 903/1021/1873 902/1023/2164
f 1027/1022/2169 902/1023/2169 901/1015/2170
f 1016/983/2164 1015/981/2164 1029/1024/1873
f 1029/1024/1873 1015/981/2164 1028/995/1873
f 1029/1024/2224 1028/995/2224 1042/1025/1928
f 1042/1025/1928 1028/995/2224 1041/997/1928
f 1042/1025/1931 1041/997/1931 1055/1026/2131
f 1055/1026/2131 1041/997/2225 1054/999/2131
f 1055/1026/1917 1054/999/1917 1068/1027/2226
f 1068/1027/2226 1054/999/1917 1067/1001/2226
f 1068/1027/2159 1067/1001/2159 981/993/1912
f 1017/984/2227 1018/1028/2227 987/982/2170
f 987/982/2170 1018/1028/2169 1019/1029/2169
f 987/982/2170 1019/1029/2169 1020/1030/2169
f 1020/1030/2164 1019/1029/2164 1033/1031/1873
f 1020/1030/2164 1033/1031/1873 1034/1032/1873
f 1034/1032/2224 1033/1031/2224 1047/1033/1928
f 1034/1032/2224 1047/1033/1928 1048/1034/1928
f 1048/1034/1931 1047/1033/1931 1061/1035/2131
f 1048/1034/2225 1061/1035/2131 1062/1036/2131
f 1062/1036/1917 1061/1035/1917 1075/1037/2226
f 1062/1036/1917 1075/1037/2226 1076/1038/2226
f 1076/1038/2159 1075/1037/2159 907/994/1912
f 1076/1038/2159 907/994/1912 1077/1006/2159
f 1017/984/2164 1031/986/1873 1018/1028/2164
f 1018/1028/2164 1031/986/1873 1032/1039/1873
f 1018/1028/2164 1032/1039/1873 1019/1029/2164
f 1019/1029/2164 1032/1039/1873 1033/1031/1873
f 1021/1014/2169 987/982/2170 1020/1030/2169
f 1035/1012/1873 1021/1014/2164 1034/1032/1873
f 1034/1032/1873 1021/1014/2164 1020/1030/2164
f 1022/1013/1868 1023/1040/1868 901/1015/2170
f 901/1015/2170 1023/1040/2169 1024/1041/2169
f 901/1015/2170 1024/1041/2169 1025/1042/2169
f 1025/1042/2164 1024/1041/2164 1038/1043/1873
f 1025/1042/2164 1038/1043/1873 1039/1044/1873
f 1039/1044/2224 1038/1043/2224 1052/1045/1928
f 1039/1044/2224 1052/1045/1928 1053/1018/1928
f 1053/1018/1931 1052/1045/1931 1066/1016/2131
f 1022/1013/2164 1036/1011/1873 1023/1040/2164
f 1023/1040/2164 1036/1011/1873 1037/1046/1873
f 1023/1040/2164 1037/1046/1873 1024/1041/2164
f 1024/1041/2164 1037/1046/1873 1038/1043/1873
f 1027/1022/2169 901/1015/2170 1026/1047/2169
f 1026/1047/2227 901/1015/2170 1025/1042/2227
f 1026/1047/2164 1025/1042/2164 1039/1044/1873
f 1040/1020/1873 1027/1022/2164 1026/1047/2164
f 1040/1020/1873 1026/1047/2164 1039/1044/1873
f 1016/983/2164 1029/1024/1873 1030/985/1873
f 1030/985/2224 1029/1024/2224 1043/1048/1928
f 1030/985/2224 1043/1048/1928 1044/987/1928
f 1044/987/1931 1043/1048/1931 1057/1049/2131
f 1044/987/2225 1057/1049/2131 1058/989/2131
f 1058/989/1917 1057/1049/1917 1071/1050/2226
f 1058/989/1917 1071/1050/2226 1072/991/2226
f 1072/991/2229 1071/1050/2229 981/993/1912
f 1043/1048/1928 1029/1024/2224 1042/1025/1928
f 1031/986/2224 1045/988/1928 1032/1039/2224
f 1032/1039/2224 1045/988/1928 1046/1051/1928
f 1032/1039/2224 1046/1051/1928 1033/1031/2224
f 1033/1031/2224 1046/1051/1928 1047/1033/1928
f 1049/1010/1928 1035/1012/2224 1048/1034/1928
f 1048/1034/1928 1035/1012/2224 1034/1032/2224
f 1036/1011/2224 1050/1009/1928 1037/1046/2224
f 1037/1046/2224 1050/1009/1928 1051/1052/1928
f 1037/1046/2224 1051/1052/1928 1038/1043/2224
f 1038/1043/2224 1051/1052/1928 1052/1045/1928
f 1053/1018/1928 1040/1020/2224 1039/1044/2224
f 1043/1048/1931 1042/1025/1931 1056/1053/2131
f 1056/1053/2131 1042/1025/2225 1055/1026/2131
f 1056/1053/1917 1055/1026/1917 1069/1054/2226
f 1069/1054/2226 1055/1026/1917 1068/1027/2226
f 1069/1054/2159 1068/1027/2159 981/993/1912
f 1045/988/1931 1059/990/2131 1046/1051/1931
f 1046/1051/2225 1059/990/2131 1060/1055/2131
f 1046/1051/1931 1060/1055/2131 1047/1033/1931
f 1047/1033/2225 1060/1055/2131 1061/1035/2131
f 1063/1008/2131 1049/1010/2225 1062/1036/2131
f 1062/1036/2131 1049/1010/1931 1048/1034/1931
f 1050/1009/1931 1064/1007/2131 1051/1052/1931
f 1051/1052/2225 1064/1007/2131 1065/1056/2131
f 1051/1052/1931 1065/1056/2131 1052/1045/1931
f 1052/1045/2225 1065/1056/2131 1066/1016/2131
f 1043/1048/2225 1056/1053/2131 1057/1049/2131
f 1057/1049/1917 1056/1053/1917 1070/1057/2226
f 1057/1049/1917 1070/1057/2226 1071/1050/2226
f 1071/1050/2159 1070/1057/2159 981/993/1912
f 1070/1057/2226 1056/1053/1917 1069/1054/2226
f 1059/990/1917 1073/992/2226 1060/1055/1917
f 1060/1055/1917 1073/992/2226 1074/1058/2226
f 1060/1055/1917 1074/1058/2226 1061/1035/1917
f 1061/1035/1917 1074/1058/2226 1075/1037/2226
f 1077/1006/2226 1063/1008/1917 1076/1038/2226
f 1076/1038/2226 1063/1008/1917 1062/1036/1917
f 1079/1004/2226 1066/1016/1917 1065/1056/1917
f 1079/1004/2226 1065/1056/1917 1078/1005/2226
f 1078/1005/2226 1065/1056/1917 1064/1007/1917
f 981/993/1912 1070/1057/2159 1069/1054/2159
f 907/994/1912 1075/1037/2159 1074/1058/2159
f 1074/1058/2159 1073/992/2159 907/994/1912
f 946/1059/2172 1080/1060/2172 947/1061/64
f 947/1061/64 1080/1060/63 1081/1062/63
f 947/1061/64 1081/1062/2172 1082/1063/2172
f 1082/1063/62 1081/1062/62 1101/1064/61
f 1082/1063/62 1101/1064/61 1102/1065/61
f 1102/1065/60 1101/1064/60 1121/1066/56
f 1102/1065/60 1121/1066/58 1122/1067/58
f 1122/1067/57 1121/1066/57 1141/1068/55
f 1122/1067/57 1141/1068/55 1142/1069/55
f 1142/1069/53 1141/1068/53 1161/1070/51
f 1142/1069/53 1161/1070/51 1162/1071/51
f 1162/1071/51 1161/1070/51 941/1072/2230
f 1162/1071/50 941/1072/49 1163/1073/50
f 1163/1073/2231 941/1072/2232 1164/1074/2231
f 1163/1073/51 1164/1074/51 1144/1075/53
f 1144/1075/53 1164/1074/51 1145/1076/53
f 1144/1075/55 1145/1076/55 1125/1077/57
f 1125/1077/57 1145/1076/55 1126/1078/57
f 1125/1077/58 1126/1078/58 1106/1079/60
f 1106/1079/60 1126/1078/2233 1107/1080/60
f 1106/1079/61 1107/1080/61 1087/1081/62
f 1087/1081/62 1107/1080/2234 1088/1082/62
f 1087/1081/63 1088/1082/63 947/1061/64
f 947/1061/64 1088/1082/65 1089/654/65
f 947/1061/64 1089/654/63 987/1083/64
f 987/1083/64 1089/654/65 1090/1084/65
f 987/1083/64 1090/1084/2172 1091/1085/2172
f 1091/1085/62 1090/1084/62 1110/1086/61
f 1091/1085/2235 1110/1086/61 1111/1087/61
f 1111/1087/60 1110/1086/60 1130/1088/2233
f 1111/1087/60 1130/1088/58 1131/1089/58
f 1131/1089/57 1130/1088/57 1150/1090/55
f 1131/1089/57 1150/1090/55 1151/1091/55
f 1151/1091/53 1150/1090/53 1170/666/51
f 1151/1091/53 1170/666/51 1171/1092/51
f 1171/1092/50 1170/666/50 975/1093/49
f 1171/1092/2236 975/1093/48 1172/1094/2236
f 1172/1094/71 975/1093/69 1173/1095/71
f 1172/1094/51 1173/1095/51 1153/1096/53
f 1153/1096/53 1173/1095/51 1154/1097/53
f 1153/1096/55 1154/1097/55 1134/1098/57
f 1134/1098/57 1154/1097/55 1135/1099/57
f 1134/1098/58 1135/1099/58 1115/1100/60
f 1115/1100/60 1135/1099/2233 1116/1101/60
f 1115/1100/61 1116/1101/61 1096/1102/62
f 1096/1102/62 1116/1101/61 1097/1103/62
f 1096/1102/2172 1097/1103/2172 987/1083/64
f 987/1083/64 1097/1103/63 1098/1104/63
f 987/1083/64 1098/1104/2172 988/1105/2172
f 988/1105/62 1098/1104/62 989/1106/61
f 989/1106/61 1098/1104/62 1117/1107/61
f 989/1106/60 1117/1107/60 990/1108/2233
f 990/1108/58 1117/1107/60 1136/1109/58
f 990/1108/57 1136/1109/57 991/1110/55
f 991/1110/55 1136/1109/57 1155/1111/55
f 991/1110/53 1155/1111/53 992/1112/51
f 992/1112/51 1155/1111/53 1174/1113/51
f 992/1112/50 1174/1113/50 975/1093/49
f 975/1093/49 1174/1113/50 1173/1095/50
f 1080/1060/62 946/1059/62 1099/1114/61
f 1099/1114/61 946/1059/62 945/1115/61
f 1099/1114/60 945/1115/60 1118/1116/2233
f 1118/1116/58 945/1115/60 944/1117/58
f 1118/1116/57 944/1117/57 1137/1118/55
f 1137/1118/55 944/1117/57 943/1119/55
f 1137/1118/53 943/1119/53 1156/1120/51
f 1156/1120/51 943/1119/53 942/1121/51
f 1156/1120/50 942/1121/50 941/1072/49
f 1164/1074/50 941/1072/49 1165/650/50
f 1165/650/54 941/1072/49 975/1093/49
f 1165/650/2237 975/1093/2238 1166/1122/2237
f 1166/1122/2239 975/1093/2240 1167/1123/2239
f 1166/1122/51 1167/1123/51 1147/1124/53
f 1147/1124/53 1167/1123/51 1148/1125/53
f 1147/1124/55 1148/1125/55 1128/1126/57
f 1128/1126/57 1148/1125/55 1129/1127/57
f 1128/1126/58 1129/1127/58 1109/1128/60
f 1109/1128/60 1129/1127/58 1110/1086/60
f 1109/1128/61 1110/1086/61 1090/1084/62
f 1081/1062/62 1080/1060/62 1100/1129/61
f 1100/1129/61 1080/1060/62 1099/1114/61
f 1100/1129/60 1099/1114/60 1119/1130/58
f 1119/1130/58 1099/1114/60 1118/1116/58
f 1119/1130/57 1118/1116/57 1138/1131/55
f 1138/1131/55 1118/1116/57 1137/1118/55
f 1138/1131/53 1137/1118/53 1157/1132/51
f 1157/1132/51 1137/1118/53 1156/1120/51
f 1157/1132/50 1156/1120/50 941/1072/49
f 1082/1063/63 1083/1133/63 947/1061/64
f 947/1061/64 1083/1133/2172 1084/1134/2172
f 947/1061/64 1084/1134/65 1085/1135/65
f 1085/1135/62 1084/1134/62 1104/1136/61
f 1085/1135/62 1104/1136/61 1105/1137/61
f 1105/1137/60 1104/1136/60 1124/1138/2233
f 1105/1137/60 1124/1138/58 1125/1077/58
f 1125/1077/57 1124/1138/57 1144/1075/55
f 1082/1063/62 1102/1065/61 1083/1133/62
f 1083/1133/62 1102/1065/61 1103/1139/61
f 1083/1133/62 1103/1139/61 1084/1134/62
f 1084/1134/62 1103/1139/61 1104/1136/61
f 1087/1081/63 947/1061/64 1086/1140/63
f 1086/1140/63 947/1061/64 1085/1135/63
f 1086/1140/62 1085/1135/62 1105/1137/61
f 1106/1079/2234 1087/1081/62 1086/1140/62
f 1106/1079/61 1086/1140/62 1105/1137/61
f 1109/1128/61 1090/1084/62 1089/654/62
f 1089/654/62 1088/1082/62 1108/1141/2234
f 1108/1141/61 1088/1082/62 1107/1080/61
f 1108/1141/60 1107/1080/60 1127/652/58
f 1127/652/56 1107/1080/60 1126/1078/56
f 1127/652/57 1126/1078/57 1146/1142/2241
f 1146/1142/55 1126/1078/57 1145/1076/55
f 1146/1142/53 1145/1076/53 1165/650/51
f 1165/650/51 1145/1076/53 1164/1074/51
f 1091/1085/65 1092/1143/65 987/1083/64
f 987/1083/64 1092/1143/63 1093/1144/63
f 987/1083/64 1093/1144/63 1094/662/63
f 1094/662/62 1093/1144/62 1113/1145/61
f 1094/662/62 1113/1145/61 1114/1146/61
f 1114/1146/60 1113/1145/60 1133/1147/58
f 1114/1146/60 1133/1147/58 1134/1098/58
f 1134/1098/57 1133/1147/57 1153/1096/55
f 1091/1085/62 1111/1087/61 1092/1143/62
f 1092/1143/62 1111/1087/61 1112/1148/61
f 1092/1143/62 1112/1148/61 1093/1144/62
f 1093/1144/62 1112/1148/61 1113/1145/61
f 1096/1102/63 987/1083/64 1095/1149/63
f 1095/1149/65 987/1083/64 1094/662/65
f 1095/1149/62 1094/662/62 1114/1146/2234
f 1115/1100/61 1096/1102/62 1095/1149/62
f 1115/1100/61 1095/1149/62 1114/1146/61
f 1117/1107/61 1098/1104/62 1097/1103/62
f 1117/1107/61 1097/1103/62 1116/1101/61
f 1081/1062/62 1100/1129/61 1101/1064/61
f 1101/1064/60 1100/1129/60 1120/1150/2233
f 1101/1064/60 1120/1150/58 1121/1066/58
f 1121/1066/57 1120/1150/57 1140/1151/55
f 1121/1066/57 1140/1151/55 1141/1068/55
f 1141/1068/53 1140/1151/53 1160/1152/51
f 1141/1068/53 1160/1152/51 1161/1070/51
f 1161/1070/51 1160/1152/51 941/1072/2230
f 1120/1150/58 1100/1129/60 1119/1130/58
f 1102/1065/60 1122/1067/2233 1103/1139/60
f 1103/1139/60 1122/1067/58 1123/1153/58
f 1103/1139/60 1123/1153/2233 1104/1136/60
f 1104/1136/60 1123/1153/58 1124/1138/58
f 1125/1077/2233 1106/1079/60 1105/1137/60
f 1128/1126/2233 1109/1128/60 1108/1141/60
f 1108/1141/61 1109/1128/61 1089/654/62
f 1128/1126/58 1108/1141/60 1127/652/58
f 1130/1088/58 1110/1086/60 1129/1127/58
f 1111/1087/60 1131/1089/58 1112/1148/60
f 1112/1148/60 1131/1089/58 1132/1154/58
f 1112/1148/60 1132/1154/2233 1113/1145/60
f 1113/1145/60 1132/1154/56 1133/1147/56
f 1134/1098/58 1115/1100/60 1114/1146/60
f 1136/1109/2233 1117/1107/60 1116/1101/60
f 1136/1109/58 1116/1101/60 1135/1099/58
f 1120/1150/57 1119/1130/57 1139/1155/55
f 1139/1155/55 1119/1130/57 1138/1131/55
f 1139/1155/53 1138/1131/53 1158/1156/51
f 1158/1156/51 1138/1131/53 1157/1132/51
f 1158/1156/71 1157/1132/71 941/1072/69
f 1122/1067/57 1142/1069/55 1123/1153/57
f 1123/1153/57 1142/1069/55 1143/1157/55
f 1123/1153/57 1143/1157/55 1124/1138/57
f 1124/1138/57 1143/1157/55 1144/1075/55
f 1147/1124/55 1128/1126/57 1127/652/57
f 1147/1124/55 1127/652/57 1146/1142/55
f 1130/1088/57 1129/1127/57 1149/1158/55
f 1149/1158/55 1129/1127/57 1148/1125/55
f 1149/1158/53 1148/1125/53 1168/1159/51
f 1168/1159/51 1148/1125/53 1167/1123/51
f 1168/1159/2242 1167/1123/2242 975/1093/2243
f 1131/1089/57 1151/1091/55 1132/1154/57
f 1132/1154/57 1151/1091/55 1152/1160/55
f 1132/1154/57 1152/1160/55 1133/1147/57
f 1133/1147/57 1152/1160/55 1153/1096/55
f 1155/1111/55 1136/1109/57 1135/1099/57
f 1155/1111/55 1135/1099/57 1154/1097/55
f 1120/1150/57 1139/1155/55 1140/1151/55
f 1140/1151/53 1139/1155/53 1159/1161/51
f 1140/1151/53 1159/1161/51 1160/1152/51
f 1160/1152/2236 1159/1161/2236 941/1072/48
f 1159/1161/51 1139/1155/53 1158/1156/51
f 1163/1073/51 1144/1075/53 1143/1157/53
f 1163/1073/51 1143/1157/53 1162/1071/51
f 1162/1071/51 1143/1157/53 1142/1069/53
f 1166/1122/51 1147/1124/53 1146/1142/53
f 1166/1122/51 1146/1142/53 1165/650/51
f 1130/1088/57 1149/1158/55 1150/1090/55
f 1150/1090/53 1149/1158/53 1169/1162/51
f 1150/1090/53 1169/1162/51 1170/666/51
f 1170/666/51 1169/1162/51 975/1093/2230
f 1169/1162/51 1149/1158/53 1168/1159/51
f 1172/1094/51 1153/1096/53 1152/1160/53
f 1172/1094/51 1152/1160/53 1171/1092/51
f 1171/1092/51 1152/1160/53 1151/1091/53
f 1174/1113/51 1155/1111/53 1154/1097/53
f 1174/1113/51 1154/1097/53 1173/1095/51
f 941/1072/69 1159/1161/71 1158/1156/71
f 975/1093/49 1169/1162/71 1168/1159/71
f 975/1163/272 867/1164/272 976/1165/1789
f 976/1165/1789 867/1164/272 866/640/1789
f 976/1165/1156 866/640/1156 977/1166/1155
f 977/1166/1155 866/640/1156 865/1167/1155
f 977/1166/294 865/1167/294 978/1168/1154
f 978/1168/1154 865/1167/294 864/639/1154
f 978/1168/292 864/639/292 979/1169/1152
f 979/1169/1755 864/639/1153 863/1170/1755
f 979/1169/1755 863/1170/1755 980/1171/233
f 980/1171/233 863/1170/234 862/638/233
f 980/1171/228 862/638/228 981/1172/227
f 981/1172/227 862/638/228 861/1173/227
f 827/980/2244 1175/981/2244 828/982/1666
f 828/982/1666 1175/981/2244 1176/983/2244
f 828/982/1666 1176/983/2244 1177/984/2244
f 1177/984/2245 1176/983/2245 1190/985/2246
f 1177/984/2245 1190/985/2246 1191/986/2246
f 1191/986/2247 1190/985/2247 1204/987/2248
f 1191/986/2247 1204/987/2249 1205/988/2249
f 1205/988/2250 1204/987/2250 1218/989/2251
f 1205/988/2252 1218/989/2251 1219/990/2251
f 1219/990/2253 1218/989/2253 1232/991/2254
f 1219/990/2253 1232/991/2254 1233/992/2254
f 1233/992/1652 1232/991/1652 822/993/1651
f 1233/992/2255 822/993/1651 935/994/1651
f 1175/981/2245 827/980/2245 1188/995/2246
f 1188/995/2246 827/980/2245 826/996/2246
f 1188/995/2247 826/996/2247 1201/997/2248
f 1201/997/2249 826/996/2247 825/998/2249
f 1201/997/2250 825/998/2250 1214/999/2251
f 1214/999/2251 825/998/2252 824/1000/2251
f 1214/999/2253 824/1000/2253 1227/1001/2254
f 1227/1001/2254 824/1000/2253 823/1002/2254
f 1227/1001/2255 823/1002/2256 822/993/1651
f 952/1003/2255 1239/1004/2255 935/994/1651
f 935/994/1651 1239/1004/2255 1238/1005/2255
f 935/994/1651 1238/1005/1652 1237/1006/1652
f 1237/1006/2254 1238/1005/2254 1224/1007/2253
f 1237/1006/2254 1224/1007/2253 1223/1008/2253
f 1223/1008/2251 1224/1007/2251 1210/1009/2252
f 1223/1008/2251 1210/1009/2250 1209/1010/2250
f 1209/1010/2249 1210/1009/2249 1196/1011/2247
f 1209/1010/2248 1196/1011/2247 1195/1012/2247
f 1195/1012/2246 1196/1011/2246 1182/1013/2245
f 1195/1012/2246 1182/1013/2245 1181/1014/2245
f 1181/1014/2244 1182/1013/2244 947/1015/1666
f 1181/1014/2244 947/1015/1666 828/982/1666
f 1239/1004/2254 952/1003/2254 1226/1016/2253
f 1226/1016/2253 952/1003/2254 951/1017/2253
f 1226/1016/2251 951/1017/2251 1213/1018/2252
f 1213/1018/2250 951/1017/2251 950/1019/2250
f 1213/1018/2249 950/1019/2249 1200/1020/2247
f 1200/1020/2247 950/1019/2248 949/1021/2247
f 1200/1020/2246 949/1021/2246 1187/1022/2245
f 1187/1022/2245 949/1021/2246 948/1023/2245
f 1187/1022/2244 948/1023/2244 947/1015/1666
f 1176/983/2245 1175/981/2245 1189/1024/2246
f 1189/1024/2246 1175/981/2245 1188/995/2246
f 1189/1024/2247 1188/995/2247 1202/1025/2249
f 1202/1025/2248 1188/995/2247 1201/997/2248
f 1202/1025/2250 1201/997/2250 1215/1026/2251
f 1215/1026/2251 1201/997/2252 1214/999/2251
f 1215/1026/2253 1214/999/2253 1228/1027/2254
f 1228/1027/2254 1214/999/2253 1227/1001/2254
f 1228/1027/2255 1227/1001/2255 822/993/1651
f 1177/984/1665 1178/1028/1665 828/982/1666
f 828/982/1666 1178/1028/2244 1179/1029/2244
f 828/982/1666 1179/1029/2244 1180/1030/2244
f 1180/1030/2245 1179/1029/2245 1193/1031/2246
f 1180/1030/2245 1193/1031/2246 1194/1032/2246
f 1194/1032/2247 1193/1031/2247 1207/1033/2249
f 1194/1032/2247 1207/1033/2249 1208/1034/2249
f 1208/1034/2250 1207/1033/2250 1221/1035/2251
f 1208/1034/2252 1221/1035/2251 1222/1036/2251
f 1222/1036/2253 1221/1035/2253 1235/1037/2254
f 1222/1036/2253 1235/1037/2254 1236/1038/2254
f 1236/1038/2255 1235/1037/2255 935/994/1651
f 1236/1038/2255 935/994/1651 1237/1006/2255
f 1177/984/2245 1191/986/2246 1178/1028/2245
f 1178/1028/2245 1191/986/2246 1192/1039/2246
f 1178/1028/2245 1192/1039/2246 1179/1029/2245
f 1179/1029/2245 1192/1039/2246 1193/1031/2246
f 1181/1014/1665 828/982/2228 1180/1030/1665
f 1195/1012/2246 1181/1014/2245 1194/1032/2246
f 1194/1032/2246 1181/1014/2245 1180/1030/2245
f 1182/1013/2257 1183/1040/2257 947/1015/1666
f 947/1015/1666 1183/1040/2244 1184/1041/2244
f 947/1015/1666 1184/1041/2244 1185/1042/2244
f 1185/1042/2245 1184/1041/2245 1198/1043/2246
f 1185/1042/2245 1198/1043/2246 1199/1044/2246
f 1199/1044/2247 1198/1043/2247 1212/1045/2249
f 1199/1044/2247 1212/1045/2249 1213/1018/2249
f 1213/1018/2250 1212/1045/2250 1226/1016/2251
f 1182/1013/2245 1196/1011/2246 1183/1040/2245
f 1183/1040/2245 1196/1011/2246 1197/1046/2246
f 1183/1040/2245 1197/1046/2246 1184/1041/2245
f 1184/1041/2245 1197/1046/2246 1198/1043/2246
f 1187/1022/2244 947/1015/1666 1186/1047/2244
f 1186/1047/1665 947/1015/1666 1185/1042/1665
f 1186/1047/2245 1185/1042/2245 1199/1044/2246
f 1200/1020/2246 1187/1022/2245 1186/1047/2245
f 1200/1020/2246 1186/1047/2245 1199/1044/2246
f 1176/983/2245 1189/1024/2246 1190/985/2246
f 1190/985/2247 1189/1024/2247 1203/1048/2248
f 1190/985/2247 1203/1048/2249 1204/987/2249
f 1204/987/2250 1203/1048/2250 1217/1049/2251
f 1204/987/2252 1217/1049/2251 1218/989/2251
f 1218/989/2253 1217/1049/2253 1231/1050/2254
f 1218/989/2253 1231/1050/2254 1232/991/2254
f 1232/991/2255 1231/1050/2255 822/993/1651
f 1203/1048/2249 1189/1024/2247 1202/1025/2249
f 1191/986/2247 1205/988/2248 1192/1039/2247
f 1192/1039/2247 1205/988/2249 1206/1051/2249
f 1192/1039/2247 1206/1051/2248 1193/1031/2247
f 1193/1031/2247 1206/1051/2248 1207/1033/2248
f 1209/1010/2249 1195/1012/2247 1208/1034/2249
f 1208/1034/2248 1195/1012/2247 1194/1032/2247
f 1196/1011/2247 1210/1009/2248 1197/1046/2247
f 1197/1046/2247 1210/1009/2249 1211/1052/2249
f 1197/1046/2247 1211/1052/2248 1198/1043/2247
f 1198/1043/2247 1211/1052/2248 1212/1045/2248
f 1213/1018/2248 1200/1020/2247 1199/1044/2247
f 1203/1048/2250 1202/1025/2250 1216/1053/2251
f 1216/1053/2251 1202/1025/2252 1215/1026/2251
f 1216/1053/2253 1215/1026/2253 1229/1054/1655
f 1229/1054/2254 1215/1026/2253 1228/1027/2254
f 1229/1054/2255 1228/1027/2255 822/993/1651
f 1205/988/2250 1219/990/2251 1206/1051/2250
f 1206/1051/2252 1219/990/2251 1220/1055/2251
f 1206/1051/2250 1220/1055/2251 1207/1033/2250
f 1207/1033/2252 1220/1055/2251 1221/1035/2251
f 1223/1008/2251 1209/1010/2252 1222/1036/2251
f 1222/1036/2251 1209/1010/2250 1208/1034/2250
f 1210/1009/2250 1224/1007/2251 1211/1052/2250
f 1211/1052/2252 1224/1007/2251 1225/1056/2251
f 1211/1052/2250 1225/1056/2251 1212/1045/2250
f 1212/1045/2252 1225/1056/2251 1226/1016/2251
f 1203/1048/2252 1216/1053/2251 1217/1049/2251
f 1217/1049/2253 1216/1053/2253 1230/1057/2254
f 1217/1049/2253 1230/1057/2254 1231/1050/2254
f 1231/1050/2255 1230/1057/2255 822/993/1651
f 1230/1057/2254 1216/1053/2253 1229/1054/2254
f 1219/990/2253 1233/992/2254 1220/1055/2253
f 1220/1055/2253 1233/992/2254 1234/1058/2254
f 1220/1055/2253 1234/1058/2254 1221/1035/2253
f 1221/1035/2253 1234/1058/2254 1235/1037/2254
f 1237/1006/2254 1223/1008/2253 1236/1038/2254
f 1236/1038/2254 1223/1008/2253 1222/1036/2253
f 1239/1004/2254 1226/1016/2253 1225/1056/2253
f 1239/1004/2254 1225/1056/2253 1238/1005/2254
f 1238/1005/2254 1225/1056/2253 1224/1007/2253
f 822/993/1651 1230/1057/1652 1229/1054/1652
f 935/994/1651 1235/1037/2255 1234/1058/2255
f 1234/1058/1652 1233/992/1652 935/994/1651
f 935/1163/1161 788/1164/1161 936/1165/1523
f 936/1165/2258 788/1164/74 787/640/2258
f 936/1165/1523 787/640/1523 937/1166/1163
f 937/1166/2259 787/640/468 786/1167/2259
f 937/1166/471 786/1167/471 938/1168/1164
f 938/1168/1164 786/1167/471 785/639/1164
f 938/1168/1540 785/639/1540 939/1169/1166
f 939/1169/1166 785/639/1540 784/1170/1166
f 939/1169/1167 784/1170/1167 940/1171/1168
f 940/1171/1168 784/1170/1167 783/638/1168
f 940/1171/1190 783/638/1190 941/1172/1169
f 941/1172/1169 783/638/1190 782/1173/1169
f 907/1163/592 749/1164/592 908/1165/1107
f 908/1165/1107 749/1164/592 748/640/1107
f 908/1165/690 748/640/690 909/1166/1108
f 909/1166/2260 748/640/690 747/1167/2260
f 909/1166/647 747/1167/647 910/1168/1109
f 910/1168/2261 747/1167/647 746/639/2261
f 910/1168/1103 746/639/1103 911/1169/1104
f 911/1169/1104 746/639/1103 745/1170/1104
f 911/1169/1111 745/1170/1111 912/1171/685
f 912/1171/685 745/1170/1111 744/638/685
f 912/1171/1112 744/638/1112 895/1172/681
f 895/1172/681 744/638/1112 743/1173/681
f 900/1059/2262 1240/1060/2262 901/1061/2263
f 901/1061/66 1240/1060/2262 1241/1062/2262
f 901/1061/66 1241/1062/68 1242/1063/68
f 1242/1063/1 1241/1062/1 1261/1064/2
f 1242/1063/1 1261/1064/2 1262/1065/2
f 1262/1065/6 1261/1064/6 1281/1066/5
f 1262/1065/6 1281/1066/4 1282/1067/4
f 1282/1067/5 1281/1066/5 1301/1068/7
f 1282/1067/1677 1301/1068/7 1302/1069/7
f 1302/1069/12 1301/1068/12 1321/1070/10
f 1302/1069/8 1321/1070/10 1322/1071/10
f 1322/1071/10 1321/1070/10 895/1072/2264
f 1322/1071/2265 895/1072/2266 1323/1073/2265
f 1323/1073/2267 895/1072/2268 1324/1074/2267
f 1323/1073/10 1324/1074/10 1304/1075/8
f 1304/1075/12 1324/1074/10 1305/1076/12
f 1304/1075/7 1305/1076/7 1285/1077/9
f 1285/1077/5 1305/1076/7 1286/1078/5
f 1285/1077/4 1286/1078/4 1266/1079/6
f 1266/1079/6 1286/1078/5 1267/1080/6
f 1266/1079/2 1267/1080/2 1247/1081/1
f 1247/1081/1 1267/1080/2 1248/1082/1
f 1247/1081/68 1248/1082/68 901/1061/66
f 901/1061/66 1248/1082/67 1249/654/67
f 901/1061/66 1249/654/2262 828/1083/66
f 828/1083/2269 1249/654/67 1250/1084/67
f 828/1083/2228 1250/1084/68 1251/1085/68
f 1251/1085/1 1250/1084/1 1270/1086/2
f 1251/1085/1 1270/1086/2 1271/1087/2
f 1271/1087/6 1270/1086/6 1290/1088/1675
f 1271/1087/6 1290/1088/4 1291/1089/4
f 1291/1089/9 1290/1088/9 1310/1090/7
f 1291/1089/1677 1310/1090/7 1311/1091/7
f 1311/1091/12 1310/1090/12 1330/666/2270
f 1311/1091/8 1330/666/10 1331/1092/10
f 1331/1092/10 1330/666/10 816/1093/2264
f 1331/1092/2271 816/1093/15 1332/1094/2271
f 1332/1094/2272 816/1093/15 1333/1095/2272
f 1332/1094/10 1333/1095/10 1313/1096/8
f 1313/1096/12 1333/1095/10 1314/1097/12
f 1313/1096/7 1314/1097/7 1294/1098/1677
f 1294/1098/9 1314/1097/7 1295/1099/9
f 1294/1098/4 1295/1099/4 1275/1100/6
f 1275/1100/6 1295/1099/1675 1276/1101/6
f 1275/1100/2 1276/1101/2 1256/1102/1
f 1256/1102/1 1276/1101/2 1257/1103/1
f 1256/1102/2262 1257/1103/2262 828/1083/66
f 828/1083/66 1257/1103/68 1258/1104/68
f 828/1083/66 1258/1104/2262 829/1105/2262
f 829/1105/1 1258/1104/1 830/1106/2
f 830/1106/2 1258/1104/1 1277/1107/2
f 830/1106/6 1277/1107/6 831/1108/1675
f 831/1108/4 1277/1107/6 1296/1109/4
f 831/1108/9 1296/1109/9 832/1110/7
f 832/1110/7 1296/1109/1677 1315/1111/7
f 832/1110/12 1315/1111/12 833/1112/10
f 833/1112/10 1315/1111/8 1334/1113/10
f 833/1112/72 1334/1113/72 816/1093/77
f 816/1093/13 1334/1113/11 1333/1095/11
f 1240/1060/1 900/1059/1 1259/1114/2
f 1259/1114/2 900/1059/1 899/1115/2
f 1259/1114/6 899/1115/6 1278/1116/1675
f 1278/1116/4 899/1115/6 898/1117/4
f 1278/1116/9 898/1117/9 1297/1118/7
f 1297/1118/7 898/1117/5 897/1119/7
f 1297/1118/12 897/1119/12 1316/1120/2270
f 1316/1120/10 897/1119/8 896/1121/10
f 1316/1120/72 896/1121/72 895/1072/77
f 1324/1074/2265 895/1072/2266 1325/650/2265
f 1325/650/14 895/1072/13 816/1093/13
f 1325/650/2273 816/1093/2274 1326/1122/2273
f 1326/1122/2273 816/1093/2274 1327/1123/2273
f 1326/1122/10 1327/1123/10 1307/1124/8
f 1307/1124/12 1327/1123/2270 1308/1125/12
f 1307/1124/7 1308/1125/7 1288/1126/5
f 1288/1126/9 1308/1125/7 1289/1127/9
f 1288/1126/4 1289/1127/4 1269/1128/6
f 1269/1128/6 1289/1127/1675 1270/1086/6
f 1269/1128/2 1270/1086/2 1250/1084/1
f 1241/1062/1 1240/1060/1 1260/1129/2
f 1260/1129/2 1240/1060/1 1259/1114/2
f 1260/1129/6 1259/1114/6 1279/1130/1675
f 1279/1130/4 1259/1114/6 1278/1116/4
f 1279/1130/9 1278/1116/9 1298/1131/7
f 1298/1131/7 1278/1116/1677 1297/1118/7
f 1298/1131/12 1297/1118/12 1317/1132/2270
f 1317/1132/10 1297/1118/8 1316/1120/10
f 1317/1132/72 1316/1120/72 895/1072/77
f 1242/1063/67 1243/1133/67 901/1061/66
f 901/1061/2228 1243/1133/68 1244/1134/68
f 901/1061/2228 1244/1134/68 1245/1135/68
f 1245/1135/1 1244/1134/1 1264/1136/2
f 1245/1135/1 1264/1136/2 1265/1137/2
f 1265/1137/6 1264/1136/6 1284/1138/5
f 1265/1137/6 1284/1138/4 1285/1077/4
f 1285/1077/9 1284/1138/9 1304/1075/7
f 1242/1063/1 1262/1065/2 1243/1133/1
f 1243/1133/1 1262/1065/2 1263/1139/2
f 1243/1133/1 1263/1139/2 1244/1134/1
f 1244/1134/1 1263/1139/2 1264/1136/2
f 1247/1081/68 901/1061/2228 1246/1140/68
f 1246/1140/2262 901/1061/66 1245/1135/2262
f 1246/1140/1 1245/1135/1 1265/1137/2
f 1266/1079/2 1247/1081/1 1246/1140/1
f 1266/1079/2 1246/1140/1 1265/1137/2
f 1269/1128/2 1250/1084/1 1249/654/1
f 1249/654/1 1248/1082/1 1268/1141/2
f 1268/1141/2 1248/1082/1 1267/1080/2
f 1268/1141/6 1267/1080/6 1287/652/1675
f 1287/652/4 1267/1080/6 1286/1078/4
f 1287/652/9 1286/1078/9 1306/1142/7
f 1306/1142/7 1286/1078/1677 1305/1076/7
f 1306/1142/12 1305/1076/12 1325/650/2270
f 1325/650/10 1305/1076/8 1324/1074/10
f 1251/1085/68 1252/1143/68 828/1083/66
f 828/1083/66 1252/1143/2262 1253/1144/2262
f 828/1083/2228 1253/1144/68 1254/662/68
f 1254/662/1 1253/1144/1 1273/1145/2
f 1254/662/1 1273/1145/2 1274/1146/2
f 1274/1146/6 1273/1145/6 1293/1147/1675
f 1274/1146/6 1293/1147/1675 1294/1098/1675
f 1294/1098/9 1293/1147/9 1313/1096/7
f 1251/1085/1 1271/1087/2 1252/1143/1
f 1252/1143/1 1271/1087/2 1272/1148/2
f 1252/1143/1 1272/1148/2 1253/1144/1
f 1253/1144/1 1272/1148/2 1273/1145/2
f 1256/1102/2262 828/1083/66 1255/1149/2262
f 1255/1149/68 828/1083/66 1254/662/68
f 1255/1149/1 1254/662/1 1274/1146/2
f 1275/1100/2 1256/1102/1 1255/1149/1
f 1275/1100/2 1255/1149/1 1274/1146/2
f 1277/1107/2 1258/1104/1 1257/1103/1
f 1277/1107/2 1257/1103/2275 1276/1101/2
f 1241/1062/1 1260/1129/2 1261/1064/2
f 1261/1064/6 1260/1129/6 1280/1150/5
f 1261/1064/3 1280/1150/4 1281/1066/4
f 1281/1066/9 1280/1150/9 1300/1151/7
f 1281/1066/9 1300/1151/7 1301/1068/7
f 1301/1068/12 1300/1151/12 1320/1152/2270
f 1301/1068/8 1320/1152/10 1321/1070/10
f 1321/1070/14 1320/1152/14 895/1072/13
f 1280/1150/4 1260/1129/3 1279/1130/4
f 1262/1065/6 1282/1067/5 1263/1139/6
f 1263/1139/6 1282/1067/4 1283/1153/4
f 1263/1139/6 1283/1153/1675 1264/1136/6
f 1264/1136/6 1283/1153/4 1284/1138/4
f 1285/1077/1675 1266/1079/6 1265/1137/6
f 1288/1126/5 1269/1128/6 1268/1141/6
f 1268/1141/2 1269/1128/2 1249/654/1
f 1288/1126/4 1268/1141/6 1287/652/4
f 1290/1088/4 1270/1086/6 1289/1127/4
f 1271/1087/6 1291/1089/1675 1272/1148/6
f 1272/1148/6 1291/1089/4 1292/1154/4
f 1272/1148/6 1292/1154/1675 1273/1145/6
f 1273/1145/6 1292/1154/4 1293/1147/4
f 1294/1098/4 1275/1100/6 1274/1146/6
f 1296/1109/5 1277/1107/6 1276/1101/6
f 1296/1109/4 1276/1101/6 1295/1099/4
f 1280/1150/9 1279/1130/9 1299/1155/7
f 1299/1155/7 1279/1130/5 1298/1131/7
f 1299/1155/2276 1298/1131/2276 1318/1156/11
f 1318/1156/2277 1298/1131/8 1317/1132/2277
f 1318/1156/72 1317/1132/72 895/1072/77
f 1282/1067/9 1302/1069/7 1283/1153/9
f 1283/1153/9 1302/1069/7 1303/1157/7
f 1283/1153/5 1303/1157/7 1284/1138/5
f 1284/1138/5 1303/1157/7 1304/1075/7
f 1307/1124/7 1288/1126/5 1287/652/5
f 1307/1124/7 1287/652/9 1306/1142/7
f 1290/1088/9 1289/1127/9 1309/1158/7
f 1309/1158/7 1289/1127/5 1308/1125/7
f 1309/1158/12 1308/1125/12 1328/1159/2270
f 1328/1159/10 1308/1125/8 1327/1123/10
f 1328/1159/14 1327/1123/14 816/1093/13
f 1291/1089/9 1311/1091/7 1292/1154/9
f 1292/1154/5 1311/1091/7 1312/1160/7
f 1292/1154/9 1312/1160/7 1293/1147/9
f 1293/1147/5 1312/1160/7 1313/1096/7
f 1315/1111/2278 1296/1109/5 1295/1099/5
f 1315/1111/7 1295/1099/9 1314/1097/7
f 1280/1150/5 1299/1155/7 1300/1151/7
f 1300/1151/12 1299/1155/12 1319/1161/2270
f 1300/1151/8 1319/1161/10 1320/1152/10
f 1320/1152/2271 1319/1161/2271 895/1072/15
f 1319/1161/10 1299/1155/8 1318/1156/10
f 1323/1073/10 1304/1075/12 1303/1157/12
f 1323/1073/10 1303/1157/8 1322/1071/10
f 1322/1071/10 1303/1157/12 1302/1069/12
f 1326/1122/2270 1307/1124/12 1306/1142/12
f 1326/1122/10 1306/1142/8 1325/650/10
f 1290/1088/1677 1309/1158/7 1310/1090/7
f 1310/1090/12 1309/1158/12 1329/1162/2270
f 1310/1090/8 1329/1162/10 1330/666/10
f 1330/666/14 1329/1162/14 816/1093/13
f 1329/1162/10 1309/1158/8 1328/1159/10
f 1332/1094/10 1313/1096/12 1312/1160/12
f 1332/1094/10 1312/1160/8 1331/1092/10
f 1331/1092/10 1312/1160/12 1311/1091/12
f 1334/1113/10 1315/1111/12 1314/1097/12
f 1334/1113/10 1314/1097/8 1333/1095/10
f 895/1072/2279 1319/1161/10 1318/1156/10
f 816/1093/77 1329/1162/72 1328/1159/72
f 781/1059/47 1335/1060/47 782/1061/48
f 782/1061/48 1335/1060/47 1336/1062/47
f 782/1061/48 1336/1062/44 1337/1063/44
f 1337/1063/45 1336/1062/45 1356/1064/43
f 1337/1063/769 1356/1064/43 1357/1065/43
f 1357/1065/41 1356/1064/41 1376/1066/37
f 1357/1065/41 1376/1066/37 1377/1067/37
f 1377/1067/38 1376/1066/38 1396/1068/36
f 1377/1067/552 1396/1068/36 1397/1069/36
f 1397/1069/35 1396/1068/35 1416/1070/34
f 1397/1069/35 1416/1070/34 1417/1071/34
f 1417/1071/1464 1416/1070/1464 695/1072/32
f 1417/1071/1464 695/1072/32 1418/1073/1464
f 1418/1073/1464 695/1072/32 1419/1074/1464
f 1418/1073/34 1419/1074/34 1399/1075/35
f 1399/1075/35 1419/1074/34 1400/1076/35
f 1399/1075/36 1400/1076/36 1380/1077/552
f 1380/1077/38 1400/1076/36 1381/1078/38
f 1380/1077/37 1381/1078/37 1361/1079/41
f 1361/1079/41 1381/1078/37 1362/1080/41
f 1361/1079/43 1362/1080/43 1342/1081/45
f 1342/1081/45 1362/1080/43 1343/1082/45
f 1342/1081/2280 1343/1082/2280 782/1061/2230
f 782/1061/69 1343/1082/2281 1344/654/2281
f 782/1061/48 1344/654/44 867/1083/48
f 867/1083/2232 1344/654/44 1345/1084/44
f 867/1083/2282 1345/1084/2283 1346/1085/2283
f 1346/1085/45 1345/1084/45 1365/1086/43
f 1346/1085/45 1365/1086/43 1366/1087/43
f 1366/1087/41 1365/1086/41 1385/1088/37
f 1366/1087/41 1385/1088/37 1386/1089/37
f 1386/1089/38 1385/1088/38 1405/1090/36
f 1386/1089/552 1405/1090/36 1406/1091/36
f 1406/1091/35 1405/1090/35 1425/666/34
f 1406/1091/35 1425/666/34 1426/1092/34
f 1426/1092/1464 1425/666/1464 698/1093/2284
f 1426/1092/2285 698/1093/76 1427/1094/2285
f 1427/1094/1464 698/1093/32 1428/1095/1464
f 1427/1094/34 1428/1095/34 1408/1096/35
f 1408/1096/35 1428/1095/34 1409/1097/35
f 1408/1096/36 1409/1097/36 1389/1098/552
f 1389/1098/38 1409/1097/36 1390/1099/38
f 1389/1098/37 1390/1099/37 1370/1100/41
f 1370/1100/41 1390/1099/37 1371/1101/41
f 1370/1100/43 1371/1101/43 1351/1102/769
f 1351/1102/45 1371/1101/43 1352/1103/45
f 1351/1102/70 1352/1103/70 867/1083/69
f 867/1083/48 1352/1103/47 1353/1104/47
f 867/1083/48 1353/1104/47 868/1105/47
f 868/1105/45 1353/1104/45 869/1106/43
f 869/1106/43 1353/1104/45 1372/1107/43
f 869/1106/41 1372/1107/41 870/1108/37
f 870/1108/37 1372/1107/41 1391/1109/37
f 870/1108/38 1391/1109/38 871/1110/36
f 871/1110/36 1391/1109/552 1410/1111/36
f 871/1110/35 1410/1111/35 872/1112/34
f 872/1112/34 1410/1111/35 1429/1113/34
f 872/1112/2285 1429/1113/2285 698/1093/32
f 698/1093/32 1429/1113/2285 1428/1095/2285
f 1335/1060/45 781/1059/45 1354/1114/43
f 1354/1114/43 781/1059/45 780/1115/43
f 1354/1114/41 780/1115/41 1373/1116/37
f 1373/1116/37 780/1115/41 779/1117/37
f 1373/1116/38 779/1117/38 1392/1118/36
f 1392/1118/36 779/1117/552 778/1119/36
f 1392/1118/35 778/1119/35 1411/1120/34
f 1411/1120/34 778/1119/35 777/1121/34
f 1411/1120/2285 777/1121/2285 695/1072/32
f 1419/1074/1464 695/1072/32 1420/650/1464
f 1420/650/2285 695/1072/32 698/1093/32
f 1420/650/1464 698/1093/32 1421/1122/1464
f 1421/1122/33 698/1093/32 1422/1123/33
f 1421/1122/34 1422/1123/34 1402/1124/35
f 1402/1124/35 1422/1123/34 1403/1125/35
f 1402/1124/36 1403/1125/36 1383/1126/38
f 1383/1126/38 1403/1125/36 1384/1127/38
f 1383/1126/37 1384/1127/37 1364/1128/41
f 1364/1128/41 1384/1127/37 1365/1086/41
f 1364/1128/43 1365/1086/43 1345/1084/45
f 1336/1062/45 1335/1060/45 1355/1129/43
f 1355/1129/43 1335/1060/769 1354/1114/43
f 1355/1129/41 1354/1114/41 1374/1130/37
f 1374/1130/37 1354/1114/41 1373/1116/37
f 1374/1130/38 1373/1116/38 1393/1131/36
f 1393/1131/36 1373/1116/38 1392/1118/36
f 1393/1131/35 1392/1118/35 1412/1132/2286
f 1412/1132/34 1392/1118/35 1411/1120/34
f 1412/1132/2285 1411/1120/2285 695/1072/32
f 1337/1063/2281 1338/1133/2281 782/1061/49
f 782/1061/69 1338/1133/70 1339/1134/70
f 782/1061/2232 1339/1134/44 1340/1135/44
f 1340/1135/45 1339/1134/45 1359/1136/43
f 1340/1135/45 1359/1136/43 1360/1137/43
f 1360/1137/41 1359/1136/41 1379/1138/37
f 1360/1137/41 1379/1138/37 1380/1077/37
f 1380/1077/38 1379/1138/38 1399/1075/36
f 1337/1063/45 1357/1065/43 1338/1133/45
f 1338/1133/45 1357/1065/43 1358/1139/43
f 1338/1133/45 1358/1139/43 1339/1134/45
f 1339/1134/769 1358/1139/43 1359/1136/43
f 1342/1081/47 782/1061/48 1341/1140/47
f 1341/1140/45 782/1061/2232 1340/1135/45
f 1341/1140/45 1340/1135/45 1360/1137/43
f 1361/1079/43 1342/1081/45 1341/1140/45
f 1361/1079/43 1341/1140/45 1360/1137/43
f 1364/1128/43 1345/1084/45 1344/654/45
f 1344/654/45 1343/1082/45 1363/1141/43
f 1363/1141/43 1343/1082/45 1362/1080/43
f 1363/1141/41 1362/1080/41 1382/652/37
f 1382/652/37 1362/1080/41 1381/1078/37
f 1382/652/37 1381/1078/37 1401/1142/36
f 1401/1142/36 1381/1078/38 1400/1076/36
f 1401/1142/35 1400/1076/35 1420/650/34
f 1420/650/34 1400/1076/35 1419/1074/34
f 1346/1085/2287 1347/1143/2287 867/1083/2288
f 867/1083/48 1347/1143/70 1348/1144/70
f 867/1083/2232 1348/1144/44 1349/662/44
f 1349/662/45 1348/1144/45 1368/1145/43
f 1349/662/45 1368/1145/43 1369/1146/43
f 1369/1146/41 1368/1145/41 1388/1147/37
f 1369/1146/41 1388/1147/37 1389/1098/37
f 1389/1098/38 1388/1147/38 1408/1096/36
f 1346/1085/45 1366/1087/43 1347/1143/45
f 1347/1143/45 1366/1087/43 1367/1148/43
f 1347/1143/45 1367/1148/43 1348/1144/45
f 1348/1144/45 1367/1148/43 1368/1145/43
f 1351/1102/2281 867/1083/49 1350/1149/2281
f 1350/1149/47 867/1083/48 1349/662/47
f 1350/1149/45 1349/662/45 1369/1146/43
f 1370/1100/43 1351/1102/45 1350/1149/45
f 1370/1100/43 1350/1149/45 1369/1146/43
f 1372/1107/2289 1353/1104/45 1352/1103/45
f 1372/1107/43 1352/1103/45 1371/1101/43
f 1336/1062/769 1355/1129/43 1356/1064/43
f 1356/1064/41 1355/1129/41 1375/1150/37
f 1356/1064/41 1375/1150/37 1376/1066/37
f 1376/1066/38 1375/1150/38 1395/1151/36
f 1376/1066/552 1395/1151/36 1396/1068/36
f 1396/1068/35 1395/1151/35 1415/1152/34
f 1396/1068/35 1415/1152/34 1416/1070/34
f 1416/1070/1464 1415/1152/1464 695/1072/32
f 1375/1150/37 1355/1129/41 1374/1130/37
f 1357/1065/41 1377/1067/37 1358/1139/41
f 1358/1139/41 1377/1067/37 1378/1153/37
f 1358/1139/41 1378/1153/37 1359/1136/41
f 1359/1136/41 1378/1153/37 1379/1138/37
f 1380/1077/37 1361/1079/41 1360/1137/41
f 1383/1126/37 1364/1128/41 1363/1141/41
f 1363/1141/43 1364/1128/43 1344/654/45
f 1383/1126/37 1363/1141/41 1382/652/37
f 1385/1088/37 1365/1086/41 1384/1127/37
f 1366/1087/41 1386/1089/37 1367/1148/41
f 1367/1148/41 1386/1089/37 1387/664/37
f 1367/1148/41 1387/664/37 1368/1145/41
f 1368/1145/41 1387/664/37 1388/1147/37
f 1389/1098/40 1370/1100/46 1369/1146/46
f 1391/1109/37 1372/1107/41 1371/1101/41
f 1391/1109/37 1371/1101/41 1390/1099/37
f 1375/1150/38 1374/1130/38 1394/1155/36
f 1394/1155/36 1374/1130/552 1393/1131/36
f 1394/1155/35 1393/1131/35 1413/1156/34
f 1413/1156/34 1393/1131/35 1412/1132/34
f 1413/1156/33 1412/1132/33 695/1072/32
f 1377/1067/38 1397/1069/36 1378/1153/38
f 1378/1153/552 1397/1069/36 1398/1157/36
f 1378/1153/38 1398/1157/36 1379/1138/38
f 1379/1138/552 1398/1157/36 1399/1075/36
f 1402/1124/36 1383/1126/38 1382/652/38
f 1402/1124/36 1382/652/552 1401/1142/36
f 1385/1088/38 1384/1127/38 1404/1158/36
f 1404/1158/36 1384/1127/552 1403/1125/36
f 1404/1158/35 1403/1125/35 1423/1159/34
f 1423/1159/34 1403/1125/35 1422/1123/34
f 1423/1159/1464 1422/1123/1464 698/1093/32
f 1386/1089/38 1406/1091/36 1387/664/38
f 1387/664/38 1406/1091/36 1407/1160/36
f 1387/664/37 1407/1160/36 1388/1147/37
f 1388/1147/38 1407/1160/36 1408/1096/36
f 1410/1111/36 1391/1109/38 1390/1099/38
f 1410/1111/36 1390/1099/552 1409/1097/36
f 1375/1150/37 1394/1155/36 1395/1151/36
f 1395/1151/35 1394/1155/35 1414/1161/34
f 1395/1151/35 1414/1161/34 1415/1152/34
f 1415/1152/33 1414/1161/33 695/1072/32
f 1414/1161/34 1394/1155/35 1413/1156/34
f 1418/1073/34 1399/1075/35 1398/1157/35
f 1418/1073/34 1398/1157/2290 1417/1071/34
f 1417/1071/34 1398/1157/35 1397/1069/35
f 1421/1122/34 1402/1124/35 1401/1142/35
f 1421/1122/34 1401/1142/35 1420/650/34
f 1385/1088/38 1404/1158/36 1405/1090/36
f 1405/1090/35 1404/1158/35 1424/1162/34
f 1405/1090/35 1424/1162/34 1425/666/34
f 1425/666/1464 1424/1162/1464 698/1093/32
f 1424/1162/34 1404/1158/35 1423/1159/34
f 1427/1094/34 1408/1096/35 1407/1160/35
f 1427/1094/34 1407/1160/35 1426/1092/34
f 1426/1092/34 1407/1160/35 1406/1091/35
f 1429/1113/34 1410/1111/35 1409/1097/35
f 1429/1113/34 1409/1097/2290 1428/1095/34
f 695/1072/32 1414/1161/1464 1413/1156/1464
f 698/1093/76 1424/1162/2285 1423/1159/2285
f 860/980/595 1430/981/595 861/982/226
f 861/982/226 1430/981/595 1431/983/595
f 861/982/226 1431/983/595 1432/984/595
f 1432/984/220 1431/983/220 1445/985/219
f 1432/984/220 1445/985/219 1446/986/219
f 1446/986/214 1445/985/214 1459/987/1106
f 1446/986/214 1459/987/1385 1460/988/1385
f 1460/988/799 1459/987/799 1473/989/800
f 1460/988/799 1473/989/800 1474/990/800
f 1474/990/820 1473/989/820 1487/991/615
f 1474/990/820 1487/991/615 1488/992/615
f 1488/992/198 1487/991/198 698/993/197
f 1488/992/198 698/993/197 697/994/197
f 1430/981/220 860/980/220 1443/995/219
f 1443/995/219 860/980/220 859/996/219
f 1443/995/214 859/996/214 1456/997/1106
f 1456/997/1385 859/996/214 858/998/1385
f 1456/997/799 858/998/799 1469/999/800
f 1469/999/800 858/998/799 857/1000/800
f 1469/999/820 857/1000/820 1482/1001/615
f 1482/1001/615 857/1000/820 856/1002/615
f 1482/1001/198 856/1002/198 698/993/197
f 754/1003/198 1494/1004/198 697/994/197
f 697/994/197 1494/1004/2291 1493/1005/2291
f 697/994/197 1493/1005/198 1492/1006/198
f 1492/1006/615 1493/1005/615 1479/1007/820
f 1492/1006/615 1479/1007/820 1478/1008/820
f 1478/1008/800 1479/1007/800 1465/1009/799
f 1478/1008/800 1465/1009/799 1464/1010/799
f 1464/1010/1385 1465/1009/1385 1451/1011/214
f 1464/1010/1106 1451/1011/214 1450/1012/214
f 1450/1012/219 1451/1011/219 1437/1013/220
f 1450/1012/219 1437/1013/220 1436/1014/220
f 1436/1014/595 1437/1013/595 749/1015/226
f 1436/1014/595 749/1015/226 861/982/226
f 1494/1004/615 754/1003/615 1481/1016/820
f 1481/1016/820 754/1003/615 753/1017/820
f 1481/1016/800 753/1017/800 1468/1018/799
f 1468/1018/799 753/1017/800 752/1019/799
f 1468/1018/1385 752/1019/1385 1455/1020/214
f 1455/1020/214 752/1019/1106 751/1021/214
f 1455/1020/219 751/1021/219 1442/1022/220
f 1442/1022/220 751/1021/219 750/1023/220
f 1442/1022/595 750/1023/595 749/1015/226
f 1431/983/220 1430/981/220 1444/1024/219
f 1444/1024/219 1430/981/220 1443/995/219
f 1444/1024/214 1443/995/214 1457/1025/1106
f 1457/1025/1385 1443/995/214 1456/997/1385
f 1457/1025/799 1456/997/799 1470/1026/800
f 1470/1026/800 1456/997/799 1469/999/800
f 1470/1026/820 1469/999/820 1483/1027/615
f 1483/1027/615 1469/999/820 1482/1001/615
f 1483/1027/198 1482/1001/198 698/993/197
f 1432/984/595 1433/1028/595 861/982/226
f 861/982/226 1433/1028/595 1434/1029/595
f 861/982/226 1434/1029/595 1435/1030/595
f 1435/1030/220 1434/1029/220 1448/1031/219
f 1435/1030/220 1448/1031/219 1449/1032/219
f 1449/1032/214 1448/1031/214 1462/1033/1106
f 1449/1032/214 1462/1033/1106 1463/1034/1106
f 1463/1034/799 1462/1033/799 1476/1035/800
f 1463/1034/799 1476/1035/800 1477/1036/800
f 1477/1036/820 1476/1035/820 1490/1037/615
f 1477/1036/820 1490/1037/615 1491/1038/615
f 1491/1038/198 1490/1037/198 697/994/197
f 1491/1038/2291 697/994/197 1492/1006/2291
f 1432/984/220 1446/986/219 1433/1028/220
f 1433/1028/220 1446/986/219 1447/1039/219
f 1433/1028/220 1447/1039/219 1434/1029/220
f 1434/1029/220 1447/1039/219 1448/1031/219
f 1436/1014/595 861/982/226 1435/1030/595
f 1450/1012/219 1436/1014/220 1449/1032/219
f 1449/1032/219 1436/1014/220 1435/1030/220
f 1437/1013/595 1438/1040/595 749/1015/226
f 749/1015/226 1438/1040/595 1439/1041/595
f 749/1015/226 1439/1041/595 1440/1042/595
f 1440/1042/220 1439/1041/220 1453/1043/219
f 1440/1042/220 1453/1043/219 1454/1044/219
f 1454/1044/214 1453/1043/214 1467/1045/1106
f 1454/1044/214 1467/1045/1106 1468/1018/1106
f 1468/1018/799 1467/1045/799 1481/1016/800
f 1437/1013/220 1451/1011/219 1438/1040/220
f 1438/1040/220 1451/1011/219 1452/1046/219
f 1438/1040/220 1452/1046/219 1439/1041/220
f 1439/1041/220 1452/1046/219 1453/1043/219
f 1442/1022/595 749/1015/226 1441/1047/595
f 1441/1047/595 749/1015/226 1440/1042/595
f 1441/1047/220 1440/1042/220 1454/1044/219
f 1455/1020/219 1442/1022/220 1441/1047/220
f 1455/1020/219 1441/1047/220 1454/1044/219
f 1431/983/220 1444/1024/219 1445/985/219
f 1445/985/214 1444/1024/214 1458/1048/1106
f 1445/985/214 1458/1048/1385 1459/987/1385
f 1459/987/799 1458/1048/799 1472/1049/800
f 1459/987/799 1472/1049/800 1473/989/800
f 1473/989/820 1472/1049/820 1486/1050/615
f 1473/989/820 1486/1050/615 1487/991/615
f 1487/991/2291 1486/1050/2291 698/993/197
f 1458/1048/1106 1444/1024/214 1457/1025/1106
f 1446/986/214 1460/988/1106 1447/1039/214
f 1447/1039/214 1460/988/1385 1461/1051/1385
f 1447/1039/214 1461/1051/1106 1448/1031/214
f 1448/1031/214 1461/1051/1385 1462/1033/1385
f 1464/1010/1385 1450/1012/214 1463/1034/1385
f 1463/1034/1106 1450/1012/214 1449/1032/214
f 1451/1011/214 1465/1009/1106 1452/1046/214
f 1452/1046/214 1465/1009/1385 1466/1052/1385
f 1452/1046/214 1466/1052/1106 1453/1043/214
f 1453/1043/214 1466/1052/1385 1467/1045/1385
f 1468/1018/1106 1455/1020/214 1454/1044/214
f 1458/1048/799 1457/1025/799 1471/1053/800
f 1471/1053/800 1457/1025/799 1470/1026/800
f 1471/1053/820 1470/1026/820 1484/1054/615
f 1484/1054/615 1470/1026/820 1483/1027/615
f 1484/1054/2291 1483/1027/2291 698/993/197
f 1460/988/799 1474/990/800 1461/1051/799
f 1461/1051/799 1474/990/800 1475/1055/800
f 1461/1051/799 1475/1055/800 1462/1033/799
f 1462/1033/799 1475/1055/800 1476/1035/800
f 1478/1008/800 1464/1010/799 1477/1036/800
f 1477/1036/800 1464/1010/799 1463/1034/799
f 1465/1009/799 1479/1007/800 1466/1052/799
f 1466/1052/799 1479/1007/800 1480/1056/800
f 1466/1052/799 1480/1056/800 1467/1045/799
f 1467/1045/799 1480/1056/800 1481/1016/800
f 1458/1048/799 1471/1053/800 1472/1049/800
f 1472/1049/820 1471/1053/820 1485/1057/615
f 1472/1049/820 1485/1057/615 1486/1050/615
f 1486/1050/198 1485/1057/198 698/993/197
f 1485/1057/615 1471/1053/820 1484/1054/615
f 1474/990/820 1488/992/615 1475/1055/820
f 1475/1055/820 1488/992/615 1489/1058/615
f 1475/1055/820 1489/1058/615 1476/1035/820
f 1476/1035/820 1489/1058/615 1490/1037/615
f 1492/1006/615 1478/1008/820 1491/1038/615
f 1491/1038/615 1478/1008/820 1477/1036/820
f 1494/1004/615 1481/1016/820 1480/1056/820
f 1494/1004/615 1480/1056/820 1493/1005/615
f 1493/1005/615 1480/1056/820 1479/1007/820
f 698/993/197 1485/1057/2291 1484/1054/2291
f 697/994/197 1490/1037/2291 1489/1058/2291
f 1489/1058/198 1488/992/198 697/994/197
f 816/1163/378 710/1164/378 817/1165/1113
f 817/1165/1113 710/1164/378 709/640/1113
f 817/1165/849 709/640/849 818/1166/1114
f 818/1166/1114 709/640/849 708/1167/1114
f 818/1166/1115 708/1167/1115 819/1168/1131
f 819/1168/1131 708/1167/1115 707/639/1131
f 819/1168/2292 707/639/2292 820/1169/1119
f 820/1169/1119 707/639/2292 706/1170/1119
f 820/1169/866 706/1170/866 821/1171/1121
f 821/1171/1121 706/1170/1120 705/638/1284
f 821/1171/2293 705/638/2293 822/1172/74
f 822/1172/1123 705/638/1284 704/1173/1123
f 703/980/1543 1495/981/1543 704/982/983
f 704/982/983 1495/981/1543 1496/983/1543
f 704/982/983 1496/983/1543 1497/984/1543
f 1497/984/984 1496/983/984 1510/985/985
f 1497/984/984 1510/985/985 1511/986/985
f 1511/986/986 1510/985/986 1524/987/987
f 1511/986/986 1524/987/915 1525/988/915
f 1525/988/915 1524/987/915 1538/989/940
f 1525/988/522 1538/989/940 1539/990/940
f 1539/990/527 1538/989/527 1552/991/530
f 1539/990/527 1552/991/530 1553/992/530
f 1553/992/1217 1552/991/1217 696/993/126
f 1553/992/1217 696/993/126 695/994/126
f 1495/981/984 703/980/984 1508/995/877
f 1508/995/985 703/980/515 702/996/985
f 1508/995/986 702/996/986 1521/997/987
f 1521/997/915 702/996/986 701/998/915
f 1521/997/915 701/998/915 1534/999/940
f 1534/999/940 701/998/522 700/1000/940
f 1534/999/527 700/1000/527 1547/1001/530
f 1547/1001/530 700/1000/527 699/1002/530
f 1547/1001/1217 699/1002/1217 696/993/126
f 793/1003/1217 1559/1004/1217 695/994/126
f 695/994/126 1559/1004/1217 1558/1005/1217
f 695/994/126 1558/1005/1217 1557/1006/1217
f 1557/1006/530 1558/1005/530 1544/1007/527
f 1557/1006/530 1544/1007/527 1543/1008/527
f 1543/1008/940 1544/1007/940 1530/1009/522
f 1543/1008/940 1530/1009/915 1529/1010/915
f 1529/1010/915 1530/1009/915 1516/1011/986
f 1529/1010/987 1516/1011/986 1515/1012/986
f 1515/1012/985 1516/1011/985 1502/1013/984
f 1515/1012/985 1502/1013/984 1501/1014/984
f 1501/1014/1543 1502/1013/1543 788/1015/983
f 1501/1014/1543 788/1015/983 704/982/983
f 1559/1004/530 793/1003/530 1546/1016/527
f 1546/1016/527 793/1003/530 792/1017/527
f 1546/1016/940 792/1017/940 1533/1018/522
f 1533/1018/915 792/1017/940 791/1019/915
f 1533/1018/915 791/1019/915 1520/1020/986
f 1520/1020/986 791/1019/987 790/1021/986
f 1520/1020/985 790/1021/985 1507/1022/984
f 1507/1022/984 790/1021/985 789/1023/984
f 1507/1022/1543 789/1023/1543 788/1015/983
f 1496/983/984 1495/981/984 1509/1024/985
f 1509/1024/985 1495/981/515 1508/995/985
f 1509/1024/986 1508/995/986 1522/1025/987
f 1522/1025/987 1508/995/986 1521/997/987
f 1522/1025/522 1521/997/522 1535/1026/940
f 1535/1026/940 1521/997/915 1534/999/940
f 1535/1026/527 1534/999/527 1548/1027/530
f 1548/1027/530 1534/999/527 1547/1001/530
f 1548/1027/1219 1547/1001/1219 696/993/126
f 1497/984/1543 1498/1028/1543 704/982/983
f 704/982/983 1498/1028/1543 1499/1029/1543
f 704/982/983 1499/1029/1543 1500/1030/1543
f 1500/1030/984 1499/1029/984 1513/1031/985
f 1500/1030/984 1513/1031/985 1514/1032/985
f 1514/1032/986 1513/1031/986 1527/1033/987
f 1514/1032/986 1527/1033/915 1528/1034/915
f 1528/1034/915 1527/1033/915 1541/1035/940
f 1528/1034/522 1541/1035/940 1542/1036/940
f 1542/1036/527 1541/1035/527 1555/1037/530
f 1542/1036/527 1555/1037/530 1556/1038/530
f 1556/1038/1217 1555/1037/1217 695/994/126
f 1556/1038/1219 695/994/126 1557/1006/1219
f 1497/984/984 1511/986/985 1498/1028/984
f 1498/1028/984 1511/986/985 1512/1039/985
f 1498/1028/984 1512/1039/985 1499/1029/984
f 1499/1029/984 1512/1039/985 1513/1031/985
f 1501/1014/1543 704/982/983 1500/1030/1543
f 1515/1012/985 1501/1014/984 1514/1032/985
f 1514/1032/985 1501/1014/984 1500/1030/984
f 1502/1013/1543 1503/1040/1543 788/1015/983
f 788/1015/983 1503/1040/1543 1504/1041/1543
f 788/1015/983 1504/1041/1543 1505/1042/1543
f 1505/1042/984 1504/1041/984 1518/1043/985
f 1505/1042/984 1518/1043/985 1519/1044/985
f 1519/1044/986 1518/1043/986 1532/1045/987
f 1519/1044/986 1532/1045/915 1533/1018/915
f 1533/1018/915 1532/1045/915 1546/1016/940
f 1502/1013/984 1516/1011/985 1503/1040/984
f 1503/1040/984 1516/1011/985 1517/1046/985
f 1503/1040/984 1517/1046/985 1504/1041/984
f 1504/1041/984 1517/1046/985 1518/1043/985
f 1507/1022/1543 788/1015/983 1506/1047/1543
f 1506/1047/1543 788/1015/983 1505/1042/1543
f 1506/1047/984 1505/1042/984 1519/1044/985
f 1520/1020/985 1507/1022/984 1506/1047/984
f 1520/1020/985 1506/1047/984 1519/1044/985
f 1496/983/984 1509/1024/985 1510/985/985
f 1510/985/986 1509/1024/986 1523/1048/987
f 1510/985/986 1523/1048/915 1524/987/915
f 1524/987/915 1523/1048/915 1537/1049/940
f 1524/987/522 1537/1049/940 1538/989/940
f 1538/989/527 1537/1049/527 1551/1050/530
f 1538/989/527 1551/1050/530 1552/991/530
f 1552/991/1219 1551/1050/1219 696/993/126
f 1523/1048/915 1509/1024/986 1522/1025/915
f 1511/986/986 1525/988/987 1512/1039/986
f 1512/1039/986 1525/988/915 1526/1051/915
f 1512/1039/986 1526/1051/987 1513/1031/986
f 1513/1031/986 1526/1051/987 1527/1033/987
f 1529/1010/915 1515/1012/986 1528/1034/915
f 1528/1034/987 1515/1012/986 1514/1032/986
f 1516/1011/986 1530/1009/987 1517/1046/986
f 1517/1046/986 1530/1009/915 1531/1052/915
f 1517/1046/986 1531/1052/987 1518/1043/986
f 1518/1043/986 1531/1052/987 1532/1045/987
f 1533/1018/987 1520/1020/986 1519/1044/986
f 1523/1048/915 1522/1025/915 1536/1053/940
f 1536/1053/940 1522/1025/522 1535/1026/940
f 1536/1053/527 1535/1026/527 1549/1054/530
f 1549/1054/530 1535/1026/527 1548/1027/530
f 1549/1054/1217 1548/1027/1217 696/993/126
f 1525/988/915 1539/990/940 1526/1051/915
f 1526/1051/915 1539/990/940 1540/1055/940
f 1526/1051/522 1540/1055/940 1527/1033/522
f 1527/1033/522 1540/1055/940 1541/1035/940
f 1543/1008/940 1529/1010/522 1542/1036/940
f 1542/1036/940 1529/1010/915 1528/1034/915
f 1530/1009/915 1544/1007/940 1531/1052/915
f 1531/1052/915 1544/1007/940 1545/1056/940
f 1531/1052/522 1545/1056/940 1532/1045/522
f 1532/1045/522 1545/1056/940 1546/1016/940
f 1523/1048/522 1536/1053/940 1537/1049/940
f 1537/1049/527 1536/1053/527 1550/1057/530
f 1537/1049/527 1550/1057/530 1551/1050/530
f 1551/1050/1217 1550/1057/1217 696/993/126
f 1550/1057/530 1536/1053/527 1549/1054/530
f 1539/990/527 1553/992/530 1540/1055/527
f 1540/1055/527 1553/992/530 1554/1058/530
f 1540/1055/527 1554/1058/530 1541/1035/527
f 1541/1035/527 1554/1058/530 1555/1037/530
f 1557/1006/530 1543/1008/527 1556/1038/530
f 1556/1038/530 1543/1008/527 1542/1036/527
f 1559/1004/530 1546/1016/527 1545/1056/527
f 1559/1004/530 1545/1056/527 1558/1005/530
f 1558/1005/530 1545/1056/527 1544/1007/527
f 696/993/126 1550/1057/1219 1549/1054/1219
f 695/994/126 1555/1037/1219 1554/1058/1219
f 1554/1058/1217 1553/992/1217 695/994/126
f 742/1059/73 1560/1060/73 743/1061/378
f 743/1061/77 1560/1060/73 1561/1062/73
f 743/1061/77 1561/1062/73 1562/1063/73
f 1562/1063/1296 1561/1062/1296 1581/1064/19
f 1562/1063/20 1581/1064/18 1582/1065/18
f 1582/1065/21 1581/1064/21 1601/1066/24
f 1582/1065/21 1601/1066/24 1602/1067/24
f 1602/1067/27 1601/1066/27 1621/1068/25
f 1602/1067/723 1621/1068/25 1622/1069/25
f 1622/1069/28 1621/1068/28 1641/1070/29
f 1622/1069/28 1641/1070/29 1642/1071/29
f 1642/1071/1214 1641/1070/1214 697/1072/31
f 1642/1071/2294 697/1072/76 1643/1073/2294
f 1643/1073/1214 697/1072/31 1644/1074/1214
f 1643/1073/29 1644/1074/29 1624/1075/28
f 1624/1075/28 1644/1074/29 1625/1076/28
f 1624/1075/25 1625/1076/25 1605/1077/24
f 1605/1077/27 1625/1076/25 1606/1078/27
f 1605/1077/24 1606/1078/24 1586/1079/21
f 1586/1079/19 1606/1078/22 1587/1080/19
f 1586/1079/18 1587/1080/18 1567/1081/20
f 1567/1081/20 1587/1080/19 1568/1082/20
f 1567/1081/2295 1568/1082/2295 743/1061/2296
f 743/1061/77 1568/1082/73 1569/654/73
f 743/1061/15 1569/654/16 710/1083/15
f 710/1083/2266 1569/654/2297 1570/1084/2297
f 710/1083/2298 1570/1084/2299 1571/1085/2299
f 1571/1085/20 1570/1084/20 1590/1086/19
f 1571/1085/20 1590/1086/18 1591/1087/18
f 1591/1087/21 1590/1086/21 1610/1088/24
f 1591/1087/19 1610/1088/22 1611/1089/22
f 1611/1089/27 1610/1088/27 1630/1090/25
f 1611/1089/723 1630/1090/25 1631/1091/25
f 1631/1091/28 1630/1090/28 1650/666/29
f 1631/1091/28 1650/666/29 1651/1092/29
f 1651/1092/1214 1650/666/1214 696/1093/31
f 1651/1092/30 696/1093/31 1652/1094/30
f 1652/1094/1214 696/1093/31 1653/1095/1214
f 1652/1094/29 1653/1095/29 1633/1096/28
f 1633/1096/28 1653/1095/29 1634/1097/28
f 1633/1096/25 1634/1097/25 1614/1098/723
f 1614/1098/27 1634/1097/25 1615/1099/27
f 1614/1098/22 1615/1099/22 1595/1100/19
f 1595/1100/21 1615/1099/24 1596/1101/21
f 1595/1100/18 1596/1101/18 1576/1102/20
f 1576/1102/20 1596/1101/19 1577/1103/20
f 1576/1102/2300 1577/1103/2300 710/1083/13
f 710/1083/15 1577/1103/17 1578/1104/17
f 710/1083/77 1578/1104/73 711/1105/73
f 711/1105/20 1578/1104/20 712/1106/19
f 712/1106/18 1578/1104/20 1597/1107/18
f 712/1106/21 1597/1107/21 713/1108/24
f 713/1108/22 1597/1107/19 1616/1109/22
f 713/1108/27 1616/1109/27 714/1110/25
f 714/1110/25 1616/1109/723 1635/1111/25
f 714/1110/28 1635/1111/28 715/1112/29
f 715/1112/29 1635/1111/28 1654/1113/29
f 715/1112/2294 1654/1113/2294 696/1093/31
f 696/1093/31 1654/1113/2294 1653/1095/2294
f 1560/1060/20 742/1059/20 1579/1114/19
f 1579/1114/18 742/1059/20 741/1115/18
f 1579/1114/21 741/1115/21 1598/1116/24
f 1598/1116/22 741/1115/19 740/1117/22
f 1598/1116/27 740/1117/27 1617/1118/25
f 1617/1118/25 740/1117/723 739/1119/25
f 1617/1118/28 739/1119/28 1636/1120/29
f 1636/1120/29 739/1119/28 738/1121/29
f 1636/1120/2294 738/1121/2294 697/1072/31
f 1644/1074/1214 697/1072/31 1645/650/1214
f 1645/650/2294 697/1072/31 696/1093/31
f 1645/650/29 696/1093/2301 1646/1122/29
f 1646/1122/1214 696/1093/31 1647/1123/1214
f 1646/1122/29 1647/1123/29 1627/1124/28
f 1627/1124/28 1647/1123/29 1628/1125/28
f 1627/1124/25 1628/1125/25 1608/1126/723
f 1608/1126/27 1628/1125/25 1609/1127/27
f 1608/1126/22 1609/1127/22 1589/1128/19
f 1589/1128/21 1609/1127/24 1590/1086/21
f 1589/1128/18 1590/1086/18 1570/1084/20
f 1561/1062/20 1560/1060/20 1580/1129/19
f 1580/1129/18 1560/1060/20 1579/1114/18
f 1580/1129/21 1579/1114/21 1599/1130/24
f 1599/1130/22 1579/1114/19 1598/1116/22
f 1599/1130/27 1598/1116/27 1618/1131/25
f 1618/1131/25 1598/1116/723 1617/1118/25
f 1618/1131/28 1617/1118/28 1637/1132/29
f 1637/1132/29 1617/1118/28 1636/1120/29
f 1637/1132/2294 1636/1120/2294 697/1072/31
f 1562/1063/20 1563/1133/20 743/1061/2302
f 743/1061/77 1563/1133/73 1564/1134/73
f 743/1061/13 1564/1134/2303 1565/1135/2303
f 1565/1135/20 1564/1134/20 1584/1136/19
f 1565/1135/20 1584/1136/18 1585/1137/18
f 1585/1137/19 1584/1136/19 1604/1138/22
f 1585/1137/19 1604/1138/22 1605/1077/22
f 1605/1077/27 1604/1138/27 1624/1075/25
f 1562/1063/20 1582/1065/19 1563/1133/20
f 1563/1133/20 1582/1065/18 1583/1139/18
f 1563/1133/20 1583/1139/19 1564/1134/20
f 1564/1134/20 1583/1139/18 1584/1136/18
f 1567/1081/2304 743/1061/2279 1566/1140/2304
f 1566/1140/20 743/1061/2302 1565/1135/20
f 1566/1140/20 1565/1135/20 1585/1137/19
f 1586/1079/19 1567/1081/20 1566/1140/20
f 1586/1079/18 1566/1140/20 1585/1137/18
f 1589/1128/19 1570/1084/20 1569/654/20
f 1569/654/20 1568/1082/20 1588/1141/19
f 1588/1141/18 1568/1082/20 1587/1080/18
f 1588/1141/21 1587/1080/21 1607/652/24
f 1607/652/22 1587/1080/19 1606/1078/22
f 1607/652/27 1606/1078/27 1626/1142/25
f 1626/1142/25 1606/1078/723 1625/1076/25
f 1626/1142/28 1625/1076/28 1645/650/29
f 1645/650/29 1625/1076/28 1644/1074/29
f 1571/1085/16 1572/1143/16 710/1083/15
f 710/1083/77 1572/1143/73 1573/1144/73
f 710/1083/13 1573/1144/2303 1574/662/2303
f 1574/662/20 1573/1144/20 1593/1145/19
f 1574/662/20 1593/1145/18 1594/1146/18
f 1594/1146/21 1593/1145/21 1613/1147/24
f 1594/1146/19 1613/1147/22 1614/1098/22
f 1614/1098/723 1613/1147/723 1633/1096/25
f 1571/1085/20 1591/1087/19 1572/1143/20
f 1572/1143/20 1591/1087/18 1592/1148/18
f 1572/1143/20 1592/1148/19 1573/1144/20
f 1573/1144/20 1592/1148/18 1593/1145/18
f 1576/1102/2303 710/1083/13 1575/1149/2303
f 1575/1149/20 710/1083/2302 1574/662/20
f 1575/1149/20 1574/662/20 1594/1146/19
f 1595/1100/19 1576/1102/20 1575/1149/20
f 1595/1100/18 1575/1149/20 1594/1146/18
f 1597/1107/19 1578/1104/20 1577/1103/20
f 1597/1107/18 1577/1103/20 1596/1101/18
f 1561/1062/17 1580/1129/2305 1581/1064/2305
f 1581/1064/21 1580/1129/21 1600/1150/24
f 1581/1064/19 1600/1150/22 1601/1066/22
f 1601/1066/27 1600/1150/27 1620/1151/26
f 1601/1066/24 1620/1151/25 1621/1068/25
f 1621/1068/28 1620/1151/28 1640/1152/29
f 1621/1068/28 1640/1152/29 1641/1070/29
f 1641/1070/2294 1640/1152/2294 697/1072/76
f 1600/1150/22 1580/1129/19 1599/1130/22
f 1582/1065/19 1602/1067/22 1583/1139/19
f 1583/1139/19 1602/1067/22 1603/1153/22
f 1583/1139/21 1603/1153/24 1584/1136/21
f 1584/1136/21 1603/1153/24 1604/1138/24
f 1605/1077/24 1586/1079/21 1585/1137/21
f 1608/1126/22 1589/1128/19 1588/1141/19
f 1588/1141/18 1589/1128/18 1569/654/20
f 1608/1126/24 1588/1141/21 1607/652/24
f 1610/1088/22 1590/1086/19 1609/1127/22
f 1591/1087/21 1611/1089/24 1592/1148/21
f 1592/1148/19 1611/1089/22 1612/664/22
f 1592/1148/21 1612/664/24 1593/1145/21
f 1593/1145/19 1612/664/22 1613/1147/22
f 1614/1098/24 1595/1100/21 1594/1146/21
f 1616/1109/22 1597/1107/19 1596/1101/19
f 1616/1109/24 1596/1101/21 1615/1099/24
f 1600/1150/27 1599/1130/27 1619/1155/26
f 1619/1155/25 1599/1130/24 1618/1131/25
f 1619/1155/28 1618/1131/28 1638/1156/29
f 1638/1156/29 1618/1131/28 1637/1132/29
f 1638/1156/2294 1637/1132/2294 697/1072/31
f 1602/1067/27 1622/1069/25 1603/1153/27
f 1603/1153/24 1622/1069/25 1623/1157/25
f 1603/1153/27 1623/1157/25 1604/1138/27
f 1604/1138/723 1623/1157/25 1624/1075/25
f 1627/1124/25 1608/1126/27 1607/652/27
f 1627/1124/25 1607/652/24 1626/1142/25
f 1610/1088/27 1609/1127/27 1629/1158/25
f 1629/1158/25 1609/1127/723 1628/1125/25
f 1629/1158/28 1628/1125/28 1648/1159/29
f 1648/1159/29 1628/1125/28 1647/1123/29
f 1648/1159/1214 1647/1123/1214 696/1093/31
f 1611/1089/27 1631/1091/25 1612/664/27
f 1612/664/723 1631/1091/25 1632/1160/25
f 1612/664/27 1632/1160/25 1613/1147/27
f 1613/1147/27 1632/1160/25 1633/1096/25
f 1635/1111/25 1616/1109/27 1615/1099/27
f 1635/1111/25 1615/1099/24 1634/1097/25
f 1600/1150/24 1619/1155/25 1620/1151/25
f 1620/1151/28 1619/1155/28 1639/1161/29
f 1620/1151/28 1639/1161/29 1640/1152/29
f 1640/1152/1214 1639/1161/1214 697/1072/31
f 1639/1161/29 1619/1155/28 1638/1156/29
f 1643/1073/29 1624/1075/28 1623/1157/28
f 1643/1073/29 1623/1157/28 1642/1071/29
f 1642/1071/29 1623/1157/28 1622/1069/28
f 1646/1122/1343 1627/1124/28 1626/1142/28
f 1646/1122/29 1626/1142/28 1645/650/29
f 1610/1088/723 1629/1158/25 1630/1090/25
f 1630/1090/28 1629/1158/28 1649/1162/29
f 1630/1090/28 1649/1162/29 1650/666/29
f 1650/666/2294 1649/1162/2294 696/1093/76
f 1649/1162/29 1629/1158/28 1648/1159/29
f 1652/1094/29 1633/1096/28 1632/1160/28
f 1652/1094/29 1632/1160/28 1651/1092/29
f 1651/1092/29 1632/1160/28 1631/1091/28
f 1654/1113/29 1635/1111/28 1634/1097/28
f 1654/1113/29 1634/1097/28 1653/1095/29
f 697/1072/2306 1639/1161/1214 1638/1156/1214
f 696/1093/31 1649/1162/2294 1648/1159/2294
f 907/1174/75 981/1175/75 749/1176/75
f 749/1176/75 981/1175/75 861/1177/75
f 901/849/2228 828/854/2228 987/851/2228
f 987/851/2228 828/854/2228 947/858/2228
f 975/1174/69 941/1178/69 867/1176/69
f 867/1176/69 941/1178/69 782/1179/69
f 935/1174/74 822/1175/74 788/1176/74
f 788/1176/74 822/1175/74 704/1177/74
f 743/1179/77 710/1176/77 895/1178/77
f 895/1178/77 710/1176/77 816/1174/77
f 195/112/69 194/105/69 670/1180/69
f 670/1180/69 194/105/69 201/218/69
f 670/1180/69 201/218/69 204/1181/69
f 204/1181/69 672/1182/69 670/1180/69
f 670/1180/2307 672/1182/2307 671/1183/2307
