# Blender 4.2.23 LTS
# www.blender.org
o tmp_export_Cuerpo1
v -0.691670 -1.050000 0.543175
v -0.691670 -1.074118 0.553166
v -0.691670 -1.100000 0.556573
v -0.691670 -1.125882 0.553166
v -0.691670 -1.150000 0.543175
v -0.691670 -1.170711 0.527284
v -0.691670 -1.186603 0.506573
v -0.691670 -1.196593 0.482455
v -0.691670 -1.200000 0.456573
v -0.691670 -1.196593 0.430691
v -0.691670 -1.186603 0.406573
v -0.691670 -1.170711 0.385862
v -0.691670 -1.150000 0.369970
v -0.691670 -1.125882 0.359980
v -0.691670 -1.100000 0.356573
v -0.691670 -1.074118 0.359980
v -0.691670 -1.050000 0.369970
v -0.691670 -1.029290 0.385862
v -0.691670 -1.013398 0.406573
v -0.691670 -1.003408 0.430691
v -0.691670 -1.000000 0.456573
v -0.691670 -1.003408 0.482455
v -0.691670 -1.013398 0.506573
v -0.691670 -1.029290 0.527284
v -0.991670 -1.050000 0.543175
v -0.991670 -1.029290 0.527284
v -0.991670 -1.013398 0.506573
v -0.991670 -1.003408 0.482455
v -0.991670 -1.000000 0.456573
v -0.991670 -1.003408 0.430691
v -0.991670 -1.013398 0.406573
v -0.991670 -1.029290 0.385862
v -0.991670 -1.050000 0.369970
v -0.991670 -1.074118 0.359980
v -0.991670 -1.100000 0.356573
v -0.991670 -1.125882 0.359980
v -0.991670 -1.150000 0.369970
v -0.991670 -1.170711 0.385862
v -0.991670 -1.186603 0.406573
v -0.991670 -1.196593 0.430691
v -0.991670 -1.200000 0.456573
v -0.991670 -1.196593 0.482455
v -0.991670 -1.186603 0.506573
v -0.991670 -1.170711 0.527284
v -0.991670 -1.150000 0.543175
v -0.991670 -1.125882 0.553166
v -0.991670 -1.100000 0.556573
v -0.991670 -1.074118 0.553166
v 2.708330 -1.050000 0.369970
v 2.708330 -1.074118 0.359980
v 2.708330 -1.100000 0.356573
v 2.708330 -1.125882 0.359980
v 2.708330 -1.150000 0.369970
v 2.708330 -1.170711 0.385862
v 2.708330 -1.186603 0.406573
v 2.708330 -1.196593 0.430691
v 2.708330 -1.200000 0.456573
v 2.708330 -1.196593 0.482455
v 2.708330 -1.186603 0.506573
v 2.708330 -1.170711 0.527284
v 2.708330 -1.150000 0.543175
v 2.708330 -1.125882 0.553166
v 2.708330 -1.100000 0.556573
v 2.708330 -1.074118 0.553166
v 2.708330 -1.050000 0.543175
v 2.708330 -1.029290 0.527284
v 2.708330 -1.013398 0.506573
v 2.708330 -1.003408 0.482455
v 2.708330 -1.000000 0.456573
v 2.708330 -1.003408 0.430691
v 2.708330 -1.013398 0.406573
v 2.708330 -1.029290 0.385862
v 3.008330 -1.050000 0.369970
v 3.008330 -1.029290 0.385862
v 3.008330 -1.013398 0.406573
v 3.008330 -1.003408 0.430691
v 3.008330 -1.000000 0.456573
v 3.008330 -1.003408 0.482455
v 3.008330 -1.013398 0.506573
v 3.008330 -1.029290 0.527284
v 3.008330 -1.050000 0.543175
v 3.008330 -1.074118 0.553166
v 3.008330 -1.100000 0.556573
v 3.008330 -1.125882 0.553166
v 3.008330 -1.150000 0.543175
v 3.008330 -1.170711 0.527284
v 3.008330 -1.186603 0.506573
v 3.008330 -1.196593 0.482455
v 3.008330 -1.200000 0.456573
v 3.008330 -1.196593 0.430691
v 3.008330 -1.186603 0.406573
v 3.008330 -1.170711 0.385862
v 3.008330 -1.150000 0.369970
v 3.008330 -1.125882 0.359980
v 3.008330 -1.100000 0.356573
v 3.008330 -1.074118 0.359980
v -0.691670 1.050000 0.369970
v -0.691670 1.074118 0.359980
v -0.691670 1.100000 0.356573
v -0.691670 1.125882 0.359980
v -0.691670 1.150000 0.369970
v -0.691670 1.170710 0.385862
v -0.691670 1.186602 0.406573
v -0.691670 1.196592 0.430691
v -0.691670 1.200000 0.456573
v -0.691670 1.196592 0.482455
v -0.691670 1.186602 0.506573
v -0.691670 1.170710 0.527284
v -0.691670 1.150000 0.543175
v -0.691670 1.125882 0.553166
v -0.691670 1.100000 0.556573
v -0.691670 1.074118 0.553166
v -0.691670 1.050000 0.543175
v -0.691670 1.029289 0.527284
v -0.691670 1.013397 0.506573
v -0.691670 1.003407 0.482455
v -0.691670 1.000000 0.456573
v -0.691670 1.003407 0.430691
v -0.691670 1.013397 0.406573
v -0.691670 1.029289 0.385862
v -0.991670 1.050000 0.369970
v -0.991670 1.029289 0.385862
v -0.991670 1.013397 0.406573
v -0.991670 1.003407 0.430691
v -0.991670 1.000000 0.456573
v -0.991670 1.003407 0.482455
v -0.991670 1.013397 0.506573
v -0.991670 1.029289 0.527284
v -0.991670 1.050000 0.543175
v -0.991670 1.074118 0.553166
v -0.991670 1.100000 0.556573
v -0.991670 1.125882 0.553166
v -0.991670 1.150000 0.543175
v -0.991670 1.170710 0.527284
v -0.991670 1.186602 0.506573
v -0.991670 1.196592 0.482455
v -0.991670 1.200000 0.456573
v -0.991670 1.196592 0.430691
v -0.991670 1.186602 0.406573
v -0.991670 1.170710 0.385862
v -0.991670 1.150000 0.369970
v -0.991670 1.125882 0.359980
v -0.991670 1.100000 0.356573
v -0.991670 1.074118 0.359980
v 2.708330 1.050000 0.543175
v 2.708330 1.074118 0.553166
v 2.708330 1.100000 0.556573
v 2.708330 1.125882 0.553166
v 2.708330 1.150000 0.543176
v 2.708330 1.170710 0.527284
v 2.708330 1.186602 0.506573
v 2.708330 1.196592 0.482455
v 2.708330 1.200000 0.456573
v 2.708330 1.196592 0.430691
v 2.708330 1.186602 0.406573
v 2.708330 1.170710 0.385862
v 2.708330 1.150000 0.369970
v 2.708330 1.125882 0.359980
v 2.708330 1.100000 0.356573
v 2.708330 1.074118 0.359980
v 2.708330 1.050000 0.369970
v 2.708330 1.029289 0.385862
v 2.708330 1.013397 0.406573
v 2.708330 1.003407 0.430691
v 2.708330 1.000000 0.456573
v 2.708330 1.003407 0.482455
v 2.708330 1.013397 0.506573
v 2.708330 1.029289 0.527284
v 3.008330 1.050000 0.543175
v 3.008330 1.029289 0.527284
v 3.008330 1.013397 0.506573
v 3.008330 1.003407 0.482455
v 3.008330 1.000000 0.456573
v 3.008330 1.003407 0.430691
v 3.008330 1.013397 0.406573
v 3.008330 1.029289 0.385862
v 3.008330 1.050000 0.369970
v 3.008330 1.074118 0.359980
v 3.008330 1.100000 0.356573
v 3.008330 1.125882 0.359980
v 3.008330 1.150000 0.369970
v 3.008330 1.170710 0.385862
v 3.008330 1.186602 0.406573
v 3.008330 1.196592 0.430691
v 3.008330 1.200000 0.456573
v 3.008330 1.196592 0.482455
v 3.008330 1.186602 0.506573
v 3.008330 1.170710 0.527284
v 3.008330 1.150000 0.543176
v 3.008330 1.125882 0.553166
v 3.008330 1.100000 0.556573
v 3.008330 1.074118 0.553166
v 2.708330 1.450000 0.156573
v 2.708330 -1.450000 0.156573
v 2.708330 -1.450000 2.056573
v 2.708330 1.450000 2.056573
v 3.008330 -1.550000 -0.143427
v 3.008330 1.550000 -0.143427
v 3.008330 1.550000 1.856573
v 3.008330 -1.550000 1.856573
v -0.691670 -1.450000 0.156573
v -0.691670 1.450000 0.156573
v -0.691670 1.450000 2.046070
v -0.691670 -1.450000 2.046070
v -0.991670 -1.550000 -0.143427
v -0.991670 -1.550000 0.957553
v -0.991670 1.550000 0.957553
v -0.991670 1.550000 -0.143427
v -0.627709 1.450000 2.056573
v -0.649368 1.450000 2.055397
v -0.670772 1.450000 2.051882
v -0.627709 1.750000 1.856573
v -0.678468 1.743185 1.866725
v -0.725767 1.723205 1.876185
v -0.766384 1.691421 1.884308
v -0.797551 1.650000 1.890541
v -0.817143 1.601764 1.894460
v -0.823825 1.550000 1.895796
v -0.809810 1.550000 1.939273
v -0.786295 1.550000 1.978436
v -0.754507 1.550000 2.011241
v -0.716104 1.550000 2.035978
v -0.673090 1.550000 2.051356
v -0.627709 1.550000 2.056573
v -0.627709 1.601764 2.049758
v -0.627709 1.650000 2.029778
v -0.627709 1.691421 1.997994
v -0.627709 1.723205 1.956573
v -0.627709 1.743185 1.908337
v -0.723266 1.719967 1.901069
v -0.750186 1.601764 2.005971
v -0.737519 1.650000 1.990520
v -0.717369 1.691421 1.965940
v -0.691108 1.723205 1.933907
v -0.660527 1.743185 1.896604
v -0.752639 1.687877 1.929937
v -0.773493 1.646392 1.953813
v -0.784413 1.598338 1.971060
v -0.778394 1.677620 1.888308
v -0.799856 1.635902 1.911220
v -0.809586 1.588330 1.930407
v -0.709240 1.598338 2.032687
v -0.694470 1.646392 2.018596
v -0.675147 1.687877 1.993465
v -0.652600 1.719967 1.959001
v -0.664441 1.588330 2.049398
v -0.647534 1.635902 2.036094
v -0.629276 1.677620 2.010556
v 2.808330 1.550000 2.056573
v 2.860094 1.550000 2.049758
v 2.908329 1.550000 2.029778
v 2.949752 1.550000 1.997994
v 2.981534 1.550000 1.956573
v 3.001515 1.550000 1.908337
v 3.001515 1.601764 1.856573
v 2.981534 1.650000 1.856573
v 2.949752 1.691421 1.856573
v 2.908329 1.723205 1.856573
v 2.860094 1.743185 1.856573
v 2.808330 1.750000 1.856573
v 2.808330 1.743185 1.908337
v 2.808330 1.723205 1.956573
v 2.808330 1.691421 1.997994
v 2.808330 1.650000 2.029778
v 2.808330 1.601764 2.049758
v 2.845479 1.580782 2.050667
v 2.825236 1.627729 2.040073
v 2.888038 1.594046 2.034637
v 2.870410 1.641808 2.023058
v 2.848555 1.683313 2.000133
v 2.823956 1.715733 1.967425
v 2.927317 1.600897 2.009057
v 2.912106 1.649080 1.995906
v 2.889822 1.690511 1.973259
v 2.861986 1.722366 1.942660
v 2.830492 1.742474 1.906195
v 2.960814 1.600897 1.975560
v 2.947663 1.649080 1.960349
v 2.925015 1.690511 1.938066
v 2.894417 1.722366 1.910229
v 2.857952 1.742474 1.878735
v 2.986393 1.594046 1.936280
v 2.974814 1.641808 1.918654
v 2.951890 1.683313 1.896797
v 2.919182 1.715733 1.872199
v 3.002424 1.580782 1.893722
v 2.991831 1.627729 1.873479
v -0.823825 -1.550000 1.895796
v -0.817143 -1.601764 1.894460
v -0.797551 -1.650000 1.890541
v -0.766384 -1.691422 1.884308
v -0.725767 -1.723205 1.876185
v -0.678468 -1.743185 1.866725
v -0.627709 -1.750000 1.856573
v -0.627709 -1.743185 1.908337
v -0.627709 -1.723205 1.956573
v -0.627709 -1.691422 1.997994
v -0.627709 -1.650000 2.029778
v -0.627709 -1.601764 2.049758
v -0.627709 -1.550000 2.056573
v -0.673090 -1.550000 2.051356
v -0.716104 -1.550000 2.035978
v -0.754507 -1.550000 2.011241
v -0.786295 -1.550000 1.978436
v -0.809810 -1.550000 1.939273
v -0.652600 -1.719968 1.959001
v -0.750186 -1.601764 2.005971
v -0.778394 -1.677620 1.888308
v -0.799856 -1.635902 1.911220
v -0.809586 -1.588330 1.930407
v -0.723266 -1.719968 1.901069
v -0.752639 -1.687878 1.929937
v -0.773493 -1.646393 1.953813
v -0.784413 -1.598338 1.971060
v -0.660527 -1.743185 1.896604
v -0.691108 -1.723205 1.933907
v -0.717369 -1.691422 1.965940
v -0.737519 -1.650000 1.990520
v -0.675147 -1.687878 1.993465
v -0.694470 -1.646393 2.018596
v -0.709240 -1.598338 2.032687
v -0.629276 -1.677620 2.010556
v -0.647534 -1.635902 2.036094
v -0.664441 -1.588330 2.049398
v -0.984855 1.601764 -0.143427
v -0.964875 1.650000 -0.143427
v -0.933091 1.691421 -0.143427
v -0.891670 1.723205 -0.143427
v -0.843434 1.743185 -0.143427
v -0.791670 1.750000 -0.143427
v -0.791670 1.756815 -0.195191
v -0.791670 1.776795 -0.243427
v -0.791670 1.808578 -0.284848
v -0.791670 1.850000 -0.316632
v -0.791670 1.898236 -0.336612
v -0.791670 1.950000 -0.343427
v -0.895197 1.936370 -0.343427
v -0.991670 1.896410 -0.343427
v -1.074512 1.832842 -0.343427
v -1.138080 1.750000 -0.343427
v -1.178041 1.653527 -0.343427
v -1.191670 1.550000 -0.343427
v -1.139906 1.550000 -0.336612
v -1.091671 1.550000 -0.316632
v -1.050248 1.550000 -0.284848
v -1.018466 1.550000 -0.243427
v -0.998485 1.550000 -0.195191
v -0.991438 1.603527 -0.195191
v -1.010737 1.608699 -0.243427
v -1.041438 1.616925 -0.284848
v -1.081447 1.627645 -0.316632
v -1.128040 1.640130 -0.336612
v -0.970777 1.653407 -0.195191
v -0.988080 1.663397 -0.243427
v -1.015605 1.679289 -0.284848
v -1.051477 1.700000 -0.316632
v -1.093251 1.724118 -0.336612
v -0.937910 1.696240 -0.195191
v -0.952038 1.710368 -0.243427
v -0.974512 1.732842 -0.284848
v -1.003803 1.762132 -0.316632
v -1.037910 1.796240 -0.336612
v -0.895077 1.729107 -0.195191
v -0.905067 1.746410 -0.243427
v -0.920959 1.773935 -0.284848
v -0.941670 1.809807 -0.316632
v -0.965788 1.851581 -0.336612
v -0.845197 1.749768 -0.195191
v -0.850369 1.769067 -0.243427
v -0.858595 1.799768 -0.284848
v -0.869315 1.839777 -0.316632
v -0.881800 1.886370 -0.336612
v 3.001515 -1.550000 1.908337
v 2.981534 -1.550000 1.956573
v 2.949752 -1.550000 1.997994
v 2.908329 -1.550000 2.029778
v 2.860094 -1.550000 2.049758
v 2.808330 -1.550000 2.056573
v 2.808330 -1.601764 2.049758
v 2.808330 -1.650000 2.029778
v 2.808330 -1.691422 1.997994
v 2.808330 -1.723205 1.956573
v 2.808330 -1.743185 1.908337
v 2.808330 -1.750000 1.856573
v 2.860094 -1.743185 1.856573
v 2.908329 -1.723205 1.856573
v 2.949752 -1.691422 1.856573
v 2.981534 -1.650000 1.856573
v 3.001515 -1.601764 1.856573
v 3.002424 -1.580783 1.893722
v 2.991831 -1.627729 1.873479
v 2.986393 -1.594047 1.936280
v 2.974814 -1.641809 1.918654
v 2.951890 -1.683314 1.896797
v 2.919182 -1.715734 1.872199
v 2.960814 -1.600897 1.975560
v 2.947663 -1.649080 1.960349
v 2.925015 -1.690511 1.938066
v 2.894417 -1.722366 1.910229
v 2.857952 -1.742475 1.878735
v 2.927317 -1.600897 2.009057
v 2.912106 -1.649080 1.995906
v 2.889822 -1.690511 1.973259
v 2.861986 -1.722366 1.942660
v 2.830492 -1.742475 1.906195
v 2.888038 -1.594047 2.034637
v 2.870410 -1.641809 2.023058
v 2.848555 -1.683314 2.000133
v 2.823956 -1.715734 1.967425
v 2.845479 -1.580783 2.050667
v 2.825236 -1.627729 2.040073
v 1.662984 -1.743185 1.908337
v 0.517637 -1.743185 1.908337
v 1.662984 -1.723205 1.956573
v 0.517637 -1.723205 1.956573
v 1.662984 -1.691422 1.997994
v 0.517637 -1.691422 1.997994
v 1.662984 -1.650000 2.029778
v 0.517637 -1.650000 2.029778
v 1.662984 -1.601764 2.049758
v 0.517637 -1.601764 2.049758
v 2.808330 1.750000 -0.143427
v 2.860094 1.743185 -0.143427
v 2.908329 1.723205 -0.143427
v 2.949752 1.691421 -0.143427
v 2.981534 1.650000 -0.143427
v 3.001515 1.601764 -0.143427
v 3.015145 1.550000 -0.195191
v 3.035125 1.550000 -0.243427
v 3.066909 1.550000 -0.284848
v 3.108330 1.550000 -0.316632
v 3.156566 1.550000 -0.336612
v 3.208330 1.550000 -0.343427
v 3.194700 1.653527 -0.343427
v 3.154740 1.750000 -0.343427
v 3.091172 1.832842 -0.343427
v 3.008330 1.896410 -0.343427
v 2.911858 1.936370 -0.343427
v 2.808330 1.950000 -0.343427
v 2.808330 1.898236 -0.336612
v 2.808330 1.850000 -0.316632
v 2.808330 1.808578 -0.284848
v 2.808330 1.776795 -0.243427
v 2.808330 1.756815 -0.195191
v 2.861857 1.749768 -0.195191
v 2.867029 1.769067 -0.243427
v 2.875255 1.799768 -0.284848
v 2.885976 1.839777 -0.316632
v 2.898459 1.886370 -0.336612
v 2.911737 1.729107 -0.195191
v 2.921728 1.746410 -0.243427
v 2.937620 1.773935 -0.284848
v 2.958330 1.809807 -0.316632
v 2.982448 1.851581 -0.336612
v 2.954570 1.696240 -0.195191
v 2.968698 1.710368 -0.243427
v 2.991173 1.732842 -0.284848
v 3.020462 1.762132 -0.316632
v 3.054569 1.796240 -0.336612
v 2.987437 1.653407 -0.195191
v 3.004740 1.663397 -0.243427
v 3.032266 1.679289 -0.284848
v 3.068138 1.700000 -0.316632
v 3.109912 1.724118 -0.336612
v 3.008098 1.603527 -0.195191
v 3.027397 1.608699 -0.243427
v 3.058098 1.616925 -0.284848
v 3.098108 1.627645 -0.316632
v 3.144701 1.640130 -0.336612
v -0.791670 -1.750000 -0.143427
v -0.843434 -1.743185 -0.143427
v -0.891670 -1.723205 -0.143427
v -0.933091 -1.691422 -0.143427
v -0.964875 -1.650000 -0.143427
v -0.984855 -1.601764 -0.143427
v -0.998485 -1.550000 -0.195191
v -1.018466 -1.550000 -0.243427
v -1.050248 -1.550000 -0.284848
v -1.091671 -1.550000 -0.316632
v -1.139906 -1.550000 -0.336612
v -1.191670 -1.550000 -0.343427
v -1.178041 -1.653528 -0.343427
v -1.138080 -1.750000 -0.343427
v -1.074512 -1.832843 -0.343427
v -0.991670 -1.896410 -0.343427
v -0.895197 -1.936371 -0.343427
v -0.791670 -1.950000 -0.343427
v -0.791670 -1.898236 -0.336612
v -0.791670 -1.850000 -0.316632
v -0.791670 -1.808579 -0.284848
v -0.791670 -1.776795 -0.243427
v -0.791670 -1.756815 -0.195191
v -0.845197 -1.749768 -0.195191
v -0.850369 -1.769067 -0.243427
v -0.858595 -1.799768 -0.284848
v -0.869315 -1.839778 -0.316632
v -0.881800 -1.886371 -0.336612
v -0.895077 -1.729107 -0.195191
v -0.905067 -1.746410 -0.243427
v -0.920959 -1.773936 -0.284848
v -0.941670 -1.809808 -0.316632
v -0.965788 -1.851582 -0.336612
v -0.937910 -1.696240 -0.195191
v -0.952038 -1.710369 -0.243427
v -0.974512 -1.732843 -0.284848
v -1.003803 -1.762132 -0.316632
v -1.037910 -1.796240 -0.336612
v -0.970777 -1.653408 -0.195191
v -0.988080 -1.663398 -0.243427
v -1.015605 -1.679290 -0.284848
v -1.051477 -1.700000 -0.316632
v -1.093251 -1.724118 -0.336612
v -0.991438 -1.603528 -0.195191
v -1.010737 -1.608699 -0.243427
v -1.041438 -1.616925 -0.284848
v -1.081447 -1.627646 -0.316632
v -1.128040 -1.640130 -0.336612
v -0.998485 0.516666 -0.195191
v -0.998485 -0.516667 -0.195191
v -1.018466 0.516666 -0.243427
v -1.018466 -0.516667 -0.243427
v -1.050248 0.516666 -0.284848
v -1.050248 -0.516667 -0.284848
v -1.091671 0.516666 -0.316632
v -1.091671 -0.516667 -0.316632
v -1.139906 0.516666 -0.336612
v -1.139906 -0.516667 -0.336612
v 2.808330 -1.950000 -0.343427
v 2.911858 -1.936371 -0.343427
v 3.008330 -1.896410 -0.343427
v 3.091172 -1.832843 -0.343427
v 3.154740 -1.750000 -0.343427
v 3.194700 -1.653528 -0.343427
v 3.208330 -1.550000 -0.343427
v 3.156566 -1.550000 -0.336612
v 3.108330 -1.550000 -0.316632
v 3.066909 -1.550000 -0.284848
v 3.035125 -1.550000 -0.243427
v 3.015145 -1.550000 -0.195191
v 3.001515 -1.601764 -0.143427
v 2.981534 -1.650000 -0.143427
v 2.949752 -1.691422 -0.143427
v 2.908329 -1.723205 -0.143427
v 2.860094 -1.743185 -0.143427
v 2.808330 -1.750000 -0.143427
v 2.808330 -1.756815 -0.195191
v 2.808330 -1.776795 -0.243427
v 2.808330 -1.808579 -0.284848
v 2.808330 -1.850000 -0.316632
v 2.808330 -1.898236 -0.336612
v 2.898459 -1.886371 -0.336612
v 2.885976 -1.839778 -0.316632
v 2.875255 -1.799768 -0.284848
v 2.867029 -1.769067 -0.243427
v 2.861857 -1.749768 -0.195191
v 2.982448 -1.851582 -0.336612
v 2.958330 -1.809808 -0.316632
v 2.937620 -1.773936 -0.284848
v 2.921728 -1.746410 -0.243427
v 2.911737 -1.729107 -0.195191
v 3.054569 -1.796240 -0.336612
v 3.020462 -1.762132 -0.316632
v 2.991173 -1.732843 -0.284848
v 2.968698 -1.710369 -0.243427
v 2.954570 -1.696240 -0.195191
v 3.109912 -1.724118 -0.336612
v 3.068138 -1.700000 -0.316632
v 3.032266 -1.679290 -0.284848
v 3.004740 -1.663398 -0.243427
v 2.987437 -1.653408 -0.195191
v 3.144701 -1.640130 -0.336612
v 3.098108 -1.627646 -0.316632
v 3.058098 -1.616925 -0.284848
v 3.027397 -1.608699 -0.243427
v 3.008098 -1.603528 -0.195191
v 3.156566 0.516666 -0.336612
v 3.156566 -0.516667 -0.336612
v 3.108330 0.516666 -0.316632
v 3.108330 -0.516667 -0.316632
v 3.066909 0.516666 -0.284848
v 3.066909 -0.516667 -0.284848
v 3.035125 0.516666 -0.243427
v 3.035125 -0.516667 -0.243427
v 3.015145 0.516666 -0.195191
v 3.015145 -0.516667 -0.195191
v 3.001515 -1.601764 0.856573
v 2.981534 -1.650000 0.856573
v 2.949752 -1.691422 0.856573
v 2.908329 -1.723205 0.856573
v 2.860094 -1.743185 0.856573
v 0.108330 -1.756815 -0.195191
v 1.008330 -1.756815 -0.195191
v 1.908329 -1.756815 -0.195191
v 0.108330 -1.776795 -0.243427
v 1.008330 -1.776795 -0.243427
v 1.908329 -1.776795 -0.243427
v 0.108330 -1.808579 -0.284848
v 1.008330 -1.808579 -0.284848
v 1.908329 -1.808579 -0.284848
v 0.108330 -1.850000 -0.316632
v 1.008330 -1.850000 -0.316632
v 1.908329 -1.850000 -0.316632
v 0.108330 -1.898236 -0.336612
v 1.008330 -1.898236 -0.336612
v 1.908329 -1.898236 -0.336612
v -0.791670 -1.750000 0.957553
v -0.843434 -1.743185 0.957553
v -0.891670 -1.723205 0.957553
v -0.933091 -1.691422 0.957553
v -0.964875 -1.650000 0.957553
v -0.984855 -1.601764 0.957553
v -0.776134 -1.750000 1.114446
v -0.826893 -1.743185 1.124598
v -0.874192 -1.723205 1.134058
v -0.914809 -1.691422 1.142181
v -0.945976 -1.650000 1.148415
v -0.965568 -1.601764 1.152333
v -0.972250 -1.550000 1.153670
v -0.983023 -1.550000 1.088771
v -0.989506 -1.550000 1.023304
v -0.789939 -1.750000 1.010154
v -0.784753 -1.750000 1.062527
v 0.108330 1.898236 -0.336612
v 1.008330 1.898236 -0.336612
v 1.908329 1.898236 -0.336612
v 0.108330 1.850000 -0.316632
v 1.008330 1.850000 -0.316632
v 1.908329 1.850000 -0.316632
v 0.108330 1.808578 -0.284848
v 1.008330 1.808578 -0.284848
v 1.908329 1.808578 -0.284848
v 0.108330 1.776795 -0.243427
v 1.008330 1.776795 -0.243427
v 1.908329 1.776795 -0.243427
v 0.108330 1.756815 -0.195191
v 1.008330 1.756815 -0.195191
v 1.908329 1.756815 -0.195191
v 3.001515 1.601764 0.856573
v 2.981534 1.650000 0.856573
v 2.949752 1.691421 0.856573
v 2.908329 1.723205 0.856573
v 2.860094 1.743185 0.856573
v 3.001515 0.516666 1.908337
v 3.001515 -0.516667 1.908337
v 2.981534 0.516666 1.956573
v 2.981534 -0.516667 1.956573
v 2.949752 0.516666 1.997994
v 2.949752 -0.516667 1.997994
v 2.908329 0.516666 2.029778
v 2.908329 -0.516667 2.029778
v 2.860094 0.516666 2.049758
v 2.860094 -0.516667 2.049758
v -0.984855 1.601764 0.957553
v -0.964875 1.650000 0.957553
v -0.933091 1.691421 0.957553
v -0.891670 1.723205 0.957553
v -0.843434 1.743185 0.957553
v -0.791670 1.750000 0.957553
v -0.972250 1.550000 1.153670
v -0.965568 1.601764 1.152333
v -0.945976 1.650000 1.148415
v -0.914809 1.691421 1.142181
v -0.874192 1.723205 1.134058
v -0.826893 1.743185 1.124598
v -0.776134 1.750000 1.114446
v -0.784753 1.750000 1.062527
v -0.789939 1.750000 1.010154
v -0.989506 1.550000 1.023304
v -0.983023 1.550000 1.088771
v -0.627709 -1.450000 2.056573
v -0.649368 -1.450000 2.055397
v -0.670772 -1.450000 2.051882
v -0.716104 0.775000 2.035978
v -0.716104 -0.000000 2.035978
v -0.716104 -0.775000 2.035978
v -0.754507 0.775000 2.011241
v -0.754507 -0.000000 2.011241
v -0.754507 -0.775000 2.011241
v -0.786295 0.775000 1.978436
v -0.786295 -0.000000 1.978436
v -0.786295 -0.775000 1.978436
v -0.809810 0.775000 1.939273
v -0.809810 -0.000000 1.939273
v -0.809810 -0.775000 1.939273
v 0.517637 1.743185 1.908337
v 1.662984 1.743185 1.908337
v 0.517637 1.723205 1.956573
v 1.662984 1.723205 1.956573
v 0.517637 1.691421 1.997994
v 1.662984 1.691421 1.997994
v 0.517637 1.650000 2.029778
v 1.662984 1.650000 2.029778
v 0.517637 1.601764 2.049758
v 1.662984 1.601764 2.049758
v -6.091671 3.850000 -0.343427
v -6.091671 -3.850000 -0.343427
v 4.708330 -3.850000 -0.343427
v 4.708330 3.850000 -0.343427
v -6.117552 -3.850000 -0.346834
v -6.141670 -3.850000 -0.356825
v -6.162380 -3.850000 -0.372716
v -6.178272 -3.850000 -0.393427
v -6.188262 -3.850000 -0.417545
v -6.191670 -3.850000 -0.443427
v -6.188262 -3.875882 -0.443427
v -6.178272 -3.900000 -0.443427
v -6.162380 -3.920712 -0.443427
v -6.141670 -3.936603 -0.443427
v -6.117552 -3.946594 -0.443427
v -6.091671 -3.950001 -0.443427
v -6.091671 -3.946594 -0.417545
v -6.091671 -3.936603 -0.393427
v -6.091671 -3.920712 -0.372716
v -6.091671 -3.900000 -0.356825
v -6.091671 -3.875882 -0.346834
v -6.130535 -3.858454 -0.351677
v -6.107061 -3.868575 -0.346380
v -6.174538 -3.857813 -0.388001
v -6.158328 -3.870112 -0.371647
v -6.137574 -3.881042 -0.360185
v -6.113693 -3.889854 -0.354395
v -6.187907 -3.861082 -0.418616
v -6.177854 -3.876828 -0.400383
v -6.161925 -3.890747 -0.385084
v -6.141211 -3.901888 -0.373761
v -6.117118 -3.909494 -0.367185
v -6.187907 -3.874811 -0.432346
v -6.177854 -3.893044 -0.416599
v -6.161925 -3.908343 -0.402681
v -6.141211 -3.919667 -0.391539
v -6.117118 -3.926242 -0.383933
v -6.174538 -3.905427 -0.435614
v -6.158328 -3.921780 -0.423315
v -6.137574 -3.933244 -0.412386
v -6.113693 -3.939032 -0.403573
v -6.130535 -3.941751 -0.434974
v -6.107061 -3.947047 -0.424853
v 4.708330 -3.875882 -0.346834
v 4.708330 -3.900000 -0.356825
v 4.708330 -3.920712 -0.372716
v 4.708330 -3.936603 -0.393427
v 4.708330 -3.946594 -0.417545
v 4.708330 -3.950001 -0.443427
v 4.734212 -3.946594 -0.443427
v 4.758329 -3.936603 -0.443427
v 4.779040 -3.920712 -0.443427
v 4.794932 -3.900000 -0.443427
v 4.804923 -3.875882 -0.443427
v 4.808330 -3.850000 -0.443427
v 4.804923 -3.850000 -0.417545
v 4.794932 -3.850000 -0.393427
v 4.779040 -3.850000 -0.372716
v 4.758329 -3.850000 -0.356825
v 4.734212 -3.850000 -0.346834
v 4.723722 -3.868575 -0.346380
v 4.747194 -3.858454 -0.351677
v 4.730353 -3.889854 -0.354395
v 4.754233 -3.881042 -0.360185
v 4.774986 -3.870112 -0.371647
v 4.791197 -3.857813 -0.388001
v 4.733778 -3.909494 -0.367185
v 4.757870 -3.901888 -0.373761
v 4.778585 -3.890747 -0.385084
v 4.794513 -3.876828 -0.400383
v 4.804567 -3.861082 -0.418616
v 4.733778 -3.926242 -0.383933
v 4.757870 -3.919667 -0.391539
v 4.778585 -3.908343 -0.402681
v 4.794513 -3.893044 -0.416599
v 4.804567 -3.874811 -0.432346
v 4.730353 -3.939032 -0.403573
v 4.754233 -3.933244 -0.412386
v 4.774986 -3.921780 -0.423315
v 4.791197 -3.905427 -0.435614
v 4.723722 -3.947047 -0.424853
v 4.747194 -3.941751 -0.434974
v -6.091671 3.875882 -0.346834
v -6.091671 3.900000 -0.356825
v -6.091671 3.920710 -0.372716
v -6.091671 3.936602 -0.393427
v -6.091671 3.946592 -0.417545
v -6.091671 3.950000 -0.443427
v -6.117552 3.946592 -0.443427
v -6.141670 3.936602 -0.443427
v -6.162380 3.920710 -0.443427
v -6.178272 3.900000 -0.443427
v -6.188262 3.875882 -0.443427
v -6.191670 3.850000 -0.443427
v -6.188262 3.850000 -0.417545
v -6.178272 3.850000 -0.393427
v -6.162380 3.850000 -0.372716
v -6.141670 3.850000 -0.356825
v -6.117552 3.850000 -0.346834
v -6.107061 3.868574 -0.346380
v -6.130535 3.858453 -0.351677
v -6.113693 3.889853 -0.354395
v -6.137574 3.881040 -0.360185
v -6.158328 3.870112 -0.371647
v -6.174538 3.857813 -0.388001
v -6.117118 3.909492 -0.367185
v -6.141211 3.901888 -0.373761
v -6.161925 3.890746 -0.385084
v -6.177854 3.876827 -0.400383
v -6.187907 3.861081 -0.418616
v -6.117118 3.926242 -0.383933
v -6.141211 3.919666 -0.391539
v -6.161925 3.908343 -0.402681
v -6.177854 3.893043 -0.416599
v -6.187907 3.874811 -0.432346
v -6.113693 3.939032 -0.403573
v -6.137574 3.933242 -0.412386
v -6.158328 3.921780 -0.423315
v -6.174538 3.905426 -0.435614
v -6.107061 3.947047 -0.424853
v -6.130535 3.941750 -0.434974
v -6.091671 -3.950001 -0.543427
v -6.117552 -3.946594 -0.543427
v -6.141670 -3.936603 -0.543427
v -6.162380 -3.920712 -0.543427
v -6.178272 -3.900000 -0.543427
v -6.188262 -3.875882 -0.543427
v -6.191670 -3.850000 -0.543427
v -6.188262 -3.850000 -0.569309
v -6.178272 -3.850000 -0.593427
v -6.162380 -3.850000 -0.614138
v -6.141670 -3.850000 -0.630030
v -6.117552 -3.850000 -0.640020
v -6.091671 -3.850000 -0.643427
v -6.091671 -3.875882 -0.640020
v -6.091671 -3.900000 -0.630030
v -6.091671 -3.920712 -0.614138
v -6.091671 -3.936603 -0.593427
v -6.091671 -3.946594 -0.569309
v -6.130535 -3.941751 -0.551880
v -6.107061 -3.947047 -0.562001
v -6.174538 -3.905427 -0.551240
v -6.158328 -3.921780 -0.563539
v -6.137574 -3.933244 -0.574468
v -6.113693 -3.939032 -0.583281
v -6.187907 -3.874811 -0.554508
v -6.177854 -3.893044 -0.570255
v -6.161925 -3.908343 -0.584174
v -6.141211 -3.919667 -0.595315
v -6.117118 -3.926242 -0.602921
v -6.187907 -3.861082 -0.568238
v -6.177854 -3.876828 -0.586471
v -6.161925 -3.890747 -0.601770
v -6.141211 -3.901888 -0.613094
v -6.117118 -3.909494 -0.619669
v -6.174538 -3.857813 -0.598853
v -6.158328 -3.870112 -0.615207
v -6.137574 -3.881042 -0.626669
v -6.113693 -3.889854 -0.632459
v -6.130535 -3.858454 -0.635177
v -6.107061 -3.868575 -0.640474
v 4.734212 3.850000 -0.346834
v 4.758329 3.850000 -0.356825
v 4.779040 3.850000 -0.372716
v 4.794932 3.850000 -0.393427
v 4.804923 3.850000 -0.417545
v 4.808330 3.850000 -0.443427
v 4.804923 3.875882 -0.443427
v 4.794932 3.900000 -0.443427
v 4.779040 3.920710 -0.443427
v 4.758329 3.936602 -0.443427
v 4.734212 3.946592 -0.443427
v 4.708330 3.950000 -0.443427
v 4.708330 3.946592 -0.417545
v 4.708330 3.936602 -0.393427
v 4.708330 3.920710 -0.372716
v 4.708330 3.900000 -0.356825
v 4.708330 3.875882 -0.346834
v 4.723722 3.947047 -0.424853
v 4.747194 3.858453 -0.351677
v 4.723722 3.868574 -0.346380
v 4.791197 3.857813 -0.388001
v 4.774986 3.870112 -0.371647
v 4.754233 3.881040 -0.360185
v 4.730353 3.889853 -0.354395
v 4.804567 3.861081 -0.418616
v 4.794513 3.876827 -0.400383
v 4.778585 3.890746 -0.385084
v 4.757870 3.901888 -0.373761
v 4.733778 3.909492 -0.367185
v 4.804567 3.874811 -0.432346
v 4.794513 3.893043 -0.416599
v 4.778585 3.908343 -0.402681
v 4.757870 3.919666 -0.391539
v 4.733778 3.926242 -0.383933
v 4.791197 3.905426 -0.435614
v 4.774986 3.921780 -0.423315
v 4.754233 3.933242 -0.412386
v 4.730353 3.939032 -0.403573
v 4.747194 3.941750 -0.434974
v 4.708330 -3.950001 -0.543427
v 4.708330 -3.946594 -0.569309
v 4.708330 -3.936603 -0.593427
v 4.708330 -3.920712 -0.614138
v 4.708330 -3.900000 -0.630030
v 4.708330 -3.875882 -0.640020
v 4.708330 -3.850000 -0.643427
v 4.734212 -3.850000 -0.640020
v 4.758329 -3.850000 -0.630030
v 4.779040 -3.850000 -0.614138
v 4.794932 -3.850000 -0.593427
v 4.804923 -3.850000 -0.569309
v 4.808330 -3.850000 -0.543427
v 4.804923 -3.875882 -0.543427
v 4.794932 -3.900000 -0.543427
v 4.779040 -3.920712 -0.543427
v 4.758329 -3.936603 -0.543427
v 4.734212 -3.946594 -0.543427
v 4.723722 -3.947047 -0.562001
v 4.747194 -3.941751 -0.551880
v 4.730353 -3.939032 -0.583281
v 4.754233 -3.933244 -0.574468
v 4.774986 -3.921780 -0.563539
v 4.791197 -3.905427 -0.551240
v 4.733778 -3.926242 -0.602921
v 4.757870 -3.919667 -0.595315
v 4.778585 -3.908343 -0.584174
v 4.794513 -3.893044 -0.570255
v 4.804567 -3.874811 -0.554508
v 4.733778 -3.909494 -0.619669
v 4.757870 -3.901888 -0.613094
v 4.778585 -3.890747 -0.601770
v 4.794513 -3.876828 -0.586471
v 4.804567 -3.861082 -0.568238
v 4.730353 -3.889854 -0.632459
v 4.754233 -3.881042 -0.626669
v 4.774986 -3.870112 -0.615207
v 4.791197 -3.857813 -0.598853
v 4.723722 -3.868575 -0.640474
v 4.747194 -3.858454 -0.635177
v -6.191670 3.850000 -0.543427
v -6.188262 3.875882 -0.543427
v -6.178272 3.900000 -0.543427
v -6.162380 3.920710 -0.543427
v -6.141670 3.936602 -0.543427
v -6.117552 3.946592 -0.543427
v -6.091671 3.950000 -0.543427
v -6.091671 3.946592 -0.569309
v -6.091671 3.936602 -0.593427
v -6.091671 3.920710 -0.614138
v -6.091671 3.900000 -0.630030
v -6.091671 3.875882 -0.640020
v -6.091671 3.850000 -0.643427
v -6.117552 3.850000 -0.640020
v -6.141670 3.850000 -0.630030
v -6.162380 3.850000 -0.614138
v -6.178272 3.850000 -0.593427
v -6.188262 3.850000 -0.569309
v -6.117118 3.909492 -0.619669
v -6.141211 3.901888 -0.613094
v -6.161925 3.890746 -0.601770
v -6.177854 3.876827 -0.586471
v -6.187907 3.861081 -0.568238
v -6.187907 3.874811 -0.554508
v -6.177854 3.893043 -0.570255
v -6.161925 3.908343 -0.584174
v -6.141211 3.919666 -0.595315
v -6.117118 3.926242 -0.602921
v -6.174538 3.905426 -0.551240
v -6.158328 3.921780 -0.563539
v -6.137574 3.933242 -0.574468
v -6.113693 3.939032 -0.583281
v -6.130535 3.941750 -0.551880
v -6.107061 3.947047 -0.562001
v -6.113693 3.889853 -0.632459
v -6.137574 3.881040 -0.626669
v -6.158328 3.870112 -0.615207
v -6.174538 3.857813 -0.598853
v -6.107061 3.868574 -0.640474
v -6.130535 3.858453 -0.635177
v 4.708330 3.950000 -0.543427
v 4.734212 3.946592 -0.543427
v 4.758329 3.936602 -0.543427
v 4.779040 3.920710 -0.543427
v 4.794932 3.900000 -0.543427
v 4.804923 3.875882 -0.543427
v 4.808330 3.850000 -0.543427
v 4.804923 3.850000 -0.569309
v 4.794932 3.850000 -0.593427
v 4.779040 3.850000 -0.614138
v 4.758329 3.850000 -0.630030
v 4.734212 3.850000 -0.640020
v 4.708330 3.850000 -0.643427
v 4.708330 3.875882 -0.640020
v 4.708330 3.900000 -0.630030
v 4.708330 3.920710 -0.614138
v 4.708330 3.936602 -0.593427
v 4.708330 3.946592 -0.569309
v 4.723722 3.868574 -0.640474
v 4.747194 3.941750 -0.551880
v 4.723722 3.947047 -0.562001
v 4.791197 3.905426 -0.551240
v 4.774986 3.921780 -0.563539
v 4.754233 3.933242 -0.574468
v 4.730353 3.939032 -0.583281
v 4.804567 3.874811 -0.554508
v 4.794513 3.893043 -0.570255
v 4.778585 3.908343 -0.584174
v 4.757870 3.919666 -0.595315
v 4.733778 3.926242 -0.602921
v 4.804567 3.861081 -0.568238
v 4.794513 3.876827 -0.586471
v 4.778585 3.890746 -0.601770
v 4.757870 3.901888 -0.613094
v 4.733778 3.909492 -0.619669
v 4.791197 3.857813 -0.598853
v 4.774986 3.870112 -0.615207
v 4.754233 3.881040 -0.626669
v 4.730353 3.889853 -0.632459
v 4.747194 3.858453 -0.635177
v 4.734212 3.299999 -0.640020
v 4.734212 2.750000 -0.640020
v 4.734212 2.200000 -0.640020
v 4.734212 1.650000 -0.640020
v 4.734212 1.100000 -0.640020
v 4.734212 0.550000 -0.640020
v 4.734212 -0.000000 -0.640020
v 4.734212 -0.550000 -0.640020
v 4.734212 -1.100000 -0.640020
v 4.734212 -1.650000 -0.640020
v 4.734212 -2.200001 -0.640020
v 4.734212 -2.750000 -0.640020
v 4.734212 -3.300000 -0.640020
v 4.758329 3.299999 -0.630030
v 4.758329 2.750000 -0.630030
v 4.758329 2.200000 -0.630030
v 4.758329 1.650000 -0.630030
v 4.758329 1.100000 -0.630030
v 4.758329 0.550000 -0.630030
v 4.758329 -0.000000 -0.630030
v 4.758329 -0.550000 -0.630030
v 4.758329 -1.100000 -0.630030
v 4.758329 -1.650000 -0.630030
v 4.758329 -2.200001 -0.630030
v 4.758329 -2.750000 -0.630030
v 4.758329 -3.300000 -0.630030
v 4.779040 3.299999 -0.614138
v 4.779040 2.750000 -0.614138
v 4.779040 2.200000 -0.614138
v 4.779040 1.650000 -0.614138
v 4.779040 1.100000 -0.614138
v 4.779040 0.550000 -0.614138
v 4.779040 -0.000000 -0.614138
v 4.779040 -0.550000 -0.614138
v 4.779040 -1.100000 -0.614138
v 4.779040 -1.650000 -0.614138
v 4.779040 -2.200001 -0.614138
v 4.779040 -2.750000 -0.614138
v 4.779040 -3.300000 -0.614138
v 4.794932 3.299999 -0.593427
v 4.794932 2.750000 -0.593427
v 4.794932 2.200000 -0.593427
v 4.794932 1.650000 -0.593427
v 4.794932 1.100000 -0.593427
v 4.794932 0.550000 -0.593427
v 4.794932 -0.000000 -0.593427
v 4.794932 -0.550000 -0.593427
v 4.794932 -1.100000 -0.593427
v 4.794932 -1.650000 -0.593427
v 4.794932 -2.200001 -0.593427
v 4.794932 -2.750000 -0.593427
v 4.794932 -3.300000 -0.593427
v 4.804923 3.299999 -0.569309
v 4.804923 2.750000 -0.569309
v 4.804923 2.200000 -0.569309
v 4.804923 1.650000 -0.569309
v 4.804923 1.100000 -0.569309
v 4.804923 0.550000 -0.569309
v 4.804923 -0.000000 -0.569309
v 4.804923 -0.550000 -0.569309
v 4.804923 -1.100000 -0.569309
v 4.804923 -1.650000 -0.569309
v 4.804923 -2.200001 -0.569309
v 4.804923 -2.750000 -0.569309
v 4.804923 -3.300000 -0.569309
v -5.551671 3.875882 -0.640020
v -5.011671 3.875882 -0.640020
v -4.471671 3.875882 -0.640020
v -3.931671 3.875882 -0.640020
v -3.391670 3.875882 -0.640020
v -2.851671 3.875882 -0.640020
v -2.311671 3.875882 -0.640020
v -1.771670 3.875882 -0.640020
v -1.231670 3.875882 -0.640020
v -0.691670 3.875882 -0.640020
v -0.151670 3.875882 -0.640020
v 0.388330 3.875882 -0.640020
v 0.928330 3.875882 -0.640020
v 1.468330 3.875882 -0.640020
v 2.008329 3.875882 -0.640020
v 2.548330 3.875882 -0.640020
v 3.088330 3.875882 -0.640020
v 3.628330 3.875882 -0.640020
v 4.168329 3.875882 -0.640020
v -5.551671 3.900000 -0.630030
v -5.011671 3.900000 -0.630030
v -4.471671 3.900000 -0.630030
v -3.931671 3.900000 -0.630030
v -3.391670 3.900000 -0.630030
v -2.851671 3.900000 -0.630030
v -2.311671 3.900000 -0.630030
v -1.771670 3.900000 -0.630030
v -1.231670 3.900000 -0.630030
v -0.691670 3.900000 -0.630030
v -0.151670 3.900000 -0.630030
v 0.388330 3.900000 -0.630030
v 0.928330 3.900000 -0.630030
v 1.468330 3.900000 -0.630030
v 2.008329 3.900000 -0.630030
v 2.548330 3.900000 -0.630030
v 3.088330 3.900000 -0.630030
v 3.628330 3.900000 -0.630030
v 4.168329 3.900000 -0.630030
v -5.551671 3.920710 -0.614138
v -5.011671 3.920710 -0.614138
v -4.471671 3.920710 -0.614138
v -3.931671 3.920710 -0.614138
v -3.391670 3.920710 -0.614138
v -2.851671 3.920710 -0.614138
v -2.311671 3.920710 -0.614138
v -1.771670 3.920710 -0.614138
v -1.231670 3.920710 -0.614138
v -0.691670 3.920710 -0.614138
v -0.151670 3.920710 -0.614138
v 0.388330 3.920710 -0.614138
v 0.928330 3.920710 -0.614138
v 1.468330 3.920710 -0.614138
v 2.008329 3.920710 -0.614138
v 2.548330 3.920710 -0.614138
v 3.088330 3.920710 -0.614138
v 3.628330 3.920710 -0.614138
v 4.168329 3.920710 -0.614138
v -5.551671 3.936602 -0.593427
v -5.011671 3.936602 -0.593427
v -4.471671 3.936602 -0.593427
v -3.931671 3.936602 -0.593427
v -3.391670 3.936602 -0.593427
v -2.851671 3.936602 -0.593427
v -2.311671 3.936602 -0.593427
v -1.771670 3.936602 -0.593427
v -1.231670 3.936602 -0.593427
v -0.691670 3.936602 -0.593427
v -0.151670 3.936602 -0.593427
v 0.388330 3.936602 -0.593427
v 0.928330 3.936602 -0.593427
v 1.468330 3.936602 -0.593427
v 2.008329 3.936602 -0.593427
v 2.548330 3.936602 -0.593427
v 3.088330 3.936602 -0.593427
v 3.628330 3.936602 -0.593427
v 4.168329 3.936602 -0.593427
v -5.551671 3.946592 -0.569309
v -5.011671 3.946592 -0.569309
v -4.471671 3.946592 -0.569309
v -3.931671 3.946592 -0.569309
v -3.391670 3.946592 -0.569309
v -2.851671 3.946592 -0.569309
v -2.311671 3.946592 -0.569309
v -1.771670 3.946592 -0.569309
v -1.231670 3.946592 -0.569309
v -0.691670 3.946592 -0.569309
v -0.151670 3.946592 -0.569309
v 0.388330 3.946592 -0.569309
v 0.928330 3.946592 -0.569309
v 1.468330 3.946592 -0.569309
v 2.008329 3.946592 -0.569309
v 2.548330 3.946592 -0.569309
v 3.088330 3.946592 -0.569309
v 3.628330 3.946592 -0.569309
v 4.168329 3.946592 -0.569309
v -6.117552 -3.300000 -0.640020
v -6.117552 -2.750000 -0.640020
v -6.117552 -2.200001 -0.640020
v -6.117552 -1.650000 -0.640020
v -6.117552 -1.100000 -0.640020
v -6.117552 -0.550000 -0.640020
v -6.117552 -0.000000 -0.640020
v -6.117552 0.550000 -0.640020
v -6.117552 1.100000 -0.640020
v -6.117552 1.650000 -0.640020
v -6.117552 2.200000 -0.640020
v -6.117552 2.750000 -0.640020
v -6.117552 3.299999 -0.640020
v -6.141670 -3.300000 -0.630030
v -6.141670 -2.750000 -0.630030
v -6.141670 -2.200001 -0.630030
v -6.141670 -1.650000 -0.630030
v -6.141670 -1.100000 -0.630030
v -6.141670 -0.550000 -0.630030
v -6.141670 -0.000000 -0.630030
v -6.141670 0.550000 -0.630030
v -6.141670 1.100000 -0.630030
v -6.141670 1.650000 -0.630030
v -6.141670 2.200000 -0.630030
v -6.141670 2.750000 -0.630030
v -6.141670 3.299999 -0.630030
v -6.162380 -3.300000 -0.614138
v -6.162380 -2.750000 -0.614138
v -6.162380 -2.200001 -0.614138
v -6.162380 -1.650000 -0.614138
v -6.162380 -1.100000 -0.614138
v -6.162380 -0.550000 -0.614138
v -6.162380 -0.000000 -0.614138
v -6.162380 0.550000 -0.614138
v -6.162380 1.100000 -0.614138
v -6.162380 1.650000 -0.614138
v -6.162380 2.200000 -0.614138
v -6.162380 2.750000 -0.614138
v -6.162380 3.299999 -0.614138
v -6.178272 -3.300000 -0.593427
v -6.178272 -2.750000 -0.593427
v -6.178272 -2.200001 -0.593427
v -6.178272 -1.650000 -0.593427
v -6.178272 -1.100000 -0.593427
v -6.178272 -0.550000 -0.593427
v -6.178272 -0.000000 -0.593427
v -6.178272 0.550000 -0.593427
v -6.178272 1.100000 -0.593427
v -6.178272 1.650000 -0.593427
v -6.178272 2.200000 -0.593427
v -6.178272 2.750000 -0.593427
v -6.178272 3.299999 -0.593427
v -6.188262 -3.300000 -0.569309
v -6.188262 -2.750000 -0.569309
v -6.188262 -2.200001 -0.569309
v -6.188262 -1.650000 -0.569309
v -6.188262 -1.100000 -0.569309
v -6.188262 -0.550000 -0.569309
v -6.188262 -0.000000 -0.569309
v -6.188262 0.550000 -0.569309
v -6.188262 1.100000 -0.569309
v -6.188262 1.650000 -0.569309
v -6.188262 2.200000 -0.569309
v -6.188262 2.750000 -0.569309
v -6.188262 3.299999 -0.569309
v 4.168329 -3.875882 -0.640020
v 3.628330 -3.875882 -0.640020
v 3.088330 -3.875882 -0.640020
v 2.548330 -3.875882 -0.640020
v 2.008329 -3.875882 -0.640020
v 1.468330 -3.875882 -0.640020
v 0.928330 -3.875882 -0.640020
v 0.388330 -3.875882 -0.640020
v -0.151670 -3.875882 -0.640020
v -0.691670 -3.875882 -0.640020
v -1.231670 -3.875882 -0.640020
v -1.771670 -3.875882 -0.640020
v -2.311671 -3.875882 -0.640020
v -2.851671 -3.875882 -0.640020
v -3.391670 -3.875882 -0.640020
v -3.931671 -3.875882 -0.640020
v -4.471671 -3.875882 -0.640020
v -5.011671 -3.875882 -0.640020
v -5.551671 -3.875882 -0.640020
v 4.168329 -3.900000 -0.630030
v 3.628330 -3.900000 -0.630030
v 3.088330 -3.900000 -0.630030
v 2.548330 -3.900000 -0.630030
v 2.008329 -3.900000 -0.630030
v 1.468330 -3.900000 -0.630030
v 0.928330 -3.900000 -0.630030
v 0.388330 -3.900000 -0.630030
v -0.151670 -3.900000 -0.630030
v -0.691670 -3.900000 -0.630030
v -1.231670 -3.900000 -0.630030
v -1.771670 -3.900000 -0.630030
v -2.311671 -3.900000 -0.630030
v -2.851671 -3.900000 -0.630030
v -3.391670 -3.900000 -0.630030
v -3.931671 -3.900000 -0.630030
v -4.471671 -3.900000 -0.630030
v -5.011671 -3.900000 -0.630030
v -5.551671 -3.900000 -0.630030
v 4.168329 -3.920712 -0.614138
v 3.628330 -3.920712 -0.614138
v 3.088330 -3.920712 -0.614138
v 2.548330 -3.920712 -0.614138
v 2.008329 -3.920712 -0.614138
v 1.468330 -3.920712 -0.614138
v 0.928330 -3.920712 -0.614138
v 0.388330 -3.920712 -0.614138
v -0.151670 -3.920712 -0.614138
v -0.691670 -3.920712 -0.614138
v -1.231670 -3.920712 -0.614138
v -1.771670 -3.920712 -0.614138
v -2.311671 -3.920712 -0.614138
v -2.851671 -3.920712 -0.614138
v -3.391670 -3.920712 -0.614138
v -3.931671 -3.920712 -0.614138
v -4.471671 -3.920712 -0.614138
v -5.011671 -3.920712 -0.614138
v -5.551671 -3.920712 -0.614138
v 4.168329 -3.936603 -0.593427
v 3.628330 -3.936603 -0.593427
v 3.088330 -3.936603 -0.593427
v 2.548330 -3.936603 -0.593427
v 2.008329 -3.936603 -0.593427
v 1.468330 -3.936603 -0.593427
v 0.928330 -3.936603 -0.593427
v 0.388330 -3.936603 -0.593427
v -0.151670 -3.936603 -0.593427
v -0.691670 -3.936603 -0.593427
v -1.231670 -3.936603 -0.593427
v -1.771670 -3.936603 -0.593427
v -2.311671 -3.936603 -0.593427
v -2.851671 -3.936603 -0.593427
v -3.391670 -3.936603 -0.593427
v -3.931671 -3.936603 -0.593427
v -4.471671 -3.936603 -0.593427
v -5.011671 -3.936603 -0.593427
v -5.551671 -3.936603 -0.593427
v 4.168329 -3.946594 -0.569309
v 3.628330 -3.946594 -0.569309
v 3.088330 -3.946594 -0.569309
v 2.548330 -3.946594 -0.569309
v 2.008329 -3.946594 -0.569309
v 1.468330 -3.946594 -0.569309
v 0.928330 -3.946594 -0.569309
v 0.388330 -3.946594 -0.569309
v -0.151670 -3.946594 -0.569309
v -0.691670 -3.946594 -0.569309
v -1.231670 -3.946594 -0.569309
v -1.771670 -3.946594 -0.569309
v -2.311671 -3.946594 -0.569309
v -2.851671 -3.946594 -0.569309
v -3.391670 -3.946594 -0.569309
v -3.931671 -3.946594 -0.569309
v -4.471671 -3.946594 -0.569309
v -5.011671 -3.946594 -0.569309
v -5.551671 -3.946594 -0.569309
v -5.551671 3.946592 -0.417545
v -5.011671 3.946592 -0.417545
v -4.471671 3.946592 -0.417545
v -3.931671 3.946592 -0.417545
v -3.391670 3.946592 -0.417545
v -2.851671 3.946592 -0.417545
v -2.311671 3.946592 -0.417545
v -1.771670 3.946592 -0.417545
v -1.231670 3.946592 -0.417545
v -0.691670 3.946592 -0.417545
v -0.151670 3.946592 -0.417545
v 0.388330 3.946592 -0.417545
v 0.928330 3.946592 -0.417545
v 1.468330 3.946592 -0.417545
v 2.008329 3.946592 -0.417545
v 2.548330 3.946592 -0.417545
v 3.088330 3.946592 -0.417545
v 3.628330 3.946592 -0.417545
v 4.168329 3.946592 -0.417545
v -5.551671 3.936602 -0.393427
v -5.011671 3.936602 -0.393427
v -4.471671 3.936602 -0.393427
v -3.931671 3.936602 -0.393427
v -3.391670 3.936602 -0.393427
v -2.851671 3.936602 -0.393427
v -2.311671 3.936602 -0.393427
v -1.771670 3.936602 -0.393427
v -1.231670 3.936602 -0.393427
v -0.691670 3.936602 -0.393427
v -0.151670 3.936602 -0.393427
v 0.388330 3.936602 -0.393427
v 0.928330 3.936602 -0.393427
v 1.468330 3.936602 -0.393427
v 2.008329 3.936602 -0.393427
v 2.548330 3.936602 -0.393427
v 3.088330 3.936602 -0.393427
v 3.628330 3.936602 -0.393427
v 4.168329 3.936602 -0.393427
v -5.551671 3.920710 -0.372716
v -5.011671 3.920710 -0.372716
v -4.471671 3.920710 -0.372716
v -3.931671 3.920710 -0.372716
v -3.391670 3.920710 -0.372716
v -2.851671 3.920710 -0.372716
v -2.311671 3.920710 -0.372716
v -1.771670 3.920710 -0.372716
v -1.231670 3.920710 -0.372716
v -0.691670 3.920710 -0.372716
v -0.151670 3.920710 -0.372716
v 0.388330 3.920710 -0.372716
v 0.928330 3.920710 -0.372716
v 1.468330 3.920710 -0.372716
v 2.008329 3.920710 -0.372716
v 2.548330 3.920710 -0.372716
v 3.088330 3.920710 -0.372716
v 3.628330 3.920710 -0.372716
v 4.168329 3.920710 -0.372716
v -5.551671 3.900000 -0.356825
v -5.011671 3.900000 -0.356825
v -4.471671 3.900000 -0.356825
v -3.931671 3.900000 -0.356825
v -3.391670 3.900000 -0.356825
v -2.851671 3.900000 -0.356825
v -2.311671 3.900000 -0.356825
v -1.771670 3.900000 -0.356825
v -1.231670 3.900000 -0.356825
v -0.691670 3.900000 -0.356825
v -0.151670 3.900000 -0.356825
v 0.388330 3.900000 -0.356825
v 0.928330 3.900000 -0.356825
v 1.468330 3.900000 -0.356825
v 2.008329 3.900000 -0.356825
v 2.548330 3.900000 -0.356825
v 3.088330 3.900000 -0.356825
v 3.628330 3.900000 -0.356825
v 4.168329 3.900000 -0.356825
v -5.551671 3.875882 -0.346834
v -5.011671 3.875882 -0.346834
v -4.471671 3.875882 -0.346834
v -3.931671 3.875882 -0.346834
v -3.391670 3.875882 -0.346834
v -2.851671 3.875882 -0.346834
v -2.311671 3.875882 -0.346834
v -1.771670 3.875882 -0.346834
v -1.231670 3.875882 -0.346834
v -0.691670 3.875882 -0.346834
v -0.151670 3.875882 -0.346834
v 0.388330 3.875882 -0.346834
v 0.928330 3.875882 -0.346834
v 1.468330 3.875882 -0.346834
v 2.008329 3.875882 -0.346834
v 2.548330 3.875882 -0.346834
v 3.088330 3.875882 -0.346834
v 3.628330 3.875882 -0.346834
v 4.168329 3.875882 -0.346834
v 4.804923 3.299999 -0.417545
v 4.804923 2.750000 -0.417545
v 4.804923 2.200000 -0.417545
v 4.804923 1.650000 -0.417545
v 4.804923 1.100000 -0.417545
v 4.804923 0.550000 -0.417545
v 4.804923 -0.000000 -0.417545
v 4.804923 -0.550000 -0.417545
v 4.804923 -1.100000 -0.417545
v 4.804923 -1.650000 -0.417545
v 4.804923 -2.200001 -0.417545
v 4.804923 -2.750000 -0.417545
v 4.804923 -3.300000 -0.417545
v 4.794932 3.299999 -0.393427
v 4.794932 2.750000 -0.393427
v 4.794932 2.200000 -0.393427
v 4.794932 1.650000 -0.393427
v 4.794932 1.100000 -0.393427
v 4.794932 0.550000 -0.393427
v 4.794932 -0.000000 -0.393427
v 4.794932 -0.550000 -0.393427
v 4.794932 -1.100000 -0.393427
v 4.794932 -1.650000 -0.393427
v 4.794932 -2.200001 -0.393427
v 4.794932 -2.750000 -0.393427
v 4.794932 -3.300000 -0.393427
v 4.779040 3.299999 -0.372716
v 4.779040 2.750000 -0.372716
v 4.779040 2.200000 -0.372716
v 4.779040 1.650000 -0.372716
v 4.779040 1.100000 -0.372716
v 4.779040 0.550000 -0.372716
v 4.779040 -0.000000 -0.372716
v 4.779040 -0.550000 -0.372716
v 4.779040 -1.100000 -0.372716
v 4.779040 -1.650000 -0.372716
v 4.779040 -2.200001 -0.372716
v 4.779040 -2.750000 -0.372716
v 4.779040 -3.300000 -0.372716
v 4.758329 3.299999 -0.356825
v 4.758329 2.750000 -0.356825
v 4.758329 2.200000 -0.356825
v 4.758329 1.650000 -0.356825
v 4.758329 1.100000 -0.356825
v 4.758329 0.550000 -0.356825
v 4.758329 -0.000000 -0.356825
v 4.758329 -0.550000 -0.356825
v 4.758329 -1.100000 -0.356825
v 4.758329 -1.650000 -0.356825
v 4.758329 -2.200001 -0.356825
v 4.758329 -2.750000 -0.356825
v 4.758329 -3.300000 -0.356825
v 4.734212 3.299999 -0.346834
v 4.734212 2.750000 -0.346834
v 4.734212 2.200000 -0.346834
v 4.734212 1.650000 -0.346834
v 4.734212 1.100000 -0.346834
v 4.734212 0.550000 -0.346834
v 4.734212 -0.000000 -0.346834
v 4.734212 -0.550000 -0.346834
v 4.734212 -1.100000 -0.346834
v 4.734212 -1.650000 -0.346834
v 4.734212 -2.200001 -0.346834
v 4.734212 -2.750000 -0.346834
v 4.734212 -3.300000 -0.346834
v -6.188262 -3.300000 -0.417545
v -6.188262 -2.750000 -0.417545
v -6.188262 -2.200001 -0.417545
v -6.188262 -1.650000 -0.417545
v -6.188262 -1.100000 -0.417545
v -6.188262 -0.550000 -0.417545
v -6.188262 -0.000000 -0.417545
v -6.188262 0.550000 -0.417545
v -6.188262 1.100000 -0.417545
v -6.188262 1.650000 -0.417545
v -6.188262 2.200000 -0.417545
v -6.188262 2.750000 -0.417545
v -6.188262 3.299999 -0.417545
v -6.178272 -3.300000 -0.393427
v -6.178272 -2.750000 -0.393427
v -6.178272 -2.200001 -0.393427
v -6.178272 -1.650000 -0.393427
v -6.178272 -1.100000 -0.393427
v -6.178272 -0.550000 -0.393427
v -6.178272 -0.000000 -0.393427
v -6.178272 0.550000 -0.393427
v -6.178272 1.100000 -0.393427
v -6.178272 1.650000 -0.393427
v -6.178272 2.200000 -0.393427
v -6.178272 2.750000 -0.393427
v -6.178272 3.299999 -0.393427
v -6.162380 -3.300000 -0.372716
v -6.162380 -2.750000 -0.372716
v -6.162380 -2.200001 -0.372716
v -6.162380 -1.650000 -0.372716
v -6.162380 -1.100000 -0.372716
v -6.162380 -0.550000 -0.372716
v -6.162380 -0.000000 -0.372716
v -6.162380 0.550000 -0.372716
v -6.162380 1.100000 -0.372716
v -6.162380 1.650000 -0.372716
v -6.162380 2.200000 -0.372716
v -6.162380 2.750000 -0.372716
v -6.162380 3.299999 -0.372716
v -6.141670 -3.300000 -0.356825
v -6.141670 -2.750000 -0.356825
v -6.141670 -2.200001 -0.356825
v -6.141670 -1.650000 -0.356825
v -6.141670 -1.100000 -0.356825
v -6.141670 -0.550000 -0.356825
v -6.141670 -0.000000 -0.356825
v -6.141670 0.550000 -0.356825
v -6.141670 1.100000 -0.356825
v -6.141670 1.650000 -0.356825
v -6.141670 2.200000 -0.356825
v -6.141670 2.750000 -0.356825
v -6.141670 3.299999 -0.356825
v -6.117552 -3.300000 -0.346834
v -6.117552 -2.750000 -0.346834
v -6.117552 -2.200001 -0.346834
v -6.117552 -1.650000 -0.346834
v -6.117552 -1.100000 -0.346834
v -6.117552 -0.550000 -0.346834
v -6.117552 -0.000000 -0.346834
v -6.117552 0.550000 -0.346834
v -6.117552 1.100000 -0.346834
v -6.117552 1.650000 -0.346834
v -6.117552 2.200000 -0.346834
v -6.117552 2.750000 -0.346834
v -6.117552 3.299999 -0.346834
v 4.168329 -3.946594 -0.417545
v 3.628330 -3.946594 -0.417545
v 3.088330 -3.946594 -0.417545
v 2.548330 -3.946594 -0.417545
v 2.008329 -3.946594 -0.417545
v 1.468330 -3.946594 -0.417545
v 0.928330 -3.946594 -0.417545
v 0.388330 -3.946594 -0.417545
v -0.151670 -3.946594 -0.417545
v -0.691670 -3.946594 -0.417545
v -1.231670 -3.946594 -0.417545
v -1.771670 -3.946594 -0.417545
v -2.311671 -3.946594 -0.417545
v -2.851671 -3.946594 -0.417545
v -3.391670 -3.946594 -0.417545
v -3.931671 -3.946594 -0.417545
v -4.471671 -3.946594 -0.417545
v -5.011671 -3.946594 -0.417545
v -5.551671 -3.946594 -0.417545
v 4.168329 -3.936603 -0.393427
v 3.628330 -3.936603 -0.393427
v 3.088330 -3.936603 -0.393427
v 2.548330 -3.936603 -0.393427
v 2.008329 -3.936603 -0.393427
v 1.468330 -3.936603 -0.393427
v 0.928330 -3.936603 -0.393427
v 0.388330 -3.936603 -0.393427
v -0.151670 -3.936603 -0.393427
v -0.691670 -3.936603 -0.393427
v -1.231670 -3.936603 -0.393427
v -1.771670 -3.936603 -0.393427
v -2.311671 -3.936603 -0.393427
v -2.851671 -3.936603 -0.393427
v -3.391670 -3.936603 -0.393427
v -3.931671 -3.936603 -0.393427
v -4.471671 -3.936603 -0.393427
v -5.011671 -3.936603 -0.393427
v -5.551671 -3.936603 -0.393427
v 4.168329 -3.920712 -0.372716
v 3.628330 -3.920712 -0.372716
v 3.088330 -3.920712 -0.372716
v 2.548330 -3.920712 -0.372716
v 2.008329 -3.920712 -0.372716
v 1.468330 -3.920712 -0.372716
v 0.928330 -3.920712 -0.372716
v 0.388330 -3.920712 -0.372716
v -0.151670 -3.920712 -0.372716
v -0.691670 -3.920712 -0.372716
v -1.231670 -3.920712 -0.372716
v -1.771670 -3.920712 -0.372716
v -2.311671 -3.920712 -0.372716
v -2.851671 -3.920712 -0.372716
v -3.391670 -3.920712 -0.372716
v -3.931671 -3.920712 -0.372716
v -4.471671 -3.920712 -0.372716
v -5.011671 -3.920712 -0.372716
v -5.551671 -3.920712 -0.372716
v 4.168329 -3.900000 -0.356825
v 3.628330 -3.900000 -0.356825
v 3.088330 -3.900000 -0.356825
v 2.548330 -3.900000 -0.356825
v 2.008329 -3.900000 -0.356825
v 1.468330 -3.900000 -0.356825
v 0.928330 -3.900000 -0.356825
v 0.388330 -3.900000 -0.356825
v -0.151670 -3.900000 -0.356825
v -0.691670 -3.900000 -0.356825
v -1.231670 -3.900000 -0.356825
v -1.771670 -3.900000 -0.356825
v -2.311671 -3.900000 -0.356825
v -2.851671 -3.900000 -0.356825
v -3.391670 -3.900000 -0.356825
v -3.931671 -3.900000 -0.356825
v -4.471671 -3.900000 -0.356825
v -5.011671 -3.900000 -0.356825
v -5.551671 -3.900000 -0.356825
v 4.168329 -3.875882 -0.346834
v 3.628330 -3.875882 -0.346834
v 3.088330 -3.875882 -0.346834
v 2.548330 -3.875882 -0.346834
v 2.008329 -3.875882 -0.346834
v 1.468330 -3.875882 -0.346834
v 0.928330 -3.875882 -0.346834
v 0.388330 -3.875882 -0.346834
v -0.151670 -3.875882 -0.346834
v -0.691670 -3.875882 -0.346834
v -1.231670 -3.875882 -0.346834
v -1.771670 -3.875882 -0.346834
v -2.311671 -3.875882 -0.346834
v -2.851671 -3.875882 -0.346834
v -3.391670 -3.875882 -0.346834
v -3.931671 -3.875882 -0.346834
v -4.471671 -3.875882 -0.346834
v -5.011671 -3.875882 -0.346834
v -5.551671 -3.875882 -0.346834
vn -0.0000 -0.2589 -0.9659
vn -0.0000 -0.4999 -0.8661
vn -0.0000 -0.5001 -0.8660
vn -0.0000 -0.7070 -0.7072
vn -0.0000 -0.7072 -0.7071
vn -0.0000 -0.8660 -0.5001
vn -0.0000 -0.8661 -0.4999
vn -0.0000 -0.9659 -0.2589
vn -0.0000 -0.9660 -0.2587
vn -0.0000 -1.0000 -0.0001
vn -0.0000 -1.0000 0.0001
vn -0.0000 -0.9660 0.2587
vn -0.0000 -0.9659 0.2589
vn -0.0000 -0.8661 0.4999
vn -0.0000 -0.8660 0.5001
vn -0.0000 -0.7072 0.7071
vn -0.0000 -0.7071 0.7071
vn -0.0000 -0.5001 0.8660
vn -0.0000 -0.4999 0.8661
vn -0.0000 -0.2589 0.9659
vn -0.0000 -0.2587 0.9659
vn -0.0000 -0.0001 1.0000
vn -0.0000 0.0001 1.0000
vn -0.0000 0.2587 0.9659
vn -0.0000 0.2589 0.9659
vn -0.0000 0.4999 0.8661
vn -0.0000 0.5001 0.8660
vn -0.0000 0.7071 0.7072
vn -0.0000 0.7072 0.7071
vn -0.0000 0.8660 0.5001
vn -0.0000 0.8661 0.4999
vn -0.0000 0.9659 0.2589
vn -0.0000 0.9659 0.2587
vn -0.0000 1.0000 0.0001
vn -0.0000 1.0000 -0.0001
vn -0.0000 0.9659 -0.2587
vn -0.0000 0.9659 -0.2589
vn -0.0000 0.8661 -0.4999
vn -0.0000 0.8660 -0.5001
vn -0.0000 0.7072 -0.7071
vn -0.0000 0.7071 -0.7072
vn -0.0000 0.5001 -0.8660
vn -0.0000 0.4999 -0.8661
vn -0.0000 0.2589 -0.9659
vn -0.0000 0.2587 -0.9659
vn -0.0000 0.0001 -1.0000
vn -0.0000 -0.0001 -1.0000
vn -0.0000 -0.2587 -0.9659
vn -0.0000 -0.7070 0.7072
vn -0.0000 0.7071 -0.7071
vn -0.0000 0.7070 0.7072
vn -0.0000 0.7072 0.7070
vn -0.0000 0.7072 -0.7070
vn -0.0000 -0.9659 -0.2588
vn -0.0000 -0.9659 0.2588
vn -0.0000 -0.7071 -0.7071
vn -1.0000 -0.0000 -0.0000
vn 1.0000 -0.0000 -0.0000
vn 1.0000 0.0001 -0.0000
vn 1.0000 -0.0001 -0.0000
vn -0.0000 -0.0000 1.0000
vn -0.0000 -1.0000 -0.0000
vn -0.1640 0.9659 0.2001
vn -0.1641 0.9659 0.2001
vn -0.0001 1.0000 0.0001
vn -0.2537 0.9659 0.0508
vn -0.1642 0.9659 0.2002
vn -0.2538 0.9659 0.0508
vn -0.4777 0.8499 0.2225
vn -0.4777 0.8499 0.2224
vn -0.2539 0.9659 0.0508
vn -0.4902 0.8661 0.0981
vn -0.4778 0.8498 0.2224
vn -0.4904 0.8660 0.0981
vn -0.6933 0.7072 0.1387
vn -0.8491 0.5001 0.1698
vn -0.7534 0.6382 0.1587
vn -0.6933 0.7071 0.1387
vn -0.6934 0.7071 0.1387
vn -0.7534 0.6381 0.1587
vn -0.6247 0.6894 0.3668
vn -0.6246 0.6894 0.3668
vn -0.4778 0.8498 0.2225
vn -0.4778 0.8498 0.2226
vn -0.3171 0.8660 0.3867
vn -0.3170 0.8661 0.3866
vn -0.1641 0.9659 0.2002
vn -0.3169 0.8661 0.3867
vn -0.1245 0.8499 0.5121
vn -0.0001 0.9659 0.2589
vn -0.1244 0.8499 0.5121
vn -0.1244 0.8498 0.5122
vn -0.0000 0.7071 0.7071
vn -0.0001 0.7071 0.7071
vn -0.1245 0.8498 0.5122
vn -0.2371 0.6894 0.6844
vn -0.2371 0.6894 0.6845
vn -0.0079 0.6381 0.7699
vn -0.2372 0.6893 0.6845
vn -0.0992 0.4296 0.8976
vn -0.0991 0.4296 0.8976
vn -0.0001 0.5000 0.8660
vn -0.0991 0.4295 0.8976
vn -0.0001 0.2588 0.9659
vn -0.0991 0.4294 0.8976
vn -0.1836 0.1917 0.9641
vn -0.0001 0.2587 0.9659
vn -0.1836 0.1916 0.9641
vn -0.0001 -0.0000 1.0000
vn -0.2269 -0.0000 0.9739
vn -0.2270 0.0001 0.9739
vn -0.1837 0.1916 0.9641
vn -0.4076 0.2417 0.8806
vn -0.4076 0.2416 0.8806
vn -0.4419 0.0001 0.8971
vn -0.4420 0.0001 0.8970
vn -0.4077 0.2416 0.8806
vn -0.6339 0.0001 0.7734
vn -0.6124 0.2587 0.7470
vn -0.6340 0.0001 0.7733
vn -0.6125 0.2587 0.7470
vn -0.7835 0.2416 0.5725
vn -0.7835 0.2417 0.5725
vn -0.6124 0.2589 0.7469
vn -0.5491 0.5000 0.6697
vn -0.7289 0.4819 0.4863
vn -0.7288 0.4820 0.4862
vn -0.5491 0.5001 0.6697
vn -0.4484 0.7071 0.5468
vn -0.7289 0.4820 0.4862
vn -0.6247 0.6893 0.3669
vn -0.4483 0.7072 0.5467
vn -0.8492 0.5000 0.1699
vn -0.8607 0.4296 0.2733
vn -0.8608 0.4295 0.2732
vn -0.8492 0.5000 0.1698
vn -0.9471 0.2589 0.1894
vn -0.8608 0.4295 0.2733
vn -0.9471 0.2588 0.1895
vn -0.9094 0.1917 0.3691
vn -0.9094 0.1916 0.3691
vn -0.9472 0.2588 0.1895
vn -0.9806 0.0001 0.1962
vn -0.9094 0.1916 0.3692
vn -0.9105 -0.0000 0.4135
vn -0.9105 0.0001 0.4136
vn -0.7836 0.2416 0.5724
vn -0.7930 0.0001 0.6093
vn -0.7929 0.0001 0.6094
vn -0.0001 0.5000 0.8661
vn -0.5490 0.4999 0.6698
vn -0.6123 0.2589 0.7470
vn -0.4077 0.2417 0.8805
vn -0.4483 0.7071 0.5469
vn -0.5490 0.5001 0.6698
vn -0.3338 0.4820 0.8101
vn -0.3339 0.4819 0.8101
vn -0.5490 0.5000 0.6698
vn -0.4077 0.2418 0.8805
vn -0.3338 0.4819 0.8102
vn -0.1837 0.1917 0.9641
vn -0.3170 0.8660 0.3867
vn -0.4482 0.7072 0.5468
vn -0.2372 0.6894 0.6844
vn -0.2373 0.6894 0.6845
vn -0.3337 0.4820 0.8101
vn -0.0992 0.4295 0.8976
vn -0.2372 0.6895 0.6844
vn -0.3170 0.8660 0.3868
vn -0.9094 0.1917 0.3692
vn -0.7836 0.2418 0.5724
vn -0.7290 0.4819 0.4862
vn -0.7534 0.6381 0.1588
vn -0.8607 0.4296 0.2732
vn -0.6247 0.6893 0.3668
vn -0.7289 0.4820 0.4861
vn -0.8607 0.4295 0.2733
vn -0.9093 0.1917 0.3692
vn 0.1857 0.1539 0.9705
vn 0.0001 -0.0000 1.0000
vn 0.2587 -0.0000 0.9659
vn 0.1858 0.1539 0.9705
vn 0.2588 0.0001 0.9659
vn 0.3985 0.2202 0.8904
vn 0.3985 0.2202 0.8903
vn 0.2589 0.0001 0.9659
vn 0.4999 0.0001 0.8661
vn 0.3986 0.2202 0.8903
vn 0.5000 0.0001 0.8660
vn 0.5949 0.2544 0.7625
vn 0.5950 0.2544 0.7624
vn 0.5001 0.0001 0.8660
vn 0.7071 0.0001 0.7072
vn 0.7071 0.0001 0.7071
vn 0.7624 0.2544 0.5950
vn 0.7625 0.2544 0.5949
vn 0.7072 -0.0000 0.7071
vn 0.8660 -0.0000 0.5001
vn 0.8660 0.0001 0.5000
vn 0.8903 0.2202 0.3986
vn 0.8903 0.2202 0.3985
vn 0.8661 0.0001 0.4999
vn 0.9659 0.0001 0.2589
vn 0.9705 0.1539 0.1858
vn 0.9705 0.1539 0.1857
vn 0.9659 -0.0000 0.2587
vn 1.0000 -0.0000 0.0001
vn 0.9659 0.2587 -0.0000
vn 0.9705 0.1540 0.1857
vn 0.9659 0.2588 0.0001
vn 0.9175 0.3886 0.0846
vn 0.9175 0.3887 0.0845
vn 0.9659 0.2589 -0.0000
vn 0.8661 0.4999 -0.0000
vn 0.9175 0.3887 0.0846
vn 0.8660 0.5000 0.0001
vn 0.8324 0.4591 0.3103
vn 0.7179 0.6665 0.2011
vn 0.8324 0.4591 0.3104
vn 0.7178 0.6665 0.2012
vn 0.6967 0.4954 0.5188
vn 0.6967 0.4955 0.5188
vn 0.7178 0.6666 0.2012
vn 0.5835 0.7025 0.4075
vn 0.6966 0.4955 0.5189
vn 0.5834 0.7025 0.4075
vn 0.5189 0.4954 0.6966
vn 0.5189 0.4955 0.6966
vn 0.5834 0.7025 0.4076
vn 0.4075 0.7025 0.5834
vn 0.5188 0.4955 0.6967
vn 0.4074 0.7025 0.5835
vn 0.3105 0.4591 0.8324
vn 0.3104 0.4591 0.8324
vn 0.4075 0.7025 0.5835
vn 0.2012 0.6665 0.7178
vn 0.3103 0.4591 0.8324
vn 0.2011 0.6665 0.7179
vn 0.0001 0.5000 0.8660
vn 0.2011 0.6665 0.7178
vn 0.0001 0.7071 0.7071
vn 0.2011 0.6666 0.7178
vn 0.0781 0.8286 0.5543
vn 0.0001 0.8660 0.5000
vn 0.0782 0.8287 0.5542
vn 0.2682 0.8619 0.4304
vn 0.0001 0.8661 0.4999
vn 0.1108 0.9624 0.2482
vn 0.1109 0.9624 0.2481
vn 0.2683 0.8619 0.4303
vn 0.2481 0.9624 0.1109
vn 0.1108 0.9624 0.2480
vn 0.2480 0.9624 0.1108
vn 0.0001 1.0000 -0.0000
vn 0.2588 0.9659 -0.0000
vn 0.2589 0.9659 -0.0000
vn 0.2482 0.9624 0.1108
vn 0.4999 0.8661 0.0001
vn 0.4304 0.8619 0.2682
vn 0.4304 0.8618 0.2682
vn 0.5542 0.8287 0.0782
vn 0.5543 0.8287 0.0782
vn 0.4305 0.8618 0.2683
vn 0.5834 0.7026 0.4074
vn 0.5543 0.8286 0.0782
vn 0.5835 0.7026 0.4074
vn 0.7177 0.6666 0.2011
vn 0.8660 0.5001 -0.0000
vn 0.7072 0.7071 0.0001
vn 0.7179 0.6665 0.2010
vn 0.7178 0.6666 0.2011
vn 0.7071 0.7071 0.0001
vn 0.5543 0.8286 0.0781
vn 0.7070 0.7072 -0.0000
vn 0.5001 0.8660 -0.0001
vn 0.5543 0.8287 0.0781
vn -0.0000 0.9659 0.2588
vn 0.0846 0.3887 0.9175
vn 0.0845 0.3886 0.9175
vn 0.0001 0.2588 0.9659
vn 0.1857 0.1540 0.9705
vn 0.3104 0.4590 0.8325
vn 0.0846 0.3886 0.9175
vn 0.1858 0.1540 0.9704
vn 0.5188 0.4954 0.6967
vn 0.3105 0.4590 0.8324
vn 0.3986 0.2203 0.8903
vn 0.3985 0.2203 0.8903
vn 0.1858 0.1540 0.9705
vn 0.2683 0.8618 0.4305
vn 0.0782 0.8287 0.5543
vn 0.2011 0.6666 0.7177
vn 0.4074 0.7026 0.5834
vn 0.6966 0.4954 0.5190
vn 0.5189 0.4953 0.6967
vn 0.5950 0.2545 0.7624
vn 0.5949 0.2545 0.7624
vn 0.5833 0.7026 0.4075
vn 0.4304 0.8618 0.2684
vn 0.4075 0.7026 0.5833
vn 0.4075 0.7026 0.5834
vn 0.2684 0.8618 0.4305
vn 0.4304 0.8619 0.2683
vn 0.2683 0.8619 0.4304
vn 0.8324 0.4590 0.3105
vn 0.6967 0.4953 0.5189
vn 0.7624 0.2546 0.5949
vn 0.7624 0.2546 0.5950
vn 0.6966 0.4953 0.5190
vn 0.8325 0.4590 0.3104
vn 0.8903 0.2203 0.3985
vn 0.8903 0.2203 0.3986
vn 0.7624 0.2545 0.5949
vn 0.9705 0.1540 0.1858
vn -0.9806 -0.0000 0.1962
vn -0.9094 -0.1916 0.3692
vn -0.9094 -0.1916 0.3691
vn -0.9806 -0.0001 0.1961
vn -0.9472 -0.2588 0.1895
vn -0.9094 -0.1917 0.3691
vn -0.9471 -0.2588 0.1895
vn -0.8608 -0.4294 0.2733
vn -0.8608 -0.4295 0.2732
vn -0.9472 -0.2589 0.1894
vn -0.8492 -0.5000 0.1698
vn -0.8607 -0.4296 0.2733
vn -0.8492 -0.5000 0.1699
vn -0.7534 -0.6381 0.1588
vn -0.7534 -0.6381 0.1587
vn -0.6934 -0.7071 0.1388
vn -0.6247 -0.6894 0.3668
vn -0.6933 -0.7071 0.1387
vn -0.4778 -0.8498 0.2225
vn -0.6246 -0.6894 0.3668
vn -0.4778 -0.8498 0.2226
vn -0.3171 -0.8660 0.3867
vn -0.3170 -0.8661 0.3866
vn -0.4777 -0.8499 0.2225
vn -0.1642 -0.9659 0.2002
vn -0.3169 -0.8661 0.3867
vn -0.1641 -0.9659 0.2002
vn -0.1245 -0.8499 0.5121
vn -0.0001 -0.9659 0.2589
vn -0.1244 -0.8499 0.5121
vn -0.6933 -0.7072 0.1387
vn -0.4903 -0.8660 0.0981
vn -0.4777 -0.8499 0.2224
vn -0.4902 -0.8661 0.0981
vn -0.2538 -0.9659 0.0508
vn -0.1642 -0.9659 0.2001
vn -0.1641 -0.9659 0.2001
vn -0.2537 -0.9659 0.0508
vn -0.0001 -1.0000 -0.0000
vn -0.1640 -0.9659 0.2001
vn -0.0000 -0.9659 0.2587
vn -0.0000 -0.8660 0.5000
vn -0.1244 -0.8498 0.5122
vn -0.1245 -0.8498 0.5122
vn -0.0001 -0.7071 0.7071
vn -0.2371 -0.6894 0.6844
vn -0.1246 -0.8498 0.5122
vn -0.2372 -0.6895 0.6844
vn -0.3170 -0.8660 0.3868
vn -0.4482 -0.7072 0.5468
vn -0.4483 -0.7071 0.5468
vn -0.6246 -0.6894 0.3669
vn -0.4484 -0.7071 0.5468
vn -0.7289 -0.4820 0.4862
vn -0.6247 -0.6893 0.3668
vn -0.7289 -0.4820 0.4861
vn -0.8607 -0.4295 0.2733
vn -0.7290 -0.4819 0.4862
vn -0.9094 -0.1917 0.3692
vn -0.2371 -0.6894 0.6845
vn -0.0079 -0.6381 0.7699
vn -0.0001 -0.4999 0.8661
vn -0.0001 -0.5000 0.8660
vn -0.0991 -0.4296 0.8976
vn -0.0991 -0.4295 0.8976
vn -0.0001 -0.2588 0.9659
vn -0.1836 -0.1917 0.9641
vn -0.1836 -0.1916 0.9641
vn -0.1837 -0.1916 0.9641
vn -0.2270 -0.0001 0.9739
vn -0.4076 -0.2416 0.8806
vn -0.2270 -0.0000 0.9739
vn -0.4419 -0.0001 0.8970
vn -0.4077 -0.2416 0.8806
vn -0.4420 -0.0001 0.8970
vn -0.6339 -0.0001 0.7734
vn -0.6123 -0.2587 0.7470
vn -0.6125 -0.2587 0.7470
vn -0.6340 -0.0000 0.7733
vn -0.7929 -0.0001 0.6094
vn -0.6125 -0.2588 0.7470
vn -0.7929 -0.0001 0.6093
vn -0.7835 -0.2416 0.5725
vn -0.7836 -0.2416 0.5724
vn -0.7930 -0.0001 0.6092
vn -0.9105 -0.0001 0.4136
vn -0.9094 -0.1916 0.3693
vn -0.7836 -0.2417 0.5724
vn -0.7835 -0.2417 0.5725
vn -0.7289 -0.4819 0.4863
vn -0.5491 -0.5000 0.6697
vn -0.5491 -0.5001 0.6697
vn -0.4484 -0.7070 0.5468
vn -0.5490 -0.5001 0.6698
vn -0.4483 -0.7071 0.5469
vn -0.3338 -0.4820 0.8101
vn -0.2373 -0.6894 0.6845
vn -0.3337 -0.4820 0.8101
vn -0.2372 -0.6893 0.6845
vn -0.0992 -0.4296 0.8976
vn -0.2371 -0.6893 0.6845
vn -0.0079 -0.6381 0.7700
vn -0.4077 -0.2417 0.8805
vn -0.6123 -0.2589 0.7470
vn -0.5490 -0.4999 0.6698
vn -0.5491 -0.4999 0.6697
vn -0.6124 -0.2589 0.7469
vn -0.3339 -0.4819 0.8101
vn -0.1837 -0.1917 0.9641
vn -0.4076 -0.2418 0.8806
vn -0.3338 -0.4819 0.8102
vn -0.0992 -0.4294 0.8976
vn -0.9659 0.0001 0.2588
vn -1.0000 0.0001 0.0001
vn -0.9330 0.2499 0.2588
vn -0.9330 0.2500 0.2588
vn -0.9659 0.2588 0.0001
vn -0.9330 0.2501 0.2587
vn -0.9659 0.2589 0.0001
vn -0.8366 0.4829 0.2588
vn -0.9659 0.2589 -0.0000
vn -0.8661 0.4999 0.0001
vn -0.8365 0.4830 0.2587
vn -0.8660 0.5000 0.0001
vn -0.6831 0.6830 0.2588
vn -0.8660 0.5001 0.0001
vn -0.7071 0.7071 0.0001
vn -0.6830 0.6831 0.2588
vn -0.7071 0.7072 0.0001
vn -0.4830 0.8365 0.2588
vn -0.4830 0.8365 0.2587
vn -0.7071 0.7072 -0.0000
vn -0.5001 0.8660 0.0001
vn -0.4829 0.8366 0.2588
vn -0.4999 0.8661 0.0001
vn -0.2501 0.9330 0.2588
vn -0.2589 0.9659 0.0001
vn -0.2500 0.9330 0.2588
vn -0.2587 0.9659 0.0001
vn -0.0001 0.9659 0.2588
vn -0.2587 0.9659 -0.0000
vn -0.0001 0.8661 0.4999
vn -0.2499 0.9330 0.2589
vn -0.2241 0.8366 0.4999
vn -0.2501 0.9330 0.2589
vn -0.2242 0.8365 0.4999
vn -0.4829 0.8365 0.2589
vn -0.4330 0.7501 0.4999
vn -0.4830 0.8365 0.2589
vn -0.4331 0.7500 0.4999
vn -0.6830 0.6830 0.2589
vn -0.6829 0.6831 0.2589
vn -0.6124 0.6124 0.4999
vn -0.8365 0.4830 0.2589
vn -0.6125 0.6123 0.4999
vn -0.7500 0.4331 0.4999
vn -0.8365 0.4829 0.2589
vn -0.7501 0.4330 0.4999
vn -0.9330 0.2501 0.2589
vn -0.8365 0.2242 0.4999
vn -0.9330 0.2499 0.2589
vn -0.8366 0.2241 0.4999
vn -0.9659 0.0001 0.2589
vn -0.8661 0.0001 0.4999
vn -0.8660 -0.0000 0.5001
vn -0.8365 0.2241 0.5001
vn -0.6831 0.1830 0.7071
vn -0.8660 -0.0000 0.5000
vn -0.7072 -0.0000 0.7071
vn -0.7070 -0.0000 0.7072
vn -0.6830 0.1830 0.7072
vn -0.4830 0.1294 0.8660
vn -0.7071 -0.0000 0.7072
vn -0.4831 0.1294 0.8660
vn -0.5000 -0.0000 0.8660
vn -0.4999 -0.0000 0.8661
vn -0.4829 0.1294 0.8661
vn -0.2501 0.0670 0.9659
vn -0.2589 -0.0000 0.9659
vn -0.2587 -0.0000 0.9659
vn -0.2499 0.0670 0.9659
vn -0.0000 0.8660 0.5000
vn -0.2241 0.8365 0.5000
vn -0.2241 0.8365 0.5001
vn -0.0001 0.7072 0.7070
vn -0.1830 0.6831 0.7071
vn -0.2242 0.8365 0.5001
vn -0.1831 0.6830 0.7071
vn -0.4329 0.7500 0.5000
vn -0.4330 0.7500 0.5000
vn -0.3535 0.6124 0.7071
vn -0.4330 0.7500 0.5001
vn -0.3536 0.6124 0.7071
vn -0.6123 0.6124 0.5000
vn -0.5000 0.5001 0.7071
vn -0.6124 0.6123 0.5000
vn -0.5001 0.5000 0.7071
vn -0.7500 0.4330 0.5000
vn -0.7499 0.4330 0.5000
vn -0.6124 0.3536 0.7071
vn -0.7500 0.4330 0.5001
vn -0.6124 0.3535 0.7071
vn -0.8365 0.2242 0.5000
vn -0.8365 0.2242 0.5001
vn -0.6830 0.1831 0.7071
vn -0.0001 0.5001 0.8660
vn -0.1830 0.6830 0.7072
vn -0.1829 0.6830 0.7072
vn -0.1294 0.4830 0.8660
vn -0.1830 0.6829 0.7072
vn -0.1295 0.4830 0.8660
vn -0.3535 0.6123 0.7072
vn -0.2500 0.4331 0.8660
vn -0.3536 0.6123 0.7071
vn -0.2501 0.4330 0.8660
vn -0.5000 0.5000 0.7071
vn -0.4999 0.5000 0.7072
vn -0.2501 0.4331 0.8660
vn -0.3536 0.3536 0.8660
vn -0.5000 0.4999 0.7072
vn -0.6123 0.3536 0.7072
vn -0.6123 0.3536 0.7071
vn -0.4330 0.2500 0.8660
vn -0.6123 0.3535 0.7071
vn -0.4331 0.2500 0.8660
vn -0.6830 0.1830 0.7071
vn -0.6829 0.1831 0.7072
vn -0.4830 0.1295 0.8660
vn -0.1294 0.4829 0.8661
vn -0.0670 0.2501 0.9659
vn -0.0670 0.2500 0.9659
vn -0.2499 0.4330 0.8661
vn -0.1294 0.2242 0.9659
vn -0.2500 0.4329 0.8661
vn -0.1295 0.2242 0.9659
vn -0.3535 0.3535 0.8661
vn -0.1830 0.1831 0.9659
vn -0.1831 0.1830 0.9659
vn -0.4330 0.2500 0.8661
vn -0.4329 0.2500 0.8661
vn -0.2242 0.1295 0.9659
vn -0.4330 0.2499 0.8661
vn -0.2242 0.1294 0.9659
vn -0.0669 0.2499 0.9659
vn -0.0670 0.2499 0.9659
vn -0.1294 0.2241 0.9659
vn -0.0001 0.0001 1.0000
vn -0.1829 0.1830 0.9659
vn -0.1830 0.1829 0.9659
vn -0.2241 0.1294 0.9659
vn 0.9659 -0.2587 -0.0000
vn 0.9705 -0.1539 0.1857
vn 1.0000 -0.0001 0.0001
vn 0.9705 -0.1539 0.1858
vn 0.9659 -0.0001 0.2589
vn 0.8904 -0.2202 0.3985
vn 0.8903 -0.2202 0.3985
vn 0.9659 -0.0000 0.2589
vn 0.8661 -0.0001 0.4999
vn 0.8903 -0.2202 0.3986
vn 0.8660 -0.0001 0.5000
vn 0.7625 -0.2544 0.5949
vn 0.7624 -0.2544 0.5950
vn 0.7071 -0.0001 0.7071
vn 0.5950 -0.2544 0.7624
vn 0.5949 -0.2544 0.7624
vn 0.7070 -0.0000 0.7072
vn 0.5001 -0.0000 0.8660
vn 0.5949 -0.2544 0.7625
vn 0.5000 -0.0001 0.8660
vn 0.3986 -0.2202 0.8903
vn 0.3985 -0.2202 0.8903
vn 0.4999 -0.0000 0.8661
vn 0.2589 -0.0000 0.9659
vn 0.2588 -0.0001 0.9659
vn 0.1858 -0.1539 0.9705
vn 0.1857 -0.1538 0.9705
vn 0.1857 -0.1539 0.9705
vn 0.1857 -0.1540 0.9705
vn 0.0001 -0.2588 0.9659
vn 0.0845 -0.3886 0.9175
vn 0.0846 -0.3887 0.9175
vn 0.0001 -0.5000 0.8660
vn 0.3103 -0.4591 0.8324
vn 0.2011 -0.6665 0.7179
vn 0.3104 -0.4591 0.8324
vn 0.2012 -0.6665 0.7178
vn 0.5188 -0.4954 0.6967
vn 0.4075 -0.7025 0.5835
vn 0.5189 -0.4955 0.6966
vn 0.4075 -0.7025 0.5834
vn 0.6966 -0.4954 0.5189
vn 0.4076 -0.7025 0.5834
vn 0.5834 -0.7025 0.4075
vn 0.6967 -0.4955 0.5188
vn 0.5835 -0.7025 0.4075
vn 0.8324 -0.4591 0.3104
vn 0.7178 -0.6665 0.2012
vn 0.8324 -0.4591 0.3103
vn 0.7179 -0.6665 0.2011
vn 0.8660 -0.5000 0.0001
vn 0.8660 -0.5001 -0.0000
vn 0.7178 -0.6666 0.2011
vn 0.7072 -0.7071 0.0001
vn 0.7071 -0.7071 0.0001
vn 0.5543 -0.8286 0.0781
vn 0.7071 -0.7072 -0.0000
vn 0.5001 -0.8660 -0.0000
vn 0.4999 -0.8661 0.0001
vn 0.5542 -0.8287 0.0782
vn 0.4304 -0.8619 0.2682
vn 0.2482 -0.9623 0.1108
vn 0.2481 -0.9624 0.1109
vn 0.4304 -0.8619 0.2683
vn 0.1109 -0.9624 0.2481
vn 0.2480 -0.9624 0.1108
vn 0.1108 -0.9624 0.2480
vn 0.0001 -1.0000 0.0001
vn 0.1108 -0.9624 0.2482
vn 0.0001 -0.8661 0.4999
vn 0.1108 -0.9623 0.2482
vn 0.2682 -0.8619 0.4304
vn 0.0001 -0.8661 0.5000
vn 0.0782 -0.8287 0.5542
vn 0.0782 -0.8286 0.5543
vn 0.2683 -0.8618 0.4305
vn 0.4074 -0.7026 0.5834
vn 0.2012 -0.6666 0.7177
vn 0.2011 -0.6666 0.7178
vn 0.0001 -0.7071 0.7071
vn 0.0781 -0.8286 0.5543
vn 0.0001 -1.0000 -0.0000
vn 0.2587 -0.9660 -0.0000
vn 0.2482 -0.9624 0.1108
vn 0.2589 -0.9659 -0.0000
vn 0.4999 -0.8661 -0.0000
vn 0.9175 -0.3887 0.0846
vn 0.9175 -0.3886 0.0845
vn 0.8661 -0.4999 -0.0000
vn 0.9659 -0.2589 -0.0000
vn 0.9659 -0.2588 0.0001
vn 0.9705 -0.1540 0.1857
vn 0.8325 -0.4590 0.3104
vn 0.9175 -0.3886 0.0846
vn 0.9705 -0.1540 0.1858
vn 0.6967 -0.4954 0.5189
vn 0.8324 -0.4590 0.3105
vn 0.8903 -0.2203 0.3986
vn 0.8903 -0.2203 0.3985
vn 0.9704 -0.1540 0.1858
vn 0.4305 -0.8618 0.2683
vn 0.5543 -0.8286 0.0782
vn 0.7177 -0.6666 0.2012
vn 0.7177 -0.6666 0.2011
vn 0.5834 -0.7026 0.4074
vn 0.5189 -0.4954 0.6966
vn 0.7624 -0.2546 0.5950
vn 0.7624 -0.2546 0.5949
vn 0.6967 -0.4953 0.5189
vn 0.4075 -0.7026 0.5834
vn 0.2684 -0.8618 0.4305
vn 0.5834 -0.7026 0.4075
vn 0.2684 -0.8618 0.4304
vn 0.4304 -0.8618 0.2684
vn 0.2683 -0.8619 0.4304
vn 0.3105 -0.4590 0.8324
vn 0.5189 -0.4953 0.6967
vn 0.5949 -0.2545 0.7624
vn 0.5950 -0.2545 0.7624
vn 0.7624 -0.2545 0.5950
vn 0.0846 -0.3886 0.9175
vn 0.3104 -0.4590 0.8325
vn 0.3985 -0.2203 0.8903
vn 0.3986 -0.2203 0.8903
vn 0.1858 -0.1540 0.9704
vn 0.3984 -0.2203 0.8903
vn -0.0000 -0.7072 0.7070
vn -0.0000 -0.7071 0.7072
vn 0.0001 0.9659 0.2588
vn 0.0001 1.0000 0.0001
vn 0.2499 0.9330 0.2588
vn 0.2500 0.9330 0.2588
vn 0.2588 0.9659 0.0001
vn 0.2501 0.9330 0.2588
vn 0.2589 0.9659 0.0001
vn 0.4829 0.8366 0.2588
vn 0.5000 0.8661 0.0001
vn 0.4830 0.8365 0.2588
vn 0.5001 0.8660 0.0001
vn 0.6830 0.6831 0.2588
vn 0.6830 0.6831 0.2587
vn 0.5000 0.8660 0.0001
vn 0.7071 0.7072 0.0001
vn 0.6831 0.6830 0.2587
vn 0.8365 0.4830 0.2588
vn 0.8366 0.4829 0.2587
vn 0.8661 0.4999 0.0001
vn 0.9330 0.2501 0.2588
vn 0.9659 0.2589 0.0001
vn 0.9330 0.2500 0.2588
vn 0.9659 0.0001 0.2588
vn 1.0000 0.0001 0.0001
vn 0.9330 0.2499 0.2589
vn 0.8366 0.2241 0.4999
vn 0.9330 0.2501 0.2589
vn 0.8365 0.2242 0.4999
vn 0.8365 0.4829 0.2589
vn 0.7501 0.4330 0.4999
vn 0.8365 0.4830 0.2589
vn 0.7500 0.4331 0.4999
vn 0.6830 0.6830 0.2589
vn 0.6831 0.6829 0.2589
vn 0.6124 0.6124 0.4999
vn 0.4830 0.8365 0.2589
vn 0.6123 0.6124 0.4999
vn 0.4331 0.7500 0.4999
vn 0.4829 0.8365 0.2589
vn 0.4330 0.7501 0.4999
vn 0.2501 0.9330 0.2589
vn 0.2242 0.8365 0.4999
vn 0.2499 0.9330 0.2589
vn 0.2241 0.8366 0.4999
vn 0.0001 0.9659 0.2589
vn 0.2241 0.8365 0.5001
vn 0.1830 0.6831 0.7071
vn 0.0001 0.8660 0.5001
vn 0.1829 0.6830 0.7072
vn 0.1294 0.4830 0.8660
vn 0.1294 0.4831 0.8660
vn -0.0000 0.5000 0.8660
vn 0.1294 0.4829 0.8661
vn 0.0670 0.2501 0.9659
vn 0.0670 0.2499 0.9659
vn 0.7071 -0.0000 0.7071
vn 0.8365 0.2241 0.5001
vn 0.6831 0.1830 0.7071
vn 0.8365 0.2242 0.5001
vn 0.6830 0.1831 0.7071
vn 0.7500 0.4330 0.5001
vn 0.6124 0.3536 0.7071
vn 0.7499 0.4330 0.5001
vn 0.6124 0.6123 0.5000
vn 0.5001 0.5000 0.7070
vn 0.6123 0.6124 0.5001
vn 0.5000 0.5001 0.7071
vn 0.4330 0.7499 0.5001
vn 0.4330 0.7499 0.5000
vn 0.3536 0.6124 0.7071
vn 0.4330 0.7500 0.5000
vn 0.3535 0.6124 0.7071
vn 0.2242 0.8365 0.5000
vn 0.2242 0.8365 0.5001
vn 0.1831 0.6830 0.7071
vn 0.7070 0.0001 0.7072
vn 0.6830 0.1829 0.7072
vn 0.6830 0.1830 0.7071
vn 0.4830 0.1294 0.8660
vn 0.6829 0.1831 0.7072
vn 0.4830 0.1295 0.8660
vn 0.6124 0.3535 0.7071
vn 0.4331 0.2500 0.8660
vn 0.6123 0.3536 0.7071
vn 0.4330 0.2501 0.8660
vn 0.5000 0.4999 0.7071
vn 0.5000 0.4999 0.7072
vn 0.4330 0.2500 0.8660
vn 0.3536 0.3536 0.8660
vn 0.5000 0.5000 0.7071
vn 0.3536 0.6123 0.7071
vn 0.3536 0.6123 0.7072
vn 0.2501 0.4330 0.8660
vn 0.2500 0.4331 0.8660
vn 0.1830 0.6830 0.7071
vn 0.1831 0.6829 0.7072
vn 0.1295 0.4830 0.8660
vn 0.4829 0.1294 0.8661
vn 0.2501 0.0670 0.9659
vn 0.2500 0.0670 0.9659
vn 0.4330 0.2499 0.8661
vn 0.2242 0.1294 0.9659
vn 0.4329 0.2500 0.8661
vn 0.2242 0.1295 0.9659
vn 0.3535 0.3535 0.8661
vn 0.1831 0.1830 0.9659
vn 0.1830 0.1831 0.9659
vn 0.2500 0.4329 0.8661
vn 0.2500 0.4330 0.8661
vn 0.1295 0.2242 0.9659
vn 0.2499 0.4330 0.8661
vn 0.1294 0.2242 0.9659
vn 0.0670 0.2500 0.9659
vn 0.2499 0.0670 0.9659
vn 0.2241 0.1294 0.9659
vn 0.0001 0.0001 1.0000
vn 0.1830 0.1829 0.9659
vn 0.1829 0.1830 0.9659
vn 0.1294 0.2241 0.9659
vn -0.0001 -0.9659 0.2588
vn -0.0001 -1.0000 0.0001
vn -0.2499 -0.9330 0.2588
vn -0.2500 -0.9330 0.2588
vn -0.2588 -0.9659 0.0001
vn -0.2501 -0.9330 0.2587
vn -0.2589 -0.9659 0.0001
vn -0.4829 -0.8366 0.2588
vn -0.2589 -0.9659 -0.0000
vn -0.5000 -0.8661 0.0001
vn -0.4830 -0.8365 0.2587
vn -0.5000 -0.8660 0.0001
vn -0.6830 -0.6831 0.2588
vn -0.6830 -0.6831 0.2587
vn -0.7071 -0.7071 0.0001
vn -0.6831 -0.6830 0.2588
vn -0.7072 -0.7071 -0.0000
vn -0.8365 -0.4830 0.2587
vn -0.8365 -0.4830 0.2588
vn -0.7072 -0.7070 0.0001
vn -0.8660 -0.5000 0.0001
vn -0.8366 -0.4829 0.2588
vn -0.8661 -0.4999 0.0001
vn -0.9330 -0.2501 0.2588
vn -0.9659 -0.2589 0.0001
vn -0.9330 -0.2500 0.2588
vn -0.9659 -0.2587 0.0001
vn -0.9659 -0.0001 0.2588
vn -0.9659 -0.2587 -0.0000
vn -1.0000 -0.0001 0.0001
vn -0.9659 -0.0001 0.2589
vn -0.8661 -0.0001 0.4999
vn -0.9330 -0.2499 0.2589
vn -0.8366 -0.2241 0.4999
vn -0.9330 -0.2501 0.2589
vn -0.8365 -0.2242 0.4999
vn -0.8365 -0.4829 0.2589
vn -0.7501 -0.4330 0.4999
vn -0.8365 -0.4830 0.2589
vn -0.7500 -0.4331 0.5000
vn -0.6831 -0.6830 0.2589
vn -0.6831 -0.6829 0.2589
vn -0.7500 -0.4331 0.4999
vn -0.6124 -0.6123 0.4999
vn -0.6829 -0.6830 0.2589
vn -0.6123 -0.6124 0.5000
vn -0.4830 -0.8365 0.2589
vn -0.6124 -0.6124 0.5000
vn -0.4331 -0.7500 0.4999
vn -0.4829 -0.8365 0.2589
vn -0.4330 -0.7501 0.4999
vn -0.2501 -0.9330 0.2589
vn -0.4330 -0.7501 0.5000
vn -0.2242 -0.8365 0.4999
vn -0.2499 -0.9330 0.2589
vn -0.2241 -0.8366 0.4999
vn -0.0001 -0.8661 0.4999
vn -0.2241 -0.8365 0.5001
vn -0.1830 -0.6831 0.7070
vn -0.1830 -0.6831 0.7071
vn -0.1829 -0.6830 0.7072
vn -0.1294 -0.4830 0.8660
vn -0.0001 -0.7070 0.7072
vn -0.1294 -0.4829 0.8661
vn -0.0670 -0.2501 0.9659
vn -0.0670 -0.2499 0.9659
vn -0.8365 -0.2241 0.5001
vn -0.7071 -0.0000 0.7071
vn -0.6831 -0.1830 0.7071
vn -0.8365 -0.2242 0.5001
vn -0.6830 -0.1831 0.7071
vn -0.7500 -0.4330 0.5001
vn -0.7500 -0.4330 0.5000
vn -0.6124 -0.3535 0.7071
vn -0.6124 -0.3536 0.7071
vn -0.6124 -0.6123 0.5001
vn -0.6124 -0.6123 0.5000
vn -0.5001 -0.5000 0.7071
vn -0.6123 -0.6124 0.5001
vn -0.5000 -0.5001 0.7071
vn -0.4330 -0.7499 0.5001
vn -0.3536 -0.6124 0.7071
vn -0.4330 -0.7500 0.5001
vn -0.3535 -0.6125 0.7070
vn -0.2242 -0.8365 0.5001
vn -0.3535 -0.6124 0.7071
vn -0.1831 -0.6831 0.7071
vn -0.5001 -0.0001 0.8660
vn -0.6830 -0.1830 0.7072
vn -0.6830 -0.1829 0.7072
vn -0.5001 -0.0000 0.8660
vn -0.4830 -0.1294 0.8660
vn -0.6829 -0.1830 0.7072
vn -0.4830 -0.1295 0.8660
vn -0.6123 -0.3535 0.7072
vn -0.4331 -0.2500 0.8660
vn -0.6123 -0.3536 0.7072
vn -0.4330 -0.2501 0.8660
vn -0.5000 -0.4999 0.7072
vn -0.5000 -0.4999 0.7071
vn -0.3536 -0.3536 0.8660
vn -0.4999 -0.5000 0.7071
vn -0.3536 -0.6123 0.7072
vn -0.3536 -0.6123 0.7071
vn -0.2501 -0.4330 0.8660
vn -0.2500 -0.4331 0.8660
vn -0.1830 -0.6830 0.7071
vn -0.1295 -0.4830 0.8660
vn -0.4829 -0.1294 0.8661
vn -0.2501 -0.0670 0.9659
vn -0.4330 -0.2499 0.8661
vn -0.2242 -0.1294 0.9659
vn -0.4330 -0.2500 0.8661
vn -0.2242 -0.1295 0.9659
vn -0.3535 -0.3535 0.8661
vn -0.1831 -0.1830 0.9659
vn -0.1830 -0.1831 0.9659
vn -0.2500 -0.4330 0.8661
vn -0.2500 -0.4329 0.8661
vn -0.1295 -0.2242 0.9659
vn -0.2499 -0.4330 0.8661
vn -0.1294 -0.2242 0.9659
vn -0.2499 -0.0669 0.9659
vn -0.2499 -0.0670 0.9659
vn -0.2241 -0.1294 0.9659
vn -0.0001 -0.0001 1.0000
vn -0.1830 -0.1830 0.9659
vn -0.1830 -0.1829 0.9659
vn -0.1829 -0.1830 0.9659
vn -0.1294 -0.2241 0.9659
vn -0.9659 -0.0000 0.2587
vn -1.0000 -0.0000 0.0001
vn -0.9659 -0.0000 0.2589
vn -0.8661 -0.0000 0.4999
vn -0.7072 -0.0000 0.7070
vn 0.0670 -0.2499 0.9659
vn 0.1294 -0.2241 0.9659
vn 0.0001 -0.0001 1.0000
vn 0.1829 -0.1830 0.9659
vn 0.1830 -0.1829 0.9659
vn 0.2241 -0.1294 0.9659
vn 0.2499 -0.0670 0.9659
vn 0.2501 -0.0670 0.9659
vn 0.4829 -0.1294 0.8661
vn 0.2242 -0.1294 0.9659
vn 0.4330 -0.2499 0.8661
vn 0.2242 -0.1295 0.9659
vn 0.4329 -0.2500 0.8661
vn 0.1831 -0.1830 0.9659
vn 0.3535 -0.3535 0.8661
vn 0.1830 -0.1831 0.9659
vn 0.1295 -0.2242 0.9659
vn 0.2500 -0.4329 0.8661
vn 0.1294 -0.2242 0.9659
vn 0.2499 -0.4330 0.8661
vn 0.0670 -0.2501 0.9659
vn 0.0670 -0.2500 0.9659
vn 0.1294 -0.4829 0.8661
vn 0.1294 -0.4830 0.8660
vn 0.1830 -0.6830 0.7071
vn 0.1829 -0.6830 0.7072
vn 0.0001 -0.7070 0.7072
vn 0.1830 -0.6831 0.7070
vn 0.2241 -0.8365 0.5000
vn 0.2241 -0.8365 0.5001
vn 0.2241 -0.8366 0.4999
vn 0.2499 -0.9330 0.2589
vn 0.0001 -0.9659 0.2589
vn 0.0001 -0.9659 0.2588
vn 0.2500 -0.9330 0.2588
vn 0.2588 -0.9659 0.0001
vn 0.2587 -0.9659 0.0001
vn 0.7070 -0.0001 0.7072
vn 0.4830 -0.1294 0.8660
vn 0.6830 -0.1829 0.7072
vn 0.4830 -0.1295 0.8660
vn 0.6830 -0.1830 0.7071
vn 0.4331 -0.2500 0.8660
vn 0.6829 -0.1831 0.7072
vn 0.6124 -0.3535 0.7071
vn 0.4330 -0.2501 0.8660
vn 0.6123 -0.3536 0.7071
vn 0.3536 -0.3536 0.8660
vn 0.5000 -0.4999 0.7072
vn 0.4999 -0.5000 0.7072
vn 0.2501 -0.4331 0.8660
vn 0.2501 -0.4330 0.8660
vn 0.3536 -0.6123 0.7071
vn 0.2500 -0.4331 0.8660
vn 0.3535 -0.6123 0.7072
vn 0.1295 -0.4830 0.8660
vn 0.3535 -0.6124 0.7071
vn 0.6831 -0.1830 0.7071
vn 0.8365 -0.2241 0.5001
vn 0.6830 -0.1831 0.7071
vn 0.8365 -0.2242 0.5000
vn 0.7500 -0.4330 0.5001
vn 0.6124 -0.3536 0.7071
vn 0.7499 -0.4330 0.5001
vn 0.5001 -0.5000 0.7071
vn 0.6124 -0.6123 0.5001
vn 0.5000 -0.5001 0.7071
vn 0.6123 -0.6124 0.5000
vn 0.3536 -0.6124 0.7071
vn 0.6123 -0.6124 0.5001
vn 0.4330 -0.7500 0.5001
vn 0.4329 -0.7500 0.5001
vn 0.1831 -0.6830 0.7071
vn 0.4329 -0.7500 0.5000
vn 0.2242 -0.8365 0.5001
vn 0.8366 -0.2241 0.4999
vn 0.9330 -0.2499 0.2589
vn 0.8365 -0.2242 0.4999
vn 0.9330 -0.2501 0.2589
vn 0.7501 -0.4330 0.4999
vn 0.8365 -0.4829 0.2589
vn 0.7500 -0.4331 0.4999
vn 0.8365 -0.4830 0.2589
vn 0.6124 -0.6123 0.4999
vn 0.6830 -0.6830 0.2589
vn 0.6123 -0.6124 0.4999
vn 0.4331 -0.7500 0.5000
vn 0.4331 -0.7500 0.4999
vn 0.6830 -0.6831 0.2589
vn 0.4830 -0.8365 0.2589
vn 0.4330 -0.7501 0.4999
vn 0.4829 -0.8365 0.2589
vn 0.2242 -0.8365 0.4999
vn 0.2501 -0.9330 0.2589
vn 0.9659 -0.0001 0.2587
vn 0.9330 -0.2500 0.2588
vn 0.9330 -0.2499 0.2588
vn 0.9330 -0.2501 0.2588
vn 0.9659 -0.2589 0.0001
vn 0.8366 -0.4829 0.2588
vn 0.8661 -0.4999 0.0001
vn 0.8365 -0.4830 0.2588
vn 0.8660 -0.5001 0.0001
vn 0.6831 -0.6830 0.2588
vn 0.6830 -0.6831 0.2587
vn 0.4830 -0.8365 0.2588
vn 0.7071 -0.7072 0.0001
vn 0.5000 -0.8660 0.0001
vn 0.4829 -0.8366 0.2587
vn 0.5000 -0.8661 0.0001
vn 0.2501 -0.9330 0.2588
vn 0.2589 -0.9659 0.0001
vn 0.7071 -0.0000 0.7072
vn 0.8661 -0.0000 0.4999
vn 0.9659 -0.2588 -0.0000
vn 0.7072 -0.7070 -0.0000
vn 0.8660 -0.5000 -0.0000
vn 0.7070 -0.7072 -0.0000
vn 0.5000 -0.8660 -0.0000
vn 0.2587 -0.9659 -0.0000
vn -0.2587 -0.9659 -0.0000
vn -0.4999 -0.8661 -0.0000
vn -0.5001 -0.8660 -0.0000
vn -0.7070 -0.7072 -0.0000
vn -0.5001 -0.8660 -0.0001
vn -0.8660 -0.5001 -0.0000
vn -0.8661 -0.4999 -0.0000
vn -0.9659 -0.2589 -0.0000
vn -1.0000 -0.0001 -0.0000
vn -0.2537 -0.9660 0.0507
vn -0.2537 -0.9659 0.0507
vn -0.2587 -0.9660 -0.0000
vn -0.2539 -0.9659 0.0507
vn -0.4902 -0.8661 0.0980
vn -0.4904 -0.8660 0.0980
vn -0.6933 -0.7071 0.1386
vn -0.6933 -0.7072 0.1386
vn -0.7071 -0.7071 -0.0000
vn -0.6934 -0.7071 0.1386
vn -0.8493 -0.4999 0.1698
vn -0.9659 -0.2588 0.0001
vn -0.9472 -0.2588 0.1894
vn -0.9914 -0.0001 0.1312
vn -0.9978 -0.0001 0.0658
vn -0.9472 -0.2587 0.1894
vn -0.9978 -0.0001 0.0657
vn -0.9471 -0.2589 0.1894
vn -0.8492 -0.4999 0.1699
vn -0.8492 -0.4999 0.1698
vn -0.8492 -0.5001 0.1698
vn -0.6934 -0.7071 0.1387
vn -0.2539 -0.9659 0.0508
vn 0.9659 0.2588 -0.0000
vn 0.7072 0.7071 -0.0000
vn 0.7072 0.7070 -0.0000
vn 0.5001 0.8660 -0.0000
vn 0.7071 0.7072 -0.0000
vn 0.4999 0.8661 -0.0000
vn 0.2587 0.9659 -0.0000
vn 0.8661 0.4999 -0.0001
vn 0.7072 -0.0000 0.7070
vn 0.7071 -0.0001 0.7072
vn -1.0000 0.0001 -0.0000
vn -0.9659 0.2587 -0.0000
vn -0.8661 0.4999 -0.0000
vn -0.8660 0.5001 -0.0000
vn -0.7072 0.7071 -0.0000
vn -0.5001 0.8660 -0.0000
vn -0.4999 0.8661 -0.0000
vn -0.2589 0.9659 -0.0000
vn -0.0001 1.0000 -0.0000
vn -0.9806 0.0001 0.1961
vn -0.9472 0.2587 0.1894
vn -0.9914 0.0001 0.1312
vn -0.9472 0.2588 0.1894
vn -0.9978 0.0001 0.0658
vn -0.9978 0.0001 0.0657
vn -0.9472 0.2589 0.1894
vn -0.8493 0.4999 0.1698
vn -0.8660 0.5000 -0.0000
vn -0.8492 0.5001 0.1698
vn -0.6934 0.7070 0.1386
vn -0.7072 0.7070 -0.0000
vn -0.7070 0.7072 -0.0000
vn -0.6933 0.7072 0.1386
vn -0.4904 0.8660 0.0980
vn -0.4903 0.8660 0.0980
vn -0.5000 0.8660 -0.0000
vn -0.4902 0.8661 0.0980
vn -0.2539 0.9659 0.0507
vn -0.2537 0.9659 0.0507
vn -0.2587 0.9660 -0.0000
vn -0.9472 0.2587 0.1895
vn -0.8492 0.4999 0.1699
vn -0.8492 0.4999 0.1698
vn -0.2153 -0.0000 0.9765
vn -0.3198 -0.0000 0.9475
vn -0.4419 -0.0000 0.8970
vn -0.4420 -0.0000 0.8970
vn -0.6339 -0.0000 0.7734
vn -0.7929 -0.0000 0.6094
vn -0.7930 -0.0000 0.6093
vn -0.9105 -0.0000 0.4136
vn -0.9105 -0.0000 0.4134
vn -0.2153 -0.0000 0.9766
vn -0.1083 -0.0000 0.9941
vn -0.2268 -0.0000 0.9739
vn -0.1082 -0.0000 0.9941
vn -0.3199 -0.0000 0.9475
vn -0.9806 -0.0000 0.1961
vn -0.0000 1.0000 -0.0000
vn -0.9978 -0.0000 0.0657
vn -0.9978 -0.0000 0.0658
vn -0.9914 -0.0000 0.1312
vn -0.0000 -0.2587 0.9660
vn -0.1538 -0.1857 0.9705
vn -0.1539 -0.1857 0.9705
vn -0.1540 -0.1857 0.9705
vn -0.2588 -0.0001 0.9659
vn -0.3886 -0.0845 0.9175
vn -0.3886 -0.0844 0.9175
vn -0.2588 -0.0000 0.9659
vn -0.3887 -0.0846 0.9175
vn -0.5000 -0.0001 0.8660
vn -0.4591 -0.3103 0.8324
vn -0.6665 -0.2011 0.7178
vn -0.4591 -0.3104 0.8324
vn -0.6665 -0.2012 0.7178
vn -0.4954 -0.5188 0.6967
vn -0.7025 -0.4074 0.5835
vn -0.4955 -0.5189 0.6966
vn -0.7025 -0.4075 0.5834
vn -0.4955 -0.6966 0.5189
vn -0.7025 -0.5834 0.4075
vn -0.4955 -0.6966 0.5188
vn -0.7025 -0.5835 0.4075
vn -0.4591 -0.8324 0.3105
vn -0.4591 -0.8324 0.3104
vn -0.7025 -0.5835 0.4074
vn -0.6665 -0.7178 0.2012
vn -0.4591 -0.8324 0.3103
vn -0.6665 -0.7179 0.2011
vn -0.6665 -0.7178 0.2011
vn -0.7070 -0.7072 0.0001
vn -0.6666 -0.7178 0.2011
vn -0.8286 -0.5543 0.0782
vn -0.7072 -0.7070 -0.0000
vn -0.8287 -0.5543 0.0781
vn -0.8288 -0.5541 0.0782
vn -0.8619 -0.4303 0.2682
vn -0.8619 -0.4304 0.2682
vn -0.9624 -0.2482 0.1108
vn -0.9624 -0.2481 0.1109
vn -0.8619 -0.4303 0.2683
vn -0.9624 -0.1109 0.2481
vn -0.9624 -0.2480 0.1108
vn -0.9624 -0.1108 0.2480
vn -0.9624 -0.1109 0.2480
vn -0.9624 -0.1108 0.2482
vn -0.8660 -0.0001 0.5000
vn -0.9623 -0.1108 0.2482
vn -0.8618 -0.2682 0.4304
vn -0.8618 -0.2683 0.4304
vn -0.8287 -0.0782 0.5542
vn -0.8287 -0.0782 0.5543
vn -0.8618 -0.2683 0.4305
vn -0.7026 -0.4074 0.5834
vn -0.8286 -0.0782 0.5543
vn -0.6666 -0.2011 0.7177
vn -0.6666 -0.2010 0.7178
vn -0.6666 -0.2011 0.7178
vn -0.7071 -0.0001 0.7071
vn -0.7072 0.0001 0.7071
vn -0.8660 0.0001 0.5001
vn -0.8286 -0.0780 0.5543
vn -0.9660 -0.2587 -0.0000
vn -0.9624 -0.2481 0.1108
vn -0.3887 -0.9175 0.0846
vn -0.3887 -0.9175 0.0845
vn -0.3885 -0.9175 0.0846
vn -0.1539 -0.9705 0.1858
vn -0.1539 -0.9705 0.1857
vn -0.2588 -0.9659 -0.0000
vn -0.1538 -0.9705 0.1857
vn -0.2202 -0.8903 0.3985
vn -0.2201 -0.8903 0.3985
vn -0.2202 -0.8903 0.3986
vn -0.0001 -0.8660 0.5000
vn -0.2544 -0.7625 0.5949
vn -0.2544 -0.7624 0.5950
vn -0.2544 -0.5950 0.7624
vn -0.0001 -0.5001 0.8660
vn -0.2544 -0.5949 0.7625
vn -0.2202 -0.3986 0.8903
vn -0.2202 -0.3985 0.8904
vn -0.2202 -0.3985 0.8903
vn -0.0001 -0.2589 0.9659
vn -0.1539 -0.1858 0.9705
vn -0.2203 -0.3985 0.8903
vn -0.1540 -0.1858 0.9705
vn -0.3886 -0.0846 0.9175
vn -0.2545 -0.5949 0.7625
vn -0.4590 -0.3105 0.8324
vn -0.4590 -0.3104 0.8325
vn -0.2545 -0.5949 0.7624
vn -0.4953 -0.5189 0.6967
vn -0.7026 -0.5834 0.4075
vn -0.7026 -0.4075 0.5834
vn -0.8618 -0.2684 0.4304
vn -0.7026 -0.5833 0.4075
vn -0.8618 -0.4304 0.2684
vn -0.8619 -0.4304 0.2683
vn -0.8619 -0.2683 0.4303
vn -0.2545 -0.7624 0.5950
vn -0.2546 -0.5950 0.7624
vn -0.4953 -0.5190 0.6966
vn -0.4953 -0.6967 0.5189
vn -0.6666 -0.7177 0.2012
vn -0.7026 -0.5834 0.4074
vn -0.8618 -0.4305 0.2683
vn -0.8618 -0.4305 0.2682
vn -0.2203 -0.8903 0.3986
vn -0.2546 -0.7624 0.5949
vn -0.4954 -0.6967 0.5188
vn -0.2203 -0.8903 0.3985
vn -0.4953 -0.6968 0.5188
vn -0.4590 -0.8324 0.3104
vn -0.1540 -0.9704 0.1858
vn -0.4590 -0.8325 0.3104
vn -0.3886 -0.9175 0.0846
vn -0.1540 -0.9705 0.1858
vn -0.4590 -0.8325 0.3103
vn 0.1539 -0.1857 0.9705
vn 0.1538 -0.1857 0.9705
vn -0.0000 -0.2588 0.9659
vn 0.1539 -0.1859 0.9705
vn 0.0001 -0.2589 0.9659
vn 0.2202 -0.3985 0.8903
vn 0.2202 -0.3985 0.8904
vn 0.2202 -0.3986 0.8903
vn 0.2544 -0.5949 0.7625
vn 0.2544 -0.5950 0.7624
vn 0.0001 -0.5001 0.8660
vn 0.2545 -0.5950 0.7624
vn 0.2544 -0.7624 0.5950
vn 0.2544 -0.7625 0.5949
vn 0.0001 -0.8660 0.5000
vn 0.2202 -0.8903 0.3986
vn 0.2201 -0.8903 0.3985
vn 0.2202 -0.8904 0.3985
vn 0.1539 -0.9705 0.1858
vn 0.1538 -0.9705 0.1857
vn 0.1539 -0.9705 0.1857
vn 0.1540 -0.9705 0.1857
vn 0.3885 -0.9175 0.0846
vn 0.3886 -0.9175 0.0845
vn 0.5000 -0.8661 -0.0000
vn 0.3887 -0.9175 0.0846
vn 0.4591 -0.8324 0.3103
vn 0.6665 -0.7178 0.2011
vn 0.4591 -0.8324 0.3104
vn 0.6665 -0.7178 0.2012
vn 0.4954 -0.6967 0.5188
vn 0.4955 -0.6967 0.5188
vn 0.6666 -0.7178 0.2012
vn 0.7025 -0.5835 0.4075
vn 0.4955 -0.6966 0.5189
vn 0.7025 -0.5834 0.4075
vn 0.4955 -0.5189 0.6966
vn 0.7025 -0.4075 0.5834
vn 0.4955 -0.5188 0.6967
vn 0.7025 -0.4074 0.5835
vn 0.4591 -0.3104 0.8324
vn 0.4591 -0.3105 0.8324
vn 0.7025 -0.4075 0.5835
vn 0.6665 -0.2012 0.7178
vn 0.4591 -0.3103 0.8324
vn 0.6665 -0.2011 0.7179
vn 0.6666 -0.2010 0.7178
vn 0.8286 -0.0781 0.5544
vn 0.7072 0.0001 0.7070
vn 0.8287 -0.0780 0.5543
vn 0.8660 0.0001 0.5001
vn 0.8287 -0.0781 0.5542
vn 0.8619 -0.2682 0.4304
vn 0.8661 -0.0001 0.5000
vn 0.9623 -0.1108 0.2482
vn 0.9624 -0.1110 0.2481
vn 0.8619 -0.2683 0.4304
vn 0.9623 -0.2482 0.1109
vn 0.9624 -0.1108 0.2480
vn 0.9624 -0.2480 0.1108
vn 0.9624 -0.2481 0.1108
vn 0.9624 -0.2482 0.1108
vn 0.8619 -0.4304 0.2682
vn 0.8287 -0.5541 0.0781
vn 0.8286 -0.5543 0.0782
vn 0.8618 -0.4305 0.2683
vn 0.7026 -0.5834 0.4074
vn 0.7026 -0.5835 0.4074
vn 0.6666 -0.7178 0.2011
vn 0.7072 -0.7071 -0.0001
vn 0.8660 -0.5001 -0.0001
vn 0.8286 -0.5543 0.0780
vn 1.0000 -0.0002 0.0001
vn 0.9659 -0.0001 0.2588
vn 0.9624 -0.1109 0.2480
vn 0.9624 -0.1108 0.2482
vn 0.3887 -0.0846 0.9175
vn 0.3886 -0.0845 0.9175
vn 0.1540 -0.1857 0.9705
vn 0.4590 -0.3104 0.8325
vn 0.3886 -0.0846 0.9175
vn 0.1540 -0.1858 0.9704
vn 0.4953 -0.5188 0.6967
vn 0.4590 -0.3105 0.8324
vn 0.2203 -0.3986 0.8903
vn 0.2203 -0.3985 0.8903
vn 0.1540 -0.1858 0.9705
vn 0.8618 -0.2683 0.4305
vn 0.8286 -0.0783 0.5543
vn 0.6666 -0.2012 0.7177
vn 0.6666 -0.2011 0.7178
vn 0.7026 -0.4074 0.5834
vn 0.4954 -0.6967 0.5189
vn 0.4953 -0.5190 0.6966
vn 0.2546 -0.5950 0.7624
vn 0.2545 -0.5949 0.7625
vn 0.4953 -0.5189 0.6967
vn 0.7026 -0.5834 0.4075
vn 0.8618 -0.4305 0.2684
vn 0.7026 -0.4075 0.5834
vn 0.7026 -0.4075 0.5833
vn 0.8618 -0.4304 0.2684
vn 0.8618 -0.2684 0.4304
vn 0.9624 -0.2481 0.1109
vn 0.4590 -0.8324 0.3104
vn 0.4953 -0.6968 0.5188
vn 0.2546 -0.7625 0.5948
vn 0.2546 -0.7624 0.5950
vn 0.4953 -0.6966 0.5190
vn 0.3886 -0.9175 0.0846
vn 0.4590 -0.8325 0.3104
vn 0.2203 -0.8903 0.3985
vn 0.2203 -0.8903 0.3986
vn 0.4590 -0.8324 0.3105
vn 0.2545 -0.7624 0.5949
vn 0.1540 -0.9705 0.1858
vn 0.2203 -0.8903 0.3984
vn -0.2587 -0.0000 0.9660
vn -0.1539 0.1857 0.9705
vn -0.1538 0.1857 0.9705
vn -0.0000 0.2587 0.9660
vn -0.1539 0.1858 0.9705
vn -0.2202 0.3985 0.8904
vn -0.2201 0.3985 0.8903
vn -0.0001 0.4999 0.8661
vn -0.2202 0.3986 0.8903
vn -0.2544 0.5949 0.7625
vn -0.2544 0.5949 0.7624
vn -0.0001 0.7070 0.7072
vn -0.2544 0.5950 0.7624
vn -0.2545 0.7624 0.5950
vn -0.2544 0.7624 0.5950
vn -0.2544 0.7625 0.5949
vn -0.0001 0.8660 0.5000
vn -0.2202 0.8903 0.3986
vn -0.2201 0.8903 0.3985
vn -0.2202 0.8903 0.3985
vn -0.1539 0.9705 0.1858
vn -0.1539 0.9705 0.1857
vn -0.2588 0.9659 -0.0000
vn -0.1540 0.9705 0.1857
vn -0.2588 0.9659 0.0001
vn -0.3886 0.9175 0.0846
vn -0.3887 0.9175 0.0844
vn -0.2589 0.9659 -0.0001
vn -0.4999 0.8661 -0.0001
vn -0.3887 0.9175 0.0846
vn -0.5000 0.8660 0.0001
vn -0.4590 0.8325 0.3103
vn -0.4591 0.8324 0.3103
vn -0.6665 0.7179 0.2011
vn -0.4591 0.8324 0.3104
vn -0.6666 0.7178 0.2012
vn -0.4955 0.6967 0.5188
vn -0.7025 0.5835 0.4074
vn -0.4955 0.6966 0.5189
vn -0.7025 0.5834 0.4075
vn -0.4955 0.5189 0.6966
vn -0.7025 0.4075 0.5835
vn -0.4955 0.5188 0.6967
vn -0.4591 0.3105 0.8324
vn -0.6665 0.2012 0.7178
vn -0.4591 0.3103 0.8324
vn -0.6665 0.2011 0.7178
vn -0.5000 0.0001 0.8660
vn -0.6666 0.2010 0.7178
vn -0.7071 0.0001 0.7071
vn -0.6666 0.2011 0.7178
vn -0.8286 0.0782 0.5543
vn -0.7072 -0.0001 0.7070
vn -0.8287 0.0779 0.5543
vn -0.8287 0.0782 0.5542
vn -0.8618 0.2683 0.4304
vn -0.8661 0.0001 0.5000
vn -0.8618 0.2682 0.4304
vn -0.9624 0.1108 0.2482
vn -0.9624 0.1109 0.2481
vn -0.8619 0.2683 0.4303
vn -0.9624 0.2481 0.1109
vn -0.9624 0.1108 0.2480
vn -0.9624 0.2480 0.1108
vn -0.9624 0.2481 0.1108
vn -0.9660 0.2587 -0.0000
vn -0.8661 0.5000 0.0001
vn -0.9624 0.2482 0.1108
vn -0.8619 0.4304 0.2682
vn -0.8619 0.4303 0.2682
vn -0.8288 0.5541 0.0782
vn -0.8287 0.5543 0.0782
vn -0.8618 0.4305 0.2683
vn -0.7026 0.5834 0.4074
vn -0.8286 0.5543 0.0782
vn -0.7026 0.5835 0.4074
vn -0.6666 0.7178 0.2011
vn -0.7071 0.7071 -0.0000
vn -0.6665 0.7179 0.2010
vn -0.7072 0.7071 0.0001
vn -0.8660 0.5001 -0.0001
vn -0.8287 0.5543 0.0781
vn -0.9624 0.1109 0.2480
vn -0.8661 -0.0000 0.5000
vn -0.3887 0.0846 0.9175
vn -0.3886 0.0844 0.9175
vn -0.3886 0.0845 0.9175
vn -0.2588 0.0001 0.9659
vn -0.1540 0.1857 0.9705
vn -0.4590 0.3104 0.8325
vn -0.3886 0.0846 0.9175
vn -0.1540 0.1858 0.9704
vn -0.4953 0.5189 0.6967
vn -0.4590 0.3105 0.8324
vn -0.2203 0.3986 0.8903
vn -0.2203 0.3985 0.8903
vn -0.8618 0.2682 0.4305
vn -0.8287 0.0782 0.5543
vn -0.6666 0.2011 0.7177
vn -0.8618 0.2683 0.4305
vn -0.6666 0.2012 0.7177
vn -0.7026 0.4074 0.5834
vn -0.4954 0.6967 0.5189
vn -0.4954 0.5190 0.6966
vn -0.2546 0.5950 0.7623
vn -0.2546 0.5948 0.7625
vn -0.4954 0.5188 0.6967
vn -0.7026 0.5834 0.4075
vn -0.8618 0.4304 0.2683
vn -0.7026 0.4075 0.5834
vn -0.8618 0.4304 0.2684
vn -0.8618 0.2684 0.4304
vn -0.8619 0.4304 0.2683
vn -0.8619 0.2683 0.4304
vn -0.4590 0.8324 0.3105
vn -0.4953 0.6967 0.5189
vn -0.2545 0.7624 0.5949
vn -0.4954 0.6966 0.5190
vn -0.2545 0.5950 0.7624
vn -0.4590 0.8325 0.3104
vn -0.2203 0.8903 0.3985
vn -0.2203 0.8903 0.3986
vn -0.1540 0.9704 0.1858
vn -0.1538 -0.9705 -0.1857
vn -0.1539 -0.9705 -0.1857
vn -0.1540 -0.9705 -0.1857
vn -0.2588 -0.9659 -0.0001
vn -0.3885 -0.9175 -0.0846
vn -0.3887 -0.9175 -0.0845
vn -0.5000 -0.8660 -0.0001
vn -0.4590 -0.8325 -0.3103
vn -0.4591 -0.8324 -0.3103
vn -0.6665 -0.7179 -0.2011
vn -0.4591 -0.8324 -0.3105
vn -0.6666 -0.7178 -0.2012
vn -0.4955 -0.6967 -0.5188
vn -0.7025 -0.5835 -0.4075
vn -0.4955 -0.6966 -0.5189
vn -0.7025 -0.5834 -0.4075
vn -0.4955 -0.5189 -0.6966
vn -0.7025 -0.4076 -0.5834
vn -0.4954 -0.5188 -0.6967
vn -0.7025 -0.4074 -0.5836
vn -0.4591 -0.3104 -0.8324
vn -0.4591 -0.3105 -0.8324
vn -0.7025 -0.4075 -0.5835
vn -0.6665 -0.2012 -0.7178
vn -0.4591 -0.3103 -0.8324
vn -0.6665 -0.2011 -0.7179
vn -0.5000 -0.0001 -0.8660
vn -0.5001 -0.0000 -0.8660
vn -0.6665 -0.2010 -0.7178
vn -0.7071 -0.0000 -0.7071
vn -0.7071 -0.0001 -0.7071
vn -0.6666 -0.2011 -0.7178
vn -0.8286 -0.0781 -0.5543
vn -0.8660 -0.0000 -0.5001
vn -0.8661 -0.0001 -0.5000
vn -0.8287 -0.0782 -0.5542
vn -0.8618 -0.2683 -0.4304
vn -0.8618 -0.2682 -0.4304
vn -0.9623 -0.1108 -0.2482
vn -0.9624 -0.1109 -0.2481
vn -0.8619 -0.2683 -0.4304
vn -0.9624 -0.2481 -0.1109
vn -0.9624 -0.1108 -0.2480
vn -0.9624 -0.2480 -0.1108
vn -0.9624 -0.2481 -0.1108
vn -0.9624 -0.2482 -0.1108
vn -0.8660 -0.5000 -0.0001
vn -0.8619 -0.4304 -0.2682
vn -0.8661 -0.4999 -0.0001
vn -0.8619 -0.4303 -0.2682
vn -0.8288 -0.5541 -0.0782
vn -0.8286 -0.5543 -0.0782
vn -0.8618 -0.4305 -0.2683
vn -0.7026 -0.5834 -0.4074
vn -0.7026 -0.5835 -0.4074
vn -0.6666 -0.7178 -0.2011
vn -0.7071 -0.7072 -0.0001
vn -0.6665 -0.7178 -0.2011
vn -0.6666 -0.7177 -0.2011
vn -0.7071 -0.7071 -0.0001
vn -0.8286 -0.5543 -0.0781
vn -1.0000 -0.0001 -0.0001
vn -0.9659 -0.0001 -0.2587
vn -0.9624 -0.1109 -0.2480
vn -0.9624 -0.1108 -0.2482
vn -0.9659 -0.0000 -0.2589
vn -0.8661 -0.0001 -0.4999
vn -0.3887 -0.0846 -0.9175
vn -0.3886 -0.0844 -0.9175
vn -0.4999 0.0001 -0.8661
vn -0.2589 0.0001 -0.9659
vn -0.3886 -0.0845 -0.9175
vn -0.2588 -0.0000 -0.9659
vn -0.1540 -0.1857 -0.9705
vn -0.1539 -0.1857 -0.9705
vn -0.2587 -0.0000 -0.9659
vn -0.0001 -0.0000 -1.0000
vn -0.1538 -0.1857 -0.9705
vn -0.0000 -0.2587 -0.9660
vn -0.1539 -0.1858 -0.9705
vn -0.0001 -0.2589 -0.9659
vn -0.2202 -0.3985 -0.8903
vn -0.2201 -0.3985 -0.8904
vn -0.0001 -0.4999 -0.8661
vn -0.2202 -0.3986 -0.8903
vn -0.0001 -0.5000 -0.8660
vn -0.2544 -0.5949 -0.7625
vn -0.2544 -0.5949 -0.7624
vn -0.0001 -0.5001 -0.8660
vn -0.2544 -0.5950 -0.7624
vn -0.0001 -0.7071 -0.7071
vn -0.2545 -0.7624 -0.5950
vn -0.2544 -0.7624 -0.5949
vn -0.0000 -0.7072 -0.7070
vn -0.0001 -0.8660 -0.5001
vn -0.2544 -0.7625 -0.5949
vn -0.0001 -0.8660 -0.5000
vn -0.2202 -0.8903 -0.3987
vn -0.2201 -0.8903 -0.3985
vn -0.0000 -0.8660 -0.5000
vn -0.0001 -0.9659 -0.2589
vn -0.2202 -0.8904 -0.3985
vn -0.1539 -0.9705 -0.1858
vn -0.2203 -0.8903 -0.3984
vn -0.1540 -0.9705 -0.1858
vn -0.3886 -0.9175 -0.0846
vn -0.2545 -0.7624 -0.5949
vn -0.2203 -0.8903 -0.3986
vn -0.4590 -0.8324 -0.3105
vn -0.4590 -0.8325 -0.3104
vn -0.2203 -0.8903 -0.3985
vn -0.2545 -0.7625 -0.5948
vn -0.4590 -0.8324 -0.3104
vn -0.4953 -0.6968 -0.5188
vn -0.7026 -0.4075 -0.5834
vn -0.7026 -0.5834 -0.4075
vn -0.8618 -0.4304 -0.2684
vn -0.8618 -0.2684 -0.4304
vn -0.8619 -0.2683 -0.4303
vn -0.8619 -0.4303 -0.2683
vn -0.2545 -0.5950 -0.7624
vn -0.4954 -0.6966 -0.5190
vn -0.2546 -0.5950 -0.7624
vn -0.4954 -0.6967 -0.5189
vn -0.4953 -0.5190 -0.6966
vn -0.6666 -0.2012 -0.7177
vn -0.7026 -0.4074 -0.5834
vn -0.8618 -0.2683 -0.4305
vn -0.8286 -0.0782 -0.5543
vn -0.6666 -0.2011 -0.7177
vn -0.2203 -0.3986 -0.8903
vn -0.2546 -0.5949 -0.7624
vn -0.4954 -0.5189 -0.6967
vn -0.2203 -0.3985 -0.8903
vn -0.4954 -0.5188 -0.6968
vn -0.4590 -0.3104 -0.8324
vn -0.1540 -0.1858 -0.9705
vn -0.4590 -0.3104 -0.8325
vn -0.3886 -0.0846 -0.9175
vn -0.1540 -0.1858 -0.9704
vn -0.0000 0.2588 0.9659
vn 0.1538 0.1857 0.9705
vn 0.1539 0.1857 0.9705
vn 0.2587 -0.0000 0.9660
vn 0.1540 0.1857 0.9705
vn 0.3886 0.0845 0.9175
vn 0.3887 0.0846 0.9175
vn 0.4591 0.3103 0.8324
vn 0.6665 0.2011 0.7178
vn 0.4591 0.3104 0.8324
vn 0.6665 0.2012 0.7178
vn 0.4954 0.5188 0.6967
vn 0.4955 0.5188 0.6967
vn 0.6666 0.2012 0.7178
vn 0.7025 0.4075 0.5835
vn 0.4955 0.5189 0.6966
vn 0.7025 0.4076 0.5834
vn 0.4954 0.6966 0.5189
vn 0.4955 0.6966 0.5189
vn 0.7025 0.5834 0.4076
vn 0.4955 0.6967 0.5188
vn 0.7025 0.5835 0.4074
vn 0.4591 0.8324 0.3104
vn 0.6665 0.7178 0.2012
vn 0.4591 0.8324 0.3103
vn 0.6665 0.7179 0.2011
vn 0.5000 0.8660 -0.0000
vn 0.6665 0.7178 0.2011
vn 0.7070 0.7072 0.0001
vn 0.6666 0.7178 0.2011
vn 0.8286 0.5543 0.0782
vn 0.7071 0.7071 -0.0000
vn 0.8286 0.5543 0.0780
vn 0.8660 0.5001 -0.0001
vn 0.8288 0.5541 0.0781
vn 0.8619 0.4304 0.2682
vn 0.9624 0.2482 0.1108
vn 0.9624 0.2481 0.1109
vn 0.8619 0.4304 0.2683
vn 0.9624 0.1109 0.2481
vn 0.9624 0.2480 0.1108
vn 0.9624 0.1108 0.2480
vn 0.9624 0.1109 0.2480
vn 0.9623 0.1108 0.2482
vn 0.9624 0.1108 0.2482
vn 0.8619 0.2682 0.4304
vn 0.8287 0.0781 0.5542
vn 0.8286 0.0782 0.5543
vn 0.8618 0.2683 0.4305
vn 0.7025 0.4074 0.5835
vn 0.8287 0.0782 0.5543
vn 0.7026 0.4074 0.5834
vn 0.6666 0.2012 0.7177
vn 0.6665 0.2010 0.7178
vn 0.6666 0.2010 0.7178
vn 0.8286 0.0781 0.5543
vn 0.7072 -0.0001 0.7071
vn 0.8660 -0.0001 0.5001
vn 0.8287 0.0780 0.5543
vn 0.9624 0.2481 0.1108
vn 0.3887 0.9175 0.0845
vn 0.3887 0.9175 0.0844
vn 0.3886 0.9175 0.0845
vn 0.1540 0.9705 0.1857
vn 0.1539 0.9705 0.1856
vn 0.1539 0.9705 0.1857
vn 0.1539 0.9705 0.1858
vn 0.2202 0.8904 0.3985
vn 0.2201 0.8904 0.3985
vn 0.2202 0.8903 0.3986
vn 0.2544 0.7625 0.5949
vn 0.2544 0.7624 0.5950
vn 0.2544 0.5950 0.7624
vn 0.2545 0.5949 0.7625
vn 0.2202 0.3986 0.8903
vn 0.2201 0.3985 0.8903
vn 0.2202 0.3985 0.8904
vn 0.0001 0.2589 0.9659
vn 0.1539 0.1858 0.9705
vn 0.2203 0.3985 0.8903
vn 0.1540 0.1858 0.9704
vn 0.3886 0.0846 0.9175
vn 0.4590 0.3105 0.8324
vn 0.4590 0.3104 0.8325
vn 0.2545 0.5949 0.7624
vn 0.4953 0.5189 0.6967
vn 0.7026 0.5834 0.4075
vn 0.7026 0.4075 0.5834
vn 0.8618 0.2684 0.4304
vn 0.8618 0.4305 0.2683
vn 0.8619 0.2683 0.4304
vn 0.2546 0.7624 0.5950
vn 0.2546 0.5950 0.7624
vn 0.4954 0.5190 0.6966
vn 0.4954 0.5189 0.6967
vn 0.4953 0.6967 0.5189
vn 0.6666 0.7177 0.2012
vn 0.7026 0.5834 0.4074
vn 0.6666 0.7177 0.2011
vn 0.8618 0.4305 0.2682
vn 0.2203 0.8903 0.3986
vn 0.2545 0.7625 0.5949
vn 0.4953 0.6967 0.5188
vn 0.4590 0.8324 0.3105
vn 0.1540 0.9704 0.1858
vn 0.2203 0.8903 0.3985
vn 0.4590 0.8325 0.3104
vn 0.3886 0.9175 0.0846
vn 0.1539 -0.9705 -0.1856
vn 0.1538 -0.9705 -0.1857
vn 0.1539 -0.9705 -0.1858
vn 0.0001 -0.9659 -0.2588
vn 0.2202 -0.8904 -0.3985
vn 0.2201 -0.8903 -0.3986
vn 0.0001 -0.8661 -0.4999
vn 0.2202 -0.8903 -0.3986
vn 0.0001 -0.8660 -0.5000
vn 0.2544 -0.7625 -0.5949
vn 0.0001 -0.7072 -0.7070
vn 0.2544 -0.7624 -0.5950
vn 0.0001 -0.7071 -0.7071
vn 0.2544 -0.5950 -0.7624
vn 0.0001 -0.7071 -0.7072
vn 0.0001 -0.5001 -0.8660
vn 0.2544 -0.5949 -0.7625
vn 0.0001 -0.5000 -0.8660
vn 0.2202 -0.3986 -0.8903
vn 0.2201 -0.3985 -0.8904
vn 0.0001 -0.4999 -0.8661
vn 0.2202 -0.3985 -0.8903
vn 0.0001 -0.2589 -0.9659
vn 0.1539 -0.1859 -0.9705
vn 0.1538 -0.1857 -0.9705
vn -0.0000 -0.2588 -0.9659
vn 0.1539 -0.1857 -0.9705
vn 0.0001 -0.0000 -1.0000
vn 0.2587 -0.0000 -0.9659
vn 0.1540 -0.1857 -0.9705
vn 0.2588 -0.0001 -0.9659
vn 0.3886 -0.0845 -0.9175
vn 0.3886 -0.0844 -0.9175
vn 0.2589 -0.0000 -0.9659
vn 0.4999 -0.0000 -0.8661
vn 0.3887 -0.0846 -0.9175
vn 0.5000 -0.0001 -0.8660
vn 0.4591 -0.3103 -0.8324
vn 0.5000 -0.0000 -0.8660
vn 0.6665 -0.2011 -0.7179
vn 0.4591 -0.3104 -0.8324
vn 0.6665 -0.2012 -0.7178
vn 0.4954 -0.5188 -0.6967
vn 0.7025 -0.4075 -0.5835
vn 0.4955 -0.5189 -0.6966
vn 0.7025 -0.4076 -0.5834
vn 0.4954 -0.6966 -0.5189
vn 0.4955 -0.6966 -0.5189
vn 0.7025 -0.4075 -0.5834
vn 0.7025 -0.5834 -0.4075
vn 0.4955 -0.6967 -0.5188
vn 0.7025 -0.5835 -0.4074
vn 0.4591 -0.8324 -0.3104
vn 0.6665 -0.7178 -0.2012
vn 0.4591 -0.8324 -0.3103
vn 0.6665 -0.7178 -0.2011
vn 0.5001 -0.8660 -0.0001
vn 0.7071 -0.7071 -0.0001
vn 0.6666 -0.7178 -0.2011
vn 0.8286 -0.5543 -0.0781
vn 0.7072 -0.7071 -0.0000
vn 0.8286 -0.5543 -0.0780
vn 0.8287 -0.5541 -0.0781
vn 0.8619 -0.4304 -0.2682
vn 0.8661 -0.4999 -0.0001
vn 0.9624 -0.2482 -0.1108
vn 0.9624 -0.2481 -0.1109
vn 0.8619 -0.4304 -0.2683
vn 0.9624 -0.1109 -0.2481
vn 0.9624 -0.2480 -0.1108
vn 0.9624 -0.1108 -0.2480
vn 1.0000 -0.0000 -0.0001
vn 1.0000 -0.0001 -0.0001
vn 0.9624 -0.1109 -0.2480
vn 0.9659 -0.0001 -0.2588
vn 0.9659 -0.0001 -0.2589
vn 0.9624 -0.1108 -0.2482
vn 0.8661 -0.0001 -0.4999
vn 0.8661 -0.0000 -0.5000
vn 0.9623 -0.1108 -0.2482
vn 0.8619 -0.2682 -0.4304
vn 0.8661 -0.0000 -0.4999
vn 0.8287 -0.0781 -0.5542
vn 0.8287 -0.0782 -0.5543
vn 0.8618 -0.2683 -0.4305
vn 0.7026 -0.4074 -0.5834
vn 0.8286 -0.0782 -0.5543
vn 0.6666 -0.2011 -0.7178
vn 0.5001 -0.0001 -0.8660
vn 0.7071 -0.0001 -0.7071
vn 0.6665 -0.2011 -0.7178
vn 0.6666 -0.2010 -0.7178
vn 0.8286 -0.0781 -0.5544
vn 0.7072 0.0001 -0.7070
vn 0.8660 0.0001 -0.5001
vn 0.8286 -0.0780 -0.5543
vn 0.9624 -0.2481 -0.1108
vn 0.9659 -0.2589 -0.0001
vn 0.5000 -0.8660 -0.0001
vn 0.3887 -0.9175 -0.0846
vn 0.3886 -0.9175 -0.0845
vn 0.3886 -0.9175 -0.0846
vn 0.2588 -0.9659 -0.0001
vn 0.1540 -0.9705 -0.1857
vn 0.4590 -0.8325 -0.3104
vn 0.1540 -0.9705 -0.1858
vn 0.4953 -0.6967 -0.5189
vn 0.4590 -0.8324 -0.3105
vn 0.2203 -0.8903 -0.3986
vn 0.2203 -0.8903 -0.3985
vn 0.8618 -0.4305 -0.2683
vn 0.8286 -0.5543 -0.0782
vn 0.6666 -0.7177 -0.2011
vn 0.7026 -0.5834 -0.4074
vn 0.4953 -0.5190 -0.6966
vn 0.2545 -0.7624 -0.5950
vn 0.2546 -0.7625 -0.5949
vn 0.4954 -0.6967 -0.5189
vn 0.7026 -0.4075 -0.5833
vn 0.8618 -0.2684 -0.4304
vn 0.7026 -0.5834 -0.4075
vn 0.8618 -0.2684 -0.4305
vn 0.8618 -0.4305 -0.2684
vn 0.8619 -0.2683 -0.4303
vn 0.8619 -0.4303 -0.2683
vn 0.4590 -0.3105 -0.8324
vn 0.4953 -0.5188 -0.6967
vn 0.2545 -0.5949 -0.7625
vn 0.2546 -0.5950 -0.7624
vn 0.4954 -0.5190 -0.6966
vn 0.3886 -0.0846 -0.9175
vn 0.4590 -0.3104 -0.8325
vn 0.2203 -0.3985 -0.8903
vn 0.2546 -0.5949 -0.7625
vn 0.1540 -0.1858 -0.9704
vn 0.2203 -0.3984 -0.8903
vn -0.9624 0.2480 -0.1108
vn -0.9624 0.1108 -0.2480
vn -1.0000 0.0001 -0.0001
vn -0.9624 0.1109 -0.2480
vn -0.9659 0.0001 -0.2588
vn -0.9624 0.1108 -0.2482
vn -0.8661 -0.0000 -0.5000
vn -0.8661 0.0001 -0.4999
vn -0.8618 0.2682 -0.4304
vn -0.8661 0.0001 -0.5000
vn -0.8618 0.2683 -0.4304
vn -0.8287 0.0782 -0.5542
vn -0.8286 0.0782 -0.5543
vn -0.8618 0.2683 -0.4305
vn -0.7026 0.4074 -0.5835
vn -0.7026 0.4074 -0.5834
vn -0.6666 0.2011 -0.7177
vn -0.6665 0.2012 -0.7178
vn -0.7025 0.4074 -0.5835
vn -0.4955 0.5188 -0.6967
vn -0.4954 0.5188 -0.6967
vn -0.4591 0.3104 -0.8324
vn -0.4590 0.3105 -0.8324
vn -0.4953 0.5188 -0.6967
vn -0.2545 0.5949 -0.7625
vn -0.2203 0.3985 -0.8903
vn -0.2202 0.3986 -0.8903
vn -0.2544 0.5949 -0.7625
vn -0.0001 0.5000 -0.8660
vn -0.2202 0.3985 -0.8903
vn -0.9659 0.2588 -0.0001
vn -0.8661 0.4999 -0.0001
vn -0.9624 0.2481 -0.1108
vn -0.9624 0.2482 -0.1108
vn -0.8661 0.5000 -0.0000
vn -0.8619 0.4304 -0.2682
vn -0.9624 0.2481 -0.1109
vn -0.8619 0.4303 -0.2683
vn -0.9624 0.1109 -0.2481
vn -0.8619 0.4304 -0.2683
vn -0.8619 0.2682 -0.4304
vn -0.8287 0.5542 -0.0782
vn -0.8286 0.5543 -0.0780
vn -0.8286 0.5543 -0.0782
vn -0.7071 0.7071 -0.0001
vn -0.6666 0.7178 -0.2011
vn -0.6665 0.7179 -0.2010
vn -0.5001 0.8660 -0.0001
vn -0.6665 0.7179 -0.2011
vn -0.5000 0.8660 -0.0001
vn -0.4591 0.8324 -0.3103
vn -0.3887 0.9175 -0.0846
vn -0.4590 0.8325 -0.3104
vn -0.3886 0.9175 -0.0846
vn -0.1540 0.9704 -0.1858
vn -0.1540 0.9705 -0.1857
vn -0.2588 0.9659 -0.0001
vn -0.1539 0.9705 -0.1857
vn -0.3887 0.9175 -0.0844
vn -0.0000 0.9659 -0.2588
vn -0.1539 0.9705 -0.1859
vn -0.0001 0.9659 -0.2589
vn -0.2202 0.8903 -0.3985
vn -0.2203 0.8903 -0.3985
vn -0.4590 0.8324 -0.3105
vn -0.2203 0.8903 -0.3986
vn -0.4953 0.6967 -0.5189
vn -0.4591 0.8324 -0.3105
vn -0.4955 0.6967 -0.5188
vn -0.7025 0.5835 -0.4075
vn -0.7025 0.5834 -0.4075
vn -0.4955 0.6966 -0.5189
vn -0.7025 0.4076 -0.5834
vn -0.7026 0.5833 -0.4075
vn -0.7026 0.4074 -0.5833
vn -0.2201 0.8904 -0.3985
vn -0.2202 0.8903 -0.3986
vn -0.0001 0.8660 -0.5000
vn -0.2544 0.7625 -0.5949
vn -0.2545 0.7624 -0.5949
vn -0.4953 0.6967 -0.5188
vn -0.2546 0.7624 -0.5949
vn -0.4954 0.5190 -0.6966
vn -0.4954 0.6966 -0.5190
vn -0.4954 0.5189 -0.6966
vn -0.7025 0.4075 -0.5835
vn -0.2544 0.7624 -0.5950
vn -0.0001 0.7071 -0.7071
vn -0.2544 0.5950 -0.7624
vn -0.2546 0.7624 -0.5950
vn -0.2546 0.5950 -0.7624
vn -0.2202 0.3985 -0.8904
vn -0.0001 0.2588 -0.9659
vn -0.1539 0.1858 -0.9705
vn -0.1538 0.1857 -0.9705
vn -0.0000 0.2587 -0.9660
vn -0.1539 0.1857 -0.9705
vn -0.2587 -0.0000 -0.9660
vn -0.1540 0.1857 -0.9705
vn -0.2588 0.0001 -0.9659
vn -0.3886 0.0845 -0.9175
vn -0.3886 0.0844 -0.9175
vn -0.2589 -0.0001 -0.9659
vn -0.4999 -0.0001 -0.8661
vn -0.3887 0.0846 -0.9175
vn -0.5000 0.0001 -0.8660
vn -0.4591 0.3103 -0.8324
vn -0.6665 0.2011 -0.7179
vn -0.6665 0.2010 -0.7179
vn -0.6666 0.2011 -0.7178
vn -0.7071 0.0001 -0.7071
vn -0.8286 0.0781 -0.5543
vn -0.7072 -0.0000 -0.7071
vn -0.8287 0.0781 -0.5543
vn -0.7026 0.5834 -0.4075
vn -0.8618 0.2684 -0.4304
vn -0.8618 0.4304 -0.2683
vn -0.8618 0.4305 -0.2683
vn -0.6666 0.7177 -0.2012
vn -0.7026 0.5834 -0.4074
vn -0.6666 0.7178 -0.2012
vn -0.3886 0.0846 -0.9175
vn -0.4590 0.3104 -0.8325
vn -0.1540 0.1858 -0.9705
vn 0.1539 0.9705 -0.1857
vn 0.1539 0.9705 -0.1856
vn 0.1540 0.9705 -0.1857
vn 0.2588 0.9659 -0.0001
vn 0.3886 0.9175 -0.0845
vn 0.3887 0.9175 -0.0844
vn 0.3887 0.9175 -0.0845
vn 0.5000 0.8660 -0.0001
vn 0.4591 0.8325 -0.3103
vn 0.4591 0.8324 -0.3103
vn 0.6665 0.7179 -0.2011
vn 0.4591 0.8324 -0.3104
vn 0.6665 0.7178 -0.2012
vn 0.4954 0.6967 -0.5188
vn 0.4955 0.6967 -0.5188
vn 0.7025 0.5835 -0.4074
vn 0.4955 0.6966 -0.5189
vn 0.7025 0.5834 -0.4075
vn 0.4954 0.5189 -0.6966
vn 0.4955 0.5189 -0.6966
vn 0.7025 0.5834 -0.4076
vn 0.7025 0.4076 -0.5834
vn 0.4955 0.5188 -0.6967
vn 0.7025 0.4074 -0.5835
vn 0.4591 0.3104 -0.8324
vn 0.4591 0.3105 -0.8324
vn 0.6665 0.2012 -0.7178
vn 0.4591 0.3103 -0.8324
vn 0.6665 0.2011 -0.7179
vn 0.5000 0.0001 -0.8660
vn 0.5001 -0.0000 -0.8660
vn 0.7071 0.0001 -0.7072
vn 0.7071 0.0001 -0.7071
vn 0.6666 0.2010 -0.7178
vn 0.8286 0.0781 -0.5543
vn 0.7072 -0.0001 -0.7070
vn 0.8287 0.0780 -0.5543
vn 0.8660 -0.0001 -0.5001
vn 0.8287 0.0781 -0.5541
vn 0.8619 0.2682 -0.4304
vn 0.8661 0.0001 -0.4999
vn 0.9624 0.1108 -0.2482
vn 0.9624 0.1110 -0.2481
vn 0.8618 0.2683 -0.4304
vn 0.9623 0.2482 -0.1109
vn 0.9624 0.1108 -0.2480
vn 0.9624 0.2480 -0.1108
vn 1.0000 0.0001 -0.0001
vn 0.9624 0.2481 -0.1108
vn 0.9659 0.2588 -0.0001
vn 0.9659 0.2589 -0.0001
vn 0.9624 0.2482 -0.1108
vn 0.8619 0.4304 -0.2682
vn 0.8288 0.5541 -0.0781
vn 0.8286 0.5543 -0.0782
vn 0.8618 0.4305 -0.2683
vn 0.7026 0.5834 -0.4074
vn 0.8287 0.5543 -0.0782
vn 0.6666 0.7177 -0.2011
vn 0.7071 0.7072 -0.0001
vn 0.6665 0.7178 -0.2011
vn 0.6666 0.7178 -0.2011
vn 0.7071 0.7071 -0.0001
vn 0.8660 0.5001 0.0001
vn 0.8286 0.5543 -0.0780
vn 0.9659 0.0001 -0.2588
vn 0.9624 0.1109 -0.2480
vn 0.9623 0.1108 -0.2482
vn 0.9659 0.0001 -0.2589
vn 0.3887 0.0846 -0.9175
vn 0.3886 0.0844 -0.9175
vn 0.3886 0.0845 -0.9175
vn 0.2588 0.0001 -0.9659
vn 0.1540 0.1857 -0.9705
vn 0.1539 0.1857 -0.9705
vn 0.2587 -0.0000 -0.9660
vn 0.1538 0.1857 -0.9705
vn -0.0000 0.2588 -0.9659
vn 0.1539 0.1858 -0.9705
vn 0.0001 0.2589 -0.9659
vn 0.2202 0.3985 -0.8903
vn 0.2202 0.3986 -0.8903
vn 0.0001 0.5000 -0.8660
vn 0.2544 0.5949 -0.7625
vn 0.2544 0.5950 -0.7624
vn 0.0001 0.7071 -0.7072
vn 0.0001 0.7071 -0.7071
vn 0.2544 0.7624 -0.5950
vn 0.2544 0.7624 -0.5949
vn 0.2544 0.7625 -0.5949
vn 0.0001 0.8660 -0.5000
vn 0.2202 0.8903 -0.3986
vn 0.2201 0.8904 -0.3985
vn 0.0001 0.9659 -0.2589
vn 0.2202 0.8904 -0.3985
vn 0.0001 0.9659 -0.2588
vn 0.1539 0.9705 -0.1858
vn 0.2203 0.8903 -0.3985
vn 0.1540 0.9705 -0.1858
vn 0.3886 0.9175 -0.0846
vn 0.2545 0.7624 -0.5949
vn 0.2203 0.8903 -0.3986
vn 0.4590 0.8324 -0.3105
vn 0.4590 0.8325 -0.3104
vn 0.2203 0.8903 -0.3984
vn 0.2546 0.7624 -0.5949
vn 0.4953 0.6967 -0.5189
vn 0.7026 0.4075 -0.5833
vn 0.7026 0.5834 -0.4075
vn 0.8618 0.2684 -0.4304
vn 0.8619 0.4303 -0.2683
vn 0.9624 0.2481 -0.1109
vn 0.2545 0.5950 -0.7624
vn 0.2545 0.7624 -0.5950
vn 0.4953 0.6966 -0.5190
vn 0.4953 0.5190 -0.6966
vn 0.6666 0.2011 -0.7178
vn 0.7026 0.4074 -0.5835
vn 0.8618 0.2682 -0.4305
vn 0.8286 0.0783 -0.5543
vn 0.6666 0.2012 -0.7177
vn 0.8618 0.2683 -0.4305
vn 0.2203 0.3986 -0.8903
vn 0.2546 0.5949 -0.7625
vn 0.4953 0.5188 -0.6967
vn 0.2203 0.3985 -0.8903
vn 0.4590 0.3105 -0.8324
vn 0.1540 0.1858 -0.9705
vn 0.4590 0.3104 -0.8325
vn 0.3886 0.0846 -0.9175
vn 0.1540 0.1858 -0.9704
vn 0.7070 -0.0000 -0.7072
vn 0.7071 -0.0000 -0.7072
vn 0.7072 -0.0000 -0.7071
vn 0.8660 -0.0000 -0.5001
vn 0.7072 -0.0000 -0.7070
vn 0.9659 -0.0000 -0.2589
vn 0.9659 -0.0000 -0.2587
vn -0.0000 -0.0000 -1.0000
vn 0.7070 0.0001 -0.7072
vn 0.9660 -0.0000 -0.2587
vn 0.2588 -0.0000 -0.9659
vn -0.0000 0.7070 -0.7072
vn -0.0000 0.9660 -0.2586
vn -0.0000 0.9659 -0.2590
vn -0.0000 1.0000 -0.0003
vn -0.0000 0.8661 -0.5000
vn -0.0000 1.0000 -0.0002
vn -0.0001 0.4999 -0.8661
vn -0.0000 0.9660 -0.2587
vn -0.0000 0.9660 -0.2585
vn -0.0000 1.0000 0.0002
vn 0.8660 0.5000 -0.0000
vn -0.0001 0.0001 -1.0000
vn -0.2589 -0.0000 -0.9659
vn -0.4999 -0.0000 -0.8661
vn -0.7070 -0.0000 -0.7072
vn -0.7072 -0.0000 -0.7070
vn -0.8661 -0.0000 -0.4999
vn -0.9659 -0.0001 -0.2589
vn -0.9659 -0.0000 -0.2588
vn -1.0000 -0.0000 -0.0001
vn -0.9660 -0.0000 -0.2587
vn -0.9659 0.2588 -0.0000
vn -0.0000 -0.8661 -0.5000
vn -0.0000 -0.9659 -0.2587
vn -0.0000 -0.9659 -0.2590
vn -0.0000 -1.0000 -0.0003
vn -0.0000 -1.0000 -0.0002
vn 0.0001 -0.7070 -0.7072
vn -0.0000 -0.7071 -0.7072
vn 0.0001 -0.9659 -0.2589
vn -0.0000 -0.9660 -0.2585
vn -0.0000 -1.0000 0.0002
vn 0.0001 -0.8660 -0.5001
vn -0.0000 -1.0000 -0.0004
vn -0.0000 0.9660 0.2587
vn -0.0000 0.9659 0.2590
vn -0.0000 1.0000 0.0003
vn -0.0000 0.8661 0.5000
vn -0.0000 0.9660 0.2585
vn -0.0000 0.9660 0.2586
vn -0.0000 0.9661 0.2583
vn 0.2588 -0.0000 0.9659
vn 0.4999 -0.0001 0.8661
vn 0.9660 -0.0000 0.2587
vn -0.5000 -0.8661 -0.0000
vn -0.7071 -0.7072 -0.0000
vn -0.9659 -0.2588 -0.0000
vn -0.9659 -0.0000 0.2588
vn -0.4999 0.0001 0.8661
vn -0.2589 -0.0001 0.9659
vn -0.9660 -0.0000 0.2587
vn -0.0000 -0.8661 0.5000
vn -0.0001 -0.8660 0.5001
vn -0.0000 -0.9660 0.2585
vn -0.0000 -0.9660 0.2586
vn -0.0000 -1.0000 0.0003
vn -0.0000 -0.9659 0.2590
vt 3.700000 -0.130900
vt 4.000000 -0.130900
vt 3.700000 -0.104720
vt 4.000000 -0.104720
vt 3.700000 -0.078540
vt 4.000000 -0.078540
vt 3.700000 -0.052360
vt 4.000000 -0.052360
vt 3.700000 -0.026180
vt 4.000000 -0.026180
vt 3.700000 0.000000
vt 4.000000 0.000000
vt 3.700000 0.026180
vt 4.000000 0.026180
vt 3.700000 0.052360
vt 4.000000 0.052360
vt 3.700000 0.078540
vt 4.000000 0.078540
vt 3.700000 0.104720
vt 4.000000 0.104720
vt 3.700000 0.130900
vt 4.000000 0.130900
vt 3.700000 0.157080
vt 4.000000 0.157080
vt 3.700000 0.183260
vt 4.000000 0.183260
vt 3.700000 0.209440
vt 4.000000 0.209440
vt 3.700000 0.235619
vt 4.000000 0.235619
vt 3.700000 0.261799
vt 4.000000 0.261799
vt 3.700000 0.287979
vt 4.000000 0.287979
vt 3.700000 0.314159
vt 4.000000 0.314159
vt 3.700000 -0.314159
vt 4.000000 -0.314159
vt 3.700000 -0.287979
vt 4.000000 -0.287979
vt 3.700000 -0.261799
vt 4.000000 -0.261799
vt 3.700000 -0.235619
vt 4.000000 -0.235619
vt 3.700000 -0.209440
vt 4.000000 -0.209440
vt 3.700000 -0.183260
vt 4.000000 -0.183260
vt 3.700000 -0.157080
vt 4.000000 -0.157080
vt 0.300000 0.130900
vt 0.000000 0.130900
vt 0.300000 0.104720
vt 0.000000 0.104720
vt 0.300000 0.078540
vt 0.000000 0.078540
vt 0.300000 0.052360
vt 0.000000 0.052360
vt 0.300000 0.026180
vt 0.000000 0.026180
vt 0.300000 0.000000
vt 0.000000 0.000000
vt 0.300000 -0.026180
vt 0.000000 -0.026180
vt 0.300000 -0.052360
vt 0.000000 -0.052360
vt 0.300000 -0.078540
vt 0.000000 -0.078540
vt 0.300000 -0.104720
vt 0.000000 -0.104720
vt 0.300000 -0.130900
vt 0.000000 -0.130900
vt 0.300000 -0.157080
vt 0.000000 -0.157080
vt 0.300000 -0.183260
vt 0.000000 -0.183260
vt 0.300000 -0.209440
vt 0.000000 -0.209440
vt 0.300000 -0.235619
vt 0.000000 -0.235619
vt 0.300000 -0.261799
vt 0.000000 -0.261799
vt 0.300000 -0.287979
vt 0.000000 -0.287979
vt 0.300000 -0.314159
vt 0.000000 -0.314159
vt 0.300000 0.314159
vt 0.000000 0.314159
vt 0.300000 0.287979
vt -0.000000 0.287979
vt 0.300000 0.261799
vt -0.000000 0.261799
vt 0.300000 0.235619
vt 0.000000 0.235619
vt 0.300000 0.209440
vt -0.000000 0.209440
vt 0.300000 0.183260
vt -0.000000 0.183260
vt 0.300000 0.157080
vt 0.000000 0.157080
vt 0.300000 0.209439
vt -0.000000 0.209439
vt 2.900000 0.500000
vt 0.375882 0.703407
vt -0.000000 0.500000
vt 0.350000 0.700000
vt 0.324118 0.703407
vt 2.900000 2.400000
vt 2.636603 0.850000
vt 2.646593 0.825882
vt 2.650000 0.800000
vt 0.000000 2.400000
vt 2.500000 0.886603
vt 2.524118 0.896593
vt 2.550000 0.900000
vt 0.263397 0.850000
vt 0.279289 0.870711
vt 0.300000 0.886603
vt 0.420711 0.870711
vt 2.479289 0.870711
vt 0.400000 0.886603
vt 2.463397 0.850000
vt 0.436603 0.850000
vt 2.453407 0.825882
vt 0.446593 0.825882
vt 2.450000 0.800000
vt 0.450000 0.800000
vt 2.453407 0.774118
vt 0.446593 0.774118
vt 2.463397 0.750000
vt 0.436603 0.750000
vt 2.479289 0.729289
vt 0.420711 0.729289
vt 2.500000 0.713397
vt 0.400000 0.713397
vt 2.524118 0.703407
vt 0.300000 0.713397
vt 0.279289 0.729289
vt 0.263397 0.750000
vt 0.253407 0.774118
vt 0.250000 0.800000
vt 0.253407 0.825882
vt 0.324118 0.896593
vt 0.350000 0.900000
vt 0.375882 0.896593
vt 2.575882 0.896593
vt 2.600000 0.886603
vt 2.620711 0.870711
vt 2.646593 0.774118
vt 2.636603 0.750000
vt 2.620711 0.729289
vt 2.600000 0.713397
vt 2.575882 0.703407
vt 2.550000 0.700000
vt 0.675882 0.703407
vt 0.200000 0.200000
vt 0.700000 0.713397
vt 2.800000 0.713397
vt 2.779289 0.729289
vt 0.650000 0.700000
vt 0.624118 0.703407
vt 0.600000 0.713397
vt 0.579289 0.729289
vt 0.563397 0.750000
vt 0.553407 0.774118
vt 0.550000 0.800000
vt 0.553407 0.825882
vt 0.200000 2.200000
vt 0.563397 0.850000
vt 0.579289 0.870711
vt 0.600000 0.886603
vt 0.624118 0.896593
vt 0.650000 0.900000
vt 0.675882 0.896593
vt 0.700000 0.886603
vt 3.300000 2.200000
vt 2.800000 0.886603
vt 2.824118 0.896593
vt 0.720711 0.870711
vt 2.779289 0.870711
vt 0.736603 0.850000
vt 2.763398 0.850000
vt 0.746593 0.825882
vt 2.753407 0.825882
vt 0.750000 0.800000
vt 2.750000 0.800000
vt 0.746593 0.774118
vt 2.753407 0.774118
vt 0.736603 0.750000
vt 2.763398 0.750000
vt 0.720711 0.729289
vt 2.850000 0.900000
vt 2.875882 0.896593
vt 2.900000 0.886603
vt 2.920711 0.870711
vt 2.936603 0.850000
vt 2.946593 0.825882
vt 3.300000 0.200000
vt 2.950000 0.800000
vt 2.946593 0.774118
vt 2.936603 0.750000
vt 2.920711 0.729289
vt 2.900000 0.713397
vt 2.875882 0.703407
vt 2.850000 0.700000
vt 2.824118 0.703407
vt 2.900000 2.389497
vt 0.000000 2.389497
vt 3.300000 1.300980
vt 0.200000 1.300980
vt 2.763397 0.750000
vt 2.763397 0.850000
vt -1.700000 -1.450000
vt 1.700000 -1.450000
vt -1.700000 1.450000
vt 1.700000 1.450000
vt 0.063961 2.400000
vt 3.400000 0.500000
vt 3.400000 2.400000
vt 0.042302 2.398824
vt 0.020898 2.395309
vt 0.155775 -0.045494
vt 0.199371 0.000000
vt 0.147011 0.000000
vt 0.155775 0.045494
vt 0.094651 0.050755
vt 0.108743 0.074200
vt 0.060289 0.095560
vt 0.011257 0.113860
vt 0.042291 0.100819
vt 0.042291 0.050667
vt 0.094651 0.000000
vt 0.094651 -0.050755
vt 0.108743 -0.074200
vt 0.060289 -0.095560
vt 0.042291 -0.050667
vt 0.042291 -0.100819
vt -0.010069 -0.100819
vt 0.011257 -0.113860
vt -0.037872 -0.131651
vt -0.062429 -0.100819
vt -0.086663 -0.151229
vt -0.101739 -0.103757
vt -0.062429 -0.050492
vt -0.111434 -0.052921
vt -0.114788 0.000000
vt -0.062429 0.000000
vt -0.062429 0.050492
vt -0.010069 0.000000
vt -0.010069 0.050580
vt 0.042291 0.000000
vt -0.010069 0.100819
vt -0.037872 0.131651
vt -0.062429 0.100819
vt -0.086663 0.151229
vt -0.101739 0.103757
vt -0.111434 0.052921
vt -0.010069 -0.050580
vt -0.036810 0.151401
vt -0.084107 0.174663
vt -0.070736 0.124759
vt -0.104720 0.121323
vt -0.070736 0.074856
vt -0.118317 0.062506
vt -0.070736 0.024952
vt -0.123096 0.000000
vt -0.070736 -0.024952
vt -0.118317 -0.062506
vt -0.070736 -0.074856
vt -0.104720 -0.121323
vt -0.070736 -0.124759
vt -0.084107 -0.174663
vt -0.036810 -0.151401
vt -0.018376 -0.124759
vt 0.010944 -0.130142
vt -0.018376 -0.074856
vt 0.033984 -0.074856
vt -0.018376 -0.024952
vt 0.033984 -0.024952
vt -0.018376 0.024952
vt 0.033984 0.024952
vt -0.018376 0.074856
vt 0.033984 0.074856
vt 0.010944 0.130142
vt 0.058569 0.108311
vt 0.086344 0.074856
vt 0.105409 0.083072
vt 0.086344 0.024952
vt 0.138703 0.024952
vt 0.138703 -0.024952
vt 0.191063 0.000000
vt 0.150376 -0.049923
vt 0.105409 -0.083072
vt 0.086344 -0.024952
vt 0.086344 -0.074856
vt 0.058569 -0.108311
vt 0.150376 0.049923
vt -0.018376 0.124759
vt 0.101739 0.103757
vt 0.086663 0.151229
vt 0.062429 0.100819
vt 0.037872 0.131651
vt 0.010069 0.100819
vt -0.011257 0.113860
vt -0.042291 0.100819
vt -0.060289 0.095560
vt -0.042291 0.050667
vt -0.094651 0.050755
vt -0.094651 -0.000000
vt -0.147011 -0.000000
vt -0.094651 -0.050755
vt -0.155775 -0.045494
vt -0.108743 -0.074200
vt -0.108743 0.074200
vt -0.155775 0.045494
vt -0.199371 -0.000000
vt -0.060289 -0.095560
vt -0.042291 -0.050667
vt -0.042291 0.000000
vt 0.010069 0.050580
vt -0.042291 -0.100819
vt -0.011257 -0.113860
vt 0.010069 -0.100819
vt 0.037872 -0.131651
vt 0.062429 -0.100819
vt 0.086663 -0.151229
vt 0.101739 -0.103757
vt 0.062429 -0.050492
vt 0.111434 -0.052921
vt 0.114788 0.000000
vt 0.062429 0.000000
vt 0.111434 0.052921
vt 0.062429 0.050492
vt 0.010069 0.000000
vt 0.010069 -0.050580
vt -0.680678 0.000000
vt -0.628319 0.000000
vt -0.680678 0.067696
vt -0.628319 0.067696
vt -0.680678 0.135391
vt -0.628319 0.135391
vt -0.680678 0.203087
vt -0.628319 0.203087
vt -0.680678 0.270783
vt -0.628319 0.270783
vt -0.680678 0.338479
vt -0.628319 0.338479
vt -0.680678 0.406174
vt -0.628319 0.406174
vt -0.733038 0.406174
vt -0.733038 0.338479
vt -0.733038 0.270783
vt -0.733038 0.203087
vt -0.733038 0.135391
vt -0.733038 0.067696
vt -0.733038 0.000000
vt -0.785398 0.067696
vt -0.785398 0.000000
vt -0.837758 0.067696
vt -0.837758 0.000000
vt -0.890118 0.067696
vt -0.890118 0.000000
vt -0.942478 0.067696
vt -0.942478 0.000000
vt -0.785398 0.406174
vt -0.785398 0.338479
vt -0.785398 0.270783
vt -0.785398 0.203087
vt -0.785398 0.135391
vt -0.837758 0.406174
vt -0.837758 0.338479
vt -0.837758 0.270783
vt -0.837758 0.203087
vt -0.837758 0.135391
vt -0.890118 0.406174
vt -0.890118 0.338479
vt -0.890118 0.270783
vt -0.890118 0.203087
vt -0.890118 0.135391
vt -0.942478 0.406174
vt -0.942478 0.338479
vt -0.942478 0.270783
vt -0.942478 0.203087
vt -0.942478 0.135391
vt 0.036810 -0.151401
vt 0.084107 -0.174663
vt 0.070736 -0.124759
vt 0.104720 -0.121323
vt 0.070736 -0.074856
vt 0.118317 -0.062506
vt 0.070736 -0.024952
vt 0.123096 0.000000
vt 0.070736 0.024952
vt 0.118317 0.062506
vt 0.070736 0.074856
vt 0.104720 0.121323
vt 0.070736 0.124759
vt 0.084107 0.174663
vt 0.036810 0.151401
vt 0.018376 0.124759
vt -0.010944 0.130142
vt 0.018376 0.074856
vt -0.033984 0.074856
vt 0.018376 0.024952
vt -0.033984 0.024952
vt 0.018376 -0.024952
vt -0.033984 -0.024952
vt 0.018376 -0.074856
vt -0.033984 -0.074856
vt -0.010944 -0.130142
vt -0.058569 -0.108311
vt -0.086344 -0.074856
vt -0.105409 -0.083072
vt -0.086344 -0.024952
vt -0.138703 -0.024952
vt -0.138703 0.024952
vt -0.191063 0.000000
vt -0.150376 0.049923
vt -0.105409 0.083072
vt -0.086344 0.024952
vt -0.086344 0.074856
vt -0.058569 0.108311
vt -0.150376 -0.049923
vt 0.018376 -0.124759
vt -2.800000 0.104720
vt -1.654654 0.104720
vt -2.800000 0.157080
vt -0.509307 0.104720
vt 0.636039 0.157080
vt 0.636039 0.104720
vt 0.636039 0.052360
vt -0.509307 0.052360
vt 0.636039 0.000000
vt -0.509307 -0.000000
vt 0.636039 -0.052360
vt -0.509307 -0.052360
vt 0.636039 -0.104720
vt -0.509307 -0.104720
vt 0.636039 -0.157080
vt -1.654654 -0.104720
vt -2.800000 -0.157080
vt -2.800000 -0.104720
vt -2.800000 -0.052360
vt -1.654654 -0.052360
vt -2.800000 -0.000000
vt -1.654654 -0.000000
vt -2.800000 0.052360
vt -1.654654 0.052360
vt -0.680678 0.473870
vt -0.628319 0.473870
vt -0.680678 0.541566
vt -0.628319 0.541566
vt -0.680678 0.609262
vt -0.628319 0.609262
vt -0.680678 0.676957
vt -0.628319 0.676957
vt -0.680678 0.744653
vt -0.628319 0.744653
vt -0.680678 0.812349
vt -0.628319 0.812349
vt -0.733038 0.812349
vt -0.733038 0.744653
vt -0.733038 0.676957
vt -0.733038 0.609262
vt -0.733038 0.541566
vt -0.733038 0.473870
vt -0.785398 0.473870
vt -0.837758 0.473870
vt -0.890118 0.473870
vt -0.942478 0.473870
vt -0.785398 0.812349
vt -0.785398 0.744653
vt -0.785398 0.676957
vt -0.785398 0.609262
vt -0.785398 0.541566
vt -0.837758 0.812349
vt -0.837758 0.744653
vt -0.837758 0.676957
vt -0.837758 0.609262
vt -0.837758 0.541566
vt -0.890118 0.812349
vt -0.890118 0.744653
vt -0.890118 0.676957
vt -0.890118 0.609262
vt -0.890118 0.541566
vt -0.942478 0.812349
vt -0.942478 0.744653
vt -0.942478 0.676957
vt -0.942478 0.609262
vt -0.942478 0.541566
vt -0.680678 -0.406174
vt -0.628319 -0.406174
vt -0.680678 -0.338479
vt -0.628319 -0.338479
vt -0.680678 -0.270783
vt -0.628319 -0.270783
vt -0.680678 -0.203087
vt -0.628319 -0.203087
vt -0.680678 -0.135391
vt -0.628319 -0.135391
vt -0.680678 -0.067696
vt -0.628319 -0.067696
vt -0.733038 -0.067696
vt -0.733038 -0.135391
vt -0.733038 -0.203087
vt -0.733038 -0.270783
vt -0.733038 -0.338479
vt -0.733038 -0.406174
vt -0.785398 -0.338479
vt -0.785398 -0.406174
vt -0.837758 -0.338479
vt -0.837758 -0.406174
vt -0.890118 -0.338479
vt -0.890118 -0.406174
vt -0.942478 -0.338479
vt -0.942478 -0.406174
vt -0.785398 -0.067696
vt -0.785398 -0.135391
vt -0.785398 -0.203087
vt -0.785398 -0.270783
vt -0.837758 -0.067696
vt -0.837758 -0.135391
vt -0.837758 -0.203087
vt -0.837758 -0.270783
vt -0.890118 -0.067696
vt -0.890118 -0.135391
vt -0.890118 -0.203087
vt -0.890118 -0.270783
vt -0.942478 -0.067696
vt -0.942478 -0.135391
vt -0.942478 -0.203087
vt -0.942478 -0.270783
vt 0.675000 -0.104720
vt -0.358333 -0.104720
vt 0.675000 -0.157080
vt -1.391667 -0.104720
vt -2.425000 -0.157080
vt -2.425000 -0.104720
vt -2.425000 -0.052360
vt -1.391667 -0.052360
vt -2.425000 0.000000
vt -1.391667 0.000000
vt -2.425000 0.052360
vt -1.391667 0.052360
vt -2.425000 0.104720
vt -1.391667 0.104720
vt -2.425000 0.157080
vt -0.358333 0.104720
vt 0.675000 0.157080
vt 0.675000 0.104720
vt 0.675000 0.052360
vt -0.358333 0.052360
vt 0.675000 0.000000
vt -0.358333 0.000000
vt 0.675000 -0.052360
vt -0.358333 -0.052360
vt -0.366519 -0.406174
vt -0.314159 -0.406174
vt -0.366519 -0.338479
vt -0.314159 -0.338479
vt -0.366519 -0.270783
vt -0.314159 -0.270783
vt -0.366519 -0.203087
vt -0.314159 -0.203087
vt -0.366519 -0.135391
vt -0.314159 -0.135391
vt -0.366519 -0.067696
vt -0.314159 -0.067696
vt -0.366519 0.000000
vt -0.314159 0.000000
vt -0.418879 0.000000
vt -0.418879 -0.067696
vt -0.418879 -0.135391
vt -0.418879 -0.203087
vt -0.418879 -0.270783
vt -0.418879 -0.338479
vt -0.418879 -0.406174
vt -0.471239 -0.338479
vt -0.471239 -0.406174
vt -0.523599 -0.338479
vt -0.523599 -0.406174
vt -0.575959 -0.338479
vt -0.575959 -0.406174
vt -0.471239 0.000000
vt -0.471239 -0.067696
vt -0.471239 -0.135391
vt -0.471239 -0.203087
vt -0.471239 -0.270783
vt -0.523599 0.000000
vt -0.523599 -0.067696
vt -0.523599 -0.135391
vt -0.523599 -0.203087
vt -0.523599 -0.270783
vt -0.575959 0.000000
vt -0.575959 -0.067696
vt -0.575959 -0.135391
vt -0.575959 -0.203087
vt -0.575959 -0.270783
vt 2.425000 -0.104720
vt 1.391667 -0.104720
vt 2.425000 -0.157080
vt 0.358333 -0.104720
vt -0.675000 -0.157080
vt -0.675000 -0.104720
vt -0.675000 -0.052360
vt 0.358333 -0.052360
vt -0.675000 -0.000000
vt 0.358333 -0.000000
vt -0.675000 0.052360
vt 0.358333 0.052360
vt -0.675000 0.104720
vt 0.358333 0.104720
vt -0.675000 0.157080
vt 1.391667 0.104720
vt 2.425000 0.157080
vt 2.425000 0.104720
vt 2.425000 0.052360
vt 1.391667 0.052360
vt 2.425000 0.000000
vt 1.391667 -0.000000
vt 2.425000 -0.052360
vt 1.391667 -0.052360
vt -0.200000 0.157080
vt -2.200000 0.157080
vt -1.200000 0.104720
vt -2.200000 0.104720
vt -1.200000 0.052360
vt -2.200000 0.052360
vt -1.200000 0.000000
vt -2.200000 0.000000
vt -1.200000 -0.052360
vt -2.200000 -0.052360
vt -1.200000 -0.104720
vt -2.200000 -0.104720
vt -2.200000 -0.157080
vt -0.200000 -0.157080
vt -0.200000 -0.104720
vt -0.200000 -0.052360
vt -0.200000 0.000000
vt -0.200000 0.052360
vt -0.200000 0.104720
vt -0.050000 -0.104720
vt -0.950000 -0.104720
vt -0.050000 -0.157080
vt -1.850000 -0.104720
vt -3.650000 -0.157080
vt -2.750000 -0.104720
vt -3.650000 -0.104720
vt -3.650000 -0.052360
vt -2.750000 -0.052360
vt -3.650000 0.000000
vt -2.750000 0.000000
vt -3.650000 0.052360
vt -2.750000 0.052360
vt -3.650000 0.104720
vt -2.750000 0.104720
vt -3.650000 0.157080
vt -1.850000 0.104720
vt -0.050000 0.157080
vt -0.950000 0.104720
vt -0.050000 0.104720
vt -0.050000 0.052360
vt -0.950000 0.052360
vt -0.050000 0.000000
vt -0.950000 0.000000
vt -0.050000 -0.052360
vt -0.950000 -0.052360
vt -1.850000 -0.052360
vt -1.850000 0.000000
vt -1.850000 0.052360
vt -1.300980 0.157080
vt -1.300980 0.104720
vt -1.300980 0.052360
vt -1.300980 -0.000000
vt -1.300980 -0.052360
vt -1.300980 -0.104720
vt -1.300980 -0.157080
vt 0.314159 -1.292949
vt 0.261799 -1.292949
vt 0.314159 -1.354893
vt 0.261799 -1.478781
vt 0.314159 -1.416837
vt 0.314159 -1.478781
vt 0.209440 -1.292949
vt 0.209440 -1.478781
vt 0.157080 -1.292949
vt 0.157080 -1.478781
vt 0.104720 -1.292949
vt 0.104720 -1.478781
vt 0.052360 -1.292949
vt 0.052360 -1.478781
vt -0.000000 -1.354893
vt -0.000000 -1.416837
vt -0.000000 -1.292949
vt -0.000000 -1.478781
vt 1.032348 0.157080
vt 0.275524 0.157080
vt 1.032348 0.104720
vt 0.275524 0.104720
vt 1.032348 0.052360
vt 0.275524 0.052360
vt 1.032348 0.000000
vt 0.275524 0.000000
vt 1.032348 -0.052360
vt 0.275524 -0.052360
vt 1.032348 -0.104720
vt 0.275524 -0.104720
vt 1.032348 -0.157080
vt 0.275524 -0.157080
vt 1.950000 -0.104720
vt 1.050000 -0.104720
vt 1.950000 -0.157080
vt 0.150000 -0.104720
vt -1.650000 -0.157080
vt -0.750000 -0.104720
vt -1.650000 -0.104720
vt -1.650000 -0.052360
vt -0.750000 -0.052360
vt -1.650000 -0.000000
vt -0.750000 -0.000000
vt -1.650000 0.052360
vt -0.750000 0.052360
vt -1.650000 0.104720
vt -0.750000 0.104720
vt -1.650000 0.157080
vt 0.150000 0.104720
vt 1.950000 0.157080
vt 1.050000 0.104720
vt 1.950000 0.104720
vt 1.950000 0.052360
vt 1.050000 0.052360
vt 1.950000 -0.000000
vt 1.050000 -0.000000
vt 1.950000 -0.052360
vt 1.050000 -0.052360
vt 0.150000 -0.052360
vt 0.150000 -0.000000
vt 0.150000 0.052360
vt 2.200000 0.157080
vt 0.200000 0.157080
vt 1.200000 0.104720
vt 0.200000 0.104720
vt 1.200000 0.052360
vt 0.200000 0.052360
vt 1.200000 0.000000
vt 0.200000 0.000000
vt 1.200000 -0.052360
vt 0.200000 -0.052360
vt 1.200000 -0.104720
vt 0.200000 -0.104720
vt 0.200000 -0.157080
vt 2.200000 -0.157080
vt 2.200000 -0.104720
vt 2.200000 -0.052360
vt 2.200000 0.000000
vt 2.200000 0.052360
vt 2.200000 0.104720
vt -0.000000 -1.664614
vt 0.052360 -1.664614
vt -0.000000 -1.602669
vt -0.000000 -1.540725
vt 0.104720 -1.664614
vt 0.157080 -1.664614
vt 0.209440 -1.664614
vt 0.261799 -1.664614
vt 0.314159 -1.540725
vt 0.314159 -1.664614
vt 0.314159 -1.602669
vt 0.116708 0.157080
vt -0.640115 0.157080
vt 0.116708 0.104720
vt -0.640115 0.104720
vt 0.116708 0.052360
vt -0.640115 0.052360
vt 0.116708 0.000000
vt -0.640115 0.000000
vt 0.116708 -0.052360
vt -0.640115 -0.052360
vt 0.116708 -0.104720
vt -0.640115 -0.104720
vt 0.116708 -0.157080
vt -0.640115 -0.157080
vt 2.325000 -0.093937
vt 2.425000 -0.091560
vt 2.325000 -0.072236
vt 2.425000 -0.045780
vt 1.650000 -0.045780
vt 1.650000 -0.000000
vt 0.875000 -0.000000
vt 0.875000 0.045780
vt 0.100000 0.045780
vt 0.100000 0.091560
vt -0.675000 0.091560
vt -0.675000 0.137340
vt 0.875000 0.091560
vt 2.425000 0.137340
vt 1.650000 0.091560
vt 2.425000 0.091560
vt 2.425000 0.045780
vt 1.650000 0.045780
vt 2.325000 -0.115639
vt 2.425000 -0.137340
vt 2.325000 -0.137340
vt -0.675000 0.045780
vt 0.100000 -0.000000
vt 0.875000 -0.045780
vt 0.100000 -0.045780
vt -0.575000 -0.072236
vt -0.675000 -0.045780
vt -0.675000 -0.091560
vt -0.575000 -0.093937
vt -0.575000 -0.115639
vt -0.675000 -0.137340
vt -0.575000 -0.137340
vt -2.636039 0.104720
vt -1.490693 0.104720
vt -2.636039 0.157080
vt -0.345346 0.104720
vt 0.800000 0.157080
vt 0.800000 0.104720
vt 0.800000 0.052360
vt -0.345346 0.052360
vt 0.800000 0.000000
vt -0.345346 -0.000000
vt 0.800000 -0.052360
vt -0.345346 -0.052360
vt 0.800000 -0.104720
vt -0.345346 -0.104720
vt 0.800000 -0.157080
vt -1.490693 -0.104720
vt -2.636039 -0.157080
vt -2.636039 -0.104720
vt -2.636039 -0.052360
vt -1.490693 -0.052360
vt -2.636039 -0.000000
vt -1.490693 -0.000000
vt -2.636039 0.052360
vt -1.490693 0.052360
vt -0.920784 0.200000
vt -0.163961 0.200000
vt -0.920784 3.300000
vt -0.163961 3.300000
vt 0.363961 2.200000
vt 0.215535 1.457873
vt 3.800000 2.200000
vt 0.206917 1.405955
vt 0.201731 1.353581
vt 3.800000 0.200000
vt -5.400000 -3.850000
vt -0.500000 1.550000
vt -5.400000 3.850000
vt -0.486370 1.653528
vt -0.446410 1.750000
vt 5.400000 -3.850000
vt -0.100000 -1.950000
vt -0.203528 -1.936370
vt -0.300000 -1.896410
vt 5.400000 3.850000
vt 3.900000 1.550000
vt 3.900000 -1.550000
vt 3.886370 -1.653528
vt -0.100000 1.950000
vt 3.500000 1.950000
vt 3.603528 1.936370
vt 3.846410 -1.750000
vt 3.782843 -1.832843
vt 3.700000 -1.896410
vt 3.603528 -1.936370
vt 3.500000 -1.950000
vt -0.382843 -1.832843
vt -0.446410 -1.750000
vt -0.486370 -1.653528
vt -0.500000 -1.550000
vt -0.382843 1.832843
vt -0.300000 1.896410
vt -0.203528 1.936370
vt 3.700000 1.896410
vt 3.782843 1.832843
vt 3.846410 1.750000
vt 3.886370 1.653528
vt 3.800000 1.300980
vt 3.798269 1.353581
vt 3.793083 1.405955
vt 3.784465 1.457873
vt 3.636039 2.200000
vt -1.550000 -0.098698
vt 1.550000 -0.098698
vt -1.550000 -0.032899
vt 1.550000 -0.032899
vt -1.550000 0.032899
vt 1.550000 0.032899
vt -1.550000 0.098698
vt 1.550000 0.098698
vt -1.636039 1.450000
vt -1.636039 1.550000
vt 1.800000 1.550000
vt 1.800000 -1.550000
vt -1.636039 -1.550000
vt -1.636039 -1.450000
vt 0.052360 0.060662
vt 0.042053 0.087332
vt 0.035368 0.062380
vt 0.018405 0.075701
vt 0.009188 0.062380
vt -0.005472 0.065071
vt 0.009188 0.037428
vt -0.016992 0.037428
vt 0.009188 0.012476
vt -0.016992 0.012476
vt 0.009188 -0.012476
vt -0.016992 -0.012476
vt 0.009188 -0.037428
vt -0.016992 -0.037428
vt -0.005472 -0.065071
vt -0.029284 -0.054155
vt -0.043172 -0.037428
vt -0.052705 -0.041536
vt -0.043172 -0.012476
vt -0.069352 -0.012476
vt -0.069352 0.012476
vt -0.095532 -0.000000
vt -0.075188 0.024961
vt -0.052705 0.041536
vt -0.043172 0.012476
vt -0.043172 0.037428
vt -0.029284 0.054155
vt -0.075188 -0.024961
vt 0.009188 -0.062380
vt 0.018405 -0.075701
vt 0.035368 -0.062380
vt 0.042053 -0.087332
vt 0.052360 -0.060662
vt 0.035368 -0.037428
vt 0.059159 -0.031253
vt 0.035368 -0.012476
vt 0.061548 0.000000
vt 0.035368 0.012476
vt 0.059159 0.031253
vt 0.035368 0.037428
vt -0.018405 0.075701
vt -0.042053 0.087332
vt -0.035368 0.062380
vt -0.052360 0.060662
vt -0.035368 0.037428
vt -0.059159 0.031253
vt -0.035368 0.012476
vt -0.061548 0.000000
vt -0.035368 -0.012476
vt -0.059159 -0.031253
vt -0.035368 -0.037428
vt -0.052360 -0.060662
vt -0.035368 -0.062380
vt -0.042053 -0.087332
vt -0.018405 -0.075701
vt -0.009188 -0.062380
vt 0.005472 -0.065071
vt -0.009188 -0.037428
vt 0.016992 -0.037428
vt -0.009188 -0.012476
vt 0.016992 -0.012476
vt -0.009188 0.012476
vt 0.016992 0.012476
vt -0.009188 0.037428
vt 0.016992 0.037428
vt 0.005472 0.065071
vt 0.029284 0.054155
vt 0.043172 0.037428
vt 0.052705 0.041536
vt 0.043172 0.012476
vt 0.069352 0.012476
vt 0.069352 -0.012476
vt 0.095532 -0.000000
vt 0.075188 -0.024961
vt 0.052705 -0.041536
vt 0.043172 -0.012476
vt 0.043172 -0.037428
vt 0.029284 -0.054155
vt 0.075188 0.024961
vt -0.009188 0.062380
vt -5.825000 0.052360
vt -5.275000 0.052360
vt -5.825000 0.078540
vt -4.725000 0.052360
vt -4.175000 0.052360
vt -4.175000 0.026180
vt -3.625000 0.026180
vt -3.625000 -0.000000
vt -3.075000 -0.000000
vt -3.075000 -0.026180
vt -2.525000 -0.026180
vt -2.525000 -0.052360
vt -1.975000 -0.052360
vt -5.825000 -0.078540
vt 1.875000 -0.078540
vt -5.275000 0.026180
vt -5.825000 0.026180
vt -5.275000 -0.000000
vt -5.825000 -0.000000
vt -5.275000 -0.026180
vt -5.825000 -0.026180
vt -5.275000 -0.052360
vt -5.825000 -0.052360
vt 1.875000 -0.052360
vt 1.325000 -0.052360
vt 0.775000 -0.052360
vt 0.225000 -0.052360
vt 0.225000 -0.026180
vt -0.325000 -0.026180
vt -0.325000 -0.000000
vt -0.875000 -0.000000
vt -0.875000 0.026180
vt -1.425000 0.026180
vt -1.425000 0.052360
vt -1.975000 0.052360
vt 1.875000 0.078540
vt 1.325000 -0.026180
vt 1.875000 -0.026180
vt 1.325000 -0.000000
vt 1.875000 -0.000000
vt 1.325000 0.026180
vt 1.875000 0.026180
vt 1.325000 0.052360
vt 1.875000 0.052360
vt -4.725000 0.026180
vt -4.725000 -0.000000
vt -4.725000 -0.026180
vt -4.725000 -0.052360
vt -3.625000 0.052360
vt -3.075000 0.052360
vt -2.525000 0.052360
vt -2.525000 0.026180
vt -1.975000 0.026180
vt -1.975000 -0.000000
vt -1.425000 -0.000000
vt -1.425000 -0.026180
vt -0.875000 -0.026180
vt -0.875000 -0.052360
vt -0.325000 -0.052360
vt -3.075000 0.026180
vt -0.875000 0.052360
vt -0.325000 0.052360
vt 0.225000 0.052360
vt 0.225000 0.026180
vt 0.775000 0.026180
vt 0.775000 -0.000000
vt -0.325000 0.026180
vt 0.775000 0.052360
vt -4.175000 -0.000000
vt -3.625000 -0.026180
vt -3.075000 -0.052360
vt -2.525000 -0.000000
vt 0.225000 -0.000000
vt -4.175000 -0.026180
vt -4.175000 -0.052360
vt -1.975000 -0.026180
vt 0.775000 -0.026180
vt -3.625000 -0.052360
vt -1.425000 -0.052360
vt -8.150000 0.052360
vt -7.610000 0.052360
vt -8.150000 0.078540
vt -7.070000 0.052360
vt -6.530000 0.052360
vt -6.530000 0.026180
vt -5.990000 0.026180
vt -5.990000 -0.000000
vt -5.450000 -0.000000
vt -5.450000 -0.026180
vt -4.910000 -0.026180
vt -4.910000 -0.052360
vt -4.370000 -0.052360
vt -8.150000 -0.078540
vt -3.830000 -0.052360
vt -3.290000 -0.052360
vt -3.830000 -0.026180
vt -3.290000 -0.026180
vt -3.830000 -0.000000
vt -3.290000 -0.000000
vt -3.830000 0.026180
vt -3.290000 0.026180
vt -3.830000 0.052360
vt -3.290000 0.052360
vt 2.650000 0.078540
vt -2.210000 0.052360
vt -1.670000 0.052360
vt -1.670000 0.026180
vt -1.130000 0.026180
vt -1.130000 -0.000000
vt -0.590000 -0.000000
vt -0.590000 -0.026180
vt -0.050000 -0.026180
vt 0.490000 -0.052360
vt 2.650000 -0.078540
vt 1.030000 -0.052360
vt 1.570000 -0.052360
vt 1.030000 -0.026180
vt 1.570000 -0.026180
vt 1.030000 -0.000000
vt 1.570000 -0.000000
vt 1.030000 0.026180
vt 1.570000 0.026180
vt 1.030000 0.052360
vt 1.570000 0.052360
vt 2.110000 0.052360
vt 2.650000 0.052360
vt 2.650000 0.026180
vt 2.110000 0.026180
vt 2.650000 -0.000000
vt 2.110000 -0.000000
vt 2.650000 -0.026180
vt 2.110000 -0.026180
vt 2.650000 -0.052360
vt 2.110000 -0.052360
vt -7.610000 0.026180
vt -8.150000 0.026180
vt -7.610000 -0.000000
vt -8.150000 -0.000000
vt -7.610000 -0.026180
vt -8.150000 -0.026180
vt -7.610000 -0.052360
vt -8.150000 -0.052360
vt -2.210000 -0.052360
vt -1.670000 -0.052360
vt -2.210000 -0.026180
vt -1.670000 -0.026180
vt -2.210000 -0.000000
vt -1.670000 -0.000000
vt -2.210000 0.026180
vt -7.070000 0.026180
vt -7.070000 -0.000000
vt -7.070000 -0.026180
vt -7.070000 -0.052360
vt -5.990000 0.052360
vt -5.450000 0.052360
vt -4.910000 0.052360
vt -4.910000 0.026180
vt -4.370000 0.026180
vt -4.370000 -0.000000
vt -5.450000 0.026180
vt -4.370000 0.052360
vt -2.750000 0.026180
vt -2.750000 -0.026180
vt -1.130000 0.052360
vt -0.590000 0.052360
vt -0.050000 0.026180
vt 0.490000 0.026180
vt 0.490000 -0.000000
vt -0.590000 0.026180
vt 0.490000 0.052360
vt -6.530000 -0.000000
vt -5.990000 -0.026180
vt -5.450000 -0.052360
vt -4.910000 -0.000000
vt -0.050000 -0.000000
vt -6.530000 -0.026180
vt -6.530000 -0.052360
vt -4.370000 -0.026180
vt -1.130000 -0.026180
vt -1.130000 -0.052360
vt 0.490000 -0.026180
vt -5.990000 -0.052360
vt -0.590000 -0.052360
vt -0.100000 0.078540
vt -0.200000 0.078540
vt -0.100000 0.052360
vt -0.100000 0.026180
vt -0.200000 0.026180
vt -0.100000 0.000000
vt -0.100000 -0.026180
vt -0.200000 -0.026180
vt -0.100000 -0.052360
vt -0.100000 -0.078540
vt -0.200000 -0.078540
vt 0.100000 0.100000
vt 7.800000 0.100000
vt 0.100000 0.200000
vt 7.800000 0.200000
vt 10.900000 0.100000
vt 10.900000 0.200000
vt 3.336039 2.400000
vt 3.400000 2.389497
vt 3.379102 2.395309
vt 3.357698 2.398824
s 0
f 2/1/1 48/2/1 1/3/2
f 1/3/2 48/2/1 25/4/2
f 1/3/3 25/4/3 24/5/4
f 24/5/4 25/4/3 26/6/4
f 24/5/5 26/6/5 23/7/6
f 23/7/6 26/6/5 27/8/6
f 23/7/7 27/8/7 22/9/8
f 22/9/8 27/8/7 28/10/8
f 22/9/9 28/10/9 21/11/10
f 21/11/10 28/10/9 29/12/10
f 21/11/11 29/12/11 20/13/12
f 20/13/12 29/12/11 30/14/12
f 20/13/13 30/14/13 19/15/14
f 19/15/14 30/14/13 31/16/14
f 19/15/15 31/16/15 18/17/16
f 18/17/16 31/16/15 32/18/16
f 18/17/17 32/18/17 17/19/18
f 17/19/18 32/18/17 33/20/18
f 17/19/19 33/20/19 16/21/20
f 16/21/20 33/20/19 34/22/20
f 16/21/21 34/22/21 15/23/22
f 15/23/22 34/22/21 35/24/22
f 15/23/23 35/24/23 14/25/24
f 14/25/24 35/24/23 36/26/24
f 14/25/25 36/26/25 13/27/26
f 13/27/26 36/26/25 37/28/26
f 13/27/27 37/28/27 12/29/28
f 12/29/28 37/28/27 38/30/28
f 12/29/29 38/30/29 11/31/30
f 11/31/30 38/30/29 39/32/30
f 11/31/31 39/32/31 10/33/32
f 10/33/32 39/32/31 40/34/32
f 10/33/33 40/34/33 9/35/34
f 9/35/34 40/34/33 41/36/34
f 9/37/35 41/38/35 8/39/36
f 8/39/36 41/38/35 42/40/36
f 8/39/37 42/40/37 7/41/38
f 7/41/38 42/40/37 43/42/38
f 7/41/39 43/42/39 6/43/40
f 6/43/40 43/42/39 44/44/40
f 6/43/41 44/44/41 5/45/42
f 5/45/42 44/44/41 45/46/42
f 5/45/43 45/46/43 4/47/44
f 4/47/44 45/46/43 46/48/44
f 4/47/45 46/48/45 3/49/46
f 3/49/46 46/48/45 47/50/46
f 3/49/47 47/50/47 2/1/48
f 2/1/48 47/50/47 48/2/48
f 50/51/20 96/52/20 49/53/19
f 49/53/19 96/52/20 73/54/19
f 49/53/18 73/54/18 72/55/17
f 72/55/49 73/54/18 74/56/49
f 72/55/16 74/56/16 71/57/15
f 71/57/15 74/56/16 75/58/15
f 71/57/14 75/58/14 70/59/13
f 70/59/13 75/58/14 76/60/13
f 70/59/12 76/60/12 69/61/11
f 69/61/11 76/60/12 77/62/11
f 69/61/10 77/62/10 68/63/9
f 68/63/9 77/62/10 78/64/9
f 68/63/8 78/64/8 67/65/7
f 67/65/7 78/64/8 79/66/7
f 67/65/6 79/66/6 66/67/5
f 66/67/5 79/66/6 80/68/5
f 66/67/4 80/68/4 65/69/3
f 65/69/3 80/68/4 81/70/3
f 65/69/2 81/70/2 64/71/1
f 64/71/1 81/70/2 82/72/1
f 64/71/48 82/72/48 63/73/47
f 63/73/47 82/72/48 83/74/47
f 63/73/46 83/74/46 62/75/45
f 62/75/45 83/74/46 84/76/45
f 62/75/44 84/76/44 61/77/43
f 61/77/43 84/76/44 85/78/43
f 61/77/42 85/78/42 60/79/50
f 60/79/41 85/78/42 86/80/41
f 60/79/40 86/80/40 59/81/39
f 59/81/39 86/80/40 87/82/39
f 59/81/38 87/82/38 58/83/37
f 58/83/37 87/82/38 88/84/37
f 58/83/36 88/84/36 57/85/35
f 57/85/35 88/84/36 89/86/35
f 57/87/34 89/88/34 56/89/33
f 56/89/33 89/88/34 90/90/33
f 56/89/32 90/90/32 55/91/31
f 55/91/31 90/90/32 91/92/31
f 55/91/30 91/92/30 54/93/29
f 54/93/29 91/92/30 92/94/29
f 54/93/28 92/94/28 53/95/27
f 53/95/27 92/94/28 93/96/27
f 53/95/26 93/96/26 52/97/25
f 52/97/25 93/96/26 94/98/25
f 52/97/24 94/98/24 51/99/23
f 51/99/23 94/98/24 95/100/23
f 51/99/22 95/100/22 50/51/21
f 50/51/21 95/100/22 96/52/21
f 98/25/25 144/26/25 97/27/26
f 97/27/26 144/26/25 121/28/26
f 97/27/27 121/28/27 120/29/51
f 120/29/28 121/28/27 122/30/28
f 120/29/29 122/30/29 119/31/30
f 119/31/30 122/30/52 123/32/30
f 119/31/31 123/32/31 118/33/32
f 118/33/32 123/32/31 124/34/32
f 118/33/33 124/34/33 117/35/34
f 117/35/34 124/34/33 125/36/34
f 117/37/35 125/38/35 116/39/36
f 116/39/36 125/38/35 126/40/36
f 116/39/37 126/40/37 115/41/38
f 115/41/38 126/40/37 127/42/38
f 115/41/39 127/42/39 114/43/53
f 114/43/40 127/42/39 128/44/40
f 114/43/41 128/44/41 113/45/42
f 113/45/42 128/44/41 129/46/42
f 113/45/43 129/46/43 112/47/44
f 112/47/44 129/46/43 130/48/44
f 112/47/45 130/48/45 111/49/46
f 111/49/46 130/48/45 131/50/46
f 111/49/47 131/50/47 110/1/48
f 110/1/48 131/50/47 132/2/48
f 110/1/1 132/2/1 109/3/2
f 109/3/2 132/2/1 133/4/2
f 109/3/3 133/4/3 108/5/4
f 108/5/4 133/4/3 134/6/4
f 108/5/5 134/6/5 107/7/6
f 107/7/6 134/6/5 135/8/6
f 107/7/7 135/8/7 106/9/8
f 106/9/8 135/8/7 136/10/8
f 106/9/54 136/10/54 105/11/10
f 105/11/10 136/10/9 137/12/10
f 105/11/11 137/12/11 104/13/12
f 104/13/55 137/12/11 138/14/55
f 104/13/13 138/14/13 103/15/14
f 103/15/14 138/14/13 139/16/14
f 103/15/15 139/16/15 102/17/16
f 102/17/16 139/16/15 140/18/16
f 102/17/17 140/18/17 101/19/18
f 101/19/18 140/18/17 141/20/18
f 101/19/19 141/20/19 100/21/20
f 100/21/20 141/20/19 142/22/20
f 100/21/21 142/22/21 99/23/22
f 99/23/22 142/22/21 143/24/22
f 99/23/23 143/24/23 98/25/24
f 98/25/24 143/24/23 144/26/24
f 146/75/44 192/76/44 145/77/43
f 145/77/43 192/76/44 169/78/43
f 145/77/42 169/78/42 168/79/41
f 168/79/41 169/78/42 170/80/41
f 168/79/40 170/80/40 167/81/39
f 167/81/39 170/80/53 171/82/39
f 167/81/38 171/82/38 166/83/37
f 166/83/37 171/82/38 172/84/37
f 166/83/36 172/84/36 165/85/35
f 165/85/35 172/84/36 173/86/35
f 165/87/34 173/88/34 164/89/33
f 164/89/33 173/88/34 174/90/33
f 164/89/32 174/90/32 163/91/31
f 163/91/31 174/90/32 175/92/31
f 163/91/30 175/92/30 162/93/52
f 162/93/29 175/92/30 176/94/29
f 162/93/28 176/94/28 161/101/27
f 161/101/27 176/94/28 177/102/27
f 161/101/26 177/102/26 160/97/25
f 160/97/25 177/102/26 178/98/25
f 160/97/24 178/98/24 159/99/23
f 159/99/23 178/98/24 179/100/23
f 159/99/22 179/100/22 158/51/21
f 158/51/21 179/100/22 180/52/21
f 158/51/20 180/52/20 157/53/19
f 157/53/19 180/52/20 181/54/19
f 157/53/18 181/54/18 156/55/17
f 156/55/49 181/54/18 182/56/49
f 156/55/16 182/56/16 155/57/15
f 155/57/15 182/56/16 183/58/15
f 155/57/14 183/58/14 154/59/13
f 154/59/13 183/58/14 184/60/13
f 154/59/55 184/60/55 153/61/11
f 153/61/11 184/60/12 185/62/11
f 153/61/10 185/62/10 152/63/9
f 152/63/54 185/62/10 186/64/54
f 152/63/8 186/64/8 151/65/7
f 151/65/7 186/64/8 187/66/7
f 151/65/6 187/66/6 150/67/5
f 150/67/5 187/66/6 188/68/5
f 150/67/56 188/68/56 149/69/3
f 149/69/3 188/68/4 189/70/3
f 149/69/2 189/70/2 148/71/1
f 148/71/1 189/70/2 190/72/1
f 148/71/48 190/72/48 147/73/47
f 147/73/47 190/72/48 191/74/47
f 147/73/46 191/74/46 146/75/45
f 146/75/45 191/74/46 192/76/45
f 194/103/57 160/104/57 193/105/57
f 193/105/57 160/104/57 159/106/57
f 193/105/57 159/106/57 158/107/57
f 195/108/57 59/109/57 194/103/57
f 194/103/57 59/109/57 58/110/57
f 194/103/57 58/110/57 57/111/57
f 196/112/57 65/113/57 195/108/57
f 195/108/57 65/113/57 64/114/57
f 195/108/57 64/114/57 63/115/57
f 193/105/57 151/116/57 196/112/57
f 196/112/57 151/116/57 150/117/57
f 196/112/57 150/117/57 149/118/57
f 168/119/57 66/120/57 145/121/57
f 145/121/57 66/120/57 65/113/57
f 145/121/57 65/113/57 196/112/57
f 66/120/57 168/119/57 67/122/57
f 67/122/57 168/119/57 167/123/57
f 67/122/57 167/123/57 68/124/57
f 68/124/57 167/123/57 166/125/57
f 68/124/57 166/125/57 69/126/57
f 69/126/57 166/125/57 165/127/57
f 69/126/57 165/127/57 70/128/57
f 70/128/57 165/127/57 164/129/57
f 70/128/57 164/129/57 71/130/57
f 71/130/57 164/129/57 163/131/57
f 71/130/57 163/131/57 72/132/57
f 72/132/57 163/131/57 162/133/57
f 72/132/57 162/133/57 49/134/57
f 49/134/57 162/133/57 161/135/57
f 49/134/57 161/135/57 50/136/57
f 50/136/57 161/135/57 160/104/57
f 50/136/57 160/104/57 194/103/57
f 158/107/57 157/137/57 193/105/57
f 193/105/57 157/137/57 156/138/57
f 193/105/57 156/138/57 155/139/57
f 155/139/57 154/140/57 193/105/57
f 193/105/57 154/140/57 153/141/57
f 193/105/57 153/141/57 152/142/57
f 152/142/57 151/116/57 193/105/57
f 149/118/57 148/143/57 196/112/57
f 196/112/57 148/143/57 147/144/57
f 196/112/57 147/144/57 146/145/57
f 146/145/57 145/121/57 196/112/57
f 63/115/57 62/146/57 195/108/57
f 195/108/57 62/146/57 61/147/57
f 195/108/57 61/147/57 60/148/57
f 60/148/57 59/109/57 195/108/57
f 57/111/57 56/149/57 194/103/57
f 194/103/57 56/149/57 55/150/57
f 194/103/57 55/150/57 54/151/57
f 54/151/57 53/152/57 194/103/57
f 194/103/57 53/152/57 52/153/57
f 194/103/57 52/153/57 51/154/57
f 51/154/57 50/136/57 194/103/57
f 96/155/58 197/156/58 73/157/58
f 73/157/58 197/156/58 177/158/58
f 73/157/58 177/158/58 176/159/58
f 96/155/58 95/160/58 197/156/58
f 197/156/58 95/160/58 94/161/58
f 197/156/58 94/161/58 93/162/58
f 93/162/58 92/163/58 197/156/58
f 197/156/58 92/163/58 91/164/58
f 197/156/58 91/164/58 90/165/58
f 90/165/58 89/166/58 197/156/58
f 197/156/58 89/166/58 88/167/58
f 197/156/58 88/167/58 200/168/58
f 200/168/59 88/167/59 87/169/59
f 200/168/58 87/169/58 86/170/58
f 86/170/58 85/171/58 200/168/58
f 200/168/58 85/171/58 84/172/58
f 200/168/58 84/172/58 83/173/58
f 83/173/58 82/174/58 200/168/58
f 200/168/58 82/174/58 81/175/58
f 200/168/58 81/175/58 199/176/58
f 199/176/58 81/175/58 169/177/58
f 199/176/58 169/177/58 192/178/58
f 81/175/58 80/179/58 169/177/58
f 169/177/58 80/179/58 170/180/58
f 170/180/58 80/179/58 79/181/58
f 170/180/58 79/181/58 171/182/58
f 171/182/58 79/181/58 78/183/58
f 171/182/58 78/183/58 172/184/58
f 172/184/58 78/183/58 77/185/58
f 172/184/58 77/185/58 173/186/58
f 173/186/58 77/185/58 76/187/58
f 173/186/58 76/187/58 174/188/58
f 174/188/58 76/187/58 75/189/58
f 174/188/58 75/189/58 175/190/58
f 175/190/58 75/189/58 74/191/58
f 175/190/58 74/191/58 176/159/58
f 176/159/58 74/191/58 73/157/58
f 192/178/58 191/192/58 199/176/58
f 199/176/58 191/192/58 190/193/58
f 199/176/58 190/193/58 189/194/58
f 189/194/58 188/195/58 199/176/58
f 199/176/58 188/195/58 187/196/58
f 199/176/60 187/196/60 186/197/60
f 199/176/58 186/197/58 198/198/58
f 198/198/58 186/197/58 185/199/58
f 198/198/58 185/199/58 184/200/58
f 184/200/58 183/201/58 198/198/58
f 198/198/58 183/201/58 182/202/58
f 198/198/58 182/202/58 181/203/58
f 181/203/58 180/204/58 198/198/58
f 198/198/58 180/204/58 179/205/58
f 198/198/58 179/205/58 178/206/58
f 178/206/58 177/158/58 198/198/58
f 198/198/58 177/158/58 197/156/58
f 202/103/58 98/136/58 201/105/58
f 201/105/58 98/136/58 16/104/58
f 201/105/58 16/104/58 15/106/58
f 203/207/58 107/109/58 202/103/58
f 202/103/58 107/109/58 106/110/58
f 202/103/58 106/110/58 105/111/58
f 204/208/58 1/121/58 203/207/58
f 203/207/58 1/121/58 113/113/58
f 203/207/58 113/113/58 112/114/58
f 201/105/58 7/116/58 204/208/58
f 204/208/58 7/116/58 6/117/58
f 204/208/58 6/117/58 5/118/58
f 98/136/58 97/134/58 17/135/58
f 17/135/58 97/134/58 120/132/58
f 17/135/58 120/132/58 18/133/58
f 18/133/58 120/132/58 19/131/58
f 19/131/58 120/132/58 119/130/58
f 19/131/58 119/130/58 20/129/58
f 20/129/58 119/130/58 118/128/58
f 20/129/58 118/128/58 21/127/58
f 21/127/58 118/128/58 117/126/58
f 21/127/58 117/126/58 22/125/58
f 22/125/58 117/126/58 116/124/58
f 22/125/58 116/124/58 23/123/58
f 23/123/58 116/124/58 115/122/58
f 23/123/58 115/122/58 24/119/58
f 24/119/58 115/122/58 114/120/58
f 24/119/58 114/120/58 1/121/58
f 1/121/58 114/120/58 113/113/58
f 112/114/58 111/115/58 203/207/58
f 203/207/58 111/115/58 110/146/58
f 203/207/58 110/146/58 109/147/58
f 109/147/58 108/148/58 203/207/58
f 203/207/58 108/148/58 107/109/58
f 105/111/58 104/149/58 202/103/58
f 202/103/58 104/149/58 103/150/58
f 202/103/58 103/150/58 102/151/58
f 102/151/58 101/152/58 202/103/58
f 202/103/58 101/152/58 100/153/58
f 202/103/58 100/153/58 99/154/58
f 99/154/58 98/136/58 202/103/58
f 16/104/58 98/136/58 17/135/58
f 15/106/58 14/107/58 201/105/58
f 201/105/58 14/107/58 13/137/58
f 201/105/58 13/137/58 12/138/58
f 12/138/58 11/139/58 201/105/58
f 201/105/58 11/139/58 10/140/58
f 201/105/58 10/140/58 9/141/58
f 9/141/58 8/142/58 201/105/58
f 201/105/58 8/142/58 7/116/58
f 5/118/58 4/143/58 204/208/58
f 204/208/58 4/143/58 3/144/58
f 204/208/58 3/144/58 2/145/58
f 2/145/58 1/121/58 204/208/58
f 48/178/57 130/174/57 25/177/57
f 25/177/57 130/174/57 129/175/57
f 25/177/57 129/175/57 128/179/57
f 47/192/57 206/209/57 48/178/57
f 48/178/57 206/209/57 207/210/57
f 48/178/57 207/210/57 130/174/57
f 130/174/57 207/210/57 131/173/57
f 131/173/57 207/210/57 132/172/57
f 132/172/57 207/210/57 133/171/57
f 133/171/57 207/210/57 134/170/57
f 134/170/57 207/210/57 135/169/57
f 135/169/57 207/210/57 136/167/57
f 136/167/57 207/210/57 137/166/57
f 137/166/57 207/210/57 208/156/57
f 137/166/57 208/156/57 138/165/57
f 138/165/57 208/156/57 139/164/57
f 139/164/57 208/156/57 140/163/57
f 140/163/57 208/156/57 141/162/57
f 141/162/57 208/156/57 142/161/57
f 142/161/57 208/156/57 143/160/57
f 143/160/57 208/156/57 144/155/57
f 144/155/57 208/156/57 34/206/57
f 144/155/57 34/206/57 33/158/57
f 47/192/57 46/193/57 206/209/57
f 206/209/57 46/193/57 45/194/57
f 206/209/57 45/194/57 44/195/57
f 44/195/57 43/196/57 206/209/57
f 206/209/57 43/196/57 42/197/57
f 206/209/57 42/197/57 41/199/57
f 206/209/57 41/199/57 205/198/57
f 205/198/57 41/199/57 40/200/57
f 205/198/57 40/200/57 39/201/57
f 39/201/57 38/202/57 205/198/57
f 205/198/57 38/202/57 37/203/57
f 205/198/57 37/203/57 36/204/57
f 36/204/57 35/205/57 205/198/57
f 205/198/57 35/205/57 34/206/57
f 205/198/57 34/206/57 208/156/57
f 32/159/57 122/191/57 33/158/57
f 33/158/57 122/191/57 121/157/57
f 33/158/57 121/157/57 144/155/57
f 122/191/57 32/159/57 123/189/57
f 123/189/57 32/159/57 31/211/57
f 123/189/57 31/211/57 124/187/57
f 124/187/57 31/211/57 30/188/57
f 124/187/57 30/188/57 125/185/57
f 125/185/57 30/188/57 29/186/57
f 125/185/57 29/186/57 126/183/57
f 126/183/57 29/186/57 28/184/57
f 126/183/57 28/184/57 127/181/57
f 127/181/57 28/184/57 27/212/57
f 127/181/57 27/212/57 128/179/57
f 128/179/57 27/212/57 26/180/57
f 128/179/57 26/180/57 25/177/57
f 201/213/61 194/214/61 202/215/61
f 202/215/61 194/214/61 193/216/61
f 203/208/62 202/105/62 209/217/62
f 209/217/62 202/105/62 193/218/62
f 209/217/62 193/218/62 196/219/62
f 210/220/10 211/221/10 209/217/10
f 209/217/62 211/221/62 203/208/62
f 229/222/33 212/223/34 235/224/63
f 235/224/64 212/223/65 213/225/66
f 235/224/67 213/225/68 230/226/69
f 230/226/70 213/225/71 214/227/72
f 230/226/73 214/227/74 215/228/75
f 216/229/76 239/230/77 215/228/78
f 215/228/79 239/230/80 236/231/81
f 215/228/78 236/231/82 230/226/83
f 230/226/84 236/231/82 234/232/85
f 230/226/69 234/232/86 235/224/67
f 235/224/87 234/232/88 245/233/89
f 235/224/87 245/233/89 229/222/90
f 229/222/90 245/233/91 228/234/31
f 228/234/30 245/233/92 227/235/93
f 227/235/94 245/233/95 244/236/96
f 227/235/94 244/236/97 248/237/98
f 248/237/98 244/236/99 247/238/100
f 248/237/98 247/238/101 226/239/102
f 226/239/26 247/238/103 225/240/25
f 225/240/104 247/238/105 246/241/106
f 225/240/107 246/241/108 224/242/23
f 224/242/109 246/241/108 223/243/110
f 223/243/111 246/241/112 242/244/113
f 223/243/111 242/244/114 222/245/115
f 222/245/116 242/244/117 221/246/118
f 221/246/118 242/244/117 231/247/119
f 221/246/120 231/247/121 238/248/122
f 238/248/123 231/247/124 232/249/125
f 238/248/123 232/249/125 237/250/126
f 237/250/127 232/249/128 233/251/129
f 237/250/130 233/251/129 236/231/131
f 236/231/82 233/251/132 234/232/85
f 239/230/80 216/229/133 240/252/134
f 240/252/135 216/229/136 217/253/137
f 240/252/138 217/253/139 241/254/140
f 241/254/141 217/253/142 218/255/143
f 241/254/144 218/255/143 219/256/145
f 241/254/144 219/256/146 238/248/147
f 238/248/147 219/256/146 220/257/148
f 238/248/122 220/257/149 221/246/120
f 226/239/150 227/235/94 248/237/98
f 232/249/151 231/247/152 242/244/153
f 233/251/154 232/249/155 243/258/156
f 243/258/157 232/249/158 242/244/159
f 243/258/160 242/244/113 246/241/161
f 234/232/162 233/251/163 244/236/164
f 244/236/165 233/251/154 243/258/156
f 244/236/99 243/258/166 247/238/100
f 247/238/167 243/258/160 246/241/161
f 244/236/168 245/233/95 234/232/169
f 241/254/170 238/248/171 237/250/172
f 239/230/173 240/252/174 236/231/175
f 236/231/175 240/252/134 237/250/176
f 240/252/177 241/254/178 237/250/172
f 265/259/24 249/260/23 266/261/179
f 266/261/179 249/260/180 250/262/181
f 266/261/182 250/262/183 268/263/184
f 268/263/185 250/262/186 251/264/187
f 268/263/188 251/264/189 272/265/190
f 272/265/191 251/264/192 252/266/193
f 272/265/191 252/266/194 277/267/195
f 277/267/196 252/266/197 253/268/198
f 277/267/196 253/268/199 282/269/200
f 282/269/201 253/268/202 254/270/203
f 282/269/201 254/270/203 286/271/204
f 286/271/205 254/270/206 199/272/207
f 286/271/205 199/272/59 255/273/208
f 286/271/209 255/273/210 287/274/211
f 287/274/212 255/273/213 256/275/214
f 287/274/215 256/275/216 283/276/217
f 283/276/217 256/275/216 284/277/218
f 283/276/219 284/277/220 278/278/221
f 278/278/222 284/277/223 279/279/224
f 278/278/225 279/279/226 273/280/227
f 273/280/228 279/279/229 274/281/230
f 273/280/231 274/281/232 269/282/233
f 269/282/234 274/281/235 270/283/236
f 269/282/237 270/283/238 264/284/239
f 264/284/27 270/283/240 263/285/93
f 263/285/241 270/283/242 271/286/243
f 263/285/29 271/286/243 262/287/30
f 262/287/244 271/286/245 275/288/246
f 262/287/247 275/288/246 276/289/248
f 276/289/249 275/288/250 281/290/251
f 276/289/252 281/290/253 260/291/254
f 260/291/254 281/290/253 259/292/255
f 259/292/256 281/290/257 258/293/258
f 258/293/258 281/290/257 280/294/259
f 258/293/258 280/294/260 285/295/261
f 285/295/262 280/294/263 279/279/264
f 285/295/265 279/279/266 284/277/267
f 256/275/268 257/296/269 284/277/270
f 284/277/271 257/296/272 285/295/273
f 257/296/274 258/293/275 285/295/276
f 260/291/34 261/297/277 276/289/252
f 276/289/248 261/297/32 262/287/31
f 269/282/237 264/284/239 267/298/278
f 267/298/279 264/284/26 265/259/25
f 267/298/279 265/259/280 266/261/281
f 269/282/282 267/298/283 266/261/284
f 273/280/285 269/282/286 268/263/287
f 268/263/288 269/282/282 266/261/289
f 275/288/290 271/286/291 270/283/292
f 275/288/290 270/283/292 274/281/293
f 278/278/294 273/280/295 272/265/296
f 272/265/297 273/280/295 268/263/287
f 279/279/298 280/294/299 274/281/300
f 274/281/301 280/294/299 275/288/302
f 280/294/303 281/290/251 275/288/304
f 283/276/305 278/278/306 277/267/307
f 277/267/308 278/278/309 272/265/296
f 287/274/211 283/276/310 282/269/311
f 282/269/312 283/276/305 277/267/313
f 286/271/314 287/274/211 282/269/311
f 305/299/145 288/300/315 310/301/316
f 310/301/317 288/300/318 289/302/319
f 310/301/320 289/302/321 309/303/322
f 309/303/323 289/302/324 290/304/325
f 309/303/326 290/304/327 308/305/328
f 308/305/329 290/304/325 291/306/330
f 308/305/329 291/306/330 312/307/331
f 312/307/331 291/306/332 311/308/333
f 312/307/334 311/308/335 316/309/336
f 316/309/337 311/308/338 315/310/339
f 316/309/340 315/310/341 306/311/342
f 306/311/342 315/310/341 295/312/343
f 306/311/344 295/312/13 296/313/14
f 291/306/345 292/314/346 311/308/333
f 311/308/347 292/314/348 293/315/349
f 311/308/338 293/315/349 315/310/350
f 315/310/351 293/315/352 294/316/353
f 315/310/354 294/316/11 295/312/355
f 296/313/356 297/317/16 306/311/357
f 306/311/358 297/317/359 319/318/360
f 306/311/361 319/318/362 316/309/363
f 316/309/363 319/318/362 317/319/364
f 316/309/336 317/319/365 312/307/334
f 312/307/366 317/319/367 313/320/368
f 312/307/369 313/320/370 309/303/326
f 309/303/371 313/320/372 310/301/373
f 319/318/374 297/317/359 322/321/375
f 322/321/375 297/317/359 298/322/376
f 322/321/375 298/322/377 323/323/378
f 323/323/379 298/322/19 299/324/20
f 323/323/379 299/324/380 324/325/381
f 324/325/382 299/324/21 300/326/22
f 324/325/382 300/326/109 301/327/110
f 324/325/383 301/327/384 321/328/385
f 321/328/385 301/327/386 302/329/387
f 321/328/388 302/329/389 303/330/390
f 321/328/388 303/330/390 307/331/391
f 307/331/392 303/330/393 304/332/394
f 307/331/395 304/332/396 314/333/397
f 314/333/398 304/332/399 305/299/400
f 314/333/398 305/299/400 310/301/401
f 312/307/369 309/303/326 308/305/328
f 314/333/402 310/301/373 313/320/372
f 314/333/403 313/320/404 318/334/405
f 318/334/406 313/320/368 317/319/407
f 318/334/408 317/319/409 320/335/410
f 320/335/410 317/319/409 319/318/411
f 320/335/412 319/318/413 323/323/414
f 323/323/414 319/318/415 322/321/416
f 321/328/417 307/331/418 318/334/419
f 318/334/420 307/331/421 314/333/403
f 321/328/417 318/334/419 320/335/422
f 324/325/423 321/328/424 320/335/425
f 324/325/423 320/335/425 323/323/426
f 347/336/427 208/337/428 348/338/429
f 348/338/430 208/337/428 325/339/431
f 348/338/432 325/339/433 353/340/434
f 353/340/434 325/339/435 326/341/436
f 353/340/437 326/341/438 358/342/439
f 358/342/439 326/341/440 327/343/441
f 358/342/442 327/343/443 363/344/444
f 363/344/445 327/343/446 328/345/447
f 363/344/448 328/345/449 368/346/450
f 368/346/450 328/345/449 329/347/451
f 368/346/452 329/347/453 331/348/454
f 331/348/454 329/347/455 330/349/65
f 331/348/90 332/350/456 368/346/457
f 368/346/457 332/350/456 369/351/458
f 368/346/459 369/351/460 363/344/461
f 363/344/461 369/351/460 364/352/462
f 363/344/463 364/352/464 358/342/465
f 358/342/466 364/352/464 359/353/467
f 358/342/465 359/353/467 353/340/468
f 353/340/468 359/353/469 354/354/470
f 353/340/471 354/354/472 348/338/473
f 348/338/473 354/354/472 349/355/474
f 348/338/475 349/355/476 347/336/477
f 347/336/477 349/355/476 346/356/478
f 346/356/479 349/355/480 350/357/481
f 346/356/482 350/357/481 345/358/483
f 345/358/484 350/357/485 351/359/486
f 345/358/487 351/359/488 344/360/489
f 344/360/490 351/359/491 352/361/492
f 344/360/490 352/361/492 343/362/493
f 343/362/494 352/361/495 341/363/109
f 343/362/494 341/363/109 342/364/109
f 332/350/496 333/365/29 369/351/497
f 369/351/498 333/365/499 370/366/500
f 369/351/501 370/366/502 364/352/503
f 364/352/504 370/366/502 365/367/505
f 364/352/506 365/367/507 359/353/508
f 359/353/508 365/367/507 360/368/509
f 359/353/510 360/368/511 354/354/512
f 354/354/513 360/368/511 355/369/514
f 354/354/515 355/369/516 349/355/517
f 349/355/518 355/369/516 350/357/519
f 333/365/93 334/370/520 370/366/521
f 370/366/522 334/370/27 371/371/523
f 370/366/524 371/371/525 365/367/526
f 365/367/505 371/371/523 366/372/527
f 365/367/528 366/372/529 360/368/530
f 360/368/531 366/372/532 361/373/533
f 360/368/534 361/373/533 355/369/535
f 355/369/536 361/373/533 356/374/537
f 355/369/538 356/374/539 350/357/540
f 350/357/541 356/374/539 351/359/542
f 334/370/26 335/375/25 371/371/543
f 371/371/543 335/375/25 372/376/544
f 371/371/543 372/376/545 366/372/546
f 366/372/546 372/376/544 367/377/547
f 366/372/548 367/377/549 361/373/550
f 361/373/550 367/377/549 362/378/551
f 361/373/550 362/378/552 356/374/553
f 356/374/554 362/378/552 357/379/555
f 356/374/556 357/379/557 351/359/491
f 351/359/491 357/379/557 352/361/492
f 335/375/24 336/380/23 372/376/558
f 372/376/559 336/380/23 337/381/23
f 372/376/559 337/381/23 367/377/560
f 367/377/560 337/381/23 338/382/23
f 367/377/560 338/382/561 362/378/562
f 362/378/562 338/382/561 339/383/561
f 362/378/563 339/383/561 357/379/564
f 357/379/564 339/383/561 340/384/561
f 357/379/564 340/384/109 352/361/495
f 352/361/495 340/384/109 341/363/109
f 389/385/565 200/386/60 390/387/566
f 390/387/566 200/386/567 373/388/206
f 390/387/568 373/388/569 392/389/570
f 392/389/571 373/388/572 374/390/573
f 392/389/574 374/390/575 396/391/576
f 396/391/577 374/390/198 375/392/197
f 396/391/577 375/392/578 401/393/579
f 401/393/580 375/392/581 376/394/582
f 401/393/583 376/394/584 406/395/585
f 406/395/586 376/394/587 377/396/588
f 406/395/586 377/396/589 410/397/590
f 410/397/591 377/396/181 378/398/180
f 410/397/592 378/398/22 379/399/21
f 410/397/593 379/399/594 411/400/595
f 411/400/595 379/399/20 380/401/19
f 411/400/596 380/401/597 407/402/598
f 407/402/598 380/401/597 408/403/599
f 407/402/600 408/403/601 402/404/602
f 402/404/602 408/403/601 403/405/603
f 402/404/604 403/405/605 397/406/606
f 397/406/606 403/405/607 398/407/608
f 397/406/609 398/407/610 393/408/611
f 393/408/611 398/407/610 394/409/612
f 393/408/613 394/409/614 388/410/615
f 388/410/616 394/409/617 387/411/618
f 387/411/619 394/409/617 395/412/620
f 387/411/621 395/412/620 386/413/622
f 386/413/623 395/412/624 399/414/625
f 386/413/623 399/414/625 400/415/626
f 400/415/627 399/414/628 405/416/629
f 400/415/630 405/416/631 384/417/632
f 384/417/11 405/416/631 383/418/12
f 383/418/13 405/416/633 382/419/14
f 382/419/634 405/416/635 404/420/636
f 382/419/637 404/420/636 409/421/638
f 409/421/639 404/420/640 403/405/641
f 409/421/639 403/405/641 408/403/642
f 380/401/18 381/422/17 408/403/643
f 408/403/643 381/422/644 409/421/645
f 381/422/17 382/419/15 409/421/645
f 384/417/646 385/423/647 400/415/630
f 400/415/648 385/423/649 386/413/650
f 393/408/613 388/410/615 391/424/651
f 391/424/652 388/410/653 389/385/654
f 391/424/652 389/385/655 390/387/656
f 393/408/657 391/424/658 390/387/659
f 397/406/660 393/408/661 392/389/662
f 392/389/663 393/408/657 390/387/664
f 399/414/665 395/412/666 394/409/667
f 399/414/665 394/409/668 398/407/669
f 402/404/670 397/406/606 396/391/671
f 396/391/672 397/406/673 392/389/662
f 403/405/674 404/420/675 398/407/676
f 398/407/676 404/420/677 399/414/678
f 404/420/679 405/416/629 399/414/628
f 407/402/680 402/404/681 401/393/682
f 401/393/683 402/404/670 396/391/684
f 411/400/685 407/402/686 406/395/687
f 406/395/688 407/402/680 401/393/682
f 410/397/689 411/400/685 406/395/690
f 383/425/355 412/426/355 384/427/11
f 384/427/11 412/426/55 413/428/55
f 384/427/11 413/428/355 294/429/11
f 294/429/11 413/428/355 295/430/355
f 295/430/13 413/428/13 296/431/14
f 296/431/14 413/428/13 415/432/14
f 296/431/15 415/432/15 297/433/691
f 297/433/691 415/432/15 417/434/691
f 297/433/692 417/434/692 298/435/18
f 298/435/18 417/434/49 419/436/18
f 298/435/19 419/436/19 299/437/20
f 299/437/20 419/436/19 421/438/20
f 299/437/21 421/438/21 300/439/22
f 300/439/22 421/438/21 420/440/21
f 300/439/22 420/440/21 378/441/22
f 378/441/22 420/440/21 379/442/21
f 379/442/20 420/440/20 380/443/376
f 380/443/19 420/440/20 418/444/19
f 380/443/18 418/444/18 381/445/49
f 381/445/692 418/444/18 416/446/692
f 381/445/691 416/446/691 382/447/15
f 382/447/15 416/446/691 414/448/15
f 382/447/14 414/448/14 383/425/13
f 383/425/13 414/448/14 412/426/13
f 415/432/14 413/428/13 412/426/13
f 415/432/14 412/426/13 414/448/14
f 417/434/691 415/432/15 414/448/15
f 417/434/691 414/448/15 416/446/691
f 419/436/18 417/434/692 416/446/692
f 419/436/18 416/446/49 418/444/18
f 421/438/20 419/436/19 418/444/19
f 421/438/20 418/444/19 420/440/20
f 444/348/693 422/349/694 445/449/695
f 445/449/696 422/349/694 423/450/697
f 445/449/698 423/450/699 450/451/700
f 450/451/700 423/450/699 424/452/701
f 450/451/702 424/452/703 455/453/704
f 455/453/705 424/452/706 425/454/707
f 455/453/708 425/454/272 460/455/709
f 460/455/709 425/454/272 426/456/216
f 460/455/710 426/456/711 465/457/712
f 465/457/712 426/456/711 427/458/713
f 465/457/714 427/458/210 428/459/715
f 428/459/715 427/458/208 198/460/716
f 428/459/203 429/461/202 465/457/717
f 465/457/717 429/461/202 466/462/718
f 465/457/719 466/462/720 460/455/721
f 460/455/721 466/462/720 461/463/722
f 460/455/723 461/463/724 455/453/725
f 455/453/726 461/463/724 456/464/727
f 455/453/725 456/464/727 450/451/728
f 450/451/728 456/464/729 451/465/730
f 450/451/731 451/465/732 445/449/733
f 445/449/733 451/465/732 446/466/734
f 445/449/735 446/466/736 444/348/737
f 444/348/737 446/466/736 443/350/247
f 443/350/30 446/466/738 447/467/739
f 443/350/740 447/467/739 442/365/29
f 442/365/51 447/467/741 448/468/742
f 442/365/28 448/468/743 441/370/744
f 441/370/26 448/468/745 449/469/746
f 441/370/26 449/469/746 440/375/25
f 440/375/24 449/469/747 438/470/23
f 440/375/24 438/470/23 439/380/23
f 429/461/198 430/471/748 466/462/749
f 466/462/749 430/471/197 467/472/750
f 466/462/751 467/472/752 461/463/753
f 461/463/753 467/472/752 462/473/754
f 461/463/755 462/473/754 456/464/756
f 456/464/756 462/473/754 457/474/757
f 456/464/758 457/474/759 451/465/760
f 451/465/761 457/474/759 452/475/762
f 451/465/763 452/475/764 446/466/765
f 446/466/766 452/475/764 447/467/767
f 430/471/768 431/476/582 467/472/769
f 467/472/770 431/476/582 468/477/771
f 467/472/772 468/477/773 462/473/774
f 462/473/774 468/477/771 463/478/775
f 462/473/776 463/478/777 457/474/778
f 457/474/779 463/478/780 458/479/781
f 457/474/782 458/479/781 452/475/783
f 452/475/784 458/479/781 453/480/785
f 452/475/764 453/480/786 447/467/787
f 447/467/788 453/480/786 448/468/789
f 431/476/587 432/481/588 468/477/790
f 468/477/790 432/481/588 469/482/791
f 468/477/790 469/482/792 463/478/793
f 463/478/793 469/482/791 464/483/794
f 463/478/795 464/483/796 458/479/797
f 458/479/797 464/483/796 459/484/798
f 458/479/797 459/484/799 453/480/800
f 453/480/801 459/484/799 454/485/802
f 453/480/803 454/485/804 448/468/745
f 448/468/745 454/485/804 449/469/805
f 432/481/181 433/486/180 469/482/806
f 469/482/806 433/486/180 434/487/180
f 469/482/806 434/487/180 464/483/807
f 464/483/807 434/487/180 435/488/180
f 464/483/807 435/488/808 459/484/809
f 459/484/809 435/488/808 436/489/808
f 459/484/810 436/489/808 454/485/811
f 454/485/811 436/489/808 437/490/808
f 454/485/811 437/490/23 449/469/747
f 449/469/747 437/490/23 438/470/23
f 492/491/812 470/492/813 493/493/814
f 493/493/815 470/492/813 471/494/816
f 493/493/817 471/494/818 498/495/819
f 498/495/819 471/494/820 472/496/821
f 498/495/822 472/496/823 503/497/824
f 503/497/825 472/496/823 473/498/826
f 503/497/827 473/498/828 508/499/829
f 508/499/830 473/498/831 474/500/832
f 508/499/833 474/500/834 513/501/835
f 513/501/835 474/500/834 475/502/836
f 513/501/837 475/502/838 476/336/839
f 476/336/839 475/502/840 205/337/841
f 476/336/842 477/356/843 513/501/844
f 513/501/844 477/356/843 514/503/845
f 513/501/846 514/503/847 508/499/848
f 508/499/848 514/503/847 509/504/849
f 508/499/850 509/504/851 503/497/852
f 503/497/853 509/504/854 504/505/855
f 503/497/856 504/505/857 498/495/858
f 498/495/858 504/505/859 499/506/860
f 498/495/861 499/506/862 493/493/863
f 493/493/863 499/506/864 494/507/865
f 493/493/866 494/507/867 492/491/343
f 492/491/343 494/507/867 491/508/868
f 491/508/15 494/507/869 495/509/870
f 491/508/15 495/509/871 490/510/17
f 490/510/17 495/509/872 496/511/873
f 490/510/874 496/511/873 489/512/18
f 489/512/19 496/511/875 497/513/876
f 489/512/19 497/513/876 488/514/20
f 488/514/21 497/513/877 486/515/22
f 488/514/21 486/515/22 487/516/22
f 477/356/479 478/358/483 514/503/878
f 514/503/878 478/358/879 515/517/880
f 514/503/881 515/517/882 509/504/883
f 509/504/884 515/517/882 510/518/885
f 509/504/883 510/518/886 504/505/887
f 504/505/888 510/518/886 505/519/889
f 504/505/890 505/519/891 499/506/892
f 499/506/892 505/519/891 500/520/893
f 499/506/894 500/520/895 494/507/896
f 494/507/896 500/520/897 495/509/898
f 478/358/879 479/360/899 515/517/900
f 515/517/901 479/360/902 516/521/903
f 515/517/904 516/521/905 510/518/906
f 510/518/885 516/521/903 511/522/907
f 510/518/908 511/522/909 505/519/910
f 505/519/911 511/522/907 506/523/912
f 505/519/913 506/523/912 500/520/914
f 500/520/915 506/523/912 501/524/916
f 500/520/897 501/524/917 495/509/918
f 495/509/918 501/524/917 496/511/919
f 479/360/490 480/362/493 516/521/920
f 516/521/920 480/362/493 517/525/921
f 516/521/920 517/525/921 511/522/922
f 511/522/922 517/525/921 512/526/923
f 511/522/924 512/526/925 506/523/926
f 506/523/926 512/526/925 507/527/927
f 506/523/926 507/527/928 501/524/929
f 501/524/930 507/527/928 502/528/931
f 501/524/932 502/528/933 496/511/875
f 496/511/875 502/528/933 497/513/876
f 480/362/494 481/364/109 517/525/934
f 517/525/935 481/364/109 482/529/109
f 517/525/935 482/529/109 512/526/936
f 512/526/936 482/529/109 483/530/109
f 512/526/936 483/530/937 507/527/938
f 507/527/939 483/530/937 484/531/937
f 507/527/940 484/531/937 502/528/941
f 502/528/941 484/531/937 485/532/937
f 502/528/941 485/532/22 497/513/877
f 497/513/877 485/532/22 486/515/22
f 347/533/942 518/534/942 208/535/943
f 208/535/943 518/534/942 519/536/942
f 208/535/943 519/536/942 205/537/943
f 205/537/943 519/536/942 476/538/942
f 476/538/944 519/536/944 477/539/945
f 477/539/945 519/536/944 521/540/945
f 477/539/479 521/540/479 478/541/946
f 478/541/946 521/540/479 523/542/946
f 478/541/484 523/542/484 479/543/902
f 479/543/902 523/542/484 525/544/902
f 479/543/490 525/544/490 480/545/493
f 480/545/493 525/544/490 527/546/493
f 480/545/494 527/546/494 481/547/109
f 481/547/109 527/546/494 526/548/494
f 481/547/109 526/548/494 342/549/109
f 342/549/109 526/548/494 343/550/494
f 343/550/493 526/548/493 344/551/490
f 344/551/490 526/548/493 524/552/490
f 344/551/902 524/552/902 345/553/484
f 345/553/484 524/552/902 522/554/484
f 345/553/946 522/554/946 346/555/479
f 346/555/479 522/554/946 520/556/479
f 346/555/945 520/556/945 347/533/944
f 347/533/944 520/556/945 518/534/944
f 521/540/945 519/536/944 518/534/944
f 521/540/945 518/534/944 520/556/945
f 523/542/946 521/540/479 520/556/479
f 523/542/946 520/556/479 522/554/946
f 525/544/902 523/542/484 522/554/484
f 525/544/902 522/554/484 524/552/902
f 527/546/493 525/544/490 524/552/490
f 527/546/493 524/552/490 526/548/493
f 550/557/21 528/558/22 551/559/947
f 551/559/947 528/558/22 529/560/22
f 551/559/947 529/560/22 556/561/948
f 556/561/948 529/560/22 530/562/22
f 556/561/948 530/562/949 561/563/950
f 561/563/950 530/562/949 531/564/949
f 561/563/951 531/564/180 566/565/952
f 566/565/952 531/564/949 532/566/949
f 566/565/952 532/566/180 571/567/953
f 571/567/953 532/566/180 533/568/180
f 571/567/953 533/568/180 535/569/181
f 535/569/181 533/568/180 534/570/180
f 535/569/588 536/571/587 571/567/954
f 571/567/954 536/571/587 572/572/955
f 571/567/954 572/572/955 566/565/956
f 566/565/956 572/572/955 567/573/957
f 566/565/958 567/573/959 561/563/960
f 561/563/960 567/573/959 562/574/961
f 561/563/962 562/574/961 556/561/963
f 556/561/963 562/574/961 557/575/964
f 556/561/965 557/575/966 551/559/967
f 551/559/968 557/575/966 552/576/969
f 551/559/967 552/576/969 550/557/20
f 550/557/20 552/576/969 549/577/19
f 549/577/18 552/576/970 553/578/971
f 549/577/18 553/578/972 548/579/973
f 548/579/17 553/578/974 554/580/975
f 548/579/17 554/580/976 547/581/15
f 547/581/634 554/580/977 555/582/978
f 547/581/634 555/582/978 546/583/979
f 546/583/980 555/582/981 544/494/982
f 546/583/980 544/494/983 545/492/632
f 536/571/582 537/584/984 572/572/985
f 572/572/985 537/584/748 573/585/986
f 572/572/987 573/585/988 567/573/989
f 567/573/989 573/585/990 568/586/991
f 567/573/992 568/586/993 562/574/994
f 562/574/994 568/586/993 563/587/995
f 562/574/994 563/587/996 557/575/997
f 557/575/998 563/587/996 558/588/999
f 557/575/1000 558/588/1001 552/576/970
f 552/576/1002 558/588/1003 553/578/971
f 537/584/197 538/589/198 573/585/1004
f 573/585/1004 538/589/198 574/590/1005
f 573/585/1006 574/590/1007 568/586/991
f 568/586/991 574/590/1007 569/591/1008
f 568/586/1009 569/591/1010 563/587/1011
f 563/587/1011 569/591/1008 564/592/1012
f 563/587/1013 564/592/1014 558/588/1015
f 558/588/1015 564/592/1016 559/593/1017
f 558/588/1003 559/593/1018 553/578/1019
f 553/578/1019 559/593/1020 554/580/1021
f 538/589/573 539/594/569 574/590/1022
f 574/590/1022 539/594/569 575/595/1023
f 574/590/1024 575/595/1025 569/591/1026
f 569/591/1026 575/595/1025 570/596/1027
f 569/591/1028 570/596/1029 564/592/1030
f 564/592/1030 570/596/1029 565/597/1031
f 564/592/1032 565/597/1031 559/593/1033
f 559/593/1034 565/597/1035 560/598/1036
f 559/593/1037 560/598/1038 554/580/1039
f 554/580/1039 560/598/1038 555/582/1040
f 539/594/1041 197/337/567 575/595/1042
f 575/595/1043 197/337/567 540/502/655
f 575/595/1044 540/502/1045 570/596/1046
f 570/596/1046 540/502/1045 541/500/1047
f 570/596/1048 541/500/1049 565/597/1050
f 565/597/1050 541/500/1049 542/498/619
f 565/597/1051 542/498/619 560/598/1052
f 560/598/1052 542/498/1053 543/496/1054
f 560/598/1055 543/496/1056 555/582/1057
f 555/582/1057 543/496/623 544/494/1058
f 432/599/181 576/600/181 433/601/180
f 433/601/180 576/600/181 577/602/181
f 433/601/180 577/602/181 534/603/180
f 534/603/180 577/602/181 535/604/181
f 535/604/588 577/602/588 536/605/587
f 536/605/587 577/602/588 579/606/587
f 536/605/582 579/606/582 537/607/1059
f 537/607/1059 579/606/582 581/608/1059
f 537/607/197 581/608/197 538/609/198
f 538/609/198 581/608/197 583/610/198
f 538/609/1060 583/610/1060 539/611/572
f 539/611/572 583/610/1060 585/612/572
f 539/611/206 585/612/206 197/613/207
f 197/613/207 585/612/206 584/614/206
f 197/613/207 584/614/206 198/615/207
f 198/615/207 584/614/206 428/616/206
f 428/616/572 584/614/572 429/617/1060
f 429/617/1060 584/614/572 582/618/1060
f 429/617/198 582/618/198 430/619/197
f 430/619/197 582/618/198 580/620/197
f 430/619/1059 580/620/1059 431/621/582
f 431/621/582 580/620/1059 578/622/582
f 431/621/587 578/622/587 432/599/588
f 432/599/588 578/622/587 576/600/588
f 579/606/587 577/602/588 576/600/588
f 579/606/587 576/600/588 578/622/587
f 581/608/1059 579/606/582 578/622/582
f 581/608/1059 578/622/582 580/620/1059
f 583/610/198 581/608/197 580/620/197
f 583/610/198 580/620/197 582/618/198
f 585/612/572 583/610/1060 582/618/1060
f 585/612/572 582/618/1060 584/614/572
f 197/623/60 200/624/60 586/625/1061
f 586/625/565 200/624/60 389/626/565
f 586/625/654 389/626/654 587/627/653
f 587/627/653 389/626/654 388/628/653
f 587/627/616 388/628/616 588/629/1062
f 588/629/1062 388/628/1063 387/630/1062
f 588/629/1064 387/630/1064 589/631/1065
f 589/631/622 387/630/1064 386/632/622
f 589/631/650 386/632/650 590/633/649
f 590/633/649 386/632/650 385/634/649
f 590/633/1066 385/634/1066 384/635/646
f 384/635/646 545/636/646 590/633/1066
f 590/633/1066 545/636/646 544/637/1066
f 590/633/649 544/637/649 589/631/650
f 589/631/650 544/637/649 543/638/650
f 589/631/622 543/638/622 588/629/1064
f 588/629/1064 543/638/1065 542/639/1064
f 588/629/1062 542/639/1062 587/627/1063
f 587/627/616 542/639/1062 541/640/616
f 587/627/653 541/640/653 586/625/654
f 586/625/654 541/640/653 540/641/654
f 586/625/565 540/641/565 197/623/60
f 492/642/355 591/643/355 470/644/11
f 470/644/11 591/643/355 592/645/355
f 470/644/11 592/645/55 545/646/11
f 545/646/11 592/645/355 593/647/355
f 545/646/11 593/647/355 546/648/355
f 546/648/13 593/647/13 547/649/14
f 547/649/14 593/647/13 596/650/14
f 547/649/15 596/650/15 548/651/16
f 548/651/16 596/650/15 599/652/16
f 548/651/692 599/652/692 549/653/18
f 549/653/18 599/652/692 602/654/18
f 549/653/19 602/654/19 550/655/20
f 550/655/20 602/654/19 605/656/20
f 550/655/21 605/656/21 528/657/22
f 528/657/22 605/656/21 604/658/21
f 528/657/22 604/658/21 487/659/22
f 487/659/22 604/658/21 603/660/21
f 487/659/22 603/660/21 488/661/21
f 488/661/20 603/660/20 489/662/19
f 489/662/19 603/660/20 600/663/19
f 489/662/18 600/663/18 490/664/692
f 490/664/692 600/663/18 597/665/692
f 490/664/16 597/665/16 491/666/15
f 491/666/15 597/665/16 594/667/15
f 491/666/14 594/667/14 492/642/13
f 492/642/13 594/667/14 591/643/13
f 596/650/14 593/647/13 592/645/13
f 592/645/13 591/643/13 595/668/14
f 595/668/14 591/643/13 594/667/14
f 595/668/15 594/667/15 598/669/16
f 598/669/16 594/667/15 597/665/16
f 598/669/692 597/665/692 601/670/18
f 601/670/18 597/665/692 600/663/18
f 601/670/19 600/663/19 604/658/20
f 604/658/20 600/663/19 603/660/20
f 599/652/16 596/650/15 595/668/15
f 595/668/14 596/650/14 592/645/13
f 599/652/16 595/668/15 598/669/16
f 602/654/18 599/652/692 598/669/692
f 602/654/18 598/669/692 601/670/18
f 605/656/20 602/654/19 601/670/19
f 605/656/20 601/670/19 604/658/20
f 470/623/353 606/671/353 471/641/1067
f 471/641/1067 606/671/353 607/672/1067
f 471/641/820 607/672/820 472/640/1068
f 472/640/1068 607/672/820 608/673/1068
f 472/640/1069 608/673/1069 473/639/1070
f 473/639/1070 608/673/1071 609/674/1070
f 473/639/828 609/674/828 474/638/1072
f 474/638/1072 609/674/828 610/675/1072
f 474/638/1073 610/675/1073 475/637/1074
f 475/637/1074 610/675/1073 611/676/1074
f 475/637/840 611/676/840 205/636/1075
f 205/636/1075 611/676/840 206/677/1075
f 612/678/353 613/679/1076 622/680/353
f 622/680/353 613/679/1077 607/681/1067
f 622/680/353 607/681/1067 621/682/353
f 621/682/353 607/681/1078 606/683/353
f 613/679/1079 614/684/1080 607/681/820
f 607/681/820 614/684/1080 608/685/1068
f 608/685/1069 614/684/1081 615/686/1082
f 608/685/1069 615/686/1083 609/687/1070
f 609/687/1084 615/686/1085 616/688/325
f 609/687/826 616/688/325 610/689/1072
f 610/689/834 616/688/1086 617/690/324
f 610/689/834 617/690/324 611/691/836
f 611/691/1087 617/690/1088 619/692/1089
f 611/691/1087 619/692/1089 620/693/1090
f 617/690/1091 618/694/318 619/692/1089
f 620/693/1092 206/695/1075 611/691/840
f 288/696/318 618/697/318 289/698/1091
f 289/698/1091 618/697/318 617/699/1091
f 289/698/1093 617/699/1093 290/700/1094
f 290/700/1095 617/699/324 616/701/1094
f 290/700/1096 616/701/1096 291/702/1085
f 291/702/1097 616/701/1096 615/703/1097
f 291/702/345 615/703/345 292/704/346
f 292/704/346 615/703/345 614/705/346
f 292/704/1080 614/705/348 293/706/1098
f 293/706/1098 614/705/1080 613/707/1098
f 293/706/1077 613/707/352 294/708/813
f 294/708/353 613/707/1077 612/709/353
f 335/710/24 623/711/24 336/712/23
f 336/712/23 623/711/24 624/713/24
f 336/712/23 624/713/24 439/714/23
f 439/714/23 624/713/24 625/715/24
f 439/714/23 625/715/24 440/716/24
f 440/716/25 625/715/25 441/717/26
f 441/717/26 625/715/25 628/718/26
f 441/717/27 628/718/27 442/719/28
f 442/719/28 628/718/27 631/720/28
f 442/719/29 631/720/29 443/721/30
f 443/721/30 631/720/52 634/722/30
f 443/721/31 634/722/31 444/723/32
f 444/723/32 634/722/31 637/724/32
f 444/723/33 637/724/33 422/725/34
f 422/725/34 637/724/33 636/726/33
f 422/725/34 636/726/33 330/727/34
f 330/727/34 636/726/33 635/728/33
f 330/727/34 635/728/33 331/729/33
f 331/729/32 635/728/32 332/730/31
f 332/730/31 635/728/32 632/731/31
f 332/730/30 632/731/30 333/732/52
f 333/732/52 632/731/30 629/733/52
f 333/732/28 629/733/28 334/734/27
f 334/734/27 629/733/28 626/735/27
f 334/734/26 626/735/26 335/710/25
f 335/710/25 626/735/26 623/711/25
f 628/718/26 625/715/25 624/713/25
f 624/713/25 623/711/25 627/736/26
f 627/736/26 623/711/25 626/735/26
f 627/736/27 626/735/27 630/737/51
f 630/737/28 626/735/27 629/733/28
f 630/737/52 629/733/52 633/738/30
f 633/738/30 629/733/52 632/731/30
f 633/738/31 632/731/31 636/726/32
f 636/726/32 632/731/31 635/728/32
f 631/720/51 628/718/27 627/736/27
f 627/736/26 628/718/26 624/713/25
f 631/720/28 627/736/27 630/737/28
f 634/722/30 631/720/52 630/737/52
f 634/722/30 630/737/52 633/738/30
f 637/724/32 634/722/31 633/738/31
f 637/724/32 633/738/31 636/726/32
f 199/739/59 198/740/59 638/741/1099
f 638/741/208 198/740/59 427/742/208
f 638/741/213 427/742/213 639/743/214
f 639/743/214 427/742/213 426/744/214
f 639/743/268 426/744/268 640/745/1100
f 640/745/1101 426/744/268 425/746/1101
f 640/745/274 425/746/274 641/747/1102
f 641/747/1102 425/746/1103 424/748/1102
f 641/747/1104 424/748/1104 642/749/256
f 642/749/256 424/748/258 423/750/256
f 642/749/1105 423/750/1105 422/751/254
f 422/751/254 260/752/254 642/749/255
f 642/749/1105 260/752/254 259/753/1105
f 642/749/256 259/753/256 641/747/1104
f 641/747/1104 259/753/256 258/754/1104
f 641/747/1102 258/754/1102 640/745/1103
f 640/745/274 258/754/1102 257/755/274
f 640/745/1101 257/755/1101 639/743/268
f 639/743/268 257/755/1100 256/756/268
f 639/743/214 256/756/214 638/741/213
f 638/741/213 256/756/1106 255/757/213
f 638/741/208 255/757/208 199/739/59
f 254/545/206 643/546/206 199/547/207
f 199/547/207 643/546/206 644/548/206
f 199/547/207 644/548/206 200/549/207
f 200/549/207 644/548/206 373/550/206
f 373/550/572 644/548/572 374/551/1060
f 374/551/1060 644/548/572 646/552/1060
f 374/551/198 646/552/198 375/553/1107
f 375/553/1107 646/552/198 648/554/1107
f 375/553/581 648/554/581 376/555/582
f 376/555/582 648/554/1108 650/556/582
f 376/555/587 650/556/587 377/533/588
f 377/533/588 650/556/587 652/534/588
f 377/533/181 652/534/181 378/535/180
f 378/535/180 652/534/181 651/536/181
f 378/535/180 651/536/181 249/537/180
f 249/537/180 651/536/181 250/538/181
f 250/538/588 651/536/588 251/539/587
f 251/539/587 651/536/588 649/540/587
f 251/539/582 649/540/582 252/541/193
f 252/541/581 649/540/582 647/542/581
f 252/541/1107 647/542/1107 253/543/198
f 253/543/198 647/542/1107 645/544/198
f 253/543/1060 645/544/1060 254/545/572
f 254/545/572 645/544/1060 643/546/572
f 646/552/1060 644/548/572 643/546/572
f 646/552/1060 643/546/572 645/544/1060
f 648/554/1107 646/552/198 645/544/198
f 648/554/1107 645/544/198 647/542/1107
f 650/556/582 648/554/581 647/542/581
f 650/556/582 647/542/1108 649/540/582
f 652/534/588 650/556/587 649/540/587
f 652/534/588 649/540/587 651/536/588
f 208/623/1109 207/671/1109 325/641/1110
f 325/641/1110 207/671/1109 653/672/1110
f 325/641/435 653/672/435 326/640/1111
f 326/640/1111 653/672/435 654/673/1111
f 326/640/1112 654/673/1112 327/639/1113
f 327/639/1113 654/673/1112 655/674/1113
f 327/639/446 655/674/446 328/638/1114
f 328/638/1114 655/674/446 656/675/1114
f 328/638/1115 656/675/1115 329/637/1116
f 329/637/1116 656/675/1115 657/676/1116
f 329/637/455 657/676/455 330/636/1117
f 330/636/1117 657/676/455 658/677/1117
f 659/758/1118 660/759/1119 669/760/1120
f 669/760/1120 660/759/1121 668/761/1122
f 668/761/1122 660/759/1121 653/691/431
f 668/761/1123 653/691/1110 207/695/1109
f 660/759/1124 661/762/1125 653/691/433
f 653/691/433 661/762/1125 654/689/1126
f 654/689/1112 661/762/1127 662/763/1128
f 654/689/1112 662/763/1128 655/687/1129
f 655/687/1130 662/763/1131 663/764/1132
f 655/687/1130 663/764/1133 656/685/1134
f 656/685/1115 663/764/1135 664/765/1136
f 656/685/1115 664/765/71 657/681/1116
f 657/681/455 664/765/1137 667/766/1117
f 657/681/1138 667/766/1117 658/683/1117
f 665/767/1117 666/768/1117 664/765/1137
f 664/765/1137 666/768/1117 667/766/1117
f 659/769/1118 218/770/1118 660/771/1139
f 660/771/1139 218/770/1118 217/772/1119
f 660/771/137 217/772/1124 661/773/1140
f 661/773/1140 217/772/137 216/774/1141
f 661/773/1127 216/774/1127 662/775/79
f 662/775/79 216/774/1127 215/776/79
f 662/775/75 215/776/1131 663/777/1132
f 663/777/74 215/776/75 214/778/74
f 663/777/72 214/778/1135 664/779/71
f 664/779/71 214/778/1135 213/780/71
f 664/779/66 213/780/1137 665/781/1117
f 665/781/1117 213/780/1137 212/782/1117
f 211/783/1142 223/784/110 203/785/1143
f 203/785/1143 223/784/386 222/786/1144
f 203/785/1143 222/786/1145 673/787/1145
f 673/787/1145 222/786/1145 676/788/118
f 673/787/389 676/788/1146 677/789/1146
f 677/789/393 676/788/393 680/790/1147
f 677/789/393 680/790/1147 681/791/1147
f 681/791/1148 680/790/1148 684/792/1149
f 681/791/1148 684/792/1149 305/793/1149
f 305/793/1150 684/792/1150 288/794/315
f 288/794/315 684/792/1150 683/795/1150
f 288/794/315 683/795/1150 218/796/315
f 218/796/315 683/795/1150 682/797/1150
f 218/796/315 682/797/1150 219/798/1150
f 219/798/1149 682/797/1149 220/799/1148
f 220/799/1148 682/797/1149 679/800/1148
f 220/799/1147 679/800/1147 221/619/393
f 221/619/393 679/800/1147 676/788/393
f 221/619/1146 676/788/1146 222/786/1145
f 211/783/1151 210/801/1152 223/784/110
f 223/784/1153 210/801/1152 224/802/109
f 224/802/61 210/801/1154 209/803/61
f 305/793/1149 304/804/1148 681/791/1148
f 681/791/1147 304/804/1147 678/805/393
f 681/791/1147 678/805/393 677/789/393
f 677/789/1146 678/805/1146 674/806/389
f 677/789/1146 674/806/1145 673/787/1145
f 673/787/1145 674/806/1145 203/785/1155
f 304/804/1147 303/607/393 678/805/393
f 678/805/1146 303/607/1146 675/807/1145
f 678/805/1146 675/807/1145 674/806/1145
f 674/806/1145 675/807/1145 204/808/1143
f 674/806/1145 204/808/1143 203/785/1143
f 303/607/1146 302/809/1145 675/807/1145
f 675/807/1145 302/809/1145 204/808/1143
f 302/809/1144 301/810/386 204/808/1143
f 204/808/1143 301/810/110 672/811/1142
f 672/811/1151 301/810/110 671/812/1152
f 671/812/1152 301/810/1153 300/813/109
f 671/812/1154 300/813/61 670/814/61
f 680/790/1147 676/788/393 679/800/1147
f 682/797/1149 683/795/1149 679/800/1148
f 679/800/1148 683/795/1149 680/790/1148
f 683/795/1149 684/792/1149 680/790/1148
f 229/815/33 685/816/33 212/817/34
f 212/817/34 685/816/277 686/818/277
f 212/817/34 686/818/33 260/819/34
f 260/819/34 686/818/33 261/820/33
f 261/820/32 686/818/32 262/821/31
f 262/821/31 686/818/32 688/822/31
f 262/821/30 688/822/30 263/823/29
f 263/823/29 688/822/30 690/824/29
f 263/823/28 690/824/28 264/825/27
f 264/825/27 690/824/28 692/826/27
f 264/825/26 692/826/26 265/827/25
f 265/827/25 692/826/26 694/828/25
f 265/827/24 694/828/24 249/829/23
f 249/829/23 694/828/24 693/830/24
f 249/829/23 693/830/24 224/831/23
f 224/831/23 693/830/24 225/832/24
f 225/832/25 693/830/25 226/833/26
f 226/833/26 693/830/25 691/834/26
f 226/833/27 691/834/27 227/835/28
f 227/835/28 691/834/27 689/836/28
f 227/835/29 689/836/29 228/837/30
f 228/837/30 689/836/29 687/838/30
f 228/837/31 687/838/31 229/815/32
f 229/815/32 687/838/31 685/816/32
f 688/822/31 686/818/32 685/816/32
f 688/822/31 685/816/32 687/838/31
f 690/824/29 688/822/30 687/838/30
f 690/824/29 687/838/30 689/836/29
f 692/826/27 690/824/28 689/836/28
f 692/826/27 689/836/28 691/834/27
f 694/828/25 692/826/26 691/834/26
f 694/828/25 691/834/26 693/830/25
f 618/839/1156 288/840/1156 659/841/1156
f 659/841/1156 288/840/1156 218/842/1156
f 294/843/62 612/844/62 384/845/62
f 384/845/62 612/844/62 622/846/62
f 384/845/62 622/846/62 621/847/62
f 621/847/62 606/210/62 384/845/62
f 384/845/62 606/210/62 545/848/62
f 545/848/62 606/210/62 470/156/62
f 696/849/61 342/850/61 695/851/61
f 695/851/61 342/850/61 341/852/61
f 695/851/61 341/852/61 340/853/61
f 697/854/61 487/855/61 696/849/61
f 696/849/61 487/855/61 486/856/61
f 696/849/61 486/856/61 485/857/61
f 698/858/61 433/859/61 697/854/61
f 697/854/61 433/859/61 534/860/61
f 697/854/61 534/860/61 533/861/61
f 695/851/61 336/862/61 698/858/61
f 698/858/61 336/862/61 439/863/61
f 698/858/61 439/863/61 438/864/61
f 533/861/61 532/865/61 697/854/61
f 697/854/61 532/865/61 531/866/61
f 697/854/61 531/866/61 530/867/61
f 530/867/61 529/868/61 697/854/61
f 697/854/61 529/868/61 528/869/61
f 697/854/61 528/869/61 487/855/61
f 485/857/61 484/870/61 696/849/61
f 696/849/61 484/870/61 483/871/61
f 696/849/61 483/871/61 482/872/61
f 482/872/61 481/873/61 696/849/61
f 696/849/61 481/873/61 342/850/61
f 340/853/61 339/874/61 695/851/61
f 695/851/61 339/874/61 338/875/61
f 695/851/61 338/875/61 337/876/61
f 337/876/61 336/862/61 695/851/61
f 438/864/61 437/877/61 698/858/61
f 698/858/61 437/877/61 436/878/61
f 698/858/61 436/878/61 435/879/61
f 435/879/61 434/880/61 698/858/61
f 698/858/61 434/880/61 433/859/61
f 330/848/1157 658/881/1157 422/156/1157
f 422/156/1157 658/881/1157 260/168/1157
f 260/168/1157 658/881/1157 667/882/1157
f 260/168/1157 667/882/1157 666/883/1157
f 666/883/1157 665/884/1157 260/168/1157
f 260/168/1157 665/884/1157 212/885/1157
f 207/886/57 206/887/57 668/888/1158
f 668/888/1158 206/887/57 620/889/1158
f 668/888/1159 620/889/1159 669/890/1160
f 669/890/1160 620/889/1159 619/891/1160
f 669/890/1160 619/891/1160 659/892/1156
f 659/892/1156 619/891/1160 618/893/1156
f 209/894/61 196/216/61 224/895/61
f 224/895/61 196/216/61 249/896/61
f 249/896/61 196/216/61 378/897/61
f 378/897/61 196/216/61 195/214/61
f 378/897/61 195/214/61 300/898/61
f 300/898/61 195/214/61 670/899/61
f 715/900/1161 696/901/22 717/902/1162
f 717/902/1163 696/901/109 699/903/494
f 717/902/1164 699/903/1165 716/904/1166
f 716/904/1167 699/903/1168 700/905/490
f 716/904/1169 700/905/1170 720/906/1171
f 720/906/1171 700/905/1170 719/907/1172
f 720/906/1173 719/907/1174 725/908/1175
f 725/908/1175 719/907/1174 724/909/1176
f 725/908/1177 724/909/1178 730/910/1179
f 730/910/1179 724/909/1178 729/911/1180
f 730/910/1181 729/911/1182 734/912/1183
f 734/912/1184 729/911/1185 733/913/1186
f 734/912/1187 733/913/1188 708/914/823
f 708/914/1069 733/913/1189 707/915/1190
f 707/915/826 733/913/1191 732/916/1192
f 707/915/1193 732/916/1194 706/917/1072
f 706/917/834 732/916/1195 728/918/1196
f 706/917/832 728/918/1197 727/919/1198
f 727/919/1199 728/918/1200 722/920/1201
f 727/919/1202 722/920/1203 704/921/943
f 704/921/841 722/920/1204 703/922/839
f 703/922/944 722/920/1205 702/923/843
f 702/923/1206 722/920/1207 723/924/1208
f 702/923/843 723/924/1209 718/925/1210
f 718/925/1211 723/924/1212 724/909/1213
f 718/925/1214 724/909/1213 719/907/1215
f 700/905/899 701/926/879 719/907/1216
f 719/907/1217 701/926/1218 718/925/1214
f 701/926/1219 702/923/1220 718/925/1221
f 704/921/1075 705/927/1222 727/919/1223
f 727/919/1198 705/927/836 706/917/1073
f 734/912/1187 708/914/823 736/928/1224
f 736/928/1225 708/914/1068 709/929/820
f 736/928/1226 709/929/816 737/930/1227
f 737/930/1228 709/929/1229 710/931/353
f 737/930/1230 710/931/11 711/932/55
f 737/930/1227 711/932/343 735/933/1231
f 735/933/1232 711/932/343 712/934/356
f 735/933/1233 712/934/1234 731/935/1235
f 731/935/1236 712/934/15 713/936/359
f 731/935/1236 713/936/359 726/937/1237
f 726/937/1237 713/936/17 714/938/1238
f 726/937/1239 714/938/377 721/939/1240
f 721/939/1241 714/938/19 715/900/20
f 721/939/1242 715/900/1243 717/902/1244
f 721/939/1245 717/902/1246 716/904/1247
f 726/937/1248 721/939/1245 720/906/1249
f 720/906/1250 721/939/1245 716/904/1247
f 726/937/1251 720/906/1249 725/908/1252
f 729/911/1253 724/909/1254 723/924/1255
f 729/911/1256 723/924/1255 728/918/1257
f 728/918/1258 723/924/1259 722/920/1201
f 731/935/1260 726/937/1261 725/908/1262
f 731/935/1260 725/908/1262 730/910/1263
f 733/913/1264 729/911/1265 728/918/1266
f 732/916/1192 733/913/1191 728/918/1267
f 735/933/1268 731/935/1269 730/910/1270
f 735/933/1271 730/910/1272 734/912/1273
f 737/930/1274 735/933/1271 734/912/1275
f 736/928/1276 737/930/1277 734/912/1278
f 754/940/181 697/941/180 755/942/1279
f 755/942/1280 697/941/22 738/943/1281
f 755/942/1282 738/943/1283 757/944/1284
f 757/944/1285 738/943/20 739/945/19
f 757/944/1286 739/945/597 761/946/1287
f 761/946/1288 739/945/1289 740/947/17
f 761/946/1290 740/947/644 766/948/1291
f 766/948/1292 740/947/691 741/949/1293
f 766/948/1292 741/949/1293 771/950/1294
f 771/950/1295 741/949/14 742/951/13
f 771/950/1296 742/951/979 775/952/1297
f 775/952/1298 742/951/12 743/953/11
f 775/952/1299 743/953/632 744/954/1066
f 775/952/1300 744/954/982 776/955/1301
f 776/955/1302 744/954/649 745/956/1303
f 776/955/1304 745/956/1054 772/957/1305
f 772/957/1305 745/956/1054 773/958/1306
f 772/957/1307 773/958/1308 767/959/1309
f 767/959/1310 773/958/1311 768/960/1312
f 767/959/1313 768/960/1314 762/961/1315
f 762/961/1315 768/960/1314 763/962/1316
f 762/961/1317 763/962/1318 758/963/1319
f 758/963/1320 763/962/1321 759/964/1322
f 758/963/1323 759/964/1324 753/965/584
f 753/965/582 759/964/1325 752/966/1059
f 752/966/748 759/964/1325 760/967/1326
f 752/966/1327 760/967/1328 751/968/1329
f 751/968/1060 760/967/1330 764/969/1331
f 751/968/1332 764/969/1331 765/970/1333
f 765/970/1334 764/969/1335 770/971/1336
f 765/970/1337 770/971/1338 749/972/567
f 749/972/60 770/971/1339 748/973/655
f 748/973/1045 770/971/1340 747/974/1047
f 747/974/1047 770/971/1340 769/975/1341
f 747/974/653 769/975/1341 774/976/1342
f 774/976/1343 769/975/1344 768/960/1345
f 774/976/1343 768/960/1346 773/958/1347
f 745/956/622 746/977/621 773/958/1306
f 773/958/1347 746/977/619 774/976/1343
f 746/977/1348 747/974/1349 774/976/1350
f 749/972/1351 750/978/1352 765/970/1353
f 765/970/1354 750/978/569 751/968/573
f 758/963/1323 753/965/584 756/979/1355
f 756/979/1356 753/965/587 754/940/588
f 756/979/1356 754/940/589 755/942/1357
f 758/963/1358 756/979/1359 755/942/1360
f 762/961/1361 758/963/1362 757/944/1363
f 757/944/1364 758/963/1358 755/942/1365
f 764/969/1366 760/967/1367 759/964/1368
f 764/969/1366 759/964/1369 763/962/1370
f 767/959/1371 762/961/1372 761/946/1373
f 761/946/1374 762/961/1375 757/944/1363
f 768/960/1376 769/975/1377 763/962/1378
f 763/962/1379 769/975/1380 764/969/1381
f 769/975/1341 770/971/1382 764/969/1335
f 772/957/1383 767/959/1384 766/948/1385
f 766/948/1386 767/959/1387 761/946/1290
f 776/955/1388 772/957/1389 771/950/1390
f 771/950/1391 772/957/1392 766/948/1393
f 775/952/1394 776/955/1388 771/950/1395
f 793/929/1396 695/931/109 794/930/1397
f 794/930/1398 695/931/561 777/932/1399
f 794/930/1400 777/932/104 796/933/1401
f 796/933/1402 777/932/25 778/934/1403
f 796/933/1404 778/934/102 800/935/1405
f 800/935/1406 778/934/27 779/936/1407
f 800/935/1408 779/936/94 805/937/1409
f 805/937/1410 779/936/93 780/938/30
f 805/937/1411 780/938/1412 810/939/1413
f 810/939/1414 780/938/31 781/900/32
f 810/939/1415 781/900/90 814/902/1416
f 814/902/1417 781/900/277 782/901/34
f 814/902/1417 782/901/1117 783/903/1418
f 814/902/1419 783/903/1420 815/904/1421
f 815/904/1422 783/903/1423 784/905/1424
f 815/904/1425 784/905/1426 811/906/1427
f 811/906/1428 784/905/1426 812/907/1429
f 811/906/1430 812/907/1431 806/908/1432
f 806/908/1432 812/907/1431 807/909/1433
f 806/908/1434 807/909/1435 801/910/1436
f 801/910/1436 807/909/1435 802/911/1437
f 801/910/1438 802/911/1437 797/912/1439
f 797/912/1439 802/911/1437 798/913/1440
f 797/912/1441 798/913/1442 792/914/1443
f 792/914/902 798/913/1444 791/915/487
f 791/915/1445 798/913/1446 799/916/1447
f 791/915/1448 799/916/1449 790/917/1206
f 790/917/478 799/916/1450 803/918/1451
f 790/917/1452 803/918/1453 804/919/1454
f 804/919/1455 803/918/1456 809/920/1457
f 804/919/1458 809/920/1459 788/921/428
f 788/921/1109 809/920/1460 787/922/1461
f 787/922/433 809/920/1460 786/923/436
f 786/923/1462 809/920/1463 808/924/1464
f 786/923/436 808/924/1465 813/925/1466
f 813/925/1467 808/924/1468 807/909/1469
f 813/925/1470 807/909/1471 812/907/1472
f 784/905/447 785/926/1473 812/907/1474
f 812/907/1472 785/926/1475 813/925/1470
f 785/926/1473 786/923/1476 813/925/1477
f 788/921/428 789/927/427 804/919/1478
f 804/919/1454 789/927/944 790/917/1479
f 797/912/1441 792/914/1443 795/928/1480
f 795/928/1481 792/914/490 793/929/493
f 795/928/1482 793/929/1483 794/930/1484
f 797/912/1485 795/928/1486 794/930/1487
f 801/910/1488 797/912/1489 796/933/1490
f 796/933/1491 797/912/1485 794/930/1487
f 803/918/1492 799/916/1493 798/913/1494
f 803/918/1495 798/913/1496 802/911/1497
f 806/908/1498 801/910/1499 800/935/1500
f 800/935/1501 801/910/1502 796/933/1491
f 807/909/1503 808/924/1504 802/911/1505
f 802/911/1505 808/924/1506 803/918/1507
f 808/924/1508 809/920/1457 803/918/1509
f 811/906/1510 806/908/1511 805/937/1512
f 805/937/1409 806/908/1513 800/935/1514
f 815/904/1421 811/906/1515 810/939/1516
f 810/939/1517 811/906/1510 805/937/1512
f 814/902/1518 815/904/1421 810/939/1516
f 833/900/54 816/901/10 835/902/1519
f 835/902/1520 816/901/353 817/903/1229
f 835/902/1521 817/903/1522 834/904/1523
f 834/904/1524 817/903/820 818/905/1068
f 834/904/1524 818/905/1525 838/906/1526
f 838/906/1527 818/905/1525 837/907/1528
f 838/906/1529 837/907/1530 843/908/1531
f 843/908/1531 837/907/1530 842/909/1532
f 843/908/1533 842/909/1534 848/910/1535
f 848/910/1535 842/909/1534 847/911/1536
f 848/910/1537 847/911/1538 852/912/1539
f 852/912/1540 847/911/1541 851/913/1542
f 852/912/1543 851/913/1544 826/914/1545
f 826/914/1546 851/913/1547 825/915/1548
f 825/915/1549 851/913/1550 850/916/1551
f 825/915/1548 850/916/1551 824/917/1552
f 824/917/1553 850/916/1554 846/918/1555
f 824/917/1553 846/918/1556 845/919/1557
f 845/919/1558 846/918/1559 840/920/1560
f 845/919/1561 840/920/1562 822/921/1075
f 822/921/1075 840/920/1563 821/922/1222
f 821/922/1074 840/920/1564 820/923/1073
f 820/923/1565 840/920/1564 841/924/1566
f 820/923/1567 841/924/1568 836/925/1569
f 836/925/1570 841/924/1571 842/909/1572
f 836/925/1570 842/909/1573 837/907/1574
f 818/905/1069 819/926/1575 837/907/1576
f 837/907/1577 819/926/1578 836/925/1570
f 819/926/1193 820/923/1072 836/925/1579
f 822/921/1580 823/927/1581 845/919/1582
f 845/919/1583 823/927/1584 824/917/1585
f 852/912/1543 826/914/1545 854/928/1586
f 854/928/1587 826/914/1588 827/929/1589
f 854/928/1590 827/929/1591 855/930/1592
f 855/930/1593 827/929/1594 828/931/1595
f 855/930/1596 828/931/47 829/932/1597
f 855/930/1598 829/932/1599 853/933/1600
f 853/933/1601 829/932/1 830/934/1602
f 853/933/1603 830/934/1604 849/935/1605
f 849/935/1606 830/934/1607 831/936/4
f 849/935/1608 831/936/1609 844/937/1610
f 844/937/1611 831/936/1612 832/938/1613
f 844/937/1614 832/938/1615 839/939/1616
f 839/939/1617 832/938/1618 833/900/1619
f 839/939/1620 833/900/1619 835/902/1621
f 839/939/1622 835/902/1623 834/904/1624
f 844/937/1625 839/939/1626 838/906/1627
f 838/906/1628 839/939/1629 834/904/1624
f 844/937/1630 838/906/1631 843/908/1632
f 847/911/1633 842/909/1634 841/924/1635
f 847/911/1633 841/924/1635 846/918/1636
f 846/918/1637 841/924/1638 840/920/1560
f 849/935/1639 844/937/1610 843/908/1640
f 849/935/1641 843/908/1642 848/910/1643
f 851/913/1644 847/911/1645 846/918/1646
f 850/916/1647 851/913/1648 846/918/1646
f 853/933/1649 849/935/1650 848/910/1651
f 853/933/1652 848/910/1653 852/912/1654
f 855/930/1655 853/933/1652 852/912/1656
f 854/928/1657 855/930/1658 852/912/1656
f 872/951/1659 698/953/23 875/952/1660
f 875/952/1661 698/953/180 856/954/1662
f 875/952/1663 856/954/186 874/955/1664
f 874/955/1664 856/954/588 857/956/587
f 874/955/1665 857/956/189 878/957/1666
f 878/957/1666 857/956/189 877/958/1667
f 878/957/1668 877/958/1669 883/959/1670
f 883/959/1671 877/958/1672 882/960/1673
f 883/959/1674 882/960/1675 888/961/1676
f 888/961/1677 882/960/1675 887/962/1678
f 888/961/1679 887/962/1680 892/963/1681
f 892/963/1681 887/962/1680 891/964/1682
f 892/963/1683 891/964/1684 865/965/1685
f 865/965/703 891/964/1686 864/966/1687
f 864/966/272 891/964/1688 890/967/1689
f 864/966/1690 890/967/1691 863/968/1692
f 863/968/214 890/967/1693 886/969/1694
f 863/968/214 886/969/1694 885/970/1695
f 885/970/1696 886/969/1697 880/971/1698
f 885/970/1699 880/971/1700 861/972/207
f 861/972/716 880/971/1701 860/973/715
f 860/973/203 880/971/1702 859/974/202
f 859/974/202 880/971/1703 881/975/1704
f 859/974/1060 881/975/1704 876/976/1705
f 876/976/1706 881/975/1707 882/960/1708
f 876/976/1709 882/960/1710 877/958/1711
f 857/956/582 858/977/581 877/958/1712
f 877/958/1713 858/977/194 876/976/1714
f 858/977/1715 859/974/1716 876/976/1717
f 861/972/59 862/978/1099 885/970/1718
f 885/970/1695 862/978/713 863/968/711
f 892/963/1683 865/965/706 894/979/1719
f 894/979/1720 865/965/1685 866/940/256
f 894/979/1721 866/940/697 873/942/1722
f 873/942/1723 866/940/255 867/941/254
f 873/942/1724 867/941/34 868/943/277
f 873/942/1725 868/943/693 893/944/1726
f 893/944/1727 868/943/737 869/945/31
f 893/944/1728 869/945/244 889/946/1729
f 889/946/1729 869/945/30 870/947/93
f 889/946/1730 870/947/241 884/948/1731
f 884/948/1731 870/947/241 871/949/27
f 884/948/1732 871/949/239 879/950/1733
f 879/950/1734 871/949/26 872/951/25
f 879/950/1735 872/951/1736 875/952/1737
f 879/950/1738 875/952/1739 874/955/1740
f 884/948/1732 879/950/1738 878/957/1741
f 878/957/1742 879/950/1738 874/955/1740
f 884/948/1743 878/957/1741 883/959/1744
f 887/962/1745 882/960/1746 881/975/1747
f 887/962/1745 881/975/1747 886/969/1748
f 886/969/1697 881/975/1749 880/971/1698
f 889/946/1750 884/948/1751 883/959/1752
f 889/946/1750 883/959/1753 888/961/1754
f 891/964/1755 887/962/1756 886/969/1748
f 890/967/1689 891/964/1757 886/969/1758
f 893/944/1759 889/946/1760 888/961/1761
f 893/944/1759 888/961/1754 892/963/1762
f 873/942/1763 893/944/1764 892/963/1765
f 894/979/1766 873/942/1763 892/963/1765
f 912/940/1066 895/941/646 913/942/1767
f 913/942/1768 895/941/10 896/943/9
f 913/942/1769 896/943/1770 915/944/1771
f 915/944/1772 896/943/8 897/945/1773
f 915/944/1774 897/945/1775 919/946/1776
f 919/946/1776 897/945/1775 898/947/1777
f 919/946/1778 898/947/1779 924/948/1780
f 924/948/1780 898/947/1781 899/949/1782
f 924/948/1783 899/949/1784 929/950/1785
f 929/950/1786 899/949/1787 900/951/1
f 929/950/1788 900/951/1789 933/952/1790
f 933/952/1791 900/951/1792 901/953/47
f 933/952/1793 901/953/1794 902/954/1795
f 933/952/1796 902/954/1797 934/955/1798
f 934/955/1799 902/954/1800 903/956/1801
f 934/955/1802 903/956/1803 930/957/1804
f 930/957/1804 903/956/1805 931/958/1806
f 930/957/1807 931/958/1808 925/959/1809
f 925/959/1809 931/958/1808 926/960/1810
f 925/959/1811 926/960/1812 920/961/1813
f 920/961/1814 926/960/1815 921/962/1816
f 920/961/1817 921/962/1818 916/963/1819
f 916/963/1819 921/962/1818 917/964/1820
f 916/963/1821 917/964/1822 911/965/1823
f 911/965/622 917/964/1822 910/966/621
f 910/966/1824 917/964/1825 918/967/1826
f 910/966/1827 918/967/1828 909/968/1049
f 909/968/653 918/967/1829 922/969/1830
f 909/968/1831 922/969/1830 923/970/1832
f 923/970/1833 922/969/1834 928/971/1835
f 923/970/1836 928/971/1837 907/972/1838
f 907/972/1839 928/971/1840 906/973/1841
f 906/973/1842 928/971/1843 905/974/1844
f 905/974/1845 928/971/1846 927/975/1847
f 905/974/1848 927/975/1847 932/976/1849
f 932/976/1850 927/975/1851 926/960/1852
f 932/976/1853 926/960/1852 931/958/1854
f 903/956/1855 904/977/1856 931/958/1857
f 931/958/1858 904/977/1856 932/976/1859
f 904/977/1860 905/974/1861 932/976/1862
f 907/972/60 908/978/1061 923/970/1863
f 923/970/1832 908/978/1864 909/968/1831
f 916/963/1821 911/965/1865 914/979/1866
f 914/979/1867 911/965/1303 912/940/649
f 914/979/1868 912/940/1869 913/942/1870
f 916/963/1871 914/979/1868 913/942/1872
f 920/961/1873 916/963/1874 915/944/1875
f 915/944/1876 916/963/1871 913/942/1872
f 922/969/1877 918/967/1878 917/964/1825
f 922/969/1877 917/964/1879 921/962/1880
f 925/959/1881 920/961/1873 919/946/1882
f 919/946/1883 920/961/1884 915/944/1875
f 926/960/1885 927/975/1886 921/962/1887
f 921/962/1887 927/975/1888 922/969/1889
f 927/975/1890 928/971/1835 922/969/1891
f 930/957/1892 925/959/1893 924/948/1894
f 924/948/1895 925/959/1896 919/946/1882
f 934/955/1897 930/957/1898 929/950/1899
f 929/950/1899 930/957/1892 924/948/1900
f 933/952/1901 934/955/1897 929/950/1902
f 936/927/1461 958/919/1903 935/921/1109
f 935/921/1109 958/919/1903 957/920/1904
f 935/921/1905 957/920/1906 952/922/1907
f 952/922/1584 957/920/1908 951/923/1909
f 951/923/1910 957/920/1908 956/924/1911
f 951/923/1912 956/924/1913 972/925/1914
f 972/925/1915 956/924/1916 955/909/1917
f 972/925/1915 955/909/1918 971/907/1919
f 971/907/1920 955/909/1921 954/908/1922
f 971/907/1920 954/908/1923 970/906/1924
f 970/906/1925 954/908/1926 953/937/1927
f 970/906/1925 953/937/1927 969/939/1928
f 969/939/1929 953/937/1930 945/938/1931
f 969/939/1932 945/938/43 946/900/44
f 936/927/1933 937/917/1934 958/919/1935
f 958/919/1936 937/917/1937 959/918/1938
f 958/919/1939 959/918/1940 957/920/1941
f 957/920/1941 959/918/1942 956/924/1943
f 959/918/1938 937/917/1934 963/916/1944
f 963/916/1945 937/917/440 938/915/441
f 963/916/1946 938/915/1947 964/913/1948
f 964/913/1949 938/915/1473 939/914/1950
f 964/913/1951 939/914/1952 965/912/1953
f 965/912/1953 939/914/1952 967/928/1954
f 965/912/1955 967/928/1956 968/930/1957
f 968/930/1958 967/928/1956 940/929/1959
f 968/930/1960 940/929/1418 941/931/1117
f 939/914/449 940/929/451 967/928/1961
f 941/931/35 942/932/1962 968/930/1960
f 968/930/1963 942/932/1964 966/933/1965
f 968/930/1957 966/933/1966 965/912/1955
f 965/912/1967 966/933/1968 961/910/1969
f 965/912/1970 961/910/1971 960/911/1972
f 960/911/1973 961/910/1974 955/909/1975
f 960/911/1976 955/909/1977 956/924/1913
f 942/932/1964 943/934/38 966/933/1978
f 966/933/1979 943/934/1980 962/935/1981
f 966/933/1968 962/935/1982 961/910/1983
f 961/910/1969 962/935/1984 954/908/1985
f 961/910/1986 954/908/1987 955/909/1988
f 943/934/1980 944/936/40 962/935/1981
f 962/935/1989 944/936/1990 953/937/1991
f 962/935/1992 953/937/1993 954/908/1987
f 944/936/41 945/938/42 953/937/1930
f 969/939/1994 946/900/1995 973/902/1996
f 973/902/1997 946/900/1998 947/901/46
f 973/902/1999 947/901/1595 948/903/2000
f 973/902/2001 948/903/2002 974/904/2003
f 974/904/2004 948/903/2005 949/905/2006
f 974/904/2007 949/905/2008 970/906/2009
f 970/906/2009 949/905/2008 971/907/2010
f 949/905/1546 950/926/1548 971/907/2011
f 971/907/2012 950/926/2013 972/925/2014
f 950/926/2015 951/923/1552 972/925/2016
f 960/911/2017 956/924/2018 959/918/2019
f 963/916/1946 964/913/1948 959/918/2020
f 959/918/2020 964/913/2021 960/911/2022
f 964/913/2023 965/912/1970 960/911/1972
f 974/904/2024 970/906/2025 969/939/1928
f 973/902/2026 974/904/2024 969/939/1928
f 992/951/1962 975/953/35 995/952/2027
f 995/952/2028 975/953/254 976/954/255
f 995/952/2029 976/954/2030 994/955/2031
f 994/955/2032 976/954/256 977/956/1685
f 994/955/2033 977/956/2034 998/957/2035
f 998/957/2036 977/956/1685 997/958/2037
f 998/957/2038 997/958/2039 1003/959/2040
f 1003/959/2041 997/958/2039 1002/960/2042
f 1003/959/2043 1002/960/2044 1008/961/2045
f 1008/961/2046 1002/960/2047 1007/962/2048
f 1008/961/2049 1007/962/2050 1012/963/2051
f 1012/963/2052 1007/962/2050 1011/964/2053
f 1012/963/2054 1011/964/2055 985/965/2056
f 985/965/2057 1011/964/2055 984/966/2058
f 984/966/2059 1011/964/2060 1010/967/2061
f 984/966/2062 1010/967/2063 983/968/2064
f 983/968/1848 1010/967/2065 1006/969/2066
f 983/968/2067 1006/969/2066 1005/970/2068
f 1005/970/2069 1006/969/2070 1000/971/2071
f 1005/970/2072 1000/971/2073 981/972/2074
f 981/972/59 1000/971/2075 980/973/2076
f 980/973/2077 1000/971/2078 979/974/1106
f 979/974/214 1000/971/2078 1001/975/2079
f 979/974/1106 1001/975/2079 996/976/2080
f 996/976/2081 1001/975/2082 1002/960/2083
f 996/976/2084 1002/960/2083 997/958/2085
f 977/956/275 978/977/2086 997/958/2087
f 997/958/2088 978/977/2089 996/976/2081
f 978/977/272 979/974/2090 996/976/2091
f 981/972/2074 982/978/2092 1005/970/2093
f 1005/970/2094 982/978/2095 983/968/2067
f 1012/963/2054 985/965/2056 1014/979/2096
f 1014/979/2097 985/965/1801 986/940/1800
f 1014/979/2098 986/940/2099 993/942/2100
f 993/942/2101 986/940/2102 987/941/1794
f 993/942/2103 987/941/46 988/943/2104
f 993/942/2105 988/943/2106 1013/944/2107
f 1013/944/2107 988/943/44 989/945/43
f 1013/944/2108 989/945/2109 1009/946/2110
f 1009/946/2111 989/945/42 990/947/2112
f 1009/946/2111 990/947/2113 1004/948/2114
f 1004/948/2115 990/947/40 991/949/39
f 1004/948/2116 991/949/2117 999/950/2118
f 999/950/2119 991/949/38 992/951/2120
f 999/950/2121 992/951/2122 995/952/2123
f 999/950/2124 995/952/2125 994/955/2126
f 1004/948/2127 999/950/2128 998/957/2129
f 998/957/2130 999/950/2131 994/955/2126
f 1004/948/2132 998/957/2129 1003/959/2133
f 1007/962/2134 1002/960/2135 1001/975/2082
f 1007/962/2134 1001/975/2082 1006/969/2136
f 1006/969/2066 1001/975/2137 1000/971/2138
f 1009/946/2139 1004/948/2140 1003/959/2141
f 1009/946/2139 1003/959/2133 1008/961/2142
f 1011/964/2143 1007/962/2144 1006/969/2145
f 1010/967/2146 1011/964/2147 1006/969/2148
f 1013/944/2149 1009/946/2150 1008/961/2151
f 1013/944/2152 1008/961/2151 1012/963/2153
f 993/942/2154 1013/944/2152 1012/963/2155
f 1014/979/2156 993/942/2157 1012/963/2155
f 986/980/2102 1015/981/2102 987/982/1794
f 987/982/1794 1015/981/1795 1016/983/1795
f 987/982/1794 1016/983/2102 1017/984/2102
f 1017/984/1800 1016/983/1800 1030/985/1801
f 1017/984/1800 1030/985/1801 1031/986/1801
f 1031/986/2057 1030/985/2057 1044/987/2158
f 1031/986/2057 1044/987/2159 1045/988/2159
f 1045/988/2160 1044/987/2160 1058/989/2161
f 1045/988/2162 1058/989/2161 1059/990/2161
f 1059/990/1848 1058/989/1848 1072/991/2163
f 1059/990/1848 1072/991/2163 1073/992/2163
f 1073/992/2164 1072/991/2164 981/993/1838
f 1073/992/2164 981/993/1838 907/994/1838
f 1015/981/1800 986/980/1800 1028/995/1801
f 1028/995/1801 986/980/1800 985/996/1801
f 1028/995/2057 985/996/2057 1041/997/2158
f 1041/997/2159 985/996/2057 984/998/2159
f 1041/997/2160 984/998/2160 1054/999/2161
f 1054/999/2161 984/998/2162 983/1000/2161
f 1054/999/1848 983/1000/1848 1067/1001/2163
f 1067/1001/2163 983/1000/1848 982/1002/2163
f 1067/1001/2164 982/1002/2164 981/993/1838
f 906/1003/2164 1079/1004/2164 907/994/1838
f 907/994/1838 1079/1004/2164 1078/1005/2164
f 907/994/1838 1078/1005/2164 1077/1006/2164
f 1077/1006/2163 1078/1005/2163 1064/1007/1848
f 1077/1006/2163 1064/1007/1848 1063/1008/1848
f 1063/1008/2161 1064/1007/2161 1050/1009/2160
f 1063/1008/2161 1050/1009/2160 1049/1010/2160
f 1049/1010/2159 1050/1009/2159 1036/1011/2057
f 1049/1010/2158 1036/1011/2057 1035/1012/2057
f 1035/1012/1801 1036/1011/1801 1022/1013/1800
f 1035/1012/1801 1022/1013/1800 1021/1014/1800
f 1021/1014/2102 1022/1013/2102 901/1015/2165
f 1021/1014/2102 901/1015/1794 987/982/1794
f 1079/1004/2163 906/1003/2163 1066/1016/1848
f 1066/1016/1848 906/1003/2095 905/1017/1848
f 1066/1016/2161 905/1017/2161 1053/1018/2162
f 1053/1018/2160 905/1017/2161 904/1019/2160
f 1053/1018/2159 904/1019/2159 1040/1020/2057
f 1040/1020/2057 904/1019/2158 903/1021/2057
f 1040/1020/1801 903/1021/1801 1027/1022/1800
f 1027/1022/1800 903/1021/1801 902/1023/1800
f 1027/1022/2102 902/1023/2102 901/1015/1794
f 1016/983/1800 1015/981/1800 1029/1024/1801
f 1029/1024/1801 1015/981/1800 1028/995/1801
f 1029/1024/2057 1028/995/2057 1042/1025/2158
f 1042/1025/2159 1028/995/2057 1041/997/2159
f 1042/1025/2160 1041/997/2160 1055/1026/2161
f 1055/1026/2161 1041/997/2162 1054/999/2161
f 1055/1026/1848 1054/999/1848 1068/1027/2095
f 1068/1027/2163 1054/999/1848 1067/1001/2163
f 1068/1027/2164 1067/1001/2164 981/993/1838
f 1017/984/1795 1018/1028/1795 987/982/1794
f 987/982/1794 1018/1028/2102 1019/1029/2102
f 987/982/1794 1019/1029/2102 1020/1030/2102
f 1020/1030/1800 1019/1029/1800 1033/1031/1801
f 1020/1030/1800 1033/1031/1801 1034/1032/1801
f 1034/1032/2057 1033/1031/2057 1047/1033/2166
f 1034/1032/2057 1047/1033/2159 1048/1034/2159
f 1048/1034/2160 1047/1033/2160 1061/1035/2161
f 1048/1034/2162 1061/1035/2161 1062/1036/2161
f 1062/1036/1848 1061/1035/1848 1075/1037/2163
f 1062/1036/1848 1075/1037/2163 1076/1038/2163
f 1076/1038/2164 1075/1037/2164 907/994/1838
f 1076/1038/2167 907/994/1838 1077/1006/2167
f 1017/984/1800 1031/986/1801 1018/1028/1800
f 1018/1028/1800 1031/986/1801 1032/1039/1801
f 1018/1028/1800 1032/1039/1801 1019/1029/1800
f 1019/1029/1800 1032/1039/1801 1033/1031/1801
f 1021/1014/1795 987/982/1794 1020/1030/1795
f 1035/1012/1801 1021/1014/1800 1034/1032/1801
f 1034/1032/1801 1021/1014/1800 1020/1030/1800
f 1022/1013/1795 1023/1040/1795 901/1015/1794
f 901/1015/1794 1023/1040/1795 1024/1041/1795
f 901/1015/1794 1024/1041/2168 1025/1042/2168
f 1025/1042/1800 1024/1041/1800 1038/1043/1801
f 1025/1042/1800 1038/1043/1801 1039/1044/1801
f 1039/1044/2057 1038/1043/2057 1052/1045/2158
f 1039/1044/2057 1052/1045/2159 1053/1018/2159
f 1053/1018/2160 1052/1045/2160 1066/1016/2161
f 1022/1013/1800 1036/1011/1801 1023/1040/1800
f 1023/1040/1800 1036/1011/1801 1037/1046/1801
f 1023/1040/1800 1037/1046/1801 1024/1041/1800
f 1024/1041/1800 1037/1046/1801 1038/1043/1801
f 1027/1022/2102 901/1015/1794 1026/1047/2102
f 1026/1047/1795 901/1015/1794 1025/1042/1795
f 1026/1047/1800 1025/1042/1800 1039/1044/1801
f 1040/1020/1801 1027/1022/1800 1026/1047/1800
f 1040/1020/1801 1026/1047/1800 1039/1044/1801
f 1016/983/1800 1029/1024/1801 1030/985/1801
f 1030/985/2057 1029/1024/2057 1043/1048/2158
f 1030/985/2057 1043/1048/2159 1044/987/2159
f 1044/987/2160 1043/1048/2160 1057/1049/2161
f 1044/987/2160 1057/1049/2161 1058/989/2161
f 1058/989/1848 1057/1049/1848 1071/1050/2163
f 1058/989/1848 1071/1050/2163 1072/991/2163
f 1072/991/2164 1071/1050/2164 981/993/1838
f 1043/1048/2159 1029/1024/2057 1042/1025/2159
f 1031/986/2057 1045/988/2158 1032/1039/2057
f 1032/1039/2057 1045/988/2159 1046/1051/2159
f 1032/1039/2057 1046/1051/2158 1033/1031/2057
f 1033/1031/2057 1046/1051/2159 1047/1033/2159
f 1049/1010/2159 1035/1012/2057 1048/1034/2159
f 1048/1034/2166 1035/1012/2057 1034/1032/2057
f 1036/1011/2057 1050/1009/2158 1037/1046/2057
f 1037/1046/2057 1050/1009/2159 1051/1052/2159
f 1037/1046/2057 1051/1052/2158 1038/1043/2057
f 1038/1043/2057 1051/1052/2159 1052/1045/2159
f 1053/1018/2158 1040/1020/2057 1039/1044/2057
f 1043/1048/2160 1042/1025/2160 1056/1053/2161
f 1056/1053/2161 1042/1025/2162 1055/1026/2161
f 1056/1053/1848 1055/1026/1848 1069/1054/2163
f 1069/1054/2163 1055/1026/1848 1068/1027/2163
f 1069/1054/2164 1068/1027/2164 981/993/1838
f 1045/988/2160 1059/990/2161 1046/1051/2160
f 1046/1051/2160 1059/990/2161 1060/1055/2161
f 1046/1051/2160 1060/1055/2161 1047/1033/2160
f 1047/1033/2160 1060/1055/2161 1061/1035/2161
f 1063/1008/2161 1049/1010/2160 1062/1036/2161
f 1062/1036/2161 1049/1010/2160 1048/1034/2160
f 1050/1009/2160 1064/1007/2161 1051/1052/2160
f 1051/1052/2162 1064/1007/2161 1065/1056/2161
f 1051/1052/2160 1065/1056/2161 1052/1045/2160
f 1052/1045/2162 1065/1056/2161 1066/1016/2161
f 1043/1048/2162 1056/1053/2161 1057/1049/2161
f 1057/1049/1848 1056/1053/1848 1070/1057/2163
f 1057/1049/1848 1070/1057/2163 1071/1050/2163
f 1071/1050/2167 1070/1057/2167 981/993/1838
f 1070/1057/2163 1056/1053/1848 1069/1054/2163
f 1059/990/1848 1073/992/2163 1060/1055/1848
f 1060/1055/1848 1073/992/2163 1074/1058/2163
f 1060/1055/1848 1074/1058/2163 1061/1035/1848
f 1061/1035/1844 1074/1058/2163 1075/1037/2163
f 1077/1006/2163 1063/1008/1848 1076/1038/2163
f 1076/1038/2163 1063/1008/1848 1062/1036/1848
f 1079/1004/2163 1066/1016/1848 1065/1056/1848
f 1079/1004/2163 1065/1056/1848 1078/1005/2163
f 1078/1005/2095 1065/1056/1848 1064/1007/1848
f 981/993/1838 1070/1057/2164 1069/1054/2164
f 907/994/1838 1075/1037/2164 1074/1058/2164
f 1074/1058/2167 1073/992/2167 907/994/1838
f 946/1059/45 1080/1060/45 947/1061/46
f 947/1061/46 1080/1060/45 1081/1062/45
f 947/1061/46 1081/1062/45 1082/1063/45
f 1082/1063/44 1081/1062/44 1101/1064/43
f 1082/1063/44 1101/1064/43 1102/1065/43
f 1102/1065/42 1101/1064/42 1121/1066/2169
f 1102/1065/42 1121/1066/50 1122/1067/50
f 1122/1067/53 1121/1066/53 1141/1068/39
f 1122/1067/50 1141/1068/39 1142/1069/39
f 1142/1069/38 1141/1068/38 1161/1070/37
f 1142/1069/38 1161/1070/37 1162/1071/37
f 1162/1071/2170 1161/1070/2170 941/1072/34
f 1162/1071/36 941/1072/35 1163/1073/36
f 1163/1073/2171 941/1072/2172 1164/1074/2171
f 1163/1073/37 1164/1074/37 1144/1075/38
f 1144/1075/38 1164/1074/37 1145/1076/38
f 1144/1075/39 1145/1076/39 1125/1077/50
f 1125/1077/53 1145/1076/39 1126/1078/53
f 1125/1077/50 1126/1078/50 1106/1079/42
f 1106/1079/42 1126/1078/2169 1107/1080/42
f 1106/1079/43 1107/1080/43 1087/1081/44
f 1087/1081/44 1107/1080/43 1088/1082/44
f 1087/1081/2104 1088/1082/2104 947/1061/46
f 947/1061/2165 1088/1082/1998 1089/654/1998
f 947/1061/46 1089/654/45 987/1083/46
f 987/1083/2165 1089/654/1998 1090/1084/1998
f 987/1083/46 1090/1084/2104 1091/1085/2104
f 1091/1085/44 1090/1084/44 1110/1086/43
f 1091/1085/44 1110/1086/43 1111/1087/43
f 1111/1087/42 1110/1086/42 1130/1088/2169
f 1111/1087/42 1130/1088/50 1131/1089/50
f 1131/1089/53 1130/1088/53 1150/1090/39
f 1131/1089/50 1150/1090/39 1151/1091/39
f 1151/1091/38 1150/1090/38 1170/666/37
f 1151/1091/2173 1170/666/37 1171/1092/37
f 1171/1092/36 1170/666/36 975/1093/35
f 1171/1092/2170 975/1093/1157 1172/1094/2170
f 1172/1094/1962 975/1093/2174 1173/1095/1962
f 1172/1094/37 1173/1095/37 1153/1096/38
f 1153/1096/38 1173/1095/37 1154/1097/38
f 1153/1096/39 1154/1097/39 1134/1098/50
f 1134/1098/53 1154/1097/39 1135/1099/53
f 1134/1098/50 1135/1099/50 1115/1100/42
f 1115/1100/42 1135/1099/2169 1116/1101/42
f 1115/1100/43 1116/1101/43 1096/1102/44
f 1096/1102/44 1116/1101/2175 1097/1103/44
f 1096/1102/45 1097/1103/45 987/1083/46
f 987/1083/46 1097/1103/1998 1098/1104/1998
f 987/1083/46 1098/1104/45 988/1105/45
f 988/1105/44 1098/1104/44 989/1106/43
f 989/1106/43 1098/1104/44 1117/1107/43
f 989/1106/42 1117/1107/42 990/1108/2169
f 990/1108/50 1117/1107/42 1136/1109/50
f 990/1108/53 1136/1109/53 991/1110/39
f 991/1110/39 1136/1109/53 1155/1111/39
f 991/1110/38 1155/1111/38 992/1112/37
f 992/1112/37 1155/1111/2173 1174/1113/37
f 992/1112/2176 1174/1113/2176 975/1093/1157
f 975/1093/1157 1174/1113/2176 1173/1095/2176
f 1080/1060/44 946/1059/44 1099/1114/43
f 1099/1114/43 946/1059/44 945/1115/43
f 1099/1114/42 945/1115/42 1118/1116/2169
f 1118/1116/50 945/1115/42 944/1117/50
f 1118/1116/53 944/1117/53 1137/1118/39
f 1137/1118/39 944/1117/50 943/1119/39
f 1137/1118/38 943/1119/38 1156/1120/37
f 1156/1120/37 943/1119/38 942/1121/37
f 1156/1120/2176 942/1121/2176 941/1072/1157
f 1164/1074/36 941/1072/35 1165/650/36
f 1165/650/1962 941/1072/35 975/1093/35
f 1165/650/36 975/1093/35 1166/1122/36
f 1166/1122/2171 975/1093/2172 1167/1123/2171
f 1166/1122/37 1167/1123/37 1147/1124/38
f 1147/1124/38 1167/1123/37 1148/1125/38
f 1147/1124/39 1148/1125/39 1128/1126/50
f 1128/1126/53 1148/1125/39 1129/1127/53
f 1128/1126/50 1129/1127/50 1109/1128/42
f 1109/1128/42 1129/1127/2169 1110/1086/42
f 1109/1128/43 1110/1086/43 1090/1084/44
f 1081/1062/44 1080/1060/44 1100/1129/43
f 1100/1129/43 1080/1060/44 1099/1114/43
f 1100/1129/42 1099/1114/42 1119/1130/2169
f 1119/1130/50 1099/1114/42 1118/1116/50
f 1119/1130/53 1118/1116/53 1138/1131/39
f 1138/1131/39 1118/1116/50 1137/1118/39
f 1138/1131/38 1137/1118/38 1157/1132/37
f 1157/1132/37 1137/1118/38 1156/1120/37
f 1157/1132/2176 1156/1120/2176 941/1072/1157
f 1082/1063/1998 1083/1133/1998 947/1061/46
f 947/1061/46 1083/1133/45 1084/1134/45
f 947/1061/46 1084/1134/45 1085/1135/45
f 1085/1135/44 1084/1134/44 1104/1136/43
f 1085/1135/44 1104/1136/43 1105/1137/43
f 1105/1137/42 1104/1136/42 1124/1138/2169
f 1105/1137/42 1124/1138/50 1125/1077/50
f 1125/1077/53 1124/1138/53 1144/1075/39
f 1082/1063/44 1102/1065/43 1083/1133/44
f 1083/1133/44 1102/1065/43 1103/1139/43
f 1083/1133/44 1103/1139/43 1084/1134/44
f 1084/1134/2106 1103/1139/43 1104/1136/43
f 1087/1081/1998 947/1061/46 1086/1140/1998
f 1086/1140/45 947/1061/46 1085/1135/45
f 1086/1140/44 1085/1135/44 1105/1137/43
f 1106/1079/43 1087/1081/44 1086/1140/44
f 1106/1079/43 1086/1140/44 1105/1137/43
f 1109/1128/43 1090/1084/44 1089/654/44
f 1089/654/44 1088/1082/44 1108/1141/43
f 1108/1141/43 1088/1082/44 1107/1080/43
f 1108/1141/42 1107/1080/42 1127/652/2169
f 1127/652/50 1107/1080/42 1126/1078/50
f 1127/652/53 1126/1078/53 1146/1142/39
f 1146/1142/39 1126/1078/50 1145/1076/39
f 1146/1142/38 1145/1076/38 1165/650/37
f 1165/650/37 1145/1076/38 1164/1074/37
f 1091/1085/1998 1092/1143/1998 987/1083/46
f 987/1083/46 1092/1143/45 1093/1144/45
f 987/1083/46 1093/1144/2104 1094/662/2104
f 1094/662/44 1093/1144/44 1113/1145/43
f 1094/662/44 1113/1145/43 1114/1146/43
f 1114/1146/42 1113/1145/42 1133/1147/2169
f 1114/1146/42 1133/1147/50 1134/1098/50
f 1134/1098/53 1133/1147/53 1153/1096/39
f 1091/1085/44 1111/1087/43 1092/1143/44
f 1092/1143/44 1111/1087/43 1112/1148/43
f 1092/1143/44 1112/1148/43 1093/1144/44
f 1093/1144/44 1112/1148/43 1113/1145/43
f 1096/1102/1998 987/1083/46 1095/1149/1998
f 1095/1149/45 987/1083/46 1094/662/45
f 1095/1149/44 1094/662/44 1114/1146/43
f 1115/1100/43 1096/1102/44 1095/1149/44
f 1115/1100/43 1095/1149/44 1114/1146/43
f 1117/1107/43 1098/1104/44 1097/1103/44
f 1117/1107/43 1097/1103/44 1116/1101/43
f 1081/1062/44 1100/1129/43 1101/1064/43
f 1101/1064/42 1100/1129/42 1120/1150/2169
f 1101/1064/42 1120/1150/50 1121/1066/50
f 1121/1066/53 1120/1150/53 1140/1151/39
f 1121/1066/53 1140/1151/39 1141/1068/39
f 1141/1068/38 1140/1151/38 1160/1152/37
f 1141/1068/38 1160/1152/37 1161/1070/37
f 1161/1070/37 1160/1152/37 941/1072/2174
f 1120/1150/50 1100/1129/42 1119/1130/50
f 1102/1065/42 1122/1067/2169 1103/1139/42
f 1103/1139/42 1122/1067/2169 1123/1153/2169
f 1103/1139/42 1123/1153/1990 1104/1136/42
f 1104/1136/42 1123/1153/50 1124/1138/50
f 1125/1077/2169 1106/1079/42 1105/1137/42
f 1128/1126/2169 1109/1128/42 1108/1141/42
f 1108/1141/43 1109/1128/43 1089/654/44
f 1128/1126/50 1108/1141/42 1127/652/50
f 1130/1088/50 1110/1086/42 1129/1127/50
f 1111/1087/42 1131/1089/2169 1112/1148/42
f 1112/1148/42 1131/1089/50 1132/1154/50
f 1112/1148/42 1132/1154/2169 1113/1145/42
f 1113/1145/42 1132/1154/50 1133/1147/50
f 1134/1098/2169 1115/1100/42 1114/1146/42
f 1136/1109/2169 1117/1107/42 1116/1101/42
f 1136/1109/50 1116/1101/42 1135/1099/50
f 1120/1150/53 1119/1130/53 1139/1155/39
f 1139/1155/39 1119/1130/50 1138/1131/39
f 1139/1155/38 1138/1131/38 1158/1156/37
f 1158/1156/37 1138/1131/38 1157/1132/37
f 1158/1156/1962 1157/1132/1962 941/1072/2174
f 1122/1067/53 1142/1069/39 1123/1153/53
f 1123/1153/50 1142/1069/39 1143/1157/39
f 1123/1153/53 1143/1157/39 1124/1138/53
f 1124/1138/53 1143/1157/39 1144/1075/39
f 1147/1124/39 1128/1126/53 1127/652/53
f 1147/1124/39 1127/652/50 1146/1142/39
f 1130/1088/53 1129/1127/53 1149/1158/39
f 1149/1158/39 1129/1127/50 1148/1125/39
f 1149/1158/38 1148/1125/38 1168/1159/37
f 1168/1159/37 1148/1125/38 1167/1123/37
f 1168/1159/2177 1167/1123/2177 975/1093/2178
f 1131/1089/53 1151/1091/39 1132/1154/53
f 1132/1154/53 1151/1091/39 1152/1160/39
f 1132/1154/53 1152/1160/39 1133/1147/53
f 1133/1147/50 1152/1160/39 1153/1096/39
f 1155/1111/39 1136/1109/53 1135/1099/53
f 1155/1111/39 1135/1099/50 1154/1097/39
f 1120/1150/50 1139/1155/39 1140/1151/39
f 1140/1151/38 1139/1155/38 1159/1161/37
f 1140/1151/2173 1159/1161/37 1160/1152/37
f 1160/1152/36 1159/1161/36 941/1072/35
f 1159/1161/37 1139/1155/38 1158/1156/37
f 1163/1073/37 1144/1075/38 1143/1157/38
f 1163/1073/37 1143/1157/2173 1162/1071/37
f 1162/1071/37 1143/1157/38 1142/1069/38
f 1166/1122/37 1147/1124/38 1146/1142/38
f 1166/1122/37 1146/1142/38 1165/650/37
f 1130/1088/50 1149/1158/39 1150/1090/39
f 1150/1090/38 1149/1158/38 1169/1162/37
f 1150/1090/38 1169/1162/37 1170/666/37
f 1170/666/37 1169/1162/37 975/1093/2174
f 1169/1162/37 1149/1158/38 1168/1159/37
f 1172/1094/37 1153/1096/38 1152/1160/38
f 1172/1094/37 1152/1160/38 1171/1092/37
f 1171/1092/37 1152/1160/38 1151/1091/38
f 1174/1113/37 1155/1111/38 1154/1097/38
f 1174/1113/37 1154/1097/38 1173/1095/37
f 941/1072/1157 1159/1161/2170 1158/1156/2170
f 975/1093/35 1169/1162/1962 1168/1159/1962
f 975/1163/254 867/1164/254 976/1165/255
f 976/1165/255 867/1164/254 866/640/255
f 976/1165/256 866/640/256 977/1166/1104
f 977/1166/1104 866/640/256 865/1167/1104
f 977/1166/1102 865/1167/1102 978/1168/1103
f 978/1168/1103 865/1167/1102 864/639/1103
f 978/1168/1690 864/639/1690 979/1169/268
f 979/1169/268 864/639/1100 863/1170/268
f 979/1169/2179 863/1170/2179 980/1171/213
f 980/1171/213 863/1170/214 862/638/213
f 980/1171/208 862/638/208 981/1172/59
f 981/1172/59 862/638/208 861/1173/59
f 827/980/1594 1175/981/1594 828/982/2180
f 828/982/1595 1175/981/1594 1176/983/1594
f 828/982/1595 1176/983/1594 1177/984/1594
f 1177/984/2181 1176/983/2181 1190/985/2006
f 1177/984/2181 1190/985/2182 1191/986/2182
f 1191/986/1546 1190/985/1546 1204/987/1548
f 1191/986/1546 1204/987/2183 1205/988/2183
f 1205/988/2015 1204/987/2015 1218/989/1552
f 1205/988/2184 1218/989/1552 1219/990/1552
f 1219/990/2185 1218/989/2185 1232/991/2186
f 1219/990/2185 1232/991/1584 1233/992/1584
f 1233/992/2187 1232/991/2187 822/993/2188
f 1233/992/2189 822/993/2188 935/994/2188
f 1175/981/2181 827/980/2181 1188/995/2006
f 1188/995/2182 827/980/2181 826/996/2182
f 1188/995/1546 826/996/1546 1201/997/1548
f 1201/997/2183 826/996/1546 825/998/2183
f 1201/997/2015 825/998/2015 1214/999/1552
f 1214/999/1552 825/998/2184 824/1000/1552
f 1214/999/2185 824/1000/2185 1227/1001/1584
f 1227/1001/1584 824/1000/2185 823/1002/1584
f 1227/1001/2187 823/1002/2187 822/993/2188
f 952/1003/2187 1239/1004/2187 935/994/2188
f 935/994/2188 1239/1004/2187 1238/1005/2187
f 935/994/2188 1238/1005/2187 1237/1006/2187
f 1237/1006/1584 1238/1005/1584 1224/1007/2185
f 1237/1006/1584 1224/1007/2185 1223/1008/2185
f 1223/1008/1552 1224/1007/1552 1210/1009/2184
f 1223/1008/1552 1210/1009/2015 1209/1010/2015
f 1209/1010/2183 1210/1009/2183 1196/1011/1546
f 1209/1010/1549 1196/1011/1546 1195/1012/1546
f 1195/1012/2182 1196/1011/2182 1182/1013/2181
f 1195/1012/2006 1182/1013/2181 1181/1014/2181
f 1181/1014/1594 1182/1013/1594 947/1015/1595
f 1181/1014/1594 947/1015/1595 828/982/1595
f 1239/1004/1584 952/1003/1584 1226/1016/1910
f 1226/1016/2185 952/1003/1584 951/1017/2185
f 1226/1016/1552 951/1017/1552 1213/1018/2184
f 1213/1018/2015 951/1017/1552 950/1019/2015
f 1213/1018/2183 950/1019/2183 1200/1020/1546
f 1200/1020/1546 950/1019/1548 949/1021/1546
f 1200/1020/2182 949/1021/2182 1187/1022/2181
f 1187/1022/2181 949/1021/2006 948/1023/2181
f 1187/1022/1594 948/1023/1594 947/1015/1595
f 1176/983/2181 1175/981/2181 1189/1024/2182
f 1189/1024/2182 1175/981/2181 1188/995/2182
f 1189/1024/1546 1188/995/1546 1202/1025/1548
f 1202/1025/2183 1188/995/1546 1201/997/2183
f 1202/1025/2015 1201/997/2015 1215/1026/1552
f 1215/1026/1552 1201/997/2184 1214/999/1552
f 1215/1026/2185 1214/999/2185 1228/1027/1584
f 1228/1027/1584 1214/999/2185 1227/1001/1584
f 1228/1027/2189 1227/1001/2189 822/993/2188
f 1177/984/1591 1178/1028/1591 828/982/1595
f 828/982/1595 1178/1028/1594 1179/1029/1594
f 828/982/1595 1179/1029/1594 1180/1030/1594
f 1180/1030/2181 1179/1029/2181 1193/1031/2006
f 1180/1030/2181 1193/1031/2182 1194/1032/2182
f 1194/1032/1546 1193/1031/1546 1207/1033/1548
f 1194/1032/1546 1207/1033/2183 1208/1034/2183
f 1208/1034/2015 1207/1033/2015 1221/1035/1552
f 1208/1034/2184 1221/1035/1552 1222/1036/1552
f 1222/1036/2185 1221/1035/2185 1235/1037/1584
f 1222/1036/2185 1235/1037/1584 1236/1038/1584
f 1236/1038/2189 1235/1037/2189 935/994/2188
f 1236/1038/2187 935/994/2188 1237/1006/2187
f 1177/984/2181 1191/986/2182 1178/1028/2181
f 1178/1028/2181 1191/986/2182 1192/1039/2182
f 1178/1028/2181 1192/1039/2182 1179/1029/2181
f 1179/1029/2181 1192/1039/2182 1193/1031/2182
f 1181/1014/2000 828/982/2165 1180/1030/2000
f 1195/1012/2182 1181/1014/2181 1194/1032/2182
f 1194/1032/2006 1181/1014/2181 1180/1030/2181
f 1182/1013/2000 1183/1040/2000 947/1015/1595
f 947/1015/1595 1183/1040/2000 1184/1041/2000
f 947/1015/1595 1184/1041/1594 1185/1042/1594
f 1185/1042/2181 1184/1041/2181 1198/1043/2182
f 1185/1042/2181 1198/1043/2182 1199/1044/2182
f 1199/1044/1546 1198/1043/1546 1212/1045/1548
f 1199/1044/1546 1212/1045/2183 1213/1018/2183
f 1213/1018/2015 1212/1045/2015 1226/1016/1552
f 1182/1013/2181 1196/1011/2006 1183/1040/2181
f 1183/1040/2181 1196/1011/2182 1197/1046/2182
f 1183/1040/2181 1197/1046/2182 1184/1041/2181
f 1184/1041/2181 1197/1046/2182 1198/1043/2182
f 1187/1022/1594 947/1015/1595 1186/1047/1594
f 1186/1047/2000 947/1015/1595 1185/1042/2000
f 1186/1047/2181 1185/1042/2181 1199/1044/2182
f 1200/1020/2182 1187/1022/2181 1186/1047/2181
f 1200/1020/2182 1186/1047/2181 1199/1044/2182
f 1176/983/1589 1189/1024/2182 1190/985/2182
f 1190/985/1546 1189/1024/1546 1203/1048/1548
f 1190/985/1546 1203/1048/2183 1204/987/2183
f 1204/987/2015 1203/1048/2015 1217/1049/1552
f 1204/987/2015 1217/1049/1552 1218/989/1552
f 1218/989/2185 1217/1049/2185 1231/1050/1584
f 1218/989/2185 1231/1050/1584 1232/991/1584
f 1232/991/2189 1231/1050/2189 822/993/2188
f 1203/1048/2183 1189/1024/1546 1202/1025/2183
f 1191/986/1546 1205/988/1548 1192/1039/1546
f 1192/1039/1546 1205/988/2183 1206/1051/2183
f 1192/1039/1546 1206/1051/1549 1193/1031/1546
f 1193/1031/1546 1206/1051/2183 1207/1033/2183
f 1209/1010/2183 1195/1012/1546 1208/1034/2183
f 1208/1034/1549 1195/1012/1546 1194/1032/1546
f 1196/1011/1546 1210/1009/1548 1197/1046/1546
f 1197/1046/1546 1210/1009/2183 1211/1052/2183
f 1197/1046/1546 1211/1052/1548 1198/1043/1546
f 1198/1043/1546 1211/1052/2183 1212/1045/2183
f 1213/1018/1548 1200/1020/1546 1199/1044/1546
f 1203/1048/2015 1202/1025/2015 1216/1053/1552
f 1216/1053/1552 1202/1025/2184 1215/1026/1552
f 1216/1053/2185 1215/1026/2185 1229/1054/1584
f 1229/1054/1584 1215/1026/2185 1228/1027/1584
f 1229/1054/2189 1228/1027/2189 822/993/2188
f 1205/988/2015 1219/990/1552 1206/1051/2015
f 1206/1051/2015 1219/990/1552 1220/1055/1552
f 1206/1051/2015 1220/1055/1552 1207/1033/2015
f 1207/1033/2015 1220/1055/1552 1221/1035/1552
f 1223/1008/1552 1209/1010/2015 1222/1036/1552
f 1222/1036/1552 1209/1010/2015 1208/1034/2015
f 1210/1009/2015 1224/1007/1552 1211/1052/2015
f 1211/1052/2184 1224/1007/1552 1225/1056/1552
f 1211/1052/2015 1225/1056/1552 1212/1045/2015
f 1212/1045/2184 1225/1056/1552 1226/1016/1552
f 1203/1048/2015 1216/1053/1552 1217/1049/1552
f 1217/1049/2185 1216/1053/2185 1230/1057/1584
f 1217/1049/2185 1230/1057/1584 1231/1050/1584
f 1231/1050/2189 1230/1057/2189 822/993/2188
f 1230/1057/1584 1216/1053/2185 1229/1054/1584
f 1219/990/2185 1233/992/2186 1220/1055/2185
f 1220/1055/2185 1233/992/1584 1234/1058/1584
f 1220/1055/2185 1234/1058/1584 1221/1035/2185
f 1221/1035/2185 1234/1058/1584 1235/1037/1584
f 1237/1006/1584 1223/1008/2185 1236/1038/1584
f 1236/1038/1584 1223/1008/2185 1222/1036/2185
f 1239/1004/1584 1226/1016/2185 1225/1056/2185
f 1239/1004/1584 1225/1056/2185 1238/1005/1584
f 1238/1005/1584 1225/1056/2185 1224/1007/2185
f 822/993/2188 1230/1057/2187 1229/1054/2187
f 935/994/2188 1235/1037/2189 1234/1058/2189
f 1234/1058/2189 1233/992/2189 935/994/2188
f 935/1163/1109 788/1164/1109 936/1165/2190
f 936/1165/1461 788/1164/57 787/640/1461
f 936/1165/435 787/640/435 937/1166/1111
f 937/1166/1111 787/640/435 786/1167/1111
f 937/1166/1112 786/1167/1112 938/1168/1113
f 938/1168/1113 786/1167/1112 785/639/1113
f 938/1168/1473 785/639/1473 939/1169/1114
f 939/1169/1114 785/639/1473 784/1170/1114
f 939/1169/1115 784/1170/1115 940/1171/1116
f 940/1171/1116 784/1170/1115 783/638/1116
f 940/1171/1138 783/638/1138 941/1172/1117
f 941/1172/1117 783/638/1138 782/1173/1117
f 907/1163/60 749/1164/60 908/1165/565
f 908/1165/565 749/1164/60 748/640/565
f 908/1165/654 748/640/654 909/1166/653
f 909/1166/1063 748/640/654 747/1167/1063
f 909/1166/616 747/1167/616 910/1168/1062
f 910/1168/1827 747/1167/616 746/639/1827
f 910/1168/1064 746/639/1064 911/1169/622
f 911/1169/622 746/639/1064 745/1170/622
f 911/1169/650 745/1170/650 912/1171/649
f 912/1171/649 745/1170/1303 744/638/649
f 912/1171/647 744/638/647 895/1172/646
f 895/1172/646 744/638/1066 743/1173/646
f 900/1059/1597 1240/1060/1597 901/1061/47
f 901/1061/47 1240/1060/1597 1241/1062/1597
f 901/1061/47 1241/1062/48 1242/1063/48
f 1242/1063/1 1241/1062/1 1261/1064/2
f 1242/1063/1 1261/1064/2 1262/1065/2
f 1262/1065/3 1261/1064/3 1281/1066/4
f 1262/1065/3 1281/1066/4 1282/1067/4
f 1282/1067/1612 1281/1066/1612 1301/1068/6
f 1282/1067/1612 1301/1068/1618 1302/1069/1618
f 1302/1069/2191 1301/1068/2191 1321/1070/8
f 1302/1069/7 1321/1070/8 1322/1071/8
f 1322/1071/2192 1321/1070/2192 895/1072/10
f 1322/1071/2193 895/1072/2194 1323/1073/2193
f 1323/1073/2192 895/1072/10 1324/1074/2192
f 1323/1073/8 1324/1074/8 1304/1075/7
f 1304/1075/2191 1324/1074/8 1305/1076/2191
f 1304/1075/1618 1305/1076/1618 1285/1077/1612
f 1285/1077/1612 1305/1076/6 1286/1078/1612
f 1285/1077/4 1286/1078/4 1266/1079/3
f 1266/1079/3 1286/1078/4 1267/1080/3
f 1266/1079/2 1267/1080/2 1247/1081/1
f 1247/1081/1 1267/1080/2 1248/1082/1
f 1247/1081/1597 1248/1082/1597 901/1061/47
f 901/1061/2165 1248/1082/1597 1249/654/1597
f 901/1061/47 1249/654/48 828/1083/47
f 828/1083/2165 1249/654/1597 1250/1084/1597
f 828/1083/47 1250/1084/48 1251/1085/48
f 1251/1085/1 1250/1084/1 1270/1086/1787
f 1251/1085/1 1270/1086/2 1271/1087/2
f 1271/1087/3 1270/1086/3 1290/1088/4
f 1271/1087/3 1290/1088/4 1291/1089/4
f 1291/1089/1612 1290/1088/1612 1310/1090/6
f 1291/1089/1612 1310/1090/1618 1311/1091/1618
f 1311/1091/2191 1310/1090/2191 1330/666/8
f 1311/1091/7 1330/666/8 1331/1092/8
f 1331/1092/2192 1330/666/2192 816/1093/10
f 1331/1092/8 816/1093/2195 1332/1094/8
f 1332/1094/9 816/1093/10 1333/1095/9
f 1332/1094/8 1333/1095/8 1313/1096/7
f 1313/1096/2191 1333/1095/8 1314/1097/2191
f 1313/1096/1618 1314/1097/1618 1294/1098/1612
f 1294/1098/1612 1314/1097/6 1295/1099/1612
f 1294/1098/4 1295/1099/4 1275/1100/3
f 1275/1100/3 1295/1099/2196 1276/1101/3
f 1275/1100/2 1276/1101/2 1256/1102/1
f 1256/1102/1 1276/1101/2 1257/1103/1
f 1256/1102/48 1257/1103/48 828/1083/47
f 828/1083/47 1257/1103/1597 1258/1104/1597
f 828/1083/47 1258/1104/1597 829/1105/1597
f 829/1105/1 1258/1104/1 830/1106/2
f 830/1106/2 1258/1104/1 1277/1107/2
f 830/1106/3 1277/1107/3 831/1108/4
f 831/1108/4 1277/1107/3 1296/1109/4
f 831/1108/1612 1296/1109/1612 832/1110/6
f 832/1110/1618 1296/1109/1612 1315/1111/1618
f 832/1110/2191 1315/1111/2191 833/1112/8
f 833/1112/8 1315/1111/7 1334/1113/8
f 833/1112/54 1334/1113/54 816/1093/10
f 816/1093/10 1334/1113/54 1333/1095/54
f 1240/1060/1 900/1059/1 1259/1114/2
f 1259/1114/2 900/1059/1 899/1115/2
f 1259/1114/3 899/1115/3 1278/1116/4
f 1278/1116/2197 899/1115/3 898/1117/2197
f 1278/1116/56 898/1117/56 1297/1118/6
f 1297/1118/1618 898/1117/1612 897/1119/1618
f 1297/1118/2191 897/1119/2191 1316/1120/2198
f 1316/1120/8 897/1119/7 896/1121/8
f 1316/1120/54 896/1121/54 895/1072/10
f 1324/1074/2199 895/1072/2200 1325/650/2199
f 1325/650/54 895/1072/10 816/1093/10
f 1325/650/2199 816/1093/2200 1326/1122/2199
f 1326/1122/2192 816/1093/10 1327/1123/2192
f 1326/1122/8 1327/1123/8 1307/1124/7
f 1307/1124/2191 1327/1123/8 1308/1125/2191
f 1307/1124/1618 1308/1125/1618 1288/1126/1612
f 1288/1126/1612 1308/1125/6 1289/1127/1612
f 1288/1126/4 1289/1127/4 1269/1128/3
f 1269/1128/3 1289/1127/4 1270/1086/3
f 1269/1128/2 1270/1086/2 1250/1084/1
f 1241/1062/1 1240/1060/1 1260/1129/2
f 1260/1129/2 1240/1060/1 1259/1114/2
f 1260/1129/3 1259/1114/3 1279/1130/4
f 1279/1130/4 1259/1114/3 1278/1116/4
f 1279/1130/1612 1278/1116/1612 1298/1131/6
f 1298/1131/1618 1278/1116/1612 1297/1118/1618
f 1298/1131/2191 1297/1118/2191 1317/1132/8
f 1317/1132/8 1297/1118/7 1316/1120/8
f 1317/1132/54 1316/1120/54 895/1072/10
f 1242/1063/1597 1243/1133/1597 901/1061/47
f 901/1061/47 1243/1133/1597 1244/1134/1597
f 901/1061/47 1244/1134/1792 1245/1135/1792
f 1245/1135/1 1244/1134/1 1264/1136/2
f 1245/1135/1 1264/1136/2 1265/1137/2
f 1265/1137/3 1264/1136/3 1284/1138/4
f 1265/1137/3 1284/1138/4 1285/1077/4
f 1285/1077/1612 1284/1138/1612 1304/1075/2201
f 1242/1063/1 1262/1065/1787 1243/1133/1
f 1243/1133/1 1262/1065/2 1263/1139/2
f 1243/1133/1 1263/1139/1787 1244/1134/1
f 1244/1134/1 1263/1139/2 1264/1136/2
f 1247/1081/1792 901/1061/47 1246/1140/1792
f 1246/1140/1597 901/1061/47 1245/1135/1597
f 1246/1140/1 1245/1135/1 1265/1137/2
f 1266/1079/2 1247/1081/1 1246/1140/1
f 1266/1079/2 1246/1140/1 1265/1137/2
f 1269/1128/1787 1250/1084/1 1249/654/1
f 1249/654/1 1248/1082/1 1268/1141/1787
f 1268/1141/2 1248/1082/1 1267/1080/2
f 1268/1141/3 1267/1080/3 1287/652/4
f 1287/652/4 1267/1080/3 1286/1078/4
f 1287/652/1612 1286/1078/1612 1306/1142/6
f 1306/1142/1618 1286/1078/1612 1305/1076/1618
f 1306/1142/2191 1305/1076/2191 1325/650/8
f 1325/650/8 1305/1076/7 1324/1074/8
f 1251/1085/1792 1252/1143/1792 828/1083/47
f 828/1083/47 1252/1143/1597 1253/1144/1597
f 828/1083/47 1253/1144/48 1254/662/48
f 1254/662/1 1253/1144/1 1273/1145/2
f 1254/662/1 1273/1145/2 1274/1146/2
f 1274/1146/3 1273/1145/3 1293/1147/4
f 1274/1146/3 1293/1147/4 1294/1098/4
f 1294/1098/1612 1293/1147/1612 1313/1096/6
f 1251/1085/1 1271/1087/1787 1252/1143/1
f 1252/1143/1 1271/1087/2 1272/1148/2
f 1252/1143/1 1272/1148/2 1253/1144/1
f 1253/1144/1 1272/1148/2 1273/1145/2
f 1256/1102/1597 828/1083/47 1255/1149/1597
f 1255/1149/1597 828/1083/47 1254/662/1597
f 1255/1149/1 1254/662/1 1274/1146/2
f 1275/1100/2 1256/1102/1 1255/1149/1
f 1275/1100/2 1255/1149/1 1274/1146/2
f 1277/1107/2 1258/1104/1 1257/1103/1
f 1277/1107/2 1257/1103/1 1276/1101/2
f 1241/1062/1 1260/1129/2 1261/1064/2
f 1261/1064/3 1260/1129/3 1280/1150/4
f 1261/1064/3 1280/1150/4 1281/1066/4
f 1281/1066/1612 1280/1150/1612 1300/1151/6
f 1281/1066/1612 1300/1151/1618 1301/1068/1618
f 1301/1068/2191 1300/1151/2191 1320/1152/8
f 1301/1068/7 1320/1152/8 1321/1070/8
f 1321/1070/2193 1320/1152/2193 895/1072/2202
f 1280/1150/4 1260/1129/3 1279/1130/4
f 1262/1065/3 1282/1067/4 1263/1139/3
f 1263/1139/3 1282/1067/4 1283/1153/4
f 1263/1139/3 1283/1153/4 1264/1136/3
f 1264/1136/3 1283/1153/4 1284/1138/4
f 1285/1077/4 1266/1079/3 1265/1137/3
f 1288/1126/4 1269/1128/3 1268/1141/3
f 1268/1141/2 1269/1128/2 1249/654/1
f 1288/1126/4 1268/1141/3 1287/652/4
f 1290/1088/4 1270/1086/3 1289/1127/4
f 1271/1087/3 1291/1089/4 1272/1148/3
f 1272/1148/3 1291/1089/4 1292/1154/4
f 1272/1148/3 1292/1154/4 1273/1145/3
f 1273/1145/3 1292/1154/2197 1293/1147/2197
f 1294/1098/2196 1275/1100/3 1274/1146/3
f 1296/1109/4 1277/1107/3 1276/1101/3
f 1296/1109/4 1276/1101/3 1295/1099/4
f 1280/1150/1612 1279/1130/1612 1299/1155/6
f 1299/1155/1618 1279/1130/1612 1298/1131/1618
f 1299/1155/2191 1298/1131/2191 1318/1156/8
f 1318/1156/8 1298/1131/7 1317/1132/8
f 1318/1156/9 1317/1132/9 895/1072/10
f 1282/1067/1612 1302/1069/6 1283/1153/1612
f 1283/1153/1612 1302/1069/1618 1303/1157/1618
f 1283/1153/1612 1303/1157/6 1284/1138/1612
f 1284/1138/1612 1303/1157/1618 1304/1075/1618
f 1307/1124/6 1288/1126/1612 1287/652/1612
f 1307/1124/1618 1287/652/1612 1306/1142/1618
f 1290/1088/1612 1289/1127/1612 1309/1158/6
f 1309/1158/1618 1289/1127/1612 1308/1125/1618
f 1309/1158/2191 1308/1125/2191 1328/1159/2198
f 1328/1159/8 1308/1125/7 1327/1123/8
f 1328/1159/2193 1327/1123/2193 816/1093/2194
f 1291/1089/1612 1311/1091/6 1292/1154/1612
f 1292/1154/1612 1311/1091/1618 1312/1160/1618
f 1292/1154/56 1312/1160/6 1293/1147/56
f 1293/1147/1612 1312/1160/1618 1313/1096/1618
f 1315/1111/6 1296/1109/1612 1295/1099/1612
f 1315/1111/1618 1295/1099/1612 1314/1097/1618
f 1280/1150/1612 1299/1155/1618 1300/1151/1618
f 1300/1151/2191 1299/1155/2191 1319/1161/8
f 1300/1151/7 1319/1161/8 1320/1152/8
f 1320/1152/2199 1319/1161/2199 895/1072/2200
f 1319/1161/8 1299/1155/7 1318/1156/8
f 1323/1073/8 1304/1075/2191 1303/1157/2191
f 1323/1073/8 1303/1157/7 1322/1071/8
f 1322/1071/8 1303/1157/2191 1302/1069/2191
f 1326/1122/8 1307/1124/2191 1306/1142/2191
f 1326/1122/8 1306/1142/7 1325/650/8
f 1290/1088/1612 1309/1158/1618 1310/1090/1618
f 1310/1090/2191 1309/1158/2191 1329/1162/8
f 1310/1090/7 1329/1162/8 1330/666/8
f 1330/666/2192 1329/1162/2192 816/1093/10
f 1329/1162/8 1309/1158/7 1328/1159/8
f 1332/1094/8 1313/1096/2191 1312/1160/2191
f 1332/1094/8 1312/1160/7 1331/1092/8
f 1331/1092/8 1312/1160/2191 1311/1091/2191
f 1334/1113/8 1315/1111/2191 1314/1097/2191
f 1334/1113/8 1314/1097/7 1333/1095/8
f 895/1072/2195 1319/1161/54 1318/1156/54
f 816/1093/10 1329/1162/54 1328/1159/54
f 781/1059/2203 1335/1060/2203 782/1061/1157
f 782/1061/1157 1335/1060/2203 1336/1062/2203
f 782/1061/34 1336/1062/277 1337/1063/277
f 1337/1063/32 1336/1062/32 1356/1064/31
f 1337/1063/32 1356/1064/31 1357/1065/31
f 1357/1065/30 1356/1064/30 1376/1066/93
f 1357/1065/30 1376/1066/52 1377/1067/52
f 1377/1067/28 1376/1066/28 1396/1068/27
f 1377/1067/28 1396/1068/27 1397/1069/27
f 1397/1069/26 1396/1068/26 1416/1070/25
f 1397/1069/26 1416/1070/25 1417/1071/25
f 1417/1071/24 1416/1070/24 695/1072/23
f 1417/1071/1399 695/1072/23 1418/1073/1399
f 1418/1073/1659 695/1072/23 1419/1074/1659
f 1418/1073/25 1419/1074/25 1399/1075/26
f 1399/1075/26 1419/1074/25 1400/1076/26
f 1399/1075/27 1400/1076/27 1380/1077/28
f 1380/1077/28 1400/1076/27 1381/1078/28
f 1380/1077/29 1381/1078/29 1361/1079/30
f 1361/1079/30 1381/1078/93 1362/1080/30
f 1361/1079/31 1362/1080/31 1342/1081/32
f 1342/1081/32 1362/1080/31 1343/1082/32
f 1342/1081/2204 1343/1082/2204 782/1061/2205
f 782/1061/1157 1343/1082/2203 1344/654/2203
f 782/1061/34 1344/654/277 867/1083/34
f 867/1083/1157 1344/654/2203 1345/1084/2203
f 867/1083/2205 1345/1084/2204 1346/1085/2204
f 1346/1085/32 1345/1084/32 1365/1086/31
f 1346/1085/32 1365/1086/31 1366/1087/31
f 1366/1087/30 1365/1086/30 1385/1088/93
f 1366/1087/30 1385/1088/52 1386/1089/52
f 1386/1089/28 1385/1088/28 1405/1090/27
f 1386/1089/28 1405/1090/27 1406/1091/27
f 1406/1091/26 1405/1090/26 1425/666/25
f 1406/1091/26 1425/666/25 1426/1092/25
f 1426/1092/24 1425/666/24 698/1093/23
f 1426/1092/24 698/1093/23 1427/1094/24
f 1427/1094/24 698/1093/23 1428/1095/24
f 1427/1094/25 1428/1095/25 1408/1096/26
f 1408/1096/26 1428/1095/25 1409/1097/26
f 1408/1096/27 1409/1097/27 1389/1098/28
f 1389/1098/28 1409/1097/27 1390/1099/28
f 1389/1098/52 1390/1099/52 1370/1100/30
f 1370/1100/30 1390/1099/93 1371/1101/30
f 1370/1100/31 1371/1101/31 1351/1102/32
f 1351/1102/32 1371/1101/31 1352/1103/32
f 1351/1102/277 1352/1103/277 867/1083/2178
f 867/1083/1157 1352/1103/2203 1353/1104/2203
f 867/1083/1157 1353/1104/2203 868/1105/2203
f 868/1105/32 1353/1104/32 869/1106/2206
f 869/1106/31 1353/1104/32 1372/1107/31
f 869/1106/30 1372/1107/30 870/1108/52
f 870/1108/52 1372/1107/30 1391/1109/52
f 870/1108/28 1391/1109/28 871/1110/27
f 871/1110/27 1391/1109/28 1410/1111/27
f 871/1110/26 1410/1111/26 872/1112/25
f 872/1112/25 1410/1111/26 1429/1113/25
f 872/1112/24 1429/1113/24 698/1093/23
f 698/1093/23 1429/1113/1399 1428/1095/1399
f 1335/1060/32 781/1059/32 1354/1114/31
f 1354/1114/31 781/1059/32 780/1115/31
f 1354/1114/30 780/1115/30 1373/1116/93
f 1373/1116/52 780/1115/30 779/1117/52
f 1373/1116/28 779/1117/28 1392/1118/27
f 1392/1118/27 779/1117/28 778/1119/27
f 1392/1118/26 778/1119/26 1411/1120/25
f 1411/1120/25 778/1119/26 777/1121/25
f 1411/1120/24 777/1121/24 695/1072/23
f 1419/1074/1399 695/1072/23 1420/650/1399
f 1420/650/24 695/1072/23 698/1093/23
f 1420/650/1399 698/1093/23 1421/1122/1399
f 1421/1122/1659 698/1093/23 1422/1123/1659
f 1421/1122/25 1422/1123/25 1402/1124/26
f 1402/1124/26 1422/1123/25 1403/1125/26
f 1402/1124/27 1403/1125/27 1383/1126/28
f 1383/1126/28 1403/1125/27 1384/1127/28
f 1383/1126/52 1384/1127/52 1364/1128/30
f 1364/1128/30 1384/1127/93 1365/1086/30
f 1364/1128/31 1365/1086/31 1345/1084/32
f 1336/1062/32 1335/1060/32 1355/1129/31
f 1355/1129/31 1335/1060/32 1354/1114/31
f 1355/1129/30 1354/1114/30 1374/1130/93
f 1374/1130/52 1354/1114/30 1373/1116/52
f 1374/1130/28 1373/1116/28 1393/1131/27
f 1393/1131/27 1373/1116/28 1392/1118/27
f 1393/1131/26 1392/1118/26 1412/1132/25
f 1412/1132/25 1392/1118/26 1411/1120/25
f 1412/1132/24 1411/1120/24 695/1072/23
f 1337/1063/33 1338/1133/33 782/1061/34
f 782/1061/2178 1338/1133/277 1339/1134/277
f 782/1061/34 1339/1134/2203 1340/1135/2203
f 1340/1135/32 1339/1134/32 1359/1136/31
f 1340/1135/32 1359/1136/31 1360/1137/31
f 1360/1137/30 1359/1136/30 1379/1138/93
f 1360/1137/30 1379/1138/52 1380/1077/52
f 1380/1077/28 1379/1138/28 1399/1075/27
f 1337/1063/32 1357/1065/31 1338/1133/32
f 1338/1133/32 1357/1065/31 1358/1139/31
f 1338/1133/32 1358/1139/2206 1339/1134/32
f 1339/1134/32 1358/1139/31 1359/1136/31
f 1342/1081/2207 782/1061/2174 1341/1140/2207
f 1341/1140/2208 782/1061/35 1340/1135/2208
f 1341/1140/32 1340/1135/32 1360/1137/31
f 1361/1079/2206 1342/1081/32 1341/1140/32
f 1361/1079/31 1341/1140/32 1360/1137/31
f 1364/1128/31 1345/1084/32 1344/654/32
f 1344/654/32 1343/1082/32 1363/1141/31
f 1363/1141/31 1343/1082/32 1362/1080/31
f 1363/1141/30 1362/1080/30 1382/652/93
f 1382/652/52 1362/1080/30 1381/1078/52
f 1382/652/28 1381/1078/28 1401/1142/27
f 1401/1142/27 1381/1078/28 1400/1076/27
f 1401/1142/26 1400/1076/26 1420/650/25
f 1420/650/25 1400/1076/26 1419/1074/25
f 1346/1085/2209 1347/1143/2209 867/1083/2172
f 867/1083/34 1347/1143/277 1348/1144/277
f 867/1083/2205 1348/1144/32 1349/662/32
f 1349/662/32 1348/1144/32 1368/1145/31
f 1349/662/32 1368/1145/31 1369/1146/31
f 1369/1146/30 1368/1145/30 1388/1147/52
f 1369/1146/30 1388/1147/52 1389/1098/52
f 1389/1098/28 1388/1147/28 1408/1096/27
f 1346/1085/32 1366/1087/31 1347/1143/32
f 1347/1143/32 1366/1087/31 1367/1148/31
f 1347/1143/32 1367/1148/31 1348/1144/32
f 1348/1144/32 1367/1148/31 1368/1145/31
f 1351/1102/2208 867/1083/35 1350/1149/2208
f 1350/1149/33 867/1083/34 1349/662/33
f 1350/1149/32 1349/662/32 1369/1146/2206
f 1370/1100/31 1351/1102/32 1350/1149/32
f 1370/1100/31 1350/1149/32 1369/1146/31
f 1372/1107/31 1353/1104/32 1352/1103/32
f 1372/1107/31 1352/1103/32 1371/1101/31
f 1336/1062/32 1355/1129/31 1356/1064/31
f 1356/1064/30 1355/1129/30 1375/1150/93
f 1356/1064/30 1375/1150/52 1376/1066/52
f 1376/1066/28 1375/1150/51 1395/1151/27
f 1376/1066/28 1395/1151/27 1396/1068/27
f 1396/1068/26 1395/1151/26 1415/1152/25
f 1396/1068/26 1415/1152/25 1416/1070/25
f 1416/1070/1399 1415/1152/1399 695/1072/23
f 1375/1150/52 1355/1129/30 1374/1130/52
f 1357/1065/30 1377/1067/52 1358/1139/30
f 1358/1139/30 1377/1067/29 1378/1153/29
f 1358/1139/30 1378/1153/93 1359/1136/30
f 1359/1136/30 1378/1153/29 1379/1138/29
f 1380/1077/52 1361/1079/30 1360/1137/30
f 1383/1126/93 1364/1128/30 1363/1141/30
f 1363/1141/31 1364/1128/31 1344/654/32
f 1383/1126/52 1363/1141/30 1382/652/52
f 1385/1088/52 1365/1086/30 1384/1127/52
f 1366/1087/30 1386/1089/93 1367/1148/30
f 1367/1148/30 1386/1089/29 1387/664/29
f 1367/1148/30 1387/664/93 1368/1145/30
f 1368/1145/30 1387/664/52 1388/1147/52
f 1389/1098/93 1370/1100/30 1369/1146/30
f 1391/1109/93 1372/1107/30 1371/1101/30
f 1391/1109/29 1371/1101/30 1390/1099/29
f 1375/1150/28 1374/1130/28 1394/1155/27
f 1394/1155/27 1374/1130/28 1393/1131/27
f 1394/1155/26 1393/1131/26 1413/1156/25
f 1413/1156/25 1393/1131/26 1412/1132/25
f 1413/1156/24 1412/1132/24 695/1072/23
f 1377/1067/51 1397/1069/27 1378/1153/28
f 1378/1153/28 1397/1069/27 1398/1157/27
f 1378/1153/28 1398/1157/27 1379/1138/28
f 1379/1138/28 1398/1157/27 1399/1075/27
f 1402/1124/27 1383/1126/28 1382/652/28
f 1402/1124/27 1382/652/28 1401/1142/27
f 1385/1088/28 1384/1127/28 1404/1158/27
f 1404/1158/27 1384/1127/28 1403/1125/27
f 1404/1158/26 1403/1125/26 1423/1159/25
f 1423/1159/25 1403/1125/26 1422/1123/25
f 1423/1159/1399 1422/1123/1399 698/1093/23
f 1386/1089/28 1406/1091/27 1387/664/28
f 1387/664/28 1406/1091/27 1407/1160/27
f 1387/664/28 1407/1160/27 1388/1147/28
f 1388/1147/28 1407/1160/27 1408/1096/27
f 1410/1111/27 1391/1109/28 1390/1099/28
f 1410/1111/27 1390/1099/28 1409/1097/27
f 1375/1150/28 1394/1155/27 1395/1151/27
f 1395/1151/26 1394/1155/26 1414/1161/25
f 1395/1151/26 1414/1161/25 1415/1152/25
f 1415/1152/24 1414/1161/24 695/1072/23
f 1414/1161/25 1394/1155/26 1413/1156/25
f 1418/1073/25 1399/1075/26 1398/1157/26
f 1418/1073/25 1398/1157/26 1417/1071/25
f 1417/1071/25 1398/1157/26 1397/1069/26
f 1421/1122/25 1402/1124/26 1401/1142/26
f 1421/1122/25 1401/1142/26 1420/650/25
f 1385/1088/28 1404/1158/27 1405/1090/27
f 1405/1090/26 1404/1158/26 1424/1162/25
f 1405/1090/26 1424/1162/25 1425/666/25
f 1425/666/1659 1424/1162/1659 698/1093/23
f 1424/1162/25 1404/1158/26 1423/1159/25
f 1427/1094/25 1408/1096/26 1407/1160/26
f 1427/1094/25 1407/1160/26 1426/1092/25
f 1426/1092/25 1407/1160/26 1406/1091/26
f 1429/1113/25 1410/1111/26 1409/1097/26
f 1429/1113/25 1409/1097/26 1428/1095/25
f 695/1072/23 1414/1161/1399 1413/1156/1399
f 698/1093/23 1424/1162/24 1423/1159/24
f 860/980/206 1430/981/206 861/982/207
f 861/982/207 1430/981/206 1431/983/206
f 861/982/207 1431/983/206 1432/984/206
f 1432/984/572 1431/983/572 1445/985/1060
f 1432/984/572 1445/985/1060 1446/986/1060
f 1446/986/198 1445/985/198 1459/987/197
f 1446/986/198 1459/987/197 1460/988/197
f 1460/988/748 1459/987/748 1473/989/582
f 1460/988/748 1473/989/582 1474/990/582
f 1474/990/587 1473/989/587 1487/991/588
f 1474/990/587 1487/991/588 1488/992/588
f 1488/992/2210 1487/991/2210 698/993/180
f 1488/992/181 698/993/180 697/994/180
f 1430/981/572 860/980/572 1443/995/1060
f 1443/995/1060 860/980/572 859/996/1060
f 1443/995/198 859/996/198 1456/997/197
f 1456/997/197 859/996/198 858/998/197
f 1456/997/748 858/998/748 1469/999/192
f 1469/999/582 858/998/581 857/1000/582
f 1469/999/587 857/1000/587 1482/1001/588
f 1482/1001/588 857/1000/587 856/1002/588
f 1482/1001/1662 856/1002/1662 698/993/180
f 754/1003/181 1494/1004/181 697/994/180
f 697/994/180 1494/1004/1662 1493/1005/1662
f 697/994/180 1493/1005/181 1492/1006/181
f 1492/1006/588 1493/1005/588 1479/1007/587
f 1492/1006/588 1479/1007/587 1478/1008/587
f 1478/1008/582 1479/1007/582 1465/1009/1059
f 1478/1008/582 1465/1009/748 1464/1010/748
f 1464/1010/197 1465/1009/197 1451/1011/198
f 1464/1010/197 1451/1011/198 1450/1012/198
f 1450/1012/1060 1451/1011/1060 1437/1013/572
f 1450/1012/1060 1437/1013/572 1436/1014/572
f 1436/1014/206 1437/1013/206 749/1015/207
f 1436/1014/206 749/1015/207 861/982/207
f 1494/1004/588 754/1003/588 1481/1016/587
f 1481/1016/587 754/1003/186 753/1017/587
f 1481/1016/582 753/1017/582 1468/1018/748
f 1468/1018/1059 753/1017/582 752/1019/1059
f 1468/1018/197 752/1019/197 1455/1020/1716
f 1455/1020/198 752/1019/197 751/1021/198
f 1455/1020/1060 751/1021/1060 1442/1022/572
f 1442/1022/572 751/1021/1060 750/1023/572
f 1442/1022/206 750/1023/206 749/1015/207
f 1431/983/572 1430/981/572 1444/1024/1060
f 1444/1024/1060 1430/981/572 1443/995/1060
f 1444/1024/198 1443/995/198 1457/1025/197
f 1457/1025/197 1443/995/1716 1456/997/197
f 1457/1025/1059 1456/997/1059 1470/1026/582
f 1470/1026/582 1456/997/748 1469/999/582
f 1470/1026/587 1469/999/587 1483/1027/186
f 1483/1027/588 1469/999/2211 1482/1001/588
f 1483/1027/181 1482/1001/181 698/993/180
f 1432/984/206 1433/1028/206 861/982/207
f 861/982/207 1433/1028/206 1434/1029/206
f 861/982/207 1434/1029/206 1435/1030/206
f 1435/1030/572 1434/1029/572 1448/1031/1060
f 1435/1030/572 1448/1031/1060 1449/1032/1060
f 1449/1032/198 1448/1031/198 1462/1033/197
f 1449/1032/198 1462/1033/197 1463/1034/197
f 1463/1034/748 1462/1033/748 1476/1035/582
f 1463/1034/748 1476/1035/582 1477/1036/582
f 1477/1036/587 1476/1035/587 1490/1037/588
f 1477/1036/2211 1490/1037/588 1491/1038/588
f 1491/1038/1662 1490/1037/1662 697/994/180
f 1491/1038/1662 697/994/180 1492/1006/1662
f 1432/984/572 1446/986/1060 1433/1028/572
f 1433/1028/572 1446/986/1060 1447/1039/1060
f 1433/1028/572 1447/1039/1060 1434/1029/572
f 1434/1029/572 1447/1039/1060 1448/1031/1060
f 1436/1014/206 861/982/207 1435/1030/206
f 1450/1012/1060 1436/1014/572 1449/1032/1060
f 1449/1032/202 1436/1014/572 1435/1030/572
f 1437/1013/206 1438/1040/206 749/1015/207
f 749/1015/207 1438/1040/2212 1439/1041/2212
f 749/1015/207 1439/1041/206 1440/1042/206
f 1440/1042/572 1439/1041/572 1453/1043/1060
f 1440/1042/572 1453/1043/1060 1454/1044/1060
f 1454/1044/198 1453/1043/198 1467/1045/197
f 1454/1044/198 1467/1045/197 1468/1018/197
f 1468/1018/748 1467/1045/748 1481/1016/582
f 1437/1013/572 1451/1011/1060 1438/1040/572
f 1438/1040/572 1451/1011/1060 1452/1046/1060
f 1438/1040/572 1452/1046/1060 1439/1041/572
f 1439/1041/572 1452/1046/1060 1453/1043/1060
f 1442/1022/206 749/1015/207 1441/1047/206
f 1441/1047/206 749/1015/207 1440/1042/206
f 1441/1047/572 1440/1042/572 1454/1044/1060
f 1455/1020/1060 1442/1022/572 1441/1047/572
f 1455/1020/1060 1441/1047/572 1454/1044/1060
f 1431/983/572 1444/1024/1060 1445/985/1060
f 1445/985/198 1444/1024/198 1458/1048/197
f 1445/985/198 1458/1048/197 1459/987/197
f 1459/987/748 1458/1048/748 1472/1049/582
f 1459/987/1059 1472/1049/582 1473/989/582
f 1473/989/587 1472/1049/587 1486/1050/588
f 1473/989/587 1486/1050/588 1487/991/588
f 1487/991/181 1486/1050/181 698/993/180
f 1458/1048/197 1444/1024/198 1457/1025/197
f 1446/986/198 1460/988/197 1447/1039/198
f 1447/1039/198 1460/988/197 1461/1051/197
f 1447/1039/198 1461/1051/197 1448/1031/198
f 1448/1031/198 1461/1051/197 1462/1033/197
f 1464/1010/197 1450/1012/198 1463/1034/197
f 1463/1034/197 1450/1012/198 1449/1032/198
f 1451/1011/198 1465/1009/197 1452/1046/198
f 1452/1046/198 1465/1009/197 1466/1052/197
f 1452/1046/198 1466/1052/197 1453/1043/198
f 1453/1043/1716 1466/1052/197 1467/1045/197
f 1468/1018/197 1455/1020/198 1454/1044/198
f 1458/1048/748 1457/1025/748 1471/1053/582
f 1471/1053/582 1457/1025/748 1470/1026/582
f 1471/1053/587 1470/1026/587 1484/1054/588
f 1484/1054/588 1470/1026/2211 1483/1027/588
f 1484/1054/181 1483/1027/181 698/993/180
f 1460/988/748 1474/990/582 1461/1051/748
f 1461/1051/581 1474/990/582 1475/1055/582
f 1461/1051/748 1475/1055/582 1462/1033/748
f 1462/1033/581 1475/1055/582 1476/1035/582
f 1478/1008/582 1464/1010/1059 1477/1036/582
f 1477/1036/582 1464/1010/1059 1463/1034/1059
f 1465/1009/748 1479/1007/582 1466/1052/748
f 1466/1052/748 1479/1007/582 1480/1056/582
f 1466/1052/1059 1480/1056/582 1467/1045/1059
f 1467/1045/748 1480/1056/582 1481/1016/582
f 1458/1048/748 1471/1053/582 1472/1049/582
f 1472/1049/587 1471/1053/587 1485/1057/588
f 1472/1049/2211 1485/1057/588 1486/1050/588
f 1486/1050/1662 1485/1057/1662 698/993/180
f 1485/1057/588 1471/1053/2211 1484/1054/588
f 1474/990/587 1488/992/588 1475/1055/587
f 1475/1055/587 1488/992/588 1489/1058/588
f 1475/1055/587 1489/1058/588 1476/1035/587
f 1476/1035/587 1489/1058/588 1490/1037/588
f 1492/1006/588 1478/1008/2211 1491/1038/588
f 1491/1038/588 1478/1008/587 1477/1036/587
f 1494/1004/588 1481/1016/587 1480/1056/587
f 1494/1004/588 1480/1056/2211 1493/1005/588
f 1493/1005/588 1480/1056/587 1479/1007/587
f 698/993/180 1485/1057/1662 1484/1054/1662
f 697/994/180 1490/1037/1662 1489/1058/1662
f 1489/1058/181 1488/992/181 697/994/180
f 816/1163/353 710/1164/353 817/1165/1067
f 817/1165/1067 710/1164/353 709/640/1067
f 817/1165/820 709/640/820 818/1166/2213
f 818/1166/1068 709/640/820 708/1167/1068
f 818/1166/1069 708/1167/1069 819/1168/2214
f 819/1168/2214 708/1167/1069 707/639/2214
f 819/1168/1193 707/639/1193 820/1169/1072
f 820/1169/1072 707/639/1193 706/1170/1072
f 820/1169/1073 706/1170/1073 821/1171/836
f 821/1171/1074 706/1170/1073 705/638/1074
f 821/1171/1222 705/638/1222 822/1172/57
f 822/1172/1075 705/638/2215 704/1173/1075
f 703/980/2216 1495/981/2216 704/982/943
f 704/982/943 1495/981/2216 1496/983/2216
f 704/982/943 1496/983/2216 1497/984/2216
f 1497/984/944 1496/983/944 1510/985/945
f 1497/984/944 1510/985/945 1511/986/945
f 1511/986/479 1510/985/479 1524/987/483
f 1511/986/479 1524/987/483 1525/988/483
f 1525/988/484 1524/987/484 1538/989/902
f 1525/988/484 1538/989/902 1539/990/902
f 1539/990/490 1538/989/490 1552/991/493
f 1539/990/490 1552/991/493 1553/992/493
f 1553/992/494 1552/991/494 696/993/109
f 1553/992/494 696/993/109 695/994/109
f 1495/981/944 703/980/944 1508/995/945
f 1508/995/945 703/980/944 702/996/945
f 1508/995/479 702/996/479 1521/997/483
f 1521/997/483 702/996/479 701/998/483
f 1521/997/484 701/998/484 1534/999/902
f 1534/999/902 701/998/484 700/1000/902
f 1534/999/490 700/1000/490 1547/1001/493
f 1547/1001/493 700/1000/2217 699/1002/493
f 1547/1001/494 699/1002/494 696/993/109
f 793/1003/494 1559/1004/494 695/994/937
f 695/994/109 1559/1004/494 1558/1005/494
f 695/994/109 1558/1005/494 1557/1006/494
f 1557/1006/493 1558/1005/493 1544/1007/490
f 1557/1006/2218 1544/1007/490 1543/1008/490
f 1543/1008/902 1544/1007/902 1530/1009/484
f 1543/1008/899 1530/1009/484 1529/1010/484
f 1529/1010/483 1530/1009/483 1516/1011/479
f 1529/1010/483 1516/1011/479 1515/1012/479
f 1515/1012/945 1516/1011/945 1502/1013/477
f 1515/1012/945 1502/1013/944 1501/1014/944
f 1501/1014/2219 1502/1013/2219 788/1015/943
f 1501/1014/2219 788/1015/943 704/982/943
f 1559/1004/493 793/1003/493 1546/1016/490
f 1546/1016/490 793/1003/493 792/1017/490
f 1546/1016/902 792/1017/902 1533/1018/484
f 1533/1018/484 792/1017/902 791/1019/484
f 1533/1018/483 791/1019/483 1520/1020/479
f 1520/1020/479 791/1019/483 790/1021/479
f 1520/1020/945 790/1021/945 1507/1022/944
f 1507/1022/944 790/1021/945 789/1023/944
f 1507/1022/2216 789/1023/2216 788/1015/943
f 1496/983/944 1495/981/944 1509/1024/945
f 1509/1024/945 1495/981/944 1508/995/945
f 1509/1024/479 1508/995/479 1522/1025/483
f 1522/1025/483 1508/995/1220 1521/997/483
f 1522/1025/484 1521/997/484 1535/1026/902
f 1535/1026/902 1521/997/484 1534/999/902
f 1535/1026/490 1534/999/490 1548/1027/2218
f 1548/1027/493 1534/999/490 1547/1001/493
f 1548/1027/494 1547/1001/494 696/993/109
f 1497/984/2219 1498/1028/2219 704/982/943
f 704/982/943 1498/1028/2216 1499/1029/2216
f 704/982/943 1499/1029/2216 1500/1030/2216
f 1500/1030/944 1499/1029/944 1513/1031/843
f 1500/1030/477 1513/1031/945 1514/1032/945
f 1514/1032/479 1513/1031/479 1527/1033/483
f 1514/1032/479 1527/1033/483 1528/1034/483
f 1528/1034/484 1527/1033/484 1541/1035/899
f 1528/1034/484 1541/1035/902 1542/1036/902
f 1542/1036/490 1541/1035/490 1555/1037/493
f 1542/1036/2217 1555/1037/493 1556/1038/493
f 1556/1038/494 1555/1037/494 695/994/109
f 1556/1038/494 695/994/109 1557/1006/494
f 1497/984/944 1511/986/945 1498/1028/944
f 1498/1028/944 1511/986/945 1512/1039/945
f 1498/1028/944 1512/1039/945 1499/1029/944
f 1499/1029/944 1512/1039/945 1513/1031/945
f 1501/1014/2219 704/982/943 1500/1030/2219
f 1515/1012/945 1501/1014/944 1514/1032/945
f 1514/1032/945 1501/1014/944 1500/1030/944
f 1502/1013/2216 1503/1040/2216 788/1015/943
f 788/1015/943 1503/1040/2219 1504/1041/2219
f 788/1015/943 1504/1041/2216 1505/1042/2216
f 1505/1042/944 1504/1041/944 1518/1043/945
f 1505/1042/944 1518/1043/945 1519/1044/945
f 1519/1044/479 1518/1043/479 1532/1045/483
f 1519/1044/479 1532/1045/483 1533/1018/483
f 1533/1018/484 1532/1045/484 1546/1016/902
f 1502/1013/944 1516/1011/945 1503/1040/944
f 1503/1040/944 1516/1011/945 1517/1046/945
f 1503/1040/944 1517/1046/945 1504/1041/944
f 1504/1041/944 1517/1046/945 1518/1043/945
f 1507/1022/2219 788/1015/943 1506/1047/2219
f 1506/1047/2216 788/1015/943 1505/1042/2216
f 1506/1047/944 1505/1042/944 1519/1044/945
f 1520/1020/945 1507/1022/944 1506/1047/944
f 1520/1020/945 1506/1047/944 1519/1044/945
f 1496/983/944 1509/1024/945 1510/985/945
f 1510/985/479 1509/1024/479 1523/1048/483
f 1510/985/479 1523/1048/483 1524/987/483
f 1524/987/484 1523/1048/484 1537/1049/902
f 1524/987/484 1537/1049/902 1538/989/902
f 1538/989/490 1537/1049/490 1551/1050/493
f 1538/989/490 1551/1050/493 1552/991/493
f 1552/991/494 1551/1050/494 696/993/109
f 1523/1048/483 1509/1024/479 1522/1025/483
f 1511/986/479 1525/988/483 1512/1039/479
f 1512/1039/479 1525/988/483 1526/1051/483
f 1512/1039/479 1526/1051/483 1513/1031/479
f 1513/1031/479 1526/1051/483 1527/1033/483
f 1529/1010/483 1515/1012/479 1528/1034/483
f 1528/1034/483 1515/1012/479 1514/1032/479
f 1516/1011/479 1530/1009/483 1517/1046/479
f 1517/1046/479 1530/1009/483 1531/1052/483
f 1517/1046/479 1531/1052/483 1518/1043/479
f 1518/1043/1220 1531/1052/483 1532/1045/483
f 1533/1018/483 1520/1020/479 1519/1044/479
f 1523/1048/484 1522/1025/484 1536/1053/902
f 1536/1053/902 1522/1025/484 1535/1026/902
f 1536/1053/490 1535/1026/490 1549/1054/493
f 1549/1054/493 1535/1026/490 1548/1027/493
f 1549/1054/494 1548/1027/494 696/993/109
f 1525/988/484 1539/990/902 1526/1051/484
f 1526/1051/484 1539/990/902 1540/1055/902
f 1526/1051/484 1540/1055/902 1527/1033/484
f 1527/1033/484 1540/1055/902 1541/1035/902
f 1543/1008/902 1529/1010/484 1542/1036/902
f 1542/1036/902 1529/1010/484 1528/1034/484
f 1530/1009/484 1544/1007/902 1531/1052/484
f 1531/1052/484 1544/1007/902 1545/1056/902
f 1531/1052/484 1545/1056/902 1532/1045/484
f 1532/1045/484 1545/1056/902 1546/1016/902
f 1523/1048/484 1536/1053/902 1537/1049/902
f 1537/1049/490 1536/1053/490 1550/1057/493
f 1537/1049/2217 1550/1057/493 1551/1050/493
f 1551/1050/1396 1550/1057/1396 696/993/109
f 1550/1057/493 1536/1053/2217 1549/1054/493
f 1539/990/490 1553/992/493 1540/1055/490
f 1540/1055/490 1553/992/493 1554/1058/493
f 1540/1055/490 1554/1058/493 1541/1035/490
f 1541/1035/490 1554/1058/493 1555/1037/493
f 1557/1006/493 1543/1008/490 1556/1038/493
f 1556/1038/493 1543/1008/490 1542/1036/490
f 1559/1004/2218 1546/1016/490 1545/1056/490
f 1559/1004/493 1545/1056/2217 1558/1005/493
f 1558/1005/2218 1545/1056/490 1544/1007/490
f 696/993/109 1550/1057/494 1549/1054/494
f 695/994/109 1555/1037/494 1554/1058/494
f 1554/1058/1168 1553/992/1168 695/994/109
f 742/1059/55 1560/1060/55 743/1061/11
f 743/1061/11 1560/1060/55 1561/1062/55
f 743/1061/62 1561/1062/12 1562/1063/12
f 1562/1063/13 1561/1062/13 1581/1064/14
f 1562/1063/13 1581/1064/2220 1582/1065/2220
f 1582/1065/356 1581/1064/356 1601/1066/691
f 1582/1065/15 1601/1066/691 1602/1067/691
f 1602/1067/692 1601/1066/692 1621/1068/18
f 1602/1067/49 1621/1068/18 1622/1069/18
f 1622/1069/19 1621/1068/19 1641/1070/20
f 1622/1069/19 1641/1070/20 1642/1071/20
f 1642/1071/1161 1641/1070/1161 697/1072/22
f 1642/1071/21 697/1072/22 1643/1073/21
f 1643/1073/1161 697/1072/22 1644/1074/1161
f 1643/1073/20 1644/1074/20 1624/1075/376
f 1624/1075/19 1644/1074/20 1625/1076/19
f 1624/1075/18 1625/1076/18 1605/1077/49
f 1605/1077/692 1625/1076/18 1606/1078/692
f 1605/1077/16 1606/1078/691 1586/1079/2221
f 1586/1079/356 1606/1078/691 1587/1080/356
f 1586/1079/2220 1587/1080/2220 1567/1081/13
f 1567/1081/13 1587/1080/14 1568/1082/13
f 1567/1081/355 1568/1082/355 743/1061/11
f 743/1061/10 1568/1082/2222 1569/654/2222
f 743/1061/11 1569/654/55 710/1083/11
f 710/1083/10 1569/654/2222 1570/1084/2222
f 710/1083/11 1570/1084/55 1571/1085/55
f 1571/1085/13 1570/1084/13 1590/1086/14
f 1571/1085/343 1590/1086/2220 1591/1087/2220
f 1591/1087/356 1590/1086/356 1610/1088/691
f 1591/1087/15 1610/1088/16 1611/1089/691
f 1611/1089/692 1610/1088/692 1630/1090/18
f 1611/1089/49 1630/1090/18 1631/1091/18
f 1631/1091/19 1630/1090/19 1650/666/20
f 1631/1091/19 1650/666/20 1651/1092/20
f 1651/1092/1161 1650/666/1161 696/1093/22
f 1651/1092/1161 696/1093/61 1652/1094/1161
f 1652/1094/21 696/1093/22 1653/1095/21
f 1652/1094/20 1653/1095/20 1633/1096/19
f 1633/1096/19 1653/1095/20 1634/1097/19
f 1633/1096/18 1634/1097/18 1614/1098/49
f 1614/1098/692 1634/1097/18 1615/1099/692
f 1614/1098/16 1615/1099/16 1595/1100/15
f 1595/1100/356 1615/1099/691 1596/1101/356
f 1595/1100/2220 1596/1101/2220 1576/1102/13
f 1576/1102/13 1596/1101/14 1577/1103/13
f 1576/1102/12 1577/1103/12 710/1083/11
f 710/1083/11 1577/1103/55 1578/1104/55
f 710/1083/11 1578/1104/55 711/1105/55
f 711/1105/13 1578/1104/13 712/1106/14
f 712/1106/2220 1578/1104/13 1597/1107/2220
f 712/1106/356 1597/1107/356 713/1108/691
f 713/1108/16 1597/1107/15 1616/1109/16
f 713/1108/692 1616/1109/692 714/1110/18
f 714/1110/18 1616/1109/49 1635/1111/18
f 714/1110/19 1635/1111/19 715/1112/20
f 715/1112/20 1635/1111/19 1654/1113/20
f 715/1112/1161 1654/1113/1161 696/1093/22
f 696/1093/22 1654/1113/1161 1653/1095/1161
f 1560/1060/13 742/1059/13 1579/1114/14
f 1579/1114/2220 742/1059/13 741/1115/2220
f 1579/1114/356 741/1115/356 1598/1116/691
f 1598/1116/17 741/1115/15 740/1117/17
f 1598/1116/17 740/1117/17 1617/1118/18
f 1617/1118/18 740/1117/49 739/1119/18
f 1617/1118/19 739/1119/19 1636/1120/20
f 1636/1120/20 739/1119/19 738/1121/20
f 1636/1120/1161 738/1121/1161 697/1072/22
f 1644/1074/1161 697/1072/22 1645/650/1161
f 1645/650/21 697/1072/22 696/1093/22
f 1645/650/1161 696/1093/22 1646/1122/1161
f 1646/1122/1281 696/1093/22 1647/1123/1281
f 1646/1122/20 1647/1123/20 1627/1124/19
f 1627/1124/19 1647/1123/20 1628/1125/19
f 1627/1124/18 1628/1125/18 1608/1126/49
f 1608/1126/692 1628/1125/18 1609/1127/692
f 1608/1126/16 1609/1127/691 1589/1128/15
f 1589/1128/356 1609/1127/691 1590/1086/356
f 1589/1128/2220 1590/1086/2220 1570/1084/13
f 1561/1062/13 1560/1060/13 1580/1129/14
f 1580/1129/2220 1560/1060/13 1579/1114/2220
f 1580/1129/356 1579/1114/356 1599/1130/691
f 1599/1130/691 1579/1114/15 1598/1116/691
f 1599/1130/692 1598/1116/692 1618/1131/18
f 1618/1131/18 1598/1116/49 1617/1118/18
f 1618/1131/19 1617/1118/19 1637/1132/20
f 1637/1132/20 1617/1118/19 1636/1120/20
f 1637/1132/1161 1636/1120/1161 697/1072/22
f 1562/1063/13 1563/1133/13 743/1061/2200
f 743/1061/10 1563/1133/2223 1564/1134/2223
f 743/1061/2224 1564/1134/2225 1565/1135/2225
f 1565/1135/13 1564/1134/13 1584/1136/14
f 1565/1135/13 1584/1136/2220 1585/1137/2220
f 1585/1137/356 1584/1136/356 1604/1138/691
f 1585/1137/15 1604/1138/16 1605/1077/16
f 1605/1077/692 1604/1138/692 1624/1075/18
f 1562/1063/13 1582/1065/14 1563/1133/13
f 1563/1133/13 1582/1065/2220 1583/1139/2220
f 1563/1133/13 1583/1139/14 1564/1134/13
f 1564/1134/13 1583/1139/2220 1584/1136/2220
f 1567/1081/13 743/1061/2200 1566/1140/13
f 1566/1140/355 743/1061/11 1565/1135/355
f 1566/1140/13 1565/1135/13 1585/1137/14
f 1586/1079/14 1567/1081/13 1566/1140/13
f 1586/1079/2220 1566/1140/13 1585/1137/2220
f 1589/1128/14 1570/1084/13 1569/654/13
f 1569/654/13 1568/1082/13 1588/1141/14
f 1588/1141/2220 1568/1082/13 1587/1080/2220
f 1588/1141/356 1587/1080/356 1607/652/691
f 1607/652/691 1587/1080/15 1606/1078/16
f 1607/652/692 1606/1078/692 1626/1142/18
f 1626/1142/18 1606/1078/49 1625/1076/18
f 1626/1142/19 1625/1076/19 1645/650/20
f 1645/650/20 1625/1076/19 1644/1074/20
f 1571/1085/2225 1572/1143/2225 710/1083/2224
f 710/1083/11 1572/1143/55 1573/1144/55
f 710/1083/11 1573/1144/55 1574/662/55
f 1574/662/13 1573/1144/13 1593/1145/14
f 1574/662/13 1593/1145/2220 1594/1146/2220
f 1594/1146/356 1593/1145/356 1613/1147/691
f 1594/1146/15 1613/1147/16 1614/1098/16
f 1614/1098/692 1613/1147/692 1633/1096/18
f 1571/1085/13 1591/1087/14 1572/1143/13
f 1572/1143/13 1591/1087/2220 1592/1148/2220
f 1572/1143/13 1592/1148/14 1573/1144/13
f 1573/1144/13 1592/1148/2220 1593/1145/2220
f 1576/1102/13 710/1083/2200 1575/1149/13
f 1575/1149/355 710/1083/11 1574/662/355
f 1575/1149/13 1574/662/13 1594/1146/14
f 1595/1100/14 1576/1102/13 1575/1149/13
f 1595/1100/2220 1575/1149/13 1594/1146/2220
f 1597/1107/14 1578/1104/13 1577/1103/13
f 1597/1107/2220 1577/1103/13 1596/1101/2220
f 1561/1062/13 1580/1129/2220 1581/1064/2220
f 1581/1064/356 1580/1129/356 1600/1150/691
f 1581/1064/15 1600/1150/16 1601/1066/16
f 1601/1066/692 1600/1150/692 1620/1151/18
f 1601/1066/49 1620/1151/18 1621/1068/18
f 1621/1068/19 1620/1151/19 1640/1152/20
f 1621/1068/19 1640/1152/20 1641/1070/20
f 1641/1070/1281 1640/1152/1281 697/1072/22
f 1600/1150/16 1580/1129/15 1599/1130/16
f 1582/1065/356 1602/1067/691 1583/1139/356
f 1583/1139/15 1602/1067/16 1603/1153/691
f 1583/1139/356 1603/1153/691 1584/1136/356
f 1584/1136/15 1603/1153/16 1604/1138/691
f 1605/1077/691 1586/1079/356 1585/1137/356
f 1608/1126/691 1589/1128/356 1588/1141/356
f 1588/1141/2220 1589/1128/2220 1569/654/13
f 1608/1126/16 1588/1141/15 1607/652/16
f 1610/1088/691 1590/1086/15 1609/1127/16
f 1591/1087/356 1611/1089/691 1592/1148/356
f 1592/1148/15 1611/1089/16 1612/664/16
f 1592/1148/356 1612/664/691 1593/1145/356
f 1593/1145/15 1612/664/17 1613/1147/17
f 1614/1098/691 1595/1100/356 1594/1146/356
f 1616/1109/691 1597/1107/356 1596/1101/356
f 1616/1109/16 1596/1101/15 1615/1099/16
f 1600/1150/692 1599/1130/692 1619/1155/18
f 1619/1155/18 1599/1130/49 1618/1131/18
f 1619/1155/19 1618/1131/19 1638/1156/20
f 1638/1156/20 1618/1131/19 1637/1132/20
f 1638/1156/21 1637/1132/21 697/1072/22
f 1602/1067/692 1622/1069/18 1603/1153/692
f 1603/1153/49 1622/1069/18 1623/1157/18
f 1603/1153/692 1623/1157/18 1604/1138/692
f 1604/1138/49 1623/1157/18 1624/1075/18
f 1627/1124/18 1608/1126/692 1607/652/692
f 1627/1124/18 1607/652/49 1626/1142/18
f 1610/1088/692 1609/1127/692 1629/1158/18
f 1629/1158/18 1609/1127/49 1628/1125/18
f 1629/1158/19 1628/1125/19 1648/1159/20
f 1648/1159/20 1628/1125/19 1647/1123/20
f 1648/1159/1161 1647/1123/1161 696/1093/22
f 1611/1089/692 1631/1091/18 1612/664/692
f 1612/664/49 1631/1091/18 1632/1160/18
f 1612/664/17 1632/1160/18 1613/1147/17
f 1613/1147/49 1632/1160/18 1633/1096/18
f 1635/1111/18 1616/1109/692 1615/1099/692
f 1635/1111/18 1615/1099/49 1634/1097/18
f 1600/1150/49 1619/1155/18 1620/1151/18
f 1620/1151/19 1619/1155/19 1639/1161/20
f 1620/1151/19 1639/1161/20 1640/1152/20
f 1640/1152/1161 1639/1161/1161 697/1072/22
f 1639/1161/20 1619/1155/19 1638/1156/20
f 1643/1073/20 1624/1075/19 1623/1157/19
f 1643/1073/20 1623/1157/19 1642/1071/20
f 1642/1071/20 1623/1157/19 1622/1069/19
f 1646/1122/20 1627/1124/19 1626/1142/19
f 1646/1122/20 1626/1142/19 1645/650/20
f 1610/1088/49 1629/1158/18 1630/1090/18
f 1630/1090/19 1629/1158/19 1649/1162/20
f 1630/1090/19 1649/1162/20 1650/666/20
f 1650/666/21 1649/1162/21 696/1093/22
f 1649/1162/20 1629/1158/19 1648/1159/20
f 1652/1094/20 1633/1096/19 1632/1160/19
f 1652/1094/20 1632/1160/19 1651/1092/20
f 1651/1092/20 1632/1160/19 1631/1091/19
f 1654/1113/20 1635/1111/19 1634/1097/19
f 1654/1113/20 1634/1097/19 1653/1095/20
f 697/1072/22 1639/1161/1161 1638/1156/1161
f 696/1093/22 1649/1162/1161 1648/1159/1161
f 907/1174/58 981/1175/58 749/1176/58
f 749/1176/58 981/1175/58 861/1177/58
f 901/849/2165 828/854/2165 987/851/2165
f 987/851/2165 828/854/2165 947/858/2165
f 975/1174/1157 941/1178/1157 867/1176/1157
f 867/1176/1157 941/1178/1157 782/1179/1157
f 935/1174/57 822/1175/57 788/1176/57
f 788/1176/57 822/1175/57 704/1177/57
f 743/1179/62 710/1176/62 895/1178/62
f 895/1178/62 710/1176/62 816/1174/62
f 195/112/1157 194/105/1157 670/1180/1157
f 670/1180/1157 194/105/1157 201/218/1157
f 670/1180/1157 201/218/1157 204/1181/1157
f 204/1181/1157 672/1182/1157 670/1180/1157
f 670/1180/34 672/1182/34 671/1183/34
