# Blender 4.2.23 LTS
# www.blender.org
o tmp_export_Cuerpo3
v 1.050977 0.229122 -1.974868
v 0.976861 0.449494 -1.974868
v 0.857096 0.648776 -1.974868
v 0.697284 0.817646 -1.974868
v 0.504901 0.948205 -1.974868
v 0.288946 1.034346 -1.974868
v 0.059520 1.072038 -1.974868
v -0.172644 1.059520 -1.974868
v -0.396687 0.997377 -1.974868
v -0.602128 0.888515 -1.974868
v -0.779358 0.738027 -1.974868
v -0.920085 0.552952 -1.974868
v -1.017728 0.341948 -1.974868
v -1.067719 0.114884 -1.974868
v -1.067719 -0.117617 -1.974868
v -1.017728 -0.344681 -1.974868
v -0.920085 -0.555685 -1.974868
v -0.779358 -0.740760 -1.974868
v -0.602128 -0.891248 -1.974868
v -0.396687 -1.000110 -1.974868
v -0.172644 -1.062253 -1.974868
v 0.059520 -1.074771 -1.974868
v 0.288946 -1.037078 -1.974868
v 0.504901 -0.950938 -1.974868
v 0.697284 -0.820379 -1.974868
v 0.857096 -0.651509 -1.974868
v 0.976861 -0.452227 -1.974868
v 1.050977 -0.231855 -1.974868
v -1.218543 -0.519436 -1.974868
v -1.218543 0.516703 -1.974868
v -1.095597 0.742374 -1.974868
v -0.931401 0.940067 -1.974868
v -0.732130 1.102345 -1.974868
v -0.505282 1.223104 -1.974868
v -0.259389 1.297801 -1.974868
v -0.003701 1.323625 -1.974868
v 0.252162 1.299607 -1.974868
v 0.498577 1.226648 -1.974868
v 0.726272 1.107494 -1.974868
v 0.926684 0.946628 -1.974868
v 1.092272 0.750099 -1.974868
v 1.216808 0.525302 -1.974868
v 1.216808 -0.528034 -1.974868
v 1.092272 -0.752832 -1.974868
v 0.926684 -0.949360 -1.974868
v 0.726272 -1.110227 -1.974868
v 0.498577 -1.229381 -1.974868
v 0.252162 -1.302339 -1.974868
v -0.003701 -1.326358 -1.974868
v -0.259389 -1.300533 -1.974868
v -0.505282 -1.225836 -1.974868
v -0.732130 -1.105078 -1.974868
v -0.931401 -0.942799 -1.974868
v -1.095597 -0.745106 -1.974868
v -1.087568 -0.756810 -2.024868
v -1.159055 -0.641599 -2.006463
v 1.142755 -0.673608 -2.010513
v 1.050977 -0.809528 -2.024868
v 0.881541 -0.991433 -2.024868
v 0.681109 -1.138488 -2.024868
v 0.456736 -1.245516 -2.024868
v 0.216320 -1.308750 -2.024868
v -0.031676 -1.325964 -2.024868
v -0.278522 -1.296552 -2.024868
v -0.515530 -1.221549 -2.024868
v -0.734357 -1.103595 -2.024868
v -0.927300 -0.946843 -2.024868
v 1.050977 -0.231855 -2.024868
v 1.050977 0.229122 -2.024868
v 0.976861 0.449494 -2.024868
v 0.857096 0.648776 -2.024868
v 0.697284 0.817646 -2.024868
v 0.504901 0.948205 -2.024868
v 0.288946 1.034346 -2.024868
v 0.059520 1.072038 -2.024868
v -0.172644 1.059520 -2.024868
v -0.396687 0.997377 -2.024868
v -0.602128 0.888515 -2.024868
v -0.779358 0.738027 -2.024868
v -0.920085 0.552952 -2.024868
v -1.017728 0.341948 -2.024868
v -1.067719 0.114884 -2.024868
v -1.067719 -0.117617 -2.024868
v -1.017728 -0.344681 -2.024868
v -0.920085 -0.555685 -2.024868
v -0.779358 -0.740760 -2.024868
v -0.602128 -0.891248 -2.024868
v -0.396687 -1.000110 -2.024868
v -0.172644 -1.062253 -2.024868
v 0.059520 -1.074771 -2.024868
v 0.288946 -1.037078 -2.024868
v 0.504901 -0.950938 -2.024868
v 0.697284 -0.820379 -2.024868
v 0.857096 -0.651509 -2.024868
v 0.976861 -0.452227 -2.024868
v -1.159054 0.638868 -2.006463
v -1.087568 0.754077 -2.024868
v -0.927300 0.944110 -2.024868
v -0.734357 1.100862 -2.024868
v -0.515530 1.218816 -2.024868
v -0.278522 1.293819 -2.024868
v -0.031676 1.323231 -2.024868
v 0.216320 1.306018 -2.024868
v 0.456736 1.242784 -2.024868
v 0.681109 1.135756 -2.024868
v 0.881541 0.988701 -2.024868
v 1.050977 0.806795 -2.024868
v 1.142755 0.670876 -2.010513
v -1.087568 -2.198319 -2.024868
v -1.157274 -2.198319 -2.007143
v -1.220758 -2.198319 -1.973336
v -1.274371 -2.198319 -1.925391
v -1.315031 -2.198319 -1.866062
v -1.340401 -2.198319 -1.798760
v -1.349023 -2.198319 -1.727355
v -1.349023 2.198634 -1.727355
v -1.340401 2.198634 -1.798760
v -1.315031 2.198634 -1.866062
v -1.274371 2.198634 -1.925391
v -1.220758 2.198634 -1.973336
v -1.157274 2.198634 -2.007143
v -1.087568 2.198634 -2.024868
v -1.157274 0.732983 -2.007143
v -1.220758 -0.732668 -1.973336
v -1.220758 0.732983 -1.973336
v -1.157274 -0.732668 -2.007143
v -1.274371 -0.732668 -1.925391
v -1.274371 0.732983 -1.925391
v -1.315031 -0.732668 -1.866062
v -1.315031 0.732983 -1.866062
v -1.340401 -0.732668 -1.798760
v -1.340401 0.732983 -1.798760
v 1.050977 -2.198319 -2.024868
v 1.050977 2.198634 -2.024868
v -0.980273 -1.893310 -1.656118
v -0.973775 -1.895203 -1.650866
v -0.966070 -1.896854 -1.646905
v -0.957592 -1.897944 -1.644520
v -0.949023 -1.898319 -1.643745
v -0.940454 -1.897944 -1.644520
v -0.931975 -1.896854 -1.646905
v -0.924270 -1.895203 -1.650866
v -0.917773 -1.893310 -1.656118
v -0.399023 -1.898319 -0.587368
v 0.400977 -1.898319 -0.587368
v 0.381468 -1.900240 -0.606877
v 0.362709 -1.905931 -0.625636
v 0.345420 -1.915172 -0.642925
v 0.330267 -1.927608 -0.658079
v 0.317830 -1.942762 -0.670515
v 0.308589 -1.960050 -0.679756
v 0.302899 -1.978810 -0.685447
v 0.301459 -1.988517 -0.686887
v 0.300977 -1.998319 -0.687368
v -0.299023 -1.998319 -0.687368
v -0.299504 -1.988517 -0.686887
v -0.300944 -1.978810 -0.685447
v -0.306635 -1.960050 -0.679756
v -0.315876 -1.942762 -0.670515
v -0.328312 -1.927608 -0.658079
v -0.343466 -1.915172 -0.642925
v -0.360754 -1.905931 -0.625636
v -0.379514 -1.900240 -0.606877
v 0.000977 -1.911716 -0.637368
v 0.000977 -1.901726 -0.613250
v 0.000977 -1.927608 -0.658079
v 0.000977 -1.948319 -0.673971
v 0.000977 -1.972437 -0.683961
v 0.400977 -1.898319 -1.587368
v 0.375095 -1.901726 -1.587368
v 0.350977 -1.911716 -1.587368
v 0.330267 -1.927608 -1.587368
v 0.314375 -1.948319 -1.587368
v 0.304385 -1.972437 -1.587368
v 0.300977 -1.998319 -1.587368
v 0.375095 -1.901726 -1.087368
v 0.350977 -1.911716 -1.087368
v 0.330267 -1.927608 -1.087368
v 0.314375 -1.948319 -1.087368
v 0.304385 -1.972437 -1.087368
v -0.299023 -1.998319 -1.587368
v -0.302430 -1.972437 -1.587368
v -0.312420 -1.948319 -1.587368
v -0.328312 -1.927608 -1.587368
v -0.349023 -1.911716 -1.587368
v -0.373141 -1.901726 -1.587368
v -0.399023 -1.898319 -1.587368
v -0.302430 -1.972437 -1.087368
v -0.312420 -1.948319 -1.087368
v -0.328312 -1.927608 -1.087368
v -0.349023 -1.911716 -1.087368
v -0.373141 -1.901726 -1.087368
v -0.199023 -1.898319 -0.149868
v -0.192208 -1.898319 -0.201632
v -0.172228 -1.898319 -0.249868
v -0.140444 -1.898319 -0.291289
v -0.099023 -1.898319 -0.323073
v -0.050787 -1.898319 -0.343053
v 0.000977 -1.898319 -0.349868
v 0.052741 -1.898319 -0.343053
v 0.100977 -1.898319 -0.323073
v 0.142399 -1.898319 -0.291289
v 0.174182 -1.898319 -0.249868
v 0.194162 -1.898319 -0.201632
v 0.200977 -1.898319 -0.149868
v 0.194162 -1.898319 -0.098104
v 0.174182 -1.898319 -0.049868
v 0.142399 -1.898319 -0.008447
v 0.100977 -1.898319 0.023337
v 0.052741 -1.898319 0.043317
v 0.000977 -1.898319 0.050132
v -0.050787 -1.898319 0.043317
v -0.099023 -1.898319 0.023337
v -0.140444 -1.898319 -0.008447
v -0.172228 -1.898319 -0.049868
v -0.192208 -1.898319 -0.098104
v -0.999023 -1.898319 0.650132
v -0.992208 -1.898319 0.598368
v -0.972228 -1.898319 0.550132
v -0.940444 -1.898319 0.508711
v -0.899023 -1.898319 0.476927
v -0.850787 -1.898319 0.456947
v -0.799023 -1.898319 0.450132
v -0.747259 -1.898319 0.456947
v -0.699023 -1.898319 0.476927
v -0.657601 -1.898319 0.508711
v -0.625818 -1.898319 0.550132
v -0.605838 -1.898319 0.598368
v -0.599023 -1.898319 0.650132
v -0.605838 -1.898319 0.701896
v -0.625818 -1.898319 0.750132
v -0.657601 -1.898319 0.791553
v -0.699023 -1.898319 0.823337
v -0.747259 -1.898319 0.843317
v -0.799023 -1.898319 0.850132
v -0.850787 -1.898319 0.843317
v -0.899023 -1.898319 0.823337
v -0.940444 -1.898319 0.791553
v -0.972228 -1.898319 0.750132
v -0.992208 -1.898319 0.701896
v -0.155148 -1.898319 1.575131
v -0.181182 -1.898319 1.532701
v -0.195932 -1.898319 1.485158
v -0.198483 -1.898319 1.435443
v -0.188677 -1.898319 1.386638
v -0.167121 -1.898319 1.341766
v -0.135152 -1.898319 1.303609
v -0.094749 -1.898319 1.274529
v -0.048416 -1.898319 1.256327
v 0.000977 -1.898319 1.250132
v 0.050370 -1.898319 1.256327
v 0.096704 -1.898319 1.274529
v 0.137106 -1.898319 1.303609
v 0.169076 -1.898319 1.341766
v 0.190631 -1.898319 1.386638
v 0.200437 -1.898319 1.435443
v 0.197886 -1.898319 1.485158
v 0.183137 -1.898319 1.532701
v 0.157102 -1.898319 1.575131
v 1.050977 -1.898319 1.575131
v 1.102741 -1.898319 1.568316
v 1.150977 -1.898319 1.548337
v 1.192399 -1.898319 1.516553
v 1.224182 -1.898319 1.475132
v 1.244162 -1.898319 1.426896
v 1.250977 -1.898319 1.375132
v 1.250977 -1.898319 -1.124868
v 1.150977 -1.898319 -1.124868
v 1.099213 -1.898319 -1.131683
v 1.050977 -1.898319 -1.151663
v 1.009556 -1.898319 -1.183447
v 0.977772 -1.898319 -1.224868
v 0.957792 -1.898319 -1.273104
v 0.950977 -1.898319 -1.324868
v 0.950977 -1.898319 -1.624868
v -0.949023 -1.898319 -1.624868
v -0.949023 -1.898319 -1.324868
v -0.955838 -1.898319 -1.273104
v -0.975818 -1.898319 -1.224868
v -1.007601 -1.898319 -1.183447
v -1.049023 -1.898319 -1.151663
v -1.097259 -1.898319 -1.131683
v -1.149023 -1.898319 -1.124868
v -1.249023 -1.898319 -1.124868
v -1.249023 -1.898319 1.375132
v -1.242208 -1.898319 1.426896
v -1.222228 -1.898319 1.475132
v -1.190444 -1.898319 1.516553
v -1.149023 -1.898319 1.548337
v -1.100787 -1.898319 1.568316
v -1.049023 -1.898319 1.575131
v 0.600977 -1.898319 0.650132
v 0.607792 -1.898319 0.598368
v 0.627772 -1.898319 0.550132
v 0.659556 -1.898319 0.508711
v 0.700977 -1.898319 0.476927
v 0.749213 -1.898319 0.456947
v 0.800977 -1.898319 0.450132
v 0.852741 -1.898319 0.456947
v 0.900977 -1.898319 0.476927
v 0.942399 -1.898319 0.508711
v 0.974182 -1.898319 0.550132
v 0.994162 -1.898319 0.598368
v 1.000977 -1.898319 0.650132
v 0.994162 -1.898319 0.701896
v 0.974182 -1.898319 0.750132
v 0.942399 -1.898319 0.791553
v 0.900977 -1.898319 0.823337
v 0.852741 -1.898319 0.843317
v 0.800977 -1.898319 0.850132
v 0.749213 -1.898319 0.843317
v 0.700977 -1.898319 0.823337
v 0.659556 -1.898319 0.791553
v 0.627772 -1.898319 0.750132
v 0.607792 -1.898319 0.701896
v -0.499023 -1.898319 0.650132
v -0.481986 -1.898319 0.520722
v -0.432035 -1.898319 0.400132
v -0.352576 -1.898319 0.296579
v -0.249023 -1.898319 0.217119
v -0.128432 -1.898319 0.167169
v 0.000977 -1.898319 0.150132
v 0.130387 -1.898319 0.167169
v 0.250977 -1.898319 0.217119
v 0.354531 -1.898319 0.296579
v 0.433990 -1.898319 0.400132
v 0.483940 -1.898319 0.520722
v 0.500977 -1.898319 0.650132
v 0.483940 -1.898319 0.779541
v 0.433990 -1.898319 0.900132
v 0.354531 -1.898319 1.003685
v 0.250977 -1.898319 1.083145
v 0.130387 -1.898319 1.133095
v 0.000977 -1.898319 1.150132
v -0.128432 -1.898319 1.133095
v -0.249023 -1.898319 1.083145
v -0.352576 -1.898319 1.003685
v -0.432035 -1.898319 0.900132
v -0.481986 -1.898319 0.779541
v -0.099023 -1.998319 -0.149868
v -0.095615 -1.998319 -0.175750
v -0.085625 -1.998319 -0.199868
v -0.069733 -1.998319 -0.220579
v -0.049023 -1.998319 -0.236471
v -0.024905 -1.998319 -0.246461
v 0.000977 -1.998319 -0.249868
v 0.026859 -1.998319 -0.246461
v 0.050977 -1.998319 -0.236471
v 0.071688 -1.998319 -0.220579
v 0.087580 -1.998319 -0.199868
v 0.097570 -1.998319 -0.175750
v 0.100977 -1.998319 -0.149868
v 0.097570 -1.998319 -0.123986
v 0.087580 -1.998319 -0.099868
v 0.071688 -1.998319 -0.079157
v 0.050977 -1.998319 -0.063266
v 0.026859 -1.998319 -0.053275
v 0.000977 -1.998319 -0.049868
v -0.024905 -1.998319 -0.053275
v -0.049023 -1.998319 -0.063266
v -0.069733 -1.998319 -0.079157
v -0.085625 -1.998319 -0.099868
v -0.095615 -1.998319 -0.123986
v 0.104385 -1.972437 -0.149868
v 0.114375 -1.948319 -0.149868
v 0.130267 -1.927608 -0.149868
v 0.150977 -1.911716 -0.149868
v 0.175095 -1.901726 -0.149868
v -0.098907 -1.972437 -0.176632
v -0.108556 -1.948319 -0.179217
v -0.123907 -1.927608 -0.183331
v -0.143912 -1.911716 -0.188691
v -0.167208 -1.901726 -0.194933
v -0.173141 -1.901726 -0.149868
v -0.149023 -1.911716 -0.149868
v -0.128312 -1.927608 -0.149868
v -0.112420 -1.948319 -0.149868
v -0.102430 -1.972437 -0.149868
v -0.088576 -1.972437 -0.201572
v -0.097228 -1.948319 -0.206567
v -0.110991 -1.927608 -0.214513
v -0.128927 -1.911716 -0.224868
v -0.149813 -1.901726 -0.236927
v -0.072143 -1.972437 -0.222988
v -0.079207 -1.948319 -0.230052
v -0.090444 -1.927608 -0.241289
v -0.105089 -1.911716 -0.255934
v -0.122143 -1.901726 -0.272988
v -0.050726 -1.972437 -0.239422
v -0.055721 -1.948319 -0.248073
v -0.063667 -1.927608 -0.261836
v -0.074023 -1.911716 -0.279772
v -0.086082 -1.901726 -0.300659
v -0.025787 -1.972437 -0.249752
v -0.028372 -1.948319 -0.259402
v -0.032485 -1.927608 -0.274752
v -0.037846 -1.911716 -0.294757
v -0.044088 -1.901726 -0.318053
v 0.000977 -1.972437 -0.253275
v 0.000977 -1.948319 -0.263266
v 0.000977 -1.927608 -0.279157
v 0.000977 -1.911716 -0.299868
v 0.000977 -1.901726 -0.323986
v 0.027741 -1.972437 -0.249752
v 0.030327 -1.948319 -0.259402
v 0.034440 -1.927608 -0.274752
v 0.039800 -1.911716 -0.294757
v 0.046042 -1.901726 -0.318053
v 0.052681 -1.972437 -0.239422
v 0.057676 -1.948319 -0.248073
v 0.065622 -1.927608 -0.261836
v 0.075977 -1.911716 -0.279772
v 0.088036 -1.901726 -0.300659
v 0.074097 -1.972437 -0.222988
v 0.081161 -1.948319 -0.230052
v 0.092399 -1.927608 -0.241289
v 0.107043 -1.911716 -0.255934
v 0.124097 -1.901726 -0.272988
v 0.090531 -1.972437 -0.201572
v 0.099182 -1.948319 -0.206567
v 0.112945 -1.927608 -0.214513
v 0.130881 -1.911716 -0.224868
v 0.151768 -1.901726 -0.236927
v 0.100861 -1.972437 -0.176632
v 0.110511 -1.948319 -0.179217
v 0.125861 -1.927608 -0.183331
v 0.145866 -1.911716 -0.188691
v 0.169162 -1.901726 -0.194933
v 0.100861 -1.972437 -0.123104
v 0.110511 -1.948319 -0.120519
v 0.125861 -1.927608 -0.116406
v 0.145866 -1.911716 -0.111045
v 0.169162 -1.901726 -0.104803
v 0.090531 -1.972437 -0.098164
v 0.099182 -1.948319 -0.093169
v 0.112945 -1.927608 -0.085223
v 0.130881 -1.911716 -0.074868
v 0.151768 -1.901726 -0.062809
v 0.074097 -1.972437 -0.076748
v 0.081161 -1.948319 -0.069684
v 0.092399 -1.927608 -0.058447
v 0.107043 -1.911716 -0.043802
v 0.124097 -1.901726 -0.026748
v 0.052681 -1.972437 -0.060315
v 0.057676 -1.948319 -0.051663
v 0.065622 -1.927608 -0.037900
v 0.075977 -1.911716 -0.019964
v 0.088036 -1.901726 0.000923
v 0.027741 -1.972437 -0.049984
v 0.030327 -1.948319 -0.040335
v 0.034440 -1.927608 -0.024984
v 0.039800 -1.911716 -0.004979
v 0.046042 -1.901726 0.018317
v 0.000977 -1.972437 -0.046461
v 0.000977 -1.948319 -0.036471
v 0.000977 -1.927608 -0.020579
v 0.000977 -1.911716 0.000132
v 0.000977 -1.901726 0.024250
v -0.025787 -1.972437 -0.049984
v -0.028372 -1.948319 -0.040335
v -0.032485 -1.927608 -0.024984
v -0.037846 -1.911716 -0.004979
v -0.044088 -1.901726 0.018317
v -0.050726 -1.972437 -0.060315
v -0.055721 -1.948319 -0.051663
v -0.063667 -1.927608 -0.037900
v -0.074023 -1.911716 -0.019964
v -0.086082 -1.901726 0.000923
v -0.072143 -1.972437 -0.076748
v -0.079207 -1.948319 -0.069684
v -0.090444 -1.927608 -0.058447
v -0.105089 -1.911716 -0.043802
v -0.122143 -1.901726 -0.026748
v -0.088576 -1.972437 -0.098164
v -0.097228 -1.948319 -0.093169
v -0.110991 -1.927608 -0.085223
v -0.128927 -1.911716 -0.074868
v -0.149813 -1.901726 -0.062809
v -0.098907 -1.972437 -0.123104
v -0.108556 -1.948319 -0.120519
v -0.123907 -1.927608 -0.116406
v -0.143912 -1.911716 -0.111045
v -0.167208 -1.901726 -0.104803
v -0.099023 -2.198319 -0.149868
v -0.095615 -2.198319 -0.175750
v -0.085625 -2.198319 -0.199868
v -0.069733 -2.198319 -0.220579
v -0.049023 -2.198319 -0.236471
v -0.024905 -2.198319 -0.246461
v 0.000977 -2.198319 -0.249868
v 0.026859 -2.198319 -0.246461
v 0.050977 -2.198319 -0.236471
v 0.071688 -2.198319 -0.220579
v 0.087580 -2.198319 -0.199868
v 0.097570 -2.198319 -0.175750
v 0.100977 -2.198319 -0.149868
v 0.097570 -2.198319 -0.123986
v 0.087580 -2.198319 -0.099868
v 0.071688 -2.198319 -0.079157
v 0.050977 -2.198319 -0.063266
v 0.026859 -2.198319 -0.053275
v 0.000977 -2.198319 -0.049868
v -0.024905 -2.198319 -0.053275
v -0.049023 -2.198319 -0.063266
v -0.069733 -2.198319 -0.079157
v -0.085625 -2.198319 -0.099868
v -0.095615 -2.198319 -0.123986
v -0.399023 -1.998319 0.650132
v -0.385393 -1.998319 0.546604
v -0.345433 -1.998319 0.450132
v -0.281865 -1.998319 0.367289
v -0.199023 -1.998319 0.303722
v -0.102550 -1.998319 0.263762
v 0.000977 -1.998319 0.250132
v 0.104505 -1.998319 0.263762
v 0.200977 -1.998319 0.303722
v 0.283820 -1.998319 0.367289
v 0.347387 -1.998319 0.450132
v 0.387348 -1.998319 0.546604
v 0.400977 -1.998319 0.650132
v 0.387348 -1.998319 0.753660
v 0.347387 -1.998319 0.850132
v 0.283820 -1.998319 0.932975
v 0.200977 -1.998319 0.996542
v 0.104505 -1.998319 1.036502
v 0.000977 -1.998319 1.050132
v -0.102550 -1.998319 1.036502
v -0.199023 -1.998319 0.996542
v -0.281865 -1.998319 0.932975
v -0.345433 -1.998319 0.850132
v -0.385393 -1.998319 0.753660
v 0.404385 -1.972437 0.650132
v 0.414375 -1.948319 0.650132
v 0.430267 -1.927608 0.650132
v 0.450977 -1.911716 0.650132
v 0.475095 -1.901726 0.650132
v -0.388684 -1.972437 0.545722
v -0.398334 -1.948319 0.543137
v -0.413684 -1.927608 0.539024
v -0.433689 -1.911716 0.533663
v -0.456986 -1.901726 0.527421
v -0.473141 -1.901726 0.650132
v -0.449023 -1.911716 0.650132
v -0.428312 -1.927608 0.650132
v -0.412420 -1.948319 0.650132
v -0.402430 -1.972437 0.650132
v -0.348384 -1.972437 0.448428
v -0.357035 -1.948319 0.443433
v -0.370798 -1.927608 0.435487
v -0.388734 -1.911716 0.425132
v -0.409621 -1.901726 0.413073
v -0.284275 -1.972437 0.364880
v -0.291339 -1.948319 0.357816
v -0.302576 -1.927608 0.346579
v -0.317221 -1.911716 0.331934
v -0.334275 -1.901726 0.314880
v -0.200726 -1.972437 0.300771
v -0.205721 -1.948319 0.292119
v -0.213667 -1.927608 0.278356
v -0.224023 -1.911716 0.260421
v -0.236082 -1.901726 0.239534
v -0.103432 -1.972437 0.260470
v -0.106018 -1.948319 0.250821
v -0.110131 -1.927608 0.235470
v -0.115491 -1.911716 0.215465
v -0.121734 -1.901726 0.192169
v 0.000977 -1.972437 0.246725
v 0.000977 -1.948319 0.236734
v 0.000977 -1.927608 0.220843
v 0.000977 -1.911716 0.200132
v 0.000977 -1.901726 0.176014
v 0.105387 -1.972437 0.260470
v 0.107972 -1.948319 0.250821
v 0.112086 -1.927608 0.235470
v 0.117446 -1.911716 0.215465
v 0.123688 -1.901726 0.192169
v 0.202681 -1.972437 0.300771
v 0.207676 -1.948319 0.292119
v 0.215622 -1.927608 0.278356
v 0.225977 -1.911716 0.260421
v 0.238036 -1.901726 0.239534
v 0.286229 -1.972437 0.364880
v 0.293293 -1.948319 0.357816
v 0.304531 -1.927608 0.346579
v 0.319175 -1.911716 0.331934
v 0.336229 -1.901726 0.314880
v 0.350338 -1.972437 0.448428
v 0.358990 -1.948319 0.443433
v 0.372753 -1.927608 0.435487
v 0.390689 -1.911716 0.425132
v 0.411576 -1.901726 0.413073
v 0.390639 -1.972437 0.545722
v 0.400289 -1.948319 0.543137
v 0.415639 -1.927608 0.539024
v 0.435644 -1.911716 0.533663
v 0.458940 -1.901726 0.527421
v 0.390639 -1.972437 0.754540
v 0.400289 -1.948319 0.757127
v 0.415639 -1.927608 0.761240
v 0.435644 -1.911716 0.766601
v 0.458940 -1.901726 0.772842
v 0.350338 -1.972437 0.851836
v 0.358990 -1.948319 0.856831
v 0.372753 -1.927608 0.864777
v 0.390689 -1.911716 0.875132
v 0.411576 -1.901726 0.887191
v 0.286229 -1.972437 0.935384
v 0.293293 -1.948319 0.942448
v 0.304531 -1.927608 0.953685
v 0.319175 -1.911716 0.968329
v 0.336229 -1.901726 0.985384
v 0.202681 -1.972437 0.999493
v 0.207676 -1.948319 1.008144
v 0.215622 -1.927608 1.021907
v 0.225977 -1.911716 1.039843
v 0.238036 -1.901726 1.060730
v 0.105387 -1.972437 1.039794
v 0.107972 -1.948319 1.049442
v 0.112086 -1.927608 1.064794
v 0.117446 -1.911716 1.084799
v 0.123688 -1.901726 1.108095
v 0.000977 -1.972437 1.053538
v 0.000977 -1.948319 1.063529
v 0.000977 -1.927608 1.079421
v 0.000977 -1.911716 1.100132
v 0.000977 -1.901726 1.124249
v -0.103432 -1.972437 1.039794
v -0.106018 -1.948319 1.049442
v -0.110131 -1.927608 1.064794
v -0.115491 -1.911716 1.084799
v -0.121734 -1.901726 1.108095
v -0.200726 -1.972437 0.999493
v -0.205721 -1.948319 1.008144
v -0.213667 -1.927608 1.021907
v -0.224023 -1.911716 1.039843
v -0.236082 -1.901726 1.060730
v -0.284275 -1.972437 0.935384
v -0.291339 -1.948319 0.942448
v -0.302576 -1.927608 0.953685
v -0.317221 -1.911716 0.968329
v -0.334275 -1.901726 0.985384
v -0.348384 -1.972437 0.851836
v -0.357035 -1.948319 0.856831
v -0.370798 -1.927608 0.864777
v -0.388734 -1.911716 0.875132
v -0.409621 -1.901726 0.887191
v -0.388684 -1.972437 0.754540
v -0.398334 -1.948319 0.757127
v -0.413684 -1.927608 0.761240
v -0.433689 -1.911716 0.766601
v -0.456986 -1.901726 0.772842
v -0.399023 -2.198319 0.650132
v -0.385393 -2.198319 0.546604
v -0.345433 -2.198319 0.450132
v -0.281865 -2.198319 0.367289
v -0.199023 -2.198319 0.303722
v -0.102550 -2.198319 0.263762
v 0.000977 -2.198319 0.250132
v 0.104505 -2.198319 0.263762
v 0.200977 -2.198319 0.303722
v 0.283820 -2.198319 0.367289
v 0.347387 -2.198319 0.450132
v 0.387348 -2.198319 0.546604
v 0.400977 -2.198319 0.650132
v 0.387348 -2.198319 0.753660
v 0.347387 -2.198319 0.850132
v 0.283820 -2.198319 0.932975
v 0.200977 -2.198319 0.996542
v 0.104505 -2.198319 1.036502
v 0.000977 -2.198319 1.050132
v -0.102550 -2.198319 1.036502
v -0.199023 -2.198319 0.996542
v -0.281865 -2.198319 0.932975
v -0.345433 -2.198319 0.850132
v -0.385393 -2.198319 0.753660
v -0.899023 -1.998319 0.650132
v -0.895615 -1.998319 0.624250
v -0.885625 -1.998319 0.600132
v -0.869733 -1.998319 0.579421
v -0.849023 -1.998319 0.563529
v -0.824905 -1.998319 0.553539
v -0.799023 -1.998319 0.550132
v -0.773141 -1.998319 0.553539
v -0.749023 -1.998319 0.563529
v -0.728312 -1.998319 0.579421
v -0.712420 -1.998319 0.600132
v -0.702430 -1.998319 0.624250
v -0.699023 -1.998319 0.650132
v -0.702430 -1.998319 0.676014
v -0.712420 -1.998319 0.700131
v -0.728312 -1.998319 0.720842
v -0.749023 -1.998319 0.736733
v -0.773141 -1.998319 0.746725
v -0.799023 -1.998319 0.750132
v -0.824905 -1.998319 0.746725
v -0.849023 -1.998319 0.736733
v -0.869733 -1.998319 0.720842
v -0.885625 -1.998319 0.700131
v -0.895615 -1.998319 0.676014
v -0.695615 -1.972437 0.650132
v -0.685625 -1.948319 0.650132
v -0.669733 -1.927608 0.650132
v -0.649023 -1.911716 0.650132
v -0.624905 -1.901726 0.650132
v -0.898907 -1.972437 0.623368
v -0.908556 -1.948319 0.620783
v -0.923907 -1.927608 0.616669
v -0.943912 -1.911716 0.611309
v -0.967208 -1.901726 0.605067
v -0.973141 -1.901726 0.650132
v -0.949023 -1.911716 0.650132
v -0.928312 -1.927608 0.650132
v -0.912420 -1.948319 0.650132
v -0.902430 -1.972437 0.650132
v -0.888576 -1.972437 0.598428
v -0.897228 -1.948319 0.593433
v -0.910991 -1.927608 0.585487
v -0.928927 -1.911716 0.575132
v -0.949813 -1.901726 0.563073
v -0.872143 -1.972437 0.577012
v -0.879207 -1.948319 0.569948
v -0.890444 -1.927608 0.558711
v -0.905089 -1.911716 0.544066
v -0.922143 -1.901726 0.527012
v -0.850726 -1.972437 0.560578
v -0.855721 -1.948319 0.551927
v -0.863667 -1.927608 0.538164
v -0.874023 -1.911716 0.520228
v -0.886082 -1.901726 0.499341
v -0.825787 -1.972437 0.550248
v -0.828372 -1.948319 0.540598
v -0.832485 -1.927608 0.525248
v -0.837846 -1.911716 0.505243
v -0.844088 -1.901726 0.481947
v -0.799023 -1.972437 0.546725
v -0.799023 -1.948319 0.536734
v -0.799023 -1.927608 0.520843
v -0.799023 -1.911716 0.500132
v -0.799023 -1.901726 0.476014
v -0.772259 -1.972437 0.550248
v -0.769673 -1.948319 0.540598
v -0.765560 -1.927608 0.525248
v -0.760200 -1.911716 0.505243
v -0.753958 -1.901726 0.481947
v -0.747319 -1.972437 0.560578
v -0.742324 -1.948319 0.551927
v -0.734378 -1.927608 0.538164
v -0.724023 -1.911716 0.520228
v -0.711964 -1.901726 0.499341
v -0.725903 -1.972437 0.577012
v -0.718839 -1.948319 0.569948
v -0.707601 -1.927608 0.558711
v -0.692957 -1.911716 0.544066
v -0.675903 -1.901726 0.527012
v -0.709469 -1.972437 0.598428
v -0.700818 -1.948319 0.593433
v -0.687055 -1.927608 0.585487
v -0.669119 -1.911716 0.575132
v -0.648232 -1.901726 0.563073
v -0.699139 -1.972437 0.623368
v -0.689489 -1.948319 0.620783
v -0.674139 -1.927608 0.616669
v -0.654134 -1.911716 0.611309
v -0.630838 -1.901726 0.605067
v -0.699139 -1.972437 0.676896
v -0.689489 -1.948319 0.679481
v -0.674139 -1.927608 0.683594
v -0.654134 -1.911716 0.688954
v -0.630838 -1.901726 0.695197
v -0.709469 -1.972437 0.701836
v -0.700818 -1.948319 0.706831
v -0.687055 -1.927608 0.714777
v -0.669119 -1.911716 0.725132
v -0.648232 -1.901726 0.737191
v -0.725903 -1.972437 0.723251
v -0.718839 -1.948319 0.730316
v -0.707601 -1.927608 0.741552
v -0.692957 -1.911716 0.756198
v -0.675903 -1.901726 0.773252
v -0.747319 -1.972437 0.739685
v -0.742324 -1.948319 0.748337
v -0.734378 -1.927608 0.762100
v -0.724023 -1.911716 0.780036
v -0.711964 -1.901726 0.800922
v -0.772259 -1.972437 0.750016
v -0.769673 -1.948319 0.759665
v -0.765560 -1.927608 0.775016
v -0.760200 -1.911716 0.795021
v -0.753958 -1.901726 0.818316
v -0.799023 -1.972437 0.753539
v -0.799023 -1.948319 0.763529
v -0.799023 -1.927608 0.779421
v -0.799023 -1.911716 0.800132
v -0.799023 -1.901726 0.824250
v -0.825787 -1.972437 0.750016
v -0.828372 -1.948319 0.759665
v -0.832485 -1.927608 0.775016
v -0.837846 -1.911716 0.795021
v -0.844088 -1.901726 0.818316
v -0.850726 -1.972437 0.739685
v -0.855721 -1.948319 0.748337
v -0.863667 -1.927608 0.762100
v -0.874023 -1.911716 0.780036
v -0.886082 -1.901726 0.800922
v -0.872143 -1.972437 0.723251
v -0.879207 -1.948319 0.730316
v -0.890444 -1.927608 0.741552
v -0.905089 -1.911716 0.756198
v -0.922143 -1.901726 0.773252
v -0.888576 -1.972437 0.701836
v -0.897228 -1.948319 0.706831
v -0.910991 -1.927608 0.714777
v -0.928927 -1.911716 0.725132
v -0.949813 -1.901726 0.737191
v -0.898907 -1.972437 0.676896
v -0.908556 -1.948319 0.679481
v -0.923907 -1.927608 0.683594
v -0.943912 -1.911716 0.688954
v -0.967208 -1.901726 0.695197
v -0.899023 -2.198319 0.650132
v -0.895615 -2.198319 0.624250
v -0.885625 -2.198319 0.600132
v -0.869733 -2.198319 0.579421
v -0.849023 -2.198319 0.563529
v -0.824905 -2.198319 0.553539
v -0.799023 -2.198319 0.550132
v -0.773141 -2.198319 0.553539
v -0.749023 -2.198319 0.563529
v -0.728312 -2.198319 0.579421
v -0.712420 -2.198319 0.600132
v -0.702430 -2.198319 0.624250
v -0.699023 -2.198319 0.650132
v -0.702430 -2.198319 0.676014
v -0.712420 -2.198319 0.700131
v -0.728312 -2.198319 0.720842
v -0.749023 -2.198319 0.736733
v -0.773141 -2.198319 0.746725
v -0.799023 -2.198319 0.750132
v -0.824905 -2.198319 0.746725
v -0.849023 -2.198319 0.736733
v -0.869733 -2.198319 0.720842
v -0.885625 -2.198319 0.700131
v -0.895615 -2.198319 0.676014
v 0.700977 -1.998319 0.650132
v 0.704385 -1.998319 0.624250
v 0.714375 -1.998319 0.600132
v 0.730267 -1.998319 0.579421
v 0.750977 -1.998319 0.563529
v 0.775095 -1.998319 0.553539
v 0.800977 -1.998319 0.550132
v 0.826859 -1.998319 0.553539
v 0.850977 -1.998319 0.563529
v 0.871688 -1.998319 0.579421
v 0.887580 -1.998319 0.600132
v 0.897570 -1.998319 0.624250
v 0.900977 -1.998319 0.650132
v 0.897570 -1.998319 0.676014
v 0.887580 -1.998319 0.700131
v 0.871688 -1.998319 0.720842
v 0.850977 -1.998319 0.736733
v 0.826859 -1.998319 0.746725
v 0.800977 -1.998319 0.750132
v 0.775095 -1.998319 0.746725
v 0.750977 -1.998319 0.736733
v 0.730267 -1.998319 0.720842
v 0.714375 -1.998319 0.700131
v 0.704385 -1.998319 0.676014
v 0.904385 -1.972437 0.650132
v 0.914375 -1.948319 0.650132
v 0.930267 -1.927608 0.650132
v 0.950977 -1.911716 0.650132
v 0.975095 -1.901726 0.650132
v 0.701093 -1.972437 0.623368
v 0.691444 -1.948319 0.620783
v 0.676093 -1.927608 0.616669
v 0.656088 -1.911716 0.611309
v 0.632792 -1.901726 0.605067
v 0.626859 -1.901726 0.650132
v 0.650977 -1.911716 0.650132
v 0.671688 -1.927608 0.650132
v 0.687580 -1.948319 0.650132
v 0.697570 -1.972437 0.650132
v 0.711424 -1.972437 0.598428
v 0.702772 -1.948319 0.593433
v 0.689009 -1.927608 0.585487
v 0.671073 -1.911716 0.575132
v 0.650187 -1.901726 0.563073
v 0.727857 -1.972437 0.577012
v 0.720793 -1.948319 0.569948
v 0.709556 -1.927608 0.558711
v 0.694911 -1.911716 0.544066
v 0.677857 -1.901726 0.527012
v 0.749274 -1.972437 0.560578
v 0.744279 -1.948319 0.551927
v 0.736333 -1.927608 0.538164
v 0.725977 -1.911716 0.520228
v 0.713918 -1.901726 0.499341
v 0.774213 -1.972437 0.550248
v 0.771628 -1.948319 0.540598
v 0.767515 -1.927608 0.525248
v 0.762154 -1.911716 0.505243
v 0.755912 -1.901726 0.481947
v 0.800977 -1.972437 0.546725
v 0.800977 -1.948319 0.536734
v 0.800977 -1.927608 0.520843
v 0.800977 -1.911716 0.500132
v 0.800977 -1.901726 0.476014
v 0.827741 -1.972437 0.550248
v 0.830327 -1.948319 0.540598
v 0.834440 -1.927608 0.525248
v 0.839800 -1.911716 0.505243
v 0.846042 -1.901726 0.481947
v 0.852681 -1.972437 0.560578
v 0.857676 -1.948319 0.551927
v 0.865622 -1.927608 0.538164
v 0.875977 -1.911716 0.520228
v 0.888036 -1.901726 0.499341
v 0.874097 -1.972437 0.577012
v 0.881161 -1.948319 0.569948
v 0.892399 -1.927608 0.558711
v 0.907043 -1.911716 0.544066
v 0.924097 -1.901726 0.527012
v 0.890531 -1.972437 0.598428
v 0.899182 -1.948319 0.593433
v 0.912945 -1.927608 0.585487
v 0.930881 -1.911716 0.575132
v 0.951768 -1.901726 0.563073
v 0.900861 -1.972437 0.623368
v 0.910511 -1.948319 0.620783
v 0.925861 -1.927608 0.616669
v 0.945866 -1.911716 0.611309
v 0.969162 -1.901726 0.605067
v 0.900861 -1.972437 0.676896
v 0.910511 -1.948319 0.679481
v 0.925861 -1.927608 0.683594
v 0.945866 -1.911716 0.688954
v 0.969162 -1.901726 0.695197
v 0.890531 -1.972437 0.701836
v 0.899182 -1.948319 0.706831
v 0.912945 -1.927608 0.714777
v 0.930881 -1.911716 0.725132
v 0.951768 -1.901726 0.737191
v 0.874097 -1.972437 0.723251
v 0.881161 -1.948319 0.730316
v 0.892399 -1.927608 0.741552
v 0.907043 -1.911716 0.756198
v 0.924097 -1.901726 0.773252
v 0.852681 -1.972437 0.739685
v 0.857676 -1.948319 0.748337
v 0.865622 -1.927608 0.762100
v 0.875977 -1.911716 0.780036
v 0.888036 -1.901726 0.800922
v 0.827741 -1.972437 0.750016
v 0.830327 -1.948319 0.759665
v 0.834440 -1.927608 0.775016
v 0.839800 -1.911716 0.795021
v 0.846042 -1.901726 0.818316
v 0.800977 -1.972437 0.753539
v 0.800977 -1.948319 0.763529
v 0.800977 -1.927608 0.779421
v 0.800977 -1.911716 0.800132
v 0.800977 -1.901726 0.824250
v 0.774213 -1.972437 0.750016
v 0.771628 -1.948319 0.759665
v 0.767515 -1.927608 0.775016
v 0.762154 -1.911716 0.795021
v 0.755912 -1.901726 0.818316
v 0.749274 -1.972437 0.739685
v 0.744279 -1.948319 0.748337
v 0.736333 -1.927608 0.762100
v 0.725977 -1.911716 0.780036
v 0.713918 -1.901726 0.800922
v 0.727857 -1.972437 0.723251
v 0.720793 -1.948319 0.730316
v 0.709556 -1.927608 0.741552
v 0.694911 -1.911716 0.756198
v 0.677857 -1.901726 0.773252
v 0.711424 -1.972437 0.701836
v 0.702772 -1.948319 0.706831
v 0.689009 -1.927608 0.714777
v 0.671073 -1.911716 0.725132
v 0.650187 -1.901726 0.737191
v 0.701093 -1.972437 0.676896
v 0.691444 -1.948319 0.679481
v 0.676093 -1.927608 0.683594
v 0.656088 -1.911716 0.688954
v 0.632792 -1.901726 0.695197
v 0.700977 -2.198319 0.650132
v 0.704385 -2.198319 0.624250
v 0.714375 -2.198319 0.600132
v 0.730267 -2.198319 0.579421
v 0.750977 -2.198319 0.563529
v 0.775095 -2.198319 0.553539
v 0.800977 -2.198319 0.550132
v 0.826859 -2.198319 0.553539
v 0.850977 -2.198319 0.563529
v 0.871688 -2.198319 0.579421
v 0.887580 -2.198319 0.600132
v 0.897570 -2.198319 0.624250
v 0.900977 -2.198319 0.650132
v 0.897570 -2.198319 0.676014
v 0.887580 -2.198319 0.700131
v 0.871688 -2.198319 0.720842
v 0.850977 -2.198319 0.736733
v 0.826859 -2.198319 0.746725
v 0.800977 -2.198319 0.750132
v 0.775095 -2.198319 0.746725
v 0.750977 -2.198319 0.736733
v 0.730267 -2.198319 0.720842
v 0.714375 -2.198319 0.700131
v 0.704385 -2.198319 0.676014
v -0.099023 -1.998319 1.450131
v -0.095615 -1.998319 1.424250
v -0.085625 -1.998319 1.400132
v -0.069733 -1.998319 1.379421
v -0.049023 -1.998319 1.363529
v -0.024905 -1.998319 1.353539
v 0.000977 -1.998319 1.350132
v 0.026859 -1.998319 1.353539
v 0.050977 -1.998319 1.363529
v 0.071688 -1.998319 1.379421
v 0.087580 -1.998319 1.400132
v 0.097570 -1.998319 1.424250
v 0.100977 -1.998319 1.450131
v 0.097570 -1.998319 1.476014
v 0.087580 -1.998319 1.500132
v 0.071688 -1.998319 1.520843
v 0.050977 -1.998319 1.536734
v 0.026859 -1.998319 1.546724
v 0.000977 -1.998319 1.550132
v -0.024905 -1.998319 1.546724
v -0.049023 -1.998319 1.536734
v -0.069733 -1.998319 1.520843
v -0.085625 -1.998319 1.500132
v -0.095615 -1.998319 1.476014
v -0.154490 -1.898319 1.575447
v -0.078611 -1.902247 1.602887
v 0.000977 -1.905616 1.612632
v 0.080565 -1.902247 1.602887
v 0.156444 -1.898319 1.575447
v 0.104385 -1.972437 1.450131
v 0.114375 -1.948319 1.450131
v 0.130267 -1.927608 1.450131
v 0.150977 -1.911716 1.450131
v 0.175095 -1.901726 1.450131
v 0.088036 -1.901726 1.600923
v -0.098907 -1.972437 1.423368
v -0.108556 -1.948319 1.420783
v -0.123907 -1.927608 1.416669
v -0.143912 -1.911716 1.411308
v -0.167208 -1.901726 1.405066
v -0.173141 -1.901726 1.450131
v -0.149023 -1.911716 1.450131
v -0.128312 -1.927608 1.450131
v -0.112420 -1.948319 1.450131
v -0.102430 -1.972437 1.450131
v -0.088576 -1.972437 1.398428
v -0.097228 -1.948319 1.393433
v -0.110991 -1.927608 1.385487
v -0.128927 -1.911716 1.375132
v -0.149813 -1.901726 1.363072
v -0.072143 -1.972437 1.377011
v -0.079207 -1.948319 1.369947
v -0.090444 -1.927608 1.358710
v -0.105089 -1.911716 1.344066
v -0.122143 -1.901726 1.327012
v -0.050726 -1.972437 1.360578
v -0.055721 -1.948319 1.351927
v -0.063667 -1.927608 1.338163
v -0.074023 -1.911716 1.320228
v -0.086082 -1.901726 1.299341
v -0.025787 -1.972437 1.350247
v -0.028372 -1.948319 1.340598
v -0.032485 -1.927608 1.325248
v -0.037846 -1.911716 1.305243
v -0.044088 -1.901726 1.281947
v 0.000977 -1.972437 1.346725
v 0.000977 -1.948319 1.336734
v 0.000977 -1.927608 1.320843
v 0.000977 -1.911716 1.300132
v 0.000977 -1.901726 1.276013
v 0.027741 -1.972437 1.350247
v 0.030327 -1.948319 1.340598
v 0.034440 -1.927608 1.325248
v 0.039800 -1.911716 1.305243
v 0.046042 -1.901726 1.281947
v 0.052681 -1.972437 1.360578
v 0.057676 -1.948319 1.351927
v 0.065622 -1.927608 1.338163
v 0.075977 -1.911716 1.320228
v 0.088036 -1.901726 1.299341
v 0.074097 -1.972437 1.377011
v 0.081161 -1.948319 1.369947
v 0.092399 -1.927608 1.358710
v 0.107043 -1.911716 1.344066
v 0.124097 -1.901726 1.327012
v 0.090531 -1.972437 1.398428
v 0.099182 -1.948319 1.393433
v 0.112945 -1.927608 1.385487
v 0.130881 -1.911716 1.375132
v 0.151768 -1.901726 1.363072
v 0.100861 -1.972437 1.423368
v 0.110511 -1.948319 1.420783
v 0.125861 -1.927608 1.416669
v 0.145866 -1.911716 1.411308
v 0.169162 -1.901726 1.405066
v 0.100861 -1.972437 1.476895
v 0.110511 -1.948319 1.479481
v 0.125861 -1.927608 1.483594
v 0.145866 -1.911716 1.488955
v 0.169162 -1.901726 1.495196
v 0.090531 -1.972437 1.501836
v 0.099182 -1.948319 1.506831
v 0.112945 -1.927608 1.514777
v 0.130881 -1.911716 1.525132
v 0.151768 -1.901726 1.537190
v 0.074097 -1.972437 1.523252
v 0.081161 -1.948319 1.530315
v 0.092399 -1.927608 1.541553
v 0.107043 -1.911716 1.556198
v 0.124097 -1.901726 1.573252
v 0.052681 -1.972437 1.539684
v 0.057676 -1.948319 1.548337
v 0.065622 -1.927608 1.562099
v 0.075977 -1.911716 1.580036
v 0.027741 -1.972437 1.550015
v 0.030327 -1.948319 1.559665
v 0.034440 -1.927608 1.575016
v 0.039800 -1.911716 1.595020
v 0.000977 -1.972437 1.553538
v 0.000977 -1.948319 1.563529
v 0.000977 -1.927608 1.579421
v 0.000977 -1.911716 1.600132
v -0.025787 -1.972437 1.550015
v -0.028372 -1.948319 1.559665
v -0.032485 -1.927608 1.575016
v -0.037846 -1.911716 1.595020
v -0.050726 -1.972437 1.539684
v -0.055721 -1.948319 1.548337
v -0.063667 -1.927608 1.562099
v -0.074023 -1.911716 1.580036
v -0.086082 -1.901726 1.600923
v -0.072143 -1.972437 1.523252
v -0.079207 -1.948319 1.530315
v -0.090444 -1.927608 1.541553
v -0.105089 -1.911716 1.556198
v -0.122143 -1.901726 1.573252
v -0.088576 -1.972437 1.501836
v -0.097228 -1.948319 1.506831
v -0.110991 -1.927608 1.514777
v -0.128927 -1.911716 1.525132
v -0.149813 -1.901726 1.537190
v -0.098907 -1.972437 1.476895
v -0.108556 -1.948319 1.479481
v -0.123907 -1.927608 1.483594
v -0.143912 -1.911716 1.488955
v -0.167208 -1.901726 1.495196
v -1.049023 -1.901726 1.601014
v -1.049023 -1.911716 1.625132
v -1.049023 -1.927608 1.645843
v -1.049023 -1.948319 1.661734
v -1.049023 -1.972437 1.671724
v -1.049023 -1.998319 1.675132
v 1.050977 -1.998319 1.675132
v 1.050977 -1.972437 1.671724
v 1.050977 -1.948319 1.661734
v 1.050977 -1.927608 1.645843
v 1.050977 -1.911716 1.625132
v 1.050977 -1.901726 1.601014
v 0.525977 -1.901726 1.601014
v -0.524023 -1.911716 1.625132
v 0.000977 -1.911716 1.625132
v 0.525977 -1.911716 1.625132
v -0.524023 -1.901726 1.601014
v -0.524023 -1.927608 1.645843
v 0.000977 -1.927608 1.645843
v 0.525977 -1.927608 1.645843
v -0.524023 -1.948319 1.661734
v 0.000977 -1.948319 1.661734
v 0.525977 -1.948319 1.661734
v -0.524023 -1.972437 1.671724
v 0.000977 -1.972437 1.671724
v 0.525977 -1.972437 1.671724
v -0.099023 -2.198319 1.450131
v -0.095615 -2.198319 1.424250
v -0.085625 -2.198319 1.400132
v -0.069733 -2.198319 1.379421
v -0.049023 -2.198319 1.363529
v -0.024905 -2.198319 1.353539
v 0.000977 -2.198319 1.350132
v 0.026859 -2.198319 1.353539
v 0.050977 -2.198319 1.363529
v 0.071688 -2.198319 1.379421
v 0.087580 -2.198319 1.400132
v 0.097570 -2.198319 1.424250
v 0.100977 -2.198319 1.450131
v 0.097570 -2.198319 1.476014
v 0.087580 -2.198319 1.500132
v 0.071688 -2.198319 1.520843
v 0.050977 -2.198319 1.536734
v 0.026859 -2.198319 1.546724
v 0.000977 -2.198319 1.550132
v -0.024905 -2.198319 1.546724
v -0.049023 -2.198319 1.536734
v -0.069733 -2.198319 1.520843
v -0.085625 -2.198319 1.500132
v -0.095615 -2.198319 1.476014
v -0.099023 1.998634 1.450131
v -0.095615 1.998634 1.476014
v -0.085625 1.998634 1.500132
v -0.069733 1.998634 1.520843
v -0.049023 1.998634 1.536734
v -0.024905 1.998634 1.546724
v 0.000977 1.998634 1.550132
v 0.026859 1.998634 1.546724
v 0.050977 1.998634 1.536734
v 0.071688 1.998634 1.520843
v 0.087580 1.998634 1.500132
v 0.097570 1.998634 1.476014
v 0.100977 1.998634 1.450131
v 0.097570 1.998634 1.424250
v 0.087580 1.998634 1.400132
v 0.071688 1.998634 1.379421
v 0.050977 1.998634 1.363529
v 0.026859 1.998634 1.353539
v 0.000977 1.998634 1.350132
v -0.024905 1.998634 1.353539
v -0.049023 1.998634 1.363529
v -0.069733 1.998634 1.379421
v -0.085625 1.998634 1.400132
v -0.095615 1.998634 1.424250
v 0.157102 1.898634 1.575131
v 0.156444 1.898634 1.575447
v 0.080565 1.902563 1.602887
v 0.000977 1.905931 1.612632
v -0.078611 1.902563 1.602887
v -0.154490 1.898634 1.575447
v -0.155148 1.898634 1.575131
v -0.181182 1.898634 1.532701
v -0.195932 1.898634 1.485158
v -0.198483 1.898634 1.435443
v -0.188677 1.898634 1.386638
v -0.167121 1.898634 1.341766
v -0.135152 1.898634 1.303609
v -0.094749 1.898634 1.274529
v -0.048416 1.898634 1.256327
v 0.000977 1.898634 1.250132
v 0.050370 1.898634 1.256327
v 0.096704 1.898634 1.274529
v 0.137106 1.898634 1.303609
v 0.169076 1.898634 1.341766
v 0.190631 1.898634 1.386638
v 0.200437 1.898634 1.435443
v 0.197886 1.898634 1.485158
v 0.183137 1.898634 1.532701
v -0.102430 1.972752 1.450131
v -0.112420 1.948634 1.450131
v -0.128312 1.927923 1.450131
v -0.149023 1.912031 1.450131
v -0.173141 1.902041 1.450131
v -0.086082 1.902041 1.600923
v -0.098907 1.972752 1.476895
v -0.108556 1.948634 1.479481
v -0.123907 1.927923 1.483594
v -0.143912 1.912031 1.488955
v -0.167208 1.902041 1.495196
v -0.088576 1.972752 1.501836
v -0.097228 1.948634 1.506831
v -0.110991 1.927923 1.514777
v -0.128927 1.912031 1.525132
v -0.149813 1.902041 1.537190
v -0.072143 1.972752 1.523252
v -0.079207 1.948634 1.530315
v -0.090444 1.927923 1.541553
v -0.105089 1.912031 1.556198
v -0.122143 1.902041 1.573252
v -0.050726 1.972752 1.539684
v -0.055721 1.948634 1.548337
v -0.063667 1.927923 1.562099
v -0.074023 1.912031 1.580036
v -0.025787 1.972752 1.550015
v -0.028372 1.948634 1.559665
v -0.032485 1.927923 1.575016
v -0.037846 1.912031 1.595020
v 0.000977 1.972752 1.553538
v 0.000977 1.948634 1.563529
v 0.000977 1.927923 1.579421
v 0.000977 1.912031 1.600132
v 0.027741 1.972752 1.550015
v 0.030327 1.948634 1.559665
v 0.034440 1.927923 1.575016
v 0.039800 1.912031 1.595020
v 0.052681 1.972752 1.539684
v 0.057676 1.948634 1.548337
v 0.065622 1.927923 1.562099
v 0.075977 1.912031 1.580036
v 0.088036 1.902041 1.600923
v 0.074097 1.972752 1.523252
v 0.081161 1.948634 1.530315
v 0.092399 1.927923 1.541553
v 0.107043 1.912031 1.556198
v 0.124097 1.902041 1.573252
v 0.090531 1.972752 1.501836
v 0.099182 1.948634 1.506831
v 0.112945 1.927923 1.514777
v 0.130881 1.912031 1.525132
v 0.151768 1.902041 1.537190
v 0.100861 1.972752 1.476895
v 0.110511 1.948634 1.479481
v 0.125861 1.927923 1.483594
v 0.145866 1.912031 1.488955
v 0.169162 1.902041 1.495196
v 0.104385 1.972752 1.450131
v 0.114375 1.948634 1.450131
v 0.130267 1.927923 1.450131
v 0.150977 1.912031 1.450131
v 0.175095 1.902041 1.450131
v 0.100861 1.972752 1.423368
v 0.110511 1.948634 1.420783
v 0.125861 1.927923 1.416669
v 0.145866 1.912031 1.411308
v 0.169162 1.902041 1.405066
v 0.090531 1.972752 1.398428
v 0.099182 1.948634 1.393433
v 0.112945 1.927923 1.385487
v 0.130881 1.912031 1.375132
v 0.151768 1.902041 1.363072
v 0.074097 1.972752 1.377011
v 0.081161 1.948634 1.369947
v 0.092399 1.927923 1.358710
v 0.107043 1.912031 1.344066
v 0.124097 1.902041 1.327012
v 0.052681 1.972752 1.360578
v 0.057676 1.948634 1.351927
v 0.065622 1.927923 1.338163
v 0.075977 1.912031 1.320228
v 0.088036 1.902041 1.299341
v 0.027741 1.972752 1.350247
v 0.030327 1.948634 1.340598
v 0.034440 1.927923 1.325248
v 0.039800 1.912031 1.305243
v 0.046042 1.902041 1.281947
v 0.000977 1.972752 1.346725
v 0.000977 1.948634 1.336734
v 0.000977 1.927923 1.320843
v 0.000977 1.912031 1.300132
v 0.000977 1.902041 1.276013
v -0.025787 1.972752 1.350247
v -0.028372 1.948634 1.340598
v -0.032485 1.927923 1.325248
v -0.037846 1.912031 1.305243
v -0.044088 1.902041 1.281947
v -0.050726 1.972752 1.360578
v -0.055721 1.948634 1.351927
v -0.063667 1.927923 1.338163
v -0.074023 1.912031 1.320228
v -0.086082 1.902041 1.299341
v -0.072143 1.972752 1.377011
v -0.079207 1.948634 1.369947
v -0.090444 1.927923 1.358710
v -0.105089 1.912031 1.344066
v -0.122143 1.902041 1.327012
v -0.088576 1.972752 1.398428
v -0.097228 1.948634 1.393433
v -0.110991 1.927923 1.385487
v -0.128927 1.912031 1.375132
v -0.149813 1.902041 1.363072
v -0.098907 1.972752 1.423368
v -0.108556 1.948634 1.420783
v -0.123907 1.927923 1.416669
v -0.143912 1.912031 1.411308
v -0.167208 1.902041 1.405066
v 1.050977 1.898634 1.575131
v 1.050977 1.902041 1.601014
v 1.050977 1.912031 1.625132
v 1.050977 1.927923 1.645843
v 1.050977 1.948634 1.661734
v 1.050977 1.972752 1.671724
v 1.050977 1.998634 1.675132
v -1.049023 1.998634 1.675132
v -1.049023 1.972752 1.671724
v -1.049023 1.948634 1.661734
v -1.049023 1.927923 1.645843
v -1.049023 1.912031 1.625132
v -1.049023 1.902041 1.601014
v -1.049023 1.898634 1.575131
v -0.524023 1.902041 1.601014
v 0.525977 1.912031 1.625132
v 0.000977 1.912031 1.625132
v -0.524023 1.912031 1.625132
v 0.525977 1.902041 1.601014
v 0.525977 1.927923 1.645843
v 0.000977 1.927923 1.645843
v -0.524023 1.927923 1.645843
v 0.525977 1.948634 1.661734
v 0.000977 1.948634 1.661734
v -0.524023 1.948634 1.661734
v 0.525977 1.972752 1.671724
v 0.000977 1.972752 1.671724
v -0.524023 1.972752 1.671724
v -0.099023 2.198634 1.450131
v -0.095615 2.198634 1.476014
v -0.085625 2.198634 1.500132
v -0.069733 2.198634 1.520843
v -0.049023 2.198634 1.536734
v -0.024905 2.198634 1.546724
v 0.000977 2.198634 1.550132
v 0.026859 2.198634 1.546724
v 0.050977 2.198634 1.536734
v 0.071688 2.198634 1.520843
v 0.087580 2.198634 1.500132
v 0.097570 2.198634 1.476014
v 0.100977 2.198634 1.450131
v 0.097570 2.198634 1.424250
v 0.087580 2.198634 1.400132
v 0.071688 2.198634 1.379421
v 0.050977 2.198634 1.363529
v 0.026859 2.198634 1.353539
v 0.000977 2.198634 1.350132
v -0.024905 2.198634 1.353539
v -0.049023 2.198634 1.363529
v -0.069733 2.198634 1.379421
v -0.085625 2.198634 1.400132
v -0.095615 2.198634 1.424250
v 0.700977 1.998634 0.650132
v 0.704385 1.998634 0.676014
v 0.714375 1.998634 0.700131
v 0.730267 1.998634 0.720842
v 0.750977 1.998634 0.736733
v 0.775095 1.998634 0.746725
v 0.800977 1.998634 0.750132
v 0.826859 1.998634 0.746725
v 0.850977 1.998634 0.736733
v 0.871688 1.998634 0.720842
v 0.887580 1.998634 0.700131
v 0.897570 1.998634 0.676014
v 0.900977 1.998634 0.650132
v 0.897570 1.998634 0.624250
v 0.887580 1.998634 0.600132
v 0.871688 1.998634 0.579421
v 0.850977 1.998634 0.563529
v 0.826859 1.998634 0.553539
v 0.800977 1.998634 0.550132
v 0.775095 1.998634 0.553539
v 0.750977 1.998634 0.563529
v 0.730267 1.998634 0.579421
v 0.714375 1.998634 0.600132
v 0.704385 1.998634 0.624250
v 0.600977 1.898634 0.650132
v 0.607792 1.898634 0.598368
v 0.627772 1.898634 0.550132
v 0.659556 1.898634 0.508711
v 0.700977 1.898634 0.476927
v 0.749213 1.898634 0.456947
v 0.800977 1.898634 0.450132
v 0.852741 1.898634 0.456947
v 0.900977 1.898634 0.476927
v 0.942399 1.898634 0.508711
v 0.974182 1.898634 0.550132
v 0.994162 1.898634 0.598368
v 1.000977 1.898634 0.650132
v 0.994162 1.898634 0.701896
v 0.974182 1.898634 0.750132
v 0.942399 1.898634 0.791553
v 0.900977 1.898634 0.823337
v 0.852741 1.898634 0.843317
v 0.800977 1.898634 0.850132
v 0.749213 1.898634 0.843317
v 0.700977 1.898634 0.823337
v 0.659556 1.898634 0.791553
v 0.627772 1.898634 0.750132
v 0.607792 1.898634 0.701896
v 0.697570 1.972752 0.650132
v 0.687580 1.948634 0.650132
v 0.671688 1.927923 0.650132
v 0.650977 1.912031 0.650132
v 0.626859 1.902041 0.650132
v 0.701093 1.972752 0.676896
v 0.691444 1.948634 0.679481
v 0.676093 1.927923 0.683594
v 0.656088 1.912031 0.688954
v 0.632792 1.902041 0.695197
v 0.711424 1.972752 0.701836
v 0.702772 1.948634 0.706831
v 0.689009 1.927923 0.714777
v 0.671073 1.912031 0.725132
v 0.650187 1.902041 0.737191
v 0.727857 1.972752 0.723251
v 0.720793 1.948634 0.730316
v 0.709556 1.927923 0.741552
v 0.694911 1.912031 0.756198
v 0.677857 1.902041 0.773252
v 0.749274 1.972752 0.739685
v 0.744279 1.948634 0.748337
v 0.736333 1.927923 0.762100
v 0.725977 1.912031 0.780036
v 0.713918 1.902041 0.800922
v 0.774213 1.972752 0.750016
v 0.771628 1.948634 0.759665
v 0.767515 1.927923 0.775016
v 0.762154 1.912031 0.795021
v 0.755912 1.902041 0.818316
v 0.800977 1.972752 0.753539
v 0.800977 1.948634 0.763529
v 0.800977 1.927923 0.779421
v 0.800977 1.912031 0.800132
v 0.800977 1.902041 0.824250
v 0.827741 1.972752 0.750016
v 0.830327 1.948634 0.759665
v 0.834440 1.927923 0.775016
v 0.839800 1.912031 0.795021
v 0.846042 1.902041 0.818316
v 0.852681 1.972752 0.739685
v 0.857676 1.948634 0.748337
v 0.865622 1.927923 0.762100
v 0.875977 1.912031 0.780036
v 0.888036 1.902041 0.800922
v 0.874097 1.972752 0.723251
v 0.881161 1.948634 0.730316
v 0.892399 1.927923 0.741552
v 0.907043 1.912031 0.756198
v 0.924097 1.902041 0.773252
v 0.890531 1.972752 0.701836
v 0.899182 1.948634 0.706831
v 0.912945 1.927923 0.714777
v 0.930881 1.912031 0.725132
v 0.951768 1.902041 0.737191
v 0.900861 1.972752 0.676896
v 0.910511 1.948634 0.679481
v 0.925861 1.927923 0.683594
v 0.945866 1.912031 0.688954
v 0.969162 1.902041 0.695197
v 0.904385 1.972752 0.650132
v 0.914375 1.948634 0.650132
v 0.930267 1.927923 0.650132
v 0.950977 1.912031 0.650132
v 0.975095 1.902041 0.650132
v 0.900861 1.972752 0.623368
v 0.910511 1.948634 0.620783
v 0.925861 1.927923 0.616669
v 0.945866 1.912031 0.611309
v 0.969162 1.902041 0.605067
v 0.890531 1.972752 0.598428
v 0.899182 1.948634 0.593433
v 0.912945 1.927923 0.585487
v 0.930881 1.912031 0.575132
v 0.951768 1.902041 0.563073
v 0.874097 1.972752 0.577012
v 0.881161 1.948634 0.569948
v 0.892399 1.927923 0.558711
v 0.907043 1.912031 0.544066
v 0.924097 1.902041 0.527012
v 0.852681 1.972752 0.560578
v 0.857676 1.948634 0.551927
v 0.865622 1.927923 0.538164
v 0.875977 1.912031 0.520228
v 0.888036 1.902041 0.499341
v 0.827741 1.972752 0.550248
v 0.830327 1.948634 0.540598
v 0.834440 1.927923 0.525248
v 0.839800 1.912031 0.505243
v 0.846042 1.902041 0.481947
v 0.800977 1.972752 0.546725
v 0.800977 1.948634 0.536734
v 0.800977 1.927923 0.520843
v 0.800977 1.912031 0.500132
v 0.800977 1.902041 0.476014
v 0.774213 1.972752 0.550248
v 0.771628 1.948634 0.540598
v 0.767515 1.927923 0.525248
v 0.762154 1.912031 0.505243
v 0.755912 1.902041 0.481947
v 0.749274 1.972752 0.560578
v 0.744279 1.948634 0.551927
v 0.736333 1.927923 0.538164
v 0.725977 1.912031 0.520228
v 0.713918 1.902041 0.499341
v 0.727857 1.972752 0.577012
v 0.720793 1.948634 0.569948
v 0.709556 1.927923 0.558711
v 0.694911 1.912031 0.544066
v 0.677857 1.902041 0.527012
v 0.711424 1.972752 0.598428
v 0.702772 1.948634 0.593433
v 0.689009 1.927923 0.585487
v 0.671073 1.912031 0.575132
v 0.650187 1.902041 0.563073
v 0.701093 1.972752 0.623368
v 0.691444 1.948634 0.620783
v 0.676093 1.927923 0.616669
v 0.656088 1.912031 0.611309
v 0.632792 1.902041 0.605067
v -1.100787 1.898634 1.568316
v -1.149023 1.898634 1.548337
v -1.190444 1.898634 1.516553
v -1.222228 1.898634 1.475132
v -1.242208 1.898634 1.426896
v -1.249023 1.898634 1.375132
v -1.249023 1.898634 -1.124868
v -1.149023 1.898634 -1.124868
v -1.097259 1.898634 -1.131683
v -1.049023 1.898634 -1.151663
v -1.007601 1.898634 -1.183447
v -0.975818 1.898634 -1.224868
v -0.955838 1.898634 -1.273104
v -0.949023 1.898634 -1.324868
v -0.949023 1.898634 -1.624868
v 0.950977 1.898634 -1.624868
v 0.950977 1.898634 -1.324868
v 0.957792 1.898634 -1.273104
v 0.977772 1.898634 -1.224868
v 1.009556 1.898634 -1.183447
v 1.050977 1.898634 -1.151663
v 1.099213 1.898634 -1.131683
v 1.150977 1.898634 -1.124868
v 1.250977 1.898634 -1.124868
v 1.250977 1.898634 1.375132
v 1.244162 1.898634 1.426896
v 1.224182 1.898634 1.475132
v 1.192399 1.898634 1.516553
v 1.150977 1.898634 1.548337
v 1.102741 1.898634 1.568316
v -0.999023 1.898634 0.650132
v -0.992208 1.898634 0.701896
v -0.972228 1.898634 0.750132
v -0.940444 1.898634 0.791553
v -0.899023 1.898634 0.823337
v -0.850787 1.898634 0.843317
v -0.799023 1.898634 0.850132
v -0.747259 1.898634 0.843317
v -0.699023 1.898634 0.823337
v -0.657601 1.898634 0.791553
v -0.625818 1.898634 0.750132
v -0.605838 1.898634 0.701896
v -0.599023 1.898634 0.650132
v -0.605838 1.898634 0.598368
v -0.625818 1.898634 0.550132
v -0.657601 1.898634 0.508711
v -0.699023 1.898634 0.476927
v -0.747259 1.898634 0.456947
v -0.799023 1.898634 0.450132
v -0.850787 1.898634 0.456947
v -0.899023 1.898634 0.476927
v -0.940444 1.898634 0.508711
v -0.972228 1.898634 0.550132
v -0.992208 1.898634 0.598368
v -0.199023 1.898634 -0.149868
v -0.192208 1.898634 -0.098104
v -0.172228 1.898634 -0.049868
v -0.140444 1.898634 -0.008447
v -0.099023 1.898634 0.023337
v -0.050787 1.898634 0.043317
v 0.000977 1.898634 0.050132
v 0.052741 1.898634 0.043317
v 0.100977 1.898634 0.023337
v 0.142399 1.898634 -0.008447
v 0.174182 1.898634 -0.049868
v 0.194162 1.898634 -0.098104
v 0.200977 1.898634 -0.149868
v 0.194162 1.898634 -0.201632
v 0.174182 1.898634 -0.249868
v 0.142399 1.898634 -0.291289
v 0.100977 1.898634 -0.323073
v 0.052741 1.898634 -0.343053
v 0.000977 1.898634 -0.349868
v -0.050787 1.898634 -0.343053
v -0.099023 1.898634 -0.323073
v -0.140444 1.898634 -0.291289
v -0.172228 1.898634 -0.249868
v -0.192208 1.898634 -0.201632
v 0.400977 1.898634 -1.587368
v -0.399023 1.898634 -1.587368
v -0.399023 1.898634 -0.587368
v 0.400977 1.898634 -0.587368
v -0.499023 1.898634 0.650132
v -0.481986 1.898634 0.779541
v -0.432035 1.898634 0.900132
v -0.352576 1.898634 1.003685
v -0.249023 1.898634 1.083145
v -0.128432 1.898634 1.133095
v 0.000977 1.898634 1.150132
v 0.130387 1.898634 1.133095
v 0.250977 1.898634 1.083145
v 0.354531 1.898634 1.003685
v 0.433990 1.898634 0.900132
v 0.483940 1.898634 0.779541
v 0.500977 1.898634 0.650132
v 0.483940 1.898634 0.520722
v 0.433990 1.898634 0.400132
v 0.354531 1.898634 0.296579
v 0.250977 1.898634 0.217119
v 0.130387 1.898634 0.167169
v 0.000977 1.898634 0.150132
v -0.128432 1.898634 0.167169
v -0.249023 1.898634 0.217119
v -0.352576 1.898634 0.296579
v -0.432035 1.898634 0.400132
v -0.481986 1.898634 0.520722
v 0.700977 2.198634 0.650132
v 0.704385 2.198634 0.676014
v 0.714375 2.198634 0.700131
v 0.730267 2.198634 0.720842
v 0.750977 2.198634 0.736733
v 0.775095 2.198634 0.746725
v 0.800977 2.198634 0.750132
v 0.826859 2.198634 0.746725
v 0.850977 2.198634 0.736733
v 0.871688 2.198634 0.720842
v 0.887580 2.198634 0.700131
v 0.897570 2.198634 0.676014
v 0.900977 2.198634 0.650132
v 0.897570 2.198634 0.624250
v 0.887580 2.198634 0.600132
v 0.871688 2.198634 0.579421
v 0.850977 2.198634 0.563529
v 0.826859 2.198634 0.553539
v 0.800977 2.198634 0.550132
v 0.775095 2.198634 0.553539
v 0.750977 2.198634 0.563529
v 0.730267 2.198634 0.579421
v 0.714375 2.198634 0.600132
v 0.704385 2.198634 0.624250
v -0.899023 1.998634 0.650132
v -0.895615 1.998634 0.676014
v -0.885625 1.998634 0.700131
v -0.869733 1.998634 0.720842
v -0.849023 1.998634 0.736733
v -0.824905 1.998634 0.746725
v -0.799023 1.998634 0.750132
v -0.773141 1.998634 0.746725
v -0.749023 1.998634 0.736733
v -0.728312 1.998634 0.720842
v -0.712420 1.998634 0.700131
v -0.702430 1.998634 0.676014
v -0.699023 1.998634 0.650132
v -0.702430 1.998634 0.624250
v -0.712420 1.998634 0.600132
v -0.728312 1.998634 0.579421
v -0.749023 1.998634 0.563529
v -0.773141 1.998634 0.553539
v -0.799023 1.998634 0.550132
v -0.824905 1.998634 0.553539
v -0.849023 1.998634 0.563529
v -0.869733 1.998634 0.579421
v -0.885625 1.998634 0.600132
v -0.895615 1.998634 0.624250
v -0.902430 1.972752 0.650132
v -0.912420 1.948634 0.650132
v -0.928312 1.927923 0.650132
v -0.949023 1.912031 0.650132
v -0.973141 1.902041 0.650132
v -0.898907 1.972752 0.676896
v -0.908556 1.948634 0.679481
v -0.923907 1.927923 0.683594
v -0.943912 1.912031 0.688954
v -0.967208 1.902041 0.695197
v -0.888576 1.972752 0.701836
v -0.897228 1.948634 0.706831
v -0.910991 1.927923 0.714777
v -0.928927 1.912031 0.725132
v -0.949813 1.902041 0.737191
v -0.872143 1.972752 0.723251
v -0.879207 1.948634 0.730316
v -0.890444 1.927923 0.741552
v -0.905089 1.912031 0.756198
v -0.922143 1.902041 0.773252
v -0.850726 1.972752 0.739685
v -0.855721 1.948634 0.748337
v -0.863667 1.927923 0.762100
v -0.874023 1.912031 0.780036
v -0.886082 1.902041 0.800922
v -0.825787 1.972752 0.750016
v -0.828372 1.948634 0.759665
v -0.832485 1.927923 0.775016
v -0.837846 1.912031 0.795021
v -0.844088 1.902041 0.818316
v -0.799023 1.972752 0.753539
v -0.799023 1.948634 0.763529
v -0.799023 1.927923 0.779421
v -0.799023 1.912031 0.800132
v -0.799023 1.902041 0.824250
v -0.772259 1.972752 0.750016
v -0.769673 1.948634 0.759665
v -0.765560 1.927923 0.775016
v -0.760200 1.912031 0.795021
v -0.753958 1.902041 0.818316
v -0.747319 1.972752 0.739685
v -0.742324 1.948634 0.748337
v -0.734378 1.927923 0.762100
v -0.724023 1.912031 0.780036
v -0.711964 1.902041 0.800922
v -0.725903 1.972752 0.723251
v -0.718839 1.948634 0.730316
v -0.707601 1.927923 0.741552
v -0.692957 1.912031 0.756198
v -0.675903 1.902041 0.773252
v -0.709469 1.972752 0.701836
v -0.700818 1.948634 0.706831
v -0.687055 1.927923 0.714777
v -0.669119 1.912031 0.725132
v -0.648232 1.902041 0.737191
v -0.699139 1.972752 0.676896
v -0.689489 1.948634 0.679481
v -0.674139 1.927923 0.683594
v -0.654134 1.912031 0.688954
v -0.630838 1.902041 0.695197
v -0.695615 1.972752 0.650132
v -0.685625 1.948634 0.650132
v -0.669733 1.927923 0.650132
v -0.649023 1.912031 0.650132
v -0.624905 1.902041 0.650132
v -0.699139 1.972752 0.623368
v -0.689489 1.948634 0.620783
v -0.674139 1.927923 0.616669
v -0.654134 1.912031 0.611309
v -0.630838 1.902041 0.605067
v -0.709469 1.972752 0.598428
v -0.700818 1.948634 0.593433
v -0.687055 1.927923 0.585487
v -0.669119 1.912031 0.575132
v -0.648232 1.902041 0.563073
v -0.725903 1.972752 0.577012
v -0.718839 1.948634 0.569948
v -0.707601 1.927923 0.558711
v -0.692957 1.912031 0.544066
v -0.675903 1.902041 0.527012
v -0.747319 1.972752 0.560578
v -0.742324 1.948634 0.551927
v -0.734378 1.927923 0.538164
v -0.724023 1.912031 0.520228
v -0.711964 1.902041 0.499341
v -0.772259 1.972752 0.550248
v -0.769673 1.948634 0.540598
v -0.765560 1.927923 0.525248
v -0.760200 1.912031 0.505243
v -0.753958 1.902041 0.481947
v -0.799023 1.972752 0.546725
v -0.799023 1.948634 0.536734
v -0.799023 1.927923 0.520843
v -0.799023 1.912031 0.500132
v -0.799023 1.902041 0.476014
v -0.825787 1.972752 0.550248
v -0.828372 1.948634 0.540598
v -0.832485 1.927923 0.525248
v -0.837846 1.912031 0.505243
v -0.844088 1.902041 0.481947
v -0.850726 1.972752 0.560578
v -0.855721 1.948634 0.551927
v -0.863667 1.927923 0.538164
v -0.874023 1.912031 0.520228
v -0.886082 1.902041 0.499341
v -0.872143 1.972752 0.577012
v -0.879207 1.948634 0.569948
v -0.890444 1.927923 0.558711
v -0.905089 1.912031 0.544066
v -0.922143 1.902041 0.527012
v -0.888576 1.972752 0.598428
v -0.897228 1.948634 0.593433
v -0.910991 1.927923 0.585487
v -0.928927 1.912031 0.575132
v -0.949813 1.902041 0.563073
v -0.898907 1.972752 0.623368
v -0.908556 1.948634 0.620783
v -0.923907 1.927923 0.616669
v -0.943912 1.912031 0.611309
v -0.967208 1.902041 0.605067
v -0.899023 2.198634 0.650132
v -0.895615 2.198634 0.676014
v -0.885625 2.198634 0.700131
v -0.869733 2.198634 0.720842
v -0.849023 2.198634 0.736733
v -0.824905 2.198634 0.746725
v -0.799023 2.198634 0.750132
v -0.773141 2.198634 0.746725
v -0.749023 2.198634 0.736733
v -0.728312 2.198634 0.720842
v -0.712420 2.198634 0.700131
v -0.702430 2.198634 0.676014
v -0.699023 2.198634 0.650132
v -0.702430 2.198634 0.624250
v -0.712420 2.198634 0.600132
v -0.728312 2.198634 0.579421
v -0.749023 2.198634 0.563529
v -0.773141 2.198634 0.553539
v -0.799023 2.198634 0.550132
v -0.824905 2.198634 0.553539
v -0.849023 2.198634 0.563529
v -0.869733 2.198634 0.579421
v -0.885625 2.198634 0.600132
v -0.895615 2.198634 0.624250
v -0.399023 1.998634 0.650132
v -0.385393 1.998634 0.753660
v -0.345433 1.998634 0.850132
v -0.281865 1.998634 0.932975
v -0.199023 1.998634 0.996542
v -0.102550 1.998634 1.036502
v 0.000977 1.998634 1.050132
v 0.104505 1.998634 1.036502
v 0.200977 1.998634 0.996542
v 0.283820 1.998634 0.932975
v 0.347387 1.998634 0.850132
v 0.387348 1.998634 0.753660
v 0.400977 1.998634 0.650132
v 0.387348 1.998634 0.546604
v 0.347387 1.998634 0.450132
v 0.283820 1.998634 0.367289
v 0.200977 1.998634 0.303722
v 0.104505 1.998634 0.263762
v 0.000977 1.998634 0.250132
v -0.102550 1.998634 0.263762
v -0.199023 1.998634 0.303722
v -0.281865 1.998634 0.367289
v -0.345433 1.998634 0.450132
v -0.385393 1.998634 0.546604
v -0.402430 1.972752 0.650132
v -0.412420 1.948634 0.650132
v -0.428312 1.927923 0.650132
v -0.449023 1.912031 0.650132
v -0.473141 1.902041 0.650132
v -0.388684 1.972752 0.754540
v -0.398334 1.948634 0.757127
v -0.413684 1.927923 0.761240
v -0.433689 1.912031 0.766601
v -0.456986 1.902041 0.772842
v -0.348384 1.972752 0.851836
v -0.357035 1.948634 0.856831
v -0.370798 1.927923 0.864777
v -0.388734 1.912031 0.875132
v -0.409621 1.902041 0.887191
v -0.284275 1.972752 0.935384
v -0.291339 1.948634 0.942448
v -0.302576 1.927923 0.953685
v -0.317221 1.912031 0.968329
v -0.334275 1.902041 0.985384
v -0.200726 1.972752 0.999493
v -0.205721 1.948634 1.008144
v -0.213667 1.927923 1.021907
v -0.224023 1.912031 1.039843
v -0.236082 1.902041 1.060730
v -0.103432 1.972752 1.039794
v -0.106018 1.948634 1.049442
v -0.110131 1.927923 1.064794
v -0.115491 1.912031 1.084799
v -0.121734 1.902041 1.108095
v 0.000977 1.972752 1.053538
v 0.000977 1.948634 1.063529
v 0.000977 1.927923 1.079421
v 0.000977 1.912031 1.100132
v 0.000977 1.902041 1.124249
v 0.105387 1.972752 1.039794
v 0.107972 1.948634 1.049442
v 0.112086 1.927923 1.064794
v 0.117446 1.912031 1.084799
v 0.123688 1.902041 1.108095
v 0.202681 1.972752 0.999493
v 0.207676 1.948634 1.008144
v 0.215622 1.927923 1.021907
v 0.225977 1.912031 1.039843
v 0.238036 1.902041 1.060730
v 0.286229 1.972752 0.935384
v 0.293293 1.948634 0.942448
v 0.304531 1.927923 0.953685
v 0.319175 1.912031 0.968329
v 0.336229 1.902041 0.985384
v 0.350338 1.972752 0.851836
v 0.358990 1.948634 0.856831
v 0.372753 1.927923 0.864777
v 0.390689 1.912031 0.875132
v 0.411576 1.902041 0.887191
v 0.390639 1.972752 0.754540
v 0.400289 1.948634 0.757127
v 0.415639 1.927923 0.761240
v 0.435644 1.912031 0.766601
v 0.458940 1.902041 0.772842
v 0.404385 1.972752 0.650132
v 0.414375 1.948634 0.650132
v 0.430267 1.927923 0.650132
v 0.450977 1.912031 0.650132
v 0.475095 1.902041 0.650132
v 0.390639 1.972752 0.545722
v 0.400289 1.948634 0.543137
v 0.415639 1.927923 0.539024
v 0.435644 1.912031 0.533663
v 0.458940 1.902041 0.527421
v 0.350338 1.972752 0.448428
v 0.358990 1.948634 0.443433
v 0.372753 1.927923 0.435487
v 0.390689 1.912031 0.425132
v 0.411576 1.902041 0.413073
v 0.286229 1.972752 0.364880
v 0.293293 1.948634 0.357816
v 0.304531 1.927923 0.346579
v 0.319175 1.912031 0.331934
v 0.336229 1.902041 0.314880
v 0.202681 1.972752 0.300771
v 0.207676 1.948634 0.292119
v 0.215622 1.927923 0.278356
v 0.225977 1.912031 0.260421
v 0.238036 1.902041 0.239534
v 0.105387 1.972752 0.260470
v 0.107972 1.948634 0.250821
v 0.112086 1.927923 0.235470
v 0.117446 1.912031 0.215465
v 0.123688 1.902041 0.192169
v 0.000977 1.972752 0.246725
v 0.000977 1.948634 0.236734
v 0.000977 1.927923 0.220843
v 0.000977 1.912031 0.200132
v 0.000977 1.902041 0.176014
v -0.103432 1.972752 0.260470
v -0.106018 1.948634 0.250821
v -0.110131 1.927923 0.235470
v -0.115491 1.912031 0.215465
v -0.121734 1.902041 0.192169
v -0.200726 1.972752 0.300771
v -0.205721 1.948634 0.292119
v -0.213667 1.927923 0.278356
v -0.224023 1.912031 0.260421
v -0.236082 1.902041 0.239534
v -0.284275 1.972752 0.364880
v -0.291339 1.948634 0.357816
v -0.302576 1.927923 0.346579
v -0.317221 1.912031 0.331934
v -0.334275 1.902041 0.314880
v -0.348384 1.972752 0.448428
v -0.357035 1.948634 0.443433
v -0.370798 1.927923 0.435487
v -0.388734 1.912031 0.425132
v -0.409621 1.902041 0.413073
v -0.388684 1.972752 0.545722
v -0.398334 1.948634 0.543137
v -0.413684 1.927923 0.539024
v -0.433689 1.912031 0.533663
v -0.456986 1.902041 0.527421
v -0.399023 2.198634 0.650132
v -0.385393 2.198634 0.753660
v -0.345433 2.198634 0.850132
v -0.281865 2.198634 0.932975
v -0.199023 2.198634 0.996542
v -0.102550 2.198634 1.036502
v 0.000977 2.198634 1.050132
v 0.104505 2.198634 1.036502
v 0.200977 2.198634 0.996542
v 0.283820 2.198634 0.932975
v 0.347387 2.198634 0.850132
v 0.387348 2.198634 0.753660
v 0.400977 2.198634 0.650132
v 0.387348 2.198634 0.546604
v 0.347387 2.198634 0.450132
v 0.283820 2.198634 0.367289
v 0.200977 2.198634 0.303722
v 0.104505 2.198634 0.263762
v 0.000977 2.198634 0.250132
v -0.102550 2.198634 0.263762
v -0.199023 2.198634 0.303722
v -0.281865 2.198634 0.367289
v -0.345433 2.198634 0.450132
v -0.385393 2.198634 0.546604
v -0.099023 1.998634 -0.149868
v -0.095615 1.998634 -0.123986
v -0.085625 1.998634 -0.099868
v -0.069733 1.998634 -0.079157
v -0.049023 1.998634 -0.063266
v -0.024905 1.998634 -0.053275
v 0.000977 1.998634 -0.049868
v 0.026859 1.998634 -0.053275
v 0.050977 1.998634 -0.063266
v 0.071688 1.998634 -0.079157
v 0.087580 1.998634 -0.099868
v 0.097570 1.998634 -0.123986
v 0.100977 1.998634 -0.149868
v 0.097570 1.998634 -0.175750
v 0.087580 1.998634 -0.199868
v 0.071688 1.998634 -0.220579
v 0.050977 1.998634 -0.236471
v 0.026859 1.998634 -0.246461
v 0.000977 1.998634 -0.249868
v -0.024905 1.998634 -0.246461
v -0.049023 1.998634 -0.236471
v -0.069733 1.998634 -0.220579
v -0.085625 1.998634 -0.199868
v -0.095615 1.998634 -0.175750
v -0.102430 1.972752 -0.149868
v -0.112420 1.948634 -0.149868
v -0.128312 1.927923 -0.149868
v -0.149023 1.912031 -0.149868
v -0.173141 1.902041 -0.149868
v -0.098907 1.972752 -0.123104
v -0.108556 1.948634 -0.120519
v -0.123907 1.927923 -0.116406
v -0.143912 1.912031 -0.111045
v -0.167208 1.902041 -0.104803
v -0.088576 1.972752 -0.098164
v -0.097228 1.948634 -0.093169
v -0.110991 1.927923 -0.085223
v -0.128927 1.912031 -0.074868
v -0.149813 1.902041 -0.062809
v -0.072143 1.972752 -0.076748
v -0.079207 1.948634 -0.069684
v -0.090444 1.927923 -0.058447
v -0.105089 1.912031 -0.043802
v -0.122143 1.902041 -0.026748
v -0.050726 1.972752 -0.060315
v -0.055721 1.948634 -0.051663
v -0.063667 1.927923 -0.037900
v -0.074023 1.912031 -0.019964
v -0.086082 1.902041 0.000923
v -0.025787 1.972752 -0.049984
v -0.028372 1.948634 -0.040335
v -0.032485 1.927923 -0.024984
v -0.037846 1.912031 -0.004979
v -0.044088 1.902041 0.018317
v 0.000977 1.972752 -0.046461
v 0.000977 1.948634 -0.036471
v 0.000977 1.927923 -0.020579
v 0.000977 1.912031 0.000132
v 0.000977 1.902041 0.024250
v 0.027741 1.972752 -0.049984
v 0.030327 1.948634 -0.040335
v 0.034440 1.927923 -0.024984
v 0.039800 1.912031 -0.004979
v 0.046042 1.902041 0.018317
v 0.052681 1.972752 -0.060315
v 0.057676 1.948634 -0.051663
v 0.065622 1.927923 -0.037900
v 0.075977 1.912031 -0.019964
v 0.088036 1.902041 0.000923
v 0.074097 1.972752 -0.076748
v 0.081161 1.948634 -0.069684
v 0.092399 1.927923 -0.058447
v 0.107043 1.912031 -0.043802
v 0.124097 1.902041 -0.026748
v 0.090531 1.972752 -0.098164
v 0.099182 1.948634 -0.093169
v 0.112945 1.927923 -0.085223
v 0.130881 1.912031 -0.074868
v 0.151768 1.902041 -0.062809
v 0.100861 1.972752 -0.123104
v 0.110511 1.948634 -0.120519
v 0.125861 1.927923 -0.116406
v 0.145866 1.912031 -0.111045
v 0.169162 1.902041 -0.104803
v 0.104385 1.972752 -0.149868
v 0.114375 1.948634 -0.149868
v 0.130267 1.927923 -0.149868
v 0.150977 1.912031 -0.149868
v 0.175095 1.902041 -0.149868
v 0.100861 1.972752 -0.176632
v 0.110511 1.948634 -0.179217
v 0.125861 1.927923 -0.183331
v 0.145866 1.912031 -0.188691
v 0.169162 1.902041 -0.194933
v 0.090531 1.972752 -0.201572
v 0.099182 1.948634 -0.206567
v 0.112945 1.927923 -0.214513
v 0.130881 1.912031 -0.224868
v 0.151768 1.902041 -0.236927
v 0.074097 1.972752 -0.222988
v 0.081161 1.948634 -0.230052
v 0.092399 1.927923 -0.241289
v 0.107043 1.912031 -0.255934
v 0.124097 1.902041 -0.272988
v 0.052681 1.972752 -0.239422
v 0.057676 1.948634 -0.248073
v 0.065622 1.927923 -0.261836
v 0.075977 1.912031 -0.279772
v 0.088036 1.902041 -0.300659
v 0.027741 1.972752 -0.249752
v 0.030327 1.948634 -0.259402
v 0.034440 1.927923 -0.274752
v 0.039800 1.912031 -0.294757
v 0.046042 1.902041 -0.318053
v 0.000977 1.972752 -0.253275
v 0.000977 1.948634 -0.263266
v 0.000977 1.927923 -0.279157
v 0.000977 1.912031 -0.299868
v 0.000977 1.902041 -0.323986
v -0.025787 1.972752 -0.249752
v -0.028372 1.948634 -0.259402
v -0.032485 1.927923 -0.274752
v -0.037846 1.912031 -0.294757
v -0.044088 1.902041 -0.318053
v -0.050726 1.972752 -0.239422
v -0.055721 1.948634 -0.248073
v -0.063667 1.927923 -0.261836
v -0.074023 1.912031 -0.279772
v -0.086082 1.902041 -0.300659
v -0.072143 1.972752 -0.222988
v -0.079207 1.948634 -0.230052
v -0.090444 1.927923 -0.241289
v -0.105089 1.912031 -0.255934
v -0.122143 1.902041 -0.272988
v -0.088576 1.972752 -0.201572
v -0.097228 1.948634 -0.206567
v -0.110991 1.927923 -0.214513
v -0.128927 1.912031 -0.224868
v -0.149813 1.902041 -0.236927
v -0.098907 1.972752 -0.176632
v -0.108556 1.948634 -0.179217
v -0.123907 1.927923 -0.183331
v -0.143912 1.912031 -0.188691
v -0.167208 1.902041 -0.194933
v -0.099023 2.198634 -0.149868
v -0.095615 2.198634 -0.123986
v -0.085625 2.198634 -0.099868
v -0.069733 2.198634 -0.079157
v -0.049023 2.198634 -0.063266
v -0.024905 2.198634 -0.053275
v 0.000977 2.198634 -0.049868
v 0.026859 2.198634 -0.053275
v 0.050977 2.198634 -0.063266
v 0.071688 2.198634 -0.079157
v 0.087580 2.198634 -0.099868
v 0.097570 2.198634 -0.123986
v 0.100977 2.198634 -0.149868
v 0.097570 2.198634 -0.175750
v 0.087580 2.198634 -0.199868
v 0.071688 2.198634 -0.220579
v 0.050977 2.198634 -0.236471
v 0.026859 2.198634 -0.246461
v 0.000977 2.198634 -0.249868
v -0.024905 2.198634 -0.246461
v -0.049023 2.198634 -0.236471
v -0.069733 2.198634 -0.220579
v -0.085625 2.198634 -0.199868
v -0.095615 2.198634 -0.175750
v 0.982227 1.893625 -1.656118
v 0.975730 1.895518 -1.650866
v 0.968025 1.897169 -1.646905
v 0.959546 1.898259 -1.644520
v 0.950977 1.898634 -1.643745
v 0.942408 1.898259 -1.644520
v 0.933930 1.897169 -1.646905
v 0.926225 1.895518 -1.650866
v 0.919727 1.893625 -1.656118
v -0.379514 1.900555 -0.606877
v -0.360754 1.906246 -0.625636
v -0.343466 1.915487 -0.642925
v -0.328312 1.927923 -0.658079
v -0.315876 1.943077 -0.670515
v -0.306635 1.960365 -0.679756
v -0.300944 1.979125 -0.685447
v -0.299504 1.988832 -0.686887
v -0.299023 1.998634 -0.687368
v 0.300977 1.998634 -0.687368
v 0.301459 1.988832 -0.686887
v 0.302899 1.979125 -0.685447
v 0.308589 1.960365 -0.679756
v 0.317830 1.943077 -0.670515
v 0.330267 1.927923 -0.658079
v 0.345420 1.915487 -0.642925
v 0.362709 1.906246 -0.625636
v 0.381468 1.900555 -0.606877
v 0.000977 1.912031 -0.637368
v 0.000977 1.902041 -0.613250
v 0.000977 1.927923 -0.658079
v 0.000977 1.948634 -0.673971
v 0.000977 1.972752 -0.683961
v -0.373141 1.902041 -1.587368
v -0.349023 1.912031 -1.587368
v -0.328312 1.927923 -1.587368
v -0.312420 1.948634 -1.587368
v -0.302430 1.972752 -1.587368
v -0.299023 1.998634 -1.587368
v -0.373141 1.902041 -1.087368
v -0.349023 1.912031 -1.087368
v -0.328312 1.927923 -1.087368
v -0.312420 1.948634 -1.087368
v -0.302430 1.972752 -1.087368
v 0.300977 1.998634 -1.587368
v 0.304385 1.972752 -1.587368
v 0.314375 1.948634 -1.587368
v 0.330267 1.927923 -1.587368
v 0.350977 1.912031 -1.587368
v 0.375095 1.902041 -1.587368
v 0.304385 1.972752 -1.087368
v 0.314375 1.948634 -1.087368
v 0.330267 1.927923 -1.087368
v 0.350977 1.912031 -1.087368
v 0.375095 1.902041 -1.087368
v 0.970486 -1.896397 -1.644377
v 0.989246 -1.890707 -1.663136
v 1.006534 -1.881466 -1.680425
v 1.021688 -1.869029 -1.695579
v 1.034124 -1.853876 -1.708015
v 1.043365 -1.836587 -1.717256
v 1.049056 -1.817828 -1.722947
v 1.050496 -1.808120 -1.724387
v 1.050977 -1.798319 -1.724868
v -1.049023 -1.798319 -1.724868
v -1.047799 -1.813917 -1.723644
v -1.044157 -1.829133 -1.720002
v -1.038186 -1.843595 -1.714031
v -1.030032 -1.856949 -1.705877
v -1.019895 -1.868867 -1.695741
v -1.008023 -1.879058 -1.683869
v -0.524023 -1.894911 -1.650750
v 0.000977 -1.894911 -1.650750
v 0.525977 -1.894911 -1.650750
v 0.525977 -1.884921 -1.674868
v 0.000977 -1.884921 -1.674868
v -0.524023 -1.884921 -1.674868
v 0.525977 -1.868990 -1.695618
v 0.000977 -1.868948 -1.695660
v -0.524023 -1.868907 -1.695701
v 0.525977 -1.848319 -1.711471
v 0.000977 -1.848319 -1.711471
v -0.524023 -1.848319 -1.711471
v 0.525977 -1.824201 -1.721461
v 0.000977 -1.824201 -1.721461
v -0.524023 -1.824201 -1.721461
v -0.974905 -1.894911 -1.324868
v -0.999023 -1.884921 -1.324868
v -1.019733 -1.869029 -1.324868
v -1.035625 -1.848319 -1.324868
v -1.045615 -1.824201 -1.324868
v -1.049023 -1.798319 -1.324868
v -1.052430 -1.798319 -1.298986
v -1.062420 -1.798319 -1.274868
v -1.078312 -1.798319 -1.254157
v -1.099023 -1.798319 -1.238266
v -1.123141 -1.798319 -1.228275
v -1.149023 -1.798319 -1.224868
v -1.149023 -1.824201 -1.221461
v -1.149023 -1.848319 -1.211471
v -1.149023 -1.869029 -1.195579
v -1.149023 -1.884921 -1.174868
v -1.149023 -1.894911 -1.150750
v -1.103958 -1.894911 -1.156683
v -1.110200 -1.884921 -1.179979
v -1.115560 -1.869029 -1.199984
v -1.119673 -1.848319 -1.215335
v -1.122259 -1.824201 -1.224984
v -1.061964 -1.894911 -1.174077
v -1.074023 -1.884921 -1.194964
v -1.084378 -1.869029 -1.212900
v -1.092324 -1.848319 -1.226663
v -1.097319 -1.824201 -1.235315
v -1.025903 -1.894911 -1.201748
v -1.042957 -1.884921 -1.218802
v -1.057601 -1.869029 -1.233447
v -1.068839 -1.848319 -1.244684
v -1.075903 -1.824201 -1.251748
v -0.998232 -1.894911 -1.237809
v -1.019119 -1.884921 -1.249868
v -1.037055 -1.869029 -1.260223
v -1.050818 -1.848319 -1.268169
v -1.059469 -1.824201 -1.273164
v -0.980838 -1.894911 -1.279803
v -1.004134 -1.884921 -1.286045
v -1.024139 -1.869029 -1.291406
v -1.039489 -1.848319 -1.295519
v -1.049139 -1.824201 -1.298104
v -0.968532 1.896712 -1.644377
v -0.987291 1.891022 -1.663136
v -1.004580 1.881781 -1.680425
v -1.019733 1.869344 -1.695579
v -1.032170 1.854191 -1.708015
v -1.041411 1.836902 -1.717256
v -1.047101 1.818143 -1.722947
v -1.048541 1.808435 -1.724387
v -1.049023 1.798634 -1.724868
v 1.050977 1.798634 -1.724868
v 1.049753 1.814232 -1.723644
v 1.046111 1.829448 -1.720002
v 1.040140 1.843910 -1.714031
v 1.031987 1.857264 -1.705877
v 1.021850 1.869182 -1.695741
v 1.009978 1.879374 -1.683869
v 0.525977 1.895226 -1.650750
v 0.000977 1.895226 -1.650750
v -0.524023 1.895226 -1.650750
v -0.524023 1.885236 -1.674868
v 0.000977 1.885236 -1.674868
v 0.525977 1.885236 -1.674868
v -0.524023 1.869305 -1.695618
v 0.000977 1.869263 -1.695660
v 0.525977 1.869222 -1.695701
v -0.524023 1.848634 -1.711471
v 0.000977 1.848634 -1.711471
v 0.525977 1.848634 -1.711471
v -0.524023 1.824516 -1.721461
v 0.000977 1.824516 -1.721461
v 0.525977 1.824516 -1.721461
v 1.150977 -1.798319 -1.224868
v 1.125095 -1.798319 -1.228275
v 1.100977 -1.798319 -1.238266
v 1.080267 -1.798319 -1.254157
v 1.064375 -1.798319 -1.274868
v 1.054385 -1.798319 -1.298986
v 1.050977 -1.798319 -1.324868
v 1.047570 -1.824201 -1.324868
v 1.037580 -1.848319 -1.324868
v 1.021688 -1.869029 -1.324868
v 1.000977 -1.884921 -1.324868
v 0.976859 -1.894911 -1.324868
v 1.150977 -1.894911 -1.150750
v 1.150977 -1.884921 -1.174868
v 1.150977 -1.869029 -1.195579
v 1.150977 -1.848319 -1.211471
v 1.150977 -1.824201 -1.221461
v 1.124213 -1.824201 -1.224984
v 1.121628 -1.848319 -1.215335
v 1.117515 -1.869029 -1.199984
v 1.112154 -1.884921 -1.179979
v 1.105912 -1.894911 -1.156683
v 1.099274 -1.824201 -1.235315
v 1.094279 -1.848319 -1.226663
v 1.086333 -1.869029 -1.212900
v 1.075977 -1.884921 -1.194964
v 1.063918 -1.894911 -1.174077
v 1.077857 -1.824201 -1.251748
v 1.070793 -1.848319 -1.244684
v 1.059556 -1.869029 -1.233447
v 1.044911 -1.884921 -1.218802
v 1.027857 -1.894911 -1.201748
v 1.061424 -1.824201 -1.273164
v 1.052772 -1.848319 -1.268169
v 1.039009 -1.869029 -1.260223
v 1.021073 -1.884921 -1.249868
v 1.000187 -1.894911 -1.237809
v 1.051093 -1.824201 -1.298104
v 1.041444 -1.848319 -1.295519
v 1.026093 -1.869029 -1.291406
v 1.006088 -1.884921 -1.286045
v 0.982792 -1.894911 -1.279803
v -1.349023 -1.798319 -1.324868
v -1.349023 -1.850082 -1.318053
v -1.349023 -1.898319 -1.298073
v -1.349023 -1.939740 -1.266289
v -1.349023 -1.971524 -1.224868
v -1.349023 -1.991504 -1.176632
v -1.349023 -1.998319 -1.124868
v -1.345615 -1.972437 -1.124868
v -1.335625 -1.948319 -1.124868
v -1.319733 -1.927608 -1.124868
v -1.299023 -1.911716 -1.124868
v -1.274905 -1.901726 -1.124868
v -1.249023 -1.894911 -1.150750
v -1.249023 -1.884921 -1.174868
v -1.249023 -1.869029 -1.195579
v -1.249023 -1.848319 -1.211471
v -1.249023 -1.824201 -1.221461
v -1.249023 -1.798319 -1.224868
v -1.274905 -1.798319 -1.228275
v -1.299023 -1.798319 -1.238266
v -1.319733 -1.798319 -1.254157
v -1.335625 -1.798319 -1.274868
v -1.345615 -1.798319 -1.298986
v -1.345615 -1.843384 -1.293053
v -1.335625 -1.837141 -1.269757
v -1.319733 -1.831781 -1.249752
v -1.299023 -1.827668 -1.234402
v -1.274905 -1.825082 -1.224752
v -1.345615 -1.885378 -1.275659
v -1.335625 -1.873319 -1.254772
v -1.319733 -1.862963 -1.236836
v -1.299023 -1.855017 -1.223073
v -1.274905 -1.850022 -1.214422
v -1.345615 -1.921439 -1.247988
v -1.335625 -1.904385 -1.230934
v -1.319733 -1.889740 -1.216289
v -1.299023 -1.878503 -1.205052
v -1.274905 -1.871439 -1.197988
v -1.345615 -1.949109 -1.211927
v -1.335625 -1.928222 -1.199868
v -1.319733 -1.910286 -1.189513
v -1.299023 -1.896524 -1.181567
v -1.274905 -1.887872 -1.176572
v -1.345615 -1.966504 -1.169933
v -1.335625 -1.943207 -1.163691
v -1.319733 -1.923203 -1.158331
v -1.299023 -1.907852 -1.154217
v -1.274905 -1.898203 -1.151632
v -1.149023 1.798634 -1.224868
v -1.123141 1.798634 -1.228275
v -1.099023 1.798634 -1.238266
v -1.078312 1.798634 -1.254157
v -1.062420 1.798634 -1.274868
v -1.052430 1.798634 -1.298986
v -1.049023 1.798634 -1.324868
v -1.045615 1.824516 -1.324868
v -1.035625 1.848634 -1.324868
v -1.019733 1.869344 -1.324868
v -0.999023 1.885236 -1.324868
v -0.974905 1.895226 -1.324868
v -1.149023 1.895226 -1.150750
v -1.149023 1.885236 -1.174868
v -1.149023 1.869344 -1.195579
v -1.149023 1.848634 -1.211471
v -1.149023 1.824516 -1.221461
v -1.122259 1.824516 -1.224984
v -1.119673 1.848634 -1.215335
v -1.115560 1.869344 -1.199984
v -1.110200 1.885236 -1.179979
v -1.103958 1.895226 -1.156683
v -1.097319 1.824516 -1.235315
v -1.092324 1.848634 -1.226663
v -1.084378 1.869344 -1.212900
v -1.074023 1.885236 -1.194964
v -1.061964 1.895226 -1.174077
v -1.075903 1.824516 -1.251748
v -1.068839 1.848634 -1.244684
v -1.057601 1.869344 -1.233447
v -1.042957 1.885236 -1.218802
v -1.025903 1.895226 -1.201748
v -1.059469 1.824516 -1.273164
v -1.050818 1.848634 -1.268169
v -1.037055 1.869344 -1.260223
v -1.019119 1.885236 -1.249868
v -0.998232 1.895226 -1.237809
v -1.049139 1.824516 -1.298104
v -1.039489 1.848634 -1.295519
v -1.024139 1.869344 -1.291406
v -1.004134 1.885236 -1.286045
v -0.980838 1.895226 -1.279803
v 0.976859 1.895226 -1.324868
v 1.000977 1.885236 -1.324868
v 1.021688 1.869344 -1.324868
v 1.037580 1.848634 -1.324868
v 1.047570 1.824516 -1.324868
v 1.050977 1.798634 -1.324868
v 1.054385 1.798634 -1.298986
v 1.064375 1.798634 -1.274868
v 1.080267 1.798634 -1.254157
v 1.100977 1.798634 -1.238266
v 1.125095 1.798634 -1.228275
v 1.150977 1.798634 -1.224868
v 1.150977 1.824516 -1.221461
v 1.150977 1.848634 -1.211471
v 1.150977 1.869344 -1.195579
v 1.150977 1.885236 -1.174868
v 1.150977 1.895226 -1.150750
v 1.105912 1.895226 -1.156683
v 1.112154 1.885236 -1.179979
v 1.117515 1.869344 -1.199984
v 1.121628 1.848634 -1.215335
v 1.124213 1.824516 -1.224984
v 1.063918 1.895226 -1.174077
v 1.075977 1.885236 -1.194964
v 1.086333 1.869344 -1.212900
v 1.094279 1.848634 -1.226663
v 1.099274 1.824516 -1.235315
v 1.027857 1.895226 -1.201748
v 1.044911 1.885236 -1.218802
v 1.059556 1.869344 -1.233447
v 1.070793 1.848634 -1.244684
v 1.077857 1.824516 -1.251748
v 1.000187 1.895226 -1.237809
v 1.021073 1.885236 -1.249868
v 1.039009 1.869344 -1.260223
v 1.052772 1.848634 -1.268169
v 1.061424 1.824516 -1.273164
v 0.982792 1.895226 -1.279803
v 1.006088 1.885236 -1.286045
v 1.026093 1.869344 -1.291406
v 1.041444 1.848634 -1.295519
v 1.051093 1.824516 -1.298104
v 1.054385 -1.284468 -1.298986
v 1.054385 -0.770618 -1.298986
v 1.054385 -0.256768 -1.298986
v 1.054385 0.257083 -1.298986
v 1.054385 0.770933 -1.298986
v 1.054385 1.284783 -1.298986
v 1.064375 -1.284468 -1.274868
v 1.064375 -0.770618 -1.274868
v 1.064375 -0.256768 -1.274868
v 1.064375 0.257083 -1.274868
v 1.064375 0.770933 -1.274868
v 1.064375 1.284783 -1.274868
v 1.080267 -1.284468 -1.254157
v 1.080267 -0.770618 -1.254157
v 1.080267 -0.256768 -1.254157
v 1.080267 0.257083 -1.254157
v 1.080267 0.770933 -1.254157
v 1.080267 1.284783 -1.254157
v 1.100977 -1.284468 -1.238266
v 1.100977 -0.770618 -1.238266
v 1.100977 -0.256768 -1.238266
v 1.100977 0.257083 -1.238266
v 1.100977 0.770933 -1.238266
v 1.100977 1.284783 -1.238266
v 1.125095 -1.284468 -1.228275
v 1.125095 -0.770618 -1.228275
v 1.125095 -0.256768 -1.228275
v 1.125095 0.257083 -1.228275
v 1.125095 0.770933 -1.228275
v 1.125095 1.284783 -1.228275
v 1.250977 -1.798319 -1.224868
v 1.250977 -1.824201 -1.221461
v 1.250977 -1.848319 -1.211471
v 1.250977 -1.869029 -1.195579
v 1.250977 -1.884921 -1.174868
v 1.250977 -1.894911 -1.150750
v 1.276859 -1.901726 -1.124868
v 1.300977 -1.911716 -1.124868
v 1.321688 -1.927608 -1.124868
v 1.337580 -1.948319 -1.124868
v 1.347570 -1.972437 -1.124868
v 1.350977 -1.998319 -1.124868
v 1.350977 -1.991504 -1.176632
v 1.350977 -1.971524 -1.224868
v 1.350977 -1.939740 -1.266289
v 1.350977 -1.898319 -1.298073
v 1.350977 -1.850082 -1.318053
v 1.350977 -1.798319 -1.324868
v 1.347570 -1.798319 -1.298986
v 1.337580 -1.798319 -1.274868
v 1.321688 -1.798319 -1.254157
v 1.300977 -1.798319 -1.238266
v 1.276859 -1.798319 -1.228275
v 1.276859 -1.825082 -1.224752
v 1.300977 -1.827668 -1.234402
v 1.321688 -1.831781 -1.249752
v 1.337580 -1.837141 -1.269757
v 1.347570 -1.843384 -1.293053
v 1.276859 -1.850022 -1.214422
v 1.300977 -1.855017 -1.223073
v 1.321688 -1.862963 -1.236836
v 1.337580 -1.873319 -1.254772
v 1.347570 -1.885378 -1.275659
v 1.276859 -1.871439 -1.197988
v 1.300977 -1.878503 -1.205052
v 1.321688 -1.889740 -1.216289
v 1.337580 -1.904385 -1.230934
v 1.347570 -1.921439 -1.247988
v 1.276859 -1.887872 -1.176572
v 1.300977 -1.896524 -1.181567
v 1.321688 -1.910286 -1.189513
v 1.337580 -1.928222 -1.199868
v 1.347570 -1.949109 -1.211927
v 1.276859 -1.898203 -1.151632
v 1.300977 -1.907852 -1.154217
v 1.321688 -1.923203 -1.158331
v 1.337580 -1.943207 -1.163691
v 1.347570 -1.966504 -1.169933
v -1.349023 -1.998319 1.375132
v -1.345615 -1.972437 1.375132
v -1.335625 -1.948319 1.375132
v -1.319733 -1.927608 1.375132
v -1.299023 -1.911716 1.375132
v -1.274905 -1.901726 1.375132
v -1.345615 -1.972437 0.875132
v -1.345615 -1.972437 0.375132
v -1.345615 -1.972437 -0.124868
v -1.345615 -1.972437 -0.624868
v -1.335625 -1.948319 0.875132
v -1.335625 -1.948319 0.375132
v -1.335625 -1.948319 -0.124868
v -1.335625 -1.948319 -0.624868
v -1.319733 -1.927608 0.875132
v -1.319733 -1.927608 0.375132
v -1.319733 -1.927608 -0.124868
v -1.319733 -1.927608 -0.624868
v -1.299023 -1.911716 0.875132
v -1.299023 -1.911716 0.375132
v -1.299023 -1.911716 -0.124868
v -1.299023 -1.911716 -0.624868
v -1.274905 -1.901726 0.875132
v -1.274905 -1.901726 0.375132
v -1.274905 -1.901726 -0.124868
v -1.274905 -1.901726 -0.624868
v -1.338800 -1.998319 1.452778
v -1.308830 -1.998319 1.525132
v -1.261155 -1.998319 1.587264
v -1.199023 -1.998319 1.634940
v -1.126668 -1.998319 1.664909
v -1.107485 -1.901726 1.593317
v -1.113727 -1.911716 1.616612
v -1.119088 -1.927608 1.636618
v -1.123201 -1.948319 1.651969
v -1.125787 -1.972437 1.661618
v -1.161964 -1.901726 1.570751
v -1.174023 -1.911716 1.591638
v -1.184378 -1.927608 1.609573
v -1.192324 -1.948319 1.623337
v -1.197319 -1.972437 1.631989
v -1.208745 -1.901726 1.534855
v -1.225799 -1.911716 1.551908
v -1.240444 -1.927608 1.566553
v -1.251681 -1.948319 1.577791
v -1.258745 -1.972437 1.584855
v -1.244642 -1.901726 1.488072
v -1.265529 -1.911716 1.500132
v -1.283465 -1.927608 1.510487
v -1.297228 -1.948319 1.518433
v -1.305879 -1.972437 1.523428
v -1.267208 -1.901726 1.433594
v -1.290504 -1.911716 1.439837
v -1.310509 -1.927608 1.445197
v -1.325860 -1.948319 1.449309
v -1.335509 -1.972437 1.451896
v 1.350977 -1.998319 1.375132
v 1.347570 -1.972437 1.375132
v 1.337580 -1.948319 1.375132
v 1.321688 -1.927608 1.375132
v 1.300977 -1.911716 1.375132
v 1.276859 -1.901726 1.375132
v 1.128623 -1.998319 1.664909
v 1.200977 -1.998319 1.634940
v 1.263109 -1.998319 1.587264
v 1.310785 -1.998319 1.525132
v 1.340755 -1.998319 1.452778
v 1.269162 -1.901726 1.433594
v 1.292459 -1.911716 1.439837
v 1.312464 -1.927608 1.445197
v 1.327814 -1.948319 1.449309
v 1.337464 -1.972437 1.451896
v 1.246597 -1.901726 1.488072
v 1.267484 -1.911716 1.500132
v 1.285420 -1.927608 1.510487
v 1.299182 -1.948319 1.518433
v 1.307834 -1.972437 1.523428
v 1.210700 -1.901726 1.534855
v 1.227754 -1.911716 1.551908
v 1.242399 -1.927608 1.566553
v 1.253636 -1.948319 1.577791
v 1.260700 -1.972437 1.584855
v 1.163918 -1.901726 1.570751
v 1.175977 -1.911716 1.591638
v 1.186333 -1.927608 1.609573
v 1.194279 -1.948319 1.623337
v 1.199274 -1.972437 1.631989
v 1.109440 -1.901726 1.593317
v 1.115682 -1.911716 1.616612
v 1.121042 -1.927608 1.636618
v 1.125155 -1.948319 1.651969
v 1.127741 -1.972437 1.661618
v 1.276859 -1.901726 0.875132
v 1.276859 -1.901726 0.375132
v 1.276859 -1.901726 -0.124868
v 1.276859 -1.901726 -0.624868
v 1.300977 -1.911716 0.875132
v 1.300977 -1.911716 0.375132
v 1.300977 -1.911716 -0.124868
v 1.300977 -1.911716 -0.624868
v 1.321688 -1.927608 0.875132
v 1.321688 -1.927608 0.375132
v 1.321688 -1.927608 -0.124868
v 1.321688 -1.927608 -0.624868
v 1.337580 -1.948319 0.875132
v 1.337580 -1.948319 0.375132
v 1.337580 -1.948319 -0.124868
v 1.337580 -1.948319 -0.624868
v 1.347570 -1.972437 0.875132
v 1.347570 -1.972437 0.375132
v 1.347570 -1.972437 -0.124868
v 1.347570 -1.972437 -0.624868
v -1.249023 1.798634 -1.224868
v -1.249023 1.824516 -1.221461
v -1.249023 1.848634 -1.211471
v -1.249023 1.869344 -1.195579
v -1.249023 1.885236 -1.174868
v -1.249023 1.895226 -1.150750
v -1.274905 1.902041 -1.124868
v -1.299023 1.912031 -1.124868
v -1.319733 1.927923 -1.124868
v -1.335625 1.948634 -1.124868
v -1.345615 1.972752 -1.124868
v -1.349023 1.998634 -1.124868
v -1.349023 1.991819 -1.176632
v -1.349023 1.971839 -1.224868
v -1.349023 1.940055 -1.266289
v -1.349023 1.898634 -1.298073
v -1.349023 1.850397 -1.318053
v -1.349023 1.798634 -1.324868
v -1.345615 1.798634 -1.298986
v -1.335625 1.798634 -1.274868
v -1.319733 1.798634 -1.254157
v -1.299023 1.798634 -1.238266
v -1.274905 1.798634 -1.228275
v -1.274905 1.825397 -1.224752
v -1.299023 1.827983 -1.234402
v -1.319733 1.832096 -1.249752
v -1.335625 1.837457 -1.269757
v -1.345615 1.843699 -1.293053
v -1.274905 1.850337 -1.214422
v -1.299023 1.855332 -1.223073
v -1.319733 1.863278 -1.236836
v -1.335625 1.873634 -1.254772
v -1.345615 1.885693 -1.275659
v -1.274905 1.871754 -1.197988
v -1.299023 1.878818 -1.205052
v -1.319733 1.890055 -1.216289
v -1.335625 1.904700 -1.230934
v -1.345615 1.921754 -1.247988
v -1.274905 1.888187 -1.176572
v -1.299023 1.896839 -1.181567
v -1.319733 1.910602 -1.189513
v -1.335625 1.928537 -1.199868
v -1.345615 1.949424 -1.211927
v -1.274905 1.898518 -1.151632
v -1.299023 1.908167 -1.154217
v -1.319733 1.923518 -1.158331
v -1.335625 1.943523 -1.163691
v -1.345615 1.966819 -1.169933
v 1.350977 1.798634 -1.324868
v 1.350977 1.850397 -1.318053
v 1.350977 1.898634 -1.298073
v 1.350977 1.940055 -1.266289
v 1.350977 1.971839 -1.224868
v 1.350977 1.991819 -1.176632
v 1.350977 1.998634 -1.124868
v 1.347570 1.972752 -1.124868
v 1.337580 1.948634 -1.124868
v 1.321688 1.927923 -1.124868
v 1.300977 1.912031 -1.124868
v 1.276859 1.902041 -1.124868
v 1.250977 1.895226 -1.150750
v 1.250977 1.885236 -1.174868
v 1.250977 1.869344 -1.195579
v 1.250977 1.848634 -1.211471
v 1.250977 1.824516 -1.221461
v 1.250977 1.798634 -1.224868
v 1.276859 1.798634 -1.228275
v 1.300977 1.798634 -1.238266
v 1.321688 1.798634 -1.254157
v 1.337580 1.798634 -1.274868
v 1.347570 1.798634 -1.298986
v 1.347570 1.843699 -1.293053
v 1.337580 1.837457 -1.269757
v 1.321688 1.832096 -1.249752
v 1.300977 1.827983 -1.234402
v 1.276859 1.825397 -1.224752
v 1.347570 1.885693 -1.275659
v 1.337580 1.873634 -1.254772
v 1.321688 1.863278 -1.236836
v 1.300977 1.855332 -1.223073
v 1.276859 1.850337 -1.214422
v 1.347570 1.921754 -1.247988
v 1.337580 1.904700 -1.230934
v 1.321688 1.890055 -1.216289
v 1.300977 1.878818 -1.205052
v 1.276859 1.871754 -1.197988
v 1.347570 1.949424 -1.211927
v 1.337580 1.928537 -1.199868
v 1.321688 1.910602 -1.189513
v 1.300977 1.896839 -1.181567
v 1.276859 1.888187 -1.176572
v 1.347570 1.966819 -1.169933
v 1.337580 1.943523 -1.163691
v 1.321688 1.923518 -1.158331
v 1.300977 1.908167 -1.154217
v 1.276859 1.898518 -1.151632
v 1.350977 1.998634 1.375132
v 1.347570 1.972752 1.375132
v 1.337580 1.948634 1.375132
v 1.321688 1.927923 1.375132
v 1.300977 1.912031 1.375132
v 1.276859 1.902041 1.375132
v 1.347570 1.972752 0.875132
v 1.347570 1.972752 0.375132
v 1.347570 1.972752 -0.124868
v 1.347570 1.972752 -0.624868
v 1.337580 1.948634 0.875132
v 1.337580 1.948634 0.375132
v 1.337580 1.948634 -0.124868
v 1.337580 1.948634 -0.624868
v 1.321688 1.927923 0.875132
v 1.321688 1.927923 0.375132
v 1.321688 1.927923 -0.124868
v 1.321688 1.927923 -0.624868
v 1.300977 1.912031 0.875132
v 1.300977 1.912031 0.375132
v 1.300977 1.912031 -0.124868
v 1.300977 1.912031 -0.624868
v 1.276859 1.902041 0.875132
v 1.276859 1.902041 0.375132
v 1.276859 1.902041 -0.124868
v 1.276859 1.902041 -0.624868
v 1.340755 1.998634 1.452778
v 1.310785 1.998634 1.525132
v 1.263109 1.998634 1.587264
v 1.200977 1.998634 1.634940
v 1.128623 1.998634 1.664909
v 1.109440 1.902041 1.593317
v 1.115682 1.912031 1.616612
v 1.121042 1.927923 1.636618
v 1.125155 1.948634 1.651969
v 1.127741 1.972752 1.661618
v 1.163918 1.902041 1.570751
v 1.175977 1.912031 1.591638
v 1.186333 1.927923 1.609573
v 1.194279 1.948634 1.623337
v 1.199274 1.972752 1.631989
v 1.210700 1.902041 1.534855
v 1.227754 1.912031 1.551908
v 1.242399 1.927923 1.566553
v 1.253636 1.948634 1.577791
v 1.260700 1.972752 1.584855
v 1.246597 1.902041 1.488072
v 1.267484 1.912031 1.500132
v 1.285420 1.927923 1.510487
v 1.299182 1.948634 1.518433
v 1.307834 1.972752 1.523428
v 1.269162 1.902041 1.433594
v 1.292459 1.912031 1.439837
v 1.312464 1.927923 1.445197
v 1.327814 1.948634 1.449309
v 1.337464 1.972752 1.451896
v -1.349023 1.998634 1.375132
v -1.345615 1.972752 1.375132
v -1.335625 1.948634 1.375132
v -1.319733 1.927923 1.375132
v -1.299023 1.912031 1.375132
v -1.274905 1.902041 1.375132
v -1.126668 1.998634 1.664909
v -1.199023 1.998634 1.634940
v -1.261155 1.998634 1.587264
v -1.308830 1.998634 1.525132
v -1.338800 1.998634 1.452778
v -1.267208 1.902041 1.433594
v -1.290504 1.912031 1.439837
v -1.310509 1.927923 1.445197
v -1.325860 1.948634 1.449309
v -1.335509 1.972752 1.451896
v -1.244642 1.902041 1.488072
v -1.265529 1.912031 1.500132
v -1.283465 1.927923 1.510487
v -1.297228 1.948634 1.518433
v -1.305879 1.972752 1.523428
v -1.208745 1.902041 1.534855
v -1.225799 1.912031 1.551908
v -1.240444 1.927923 1.566553
v -1.251681 1.948634 1.577791
v -1.258745 1.972752 1.584855
v -1.161964 1.902041 1.570751
v -1.174023 1.912031 1.591638
v -1.184378 1.927923 1.609573
v -1.192324 1.948634 1.623337
v -1.197319 1.972752 1.631989
v -1.107485 1.902041 1.593317
v -1.113727 1.912031 1.616612
v -1.119088 1.927923 1.636618
v -1.123201 1.948634 1.651969
v -1.125787 1.972752 1.661618
v -1.274905 1.902041 0.875132
v -1.274905 1.902041 0.375132
v -1.274905 1.902041 -0.124868
v -1.274905 1.902041 -0.624868
v -1.299023 1.912031 0.875132
v -1.299023 1.912031 0.375132
v -1.299023 1.912031 -0.124868
v -1.299023 1.912031 -0.624868
v -1.319733 1.927923 0.875132
v -1.319733 1.927923 0.375132
v -1.319733 1.927923 -0.124868
v -1.319733 1.927923 -0.624868
v -1.335625 1.948634 0.875132
v -1.335625 1.948634 0.375132
v -1.335625 1.948634 -0.124868
v -1.335625 1.948634 -0.624868
v -1.345615 1.972752 0.875132
v -1.345615 1.972752 0.375132
v -1.345615 1.972752 -0.124868
v -1.345615 1.972752 -0.624868
v 1.347570 1.284783 -1.298986
v 1.347570 0.770933 -1.298986
v 1.347570 0.257083 -1.298986
v 1.347570 -0.256768 -1.298986
v 1.347570 -0.770618 -1.298986
v 1.347570 -1.284468 -1.298986
v 1.337580 1.284783 -1.274868
v 1.337580 0.770933 -1.274868
v 1.337580 0.257083 -1.274868
v 1.337580 -0.256768 -1.274868
v 1.337580 -0.770618 -1.274868
v 1.337580 -1.284468 -1.274868
v 1.321688 1.284783 -1.254157
v 1.321688 0.770933 -1.254157
v 1.321688 0.257083 -1.254157
v 1.321688 -0.256768 -1.254157
v 1.321688 -0.770618 -1.254157
v 1.321688 -1.284468 -1.254157
v 1.300977 1.284783 -1.238266
v 1.300977 0.770933 -1.238266
v 1.300977 0.257083 -1.238266
v 1.300977 -0.256768 -1.238266
v 1.300977 -0.770618 -1.238266
v 1.300977 -1.284468 -1.238266
v 1.276859 1.284783 -1.228275
v 1.276859 0.770933 -1.228275
v 1.276859 0.257083 -1.228275
v 1.276859 -0.256768 -1.228275
v 1.276859 -0.770618 -1.228275
v 1.276859 -1.284468 -1.228275
v -1.345615 -1.284468 -1.298986
v -1.345615 -0.770618 -1.298986
v -1.345615 -0.256768 -1.298986
v -1.345615 0.257083 -1.298986
v -1.345615 0.770933 -1.298986
v -1.345615 1.284783 -1.298986
v -1.335625 -1.284468 -1.274868
v -1.335625 -0.770618 -1.274868
v -1.335625 -0.256768 -1.274868
v -1.335625 0.257083 -1.274868
v -1.335625 0.770933 -1.274868
v -1.335625 1.284783 -1.274868
v -1.319733 -1.284468 -1.254157
v -1.319733 -0.770618 -1.254157
v -1.319733 -0.256768 -1.254157
v -1.319733 0.257083 -1.254157
v -1.319733 0.770933 -1.254157
v -1.319733 1.284783 -1.254157
v -1.299023 -1.284468 -1.238266
v -1.299023 -0.770618 -1.238266
v -1.299023 -0.256768 -1.238266
v -1.299023 0.257083 -1.238266
v -1.299023 0.770933 -1.238266
v -1.299023 1.284783 -1.238266
v -1.274905 -1.284468 -1.228275
v -1.274905 -0.770618 -1.228275
v -1.274905 -0.256768 -1.228275
v -1.274905 0.257083 -1.228275
v -1.274905 0.770933 -1.228275
v -1.274905 1.284783 -1.228275
v -1.052430 1.284783 -1.298986
v -1.052430 0.770933 -1.298986
v -1.052430 0.257083 -1.298986
v -1.052430 -0.256768 -1.298986
v -1.052430 -0.770618 -1.298986
v -1.052430 -1.284468 -1.298986
v -1.062420 1.284783 -1.274868
v -1.062420 0.770933 -1.274868
v -1.062420 0.257083 -1.274868
v -1.062420 -0.256768 -1.274868
v -1.062420 -0.770618 -1.274868
v -1.062420 -1.284468 -1.274868
v -1.078312 1.284783 -1.254157
v -1.078312 0.770933 -1.254157
v -1.078312 0.257083 -1.254157
v -1.078312 -0.256768 -1.254157
v -1.078312 -0.770618 -1.254157
v -1.078312 -1.284468 -1.254157
v -1.099023 1.284783 -1.238266
v -1.099023 0.770933 -1.238266
v -1.099023 0.257083 -1.238266
v -1.099023 -0.256768 -1.238266
v -1.099023 -0.770618 -1.238266
v -1.099023 -1.284468 -1.238266
v -1.123141 1.284783 -1.228275
v -1.123141 0.770933 -1.228275
v -1.123141 0.257083 -1.228275
v -1.123141 -0.256768 -1.228275
v -1.123141 -0.770618 -1.228275
v -1.123141 -1.284468 -1.228275
v -1.349023 2.198634 1.375132
v -1.349023 -2.198319 1.375132
v -1.049023 2.198634 1.675132
v -1.126668 2.198634 1.664909
v -1.199023 2.198634 1.634940
v -1.261155 2.198634 1.587264
v -1.308830 2.198634 1.525132
v -1.338800 2.198634 1.452778
v 1.050977 2.198634 1.675132
v 1.350977 2.198634 1.375132
v 1.340755 2.198634 1.452778
v 1.310785 2.198634 1.525132
v 1.263109 2.198634 1.587264
v 1.200977 2.198634 1.634940
v 1.128623 2.198634 1.664909
v 1.128623 -2.198319 -2.014646
v 1.200977 -2.198319 -1.984676
v 1.263109 -2.198319 -1.937000
v 1.310785 -2.198319 -1.874868
v 1.340755 -2.198319 -1.802514
v 1.350977 -2.198319 -1.724868
v 1.350977 -2.198319 1.375132
v 1.340755 -2.198319 1.452778
v 1.310785 -2.198319 1.525132
v 1.263109 -2.198319 1.587264
v 1.200977 -2.198319 1.634940
v 1.128623 -2.198319 1.664909
v 1.050977 -2.198319 1.675132
v -1.049023 -2.198319 1.675132
v -1.126668 -2.198319 1.664909
v -1.199023 -2.198319 1.634940
v -1.261155 -2.198319 1.587264
v -1.308830 -2.198319 1.525132
v -1.338800 -2.198319 1.452778
v -0.299023 -2.198319 -0.687368
v 0.300977 -2.198319 -0.687368
v 0.300977 -2.198319 -1.587368
v -0.299023 -2.198319 -1.587368
v 1.128623 2.198634 -2.014646
v 1.200977 2.198634 -1.984676
v 1.263109 2.198634 -1.937000
v 1.310785 2.198634 -1.874868
v 1.340755 2.198634 -1.802514
v 1.350977 2.198634 -1.724868
v 1.263109 0.732983 -1.937000
v 1.263109 -0.732668 -1.937000
v 1.200977 -0.732668 -1.984676
v 1.200977 0.732983 -1.984676
v 1.128623 0.732983 -2.014646
v 1.310785 0.732983 -1.874868
v 1.310785 -0.732668 -1.874868
v 1.340755 0.732983 -1.802514
v 1.340755 -0.732668 -1.802514
v 1.128623 -0.732668 -2.014646
v -0.399023 -0.001366 -2.024868
v -0.385393 -0.104894 -2.024868
v -0.345433 -0.201366 -2.024868
v -0.281865 -0.284209 -2.024868
v -0.199023 -0.347776 -2.024868
v -0.102550 -0.387737 -2.024868
v 0.000977 -0.401366 -2.024868
v 0.104505 -0.387737 -2.024868
v 0.200977 -0.347776 -2.024868
v 0.283820 -0.284209 -2.024868
v 0.347387 -0.201366 -2.024868
v 0.387348 -0.104894 -2.024868
v 0.400977 -0.001366 -2.024868
v 0.387348 0.102161 -2.024868
v 0.347387 0.198634 -2.024868
v 0.283820 0.281476 -2.024868
v 0.200977 0.345044 -2.024868
v 0.104505 0.385004 -2.024868
v 0.000977 0.398634 -2.024868
v -0.102550 0.385004 -2.024868
v -0.199023 0.345044 -2.024868
v -0.281865 0.281476 -2.024868
v -0.345433 0.198634 -2.024868
v -0.385393 0.102161 -2.024868
v -0.899023 -0.001366 -2.024868
v -0.895615 -0.027248 -2.024868
v -0.885625 -0.051366 -2.024868
v -0.869733 -0.072077 -2.024868
v -0.849023 -0.087969 -2.024868
v -0.824905 -0.097959 -2.024868
v -0.799023 -0.101366 -2.024868
v -0.773141 -0.097959 -2.024868
v -0.749023 -0.087969 -2.024868
v -0.728312 -0.072077 -2.024868
v -0.712420 -0.051366 -2.024868
v -0.702430 -0.027248 -2.024868
v -0.699023 -0.001366 -2.024868
v -0.702430 0.024516 -2.024868
v -0.712420 0.048634 -2.024868
v -0.728312 0.069344 -2.024868
v -0.749023 0.085236 -2.024868
v -0.773141 0.095226 -2.024868
v -0.799023 0.098634 -2.024868
v -0.824905 0.095226 -2.024868
v -0.849023 0.085236 -2.024868
v -0.869733 0.069344 -2.024868
v -0.885625 0.048634 -2.024868
v -0.895615 0.024516 -2.024868
v -0.099023 -0.801366 -2.024868
v -0.095615 -0.827248 -2.024868
v -0.085625 -0.851366 -2.024868
v -0.069733 -0.872077 -2.024868
v -0.049023 -0.887969 -2.024868
v -0.024905 -0.897959 -2.024868
v 0.000977 -0.901366 -2.024868
v 0.026859 -0.897959 -2.024868
v 0.050977 -0.887969 -2.024868
v 0.071688 -0.872077 -2.024868
v 0.087580 -0.851366 -2.024868
v 0.097570 -0.827248 -2.024868
v 0.100977 -0.801366 -2.024868
v 0.097570 -0.775484 -2.024868
v 0.087580 -0.751366 -2.024868
v 0.071688 -0.730656 -2.024868
v 0.050977 -0.714764 -2.024868
v 0.026859 -0.704774 -2.024868
v 0.000977 -0.701366 -2.024868
v -0.024905 -0.704774 -2.024868
v -0.049023 -0.714764 -2.024868
v -0.069733 -0.730656 -2.024868
v -0.085625 -0.751366 -2.024868
v -0.095615 -0.775484 -2.024868
v -0.099023 0.798634 -2.024868
v -0.095615 0.772752 -2.024868
v -0.085625 0.748634 -2.024868
v -0.069733 0.727923 -2.024868
v -0.049023 0.712031 -2.024868
v -0.024905 0.702041 -2.024868
v 0.000977 0.698634 -2.024868
v 0.026859 0.702041 -2.024868
v 0.050977 0.712031 -2.024868
v 0.071688 0.727923 -2.024868
v 0.087580 0.748634 -2.024868
v 0.097570 0.772752 -2.024868
v 0.100977 0.798634 -2.024868
v 0.097570 0.824516 -2.024868
v 0.087580 0.848634 -2.024868
v 0.071688 0.869344 -2.024868
v 0.050977 0.885236 -2.024868
v 0.026859 0.895226 -2.024868
v 0.000977 0.898634 -2.024868
v -0.024905 0.895226 -2.024868
v -0.049023 0.885236 -2.024868
v -0.069733 0.869344 -2.024868
v -0.085625 0.848634 -2.024868
v -0.095615 0.824516 -2.024868
v 0.700977 -0.001366 -2.024868
v 0.704385 -0.027248 -2.024868
v 0.714375 -0.051366 -2.024868
v 0.730267 -0.072077 -2.024868
v 0.750977 -0.087969 -2.024868
v 0.775095 -0.097959 -2.024868
v 0.800977 -0.101366 -2.024868
v 0.826859 -0.097959 -2.024868
v 0.850977 -0.087969 -2.024868
v 0.871688 -0.072077 -2.024868
v 0.887580 -0.051366 -2.024868
v 0.897570 -0.027248 -2.024868
v 0.900977 -0.001366 -2.024868
v 0.897570 0.024516 -2.024868
v 0.887580 0.048634 -2.024868
v 0.871688 0.069344 -2.024868
v 0.850977 0.085236 -2.024868
v 0.826859 0.095226 -2.024868
v 0.800977 0.098634 -2.024868
v 0.775095 0.095226 -2.024868
v 0.750977 0.085236 -2.024868
v 0.730267 0.069344 -2.024868
v 0.714375 0.048634 -2.024868
v 0.704385 0.024516 -2.024868
v -0.399023 -0.001366 -1.724868
v -0.385393 0.102161 -1.724868
v -0.345433 0.198634 -1.724868
v -0.281865 0.281476 -1.724868
v -0.199023 0.345044 -1.724868
v -0.102550 0.385004 -1.724868
v 0.000977 0.398634 -1.724868
v 0.104505 0.385004 -1.724868
v 0.200977 0.345044 -1.724868
v 0.283820 0.281476 -1.724868
v 0.347387 0.198634 -1.724868
v 0.387348 0.102161 -1.724868
v 0.400977 -0.001366 -1.724868
v 0.387348 -0.104894 -1.724868
v 0.347387 -0.201366 -1.724868
v 0.283820 -0.284209 -1.724868
v 0.200977 -0.347776 -1.724868
v 0.104505 -0.387737 -1.724868
v 0.000977 -0.401366 -1.724868
v -0.102550 -0.387737 -1.724868
v -0.199023 -0.347776 -1.724868
v -0.281865 -0.284209 -1.724868
v -0.345433 -0.201366 -1.724868
v -0.385393 -0.104894 -1.724868
v -0.899023 -0.001366 -1.724868
v -0.895615 0.024516 -1.724868
v -0.885625 0.048634 -1.724868
v -0.869733 0.069344 -1.724868
v -0.849023 0.085236 -1.724868
v -0.824905 0.095226 -1.724868
v -0.799023 0.098634 -1.724868
v -0.773141 0.095226 -1.724868
v -0.749023 0.085236 -1.724868
v -0.728312 0.069344 -1.724868
v -0.712420 0.048634 -1.724868
v -0.702430 0.024516 -1.724868
v -0.699023 -0.001366 -1.724868
v -0.702430 -0.027248 -1.724868
v -0.712420 -0.051366 -1.724868
v -0.728312 -0.072077 -1.724868
v -0.749023 -0.087969 -1.724868
v -0.773141 -0.097959 -1.724868
v -0.799023 -0.101366 -1.724868
v -0.824905 -0.097959 -1.724868
v -0.849023 -0.087969 -1.724868
v -0.869733 -0.072077 -1.724868
v -0.885625 -0.051366 -1.724868
v -0.895615 -0.027248 -1.724868
v -0.099023 -0.801366 -1.724868
v -0.095615 -0.775484 -1.724868
v -0.085625 -0.751366 -1.724868
v -0.069733 -0.730656 -1.724868
v -0.049023 -0.714764 -1.724868
v -0.024905 -0.704774 -1.724868
v 0.000977 -0.701366 -1.724868
v 0.026859 -0.704774 -1.724868
v 0.050977 -0.714764 -1.724868
v 0.071688 -0.730656 -1.724868
v 0.087580 -0.751366 -1.724868
v 0.097570 -0.775484 -1.724868
v 0.100977 -0.801366 -1.724868
v 0.097570 -0.827248 -1.724868
v 0.087580 -0.851366 -1.724868
v 0.071688 -0.872077 -1.724868
v 0.050977 -0.887969 -1.724868
v 0.026859 -0.897959 -1.724868
v 0.000977 -0.901366 -1.724868
v -0.024905 -0.897959 -1.724868
v -0.049023 -0.887969 -1.724868
v -0.069733 -0.872077 -1.724868
v -0.085625 -0.851366 -1.724868
v -0.095615 -0.827248 -1.724868
v -0.099023 0.798634 -1.724868
v -0.095615 0.824516 -1.724868
v -0.085625 0.848634 -1.724868
v -0.069733 0.869344 -1.724868
v -0.049023 0.885236 -1.724868
v -0.024905 0.895226 -1.724868
v 0.000977 0.898634 -1.724868
v 0.026859 0.895226 -1.724868
v 0.050977 0.885236 -1.724868
v 0.071688 0.869344 -1.724868
v 0.087580 0.848634 -1.724868
v 0.097570 0.824516 -1.724868
v 0.100977 0.798634 -1.724868
v 0.097570 0.772752 -1.724868
v 0.087580 0.748634 -1.724868
v 0.071688 0.727923 -1.724868
v 0.050977 0.712031 -1.724868
v 0.026859 0.702041 -1.724868
v 0.000977 0.698634 -1.724868
v -0.024905 0.702041 -1.724868
v -0.049023 0.712031 -1.724868
v -0.069733 0.727923 -1.724868
v -0.085625 0.748634 -1.724868
v -0.095615 0.772752 -1.724868
v 0.700977 -0.001366 -1.724868
v 0.704385 0.024516 -1.724868
v 0.714375 0.048634 -1.724868
v 0.730267 0.069344 -1.724868
v 0.750977 0.085236 -1.724868
v 0.775095 0.095226 -1.724868
v 0.800977 0.098634 -1.724868
v 0.826859 0.095226 -1.724868
v 0.850977 0.085236 -1.724868
v 0.871688 0.069344 -1.724868
v 0.887580 0.048634 -1.724868
v 0.897570 0.024516 -1.724868
v 0.900977 -0.001366 -1.724868
v 0.897570 -0.027248 -1.724868
v 0.887580 -0.051366 -1.724868
v 0.871688 -0.072077 -1.724868
v 0.850977 -0.087969 -1.724868
v 0.826859 -0.097959 -1.724868
v 0.800977 -0.101366 -1.724868
v 0.775095 -0.097959 -1.724868
v 0.750977 -0.087969 -1.724868
v 0.730267 -0.072077 -1.724868
v 0.714375 -0.051366 -1.724868
v 0.704385 -0.027248 -1.724868
v 0.300977 2.198634 -1.587368
v -0.299023 2.198634 -1.587368
v -0.299023 2.198634 -0.687368
v 0.300977 2.198634 -0.687368
vn -0.0000 -0.0000 -1.0000
vn 0.8755 0.4832 -0.0000
vn 0.8276 0.5613 -0.0000
vn 0.8216 0.5701 -0.0000
vn 0.8215 0.5702 -0.0000
vn 0.8276 0.5614 -0.0000
vn 0.7037 0.7105 -0.0000
vn 0.8215 0.5701 -0.0000
vn 0.7006 0.7135 -0.0000
vn 0.7006 0.7136 -0.0000
vn 0.7036 0.7106 -0.0000
vn 0.5534 0.8329 -0.0000
vn 0.7005 0.7136 -0.0000
vn 0.5550 0.8318 -0.0000
vn 0.5549 0.8319 -0.0000
vn 0.5533 0.8330 -0.0000
vn 0.3899 0.9209 -0.0000
vn 0.3898 0.9209 -0.0000
vn 0.5532 0.8330 -0.0000
vn 0.3821 0.9241 -0.0000
vn 0.2110 0.9775 -0.0000
vn 0.2109 0.9775 -0.0000
vn 0.3820 0.9242 -0.0000
vn 0.1966 0.9805 -0.0000
vn 0.1965 0.9805 -0.0000
vn 0.0247 0.9997 -0.0000
vn 0.1964 0.9805 -0.0000
vn 0.0036 1.0000 -0.0000
vn 0.0246 0.9997 -0.0000
vn 0.0035 1.0000 -0.0000
vn -0.1625 0.9867 -0.0000
vn 0.0035 1.0000 -0.0001
vn -0.1895 0.9819 -0.0000
vn -0.1626 0.9867 -0.0000
vn -0.1896 0.9819 -0.0000
vn -0.3439 0.9390 -0.0000
vn -0.3439 0.9390 -0.0001
vn -0.3755 0.9268 -0.0000
vn -0.3440 0.9390 -0.0000
vn -0.3756 0.9268 -0.0000
vn -0.5133 0.8582 -0.0000
vn -0.5473 0.8369 -0.0000
vn -0.5134 0.8582 -0.0000
vn -0.5474 0.8368 0.0001
vn -0.6645 0.7473 -0.0000
vn -0.6645 0.7472 -0.0000
vn -0.5474 0.8368 -0.0000
vn -0.6986 0.7155 -0.0001
vn -0.6646 0.7472 0.0001
vn -0.6987 0.7154 -0.0000
vn -0.7924 0.6100 0.0001
vn -0.7924 0.6100 -0.0001
vn -0.8236 0.5672 -0.0000
vn -0.7925 0.6099 -0.0000
vn -0.8236 0.5671 -0.0000
vn -0.8617 0.5074 -0.0000
vn -0.8617 0.5074 -0.0001
vn -0.8236 0.5671 -0.0001
vn -0.9176 0.3975 -0.0001
vn 0.8755 0.4832 -0.0001
vn 0.9204 0.3910 -0.0001
vn 0.8276 0.5613 -0.0001
vn 1.0000 -0.0000 -0.0000
vn 0.9767 0.2145 -0.0000
vn 0.9078 0.4194 -0.0000
vn 0.9078 0.4195 -0.0000
vn 0.7964 0.6047 -0.0000
vn 0.7965 0.6047 -0.0000
vn 0.7964 0.6048 -0.0000
vn 0.6478 0.7618 -0.0000
vn 0.6476 0.7619 -0.0000
vn 0.4688 0.8833 -0.0001
vn 0.4688 0.8833 -0.0000
vn 0.6477 0.7619 -0.0000
vn 0.4687 0.8833 -0.0000
vn 0.2679 0.9634 -0.0000
vn 0.2678 0.9635 -0.0000
vn 0.0545 0.9985 -0.0000
vn 0.0544 0.9985 -0.0000
vn -0.1615 0.9869 -0.0000
vn -0.1614 0.9869 -0.0000
vn -0.1616 0.9869 -0.0000
vn -0.3699 0.9291 -0.0000
vn -0.3700 0.9290 -0.0000
vn -0.5610 0.8278 -0.0000
vn -0.5611 0.8278 -0.0000
vn -0.7259 0.6879 -0.0000
vn -0.7259 0.6878 -0.0000
vn -0.8567 0.5157 -0.0000
vn -0.8568 0.5157 -0.0000
vn -0.8568 0.5156 -0.0000
vn -0.9476 0.3194 -0.0000
vn -0.9477 0.3193 -0.0000
vn -0.9941 0.1082 -0.0000
vn -0.9941 0.1081 -0.0000
vn -0.9941 -0.1081 -0.0000
vn -0.9941 -0.1082 -0.0000
vn -0.9477 -0.3193 -0.0000
vn -0.9476 -0.3194 -0.0000
vn -0.8568 -0.5156 -0.0000
vn -0.8569 -0.5156 -0.0000
vn -0.8567 -0.5157 -0.0000
vn -0.7259 -0.6878 -0.0000
vn -0.8568 -0.5157 -0.0000
vn -0.7258 -0.6879 -0.0000
vn -0.5611 -0.8278 -0.0000
vn -0.5611 -0.8277 -0.0000
vn -0.7259 -0.6879 -0.0000
vn -0.5610 -0.8278 -0.0000
vn -0.3700 -0.9290 -0.0000
vn -0.3699 -0.9291 -0.0000
vn -0.1616 -0.9869 -0.0000
vn -0.1614 -0.9869 -0.0000
vn 0.0544 -0.9985 -0.0000
vn 0.0545 -0.9985 -0.0000
vn 0.2678 -0.9635 -0.0000
vn 0.2679 -0.9634 -0.0000
vn 0.4687 -0.8834 -0.0000
vn 0.4688 -0.8833 -0.0000
vn 0.6476 -0.7619 -0.0000
vn 0.6477 -0.7619 -0.0000
vn 0.6478 -0.7618 -0.0000
vn 0.7964 -0.6048 -0.0000
vn 0.7964 -0.6047 -0.0000
vn 0.9078 -0.4195 -0.0000
vn 0.7965 -0.6047 -0.0000
vn 0.9078 -0.4194 -0.0000
vn 0.9767 -0.2145 -0.0000
vn 0.9204 -0.3910 -0.0001
vn 0.8755 -0.4832 -0.0001
vn 0.8276 -0.5613 -0.0001
vn 0.8276 -0.5613 -0.0000
vn 0.8755 -0.4832 -0.0000
vn 0.8215 -0.5702 -0.0000
vn 0.8276 -0.5614 -0.0000
vn 0.7037 -0.7105 -0.0000
vn 0.7007 -0.7135 -0.0000
vn 0.7006 -0.7136 -0.0000
vn 0.5534 -0.8329 -0.0000
vn 0.7005 -0.7136 -0.0000
vn 0.5550 -0.8318 -0.0000
vn 0.5533 -0.8330 -0.0000
vn 0.5549 -0.8319 -0.0000
vn 0.3898 -0.9209 -0.0000
vn 0.5532 -0.8330 -0.0000
vn 0.3899 -0.9209 -0.0000
vn 0.3821 -0.9241 -0.0000
vn 0.2110 -0.9775 -0.0000
vn 0.3820 -0.9242 -0.0000
vn 0.1966 -0.9805 -0.0000
vn 0.1965 -0.9805 -0.0000
vn 0.2109 -0.9775 -0.0000
vn 0.0247 -0.9997 -0.0000
vn 0.1964 -0.9805 -0.0000
vn 0.0036 -1.0000 -0.0000
vn 0.0035 -1.0000 -0.0000
vn 0.0246 -0.9997 -0.0000
vn -0.1624 -0.9867 -0.0000
vn -0.1625 -0.9867 -0.0000
vn -0.1895 -0.9819 -0.0001
vn -0.1896 -0.9819 -0.0000
vn -0.1626 -0.9867 0.0001
vn -0.3439 -0.9390 -0.0000
vn -0.3439 -0.9390 -0.0001
vn -0.3755 -0.9268 -0.0000
vn -0.3756 -0.9268 -0.0000
vn -0.3441 -0.9390 -0.0000
vn -0.5133 -0.8582 -0.0000
vn -0.5133 -0.8582 -0.0001
vn -0.5473 -0.8369 -0.0000
vn -0.5474 -0.8369 -0.0000
vn -0.6645 -0.7473 -0.0000
vn -0.5474 -0.8368 -0.0000
vn -0.6646 -0.7472 -0.0000
vn -0.6986 -0.7155 -0.0000
vn -0.6987 -0.7154 0.0001
vn -0.6646 -0.7472 0.0001
vn -0.7924 -0.6100 0.0001
vn -0.6987 -0.7154 -0.0001
vn -0.7924 -0.6100 -0.0001
vn -0.8236 -0.5672 -0.0000
vn -0.8236 -0.5671 -0.0000
vn -0.7925 -0.6099 -0.0000
vn -0.8617 -0.5074 -0.0000
vn -0.8236 -0.5671 -0.0001
vn -0.8617 -0.5074 -0.0001
vn -0.9176 -0.3975 -0.0001
vn -0.3667 -0.0000 -0.9304
vn -0.3608 -0.0000 -0.9327
vn -0.1286 -0.0000 -0.9917
vn -0.3609 -0.0000 -0.9326
vn -0.3668 -0.0000 -0.9303
vn -0.5724 -0.0000 -0.8200
vn -0.5650 -0.0000 -0.8251
vn -0.5726 -0.0000 -0.8198
vn -0.5652 -0.0000 -0.8249
vn -0.5723 -0.0000 -0.8200
vn -0.3608 -0.0000 -0.9326
vn -0.3667 -0.0000 -0.9303
vn -0.5725 -0.0000 -0.8199
vn -0.7511 -0.0000 -0.6602
vn -0.7512 -0.0000 -0.6601
vn -0.8867 -0.0000 -0.4624
vn -0.8867 -0.0000 -0.4623
vn -0.9712 -0.0000 -0.2381
vn -0.9713 -0.0000 -0.2379
vn -1.0000 -0.0000 -0.0001
vn -0.0000 0.9499 0.3125
vn -0.0000 0.9310 0.3650
vn -0.0000 0.9310 0.3651
vn -0.0000 0.9499 0.3126
vn -0.0000 0.9145 0.4046
vn -0.0000 0.9144 0.4047
vn -0.0000 0.9145 0.4045
vn -0.0000 0.9036 0.4284
vn -0.0000 0.9036 0.4285
vn -0.0000 0.8999 0.4361
vn -0.0000 1.0000 -0.0001
vn -0.0000 0.9808 -0.1950
vn -0.0000 0.9808 -0.1951
vn -0.0000 0.9659 -0.2588
vn -0.0000 0.9808 -0.1952
vn -0.0000 0.9239 -0.3826
vn -0.0000 0.9239 -0.3827
vn -0.0000 0.9659 -0.2589
vn -0.0000 0.8661 -0.4999
vn -0.0000 0.8660 -0.5000
vn -0.0000 0.8315 -0.5555
vn -0.0000 0.8314 -0.5556
vn -0.0000 0.8660 -0.5001
vn -0.0000 0.7072 -0.7070
vn -0.0000 0.7071 -0.7071
vn -0.0000 0.7071 -0.7072
vn -0.0000 0.5556 -0.8314
vn -0.0000 0.5556 -0.8315
vn -0.0000 0.7070 -0.7072
vn -0.0000 0.5001 -0.8660
vn -0.0000 0.5555 -0.8315
vn -0.0000 0.5000 -0.8660
vn -0.0000 0.3827 -0.9239
vn -0.0000 0.4999 -0.8661
vn -0.0000 0.2589 -0.9659
vn -0.0000 0.3826 -0.9239
vn -0.0000 0.2588 -0.9659
vn -0.0000 0.1952 -0.9808
vn -0.0000 0.1951 -0.9808
vn -0.0000 0.2587 -0.9659
vn -0.0000 0.0980 -0.9952
vn -0.0000 0.0981 -0.9952
vn -0.0000 1.0000 -0.0000
vn -0.0000 0.9660 -0.2587
vn -0.0001 0.9239 -0.3827
vn -0.0001 1.0000 -0.0000
vn -0.1950 0.9808 -0.0000
vn -0.1951 0.9808 -0.0000
vn -0.2587 0.9659 -0.0000
vn -0.1952 0.9808 -0.0000
vn -0.2588 0.9659 -0.0000
vn -0.3827 0.9239 -0.0000
vn -0.3827 0.9239 0.0001
vn -0.2589 0.9659 -0.0000
vn -0.4999 0.8661 -0.0000
vn -0.5000 0.8660 -0.0000
vn -0.5555 0.8315 -0.0000
vn -0.5556 0.8315 -0.0000
vn -0.7071 0.7072 -0.0000
vn -0.5556 0.8314 -0.0000
vn -0.7072 0.7071 -0.0000
vn -0.8314 0.5556 -0.0000
vn -0.8315 0.5556 -0.0000
vn -0.7072 0.7070 -0.0000
vn -0.8660 0.5001 -0.0000
vn -0.8315 0.5555 -0.0000
vn -0.8660 0.5000 -0.0000
vn -0.9239 0.3827 -0.0000
vn -0.8661 0.4999 -0.0000
vn -0.9659 0.2589 -0.0000
vn -0.9239 0.3826 -0.0000
vn -0.9659 0.2588 -0.0000
vn -0.9808 0.1951 -0.0000
vn -0.9952 0.0981 -0.0000
vn -0.9952 0.0980 -0.0000
vn -1.0000 0.0001 -0.0000
vn -0.9660 0.2587 -0.0000
vn -0.7070 0.7072 -0.0000
vn -0.5001 0.8660 -0.0000
vn -0.4999 0.8661 -0.0001
vn 0.9952 0.0980 -0.0000
vn 1.0000 0.0001 -0.0000
vn 0.9659 0.2587 -0.0000
vn 0.9659 0.2588 -0.0000
vn 0.9808 0.1951 -0.0000
vn 0.9808 0.1952 -0.0000
vn 0.9239 0.3826 -0.0000
vn 0.9239 0.3827 -0.0000
vn 0.9659 0.2589 -0.0000
vn 0.8661 0.4999 -0.0000
vn 0.8660 0.5000 -0.0000
vn 0.8315 0.5555 -0.0000
vn 0.8315 0.5556 -0.0000
vn 0.8660 0.5001 -0.0000
vn 0.7072 0.7070 -0.0000
vn 0.8314 0.5556 -0.0000
vn 0.7072 0.7071 -0.0000
vn 0.7071 0.7071 -0.0000
vn 0.7071 0.7072 -0.0000
vn 0.5556 0.8314 -0.0000
vn 0.5556 0.8315 -0.0000
vn 0.7070 0.7072 -0.0000
vn 0.5001 0.8660 -0.0000
vn 0.5555 0.8315 -0.0000
vn 0.5000 0.8660 -0.0000
vn 0.3828 0.9238 -0.0000
vn 0.3827 0.9239 -0.0000
vn 0.4999 0.8661 -0.0000
vn 0.2589 0.9659 -0.0000
vn 0.3826 0.9239 -0.0000
vn 0.2588 0.9659 -0.0000
vn 0.1952 0.9808 -0.0000
vn 0.1950 0.9808 -0.0000
vn 0.0001 1.0000 -0.0000
vn 0.2587 0.9659 -0.0000
vn 0.4999 0.8661 0.0001
vn 0.9659 0.2589 0.0001
vn 0.9659 0.0001 0.2588
vn 0.9330 0.2588 0.2499
vn 1.0000 -0.0000 0.0001
vn 0.9331 0.2587 0.2499
vn 1.0000 0.0001 -0.0001
vn 0.9659 0.2587 -0.0001
vn 0.9659 -0.0000 -0.2588
vn 0.9659 0.0001 -0.2588
vn 0.9659 0.2588 -0.0001
vn 0.9330 0.2588 -0.2499
vn 0.9659 0.0001 -0.2589
vn 0.9330 0.2588 -0.2500
vn 0.8661 0.0001 -0.4999
vn 0.8661 -0.0000 -0.4999
vn 0.9330 0.2588 -0.2501
vn 0.8365 0.2588 -0.4829
vn 0.8660 0.0001 -0.5000
vn 0.8365 0.2587 -0.4830
vn 0.7072 0.0001 -0.7070
vn 0.7072 0.0001 -0.7071
vn 0.8365 0.2588 -0.4830
vn 0.6831 0.2588 -0.6830
vn 0.7071 0.0001 -0.7071
vn 0.6830 0.2588 -0.6831
vn 0.5000 0.0001 -0.8660
vn 0.4830 0.2587 -0.8365
vn 0.4830 0.2588 -0.8365
vn 0.2589 0.0001 -0.9659
vn 0.4829 0.2588 -0.8366
vn 0.2500 0.2588 -0.9330
vn 0.2588 0.0001 -0.9659
vn 0.0001 0.0001 -1.0000
vn 0.0001 -0.0000 -1.0000
vn 0.2499 0.2587 -0.9331
vn 0.0001 0.2588 -0.9659
vn -0.0000 0.0001 -1.0000
vn -0.2587 -0.0000 -0.9659
vn -0.2588 0.0001 -0.9659
vn -0.0001 0.2588 -0.9659
vn -0.2499 0.2587 -0.9331
vn -0.2589 0.0001 -0.9659
vn -0.2501 0.2588 -0.9330
vn -0.4999 0.0001 -0.8661
vn -0.5000 -0.0000 -0.8660
vn -0.2501 0.2587 -0.9330
vn -0.4829 0.2587 -0.8366
vn -0.5000 0.0001 -0.8660
vn -0.4830 0.2587 -0.8365
vn -0.7070 0.0001 -0.7072
vn -0.7071 0.0001 -0.7071
vn -0.4831 0.2588 -0.8365
vn -0.6830 0.2588 -0.6830
vn -0.8660 0.0001 -0.5001
vn -0.8660 -0.0000 -0.5001
vn -0.6831 0.2587 -0.6830
vn -0.8365 0.2587 -0.4830
vn -0.8661 0.0001 -0.4999
vn -0.8366 0.2588 -0.4829
vn -0.9659 0.0001 -0.2589
vn -0.9659 -0.0000 -0.2589
vn -0.8366 0.2587 -0.4829
vn -0.9330 0.2587 -0.2501
vn -0.9659 0.0001 -0.2588
vn -0.9330 0.2588 -0.2499
vn -1.0000 0.0001 -0.0001
vn -0.9331 0.2587 -0.2499
vn -0.9659 0.2588 -0.0001
vn -1.0000 0.0001 0.0001
vn -0.9659 0.0001 0.2587
vn -0.9659 -0.0000 0.2588
vn -0.9659 0.2587 0.0001
vn -0.9330 0.2588 0.2499
vn -0.9659 0.0001 0.2589
vn -0.9330 0.2587 0.2501
vn -0.8660 0.0001 0.5000
vn -0.8661 -0.0000 0.4999
vn -0.8366 0.2587 0.4829
vn -0.8660 0.0001 0.5001
vn -0.8365 0.2588 0.4830
vn -0.7071 -0.0000 0.7071
vn -0.7072 0.0001 0.7071
vn -0.6831 0.2587 0.6830
vn -0.7071 0.0001 0.7071
vn -0.6830 0.2588 0.6830
vn -0.5001 0.0001 0.8660
vn -0.5001 -0.0000 0.8660
vn -0.6830 0.2587 0.6831
vn -0.4830 0.2587 0.8365
vn -0.4999 -0.0000 0.8661
vn -0.4829 0.2588 0.8366
vn -0.2589 -0.0000 0.9659
vn -0.2589 0.0001 0.9659
vn -0.2501 0.2587 0.9330
vn -0.2588 0.0001 0.9659
vn -0.2500 0.2588 0.9330
vn -0.0001 0.0001 1.0000
vn -0.0001 0.2588 0.9659
vn 0.0001 0.0001 1.0000
vn 0.0001 0.2588 0.9659
vn 0.2588 -0.0000 0.9659
vn 0.2588 0.0001 0.9659
vn 0.2499 0.2587 0.9331
vn 0.2589 0.0001 0.9659
vn 0.2501 0.2588 0.9330
vn 0.5000 -0.0000 0.8661
vn 0.4999 0.0001 0.8661
vn 0.2500 0.2588 0.9330
vn 0.4829 0.2588 0.8366
vn 0.5001 0.0001 0.8660
vn 0.4830 0.2587 0.8365
vn 0.7071 0.0001 0.7071
vn 0.4831 0.2588 0.8365
vn 0.6830 0.2587 0.6831
vn 0.6831 0.2588 0.6830
vn 0.8660 -0.0000 0.5001
vn 0.8660 0.0001 0.5001
vn 0.8365 0.2588 0.4830
vn 0.8661 0.0001 0.5000
vn 0.8366 0.2588 0.4829
vn 0.9659 0.0001 0.2589
vn 0.8365 0.2588 0.4829
vn 0.9330 0.2588 0.2501
vn 0.2499 0.9660 -0.0669
vn 0.2499 0.9659 -0.0670
vn 0.2587 0.9660 -0.0000
vn 0.2499 0.9660 0.0670
vn 0.2499 0.9659 0.0670
vn 0.2241 0.9659 0.1294
vn -0.0000 1.0000 0.0001
vn 0.0001 1.0000 0.0001
vn 0.2241 0.9660 0.1294
vn 0.1830 0.9660 0.1829
vn 0.1829 0.9660 0.1830
vn 0.1830 0.9659 0.1830
vn 0.1294 0.9659 0.2241
vn 0.1293 0.9660 0.2241
vn 0.0670 0.9659 0.2500
vn 0.0670 0.9660 0.2499
vn -0.0000 0.9660 0.2587
vn -0.0000 0.9659 0.2588
vn -0.0669 0.9660 0.2499
vn -0.0670 0.9659 0.2499
vn -0.0670 0.9660 0.2499
vn -0.1293 0.9660 0.2241
vn -0.1294 0.9660 0.2240
vn -0.1294 0.9659 0.2241
vn -0.1830 0.9659 0.1830
vn -0.0001 1.0000 0.0001
vn -0.2241 0.9659 0.1294
vn -0.2499 0.9659 0.0670
vn -0.2499 0.9660 0.0669
vn -0.2499 0.9659 -0.0670
vn -0.2499 0.9660 -0.0670
vn -0.2241 0.9660 -0.1294
vn -0.0001 1.0000 -0.0001
vn -0.2241 0.9659 -0.1294
vn -0.1830 0.9659 -0.1830
vn -0.1294 0.9659 -0.2241
vn -0.0670 0.9659 -0.2500
vn -0.0670 0.9660 -0.2499
vn 0.0670 0.9660 -0.2499
vn 0.0670 0.9659 -0.2499
vn 0.1293 0.9660 -0.2241
vn 0.1294 0.9659 -0.2241
vn 0.0001 1.0000 -0.0001
vn 0.1830 0.9659 -0.1830
vn 0.1830 0.9660 -0.1829
vn 0.2241 0.9659 -0.1294
vn -0.8661 0.4999 0.0001
vn -0.9330 0.2589 0.2499
vn -0.8661 0.5000 0.0001
vn -0.8366 0.4999 0.2241
vn -0.9330 0.2589 0.2500
vn -0.8365 0.4999 0.2242
vn -0.8365 0.2589 0.4829
vn -0.8365 0.5000 0.2242
vn -0.7501 0.4999 0.4330
vn -0.8365 0.2589 0.4830
vn -0.7500 0.4999 0.4331
vn -0.6830 0.2589 0.6830
vn -0.6831 0.2589 0.6829
vn -0.6124 0.4999 0.6123
vn -0.6124 0.4999 0.6124
vn -0.4830 0.2589 0.8365
vn -0.6123 0.4999 0.6125
vn -0.4330 0.4999 0.7500
vn -0.4829 0.2589 0.8365
vn -0.4330 0.4999 0.7501
vn -0.2501 0.2589 0.9330
vn -0.4330 0.5000 0.7500
vn -0.2242 0.4999 0.8365
vn -0.2499 0.2589 0.9330
vn -0.2241 0.5000 0.8366
vn -0.0000 0.2589 0.9659
vn -0.0001 0.2589 0.9659
vn -0.2241 0.4999 0.8366
vn -0.0001 0.4999 0.8661
vn 0.0001 0.2589 0.9659
vn 0.0001 0.4999 0.8661
vn 0.2499 0.2589 0.9330
vn 0.0001 0.5000 0.8660
vn 0.2241 0.4999 0.8366
vn 0.2501 0.2589 0.9330
vn 0.2242 0.5000 0.8365
vn 0.4829 0.2589 0.8365
vn 0.4330 0.4999 0.7501
vn 0.4830 0.2589 0.8365
vn 0.4331 0.4999 0.7500
vn 0.6829 0.2589 0.6831
vn 0.6830 0.2589 0.6830
vn 0.6124 0.4999 0.6124
vn 0.8365 0.2589 0.4830
vn 0.7500 0.4999 0.4331
vn 0.8365 0.2589 0.4829
vn 0.7501 0.4999 0.4330
vn 0.9330 0.2589 0.2501
vn 0.9330 0.2589 0.2500
vn 0.7501 0.5000 0.4330
vn 0.8365 0.4999 0.2242
vn 0.9330 0.2589 0.2499
vn 0.8366 0.4999 0.2241
vn 0.8661 0.4999 0.0001
vn 0.9659 0.2589 -0.0001
vn 0.9330 0.2589 -0.2499
vn 0.8660 0.5000 -0.0001
vn 0.8366 0.5000 -0.2241
vn 0.9330 0.2589 -0.2500
vn 0.8365 0.4999 -0.2242
vn 0.8365 0.2589 -0.4829
vn 0.7501 0.4999 -0.4330
vn 0.8365 0.2589 -0.4830
vn 0.7500 0.4999 -0.4331
vn 0.6831 0.2589 -0.6829
vn 0.6830 0.2589 -0.6830
vn 0.7500 0.5000 -0.4331
vn 0.6124 0.4999 -0.6124
vn 0.6829 0.2589 -0.6831
vn 0.6123 0.4999 -0.6124
vn 0.4830 0.2589 -0.8365
vn 0.6123 0.4999 -0.6125
vn 0.4331 0.4999 -0.7500
vn 0.4829 0.2589 -0.8365
vn 0.4330 0.4999 -0.7501
vn 0.2501 0.2589 -0.9330
vn 0.2500 0.2589 -0.9330
vn 0.4330 0.5000 -0.7500
vn 0.2242 0.5000 -0.8365
vn 0.2499 0.2589 -0.9330
vn 0.2241 0.4999 -0.8366
vn 0.0001 0.2589 -0.9659
vn 0.0001 0.4999 -0.8661
vn -0.0000 0.5000 -0.8661
vn -0.2499 0.2589 -0.9330
vn -0.2500 0.2589 -0.9330
vn -0.0001 0.5000 -0.8661
vn -0.2241 0.4999 -0.8366
vn -0.2242 0.5000 -0.8365
vn -0.4829 0.2589 -0.8365
vn -0.4330 0.5000 -0.7500
vn -0.4830 0.2588 -0.8365
vn -0.4331 0.4999 -0.7500
vn -0.6829 0.2589 -0.6831
vn -0.6123 0.4999 -0.6124
vn -0.6830 0.2589 -0.6830
vn -0.6124 0.4999 -0.6124
vn -0.8365 0.2589 -0.4830
vn -0.6124 0.5000 -0.6124
vn -0.7500 0.5000 -0.4331
vn -0.8365 0.2589 -0.4829
vn -0.7501 0.5000 -0.4330
vn -0.9330 0.2589 -0.2500
vn -0.9330 0.2589 -0.2501
vn -0.7501 0.4999 -0.4330
vn -0.8365 0.4999 -0.2242
vn -0.9330 0.2589 -0.2499
vn -0.8366 0.5000 -0.2241
vn -0.9659 0.2589 -0.0001
vn -0.8366 0.4999 -0.2241
vn -0.8661 0.4999 -0.0001
vn -0.8365 0.5000 0.2241
vn -0.8365 0.5001 0.2241
vn -0.7071 0.7071 0.0001
vn -0.6831 0.7071 0.1830
vn -0.8365 0.5001 0.2242
vn -0.6831 0.7071 0.1831
vn -0.7500 0.5000 0.4330
vn -0.7500 0.5001 0.4330
vn -0.6830 0.7071 0.1831
vn -0.6124 0.7071 0.3535
vn -0.7499 0.5001 0.4330
vn -0.6124 0.7071 0.3536
vn -0.6124 0.5000 0.6123
vn -0.6124 0.5001 0.6123
vn -0.5001 0.7071 0.5000
vn -0.6123 0.5001 0.6124
vn -0.5000 0.7071 0.5001
vn -0.4331 0.5001 0.7499
vn -0.4331 0.5000 0.7499
vn -0.3537 0.7070 0.6124
vn -0.4329 0.5001 0.7500
vn -0.3535 0.7071 0.6125
vn -0.2242 0.5001 0.8365
vn -0.3535 0.7071 0.6124
vn -0.1831 0.7071 0.6830
vn -0.2241 0.5000 0.8365
vn -0.1830 0.7070 0.6831
vn -0.0001 0.5001 0.8660
vn -0.0001 0.7071 0.7072
vn 0.0001 0.5001 0.8660
vn 0.0001 0.7071 0.7072
vn 0.2241 0.5001 0.8365
vn 0.2241 0.5000 0.8365
vn 0.1830 0.7070 0.6831
vn 0.1831 0.7070 0.6831
vn 0.4329 0.5001 0.7500
vn 0.1831 0.7071 0.6830
vn 0.3535 0.7071 0.6124
vn 0.4330 0.5001 0.7499
vn 0.3536 0.7070 0.6124
vn 0.6123 0.5001 0.6124
vn 0.6123 0.5000 0.6124
vn 0.3536 0.7071 0.6124
vn 0.5000 0.7070 0.5001
vn 0.6124 0.5001 0.6123
vn 0.5000 0.7071 0.5000
vn 0.7499 0.5001 0.4330
vn 0.7499 0.5001 0.4331
vn 0.5001 0.7070 0.5000
vn 0.6124 0.7071 0.3536
vn 0.7500 0.5001 0.4330
vn 0.6124 0.7071 0.3535
vn 0.8365 0.5001 0.2242
vn 0.8365 0.5000 0.2242
vn 0.6125 0.7070 0.3535
vn 0.6831 0.7070 0.1831
vn 0.8365 0.5001 0.2241
vn 0.6831 0.7070 0.1830
vn 0.8660 0.5000 0.0001
vn 0.6831 0.7071 0.1830
vn 0.7072 0.7070 -0.0001
vn 0.8365 0.5000 -0.2241
vn 0.8365 0.5001 -0.2241
vn 0.6831 0.7071 -0.1830
vn 0.8365 0.5000 -0.2242
vn 0.6830 0.7071 -0.1831
vn 0.7500 0.5000 -0.4329
vn 0.7500 0.5001 -0.4329
vn 0.6124 0.7071 -0.3535
vn 0.7499 0.5001 -0.4330
vn 0.6124 0.7071 -0.3536
vn 0.6124 0.5001 -0.6123
vn 0.6124 0.5000 -0.6123
vn 0.5001 0.7071 -0.5000
vn 0.6123 0.5001 -0.6124
vn 0.5000 0.7071 -0.5001
vn 0.4330 0.5001 -0.7499
vn 0.4331 0.5001 -0.7499
vn 0.3536 0.7071 -0.6124
vn 0.3536 0.7070 -0.6124
vn 0.2242 0.5001 -0.8365
vn 0.3535 0.7071 -0.6125
vn 0.1830 0.7071 -0.6831
vn 0.0001 0.5001 -0.8660
vn 0.1829 0.7071 -0.6831
vn -0.2240 0.5001 -0.8365
vn -0.2241 0.5000 -0.8365
vn -0.0001 0.7071 -0.7072
vn -0.1830 0.7070 -0.6831
vn -0.2242 0.5001 -0.8365
vn -0.1831 0.7071 -0.6830
vn -0.4330 0.5001 -0.7500
vn -0.3536 0.7071 -0.6124
vn -0.3536 0.7070 -0.6124
vn -0.6123 0.5000 -0.6124
vn -0.6123 0.5001 -0.6124
vn -0.5000 0.7071 -0.5001
vn -0.6124 0.5001 -0.6123
vn -0.5001 0.7070 -0.5000
vn -0.7499 0.5001 -0.4330
vn -0.7500 0.5001 -0.4330
vn -0.5001 0.7071 -0.5000
vn -0.6124 0.7071 -0.3536
vn -0.7500 0.5000 -0.4330
vn -0.6124 0.7071 -0.3535
vn -0.8365 0.5000 -0.2242
vn -0.8365 0.5001 -0.2242
vn -0.6124 0.7070 -0.3535
vn -0.6830 0.7071 -0.1831
vn -0.8365 0.5001 -0.2241
vn -0.6831 0.7071 -0.1830
vn -0.8660 0.5001 -0.0001
vn -0.7071 0.7071 -0.0000
vn -0.6830 0.7072 0.1829
vn -0.6830 0.7071 0.1830
vn -0.4830 0.8660 0.1294
vn -0.6123 0.7072 0.3535
vn -0.4830 0.8660 0.1295
vn -0.4331 0.8660 0.2500
vn -0.6123 0.7071 0.3535
vn -0.5000 0.7072 0.4999
vn -0.4331 0.8660 0.2501
vn -0.3536 0.8660 0.3536
vn -0.4999 0.7072 0.5000
vn -0.3536 0.7071 0.6123
vn -0.3536 0.7072 0.6123
vn -0.2501 0.8660 0.4330
vn -0.2500 0.8660 0.4331
vn -0.1830 0.7071 0.6830
vn -0.1295 0.8660 0.4830
vn -0.1294 0.8660 0.4830
vn -0.0000 0.7071 0.7071
vn -0.0000 0.8660 0.5000
vn -0.0000 0.8660 0.5001
vn 0.1830 0.7071 0.6830
vn 0.1294 0.8660 0.4831
vn 0.1294 0.8660 0.4830
vn 0.1295 0.8660 0.4830
vn 0.2500 0.8660 0.4331
vn 0.3536 0.7072 0.6123
vn 0.2501 0.8660 0.4331
vn 0.4999 0.7071 0.5000
vn 0.2501 0.8660 0.4330
vn 0.3536 0.8660 0.3536
vn 0.5000 0.7071 0.4999
vn 0.6123 0.7072 0.3536
vn 0.6123 0.7071 0.3536
vn 0.4331 0.8660 0.2501
vn 0.6123 0.7071 0.3535
vn 0.4331 0.8660 0.2500
vn 0.6829 0.7072 0.1831
vn 0.6829 0.7072 0.1830
vn 0.4830 0.8660 0.1295
vn 0.6830 0.7071 0.1830
vn 0.4830 0.8660 0.1294
vn 0.7070 0.7072 0.0001
vn 0.6830 0.7071 -0.1830
vn 0.4830 0.8660 -0.1294
vn 0.6829 0.7072 -0.1830
vn 0.4830 0.8660 -0.1295
vn 0.6123 0.7072 -0.3535
vn 0.4331 0.8660 -0.2500
vn 0.6123 0.7072 -0.3536
vn 0.4330 0.8660 -0.2501
vn 0.5000 0.7072 -0.4999
vn 0.3536 0.8660 -0.3536
vn 0.4999 0.7072 -0.5000
vn 0.3536 0.7071 -0.6123
vn 0.2501 0.8660 -0.4330
vn 0.3535 0.7071 -0.6124
vn 0.2500 0.8660 -0.4331
vn 0.1830 0.7072 -0.6830
vn 0.1831 0.7071 -0.6830
vn 0.1295 0.8660 -0.4830
vn 0.1294 0.8660 -0.4830
vn 0.0001 0.7072 -0.7070
vn -0.0001 0.8660 -0.5001
vn -0.1830 0.7071 -0.6830
vn -0.1294 0.8660 -0.4830
vn -0.1295 0.8660 -0.4830
vn -0.3535 0.7071 -0.6124
vn -0.3535 0.7072 -0.6124
vn -0.2500 0.8660 -0.4331
vn -0.3536 0.7071 -0.6123
vn -0.2501 0.8660 -0.4330
vn -0.4999 0.7071 -0.5000
vn -0.4999 0.7072 -0.5000
vn -0.3536 0.8660 -0.3536
vn -0.5000 0.7071 -0.5000
vn -0.6123 0.7071 -0.3536
vn -0.6123 0.7072 -0.3536
vn -0.4330 0.8660 -0.2501
vn -0.6123 0.7072 -0.3535
vn -0.4331 0.8660 -0.2500
vn -0.6829 0.7072 -0.1831
vn -0.6830 0.7071 -0.1830
vn -0.4830 0.8660 -0.1295
vn -0.6830 0.7072 -0.1830
vn -0.4830 0.8660 -0.1294
vn -0.7071 0.7072 -0.0001
vn -0.4829 0.8661 0.1294
vn -0.2501 0.9659 0.0670
vn -0.2500 0.9659 0.0671
vn -0.4330 0.8661 0.2500
vn -0.4330 0.8661 0.2499
vn -0.2242 0.9659 0.1294
vn -0.2242 0.9659 0.1295
vn -0.3535 0.8661 0.3535
vn -0.1831 0.9659 0.1830
vn -0.1830 0.9659 0.1831
vn -0.2500 0.8661 0.4330
vn -0.1831 0.9659 0.1831
vn -0.1295 0.9659 0.2242
vn -0.2499 0.8661 0.4330
vn -0.1294 0.9659 0.2242
vn -0.1294 0.8661 0.4829
vn -0.0670 0.9659 0.2500
vn -0.1293 0.8661 0.4829
vn -0.0670 0.9659 0.2501
vn -0.0000 0.8661 0.4999
vn -0.0000 0.9659 0.2589
vn 0.0001 0.8661 0.4999
vn 0.1294 0.8661 0.4829
vn 0.0669 0.9659 0.2501
vn 0.2500 0.8661 0.4330
vn 0.2499 0.8661 0.4330
vn 0.0670 0.9659 0.2501
vn 0.1294 0.9659 0.2242
vn 0.2500 0.8661 0.4329
vn 0.1295 0.9659 0.2242
vn 0.3535 0.8661 0.3535
vn 0.1830 0.9659 0.1831
vn 0.1831 0.9659 0.1830
vn 0.4329 0.8661 0.2500
vn 0.4330 0.8661 0.2500
vn 0.2242 0.9659 0.1295
vn 0.2242 0.9659 0.1294
vn 0.4829 0.8661 0.1294
vn 0.2501 0.9659 0.0670
vn 0.4829 0.8661 -0.1294
vn 0.2501 0.9659 -0.0670
vn 0.4330 0.8661 -0.2500
vn 0.4330 0.8661 -0.2499
vn 0.2242 0.9659 -0.1294
vn 0.2242 0.9659 -0.1295
vn 0.3535 0.8661 -0.3535
vn 0.1831 0.9659 -0.1830
vn 0.1830 0.9659 -0.1831
vn 0.2500 0.8661 -0.4329
vn 0.2500 0.8661 -0.4330
vn 0.1295 0.9659 -0.2242
vn 0.1294 0.9659 -0.2242
vn 0.1294 0.8661 -0.4828
vn 0.1294 0.8661 -0.4829
vn 0.0670 0.9659 -0.2501
vn -0.1294 0.8661 -0.4829
vn -0.0670 0.9659 -0.2501
vn -0.2500 0.8661 -0.4330
vn -0.0671 0.9659 -0.2501
vn -0.1294 0.9659 -0.2242
vn -0.2500 0.8661 -0.4329
vn -0.1295 0.9659 -0.2242
vn -0.3535 0.8661 -0.3535
vn -0.1830 0.9659 -0.1831
vn -0.1831 0.9659 -0.1830
vn -0.4329 0.8661 -0.2500
vn -0.4330 0.8661 -0.2500
vn -0.1831 0.9659 -0.1831
vn -0.2242 0.9659 -0.1295
vn -0.2242 0.9659 -0.1294
vn -0.4829 0.8661 -0.1294
vn -0.2501 0.9659 -0.0670
vn 0.9659 -0.0000 0.2588
vn 1.0000 -0.0000 -0.0001
vn 0.9660 -0.0000 -0.2587
vn 0.9659 -0.0000 -0.2589
vn 0.8660 -0.0000 -0.5001
vn 0.7072 -0.0000 -0.7071
vn 0.7070 -0.0000 -0.7072
vn 0.5001 -0.0000 -0.8660
vn 0.4999 -0.0000 -0.8661
vn 0.2589 -0.0000 -0.9659
vn 0.5000 -0.0000 -0.8660
vn 0.2587 -0.0000 -0.9659
vn -0.0001 -0.0000 -1.0000
vn -0.2589 -0.0000 -0.9659
vn -0.4999 -0.0000 -0.8661
vn -0.5001 -0.0000 -0.8660
vn -0.7071 -0.0000 -0.7072
vn -0.7070 -0.0000 -0.7072
vn -0.7072 -0.0000 -0.7070
vn -0.8661 -0.0000 -0.4999
vn -0.9659 -0.0000 -0.2587
vn -1.0000 -0.0000 0.0001
vn -0.9660 -0.0000 0.2587
vn -0.9659 -0.0000 0.2589
vn -0.8660 -0.0000 0.5001
vn -0.7072 -0.0000 0.7070
vn -0.7070 -0.0000 0.7072
vn -0.2587 -0.0000 0.9660
vn -0.0001 -0.0000 1.0000
vn -0.2588 -0.0000 0.9659
vn 0.0001 -0.0000 1.0000
vn 0.2587 -0.0000 0.9660
vn 0.2589 -0.0000 0.9659
vn 0.4999 -0.0000 0.8661
vn 0.5001 -0.0000 0.8660
vn 0.7071 -0.0000 0.7071
vn 0.7072 -0.0000 0.7071
vn 0.8661 -0.0000 0.4999
vn 0.9659 -0.0000 0.2589
vn 0.9330 0.2587 0.2499
vn 0.9659 0.2588 0.0001
vn 0.9330 0.2587 -0.2501
vn 0.8661 0.0001 -0.5000
vn 0.8366 0.2588 -0.4829
vn 0.8660 0.0001 -0.5001
vn 0.4829 0.2588 -0.8365
vn 0.2499 0.2588 -0.9330
vn -0.0001 0.0001 -1.0000
vn -0.2587 0.0001 -0.9660
vn -0.2500 0.2588 -0.9330
vn -0.5000 0.0001 -0.8661
vn -0.4829 0.2588 -0.8366
vn -0.7071 0.0001 -0.7072
vn -0.7071 -0.0000 -0.7071
vn -0.6830 0.2587 -0.6831
vn -0.6831 0.2588 -0.6830
vn -0.8365 0.2588 -0.4830
vn -0.9330 0.2588 -0.2500
vn -0.9659 0.2587 -0.0000
vn -0.9659 0.2588 0.0001
vn -0.9659 0.0001 0.2588
vn -0.9330 0.2587 0.2500
vn -0.8661 0.0001 0.5000
vn -0.8661 0.0001 0.4999
vn -0.9330 0.2588 0.2501
vn -0.8366 0.2588 0.4829
vn -0.7072 0.0001 0.7070
vn -0.7072 -0.0000 0.7071
vn -0.5000 -0.0000 0.8660
vn -0.6830 0.2588 0.6831
vn -0.5000 0.0001 0.8660
vn -0.2500 0.2587 0.9330
vn -0.2499 0.2588 0.9330
vn -0.2499 0.2587 0.9331
vn 0.0001 0.2587 0.9659
vn 0.2500 0.2587 0.9330
vn 0.5000 0.0001 0.8661
vn 0.4829 0.2587 0.8366
vn 0.5000 0.0001 0.8660
vn 0.7071 0.0001 0.7072
vn 0.4830 0.2588 0.8365
vn 0.7072 0.0001 0.7071
vn 0.6831 0.2587 0.6830
vn 0.8660 -0.0000 0.5000
vn 0.8661 0.0001 0.4999
vn 0.2500 0.9659 -0.0670
vn 0.1829 0.9660 0.1829
vn 0.0670 0.9659 0.2499
vn -0.1829 0.9660 0.1829
vn -0.2241 0.9660 0.1294
vn -0.2241 0.9660 0.1293
vn -0.2499 0.9660 0.0670
vn -0.2500 0.9659 0.0670
vn -0.0670 0.9659 -0.2499
vn 0.0669 0.9660 -0.2499
vn 0.1294 0.9660 -0.2240
vn 0.2241 0.9660 -0.1293
vn -0.9659 0.2589 0.0001
vn -0.7501 0.5000 0.4330
vn -0.7500 0.5000 0.4331
vn -0.6124 0.5000 0.6124
vn -0.4331 0.4999 0.7500
vn -0.2500 0.2589 0.9330
vn 0.2500 0.2589 0.9330
vn 0.2242 0.4999 0.8365
vn 0.6124 0.5000 0.6124
vn 0.7500 0.5000 0.4330
vn 0.8661 0.4999 -0.0001
vn 0.8366 0.4999 -0.2241
vn 0.8366 0.4999 -0.2242
vn 0.7500 0.4999 -0.4330
vn 0.6831 0.2589 -0.6830
vn 0.6124 0.5000 -0.6124
vn 0.4330 0.5000 -0.7501
vn -0.0001 0.2589 -0.9659
vn -0.0001 0.4999 -0.8661
vn -0.2242 0.4999 -0.8365
vn -0.4330 0.4999 -0.7501
vn -0.4830 0.2589 -0.8365
vn -0.6124 0.4999 -0.6123
vn -0.7500 0.4999 -0.4331
vn -0.6831 0.7070 0.1831
vn -0.7500 0.5000 0.4329
vn -0.6125 0.7070 0.3535
vn -0.6124 0.7070 0.3536
vn -0.5000 0.7071 0.5000
vn -0.4330 0.5001 0.7499
vn -0.4330 0.5001 0.7500
vn -0.3536 0.7071 0.6124
vn -0.2242 0.5000 0.8365
vn -0.3535 0.7070 0.6125
vn -0.2241 0.5001 0.8365
vn -0.1830 0.7071 0.6831
vn -0.0000 0.7071 0.7072
vn 0.0001 0.7070 0.7072
vn 0.1830 0.7071 0.6831
vn 0.2242 0.5001 0.8365
vn 0.4330 0.5001 0.7500
vn 0.4330 0.5000 0.7500
vn 0.5000 0.7071 0.5001
vn 0.5001 0.7071 0.5000
vn 0.6830 0.7071 0.1831
vn 0.8660 0.5001 0.0001
vn 0.7071 0.7071 0.0001
vn 0.8660 0.5001 -0.0001
vn 0.7071 0.7071 -0.0001
vn 0.6831 0.7070 -0.1830
vn 0.6831 0.7070 -0.1831
vn 0.7500 0.5000 -0.4330
vn 0.7500 0.5001 -0.4330
vn 0.6124 0.7070 -0.3536
vn 0.5001 0.7070 -0.5000
vn 0.6123 0.5000 -0.6124
vn 0.4329 0.5001 -0.7500
vn 0.2241 0.5001 -0.8365
vn 0.1830 0.7070 -0.6831
vn 0.0001 0.5000 -0.8660
vn 0.0001 0.7071 -0.7071
vn -0.2241 0.5001 -0.8365
vn -0.1830 0.7071 -0.6831
vn -0.1831 0.7070 -0.6831
vn -0.4329 0.5001 -0.7500
vn -0.6124 0.7070 -0.3536
vn -0.7071 0.7071 -0.0001
vn -0.6830 0.7072 0.1830
vn -0.6829 0.7072 0.1830
vn -0.4330 0.8660 0.2501
vn -0.2501 0.8660 0.4331
vn -0.3535 0.7072 0.6124
vn -0.1830 0.7072 0.6830
vn -0.0001 0.7072 0.7070
vn 0.1830 0.7072 0.6830
vn 0.3535 0.7072 0.6124
vn 0.4999 0.7072 0.5000
vn 0.3536 0.8660 0.3537
vn 0.4330 0.8660 0.2501
vn 0.4831 0.8660 0.1294
vn 0.6123 0.7071 -0.3535
vn 0.5000 0.7071 -0.5000
vn 0.4331 0.8660 -0.2501
vn 0.4999 0.7071 -0.5000
vn 0.2501 0.8660 -0.4331
vn 0.1830 0.7071 -0.6830
vn 0.1829 0.7072 -0.6830
vn -0.1829 0.7072 -0.6830
vn -0.3535 0.7072 -0.6123
vn -0.5000 0.7072 -0.4999
vn -0.4329 0.8661 0.2500
vn 0.4330 0.8661 0.2499
vn 0.2501 0.9659 -0.0671
vn 0.4329 0.8661 -0.2500
vn 0.3535 0.8661 -0.3534
vn 0.2499 0.8661 -0.4330
vn 0.1294 0.9659 -0.2243
vn 0.0670 0.9659 -0.2500
vn -0.2499 0.8661 -0.4330
vn -0.1294 0.9659 -0.2243
vn -0.4330 0.8661 -0.2499
vn -0.5000 0.8661 -0.0000
vn 0.9659 -0.0000 0.2587
vn 0.9659 -0.0000 -0.2587
vn 0.7071 -0.0000 -0.7072
vn -0.9659 -0.0000 0.2587
vn -0.2587 -0.0000 0.9659
vn 0.2587 -0.0000 0.9659
vn 0.7071 -0.0000 0.7072
vn 1.0000 0.0001 0.0001
vn 0.9659 0.0001 -0.2587
vn 0.8365 0.2587 -0.4829
vn 0.8660 -0.0000 -0.5000
vn 0.7072 -0.0000 -0.7070
vn 0.7070 0.0001 -0.7072
vn 0.4829 0.2587 -0.8365
vn 0.2501 0.2588 -0.9330
vn 0.2498 0.2588 -0.9331
vn -0.2587 0.0001 -0.9659
vn -0.2499 0.2588 -0.9331
vn -0.7072 0.0001 -0.7070
vn -0.8660 0.0001 -0.5000
vn -0.9330 0.2588 0.2500
vn -0.4830 0.2588 0.8365
vn -0.5000 0.0001 0.8661
vn -0.4829 0.2588 0.8365
vn -0.0000 -0.0000 1.0000
vn -0.0000 0.0001 1.0000
vn -0.0000 0.2587 0.9659
vn 0.2587 0.0001 0.9659
vn 0.2501 0.2587 0.9330
vn 0.4829 0.2588 0.8365
vn 0.7070 -0.0000 0.7072
vn 0.8660 0.0001 0.5000
vn 0.8366 0.2587 0.4829
vn 0.2240 0.9660 0.1294
vn 0.1294 0.9660 0.2241
vn -0.1294 0.9660 0.2241
vn -0.1293 0.9660 -0.2241
vn -0.0669 0.9660 -0.2499
vn 0.2241 0.9660 -0.1294
vn 0.2499 0.9660 -0.0670
vn -0.9330 0.2589 0.2501
vn -0.8365 0.2588 0.4829
vn -0.0000 0.4999 0.8661
vn -0.0000 0.5000 0.8661
vn 0.2241 0.5000 0.8366
vn 0.4329 0.5000 0.7501
vn 0.6830 0.2588 0.6831
vn 0.6124 0.4999 0.6125
vn 0.6831 0.2589 0.6829
vn 0.6125 0.4999 0.6124
vn 0.6124 0.5000 0.6123
vn 0.8366 0.5000 0.2241
vn 0.4331 0.5000 -0.7500
vn 0.4329 0.5000 -0.7501
vn 0.4330 0.4999 -0.7500
vn 0.2243 0.4999 -0.8365
vn 0.2240 0.4999 -0.8366
vn -0.2501 0.2589 -0.9330
vn -0.2243 0.4999 -0.8365
vn -0.4829 0.2589 -0.8366
vn -0.4331 0.5000 -0.7500
vn -0.7500 0.4999 -0.4330
vn -0.8365 0.5000 -0.2241
vn -0.5000 0.7070 0.5001
vn -0.3536 0.7070 0.6124
vn -0.1831 0.7071 0.6831
vn -0.2240 0.5001 0.8365
vn -0.0000 0.5001 0.8660
vn 0.1829 0.7070 0.6831
vn 0.1831 0.7070 0.6830
vn 0.7499 0.5000 0.4330
vn 0.8364 0.5001 -0.2242
vn 0.4330 0.5001 -0.7500
vn 0.1831 0.7070 -0.6831
vn 0.0001 0.7071 -0.7072
vn -0.0001 0.5000 -0.8660
vn -0.0001 0.7070 -0.7072
vn -0.5000 0.7070 -0.5001
vn -0.6124 0.5000 -0.6123
vn -0.6125 0.7070 -0.3535
vn -0.8364 0.5001 -0.2242
vn -0.6831 0.7070 -0.1830
vn -0.7072 0.7071 -0.0001
vn -0.4831 0.8660 0.1294
vn -0.6829 0.7072 0.1831
vn -0.1831 0.7072 0.6829
vn -0.1294 0.8660 0.4831
vn -0.0001 0.7071 0.7071
vn 0.1829 0.7072 0.6830
vn 0.3535 0.7071 0.6123
vn 0.3536 0.7071 0.6123
vn 0.6123 0.7072 0.3535
vn 0.6830 0.7072 0.1829
vn 0.6830 0.7071 -0.1829
vn 0.6830 0.7072 -0.1829
vn 0.4330 0.8660 -0.2500
vn 0.3536 0.7072 -0.6123
vn 0.3536 0.8660 -0.3537
vn 0.3535 0.7072 -0.6123
vn 0.1831 0.7072 -0.6829
vn -0.0000 0.7072 -0.7071
vn -0.1830 0.7072 -0.6829
vn -0.3536 0.7072 -0.6123
vn -0.2500 0.8661 0.4329
vn 0.1293 0.8661 0.4829
vn 0.1831 0.9659 0.1831
vn 0.2500 0.9659 0.0670
vn 0.4329 0.8661 -0.2499
vn 0.3536 0.8661 -0.3535
vn 0.2500 0.8660 -0.4330
vn 0.1831 0.9659 -0.1831
vn 0.1293 0.8661 -0.4829
vn -0.2500 0.9659 -0.0670
vn 0.9660 -0.0000 0.2587
vn 0.7071 -0.0000 -0.7071
vn 0.2588 -0.0000 -0.9659
vn 0.2587 -0.0000 -0.9660
vn -0.2587 -0.0000 -0.9660
vn -0.2588 -0.0000 -0.9659
vn -0.8660 -0.0000 -0.5000
vn -0.9660 -0.0000 -0.2587
vn -0.7071 -0.0000 0.7072
vn 0.5000 -0.0000 0.8660
vn 0.7072 -0.0000 0.7070
vn 0.9330 0.2587 -0.2500
vn 0.7071 0.0001 -0.7072
vn 0.6829 0.2587 -0.6831
vn 0.5001 0.0001 -0.8660
vn 0.2501 0.2587 -0.9330
vn -0.8365 0.2587 -0.4829
vn -0.9330 0.2587 -0.2500
vn -0.9659 0.2587 -0.0001
vn -0.7070 0.0001 0.7072
vn -0.2587 0.9660 -0.0000
vn -0.1829 0.9660 -0.1829
vn -0.8366 0.5000 0.2241
vn -0.6831 0.2588 0.6830
vn -0.6123 0.5000 0.6124
vn -0.4331 0.5000 0.7500
vn -0.4330 0.5000 0.7501
vn -0.0000 0.5000 0.8660
vn 0.4331 0.5000 0.7500
vn 0.6830 0.2589 0.6829
vn 0.6125 0.4999 0.6123
vn 0.6124 0.4999 0.6123
vn 0.8366 0.4999 0.2242
vn -0.6831 0.7070 0.1830
vn 0.2240 0.5001 0.8365
vn 0.2241 0.5000 -0.8365
vn -0.7499 0.5000 -0.4331
vn -0.8660 0.5000 -0.0001
vn -0.5001 0.8660 0.0001
vn -0.1829 0.7072 0.6830
vn 0.3535 0.7072 0.6123
vn 0.5000 0.7072 0.4999
vn 0.5000 0.7072 -0.5000
vn 0.1294 0.8660 -0.4831
vn -0.2243 0.9659 0.1294
vn -0.2243 0.9659 -0.1294
vn -0.2501 0.9659 -0.0671
vn 0.6830 0.2587 -0.6831
vn 0.4829 0.2587 -0.8366
vn 0.2587 0.0001 -0.9659
vn -0.6830 0.2587 -0.6830
vn -0.8661 0.0001 -0.5000
vn -0.8660 -0.0000 0.5000
vn -0.2501 0.2588 0.9330
vn -0.2587 0.0001 0.9659
vn -0.2499 0.2588 0.9331
vn -0.0000 0.2588 0.9659
vn 0.2498 0.2588 0.9331
vn 0.7070 0.0001 0.7072
vn 0.6830 0.2588 0.6830
vn 0.7072 0.0001 0.7070
vn 0.2239 0.9660 -0.1294
vn -0.0002 1.0000 -0.0001
vn 0.0023 1.0000 -0.0020
vn 0.0025 1.0000 -0.0020
vn 0.1830 0.9659 -0.1829
vn 0.1829 0.9659 -0.1830
vn 0.0025 1.0000 -0.0021
vn 0.1830 0.7072 -0.6829
vn 0.0001 0.7072 -0.7071
vn -0.2242 0.4999 -0.8366
vn 0.1283 0.9607 -0.2462
vn 0.1282 0.9607 -0.2463
vn 0.0001 0.9270 -0.3751
vn 0.1294 0.8660 -0.4829
vn -0.0000 0.9270 -0.3750
vn 0.0001 0.8661 -0.4999
vn -0.1829 0.7071 -0.6830
vn -0.2243 0.5000 -0.8365
vn -0.4330 0.4999 -0.7500
vn -0.1294 0.8660 -0.4829
vn -0.0001 0.9270 -0.3751
vn -0.1282 0.9607 -0.2462
vn -0.1283 0.9607 -0.2462
vn -0.2500 0.8660 -0.4330
vn -0.2499 0.8661 0.4329
vn 0.4329 0.8661 0.2499
vn -0.0025 1.0000 -0.0021
vn -0.0025 1.0000 -0.0020
vn -0.1830 0.9659 -0.1829
vn -0.2239 0.9660 -0.1293
vn -0.0023 1.0000 -0.0019
vn 0.0002 1.0000 0.0001
vn -0.1830 0.9659 0.1829
vn -0.0000 0.9659 0.2587
vn 0.0669 0.9660 0.2499
vn 0.1830 0.9659 0.1829
vn -0.6831 0.2589 0.6830
vn 0.2243 0.4999 0.8365
vn 0.4330 0.4999 0.7500
vn 0.7500 0.4999 0.4330
vn 0.9330 0.2589 -0.2501
vn 0.2242 0.4999 -0.8365
vn -0.8660 0.5001 0.0001
vn -0.5001 0.7070 0.5000
vn -0.0001 0.5000 0.8660
vn -0.0000 0.7070 0.7072
vn 0.7500 0.5001 0.4329
vn 0.8365 0.5000 0.2241
vn 0.8365 0.5001 -0.2242
vn 0.6125 0.7070 -0.3535
vn 0.3536 0.7070 -0.6125
vn -0.8366 0.4999 -0.2242
vn -0.6125 0.4999 -0.6123
vn -0.6831 0.2589 -0.6830
vn 0.6830 0.7072 0.1830
vn 0.5001 0.8660 -0.0001
vn 0.4831 0.8660 -0.1294
vn 0.5000 0.7071 -0.4999
vn -0.6831 0.7070 -0.1831
vn -0.7500 0.5001 -0.4329
vn -0.1831 0.7071 -0.6831
vn -0.7070 0.7072 -0.0001
vn -0.6829 0.7072 -0.1830
vn -0.4331 0.8660 -0.2501
vn -0.3537 0.8660 -0.3536
vn -0.3535 0.8660 -0.3536
vn -0.1830 0.7072 -0.6830
vn -0.0000 1.0000 0.0009
vn -0.0000 1.0000 0.0040
vn -0.0000 1.0000 0.0032
vn -0.0000 0.7072 0.7070
vn -0.0000 0.7072 0.7071
vn -0.0000 1.0000 0.0008
vn -0.0000 1.0000 0.0039
vn -0.0000 0.9607 0.2775
vn -0.0000 0.9607 0.2776
vn -0.0000 0.9270 0.3750
vn -0.0000 0.9607 0.2777
vn 0.5000 -0.0000 -0.8661
vn -0.5000 -0.0000 -0.8661
vn -0.8661 -0.0000 0.5000
vn -0.5000 -0.0000 0.8661
vn 0.9659 -0.0001 -0.2587
vn 0.9331 -0.2587 -0.2499
vn 1.0000 -0.0001 -0.0001
vn 0.9330 -0.2588 -0.2499
vn 0.9659 -0.2588 -0.0001
vn 1.0000 -0.0001 0.0001
vn 0.9659 -0.2587 0.0001
vn 0.9659 -0.0001 0.2588
vn 0.9659 -0.2588 0.0001
vn 0.9330 -0.2588 0.2499
vn 0.9659 -0.0001 0.2589
vn 0.9330 -0.2588 0.2501
vn 0.8661 -0.0001 0.4999
vn 0.8661 -0.0000 0.5000
vn 0.9330 -0.2587 0.2501
vn 0.8365 -0.2588 0.4829
vn 0.8660 -0.0001 0.5000
vn 0.8365 -0.2587 0.4830
vn 0.7072 -0.0001 0.7070
vn 0.8365 -0.2588 0.4830
vn 0.6831 -0.2588 0.6830
vn 0.7071 -0.0001 0.7071
vn 0.6830 -0.2588 0.6830
vn 0.5001 -0.0001 0.8660
vn 0.6830 -0.2588 0.6831
vn 0.4830 -0.2588 0.8365
vn 0.4999 -0.0001 0.8661
vn 0.4829 -0.2588 0.8366
vn 0.2589 -0.0001 0.9659
vn 0.2501 -0.2588 0.9330
vn 0.2588 -0.0001 0.9659
vn 0.2500 -0.2588 0.9330
vn 0.0001 -0.0001 1.0000
vn 0.2499 -0.2588 0.9331
vn -0.0000 -0.2588 0.9659
vn -0.0001 -0.0001 1.0000
vn -0.0001 -0.2587 0.9659
vn -0.2588 -0.0001 0.9659
vn -0.2587 -0.0001 0.9660
vn -0.2499 -0.2588 0.9331
vn -0.2589 -0.0001 0.9659
vn -0.2500 -0.2588 0.9330
vn -0.4999 -0.0001 0.8661
vn -0.5000 -0.0001 0.8660
vn -0.2501 -0.2588 0.9330
vn -0.4829 -0.2588 0.8365
vn -0.5001 -0.0001 0.8660
vn -0.4831 -0.2588 0.8365
vn -0.7071 -0.0001 0.7072
vn -0.4830 -0.2588 0.8365
vn -0.6830 -0.2588 0.6831
vn -0.7072 -0.0001 0.7071
vn -0.6831 -0.2588 0.6830
vn -0.8660 -0.0001 0.5000
vn -0.6831 -0.2587 0.6830
vn -0.8365 -0.2587 0.4830
vn -0.8366 -0.2588 0.4829
vn -0.9659 -0.0001 0.2589
vn -0.8366 -0.2587 0.4829
vn -0.9330 -0.2587 0.2500
vn -0.9659 -0.0001 0.2588
vn -0.9330 -0.2588 0.2499
vn -1.0000 -0.0001 0.0001
vn -0.9331 -0.2587 0.2499
vn -0.9659 -0.2588 0.0001
vn -1.0000 -0.0001 -0.0001
vn -0.9659 -0.2587 -0.0001
vn -0.9659 -0.0000 -0.2588
vn -0.9659 -0.0001 -0.2587
vn -0.9659 -0.2588 -0.0001
vn -0.9330 -0.2587 -0.2500
vn -0.9659 -0.0001 -0.2588
vn -0.9330 -0.2588 -0.2501
vn -0.8661 -0.0001 -0.4999
vn -0.9330 -0.2587 -0.2501
vn -0.8366 -0.2587 -0.4829
vn -0.8660 -0.0001 -0.5001
vn -0.8365 -0.2587 -0.4830
vn -0.7071 -0.0001 -0.7071
vn -0.7072 -0.0001 -0.7071
vn -0.8365 -0.2588 -0.4830
vn -0.6831 -0.2587 -0.6830
vn -0.6830 -0.2587 -0.6831
vn -0.5001 -0.0001 -0.8660
vn -0.5000 -0.0001 -0.8660
vn -0.6829 -0.2588 -0.6831
vn -0.4830 -0.2587 -0.8365
vn -0.4829 -0.2588 -0.8366
vn -0.2589 -0.0001 -0.9659
vn -0.2501 -0.2587 -0.9330
vn -0.2587 -0.0001 -0.9660
vn -0.2499 -0.2588 -0.9330
vn -0.0000 -0.0001 -1.0000
vn -0.0001 -0.0001 -1.0000
vn -0.0001 -0.2588 -0.9659
vn 0.0001 -0.0001 -1.0000
vn 0.0001 -0.2588 -0.9659
vn 0.2588 -0.0001 -0.9659
vn 0.2587 -0.0001 -0.9660
vn -0.0000 -0.2588 -0.9659
vn 0.2499 -0.2588 -0.9331
vn 0.2500 -0.2588 -0.9330
vn 0.4999 -0.0001 -0.8661
vn 0.5000 -0.0001 -0.8660
vn 0.2501 -0.2588 -0.9330
vn 0.4830 -0.2587 -0.8365
vn 0.4830 -0.2588 -0.8365
vn 0.7070 -0.0001 -0.7072
vn 0.4831 -0.2588 -0.8365
vn 0.6830 -0.2587 -0.6830
vn 0.7071 -0.0001 -0.7071
vn 0.6831 -0.2588 -0.6830
vn 0.8660 -0.0001 -0.5001
vn 0.8365 -0.2588 -0.4830
vn 0.8661 -0.0001 -0.4999
vn 0.8366 -0.2587 -0.4829
vn 0.9659 -0.0001 -0.2589
vn 0.8366 -0.2588 -0.4829
vn 0.9330 -0.2587 -0.2501
vn -0.0001 -1.0000 -0.0000
vn -0.2241 -0.9660 -0.1294
vn -0.2239 -0.9660 -0.1293
vn 0.0002 -1.0000 0.0001
vn -0.0023 -1.0000 -0.0019
vn -0.2241 -0.9659 -0.1294
vn -0.0025 -1.0000 -0.0020
vn -0.1830 -0.9659 -0.1829
vn -0.1830 -0.9659 -0.1830
vn -0.1294 -0.9659 -0.2241
vn -0.1830 -0.9659 -0.1831
vn -0.1295 -0.9659 -0.2242
vn -0.2500 -0.8661 -0.4330
vn -0.1294 -0.9659 -0.2242
vn -0.1294 -0.8661 -0.4829
vn -0.2500 -0.8660 -0.4331
vn -0.1295 -0.8660 -0.4830
vn -0.1830 -0.7072 -0.6829
vn -0.1830 -0.7071 -0.6830
vn -0.1294 -0.8660 -0.4830
vn -0.0001 -0.7071 -0.7071
vn -0.1830 -0.7071 -0.6831
vn -0.0000 -0.7071 -0.7072
vn -0.0000 -0.5001 -0.8660
vn -0.0000 -0.7070 -0.7072
vn 0.2240 -0.5001 -0.8365
vn 0.0001 -0.4999 -0.8661
vn 0.2241 -0.4999 -0.8366
vn 0.2500 -0.2589 -0.9330
vn 0.2242 -0.4999 -0.8365
vn 0.4829 -0.2589 -0.8365
vn -0.0024 -1.0000 -0.0020
vn -0.1282 -0.9607 -0.2461
vn -0.1294 -0.9659 -0.2243
vn -0.1283 -0.9607 -0.2463
vn -0.1283 -0.9607 -0.2462
vn -0.0001 -0.9270 -0.3751
vn -0.1293 -0.8661 -0.4829
vn -0.0000 -0.9270 -0.3750
vn -0.0000 -0.8660 -0.5000
vn -0.0000 -0.8660 -0.5001
vn -0.0000 -0.7071 -0.7071
vn 0.1830 -0.7072 -0.6830
vn 0.0001 -0.7071 -0.7072
vn 0.1830 -0.7071 -0.6831
vn 0.2241 -0.5001 -0.8365
vn 0.2242 -0.5000 -0.8365
vn 0.1831 -0.7070 -0.6831
vn 0.4330 -0.5000 -0.7500
vn 0.2243 -0.5000 -0.8365
vn 0.4330 -0.4999 -0.7501
vn 0.4830 -0.2589 -0.8365
vn 0.6829 -0.2589 -0.6831
vn 0.0001 -0.8661 -0.4999
vn 0.1294 -0.8660 -0.4829
vn 0.1294 -0.8660 -0.4830
vn 0.0001 -0.9270 -0.3751
vn 0.1283 -0.9607 -0.2462
vn 0.1294 -0.8661 -0.4829
vn 0.2499 -0.8661 -0.4330
vn 0.2500 -0.8660 -0.4330
vn 0.1294 -0.9659 -0.2242
vn 0.2500 -0.8661 -0.4330
vn 0.1295 -0.9659 -0.2242
vn 0.3535 -0.8661 -0.3535
vn 0.1830 -0.9659 -0.1831
vn 0.1831 -0.9659 -0.1830
vn 0.4330 -0.8661 -0.2500
vn 0.4329 -0.8661 -0.2500
vn 0.1831 -0.9659 -0.1831
vn 0.2242 -0.9659 -0.1295
vn 0.4330 -0.8661 -0.2499
vn 0.2242 -0.9659 -0.1294
vn 0.4829 -0.8661 -0.1294
vn 0.2500 -0.9659 -0.0670
vn 0.2501 -0.9659 -0.0670
vn 0.4999 -0.8661 -0.0000
vn 0.2589 -0.9659 -0.0000
vn 0.4829 -0.8661 0.1294
vn 0.2501 -0.9659 0.0670
vn 0.2501 -0.9659 0.0671
vn 0.4330 -0.8661 0.2499
vn 0.4329 -0.8661 0.2499
vn 0.2242 -0.9659 0.1294
vn 0.4330 -0.8661 0.2500
vn 0.2242 -0.9659 0.1295
vn 0.3535 -0.8661 0.3535
vn 0.1831 -0.9659 0.1830
vn 0.1830 -0.9659 0.1831
vn 0.2500 -0.8661 0.4329
vn 0.2500 -0.8661 0.4330
vn 0.1831 -0.9659 0.1831
vn 0.1295 -0.9659 0.2242
vn 0.2499 -0.8661 0.4330
vn 0.1294 -0.9659 0.2242
vn 0.1294 -0.8661 0.4829
vn 0.0670 -0.9659 0.2501
vn 0.1293 -0.8661 0.4829
vn -0.0000 -0.8661 0.5000
vn -0.0000 -0.8661 0.4999
vn -0.0000 -0.9659 0.2589
vn -0.1294 -0.8661 0.4829
vn -0.0670 -0.9659 0.2501
vn -0.2500 -0.8661 0.4330
vn -0.2499 -0.8661 0.4330
vn -0.1294 -0.9659 0.2242
vn -0.2500 -0.8661 0.4329
vn -0.1295 -0.9659 0.2242
vn -0.3535 -0.8661 0.3535
vn -0.1830 -0.9659 0.1831
vn -0.1831 -0.9659 0.1830
vn -0.4330 -0.8661 0.2500
vn -0.4329 -0.8661 0.2500
vn -0.2242 -0.9659 0.1295
vn -0.2242 -0.9659 0.1294
vn -0.4829 -0.8661 0.1294
vn -0.2501 -0.9659 0.0670
vn -0.4999 -0.8661 -0.0000
vn -0.2589 -0.9659 -0.0000
vn -0.4829 -0.8661 -0.1294
vn -0.2501 -0.9659 -0.0670
vn -0.4330 -0.8661 -0.2500
vn -0.4330 -0.8661 -0.2499
vn -0.2242 -0.9659 -0.1294
vn -0.4329 -0.8661 -0.2500
vn -0.2242 -0.9659 -0.1295
vn -0.3535 -0.8661 -0.3535
vn -0.1831 -0.9659 -0.1830
vn -0.2500 -0.8661 -0.4329
vn 0.1282 -0.9607 -0.2462
vn 0.0024 -1.0000 -0.0020
vn 0.1294 -0.9659 -0.2241
vn 0.0025 -1.0000 -0.0020
vn 0.1830 -0.9659 -0.1830
vn 0.1829 -0.9660 -0.1830
vn 0.2241 -0.9659 -0.1294
vn 0.2239 -0.9660 -0.1293
vn 0.0023 -1.0000 -0.0019
vn -0.0002 -1.0000 -0.0000
vn -0.0000 -1.0000 -0.0000
vn 0.0001 -1.0000 -0.0000
vn 0.2499 -0.9659 -0.0670
vn 0.2587 -0.9659 -0.0000
vn 0.2588 -0.9659 -0.0000
vn 0.2587 -0.9660 -0.0000
vn 0.2499 -0.9660 0.0670
vn 0.2499 -0.9659 0.0670
vn 0.2241 -0.9659 0.1294
vn 0.2241 -0.9660 0.1293
vn 0.1830 -0.9659 0.1829
vn 0.1830 -0.9659 0.1830
vn -0.0000 -1.0000 0.0001
vn 0.1294 -0.9659 0.2241
vn 0.0001 -1.0000 0.0001
vn 0.0670 -0.9659 0.2499
vn 0.0669 -0.9660 0.2499
vn -0.0000 -0.9660 0.2587
vn -0.0669 -0.9660 0.2499
vn -0.0670 -0.9659 0.2499
vn -0.1294 -0.9659 0.2241
vn -0.0001 -1.0000 0.0001
vn -0.1830 -0.9659 0.1830
vn -0.1830 -0.9659 0.1829
vn -0.2241 -0.9660 0.1294
vn -0.2241 -0.9659 0.1294
vn -0.2499 -0.9659 0.0670
vn -0.2499 -0.9660 0.0670
vn -0.2587 -0.9660 -0.0000
vn -0.2588 -0.9659 -0.0000
vn -0.2587 -0.9659 -0.0000
vn -0.2499 -0.9659 -0.0670
vn 0.9659 -0.2589 0.0001
vn 0.8661 -0.4999 0.0001
vn 0.9330 -0.2589 0.2499
vn 0.8660 -0.5000 0.0001
vn 0.8366 -0.5000 0.2241
vn 0.9330 -0.2589 0.2500
vn 0.8365 -0.4999 0.2242
vn 0.8365 -0.2589 0.4829
vn 0.8365 -0.5000 0.2242
vn 0.7501 -0.4999 0.4330
vn 0.8365 -0.2589 0.4830
vn 0.7500 -0.4999 0.4331
vn 0.6830 -0.2589 0.6830
vn 0.7500 -0.5000 0.4331
vn 0.6124 -0.5000 0.6124
vn 0.6123 -0.4999 0.6125
vn 0.4830 -0.2589 0.8365
vn 0.6124 -0.4999 0.6124
vn 0.4331 -0.4999 0.7500
vn 0.4829 -0.2589 0.8365
vn 0.4330 -0.4999 0.7500
vn 0.2501 -0.2589 0.9330
vn 0.4330 -0.5000 0.7500
vn 0.2242 -0.4999 0.8365
vn 0.2499 -0.2589 0.9330
vn 0.2241 -0.4999 0.8366
vn 0.0001 -0.2589 0.9659
vn 0.0001 -0.4999 0.8661
vn -0.0001 -0.2589 0.9659
vn -0.0001 -0.4999 0.8661
vn -0.2499 -0.2589 0.9330
vn -0.0000 -0.4999 0.8661
vn -0.2241 -0.4999 0.8366
vn -0.2500 -0.2589 0.9330
vn -0.2242 -0.4999 0.8365
vn -0.4829 -0.2589 0.8365
vn -0.2243 -0.4999 0.8365
vn -0.4330 -0.4999 0.7500
vn -0.4830 -0.2589 0.8365
vn -0.4331 -0.4999 0.7500
vn -0.6830 -0.2589 0.6831
vn -0.6829 -0.2589 0.6831
vn -0.4331 -0.5000 0.7500
vn -0.6123 -0.4999 0.6124
vn -0.6830 -0.2589 0.6830
vn -0.6124 -0.4999 0.6124
vn -0.8365 -0.2589 0.4830
vn -0.6124 -0.5000 0.6124
vn -0.7500 -0.5000 0.4331
vn -0.8365 -0.2589 0.4829
vn -0.7500 -0.4999 0.4330
vn -0.9330 -0.2589 0.2501
vn -0.9330 -0.2588 0.2500
vn -0.7501 -0.4999 0.4330
vn -0.8365 -0.4999 0.2242
vn -0.9330 -0.2589 0.2499
vn -0.8366 -0.4999 0.2241
vn -0.9659 -0.2589 -0.0000
vn -0.8661 -0.4999 -0.0000
vn -0.9659 -0.2589 -0.0001
vn -0.8661 -0.5000 -0.0000
vn -0.9330 -0.2589 -0.2499
vn -0.8661 -0.5000 -0.0001
vn -0.8366 -0.4999 -0.2241
vn -0.9330 -0.2589 -0.2501
vn -0.8365 -0.5000 -0.2242
vn -0.8365 -0.2589 -0.4829
vn -0.8366 -0.2589 -0.4829
vn -0.8366 -0.4999 -0.2242
vn -0.7501 -0.4999 -0.4330
vn -0.8365 -0.2589 -0.4830
vn -0.7500 -0.5000 -0.4331
vn -0.6830 -0.2589 -0.6830
vn -0.7500 -0.4999 -0.4331
vn -0.6124 -0.4999 -0.6124
vn -0.6124 -0.5000 -0.6124
vn -0.4830 -0.2589 -0.8365
vn -0.4830 -0.2588 -0.8365
vn -0.6123 -0.4999 -0.6125
vn -0.4331 -0.4999 -0.7500
vn -0.4829 -0.2589 -0.8365
vn -0.4330 -0.4999 -0.7500
vn -0.2501 -0.2589 -0.9330
vn -0.4330 -0.4999 -0.7501
vn -0.2242 -0.4999 -0.8365
vn -0.2499 -0.2589 -0.9330
vn -0.2241 -0.4999 -0.8366
vn -0.0000 -0.2589 -0.9659
vn -0.0001 -0.2589 -0.9659
vn -0.0001 -0.4999 -0.8661
vn -0.0000 -0.5000 -0.8660
vn 0.2499 -0.2589 -0.9330
vn 0.8660 -0.5001 0.0001
vn 0.7071 -0.7071 0.0001
vn 0.8365 -0.5000 0.2241
vn 0.8365 -0.5001 0.2241
vn 0.7072 -0.7070 0.0001
vn 0.6831 -0.7070 0.1830
vn 0.6831 -0.7070 0.1831
vn 0.7500 -0.5000 0.4329
vn 0.7500 -0.5001 0.4330
vn 0.6830 -0.7071 0.1831
vn 0.6124 -0.7071 0.3535
vn 0.6124 -0.7071 0.3536
vn 0.6124 -0.5001 0.6123
vn 0.6124 -0.7070 0.3536
vn 0.5001 -0.7070 0.5000
vn 0.6123 -0.5001 0.6124
vn 0.5000 -0.7071 0.5001
vn 0.4330 -0.5001 0.7499
vn 0.3536 -0.7071 0.6124
vn 0.4330 -0.5001 0.7500
vn 0.2242 -0.5000 0.8365
vn 0.2241 -0.5001 0.8365
vn 0.3535 -0.7071 0.6124
vn 0.1830 -0.7071 0.6830
vn 0.2241 -0.5000 0.8365
vn 0.1830 -0.7071 0.6831
vn 0.0001 -0.5000 0.8660
vn -0.0000 -0.5001 0.8660
vn 0.1829 -0.7071 0.6831
vn -0.0000 -0.7071 0.7071
vn -0.0001 -0.5001 0.8660
vn -0.0001 -0.7071 0.7072
vn -0.2241 -0.5001 0.8365
vn -0.2241 -0.5000 0.8365
vn -0.0000 -0.7071 0.7072
vn -0.1830 -0.7071 0.6831
vn -0.4329 -0.5001 0.7500
vn -0.4330 -0.5000 0.7500
vn -0.1831 -0.7071 0.6830
vn -0.3536 -0.7071 0.6124
vn -0.4330 -0.5001 0.7499
vn -0.3536 -0.7070 0.6124
vn -0.6123 -0.5001 0.6124
vn -0.5000 -0.7071 0.5001
vn -0.6124 -0.5000 0.6123
vn -0.5001 -0.7070 0.5000
vn -0.7500 -0.5000 0.4330
vn -0.7499 -0.5001 0.4331
vn -0.5001 -0.7071 0.5000
vn -0.6124 -0.7071 0.3536
vn -0.6124 -0.7071 0.3535
vn -0.8365 -0.5000 0.2242
vn -0.8365 -0.5001 0.2242
vn -0.6830 -0.7071 0.1831
vn -0.8365 -0.5000 0.2241
vn -0.6831 -0.7071 0.1830
vn -0.8660 -0.5000 0.0001
vn -0.8660 -0.5001 0.0001
vn -0.7071 -0.7071 0.0001
vn -0.8660 -0.5001 -0.0001
vn -0.7071 -0.7071 -0.0001
vn -0.8365 -0.5001 -0.2241
vn -0.7072 -0.7071 -0.0000
vn -0.6831 -0.7071 -0.1830
vn -0.8365 -0.5001 -0.2242
vn -0.6831 -0.7071 -0.1831
vn -0.7500 -0.5001 -0.4329
vn -0.7500 -0.5000 -0.4329
vn -0.6831 -0.7070 -0.1831
vn -0.6124 -0.7071 -0.3535
vn -0.7499 -0.5001 -0.4330
vn -0.6124 -0.7070 -0.3536
vn -0.6124 -0.5001 -0.6123
vn -0.6124 -0.5000 -0.6123
vn -0.6124 -0.7071 -0.3536
vn -0.5001 -0.7070 -0.5000
vn -0.6123 -0.5001 -0.6124
vn -0.5000 -0.7071 -0.5000
vn -0.4330 -0.5001 -0.7499
vn -0.4330 -0.5000 -0.7500
vn -0.5000 -0.7071 -0.5001
vn -0.3536 -0.7071 -0.6124
vn -0.4330 -0.5001 -0.7500
vn -0.3536 -0.7070 -0.6124
vn -0.2242 -0.5001 -0.8365
vn -0.3535 -0.7071 -0.6125
vn -0.2241 -0.5001 -0.8365
vn -0.1830 -0.7070 -0.6831
vn -0.0001 -0.5001 -0.8660
vn 0.8660 -0.5000 -0.0000
vn 0.9659 -0.2589 -0.0001
vn 0.8365 -0.5000 -0.2241
vn 0.8366 -0.4999 -0.2241
vn 0.9330 -0.2589 -0.2499
vn 0.8365 -0.5000 -0.2242
vn 0.9330 -0.2589 -0.2500
vn 0.7501 -0.5000 -0.4330
vn 0.7501 -0.4999 -0.4330
vn 0.9330 -0.2589 -0.2501
vn 0.8365 -0.2588 -0.4829
vn 0.7500 -0.4999 -0.4331
vn 0.6124 -0.4999 -0.6124
vn 0.8365 -0.2589 -0.4830
vn 0.6830 -0.2589 -0.6830
vn 0.4331 -0.4999 -0.7500
vn 0.7071 -0.7071 -0.0000
vn 0.5001 -0.8660 0.0001
vn 0.6830 -0.7071 0.1830
vn 0.5001 -0.8660 -0.0000
vn 0.4831 -0.8660 0.1294
vn 0.6829 -0.7072 0.1831
vn 0.4830 -0.8660 0.1295
vn 0.6123 -0.7072 0.3535
vn 0.4331 -0.8660 0.2500
vn 0.6123 -0.7071 0.3536
vn 0.4331 -0.8660 0.2501
vn 0.5000 -0.7071 0.4999
vn 0.5000 -0.7072 0.4999
vn 0.4330 -0.8660 0.2501
vn 0.3536 -0.8660 0.3536
vn 0.4999 -0.7071 0.5000
vn 0.3536 -0.8660 0.3537
vn 0.3536 -0.7071 0.6123
vn 0.3536 -0.7072 0.6123
vn 0.2501 -0.8660 0.4330
vn 0.2500 -0.8660 0.4331
vn 0.1830 -0.7072 0.6830
vn 0.1295 -0.8660 0.4830
vn 0.1294 -0.8660 0.4831
vn 0.1294 -0.8660 0.4830
vn -0.0000 -0.8660 0.5001
vn -0.0001 -0.8660 0.5001
vn -0.1830 -0.7071 0.6830
vn -0.1829 -0.7072 0.6830
vn -0.1294 -0.8660 0.4830
vn -0.1295 -0.8660 0.4830
vn -0.3535 -0.7071 0.6124
vn -0.3535 -0.7072 0.6123
vn -0.2500 -0.8660 0.4331
vn -0.3536 -0.7071 0.6123
vn -0.2501 -0.8660 0.4331
vn -0.5000 -0.7071 0.5000
vn -0.4999 -0.7072 0.5000
vn -0.2501 -0.8660 0.4330
vn -0.3536 -0.8660 0.3536
vn -0.5000 -0.7072 0.4999
vn -0.6123 -0.7072 0.3536
vn -0.4330 -0.8660 0.2501
vn -0.6123 -0.7072 0.3535
vn -0.4331 -0.8660 0.2500
vn -0.6829 -0.7072 0.1831
vn -0.6829 -0.7072 0.1830
vn -0.4830 -0.8660 0.1295
vn -0.6830 -0.7072 0.1829
vn -0.4830 -0.8660 0.1294
vn -0.7070 -0.7072 0.0001
vn -0.4831 -0.8660 0.1294
vn -0.5001 -0.8660 0.0001
vn -0.7070 -0.7072 -0.0001
vn -0.5001 -0.8660 -0.0001
vn -0.6830 -0.7072 -0.1830
vn -0.6830 -0.7071 -0.1830
vn -0.5001 -0.8660 -0.0000
vn -0.4830 -0.8660 -0.1294
vn -0.6829 -0.7072 -0.1830
vn -0.4830 -0.8660 -0.1295
vn -0.6123 -0.7072 -0.3535
vn -0.4331 -0.8660 -0.2500
vn -0.6123 -0.7071 -0.3536
vn -0.4331 -0.8660 -0.2501
vn -0.5000 -0.7072 -0.4999
vn -0.5000 -0.7071 -0.4999
vn -0.3537 -0.8660 -0.3536
vn -0.4999 -0.7072 -0.5000
vn -0.3536 -0.8660 -0.3537
vn -0.3536 -0.7072 -0.6123
vn -0.3536 -0.8660 -0.3536
vn -0.2501 -0.8660 -0.4330
vn -0.3535 -0.7071 -0.6124
vn -0.1831 -0.7071 -0.6830
vn 0.8660 -0.5001 -0.0001
vn 0.6831 -0.7071 -0.1830
vn 0.6831 -0.7070 -0.1830
vn 0.8660 -0.5000 -0.0001
vn 0.8365 -0.5001 -0.2241
vn 0.6831 -0.7070 -0.1831
vn 0.6125 -0.7070 -0.3535
vn 0.6124 -0.7071 -0.3535
vn 0.8365 -0.5001 -0.2242
vn 0.7500 -0.5001 -0.4330
vn 0.6124 -0.7071 -0.3536
vn 0.7499 -0.5001 -0.4331
vn 0.5000 -0.7071 -0.5000
vn 0.5001 -0.7070 -0.5000
vn 0.7500 -0.5000 -0.4330
vn 0.6124 -0.5001 -0.6123
vn 0.5000 -0.7071 -0.5001
vn 0.6123 -0.5001 -0.6124
vn 0.3536 -0.7071 -0.6124
vn 0.4330 -0.5001 -0.7499
vn 0.3535 -0.7071 -0.6124
vn 0.4329 -0.5001 -0.7500
vn 0.5001 -0.8660 -0.0001
vn 0.4831 -0.8660 -0.1294
vn 0.4830 -0.8660 -0.1294
vn 0.7070 -0.7072 -0.0001
vn 0.6830 -0.7072 -0.1830
vn 0.4830 -0.8660 -0.1295
vn 0.6829 -0.7072 -0.1831
vn 0.4331 -0.8660 -0.2500
vn 0.6829 -0.7072 -0.1830
vn 0.6123 -0.7072 -0.3535
vn 0.4331 -0.8660 -0.2501
vn 0.6123 -0.7071 -0.3536
vn 0.3537 -0.8660 -0.3536
vn 0.3536 -0.8660 -0.3536
vn 0.6123 -0.7072 -0.3536
vn 0.5000 -0.7071 -0.4999
vn 0.4999 -0.7072 -0.5000
vn 0.2501 -0.8660 -0.4331
vn 0.3536 -0.7072 -0.6123
vn 0.2500 -0.8660 -0.4331
vn 0.3535 -0.7072 -0.6124
vn 0.1295 -0.8660 -0.4830
vn 0.1830 -0.7072 -0.6829
vn 0.1830 -0.7071 -0.6830
vn 0.0001 -0.8660 -0.5001
vn -0.0000 -1.0000 0.0008
vn -0.0000 -1.0000 0.0040
vn -0.0000 -1.0000 0.0032
vn -0.0000 -0.9659 0.2587
vn -0.0000 -0.7072 0.7070
vn -0.0000 -0.2589 0.9659
vn -0.0000 -0.2587 0.9659
vn -0.0000 -0.0001 1.0000
vn -0.0000 -1.0000 0.0031
vn -0.0000 -0.9607 0.2775
vn -0.0000 -0.9607 0.2776
vn -0.0000 -0.9270 0.3750
vn -0.0000 -0.8660 0.5000
vn -0.8661 -0.0000 -0.5000
vn 0.9659 -0.0001 -0.2588
vn 0.9331 -0.2588 -0.2499
vn 0.9659 -0.2588 -0.0000
vn 0.9659 -0.0001 0.2587
vn 0.9330 -0.2587 0.2500
vn 0.8366 -0.2588 0.4829
vn 0.7072 -0.0001 0.7071
vn 0.7070 -0.0001 0.7072
vn 0.5000 -0.0001 0.8660
vn 0.4829 -0.2588 0.8365
vn 0.2499 -0.2587 0.9331
vn -0.2587 -0.0001 0.9659
vn -0.5000 -0.0001 0.8661
vn -0.4829 -0.2587 0.8366
vn -0.7070 -0.0001 0.7072
vn -0.6830 -0.2587 0.6831
vn -0.8660 -0.0001 0.5001
vn -0.8365 -0.2588 0.4830
vn -0.8661 -0.0001 0.4999
vn -0.9330 -0.2588 0.2501
vn -0.9330 -0.2588 -0.2499
vn -0.9659 -0.0001 -0.2589
vn -0.7072 -0.0001 -0.7070
vn -0.7070 -0.0001 -0.7072
vn -0.6830 -0.2588 -0.6831
vn -0.2501 -0.2588 -0.9330
vn -0.2587 -0.0001 -0.9659
vn -0.2499 -0.2588 -0.9331
vn 0.2587 -0.0001 -0.9659
vn 0.2589 -0.0001 -0.9659
vn 0.7071 -0.0001 -0.7072
vn 0.6830 -0.2587 -0.6831
vn 0.7072 -0.0001 -0.7071
vn 0.6831 -0.2587 -0.6830
vn 0.8365 -0.2587 -0.4830
vn 0.8660 -0.0001 -0.5000
vn 0.9330 -0.2587 -0.2500
vn 0.2500 -0.9659 0.0670
vn 0.0001 -1.0000 -0.0001
vn 0.1829 -0.9660 -0.1829
vn -0.0000 -1.0000 -0.0001
vn 0.1294 -0.9660 -0.2240
vn 0.1293 -0.9660 -0.2241
vn 0.0670 -0.9659 -0.2499
vn 0.0669 -0.9660 -0.2499
vn -0.0000 -0.9660 -0.2587
vn -0.0000 -0.9659 -0.2588
vn -0.0670 -0.9659 -0.2500
vn -0.0670 -0.9660 -0.2499
vn -0.1293 -0.9660 -0.2241
vn -0.1294 -0.9660 -0.2240
vn -0.0001 -1.0000 -0.0001
vn -0.1829 -0.9660 -0.1829
vn -0.2499 -0.9660 -0.0670
vn -0.2499 -0.9660 -0.0669
vn -0.2240 -0.9660 0.1294
vn -0.1829 -0.9660 0.1829
vn -0.1294 -0.9660 0.2241
vn -0.1293 -0.9660 0.2241
vn -0.0670 -0.9660 0.2499
vn -0.0670 -0.9659 0.2500
vn -0.0000 -0.9659 0.2588
vn 0.0670 -0.9659 0.2500
vn 0.1294 -0.9660 0.2240
vn 0.1294 -0.9660 0.2241
vn 0.1829 -0.9660 0.1829
vn 0.9659 -0.2589 -0.0000
vn 0.8661 -0.4999 -0.0000
vn 0.8366 -0.4999 0.2241
vn 0.7500 -0.5000 0.4330
vn 0.6831 -0.2589 0.6829
vn 0.4330 -0.4999 0.7501
vn 0.2500 -0.2589 0.9330
vn 0.2241 -0.5000 0.8366
vn -0.0000 -0.5000 0.8660
vn -0.2242 -0.5000 0.8365
vn -0.4330 -0.4999 0.7501
vn -0.6125 -0.4999 0.6124
vn -0.7500 -0.4999 0.4331
vn -0.8366 -0.5000 0.2241
vn -0.9659 -0.2589 0.0001
vn -0.8660 -0.5000 -0.0000
vn -0.8366 -0.5000 -0.2241
vn -0.8365 -0.4999 -0.2242
vn -0.7500 -0.5000 -0.4330
vn -0.6831 -0.2588 -0.6830
vn -0.6831 -0.2589 -0.6829
vn -0.6829 -0.2589 -0.6831
vn -0.6123 -0.4999 -0.6124
vn -0.2500 -0.2589 -0.9330
vn -0.2243 -0.4999 -0.8365
vn -0.2240 -0.4999 -0.8366
vn -0.0000 -0.4999 -0.8661
vn 0.2498 -0.2589 -0.9330
vn 0.0001 -0.5000 -0.8661
vn 0.2501 -0.2589 -0.9330
vn 0.6830 -0.2588 -0.6830
vn 0.4331 -0.5000 -0.7500
vn 0.6123 -0.4999 -0.6124
vn 0.8365 -0.2589 -0.4829
vn 0.9330 -0.2588 -0.2501
vn 0.8366 -0.4999 -0.2242
vn 0.8661 -0.4999 -0.0001
vn 0.8660 -0.5001 -0.0000
vn 0.7072 -0.7071 -0.0000
vn 0.6831 -0.7071 0.1830
vn 0.8365 -0.5001 0.2242
vn 0.6831 -0.7071 0.1831
vn 0.6124 -0.5000 0.6123
vn 0.5001 -0.7071 0.5000
vn 0.5000 -0.7070 0.5001
vn 0.4331 -0.5001 0.7499
vn 0.3536 -0.7070 0.6124
vn 0.2242 -0.5001 0.8365
vn 0.1831 -0.7071 0.6830
vn 0.0001 -0.5001 0.8660
vn 0.0001 -0.7071 0.7072
vn -0.1831 -0.7070 0.6831
vn -0.4329 -0.5000 0.7500
vn -0.6123 -0.5000 0.6124
vn -0.5000 -0.7070 0.5001
vn -0.6124 -0.5001 0.6123
vn -0.7499 -0.5001 0.4330
vn -0.7500 -0.5001 0.4330
vn -0.6831 -0.7071 0.1831
vn -0.8365 -0.5001 0.2241
vn -0.6831 -0.7070 0.1830
vn -0.8660 -0.5001 -0.0000
vn -0.8365 -0.5000 -0.2241
vn -0.7072 -0.7070 -0.0000
vn -0.6831 -0.7070 -0.1830
vn -0.6830 -0.7071 -0.1831
vn -0.7500 -0.5001 -0.4330
vn -0.5001 -0.7071 -0.5000
vn -0.4331 -0.5001 -0.7499
vn -0.2242 -0.5000 -0.8365
vn -0.3535 -0.7070 -0.6125
vn -0.1831 -0.7070 -0.6831
vn -0.0001 -0.7071 -0.7072
vn 0.0001 -0.5000 -0.8660
vn 0.2241 -0.5000 -0.8365
vn 0.1830 -0.7070 -0.6831
vn 0.4330 -0.5001 -0.7500
vn 0.1831 -0.7071 -0.6830
vn 0.3537 -0.7070 -0.6124
vn 0.5000 -0.7070 -0.5001
vn 0.7499 -0.5001 -0.4330
vn 0.6124 -0.7070 -0.3536
vn 0.8364 -0.5001 -0.2242
vn 0.6830 -0.7071 -0.1831
vn 0.6830 -0.7072 0.1830
vn 0.4830 -0.8660 0.1294
vn 0.6123 -0.7072 0.3536
vn 0.3535 -0.7072 0.6123
vn 0.1829 -0.7072 0.6830
vn -0.0000 -0.7072 0.7071
vn -0.1831 -0.7072 0.6829
vn -0.3535 -0.7072 0.6124
vn -0.3536 -0.7072 0.6123
vn -0.6830 -0.7071 0.1830
vn -0.7071 -0.7071 -0.0000
vn -0.7071 -0.7072 0.0001
vn -0.6830 -0.7072 -0.1829
vn -0.6123 -0.7072 -0.3536
vn -0.4330 -0.8660 -0.2501
vn -0.3536 -0.7071 -0.6123
vn -0.1831 -0.7072 -0.6829
vn -0.1830 -0.7072 -0.6830
vn -0.0000 -0.7072 -0.7071
vn 0.1829 -0.7072 -0.6830
vn 0.3535 -0.7072 -0.6123
vn 0.3536 -0.7071 -0.6123
vn 0.2501 -0.8660 -0.4330
vn 0.5000 -0.7072 -0.4999
vn 0.4330 -0.8660 -0.2501
vn 0.6830 -0.7071 -0.1830
vn 0.5000 -0.8660 -0.0000
vn 0.2589 -0.9659 0.0001
vn 0.1294 -0.8660 0.4829
vn -0.1831 -0.9659 0.1831
vn -0.4330 -0.8661 0.2499
vn -0.2589 -0.9659 -0.0001
vn -0.2501 -0.9659 -0.0671
vn -0.2500 -0.9659 -0.0670
vn -0.1831 -0.9659 -0.1831
vn -0.2499 -0.8661 -0.4330
vn -0.0670 -0.9659 -0.2501
vn -0.1294 -0.8660 -0.4829
vn -0.0000 -0.8661 -0.5000
vn -0.0000 -0.8661 -0.4999
vn -0.0000 -0.9659 -0.2589
vn 0.0670 -0.9659 -0.2501
vn 0.0671 -0.9659 -0.2501
vn 0.2590 -0.0000 -0.9659
vn 0.8366 -0.2587 0.4829
vn 0.6831 -0.2587 0.6830
vn -0.7071 -0.0001 0.7071
vn -0.7072 -0.0001 0.7070
vn -0.8661 -0.0001 0.5000
vn -0.9331 -0.2588 0.2499
vn -0.9659 -0.2588 -0.0000
vn -0.8365 -0.2588 -0.4829
vn -0.8660 -0.0001 -0.5000
vn -0.6830 -0.2587 -0.6830
vn 0.2501 -0.2587 -0.9330
vn 0.8661 -0.0001 -0.5000
vn 0.2499 -0.9660 0.0669
vn 0.2499 -0.9660 -0.0670
vn 0.2240 -0.9660 -0.1294
vn -0.0670 -0.9659 -0.2499
vn -0.1294 -0.9660 -0.2241
vn -0.1830 -0.9660 -0.1829
vn -0.1294 -0.9660 0.2240
vn -0.2241 -0.5000 0.8366
vn -0.6829 -0.2588 0.6831
vn -0.9330 -0.2589 0.2500
vn -0.8661 -0.4999 -0.0001
vn -0.9330 -0.2588 -0.2500
vn 0.4829 -0.2588 -0.8365
vn 0.6830 -0.2589 -0.6831
vn 0.6123 -0.4999 -0.6125
vn 0.8366 -0.5000 -0.2241
vn 0.7072 -0.7071 0.0001
vn 0.6125 -0.7070 0.3535
vn 0.7499 -0.5000 0.4330
vn 0.1831 -0.7071 0.6831
vn -0.4330 -0.5001 0.7500
vn -0.6125 -0.7070 0.3535
vn -0.7072 -0.7070 -0.0001
vn -0.6123 -0.5000 -0.6124
vn 0.0001 -0.5001 -0.8660
vn 0.0001 -0.7071 -0.7071
vn 0.2242 -0.5001 -0.8365
vn 0.3536 -0.7070 -0.6124
vn 0.5001 -0.7071 -0.5000
vn 0.7500 -0.5000 -0.4331
vn 0.4330 -0.8660 0.2500
vn 0.5000 -0.7071 0.5000
vn 0.5000 -0.7072 0.5000
vn 0.2501 -0.8660 0.4331
vn 0.0001 -0.7071 0.7071
vn -0.1294 -0.8660 0.4831
vn -0.1830 -0.7072 0.6829
vn -0.6123 -0.7071 0.3536
vn -0.4330 -0.8660 -0.2500
vn -0.1294 -0.8660 -0.4831
vn 0.4330 -0.8660 -0.2500
vn 0.4831 -0.8660 -0.1295
vn 0.6830 -0.7072 -0.1829
vn 0.7070 -0.7072 -0.0000
vn 0.2500 -0.9659 0.0671
vn 0.4329 -0.8661 0.2500
vn -0.2243 -0.9659 0.1294
vn -0.4329 -0.8661 -0.2499
vn 0.2499 -0.8661 -0.4329
vn 0.2500 -0.8661 -0.4329
vn 0.8660 -0.0001 0.5001
vn 0.4830 -0.2587 0.8365
vn 0.5000 -0.0001 0.8661
vn 0.0001 -0.2588 0.9659
vn -0.0001 -0.2588 0.9659
vn -0.2499 -0.2588 0.9330
vn -0.2500 -0.2587 0.9330
vn -0.4829 -0.2588 0.8366
vn -0.4830 -0.2587 0.8365
vn -0.9330 -0.2587 0.2501
vn -1.0000 -0.0000 -0.0000
vn -0.9660 -0.2587 0.0001
vn -0.9331 -0.2587 -0.2499
vn -0.8366 -0.2588 -0.4829
vn -0.7072 -0.0000 -0.7071
vn -0.5000 -0.0001 -0.8661
vn -0.4829 -0.2587 -0.8366
vn -0.2500 -0.2588 -0.9330
vn -0.2588 -0.0001 -0.9659
vn 0.4829 -0.2587 -0.8366
vn 0.2241 -0.9660 -0.1294
vn 0.1830 -0.9660 -0.1829
vn 0.0670 -0.9659 -0.2500
vn -0.2241 -0.9660 -0.1293
vn -0.2241 -0.9660 0.1293
vn 0.0670 -0.9660 0.2499
vn 0.1830 -0.9660 0.1829
vn 0.2241 -0.9660 0.1294
vn 0.9330 -0.2589 0.2501
vn 0.6831 -0.2589 0.6830
vn 0.6123 -0.5000 0.6124
vn -0.0001 -0.5000 0.8660
vn -0.2501 -0.2589 0.9330
vn -0.8661 -0.4999 0.0001
vn -0.6124 -0.4999 -0.6125
vn 0.0001 -0.2589 -0.9659
vn 0.2241 -0.5000 -0.8366
vn 0.6124 -0.5000 -0.6123
vn 0.8365 -0.4999 -0.2242
vn 0.7500 -0.5001 0.4329
vn -0.0000 -0.7070 0.7072
vn -0.0001 -0.7070 0.7072
vn -0.2242 -0.5001 0.8365
vn -0.6124 -0.7070 0.3535
vn -0.6125 -0.7070 -0.3535
vn -0.4329 -0.5001 -0.7500
vn 0.0001 -0.7070 -0.7072
vn 0.4329 -0.5000 -0.7500
vn 0.1831 -0.7071 -0.6831
vn 0.6123 -0.5000 -0.6124
vn 0.7072 -0.7070 -0.0001
vn 0.7071 -0.7072 -0.0000
vn 0.6830 -0.7072 0.1829
vn 0.3537 -0.8660 0.3536
vn 0.1831 -0.7072 0.6830
vn -0.7070 -0.7072 -0.0000
vn -0.5000 -0.8660 -0.0000
vn -0.3535 -0.7072 -0.6124
vn 0.4999 -0.7071 -0.5000
vn 0.3536 -0.8660 -0.3537
vn -0.5000 -0.8661 -0.0000
vn 0.9330 -0.2588 0.2500
vn 0.2500 -0.2587 0.9330
vn -0.7071 -0.0001 -0.7072
vn -0.4829 -0.2588 -0.8365
vn -0.2499 -0.2587 -0.9331
vn -0.0000 -0.2587 -0.9659
vn 0.5000 -0.0001 -0.8661
vn 0.8366 -0.2589 0.4829
vn -0.4330 -0.5000 0.7501
vn -0.7501 -0.5000 0.4330
vn -0.9330 -0.2589 -0.2500
vn -0.6124 -0.4999 -0.6123
vn -0.2241 -0.5000 -0.8365
vn 0.6829 -0.2589 -0.6830
vn 0.8364 -0.5001 0.2242
vn 0.4329 -0.5001 0.7500
vn 0.3535 -0.7071 0.6125
vn 0.1830 -0.7070 0.6831
vn -0.1830 -0.7070 0.6831
vn -0.3535 -0.7071 0.6125
vn -0.7500 -0.5001 0.4329
vn -0.8364 -0.5001 0.2242
vn -0.3537 -0.8660 0.3536
vn 0.3535 -0.8660 0.3535
vn 0.0671 -0.9659 0.2500
vn -0.0001 -0.8661 0.4999
vn -0.0001 -0.9659 0.2589
vn -0.1293 -0.8661 0.4829
vn -0.2500 -0.9659 -0.0671
vn -0.0000 -0.9499 0.3125
vn -0.0000 -0.9310 0.3650
vn -0.0000 -0.9310 0.3651
vn -0.0000 -0.9499 0.3126
vn -0.0000 -0.9145 0.4046
vn -0.0000 -0.9145 0.4045
vn -0.0000 -0.9036 0.4283
vn -0.0000 -0.9035 0.4287
vn -0.0000 -0.9144 0.4048
vn -0.0000 -0.9038 0.4280
vn -0.0000 -0.9001 0.4357
vn -0.0000 -0.9808 -0.1950
vn -0.0000 -0.9808 -0.1951
vn -0.0000 -0.9808 -0.1952
vn -0.0000 -0.9239 -0.3826
vn -0.0000 -0.9239 -0.3827
vn -0.0000 -0.8315 -0.5555
vn -0.0000 -0.8314 -0.5556
vn -0.0000 -0.7072 -0.7070
vn -0.0000 -0.5556 -0.8314
vn -0.0000 -0.5556 -0.8315
vn -0.0000 -0.5555 -0.8315
vn -0.0000 -0.3828 -0.9238
vn -0.0000 -0.3827 -0.9239
vn -0.0000 -0.3826 -0.9239
vn -0.0000 -0.1952 -0.9808
vn -0.0000 -0.1951 -0.9808
vn -0.0000 -0.0980 -0.9952
vn -0.0000 -0.9659 -0.2587
vn 0.0001 -0.9239 -0.3827
vn 0.1950 -0.9808 -0.0000
vn 0.1951 -0.9808 -0.0000
vn 0.1952 -0.9808 -0.0000
vn 0.3826 -0.9239 -0.0000
vn 0.3827 -0.9239 0.0001
vn 0.3828 -0.9238 -0.0000
vn 0.5555 -0.8315 -0.0000
vn 0.5556 -0.8315 -0.0000
vn 0.5556 -0.8314 -0.0000
vn 0.8314 -0.5556 -0.0000
vn 0.8315 -0.5556 -0.0000
vn 0.7072 -0.7070 -0.0000
vn 0.8315 -0.5555 -0.0000
vn 0.9239 -0.3827 -0.0000
vn 0.9239 -0.3826 -0.0000
vn 0.9808 -0.1952 -0.0000
vn 0.9808 -0.1951 -0.0000
vn 0.9952 -0.0980 -0.0000
vn 0.9660 -0.2587 -0.0000
vn 1.0000 -0.0001 -0.0000
vn 0.9659 -0.2587 -0.0000
vn 0.4999 -0.8661 -0.0001
vn -0.9952 -0.0979 -0.0000
vn -0.9952 -0.0980 -0.0000
vn -1.0000 -0.0001 -0.0000
vn -0.9952 -0.0981 -0.0000
vn -0.9808 -0.1951 -0.0000
vn -0.9239 -0.3826 -0.0000
vn -0.9239 -0.3827 -0.0000
vn -0.8315 -0.5555 -0.0000
vn -0.8315 -0.5556 -0.0000
vn -0.8314 -0.5557 -0.0000
vn -0.7071 -0.7072 -0.0000
vn -0.5556 -0.8314 -0.0000
vn -0.5556 -0.8315 -0.0000
vn -0.5555 -0.8315 -0.0000
vn -0.3827 -0.9239 -0.0000
vn -0.1952 -0.9808 -0.0000
vn -0.1950 -0.9808 -0.0000
vn -0.4999 -0.8661 0.0001
vn -0.0000 0.9499 0.3124
vn -0.0014 0.9659 0.2589
vn -0.0000 0.8074 0.5899
vn -0.0000 0.8074 0.5900
vn -0.0017 0.8660 0.5001
vn -0.0000 0.7059 0.7083
vn -0.0000 0.7055 0.7087
vn -0.0000 0.5863 0.8101
vn -0.0016 0.7058 0.7084
vn -0.0000 0.4528 0.8916
vn -0.0000 0.4527 0.8916
vn -0.0011 0.4999 0.8661
vn -0.0000 0.3082 0.9513
vn -0.0000 0.3081 0.9514
vn -0.0000 0.1560 0.9878
vn -0.0000 0.1559 0.9878
vn -0.0000 0.2587 0.9660
vn -0.0000 0.0981 0.9952
vn -0.0000 0.0980 0.9952
vn -0.0000 0.1951 0.9808
vn -0.0000 0.1952 0.9808
vn -0.0000 0.3826 0.9239
vn 0.0001 0.3827 0.9239
vn 0.0016 0.2589 0.9659
vn -0.0000 0.3828 0.9238
vn -0.0000 0.5555 0.8315
vn -0.0000 0.5556 0.8315
vn 0.0012 0.5000 0.8660
vn -0.0000 0.7067 0.7076
vn -0.0000 0.5556 0.8314
vn -0.0000 0.7068 0.7074
vn -0.0000 0.8314 0.5556
vn -0.0000 0.8315 0.5556
vn 0.0013 0.7068 0.7074
vn -0.0000 0.8315 0.5555
vn -0.0000 0.9239 0.3827
vn 0.0018 0.8661 0.4999
vn -0.0000 0.9239 0.3826
vn -0.0000 0.9808 0.1952
vn -0.0000 0.9808 0.1951
vn -0.0000 0.8075 0.5899
vn -0.0000 0.7063 0.7079
vn -0.0000 0.7064 0.7079
vn -0.0000 0.7068 0.7075
vn -0.0000 0.7063 0.7080
vn -0.0000 0.7067 0.7075
vn -0.0000 0.7058 0.7084
vn 0.1294 0.9660 0.2240
vn 0.2243 0.9659 0.1294
vn -0.0000 0.8661 0.5000
vn 0.0001 0.8660 0.5000
vn 0.0001 0.5000 0.8661
vn 0.5001 0.8660 0.0001
vn 0.7071 0.7072 0.0001
vn 0.1295 0.8660 0.4831
vn 0.6125 0.7071 0.3535
vn 0.4331 0.5001 0.7499
vn 0.3535 0.7070 0.6125
vn 0.6123 0.4999 0.6125
vn 0.4829 0.2589 0.8366
vn 0.9330 0.2587 0.2500
vn 0.8365 0.2587 0.4830
vn 0.9878 0.1559 -0.0000
vn 0.9878 0.1560 -0.0000
vn 0.9513 0.3081 -0.0000
vn 0.8916 0.4527 -0.0000
vn 0.8916 0.4528 -0.0000
vn 0.9659 0.2589 -0.0014
vn 0.8101 0.5863 -0.0000
vn 0.7087 0.7055 -0.0000
vn 0.5900 0.8074 -0.0000
vn 0.3126 0.9499 -0.0000
vn 0.3125 0.9499 -0.0000
vn 0.4999 0.8661 -0.0017
vn 0.2476 0.9689 -0.0000
vn 0.2475 0.9689 -0.0000
vn 0.1705 0.9854 -0.0000
vn 0.0857 0.9963 -0.0000
vn -0.0857 0.9963 -0.0000
vn -0.1705 0.9854 -0.0000
vn -0.1705 0.9854 -0.0001
vn -0.2475 0.9689 -0.0001
vn -0.2478 0.9688 -0.0002
vn -0.0002 1.0000 -0.0002
vn -0.3128 0.9498 -0.0002
vn -0.0000 -0.9499 0.3124
vn 0.0014 -0.9659 0.2589
vn -0.0000 -0.8075 0.5899
vn -0.0000 -0.8074 0.5900
vn 0.0017 -0.8660 0.5001
vn -0.0000 -0.7060 0.7083
vn -0.0000 -0.7059 0.7083
vn -0.0000 -0.7055 0.7087
vn -0.0000 -0.7059 0.7084
vn -0.0000 -0.5863 0.8101
vn 0.0016 -0.7058 0.7084
vn -0.0000 -0.4528 0.8916
vn -0.0000 -0.4527 0.8916
vn 0.0011 -0.4999 0.8661
vn -0.0000 -0.3082 0.9513
vn -0.0000 -0.3081 0.9514
vn -0.0000 -0.1560 0.9878
vn -0.0000 -0.1559 0.9878
vn -0.0000 -0.2587 0.9660
vn -0.0000 -0.0981 0.9952
vn -0.0000 -0.0980 0.9952
vn -0.0000 -0.1951 0.9808
vn -0.0000 -0.1952 0.9808
vn -0.0000 -0.3826 0.9239
vn 0.0001 -0.3827 0.9239
vn -0.0016 -0.2589 0.9659
vn -0.0000 -0.3828 0.9238
vn -0.0000 -0.5555 0.8315
vn -0.0000 -0.5556 0.8315
vn -0.0012 -0.5000 0.8660
vn -0.0000 -0.7067 0.7076
vn -0.0000 -0.5556 0.8314
vn -0.0000 -0.7067 0.7075
vn -0.0000 -0.8314 0.5556
vn -0.0000 -0.8315 0.5556
vn -0.0013 -0.7068 0.7074
vn -0.0000 -0.8315 0.5555
vn -0.0000 -0.9239 0.3827
vn -0.0001 -0.9239 0.3827
vn -0.0018 -0.8661 0.4999
vn -0.0000 -0.9239 0.3826
vn -0.0000 -0.9808 0.1951
vn -0.0000 -0.9808 0.1950
vn -0.0000 -0.8074 0.5899
vn -0.0000 -0.7064 0.7079
vn -0.0000 -0.7063 0.7079
vn -0.0000 -0.7068 0.7075
vn -0.0000 -0.7062 0.7080
vn -0.0000 -0.7068 0.7074
vn -0.0000 -0.7058 0.7084
vn -0.0000 -0.7063 0.7080
vn -0.2587 0.0001 0.9660
vn -0.6829 0.2588 0.6831
vn -0.9660 0.2587 0.0001
vn -0.6829 0.2589 0.6831
vn -0.4329 0.4999 0.7501
vn -0.2242 0.4999 0.8366
vn -0.7072 0.7071 0.0001
vn -0.7500 0.5001 0.4329
vn -0.3537 0.7071 0.6124
vn -0.7070 0.7072 0.0001
vn -0.5000 0.7072 0.5000
vn -0.1830 0.7072 0.6829
vn -0.1294 0.9659 0.2243
vn -0.3826 0.9239 -0.0000
vn -0.5001 0.8660 -0.0018
vn -0.7071 0.7071 -0.0017
vn -0.9238 0.3828 -0.0000
vn -0.9239 0.3827 -0.0001
vn -0.9808 0.1952 -0.0000
vn -0.9659 0.0669 0.2499
vn -0.9659 0.0670 0.2499
vn -0.9659 0.1294 0.2241
vn -0.9659 0.1830 0.1830
vn -0.9659 0.2241 0.1294
vn -0.9659 0.2499 0.0670
vn -0.9659 0.2501 0.0670
vn -0.8661 0.4829 0.1294
vn -0.9659 0.2242 0.1294
vn -0.8661 0.4330 0.2500
vn -0.9659 0.2242 0.1295
vn -0.9659 0.1831 0.1830
vn -0.8661 0.4329 0.2500
vn -0.8661 0.3535 0.3535
vn -0.9659 0.1831 0.1831
vn -0.9659 0.1295 0.2242
vn -0.8661 0.2500 0.4329
vn -0.9659 0.1294 0.2242
vn -0.8661 0.2500 0.4330
vn -0.9659 0.0671 0.2501
vn -0.9659 0.0670 0.2501
vn -0.8661 0.2499 0.4330
vn -0.8661 0.1294 0.4829
vn -0.8660 0.1294 0.4830
vn -0.7072 0.1830 0.6830
vn -0.7071 0.1830 0.6830
vn -0.7071 0.1830 0.6831
vn -0.5001 0.2241 0.8365
vn -0.5000 0.2241 0.8365
vn -0.4999 0.0001 0.8661
vn -0.4999 0.2241 0.8366
vn -0.2589 0.2499 0.9330
vn -0.2588 0.2500 0.9330
vn -0.0001 0.2587 0.9659
vn -0.8660 0.4831 0.1294
vn -0.7071 0.6830 0.1830
vn -0.8660 0.4830 0.1295
vn -0.7072 0.6830 0.1831
vn -0.8660 0.4331 0.2500
vn -0.7072 0.6830 0.1830
vn -0.7072 0.6123 0.3535
vn -0.8660 0.4330 0.2501
vn -0.7072 0.6123 0.3536
vn -0.8660 0.3536 0.3536
vn -0.7071 0.6123 0.3536
vn -0.7071 0.5000 0.4999
vn -0.7072 0.4999 0.5000
vn -0.8660 0.2501 0.4330
vn -0.8660 0.2500 0.4331
vn -0.7072 0.3536 0.6123
vn -0.7071 0.3535 0.6124
vn -0.8660 0.1295 0.4830
vn -0.7072 0.3535 0.6124
vn -0.7072 0.1830 0.6829
vn -0.7071 0.6831 0.1830
vn -0.5001 0.8365 0.2241
vn -0.7070 0.6831 0.1831
vn -0.5000 0.8365 0.2242
vn -0.7070 0.6125 0.3535
vn -0.7071 0.6124 0.3535
vn -0.5001 0.7500 0.4330
vn -0.7071 0.6124 0.3536
vn -0.5001 0.7499 0.4331
vn -0.7071 0.5001 0.5000
vn -0.7070 0.5001 0.5000
vn -0.5001 0.7499 0.4330
vn -0.5001 0.6124 0.6123
vn -0.7071 0.5000 0.5001
vn -0.5000 0.6123 0.6124
vn -0.7071 0.3536 0.6124
vn -0.5001 0.6123 0.6124
vn -0.5001 0.4330 0.7499
vn -0.7071 0.3535 0.6125
vn -0.5001 0.4329 0.7500
vn -0.7071 0.1831 0.6830
vn -0.5001 0.2242 0.8365
vn -0.5000 0.8660 0.0001
vn -0.2589 0.9659 0.0001
vn -0.5000 0.8365 0.2241
vn -0.5000 0.8366 0.2241
vn -0.2589 0.9330 0.2499
vn -0.4999 0.8365 0.2242
vn -0.2589 0.9330 0.2501
vn -0.4999 0.7501 0.4330
vn -0.2589 0.9330 0.2500
vn -0.2589 0.8365 0.4829
vn -0.4999 0.7500 0.4331
vn -0.2589 0.8365 0.4830
vn -0.4999 0.6124 0.6123
vn -0.5000 0.6124 0.6123
vn -0.2589 0.6830 0.6829
vn -0.4999 0.6123 0.6125
vn -0.2589 0.6830 0.6831
vn -0.4999 0.4331 0.7500
vn -0.2589 0.6830 0.6830
vn -0.2589 0.4830 0.8365
vn -0.4999 0.4330 0.7501
vn -0.2589 0.4829 0.8365
vn -0.4999 0.2242 0.8365
vn -0.5000 0.2242 0.8365
vn -0.2589 0.2500 0.9330
vn -0.2588 0.9659 0.0001
vn -0.2588 0.9330 0.2499
vn -0.0001 0.9659 0.2588
vn -0.2587 0.9330 0.2500
vn -0.0001 0.9659 0.2589
vn -0.2588 0.8366 0.4829
vn -0.2587 0.8366 0.4829
vn -0.0001 0.8661 0.5000
vn -0.2587 0.8365 0.4830
vn -0.2587 0.6831 0.6830
vn -0.0001 0.8660 0.5001
vn -0.2587 0.6830 0.6831
vn -0.2588 0.4830 0.8365
vn -0.2587 0.4830 0.8365
vn -0.2587 0.4829 0.8366
vn -0.2588 0.2501 0.9330
vn -0.2587 0.2501 0.9330
vn 0.2499 -0.2588 0.9330
vn 0.2587 -0.0001 0.9660
vn 0.6829 -0.2588 0.6831
vn 0.6830 -0.2587 0.6830
vn 0.8661 -0.0001 0.5000
vn 0.6829 -0.2589 0.6830
vn 0.4831 -0.2589 0.8364
vn 0.4329 -0.4999 0.7501
vn 0.0001 -0.7072 0.7070
vn 0.7499 -0.5001 0.4330
vn 0.2242 -0.5001 0.8364
vn 0.1831 -0.7070 0.6831
vn 0.4999 -0.7072 0.5000
vn 0.3535 -0.8661 0.3534
vn 0.3827 -0.9239 -0.0000
vn 0.3828 -0.9239 -0.0000
vn 0.5000 -0.8660 -0.0018
vn 0.7071 -0.7071 -0.0017
vn 0.9238 -0.3828 -0.0000
vn 0.9952 -0.0981 -0.0000
vn -0.0671 -0.9659 0.2501
vn -0.1830 -0.7072 0.6830
vn -0.0001 -0.7071 0.7071
vn -0.2240 -0.5001 0.8365
vn -0.0001 -0.5000 0.8661
vn -0.2499 -0.2587 0.9331
vn -0.4999 -0.7071 0.5000
vn -0.7072 -0.7071 0.0001
vn -0.6831 -0.7070 0.1831
vn -0.6125 -0.7071 0.3535
vn -0.6124 -0.7070 0.3536
vn -0.2242 -0.4999 0.8366
vn -0.4828 -0.2589 0.8366
vn -0.9330 -0.2587 0.2499
vn -0.9878 -0.1560 -0.0000
vn -0.9660 -0.2587 -0.0000
vn -0.9513 -0.3081 -0.0000
vn -0.8916 -0.4527 -0.0000
vn -0.8916 -0.4528 -0.0000
vn -0.9659 -0.2589 -0.0014
vn -0.8101 -0.5863 -0.0000
vn -0.7087 -0.7055 -0.0000
vn -0.5900 -0.8074 -0.0000
vn -0.5899 -0.8075 -0.0000
vn -0.3126 -0.9499 -0.0000
vn -0.3125 -0.9499 -0.0000
vn -0.4999 -0.8661 -0.0017
vn -0.2475 -0.9689 -0.0000
vn -0.2476 -0.9689 -0.0000
vn -0.1705 -0.9854 -0.0000
vn -0.0857 -0.9963 -0.0000
vn 0.0857 -0.9963 -0.0000
vn 0.1705 -0.9854 -0.0000
vn 0.2475 -0.9689 -0.0001
vn 0.2476 -0.9689 -0.0000
vn 0.3126 -0.9499 -0.0001
vn -0.0002 -0.0000 1.0000
vn -0.2586 -0.0000 0.9660
vn 0.2588 0.2499 0.9330
vn 0.2587 0.2499 0.9331
vn 0.2587 0.2501 0.9330
vn 0.2587 0.4829 0.8366
vn 0.2587 0.4830 0.8365
vn 0.2588 0.6830 0.6831
vn 0.0001 0.7071 0.7071
vn 0.2588 0.6831 0.6830
vn 0.2588 0.8365 0.4830
vn 0.2587 0.8365 0.4830
vn 0.0001 0.8660 0.5001
vn 0.2588 0.8366 0.4829
vn 0.2588 0.9330 0.2501
vn 0.0001 0.9659 0.2589
vn 0.2588 0.9330 0.2499
vn 0.0001 0.9659 0.2588
vn 0.2588 0.9659 0.0001
vn 0.0001 0.9659 0.2587
vn 0.2589 0.9330 0.2499
vn 0.2589 0.9330 0.2500
vn 0.4999 0.8366 0.2241
vn 0.2589 0.9330 0.2501
vn 0.4999 0.8365 0.2242
vn 0.2588 0.8365 0.4829
vn 0.2589 0.8365 0.4829
vn 0.5000 0.7500 0.4330
vn 0.2589 0.8365 0.4830
vn 0.2589 0.6831 0.6829
vn 0.4999 0.7500 0.4331
vn 0.4999 0.6124 0.6124
vn 0.2589 0.6829 0.6831
vn 0.2589 0.4830 0.8365
vn 0.5000 0.6123 0.6124
vn 0.4999 0.4331 0.7500
vn 0.2589 0.4829 0.8365
vn 0.4999 0.4330 0.7500
vn 0.2589 0.2500 0.9330
vn 0.2588 0.2501 0.9330
vn 0.4999 0.4330 0.7501
vn 0.4999 0.2242 0.8366
vn 0.2589 0.2499 0.9330
vn 0.4999 0.2241 0.8366
vn 0.5000 0.2241 0.8365
vn 0.5001 0.2241 0.8365
vn 0.7071 0.1830 0.6831
vn 0.7071 0.1830 0.6830
vn 0.8660 0.1294 0.4830
vn 0.8661 0.1294 0.4829
vn 0.9659 0.0670 0.2501
vn 0.9659 0.0670 0.2499
vn 0.5001 0.8365 0.2241
vn 0.7071 0.6831 0.1830
vn 0.5001 0.8365 0.2242
vn 0.7071 0.6831 0.1831
vn 0.5000 0.7500 0.4329
vn 0.5001 0.7500 0.4330
vn 0.7071 0.6830 0.1831
vn 0.7071 0.6124 0.3535
vn 0.5001 0.7499 0.4330
vn 0.7071 0.6124 0.3536
vn 0.5000 0.6124 0.6123
vn 0.5001 0.6124 0.6123
vn 0.7071 0.5001 0.5000
vn 0.5001 0.6123 0.6124
vn 0.7071 0.5000 0.5000
vn 0.5001 0.4330 0.7499
vn 0.7071 0.5000 0.5001
vn 0.7071 0.3536 0.6124
vn 0.5001 0.4330 0.7500
vn 0.7070 0.3535 0.6124
vn 0.5001 0.2242 0.8365
vn 0.7071 0.3535 0.6124
vn 0.7071 0.1831 0.6830
vn 0.7071 0.6830 0.1829
vn 0.7072 0.6830 0.1830
vn 0.8660 0.4830 0.1294
vn 0.7072 0.6829 0.1830
vn 0.8660 0.4830 0.1295
vn 0.7072 0.6124 0.3535
vn 0.7072 0.6123 0.3535
vn 0.8660 0.4331 0.2500
vn 0.7071 0.6123 0.3536
vn 0.8660 0.4330 0.2501
vn 0.7071 0.5000 0.4999
vn 0.7072 0.5000 0.4999
vn 0.8660 0.4331 0.2501
vn 0.8660 0.3536 0.3536
vn 0.7072 0.4999 0.5000
vn 0.7072 0.3536 0.6123
vn 0.7071 0.3536 0.6123
vn 0.8660 0.2501 0.4330
vn 0.7072 0.3535 0.6123
vn 0.8660 0.2500 0.4331
vn 0.7072 0.1831 0.6829
vn 0.8660 0.1295 0.4830
vn 0.8661 0.4829 0.1293
vn 0.8661 0.4829 0.1294
vn 0.9659 0.2501 0.0670
vn 0.8661 0.4330 0.2499
vn 0.8661 0.4330 0.2500
vn 0.9659 0.2242 0.1294
vn 0.8661 0.4329 0.2500
vn 0.9659 0.2242 0.1295
vn 0.8661 0.3535 0.3535
vn 0.9659 0.1831 0.1830
vn 0.9659 0.1830 0.1831
vn 0.8661 0.2500 0.4330
vn 0.9659 0.1831 0.1831
vn 0.9659 0.1295 0.2242
vn 0.8661 0.2499 0.4330
vn 0.9659 0.1294 0.2242
vn 0.9659 0.1294 0.2243
vn 0.9659 0.0671 0.2501
vn 0.9659 0.2499 0.0670
vn 0.9660 0.2499 0.0670
vn 0.9660 0.2241 0.1294
vn 0.9659 0.2241 0.1294
vn 0.9659 0.1830 0.1830
vn 0.9660 0.1829 0.1829
vn 0.9660 0.1294 0.2241
vn 0.9659 0.1294 0.2241
vn 0.9660 0.1293 0.2241
vn 0.9660 0.0670 0.2499
vn -0.4829 0.2587 0.8366
vn -0.7071 0.0001 0.7072
vn -0.9331 0.2587 0.2499
vn -0.0001 0.5000 0.8661
vn -0.6125 0.4999 0.6123
vn -0.6125 0.4999 0.6124
vn -0.4329 0.5000 0.7500
vn -0.1831 0.7070 0.6831
vn -0.3535 0.7072 0.6123
vn -0.3535 0.7071 0.6123
vn -0.5000 0.7071 0.4999
vn -0.3537 0.8660 0.3536
vn -0.6123 0.7071 0.3536
vn -0.0671 0.9659 0.2501
vn -0.1830 0.9660 0.1829
vn 0.2499 0.2587 0.9330
vn 0.2499 0.2588 0.9330
vn 0.7500 0.5000 0.4331
vn 0.6830 0.2589 0.6831
vn 0.6124 0.7070 0.3535
vn 0.3537 0.7070 0.6124
vn 0.3535 0.7071 0.6125
vn 0.3537 0.8660 0.3536
vn 0.1831 0.7072 0.6829
vn 0.1294 0.8660 0.4829
vn 0.9660 0.2587 -0.0000
vn -0.2588 -0.2499 0.9330
vn -0.2587 -0.2499 0.9331
vn -0.2587 -0.2501 0.9330
vn -0.2587 -0.4829 0.8366
vn -0.2588 -0.4830 0.8365
vn -0.2587 -0.6830 0.6831
vn -0.2588 -0.6830 0.6831
vn -0.2588 -0.6831 0.6830
vn -0.0001 -0.7072 0.7071
vn -0.2588 -0.8365 0.4830
vn -0.2587 -0.8365 0.4830
vn -0.2587 -0.8366 0.4829
vn -0.2588 -0.9330 0.2501
vn -0.2588 -0.9330 0.2500
vn -0.0001 -0.9659 0.2588
vn -0.2588 -0.9659 0.0001
vn -0.0001 -0.9660 0.2587
vn -0.2589 -0.9659 0.0001
vn -0.2589 -0.9330 0.2499
vn -0.5000 -0.8660 0.0001
vn -0.4999 -0.8366 0.2241
vn -0.2589 -0.9330 0.2501
vn -0.4999 -0.8365 0.2242
vn -0.2588 -0.8365 0.4829
vn -0.2589 -0.8365 0.4829
vn -0.5000 -0.8365 0.2242
vn -0.5000 -0.7500 0.4330
vn -0.2589 -0.8365 0.4830
vn -0.2589 -0.6831 0.6829
vn -0.2588 -0.6830 0.6830
vn -0.4999 -0.7500 0.4331
vn -0.4999 -0.6124 0.6124
vn -0.2589 -0.6830 0.6830
vn -0.2589 -0.4830 0.8365
vn -0.5000 -0.6123 0.6124
vn -0.4999 -0.4331 0.7500
vn -0.2589 -0.4829 0.8365
vn -0.4999 -0.4330 0.7500
vn -0.2589 -0.2501 0.9330
vn -0.2588 -0.2501 0.9330
vn -0.4999 -0.4330 0.7501
vn -0.4999 -0.2242 0.8365
vn -0.2589 -0.2499 0.9330
vn -0.4999 -0.2241 0.8366
vn -0.5000 -0.2241 0.8365
vn -0.5001 -0.2241 0.8365
vn -0.7071 -0.1830 0.6831
vn -0.7070 -0.1830 0.6831
vn -0.7071 -0.1830 0.6830
vn -0.8660 -0.1294 0.4830
vn -0.8661 -0.1294 0.4829
vn -0.9659 -0.0670 0.2501
vn -0.9659 -0.0670 0.2499
vn -0.5001 -0.8365 0.2241
vn -0.7071 -0.6830 0.1830
vn -0.7070 -0.6831 0.1831
vn -0.5000 -0.7500 0.4329
vn -0.5001 -0.7500 0.4330
vn -0.7071 -0.6830 0.1831
vn -0.7071 -0.6124 0.3535
vn -0.5001 -0.7499 0.4330
vn -0.7071 -0.6124 0.3536
vn -0.5001 -0.6124 0.6123
vn -0.7070 -0.5001 0.5000
vn -0.5001 -0.6123 0.6124
vn -0.7071 -0.5000 0.5000
vn -0.5001 -0.4330 0.7499
vn -0.5000 -0.4330 0.7500
vn -0.7071 -0.5000 0.5001
vn -0.7070 -0.3536 0.6124
vn -0.5001 -0.4330 0.7500
vn -0.7071 -0.3535 0.6124
vn -0.5001 -0.2242 0.8365
vn -0.5001 -0.2242 0.8364
vn -0.7071 -0.1831 0.6830
vn -0.7072 -0.6830 0.1830
vn -0.8660 -0.4831 0.1294
vn -0.7072 -0.6829 0.1831
vn -0.8660 -0.4830 0.1295
vn -0.7072 -0.6123 0.3535
vn -0.7072 -0.6124 0.3535
vn -0.8660 -0.4331 0.2500
vn -0.7072 -0.6123 0.3536
vn -0.8660 -0.4331 0.2501
vn -0.7072 -0.5000 0.4999
vn -0.8660 -0.3536 0.3536
vn -0.7072 -0.4999 0.5000
vn -0.7072 -0.3536 0.6123
vn -0.7071 -0.3536 0.6123
vn -0.8660 -0.2501 0.4331
vn -0.8660 -0.2500 0.4331
vn -0.7072 -0.1831 0.6829
vn -0.7072 -0.1830 0.6830
vn -0.8661 -0.4829 0.1294
vn -0.9659 -0.2501 0.0670
vn -0.9659 -0.2500 0.0671
vn -0.8661 -0.4329 0.2499
vn -0.8661 -0.4330 0.2499
vn -0.9659 -0.2501 0.0671
vn -0.9659 -0.2243 0.1294
vn -0.8661 -0.4329 0.2500
vn -0.9659 -0.2241 0.1294
vn -0.8661 -0.3535 0.3535
vn -0.9659 -0.2242 0.1295
vn -0.9659 -0.1831 0.1830
vn -0.9659 -0.1830 0.1831
vn -0.8661 -0.2500 0.4329
vn -0.8661 -0.2500 0.4330
vn -0.9659 -0.1295 0.2242
vn -0.8661 -0.2499 0.4330
vn -0.9659 -0.1294 0.2242
vn -0.9659 -0.2499 0.0669
vn -0.9660 -0.2499 0.0670
vn -0.9659 -0.2499 0.0670
vn -0.9660 -0.2241 0.1293
vn -0.9659 -0.1830 0.1830
vn -0.9660 -0.1829 0.1829
vn -0.9659 -0.1294 0.2241
vn 0.9659 -0.0670 0.2499
vn 0.9659 -0.0670 0.2500
vn 0.9660 -0.0670 0.2499
vn 0.9660 -0.1294 0.2241
vn 0.9659 -0.1294 0.2241
vn 0.9659 -0.1830 0.1830
vn 0.9660 -0.1829 0.1830
vn 0.9660 -0.1830 0.1829
vn 0.9660 -0.2241 0.1294
vn 0.9659 -0.2241 0.1294
vn 0.9660 -0.2499 0.0670
vn 0.9659 -0.2499 0.0670
vn 0.9659 -0.2500 0.0670
vn 0.9659 -0.2501 0.0670
vn 0.8661 -0.4829 0.1294
vn 0.9659 -0.2242 0.1294
vn 0.8661 -0.4330 0.2499
vn 0.9659 -0.2242 0.1295
vn 0.8661 -0.4329 0.2500
vn 0.9659 -0.1831 0.1830
vn 0.8661 -0.4330 0.2500
vn 0.8661 -0.3535 0.3535
vn 0.9659 -0.1830 0.1831
vn 0.9659 -0.1295 0.2242
vn 0.8661 -0.2500 0.4329
vn 0.9659 -0.1294 0.2243
vn 0.8661 -0.2500 0.4330
vn 0.9659 -0.0670 0.2501
vn 0.8661 -0.2499 0.4330
vn 0.8661 -0.1294 0.4829
vn 0.8660 -0.1294 0.4830
vn 0.7072 -0.1829 0.6830
vn 0.7072 -0.1830 0.6830
vn 0.7071 -0.1830 0.6831
vn 0.5001 -0.2241 0.8365
vn 0.5000 -0.2241 0.8365
vn 0.4999 -0.2241 0.8366
vn 0.2589 -0.2499 0.9330
vn 0.2588 -0.2500 0.9330
vn 0.0001 -0.2587 0.9659
vn 0.8660 -0.4830 0.1294
vn 0.7071 -0.6830 0.1830
vn 0.8660 -0.4830 0.1295
vn 0.8660 -0.4331 0.2500
vn 0.7072 -0.6829 0.1830
vn 0.7072 -0.6123 0.3535
vn 0.8660 -0.4331 0.2501
vn 0.7072 -0.6123 0.3536
vn 0.8660 -0.3536 0.3536
vn 0.7071 -0.5000 0.4999
vn 0.7072 -0.5000 0.5000
vn 0.8660 -0.2501 0.4330
vn 0.8660 -0.2501 0.4331
vn 0.7071 -0.4999 0.5000
vn 0.7071 -0.3536 0.6123
vn 0.8660 -0.2500 0.4331
vn 0.7071 -0.3535 0.6124
vn 0.8660 -0.1295 0.4830
vn 0.7071 -0.1830 0.6830
vn 0.7071 -0.6831 0.1830
vn 0.5001 -0.8365 0.2241
vn 0.7070 -0.6831 0.1831
vn 0.5001 -0.8365 0.2242
vn 0.7071 -0.6125 0.3535
vn 0.7071 -0.6124 0.3535
vn 0.5001 -0.7500 0.4330
vn 0.7071 -0.6124 0.3536
vn 0.5001 -0.7499 0.4331
vn 0.7071 -0.5001 0.5000
vn 0.7070 -0.5001 0.5000
vn 0.5000 -0.6124 0.6123
vn 0.7071 -0.5000 0.5001
vn 0.5001 -0.6123 0.6124
vn 0.7071 -0.3536 0.6124
vn 0.5001 -0.4330 0.7500
vn 0.5001 -0.4329 0.7500
vn 0.7071 -0.1831 0.6830
vn 0.5001 -0.2242 0.8365
vn 0.5000 -0.8365 0.2241
vn 0.4999 -0.8366 0.2241
vn 0.2589 -0.9330 0.2499
vn 0.5000 -0.8365 0.2242
vn 0.2589 -0.9330 0.2501
vn 0.4999 -0.7501 0.4330
vn 0.5000 -0.7501 0.4330
vn 0.2589 -0.8365 0.4829
vn 0.4999 -0.7500 0.4331
vn 0.2588 -0.8365 0.4830
vn 0.4999 -0.6124 0.6123
vn 0.4999 -0.6124 0.6124
vn 0.2589 -0.8365 0.4830
vn 0.2589 -0.6830 0.6830
vn 0.2589 -0.6830 0.6831
vn 0.4999 -0.4331 0.7500
vn 0.5000 -0.4331 0.7500
vn 0.2589 -0.4830 0.8365
vn 0.4999 -0.4330 0.7501
vn 0.2588 -0.4829 0.8365
vn 0.4999 -0.2242 0.8365
vn 0.2589 -0.4829 0.8365
vn 0.2589 -0.2500 0.9330
vn 0.2588 -0.9330 0.2499
vn 0.0001 -0.9659 0.2588
vn 0.2588 -0.9330 0.2501
vn 0.0001 -0.9659 0.2589
vn 0.2588 -0.8366 0.4829
vn 0.0001 -0.8661 0.4999
vn 0.0001 -0.8660 0.5001
vn 0.2588 -0.6831 0.6830
vn 0.2588 -0.6830 0.6831
vn 0.2588 -0.4830 0.8365
vn 0.2587 -0.4830 0.8365
vn 0.2587 -0.4829 0.8366
vn 0.0001 -0.5000 0.8661
vn 0.2588 -0.2501 0.9330
vn 0.2587 -0.2501 0.9330
vn 0.2499 -0.2587 0.9330
vn 0.2501 -0.2587 0.9330
vn 0.9331 -0.2587 0.2499
vn 0.9331 -0.2588 0.2499
vn 0.7070 -0.7072 0.0001
vn 0.4829 -0.2589 0.8366
vn 0.6829 -0.2589 0.6831
vn 0.6125 -0.4999 0.6123
vn 0.7501 -0.5000 0.4330
vn 0.3537 -0.7071 0.6124
vn 0.6125 -0.7071 0.3535
vn 0.2500 -0.8660 0.4330
vn 0.3536 -0.8660 0.3535
vn -0.9659 -0.0001 0.2587
vn -0.2501 -0.2587 0.9330
vn -0.1829 -0.7071 0.6831
vn -0.8661 -0.5000 0.0001
vn -0.8365 -0.2588 0.4829
vn -0.8366 -0.4999 0.2242
vn -0.6830 -0.2588 0.6830
vn -0.6123 -0.4999 0.6125
vn -0.4331 -0.5000 0.7499
vn -0.4331 -0.8660 0.2501
vn -0.5000 -0.7071 0.4999
vn -0.3535 -0.8660 0.3537
vn -0.3535 -0.7071 0.6123
vn -0.1294 -0.8660 0.4829
vn -0.2500 -0.9659 0.0670
vn -0.1830 -0.9660 0.1829
vn 0.0002 -0.0000 1.0000
vn 0.2586 -0.0000 0.9660
vn 0.7071 -0.0001 0.7072
vn 0.3060 -0.0000 -0.9520
vn 0.5527 -0.0000 -0.8334
vn 0.5528 -0.0000 -0.8333
vn 0.3059 -0.0000 -0.9521
vn 0.5529 -0.0000 -0.8333
vn -0.9659 -0.2587 -0.0000
vt -0.975884 0.450861
vt -1.215831 0.526668
vt -1.050000 0.230489
vt -1.215831 -0.526668
vt -1.050000 -0.230489
vt -0.975884 -0.450861
vt -1.091295 -0.751465
vt -0.856119 -0.650142
vt -0.925707 -0.947994
vt -0.696307 -0.819012
vt -0.725295 -1.108861
vt -0.503924 -0.949571
vt -0.497599 -1.228015
vt -0.287968 -1.035712
vt -0.251185 -1.300973
vt -0.058543 -1.073405
vt 0.004678 -1.324992
vt 0.173622 -1.060887
vt 0.260366 -1.299167
vt 0.397664 -0.998743
vt 0.506259 -1.224470
vt 0.603105 -0.889881
vt 0.733107 -1.103711
vt 0.932378 -0.941433
vt -1.091295 0.751465
vt -0.856119 0.650142
vt -0.925707 0.947994
vt -0.696307 0.819012
vt -0.725295 1.108861
vt -0.503924 0.949571
vt -0.497599 1.228015
vt -0.287968 1.035712
vt -0.251185 1.300973
vt -0.058543 1.073405
vt 0.004678 1.324992
vt 0.173622 1.060887
vt 0.260366 1.299167
vt 0.397664 0.998743
vt 0.506259 1.224470
vt 0.603105 0.889881
vt 0.733107 1.103711
vt 0.932378 0.941433
vt 0.780335 0.739393
vt 1.096574 0.743740
vt 0.921062 0.554319
vt 1.219520 0.518069
vt 1.018705 0.343314
vt 1.068696 0.116251
vt 1.219520 -0.518069
vt 1.068696 -0.116251
vt 1.018705 -0.343314
vt 0.921062 -0.554319
vt 1.096574 -0.743740
vt 0.780335 -0.739393
vt 0.018405 0.668208
vt 0.050000 0.789663
vt -0.000000 0.803856
vt 0.050000 1.047055
vt 0.000000 1.052814
vt 0.050000 1.304448
vt -0.000000 1.301773
vt -0.000000 1.550731
vt 0.050000 1.561841
vt -0.000000 1.799690
vt 0.050000 1.819234
vt -0.000000 2.048649
vt 0.050000 2.076627
vt 0.000000 2.297607
vt 0.050000 2.334020
vt 0.000000 2.546566
vt 0.050000 2.591412
vt 0.000000 2.795524
vt 0.050000 2.848805
vt 0.000000 3.044483
vt 0.050000 3.106198
vt 0.000000 3.293442
vt 0.050000 3.363591
vt 0.014355 3.457552
vt 0.050000 3.620984
vt 0.050000 0.532270
vt -0.460977 0.000000
vt 0.000000 0.000000
vt -0.460977 0.050000
vt 0.000000 0.050000
vt -0.050000 -3.144920
vt -0.000000 -3.144920
vt -0.050000 -2.911963
vt -0.000000 -2.911963
vt -0.050000 -2.679006
vt -0.000000 -2.679006
vt -0.050000 -2.446049
vt -0.000000 -2.446049
vt -0.050000 -2.213092
vt -0.000000 -2.213092
vt -0.050000 -1.980135
vt -0.000000 -1.980135
vt -0.050000 -1.747178
vt -0.000000 -1.747178
vt -0.050000 -1.514221
vt -0.000000 -1.514221
vt -0.050000 -1.281264
vt -0.000000 -1.281264
vt -0.050000 -1.048307
vt -0.000000 -1.048307
vt -0.050000 -0.815350
vt -0.000000 -0.815350
vt -0.050000 -0.582393
vt -0.000000 -0.582393
vt -0.050000 -0.349436
vt -0.000000 -0.349436
vt -0.050000 -0.116479
vt -0.000000 -0.116479
vt -0.050000 0.116479
vt 0.000000 0.116479
vt -0.050000 0.349436
vt 0.000000 0.349436
vt -0.050000 0.582393
vt 0.000000 0.582393
vt -0.050000 0.815350
vt 0.000000 0.815350
vt -0.050000 1.048307
vt 0.000000 1.048307
vt -0.050000 1.281264
vt 0.000000 1.281264
vt -0.050000 1.514221
vt 0.000000 1.514221
vt -0.050000 1.747178
vt -0.000000 1.747178
vt -0.050000 1.980135
vt -0.000000 1.980135
vt -0.050000 2.213092
vt -0.000000 2.213092
vt -0.050000 2.446049
vt -0.000000 2.446049
vt -0.050000 2.679006
vt -0.000000 2.679006
vt -0.050000 2.911963
vt -0.000000 2.911963
vt -0.050000 3.144920
vt -0.000000 3.144920
vt 0.050000 -0.532270
vt 0.018405 -0.668209
vt 0.050000 -0.789663
vt 0.000000 -0.803856
vt 0.050000 -1.047055
vt 0.000000 -1.052814
vt 0.050000 -1.304448
vt 0.000000 -1.301773
vt 0.000000 -1.550731
vt 0.050000 -1.561841
vt 0.000000 -1.799690
vt 0.050000 -1.819234
vt 0.000000 -2.048649
vt 0.050000 -2.076627
vt 0.000000 -2.297607
vt 0.050000 -2.334020
vt 0.000000 -2.546566
vt 0.050000 -2.591412
vt 0.000000 -2.795524
vt 0.050000 -2.848805
vt 0.000000 -3.044483
vt 0.050000 -3.106198
vt 0.000000 -3.293442
vt 0.050000 -3.363591
vt 0.014355 -3.457552
vt 0.050000 -3.620984
vt -1.559766 0.358584
vt -1.465651 0.360489
vt -1.444557 0.432587
vt 0.000000 0.360489
vt -0.000000 0.432587
vt -1.465651 0.288391
vt -1.681931 0.291085
vt -2.931302 0.288391
vt -2.718069 0.291085
vt -2.840233 0.358583
vt -2.931302 0.360489
vt -2.955443 0.432587
vt -4.396952 0.360489
vt -4.396952 0.432587
vt -4.396952 0.288391
vt -2.931302 0.216293
vt -4.396952 0.216293
vt -2.931302 0.144196
vt -4.396952 0.144196
vt -2.931302 0.072098
vt -4.396952 0.072098
vt -4.396952 0.000000
vt -1.465651 0.072098
vt -1.465651 0.144196
vt -1.465651 0.216293
vt -0.000000 0.072098
vt 0.000000 0.144196
vt -0.000000 0.216293
vt 0.000000 0.288391
vt -1.088545 0.756967
vt -0.928278 0.947000
vt -1.088545 2.198476
vt -0.735335 1.103752
vt -0.516508 1.221706
vt -0.279500 1.296709
vt -0.032653 1.326121
vt 1.050000 2.198476
vt 0.215343 1.308908
vt 0.455758 1.245674
vt 0.680131 1.138646
vt 0.880564 0.991591
vt 1.050000 0.809685
vt 1.050000 -0.806638
vt 0.880564 -0.988543
vt 1.050000 -2.198476
vt 0.680131 -1.135598
vt 0.455758 -1.242626
vt 0.215343 -1.305860
vt -0.032653 -1.323074
vt -1.088545 -2.198476
vt -0.279500 -1.293661
vt -0.516508 -1.218658
vt -0.735335 -1.100705
vt -0.928278 -0.943953
vt -1.088545 -0.753920
vt -1.593750 -0.188862
vt -1.656250 -0.188862
vt -1.600247 -0.194445
vt -1.649753 -0.194445
vt -1.607953 -0.198737
vt -1.642047 -0.198737
vt -1.616431 -0.201359
vt -1.633569 -0.201359
vt -1.625000 -0.202220
vt -0.925000 -0.078540
vt -0.125000 -0.078540
vt -0.905491 -0.058905
vt -0.525000 -0.052360
vt -0.886732 -0.039270
vt -0.525000 -0.026180
vt -0.869443 -0.019635
vt -0.525000 -0.000000
vt -0.854289 -0.000000
vt -0.841853 0.019635
vt -0.525000 0.026180
vt -0.832612 0.039270
vt -0.525000 0.052360
vt -0.826921 0.058905
vt -0.825482 0.068722
vt -0.224518 0.068722
vt -0.825000 0.078540
vt -0.225000 0.078540
vt -0.144509 -0.058905
vt -0.163268 -0.039270
vt -0.180557 -0.019635
vt -0.195711 -0.000000
vt -0.208147 0.019635
vt -0.217388 0.039270
vt -0.223079 0.058905
vt -0.618750 -0.078540
vt 0.381250 -0.078540
vt -0.599241 -0.058905
vt -0.118750 -0.052360
vt -0.580482 -0.039270
vt -0.118750 -0.026180
vt -0.563193 -0.019635
vt -0.118750 -0.000000
vt -0.548039 -0.000000
vt -0.535603 0.019635
vt -0.118750 0.026180
vt -0.526362 0.039270
vt -0.118750 0.052360
vt -0.520671 0.058905
vt -0.519232 0.068722
vt -0.518750 0.078540
vt 0.381250 0.078540
vt 0.381250 0.052360
vt 0.381250 0.026180
vt 0.381250 -0.000000
vt 0.381250 -0.026180
vt 0.381250 -0.052360
vt 0.968750 0.078540
vt 0.068750 0.078540
vt 0.969232 0.068722
vt 0.568750 0.052360
vt 0.970671 0.058905
vt 0.976362 0.039270
vt 0.568750 0.026180
vt 0.985603 0.019635
vt 0.568750 -0.000000
vt 0.998039 -0.000000
vt 1.013193 -0.019635
vt 0.568750 -0.026180
vt 1.030482 -0.039270
vt 0.568750 -0.052360
vt 1.049241 -0.058905
vt 1.068750 -0.078540
vt 0.068750 -0.078540
vt 0.068750 -0.052360
vt 0.068750 -0.026180
vt 0.068750 -0.000000
vt 0.068750 0.026180
vt 0.068750 0.052360
vt 1.543185 1.523236
vt 1.750000 1.137500
vt 1.550000 1.575000
vt 1.703553 2.021447
vt 1.543185 1.626764
vt 1.600000 1.941987
vt 1.523205 1.675000
vt 1.491421 1.716421
vt 1.479410 1.892037
vt 1.450000 1.748205
vt 1.401764 1.768185
vt 1.350000 1.875000
vt 1.350000 1.775000
vt 1.298236 1.768185
vt 1.220590 1.892037
vt 1.250000 1.748205
vt 1.208579 1.716421
vt 1.100000 1.941987
vt 1.176795 1.675000
vt 1.156815 1.626764
vt 0.996447 2.021447
vt 1.150000 1.575000
vt 0.950000 1.137500
vt 1.156815 1.523236
vt 1.176795 1.475000
vt 1.208579 1.433579
vt 1.250000 1.401795
vt 1.298236 1.381815
vt 1.350000 1.375000
vt 1.401764 1.381815
vt 1.450000 1.401795
vt 1.491421 1.433579
vt 1.523205 1.475000
vt 2.343185 2.426764
vt 2.350000 2.375000
vt 2.600000 3.100000
vt 2.343185 2.323236
vt 2.600000 0.600000
vt 2.323205 2.275000
vt 2.291421 2.233579
vt 2.250000 2.201795
vt 2.500000 0.600000
vt 2.201764 2.181815
vt 2.448236 0.593185
vt 2.400000 0.573205
vt 2.358579 0.541421
vt 2.326795 0.500000
vt 2.306815 0.451764
vt 1.750000 0.137500
vt 2.300000 0.400000
vt 2.300000 0.100000
vt 0.950000 0.137500
vt 0.400000 0.100000
vt 0.400000 0.400000
vt 0.393185 0.451764
vt 0.373205 0.500000
vt 0.341421 0.541421
vt 0.300000 0.573205
vt 0.251764 0.593185
vt 0.498236 2.181815
vt 0.200000 0.600000
vt 0.450000 2.201795
vt 0.100000 0.600000
vt 0.408579 2.233579
vt 0.376795 2.275000
vt 2.150000 2.175000
vt 2.098236 2.181815
vt 1.783013 2.125000
vt 2.050000 2.201795
vt 2.008579 2.233579
vt 1.832963 2.245590
vt 1.976795 2.275000
vt 1.956815 2.323236
vt 1.850000 2.375000
vt 1.950000 2.375000
vt 1.956815 2.426764
vt 1.832963 2.504410
vt 1.976795 2.475000
vt 2.008579 2.516421
vt 1.783013 2.625000
vt 2.050000 2.548205
vt 2.098236 2.568185
vt 2.150000 2.575000
vt 2.400000 3.300000
vt 1.703553 2.728553
vt 2.201764 2.568185
vt 2.250000 2.548205
vt 2.291421 2.516421
vt 2.323205 2.475000
vt 1.506125 3.300000
vt 1.532160 3.257571
vt 1.546909 3.210026
vt 1.549460 3.160311
vt 1.539654 3.111506
vt 1.600000 2.808013
vt 1.518098 3.066635
vt 1.486129 3.028477
vt 1.479410 2.857963
vt 1.445726 2.999397
vt 1.399393 2.981195
vt 1.350000 2.875000
vt 1.350000 2.975000
vt 1.300607 2.981195
vt 1.220590 2.857963
vt 1.254274 2.999397
vt 1.213871 3.028477
vt 1.100000 2.808013
vt 1.181902 3.066635
vt 1.160346 3.111506
vt 0.996447 2.728553
vt 1.150540 3.160311
vt 0.300000 3.300000
vt 1.153091 3.210026
vt 1.167840 3.257571
vt 1.193875 3.300000
vt 0.248236 3.293185
vt 0.100000 3.100000
vt 0.450000 2.548205
vt 0.498236 2.568185
vt 0.200000 3.273205
vt 0.158579 3.241421
vt 0.126795 3.200000
vt 0.106815 3.151764
vt 0.356815 2.323236
vt 0.350000 2.375000
vt 0.356815 2.426764
vt 2.593185 3.151764
vt 2.573205 3.200000
vt 2.541421 3.241421
vt 2.500000 3.273205
vt 2.451764 3.293185
vt 0.743185 2.426764
vt 0.750000 2.375000
vt 0.850000 2.375000
vt 0.743185 2.323236
vt 0.867037 2.245590
vt 0.723205 2.275000
vt 0.691421 2.233579
vt 0.916987 2.125000
vt 0.650000 2.201795
vt 0.601764 2.181815
vt 0.550000 2.175000
vt 0.376795 2.475000
vt 0.408579 2.516421
vt 0.550000 2.575000
vt 0.601764 2.568185
vt 0.916987 2.625000
vt 0.650000 2.548205
vt 0.691421 2.516421
vt 0.867037 2.504410
vt 0.723205 2.475000
vt 0.314159 0.033848
vt 0.287979 0.033848
vt 0.314159 0.000000
vt 0.287979 0.000000
vt 0.314159 -0.033848
vt 0.287979 -0.033848
vt 0.314159 -0.067696
vt 0.287979 -0.067696
vt 0.314159 -0.101544
vt 0.287979 -0.101544
vt 0.314159 -0.135391
vt 0.287979 -0.135391
vt 0.314159 -0.169239
vt 0.287979 -0.169239
vt 0.314159 -0.203087
vt 0.287979 -0.203087
vt 0.314159 -0.236935
vt 0.287979 -0.236935
vt 0.314159 -0.270783
vt 0.287979 -0.270783
vt 0.314159 -0.304631
vt 0.287979 -0.304631
vt 0.314159 -0.338479
vt 0.287979 -0.338479
vt 0.314159 -0.372327
vt 0.287979 -0.372327
vt 0.314159 -0.406174
vt 0.287979 -0.406174
vt 0.314159 0.406174
vt 0.287979 0.406174
vt 0.314159 0.372327
vt 0.287979 0.372327
vt 0.314159 0.338479
vt 0.287979 0.338479
vt 0.314159 0.304631
vt 0.287979 0.304631
vt 0.314159 0.270783
vt 0.287979 0.270783
vt 0.314159 0.236935
vt 0.287979 0.236935
vt 0.314159 0.203087
vt 0.287979 0.203087
vt 0.314159 0.169239
vt 0.287979 0.169239
vt 0.314159 0.135391
vt 0.287979 0.135391
vt 0.314159 0.101544
vt 0.287979 0.101544
vt 0.314159 0.067696
vt 0.287979 0.067696
vt 0.157080 -0.033848
vt 0.183260 -0.033848
vt 0.157080 0.000000
vt 0.183260 0.000000
vt 0.157080 0.033848
vt 0.183260 0.033848
vt 0.157080 0.067696
vt 0.183260 0.067696
vt 0.157080 0.101544
vt 0.183260 0.101544
vt 0.157080 0.135391
vt 0.183260 0.135391
vt 0.157080 0.169239
vt 0.183260 0.169239
vt 0.157080 0.203087
vt 0.183260 0.203087
vt 0.157080 0.236935
vt 0.183260 0.236935
vt 0.157080 0.270783
vt 0.183260 0.270783
vt 0.157080 0.304631
vt 0.183260 0.304631
vt 0.157080 0.338479
vt 0.183260 0.338479
vt 0.157080 0.372327
vt 0.183260 0.372327
vt 0.157080 0.406174
vt 0.183260 0.406174
vt 0.157080 -0.406174
vt 0.183260 -0.406174
vt 0.157080 -0.372327
vt 0.183260 -0.372327
vt 0.157080 -0.338479
vt 0.183260 -0.338479
vt 0.157080 -0.304631
vt 0.183260 -0.304631
vt 0.157080 -0.270783
vt 0.183260 -0.270783
vt 0.157080 -0.236935
vt 0.183260 -0.236935
vt 0.157080 -0.203087
vt 0.183260 -0.203087
vt 0.157080 -0.169239
vt 0.183260 -0.169239
vt 0.157080 -0.135391
vt 0.183260 -0.135391
vt 0.157080 -0.101544
vt 0.183260 -0.101544
vt 0.157080 -0.067696
vt 0.183260 -0.067696
vt 0.261799 0.406174
vt 0.261799 0.372327
vt 0.261799 0.338479
vt 0.261799 0.304631
vt 0.261799 0.270783
vt 0.261799 0.236935
vt 0.261799 0.203087
vt 0.261799 0.169239
vt 0.261799 0.135391
vt 0.261799 0.101544
vt 0.261799 0.067696
vt 0.261799 0.033848
vt 0.261799 0.000000
vt 0.261799 -0.033848
vt 0.261799 -0.067696
vt 0.261799 -0.101544
vt 0.261799 -0.135391
vt 0.261799 -0.169239
vt 0.261799 -0.203087
vt 0.261799 -0.236935
vt 0.261799 -0.270783
vt 0.261799 -0.304631
vt 0.261799 -0.338479
vt 0.261799 -0.372327
vt 0.261799 -0.406174
vt 0.235619 0.406174
vt 0.235619 0.372327
vt 0.235619 0.338479
vt 0.235619 0.304631
vt 0.235619 0.270783
vt 0.235619 0.236935
vt 0.235619 0.203087
vt 0.235619 0.169239
vt 0.235619 0.135391
vt 0.235619 0.101544
vt 0.235619 0.067696
vt 0.235619 0.033848
vt 0.235619 0.000000
vt 0.235619 -0.033848
vt 0.235619 -0.067696
vt 0.235619 -0.101544
vt 0.235619 -0.135391
vt 0.235619 -0.169239
vt 0.235619 -0.203087
vt 0.235619 -0.236935
vt 0.235619 -0.270783
vt 0.235619 -0.304631
vt 0.235619 -0.338479
vt 0.235619 -0.372327
vt 0.235619 -0.406174
vt 0.209440 0.406174
vt 0.209440 0.372327
vt 0.209440 0.338479
vt 0.209440 0.304631
vt 0.209440 0.270783
vt 0.209440 0.236935
vt 0.209440 0.203087
vt 0.209440 0.169239
vt 0.209440 0.135391
vt 0.209440 0.101544
vt 0.209440 0.067696
vt 0.209440 0.033848
vt 0.209440 0.000000
vt 0.209440 -0.033848
vt 0.209440 -0.067696
vt 0.209440 -0.101544
vt 0.209440 -0.135391
vt 0.209440 -0.169239
vt 0.209440 -0.203087
vt 0.209440 -0.236935
vt 0.209440 -0.270783
vt 0.209440 -0.304631
vt 0.209440 -0.338479
vt 0.209440 -0.372327
vt 0.209440 -0.406174
vt 0.000000 0.287979
vt 0.200000 0.287979
vt 0.000000 0.314159
vt 0.200000 0.314159
vt 0.000000 -0.314159
vt 0.200000 -0.314159
vt 0.000000 -0.287979
vt 0.200000 -0.287979
vt 0.000000 -0.261799
vt 0.200000 -0.261799
vt 0.000000 -0.235619
vt 0.200000 -0.235619
vt 0.000000 -0.209440
vt 0.200000 -0.209440
vt 0.000000 -0.183260
vt 0.200000 -0.183260
vt 0.000000 -0.157080
vt 0.200000 -0.157080
vt 0.000000 -0.130900
vt 0.200000 -0.130900
vt 0.000000 -0.104720
vt 0.200000 -0.104720
vt 0.000000 -0.078540
vt 0.200000 -0.078540
vt 0.000000 -0.052360
vt 0.200000 -0.052360
vt 0.000000 -0.026180
vt 0.200000 -0.026180
vt 0.200000 0.000000
vt 0.000000 0.026180
vt 0.200000 0.026180
vt 0.000000 0.052360
vt 0.200000 0.052360
vt 0.000000 0.078540
vt 0.200000 0.078540
vt 0.000000 0.104720
vt 0.200000 0.104720
vt 0.000000 0.130900
vt 0.200000 0.130900
vt 0.000000 0.157080
vt 0.200000 0.157080
vt 0.000000 0.183260
vt 0.200000 0.183260
vt 0.000000 0.209440
vt 0.200000 0.209440
vt 0.000000 0.235619
vt 0.200000 0.235619
vt 0.000000 0.261799
vt 0.200000 0.261799
vt 0.314159 0.112388
vt 0.287979 0.112388
vt 0.314159 -0.112388
vt 0.287979 -0.112388
vt 0.314159 -0.224775
vt 0.287979 -0.224775
vt 0.314159 -0.337163
vt 0.287979 -0.337163
vt 0.314159 -0.449551
vt 0.287979 -0.449551
vt 0.314159 -0.561938
vt 0.287979 -0.561938
vt 0.314159 -0.674326
vt 0.287979 -0.674326
vt 0.314159 -0.786714
vt 0.287979 -0.786714
vt 0.314159 -0.899101
vt 0.287979 -0.899101
vt 0.314159 -1.011489
vt 0.287979 -1.011489
vt 0.314159 -1.123877
vt 0.287979 -1.123877
vt 0.314159 -1.236264
vt 0.287979 -1.236264
vt 0.314159 -1.348652
vt 0.287979 -1.348652
vt 0.314159 1.348652
vt 0.287979 1.348652
vt 0.314159 1.236264
vt 0.287979 1.236264
vt 0.314159 1.123877
vt 0.287979 1.123877
vt 0.314159 1.011489
vt 0.287979 1.011489
vt 0.314159 0.899101
vt 0.287979 0.899101
vt 0.314159 0.786714
vt 0.287979 0.786714
vt 0.314159 0.674326
vt 0.287979 0.674326
vt 0.314159 0.561938
vt 0.287979 0.561938
vt 0.314159 0.449551
vt 0.287979 0.449551
vt 0.314159 0.337163
vt 0.287979 0.337163
vt 0.314159 0.224775
vt 0.287979 0.224775
vt 0.157080 -0.112388
vt 0.183260 -0.112388
vt 0.157080 0.112388
vt 0.183260 0.112388
vt 0.157080 0.224775
vt 0.183260 0.224775
vt 0.157080 0.337163
vt 0.183260 0.337163
vt 0.157080 0.449551
vt 0.183260 0.449551
vt 0.157080 0.561938
vt 0.183260 0.561938
vt 0.157080 0.674326
vt 0.183260 0.674326
vt 0.157080 0.786714
vt 0.183260 0.786714
vt 0.157080 0.899101
vt 0.183260 0.899101
vt 0.157080 1.011489
vt 0.183260 1.011489
vt 0.157080 1.123877
vt 0.183260 1.123877
vt 0.157080 1.236264
vt 0.183260 1.236264
vt 0.157080 1.348652
vt 0.183260 1.348652
vt 0.157080 -1.348652
vt 0.183260 -1.348652
vt 0.157080 -1.236264
vt 0.183260 -1.236264
vt 0.157080 -1.123877
vt 0.183260 -1.123877
vt 0.157080 -1.011489
vt 0.183260 -1.011489
vt 0.157080 -0.899101
vt 0.183260 -0.899101
vt 0.157080 -0.786714
vt 0.183260 -0.786714
vt 0.157080 -0.674326
vt 0.183260 -0.674326
vt 0.157080 -0.561938
vt 0.183260 -0.561938
vt 0.157080 -0.449551
vt 0.183260 -0.449551
vt 0.157080 -0.337163
vt 0.183260 -0.337163
vt 0.157080 -0.224775
vt 0.183260 -0.224775
vt 0.261799 1.348652
vt 0.261799 1.236264
vt 0.261799 1.123877
vt 0.261799 1.011489
vt 0.261799 0.899101
vt 0.261799 0.786714
vt 0.261799 0.674326
vt 0.261799 0.561938
vt 0.261799 0.449551
vt 0.261799 0.337163
vt 0.261799 0.224775
vt 0.261799 0.112388
vt 0.261799 -0.112388
vt 0.261799 -0.224775
vt 0.261799 -0.337163
vt 0.261799 -0.449551
vt 0.261799 -0.561938
vt 0.261799 -0.674326
vt 0.261799 -0.786714
vt 0.261799 -0.899101
vt 0.261799 -1.011489
vt 0.261799 -1.123877
vt 0.261799 -1.236264
vt 0.261799 -1.348652
vt 0.235619 1.348652
vt 0.235619 1.236264
vt 0.235619 1.123877
vt 0.235619 1.011489
vt 0.235619 0.899101
vt 0.235619 0.786714
vt 0.235619 0.674326
vt 0.235619 0.561938
vt 0.235619 0.449551
vt 0.235619 0.337163
vt 0.235619 0.224775
vt 0.235619 0.112388
vt 0.235619 -0.112388
vt 0.235619 -0.224775
vt 0.235619 -0.337163
vt 0.235619 -0.449551
vt 0.235619 -0.561938
vt 0.235619 -0.674326
vt 0.235619 -0.786714
vt 0.235619 -0.899101
vt 0.235619 -1.011489
vt 0.235619 -1.123877
vt 0.235619 -1.236264
vt 0.235619 -1.348652
vt 0.209440 1.348652
vt 0.209440 1.236264
vt 0.209440 1.123877
vt 0.209440 1.011489
vt 0.209440 0.899101
vt 0.209440 0.786714
vt 0.209440 0.674326
vt 0.209440 0.561938
vt 0.209440 0.449551
vt 0.209440 0.337163
vt 0.209440 0.224775
vt 0.209440 0.112388
vt 0.209440 -0.112388
vt 0.209440 -0.224775
vt 0.209440 -0.337163
vt 0.209440 -0.449551
vt 0.209440 -0.561938
vt 0.209440 -0.674326
vt 0.209440 -0.786714
vt 0.209440 -0.899101
vt 0.209440 -1.011489
vt 0.209440 -1.123877
vt 0.209440 -1.236264
vt 0.209440 -1.348652
vt 0.000000 1.151917
vt 0.200000 1.151917
vt 0.000000 1.256637
vt 0.200000 1.256637
vt 0.000000 -1.256637
vt 0.200000 -1.256637
vt 0.000000 -1.151917
vt 0.200000 -1.151917
vt 0.000000 -1.047198
vt 0.200000 -1.047198
vt 0.000000 -0.942478
vt 0.200000 -0.942478
vt 0.000000 -0.837758
vt 0.200000 -0.837758
vt 0.000000 -0.733038
vt 0.200000 -0.733038
vt 0.000000 -0.628319
vt 0.200000 -0.628319
vt 0.000000 -0.523599
vt 0.200000 -0.523599
vt 0.000000 -0.418879
vt 0.200000 -0.418879
vt 0.000000 0.418879
vt 0.200000 0.418879
vt 0.000000 0.523599
vt 0.200000 0.523599
vt 0.000000 0.628319
vt 0.200000 0.628319
vt 0.000000 0.733038
vt 0.200000 0.733038
vt 0.000000 0.837758
vt 0.200000 0.837758
vt 0.000000 0.942478
vt 0.200000 0.942478
vt 0.000000 1.047198
vt 0.200000 1.047198
vt 0.157080 -0.055023
vt 0.157080 -0.087287
vt 0.157395 -0.087713
vt 0.185204 -0.140987
vt 0.195519 -0.203087
vt 0.185204 -0.265187
vt 0.157395 -0.318461
vt 0.157080 -0.318887
vt 0.157080 -0.351151
vt 0.157080 -0.383415
vt 0.157080 0.428934
vt 0.157080 0.396670
vt 0.157080 0.364406
vt 0.157080 0.332143
vt 0.157080 0.299879
vt 0.157080 0.267615
vt 0.157080 0.235351
vt 0.157080 0.170823
vt 0.157080 0.138560
vt 0.157080 0.106296
vt 0.157080 0.074032
vt 0.157080 0.041768
vt 0.157080 0.009504
vt 0.157080 -0.022760
vt -0.518875 0.078540
vt -0.519533 0.078224
vt 0.375000 0.078540
vt -0.150000 0.052360
vt 0.375000 0.052360
vt 0.375000 0.026180
vt -0.150000 0.026180
vt 0.375000 0.000000
vt -0.150000 0.000000
vt 0.375000 -0.026180
vt -0.150000 -0.026180
vt 0.375000 -0.052360
vt -0.150000 -0.052360
vt 0.375000 -0.078540
vt -0.675000 -0.052360
vt -1.725000 -0.078540
vt -1.200000 -0.052360
vt -1.725000 -0.052360
vt -1.725000 -0.026180
vt -1.200000 -0.026180
vt -1.725000 -0.000000
vt -1.200000 -0.000000
vt -1.725000 0.026180
vt -1.200000 0.026180
vt -1.725000 0.052360
vt -1.200000 0.052360
vt -1.725000 0.078540
vt -0.830467 0.078224
vt -0.831125 0.078540
vt -0.595412 0.050415
vt -0.675000 0.040100
vt -0.675000 0.026180
vt -0.675000 0.000000
vt -0.675000 -0.026180
vt -0.754588 0.050415
vt -1.725000 0.000000
vt 4.396952 -0.287979
vt 4.196952 -0.287979
vt 4.396952 -0.314159
vt 4.196952 -0.314159
vt 4.396952 0.314159
vt 4.196952 0.314159
vt 4.396952 0.287979
vt 4.196952 0.287979
vt 4.396952 0.261799
vt 4.196952 0.261799
vt 4.396952 0.235619
vt 4.196952 0.235619
vt 4.396952 0.209440
vt 4.196952 0.209440
vt 4.396952 0.183260
vt 4.196952 0.183260
vt 4.396952 0.157080
vt 4.196952 0.157080
vt 4.396952 0.130900
vt 4.196952 0.130900
vt 4.396952 0.104720
vt 4.196952 0.104720
vt 4.396952 0.078540
vt 4.196952 0.078540
vt 4.396952 0.052360
vt 4.196952 0.052360
vt 4.396952 0.026180
vt 4.196952 0.026180
vt 4.396952 0.000000
vt 4.196952 0.000000
vt 4.396952 -0.026180
vt 4.196952 -0.026180
vt 4.396952 -0.052360
vt 4.196952 -0.052360
vt 4.396952 -0.078540
vt 4.196952 -0.078540
vt 4.396952 -0.104720
vt 4.196952 -0.104720
vt 4.396952 -0.130900
vt 4.196952 -0.130900
vt 4.396952 -0.157080
vt 4.196952 -0.157080
vt 4.396952 -0.183260
vt 4.196952 -0.183260
vt 4.396952 -0.209440
vt 4.196952 -0.209440
vt 4.396952 -0.235619
vt 4.196952 -0.235619
vt 4.396952 -0.261799
vt 4.196952 -0.261799
vt 4.396952 -1.151917
vt 4.196952 -1.151917
vt 4.396952 -1.256637
vt 4.196952 -1.256637
vt 4.396952 1.256637
vt 4.196952 1.256637
vt 4.396952 1.151917
vt 4.196952 1.151917
vt 4.396952 1.047198
vt 4.196952 1.047198
vt 4.396952 0.942478
vt 4.196952 0.942478
vt 4.396952 0.837758
vt 4.196952 0.837758
vt 4.396952 0.733038
vt 4.196952 0.733038
vt 4.396952 0.628319
vt 4.196952 0.628319
vt 4.396952 0.523599
vt 4.196952 0.523599
vt 4.396952 0.418879
vt 4.196952 0.418879
vt 4.396952 -0.418879
vt 4.196952 -0.418879
vt 4.396952 -0.523599
vt 4.196952 -0.523599
vt 4.396952 -0.628319
vt 4.196952 -0.628319
vt 4.396952 -0.733038
vt 4.196952 -0.733038
vt 4.396952 -0.837758
vt 4.196952 -0.837758
vt 4.396952 -0.942478
vt 4.196952 -0.942478
vt 4.396952 -1.047198
vt 4.196952 -1.047198
vt -1.225000 -0.078540
vt -0.425000 -0.078540
vt -1.205491 -0.058905
vt -0.825000 -0.052360
vt -1.186732 -0.039270
vt -0.825000 -0.026180
vt -1.169443 -0.019635
vt -0.825000 -0.000000
vt -1.154289 -0.000000
vt -1.141853 0.019635
vt -0.825000 0.026180
vt -1.132612 0.039270
vt -0.825000 0.052360
vt -1.126921 0.058905
vt -1.125482 0.068722
vt -0.524518 0.068722
vt -1.125000 0.078540
vt -0.525000 0.078540
vt -0.444509 -0.058905
vt -0.463268 -0.039270
vt -0.480557 -0.019635
vt -0.495711 -0.000000
vt -0.508147 0.019635
vt -0.517388 0.039270
vt -0.523079 0.058905
vt -1.068750 -0.078540
vt -0.068750 -0.078540
vt -1.049241 -0.058905
vt -0.568750 -0.052360
vt -1.030482 -0.039270
vt -0.568750 -0.026180
vt -1.013193 -0.019635
vt -0.568750 -0.000000
vt -0.998039 -0.000000
vt -0.985603 0.019635
vt -0.568750 0.026180
vt -0.976362 0.039270
vt -0.568750 0.052360
vt -0.970671 0.058905
vt -0.969232 0.068722
vt -0.968750 0.078540
vt -0.068750 0.078540
vt -0.068750 0.052360
vt -0.068750 0.026180
vt -0.068750 -0.000000
vt -0.068750 -0.026180
vt -0.068750 -0.052360
vt 0.518750 0.078540
vt -0.381250 0.078540
vt 0.519232 0.068722
vt 0.118750 0.052360
vt 0.520671 0.058905
vt 0.526362 0.039270
vt 0.118750 0.026180
vt 0.535603 0.019635
vt 0.118750 -0.000000
vt 0.548039 -0.000000
vt 0.563193 -0.019635
vt 0.118750 -0.026180
vt 0.580482 -0.039270
vt 0.118750 -0.052360
vt 0.599241 -0.058905
vt 0.618750 -0.078540
vt -0.381250 -0.078540
vt -0.381250 -0.052360
vt -0.381250 -0.026180
vt -0.381250 -0.000000
vt -0.381250 0.026180
vt -0.381250 0.052360
vt -1.625000 -0.078540
vt -1.593750 -0.046757
vt -1.684001 -0.015433
vt -1.200000 0.000173
vt -1.695872 0.000229
vt -1.706009 0.015891
vt -1.714163 0.031553
vt -1.720134 0.047216
vt -1.723776 0.062878
vt -0.675000 0.052360
vt 0.374518 0.068722
vt 0.373079 0.058905
vt 0.367388 0.039270
vt 0.358147 0.019635
vt -0.150000 0.000056
vt 0.345711 -0.000000
vt 0.330557 -0.019635
vt 0.313268 -0.039270
vt 0.294509 -0.058905
vt 0.275000 -0.078540
vt -1.656250 -0.046757
vt -0.675000 0.000115
vt -0.183260 -0.203087
vt -0.157080 -0.203087
vt -0.183260 -0.169239
vt -0.157080 -0.169239
vt -0.183260 -0.135391
vt -0.157080 -0.135391
vt -0.183260 -0.101544
vt -0.157080 -0.101544
vt -0.183260 -0.067696
vt -0.157080 -0.067696
vt -0.183260 -0.033848
vt -0.157080 -0.033848
vt -0.183260 0.000000
vt -0.157080 0.000000
vt -0.209440 0.000000
vt -0.209440 -0.033848
vt -0.209440 -0.067696
vt -0.209440 -0.101544
vt -0.209440 -0.135391
vt -0.209440 -0.169239
vt -0.209440 -0.203087
vt -0.235619 -0.169239
vt -0.235619 -0.203087
vt -0.261799 -0.169239
vt -0.261799 -0.203087
vt -0.287979 -0.169239
vt -0.287979 -0.203087
vt -0.314159 -0.169239
vt -0.314159 -0.203087
vt -0.235619 0.000000
vt -0.235619 -0.033848
vt -0.235619 -0.067696
vt -0.235619 -0.101544
vt -0.235619 -0.135391
vt -0.261799 0.000000
vt -0.261799 -0.033848
vt -0.261799 -0.067696
vt -0.261799 -0.101544
vt -0.261799 -0.135391
vt -0.287979 0.000000
vt -0.287979 -0.033848
vt -0.287979 -0.067696
vt -0.287979 -0.101544
vt -0.287979 -0.135391
vt -0.314159 0.000000
vt -0.314159 -0.033848
vt -0.314159 -0.067696
vt -0.314159 -0.101544
vt -0.314159 -0.135391
vt 0.400000 -0.078540
vt 0.001224 -0.062878
vt 0.400000 -0.052360
vt 0.004866 -0.047216
vt 0.010837 -0.031553
vt 0.400000 -0.026180
vt 0.018991 -0.015891
vt 0.400000 -0.000000
vt 0.029128 -0.000229
vt 0.040999 0.015433
vt 0.400000 0.026180
vt 0.068750 0.046757
vt 0.400000 0.052360
vt 0.074002 0.053526
vt 0.077963 0.061409
vt 0.400000 0.078540
vt 0.080348 0.069960
vt 0.100000 0.078540
vt 0.081123 0.078540
vt 0.080348 0.087120
vt 0.077963 0.095671
vt 0.074002 0.103553
vt 0.068750 0.110322
vt -0.340339 -0.203087
vt -0.340339 -0.169239
vt -0.340339 -0.135391
vt -0.340339 -0.101544
vt -0.340339 -0.067696
vt -0.340339 -0.033848
vt -0.340339 0.000000
vt -0.366519 0.000000
vt -0.366519 -0.033848
vt -0.366519 -0.067696
vt -0.366519 -0.101544
vt -0.366519 -0.135391
vt -0.366519 -0.169239
vt -0.366519 -0.203087
vt -0.392699 -0.169239
vt -0.392699 -0.203087
vt -0.418879 -0.169239
vt -0.418879 -0.203087
vt -0.445059 -0.169239
vt -0.445059 -0.203087
vt -0.471239 -0.169239
vt -0.471239 -0.203087
vt -0.392699 0.000000
vt -0.392699 -0.033848
vt -0.392699 -0.067696
vt -0.392699 -0.101544
vt -0.392699 -0.135391
vt -0.418879 0.000000
vt -0.418879 -0.033848
vt -0.418879 -0.067696
vt -0.418879 -0.101544
vt -0.418879 -0.135391
vt -0.445059 0.000000
vt -0.445059 -0.033848
vt -0.445059 -0.067696
vt -0.445059 -0.101544
vt -0.445059 -0.135391
vt -0.471239 0.000000
vt -0.471239 -0.033848
vt -0.471239 -0.067696
vt -0.471239 -0.101544
vt -0.471239 -0.135391
vt -0.100000 0.078540
vt -0.400000 0.078540
vt -0.080491 0.058905
vt -0.400000 0.052360
vt -0.061732 0.039270
vt -0.400000 0.026180
vt -0.044443 0.019635
vt -0.400000 -0.000000
vt -0.029289 -0.000000
vt -0.016853 -0.019635
vt -0.400000 -0.026180
vt -0.007612 -0.039270
vt -0.400000 -0.052360
vt -0.001921 -0.058905
vt -0.000482 -0.068722
vt -0.400000 -0.078540
vt -0.183260 0.203087
vt -0.157080 0.203087
vt -0.183260 0.236935
vt -0.157080 0.236935
vt -0.183260 0.270783
vt -0.157080 0.270783
vt -0.183260 0.304631
vt -0.157080 0.304631
vt -0.183260 0.338479
vt -0.157080 0.338479
vt -0.183260 0.372327
vt -0.157080 0.372327
vt -0.183260 0.406174
vt -0.157080 0.406174
vt -0.209440 0.406174
vt -0.209440 0.372327
vt -0.209440 0.338479
vt -0.209440 0.304631
vt -0.209440 0.270783
vt -0.209440 0.236935
vt -0.209440 0.203087
vt -0.235619 0.236935
vt -0.235619 0.203087
vt -0.261799 0.236935
vt -0.261799 0.203087
vt -0.287979 0.236935
vt -0.287979 0.203087
vt -0.314159 0.236935
vt -0.314159 0.203087
vt -0.235619 0.406174
vt -0.235619 0.372327
vt -0.235619 0.338479
vt -0.235619 0.304631
vt -0.235619 0.270783
vt -0.261799 0.406174
vt -0.261799 0.372327
vt -0.261799 0.338479
vt -0.261799 0.304631
vt -0.261799 0.270783
vt -0.287979 0.406174
vt -0.287979 0.372327
vt -0.287979 0.338479
vt -0.287979 0.304631
vt -0.287979 0.270783
vt -0.314159 0.406174
vt -0.314159 0.372327
vt -0.314159 0.338479
vt -0.314159 0.304631
vt -0.314159 0.270783
vt -2.747714 0.052360
vt -2.233864 0.052360
vt -2.747714 0.078540
vt -1.720014 0.052360
vt -1.206163 0.052360
vt -1.206163 0.026180
vt -0.692313 0.026180
vt -0.692313 -0.000000
vt -0.178463 -0.000000
vt -0.178463 -0.026180
vt 0.335388 -0.026180
vt 0.335388 -0.052360
vt 0.849238 -0.052360
vt 0.849238 -0.078540
vt -0.178463 -0.052360
vt -0.692313 -0.052360
vt -0.692313 -0.026180
vt -1.206163 -0.026180
vt -1.206163 -0.000000
vt -1.720014 -0.000000
vt -1.720014 0.026180
vt -2.233864 0.026180
vt -2.747714 0.026180
vt -2.233864 -0.000000
vt -1.720014 -0.026180
vt -1.206163 -0.052360
vt -2.747714 -0.000000
vt -2.233864 -0.026180
vt -1.720014 -0.052360
vt -2.747714 -0.078540
vt -2.747714 -0.026180
vt -2.233864 -0.052360
vt -2.747714 -0.052360
vt 0.849238 -0.026180
vt 0.335388 0.000000
vt -0.178463 0.026180
vt -0.692313 0.052360
vt 0.849238 0.000000
vt 0.335388 0.026180
vt -0.178463 0.052360
vt 0.849238 0.078540
vt 0.849238 0.026180
vt 0.335388 0.052360
vt 0.849238 0.052360
vt -3.100000 0.052360
vt -2.600000 0.052360
vt -3.100000 0.078540
vt -2.100000 0.052360
vt -1.600000 0.052360
vt -1.600000 0.026180
vt -1.100000 0.026180
vt -1.100000 -0.000000
vt -0.600000 -0.000000
vt -0.600000 -0.026180
vt -1.100000 -0.026180
vt -0.600000 -0.052360
vt -1.100000 -0.052360
vt -0.600000 -0.078540
vt -1.600000 -0.052360
vt -2.100000 -0.052360
vt -2.100000 -0.026180
vt -2.600000 -0.026180
vt -2.600000 -0.000000
vt -3.100000 -0.000000
vt -3.100000 0.026180
vt -2.600000 0.026180
vt -3.100000 -0.026180
vt -2.600000 -0.052360
vt -3.100000 -0.078540
vt -3.100000 -0.052360
vt -0.600000 0.026180
vt -1.100000 0.052360
vt -0.600000 0.078540
vt -0.600000 0.052360
vt -2.100000 0.026180
vt -2.100000 -0.000000
vt -1.600000 -0.000000
vt -1.600000 -0.026180
vt -0.000000 -0.425231
vt -0.026180 -0.425231
vt -0.000000 -0.496103
vt -0.026180 -0.496103
vt -0.000000 -0.566975
vt -0.026180 -0.566975
vt -0.000000 -0.637847
vt -0.026180 -0.637847
vt -0.000000 -0.708719
vt -0.026180 -0.708719
vt -0.000000 -0.779591
vt -0.026180 -0.779591
vt -0.000000 -0.850463
vt -0.026180 -0.850463
vt -0.052360 -0.779591
vt -0.052360 -0.850463
vt -0.078540 -0.779591
vt -0.078540 -0.850463
vt -0.104720 -0.779591
vt -0.104720 -0.850463
vt -0.130900 -0.779591
vt -0.130900 -0.850463
vt -0.157080 -0.779591
vt -0.157080 -0.850463
vt -0.052360 -0.425231
vt -0.052360 -0.496103
vt -0.052360 -0.566975
vt -0.052360 -0.637847
vt -0.052360 -0.708719
vt -0.078540 -0.425231
vt -0.078540 -0.496103
vt -0.078540 -0.566975
vt -0.078540 -0.637847
vt -0.078540 -0.708719
vt -0.104720 -0.425231
vt -0.104720 -0.496103
vt -0.104720 -0.566975
vt -0.104720 -0.637847
vt -0.104720 -0.708719
vt -0.130900 -0.425231
vt -0.130900 -0.496103
vt -0.130900 -0.566975
vt -0.130900 -0.637847
vt -0.130900 -0.708719
vt -0.157080 -0.425231
vt -0.157080 -0.496103
vt -0.157080 -0.566975
vt -0.157080 -0.637847
vt -0.157080 -0.708719
vt -0.026180 0.000000
vt -0.000000 -0.070872
vt -0.026180 -0.070872
vt -0.000000 -0.141744
vt -0.026180 -0.141744
vt -0.000000 -0.212616
vt -0.026180 -0.212616
vt -0.000000 -0.283488
vt -0.026180 -0.283488
vt -0.000000 -0.354359
vt -0.026180 -0.354359
vt -0.052360 -0.354359
vt -0.078540 -0.354359
vt -0.104720 -0.354359
vt -0.130900 -0.354359
vt -0.157080 -0.354359
vt -0.052360 0.000000
vt -0.052360 -0.070872
vt -0.052360 -0.141744
vt -0.052360 -0.212616
vt -0.052360 -0.283488
vt -0.078540 0.000000
vt -0.078540 -0.070872
vt -0.078540 -0.141744
vt -0.078540 -0.212616
vt -0.078540 -0.283488
vt -0.104720 0.000000
vt -0.104720 -0.070872
vt -0.104720 -0.141744
vt -0.104720 -0.212616
vt -0.104720 -0.283488
vt -0.130900 0.000000
vt -0.130900 -0.070872
vt -0.130900 -0.141744
vt -0.130900 -0.212616
vt -0.130900 -0.283488
vt -0.157080 -0.070872
vt -0.157080 -0.141744
vt -0.157080 -0.212616
vt -0.157080 -0.283488
vt 1.225000 -0.078540
vt 1.325000 -0.078540
vt 1.225000 -0.052360
vt 1.325000 -0.052360
vt 1.225000 -0.026180
vt 1.325000 -0.026180
vt 1.225000 -0.000000
vt 1.325000 -0.000000
vt 1.225000 0.026180
vt 1.325000 0.026180
vt 1.225000 0.052360
vt 1.325000 0.052360
vt 1.225000 0.078540
vt 1.325000 0.078540
vt -0.699238 0.052360
vt -0.185388 0.052360
vt -0.699238 0.078540
vt 0.328463 0.052360
vt 0.842313 0.052360
vt 0.842313 0.026180
vt 1.356163 0.026180
vt 1.356163 -0.000000
vt 1.870014 -0.000000
vt 1.870014 -0.026180
vt 2.383864 -0.026180
vt 2.383864 -0.052360
vt 2.897714 -0.052360
vt 2.897714 -0.078540
vt 1.870014 -0.052360
vt 1.356163 -0.052360
vt 1.356163 -0.026180
vt 0.842313 -0.026180
vt 0.842313 -0.000000
vt 0.328463 -0.000000
vt 0.328463 0.026180
vt -0.185388 0.026180
vt -0.699238 0.026180
vt -0.185388 -0.000000
vt 0.328463 -0.026180
vt 0.842313 -0.052360
vt -0.699238 -0.000000
vt -0.185388 -0.026180
vt 0.328463 -0.052360
vt -0.699238 -0.078540
vt -0.699238 -0.026180
vt -0.185388 -0.052360
vt -0.699238 -0.052360
vt 2.897714 -0.026180
vt 2.383864 0.000000
vt 1.870014 0.026180
vt 1.356163 0.052360
vt 2.897714 0.000000
vt 2.383864 0.026180
vt 1.870014 0.052360
vt 2.897714 0.078540
vt 2.897714 0.026180
vt 2.383864 0.052360
vt 2.897714 0.052360
vt 0.025000 -0.078540
vt 0.125000 -0.078540
vt 0.025000 -0.052360
vt 0.125000 -0.052360
vt 0.025000 -0.026180
vt 0.125000 -0.026180
vt 0.025000 -0.000000
vt 0.125000 -0.000000
vt 0.025000 0.026180
vt 0.125000 0.026180
vt 0.025000 0.052360
vt 0.125000 0.052360
vt 0.025000 0.078540
vt 0.125000 0.078540
vt 3.696952 0.400000
vt 0.100000 0.400000
vt 3.696952 0.000000
vt 0.100000 0.000000
vt 0.200000 -3.100000
vt 0.200000 -0.600000
vt 0.000000 -3.100000
vt 0.000000 0.002487
vt 0.206815 -0.548236
vt 0.226795 -0.500000
vt 0.258579 -0.458579
vt 0.300000 -0.426795
vt 0.348236 -0.406815
vt 0.400000 -0.400000
vt 3.996952 -0.400000
vt 4.396952 0.002487
vt 4.048716 -0.406815
vt 4.096952 -0.426795
vt 4.138374 -0.458579
vt 4.170157 -0.500000
vt 4.190137 -0.548236
vt 4.196952 -0.600000
vt 4.396952 -3.100000
vt 4.196952 -3.100000
vt -4.396952 -0.942478
vt -4.196952 -0.942478
vt -4.396952 -0.863938
vt -4.196952 -0.863938
vt -4.396952 -0.785398
vt -4.196952 -0.785398
vt -4.396952 -0.706858
vt -4.196952 -0.706858
vt -4.396952 -0.628319
vt -4.196952 -0.628319
vt -4.396952 -0.549779
vt -4.196952 -0.549779
vt -4.396952 -0.471239
vt -4.196952 -0.471239
vt 0.050000 1.050000
vt -0.150000 1.050000
vt 0.050000 -1.050000
vt -0.150000 -1.050000
vt -4.396952 -0.392699
vt -4.196952 -0.392699
vt -4.396952 -0.314159
vt -4.196952 -0.314159
vt -4.396952 -0.235619
vt -4.196952 -0.235619
vt -4.396952 -0.157080
vt -4.196952 -0.157080
vt -4.396952 -0.078540
vt -4.196952 -0.078540
vt -4.196952 0.000000
vt -1.798476 -0.050000
vt 1.798476 -0.050000
vt -1.798476 0.050000
vt 1.798476 0.050000
vt 1.446593 -3.200882
vt 2.400000 -3.400000
vt 1.450000 -3.175000
vt 1.632843 -2.657843
vt 1.446593 -3.149118
vt 1.550000 -2.721410
vt 1.436603 -3.125000
vt 1.453528 -2.761370
vt 1.420711 -3.104289
vt 1.400000 -3.088397
vt 1.375882 -3.078407
vt 1.350000 -2.775000
vt 1.350000 -3.075000
vt 1.324118 -3.078407
vt 1.246472 -2.761370
vt 1.300000 -3.088397
vt 1.279289 -3.104289
vt 1.263397 -3.125000
vt 1.150000 -2.721410
vt 1.253407 -3.149118
vt 1.067157 -2.657843
vt 1.250000 -3.175000
vt 0.300000 -3.400000
vt 1.253407 -3.200882
vt 1.263397 -3.225000
vt 1.279289 -3.245711
vt 1.300000 -3.261603
vt 1.324118 -3.271593
vt 1.350000 -3.275000
vt 1.375882 -3.271593
vt 1.400000 -3.261603
vt 1.420711 -3.245711
vt 1.436603 -3.225000
vt 0.646593 -2.349118
vt 0.650000 -2.375000
vt 0.950000 -2.375000
vt 0.646593 -2.400882
vt 0.963630 -2.478528
vt 0.636603 -2.425000
vt 0.620711 -2.445711
vt 1.003590 -2.575000
vt 0.600000 -2.461603
vt 0.575882 -2.471593
vt 0.550000 -2.475000
vt 0.524118 -2.471593
vt 0.500000 -2.461603
vt 0.222354 -3.389778
vt 0.150000 -3.359808
vt 0.087868 -3.312132
vt 0.040192 -3.250000
vt 0.010222 -3.177646
vt 0.479289 -2.445711
vt 0.463397 -2.425000
vt 0.453407 -2.400882
vt 0.450000 -2.375000
vt 0.453407 -2.349118
vt 0.463397 -2.325000
vt 0.479289 -2.304289
vt 0.500000 -2.288397
vt 1.050000 -1.037500
vt 0.300000 0.300000
vt 1.050000 -0.137500
vt 1.650000 -0.137500
vt 0.524118 -2.278407
vt 0.550000 -2.275000
vt 0.575882 -2.278407
vt 0.600000 -2.288397
vt 1.003590 -2.175000
vt 1.067157 -2.092157
vt 1.250000 -1.575000
vt 1.253407 -1.549118
vt 0.620711 -2.304289
vt 0.963630 -2.271472
vt 0.636603 -2.325000
vt 2.246593 -2.349118
vt 2.250000 -2.375000
vt 2.700000 -3.100000
vt 2.246593 -2.400882
vt 2.236603 -2.425000
vt 2.220711 -2.445711
vt 2.200000 -2.461603
vt 2.175882 -2.471593
vt 2.150000 -2.475000
vt 2.124118 -2.471593
vt 1.696410 -2.575000
vt 2.100000 -2.461603
vt 2.079289 -2.445711
vt 1.736370 -2.478528
vt 2.063397 -2.425000
vt 2.053407 -2.400882
vt 1.750000 -2.375000
vt 2.050000 -2.375000
vt 2.053407 -2.349118
vt 1.736370 -2.271472
vt 2.063397 -2.325000
vt 2.079289 -2.304289
vt 1.696410 -2.175000
vt 2.100000 -2.288397
vt 2.124118 -2.278407
vt 2.150000 -2.275000
vt 1.650000 -1.037500
vt 1.632843 -2.092157
vt 2.175882 -2.278407
vt 2.200000 -2.288397
vt 2.700000 0.002487
vt 2.220711 -2.304289
vt 2.236603 -2.325000
vt 1.253407 -1.600882
vt 1.150000 -2.028590
vt 1.263397 -1.625000
vt 1.246472 -1.988630
vt 1.279289 -1.645711
vt 1.300000 -1.661603
vt 1.324118 -1.671593
vt 1.350000 -1.975000
vt 1.350000 -1.675000
vt 1.375882 -1.671593
vt 1.453528 -1.988630
vt 1.400000 -1.661603
vt 1.420711 -1.645711
vt 1.436603 -1.625000
vt 1.550000 -2.028590
vt 1.446593 -1.600882
vt 1.450000 -1.575000
vt 1.446593 -1.549118
vt 1.436603 -1.525000
vt 1.420711 -1.504289
vt 1.400000 -1.488397
vt 1.375882 -1.478407
vt 1.350000 -1.475000
vt 1.324118 -1.478407
vt 1.300000 -1.488397
vt 1.279289 -1.504289
vt 1.263397 -1.525000
vt 2.691378 0.073892
vt 2.666008 0.141194
vt 2.625348 0.200522
vt 2.571735 0.248468
vt 2.508251 0.282275
vt 2.438545 0.300000
vt 0.222354 0.289778
vt 0.150000 0.259808
vt 0.087868 0.212132
vt 0.040192 0.150000
vt 0.010222 0.077646
vt 2.477646 -3.389778
vt 2.550000 -3.359808
vt 2.612132 -3.312132
vt 2.659808 -3.250000
vt 2.689778 -3.177646
vt -1.527758 0.564504
vt -1.465651 0.628319
vt -1.673332 0.646945
vt -1.465651 0.706858
vt -0.000000 0.706858
vt -1.465651 0.785398
vt -0.000000 0.785398
vt -1.465651 0.863938
vt -0.000000 0.863938
vt -1.391838 0.471239
vt -1.465651 0.549779
vt -0.000000 0.549779
vt -0.000000 0.471239
vt -4.396952 0.942478
vt -2.931302 0.863938
vt -2.931302 0.785398
vt -2.931302 0.706858
vt -2.726668 0.646945
vt -4.396952 0.706858
vt -4.396952 0.628319
vt -4.396952 0.863938
vt -4.396952 0.785398
vt -4.396952 0.549779
vt -2.872242 0.564504
vt -2.931302 0.628319
vt -4.396952 0.471239
vt -3.008161 0.471239
vt -2.931302 0.549779
vt 0.975884 0.452384
vt 0.825882 0.098116
vt 1.050000 0.232012
vt 0.850000 0.088126
vt 0.870711 0.072234
vt 0.856119 0.651666
vt 0.346410 0.201524
vt 0.750000 0.088126
vt 0.774118 0.098116
vt 0.282843 0.284367
vt 0.696307 0.820536
vt 0.200000 0.347934
vt 0.503924 0.951095
vt 0.086603 0.751524
vt 0.096593 0.775642
vt 0.100000 0.801524
vt 0.287968 1.037236
vt 0.096593 0.827406
vt 0.086603 0.851524
vt 0.070711 0.872234
vt 0.058543 1.074929
vt 0.050000 0.888126
vt 0.025882 0.898116
vt -0.000000 0.901524
vt -0.025882 0.898116
vt -0.173622 1.062410
vt -0.050000 0.888126
vt -0.070711 0.872234
vt -0.086603 0.851524
vt -0.096593 0.827406
vt -0.397664 1.000267
vt -0.100000 0.801524
vt -0.096593 0.775642
vt -0.603105 0.891405
vt -0.086603 0.751524
vt -0.200000 0.347934
vt -0.070711 0.730813
vt -0.103528 0.387894
vt -0.050000 0.714921
vt -0.025882 0.704931
vt -0.000000 0.401524
vt -0.000000 0.701524
vt 0.025882 0.704931
vt 0.103528 0.387894
vt 0.050000 0.714921
vt 0.070711 0.730813
vt -0.282843 0.284367
vt -0.780335 0.740917
vt -0.346410 0.201524
vt -0.921062 0.555842
vt -0.750000 0.088126
vt -0.774118 0.098116
vt -0.800000 0.101524
vt -1.018705 0.344838
vt -0.825882 0.098116
vt -0.850000 0.088126
vt -1.068696 0.117775
vt -0.870711 0.072234
vt -0.886603 0.051524
vt -0.896593 0.027406
vt -0.900000 0.001524
vt -1.068696 -0.114727
vt -0.896593 -0.024358
vt -0.886603 -0.048476
vt -0.870711 -0.069187
vt -0.850000 -0.085079
vt -1.018705 -0.341791
vt -0.825882 -0.095069
vt -0.800000 -0.098476
vt -0.921062 -0.552795
vt -0.774118 -0.095069
vt -0.750000 -0.085079
vt -0.346410 -0.198476
vt -0.729289 -0.069187
vt -0.386370 -0.102004
vt -0.713397 -0.048476
vt -0.703407 -0.024358
vt -0.400000 0.001524
vt -0.700000 0.001524
vt -0.703407 0.027406
vt -0.386370 0.105051
vt -0.713397 0.051524
vt -0.729289 0.072234
vt -0.780335 -0.737870
vt -0.282843 -0.281319
vt -0.603105 -0.888358
vt -0.200000 -0.344886
vt -0.086603 -0.748476
vt -0.070711 -0.727766
vt -0.096593 -0.772594
vt -0.397664 -0.997219
vt -0.100000 -0.798476
vt -0.096593 -0.824358
vt -0.173622 -1.059363
vt -0.086603 -0.848476
vt -0.070711 -0.869187
vt -0.050000 -0.885079
vt -0.025882 -0.895069
vt 0.058543 -1.071881
vt -0.000000 -0.898476
vt 0.025882 -0.895069
vt 0.050000 -0.885079
vt 0.070711 -0.869187
vt 0.287968 -1.034188
vt 0.086603 -0.848476
vt 0.096593 -0.824358
vt 0.100000 -0.798476
vt 0.503924 -0.948048
vt 0.096593 -0.772594
vt 0.086603 -0.748476
vt 0.200000 -0.344886
vt 0.070711 -0.727766
vt 0.103528 -0.384847
vt 0.050000 -0.711874
vt 0.025882 -0.701884
vt -0.000000 -0.398476
vt -0.000000 -0.698476
vt -0.025882 -0.701884
vt -0.103528 -0.384847
vt -0.050000 -0.711874
vt 0.696307 -0.817489
vt 0.282843 -0.281319
vt 0.856119 -0.648619
vt 0.346410 -0.198476
vt 0.975884 -0.449337
vt 0.750000 -0.085079
vt 0.774118 -0.095069
vt 0.800000 -0.098476
vt 0.825882 -0.095069
vt 1.050000 -0.228965
vt 0.850000 -0.085079
vt 0.870711 -0.069187
vt 0.886603 -0.048476
vt 0.896593 -0.024358
vt 0.900000 0.001524
vt 0.896593 0.027406
vt 0.886603 0.051524
vt 0.729289 0.072234
vt 0.386370 0.105051
vt 0.713397 0.051524
vt 0.703407 0.027406
vt 0.400000 0.001524
vt 0.700000 0.001524
vt 0.703407 -0.024358
vt 0.386370 -0.102004
vt 0.713397 -0.048476
vt 0.729289 -0.069187
vt 0.800000 0.101524
vt -0.000000 -0.471239
vt -0.200000 -0.471239
vt -0.000000 -0.549779
vt -0.200000 -0.549779
vt -0.200000 -0.628319
vt -0.000000 -0.706858
vt -0.200000 -0.706858
vt 0.000000 -0.785398
vt -0.200000 -0.785398
vt -0.000000 -0.863938
vt -0.200000 -0.863938
vt -0.200000 -0.942478
vt -0.200000 0.000000
vt -0.200000 -0.078540
vt -0.200000 -0.157080
vt -0.200000 -0.235619
vt -0.200000 -0.314159
vt -0.000000 -0.392699
vt -0.200000 -0.392699
vt -1.050000 1.798476
vt 1.050000 1.798476
vt -1.050000 -1.798476
vt 1.050000 -1.798476
vt 0.100000 0.300000
vt -0.700000 0.300000
vt 0.074118 0.296593
vt -0.674118 0.296593
vt 0.050000 0.286603
vt -0.650000 0.286603
vt 0.029289 0.270711
vt -0.629289 0.270711
vt 0.013397 0.250000
vt -0.613397 0.250000
vt 0.003407 0.225882
vt -0.603407 0.225882
vt 0.000000 0.200000
vt -0.600000 0.200000
vt -0.700000 4.096952
vt 0.100000 4.096952
vt -0.674118 4.100360
vt 0.074118 4.100360
vt -0.650000 4.110350
vt 0.050000 4.110350
vt -0.629289 4.126242
vt 0.029289 4.126242
vt -0.613397 4.146952
vt 0.013397 4.146952
vt -0.603407 4.171070
vt 0.003407 4.171070
vt -0.600000 4.196952
vt 0.000000 4.196952
vt -0.600000 4.396952
vt 0.000000 4.396952
vt -0.900000 0.200000
vt -0.900000 0.000000
vt -0.900000 4.196952
vt -0.900000 4.396952
vt -0.000000 0.200000
vt -0.050000 -1.050000
vt 0.150000 -1.050000
vt -0.050000 1.050000
vt 0.150000 1.050000
vt 0.300000 -1.151917
vt 0.300000 -1.256637
vt 0.300000 1.256637
vt 0.300000 1.151917
vt 0.300000 1.047198
vt 0.300000 0.942478
vt 0.300000 0.837758
vt 0.300000 0.733038
vt 0.300000 0.628319
vt 0.300000 0.523599
vt 0.300000 0.418879
vt 0.300000 0.314159
vt 0.300000 0.209440
vt 0.300000 0.104720
vt 0.300000 0.000000
vt 0.300000 -0.104720
vt 0.300000 -0.209440
vt 0.300000 -0.314159
vt 0.300000 -0.418879
vt 0.300000 -0.523599
vt 0.300000 -0.628319
vt 0.300000 -0.733038
vt 0.300000 -0.837758
vt 0.300000 -0.942478
vt 0.300000 -1.047198
vt 0.300000 -0.287979
vt 0.300000 0.287979
vt 0.300000 0.261799
vt 0.300000 0.235619
vt 0.300000 0.183260
vt 0.300000 0.157080
vt 0.300000 0.130900
vt 0.300000 0.078540
vt -0.000000 0.078540
vt 0.300000 0.052360
vt 0.300000 0.026180
vt 0.300000 -0.026180
vt 0.300000 -0.052360
vt 0.300000 -0.078540
vt 0.300000 -0.130900
vt 0.300000 -0.157080
vt 0.300000 -0.183260
vt 0.300000 -0.235619
vt 0.300000 -0.261799
vt 0.191749 0.282275
vt 0.261455 0.300000
vt 2.400000 0.300000
vt 0.128265 0.248468
vt 0.074652 0.200522
vt 0.033992 0.141194
vt 0.008622 0.073892
vt 2.700000 -0.000000
vt 2.689778 0.077646
vt 2.659808 0.150000
vt 2.612132 0.212132
vt 2.550000 0.259808
vt 2.477646 0.289778
s 0
f 2/1/1 42/2/1 1/3/1
f 1/3/1 42/2/1 43/4/1
f 1/3/1 43/4/1 28/5/1
f 28/5/1 43/4/1 27/6/1
f 27/6/1 43/4/1 44/7/1
f 27/6/1 44/7/1 26/8/1
f 26/8/1 44/7/1 45/9/1
f 26/8/1 45/9/1 25/10/1
f 25/10/1 45/9/1 46/11/1
f 25/10/1 46/11/1 24/12/1
f 24/12/1 46/11/1 47/13/1
f 24/12/1 47/13/1 23/14/1
f 23/14/1 47/13/1 48/15/1
f 23/14/1 48/15/1 22/16/1
f 22/16/1 48/15/1 49/17/1
f 22/16/1 49/17/1 21/18/1
f 21/18/1 49/17/1 50/19/1
f 21/18/1 50/19/1 20/20/1
f 20/20/1 50/19/1 51/21/1
f 20/20/1 51/21/1 19/22/1
f 19/22/1 51/21/1 52/23/1
f 19/22/1 52/23/1 53/24/1
f 42/2/1 2/1/1 41/25/1
f 41/25/1 2/1/1 3/26/1
f 41/25/1 3/26/1 40/27/1
f 40/27/1 3/26/1 4/28/1
f 40/27/1 4/28/1 39/29/1
f 39/29/1 4/28/1 5/30/1
f 39/29/1 5/30/1 38/31/1
f 38/31/1 5/30/1 6/32/1
f 38/31/1 6/32/1 37/33/1
f 37/33/1 6/32/1 7/34/1
f 37/33/1 7/34/1 36/35/1
f 36/35/1 7/34/1 8/36/1
f 36/35/1 8/36/1 35/37/1
f 35/37/1 8/36/1 9/38/1
f 35/37/1 9/38/1 34/39/1
f 34/39/1 9/38/1 10/40/1
f 34/39/1 10/40/1 33/41/1
f 33/41/1 10/40/1 32/42/1
f 32/42/1 10/40/1 11/43/1
f 32/42/1 11/43/1 31/44/1
f 31/44/1 11/43/1 12/45/1
f 31/44/1 12/45/1 30/46/1
f 30/46/1 12/45/1 13/47/1
f 30/46/1 13/47/1 14/48/1
f 30/46/1 14/48/1 29/49/1
f 29/49/1 14/48/1 15/50/1
f 29/49/1 15/50/1 16/51/1
f 16/51/1 17/52/1 29/49/1
f 29/49/1 17/52/1 54/53/1
f 54/53/1 17/52/1 18/54/1
f 54/53/1 18/54/1 53/24/1
f 53/24/1 18/54/1 19/22/1
f 56/55/2 54/56/3 55/57/4
f 55/57/5 54/56/6 53/58/7
f 55/57/8 53/58/7 67/59/9
f 67/59/10 53/58/11 52/60/12
f 67/59/13 52/60/12 66/61/14
f 66/61/15 52/60/16 65/62/17
f 65/62/18 52/60/19 51/63/20
f 65/62/18 51/63/20 64/64/21
f 64/64/22 51/63/23 50/65/24
f 64/64/22 50/65/25 63/66/26
f 63/66/26 50/65/27 49/67/28
f 63/66/29 49/67/30 62/68/31
f 62/68/31 49/67/32 48/69/33
f 62/68/34 48/69/35 61/70/36
f 61/70/37 48/69/35 47/71/38
f 61/70/39 47/71/40 60/72/41
f 60/72/41 47/71/40 46/73/42
f 60/72/43 46/73/44 59/74/45
f 59/74/46 46/73/47 45/75/48
f 59/74/49 45/75/50 58/76/51
f 58/76/52 45/75/50 44/77/53
f 58/76/54 44/77/55 57/78/56
f 57/78/57 44/77/58 43/79/59
f 56/55/60 29/80/61 54/56/62
f 68/81/63 69/82/63 28/83/63
f 28/83/63 69/82/63 1/84/63
f 1/85/64 69/86/64 2/87/65
f 2/87/65 69/86/64 70/88/65
f 2/87/66 70/88/66 3/89/67
f 3/89/68 70/88/66 71/90/68
f 3/89/69 71/90/69 4/91/70
f 4/91/70 71/90/69 72/92/70
f 4/91/71 72/92/71 5/93/72
f 5/93/73 72/92/74 73/94/73
f 5/93/75 73/94/75 6/95/76
f 6/95/76 73/94/75 74/96/76
f 6/95/77 74/96/77 7/97/78
f 7/97/78 74/96/77 75/98/78
f 7/97/79 75/98/79 8/99/80
f 8/99/81 75/98/79 76/100/81
f 8/99/82 76/100/82 9/101/83
f 9/101/83 76/100/82 77/102/83
f 9/101/84 77/102/84 10/103/85
f 10/103/85 77/102/84 78/104/85
f 10/103/86 78/104/86 11/105/87
f 11/105/87 78/104/86 79/106/87
f 11/105/88 79/106/88 12/107/89
f 12/107/90 79/106/88 80/108/90
f 12/107/91 80/108/91 13/109/92
f 13/109/92 80/108/91 81/110/92
f 13/109/93 81/110/93 14/111/94
f 14/111/94 81/110/93 82/112/94
f 14/111/95 82/112/95 15/113/96
f 15/113/96 82/112/95 83/114/96
f 15/113/97 83/114/97 16/115/98
f 16/115/98 83/114/97 84/116/98
f 16/115/99 84/116/99 17/117/100
f 17/117/101 84/116/99 85/118/101
f 17/117/102 85/118/102 18/119/103
f 18/119/103 85/118/104 86/120/103
f 18/119/105 86/120/105 19/121/106
f 19/121/107 86/120/108 87/122/107
f 19/121/109 87/122/109 20/123/110
f 20/123/110 87/122/109 88/124/110
f 20/123/111 88/124/111 21/125/112
f 21/125/112 88/124/111 89/126/112
f 21/125/113 89/126/113 22/127/114
f 22/127/114 89/126/113 90/128/114
f 22/127/115 90/128/115 23/129/116
f 23/129/116 90/128/115 91/130/116
f 23/129/117 91/130/117 24/131/118
f 24/131/118 91/130/117 92/132/118
f 24/131/119 92/132/119 25/133/120
f 25/133/121 92/132/119 93/134/121
f 25/133/122 93/134/122 26/135/123
f 26/135/123 93/134/122 94/136/123
f 26/135/124 94/136/124 27/137/125
f 27/137/125 94/136/126 95/138/125
f 27/137/127 95/138/127 28/139/128
f 28/139/128 95/138/127 68/140/128
f 30/141/129 96/142/130 31/143/131
f 31/143/132 96/142/133 97/144/134
f 31/143/135 97/144/134 32/145/136
f 32/145/136 97/144/134 98/146/137
f 32/145/136 98/146/138 33/147/139
f 33/147/139 98/146/140 99/148/141
f 33/147/142 99/148/143 100/149/144
f 33/147/145 100/149/146 34/150/147
f 34/150/147 100/149/144 101/151/148
f 34/150/149 101/151/148 35/152/150
f 35/152/151 101/151/152 102/153/153
f 35/152/154 102/153/153 36/154/155
f 36/154/156 102/153/157 103/155/158
f 36/154/156 103/155/159 37/156/160
f 37/156/161 103/155/162 104/157/163
f 37/156/161 104/157/164 38/158/165
f 38/158/166 104/157/167 105/159/168
f 38/158/166 105/159/169 39/160/170
f 39/160/171 105/159/168 106/161/172
f 39/160/173 106/161/174 40/162/175
f 40/162/176 106/161/177 107/163/178
f 40/162/179 107/163/180 41/164/181
f 41/164/182 107/163/183 108/165/184
f 41/164/185 108/165/186 42/166/187
f 96/167/188 123/168/189 97/169/190
f 97/169/190 123/168/189 121/170/189
f 97/169/190 121/170/189 122/171/190
f 123/168/191 96/167/192 125/172/193
f 125/172/193 96/167/192 30/173/194
f 125/172/195 30/173/196 124/174/195
f 124/174/197 30/173/194 29/175/194
f 124/174/193 29/175/194 56/176/192
f 124/174/193 56/176/192 126/177/191
f 126/177/198 56/176/199 55/178/190
f 126/177/189 55/178/190 110/179/189
f 110/179/189 55/178/190 109/180/190
f 126/177/191 110/179/191 124/174/193
f 124/174/193 110/179/191 111/181/193
f 124/174/200 111/181/200 127/182/201
f 127/182/201 111/181/200 112/183/201
f 127/182/202 112/183/202 129/184/203
f 129/184/203 112/183/202 113/185/203
f 129/184/204 113/185/204 131/186/205
f 131/186/205 113/185/204 114/187/205
f 131/186/206 114/187/206 115/188/207
f 115/188/207 116/82/207 131/186/206
f 131/186/206 116/82/207 132/189/206
f 131/186/205 132/189/205 129/184/204
f 129/184/204 132/189/205 130/190/204
f 129/184/203 130/190/203 127/182/202
f 127/182/202 130/190/203 128/191/202
f 127/182/201 128/191/201 124/174/200
f 124/174/200 128/191/201 125/172/200
f 116/82/207 117/192/206 132/189/206
f 132/189/205 117/192/205 130/190/204
f 117/192/205 118/193/204 130/190/204
f 130/190/203 118/193/203 128/191/202
f 118/193/203 119/194/202 128/191/202
f 128/191/201 119/194/201 125/172/200
f 119/194/201 120/195/200 125/172/200
f 125/172/193 120/195/193 123/168/191
f 120/195/193 121/170/191 123/168/191
f 55/196/1 67/197/1 109/198/1
f 109/198/1 67/197/1 66/199/1
f 109/198/1 66/199/1 65/200/1
f 65/200/1 64/201/1 109/198/1
f 109/198/1 64/201/1 63/202/1
f 109/198/1 63/202/1 133/203/1
f 133/203/1 63/202/1 62/204/1
f 133/203/1 62/204/1 61/205/1
f 61/205/1 60/206/1 133/203/1
f 133/203/1 60/206/1 59/207/1
f 133/203/1 59/207/1 58/208/1
f 107/209/1 106/210/1 134/211/1
f 134/211/1 106/210/1 105/212/1
f 134/211/1 105/212/1 104/213/1
f 104/213/1 103/214/1 134/211/1
f 134/211/1 103/214/1 102/215/1
f 134/211/1 102/215/1 122/216/1
f 122/216/1 102/215/1 101/217/1
f 122/216/1 101/217/1 100/218/1
f 100/218/1 99/219/1 122/216/1
f 122/216/1 99/219/1 98/220/1
f 122/216/1 98/220/1 97/221/1
f 143/222/208 135/223/208 142/224/209
f 142/224/210 135/223/211 136/225/210
f 142/224/209 136/225/209 141/226/212
f 141/226/213 136/225/210 137/227/213
f 141/226/214 137/227/214 140/228/215
f 140/228/216 137/227/212 138/229/216
f 140/228/215 138/229/215 139/230/217
f 144/231/218 145/232/218 163/233/219
f 163/233/220 145/232/218 165/234/221
f 163/233/222 165/234/221 162/235/223
f 162/235/224 165/234/225 164/236/226
f 162/235/224 164/236/227 161/237/228
f 161/237/229 164/236/230 166/238/231
f 161/237/229 166/238/232 160/239/232
f 160/239/233 166/238/233 159/240/234
f 159/240/235 166/238/236 167/241/237
f 159/240/238 167/241/239 158/242/240
f 158/242/240 167/241/241 168/243/242
f 158/242/243 168/243/244 157/244/245
f 157/244/246 168/243/247 156/245/248
f 156/245/249 168/243/244 153/246/249
f 156/245/248 153/246/248 155/247/1
f 155/247/1 153/246/248 154/248/1
f 145/232/250 146/249/219 165/234/251
f 165/234/221 146/249/222 147/250/223
f 165/234/225 147/250/252 164/236/226
f 164/236/227 147/250/224 148/251/228
f 164/236/230 148/251/229 166/238/231
f 166/238/232 148/251/229 149/252/232
f 166/238/232 149/252/232 150/253/234
f 166/238/236 150/253/234 167/241/237
f 167/241/239 150/253/238 151/254/240
f 167/241/241 151/254/240 168/243/242
f 168/243/244 151/254/243 152/255/245
f 168/243/247 152/255/246 153/246/248
f 145/256/253 169/257/253 146/258/254
f 146/258/255 169/257/253 176/259/256
f 146/258/257 176/259/258 147/260/259
f 147/260/260 176/259/261 177/261/262
f 147/260/259 177/261/263 148/262/264
f 148/262/265 177/261/263 178/263/266
f 148/262/267 178/263/266 149/264/266
f 149/264/268 178/263/268 150/265/269
f 150/265/270 178/263/271 179/266/272
f 150/265/273 179/266/274 151/267/275
f 151/267/275 179/266/276 180/268/277
f 151/267/278 180/268/279 152/269/280
f 152/269/280 180/268/279 153/270/281
f 153/270/282 180/268/279 154/271/283
f 154/271/283 180/268/284 175/272/283
f 175/272/283 180/268/279 174/273/279
f 174/273/277 180/268/277 173/274/276
f 173/274/276 180/268/277 179/266/276
f 173/274/272 179/266/272 172/275/268
f 172/275/268 179/266/272 178/263/268
f 172/275/285 178/263/285 171/276/286
f 171/276/286 178/263/285 177/261/286
f 171/276/262 177/261/262 170/277/261
f 170/277/261 177/261/287 176/259/261
f 170/277/256 176/259/256 169/257/253
f 155/278/63 181/279/63 156/280/288
f 156/280/288 181/279/289 188/281/290
f 156/280/288 188/281/291 157/282/292
f 157/282/293 188/281/291 158/283/294
f 158/283/295 188/281/296 189/284/297
f 158/283/295 189/284/298 159/285/299
f 159/285/300 189/284/301 190/286/302
f 159/285/303 190/286/304 160/287/304
f 160/287/305 190/286/306 161/288/307
f 161/288/308 190/286/309 191/289/310
f 161/288/311 191/289/312 162/290/313
f 162/290/314 191/289/315 192/291/316
f 162/290/317 192/291/318 163/292/319
f 163/292/320 192/291/318 144/293/321
f 144/293/321 192/291/322 187/294/321
f 187/294/321 192/291/322 186/295/322
f 186/295/316 192/291/316 185/296/323
f 185/296/315 192/291/316 191/289/315
f 185/296/310 191/289/310 184/297/306
f 184/297/306 191/289/310 190/286/306
f 184/297/304 190/286/304 183/298/301
f 183/298/301 190/286/304 189/284/301
f 183/298/297 189/284/297 182/299/324
f 182/299/296 189/284/297 188/281/296
f 182/299/290 188/281/290 181/279/289
f 194/300/250 144/301/250 193/302/250
f 193/302/250 144/301/250 319/303/250
f 193/302/250 319/303/250 216/304/250
f 216/304/250 319/303/250 320/305/250
f 216/304/250 320/305/250 215/306/250
f 215/306/250 320/305/250 214/307/250
f 214/307/250 320/305/250 321/308/250
f 214/307/250 321/308/250 213/309/250
f 213/309/250 321/308/250 212/310/250
f 212/310/250 321/308/250 322/311/250
f 212/310/250 322/311/250 211/312/250
f 211/312/250 322/311/250 210/313/250
f 210/313/250 322/311/250 323/314/250
f 210/313/250 323/314/250 209/315/250
f 209/315/250 323/314/250 208/316/250
f 208/316/250 323/314/250 324/317/250
f 208/316/250 324/317/250 207/318/250
f 207/318/250 324/317/250 206/319/250
f 206/319/250 324/317/250 325/320/250
f 206/319/250 325/320/250 205/321/250
f 205/321/250 325/320/250 145/322/250
f 205/321/250 145/322/250 204/323/250
f 204/323/250 145/322/250 203/324/250
f 203/324/250 145/322/250 202/325/250
f 202/325/250 145/322/250 201/326/250
f 201/326/250 145/322/250 200/327/250
f 200/327/250 145/322/250 199/328/250
f 199/328/250 145/322/250 144/301/250
f 199/328/250 144/301/250 198/329/250
f 198/329/250 144/301/250 197/330/250
f 197/330/250 144/301/250 196/331/250
f 196/331/250 144/301/250 195/332/250
f 195/332/250 144/301/250 194/300/250
f 240/333/250 217/334/250 285/335/250
f 285/335/250 217/334/250 218/336/250
f 285/335/250 218/336/250 284/337/250
f 284/337/250 218/336/250 219/338/250
f 284/337/250 219/338/250 220/339/250
f 220/339/250 221/340/250 284/337/250
f 284/337/250 221/340/250 283/341/250
f 283/341/250 221/340/250 222/342/250
f 283/341/250 222/342/250 282/343/250
f 282/343/250 222/342/250 144/301/250
f 282/343/250 144/301/250 281/344/250
f 281/344/250 144/301/250 280/345/250
f 280/345/250 144/301/250 279/346/250
f 279/346/250 144/301/250 278/347/250
f 278/347/250 144/301/250 187/348/250
f 278/347/250 187/348/250 277/349/250
f 277/349/250 187/348/250 276/350/250
f 276/350/250 187/348/250 169/351/250
f 276/350/250 169/351/250 275/352/250
f 275/352/250 169/351/250 274/353/250
f 274/353/250 169/351/250 273/354/250
f 273/354/250 169/351/250 145/322/250
f 273/354/250 145/322/250 272/355/250
f 272/355/250 145/322/250 271/356/250
f 271/356/250 145/322/250 270/357/250
f 270/357/250 145/322/250 269/358/250
f 269/358/250 145/322/250 299/359/250
f 269/358/250 299/359/250 268/360/250
f 268/360/250 299/359/250 300/361/250
f 268/360/250 300/361/250 267/362/250
f 267/362/250 300/361/250 301/363/250
f 267/362/250 301/363/250 302/364/250
f 222/342/250 223/365/250 144/301/250
f 144/301/250 223/365/250 224/366/250
f 144/301/250 224/366/250 319/303/250
f 319/303/250 224/366/250 318/367/250
f 318/367/250 224/366/250 225/368/250
f 318/367/250 225/368/250 226/369/250
f 318/367/250 226/369/250 317/370/250
f 317/370/250 226/369/250 227/371/250
f 317/370/250 227/371/250 228/372/250
f 317/370/250 228/372/250 316/373/250
f 316/373/250 228/372/250 229/374/250
f 316/373/250 229/374/250 230/375/250
f 316/373/250 230/375/250 339/376/250
f 339/376/250 230/375/250 231/377/250
f 339/376/250 231/377/250 232/378/250
f 339/376/250 232/378/250 338/379/250
f 338/379/250 232/378/250 233/380/250
f 338/379/250 233/380/250 234/381/250
f 235/382/250 291/383/250 234/381/250
f 234/381/250 291/383/250 337/384/250
f 234/381/250 337/384/250 338/379/250
f 235/382/250 236/385/250 291/383/250
f 291/383/250 236/385/250 237/386/250
f 291/383/250 237/386/250 285/335/250
f 285/335/250 237/386/250 238/387/250
f 285/335/250 238/387/250 239/388/250
f 239/388/250 240/333/250 285/335/250
f 241/389/250 242/390/250 291/383/250
f 291/383/250 242/390/250 243/391/250
f 291/383/250 243/391/250 244/392/250
f 291/383/250 244/392/250 337/384/250
f 337/384/250 244/392/250 245/393/250
f 337/384/250 245/393/250 336/394/250
f 336/394/250 245/393/250 246/395/250
f 336/394/250 246/395/250 247/396/250
f 336/394/250 247/396/250 335/397/250
f 335/397/250 247/396/250 248/398/250
f 335/397/250 248/398/250 249/399/250
f 335/397/250 249/399/250 334/400/250
f 334/400/250 249/399/250 250/401/250
f 334/400/250 250/401/250 251/402/250
f 334/400/250 251/402/250 333/403/250
f 333/403/250 251/402/250 252/404/250
f 333/403/250 252/404/250 253/405/250
f 333/403/250 253/405/250 332/406/250
f 332/406/250 253/405/250 254/407/250
f 332/406/250 254/407/250 255/408/250
f 332/406/250 255/408/250 331/409/250
f 331/409/250 255/408/250 256/410/250
f 331/409/250 256/410/250 260/411/250
f 260/411/250 256/410/250 257/412/250
f 260/411/250 257/412/250 258/413/250
f 258/413/250 259/414/250 260/411/250
f 261/415/250 266/416/250 260/411/250
f 260/411/250 266/416/250 308/417/250
f 260/411/250 308/417/250 309/418/250
f 261/415/250 262/419/250 266/416/250
f 266/416/250 262/419/250 263/420/250
f 266/416/250 263/420/250 264/421/250
f 264/421/250 265/422/250 266/416/250
f 267/362/250 303/423/250 266/416/250
f 266/416/250 303/423/250 304/424/250
f 266/416/250 304/424/250 305/425/250
f 286/426/250 287/427/250 285/335/250
f 285/335/250 287/427/250 288/428/250
f 285/335/250 288/428/250 289/429/250
f 289/429/250 290/430/250 285/335/250
f 285/335/250 290/430/250 291/383/250
f 315/431/250 292/432/250 328/433/250
f 328/433/250 292/432/250 293/434/250
f 328/433/250 293/434/250 327/435/250
f 327/435/250 293/434/250 294/436/250
f 327/435/250 294/436/250 295/437/250
f 327/435/250 295/437/250 326/438/250
f 326/438/250 295/437/250 296/439/250
f 326/438/250 296/439/250 297/440/250
f 298/441/250 145/322/250 297/440/250
f 297/440/250 145/322/250 325/320/250
f 297/440/250 325/320/250 326/438/250
f 298/441/250 299/359/250 145/322/250
f 302/364/250 303/423/250 267/362/250
f 305/425/250 306/442/250 266/416/250
f 266/416/250 306/442/250 307/443/250
f 266/416/250 307/443/250 308/417/250
f 309/418/250 310/444/250 260/411/250
f 260/411/250 310/444/250 311/445/250
f 260/411/250 311/445/250 331/409/250
f 331/409/250 311/445/250 330/446/250
f 330/446/250 311/445/250 312/447/250
f 330/446/250 312/447/250 313/448/250
f 330/446/250 313/448/250 329/449/250
f 329/449/250 313/448/250 314/450/250
f 329/449/250 314/450/250 315/431/250
f 329/449/250 315/431/250 328/433/250
f 341/451/325 369/452/326 340/453/327
f 340/453/63 369/452/328 378/454/291
f 340/453/329 378/454/330 363/455/331
f 363/455/332 378/454/333 479/456/334
f 363/455/335 479/456/336 362/457/337
f 362/457/338 479/456/339 474/458/340
f 362/457/341 474/458/342 361/459/343
f 361/459/344 474/458/345 469/460/346
f 361/459/347 469/460/348 360/461/349
f 360/461/349 469/460/348 464/462/350
f 360/461/349 464/462/351 359/463/352
f 359/463/352 464/462/353 459/464/354
f 359/463/355 459/464/354 358/465/356
f 358/465/357 459/464/358 454/466/359
f 358/465/360 454/466/247 357/467/361
f 357/467/362 454/466/363 449/468/364
f 357/467/365 449/468/366 356/469/367
f 356/469/368 449/468/369 444/470/370
f 356/469/371 444/470/372 355/471/373
f 355/471/374 444/470/375 439/472/376
f 355/471/374 439/472/376 354/473/377
f 354/473/378 439/472/379 434/474/380
f 354/473/381 434/474/382 353/475/383
f 353/475/384 434/474/385 429/476/386
f 353/475/387 429/476/388 352/477/389
f 352/477/207 429/476/390 364/478/391
f 352/479/392 364/480/279 351/481/393
f 351/481/394 364/480/395 424/482/396
f 351/481/397 424/482/398 350/483/399
f 350/483/400 424/482/398 419/484/401
f 350/483/402 419/484/403 349/485/404
f 349/485/405 419/484/403 414/486/406
f 349/485/407 414/486/408 348/487/409
f 348/487/410 414/486/411 409/488/412
f 348/487/413 409/488/414 347/489/415
f 347/489/416 409/488/414 404/490/417
f 347/489/418 404/490/419 346/491/420
f 346/491/420 404/490/419 399/492/421
f 346/491/422 399/492/423 345/493/424
f 345/493/425 399/492/423 394/494/426
f 345/493/427 394/494/428 344/495/429
f 344/495/430 394/494/431 389/496/432
f 344/495/433 389/496/434 343/497/435
f 343/497/435 389/496/436 384/498/437
f 343/497/435 384/498/438 342/499/439
f 342/499/440 384/498/438 379/500/441
f 342/499/442 379/500/443 341/451/444
f 341/451/444 379/500/445 369/452/446
f 216/501/321 483/502/447 193/503/321
f 193/503/321 483/502/448 374/504/318
f 193/503/321 374/504/318 194/505/321
f 194/505/321 374/504/449 373/506/450
f 194/505/321 373/506/451 195/507/321
f 195/507/321 373/506/451 383/508/452
f 195/507/453 383/508/452 196/509/321
f 196/509/454 383/508/455 388/510/456
f 196/509/453 388/510/457 197/511/454
f 197/511/453 388/510/458 393/512/459
f 197/511/453 393/512/460 198/513/453
f 198/513/453 393/512/459 398/514/461
f 198/513/453 398/514/461 199/515/453
f 199/515/453 398/514/462 403/516/463
f 199/515/453 403/516/464 200/517/453
f 200/517/453 403/516/463 408/518/465
f 200/517/453 408/518/466 201/519/453
f 201/519/453 408/518/467 413/520/468
f 201/519/253 413/520/469 202/521/453
f 202/521/453 413/520/470 418/522/471
f 202/521/253 418/522/471 203/523/472
f 203/523/453 418/522/471 423/524/473
f 203/523/253 423/524/473 204/525/253
f 204/525/253 423/524/473 428/526/474
f 204/525/253 428/526/475 205/527/253
f 205/527/253 428/526/474 368/528/258
f 205/529/253 368/530/258 206/531/253
f 206/531/253 368/530/258 433/532/476
f 206/531/253 433/532/476 207/533/253
f 207/533/253 433/532/477 438/534/478
f 207/533/479 438/534/480 208/535/253
f 208/535/479 438/534/480 443/536/481
f 208/535/253 443/536/481 209/537/250
f 209/537/218 443/536/481 448/538/482
f 209/537/218 448/538/482 210/539/218
f 210/539/218 448/538/482 453/540/483
f 210/539/218 453/540/483 211/541/218
f 211/541/218 453/540/484 458/542/251
f 211/541/218 458/542/221 212/543/218
f 212/543/218 458/542/251 463/544/485
f 212/543/218 463/544/486 213/545/218
f 213/545/218 463/544/485 468/546/487
f 213/545/218 468/546/488 214/547/218
f 214/547/489 468/546/488 473/548/490
f 214/547/321 473/548/491 215/549/489
f 215/549/218 473/548/490 478/550/492
f 215/549/321 478/550/492 216/501/321
f 216/501/321 478/550/492 483/502/448
f 364/480/277 365/551/493 424/482/494
f 424/482/494 365/551/495 425/552/496
f 424/482/497 425/552/498 419/484/499
f 419/484/499 425/552/500 420/553/501
f 419/484/502 420/553/503 414/486/504
f 414/486/505 420/553/503 415/554/506
f 414/486/504 415/554/507 409/488/508
f 409/488/508 415/554/509 410/555/510
f 409/488/511 410/555/512 404/490/513
f 404/490/513 410/555/514 405/556/515
f 404/490/516 405/556/517 399/492/518
f 399/492/519 405/556/520 400/557/521
f 399/492/522 400/557/523 394/494/524
f 394/494/524 400/557/525 395/558/526
f 394/494/527 395/558/528 389/496/529
f 389/496/529 395/558/528 390/559/530
f 389/496/531 390/559/532 384/498/533
f 384/498/534 390/559/532 385/560/535
f 384/498/534 385/560/535 379/500/536
f 379/500/536 385/560/535 380/561/537
f 379/500/538 380/561/539 369/452/540
f 369/452/541 380/561/542 370/562/543
f 369/452/544 370/562/545 378/454/324
f 378/454/324 370/562/545 377/563/546
f 378/454/547 377/563/297 479/456/334
f 479/456/548 377/563/549 480/564/550
f 479/456/551 480/564/552 474/458/553
f 474/458/553 480/564/552 475/565/554
f 474/458/555 475/565/556 469/460/557
f 469/460/558 475/565/559 470/566/560
f 469/460/561 470/566/562 464/462/563
f 464/462/563 470/566/564 465/567/565
f 464/462/566 465/567/567 459/464/568
f 459/464/569 465/567/570 460/568/571
f 459/464/572 460/568/573 454/466/574
f 454/466/574 460/568/573 455/569/575
f 454/466/242 455/569/576 449/468/577
f 449/468/578 455/569/579 450/570/580
f 449/468/578 450/570/581 444/470/582
f 444/470/582 450/570/581 445/571/583
f 444/470/584 445/571/585 439/472/376
f 439/472/586 445/571/585 440/572/587
f 439/472/588 440/572/589 434/474/590
f 434/474/590 440/572/591 435/573/592
f 434/474/593 435/573/594 429/476/595
f 429/476/596 435/573/597 430/574/598
f 429/476/599 430/574/600 364/478/601
f 364/478/391 430/574/602 365/575/603
f 365/551/272 366/576/268 425/552/604
f 425/552/605 366/576/606 426/577/607
f 425/552/608 426/577/609 420/553/610
f 420/553/611 426/577/612 421/578/613
f 420/553/614 421/578/615 415/554/616
f 415/554/617 421/578/615 416/579/618
f 415/554/619 416/579/620 410/555/621
f 410/555/622 416/579/620 411/580/623
f 410/555/624 411/580/625 405/556/626
f 405/556/626 411/580/627 406/581/628
f 405/556/629 406/581/630 400/557/631
f 400/557/631 406/581/630 401/582/632
f 400/557/633 401/582/634 395/558/635
f 395/558/636 401/582/634 396/583/637
f 395/558/528 396/583/638 390/559/639
f 390/559/639 396/583/640 391/584/641
f 390/559/642 391/584/643 385/560/644
f 385/560/645 391/584/646 386/585/647
f 385/560/648 386/585/649 380/561/650
f 380/561/651 386/585/652 381/586/653
f 380/561/654 381/586/655 370/562/656
f 370/562/657 381/586/658 371/587/659
f 370/562/660 371/587/661 377/563/662
f 377/563/298 371/587/663 376/588/305
f 377/563/549 376/588/664 480/564/665
f 480/564/666 376/588/305 481/589/667
f 480/564/668 481/589/669 475/565/670
f 475/565/671 481/589/669 476/590/672
f 475/565/673 476/590/674 470/566/675
f 470/566/676 476/590/674 471/591/677
f 470/566/678 471/591/679 465/567/680
f 465/567/681 471/591/679 466/592/682
f 465/567/570 466/592/683 460/568/571
f 460/568/684 466/592/685 461/593/686
f 460/568/571 461/593/686 455/569/687
f 455/569/237 461/593/688 456/594/233
f 455/569/237 456/594/233 450/570/689
f 450/570/690 456/594/691 451/595/692
f 450/570/693 451/595/694 445/571/695
f 445/571/695 451/595/694 446/596/696
f 445/571/583 446/596/697 440/572/698
f 440/572/699 446/596/696 441/597/700
f 440/572/701 441/597/702 435/573/703
f 435/573/704 441/597/705 436/598/706
f 435/573/707 436/598/708 430/574/709
f 430/574/710 436/598/711 431/599/712
f 430/574/713 431/599/714 365/575/715
f 365/575/715 431/599/714 366/600/268
f 366/576/716 367/601/286 426/577/717
f 426/577/718 367/601/286 427/602/719
f 426/577/718 427/602/719 421/578/613
f 421/578/720 427/602/721 422/603/722
f 421/578/723 422/603/722 416/579/724
f 416/579/724 422/603/725 417/604/726
f 416/579/727 417/604/726 411/580/728
f 411/580/729 417/604/726 412/605/730
f 411/580/627 412/605/731 406/581/732
f 406/581/628 412/605/731 407/606/733
f 406/581/732 407/606/734 401/582/735
f 401/582/735 407/606/734 402/607/736
f 401/582/735 402/607/737 396/583/738
f 396/583/738 402/607/737 397/608/739
f 396/583/738 397/608/740 391/584/641
f 391/584/641 397/608/741 392/609/742
f 391/584/743 392/609/744 386/585/745
f 386/585/745 392/609/746 387/610/747
f 386/585/748 387/610/747 381/586/749
f 381/586/750 387/610/747 382/611/751
f 381/586/752 382/611/753 371/587/754
f 371/587/755 382/611/753 372/612/756
f 371/587/757 372/612/758 376/588/759
f 376/588/306 372/612/758 375/613/312
f 376/588/305 375/613/312 481/589/760
f 481/589/760 375/613/312 482/614/761
f 481/589/762 482/614/763 476/590/764
f 476/590/672 482/614/763 477/615/765
f 476/590/766 477/615/767 471/591/768
f 471/591/768 477/615/767 472/616/769
f 471/591/770 472/616/769 466/592/771
f 466/592/771 472/616/769 467/617/772
f 466/592/773 467/617/774 461/593/775
f 461/593/776 467/617/774 462/618/777
f 461/593/775 462/618/778 456/594/779
f 456/594/232 462/618/778 457/619/230
f 456/594/232 457/619/780 451/595/781
f 451/595/781 457/619/230 452/620/782
f 451/595/694 452/620/783 446/596/784
f 446/596/785 452/620/782 447/621/786
f 446/596/787 447/621/788 441/597/789
f 441/597/790 447/621/788 442/622/791
f 441/597/792 442/622/791 436/598/793
f 436/598/794 442/622/791 437/623/795
f 436/598/796 437/623/797 431/599/798
f 431/599/799 437/623/797 432/624/800
f 431/599/801 432/624/802 366/600/266
f 366/600/803 432/624/802 367/625/286
f 367/601/262 368/528/261 427/602/804
f 427/602/804 368/528/261 428/526/805
f 427/602/804 428/526/806 422/603/807
f 422/603/808 428/526/805 423/524/809
f 422/603/807 423/524/810 417/604/811
f 417/604/811 423/524/810 418/522/812
f 417/604/811 418/522/813 412/605/814
f 412/605/814 418/522/815 413/520/816
f 412/605/817 413/520/818 407/606/819
f 407/606/819 413/520/818 408/518/820
f 407/606/821 408/518/822 402/607/823
f 402/607/823 408/518/822 403/516/824
f 402/607/825 403/516/824 397/608/826
f 397/608/826 403/516/824 398/514/827
f 397/608/826 398/514/461 392/609/828
f 392/609/829 398/514/830 393/512/831
f 392/609/832 393/512/833 387/610/834
f 387/610/834 393/512/833 388/510/835
f 387/610/834 388/510/836 382/611/837
f 382/611/838 388/510/836 383/508/839
f 382/611/838 383/508/840 372/612/841
f 372/612/841 383/508/840 373/506/842
f 372/612/841 373/506/842 375/613/315
f 375/613/315 373/506/842 374/504/316
f 375/613/315 374/504/316 482/614/843
f 482/614/843 374/504/316 483/502/844
f 482/614/843 483/502/844 477/615/845
f 477/615/846 483/502/844 478/550/847
f 477/615/845 478/550/848 472/616/849
f 472/616/849 478/550/848 473/548/850
f 472/616/849 473/548/851 467/617/852
f 467/617/853 473/548/851 468/546/854
f 467/617/852 468/546/855 462/618/856
f 462/618/857 468/546/855 463/544/858
f 462/618/857 463/544/858 457/619/226
f 457/619/226 463/544/858 458/542/225
f 457/619/226 458/542/225 452/620/859
f 452/620/859 458/542/225 453/540/860
f 452/620/859 453/540/860 447/621/861
f 447/621/861 453/540/862 448/538/863
f 447/621/864 448/538/865 442/622/866
f 442/622/866 448/538/865 443/536/867
f 442/622/866 443/536/868 437/623/869
f 437/623/870 443/536/871 438/534/872
f 437/623/870 438/534/873 432/624/874
f 432/624/874 438/534/873 433/532/875
f 432/624/874 433/532/875 367/625/262
f 367/625/262 433/532/875 368/530/261
f 485/626/876 341/627/876 484/628/327
f 484/628/327 341/627/876 340/629/327
f 484/630/877 340/631/877 507/632/878
f 507/632/878 340/631/877 363/633/878
f 507/632/879 363/633/879 506/634/338
f 506/634/338 363/633/879 362/635/338
f 506/634/880 362/635/880 505/636/881
f 505/636/881 362/635/880 361/637/881
f 505/636/882 361/637/882 504/638/883
f 504/638/883 361/637/882 360/639/883
f 504/638/884 360/639/884 503/640/885
f 503/640/885 360/639/886 359/641/885
f 503/640/887 359/641/887 502/642/357
f 502/642/357 359/641/887 358/643/357
f 502/642/888 358/643/888 501/644/361
f 501/644/361 358/643/888 357/645/361
f 501/644/889 357/645/889 500/646/368
f 500/646/890 357/645/889 356/647/890
f 500/646/891 356/647/891 499/648/892
f 499/648/893 356/647/368 355/649/893
f 499/648/894 355/649/894 498/650/378
f 498/650/378 355/649/894 354/651/378
f 498/650/895 354/651/895 497/652/384
f 497/652/384 354/651/895 353/653/384
f 497/652/896 353/653/896 496/82/207
f 496/82/207 353/653/896 352/654/207
f 496/82/897 352/654/897 495/655/898
f 495/655/898 352/654/897 351/656/898
f 495/655/899 351/656/899 494/657/400
f 494/657/400 351/656/899 350/658/400
f 494/657/900 350/658/900 493/659/901
f 493/659/901 350/658/900 349/660/901
f 493/659/902 349/660/902 492/661/410
f 492/661/410 349/660/902 348/662/410
f 492/661/413 348/662/413 491/663/415
f 491/663/415 348/662/413 347/664/415
f 491/663/903 347/664/903 490/665/904
f 490/665/904 347/664/905 346/666/904
f 490/665/906 346/666/906 489/667/424
f 489/667/907 346/666/906 345/668/907
f 489/667/908 345/668/908 488/669/909
f 488/669/909 345/668/908 344/670/909
f 488/669/910 344/670/910 487/671/911
f 487/671/911 344/670/910 343/672/911
f 487/671/912 343/672/912 486/673/439
f 486/673/439 343/672/912 342/674/439
f 486/673/913 342/674/913 485/626/914
f 485/626/914 342/674/913 341/627/914
f 509/675/876 537/676/915 508/453/327
f 508/453/327 537/676/326 546/454/916
f 508/453/329 546/454/330 531/677/331
f 531/677/331 546/454/330 647/678/334
f 531/677/879 647/678/917 530/679/338
f 530/679/918 647/678/339 642/680/919
f 530/679/920 642/680/345 529/681/347
f 529/681/347 642/680/345 637/682/346
f 529/681/347 637/682/348 528/683/883
f 528/683/349 637/682/348 632/684/350
f 528/683/349 632/684/921 527/685/885
f 527/685/352 632/684/353 627/686/354
f 527/685/355 627/686/354 526/687/356
f 526/687/356 627/686/922 622/688/359
f 526/687/923 622/688/244 525/689/924
f 525/689/362 622/688/363 617/690/925
f 525/689/365 617/690/366 524/691/367
f 524/691/926 617/690/366 612/692/927
f 524/691/371 612/692/584 523/693/928
f 523/693/929 612/692/372 607/694/930
f 523/693/374 607/694/379 522/695/378
f 522/695/377 607/694/931 602/696/932
f 522/695/381 602/696/382 521/697/383
f 521/697/383 602/696/382 597/698/933
f 521/697/387 597/698/933 520/699/207
f 520/699/389 597/698/388 532/700/934
f 520/701/392 532/702/935 519/703/936
f 519/703/394 532/702/395 592/704/937
f 519/703/397 592/704/398 518/705/938
f 518/705/939 592/704/940 587/706/941
f 518/705/402 587/706/403 517/707/942
f 517/707/943 587/706/403 582/708/406
f 517/707/407 582/708/411 516/709/944
f 516/709/409 582/708/945 577/710/412
f 516/709/946 577/710/414 515/711/416
f 515/711/415 577/710/414 572/712/947
f 515/711/418 572/712/948 514/713/420
f 514/713/904 572/712/949 567/714/421
f 514/713/422 567/714/950 513/715/424
f 513/715/425 567/714/423 562/716/951
f 513/715/427 562/716/428 512/717/430
f 512/717/952 562/716/428 557/718/953
f 512/717/954 557/718/434 511/719/955
f 511/719/435 557/718/956 552/720/437
f 511/719/957 552/720/958 510/721/959
f 510/721/440 552/720/438 547/722/441
f 510/721/960 547/722/443 509/675/914
f 509/675/444 547/722/443 537/676/446
f 339/723/321 651/724/961 316/503/321
f 316/503/321 651/724/448 542/504/318
f 316/503/321 542/504/318 317/725/321
f 317/725/321 542/504/318 541/726/451
f 317/725/321 541/726/451 318/727/321
f 318/727/321 541/726/450 551/728/452
f 318/727/454 551/728/455 319/729/321
f 319/729/321 551/728/452 556/730/458
f 319/729/321 556/730/962 320/731/453
f 320/731/453 556/730/458 561/732/459
f 320/731/453 561/732/459 321/733/453
f 321/733/453 561/732/459 566/734/963
f 321/733/453 566/734/462 322/735/453
f 322/735/453 566/734/963 571/736/464
f 322/735/453 571/736/464 323/737/453
f 323/737/453 571/736/463 576/738/467
f 323/737/453 576/738/466 324/739/453
f 324/739/453 576/738/467 581/740/468
f 324/739/253 581/740/470 325/741/453
f 325/741/453 581/740/470 586/742/471
f 325/741/253 586/742/471 326/743/253
f 326/743/253 586/742/964 591/744/965
f 326/743/253 591/744/473 327/745/253
f 327/745/253 591/744/966 596/746/967
f 327/745/253 596/746/968 328/747/253
f 328/747/253 596/746/474 536/748/258
f 328/749/253 536/750/258 329/751/253
f 329/751/253 536/750/258 601/752/476
f 329/751/253 601/752/477 330/753/253
f 330/753/253 601/752/476 606/754/480
f 330/753/479 606/754/480 331/755/253
f 331/755/479 606/754/480 611/756/481
f 331/755/218 611/756/481 332/757/218
f 332/757/218 611/756/481 616/758/482
f 332/757/218 616/758/482 333/759/218
f 333/759/218 616/758/482 621/760/969
f 333/759/218 621/760/484 334/761/218
f 334/761/218 621/760/969 626/762/221
f 334/761/218 626/762/221 335/763/218
f 335/763/218 626/762/251 631/764/970
f 335/763/218 631/764/486 336/765/218
f 336/765/218 631/764/486 636/766/488
f 336/765/321 636/766/971 337/767/218
f 337/767/218 636/766/488 641/768/490
f 337/767/321 641/768/490 338/769/321
f 338/769/321 641/768/490 646/770/492
f 338/769/321 646/770/972 339/723/321
f 339/723/321 646/770/492 651/724/448
f 532/702/973 533/771/493 592/704/494
f 592/704/497 533/771/493 593/772/496
f 592/704/497 593/772/498 587/706/499
f 587/706/499 593/772/500 588/773/974
f 587/706/502 588/773/503 582/708/505
f 582/708/504 588/773/975 583/774/976
f 582/708/504 583/774/507 577/710/508
f 577/710/508 583/774/507 578/775/977
f 577/710/511 578/775/512 572/712/978
f 572/712/978 578/775/512 573/776/515
f 572/712/516 573/776/520 567/714/519
f 567/714/518 573/776/520 568/777/521
f 567/714/522 568/777/525 562/716/979
f 562/716/524 568/777/523 563/778/526
f 562/716/527 563/778/980 557/718/529
f 557/718/529 563/778/528 558/779/530
f 557/718/531 558/779/532 552/720/533
f 552/720/534 558/779/532 553/780/535
f 552/720/534 553/780/535 547/722/536
f 547/722/536 553/780/981 548/781/537
f 547/722/538 548/781/982 537/676/541
f 537/676/541 548/781/539 538/782/543
f 537/676/544 538/782/545 546/454/324
f 546/454/296 538/782/545 545/563/546
f 546/454/547 545/563/983 647/678/548
f 647/678/551 545/563/983 648/783/984
f 647/678/339 648/783/985 642/680/340
f 642/680/553 648/783/668 643/784/986
f 642/680/555 643/784/556 637/682/987
f 637/682/558 643/784/556 638/785/988
f 637/682/558 638/785/988 632/684/563
f 632/684/563 638/785/562 633/786/565
f 632/684/566 633/786/567 627/686/568
f 627/686/569 633/786/989 628/787/571
f 627/686/572 628/787/573 622/688/242
f 622/688/242 628/787/573 623/788/575
f 622/688/990 623/788/579 617/690/577
f 617/690/577 623/788/991 618/789/580
f 617/690/578 618/789/992 612/692/582
f 612/692/582 618/789/992 613/790/993
f 612/692/994 613/790/585 607/694/588
f 607/694/586 613/790/585 608/791/587
f 607/694/588 608/791/589 602/696/590
f 602/696/590 608/791/995 603/792/996
f 602/696/593 603/792/597 597/698/596
f 597/698/595 603/792/594 598/793/598
f 597/698/595 598/793/602 532/700/391
f 532/700/601 598/793/602 533/794/603
f 533/771/272 534/795/268 593/772/604
f 593/772/604 534/795/606 594/796/607
f 593/772/500 594/796/997 588/773/610
f 588/773/998 594/796/997 589/797/999
f 588/773/614 589/797/615 583/774/617
f 583/774/617 589/797/1000 584/798/1001
f 583/774/619 584/798/620 578/775/1002
f 578/775/1003 584/798/620 579/799/1004
f 578/775/1003 579/799/627 573/776/1005
f 573/776/626 579/799/1006 574/800/628
f 573/776/1007 574/800/1008 568/777/631
f 568/777/631 574/800/1008 569/801/1009
f 568/777/633 569/801/1010 563/778/635
f 563/778/635 569/801/735 564/802/1011
f 563/778/1012 564/802/640 558/779/1013
f 558/779/1013 564/802/640 559/803/641
f 558/779/1014 559/803/646 553/780/645
f 553/780/644 559/803/646 554/804/1015
f 553/780/648 554/804/1016 548/781/651
f 548/781/650 554/804/1016 549/805/653
f 548/781/982 549/805/655 538/782/657
f 538/782/656 549/805/655 539/806/1017
f 538/782/660 539/806/663 545/563/1018
f 545/563/298 539/806/663 544/588/1019
f 545/563/1020 544/588/1021 648/783/666
f 648/783/665 544/588/302 649/807/1022
f 648/783/668 649/807/1023 643/784/1024
f 643/784/671 649/807/669 644/808/672
f 643/784/1025 644/808/674 638/785/676
f 638/785/676 644/808/1026 639/809/1027
f 638/785/1028 639/809/679 633/786/681
f 633/786/570 639/809/679 634/810/682
f 633/786/1029 634/810/773 628/787/684
f 628/787/684 634/810/773 629/811/776
f 628/787/1030 629/811/1031 623/788/1032
f 623/788/239 629/811/686 624/812/1033
f 623/788/237 624/812/233 618/789/690
f 618/789/1034 624/812/691 619/813/1035
f 618/789/693 619/813/1036 613/790/1037
f 613/790/1037 619/813/694 614/814/784
f 613/790/583 614/814/696 608/791/699
f 608/791/699 614/814/696 609/815/700
f 608/791/701 609/815/702 603/792/703
f 603/792/703 609/815/702 604/816/1038
f 603/792/704 604/816/708 598/793/710
f 598/793/709 604/816/708 599/817/712
f 598/793/713 599/817/714 533/794/715
f 533/794/274 599/817/714 534/818/1039
f 534/795/285 535/819/286 594/796/1040
f 594/796/718 535/819/286 595/820/719
f 594/796/1041 595/820/721 589/797/613
f 589/797/613 595/820/719 590/821/722
f 589/797/723 590/821/725 584/798/724
f 584/798/724 590/821/1042 585/822/726
f 584/798/727 585/822/726 579/799/728
f 579/799/729 585/822/726 580/823/1043
f 579/799/1044 580/823/731 574/800/1045
f 574/800/1045 580/823/731 575/824/733
f 574/800/732 575/824/734 569/801/1046
f 569/801/735 575/824/734 570/825/736
f 569/801/735 570/825/736 564/802/738
f 564/802/1047 570/825/736 565/826/740
f 564/802/738 565/826/741 559/803/641
f 559/803/1048 565/826/741 560/827/742
f 559/803/743 560/827/746 554/804/1049
f 554/804/745 560/827/744 555/828/1050
f 554/804/748 555/828/747 549/805/750
f 549/805/750 555/828/747 550/829/1051
f 549/805/655 550/829/753 539/806/757
f 539/806/755 550/829/753 540/830/756
f 539/806/757 540/830/1052 544/588/305
f 544/588/306 540/830/758 543/613/312
f 544/588/306 543/613/312 649/807/760
f 649/807/762 543/613/312 650/831/761
f 649/807/760 650/831/763 644/808/672
f 644/808/764 650/831/763 645/832/765
f 644/808/1053 645/832/767 639/809/768
f 639/809/1054 645/832/1055 640/833/769
f 639/809/1056 640/833/769 634/810/771
f 634/810/771 640/833/769 635/834/1057
f 634/810/773 635/834/774 629/811/1058
f 629/811/1058 635/834/774 630/835/777
f 629/811/1059 630/835/778 624/812/232
f 624/812/232 630/835/778 625/836/230
f 624/812/232 625/836/780 619/813/781
f 619/813/1060 625/836/230 620/837/782
f 619/813/781 620/837/783 614/814/784
f 614/814/1061 620/837/783 615/838/786
f 614/814/787 615/838/788 609/815/789
f 609/815/790 615/838/788 610/839/791
f 609/815/1062 610/839/791 604/816/794
f 604/816/794 610/839/791 605/840/795
f 604/816/796 605/840/797 599/817/798
f 599/817/799 605/840/797 600/841/800
f 599/817/799 600/841/802 534/818/716
f 534/818/285 600/841/802 535/842/286
f 535/819/262 536/748/261 595/820/804
f 595/820/804 536/748/261 596/746/805
f 595/820/804 596/746/805 590/821/807
f 590/821/808 596/746/805 591/744/809
f 590/821/1063 591/744/810 585/822/811
f 585/822/811 591/744/810 586/742/815
f 585/822/811 586/742/813 580/823/814
f 580/823/814 586/742/813 581/740/816
f 580/823/817 581/740/818 575/824/819
f 575/824/819 581/740/818 576/738/822
f 575/824/819 576/738/822 570/825/823
f 570/825/823 576/738/822 571/736/824
f 570/825/823 571/736/824 565/826/826
f 565/826/826 571/736/824 566/734/830
f 565/826/826 566/734/461 560/827/829
f 560/827/829 566/734/830 561/732/831
f 560/827/832 561/732/833 555/828/834
f 555/828/834 561/732/833 556/730/835
f 555/828/834 556/730/836 550/829/838
f 550/829/837 556/730/836 551/728/839
f 550/829/1064 551/728/840 540/830/841
f 540/830/841 551/728/840 541/726/842
f 540/830/841 541/726/842 543/613/315
f 543/613/315 541/726/842 542/504/316
f 543/613/315 542/504/316 650/831/843
f 650/831/843 542/504/316 651/724/844
f 650/831/843 651/724/1065 645/832/846
f 645/832/845 651/724/844 646/770/847
f 645/832/1066 646/770/848 640/833/1067
f 640/833/849 646/770/848 641/768/850
f 640/833/849 641/768/851 635/834/852
f 635/834/852 641/768/851 636/766/854
f 635/834/1068 636/766/1069 630/835/857
f 630/835/857 636/766/855 631/764/1070
f 630/835/857 631/764/858 625/836/226
f 625/836/226 631/764/858 626/762/225
f 625/836/226 626/762/225 620/837/859
f 620/837/859 626/762/225 621/760/860
f 620/837/859 621/760/860 615/838/1071
f 615/838/1071 621/760/860 616/758/1072
f 615/838/864 616/758/865 610/839/866
f 610/839/866 616/758/865 611/756/867
f 610/839/866 611/756/871 605/840/869
f 605/840/869 611/756/868 606/754/872
f 605/840/1073 606/754/873 600/841/874
f 600/841/874 606/754/873 601/752/875
f 600/841/874 601/752/875 535/842/1074
f 535/842/262 601/752/875 536/750/261
f 653/843/1075 509/844/1075 652/845/327
f 652/845/327 509/844/1075 508/846/327
f 652/847/877 508/848/877 675/849/1076
f 675/849/1076 508/848/877 531/850/1076
f 675/849/879 531/850/879 674/851/338
f 674/851/338 531/850/879 530/852/338
f 674/851/880 530/852/880 673/853/881
f 673/853/881 530/852/880 529/854/881
f 673/853/1077 529/854/1077 672/855/883
f 672/855/883 529/854/1077 528/856/883
f 672/855/884 528/856/884 671/857/885
f 671/857/885 528/856/884 527/858/885
f 671/857/887 527/858/887 670/859/357
f 670/859/357 527/858/887 526/860/357
f 670/859/888 526/860/888 669/861/361
f 669/861/361 526/860/888 525/862/361
f 669/861/889 525/862/889 668/863/890
f 668/863/890 525/862/889 524/864/890
f 668/863/891 524/864/891 667/630/893
f 667/630/892 524/864/891 523/631/892
f 667/630/894 523/631/894 666/638/378
f 666/638/378 523/631/894 522/639/378
f 666/638/895 522/639/895 665/646/384
f 665/646/384 522/639/895 521/647/384
f 665/646/896 521/647/896 664/82/207
f 664/82/207 521/647/896 520/654/207
f 664/82/897 520/654/897 663/661/1078
f 663/661/1078 520/654/897 519/662/1078
f 663/661/899 519/662/899 662/669/400
f 662/669/400 519/662/899 518/670/400
f 662/669/900 518/670/900 661/628/901
f 661/628/901 518/670/900 517/629/901
f 661/628/902 517/629/902 660/865/410
f 660/865/410 517/629/902 516/866/410
f 660/865/413 516/866/413 659/867/415
f 659/867/415 516/866/413 515/868/415
f 659/867/1079 515/868/1079 658/869/904
f 658/869/904 515/868/1079 514/870/904
f 658/869/906 514/870/906 657/871/1080
f 657/871/1080 514/870/906 513/872/1080
f 657/871/908 513/872/908 656/873/909
f 656/873/909 513/872/908 512/874/909
f 656/873/910 512/874/910 655/875/1081
f 655/875/1081 512/874/910 511/876/1081
f 655/875/912 511/876/912 654/877/439
f 654/877/439 511/876/912 510/878/439
f 654/877/913 510/878/913 653/843/914
f 653/843/914 510/878/913 509/844/914
f 677/451/325 705/452/326 676/453/327
f 676/453/1082 705/452/326 714/454/916
f 676/453/329 714/454/291 699/455/1083
f 699/455/332 714/454/333 815/456/334
f 699/455/332 815/456/336 698/457/337
f 698/457/338 815/456/339 810/458/1084
f 698/457/1085 810/458/342 697/459/1086
f 697/459/344 810/458/345 805/460/346
f 697/459/1087 805/460/348 696/461/349
f 696/461/349 805/460/348 800/462/351
f 696/461/349 800/462/353 695/463/885
f 695/463/885 800/462/1088 795/464/1089
f 695/463/355 795/464/354 694/465/356
f 694/465/360 795/464/1090 790/466/247
f 694/465/360 790/466/244 693/467/1091
f 693/467/924 790/466/244 785/468/1092
f 693/467/365 785/468/366 692/469/367
f 692/469/368 785/468/366 780/470/584
f 692/469/371 780/470/584 691/471/373
f 691/471/928 780/470/584 775/472/930
f 691/471/1093 775/472/931 690/473/1094
f 690/473/378 775/472/379 770/474/380
f 690/473/1094 770/474/382 689/475/383
f 689/475/383 770/474/382 765/476/933
f 689/475/387 765/476/933 688/477/389
f 688/477/389 765/476/933 700/478/391
f 688/479/392 700/480/935 687/481/394
f 687/481/393 700/480/935 760/482/1095
f 687/481/397 760/482/940 686/483/938
f 686/483/939 760/482/940 755/484/941
f 686/483/399 755/484/403 685/485/405
f 685/485/405 755/484/403 750/486/406
f 685/485/407 750/486/945 684/487/410
f 684/487/409 750/486/945 745/488/1096
f 684/487/1097 745/488/1098 683/489/416
f 683/489/905 745/488/414 740/490/947
f 683/489/418 740/490/419 682/491/420
f 682/491/1099 740/490/949 735/492/421
f 682/491/1100 735/492/1101 681/493/1080
f 681/493/1102 735/492/423 730/494/431
f 681/493/427 730/494/1103 680/495/430
f 680/495/954 730/494/428 725/496/1104
f 680/495/954 725/496/956 679/497/1105
f 679/497/955 725/496/956 720/498/437
f 679/497/957 720/498/958 678/499/439
f 678/499/1106 720/498/438 715/500/441
f 678/499/960 715/500/1107 677/451/914
f 677/451/444 715/500/445 705/452/446
f 240/501/321 819/502/447 217/503/321
f 217/503/321 819/502/448 710/504/318
f 217/503/321 710/504/449 218/505/321
f 218/505/321 710/504/318 709/506/451
f 218/505/321 709/506/451 219/507/321
f 219/507/321 709/506/451 719/508/452
f 219/507/454 719/508/1108 220/509/321
f 220/509/321 719/508/452 724/510/458
f 220/509/453 724/510/457 221/511/321
f 221/511/453 724/510/962 729/512/1109
f 221/511/453 729/512/460 222/513/453
f 222/513/453 729/512/459 734/514/461
f 222/513/453 734/514/461 223/515/453
f 223/515/453 734/514/462 739/516/463
f 223/515/453 739/516/464 224/517/453
f 224/517/453 739/516/463 744/518/465
f 224/517/453 744/518/466 225/519/453
f 225/519/453 744/518/467 749/520/468
f 225/519/472 749/520/1110 226/521/453
f 226/521/453 749/520/470 754/522/471
f 226/521/253 754/522/471 227/523/472
f 227/523/472 754/522/964 759/524/965
f 227/523/253 759/524/473 228/525/253
f 228/525/253 759/524/473 764/526/474
f 228/525/253 764/526/968 229/527/253
f 229/527/253 764/526/474 704/528/258
f 229/529/253 704/530/258 230/531/253
f 230/531/253 704/530/258 769/532/476
f 230/531/253 769/532/476 231/533/253
f 231/533/253 769/532/476 774/534/480
f 231/533/479 774/534/478 232/535/253
f 232/535/253 774/534/480 779/536/481
f 232/535/218 779/536/481 233/537/479
f 233/537/218 779/536/481 784/538/482
f 233/537/218 784/538/1111 234/539/218
f 234/539/218 784/538/482 789/540/483
f 234/539/218 789/540/483 235/541/218
f 235/541/218 789/540/1112 794/542/251
f 235/541/218 794/542/221 236/543/218
f 236/543/218 794/542/221 799/544/1070
f 236/543/218 799/544/486 237/545/218
f 237/545/218 799/544/485 804/546/487
f 237/545/218 804/546/488 238/547/218
f 238/547/489 804/546/488 809/548/490
f 238/547/321 809/548/491 239/549/321
f 239/549/218 809/548/490 814/550/492
f 239/549/321 814/550/492 240/501/321
f 240/501/321 814/550/1113 819/502/1114
f 700/480/277 701/551/493 760/482/494
f 760/482/494 701/551/495 761/552/496
f 760/482/1115 761/552/498 755/484/1116
f 755/484/499 761/552/500 756/553/610
f 755/484/502 756/553/503 750/486/505
f 750/486/408 756/553/503 751/554/507
f 750/486/504 751/554/507 745/488/508
f 745/488/508 751/554/507 746/555/977
f 745/488/511 746/555/514 740/490/978
f 740/490/513 746/555/512 741/556/1005
f 740/490/516 741/556/520 735/492/519
f 735/492/519 741/556/517 736/557/1117
f 735/492/518 736/557/523 730/494/524
f 730/494/524 736/557/1118 731/558/1119
f 730/494/527 731/558/980 725/496/529
f 725/496/529 731/558/980 726/559/1120
f 725/496/531 726/559/532 720/498/1121
f 720/498/533 726/559/532 721/560/1122
f 720/498/1123 721/560/1124 715/500/536
f 715/500/536 721/560/1125 716/561/537
f 715/500/538 716/561/539 705/452/540
f 705/452/540 716/561/539 706/562/657
f 705/452/544 706/562/545 714/454/324
f 714/454/324 706/562/1126 713/563/546
f 714/454/547 713/563/983 815/456/334
f 815/456/548 713/563/549 816/564/665
f 815/456/551 816/564/552 810/458/553
f 810/458/553 816/564/552 811/565/554
f 810/458/555 811/565/556 805/460/558
f 805/460/557 811/565/559 806/566/676
f 805/460/558 806/566/560 800/462/351
f 800/462/563 806/566/988 801/567/1127
f 800/462/566 801/567/1128 795/464/569
f 795/464/568 801/567/1129 796/568/1130
f 795/464/572 796/568/1131 790/466/242
f 790/466/574 796/568/573 791/569/1032
f 790/466/242 791/569/241 785/468/577
f 785/468/577 791/569/991 786/570/580
f 785/468/1132 786/570/1133 780/470/582
f 780/470/1134 786/570/581 781/571/993
f 780/470/994 781/571/585 775/472/586
f 775/472/588 781/571/1135 776/572/589
f 775/472/588 776/572/591 770/474/590
f 770/474/590 776/572/589 771/573/996
f 770/474/593 771/573/1136 765/476/596
f 765/476/933 771/573/597 766/574/598
f 765/476/933 766/574/602 700/478/601
f 700/478/601 766/574/1137 701/575/274
f 701/551/272 702/576/268 761/552/604
f 761/552/605 702/576/268 762/577/607
f 761/552/500 762/577/997 756/553/998
f 756/553/611 762/577/612 757/578/613
f 756/553/614 757/578/615 751/554/616
f 751/554/617 757/578/615 752/579/618
f 751/554/619 752/579/1001 746/555/622
f 746/555/1003 752/579/1138 747/580/1139
f 746/555/1003 747/580/1004 741/556/1005
f 741/556/1005 747/580/627 742/581/1140
f 741/556/1141 742/581/630 736/557/1142
f 736/557/631 742/581/630 737/582/632
f 736/557/633 737/582/735 731/558/635
f 731/558/636 737/582/1009 732/583/1143
f 731/558/528 732/583/1144 726/559/1014
f 726/559/1014 732/583/640 727/584/641
f 726/559/1013 727/584/646 721/560/645
f 721/560/645 727/584/646 722/585/1015
f 721/560/648 722/585/1016 716/561/654
f 716/561/1145 722/585/652 717/586/653
f 716/561/654 717/586/655 706/562/656
f 706/562/657 717/586/658 707/587/659
f 706/562/660 707/587/661 713/563/662
f 713/563/298 707/587/663 712/588/305
f 713/563/301 712/588/304 816/564/666
f 816/564/666 712/588/664 817/589/1022
f 816/564/1146 817/589/669 811/565/671
f 811/565/1025 817/589/1023 812/590/672
f 811/565/1024 812/590/1026 806/566/676
f 806/566/675 812/590/674 807/591/677
f 806/566/678 807/591/1054 801/567/681
f 801/567/680 807/591/679 802/592/682
f 801/567/1147 802/592/682 796/568/571
f 796/568/684 802/592/685 797/593/1148
f 796/568/1030 797/593/686 791/569/237
f 791/569/687 797/593/686 792/594/1149
f 791/569/1150 792/594/1151 786/570/690
f 786/570/1034 792/594/691 787/595/1035
f 786/570/693 787/595/1036 781/571/1037
f 781/571/695 787/595/694 782/596/696
f 781/571/695 782/596/696 776/572/698
f 776/572/698 782/596/696 777/597/1152
f 776/572/1153 777/597/702 771/573/707
f 771/573/703 777/597/705 772/598/706
f 771/573/707 772/598/1154 766/574/709
f 766/574/1155 772/598/708 767/599/712
f 766/574/1137 767/599/1156 701/575/274
f 701/575/715 767/599/714 702/600/1157
f 702/576/716 703/601/286 762/577/717
f 762/577/718 703/601/286 763/602/1158
f 762/577/1159 763/602/721 757/578/720
f 757/578/720 763/602/721 758/603/722
f 757/578/720 758/603/1042 752/579/724
f 752/579/724 758/603/1042 753/604/726
f 752/579/1001 753/604/726 747/580/728
f 747/580/729 753/604/726 748/605/730
f 747/580/1044 748/605/731 742/581/732
f 742/581/1160 748/605/731 743/606/733
f 742/581/732 743/606/1161 737/582/735
f 737/582/1162 743/606/734 738/607/736
f 737/582/735 738/607/737 732/583/738
f 732/583/1163 738/607/737 733/608/740
f 732/583/738 733/608/741 727/584/1164
f 727/584/1048 733/608/740 728/609/742
f 727/584/1165 728/609/746 722/585/745
f 722/585/1049 728/609/744 723/610/747
f 722/585/649 723/610/747 717/586/750
f 717/586/749 723/610/747 718/611/1051
f 717/586/1166 718/611/753 707/587/755
f 707/587/757 718/611/753 708/612/756
f 707/587/1167 708/612/758 712/588/309
f 712/588/305 708/612/1052 711/613/310
f 712/588/305 711/613/310 817/589/1168
f 817/589/1169 711/613/310 818/614/761
f 817/589/760 818/614/763 812/590/672
f 812/590/764 818/614/763 813/615/1170
f 812/590/764 813/615/1055 807/591/768
f 807/591/768 813/615/767 808/616/769
f 807/591/770 808/616/769 802/592/771
f 802/592/1171 808/616/1172 803/617/774
f 802/592/1173 803/617/774 797/593/1174
f 797/593/776 803/617/774 798/618/777
f 797/593/1058 798/618/778 792/594/232
f 792/594/232 798/618/778 793/619/230
f 792/594/1175 793/619/230 787/595/1060
f 787/595/781 793/619/780 788/620/782
f 787/595/1176 788/620/783 782/596/1061
f 782/596/1061 788/620/783 783/621/786
f 782/596/1177 783/621/788 777/597/792
f 777/597/790 783/621/786 778/622/791
f 777/597/1062 778/622/791 772/598/794
f 772/598/793 778/622/791 773/623/795
f 772/598/708 773/623/797 767/599/798
f 767/599/799 773/623/797 768/624/800
f 767/599/801 768/624/802 702/600/266
f 702/600/803 768/624/802 703/625/286
f 703/601/262 704/528/261 763/602/804
f 763/602/804 704/528/261 764/526/805
f 763/602/804 764/526/805 758/603/807
f 758/603/808 764/526/805 759/524/809
f 758/603/1063 759/524/810 753/604/811
f 753/604/811 759/524/810 754/522/812
f 753/604/811 754/522/813 748/605/814
f 748/605/1178 754/522/815 749/520/816
f 748/605/814 749/520/818 743/606/819
f 743/606/819 749/520/818 744/518/820
f 743/606/819 744/518/822 738/607/823
f 738/607/823 744/518/822 739/516/824
f 738/607/823 739/516/824 733/608/826
f 733/608/1179 739/516/824 734/514/830
f 733/608/826 734/514/830 728/609/828
f 728/609/829 734/514/830 729/512/831
f 728/609/832 729/512/833 723/610/834
f 723/610/834 729/512/833 724/510/1180
f 723/610/834 724/510/836 718/611/838
f 718/611/838 724/510/1180 719/508/839
f 718/611/1064 719/508/840 708/612/841
f 708/612/841 719/508/840 709/506/1181
f 708/612/841 709/506/842 711/613/315
f 711/613/315 709/506/842 710/504/316
f 711/613/315 710/504/316 818/614/843
f 818/614/843 710/504/316 819/502/844
f 818/614/843 819/502/1065 813/615/845
f 813/615/1182 819/502/961 814/550/847
f 813/615/845 814/550/847 808/616/1183
f 808/616/849 814/550/848 809/548/850
f 808/616/849 809/548/851 803/617/1184
f 803/617/853 809/548/1185 804/546/854
f 803/617/1068 804/546/855 798/618/857
f 798/618/857 804/546/855 799/544/858
f 798/618/1186 799/544/858 793/619/226
f 793/619/226 799/544/858 794/542/225
f 793/619/226 794/542/225 788/620/859
f 788/620/859 794/542/225 789/540/860
f 788/620/859 789/540/860 783/621/861
f 783/621/1071 789/540/860 784/538/863
f 783/621/864 784/538/865 778/622/866
f 778/622/866 784/538/865 779/536/871
f 778/622/866 779/536/868 773/623/869
f 773/623/870 779/536/868 774/534/872
f 773/623/1073 774/534/873 768/624/874
f 768/624/874 774/534/873 769/532/1187
f 768/624/874 769/532/875 703/625/262
f 703/625/262 769/532/875 704/530/261
f 821/626/1188 677/627/1188 820/628/327
f 820/628/327 677/627/1188 676/629/327
f 820/630/877 676/631/877 843/632/878
f 843/632/331 676/631/877 699/633/331
f 843/632/879 699/633/879 842/634/338
f 842/634/338 699/633/879 698/635/338
f 842/634/1085 698/635/1085 841/636/1086
f 841/636/1189 698/635/880 697/637/1189
f 841/636/1189 697/637/1189 840/638/883
f 840/638/883 697/637/882 696/639/883
f 840/638/884 696/639/884 839/640/885
f 839/640/885 696/639/884 695/641/885
f 839/640/1190 695/641/1190 838/642/357
f 838/642/1 695/641/1191 694/643/1
f 838/642/1 694/643/1 837/644/1192
f 837/644/1193 694/643/888 693/645/1193
f 837/644/889 693/645/889 836/646/890
f 836/646/890 693/645/889 692/647/890
f 836/646/368 692/647/368 835/648/893
f 835/648/929 692/647/891 691/649/929
f 835/648/929 691/649/929 834/650/378
f 834/650/1194 691/649/894 690/651/1194
f 834/650/895 690/651/895 833/652/384
f 833/652/384 690/651/895 689/653/384
f 833/652/1195 689/653/1195 832/82/207
f 832/82/207 689/653/896 688/654/207
f 832/82/897 688/654/897 831/655/1078
f 831/655/1078 688/654/897 687/656/1078
f 831/655/899 687/656/899 830/657/400
f 830/657/400 687/656/899 686/658/400
f 830/657/900 686/658/900 829/659/404
f 829/659/901 686/658/900 685/660/901
f 829/659/902 685/660/902 828/661/944
f 828/661/410 685/660/1196 684/662/410
f 828/661/413 684/662/413 827/663/415
f 827/663/415 684/662/413 683/664/415
f 827/663/1079 683/664/1079 826/665/904
f 826/665/904 683/664/1079 682/666/904
f 826/665/906 682/666/906 825/667/1080
f 825/667/1080 682/666/906 681/668/1080
f 825/667/908 681/668/908 824/669/909
f 824/669/909 681/668/908 680/670/909
f 824/669/910 680/670/910 823/671/911
f 823/671/1105 680/670/1197 679/672/1105
f 823/671/1198 679/672/1198 822/673/439
f 822/673/439 679/672/911 678/674/439
f 822/673/913 678/674/913 821/626/914
f 821/626/914 678/674/913 677/627/914
f 845/451/325 873/452/328 844/453/327
f 844/453/1082 873/452/326 882/454/916
f 844/453/329 882/454/291 867/455/1083
f 867/455/332 882/454/333 983/456/1199
f 867/455/335 983/456/1199 866/457/337
f 866/457/341 983/456/339 978/458/919
f 866/457/341 978/458/342 865/459/343
f 865/459/344 978/458/345 973/460/346
f 865/459/1200 973/460/1201 864/461/886
f 864/461/1202 973/460/348 968/462/351
f 864/461/349 968/462/353 863/463/885
f 863/463/352 968/462/921 963/464/1203
f 863/463/355 963/464/354 862/465/356
f 862/465/360 963/464/1090 958/466/247
f 862/465/360 958/466/244 861/467/1091
f 861/467/924 958/466/244 953/468/1092
f 861/467/365 953/468/366 860/469/367
f 860/469/371 953/468/366 948/470/584
f 860/469/371 948/470/584 859/471/373
f 859/471/928 948/470/584 943/472/930
f 859/471/1093 943/472/931 858/473/1094
f 858/473/377 943/472/931 938/474/932
f 858/473/1094 938/474/1204 857/475/383
f 857/475/383 938/474/382 933/476/1205
f 857/475/387 933/476/390 856/477/207
f 856/477/389 933/476/933 868/478/1206
f 856/479/392 868/480/395 855/481/936
f 855/481/393 868/480/935 928/482/1095
f 855/481/899 928/482/398 854/483/939
f 854/483/939 928/482/940 923/484/941
f 854/483/399 923/484/403 853/485/405
f 853/485/942 923/484/403 918/486/406
f 853/485/1207 918/486/945 852/487/946
f 852/487/410 918/486/945 913/488/412
f 852/487/946 913/488/1096 851/489/416
f 851/489/416 913/488/414 908/490/947
f 851/489/418 908/490/419 850/491/420
f 850/491/1099 908/490/949 903/492/421
f 850/491/1100 903/492/1101 849/493/1080
f 849/493/424 903/492/423 898/494/431
f 849/493/427 898/494/1103 848/495/430
f 848/495/954 898/494/428 893/496/1104
f 848/495/954 893/496/956 847/497/955
f 847/497/955 893/496/956 888/498/437
f 847/497/957 888/498/438 846/499/439
f 846/499/440 888/498/438 883/500/441
f 846/499/960 883/500/443 845/451/444
f 845/451/444 883/500/445 873/452/446
f 315/501/321 987/502/447 292/503/321
f 292/503/321 987/502/448 878/504/318
f 292/503/321 878/504/449 293/505/321
f 293/505/321 878/504/318 877/506/451
f 293/505/321 877/506/451 294/507/321
f 294/507/321 877/506/451 887/508/452
f 294/507/454 887/508/452 295/509/321
f 295/509/321 887/508/452 892/510/458
f 295/509/453 892/510/457 296/511/321
f 296/511/453 892/510/962 897/512/1109
f 296/511/453 897/512/460 297/513/453
f 297/513/453 897/512/459 902/514/461
f 297/513/453 902/514/461 298/515/453
f 298/515/453 902/514/462 907/516/463
f 298/515/453 907/516/464 299/517/453
f 299/517/453 907/516/463 912/518/465
f 299/517/453 912/518/466 300/519/453
f 300/519/453 912/518/466 917/520/468
f 300/519/253 917/520/469 301/521/453
f 301/521/453 917/520/470 922/522/471
f 301/521/253 922/522/471 302/523/472
f 302/523/472 922/522/964 927/524/965
f 302/523/253 927/524/966 303/525/253
f 303/525/253 927/524/473 932/526/474
f 303/525/253 932/526/475 304/527/253
f 304/527/253 932/526/967 872/528/1208
f 304/529/253 872/530/258 305/531/253
f 305/531/253 872/530/258 937/532/476
f 305/531/253 937/532/477 306/533/253
f 306/533/253 937/532/476 942/534/480
f 306/533/479 942/534/478 307/535/253
f 307/535/253 942/534/480 947/536/481
f 307/535/218 947/536/1209 308/537/253
f 308/537/253 947/536/481 952/538/482
f 308/537/218 952/538/1111 309/539/218
f 309/539/218 952/538/482 957/540/483
f 309/539/218 957/540/1112 310/541/218
f 310/541/218 957/540/483 962/542/221
f 310/541/218 962/542/221 311/543/218
f 311/543/218 962/542/221 967/544/1070
f 311/543/218 967/544/486 312/545/218
f 312/545/218 967/544/485 972/546/487
f 312/545/218 972/546/488 313/547/218
f 313/547/489 972/546/488 977/548/490
f 313/547/321 977/548/491 314/549/321
f 314/549/218 977/548/490 982/550/492
f 314/549/321 982/550/972 315/501/321
f 315/501/321 982/550/492 987/502/448
f 868/480/277 869/551/493 928/482/494
f 928/482/494 869/551/495 929/552/1210
f 928/482/1115 929/552/498 923/484/1116
f 923/484/499 929/552/500 924/553/610
f 923/484/502 924/553/503 918/486/1211
f 918/486/504 924/553/503 919/554/506
f 918/486/504 919/554/507 913/488/508
f 913/488/508 919/554/1212 914/555/1213
f 913/488/511 914/555/512 908/490/513
f 908/490/978 914/555/1214 909/556/515
f 908/490/978 909/556/629 903/492/519
f 903/492/519 909/556/520 904/557/1117
f 903/492/518 904/557/523 898/494/524
f 898/494/524 904/557/1215 899/558/1119
f 898/494/527 899/558/980 893/496/529
f 893/496/529 899/558/980 894/559/530
f 893/496/531 894/559/532 888/498/1121
f 888/498/534 894/559/1216 889/560/981
f 888/498/1217 889/560/1218 883/500/536
f 883/500/536 889/560/1219 884/561/537
f 883/500/538 884/561/982 873/452/540
f 873/452/541 884/561/539 874/562/1220
f 873/452/544 874/562/545 882/454/324
f 882/454/916 874/562/545 881/563/546
f 882/454/296 881/563/983 983/456/548
f 983/456/548 881/563/983 984/564/984
f 983/456/551 984/564/552 978/458/553
f 978/458/553 984/564/552 979/565/554
f 978/458/555 979/565/556 973/460/557
f 973/460/558 979/565/559 974/566/560
f 973/460/558 974/566/560 968/462/351
f 968/462/563 974/566/988 969/567/565
f 968/462/566 969/567/1128 963/464/569
f 963/464/568 969/567/1129 964/568/1130
f 963/464/572 964/568/1131 958/466/242
f 958/466/574 964/568/573 959/569/575
f 958/466/242 959/569/241 953/468/577
f 953/468/577 959/569/991 954/570/580
f 953/468/1132 954/570/1133 948/470/582
f 948/470/1134 954/570/992 949/571/993
f 948/470/994 949/571/1135 943/472/588
f 943/472/588 949/571/585 944/572/589
f 943/472/588 944/572/591 938/474/590
f 938/474/590 944/572/589 939/573/996
f 938/474/593 939/573/1136 933/476/596
f 933/476/933 939/573/597 934/574/598
f 933/476/599 934/574/602 868/478/601
f 868/478/601 934/574/1137 869/575/274
f 869/551/272 870/576/268 929/552/604
f 929/552/604 870/576/268 930/577/607
f 929/552/608 930/577/1221 924/553/998
f 924/553/611 930/577/612 925/578/613
f 924/553/614 925/578/615 919/554/616
f 919/554/616 925/578/1000 920/579/618
f 919/554/1212 920/579/1001 914/555/622
f 914/555/1003 920/579/620 915/580/1004
f 914/555/1003 915/580/1139 909/556/1005
f 909/556/1005 915/580/627 910/581/1140
f 909/556/1007 910/581/1008 904/557/1142
f 904/557/631 910/581/630 905/582/632
f 904/557/633 905/582/634 899/558/635
f 899/558/1222 905/582/1009 900/583/1011
f 899/558/1012 900/583/640 894/559/1013
f 894/559/1013 900/583/640 895/584/646
f 894/559/1013 895/584/646 889/560/645
f 889/560/645 895/584/646 890/585/1015
f 889/560/1125 890/585/652 884/561/651
f 884/561/650 890/585/652 885/586/653
f 884/561/654 885/586/655 874/562/656
f 874/562/657 885/586/655 875/587/659
f 874/562/660 875/587/663 881/563/1018
f 881/563/298 875/587/663 880/588/305
f 881/563/301 880/588/304 984/564/666
f 984/564/666 880/588/664 985/589/1022
f 984/564/1146 985/589/669 979/565/1025
f 979/565/1025 985/589/669 980/590/672
f 979/565/1025 980/590/1026 974/566/676
f 974/566/675 980/590/674 975/591/677
f 974/566/1028 975/591/679 969/567/570
f 969/567/680 975/591/679 970/592/682
f 969/567/1147 970/592/682 964/568/571
f 964/568/684 970/592/773 965/593/1058
f 964/568/1223 965/593/686 959/569/239
f 959/569/687 965/593/1031 960/594/1149
f 959/569/1150 960/594/233 954/570/690
f 954/570/1034 960/594/691 955/595/1035
f 954/570/1034 955/595/1035 949/571/1037
f 949/571/695 955/595/694 950/596/696
f 949/571/695 950/596/696 944/572/699
f 944/572/698 950/596/696 945/597/1152
f 944/572/701 945/597/705 939/573/704
f 939/573/1224 945/597/702 940/598/706
f 939/573/707 940/598/1154 934/574/709
f 934/574/710 940/598/708 935/599/712
f 934/574/1137 935/599/1156 869/575/1225
f 869/575/1225 935/599/714 870/600/268
f 870/576/285 871/601/286 930/577/717
f 930/577/718 871/601/1226 931/602/1158
f 930/577/1041 931/602/721 925/578/720
f 925/578/613 931/602/721 926/603/722
f 925/578/720 926/603/1042 920/579/724
f 920/579/724 926/603/1042 921/604/726
f 920/579/1001 921/604/726 915/580/728
f 915/580/729 921/604/726 916/605/730
f 915/580/1044 916/605/731 910/581/732
f 910/581/1160 916/605/731 911/606/733
f 910/581/1227 911/606/734 905/582/735
f 905/582/735 911/606/734 906/607/736
f 905/582/735 906/607/736 900/583/1047
f 900/583/1163 906/607/737 901/608/740
f 900/583/640 901/608/741 895/584/641
f 895/584/1228 901/608/741 896/609/742
f 895/584/1165 896/609/746 890/585/745
f 890/585/745 896/609/746 891/610/747
f 890/585/1229 891/610/747 885/586/749
f 885/586/750 891/610/747 886/611/1051
f 885/586/655 886/611/753 875/587/1017
f 875/587/755 886/611/753 876/612/756
f 875/587/757 876/612/758 880/588/759
f 880/588/305 876/612/1052 879/613/310
f 880/588/305 879/613/310 985/589/760
f 985/589/762 879/613/312 986/614/761
f 985/589/760 986/614/763 980/590/672
f 980/590/764 986/614/763 981/615/1170
f 980/590/766 981/615/767 975/591/768
f 975/591/768 981/615/1170 976/616/769
f 975/591/1230 976/616/769 970/592/771
f 970/592/1171 976/616/769 971/617/1184
f 970/592/773 971/617/774 965/593/1058
f 965/593/775 971/617/774 966/618/777
f 965/593/1058 966/618/778 960/594/232
f 960/594/232 966/618/1231 961/619/230
f 960/594/1175 961/619/230 955/595/1060
f 955/595/781 961/619/227 956/620/782
f 955/595/1176 956/620/783 950/596/1061
f 950/596/1061 956/620/783 951/621/786
f 950/596/1177 951/621/788 945/597/792
f 945/597/790 951/621/786 946/622/791
f 945/597/1062 946/622/791 940/598/794
f 940/598/794 946/622/791 941/623/795
f 940/598/708 941/623/797 935/599/798
f 935/599/799 941/623/797 936/624/802
f 935/599/801 936/624/802 870/600/266
f 870/600/803 936/624/802 871/625/286
f 871/601/262 872/528/261 931/602/804
f 931/602/804 872/528/261 932/526/805
f 931/602/804 932/526/806 926/603/807
f 926/603/808 932/526/805 927/524/1232
f 926/603/1063 927/524/810 921/604/811
f 921/604/811 927/524/810 922/522/812
f 921/604/811 922/522/813 916/605/814
f 916/605/1178 922/522/815 917/520/816
f 916/605/814 917/520/818 911/606/819
f 911/606/819 917/520/818 912/518/822
f 911/606/819 912/518/822 906/607/823
f 906/607/823 912/518/822 907/516/824
f 906/607/823 907/516/824 901/608/826
f 901/608/826 907/516/824 902/514/830
f 901/608/826 902/514/830 896/609/828
f 896/609/829 902/514/830 897/512/831
f 896/609/832 897/512/833 891/610/834
f 891/610/834 897/512/833 892/510/835
f 891/610/834 892/510/836 886/611/837
f 886/611/837 892/510/1180 887/508/839
f 886/611/838 887/508/840 876/612/841
f 876/612/841 887/508/840 877/506/842
f 876/612/841 877/506/842 879/613/315
f 879/613/315 877/506/842 878/504/316
f 879/613/315 878/504/316 986/614/843
f 986/614/843 878/504/316 987/502/844
f 986/614/843 987/502/1065 981/615/845
f 981/615/1182 987/502/844 982/550/847
f 981/615/845 982/550/848 976/616/849
f 976/616/849 982/550/848 977/548/1185
f 976/616/849 977/548/851 971/617/853
f 971/617/853 977/548/1185 972/546/854
f 971/617/1068 972/546/855 966/618/857
f 966/618/857 972/546/855 967/544/858
f 966/618/1186 967/544/858 961/619/226
f 961/619/226 967/544/858 962/542/225
f 961/619/226 962/542/225 956/620/859
f 956/620/859 962/542/225 957/540/860
f 956/620/859 957/540/860 951/621/861
f 951/621/861 957/540/860 952/538/863
f 951/621/864 952/538/865 946/622/866
f 946/622/866 952/538/865 947/536/871
f 946/622/866 947/536/868 941/623/869
f 941/623/869 947/536/871 942/534/872
f 941/623/1073 942/534/873 936/624/874
f 936/624/874 942/534/1233 937/532/1234
f 936/624/874 937/532/875 871/625/262
f 871/625/262 937/532/875 872/530/261
f 989/626/1188 845/627/1188 988/628/327
f 988/628/327 845/627/1188 844/629/327
f 988/630/877 844/631/877 1011/632/878
f 1011/632/331 844/631/877 867/633/331
f 1011/632/879 867/633/879 1010/634/338
f 1010/634/338 867/633/879 866/635/338
f 1010/634/1085 866/635/1085 1009/636/1086
f 1009/636/1189 866/635/880 865/637/1189
f 1009/636/1189 865/637/1189 1008/638/883
f 1008/638/883 865/637/882 864/639/883
f 1008/638/884 864/639/884 1007/640/885
f 1007/640/885 864/639/884 863/641/885
f 1007/640/1190 863/641/1190 1006/642/357
f 1006/642/1 863/641/1191 862/643/1
f 1006/642/1 862/643/1 1005/644/1192
f 1005/644/1193 862/643/888 861/645/1193
f 1005/644/889 861/645/889 1004/646/890
f 1004/646/890 861/645/889 860/647/890
f 1004/646/368 860/647/368 1003/648/893
f 1003/648/929 860/647/891 859/649/929
f 1003/648/929 859/649/929 1002/650/378
f 1002/650/1194 859/649/894 858/651/1194
f 1002/650/895 858/651/895 1001/652/384
f 1001/652/384 858/651/895 857/653/384
f 1001/652/1195 857/653/1195 1000/82/207
f 1000/82/207 857/653/896 856/654/207
f 1000/82/897 856/654/897 999/655/1078
f 999/655/1078 856/654/897 855/656/1078
f 999/655/899 855/656/899 998/657/400
f 998/657/400 855/656/899 854/658/400
f 998/657/900 854/658/900 997/659/404
f 997/659/901 854/658/900 853/660/901
f 997/659/902 853/660/902 996/661/410
f 996/661/410 853/660/1196 852/662/410
f 996/661/413 852/662/413 995/663/415
f 995/663/415 852/662/413 851/664/415
f 995/663/1079 851/664/1079 994/665/904
f 994/665/904 851/664/1079 850/666/904
f 994/665/906 850/666/906 993/667/1080
f 993/667/1080 850/666/906 849/668/1080
f 993/667/908 849/668/908 992/669/909
f 992/669/909 849/668/908 848/670/909
f 992/669/910 848/670/910 991/671/911
f 991/671/1105 848/670/1197 847/672/1105
f 991/671/1198 847/672/1198 990/673/439
f 990/673/439 847/672/911 846/674/439
f 990/673/913 846/674/913 989/626/914
f 989/626/914 846/674/913 845/627/914
f 1013/451/325 1047/452/326 1012/453/327
f 1012/453/1082 1047/452/326 1056/454/291
f 1012/453/329 1056/454/330 1035/455/331
f 1035/455/331 1056/454/333 1153/456/334
f 1035/455/332 1153/456/339 1034/457/337
f 1034/457/918 1153/456/339 1148/458/919
f 1034/457/920 1148/458/345 1033/459/344
f 1033/459/344 1148/458/345 1143/460/346
f 1033/459/347 1143/460/1235 1032/461/883
f 1032/461/349 1143/460/348 1138/462/350
f 1032/461/349 1138/462/1236 1031/463/885
f 1031/463/885 1138/462/353 1134/464/1203
f 1031/463/1237 1134/464/922 1030/465/356
f 1030/465/356 1134/464/922 1130/466/359
f 1030/465/923 1130/466/363 1029/467/362
f 1029/467/924 1130/466/244 1126/468/1092
f 1029/467/365 1126/468/925 1028/469/367
f 1028/469/926 1126/468/366 1122/470/372
f 1028/469/371 1122/470/584 1027/471/373
f 1027/471/929 1122/470/375 1117/472/1238
f 1027/471/374 1117/472/376 1026/473/377
f 1026/473/378 1117/472/379 1112/474/380
f 1026/473/1239 1112/474/382 1025/475/383
f 1025/475/384 1112/474/385 1107/476/1205
f 1025/475/387 1107/476/933 1024/477/389
f 1024/477/207 1107/476/390 1041/478/1206
f 1024/479/392 1041/480/279 1023/481/393
f 1023/481/393 1041/480/935 1102/482/396
f 1023/481/397 1102/482/940 1022/483/939
f 1022/483/1240 1102/482/398 1097/484/401
f 1022/483/1240 1097/484/403 1021/485/942
f 1021/485/405 1097/484/403 1092/486/1211
f 1021/485/407 1092/486/945 1020/487/409
f 1020/487/946 1092/486/945 1087/488/1096
f 1020/487/946 1087/488/1096 1019/489/415
f 1019/489/416 1087/488/414 1082/490/1241
f 1019/489/1242 1082/490/949 1018/491/1100
f 1018/491/1099 1082/490/1243 1077/492/1244
f 1018/491/422 1077/492/950 1017/493/425
f 1017/493/907 1077/492/1101 1072/494/1245
f 1017/493/427 1072/494/428 1016/495/954
f 1016/495/430 1072/494/428 1067/496/432
f 1016/495/954 1067/496/956 1015/497/1246
f 1015/497/435 1067/496/956 1062/498/1247
f 1015/497/1248 1062/498/958 1014/499/959
f 1014/499/1106 1062/498/438 1057/500/441
f 1014/499/960 1057/500/443 1013/451/444
f 1013/451/444 1057/500/443 1047/452/446
f 242/879/321 241/880/489 1152/550/492
f 1152/550/1249 241/880/1250 1036/881/1251
f 1152/550/492 1036/881/1252 1147/548/1253
f 1147/548/1254 1036/881/1255 1142/546/488
f 1147/548/851 1142/546/854 1141/617/852
f 1141/617/853 1142/546/855 1137/618/857
f 1141/617/774 1137/618/777 1136/593/1256
f 1136/593/775 1137/618/778 1132/594/1257
f 1136/593/688 1132/594/233 1131/569/237
f 1131/569/237 1132/594/233 1127/570/1034
f 1131/569/991 1127/570/580 1126/468/577
f 1126/468/578 1127/570/1258 1122/470/582
f 1036/881/1255 1037/882/1259 1142/546/855
f 1142/546/1069 1037/882/1260 1137/618/778
f 1037/882/1260 1038/883/1261 1137/618/778
f 1137/618/1262 1038/883/1263 1133/619/1264
f 1137/618/778 1133/619/230 1132/594/232
f 1132/594/232 1133/619/780 1128/595/1265
f 1132/594/1151 1128/595/692 1127/570/690
f 1127/570/693 1128/595/694 1123/571/583
f 1127/570/1266 1123/571/583 1122/470/582
f 1122/470/994 1123/571/1267 1117/472/586
f 1133/619/227 1038/883/1263 1129/620/1268
f 1129/620/782 1038/883/1269 1039/884/1270
f 1129/620/859 1039/884/1271 1125/621/1071
f 1125/621/1272 1039/884/1271 1046/538/865
f 1125/621/861 1046/538/865 1120/622/866
f 1120/622/866 1046/538/865 1121/536/867
f 1120/622/866 1121/536/868 1115/623/870
f 1115/623/870 1121/536/868 1116/534/872
f 1115/623/870 1116/534/873 1110/624/874
f 1110/624/874 1116/534/873 1111/532/875
f 1110/624/874 1111/532/875 1044/625/262
f 1044/625/262 1111/532/875 1045/530/261
f 1044/601/262 1045/528/261 1105/602/804
f 1105/602/804 1045/528/261 1106/526/805
f 1105/602/804 1106/526/805 1100/603/807
f 1100/603/807 1106/526/968 1101/524/809
f 1100/603/1063 1101/524/810 1095/604/811
f 1095/604/811 1101/524/810 1096/522/812
f 1095/604/811 1096/522/813 1090/605/814
f 1090/605/814 1096/522/815 1091/520/816
f 1090/605/1273 1091/520/818 1085/606/819
f 1085/606/819 1091/520/818 1086/518/822
f 1085/606/821 1086/518/822 1080/607/823
f 1080/607/823 1086/518/822 1081/516/824
f 1080/607/823 1081/516/824 1075/608/826
f 1075/608/826 1081/516/824 1076/514/830
f 1075/608/826 1076/514/830 1070/609/828
f 1070/609/829 1076/514/830 1071/512/831
f 1070/609/832 1071/512/833 1065/610/834
f 1065/610/834 1071/512/833 1066/510/835
f 1065/610/834 1066/510/836 1060/611/838
f 1060/611/838 1066/510/836 1061/508/839
f 1060/611/1274 1061/508/840 1050/612/841
f 1050/612/841 1061/508/840 1051/506/842
f 1050/612/841 1051/506/842 1053/613/315
f 1053/613/315 1051/506/842 1052/504/316
f 1053/613/315 1052/504/316 1156/614/843
f 1156/614/843 1052/504/316 1157/502/844
f 1156/614/843 1157/502/844 1151/615/845
f 1151/615/845 1157/502/844 1152/550/847
f 1151/615/1066 1152/550/848 1146/616/849
f 1146/616/849 1152/550/848 1147/548/1185
f 1146/616/849 1147/548/851 1141/617/852
f 1039/884/1271 1040/885/1275 1046/538/863
f 1046/538/482 1040/885/1276 1121/536/481
f 1121/536/1277 1040/885/1276 1116/534/480
f 1116/534/1278 1040/885/1279 259/886/1280
f 1116/534/480 259/886/250 258/887/253
f 1116/534/480 258/887/253 1111/532/476
f 1111/532/476 258/887/253 257/888/253
f 1111/532/476 257/888/253 1045/530/256
f 1045/528/258 257/889/253 256/890/253
f 1045/528/1208 256/890/253 1106/526/967
f 1106/526/474 256/890/253 255/891/253
f 1106/526/474 255/891/253 1101/524/473
f 1101/524/473 255/891/253 254/892/253
f 1101/524/473 254/892/250 1096/522/1281
f 1096/522/471 254/892/250 253/893/250
f 1096/522/471 253/893/472 1091/520/470
f 1091/520/470 253/893/472 252/894/472
f 1091/520/470 252/894/453 1086/518/466
f 1086/518/820 252/894/453 251/895/453
f 1086/518/465 251/895/453 1081/516/463
f 1081/516/1282 251/895/453 250/515/453
f 1081/516/1282 250/515/453 249/896/453
f 1081/516/463 249/896/453 1076/514/1283
f 1076/514/963 249/896/453 248/897/453
f 1076/514/963 248/897/453 1071/512/459
f 1071/512/459 248/897/453 247/898/454
f 1071/512/459 247/898/453 1066/510/458
f 1066/510/962 247/898/250 246/899/250
f 1066/510/1284 246/899/321 1061/508/455
f 1061/508/455 246/899/321 245/900/321
f 1061/508/452 245/900/321 1051/506/451
f 1051/506/451 245/900/321 244/901/321
f 1051/506/450 244/901/321 1052/504/449
f 1052/504/318 244/901/321 243/902/321
f 1052/504/322 243/902/321 1157/502/448
f 1157/502/448 243/902/321 242/879/321
f 1157/502/448 242/879/321 1152/550/492
f 1041/480/277 1042/551/493 1102/482/494
f 1102/482/396 1042/551/493 1103/552/496
f 1102/482/497 1103/552/498 1097/484/499
f 1097/484/499 1103/552/498 1098/553/610
f 1097/484/502 1098/553/503 1092/486/1285
f 1092/486/504 1098/553/975 1093/554/976
f 1092/486/504 1093/554/507 1087/488/508
f 1087/488/508 1093/554/509 1088/555/510
f 1087/488/511 1088/555/514 1082/490/513
f 1082/490/513 1088/555/512 1083/556/515
f 1082/490/516 1083/556/517 1077/492/519
f 1077/492/519 1083/556/520 1078/557/521
f 1077/492/522 1078/557/1117 1072/494/524
f 1072/494/979 1078/557/525 1073/558/526
f 1072/494/979 1073/558/528 1067/496/529
f 1067/496/529 1073/558/1286 1068/559/1287
f 1067/496/531 1068/559/1287 1062/498/533
f 1062/498/534 1068/559/1216 1063/560/535
f 1062/498/534 1063/560/535 1057/500/536
f 1057/500/536 1063/560/535 1058/561/537
f 1057/500/538 1058/561/1288 1047/452/540
f 1047/452/541 1058/561/539 1048/562/543
f 1047/452/544 1048/562/1126 1056/454/324
f 1056/454/291 1048/562/545 1055/563/546
f 1056/454/547 1055/563/297 1153/456/334
f 1153/456/551 1055/563/549 1154/564/550
f 1153/456/1289 1154/564/668 1148/458/553
f 1148/458/919 1154/564/552 1149/565/554
f 1148/458/555 1149/565/556 1143/460/346
f 1143/460/557 1149/565/556 1144/566/560
f 1143/460/558 1144/566/560 1138/462/563
f 1138/462/563 1144/566/564 1139/567/565
f 1138/462/566 1139/567/567 1134/464/568
f 1134/464/568 1139/567/570 1135/568/1290
f 1134/464/572 1135/568/573 1130/466/574
f 1130/466/574 1135/568/573 1131/569/575
f 1130/466/990 1131/569/241 1126/468/577
f 1042/551/1291 1043/576/268 1103/552/605
f 1103/552/604 1043/576/268 1104/577/607
f 1103/552/608 1104/577/1221 1098/553/998
f 1098/553/611 1104/577/612 1099/578/613
f 1098/553/614 1099/578/615 1093/554/616
f 1093/554/616 1099/578/1000 1094/579/1292
f 1093/554/619 1094/579/620 1088/555/1003
f 1088/555/622 1094/579/1001 1089/580/1004
f 1088/555/1003 1089/580/1004 1083/556/1005
f 1083/556/1007 1089/580/627 1084/581/732
f 1083/556/1007 1084/581/1008 1078/557/1293
f 1078/557/1142 1084/581/1008 1079/582/1294
f 1078/557/633 1079/582/634 1073/558/635
f 1073/558/1222 1079/582/1009 1074/583/1011
f 1073/558/1012 1074/583/637 1068/559/639
f 1068/559/1013 1074/583/640 1069/584/646
f 1068/559/642 1069/584/646 1063/560/644
f 1063/560/644 1069/584/646 1064/585/1015
f 1063/560/648 1064/585/652 1058/561/982
f 1058/561/651 1064/585/649 1059/586/653
f 1058/561/1295 1059/586/658 1048/562/657
f 1048/562/656 1059/586/655 1049/587/1017
f 1048/562/1296 1049/587/661 1055/563/662
f 1055/563/1018 1049/587/663 1054/588/305
f 1055/563/1020 1054/588/1021 1154/564/666
f 1154/564/665 1054/588/664 1155/589/667
f 1154/564/1297 1155/589/1023 1149/565/671
f 1149/565/670 1155/589/1023 1150/590/1298
f 1149/565/673 1150/590/674 1144/566/676
f 1144/566/675 1150/590/674 1145/591/677
f 1144/566/678 1145/591/679 1139/567/1147
f 1139/567/681 1145/591/679 1140/592/682
f 1139/567/570 1140/592/1299 1135/568/571
f 1135/568/684 1140/592/773 1136/593/1058
f 1135/568/1030 1136/593/1031 1131/569/1032
f 1042/575/603 1041/478/601 1108/574/602
f 1108/574/600 1041/478/601 1107/476/599
f 1108/574/1300 1107/476/595 1113/573/594
f 1113/573/597 1107/476/596 1112/474/593
f 1113/573/592 1112/474/590 1118/572/591
f 1118/572/1301 1112/474/590 1117/472/1302
f 1118/572/589 1117/472/588 1123/571/1135
f 1043/576/716 1044/601/286 1104/577/1040
f 1104/577/718 1044/601/286 1105/602/719
f 1104/577/1041 1105/602/721 1099/578/720
f 1099/578/720 1105/602/721 1100/603/722
f 1099/578/720 1100/603/722 1094/579/724
f 1094/579/724 1100/603/1042 1095/604/726
f 1094/579/1001 1095/604/726 1089/580/728
f 1089/580/729 1095/604/726 1090/605/730
f 1089/580/627 1090/605/731 1084/581/1160
f 1084/581/1045 1090/605/731 1085/606/733
f 1084/581/732 1085/606/734 1079/582/735
f 1079/582/735 1085/606/734 1080/607/737
f 1079/582/735 1080/607/737 1074/583/738
f 1074/583/738 1080/607/737 1075/608/739
f 1074/583/738 1075/608/741 1069/584/1228
f 1069/584/641 1075/608/740 1070/609/742
f 1069/584/1165 1070/609/746 1064/585/745
f 1064/585/1049 1070/609/742 1065/610/747
f 1064/585/748 1065/610/747 1059/586/749
f 1059/586/750 1065/610/747 1060/611/1051
f 1059/586/752 1060/611/753 1049/587/754
f 1049/587/755 1060/611/753 1050/612/756
f 1049/587/1303 1050/612/758 1054/588/759
f 1054/588/305 1050/612/1052 1053/613/310
f 1054/588/305 1053/613/312 1155/589/760
f 1155/589/760 1053/613/1304 1156/614/1305
f 1155/589/762 1156/614/763 1150/590/764
f 1150/590/672 1156/614/763 1151/615/765
f 1150/590/766 1151/615/767 1145/591/768
f 1145/591/1306 1151/615/1055 1146/616/769
f 1145/591/1056 1146/616/769 1140/592/1171
f 1140/592/1173 1146/616/769 1141/617/1184
f 1140/592/1173 1141/617/774 1136/593/776
f 1043/600/268 1042/575/715 1109/599/714
f 1109/599/714 1042/575/1225 1108/574/713
f 1109/599/1307 1108/574/709 1114/598/708
f 1114/598/708 1108/574/1155 1113/573/1308
f 1114/598/706 1113/573/1224 1119/597/705
f 1119/597/705 1113/573/707 1118/572/701
f 1119/597/700 1118/572/699 1124/596/696
f 1124/596/696 1118/572/699 1123/571/695
f 1124/596/784 1123/571/1037 1128/595/1309
f 1044/625/286 1043/600/716 1110/624/802
f 1110/624/802 1043/600/1310 1109/599/801
f 1110/624/800 1109/599/1311 1115/623/797
f 1115/623/797 1109/599/798 1114/598/796
f 1115/623/1312 1114/598/793 1120/622/1313
f 1120/622/791 1114/598/793 1119/597/792
f 1120/622/1314 1119/597/790 1125/621/786
f 1125/621/1272 1119/597/789 1124/596/1177
f 1125/621/786 1124/596/785 1129/620/783
f 1129/620/783 1124/596/785 1128/595/781
f 1129/620/782 1128/595/1315 1133/619/780
f 259/903/1316 1040/904/1317 260/905/1316
f 260/905/453 1040/904/1318 1170/906/1282
f 260/905/453 1170/906/463 1169/907/463
f 1169/907/824 1170/906/824 1168/908/823
f 1168/908/823 1170/906/824 1173/909/823
f 1168/908/737 1173/909/737 1167/910/1319
f 1167/910/1320 1173/909/737 1177/911/1320
f 1167/910/1009 1177/911/1009 1166/912/1142
f 1166/912/1142 1177/911/1294 1180/913/1142
f 1166/912/1117 1180/913/1117 1165/914/518
f 1165/914/518 1180/913/1117 1183/915/518
f 1165/914/1101 1183/915/1101 1164/916/1100
f 1164/916/1100 1183/915/1101 1182/917/1101
f 1164/916/1100 1182/917/1101 1163/918/1100
f 1163/918/1100 1182/917/1101 1181/919/1101
f 1163/918/1100 1181/919/1101 1162/920/1101
f 1162/920/518 1181/919/518 1161/921/1117
f 1161/921/1117 1181/919/518 1178/922/1117
f 1161/921/1142 1178/922/1142 1160/923/1009
f 1160/923/1294 1178/922/1142 1175/924/1294
f 1160/923/1320 1175/924/1320 1159/925/737
f 1159/925/737 1175/924/1319 1171/926/737
f 1159/925/823 1171/926/823 1158/927/824
f 1158/927/824 1171/926/823 1174/928/824
f 1158/927/1282 1174/928/1282 291/929/453
f 291/929/453 1174/928/1282 1036/930/1318
f 291/929/1321 1036/930/1322 241/931/1321
f 1040/904/1318 1039/932/1323 1170/906/1282
f 1170/906/824 1039/932/1324 1173/909/823
f 1039/932/1324 1038/933/1325 1173/909/823
f 1173/909/736 1038/933/1325 1172/934/736
f 1173/909/737 1172/934/737 1177/911/1319
f 1177/911/1320 1172/934/737 1176/935/1320
f 1177/911/1294 1176/935/1294 1180/913/1142
f 1180/913/1142 1176/935/1009 1179/936/1142
f 1180/913/1117 1179/936/1117 1183/915/518
f 1183/915/518 1179/936/1117 1182/917/518
f 1172/934/736 1038/933/1325 1171/926/736
f 1171/926/823 1038/933/1325 1037/937/1324
f 1171/926/823 1037/937/1326 1174/928/824
f 1174/928/1282 1037/937/1323 1036/930/1318
f 1176/935/1319 1172/934/737 1171/926/737
f 1176/935/1320 1171/926/737 1175/924/1320
f 1179/936/1142 1176/935/1009 1175/924/1009
f 1179/936/1142 1175/924/1294 1178/922/1142
f 1182/917/518 1179/936/1117 1178/922/1117
f 1182/917/518 1178/922/1117 1181/919/518
f 1185/626/1188 1013/627/1188 1184/628/327
f 1184/628/327 1013/627/876 1012/629/327
f 1184/630/877 1012/631/877 1207/632/331
f 1207/632/331 1012/631/877 1035/633/331
f 1207/632/879 1035/633/879 1206/634/338
f 1206/634/338 1035/633/879 1034/635/338
f 1206/634/880 1034/635/880 1205/636/1086
f 1205/636/881 1034/635/880 1033/637/881
f 1205/636/882 1033/637/882 1204/638/883
f 1204/638/883 1033/637/1077 1032/639/883
f 1204/638/884 1032/639/884 1203/640/885
f 1203/640/885 1032/639/1327 1031/641/885
f 1203/640/1191 1031/641/1191 1202/642/1
f 1202/642/357 1031/641/1190 1030/643/357
f 1202/642/888 1030/643/888 1201/644/1193
f 1201/644/1192 1030/643/1 1029/645/1192
f 1201/644/889 1029/645/889 1200/646/1328
f 1200/646/890 1029/645/889 1028/647/890
f 1200/646/891 1028/647/891 1199/648/929
f 1199/648/893 1028/647/368 1027/649/893
f 1199/648/894 1027/649/894 1198/650/378
f 1198/650/378 1027/649/894 1026/651/378
f 1198/650/895 1026/651/895 1197/652/384
f 1197/652/384 1026/651/895 1025/653/384
f 1197/652/1195 1025/653/1195 1196/82/207
f 1196/82/207 1025/653/1195 1024/654/207
f 1196/82/897 1024/654/897 1195/655/1078
f 1195/655/1078 1024/654/897 1023/656/1078
f 1195/655/899 1023/656/899 1194/657/1329
f 1194/657/400 1023/656/899 1022/658/400
f 1194/657/900 1022/658/900 1193/659/901
f 1193/659/901 1022/658/900 1021/660/901
f 1193/659/902 1021/660/902 1192/661/410
f 1192/661/410 1021/660/902 1020/662/410
f 1192/661/1330 1020/662/1330 1191/663/415
f 1191/663/415 1020/662/413 1019/664/415
f 1191/663/903 1019/664/903 1190/665/1099
f 1190/665/904 1019/664/905 1018/666/904
f 1190/665/906 1018/666/906 1189/667/424
f 1189/667/907 1018/666/1099 1017/668/907
f 1189/667/908 1017/668/908 1188/669/909
f 1188/669/429 1017/668/908 1016/670/429
f 1188/669/910 1016/670/910 1187/671/911
f 1187/671/1105 1016/670/1197 1015/672/1105
f 1187/671/1198 1015/672/1198 1186/673/439
f 1186/673/439 1015/672/912 1014/674/439
f 1186/673/913 1014/674/913 1185/626/914
f 1185/626/914 1014/674/913 1013/627/914
f 1209/475/1331 1262/476/1332 1208/477/877
f 1208/477/1333 1262/476/1334 1256/478/1335
f 1208/479/1336 1256/480/1337 1231/481/876
f 1231/481/1338 1256/480/1339 1368/482/1340
f 1231/481/1341 1368/482/1342 1230/483/1343
f 1230/483/1344 1368/482/1345 1363/484/1346
f 1230/483/1347 1363/484/1348 1229/485/1349
f 1229/485/1349 1363/484/1350 1358/486/1351
f 1229/485/1352 1358/486/1353 1228/487/1354
f 1228/487/1354 1358/486/1355 1353/488/1356
f 1228/487/1357 1353/488/1358 1227/489/908
f 1227/489/1359 1353/488/1358 1348/490/1360
f 1227/489/1361 1348/490/1362 1226/491/1363
f 1226/491/1099 1348/490/1364 1343/492/1365
f 1226/491/1366 1343/492/1367 1225/493/1368
f 1225/493/1369 1343/492/1365 1338/494/1370
f 1225/493/1371 1338/494/1372 1224/495/1373
f 1224/495/1374 1338/494/1375 1333/496/1376
f 1224/495/1377 1333/496/1378 1223/497/404
f 1223/497/1379 1333/496/1380 1328/498/1381
f 1223/497/1382 1328/498/1383 1222/499/1384
f 1222/499/1240 1328/498/1385 1323/500/1386
f 1222/499/1384 1323/500/1387 1221/451/1388
f 1221/451/899 1323/500/1389 1318/452/1390
f 1221/451/1391 1318/452/1392 1220/453/1393
f 1220/453/897 1318/452/1394 1313/454/1395
f 1220/453/1396 1313/454/1397 1219/455/1398
f 1219/455/1399 1313/454/1400 1308/456/1401
f 1219/455/1402 1308/456/1403 1218/457/1404
f 1218/457/895 1308/456/1405 1303/458/1406
f 1218/457/1407 1303/458/1408 1217/459/1409
f 1217/459/1410 1303/458/1411 1298/460/1412
f 1217/459/1409 1298/460/1413 1216/461/1414
f 1216/461/1415 1298/460/1416 1293/462/1417
f 1216/461/1415 1293/462/1418 1215/463/1419
f 1215/463/1419 1293/462/1418 1289/464/1420
f 1215/463/1421 1289/464/1422 1214/465/1423
f 1214/465/1424 1289/464/1422 1285/466/1425
f 1214/465/1426 1285/466/1427 1213/467/1428
f 1213/467/1429 1285/466/1430 1281/468/1431
f 1213/467/1428 1281/468/1432 1212/469/1433
f 1212/469/1434 1281/468/1435 1277/470/1436
f 1212/469/1434 1277/470/1437 1211/471/1438
f 1211/471/1189 1277/470/1439 1272/472/1440
f 1211/471/1441 1272/472/1442 1210/473/880
f 1210/473/1443 1272/472/1442 1267/474/1444
f 1210/473/1445 1267/474/1446 1209/475/879
f 1209/475/1447 1267/474/1448 1262/476/1449
f 1255/879/1450 1232/880/1450 1307/550/1451
f 1307/550/1452 1232/880/1453 1233/881/1454
f 1307/550/1455 1233/881/1456 1302/548/1457
f 1302/548/1458 1233/881/1456 1297/546/1459
f 1302/548/1460 1297/546/1461 1296/617/1462
f 1296/617/1462 1297/546/1463 1292/618/1464
f 1296/617/1465 1292/618/1466 1291/593/1467
f 1291/593/1468 1292/618/1469 1287/594/1470
f 1291/593/1471 1287/594/1472 1286/569/1473
f 1286/569/1473 1287/594/1474 1282/570/1475
f 1286/569/1476 1282/570/1477 1281/468/1478
f 1281/468/1478 1282/570/1479 1277/470/1480
f 1233/881/1481 1234/882/1482 1297/546/1463
f 1297/546/1483 1234/882/1484 1292/618/1469
f 1234/882/1485 1235/883/1486 1292/618/1469
f 1292/618/1487 1235/883/1488 1288/619/1489
f 1292/618/1469 1288/619/1490 1287/594/1491
f 1287/594/1491 1288/619/1489 1283/595/1492
f 1287/594/1493 1283/595/1494 1282/570/1495
f 1282/570/1496 1283/595/1497 1278/571/1498
f 1282/570/1499 1278/571/1500 1277/470/1480
f 1277/470/1501 1278/571/1498 1272/472/1502
f 1288/619/1503 1235/883/1488 1284/620/1504
f 1284/620/1505 1235/883/1506 1236/884/1507
f 1284/620/1508 1236/884/1507 1280/621/1509
f 1280/621/1510 1236/884/1507 1261/538/1511
f 1280/621/1512 1261/538/1513 1275/622/1514
f 1275/622/1514 1261/538/1513 1276/536/1515
f 1275/622/1514 1276/536/1516 1270/623/1517
f 1270/623/1518 1276/536/1519 1271/534/1520
f 1270/623/1521 1271/534/1522 1265/624/1523
f 1265/624/1523 1271/534/1522 1266/532/1524
f 1265/624/1523 1266/532/1525 1259/625/1526
f 1259/625/1526 1266/532/1525 1260/530/1527
f 1259/601/1526 1260/528/1527 1371/602/1528
f 1371/602/1528 1260/528/1527 1372/526/1529
f 1371/602/1528 1372/526/1530 1366/603/1531
f 1366/603/1532 1372/526/1529 1367/524/1533
f 1366/603/1534 1367/524/1535 1361/604/1536
f 1361/604/1536 1367/524/1535 1362/522/1537
f 1361/604/1536 1362/522/1538 1356/605/1539
f 1356/605/1540 1362/522/1541 1357/520/1542
f 1356/605/1543 1357/520/1544 1351/606/1545
f 1351/606/1545 1357/520/1544 1352/518/1546
f 1351/606/1547 1352/518/1546 1346/607/1548
f 1346/607/1549 1352/518/1546 1347/516/1550
f 1346/607/1549 1347/516/1550 1341/608/1551
f 1341/608/1551 1347/516/1550 1342/514/1552
f 1341/608/1551 1342/514/1552 1336/609/1553
f 1336/609/1554 1342/514/1552 1337/512/1555
f 1336/609/1556 1337/512/1557 1331/610/1558
f 1331/610/1558 1337/512/1557 1332/510/1559
f 1331/610/1558 1332/510/1560 1326/611/1561
f 1326/611/1562 1332/510/1560 1327/508/1563
f 1326/611/1561 1327/508/1564 1321/612/1565
f 1321/612/1565 1327/508/1564 1322/506/1566
f 1321/612/1565 1322/506/1566 1316/613/1567
f 1316/613/1567 1322/506/1566 1317/504/1568
f 1316/613/1567 1317/504/1568 1311/614/1569
f 1311/614/1569 1317/504/1568 1312/502/1570
f 1311/614/1569 1312/502/1570 1306/615/1571
f 1306/615/1572 1312/502/1570 1307/550/1573
f 1306/615/1574 1307/550/1575 1301/616/1576
f 1301/616/1576 1307/550/1575 1302/548/1577
f 1301/616/1576 1302/548/1460 1296/617/1578
f 1236/884/1579 1237/885/1580 1261/538/1511
f 1261/538/1581 1237/885/1582 1276/536/1583
f 1276/536/1584 1237/885/1582 1271/534/1585
f 1271/534/1586 1237/885/1587 1238/886/1588
f 1271/534/1585 1238/886/1589 1239/887/1590
f 1271/534/1585 1239/887/1590 1266/532/1591
f 1266/532/1591 1239/887/1590 1240/888/1590
f 1266/532/1591 1240/888/1590 1260/530/1592
f 1260/528/1593 1240/889/1590 1241/890/1590
f 1260/528/1594 1241/890/1590 1372/526/1595
f 1372/526/1596 1241/890/1590 1242/891/1590
f 1372/526/1596 1242/891/1590 1367/524/1597
f 1367/524/1598 1242/891/1590 1243/892/1590
f 1367/524/1597 1243/892/1590 1362/522/1599
f 1362/522/1600 1243/892/1589 1244/893/1589
f 1362/522/1600 1244/893/1601 1357/520/1602
f 1357/520/1602 1244/893/1603 1245/894/1603
f 1357/520/1602 1245/894/1601 1352/518/1604
f 1352/518/1604 1245/894/1601 1246/895/1601
f 1352/518/1605 1246/895/1601 1347/516/1606
f 1347/516/1606 1246/895/1601 1247/515/1601
f 1347/516/1606 1247/515/1601 1248/896/1601
f 1347/516/1606 1248/896/1601 1342/514/1607
f 1342/514/1608 1248/896/1601 1249/897/1601
f 1342/514/1608 1249/897/1601 1337/512/1609
f 1337/512/1609 1249/897/1610 1250/898/1610
f 1337/512/1609 1250/898/1610 1332/510/1611
f 1332/510/1611 1250/898/1610 1251/899/1610
f 1332/510/1612 1251/899/1450 1327/508/1613
f 1327/508/1614 1251/899/1450 1252/900/1450
f 1327/508/1614 1252/900/1450 1322/506/1615
f 1322/506/1615 1252/900/1450 1253/901/1450
f 1322/506/1616 1253/901/1450 1317/504/1617
f 1317/504/1618 1253/901/1450 1254/902/1450
f 1317/504/1619 1254/902/1450 1312/502/1620
f 1312/502/1620 1254/902/1450 1255/879/1450
f 1312/502/1620 1255/879/1450 1307/550/1455
f 1256/480/1621 1257/551/1622 1368/482/1340
f 1368/482/1623 1257/551/1624 1369/552/1625
f 1368/482/1626 1369/552/1627 1363/484/1628
f 1363/484/1628 1369/552/1629 1364/553/1630
f 1363/484/1631 1364/553/1632 1358/486/1351
f 1358/486/1633 1364/553/1634 1359/554/1635
f 1358/486/1633 1359/554/1636 1353/488/1637
f 1353/488/1637 1359/554/1638 1354/555/1639
f 1353/488/1640 1354/555/1641 1348/490/1642
f 1348/490/1642 1354/555/1643 1349/556/1644
f 1348/490/1645 1349/556/1646 1343/492/1647
f 1343/492/1647 1349/556/1646 1344/557/1648
f 1343/492/1649 1344/557/1650 1338/494/1651
f 1338/494/1651 1344/557/1652 1339/558/1653
f 1338/494/1654 1339/558/1655 1333/496/1656
f 1333/496/1656 1339/558/1657 1334/559/1658
f 1333/496/1659 1334/559/1660 1328/498/1661
f 1328/498/1662 1334/559/1663 1329/560/1664
f 1328/498/1665 1329/560/1666 1323/500/1667
f 1323/500/1667 1329/560/1668 1324/561/1669
f 1323/500/1670 1324/561/1671 1318/452/1672
f 1318/452/1673 1324/561/1674 1319/562/1675
f 1318/452/1676 1319/562/1677 1313/454/1678
f 1313/454/1395 1319/562/1677 1314/563/1679
f 1313/454/1680 1314/563/1681 1308/456/1682
f 1308/456/1682 1314/563/1683 1309/564/1684
f 1308/456/1685 1309/564/1686 1303/458/1687
f 1303/458/1688 1309/564/1689 1304/565/1690
f 1303/458/1691 1304/565/1692 1298/460/1693
f 1298/460/1693 1304/565/1694 1299/566/1695
f 1298/460/1693 1299/566/1696 1293/462/1697
f 1293/462/1698 1299/566/1699 1294/567/1700
f 1293/462/1701 1294/567/1702 1289/464/1703
f 1289/464/1703 1294/567/1704 1290/568/1705
f 1289/464/1706 1290/568/1707 1285/466/1708
f 1285/466/1709 1290/568/1707 1286/569/1710
f 1285/466/1708 1286/569/1711 1281/468/1712
f 1257/551/1713 1258/576/1714 1369/552/1715
f 1369/552/1716 1258/576/1717 1370/577/1718
f 1369/552/1629 1370/577/1719 1364/553/1720
f 1364/553/1721 1370/577/1722 1365/578/1723
f 1364/553/1721 1365/578/1724 1359/554/1725
f 1359/554/1725 1365/578/1726 1360/579/1727
f 1359/554/1728 1360/579/1729 1354/555/1730
f 1354/555/1730 1360/579/1729 1355/580/1731
f 1354/555/1732 1355/580/1731 1349/556/1733
f 1349/556/1734 1355/580/1735 1350/581/1736
f 1349/556/1737 1350/581/1738 1344/557/1739
f 1344/557/1740 1350/581/1741 1345/582/1742
f 1344/557/1743 1345/582/1744 1339/558/1745
f 1339/558/1746 1345/582/1747 1340/583/1748
f 1339/558/1745 1340/583/1748 1334/559/1749
f 1334/559/1750 1340/583/1751 1335/584/1752
f 1334/559/1753 1335/584/1754 1329/560/1755
f 1329/560/1755 1335/584/1752 1330/585/1756
f 1329/560/1757 1330/585/1758 1324/561/1759
f 1324/561/1760 1330/585/1761 1325/586/1762
f 1324/561/1759 1325/586/1763 1319/562/1764
f 1319/562/1765 1325/586/1763 1320/587/1766
f 1319/562/1767 1320/587/1768 1314/563/1769
f 1314/563/1770 1320/587/1768 1315/588/1771
f 1314/563/1772 1315/588/1773 1309/564/1774
f 1309/564/1774 1315/588/1775 1310/589/1776
f 1309/564/1777 1310/589/1778 1304/565/1779
f 1304/565/1780 1310/589/1781 1305/590/1782
f 1304/565/1783 1305/590/1784 1299/566/1785
f 1299/566/1786 1305/590/1787 1300/591/1788
f 1299/566/1789 1300/591/1790 1294/567/1791
f 1294/567/1792 1300/591/1793 1295/592/1794
f 1294/567/1795 1295/592/1796 1290/568/1797
f 1290/568/1797 1295/592/1798 1291/593/1471
f 1290/568/1799 1291/593/1800 1286/569/1801
f 1257/575/1802 1256/478/1803 1263/574/1804
f 1263/574/1805 1256/478/1803 1262/476/1806
f 1263/574/1807 1262/476/1808 1268/573/1809
f 1268/573/1810 1262/476/1811 1267/474/1812
f 1268/573/1813 1267/474/1444 1273/572/1814
f 1273/572/1814 1267/474/1815 1272/472/1816
f 1273/572/1814 1272/472/1502 1278/571/1817
f 1258/576/1818 1259/601/1819 1370/577/1820
f 1370/577/1820 1259/601/1821 1371/602/1822
f 1370/577/1823 1371/602/1824 1365/578/1825
f 1365/578/1723 1371/602/1824 1366/603/1826
f 1365/578/1827 1366/603/1828 1360/579/1829
f 1360/579/1830 1366/603/1831 1361/604/1832
f 1360/579/1833 1361/604/1834 1355/580/1835
f 1355/580/1836 1361/604/1832 1356/605/1837
f 1355/580/1735 1356/605/1838 1350/581/1736
f 1350/581/1839 1356/605/1838 1351/606/1840
f 1350/581/1736 1351/606/1841 1345/582/1742
f 1345/582/1742 1351/606/1842 1346/607/1843
f 1345/582/1742 1346/607/1844 1340/583/1845
f 1340/583/1846 1346/607/1843 1341/608/1847
f 1340/583/1845 1341/608/1848 1335/584/1849
f 1335/584/1850 1341/608/1847 1336/609/1851
f 1335/584/1852 1336/609/1853 1330/585/1854
f 1330/585/1855 1336/609/1856 1331/610/1857
f 1330/585/1858 1331/610/1857 1325/586/1859
f 1325/586/1859 1331/610/1857 1326/611/1860
f 1325/586/1861 1326/611/1862 1320/587/1863
f 1320/587/1864 1326/611/1862 1321/612/1865
f 1320/587/1866 1321/612/1867 1315/588/1868
f 1315/588/1771 1321/612/1869 1316/613/1870
f 1315/588/1871 1316/613/1872 1310/589/1873
f 1310/589/1874 1316/613/1875 1311/614/1876
f 1310/589/1877 1311/614/1878 1305/590/1879
f 1305/590/1782 1311/614/1878 1306/615/1880
f 1305/590/1881 1306/615/1882 1300/591/1883
f 1300/591/1884 1306/615/1880 1301/616/1885
f 1300/591/1886 1301/616/1887 1295/592/1888
f 1295/592/1888 1301/616/1889 1296/617/1890
f 1295/592/1891 1296/617/1465 1291/593/1892
f 1258/600/1818 1257/575/1893 1264/599/1894
f 1264/599/1895 1257/575/1896 1263/574/1897
f 1264/599/1898 1263/574/1807 1269/598/1899
f 1269/598/1900 1263/574/1901 1268/573/1902
f 1269/598/1903 1268/573/1904 1274/597/1905
f 1274/597/1906 1268/573/1907 1273/572/1908
f 1274/597/1909 1273/572/1910 1279/596/1911
f 1279/596/1911 1273/572/1910 1278/571/1912
f 1279/596/1913 1278/571/1914 1283/595/1497
f 1259/625/1915 1258/600/1818 1265/624/1916
f 1265/624/1917 1258/600/1918 1264/599/1919
f 1265/624/1920 1264/599/1921 1270/623/1922
f 1270/623/1922 1264/599/1923 1269/598/1924
f 1270/623/1925 1269/598/1926 1275/622/1927
f 1275/622/1928 1269/598/1929 1274/597/1930
f 1275/622/1928 1274/597/1931 1280/621/1932
f 1280/621/1932 1274/597/1931 1279/596/1933
f 1280/621/1934 1279/596/1935 1284/620/1936
f 1284/620/1936 1279/596/1935 1283/595/1937
f 1284/620/1505 1283/595/1938 1288/619/1939
f 1238/903/1940 1237/904/1941 1386/905/1940
f 1386/905/1601 1237/904/1942 1387/906/1943
f 1386/905/1601 1387/906/1943 1385/907/1943
f 1385/907/1550 1387/906/1550 1384/908/1549
f 1384/908/1549 1387/906/1550 1390/909/1549
f 1384/908/1843 1390/909/1843 1383/910/1944
f 1383/910/1944 1390/909/1843 1394/911/1944
f 1383/910/1747 1394/911/1747 1382/912/1740
f 1382/912/1740 1394/911/1747 1397/913/1740
f 1382/912/1652 1397/913/1652 1381/914/1945
f 1381/914/1945 1397/913/1652 1400/915/1945
f 1381/914/1946 1400/915/1946 1380/916/1947
f 1380/916/1947 1400/915/1946 1399/917/1946
f 1380/916/1947 1399/917/1946 1379/918/1947
f 1379/918/1947 1399/917/1946 1398/919/1946
f 1379/918/1947 1398/919/1946 1378/920/1946
f 1378/920/1945 1398/919/1945 1377/921/1652
f 1377/921/1652 1398/919/1945 1395/922/1652
f 1377/921/1740 1395/922/1740 1376/938/1747
f 1376/938/1747 1395/922/1740 1392/924/1747
f 1376/938/1944 1392/924/1944 1375/925/1843
f 1375/925/1843 1392/924/1944 1388/926/1843
f 1375/925/1549 1388/926/1549 1374/927/1550
f 1374/927/1550 1388/926/1549 1391/928/1550
f 1374/927/1606 1391/928/1606 1373/929/1601
f 1373/929/1601 1391/928/1943 1233/930/1942
f 1373/929/1589 1233/930/1948 1232/931/1589
f 1237/904/1942 1236/932/1949 1387/906/1943
f 1387/906/1550 1236/932/1950 1390/909/1549
f 1236/932/1950 1235/933/1951 1390/909/1549
f 1390/909/1952 1235/933/1951 1389/934/1952
f 1390/909/1843 1389/934/1843 1394/911/1944
f 1394/911/1944 1389/934/1843 1393/935/1944
f 1394/911/1747 1393/935/1747 1397/913/1740
f 1397/913/1740 1393/935/1747 1396/936/1740
f 1397/913/1652 1396/936/1652 1400/915/1945
f 1400/915/1945 1396/936/1652 1399/917/1945
f 1389/934/1952 1235/933/1951 1388/926/1952
f 1388/926/1549 1235/933/1951 1234/937/1950
f 1388/926/1549 1234/937/1950 1391/928/1550
f 1391/928/1606 1234/937/1949 1233/930/1942
f 1393/935/1944 1389/934/1843 1388/926/1843
f 1393/935/1944 1388/926/1843 1392/924/1944
f 1396/936/1740 1393/935/1747 1392/924/1747
f 1396/936/1740 1392/924/1747 1395/922/1740
f 1399/917/1945 1396/936/1652 1395/922/1652
f 1399/917/1945 1395/922/1652 1398/919/1945
f 1402/939/331 1209/940/331 1401/941/877
f 1401/941/877 1209/940/331 1208/942/877
f 1401/943/327 1208/944/327 1424/945/876
f 1424/945/1188 1208/944/63 1231/946/1188
f 1424/945/914 1231/946/914 1423/947/913
f 1423/947/913 1231/946/914 1230/948/913
f 1423/947/439 1230/948/439 1422/949/1198
f 1422/949/911 1230/948/439 1229/950/911
f 1422/949/911 1229/950/911 1421/951/910
f 1421/951/910 1229/950/911 1228/952/910
f 1421/951/909 1228/952/909 1420/953/908
f 1420/953/908 1228/952/909 1227/954/908
f 1420/953/424 1227/954/424 1419/955/906
f 1419/955/1099 1227/954/907 1226/956/1099
f 1419/955/1099 1226/956/1099 1418/957/903
f 1418/957/905 1226/956/904 1225/958/905
f 1418/957/415 1225/958/415 1417/959/413
f 1417/959/413 1225/958/415 1224/960/413
f 1417/959/410 1224/960/410 1416/961/902
f 1416/961/902 1224/960/410 1223/962/902
f 1416/961/404 1223/962/404 1415/963/900
f 1415/963/900 1223/962/901 1222/964/900
f 1415/963/400 1222/964/400 1414/965/899
f 1414/965/899 1222/964/400 1221/966/899
f 1414/965/1078 1221/966/1078 1413/967/897
f 1413/967/897 1221/966/1078 1220/968/897
f 1413/967/207 1220/968/207 1412/969/1195
f 1412/969/1195 1220/968/207 1219/970/1195
f 1412/969/384 1219/970/384 1411/971/1953
f 1411/971/895 1219/970/384 1218/972/895
f 1411/971/378 1218/972/378 1410/973/894
f 1410/973/894 1218/972/378 1217/974/894
f 1410/973/893 1217/974/893 1409/975/368
f 1409/975/891 1217/974/892 1216/976/891
f 1409/975/1328 1216/976/1328 1408/977/889
f 1408/977/889 1216/976/890 1215/978/889
f 1408/977/1192 1215/978/1192 1407/979/1
f 1407/979/888 1215/978/1193 1214/980/888
f 1407/979/357 1214/980/357 1406/981/1190
f 1406/981/1191 1214/980/357 1213/982/1191
f 1406/981/885 1213/982/885 1405/983/884
f 1405/983/1327 1213/982/885 1212/984/1327
f 1405/983/883 1212/984/883 1404/985/882
f 1404/985/882 1212/984/883 1211/986/882
f 1404/985/881 1211/986/881 1403/987/880
f 1403/987/880 1211/986/1086 1210/988/880
f 1403/987/338 1210/988/338 1402/939/879
f 1402/939/879 1210/988/338 1209/940/879
f 1426/475/1954 1478/476/1955 1425/477/877
f 1425/477/1333 1478/476/1334 1473/478/1335
f 1425/479/1336 1473/480/1956 1448/481/1957
f 1448/481/1338 1473/480/1339 1588/482/1958
f 1448/481/1341 1588/482/1345 1447/483/959
f 1447/483/913 1588/482/1345 1583/484/1959
f 1447/483/1347 1583/484/1348 1446/485/912
f 1446/485/1960 1583/484/1350 1578/486/1351
f 1446/485/1961 1578/486/1355 1445/487/1354
f 1445/487/1962 1578/486/1355 1573/488/1356
f 1445/487/1962 1573/488/1963 1444/489/1359
f 1444/489/1359 1573/488/1358 1568/490/1362
f 1444/489/1361 1568/490/1362 1443/491/1363
f 1443/491/1099 1568/490/1964 1563/492/1365
f 1443/491/1947 1563/492/1946 1442/493/1965
f 1442/493/905 1563/492/1367 1558/494/1372
f 1442/493/1371 1558/494/1375 1441/495/1373
f 1441/495/1966 1558/494/1375 1553/496/1967
f 1441/495/1374 1553/496/1380 1440/497/902
f 1440/497/1968 1553/496/1380 1548/498/1969
f 1440/497/404 1548/498/1383 1439/499/1240
f 1439/499/1970 1548/498/1383 1543/500/1971
f 1439/499/1972 1543/500/1387 1438/451/1388
f 1438/451/899 1543/500/1387 1538/452/1973
f 1438/451/1391 1538/452/1394 1437/453/897
f 1437/453/1393 1538/452/1392 1533/454/1395
f 1437/453/1396 1533/454/1397 1436/455/1398
f 1436/455/1402 1533/454/1400 1528/456/1974
f 1436/455/1975 1528/456/1405 1435/457/895
f 1435/457/1404 1528/456/1403 1523/458/1411
f 1435/457/1194 1523/458/1408 1434/459/1976
f 1434/459/1410 1523/458/1411 1518/460/1412
f 1434/459/1977 1518/460/1416 1433/461/1415
f 1433/461/1415 1518/460/1978 1513/462/1698
f 1433/461/1415 1513/462/1417 1432/463/889
f 1432/463/1419 1513/462/1418 1508/464/1979
f 1432/463/1980 1508/464/1981 1431/465/1423
f 1431/465/1 1508/464/1981 1503/466/1430
f 1431/465/1423 1503/466/1430 1430/467/1982
f 1430/467/1429 1503/466/1430 1498/468/1431
f 1430/467/1983 1498/468/1435 1429/469/886
f 1429/469/1434 1498/468/1435 1493/470/1437
f 1429/469/1434 1493/470/1436 1428/471/1438
f 1428/471/1984 1493/470/1437 1488/472/1985
f 1428/471/1986 1488/472/1442 1427/473/1443
f 1427/473/1085 1488/472/1987 1483/474/1988
f 1427/473/1989 1483/474/1448 1426/475/1447
f 1426/475/1447 1483/474/1448 1478/476/1990
f 1450/525/1590 1592/526/1991 1449/527/1590
f 1449/527/1590 1592/526/1596 1477/528/1593
f 1449/529/1590 1477/530/1594 1472/531/1590
f 1472/531/1590 1477/530/1593 1482/532/1591
f 1472/531/1590 1482/532/1591 1471/533/1590
f 1471/533/1590 1482/532/1591 1487/534/1585
f 1471/533/1992 1487/534/1585 1470/535/1590
f 1470/535/1590 1487/534/1585 1492/536/1993
f 1470/535/1994 1492/536/1584 1469/537/1590
f 1469/537/1992 1492/536/1993 1497/538/1995
f 1469/537/1994 1497/538/1996 1468/539/1994
f 1468/539/1994 1497/538/1581 1502/540/1997
f 1468/539/1994 1502/540/1997 1467/541/1994
f 1467/541/1994 1502/540/1998 1507/542/1999
f 1467/541/1994 1507/542/2000 1466/543/1994
f 1466/543/1994 1507/542/2000 1512/544/2001
f 1466/543/1994 1512/544/2002 1465/545/1994
f 1465/545/1994 1512/544/2002 1517/546/2003
f 1465/545/1450 1517/546/2004 1464/547/1994
f 1464/547/1994 1517/546/1459 1522/548/1458
f 1464/547/1450 1522/548/1458 1463/549/2005
f 1463/549/1450 1522/548/2006 1527/550/1455
f 1463/549/1450 1527/550/1455 1462/501/1450
f 1462/501/1450 1527/550/1451 1532/502/2007
f 1462/501/1450 1532/502/2008 1461/503/1450
f 1461/503/1450 1532/502/1620 1537/504/1618
f 1461/503/1450 1537/504/1618 1460/505/1450
f 1460/505/1450 1537/504/1618 1542/506/1615
f 1460/505/1450 1542/506/1615 1459/507/1450
f 1459/507/1450 1542/506/1616 1547/508/1613
f 1459/507/1610 1547/508/2009 1458/509/1450
f 1458/509/1450 1547/508/1614 1552/510/1611
f 1458/509/1601 1552/510/1611 1457/511/1450
f 1457/511/1601 1552/510/2010 1557/512/2011
f 1457/511/1601 1557/512/2012 1456/513/1601
f 1456/513/1601 1557/512/2011 1562/514/2013
f 1456/513/1601 1562/514/1608 1455/515/1601
f 1455/515/1601 1562/514/2014 1567/516/2015
f 1455/515/1601 1567/516/2015 1454/517/1601
f 1454/517/1601 1567/516/1606 1572/518/1605
f 1454/517/1601 1572/518/1604 1453/519/1601
f 1453/519/1601 1572/518/2016 1577/520/1602
f 1453/519/1590 1577/520/2017 1452/521/1590
f 1452/521/1603 1577/520/2018 1582/522/2019
f 1452/521/1590 1582/522/1600 1451/523/1603
f 1451/523/1590 1582/522/1600 1587/524/1597
f 1451/523/1590 1587/524/1597 1450/525/1590
f 1450/525/1590 1587/524/1597 1592/526/1596
f 1473/480/2020 1474/551/1622 1588/482/1623
f 1588/482/1623 1474/551/2021 1589/552/2022
f 1588/482/1626 1589/552/1627 1583/484/1628
f 1583/484/1628 1589/552/1629 1584/553/2023
f 1583/484/1631 1584/553/1632 1578/486/2024
f 1578/486/1633 1584/553/1632 1579/554/1635
f 1578/486/1633 1579/554/1638 1573/488/1637
f 1573/488/1637 1579/554/1636 1574/555/1639
f 1573/488/1640 1574/555/2025 1568/490/1642
f 1568/490/1642 1574/555/2025 1569/556/1733
f 1568/490/2026 1569/556/2027 1563/492/1647
f 1563/492/1647 1569/556/1646 1564/557/1652
f 1563/492/1649 1564/557/1650 1558/494/1651
f 1558/494/1651 1564/557/2028 1559/558/1653
f 1558/494/1654 1559/558/1655 1553/496/1656
f 1553/496/1656 1559/558/2029 1554/559/2030
f 1553/496/1659 1554/559/1660 1548/498/1662
f 1548/498/1665 1554/559/1660 1549/560/1666
f 1548/498/1665 1549/560/1666 1543/500/1667
f 1543/500/1667 1549/560/2031 1544/561/2032
f 1543/500/1670 1544/561/1671 1538/452/1672
f 1538/452/1673 1544/561/1674 1539/562/1675
f 1538/452/1676 1539/562/2033 1533/454/1678
f 1533/454/2034 1539/562/1677 1534/563/2035
f 1533/454/1680 1534/563/1681 1528/456/1682
f 1528/456/1682 1534/563/1683 1529/564/2036
f 1528/456/1685 1529/564/2037 1523/458/1687
f 1523/458/1687 1529/564/1686 1524/565/2038
f 1523/458/1691 1524/565/1694 1518/460/2039
f 1518/460/2040 1524/565/1692 1519/566/1695
f 1518/460/2041 1519/566/1696 1513/462/1697
f 1513/462/1697 1519/566/2042 1514/567/1700
f 1513/462/1701 1514/567/1704 1508/464/2043
f 1508/464/1703 1514/567/1704 1509/568/2044
f 1508/464/1706 1509/568/2045 1503/466/1708
f 1503/466/1709 1509/568/1707 1504/569/1710
f 1503/466/1708 1504/569/2046 1498/468/2047
f 1498/468/1478 1504/569/2048 1499/570/1477
f 1498/468/2049 1499/570/1479 1493/470/1480
f 1493/470/1480 1499/570/1479 1494/571/1498
f 1493/470/1501 1494/571/1817 1488/472/2050
f 1488/472/1502 1494/571/2051 1489/572/2052
f 1488/472/1816 1489/572/1814 1483/474/1815
f 1483/474/1815 1489/572/1814 1484/573/1813
f 1483/474/2053 1484/573/1907 1478/476/1808
f 1478/476/2054 1484/573/1810 1479/574/2055
f 1478/476/1806 1479/574/1805 1473/478/1803
f 1473/478/1803 1479/574/1805 1474/575/2056
f 1474/551/2057 1475/576/2058 1589/552/1715
f 1589/552/1716 1475/576/1818 1590/577/2059
f 1589/552/2060 1590/577/2061 1584/553/2023
f 1584/553/1721 1590/577/1722 1585/578/1723
f 1584/553/2023 1585/578/1724 1579/554/2062
f 1579/554/1725 1585/578/1726 1580/579/2063
f 1579/554/1728 1580/579/2064 1574/555/2065
f 1574/555/1732 1580/579/1729 1575/580/1731
f 1574/555/1732 1575/580/2066 1569/556/1733
f 1569/556/2067 1575/580/1735 1570/581/2068
f 1569/556/1734 1570/581/1738 1564/557/1740
f 1564/557/2069 1570/581/1738 1565/582/2070
f 1564/557/1743 1565/582/1744 1559/558/1746
f 1559/558/1745 1565/582/1747 1560/583/1748
f 1559/558/2029 1560/583/2071 1554/559/1750
f 1554/559/2072 1560/583/1751 1555/584/1849
f 1554/559/1753 1555/584/1752 1549/560/1755
f 1549/560/2073 1555/584/1752 1550/585/2074
f 1549/560/2075 1550/585/1758 1544/561/2076
f 1544/561/1669 1550/585/1761 1545/586/1762
f 1544/561/2077 1545/586/1763 1539/562/1764
f 1539/562/1764 1545/586/1763 1540/587/2078
f 1539/562/2079 1540/587/1768 1534/563/1769
f 1534/563/1769 1540/587/2080 1535/588/1775
f 1534/563/2081 1535/588/1775 1529/564/2082
f 1529/564/2082 1535/588/2083 1530/589/2084
f 1529/564/1777 1530/589/2085 1524/565/1779
f 1524/565/2086 1530/589/2085 1525/590/1782
f 1524/565/2086 1525/590/1787 1519/566/1786
f 1519/566/1786 1525/590/1787 1520/591/2087
f 1519/566/1789 1520/591/1793 1514/567/2088
f 1514/567/1791 1520/591/1793 1515/592/1794
f 1514/567/1795 1515/592/1891 1509/568/2089
f 1509/568/1797 1515/592/2090 1510/593/2091
f 1509/568/1799 1510/593/1471 1504/569/1801
f 1504/569/1801 1510/593/1800 1505/594/2092
f 1504/569/2093 1505/594/1472 1499/570/2094
f 1499/570/1495 1505/594/1493 1500/595/2095
f 1499/570/1495 1500/595/1938 1494/571/1914
f 1494/571/2096 1500/595/2097 1495/596/1911
f 1494/571/2096 1495/596/1911 1489/572/1910
f 1489/572/1910 1495/596/2098 1490/597/2099
f 1489/572/1908 1490/597/1905 1484/573/2100
f 1484/573/1904 1490/597/1906 1485/598/2101
f 1484/573/1902 1485/598/1900 1479/574/1901
f 1479/574/2102 1485/598/1900 1480/599/2103
f 1479/574/1897 1480/599/1895 1474/575/1893
f 1474/575/1896 1480/599/1894 1475/600/1818
f 1475/576/1818 1476/601/1819 1590/577/2104
f 1590/577/1820 1476/601/1821 1591/602/2105
f 1590/577/1820 1591/602/1824 1585/578/1723
f 1585/578/1723 1591/602/1824 1586/603/1826
f 1585/578/2106 1586/603/1831 1580/579/1830
f 1580/579/1830 1586/603/1831 1581/604/1832
f 1580/579/1833 1581/604/1834 1575/580/1835
f 1575/580/1836 1581/604/1832 1576/605/1837
f 1575/580/2107 1576/605/1838 1570/581/1736
f 1570/581/2068 1576/605/1838 1571/606/1840
f 1570/581/2108 1571/606/1842 1565/582/2109
f 1565/582/1742 1571/606/1842 1566/607/1843
f 1565/582/1742 1566/607/1844 1560/583/1845
f 1560/583/1846 1566/607/1843 1561/608/1847
f 1560/583/2110 1561/608/1848 1555/584/1850
f 1555/584/2111 1561/608/1847 1556/609/1851
f 1555/584/2112 1556/609/1856 1550/585/1855
f 1550/585/1854 1556/609/1856 1551/610/1857
f 1550/585/1858 1551/610/1857 1545/586/1859
f 1545/586/1859 1551/610/1857 1546/611/1860
f 1545/586/1763 1546/611/1862 1540/587/2113
f 1540/587/1863 1546/611/1862 1541/612/1865
f 1540/587/2113 1541/612/1869 1535/588/2114
f 1535/588/2115 1541/612/1867 1536/613/1875
f 1535/588/2114 1536/613/1872 1530/589/2116
f 1530/589/1874 1536/613/1875 1531/614/1876
f 1530/589/1874 1531/614/1878 1525/590/1782
f 1525/590/1879 1531/614/1878 1526/615/1880
f 1525/590/2117 1526/615/1882 1520/591/1883
f 1520/591/1883 1526/615/2118 1521/616/1889
f 1520/591/1790 1521/616/1889 1515/592/2119
f 1515/592/1888 1521/616/1889 1516/617/1890
f 1515/592/1891 1516/617/1465 1510/593/2120
f 1510/593/2121 1516/617/1465 1511/618/1466
f 1510/593/1468 1511/618/1469 1505/594/1491
f 1505/594/1491 1511/618/1469 1506/619/1490
f 1505/594/2122 1506/619/1490 1500/595/2123
f 1500/595/1492 1506/619/1939 1501/620/1505
f 1500/595/1938 1501/620/1936 1495/596/1913
f 1495/596/2124 1501/620/1936 1496/621/1934
f 1495/596/2125 1496/621/2126 1490/597/1905
f 1490/597/1931 1496/621/1510 1491/622/1928
f 1490/597/2127 1491/622/1928 1485/598/1929
f 1485/598/1926 1491/622/1928 1486/623/2128
f 1485/598/1924 1486/623/1922 1480/599/1921
f 1480/599/2129 1486/623/1922 1481/624/1920
f 1480/599/1919 1481/624/1917 1475/600/1918
f 1475/600/1818 1481/624/1917 1476/625/2130
f 1476/601/1526 1477/528/2131 1591/602/1528
f 1591/602/1528 1477/528/1527 1592/526/1529
f 1591/602/1528 1592/526/1991 1586/603/1534
f 1586/603/1534 1592/526/1529 1587/524/1533
f 1586/603/1534 1587/524/1535 1581/604/1536
f 1581/604/1536 1587/524/1535 1582/522/1537
f 1581/604/1536 1582/522/1538 1576/605/1540
f 1576/605/1540 1582/522/1541 1577/520/1542
f 1576/605/1543 1577/520/1544 1571/606/1545
f 1571/606/1545 1577/520/1544 1572/518/2016
f 1571/606/2132 1572/518/1546 1566/607/1549
f 1566/607/1549 1572/518/1546 1567/516/1550
f 1566/607/1549 1567/516/1550 1561/608/1551
f 1561/608/1551 1567/516/1550 1562/514/1552
f 1561/608/1551 1562/514/1552 1556/609/1553
f 1556/609/1554 1562/514/1552 1557/512/1555
f 1556/609/1556 1557/512/1557 1551/610/1558
f 1551/610/1558 1557/512/1557 1552/510/1559
f 1551/610/1558 1552/510/1560 1546/611/1561
f 1546/611/1562 1552/510/2133 1547/508/1563
f 1546/611/2134 1547/508/1564 1541/612/1565
f 1541/612/1565 1547/508/1564 1542/506/1566
f 1541/612/1565 1542/506/1566 1536/613/1567
f 1536/613/1567 1542/506/1566 1537/504/1568
f 1536/613/1567 1537/504/2135 1531/614/1569
f 1531/614/1569 1537/504/1568 1532/502/1570
f 1531/614/1569 1532/502/2136 1526/615/1571
f 1526/615/1571 1532/502/2137 1527/550/1573
f 1526/615/1574 1527/550/1575 1521/616/1576
f 1521/616/1576 1527/550/1575 1522/548/1577
f 1521/616/1576 1522/548/1460 1516/617/1578
f 1516/617/1462 1522/548/2138 1517/546/1461
f 1516/617/2139 1517/546/1463 1511/618/1464
f 1511/618/1464 1517/546/1463 1512/544/2140
f 1511/618/2141 1512/544/2140 1506/619/2142
f 1506/619/2143 1512/544/2140 1507/542/2144
f 1506/619/2143 1507/542/2144 1501/620/1508
f 1501/620/1508 1507/542/2144 1502/540/2145
f 1501/620/1508 1502/540/2146 1496/621/1509
f 1496/621/1509 1502/540/2145 1497/538/1511
f 1496/621/1512 1497/538/1513 1491/622/1514
f 1491/622/1514 1497/538/1513 1492/536/1519
f 1491/622/1514 1492/536/1516 1486/623/1517
f 1486/623/1517 1492/536/1516 1487/534/1520
f 1486/623/1521 1487/534/1522 1481/624/1523
f 1481/624/1523 1487/534/1522 1482/532/1524
f 1481/624/1523 1482/532/1525 1476/625/1526
f 1476/625/1526 1482/532/1525 1477/530/1527
f 1232/389/1589 1255/390/1589 1373/383/1589
f 1373/383/1589 1255/390/1589 1254/391/1589
f 1373/383/1589 1254/391/1589 1253/392/1589
f 1373/383/1589 1253/392/1589 1684/384/1589
f 1684/384/1589 1253/392/1589 1252/393/1589
f 1684/384/1589 1252/393/1589 1683/394/1589
f 1683/394/1589 1252/393/1589 1251/395/1589
f 1683/394/1589 1251/395/1589 1250/396/1589
f 1683/394/1589 1250/396/1589 1682/397/1589
f 1682/397/1589 1250/396/1589 1249/398/1589
f 1682/397/1589 1249/398/1589 1248/399/1589
f 1682/397/1589 1248/399/1589 1681/400/1589
f 1681/400/1589 1248/399/1589 1247/401/1589
f 1681/400/1589 1247/401/1589 1246/402/1589
f 1681/400/1589 1246/402/1589 1680/403/1589
f 1680/403/1589 1246/402/1589 1245/404/1589
f 1680/403/1589 1245/404/1589 1244/405/1589
f 1680/403/1589 1244/405/1589 1679/406/1589
f 1679/406/1589 1244/405/1589 1243/407/1589
f 1679/406/1589 1243/407/1589 1242/408/1589
f 1679/406/1589 1242/408/1589 1678/409/1589
f 1678/409/1589 1242/408/1589 1241/410/1589
f 1678/409/1589 1241/410/1589 1386/411/1589
f 1386/411/1589 1241/410/1589 1240/412/1589
f 1386/411/1589 1240/412/1589 1239/413/1589
f 1239/413/1589 1238/414/1589 1386/411/1589
f 1593/415/1589 1598/416/1589 1386/411/1589
f 1386/411/1589 1598/416/1589 1627/417/1589
f 1386/411/1589 1627/417/1589 1628/418/1589
f 1593/415/1589 1594/419/1589 1598/416/1589
f 1598/416/1589 1594/419/1589 1595/420/1589
f 1598/416/1589 1595/420/1589 1596/421/1589
f 1596/421/1589 1597/422/1589 1598/416/1589
f 1599/362/1589 1646/423/1589 1598/416/1589
f 1598/416/1589 1646/423/1589 1623/424/1589
f 1598/416/1589 1623/424/1589 1624/425/1589
f 1600/360/1589 1643/361/1589 1599/362/1589
f 1599/362/1589 1643/361/1589 1644/363/1589
f 1599/362/1589 1644/363/1589 1645/364/1589
f 1643/361/1589 1600/360/1589 1642/359/1589
f 1642/359/1589 1600/360/1589 1601/358/1589
f 1642/359/1589 1601/358/1589 1673/322/1589
f 1673/322/1589 1601/358/1589 1602/357/1589
f 1673/322/1589 1602/357/1589 1603/356/1589
f 1603/356/1589 1604/355/1589 1673/322/1589
f 1673/322/1589 1604/355/1589 1605/354/1589
f 1673/322/1589 1605/354/1589 1672/351/1589
f 1672/351/1589 1605/354/1589 1606/353/1589
f 1672/351/1589 1606/353/1589 1607/352/1589
f 1607/352/1589 1608/350/1589 1672/351/1589
f 1672/351/1589 1608/350/1589 1671/348/1589
f 1671/348/1589 1608/350/1589 1609/349/1589
f 1671/348/1589 1609/349/1589 1610/347/1589
f 1671/348/1589 1610/347/1589 1674/301/1589
f 1674/301/1589 1610/347/1589 1611/346/1589
f 1674/301/1589 1611/346/1589 1612/345/1589
f 1612/345/1589 1613/344/1589 1674/301/1589
f 1674/301/1589 1613/344/1589 1614/343/1589
f 1674/301/1589 1614/343/1589 1456/342/1589
f 1456/342/1589 1614/343/1589 1615/341/1589
f 1456/342/1589 1615/341/1589 1457/340/1589
f 1457/340/1589 1615/341/1589 1616/337/1589
f 1457/340/1589 1616/337/1589 1458/339/1589
f 1458/339/1589 1616/337/1589 1459/338/1589
f 1459/338/1589 1616/337/1589 1460/336/1589
f 1460/336/1589 1616/337/1589 1617/335/1589
f 1460/336/1589 1617/335/1589 1461/334/1589
f 1461/334/1589 1617/335/1589 1462/333/1589
f 1462/333/1589 1617/335/1589 1463/388/1589
f 1463/388/1589 1617/335/1589 1464/387/1589
f 1464/387/1589 1617/335/1589 1465/386/1589
f 1465/386/1589 1617/335/1589 1373/383/1589
f 1465/386/1589 1373/383/1589 1466/385/1589
f 1466/385/1589 1373/383/1589 1467/382/1589
f 1467/382/1589 1373/383/1589 1468/381/1589
f 1468/381/1589 1373/383/1589 1684/384/1589
f 1468/381/1589 1684/384/1589 1685/379/1589
f 1618/426/1589 1619/427/1589 1617/335/1589
f 1617/335/1589 1619/427/1589 1620/428/1589
f 1617/335/1589 1620/428/1589 1621/429/1589
f 1621/429/1589 1622/430/1589 1617/335/1589
f 1617/335/1589 1622/430/1589 1373/383/1589
f 1624/425/1589 1625/442/1589 1598/416/1589
f 1598/416/1589 1625/442/1589 1626/443/1589
f 1598/416/1589 1626/443/1589 1627/417/1589
f 1628/418/1589 1629/444/1589 1386/411/1589
f 1386/411/1589 1629/444/1589 1630/445/1589
f 1386/411/1589 1630/445/1589 1678/409/1589
f 1678/409/1589 1630/445/1589 1677/446/1589
f 1677/446/1589 1630/445/1589 1631/447/1589
f 1677/446/1589 1631/447/1589 1632/448/1589
f 1677/446/1589 1632/448/1589 1676/449/1589
f 1676/449/1589 1632/448/1589 1633/450/1589
f 1676/449/1589 1633/450/1589 1634/431/1589
f 1676/449/1589 1634/431/1589 1675/433/1589
f 1675/433/1589 1634/431/1589 1635/432/1589
f 1675/433/1589 1635/432/1589 1636/434/1589
f 1675/433/1589 1636/434/1589 1698/435/1589
f 1698/435/1589 1636/434/1589 1637/436/1589
f 1698/435/1589 1637/436/1589 1638/437/1589
f 1698/435/1589 1638/437/1589 1697/438/1589
f 1697/438/1589 1638/437/1589 1639/439/1589
f 1697/438/1589 1639/439/1589 1640/440/1589
f 1641/441/1589 1673/322/1589 1640/440/1589
f 1640/440/1589 1673/322/1589 1696/320/1589
f 1640/440/1589 1696/320/1589 1697/438/1589
f 1641/441/1589 1642/359/1589 1673/322/1589
f 1645/364/1589 1646/423/1589 1599/362/1589
f 1648/319/1589 1696/320/1589 1647/321/1589
f 1647/321/1589 1696/320/1589 1673/322/1589
f 1647/321/1589 1673/322/1589 1670/323/1589
f 1670/323/1589 1673/322/1589 1669/324/1589
f 1669/324/1589 1673/322/1589 1668/325/1589
f 1668/325/1589 1673/322/1589 1667/326/1589
f 1667/326/1589 1673/322/1589 1666/327/1589
f 1666/327/1589 1673/322/1589 1665/328/1589
f 1665/328/1589 1673/322/1589 1674/301/1589
f 1665/328/1589 1674/301/1589 1664/329/1589
f 1664/329/1589 1674/301/1589 1663/330/1589
f 1663/330/1589 1674/301/1589 1662/331/1589
f 1662/331/1589 1674/301/1589 1661/332/1589
f 1661/332/1589 1674/301/1589 1660/300/1589
f 1660/300/1589 1674/301/1589 1659/302/1589
f 1659/302/1589 1674/301/1589 1690/303/1589
f 1659/302/1589 1690/303/1589 1658/304/1589
f 1658/304/1589 1690/303/1589 1691/305/1589
f 1658/304/1589 1691/305/1589 1657/306/1589
f 1657/306/1589 1691/305/1589 1656/307/1589
f 1656/307/1589 1691/305/1589 1692/308/1589
f 1656/307/1589 1692/308/1589 1655/309/1589
f 1655/309/1589 1692/308/1589 1654/310/1589
f 1654/310/1589 1692/308/1589 1693/311/1589
f 1654/310/1589 1693/311/1589 1653/312/1589
f 1653/312/1589 1693/311/1589 1652/313/1589
f 1652/313/1589 1693/311/1589 1694/314/1589
f 1652/313/1589 1694/314/1589 1651/315/1589
f 1651/315/1589 1694/314/1589 1650/316/1589
f 1650/316/1589 1694/314/1589 1695/317/1589
f 1650/316/1589 1695/317/1589 1649/318/1589
f 1649/318/1589 1695/317/1589 1648/319/1589
f 1648/319/1589 1695/317/1589 1696/320/1589
f 1686/376/1589 1470/378/1589 1685/379/1589
f 1685/379/1589 1470/378/1589 1469/380/1589
f 1685/379/1589 1469/380/1589 1468/381/1589
f 1687/373/1589 1472/375/1589 1686/376/1589
f 1686/376/1589 1472/375/1589 1471/377/1589
f 1686/376/1589 1471/377/1589 1470/378/1589
f 1688/370/1589 1450/372/1589 1687/373/1589
f 1687/373/1589 1450/372/1589 1449/374/1589
f 1687/373/1589 1449/374/1589 1472/375/1589
f 1689/367/1589 1452/369/1589 1688/370/1589
f 1688/370/1589 1452/369/1589 1451/371/1589
f 1688/370/1589 1451/371/1589 1450/372/1589
f 1690/303/1589 1454/366/1589 1689/367/1589
f 1689/367/1589 1454/366/1589 1453/368/1589
f 1689/367/1589 1453/368/1589 1452/369/1589
f 1456/342/1589 1455/365/1589 1674/301/1589
f 1674/301/1589 1455/365/1589 1454/366/1589
f 1674/301/1589 1454/366/1589 1690/303/1589
f 1700/939/331 1426/940/331 1699/941/877
f 1699/941/877 1426/940/878 1425/942/877
f 1699/943/327 1425/944/327 1722/945/1188
f 1722/945/1188 1425/944/327 1448/946/1188
f 1722/945/914 1448/946/914 1721/947/913
f 1721/947/913 1448/946/914 1447/948/913
f 1721/947/439 1447/948/439 1720/949/1198
f 1720/949/1198 1447/948/439 1446/950/1198
f 1720/949/911 1446/950/911 1719/951/910
f 1719/951/910 1446/950/911 1445/952/910
f 1719/951/909 1445/952/909 1718/953/908
f 1718/953/908 1445/952/909 1444/954/908
f 1718/953/1080 1444/954/1080 1717/955/906
f 1717/955/906 1444/954/1080 1443/956/906
f 1717/955/904 1443/956/904 1716/957/1079
f 1716/957/1079 1443/956/904 1442/958/1079
f 1716/957/415 1442/958/415 1715/959/413
f 1715/959/413 1442/958/415 1441/960/413
f 1715/959/410 1441/960/410 1714/961/1196
f 1714/961/1196 1441/960/410 1440/962/1196
f 1714/961/901 1440/962/901 1713/963/900
f 1713/963/900 1440/962/901 1439/964/900
f 1713/963/400 1439/964/400 1712/965/899
f 1712/965/899 1439/964/400 1438/966/899
f 1712/965/1078 1438/966/1078 1711/967/897
f 1711/967/897 1438/966/1078 1437/968/897
f 1711/967/207 1437/968/207 1710/969/1195
f 1710/969/896 1437/968/207 1436/970/896
f 1710/969/384 1436/970/384 1709/971/895
f 1709/971/895 1436/970/384 1435/972/895
f 1709/971/1194 1435/972/1194 1708/973/894
f 1708/973/929 1435/972/378 1434/974/929
f 1708/973/929 1434/974/929 1707/975/891
f 1707/975/368 1434/974/893 1433/976/368
f 1707/975/368 1433/976/368 1706/977/889
f 1706/977/889 1433/976/890 1432/978/889
f 1706/977/1193 1432/978/1193 1705/979/888
f 1705/979/1 1432/978/1192 1431/980/1
f 1705/979/1 1431/980/1 1704/981/1191
f 1704/981/1190 1431/980/357 1430/982/1190
f 1704/981/885 1430/982/885 1703/983/884
f 1703/983/886 1430/982/2147 1429/984/886
f 1703/983/886 1429/984/886 1702/985/882
f 1702/985/1189 1429/984/883 1428/986/1189
f 1702/985/1189 1428/986/1189 1701/987/880
f 1701/987/1085 1428/986/1086 1427/988/1085
f 1701/987/338 1427/988/338 1700/939/879
f 1700/939/879 1427/988/338 1426/940/879
f 1724/475/1954 1752/476/1955 1723/477/877
f 1723/477/1333 1752/476/1334 1747/478/1335
f 1723/479/1336 1747/480/1956 1746/481/1957
f 1746/481/1338 1747/480/1339 1862/482/1958
f 1746/481/1341 1862/482/1342 1745/483/1343
f 1745/483/913 1862/482/1345 1857/484/2148
f 1745/483/1347 1857/484/1350 1744/485/1960
f 1744/485/1352 1857/484/1350 1852/486/2149
f 1744/485/1961 1852/486/1355 1743/487/1354
f 1743/487/1354 1852/486/1355 1847/488/1356
f 1743/487/1962 1847/488/1963 1742/489/1359
f 1742/489/1359 1847/488/1358 1842/490/1362
f 1742/489/1361 1842/490/1362 1741/491/1363
f 1741/491/1099 1842/490/1964 1837/492/1365
f 1741/491/1947 1837/492/1946 1740/493/1079
f 1740/493/905 1837/492/1367 1832/494/1372
f 1740/493/1368 1832/494/1372 1739/495/1373
f 1739/495/1966 1832/494/1375 1827/496/1967
f 1739/495/1377 1827/496/1380 1738/497/2150
f 1738/497/1968 1827/496/1380 1822/498/1969
f 1738/497/2151 1822/498/1383 1737/499/1384
f 1737/499/1970 1822/498/1383 1817/500/1971
f 1737/499/2152 1817/500/1387 1736/451/1388
f 1736/451/1388 1817/500/1387 1812/452/1390
f 1736/451/1391 1812/452/2153 1735/453/897
f 1735/453/1393 1812/452/1673 1807/454/1395
f 1735/453/1396 1807/454/2154 1734/455/1399
f 1734/455/1402 1807/454/1400 1802/456/1974
f 1734/455/1398 1802/456/1405 1733/457/895
f 1733/457/1404 1802/456/1403 1797/458/2155
f 1733/457/2156 1797/458/1408 1732/459/894
f 1732/459/1409 1797/458/1411 1792/460/2157
f 1732/459/1977 1792/460/1416 1731/461/1415
f 1731/461/368 1792/460/1413 1787/462/1698
f 1731/461/1415 1787/462/1698 1730/463/1419
f 1730/463/889 1787/462/1417 1782/464/1979
f 1730/463/1980 1782/464/1981 1729/465/1423
f 1729/465/1 1782/464/1981 1777/466/1430
f 1729/465/1423 1777/466/1430 1728/467/1982
f 1728/467/1429 1777/466/1430 1772/468/1431
f 1728/467/1983 1772/468/2158 1727/469/1434
f 1727/469/1434 1772/468/1435 1767/470/1437
f 1727/469/1434 1767/470/1437 1726/471/1438
f 1726/471/1438 1767/470/1437 1762/472/1985
f 1726/471/1986 1762/472/1442 1725/473/1443
f 1725/473/1989 1762/472/1442 1757/474/1444
f 1725/473/2159 1757/474/1446 1724/475/879
f 1724/475/1447 1757/474/1448 1752/476/1990
f 1646/525/1590 1866/526/2160 1623/527/1590
f 1623/527/1590 1866/526/1596 1751/528/1593
f 1623/529/1590 1751/530/1594 1624/531/1590
f 1624/531/1590 1751/530/1593 1756/532/1591
f 1624/531/1590 1756/532/2161 1625/533/1590
f 1625/533/1590 1756/532/1591 1761/534/1585
f 1625/533/1992 1761/534/2162 1626/535/1590
f 1626/535/1992 1761/534/1585 1766/536/1583
f 1626/535/1994 1766/536/1584 1627/537/1590
f 1627/537/1992 1766/536/1993 1771/538/1995
f 1627/537/1994 1771/538/1996 1628/539/1994
f 1628/539/1994 1771/538/1581 1776/540/1997
f 1628/539/1994 1776/540/1997 1629/541/1994
f 1629/541/1994 1776/540/1998 1781/542/1999
f 1629/541/1994 1781/542/2000 1630/543/1994
f 1630/543/1994 1781/542/2000 1786/544/2001
f 1630/543/1994 1786/544/2163 1631/545/1994
f 1631/545/1994 1786/544/2001 1791/546/1459
f 1631/545/2005 1791/546/2164 1632/547/2005
f 1632/547/1994 1791/546/1459 1796/548/1458
f 1632/547/1450 1796/548/2165 1633/549/1450
f 1633/549/2005 1796/548/1458 1801/550/1455
f 1633/549/1450 1801/550/1451 1634/501/1450
f 1634/501/1450 1801/550/1455 1806/502/1620
f 1634/501/1450 1806/502/2137 1635/503/1450
f 1635/503/1450 1806/502/1620 1811/504/1618
f 1635/503/1450 1811/504/1618 1636/505/1450
f 1636/505/1450 1811/504/1618 1816/506/1615
f 1636/505/1450 1816/506/1615 1637/507/1450
f 1637/507/1450 1816/506/1615 1821/508/1614
f 1637/507/1610 1821/508/2009 1638/509/1450
f 1638/509/1450 1821/508/1614 1826/510/1611
f 1638/509/1601 1826/510/1611 1639/511/1610
f 1639/511/1601 1826/510/2010 1831/512/2166
f 1639/511/1601 1831/512/2012 1640/513/1601
f 1640/513/1601 1831/512/1609 1836/514/1608
f 1640/513/1601 1836/514/1608 1641/515/1601
f 1641/515/1601 1836/514/2013 1841/516/1606
f 1641/515/1601 1841/516/2015 1642/517/1601
f 1642/517/1601 1841/516/1606 1846/518/1605
f 1642/517/1601 1846/518/1604 1643/519/1601
f 1643/519/1601 1846/518/2016 1851/520/1602
f 1643/519/1590 1851/520/2017 1644/521/1590
f 1644/521/1603 1851/520/2018 1856/522/2019
f 1644/521/1590 1856/522/1600 1645/523/1603
f 1645/523/1590 1856/522/1600 1861/524/1597
f 1645/523/1590 1861/524/1597 1646/525/1590
f 1646/525/1590 1861/524/1597 1866/526/1596
f 1747/480/1621 1748/551/2021 1862/482/1623
f 1862/482/1623 1748/551/1624 1863/552/1625
f 1862/482/1626 1863/552/1629 1857/484/1628
f 1857/484/1628 1863/552/1629 1858/553/1630
f 1857/484/1631 1858/553/1632 1852/486/2024
f 1852/486/1633 1858/553/1634 1853/554/1635
f 1852/486/1633 1853/554/1638 1847/488/1637
f 1847/488/1637 1853/554/1636 1848/555/1639
f 1847/488/1640 1848/555/1643 1842/490/1642
f 1842/490/1642 1848/555/2025 1843/556/1733
f 1842/490/1645 1843/556/2027 1837/492/1647
f 1837/492/1647 1843/556/1646 1838/557/1652
f 1837/492/1945 1838/557/1650 1832/494/1651
f 1832/494/1651 1838/557/1650 1833/558/2167
f 1832/494/1654 1833/558/1655 1827/496/1656
f 1827/496/1656 1833/558/2029 1828/559/2030
f 1827/496/1659 1828/559/1658 1822/498/2168
f 1822/498/1665 1828/559/1660 1823/560/1666
f 1822/498/1665 1823/560/1757 1817/500/1667
f 1817/500/1667 1823/560/2031 1818/561/2032
f 1817/500/1670 1818/561/1674 1812/452/1672
f 1812/452/2169 1818/561/1674 1813/562/1675
f 1812/452/1676 1813/562/1677 1807/454/1678
f 1807/454/2034 1813/562/1677 1808/563/2035
f 1807/454/1678 1808/563/2170 1802/456/1682
f 1802/456/1682 1808/563/2170 1803/564/1684
f 1802/456/2171 1803/564/2037 1797/458/2155
f 1797/458/1687 1803/564/1686 1798/565/2038
f 1797/458/1691 1798/565/1694 1792/460/2039
f 1792/460/1693 1798/565/1692 1793/566/1695
f 1792/460/2041 1793/566/1699 1787/462/1697
f 1787/462/1697 1793/566/1695 1788/567/1700
f 1787/462/1701 1788/567/1704 1782/464/2043
f 1782/464/1703 1788/567/1792 1783/568/2044
f 1782/464/1706 1783/568/2045 1777/466/1708
f 1777/466/1709 1783/568/1707 1778/569/1710
f 1777/466/1708 1778/569/2046 1772/468/2047
f 1772/468/1712 1778/569/2048 1773/570/1477
f 1772/468/2049 1773/570/1479 1767/470/2172
f 1767/470/1480 1773/570/1496 1768/571/1498
f 1767/470/1501 1768/571/1817 1762/472/2050
f 1762/472/2173 1768/571/2051 1763/572/2174
f 1762/472/1816 1763/572/1814 1757/474/1815
f 1757/474/1815 1763/572/1814 1758/573/1813
f 1757/474/2053 1758/573/1810 1752/476/1811
f 1752/476/1811 1758/573/1810 1753/574/1807
f 1752/476/1806 1753/574/1805 1747/478/1335
f 1747/478/1803 1753/574/2175 1748/575/1802
f 1748/551/2057 1749/576/2058 1863/552/1716
f 1863/552/1715 1749/576/2176 1864/577/1718
f 1863/552/2060 1864/577/2061 1858/553/1720
f 1858/553/2023 1864/577/1719 1859/578/2177
f 1858/553/2178 1859/578/1724 1853/554/2062
f 1853/554/1725 1859/578/1724 1854/579/2063
f 1853/554/1728 1854/579/2064 1848/555/2065
f 1848/555/1643 1854/579/1729 1849/580/1731
f 1848/555/1732 1849/580/2066 1843/556/1733
f 1843/556/1733 1849/580/1735 1844/581/2179
f 1843/556/1734 1844/581/1738 1838/557/1740
f 1838/557/2069 1844/581/1736 1839/582/2070
f 1838/557/1743 1839/582/1744 1833/558/1745
f 1833/558/1745 1839/582/1747 1834/583/1748
f 1833/558/2029 1834/583/2071 1828/559/1750
f 1828/559/2072 1834/583/1751 1829/584/1849
f 1828/559/2180 1829/584/1754 1823/560/2073
f 1823/560/2073 1829/584/1752 1824/585/1756
f 1823/560/2075 1824/585/1758 1818/561/2076
f 1818/561/1760 1824/585/1761 1819/586/1762
f 1818/561/1759 1819/586/2181 1813/562/1764
f 1813/562/1764 1819/586/1763 1814/587/2078
f 1813/562/1767 1814/587/1768 1808/563/1769
f 1808/563/1770 1814/587/1768 1809/588/1775
f 1808/563/2081 1809/588/1775 1803/564/2082
f 1803/564/1774 1809/588/2182 1804/589/2084
f 1803/564/1777 1804/589/2085 1798/565/1779
f 1798/565/2086 1804/589/2085 1799/590/1782
f 1798/565/2086 1799/590/1787 1793/566/1786
f 1793/566/1786 1799/590/1787 1794/591/2087
f 1793/566/2183 1794/591/1793 1788/567/2088
f 1788/567/1791 1794/591/1793 1789/592/1794
f 1788/567/1795 1789/592/1794 1783/568/2089
f 1783/568/1797 1789/592/1798 1784/593/2091
f 1783/568/1799 1784/593/1471 1778/569/1801
f 1778/569/1801 1784/593/1800 1779/594/2092
f 1778/569/2184 1779/594/2185 1773/570/1495
f 1773/570/1495 1779/594/1493 1774/595/2095
f 1773/570/2186 1774/595/1497 1768/571/1914
f 1768/571/2096 1774/595/2097 1769/596/1911
f 1768/571/2096 1769/596/1911 1763/572/1910
f 1763/572/1910 1769/596/2187 1764/597/2099
f 1763/572/1908 1764/597/2188 1758/573/2189
f 1758/573/2100 1764/597/2188 1759/598/1903
f 1758/573/1902 1759/598/1900 1753/574/1901
f 1753/574/1807 1759/598/1903 1754/599/2103
f 1753/574/1897 1754/599/1895 1748/575/1896
f 1748/575/1893 1754/599/1894 1749/600/1818
f 1749/576/1818 1750/601/1819 1864/577/2104
f 1864/577/1820 1750/601/1821 1865/602/1822
f 1864/577/1823 1865/602/1824 1859/578/1825
f 1859/578/1723 1865/602/1824 1860/603/1826
f 1859/578/1825 1860/603/2190 1854/579/1830
f 1854/579/2191 1860/603/1828 1855/604/1832
f 1854/579/2192 1855/604/1832 1849/580/1836
f 1849/580/1835 1855/604/1832 1850/605/2193
f 1849/580/2107 1850/605/1838 1844/581/1839
f 1844/581/2068 1850/605/1838 1845/606/1840
f 1844/581/2108 1845/606/1842 1839/582/1742
f 1839/582/2194 1845/606/1842 1840/607/1843
f 1839/582/2109 1840/607/1844 1834/583/1845
f 1834/583/1845 1840/607/1843 1835/608/2195
f 1834/583/2196 1835/608/1848 1829/584/1850
f 1829/584/2111 1835/608/1847 1830/609/1851
f 1829/584/2112 1830/609/1856 1824/585/1855
f 1824/585/1854 1830/609/1856 1825/610/1857
f 1824/585/1858 1825/610/1857 1819/586/1859
f 1819/586/2197 1825/610/1857 1820/611/1860
f 1819/586/1861 1820/611/1862 1814/587/1863
f 1814/587/1864 1820/611/1862 1815/612/1865
f 1814/587/2113 1815/612/1869 1809/588/2114
f 1809/588/2114 1815/612/1867 1810/613/1875
f 1809/588/2114 1810/613/1875 1804/589/1873
f 1804/589/2116 1810/613/1875 1805/614/1876
f 1804/589/1874 1805/614/1878 1799/590/1782
f 1799/590/1879 1805/614/1878 1800/615/2198
f 1799/590/2117 1800/615/2118 1794/591/1883
f 1794/591/1884 1800/615/2118 1795/616/1889
f 1794/591/1790 1795/616/1889 1789/592/2119
f 1789/592/1888 1795/616/1889 1790/617/1890
f 1789/592/1891 1790/617/1465 1784/593/2120
f 1784/593/1467 1790/617/1465 1785/618/1466
f 1784/593/1468 1785/618/2199 1779/594/1491
f 1779/594/1491 1785/618/1469 1780/619/1490
f 1779/594/2122 1780/619/1490 1774/595/2123
f 1774/595/1492 1780/619/1489 1775/620/1505
f 1774/595/1938 1775/620/1936 1769/596/1935
f 1769/596/1935 1775/620/1505 1770/621/1934
f 1769/596/2125 1770/621/2126 1764/597/1905
f 1764/597/1931 1770/621/1932 1765/622/1928
f 1764/597/1930 1765/622/1928 1759/598/1926
f 1759/598/1929 1765/622/1928 1760/623/2128
f 1759/598/1924 1760/623/2200 1754/599/1923
f 1754/599/2103 1760/623/1922 1755/624/2201
f 1754/599/2202 1755/624/1917 1749/600/2203
f 1749/600/1818 1755/624/1916 1750/625/1821
f 1750/601/1526 1751/528/1527 1865/602/1528
f 1865/602/1528 1751/528/1527 1866/526/1529
f 1865/602/1528 1866/526/2204 1860/603/1534
f 1860/603/1534 1866/526/1529 1861/524/1533
f 1860/603/2205 1861/524/1535 1855/604/1536
f 1855/604/1536 1861/524/1535 1856/522/1537
f 1855/604/1536 1856/522/1538 1850/605/1540
f 1850/605/1540 1856/522/1538 1851/520/1542
f 1850/605/1540 1851/520/1544 1845/606/1545
f 1845/606/1545 1851/520/1544 1846/518/2016
f 1845/606/1545 1846/518/1546 1840/607/1549
f 1840/607/1549 1846/518/1546 1841/516/1550
f 1840/607/1549 1841/516/1550 1835/608/1551
f 1835/608/1551 1841/516/1550 1836/514/1552
f 1835/608/1551 1836/514/1552 1830/609/1553
f 1830/609/1554 1836/514/2014 1831/512/1555
f 1830/609/1556 1831/512/1557 1825/610/1558
f 1825/610/1558 1831/512/1557 1826/510/1559
f 1825/610/1558 1826/510/1560 1820/611/1561
f 1820/611/1562 1826/510/1560 1821/508/1563
f 1820/611/2134 1821/508/2206 1815/612/1565
f 1815/612/1565 1821/508/1564 1816/506/1566
f 1815/612/1565 1816/506/1566 1810/613/1567
f 1810/613/1567 1816/506/1566 1811/504/1568
f 1810/613/1567 1811/504/1568 1805/614/1569
f 1805/614/1569 1811/504/1568 1806/502/1570
f 1805/614/1569 1806/502/1570 1800/615/1572
f 1800/615/2207 1806/502/2137 1801/550/1573
f 1800/615/1574 1801/550/1575 1795/616/1576
f 1795/616/1576 1801/550/1575 1796/548/1577
f 1795/616/1576 1796/548/1460 1790/617/1578
f 1790/617/1462 1796/548/2138 1791/546/1461
f 1790/617/2139 1791/546/1463 1785/618/1464
f 1785/618/1464 1791/546/1463 1786/544/2140
f 1785/618/2141 1786/544/2140 1780/619/2142
f 1780/619/2143 1786/544/2140 1781/542/2144
f 1780/619/2143 1781/542/2144 1775/620/1508
f 1775/620/1508 1781/542/2144 1776/540/2145
f 1775/620/1508 1776/540/2146 1770/621/1509
f 1770/621/2208 1776/540/2145 1771/538/1511
f 1770/621/2209 1771/538/1513 1765/622/1514
f 1765/622/1514 1771/538/1513 1766/536/1515
f 1765/622/1514 1766/536/1516 1760/623/1517
f 1760/623/1517 1766/536/1519 1761/534/1520
f 1760/623/1517 1761/534/1522 1755/624/1523
f 1755/624/1523 1761/534/1522 1756/532/1525
f 1755/624/1523 1756/532/1525 1750/625/1526
f 1750/625/1526 1756/532/1525 1751/530/1527
f 1868/939/331 1724/940/331 1867/941/877
f 1867/941/877 1724/940/878 1723/942/877
f 1867/943/327 1723/944/327 1890/945/1188
f 1890/945/1188 1723/944/327 1746/946/1188
f 1890/945/914 1746/946/914 1889/947/913
f 1889/947/913 1746/946/914 1745/948/913
f 1889/947/439 1745/948/439 1888/949/1198
f 1888/949/1198 1745/948/439 1744/950/1198
f 1888/949/911 1744/950/911 1887/951/910
f 1887/951/910 1744/950/911 1743/952/910
f 1887/951/909 1743/952/909 1886/953/908
f 1886/953/908 1743/952/909 1742/954/908
f 1886/953/1080 1742/954/1080 1885/955/906
f 1885/955/906 1742/954/1080 1741/956/906
f 1885/955/904 1741/956/904 1884/957/1079
f 1884/957/1079 1741/956/904 1740/958/1079
f 1884/957/415 1740/958/415 1883/959/413
f 1883/959/413 1740/958/415 1739/960/413
f 1883/959/410 1739/960/410 1882/961/1196
f 1882/961/1196 1739/960/410 1738/962/1196
f 1882/961/901 1738/962/901 1881/963/900
f 1881/963/900 1738/962/901 1737/964/900
f 1881/963/400 1737/964/400 1880/965/899
f 1880/965/899 1737/964/400 1736/966/899
f 1880/965/1078 1736/966/1078 1879/967/897
f 1879/967/897 1736/966/1078 1735/968/897
f 1879/967/207 1735/968/207 1878/969/1195
f 1878/969/896 1735/968/207 1734/970/896
f 1878/969/384 1734/970/384 1877/971/895
f 1877/971/895 1734/970/384 1733/972/895
f 1877/971/1194 1733/972/1194 1876/973/894
f 1876/973/929 1733/972/378 1732/974/929
f 1876/973/929 1732/974/929 1875/975/891
f 1875/975/368 1732/974/893 1731/976/368
f 1875/975/368 1731/976/368 1874/977/889
f 1874/977/889 1731/976/890 1730/978/889
f 1874/977/1193 1730/978/1193 1873/979/888
f 1873/979/1 1730/978/1192 1729/980/1
f 1873/979/1 1729/980/1 1872/981/1191
f 1872/981/1190 1729/980/357 1728/982/1190
f 1872/981/885 1728/982/885 1871/983/884
f 1871/983/886 1728/982/2147 1727/984/886
f 1871/983/886 1727/984/886 1870/985/882
f 1870/985/1189 1727/984/883 1726/986/1189
f 1870/985/1189 1726/986/1189 1869/987/880
f 1869/987/1085 1726/986/1086 1725/988/1085
f 1869/987/338 1725/988/338 1868/939/879
f 1868/939/879 1725/988/338 1724/940/879
f 1892/697/1954 1920/698/1990 1891/699/877
f 1891/699/877 1920/698/1334 1915/700/1335
f 1891/701/1336 1915/702/1337 1914/703/876
f 1914/703/1338 1915/702/1339 2030/704/1958
f 1914/703/1341 2030/704/1342 1913/705/1343
f 1913/705/1343 2030/704/1342 2025/706/1959
f 1913/705/2210 2025/706/1350 1912/707/1352
f 1912/707/1352 2025/706/1350 2020/708/1351
f 1912/707/1352 2020/708/1355 1911/709/910
f 1911/709/1962 2020/708/1355 2015/710/2211
f 1911/709/2212 2015/710/1358 1910/711/1359
f 1910/711/1359 2015/710/1358 2010/712/1360
f 1910/711/1361 2010/712/1362 1909/713/1363
f 1909/713/906 2010/712/1964 2005/714/2213
f 1909/713/1366 2005/714/1367 1908/715/905
f 1908/715/1368 2005/714/2214 2000/716/2215
f 1908/715/1371 2000/716/2216 1907/717/1373
f 1907/717/1373 2000/716/1375 1995/718/2217
f 1907/717/1377 1995/718/1380 1906/719/1379
f 1906/719/404 1995/718/2218 1990/720/1969
f 1906/719/2150 1990/720/1383 1905/721/1970
f 1905/721/1970 1990/720/1383 1985/722/1386
f 1905/721/1972 1985/722/1387 1904/675/1388
f 1904/675/1388 1985/722/1387 1980/676/2219
f 1904/675/1391 1980/676/1673 1903/453/897
f 1903/453/2220 1980/676/1394 1975/454/2221
f 1903/453/1396 1975/454/1400 1902/677/1402
f 1902/677/1398 1975/454/1397 1970/678/2222
f 1902/677/1975 1970/678/1403 1901/679/1404
f 1901/679/1404 1970/678/1403 1965/680/2223
f 1901/679/1407 1965/680/1411 1900/681/1409
f 1900/681/2224 1965/680/1408 1960/682/1412
f 1900/681/1409 1960/682/1413 1899/683/368
f 1899/683/1414 1960/682/1978 1955/684/1698
f 1899/683/2225 1955/684/2226 1898/685/1419
f 1898/685/1419 1955/684/1418 1950/686/2227
f 1898/685/2228 1950/686/2227 1897/687/1424
f 1897/687/1424 1950/686/2227 1945/688/1425
f 1897/687/1423 1945/688/1430 1896/689/1982
f 1896/689/1428 1945/688/1427 1940/690/1432
f 1896/689/1983 1940/690/2158 1895/691/1327
f 1895/691/1433 1940/690/1432 1935/692/2229
f 1895/691/1434 1935/692/1436 1894/693/1189
f 1894/693/1984 1935/692/1437 1930/694/1985
f 1894/693/1986 1930/694/1442 1893/695/1443
f 1893/695/1443 1930/694/1442 1925/696/1444
f 1893/695/1445 1925/696/1448 1892/697/879
f 1892/697/1447 1925/696/1448 1920/698/2054
f 1698/745/1590 2034/746/1991 1675/747/1590
f 1675/747/1590 2034/746/1596 1919/748/1593
f 1675/749/1590 1919/750/1594 1676/751/1590
f 1676/751/1590 1919/750/1593 1924/752/1591
f 1676/751/1590 1924/752/2161 1677/753/1590
f 1677/753/1590 1924/752/1591 1929/754/1585
f 1677/753/1992 1929/754/1585 1678/755/1590
f 1678/755/1992 1929/754/2230 1934/756/2231
f 1678/755/1994 1934/756/1583 1679/757/1994
f 1679/757/1994 1934/756/1583 1939/758/1581
f 1679/757/1994 1939/758/1581 1680/759/1994
f 1680/759/1994 1939/758/1581 1944/760/2232
f 1680/759/1994 1944/760/2232 1681/761/1994
f 1681/761/1994 1944/760/1998 1949/762/1999
f 1681/761/1994 1949/762/2000 1682/763/1994
f 1682/763/1994 1949/762/2000 1954/764/2163
f 1682/763/1994 1954/764/2002 1683/765/1994
f 1683/765/1994 1954/764/2163 1959/766/1459
f 1683/765/1994 1959/766/1459 1684/767/1994
f 1684/767/1994 1959/766/2004 1964/768/2006
f 1684/767/1450 1964/768/1458 1685/769/1450
f 1685/769/1450 1964/768/2006 1969/770/1451
f 1685/769/1450 1969/770/1455 1686/723/1450
f 1686/723/1450 1969/770/2233 1974/724/2007
f 1686/723/1450 1974/724/2137 1687/503/1450
f 1687/503/1450 1974/724/1620 1979/504/1618
f 1687/503/1450 1979/504/1618 1688/725/1450
f 1688/725/1450 1979/504/1618 1984/726/1615
f 1688/725/1450 1984/726/1615 1689/727/1450
f 1689/727/1450 1984/726/1616 1989/728/2234
f 1689/727/1610 1989/728/1613 1690/729/1450
f 1690/729/1450 1989/728/1614 1994/730/1611
f 1690/729/1601 1994/730/1611 1691/731/1601
f 1691/731/1601 1994/730/1611 1999/732/2166
f 1691/731/1601 1999/732/1609 1692/733/1601
f 1692/733/1601 1999/732/2011 2004/734/2013
f 1692/733/1601 2004/734/2014 1693/735/1601
f 1693/735/1601 2004/734/1607 2009/736/1606
f 1693/735/1601 2009/736/2015 1694/737/1601
f 1694/737/1601 2009/736/2015 2014/738/1604
f 1694/737/1601 2014/738/2235 1695/739/1601
f 1695/739/1601 2014/738/1604 2019/740/1602
f 1695/739/1590 2019/740/2017 1696/741/1601
f 1696/741/1601 2019/740/1602 2024/742/1600
f 1696/741/1590 2024/742/2236 1697/743/1590
f 1697/743/1590 2024/742/2019 2029/744/2237
f 1697/743/1590 2029/744/1598 1698/745/1590
f 1698/745/1590 2029/744/2237 2034/746/1595
f 1915/702/1621 1916/771/1622 2030/704/1623
f 2030/704/1626 1916/771/1622 2031/772/2022
f 2030/704/2238 2031/772/1627 2025/706/1628
f 2025/706/1628 2031/772/1629 2026/773/2023
f 2025/706/1631 2026/773/1632 2020/708/2239
f 2020/708/1633 2026/773/1634 2021/774/1635
f 2020/708/1633 2021/774/1638 2015/710/1637
f 2015/710/1637 2021/774/2240 2016/775/1639
f 2015/710/1640 2016/775/2025 2010/712/2026
f 2010/712/2026 2016/775/1643 2011/776/1644
f 2010/712/1645 2011/776/2027 2005/714/1647
f 2005/714/1945 2011/776/1646 2006/777/1648
f 2005/714/1945 2006/777/1652 2000/716/1654
f 2000/716/1651 2006/777/2241 2001/778/1653
f 2000/716/2242 2001/778/1655 1995/718/1656
f 1995/718/1656 2001/778/1655 1996/779/2030
f 1995/718/1659 1996/779/1663 1990/720/1665
f 1990/720/1661 1996/779/1660 1991/780/1666
f 1990/720/1665 1991/780/1666 1985/722/1667
f 1985/722/1667 1991/780/1757 1986/781/2032
f 1985/722/1670 1986/781/1674 1980/676/1672
f 1980/676/1672 1986/781/1674 1981/782/1675
f 1980/676/1676 1981/782/1677 1975/454/2034
f 1975/454/2034 1981/782/1677 1976/563/2243
f 1975/454/1680 1976/563/2170 1970/678/1682
f 1970/678/1974 1976/563/2170 1971/783/1684
f 1970/678/1685 1971/783/1686 1965/680/1687
f 1965/680/1687 1971/783/2037 1966/784/1690
f 1965/680/1691 1966/784/1692 1960/682/2040
f 1960/682/1693 1966/784/1694 1961/785/1696
f 1960/682/1693 1961/785/2244 1955/684/1697
f 1955/684/1697 1961/785/2183 1956/786/1700
f 1955/684/1701 1956/786/1704 1950/686/1703
f 1950/686/1703 1956/786/1704 1951/787/1705
f 1950/686/2043 1951/787/1707 1945/688/1709
f 1945/688/1708 1951/787/1707 1946/788/1710
f 1945/688/2245 1946/788/2048 1940/690/1712
f 1940/690/1712 1946/788/1476 1941/789/2246
f 1940/690/1478 1941/789/1479 1935/692/1480
f 1935/692/1480 1941/789/1479 1936/790/1500
f 1935/692/1501 1936/790/1817 1930/694/1502
f 1930/694/1816 1936/790/1817 1931/791/2052
f 1930/694/1816 1931/791/1814 1925/696/1815
f 1925/696/1815 1931/791/2247 1926/792/1813
f 1925/696/2053 1926/792/1810 1920/698/1811
f 1920/698/1811 1926/792/1810 1921/793/2248
f 1920/698/1806 1921/793/1805 1915/700/1803
f 1915/700/2020 1921/793/1805 1916/794/2056
f 1916/771/1713 1917/795/1714 2031/772/1716
f 2031/772/1715 1917/795/2176 2032/796/2059
f 2031/772/1629 2032/796/1719 2026/773/2023
f 2026/773/2249 2032/796/1722 2027/797/1723
f 2026/773/1721 2027/797/1724 2021/774/2062
f 2021/774/2062 2027/797/1724 2022/798/1727
f 2021/774/1728 2022/798/1729 2016/775/2065
f 2016/775/1643 2022/798/1729 2017/799/1731
f 2016/775/1732 2017/799/1735 2011/776/1733
f 2011/776/2067 2017/799/1735 2012/800/2068
f 2011/776/1734 2012/800/1738 2006/777/2069
f 2006/777/2069 2012/800/1738 2007/801/2250
f 2006/777/1743 2007/801/2251 2001/778/1745
f 2001/778/1745 2007/801/2251 2002/802/1748
f 2001/778/2252 2002/802/1845 1996/779/1749
f 1996/779/2180 2002/802/1751 1997/803/1849
f 1996/779/2180 1997/803/1752 1991/780/2073
f 1991/780/1755 1997/803/1752 1992/804/1756
f 1991/780/2075 1992/804/1758 1986/781/2076
f 1986/781/2076 1992/804/1761 1987/805/1762
f 1986/781/2077 1987/805/1763 1981/782/1765
f 1981/782/1764 1987/805/2253 1982/806/1766
f 1981/782/2079 1982/806/1768 1976/563/1770
f 1976/563/2035 1982/806/1768 1977/588/1775
f 1976/563/2081 1977/588/1775 1971/783/2082
f 1971/783/1774 1977/588/1773 1972/807/1776
f 1971/783/1686 1972/807/1778 1966/784/2038
f 1966/784/1780 1972/807/1781 1967/808/2254
f 1966/784/1783 1967/808/1787 1961/785/1785
f 1961/785/1785 1967/808/1784 1962/809/1788
f 1961/785/1789 1962/809/1793 1956/786/1791
f 1956/786/1795 1962/809/1793 1957/810/1794
f 1956/786/2255 1957/810/1891 1951/787/1797
f 1951/787/1797 1957/810/1891 1952/811/2091
f 1951/787/1799 1952/811/1800 1946/788/1801
f 1946/788/1473 1952/811/1471 1947/812/1491
f 1946/788/1473 1947/812/1472 1941/789/1495
f 1941/789/1495 1947/812/2256 1942/813/2095
f 1941/789/2186 1942/813/1497 1936/790/2257
f 1936/790/1914 1942/813/2258 1937/814/1913
f 1936/790/1498 1937/814/1911 1931/791/2259
f 1931/791/2259 1937/814/1911 1932/815/1909
f 1931/791/1908 1932/815/2188 1926/792/1904
f 1926/792/1902 1932/815/2188 1927/816/1903
f 1926/792/1907 1927/816/1900 1921/793/1807
f 1921/793/1901 1927/816/1900 1922/817/2103
f 1921/793/1897 1922/817/1894 1916/794/1893
f 1916/794/1802 1922/817/1895 1917/818/2260
f 1917/795/2261 1918/819/2130 2032/796/2262
f 2032/796/1820 1918/819/1821 2033/820/1822
f 2032/796/1820 2033/820/1824 2027/797/1723
f 2027/797/1825 2033/820/1824 2028/821/1826
f 2027/797/1827 2028/821/1831 2022/798/1829
f 2022/798/2191 2028/821/1828 2023/822/2263
f 2022/798/1833 2023/822/1832 2017/799/1835
f 2017/799/1836 2023/822/1832 2018/823/2193
f 2017/799/2107 2018/823/1838 2012/800/2264
f 2012/800/1736 2018/823/1838 2013/824/1842
f 2012/800/1736 2013/824/1842 2007/801/1742
f 2007/801/2109 2013/824/1842 2008/825/1952
f 2007/801/1742 2008/825/1952 2002/802/1845
f 2002/802/1845 2008/825/1843 2003/826/1847
f 2002/802/1845 2003/826/1848 1997/803/1849
f 1997/803/1850 2003/826/1848 1998/827/1851
f 1997/803/2112 1998/827/1856 1992/804/1855
f 1992/804/1855 1998/827/1853 1993/828/1857
f 1992/804/1858 1993/828/1857 1987/805/1859
f 1987/805/1859 1993/828/1857 1988/829/1860
f 1987/805/1861 1988/829/1862 1982/806/1863
f 1982/806/2113 1988/829/1862 1983/830/1865
f 1982/806/2113 1983/830/1867 1977/588/2114
f 1977/588/2265 1983/830/1867 1978/613/1875
f 1977/588/2265 1978/613/1875 1972/807/2116
f 1972/807/1873 1978/613/2266 1973/831/1876
f 1972/807/1874 1973/831/1876 1967/808/1879
f 1967/808/1879 1973/831/1878 1968/832/1880
f 1967/808/1881 1968/832/2118 1962/809/1884
f 1962/809/1883 1968/832/1882 1963/833/1889
f 1962/809/1886 1963/833/1889 1957/810/2119
f 1957/810/1888 1963/833/1889 1958/834/1890
f 1957/810/2267 1958/834/1465 1952/811/1468
f 1952/811/2121 1958/834/1465 1953/835/1466
f 1952/811/1468 1953/835/1469 1947/812/1491
f 1947/812/1491 1953/835/1469 1948/836/1489
f 1947/812/2185 1948/836/1939 1942/813/1938
f 1942/813/2123 1948/836/1490 1943/837/1505
f 1942/813/1938 1943/837/1936 1937/814/1913
f 1937/814/1913 1943/837/1936 1938/838/1934
f 1937/814/2125 1938/838/2126 1932/815/2268
f 1932/815/2268 1938/838/1932 1933/839/2269
f 1932/815/1905 1933/839/1928 1927/816/1926
f 1927/816/1926 1933/839/1928 1928/840/2128
f 1927/816/1924 1928/840/1922 1922/817/1921
f 1922/817/2129 1928/840/1922 1923/841/1920
f 1922/817/2129 1923/841/1917 1917/818/1818
f 1917/818/2261 1923/841/1917 1918/842/2130
f 1918/819/1526 1919/748/1527 2033/820/1528
f 2033/820/1528 1919/748/1527 2034/746/1529
f 2033/820/1528 2034/746/1529 2028/821/1531
f 2028/821/1531 2034/746/1529 2029/744/1533
f 2028/821/2205 2029/744/1535 2023/822/1536
f 2023/822/1536 2029/744/1533 2024/742/1537
f 2023/822/1536 2024/742/1538 2018/823/1540
f 2018/823/1539 2024/742/1538 2019/740/1542
f 2018/823/1543 2019/740/1544 2013/824/1545
f 2013/824/1545 2019/740/1544 2014/738/2016
f 2013/824/1545 2014/738/1546 2008/825/1549
f 2008/825/1549 2014/738/1546 2009/736/1550
f 2008/825/1548 2009/736/1550 2003/826/1551
f 2003/826/1551 2009/736/1550 2004/734/1552
f 2003/826/1551 2004/734/1552 1998/827/1553
f 1998/827/1554 2004/734/1552 1999/732/1555
f 1998/827/1553 1999/732/1557 1993/828/1558
f 1993/828/1558 1999/732/1557 1994/730/1559
f 1993/828/1558 1994/730/1560 1988/829/1561
f 1988/829/1562 1994/730/2133 1989/728/1563
f 1988/829/1561 1989/728/1564 1983/830/1565
f 1983/830/1565 1989/728/1564 1984/726/1566
f 1983/830/1565 1984/726/1566 1978/613/2270
f 1978/613/1567 1984/726/1566 1979/504/1568
f 1978/613/1567 1979/504/1568 1973/831/1569
f 1973/831/1569 1979/504/1568 1974/724/1570
f 1973/831/1569 1974/724/1570 1968/832/1571
f 1968/832/1571 1974/724/1570 1969/770/1573
f 1968/832/1574 1969/770/1575 1963/833/1576
f 1963/833/1576 1969/770/1575 1964/768/1577
f 1963/833/1576 1964/768/2138 1958/834/1578
f 1958/834/1578 1964/768/1460 1959/766/1461
f 1958/834/2139 1959/766/1483 1953/835/1464
f 1953/835/1464 1959/766/1463 1954/764/2140
f 1953/835/1464 1954/764/2140 1948/836/2143
f 1948/836/2143 1954/764/2140 1949/762/2144
f 1948/836/2143 1949/762/2144 1943/837/1508
f 1943/837/1508 1949/762/2144 1944/760/2145
f 1943/837/1508 1944/760/2232 1938/838/1509
f 1938/838/1512 1944/760/2232 1939/758/1511
f 1938/838/2209 1939/758/1513 1933/839/1514
f 1933/839/1514 1939/758/1513 1934/756/1515
f 1933/839/1514 1934/756/1516 1928/840/1517
f 1928/840/1518 1934/756/1516 1929/754/1520
f 1928/840/1521 1929/754/1522 1923/841/1523
f 1923/841/1523 1929/754/1522 1924/752/1524
f 1923/841/1523 1924/752/1525 1918/842/1526
f 1918/842/1526 1924/752/1525 1919/750/1527
f 2036/989/1076 1892/990/1076 2035/991/877
f 2035/991/877 1892/990/1076 1891/992/877
f 2035/993/327 1891/994/327 2058/995/1075
f 2058/995/1075 1891/994/327 1914/996/1075
f 2058/995/914 1914/996/914 2057/997/913
f 2057/997/913 1914/996/914 1913/998/913
f 2057/997/439 1913/998/439 2056/999/912
f 2056/999/912 1913/998/439 1912/1000/912
f 2056/999/1081 1912/1000/1081 2055/1001/910
f 2055/1001/910 1912/1000/1081 1911/1002/910
f 2055/1001/909 1911/1002/909 2054/1003/908
f 2054/1003/908 1911/1002/909 1910/1004/908
f 2054/1003/1080 1910/1004/1080 2053/1005/906
f 2053/1005/906 1910/1004/1080 1909/1006/906
f 2053/1005/904 1909/1006/904 2052/1007/1079
f 2052/1007/1079 1909/1006/904 1908/1008/1079
f 2052/1007/415 1908/1008/415 2051/1009/413
f 2051/1009/413 1908/1008/415 1907/1010/413
f 2051/1009/410 1907/1010/410 2050/943/902
f 2050/943/902 1907/1010/410 1906/944/902
f 2050/943/901 1906/944/901 2049/951/900
f 2049/951/900 1906/944/901 1905/952/900
f 2049/951/400 1905/952/400 2048/959/899
f 2048/959/899 1905/952/400 1904/960/899
f 2048/959/1078 1904/960/1078 2047/967/897
f 2047/967/897 1904/960/1078 1903/968/897
f 2047/967/207 1903/968/207 2046/975/896
f 2046/975/896 1903/968/207 1902/976/896
f 2046/975/384 1902/976/384 2045/983/895
f 2045/983/895 1902/976/384 1901/984/895
f 2045/983/378 1901/984/378 2044/941/894
f 2044/941/894 1901/984/378 1900/942/894
f 2044/941/893 1900/942/893 2043/1011/891
f 2043/1011/891 1900/942/892 1899/1012/891
f 2043/1011/890 1899/1012/890 2042/1013/889
f 2042/1013/889 1899/1012/890 1898/1014/889
f 2042/1013/361 1898/1014/361 2041/1015/888
f 2041/1015/888 1898/1014/361 1897/1016/888
f 2041/1015/357 1897/1016/357 2040/1017/887
f 2040/1017/887 1897/1016/357 1896/1018/887
f 2040/1017/885 1896/1018/885 2039/1019/884
f 2039/1019/884 1896/1018/885 1895/1020/884
f 2039/1019/883 1895/1020/883 2038/1021/1077
f 2038/1021/1077 1895/1020/883 1894/1022/1077
f 2038/1021/881 1894/1022/881 2037/1023/880
f 2037/1023/880 1894/1022/881 1893/1024/880
f 2037/1023/338 1893/1024/338 2036/989/879
f 2036/989/879 1893/1024/338 1892/990/879
f 2060/475/1954 2088/476/1334 2059/477/877
f 2059/477/1333 2088/476/1334 2083/478/1335
f 2059/479/1336 2083/480/1337 2082/481/876
f 2082/481/1338 2083/480/1339 2198/482/1958
f 2082/481/1341 2198/482/2271 2081/483/1343
f 2081/483/913 2198/482/1345 2193/484/2148
f 2081/483/2210 2193/484/1350 2080/485/1960
f 2080/485/1198 2193/484/1348 2188/486/1351
f 2080/485/1961 2188/486/1355 2079/487/1354
f 2079/487/1354 2188/486/1355 2183/488/2211
f 2079/487/1962 2183/488/1358 2078/489/1359
f 2078/489/1359 2183/488/1358 2178/490/1362
f 2078/489/1361 2178/490/2272 2077/491/1363
f 2077/491/906 2178/490/1964 2173/492/2213
f 2077/491/1947 2173/492/1946 2076/493/1965
f 2076/493/1368 2173/492/2214 2168/494/1372
f 2076/493/1368 2168/494/2216 2075/495/1373
f 2075/495/413 2168/494/1375 2163/496/1967
f 2075/495/1377 2163/496/2218 2074/497/1968
f 2074/497/1379 2163/496/1380 2158/498/1969
f 2074/497/2151 2158/498/1383 2073/499/1384
f 2073/499/900 2158/498/1385 2153/500/1386
f 2073/499/1972 2153/500/1387 2072/451/1388
f 2072/451/899 2153/500/1389 2148/452/2219
f 2072/451/1391 2148/452/1673 2071/453/1393
f 2071/453/897 2148/452/1394 2143/454/1395
f 2071/453/1396 2143/454/2154 2070/455/1399
f 2070/455/1399 2143/454/1400 2138/456/2171
f 2070/455/1975 2138/456/1405 2069/457/895
f 2069/457/1953 2138/456/1405 2133/458/1406
f 2069/457/1407 2133/458/1411 2068/459/1976
f 2068/459/1410 2133/458/1411 2128/460/1412
f 2068/459/2273 2128/460/1978 2067/461/1414
f 2067/461/368 2128/460/1978 2123/462/1417
f 2067/461/1415 2123/462/2274 2066/463/1419
f 2066/463/889 2123/462/2274 2118/464/1420
f 2066/463/1421 2118/464/1981 2065/465/1423
f 2065/465/888 2118/464/2275 2113/466/1425
f 2065/465/1423 2113/466/2276 2064/467/1982
f 2064/467/1429 2113/466/1430 2108/468/1431
f 2064/467/1983 2108/468/1435 2063/469/2277
f 2063/469/2277 2108/468/1435 2103/470/2229
f 2063/469/1434 2103/470/1437 2062/471/1438
f 2062/471/1984 2103/470/1437 2098/472/1985
f 2062/471/1441 2098/472/1442 2061/473/880
f 2061/473/1989 2098/472/1442 2093/474/1988
f 2061/473/2159 2093/474/1448 2060/475/1447
f 2060/475/1447 2093/474/1448 2088/476/2054
f 1670/525/1590 2202/526/2160 1647/527/1590
f 1647/527/1590 2202/526/1596 2087/528/1593
f 1647/529/1590 2087/530/1593 1648/531/1590
f 1648/531/1590 2087/530/1593 2092/532/1591
f 1648/531/1590 2092/532/2161 1649/533/1590
f 1649/533/1590 2092/532/1591 2097/534/1585
f 1649/533/1994 2097/534/1585 1650/535/1590
f 1650/535/1992 2097/534/2230 2102/536/2231
f 1650/535/1994 2102/536/1583 1651/537/1992
f 1651/537/1589 2102/536/1583 2107/538/1581
f 1651/537/1994 2107/538/1996 1652/539/1994
f 1652/539/1994 2107/538/1581 2112/540/2232
f 1652/539/1994 2112/540/1997 1653/541/1994
f 1653/541/1994 2112/540/1997 2117/542/1999
f 1653/541/1994 2117/542/2000 1654/543/1994
f 1654/543/1994 2117/542/1999 2122/544/2002
f 1654/543/1994 2122/544/2163 1655/545/1994
f 1655/545/1994 2122/544/2001 2127/546/1459
f 1655/545/1450 2127/546/2004 1656/547/1994
f 1656/547/1994 2127/546/1459 2132/548/1458
f 1656/547/1450 2132/548/1458 1657/549/2005
f 1657/549/1994 2132/548/1458 2137/550/1455
f 1657/549/1450 2137/550/1455 1658/501/1450
f 1658/501/1450 2137/550/1455 2142/502/1620
f 1658/501/1450 2142/502/2008 1659/503/1450
f 1659/503/1450 2142/502/1620 2147/504/1618
f 1659/503/1450 2147/504/1618 1660/505/1450
f 1660/505/1450 2147/504/1618 2152/506/1615
f 1660/505/1450 2152/506/1615 1661/507/1450
f 1661/507/1450 2152/506/1616 2157/508/1613
f 1661/507/1610 2157/508/1614 1662/509/1450
f 1662/509/1610 2157/508/1614 2162/510/1611
f 1662/509/1601 2162/510/1611 1663/511/1589
f 1663/511/1601 2162/510/1611 2167/512/1609
f 1663/511/1601 2167/512/2012 1664/513/1601
f 1664/513/1601 2167/512/1609 2172/514/1608
f 1664/513/1601 2172/514/1608 1665/515/1601
f 1665/515/1601 2172/514/2013 2177/516/1606
f 1665/515/1601 2177/516/2015 1666/517/1601
f 1666/517/1601 2177/516/1606 2182/518/1605
f 1666/517/1601 2182/518/1604 1667/519/1601
f 1667/519/1601 2182/518/2016 2187/520/1602
f 1667/519/1601 2187/520/1602 1668/521/1601
f 1668/521/1601 2187/520/1602 2192/522/1600
f 1668/521/1590 2192/522/2236 1669/523/1590
f 1669/523/1601 2192/522/1600 2197/524/1597
f 1669/523/1590 2197/524/1597 1670/525/1590
f 1670/525/1590 2197/524/1597 2202/526/1596
f 2083/480/1621 2084/551/1622 2198/482/1623
f 2198/482/1626 2084/551/1624 2199/552/1625
f 2198/482/1626 2199/552/1627 2193/484/2278
f 2193/484/1628 2199/552/1629 2194/553/1630
f 2193/484/1631 2194/553/1632 2188/486/1633
f 2188/486/1633 2194/553/1634 2189/554/1638
f 2188/486/1633 2189/554/1638 2183/488/1637
f 2183/488/1637 2189/554/2240 2184/555/1643
f 2183/488/1640 2184/555/2025 2178/490/2026
f 2178/490/1642 2184/555/2025 2179/556/1644
f 2178/490/2026 2179/556/1646 2173/492/1647
f 2173/492/1945 2179/556/2027 2174/557/1648
f 2173/492/1945 2174/557/1652 2168/494/1651
f 2168/494/1654 2174/557/1650 2169/558/1653
f 2168/494/2242 2169/558/1655 2163/496/1376
f 2163/496/1656 2169/558/1655 2164/559/2279
f 2163/496/1659 2164/559/1660 2158/498/1665
f 2158/498/1662 2164/559/1660 2159/560/1664
f 2158/498/1665 2159/560/1666 2153/500/1667
f 2153/500/1667 2159/560/1668 2154/561/1669
f 2153/500/1670 2154/561/2280 2148/452/2169
f 2148/452/1673 2154/561/1674 2149/562/1675
f 2148/452/2169 2149/562/2033 2143/454/2034
f 2143/454/2034 2149/562/1677 2144/563/2243
f 2143/454/1678 2144/563/1681 2138/456/1682
f 2138/456/1682 2144/563/2170 2139/564/1684
f 2138/456/2281 2139/564/2037 2133/458/1687
f 2133/458/1687 2139/564/1686 2134/565/1690
f 2133/458/1691 2134/565/1694 2128/460/1693
f 2128/460/2040 2134/565/1694 2129/566/2282
f 2128/460/1693 2129/566/1695 2123/462/1697
f 2123/462/1697 2129/566/2042 2124/567/1700
f 2123/462/1701 2124/567/1704 2118/464/1703
f 2118/464/1703 2124/567/1704 2119/568/1705
f 2118/464/1706 2119/568/1707 2113/466/1709
f 2113/466/1709 2119/568/2283 2114/569/1711
f 2113/466/1708 2114/569/2046 2108/468/1712
f 2108/468/1478 2114/569/2048 2109/570/1477
f 2108/468/1478 2109/570/1479 2103/470/1480
f 2103/470/1480 2109/570/1479 2104/571/1500
f 2103/470/1501 2104/571/1817 2098/472/2284
f 2098/472/1502 2104/571/2051 2099/572/1814
f 2098/472/1816 2099/572/1814 2093/474/1815
f 2093/474/1444 2099/572/1814 2094/573/1813
f 2093/474/2053 2094/573/1810 2088/476/1811
f 2088/476/1808 2094/573/1810 2089/574/2248
f 2088/476/1806 2089/574/1805 2083/478/1803
f 2083/478/1956 2089/574/1805 2084/575/2056
f 2084/551/1624 2085/576/2058 2199/552/1715
f 2199/552/1716 2085/576/2176 2200/577/2059
f 2199/552/2285 2200/577/1722 2194/553/2249
f 2194/553/1720 2200/577/1719 2195/578/1723
f 2194/553/1721 2195/578/1724 2189/554/1725
f 2189/554/1725 2195/578/1724 2190/579/2063
f 2189/554/2240 2190/579/2191 2184/555/2065
f 2184/555/2065 2190/579/1729 2185/580/1731
f 2184/555/2286 2185/580/2287 2179/556/2067
f 2179/556/2067 2185/580/1735 2180/581/2068
f 2179/556/1737 2180/581/2288 2174/557/2028
f 2174/557/2069 2180/581/1736 2175/582/2070
f 2174/557/1743 2175/582/1744 2169/558/1745
f 2169/558/1746 2175/582/1744 2170/583/2289
f 2169/558/2252 2170/583/2071 2164/559/1749
f 2164/559/1749 2170/583/1751 2165/584/2290
f 2164/559/1750 2165/584/1754 2159/560/2073
f 2159/560/1755 2165/584/1752 2160/585/1756
f 2159/560/2075 2160/585/1758 2154/561/2076
f 2154/561/1760 2160/585/1761 2155/586/1762
f 2154/561/2291 2155/586/1763 2149/562/2292
f 2149/562/1764 2155/586/1763 2150/587/1766
f 2149/562/1767 2150/587/1768 2144/563/1769
f 2144/563/1770 2150/587/1768 2145/588/1775
f 2144/563/2081 2145/588/1775 2139/564/2082
f 2139/564/1774 2145/588/1773 2140/589/1776
f 2139/564/1774 2140/589/1778 2134/565/1779
f 2134/565/2086 2140/589/2085 2135/590/1782
f 2134/565/2086 2135/590/1787 2129/566/1786
f 2129/566/1786 2135/590/1787 2130/591/2087
f 2129/566/1789 2130/591/1793 2124/567/1791
f 2124/567/1795 2130/591/1793 2125/592/1794
f 2124/567/1795 2125/592/1891 2119/568/2089
f 2119/568/1797 2125/592/1891 2120/593/1892
f 2119/568/2283 2120/593/1800 2114/569/1801
f 2114/569/1473 2120/593/1471 2115/594/1472
f 2114/569/1473 2115/594/1474 2109/570/1475
f 2109/570/2094 2115/594/2185 2110/595/1494
f 2109/570/2186 2110/595/2097 2104/571/2096
f 2104/571/1498 2110/595/2258 2105/596/1913
f 2104/571/1912 2105/596/2187 2099/572/1910
f 2099/572/1910 2105/596/1911 2100/597/1909
f 2099/572/1908 2100/597/1905 2094/573/2100
f 2094/573/1907 2100/597/1906 2095/598/2101
f 2094/573/1902 2095/598/1900 2089/574/1901
f 2089/574/1807 2095/598/1900 2090/599/1898
f 2089/574/1897 2090/599/1894 2084/575/2057
f 2084/575/1896 2090/599/1894 2085/600/1818
f 2085/576/1818 2086/601/1819 2200/577/2104
f 2200/577/1820 2086/601/1821 2201/602/2105
f 2200/577/1820 2201/602/2105 2195/578/1723
f 2195/578/1723 2201/602/1824 2196/603/1826
f 2195/578/1827 2196/603/1831 2190/579/1830
f 2190/579/1829 2196/603/1828 2191/604/1832
f 2190/579/1833 2191/604/1834 2185/580/2107
f 2185/580/1835 2191/604/1832 2186/605/1837
f 2185/580/1735 2186/605/1838 2180/581/1839
f 2180/581/2068 2186/605/1838 2181/606/1840
f 2180/581/1736 2181/606/1841 2175/582/1742
f 2175/582/1944 2181/606/1842 2176/607/1843
f 2175/582/1742 2176/607/1844 2170/583/1845
f 2170/583/1845 2176/607/1843 2171/608/1847
f 2170/583/1845 2171/608/1848 2165/584/1849
f 2165/584/1849 2171/608/1848 2166/609/1851
f 2165/584/1850 2166/609/1853 2160/585/1855
f 2160/585/1855 2166/609/1856 2161/610/1857
f 2160/585/1854 2161/610/2293 2155/586/2197
f 2155/586/2197 2161/610/1857 2156/611/1860
f 2155/586/1861 2156/611/1862 2150/587/1863
f 2150/587/2113 2156/611/1862 2151/612/1865
f 2150/587/1866 2151/612/1867 2145/588/2114
f 2145/588/2115 2151/612/1867 2146/613/1875
f 2145/588/1871 2146/613/1872 2140/589/1873
f 2140/589/1874 2146/613/2266 2141/614/1876
f 2140/589/1874 2141/614/1878 2135/590/1879
f 2135/590/1879 2141/614/1878 2136/615/1880
f 2135/590/1881 2136/615/1882 2130/591/1883
f 2130/591/1883 2136/615/2118 2131/616/1889
f 2130/591/1790 2131/616/1887 2125/592/2119
f 2125/592/1888 2131/616/1889 2126/617/1890
f 2125/592/2267 2126/617/1465 2120/593/1468
f 2120/593/1892 2126/617/1465 2121/618/1466
f 2120/593/1468 2121/618/1469 2115/594/1491
f 2115/594/1491 2121/618/1469 2116/619/1489
f 2115/594/1491 2116/619/1489 2110/595/1492
f 2110/595/1938 2116/619/1490 2111/620/1505
f 2110/595/2097 2111/620/1936 2105/596/1913
f 2105/596/2124 2111/620/1505 2106/621/1934
f 2105/596/2125 2106/621/2126 2100/597/1931
f 2100/597/2268 2106/621/1934 2101/622/2269
f 2100/597/1930 2101/622/1928 2095/598/1929
f 2095/598/1926 2101/622/1928 2096/623/2128
f 2095/598/1900 2096/623/1922 2090/599/2129
f 2090/599/1921 2096/623/1922 2091/624/1920
f 2090/599/2129 2091/624/1917 2085/600/1818
f 2085/600/1918 2091/624/1917 2086/625/2130
f 2086/601/1526 2087/528/1527 2201/602/1528
f 2201/602/1528 2087/528/1527 2202/526/1529
f 2201/602/1528 2202/526/1529 2196/603/1534
f 2196/603/1531 2202/526/1529 2197/524/1533
f 2196/603/1534 2197/524/1535 2191/604/2294
f 2191/604/1536 2197/524/1535 2192/522/1537
f 2191/604/1536 2192/522/1538 2186/605/1539
f 2186/605/1540 2192/522/1541 2187/520/1542
f 2186/605/1543 2187/520/1544 2181/606/1545
f 2181/606/1545 2187/520/1544 2182/518/2295
f 2181/606/2132 2182/518/1546 2176/607/1549
f 2176/607/1549 2182/518/1546 2177/516/1550
f 2176/607/2296 2177/516/2297 2171/608/1551
f 2171/608/2298 2177/516/1550 2172/514/1552
f 2171/608/1551 2172/514/2014 2166/609/1553
f 2166/609/1554 2172/514/1552 2167/512/1555
f 2166/609/1556 2167/512/1557 2161/610/1558
f 2161/610/1558 2167/512/1557 2162/510/1559
f 2161/610/1558 2162/510/1560 2156/611/1561
f 2156/611/1561 2162/510/1560 2157/508/1563
f 2156/611/1561 2157/508/1564 2151/612/1565
f 2151/612/1565 2157/508/1564 2152/506/1566
f 2151/612/1565 2152/506/1566 2146/613/1567
f 2146/613/1567 2152/506/1566 2147/504/1568
f 2146/613/1567 2147/504/1568 2141/614/1569
f 2141/614/1569 2147/504/1568 2142/502/1570
f 2141/614/1569 2142/502/2299 2136/615/1571
f 2136/615/1572 2142/502/1570 2137/550/1573
f 2136/615/1571 2137/550/1575 2131/616/1576
f 2131/616/1576 2137/550/1573 2132/548/1577
f 2131/616/1576 2132/548/1460 2126/617/1578
f 2126/617/1462 2132/548/1460 2127/546/1461
f 2126/617/1462 2127/546/1463 2121/618/1464
f 2121/618/1464 2127/546/1463 2122/544/2001
f 2121/618/1464 2122/544/2140 2116/619/2142
f 2116/619/2143 2122/544/2140 2117/542/2144
f 2116/619/2143 2117/542/2144 2111/620/1508
f 2111/620/1508 2117/542/2144 2112/540/2145
f 2111/620/1508 2112/540/2145 2106/621/1509
f 2106/621/1512 2112/540/2145 2107/538/1511
f 2106/621/2209 2107/538/1513 2101/622/1514
f 2101/622/1514 2107/538/1513 2102/536/1515
f 2101/622/1514 2102/536/1516 2096/623/1518
f 2096/623/1518 2102/536/1519 2097/534/1520
f 2096/623/1517 2097/534/1522 2091/624/1523
f 2091/624/1523 2097/534/1522 2092/532/1524
f 2091/624/1523 2092/532/1525 2086/625/1526
f 2086/625/1526 2092/532/1525 2087/530/1527
f 2204/939/878 2060/940/878 2203/941/877
f 2203/941/877 2060/940/878 2059/942/877
f 2203/943/327 2059/944/327 2226/945/876
f 2226/945/1188 2059/944/327 2082/946/1188
f 2226/945/914 2082/946/914 2225/947/913
f 2225/947/913 2082/946/914 2081/948/913
f 2225/947/439 2081/948/439 2224/949/912
f 2224/949/912 2081/948/439 2080/950/912
f 2224/949/911 2080/950/911 2223/951/910
f 2223/951/910 2080/950/911 2079/952/910
f 2223/951/909 2079/952/909 2222/953/908
f 2222/953/908 2079/952/909 2078/954/908
f 2222/953/1080 2078/954/1080 2221/955/906
f 2221/955/906 2078/954/1080 2077/956/906
f 2221/955/904 2077/956/904 2220/957/1079
f 2220/957/1079 2077/956/904 2076/958/1079
f 2220/957/415 2076/958/415 2219/959/413
f 2219/959/413 2076/958/415 2075/960/413
f 2219/959/410 2075/960/410 2218/961/902
f 2218/961/902 2075/960/410 2074/962/902
f 2218/961/901 2074/962/901 2217/963/900
f 2217/963/900 2074/962/901 2073/964/900
f 2217/963/400 2073/964/400 2216/965/899
f 2216/965/899 2073/964/400 2072/966/899
f 2216/965/898 2072/966/898 2215/967/897
f 2215/967/897 2072/966/898 2071/968/897
f 2215/967/207 2071/968/207 2214/969/896
f 2214/969/896 2071/968/207 2070/970/896
f 2214/969/384 2070/970/384 2213/971/895
f 2213/971/895 2070/970/384 2069/972/895
f 2213/971/378 2069/972/378 2212/973/894
f 2212/973/894 2069/972/378 2068/974/894
f 2212/973/893 2068/974/893 2211/975/368
f 2211/975/891 2068/974/892 2067/976/891
f 2211/975/890 2067/976/890 2210/977/889
f 2210/977/889 2067/976/890 2066/978/889
f 2210/977/1193 2066/978/1193 2209/979/888
f 2209/979/1 2066/978/1192 2065/980/888
f 2209/979/357 2065/980/1 2208/981/1191
f 2208/981/1190 2065/980/357 2064/982/1190
f 2208/981/885 2064/982/885 2207/983/884
f 2207/983/884 2064/982/885 2063/984/884
f 2207/983/883 2063/984/883 2206/985/882
f 2206/985/882 2063/984/883 2062/986/882
f 2206/985/881 2062/986/881 2205/987/880
f 2205/987/880 2062/986/881 2061/988/880
f 2205/987/338 2061/988/338 2204/939/879
f 2204/939/879 2061/988/338 2060/940/879
f 2235/222/2300 2227/223/2300 2234/224/2301
f 2234/224/2302 2227/223/2303 2228/225/2302
f 2234/224/2301 2228/225/2301 2233/226/2304
f 2233/226/2304 2228/225/2301 2229/227/2304
f 2233/226/2305 2229/227/2305 2232/228/2306
f 2232/228/2307 2229/227/2308 2230/229/2307
f 2232/228/2309 2230/229/2309 2231/230/2310
f 1674/1025/1994 1673/1026/1994 2253/1027/2311
f 2253/1027/2312 1673/1026/1994 2255/1028/2000
f 2253/1027/2313 2255/1028/2000 2252/1029/2314
f 2252/1029/2315 2255/1028/2144 2254/1030/2143
f 2252/1029/2315 2254/1030/1489 2251/1031/2316
f 2251/1031/2317 2254/1030/1490 2256/1032/2318
f 2251/1031/2317 2256/1032/1491 2250/1033/1491
f 2250/1033/1491 2256/1032/1491 2249/1034/2319
f 2249/1034/2320 2256/1032/1474 2257/1035/1473
f 2249/1034/2321 2257/1035/1711 2248/1036/2322
f 2248/1036/2323 2257/1035/2046 2258/1037/1708
f 2248/1036/2324 2258/1037/1430 2247/1038/2325
f 2247/1038/2326 2258/1037/2276 2246/1039/2327
f 2246/1039/2327 2258/1037/1430 2243/1040/2327
f 2246/1039/2327 2243/1040/2327 2245/1041/1
f 2245/1041/1 2243/1040/2327 2244/1042/1
f 1673/1026/1994 2236/1043/2311 2255/1028/2328
f 2255/1028/2000 2236/1043/2313 2237/1044/2314
f 2255/1028/2144 2237/1044/2329 2254/1030/1489
f 2254/1030/1489 2237/1044/2315 2238/1045/2316
f 2254/1030/1490 2238/1045/2317 2256/1032/2318
f 2256/1032/2122 2238/1045/2317 2239/1046/2122
f 2256/1032/1472 2239/1046/1491 2240/1047/2319
f 2256/1032/1474 2240/1047/2320 2257/1035/1473
f 2257/1035/1711 2240/1047/2321 2241/1048/2322
f 2257/1035/2046 2241/1048/2323 2258/1037/1708
f 2258/1037/1430 2241/1048/2324 2242/1049/2325
f 2258/1037/2276 2242/1049/2326 2243/1040/2327
f 1673/1050/1590 1672/1051/1590 2236/1052/2330
f 2236/1052/2331 1672/1051/1590 2265/1053/1592
f 2236/1052/2332 2265/1053/1593 2237/1054/2333
f 2237/1054/2334 2265/1053/1527 2266/1055/1526
f 2237/1054/2335 2266/1055/2130 2238/1056/2336
f 2238/1056/2337 2266/1055/1821 2267/1057/2203
f 2238/1056/2338 2267/1057/1818 2239/1058/2261
f 2239/1058/2058 2267/1057/2058 2240/1059/2339
f 2240/1059/2340 2267/1057/2341 2268/1060/2057
f 2240/1059/2342 2268/1060/1802 2241/1061/2343
f 2241/1061/2343 2268/1060/2021 2269/1062/2020
f 2241/1061/2344 2269/1062/2020 2242/1063/2345
f 2242/1063/2346 2269/1062/1956 2243/1064/2347
f 2243/1064/2347 2269/1062/2348 2244/1065/63
f 2244/1065/2349 2269/1062/2350 2264/1066/2349
f 2264/1066/2349 2269/1062/2350 2263/1067/2350
f 2263/1067/2020 2269/1062/2020 2262/1068/2021
f 2262/1068/2021 2269/1062/2020 2268/1060/2021
f 2262/1068/2057 2268/1060/2057 2261/1069/2058
f 2261/1069/2058 2268/1060/2057 2267/1057/2058
f 2261/1069/2261 2267/1057/2261 2260/1070/1821
f 2260/1070/1821 2267/1057/2261 2266/1055/1821
f 2260/1070/1526 2266/1055/1526 2259/1071/1527
f 2259/1071/1527 2266/1055/2351 2265/1053/1527
f 2259/1071/1592 2265/1053/1592 1672/1051/1590
f 2245/1072/2220 2270/1073/2220 2246/1074/2352
f 2246/1074/2353 2270/1073/2354 2276/1075/2154
f 2246/1074/2355 2276/1075/2154 2247/1076/2356
f 2247/1076/2356 2276/1075/2154 2248/1077/2357
f 2248/1077/2358 2276/1075/1678 2277/1078/1679
f 2248/1077/2358 2277/1078/2035 2249/1079/2359
f 2249/1079/2360 2277/1078/2081 2278/1080/2083
f 2249/1079/2361 2278/1080/1775 2250/1081/1775
f 2250/1081/2362 2278/1080/2362 2251/1082/2363
f 2251/1082/2364 2278/1080/2362 2279/1083/2266
f 2251/1082/2365 2279/1083/2266 2252/1084/2366
f 2252/1084/2366 2279/1083/1567 2280/1085/1568
f 2252/1084/2366 2280/1085/1618 2253/1086/2367
f 2253/1086/2368 2280/1085/1618 1674/1087/1450
f 1674/1087/1450 2280/1085/1619 1671/1088/1450
f 1671/1088/1450 2280/1085/1619 2275/1089/1619
f 2275/1089/1568 2280/1085/1568 2274/1090/2369
f 2274/1090/1567 2280/1085/1568 2279/1083/1567
f 2274/1090/1875 2279/1083/1875 2273/1091/2265
f 2273/1091/2265 2279/1083/1875 2278/1080/2265
f 2273/1091/1775 2278/1080/1775 2272/1092/2081
f 2272/1092/2081 2278/1080/1775 2277/1078/2081
f 2272/1092/1679 2277/1078/1679 2271/1093/1678
f 2271/1093/1678 2277/1078/1679 2276/1075/1678
f 2271/1093/2154 2276/1075/2154 2270/1073/2354
f 276/1094/453 2297/919/464 143/1095/2370
f 143/1095/208 2297/919/2371 2302/922/823
f 143/1095/211 2302/922/736 2296/1096/2372
f 2296/1096/2373 2302/922/2374 2305/1097/2375
f 2296/1096/2373 2305/1097/2375 2295/1098/2376
f 2295/1098/2376 2305/1097/2375 2294/1099/2377
f 2294/1099/2377 2305/1097/2378 2308/926/1142
f 2294/1099/2377 2308/926/1215 2293/1100/2379
f 2293/1100/2380 2308/926/2381 2311/928/518
f 2293/1100/2380 2311/928/518 2292/1101/2382
f 2292/1101/2383 2311/928/1244 2291/1102/2384
f 2291/1102/2385 2311/928/2386 2290/929/1099
f 2290/929/1100 2311/928/1101 2310/1103/1101
f 2290/929/1100 2310/1103/1101 2288/1104/2387
f 2288/1104/2388 2310/1103/1244 2309/906/1244
f 2288/1104/2388 2309/906/1244 2287/1105/2389
f 2287/1105/2390 2309/906/1244 2286/1106/2391
f 2286/1106/2392 2309/906/2393 2306/909/1117
f 2286/1106/2394 2306/909/1215 2285/1107/2395
f 2285/1107/2396 2306/909/2397 2303/1108/2398
f 2285/1107/2399 2303/1108/2398 2284/1109/735
f 2284/1109/735 2303/1108/2400 2283/1110/2401
f 2283/1110/2402 2303/1108/2403 2300/913/737
f 2283/1110/2404 2300/913/736 2282/1111/2405
f 2282/1111/2405 2300/913/2406 2299/915/824
f 2282/1111/2407 2299/915/464 2281/1112/2408
f 2281/1112/2409 2299/915/1282 275/1113/250
f 275/1113/453 2299/915/463 2298/917/463
f 275/1113/453 2298/917/463 276/1094/453
f 276/1094/453 2298/917/463 2297/919/463
f 2288/1104/2388 2289/905/1099 2290/929/1099
f 2296/1096/2410 135/1114/211 143/1095/211
f 2297/919/824 2298/917/824 2302/922/823
f 2302/922/823 2298/917/824 2301/936/823
f 2302/922/737 2301/936/737 2304/1115/2411
f 2304/1115/2412 2301/936/737 2303/1108/2413
f 2304/1115/2414 2303/1108/2415 2306/909/1142
f 2298/917/824 2299/915/824 2301/936/823
f 2301/936/823 2299/915/824 2300/913/823
f 2301/936/737 2300/913/737 2303/1108/2413
f 2305/1097/2375 2302/922/737 2304/1115/2412
f 2305/1097/2416 2304/1115/2414 2307/934/1142
f 2307/934/1142 2304/1115/2414 2306/909/1142
f 2307/934/1117 2306/909/1117 2310/1103/518
f 2310/1103/518 2306/909/1117 2309/906/518
f 2311/928/518 2308/926/1117 2307/934/1117
f 2307/934/1142 2308/926/1142 2305/1097/2416
f 2311/928/518 2307/934/1117 2310/1103/518
f 2328/1116/1282 283/1117/453 2329/1118/963
f 2329/1118/963 283/1117/453 282/1119/453
f 2329/1118/963 282/1119/453 2334/1120/459
f 2334/1120/2417 282/1119/453 281/1121/453
f 2334/1120/459 281/1121/453 2339/1122/458
f 2339/1122/458 281/1121/453 280/1123/453
f 2339/1122/458 280/1123/250 2344/1124/452
f 2344/1124/452 280/1123/321 279/1125/321
f 2344/1124/452 279/1125/321 2349/1126/451
f 2349/1126/451 279/1125/321 278/1127/321
f 2349/1126/451 278/1127/321 2312/1128/318
f 2312/1128/318 278/1127/321 277/1129/321
f 2312/1128/316 2313/1130/315 2349/1126/842
f 2349/1126/842 2313/1130/315 2350/1131/841
f 2349/1126/1181 2350/1131/841 2344/1124/840
f 2344/1124/2418 2350/1131/841 2345/1132/1064
f 2344/1124/839 2345/1132/837 2339/1122/836
f 2339/1122/1180 2345/1132/837 2340/1133/834
f 2339/1122/835 2340/1133/834 2334/1120/833
f 2334/1120/833 2340/1133/834 2335/1134/832
f 2334/1120/831 2335/1134/828 2329/1118/461
f 2329/1118/830 2335/1134/829 2330/1135/826
f 2329/1118/830 2330/1135/826 2328/1116/824
f 2328/1116/824 2330/1135/826 2327/1136/2419
f 2327/1136/2420 2330/1135/740 2331/1137/1163
f 2327/1136/737 2331/1137/738 2326/1138/735
f 2326/1138/735 2331/1137/1011 2332/1139/636
f 2326/1138/1009 2332/1139/1222 2325/1140/1142
f 2325/1140/2421 2332/1139/1119 2333/1141/524
f 2325/1140/1117 2333/1141/524 2324/1142/518
f 2324/1142/423 2333/1141/426 2322/1143/1102
f 2324/1142/423 2322/1143/425 2323/1144/1100
f 2313/1130/2422 2314/1145/2423 2350/1131/758
f 2350/1131/1052 2314/1145/305 2351/1146/757
f 2350/1131/756 2351/1146/755 2345/1132/753
f 2345/1132/753 2351/1146/1017 2346/1147/655
f 2345/1132/1051 2346/1147/749 2340/1133/747
f 2340/1133/747 2346/1147/749 2341/1148/1229
f 2340/1133/747 2341/1148/1049 2335/1134/744
f 2335/1134/746 2341/1148/1049 2336/1149/743
f 2335/1134/742 2336/1149/1228 2330/1135/741
f 2330/1135/2424 2336/1149/641 2331/1137/738
f 2314/1145/305 2315/1150/1018 2351/1146/757
f 2351/1146/661 2315/1150/1018 2352/1151/660
f 2351/1146/659 2352/1151/657 2346/1147/655
f 2346/1147/2425 2352/1151/656 2347/1152/1295
f 2346/1147/653 2347/1152/650 2341/1148/649
f 2341/1148/1016 2347/1152/982 2342/1153/648
f 2341/1148/1015 2342/1153/644 2336/1149/646
f 2336/1149/646 2342/1153/644 2337/1154/2426
f 2336/1149/2427 2337/1154/639 2331/1137/638
f 2331/1137/640 2337/1154/639 2332/1139/1012
f 2315/1150/297 2316/1155/916 2352/1151/545
f 2352/1151/545 2316/1155/324 2353/1156/544
f 2352/1151/543 2353/1156/540 2347/1152/539
f 2347/1152/982 2353/1156/541 2348/1157/538
f 2347/1152/1288 2348/1157/441 2342/1153/1218
f 2342/1153/535 2348/1157/536 2343/1158/534
f 2342/1153/2428 2343/1158/533 2337/1154/1216
f 2337/1154/1216 2343/1158/534 2338/1159/531
f 2337/1154/530 2338/1159/529 2332/1139/528
f 2332/1139/526 2338/1159/2429 2333/1141/979
f 2316/1155/290 2317/1160/327 2353/1156/328
f 2353/1156/326 2317/1160/1082 2318/1161/325
f 2353/1156/2430 2318/1161/914 2348/1157/443
f 2348/1157/443 2318/1161/444 2319/1162/442
f 2348/1157/2431 2319/1162/440 2343/1158/438
f 2343/1158/438 2319/1162/440 2320/1163/435
f 2343/1158/1247 2320/1163/955 2338/1159/956
f 2338/1159/434 2320/1163/1105 2321/1164/954
f 2338/1159/1104 2321/1164/954 2333/1141/428
f 2333/1141/431 2321/1164/909 2322/1143/427
f 2290/648/63 2317/1165/63 2291/1166/2432
f 2291/1166/2433 2317/1165/289 2316/1167/291
f 2291/1166/2433 2316/1167/291 2292/1168/2434
f 2292/1168/2434 2316/1167/296 2293/1169/2435
f 2293/1169/2436 2316/1167/2437 2315/1170/297
f 2293/1169/2436 2315/1170/298 2294/1171/2438
f 2294/1171/2438 2315/1170/301 2314/1172/304
f 2294/1171/2438 2314/1172/304 2295/1173/2439
f 2295/1173/2439 2314/1172/305 2296/1174/2440
f 2296/1174/2440 2314/1172/306 2313/1175/310
f 2296/1174/2440 2313/1175/312 135/1176/2441
f 135/1176/2442 2313/1175/2443 2312/1177/316
f 135/1176/2442 2312/1177/318 136/1178/2444
f 136/1178/2445 2312/1177/318 137/1179/2446
f 137/1179/2446 2312/1177/322 277/1180/321
f 137/1179/2446 277/1180/321 138/1181/2447
f 138/1181/2447 277/1180/250 276/1182/250
f 138/1181/2447 276/1182/250 139/1183/250
f 139/1183/250 276/1182/250 140/1184/2448
f 140/1184/2448 276/1182/253 141/1185/2449
f 141/1185/2450 276/1182/218 142/1186/2451
f 142/1186/2452 276/1182/2453 143/1187/2454
f 1608/1094/1601 2370/919/2015 2235/1095/2455
f 2235/1095/2300 2370/919/2456 2375/922/1549
f 2235/1095/2303 2375/922/1952 2369/1096/2457
f 2369/1096/2458 2375/922/2459 2378/1097/2460
f 2369/1096/2458 2378/1097/2461 2368/1098/2462
f 2368/1098/2462 2378/1097/2463 2367/1099/2464
f 2367/1099/2464 2378/1097/2465 2381/926/1740
f 2367/1099/2464 2381/926/2028 2366/1100/2466
f 2366/1100/2467 2381/926/2468 2384/928/1945
f 2366/1100/2466 2384/928/1945 2365/1101/2469
f 2365/1101/2470 2384/928/1365 2364/1102/2471
f 2364/1102/2472 2384/928/2473 2363/929/1099
f 2363/929/1947 2384/928/1946 2383/1103/1946
f 2363/929/1947 2383/1103/1946 2361/1104/2474
f 2361/1104/2475 2383/1103/1365 2382/906/1365
f 2361/1104/2475 2382/906/1946 2360/1105/2476
f 2360/1105/2477 2382/906/1365 2359/1106/2478
f 2359/1106/2479 2382/906/2480 2379/909/1652
f 2359/1106/2481 2379/909/2028 2358/1107/2482
f 2358/1107/2483 2379/909/2484 2376/1108/2485
f 2358/1107/2486 2376/1108/2485 2357/1109/1742
f 2357/1109/2109 2376/1108/2487 2356/1110/2488
f 2356/1110/2489 2376/1108/2490 2373/913/1843
f 2356/1110/2491 2373/913/1952 2355/1111/2492
f 2355/1111/2493 2373/913/2494 2372/915/1550
f 2355/1111/2495 2372/915/2015 2354/1112/2496
f 2354/1112/2497 2372/915/1943 1607/1113/1601
f 1607/1113/1601 2372/915/1943 2371/917/1943
f 1607/1113/1601 2371/917/2015 1608/1094/1601
f 1608/1094/1601 2371/917/1943 2370/919/1943
f 2361/1104/2475 2362/905/1099 2363/929/1099
f 2369/1096/2498 2227/1114/2303 2235/1095/2303
f 2370/919/1550 2371/917/1550 2375/922/1549
f 2375/922/1549 2371/917/1550 2374/936/1549
f 2375/922/1952 2374/936/1843 2377/1115/2499
f 2377/1115/2500 2374/936/1843 2376/1108/2501
f 2377/1115/2502 2376/1108/2487 2379/909/1740
f 2371/917/1550 2372/915/1550 2374/936/1549
f 2374/936/1549 2372/915/1550 2373/913/1549
f 2374/936/1952 2373/913/1952 2376/1108/2503
f 2378/1097/2461 2375/922/1843 2377/1115/2500
f 2378/1097/2504 2377/1115/2505 2380/934/1740
f 2380/934/1740 2377/1115/2505 2379/909/1740
f 2380/934/1652 2379/909/1652 2383/1103/1945
f 2383/1103/1945 2379/909/1652 2382/906/1945
f 2384/928/1945 2381/926/1652 2380/934/1652
f 2380/934/1740 2381/926/1740 2378/1097/2504
f 2384/928/1945 2380/934/1652 2383/1103/1945
f 2401/1188/421 2385/1144/420 2402/1189/419
f 2402/1189/948 2385/1144/1099 2386/1143/2506
f 2402/1189/419 2386/1143/416 2407/1190/414
f 2407/1190/412 2386/1143/416 2387/1164/946
f 2407/1190/412 2387/1164/946 2412/1191/2507
f 2412/1191/408 2387/1164/409 2388/1163/407
f 2412/1191/1211 2388/1163/405 2417/1192/403
f 2417/1192/403 2388/1163/407 2389/1162/399
f 2417/1192/401 2389/1162/400 2422/1193/398
f 2422/1193/940 2389/1162/1329 2390/1161/397
f 2422/1193/1095 2390/1161/394 2392/1194/279
f 2392/1194/2508 2390/1161/394 2391/1160/2220
f 2392/1194/973 2393/1195/493 2422/1193/494
f 2422/1193/494 2393/1195/493 2423/1196/496
f 2422/1193/1115 2423/1196/500 2417/1192/499
f 2417/1192/499 2423/1196/498 2418/1197/501
f 2417/1192/502 2418/1197/503 2412/1191/505
f 2412/1191/504 2418/1197/503 2413/1198/976
f 2412/1191/2509 2413/1198/1212 2407/1190/508
f 2407/1190/508 2413/1198/507 2408/1199/977
f 2407/1190/511 2408/1199/512 2402/1189/513
f 2402/1189/978 2408/1199/2510 2403/1200/2511
f 2402/1189/516 2403/1200/520 2401/1188/519
f 2401/1188/519 2403/1200/520 2400/1201/521
f 2400/1201/1142 2403/1200/1007 2404/1202/630
f 2400/1201/631 2404/1202/630 2399/1203/1294
f 2399/1203/1046 2404/1202/1045 2405/1204/734
f 2399/1203/735 2405/1204/734 2398/1205/737
f 2398/1205/823 2405/1204/819 2406/1206/822
f 2398/1205/823 2406/1206/822 2397/1207/824
f 2397/1207/464 2406/1206/466 269/1208/453
f 2397/1207/463 269/1208/453 268/1209/453
f 2393/1195/1291 2394/1210/271 2423/1196/605
f 2423/1196/605 2394/1210/2512 2424/1211/607
f 2423/1196/608 2424/1211/612 2418/1197/2513
f 2418/1197/998 2424/1211/997 2419/1212/999
f 2418/1197/614 2419/1212/615 2413/1198/617
f 2413/1198/616 2419/1212/615 2414/1213/1292
f 2413/1198/619 2414/1213/620 2408/1199/1002
f 2408/1199/621 2414/1213/1001 2409/1214/2514
f 2408/1199/514 2409/1214/1004 2403/1200/1005
f 2403/1200/626 2409/1214/627 2404/1202/628
f 2394/1210/2515 2395/1215/263 2424/1211/717
f 2424/1211/718 2395/1215/286 2425/1216/1158
f 2424/1211/1041 2425/1216/719 2419/1212/720
f 2419/1212/720 2425/1216/719 2420/1217/722
f 2419/1212/720 2420/1217/725 2414/1213/724
f 2414/1213/1001 2420/1217/725 2415/1218/726
f 2414/1213/2516 2415/1218/726 2409/1214/729
f 2409/1214/728 2415/1218/726 2410/1219/730
f 2409/1214/627 2410/1219/731 2404/1202/2517
f 2404/1202/732 2410/1219/731 2405/1204/733
f 2395/1215/262 2396/1220/261 2425/1216/804
f 2425/1216/804 2396/1220/261 2426/1221/805
f 2425/1216/804 2426/1221/805 2420/1217/807
f 2420/1217/807 2426/1221/805 2421/1222/809
f 2420/1217/807 2421/1222/810 2415/1218/811
f 2415/1218/811 2421/1222/810 2416/1223/812
f 2415/1218/811 2416/1223/813 2410/1219/1178
f 2410/1219/1178 2416/1223/813 2411/1224/816
f 2410/1219/817 2411/1224/2518 2405/1204/819
f 2405/1204/819 2411/1224/818 2406/1206/820
f 2396/1220/258 274/1225/253 2426/1221/474
f 2426/1221/474 274/1225/253 273/1226/253
f 2426/1221/474 273/1226/253 2421/1222/473
f 2421/1222/473 273/1226/253 272/1227/253
f 2421/1222/473 272/1227/253 2416/1223/471
f 2416/1223/471 272/1227/253 271/1228/253
f 2416/1223/471 271/1228/453 2411/1224/470
f 2411/1224/470 271/1228/453 270/1229/453
f 2411/1224/470 270/1229/453 2406/1206/466
f 2406/1206/466 270/1229/453 269/1208/453
f 275/1230/253 274/1231/253 2281/1232/254
f 2281/1232/255 274/1231/253 2396/1233/258
f 2281/1232/255 2396/1233/258 2282/1234/2519
f 2282/1234/260 2396/1233/261 2395/1235/1074
f 2282/1234/259 2395/1235/263 2283/1236/264
f 2283/1236/267 2395/1235/2520 2394/1237/285
f 2283/1236/267 2394/1237/266 2284/1238/266
f 2284/1238/268 2394/1237/268 2285/1239/269
f 2285/1239/270 2394/1237/2521 2393/1240/272
f 2285/1239/273 2393/1240/274 2286/1241/2522
f 2286/1241/2523 2393/1240/276 2392/1242/277
f 2286/1241/278 2392/1242/277 2287/1243/2524
f 2287/1243/280 2392/1242/279 2288/1244/282
f 2288/1244/282 2392/1242/284 2391/1245/283
f 2288/1244/282 2391/1245/2220 2289/648/2220
f 2449/1246/394 2427/1247/897 2450/1248/2525
f 2450/1248/2526 2427/1247/897 2428/1249/897
f 2450/1248/2526 2428/1249/897 2455/1250/2527
f 2455/1250/2527 2428/1249/897 2429/1251/897
f 2455/1250/2527 2429/1251/283 2460/1252/2528
f 2460/1252/2528 2429/1251/897 2430/1253/897
f 2460/1252/2528 2430/1253/2220 2465/1254/2529
f 2465/1254/2529 2430/1253/897 2431/1255/2220
f 2465/1254/2529 2431/1255/283 2470/1256/2530
f 2470/1256/2530 2431/1255/283 2432/1257/283
f 2470/1256/2530 2432/1257/283 2434/1258/934
f 2434/1258/284 2432/1257/283 2433/1259/283
f 2434/1258/277 2435/1260/276 2470/1256/2531
f 2470/1256/2531 2435/1260/276 2471/1261/2532
f 2470/1256/2531 2471/1261/2532 2465/1254/2533
f 2465/1254/2533 2471/1261/2532 2466/1262/2534
f 2465/1254/2535 2466/1262/2534 2460/1252/2536
f 2460/1252/2528 2466/1262/2537 2461/1263/2538
f 2460/1252/2539 2461/1263/2538 2455/1250/2540
f 2455/1250/2540 2461/1263/2538 2456/1264/2541
f 2455/1250/2542 2456/1264/2543 2450/1248/2544
f 2450/1248/2545 2456/1264/2546 2451/1265/2547
f 2450/1248/2545 2451/1265/2547 2449/1246/899
f 2449/1246/899 2451/1265/2547 2448/1266/1329
f 2448/1266/402 2451/1265/2548 2452/1267/2549
f 2448/1266/900 2452/1267/2550 2447/1268/942
f 2447/1268/404 2452/1267/2551 2453/1269/2552
f 2447/1268/1207 2453/1269/2553 2446/1270/946
f 2446/1270/2554 2453/1269/2555 2454/1271/2556
f 2446/1270/2554 2454/1271/2556 2445/1272/416
f 2445/1272/418 2454/1271/2557 2443/1273/421
f 2445/1272/1079 2443/1273/2558 2444/1274/904
f 2435/1260/272 2436/1275/716 2471/1261/2559
f 2471/1261/2559 2436/1275/716 2472/1276/2560
f 2471/1261/2561 2472/1276/2562 2466/1262/2563
f 2466/1262/2563 2472/1276/2564 2467/1277/2565
f 2466/1262/2566 2467/1277/2567 2461/1263/2568
f 2461/1263/2568 2467/1277/2569 2462/1278/2570
f 2461/1263/2568 2462/1278/2571 2456/1264/2572
f 2456/1264/2573 2462/1278/2571 2457/1279/2574
f 2456/1264/2573 2457/1279/2575 2451/1265/2576
f 2451/1265/2548 2457/1279/2577 2452/1267/2578
f 2436/1275/2515 2437/1280/1226 2472/1276/2579
f 2472/1276/2579 2437/1280/1226 2473/1281/2580
f 2472/1276/2581 2473/1281/2582 2467/1277/2583
f 2467/1277/2584 2473/1281/2582 2468/1282/2585
f 2467/1277/2586 2468/1282/2587 2462/1278/2588
f 2462/1278/2589 2468/1282/2590 2463/1283/2591
f 2462/1278/2592 2463/1283/2593 2457/1279/2594
f 2457/1279/2594 2463/1283/2595 2458/1284/2596
f 2457/1279/2597 2458/1284/2598 2452/1267/2599
f 2452/1267/2599 2458/1284/2598 2453/1269/2600
f 2437/1280/2601 2438/1285/2602 2473/1281/2603
f 2473/1281/2604 2438/1285/2602 2474/1286/2605
f 2473/1281/2606 2474/1286/2607 2468/1282/2608
f 2468/1282/2608 2474/1286/2609 2469/1287/2610
f 2468/1282/2611 2469/1287/2612 2463/1283/2613
f 2463/1283/2614 2469/1287/2612 2464/1288/2615
f 2463/1283/2616 2464/1288/2617 2458/1284/2618
f 2458/1284/2618 2464/1288/2619 2459/1289/2620
f 2458/1284/2621 2459/1289/2622 2453/1269/2623
f 2453/1269/2624 2459/1289/2622 2454/1271/2625
f 2438/1285/2626 284/1290/250 2474/1286/2627
f 2474/1286/2627 284/1290/472 2439/1291/2628
f 2474/1286/2629 2439/1291/2630 2469/1287/2631
f 2469/1287/2632 2439/1291/2630 2440/1292/2633
f 2469/1287/2634 2440/1292/736 2464/1288/2635
f 2464/1288/2635 2440/1292/2636 2441/1293/735
f 2464/1288/2637 2441/1293/1162 2459/1289/2638
f 2459/1289/2639 2441/1293/1294 2442/1294/1215
f 2459/1289/2640 2442/1294/1117 2454/1271/2641
f 2454/1271/2642 2442/1294/1215 2443/1273/518
f 2491/1188/2213 2475/1144/1363 2492/1189/1362
f 2492/1189/2643 2475/1144/1099 2476/1143/2644
f 2492/1189/1362 2476/1143/1359 2497/1190/1358
f 2497/1190/1356 2476/1143/1359 2477/1164/1962
f 2497/1190/1356 2477/1164/1962 2502/1191/2645
f 2502/1191/2646 2477/1164/910 2478/1163/911
f 2502/1191/2149 2478/1163/912 2507/1192/1350
f 2507/1192/1350 2478/1163/1352 2479/1162/1347
f 2507/1192/1959 2479/1162/1343 2512/1193/1342
f 2512/1193/1342 2479/1162/2647 2480/1161/1341
f 2512/1193/1340 2480/1161/1338 2482/1194/1956
f 2482/1194/1956 2480/1161/1957 2481/1160/1336
f 2482/1194/2020 2483/1195/1622 2512/1193/1623
f 2512/1193/1623 2483/1195/1622 2513/1196/2022
f 2512/1193/2238 2513/1196/1627 2507/1192/1628
f 2507/1192/1628 2513/1196/1629 2508/1197/2023
f 2507/1192/1631 2508/1197/1632 2502/1191/2239
f 2502/1191/2024 2508/1197/1632 2503/1198/1638
f 2502/1191/2648 2503/1198/1636 2497/1190/1637
f 2497/1190/2649 2503/1198/1638 2498/1199/1639
f 2497/1190/1640 2498/1199/2025 2492/1189/2026
f 2492/1189/2026 2498/1199/2650 2493/1200/1644
f 2492/1189/1645 2493/1200/1646 2491/1188/1647
f 2491/1188/1647 2493/1200/2027 2490/1201/1648
f 2490/1201/1740 2493/1200/1734 2494/1202/1738
f 2490/1201/1739 2494/1202/2288 2489/1203/2250
f 2489/1203/2651 2494/1202/1839 2495/1204/1842
f 2489/1203/1742 2495/1204/1842 2488/1205/1843
f 2488/1205/1549 2495/1204/1545 2496/1206/1546
f 2488/1205/1549 2496/1206/1546 2487/1207/1550
f 2487/1207/2015 2496/1206/1604 1601/1208/1601
f 2487/1207/2015 1601/1208/1601 1600/1209/1601
f 2483/1195/1713 2484/1210/1717 2513/1196/1716
f 2513/1196/1716 2484/1210/1818 2514/1211/1820
f 2513/1196/2060 2514/1211/1722 2508/1197/1721
f 2508/1197/1721 2514/1211/1722 2509/1212/1723
f 2508/1197/2652 2509/1212/1726 2503/1198/1725
f 2503/1198/1725 2509/1212/1724 2504/1213/2063
f 2503/1198/1728 2504/1213/1729 2498/1199/1730
f 2498/1199/2065 2504/1213/2064 2499/1214/2066
f 2498/1199/1732 2499/1214/1731 2493/1200/2653
f 2493/1200/1733 2499/1214/1735 2494/1202/2654
f 2484/1210/2203 2485/1215/1821 2514/1211/2262
f 2514/1211/1820 2485/1215/1821 2515/1216/1822
f 2514/1211/1820 2515/1216/1824 2509/1212/1723
f 2509/1212/1825 2515/1216/1824 2510/1217/1826
f 2509/1212/2106 2510/1217/1831 2504/1213/1830
f 2504/1213/1830 2510/1217/1828 2505/1218/1832
f 2504/1213/2655 2505/1218/1832 2499/1214/1836
f 2499/1214/1835 2505/1218/1832 2500/1219/1837
f 2499/1214/2107 2500/1219/1838 2494/1202/1736
f 2494/1202/1736 2500/1219/1838 2495/1204/1840
f 2485/1215/1526 2486/1220/1527 2515/1216/1528
f 2515/1216/1528 2486/1220/1527 2516/1221/1529
f 2515/1216/1528 2516/1221/1529 2510/1217/1534
f 2510/1217/1534 2516/1221/1991 2511/1222/1533
f 2510/1217/1534 2511/1222/1535 2505/1218/2656
f 2505/1218/1536 2511/1222/1533 2506/1223/1537
f 2505/1218/1536 2506/1223/1538 2500/1219/1539
f 2500/1219/1539 2506/1223/1538 2501/1224/1542
f 2500/1219/1543 2501/1224/1544 2495/1204/1545
f 2495/1204/1545 2501/1224/1544 2496/1206/1546
f 2486/1220/1593 1606/1225/1590 2516/1221/1596
f 2516/1221/1596 1606/1225/1590 1605/1226/1590
f 2516/1221/1596 1605/1226/1590 2511/1222/1597
f 2511/1222/1597 1605/1226/1590 1604/1227/1590
f 2511/1222/1597 1604/1227/1603 2506/1223/1600
f 2506/1223/1599 1604/1227/1590 1603/1228/1590
f 2506/1223/1600 1603/1228/1601 2501/1224/1602
f 2501/1224/1602 1603/1228/1601 1602/1229/1601
f 2501/1224/1602 1602/1229/1601 2496/1206/1604
f 2496/1206/1604 1602/1229/1589 1601/1208/1589
f 1607/1230/1590 1606/1231/1590 2354/1232/2330
f 2354/1232/2331 1606/1231/1590 2486/1233/1593
f 2354/1232/2332 2486/1233/1593 2355/1234/2333
f 2355/1234/2657 2486/1233/1527 2485/1235/1526
f 2355/1234/2658 2485/1235/2130 2356/1236/2336
f 2356/1236/2337 2485/1235/2659 2484/1237/2261
f 2356/1236/2338 2484/1237/2203 2357/1238/2203
f 2357/1238/2341 2484/1237/2341 2358/1239/2340
f 2358/1239/2340 2484/1237/2660 2483/1240/2057
f 2358/1239/2342 2483/1240/1802 2359/1241/2661
f 2359/1241/2343 2483/1240/2021 2482/1242/2020
f 2359/1241/2344 2482/1242/1956 2360/1243/2346
f 2360/1243/2346 2482/1242/2350 2361/1244/2662
f 2361/1244/2347 2482/1242/1956 2481/1245/2349
f 2361/1244/2347 2481/1245/63 2362/648/63
f 2533/1116/2015 1615/1117/1601 2534/1118/1608
f 2534/1118/1608 1615/1117/1601 1614/1119/1601
f 2534/1118/1608 1614/1119/1589 2539/1120/1609
f 2539/1120/1609 1614/1119/1601 1613/1121/1601
f 2539/1120/1609 1613/1121/1450 2544/1122/1611
f 2544/1122/1611 1613/1121/1601 1612/1123/1601
f 2544/1122/1611 1612/1123/1450 2549/1124/1614
f 2549/1124/1614 1612/1123/1589 1611/1125/1589
f 2549/1124/1614 1611/1125/1450 2554/1126/1615
f 2554/1126/1615 1611/1125/1450 1610/1127/1450
f 2554/1126/1615 1610/1127/1450 2517/1128/1618
f 2517/1128/1618 1610/1127/1450 1609/1129/1450
f 2517/1128/1568 2518/1130/1567 2554/1126/1566
f 2554/1126/1566 2518/1130/2270 2555/1131/1565
f 2554/1126/1566 2555/1131/1565 2549/1124/1564
f 2549/1124/1564 2555/1131/1565 2550/1132/1561
f 2549/1124/1563 2550/1132/1561 2544/1122/1560
f 2544/1122/1560 2550/1132/1561 2545/1133/1558
f 2544/1122/1559 2545/1133/1558 2539/1120/1557
f 2539/1120/1557 2545/1133/1558 2540/1134/1556
f 2539/1120/1555 2540/1134/1554 2534/1118/2663
f 2534/1118/1552 2540/1134/1554 2535/1135/1551
f 2534/1118/1552 2535/1135/1551 2533/1116/1550
f 2533/1116/1550 2535/1135/1551 2532/1136/1549
f 2532/1136/1843 2535/1135/1847 2536/1137/1845
f 2532/1136/1952 2536/1137/2664 2531/1138/1742
f 2531/1138/2665 2536/1137/1748 2537/1139/1746
f 2531/1138/1747 2537/1139/2666 2530/1140/1740
f 2530/1140/2667 2537/1139/1653 2538/1141/1651
f 2530/1140/1652 2538/1141/1651 2529/1142/1649
f 2529/1142/2214 2538/1141/2668 2527/1143/1965
f 2529/1142/2214 2527/1143/1368 2528/1144/1947
f 2518/1130/2266 2519/1145/1868 2555/1131/1867
f 2555/1131/1869 2519/1145/2114 2556/1146/2113
f 2555/1131/1865 2556/1146/2113 2550/1132/1862
f 2550/1132/1862 2556/1146/1864 2551/1147/1861
f 2550/1132/1860 2551/1147/1859 2545/1133/1857
f 2545/1133/1857 2551/1147/2197 2546/1148/1854
f 2545/1133/1857 2546/1148/1855 2540/1134/1856
f 2540/1134/1853 2546/1148/2669 2541/1149/1852
f 2540/1134/1851 2541/1149/2111 2535/1135/1847
f 2535/1135/1848 2541/1149/1849 2536/1137/1845
f 2519/1145/2670 2520/1150/1770 2556/1146/1768
f 2556/1146/2080 2520/1150/2035 2557/1151/2079
f 2556/1146/2671 2557/1151/1765 2551/1147/2672
f 2551/1147/2181 2557/1151/1765 2552/1152/2291
f 2551/1147/2673 2552/1152/2076 2546/1148/1761
f 2546/1148/1758 2552/1152/2076 2547/1153/2075
f 2546/1148/1756 2547/1153/1755 2541/1149/1752
f 2541/1149/1754 2547/1153/1755 2542/1154/1753
f 2541/1149/1849 2542/1154/2180 2536/1137/1751
f 2536/1137/1751 2542/1154/1749 2537/1139/2252
f 2520/1150/1679 2521/1155/1395 2557/1151/1677
f 2557/1151/1677 2521/1155/1678 2558/1156/1676
f 2557/1151/1675 2558/1156/1672 2552/1152/1674
f 2552/1152/1674 2558/1156/2169 2553/1157/1670
f 2552/1152/1759 2553/1157/1667 2547/1153/1757
f 2547/1153/1666 2553/1157/1667 2548/1158/1665
f 2547/1153/1668 2548/1158/1662 2542/1154/1660
f 2542/1154/1660 2548/1158/1665 2543/1159/1659
f 2542/1154/2030 2543/1159/1656 2537/1139/2029
f 2537/1139/2674 2543/1159/2675 2538/1141/1654
f 2521/1155/1395 2522/1160/897 2558/1156/1394
f 2558/1156/2676 2522/1160/1393 2523/1161/1391
f 2558/1156/1973 2523/1161/899 2553/1157/1387
f 2553/1157/1389 2523/1161/899 2524/1162/1240
f 2553/1157/1971 2524/1162/1970 2548/1158/1383
f 2548/1158/1383 2524/1162/1970 2525/1163/1382
f 2548/1158/1381 2525/1163/404 2543/1159/2218
f 2543/1159/2218 2525/1163/902 2526/1164/1374
f 2543/1159/2218 2526/1164/1374 2538/1141/1375
f 2538/1141/1372 2526/1164/1373 2527/1143/1371
f 2363/648/2220 2522/1165/2220 2364/1166/2677
f 2364/1166/2677 2522/1165/2354 2521/1167/2678
f 2364/1166/2677 2521/1167/2154 2365/1168/2679
f 2365/1168/2679 2521/1167/1678 2366/1169/2680
f 2366/1169/2681 2521/1167/2682 2520/1170/1679
f 2366/1169/2681 2520/1170/2035 2367/1171/2683
f 2367/1171/2683 2520/1170/2081 2519/1172/1775
f 2367/1171/2683 2519/1172/2114 2368/1173/2684
f 2368/1173/2684 2519/1172/2114 2369/1174/2685
f 2369/1174/2685 2519/1172/2265 2518/1175/1875
f 2369/1174/2686 2518/1175/2266 2227/1176/2687
f 2227/1176/2688 2518/1175/2689 2517/1177/1568
f 2227/1176/2688 2517/1177/1618 2228/1178/2690
f 2228/1178/2691 2517/1177/1618 2229/1179/2692
f 2229/1179/2692 2517/1177/1619 1609/1180/1450
f 2229/1179/2692 1609/1180/1450 2230/1181/2693
f 2230/1181/2693 1609/1180/1589 1608/1182/1589
f 2230/1181/2693 1608/1182/1589 2231/1183/1589
f 2231/1183/1589 1608/1182/1589 2232/1184/2694
f 2232/1184/2694 1608/1182/1590 2233/1185/2695
f 2233/1185/2695 1608/1182/1994 2234/1186/2696
f 2234/1186/2697 1608/1182/1603 2235/1187/2698
f 2390/1295/898 2559/1296/898 2391/1297/897
f 2391/1297/897 2559/1296/898 2560/1298/898
f 2391/1297/897 2560/1298/1078 2561/1299/1078
f 2561/1299/899 2560/1298/899 2567/1300/400
f 2561/1299/899 2567/1300/400 2568/1301/400
f 2568/1301/900 2567/1300/900 2574/1302/943
f 2568/1301/900 2574/1302/943 2575/1303/943
f 2575/1303/902 2574/1302/902 2581/1304/410
f 2575/1303/902 2581/1304/410 2582/1305/410
f 2582/1305/413 2581/1304/413 2588/1306/905
f 2582/1305/944 2588/1306/415 2527/1307/415
f 2527/1307/905 2588/1306/905 2528/1308/1366
f 2528/1308/904 2588/1306/905 2587/1309/905
f 2528/1308/1099 2587/1309/903 2586/1310/903
f 2586/1310/415 2587/1309/415 2580/1311/944
f 2586/1310/905 2580/1311/413 2579/1312/413
f 2579/1312/410 2580/1311/410 2573/1313/902
f 2579/1312/410 2573/1313/902 2572/1314/902
f 2572/1314/943 2573/1313/943 2566/1315/900
f 2572/1314/901 2566/1315/900 2565/1316/900
f 2565/1316/400 2566/1315/400 2559/1296/899
f 2565/1316/400 2559/1296/899 2390/1295/899
f 2390/1295/899 2389/1317/400 2565/1316/400
f 2565/1316/900 2389/1317/900 2571/1318/943
f 2565/1316/900 2571/1318/943 2572/1314/943
f 2572/1314/902 2571/1318/902 2578/1319/410
f 2572/1314/902 2578/1319/410 2579/1312/410
f 2579/1312/413 2578/1319/413 2585/1320/905
f 2579/1312/946 2585/1320/415 2586/1310/415
f 2586/1310/415 2585/1320/415 2528/1308/2699
f 2389/1317/900 2388/1321/943 2571/1318/943
f 2571/1318/404 2388/1321/404 2577/1322/410
f 2571/1318/902 2577/1322/410 2578/1319/410
f 2578/1319/413 2577/1322/413 2584/1323/905
f 2578/1319/944 2584/1323/415 2585/1320/415
f 2585/1320/2700 2584/1323/2700 2385/1324/1099
f 2585/1320/1079 2385/1324/904 2528/1308/904
f 2388/1321/902 2387/1325/944 2577/1322/944
f 2577/1322/413 2387/1325/413 2583/1326/415
f 2577/1322/944 2583/1326/415 2584/1323/415
f 2584/1323/905 2583/1326/905 2385/1324/904
f 2387/1325/944 2386/1327/415 2583/1326/415
f 2583/1326/905 2386/1327/905 2385/1324/904
f 2527/1307/415 2526/1328/413 2582/1305/413
f 2582/1305/944 2526/1328/944 2576/1329/902
f 2582/1305/410 2576/1329/902 2575/1303/902
f 2575/1303/943 2576/1329/943 2569/1330/900
f 2575/1303/943 2569/1330/900 2568/1301/900
f 2568/1301/400 2569/1330/400 2562/1331/899
f 2568/1301/400 2562/1331/899 2561/1299/899
f 2561/1299/1078 2562/1331/1078 2391/1297/897
f 2526/1328/410 2525/1332/404 2576/1329/404
f 2576/1329/943 2525/1332/943 2570/1333/900
f 2576/1329/943 2570/1333/900 2569/1330/900
f 2569/1330/400 2570/1333/400 2563/1334/899
f 2569/1330/400 2563/1334/899 2562/1331/899
f 2562/1331/898 2563/1334/898 2522/1335/897
f 2562/1331/898 2522/1335/897 2391/1297/897
f 2525/1332/943 2524/1336/900 2570/1333/900
f 2570/1333/400 2524/1336/400 2564/1337/899
f 2570/1333/400 2564/1337/899 2563/1334/899
f 2563/1334/1078 2564/1337/1078 2522/1335/897
f 2524/1336/400 2523/1338/899 2564/1337/899
f 2564/1337/898 2523/1338/898 2522/1335/897
f 2567/1300/400 2560/1298/899 2566/1315/400
f 2566/1315/400 2560/1298/899 2559/1296/899
f 2574/1302/901 2567/1300/900 2573/1313/901
f 2573/1313/943 2567/1300/900 2566/1315/900
f 2581/1304/410 2574/1302/902 2580/1311/410
f 2580/1311/410 2574/1302/902 2573/1313/902
f 2588/1306/415 2581/1304/944 2587/1309/415
f 2587/1309/905 2581/1304/413 2580/1311/413
f 2611/492/425 2589/491/422 2612/490/2701
f 2612/490/2702 2589/491/1100 2590/489/423
f 2612/490/2703 2590/489/518 2617/488/2704
f 2617/488/2704 2590/489/518 2591/487/523
f 2617/488/2705 2591/487/1142 2622/486/2706
f 2622/486/2706 2591/487/633 2592/485/2707
f 2622/486/2708 2592/485/2707 2627/484/2709
f 2627/484/2710 2592/485/735 2593/483/2711
f 2627/484/2712 2593/483/823 2632/482/2713
f 2632/482/2713 2593/483/825 2594/481/2714
f 2632/482/2715 2594/481/2716 2595/480/2717
f 2595/480/2717 2594/481/2718 267/479/454
f 2595/480/316 2596/551/323 2632/482/2719
f 2632/482/2720 2596/551/323 2633/552/2721
f 2632/482/2722 2633/552/2723 2627/484/2724
f 2627/484/2725 2633/552/2723 2628/553/2726
f 2627/484/2727 2628/553/2726 2622/486/2728
f 2622/486/2708 2628/553/2729 2623/554/2730
f 2622/486/2731 2623/554/2730 2617/488/2732
f 2617/488/2732 2623/554/2733 2618/555/2734
f 2617/488/2735 2618/555/2736 2612/490/2737
f 2612/490/2738 2618/555/2739 2613/556/2740
f 2612/490/2741 2613/556/2742 2611/492/427
f 2611/492/427 2613/556/2743 2610/557/909
f 2610/557/1197 2613/556/2744 2614/581/2745
f 2610/557/954 2614/581/2745 2609/582/1246
f 2609/582/911 2614/581/2746 2615/606/2747
f 2609/582/911 2615/606/2747 2608/607/959
f 2608/607/913 2615/606/2748 2616/518/2749
f 2608/607/913 2616/518/2749 2607/516/914
f 2607/516/876 2616/518/2750 2605/517/327
f 2607/516/876 2605/517/327 2606/515/327
f 2596/551/310 2597/576/306 2633/552/2751
f 2633/552/2751 2597/576/759 2634/577/2752
f 2633/552/2753 2634/577/2754 2628/553/2755
f 2628/553/2756 2634/577/2757 2629/578/2758
f 2628/553/2759 2629/578/2760 2623/554/2761
f 2623/554/2762 2629/578/2760 2624/579/2763
f 2623/554/2764 2624/579/2765 2618/555/2766
f 2618/555/2766 2624/579/2767 2619/580/2768
f 2618/555/2769 2619/580/2770 2613/556/2771
f 2613/556/2771 2619/580/2772 2614/581/2773
f 2597/576/305 2598/601/1018 2634/577/2774
f 2634/577/2775 2598/601/1018 2635/602/2776
f 2634/577/2777 2635/602/2778 2629/578/2779
f 2629/578/2780 2635/602/2778 2630/603/2781
f 2629/578/2782 2630/603/2783 2624/579/2784
f 2624/579/2785 2630/603/2786 2625/604/2787
f 2624/579/2788 2625/604/2787 2619/580/2789
f 2619/580/2790 2625/604/2787 2620/605/2791
f 2619/580/2792 2620/605/2793 2614/581/2794
f 2614/581/2794 2620/605/2793 2615/606/2795
f 2598/601/297 2599/528/296 2635/602/2796
f 2635/602/2797 2599/528/296 2636/526/2798
f 2635/602/2797 2636/526/2798 2630/603/2799
f 2630/603/2800 2636/526/2798 2631/524/2801
f 2630/603/2802 2631/524/2803 2625/604/2804
f 2625/604/2804 2631/524/2803 2626/522/2805
f 2625/604/2804 2626/522/2806 2620/605/2807
f 2620/605/2807 2626/522/2808 2621/520/2809
f 2620/605/2810 2621/520/2811 2615/606/2748
f 2615/606/2748 2621/520/2812 2616/518/2813
f 2599/528/291 2600/527/289 2636/526/2814
f 2636/526/2814 2600/527/289 2601/525/289
f 2636/526/2815 2601/525/289 2631/524/2816
f 2631/524/2817 2601/525/289 2602/523/289
f 2631/524/2817 2602/523/289 2626/522/2818
f 2626/522/2818 2602/523/1082 2603/521/289
f 2626/522/2819 2603/521/327 2621/520/2820
f 2621/520/2821 2603/521/327 2604/519/1082
f 2621/520/2822 2604/519/327 2616/518/2823
f 2616/518/2750 2604/519/327 2605/517/327
f 2638/1339/279 2643/1340/279 2637/1341/283
f 2637/1341/283 2643/1340/279 2644/1342/279
f 2637/1341/283 2644/1342/279 2645/1343/279
f 2645/1343/277 2644/1342/277 2649/1344/276
f 2645/1343/277 2649/1344/276 2650/1345/276
f 2650/1345/272 2649/1344/272 2654/1346/268
f 2650/1345/272 2654/1346/268 2436/1347/268
f 2436/1347/285 2654/1346/285 2437/1348/286
f 2437/1348/286 2654/1346/285 2658/1349/286
f 2437/1348/262 2658/1349/262 2438/1350/261
f 2438/1350/261 2658/1349/262 2662/1351/261
f 2438/1350/256 2662/1351/256 284/1352/253
f 284/1352/253 2662/1351/256 2661/1353/256
f 284/1352/253 2661/1353/256 2660/1354/256
f 2660/1354/261 2661/1353/261 2656/1355/262
f 2660/1354/261 2656/1355/262 2655/1356/262
f 2655/1356/286 2656/1355/286 2651/1357/285
f 2655/1356/286 2651/1357/285 2640/1358/285
f 2640/1358/268 2651/1357/268 2639/1359/272
f 2639/1359/272 2651/1357/268 2647/1360/272
f 2639/1359/276 2647/1360/276 2638/1339/277
f 2638/1339/277 2647/1360/276 2643/1340/277
f 2640/1358/285 2641/1361/286 2655/1356/286
f 2655/1356/262 2641/1361/262 2659/1362/261
f 2655/1356/262 2659/1362/261 2660/1354/261
f 2660/1354/256 2659/1362/256 285/1363/253
f 2660/1354/1208 285/1363/253 284/1352/253
f 2641/1361/262 2642/1364/261 2659/1362/261
f 2659/1362/256 2642/1364/256 285/1363/253
f 2436/1347/268 2435/1365/272 2650/1345/272
f 2650/1345/276 2435/1365/276 2646/1366/277
f 2650/1345/276 2646/1366/277 2645/1343/277
f 2645/1343/279 2646/1366/279 2433/1367/283
f 2645/1343/284 2433/1367/283 2637/1341/283
f 2435/1365/276 2434/1368/277 2646/1366/277
f 2646/1366/279 2434/1368/935 2433/1367/283
f 2644/1342/277 2643/1340/277 2648/1369/276
f 2648/1369/276 2643/1340/277 2647/1360/276
f 2648/1369/272 2647/1360/272 2652/1370/268
f 2652/1370/268 2647/1360/272 2651/1357/268
f 2652/1370/285 2651/1357/285 2656/1355/286
f 2644/1342/277 2648/1369/276 2649/1344/276
f 2649/1344/272 2648/1369/272 2653/1371/268
f 2649/1344/272 2653/1371/268 2654/1346/268
f 2654/1346/285 2653/1371/285 2658/1349/286
f 2653/1371/268 2648/1369/272 2652/1370/268
f 2653/1371/285 2652/1370/285 2657/1372/286
f 2657/1372/286 2652/1370/285 2656/1355/286
f 2657/1372/262 2656/1355/262 2661/1353/261
f 2662/1351/261 2658/1349/262 2657/1372/262
f 2657/1372/286 2658/1349/286 2653/1371/285
f 2662/1351/261 2657/1372/262 2661/1353/261
f 1163/1373/420 1162/1374/421 2667/1375/418
f 2667/1375/418 1162/1374/421 2672/1376/947
f 2667/1375/416 2672/1376/1241 2666/1377/2554
f 2666/1377/944 2672/1376/419 2677/1378/2824
f 2666/1377/946 2677/1378/412 2665/1379/404
f 2665/1379/2825 2677/1378/1096 2682/1380/945
f 2665/1379/404 2682/1380/406 2664/1381/1240
f 2664/1381/399 2682/1380/1211 2687/1382/403
f 2664/1381/938 2687/1382/941 2663/1383/397
f 2663/1383/397 2687/1382/1116 2692/1384/1095
f 2663/1383/936 2692/1384/396 2637/1385/392
f 2637/1385/2220 2692/1384/2826 2638/1386/2508
f 2638/1386/973 2692/1384/494 2691/1387/604
f 2638/1386/279 2691/1387/496 2639/1388/493
f 2639/1388/1291 2691/1387/605 2690/1389/607
f 2639/1388/1291 2690/1389/607 2640/1390/716
f 2640/1390/2515 2690/1389/1040 2689/1391/719
f 2640/1390/716 2689/1391/719 2641/1392/286
f 2641/1392/262 2689/1391/804 2688/1393/805
f 2641/1392/262 2688/1393/805 2642/1394/261
f 2642/1394/1208 2688/1393/967 286/1395/253
f 2642/1394/258 286/1395/253 285/1396/253
f 1162/1374/518 1161/1397/2827 2672/1376/516
f 2672/1376/978 1161/1397/521 2671/1398/520
f 2672/1376/978 2671/1398/1005 2677/1378/511
f 2677/1378/511 2671/1398/1005 2676/1399/512
f 2677/1378/508 2676/1399/977 2682/1380/2509
f 2682/1380/2509 2676/1399/977 2681/1400/507
f 2682/1380/504 2681/1400/2828 2687/1382/502
f 2687/1382/502 2681/1400/2829 2686/1401/503
f 2687/1382/499 2686/1401/501 2692/1384/1115
f 2692/1384/497 2686/1401/501 2691/1387/498
f 1161/1397/1142 1160/1402/632 2671/1398/1007
f 2671/1398/1007 1160/1402/632 2670/1403/630
f 2671/1398/1005 2670/1403/732 2676/1399/2830
f 2676/1399/1003 2670/1403/2831 2675/1404/1006
f 2676/1399/514 2675/1404/2514 2681/1400/1212
f 2681/1400/619 2675/1404/1004 2680/1405/620
f 2681/1400/617 2680/1405/618 2686/1401/614
f 2686/1401/610 2680/1405/618 2685/1406/615
f 2686/1401/611 2685/1406/613 2691/1387/608
f 2691/1387/608 2685/1406/613 2690/1389/609
f 1160/1402/1320 1159/1407/737 2670/1403/1227
f 2670/1403/732 1159/1407/737 2669/1408/1161
f 2670/1403/1160 2669/1408/733 2675/1404/2832
f 2675/1404/2832 2669/1408/733 2674/1409/731
f 2675/1404/2833 2674/1409/1043 2680/1405/727
f 2680/1405/1001 2674/1409/1043 2679/1410/726
f 2680/1405/2834 2679/1410/2835 2685/1406/2836
f 2685/1406/2836 2679/1410/726 2684/1411/1042
f 2685/1406/613 2684/1411/722 2690/1389/718
f 2690/1389/1041 2684/1411/722 2689/1391/721
f 1159/1407/2419 1158/1412/824 2669/1408/819
f 2669/1408/821 1158/1412/824 2668/1413/822
f 2669/1408/819 2668/1413/822 2674/1409/1273
f 2674/1409/817 2668/1413/2837 2673/1414/818
f 2674/1409/814 2673/1414/816 2679/1410/811
f 2679/1410/811 2673/1414/816 2678/1415/813
f 2679/1410/811 2678/1415/812 2684/1411/807
f 2684/1411/1063 2678/1415/812 2683/1416/810
f 2684/1411/808 2683/1416/1232 2689/1391/804
f 2689/1391/804 2683/1416/809 2688/1393/968
f 1158/1412/464 291/1417/453 2668/1413/820
f 2668/1413/820 291/1417/453 290/1418/453
f 2668/1413/466 290/1418/453 2673/1414/470
f 2673/1414/470 290/1418/453 289/1419/453
f 2673/1414/469 289/1419/453 2678/1415/964
f 2678/1415/471 289/1419/250 288/1420/453
f 2678/1415/2838 288/1420/472 2683/1416/965
f 2683/1416/473 288/1420/253 287/1421/253
f 2683/1416/473 287/1421/253 2688/1393/967
f 2688/1393/474 287/1421/253 286/1395/253
f 2693/82/289 2694/1422/916 2703/1423/325
f 2703/1423/876 2694/1422/916 2708/1424/328
f 2703/1423/444 2708/1424/446 2702/1425/960
f 2702/1425/442 2708/1424/446 2713/1426/443
f 2702/1425/440 2713/1426/441 2701/1427/435
f 2701/1427/435 2713/1426/441 2718/1428/958
f 2701/1427/911 2718/1428/1121 2700/1429/954
f 2700/1429/433 2718/1428/1121 2723/1430/956
f 2700/1429/430 2723/1430/432 2699/1431/427
f 2699/1431/427 2723/1430/432 2728/1432/1103
f 2699/1431/425 2728/1432/2839 1164/1373/422
f 1164/1373/422 2728/1432/2840 1165/1374/423
f 1165/1374/522 2728/1432/524 2727/1433/526
f 1165/1374/522 2727/1433/526 1166/1397/523
f 1166/1397/525 2727/1433/635 2726/1434/1011
f 1166/1397/1215 2726/1434/1011 1167/1402/1009
f 1167/1402/735 2726/1434/738 2725/1435/739
f 1167/1402/1320 2725/1435/740 1168/1407/736
f 1168/1407/823 2725/1435/1179 2724/1436/830
f 1168/1407/2419 2724/1436/830 1169/1412/824
f 1169/1412/464 2724/1436/963 261/1437/453
f 1169/1412/464 261/1437/453 260/1417/453
f 2694/1422/324 2695/1438/546 2708/1424/326
f 2708/1424/544 2695/1438/546 2707/1439/545
f 2708/1424/540 2707/1439/543 2713/1426/538
f 2713/1426/538 2707/1439/657 2712/1440/982
f 2713/1426/536 2712/1440/2841 2718/1428/534
f 2718/1428/1123 2712/1440/537 2717/1441/1124
f 2718/1428/2842 2717/1441/2428 2723/1430/531
f 2723/1430/531 2717/1441/2428 2722/1442/532
f 2723/1430/529 2722/1442/530 2728/1432/527
f 2728/1432/527 2722/1442/530 2727/1433/980
f 2695/1438/298 2696/1443/1019 2707/1439/660
f 2707/1439/1296 2696/1443/304 2706/1444/663
f 2707/1439/656 2706/1444/1017 2712/1440/1295
f 2712/1440/1295 2706/1444/1017 2711/1445/2843
f 2712/1440/650 2711/1445/653 2717/1441/1125
f 2717/1441/648 2711/1445/653 2716/1446/1016
f 2717/1441/644 2716/1446/1015 2722/1442/642
f 2722/1442/1014 2716/1446/1015 2721/1447/2844
f 2722/1442/1013 2721/1447/641 2727/1433/528
f 2727/1433/1012 2721/1447/2845 2726/1434/738
f 2696/1443/309 2697/1448/312 2706/1444/1303
f 2706/1444/1167 2697/1448/310 2705/1449/758
f 2706/1444/757 2705/1449/756 2711/1445/655
f 2711/1445/655 2705/1449/756 2710/1450/753
f 2711/1445/749 2710/1450/1051 2716/1446/748
f 2716/1446/1229 2710/1450/753 2715/1451/2846
f 2716/1446/745 2715/1451/1050 2721/1447/1165
f 2721/1447/743 2715/1451/747 2720/1452/746
f 2721/1447/641 2720/1452/742 2726/1434/2847
f 2726/1434/738 2720/1452/742 2725/1435/741
f 2697/1448/315 2698/1453/316 2705/1449/841
f 2705/1449/841 2698/1453/316 2704/1454/842
f 2705/1449/841 2704/1454/842 2710/1450/1064
f 2710/1450/1064 2704/1454/842 2709/1455/2418
f 2710/1450/837 2709/1455/839 2715/1451/834
f 2715/1451/834 2709/1455/839 2714/1456/836
f 2715/1451/834 2714/1456/835 2720/1452/828
f 2720/1452/832 2714/1456/835 2719/1457/833
f 2720/1452/829 2719/1457/831 2725/1435/826
f 2725/1435/2848 2719/1457/831 2724/1436/830
f 2698/1453/318 266/1129/321 2704/1454/1181
f 2704/1454/450 266/1129/321 265/1458/321
f 2704/1454/450 265/1458/321 2709/1455/455
f 2709/1455/452 265/1458/321 264/1459/321
f 2709/1455/455 264/1459/321 2714/1456/962
f 2714/1456/458 264/1459/454 263/1460/321
f 2714/1456/458 263/1460/453 2719/1457/459
f 2719/1457/2417 263/1460/453 262/1461/321
f 2719/1457/459 262/1461/453 2724/1436/963
f 2724/1436/963 262/1461/453 261/1437/453
f 2698/1339/322 2729/1340/322 266/1341/321
f 266/1341/321 2729/1340/322 2730/1342/322
f 266/1341/321 2730/1342/322 2731/1343/322
f 2731/1343/316 2730/1342/316 2735/1344/315
f 2731/1343/316 2735/1344/315 2736/1345/315
f 2736/1345/310 2735/1344/310 2740/1346/306
f 2736/1345/310 2740/1346/306 2597/1347/306
f 2597/1347/304 2740/1346/304 2598/1348/301
f 2598/1348/301 2740/1346/304 2744/1349/301
f 2598/1348/297 2744/1349/297 2599/1350/296
f 2599/1350/296 2744/1349/983 2748/1351/296
f 2599/1350/290 2748/1351/290 2600/1352/289
f 2600/1352/289 2748/1351/290 2747/1353/290
f 2600/1352/63 2747/1353/2849 2746/1354/2849
f 2746/1354/296 2747/1353/296 2742/1355/983
f 2746/1354/296 2742/1355/297 2741/1356/297
f 2741/1356/301 2742/1355/301 2737/1357/304
f 2741/1356/301 2737/1357/304 2696/1358/304
f 2696/1358/306 2737/1357/306 2697/1359/310
f 2697/1359/310 2737/1357/306 2733/1360/310
f 2697/1359/315 2733/1360/315 2698/1339/316
f 2698/1339/316 2733/1360/315 2729/1340/316
f 2696/1358/304 2695/1361/301 2741/1356/301
f 2741/1356/297 2695/1361/297 2745/1362/296
f 2741/1356/983 2745/1362/296 2746/1354/296
f 2746/1354/290 2745/1362/290 2693/1363/289
f 2746/1354/290 2693/1363/289 2600/1352/289
f 2695/1361/983 2694/1364/296 2745/1362/296
f 2745/1362/290 2694/1364/290 2693/1363/289
f 2597/1347/306 2596/1365/310 2736/1345/310
f 2736/1345/315 2596/1365/315 2732/1366/316
f 2736/1345/315 2732/1366/316 2731/1343/316
f 2731/1343/322 2732/1366/322 267/1367/321
f 2731/1343/322 267/1367/321 266/1341/321
f 2596/1365/315 2595/1368/316 2732/1366/316
f 2732/1366/322 2595/1368/322 267/1367/321
f 2730/1342/316 2729/1340/316 2734/1369/315
f 2734/1369/315 2729/1340/316 2733/1360/315
f 2734/1369/310 2733/1360/310 2738/1370/306
f 2738/1370/306 2733/1360/310 2737/1357/306
f 2738/1370/304 2737/1357/304 2742/1355/301
f 2730/1342/316 2734/1369/315 2735/1344/315
f 2735/1344/310 2734/1369/310 2739/1371/306
f 2735/1344/310 2739/1371/306 2740/1346/306
f 2740/1346/304 2739/1371/304 2744/1349/301
f 2739/1371/306 2734/1369/310 2738/1370/306
f 2739/1371/304 2738/1370/304 2743/1372/301
f 2743/1372/301 2738/1370/304 2742/1355/301
f 2743/1372/297 2742/1355/297 2747/1353/296
f 2748/1351/296 2744/1349/297 2743/1372/297
f 2743/1372/301 2744/1349/301 2739/1371/304
f 2748/1351/296 2743/1372/983 2747/1353/296
f 2771/492/1368 2749/491/1366 2772/490/2850
f 2772/490/2851 2749/491/1947 2750/489/2214
f 2772/490/2852 2750/489/1945 2777/488/2853
f 2777/488/2853 2750/489/1945 2751/487/1650
f 2777/488/2854 2751/487/1740 2782/486/2855
f 2782/486/2856 2751/487/1743 2752/485/1744
f 2782/486/2857 2752/485/2858 2787/484/2859
f 2787/484/2860 2752/485/1742 2753/483/1844
f 2787/484/2861 2753/483/1549 2792/482/2862
f 2792/482/2862 2753/483/2296 2754/481/2297
f 2792/482/2863 2754/481/2864 2755/480/2865
f 2755/480/2865 2754/481/2866 1599/479/1610
f 2755/480/2867 2756/551/2369 2792/482/2868
f 2792/482/2868 2756/551/2869 2793/552/2870
f 2792/482/2871 2793/552/2872 2787/484/2873
f 2787/484/2874 2793/552/2875 2788/553/2876
f 2787/484/2877 2788/553/2876 2782/486/2878
f 2782/486/2879 2788/553/2880 2783/554/2881
f 2782/486/2882 2783/554/2881 2777/488/2883
f 2777/488/2883 2783/554/2884 2778/555/2885
f 2777/488/2886 2778/555/2887 2772/490/2888
f 2772/490/2889 2778/555/2890 2773/556/2891
f 2772/490/2892 2773/556/2893 2771/492/1368
f 2771/492/1371 2773/556/2894 2770/557/413
f 2770/557/1374 2773/556/2895 2774/581/2896
f 2770/557/1374 2774/581/2897 2769/582/1968
f 2769/582/404 2774/581/2898 2775/606/2899
f 2769/582/901 2775/606/2899 2768/607/1240
f 2768/607/400 2775/606/2900 2776/518/2901
f 2768/607/400 2776/518/2901 2767/516/899
f 2767/516/394 2776/518/2902 2765/517/897
f 2767/516/394 2765/517/897 2766/515/897
f 2756/551/1870 2757/576/1868 2793/552/2903
f 2793/552/2903 2757/576/2115 2794/577/2904
f 2793/552/2875 2794/577/2905 2788/553/2906
f 2788/553/2907 2794/577/2908 2789/578/2909
f 2788/553/2910 2789/578/2911 2783/554/2912
f 2783/554/2912 2789/578/2911 2784/579/2913
f 2783/554/2914 2784/579/2915 2778/555/2916
f 2778/555/2917 2784/579/2918 2779/580/2919
f 2778/555/2920 2779/580/2921 2773/556/2922
f 2773/556/2923 2779/580/2921 2774/581/2924
f 2757/576/2114 2758/601/1770 2794/577/2925
f 2794/577/2904 2758/601/2081 2795/602/2926
f 2794/577/2927 2795/602/2928 2789/578/2929
f 2789/578/2930 2795/602/2928 2790/603/2931
f 2789/578/2932 2790/603/2933 2784/579/2934
f 2784/579/2934 2790/603/2933 2785/604/2935
f 2784/579/2936 2785/604/2935 2779/580/2937
f 2779/580/2938 2785/604/2935 2780/605/2939
f 2779/580/2921 2780/605/2940 2774/581/2941
f 2774/581/2942 2780/605/2940 2775/606/2899
f 2758/601/1679 2759/528/1678 2795/602/2943
f 2795/602/2943 2759/528/1678 2796/526/2944
f 2795/602/2943 2796/526/2945 2790/603/2946
f 2790/603/2947 2796/526/2948 2791/524/2949
f 2790/603/2950 2791/524/2951 2785/604/2952
f 2785/604/2952 2791/524/2953 2786/522/2954
f 2785/604/2952 2786/522/2955 2780/605/2956
f 2780/605/2957 2786/522/2955 2781/520/2958
f 2780/605/2959 2781/520/2960 2775/606/2900
f 2775/606/2900 2781/520/2960 2776/518/2901
f 2759/528/2154 2760/527/2354 2796/526/2961
f 2796/526/2962 2760/527/2354 2761/525/2354
f 2796/526/2963 2761/525/2354 2791/524/2951
f 2791/524/2964 2761/525/2354 2762/523/2354
f 2791/524/2951 2762/523/1393 2786/522/2965
f 2786/522/2966 2762/523/2354 2763/521/2220
f 2786/522/2965 2763/521/1393 2781/520/2967
f 2781/520/2967 2763/521/897 2764/519/897
f 2781/520/2967 2764/519/897 2776/518/2902
f 2776/518/2902 2764/519/897 2765/517/897
f 2819/1246/876 2797/1247/327 2820/1248/2968
f 2820/1248/2969 2797/1247/327 2798/1249/327
f 2820/1248/2970 2798/1249/327 2825/1250/2971
f 2825/1250/2972 2798/1249/327 2799/1251/327
f 2825/1250/2972 2799/1251/2349 2830/1252/2973
f 2830/1252/2974 2799/1251/1336 2800/1253/327
f 2830/1252/2975 2800/1253/2349 2835/1254/2976
f 2835/1254/2977 2800/1253/2349 2801/1255/2349
f 2835/1254/2976 2801/1255/2349 2840/1256/2978
f 2840/1256/2979 2801/1255/2349 2802/1257/2349
f 2840/1256/2980 2802/1257/2349 2804/1258/1956
f 2804/1258/1956 2802/1257/2349 2803/1259/2349
f 2804/1258/2020 2805/1260/2021 2840/1256/2981
f 2840/1256/2981 2805/1260/2021 2841/1261/2982
f 2840/1256/2981 2841/1261/2982 2835/1254/2983
f 2835/1254/2983 2841/1261/2982 2836/1262/2984
f 2835/1254/2985 2836/1262/2986 2830/1252/2987
f 2830/1252/2987 2836/1262/2988 2831/1263/2989
f 2830/1252/2990 2831/1263/2989 2825/1250/2991
f 2825/1250/2991 2831/1263/2989 2826/1264/2992
f 2825/1250/2993 2826/1264/2994 2820/1248/2995
f 2820/1248/2995 2826/1264/2996 2821/1265/2997
f 2820/1248/2995 2821/1265/2997 2819/1246/914
f 2819/1246/914 2821/1265/2997 2818/1266/913
f 2818/1266/959 2821/1265/2998 2822/1267/2999
f 2818/1266/959 2822/1267/3000 2817/1268/1198
f 2817/1268/1081 2822/1267/3001 2823/1269/3002
f 2817/1268/1961 2823/1269/3003 2816/1270/1197
f 2816/1270/1357 2823/1269/3004 2824/1271/3005
f 2816/1270/1357 2824/1271/3005 2815/1272/908
f 2815/1272/1361 2824/1271/3006 2813/1273/2213
f 2815/1272/1080 2813/1273/3007 2814/1274/1947
f 2805/1260/1802 2806/1275/1818 2841/1261/3008
f 2841/1261/3008 2806/1275/1818 2842/1276/3009
f 2841/1261/3010 2842/1276/3009 2836/1262/3011
f 2836/1262/3011 2842/1276/3012 2837/1277/3013
f 2836/1262/3014 2837/1277/3015 2831/1263/3016
f 2831/1263/3016 2837/1277/3015 2832/1278/3017
f 2831/1263/3016 2832/1278/3018 2826/1264/3019
f 2826/1264/3020 2832/1278/3021 2827/1279/3022
f 2826/1264/3023 2827/1279/3024 2821/1265/2998
f 2821/1265/3025 2827/1279/3024 2822/1267/3026
f 2806/1275/1818 2807/1280/1819 2842/1276/3027
f 2842/1276/3027 2807/1280/1819 2843/1281/3028
f 2842/1276/3029 2843/1281/3030 2837/1277/3031
f 2837/1277/3032 2843/1281/3030 2838/1282/3033
f 2837/1277/3034 2838/1282/3035 2832/1278/3036
f 2832/1278/3037 2838/1282/3035 2833/1283/3038
f 2832/1278/3039 2833/1283/3040 2827/1279/3041
f 2827/1279/3041 2833/1283/3040 2828/1284/3042
f 2827/1279/3024 2828/1284/3043 2822/1267/3044
f 2822/1267/3044 2828/1284/3042 2823/1269/3045
f 2807/1280/2130 2808/1285/2131 2843/1281/3046
f 2843/1281/3047 2808/1285/2131 2844/1286/3048
f 2843/1281/3049 2844/1286/3050 2838/1282/3051
f 2838/1282/3052 2844/1286/3050 2839/1287/3053
f 2838/1282/3054 2839/1287/3055 2833/1283/3056
f 2833/1283/3057 2839/1287/3058 2834/1288/3059
f 2833/1283/3057 2834/1288/3060 2828/1284/3061
f 2828/1284/3062 2834/1288/3059 2829/1289/3063
f 2828/1284/3064 2829/1289/3065 2823/1269/3066
f 2823/1269/3066 2829/1289/3067 2824/1271/3068
f 2808/1285/1593 1616/1290/1603 2844/1286/3069
f 2844/1286/3069 1616/1290/1603 2809/1291/3070
f 2844/1286/3071 2809/1291/3072 2839/1287/3073
f 2839/1287/3073 2809/1291/3072 2810/1292/3074
f 2839/1287/3055 2810/1292/3075 2834/1288/3076
f 2834/1288/3076 2810/1292/1843 2811/1293/2194
f 2834/1288/3077 2811/1293/2070 2829/1289/3078
f 2829/1289/3079 2811/1293/2250 2812/1294/2028
f 2829/1289/3080 2812/1294/3081 2824/1271/3082
f 2824/1271/3083 2812/1294/1652 2813/1273/1945
f 2846/1339/2350 2851/1340/2350 2845/1341/2349
f 2845/1341/2349 2851/1340/2350 2852/1342/2350
f 2845/1341/2349 2852/1342/2348 2853/1343/2348
f 2853/1343/2020 2852/1342/2020 2857/1344/2021
f 2853/1343/2020 2857/1344/2021 2858/1345/2021
f 2858/1345/2057 2857/1344/2057 2862/1346/2058
f 2858/1345/2057 2862/1346/2058 2806/1347/2058
f 2806/1347/2261 2862/1346/2261 2807/1348/1821
f 2807/1348/1821 2862/1346/2261 2866/1349/1821
f 2807/1348/1526 2866/1349/1526 2808/1350/1527
f 2808/1350/1527 2866/1349/1526 2870/1351/1527
f 2808/1350/1592 2870/1351/1592 1616/1352/1590
f 1616/1352/1590 2870/1351/1592 2869/1353/1592
f 1616/1352/1590 2869/1353/1592 2868/1354/1592
f 2868/1354/1527 2869/1353/1527 2864/1355/1526
f 2868/1354/1527 2864/1355/1526 2863/1356/1526
f 2863/1356/1821 2864/1355/1821 2859/1357/2261
f 2863/1356/1821 2859/1357/2261 2848/1358/2261
f 2848/1358/2058 2859/1357/2058 2847/1359/2057
f 2847/1359/2057 2859/1357/2058 2855/1360/2057
f 2847/1359/2021 2855/1360/2021 2846/1339/2020
f 2846/1339/2020 2855/1360/2021 2851/1340/2020
f 2848/1358/2261 2849/1361/1821 2863/1356/1821
f 2863/1356/1526 2849/1361/1526 2867/1362/1527
f 2863/1356/1526 2867/1362/1527 2868/1354/1527
f 2868/1354/1592 2867/1362/1592 1617/1363/1590
f 2868/1354/1592 1617/1363/1590 1616/1352/1590
f 2849/1361/1526 2850/1364/1527 2867/1362/1527
f 2867/1362/1592 2850/1364/1592 1617/1363/1590
f 2806/1347/2058 2805/1365/2057 2858/1345/2057
f 2858/1345/2021 2805/1365/2021 2854/1366/2020
f 2858/1345/2021 2854/1366/2020 2853/1343/2020
f 2853/1343/2350 2854/1366/2350 2803/1367/2349
f 2853/1343/2350 2803/1367/2349 2845/1341/2349
f 2805/1365/2021 2804/1368/2020 2854/1366/2020
f 2854/1366/2350 2804/1368/2350 2803/1367/2349
f 2852/1342/2020 2851/1340/2020 2856/1369/2021
f 2856/1369/2021 2851/1340/2020 2855/1360/2021
f 2856/1369/2057 2855/1360/2057 2860/1370/2058
f 2860/1370/2058 2855/1360/2057 2859/1357/2058
f 2860/1370/2261 2859/1357/2261 2864/1355/1821
f 2852/1342/2020 2856/1369/2021 2857/1344/2021
f 2857/1344/2057 2856/1369/2057 2861/1371/2058
f 2857/1344/2057 2861/1371/2058 2862/1346/2058
f 2862/1346/2261 2861/1371/2261 2866/1349/1821
f 2861/1371/2058 2856/1369/2057 2860/1370/2058
f 2861/1371/2261 2860/1370/2261 2865/1372/1821
f 2865/1372/1821 2860/1370/2261 2864/1355/1821
f 2865/1372/1526 2864/1355/1526 2869/1353/1527
f 2870/1351/1527 2866/1349/1526 2865/1372/1526
f 2865/1372/1821 2866/1349/1821 2861/1371/2261
f 2870/1351/1527 2865/1372/1526 2869/1353/1527
f 1379/1373/1363 1378/1374/2213 2875/1375/1361
f 2875/1375/1361 1378/1374/2213 2880/1376/3084
f 2875/1375/1359 2880/1376/3085 2874/1377/1357
f 2874/1377/1357 2880/1376/1360 2885/1378/1358
f 2874/1377/1354 2885/1378/2211 2873/1379/1105
f 2873/1379/1352 2885/1378/1356 2890/1380/1353
f 2873/1379/1352 2890/1380/1351 2872/1381/439
f 2872/1381/2210 2890/1380/1351 2895/1382/1350
f 2872/1381/1343 2895/1382/1959 2871/1383/914
f 2871/1383/1341 2895/1382/1959 2900/1384/1345
f 2871/1383/1338 2900/1384/3086 2845/1385/327
f 2845/1385/327 2900/1384/3087 2846/1386/1337
f 2846/1386/1621 2900/1384/1626 2899/1387/1625
f 2846/1386/1621 2899/1387/2022 2847/1388/1622
f 2847/1388/1713 2899/1387/1716 2898/1389/2059
f 2847/1388/1802 2898/1389/2059 2848/1390/2058
f 2848/1390/3088 2898/1389/2262 2897/1391/2105
f 2848/1390/1818 2897/1391/2105 2849/1392/1821
f 2849/1392/1526 2897/1391/1528 2896/1393/1529
f 2849/1392/1526 2896/1393/1529 2850/1394/1527
f 2850/1394/1594 2896/1393/1595 1618/1395/1590
f 2850/1394/1593 1618/1395/1590 1617/1396/1590
f 1378/1374/1945 1377/1397/3081 2880/1376/1645
f 2880/1376/2026 1377/1397/1648 2879/1398/1646
f 2880/1376/2026 2879/1398/1733 2885/1378/3089
f 2885/1378/1640 2879/1398/1733 2884/1399/2025
f 2885/1378/1637 2884/1399/1639 2890/1380/2648
f 2890/1380/3090 2884/1399/1643 2889/1400/1636
f 2890/1380/2024 2889/1400/1638 2895/1382/1631
f 2895/1382/1631 2889/1400/3091 2894/1401/1632
f 2895/1382/1628 2894/1401/1630 2900/1384/2238
f 2900/1384/1626 2894/1401/3092 2899/1387/1627
f 1377/1397/1740 1376/1402/2070 2879/1398/1734
f 2879/1398/1734 1376/1402/2070 2878/1403/2288
f 2879/1398/2067 2878/1403/1736 2884/1399/2286
f 2884/1399/1732 2878/1403/2068 2883/1404/1735
f 2884/1399/1643 2883/1404/3093 2889/1400/1728
f 2889/1400/2240 2883/1404/1731 2888/1405/2064
f 2889/1400/1725 2888/1405/2063 2894/1401/2023
f 2894/1401/2652 2888/1405/2063 2893/1406/1724
f 2894/1401/2249 2893/1406/1723 2899/1387/2060
f 2899/1387/1629 2893/1406/3094 2898/1389/1719
f 1376/1402/2109 1375/1407/1843 2878/1403/2108
f 2878/1403/1736 1375/1407/1843 2877/1408/1841
f 2878/1403/1736 2877/1408/1840 2883/1404/1735
f 2883/1404/2107 2877/1408/1840 2882/1409/1838
f 2883/1404/1836 2882/1409/3095 2888/1405/2655
f 2888/1405/2655 2882/1409/2193 2887/1410/1832
f 2888/1405/1829 2887/1410/3096 2893/1406/1827
f 2893/1406/2106 2887/1410/1832 2892/1411/1831
f 2893/1406/1723 2892/1411/1826 2898/1389/1820
f 2898/1389/1820 2892/1411/1826 2897/1391/1824
f 1375/1407/1548 1374/1412/1550 2877/1408/1545
f 2877/1408/1547 1374/1412/1550 2876/1413/1546
f 2877/1408/1545 2876/1413/1546 2882/1409/1543
f 2882/1409/1543 2876/1413/2016 2881/1414/1544
f 2882/1409/1540 2881/1414/1542 2887/1410/1536
f 2887/1410/1536 2881/1414/1542 2886/1415/1538
f 2887/1410/1536 2886/1415/1537 2892/1411/1534
f 2892/1411/2205 2886/1415/1537 2891/1416/1535
f 2892/1411/1531 2891/1416/1533 2897/1391/1528
f 2897/1391/1528 2891/1416/1533 2896/1393/1529
f 1374/1412/2015 1373/1417/1601 2876/1413/1604
f 2876/1413/1604 1373/1417/1601 1622/1418/1601
f 2876/1413/1604 1622/1418/1601 2881/1414/1602
f 2881/1414/1602 1622/1418/1601 1621/1419/1601
f 2881/1414/2017 1621/1419/1601 2886/1415/2019
f 2886/1415/1600 1621/1419/1601 1620/1420/1601
f 2886/1415/1600 1620/1420/1590 2891/1416/1597
f 2891/1416/1597 1620/1420/1590 1619/1421/1590
f 2891/1416/1597 1619/1421/1590 2896/1393/1595
f 2896/1393/1596 1619/1421/1590 1618/1395/1590
f 2901/82/897 2902/1422/1395 2911/1423/3097
f 2911/1423/3097 2902/1422/2154 2916/1424/1673
f 2911/1423/1388 2916/1424/1973 2910/1425/2152
f 2910/1425/2152 2916/1424/1973 2921/1426/1387
f 2910/1425/1970 2921/1426/1971 2909/1427/1382
f 2909/1427/1382 2921/1426/1971 2926/1428/1383
f 2909/1427/1379 2926/1428/1381 2908/1429/1377
f 2908/1429/1377 2926/1428/1381 2931/1430/2218
f 2908/1429/1373 2931/1430/2217 2907/1431/1371
f 2907/1431/1371 2931/1430/2217 2936/1432/3098
f 2907/1431/1368 2936/1432/2216 1380/1373/904
f 1380/1373/1366 2936/1432/2215 1381/1374/2214
f 1381/1374/1649 2936/1432/1651 2935/1433/1746
f 1381/1374/1649 2935/1433/1653 1382/1397/1650
f 1382/1397/2241 2935/1433/1746 2934/1434/2289
f 1382/1397/1743 2934/1434/3099 1383/1402/1742
f 1383/1402/2109 2934/1434/1845 2933/1435/1847
f 1383/1402/1742 2933/1435/1847 1384/1407/1843
f 1384/1407/1549 2933/1435/2298 2932/1436/1552
f 1384/1407/1548 2932/1436/1552 1385/1412/1550
f 1385/1412/2015 2932/1436/2014 1593/1437/1601
f 1385/1412/2015 1593/1437/1601 1386/1417/1601
f 2902/1422/1678 2903/1438/2243 2916/1424/1392
f 2916/1424/1676 2903/1438/3100 2915/1439/1767
f 2916/1424/1672 2915/1439/1675 2921/1426/1670
f 2921/1426/3101 2915/1439/3102 2920/1440/1674
f 2921/1426/1667 2920/1440/1669 2926/1428/1665
f 2926/1428/3103 2920/1440/2032 2925/1441/2031
f 2926/1428/1665 2925/1441/3104 2931/1430/1659
f 2931/1430/1659 2925/1441/3104 2930/1442/1660
f 2931/1430/1656 2930/1442/2030 2936/1432/2242
f 2936/1432/2242 2930/1442/2279 2935/1433/1655
f 2903/1438/1770 2904/1443/1771 2915/1439/2079
f 2915/1439/2079 2904/1443/2114 2914/1444/1768
f 2915/1439/1764 2914/1444/1766 2920/1440/2291
f 2920/1440/1759 2914/1444/1766 2919/1445/1763
f 2920/1440/2076 2919/1445/1762 2925/1441/2075
f 2925/1441/2075 2919/1445/1762 2924/1446/1761
f 2925/1441/1755 2924/1446/1756 2930/1442/1753
f 2930/1442/3105 2924/1446/1756 2929/1447/1754
f 2930/1442/2180 2929/1447/1849 2935/1433/2029
f 2935/1433/2029 2929/1447/2290 2934/1434/1748
f 2904/1443/2362 2905/1448/1875 2914/1444/1866
f 2914/1444/2113 2905/1448/1875 2913/1449/1869
f 2914/1444/1864 2913/1449/1865 2919/1445/1861
f 2919/1445/1763 2913/1449/1865 2918/1450/1862
f 2919/1445/2197 2918/1450/3106 2924/1446/1854
f 2924/1446/3107 2918/1450/1862 2923/1451/2293
f 2924/1446/2669 2923/1451/3108 2929/1447/1852
f 2929/1447/1850 2923/1451/1857 2928/1452/1856
f 2929/1447/3109 2928/1452/1851 2934/1434/2110
f 2934/1434/2196 2928/1452/1851 2933/1435/1848
f 2905/1448/1567 2906/1453/1568 2913/1449/1565
f 2913/1449/1565 2906/1453/1568 2912/1454/1566
f 2913/1449/1565 2912/1454/1566 2918/1450/1561
f 2918/1450/2134 2912/1454/1566 2917/1455/2206
f 2918/1450/1562 2917/1455/1563 2923/1451/1558
f 2923/1451/1558 2917/1455/1563 2922/1456/1560
f 2923/1451/1558 2922/1456/1559 2928/1452/1553
f 2928/1452/1556 2922/1456/1559 2927/1457/1557
f 2928/1452/1554 2927/1457/1555 2933/1435/1551
f 2933/1435/3110 2927/1457/1555 2932/1436/1552
f 2906/1453/1618 1598/1129/1450 2912/1454/3111
f 2912/1454/1616 1598/1129/1450 1597/1458/1450
f 2912/1454/1615 1597/1458/1450 2917/1455/1614
f 2917/1455/1613 1597/1458/1450 1596/1459/1450
f 2917/1455/1613 1596/1459/1450 2922/1456/3112
f 2922/1456/1611 1596/1459/1450 1595/1460/1450
f 2922/1456/1611 1595/1460/1601 2927/1457/2011
f 2927/1457/1609 1595/1460/1601 1594/1461/1601
f 2927/1457/1609 1594/1461/1601 2932/1436/1608
f 2932/1436/1608 1594/1461/1601 1593/1437/1601
f 2906/1339/1617 2937/1340/1617 1598/1341/1450
f 1598/1341/1450 2937/1340/1617 2938/1342/1617
f 1598/1341/1450 2938/1342/1617 2939/1343/1617
f 2939/1343/1568 2938/1342/1568 2943/1344/1567
f 2939/1343/1568 2943/1344/1567 2944/1345/1567
f 2944/1345/1875 2943/1344/1875 2948/1346/2265
f 2944/1345/1875 2948/1346/2265 2757/1347/2265
f 2757/1347/1775 2948/1346/1775 2758/1348/2081
f 2758/1348/2081 2948/1346/1775 2952/1349/2081
f 2758/1348/1679 2952/1349/1679 2759/1350/1678
f 2759/1350/1678 2952/1349/1679 2956/1351/1678
f 2759/1350/2154 2956/1351/2154 2760/1352/2354
f 2760/1352/2354 2956/1351/2154 2955/1353/2154
f 2760/1352/2354 2955/1353/2154 2954/1354/2154
f 2954/1354/1678 2955/1353/1678 2950/1355/1679
f 2954/1354/1678 2950/1355/1679 2949/1356/1679
f 2949/1356/2081 2950/1355/2081 2945/1357/1775
f 2949/1356/2081 2945/1357/1775 2904/1358/1775
f 2904/1358/2265 2945/1357/2265 2905/1359/1875
f 2905/1359/1875 2945/1357/2265 2941/1360/1875
f 2905/1359/1567 2941/1360/1567 2906/1339/1568
f 2906/1339/1568 2941/1360/1567 2937/1340/1568
f 2904/1358/1775 2903/1361/2081 2949/1356/2081
f 2949/1356/1679 2903/1361/1679 2953/1362/1678
f 2949/1356/1679 2953/1362/1678 2954/1354/1678
f 2954/1354/2154 2953/1362/2154 2901/1363/2354
f 2954/1354/2678 2901/1363/2354 2760/1352/2354
f 2903/1361/1679 2902/1364/1678 2953/1362/1678
f 2953/1362/2154 2902/1364/2154 2901/1363/2354
f 2757/1347/2265 2756/1365/1875 2944/1345/1875
f 2944/1345/1567 2756/1365/1567 2940/1366/1568
f 2944/1345/1567 2940/1366/1568 2939/1343/1568
f 2939/1343/1617 2940/1366/1617 1599/1367/1450
f 2939/1343/1617 1599/1367/1450 1598/1341/1450
f 2756/1365/1567 2755/1368/1568 2940/1366/1568
f 2940/1366/1617 2755/1368/1617 1599/1367/1450
f 2938/1342/1568 2937/1340/1568 2942/1369/1567
f 2942/1369/1567 2937/1340/1568 2941/1360/1567
f 2942/1369/1875 2941/1360/1875 2946/1370/2265
f 2946/1370/2265 2941/1360/1875 2945/1357/2265
f 2946/1370/1775 2945/1357/1775 2950/1355/2081
f 2938/1342/1568 2942/1369/1567 2943/1344/1567
f 2943/1344/1875 2942/1369/1875 2947/1371/2265
f 2943/1344/1875 2947/1371/2265 2948/1346/2265
f 2948/1346/1775 2947/1371/1775 2952/1349/2081
f 2947/1371/2265 2942/1369/1875 2946/1370/2265
f 2947/1371/1775 2946/1370/1775 2951/1372/2081
f 2951/1372/2081 2946/1370/1775 2950/1355/2081
f 2951/1372/1679 2950/1355/1679 2955/1353/1678
f 2956/1351/1678 2952/1349/1679 2951/1372/1679
f 2951/1372/2081 2952/1349/2081 2947/1371/1775
f 2956/1351/1678 2951/1372/1679 2955/1353/1678
f 2528/1462/1947 2814/1463/1947 2529/1464/1946
f 2529/1464/1946 2814/1463/1947 2813/1465/1946
f 2529/1464/1945 2813/1465/1945 2530/1466/1652
f 2530/1466/1652 2813/1465/1945 2812/1467/1652
f 2530/1466/1740 2812/1467/1740 2531/1468/2250
f 2531/1468/2250 2812/1467/1740 2811/1469/2250
f 2531/1468/2109 2811/1469/2109 2532/1470/1843
f 2532/1470/1843 2811/1469/2109 2810/1471/1843
f 2532/1470/1549 2810/1471/1549 2533/1472/1550
f 2533/1472/1550 2810/1471/1549 2809/1473/1550
f 2533/1472/1606 2809/1473/1606 1615/1474/1601
f 1615/1474/1601 2809/1473/2015 1616/1475/1601
f 2819/1476/1075 2957/1477/1075 2797/1478/327
f 2797/1478/327 2957/1477/1075 2958/1479/1075
f 2797/1478/327 2958/1479/1075 2959/1480/1075
f 2959/1480/914 2958/1479/914 2965/1481/913
f 2959/1480/914 2965/1481/913 2966/1482/913
f 2966/1482/439 2965/1481/439 2972/1483/912
f 2966/1482/439 2972/1483/912 2973/1484/912
f 2973/1484/1081 2972/1483/1081 2979/1485/910
f 2973/1484/1081 2979/1485/910 2980/1486/910
f 2980/1486/909 2979/1485/909 2986/1487/424
f 2980/1486/1197 2986/1487/908 2611/1488/908
f 2611/1488/424 2986/1487/424 2589/1489/906
f 2589/1489/906 2986/1487/424 2985/1490/424
f 2589/1489/1099 2985/1490/907 2984/1491/907
f 2984/1491/908 2985/1490/908 2978/1492/1197
f 2984/1491/424 2978/1492/909 2977/1493/909
f 2977/1493/910 2978/1492/910 2971/1494/1081
f 2977/1493/910 2971/1494/1081 2970/1495/1081
f 2970/1495/912 2971/1494/912 2964/1496/439
f 2970/1495/912 2964/1496/439 2963/1497/439
f 2963/1497/913 2964/1496/913 2957/1477/914
f 2963/1497/913 2957/1477/914 2819/1476/914
f 2819/1476/914 2818/1498/913 2963/1497/913
f 2963/1497/439 2818/1498/439 2969/1499/912
f 2963/1497/439 2969/1499/912 2970/1495/912
f 2970/1495/1081 2969/1499/1081 2976/1500/910
f 2970/1495/1081 2976/1500/910 2977/1493/910
f 2977/1493/909 2976/1500/909 2983/1501/424
f 2977/1493/1197 2983/1501/908 2984/1491/908
f 2984/1491/908 2983/1501/908 2589/1489/3113
f 2818/1498/439 2817/1502/912 2969/1499/912
f 2969/1499/911 2817/1502/1081 2975/1503/910
f 2969/1499/1081 2975/1503/910 2976/1500/910
f 2976/1500/909 2975/1503/909 2982/1504/424
f 2976/1500/1197 2982/1504/908 2983/1501/908
f 2983/1501/3114 2982/1504/3114 2814/1505/1099
f 2983/1501/1080 2814/1505/906 2589/1489/906
f 2817/1502/1105 2816/1506/1197 2975/1503/1197
f 2975/1503/909 2816/1506/909 2981/1507/908
f 2975/1503/1197 2981/1507/908 2982/1504/908
f 2982/1504/424 2981/1507/424 2814/1505/906
f 2816/1506/1197 2815/1508/908 2981/1507/908
f 2981/1507/424 2815/1508/424 2814/1505/906
f 2611/1488/908 2610/1509/909 2980/1486/909
f 2980/1486/1197 2610/1509/1197 2974/1510/1105
f 2980/1486/910 2974/1510/1081 2973/1484/1081
f 2973/1484/912 2974/1510/912 2967/1511/439
f 2973/1484/912 2967/1511/439 2966/1482/439
f 2966/1482/913 2967/1511/913 2960/1512/914
f 2966/1482/913 2960/1512/914 2959/1480/914
f 2959/1480/1075 2960/1512/1075 2797/1478/327
f 2610/1509/910 2609/1513/911 2974/1510/1081
f 2974/1510/912 2609/1513/912 2968/1514/439
f 2974/1510/1198 2968/1514/439 2967/1511/439
f 2967/1511/913 2968/1514/913 2961/1515/914
f 2967/1511/913 2961/1515/914 2960/1512/914
f 2960/1512/1075 2961/1515/1075 2606/1516/327
f 2960/1512/1075 2606/1516/327 2797/1478/327
f 2609/1513/912 2608/1517/439 2968/1514/439
f 2968/1514/913 2608/1517/913 2962/1518/914
f 2968/1514/913 2962/1518/914 2961/1515/914
f 2961/1515/1075 2962/1518/1075 2606/1516/327
f 2608/1517/913 2607/1519/914 2962/1518/914
f 2962/1518/1075 2607/1519/1075 2606/1516/327
f 2965/1481/913 2958/1479/914 2964/1496/913
f 2964/1496/913 2958/1479/914 2957/1477/914
f 2972/1483/912 2965/1481/439 2971/1494/1198
f 2971/1494/912 2965/1481/439 2964/1496/439
f 2979/1485/910 2972/1483/1081 2978/1492/910
f 2978/1492/910 2972/1483/1081 2971/1494/1081
f 2986/1487/908 2979/1485/1197 2985/1490/908
f 2985/1490/424 2979/1485/909 2978/1492/909
f 2449/1476/394 2987/1477/394 2427/1478/897
f 2427/1478/897 2987/1477/898 2988/1479/898
f 2427/1478/897 2988/1479/898 2989/1480/898
f 2989/1480/899 2988/1479/899 2995/1481/400
f 2989/1480/899 2995/1481/400 2996/1482/400
f 2996/1482/900 2995/1481/900 3002/1483/943
f 2996/1482/900 3002/1483/943 3003/1484/943
f 3003/1484/902 3002/1483/902 3009/1485/410
f 3003/1484/902 3009/1485/410 3010/1486/410
f 3010/1486/413 3009/1485/413 3016/1487/905
f 3010/1486/944 3016/1487/415 2771/1488/415
f 2771/1488/905 3016/1487/905 2749/1489/904
f 2749/1489/2699 3016/1487/905 3015/1490/905
f 2749/1489/1099 3015/1490/903 3014/1491/903
f 3014/1491/415 3015/1490/415 3008/1492/944
f 3014/1491/905 3008/1492/413 3007/1493/413
f 3007/1493/410 3008/1492/410 3001/1494/902
f 3007/1493/410 3001/1494/902 3000/1495/902
f 3000/1495/943 3001/1494/943 2994/1496/900
f 3000/1495/901 2994/1496/900 2993/1497/900
f 2993/1497/400 2994/1496/400 2987/1477/899
f 2993/1497/400 2987/1477/899 2449/1476/899
f 2449/1476/899 2448/1498/400 2993/1497/400
f 2993/1497/900 2448/1498/900 2999/1499/943
f 2993/1497/900 2999/1499/943 3000/1495/943
f 3000/1495/902 2999/1499/902 3006/1500/410
f 3000/1495/902 3006/1500/410 3007/1493/410
f 3007/1493/413 3006/1500/413 3013/1501/905
f 3007/1493/946 3013/1501/415 3014/1491/415
f 3014/1491/415 3013/1501/415 2749/1489/2699
f 2448/1498/900 2447/1502/943 2999/1499/943
f 2999/1499/404 2447/1502/404 3005/1503/410
f 2999/1499/902 3005/1503/410 3006/1500/410
f 3006/1500/413 3005/1503/413 3012/1504/905
f 3006/1500/944 3012/1504/415 3013/1501/415
f 3013/1501/2700 3012/1504/2700 2444/1505/1099
f 3013/1501/1079 2444/1505/904 2749/1489/904
f 2447/1502/902 2446/1506/944 3005/1503/944
f 3005/1503/413 2446/1506/413 3011/1507/415
f 3005/1503/944 3011/1507/415 3012/1504/415
f 3012/1504/905 3011/1507/905 2444/1505/904
f 2446/1506/944 2445/1508/415 3011/1507/415
f 3011/1507/905 2445/1508/905 2444/1505/904
f 2771/1488/415 2770/1509/413 3010/1486/413
f 3010/1486/944 2770/1509/944 3004/1510/902
f 3010/1486/410 3004/1510/902 3003/1484/902
f 3003/1484/943 3004/1510/943 2997/1511/900
f 3003/1484/943 2997/1511/900 2996/1482/900
f 2996/1482/400 2997/1511/400 2990/1512/899
f 2996/1482/400 2990/1512/899 2989/1480/899
f 2989/1480/394 2990/1512/394 2427/1478/897
f 2770/1509/410 2769/1513/404 3004/1510/404
f 3004/1510/943 2769/1513/943 2998/1514/900
f 3004/1510/943 2998/1514/900 2997/1511/900
f 2997/1511/400 2998/1514/400 2991/1515/899
f 2997/1511/400 2991/1515/899 2990/1512/899
f 2990/1512/898 2991/1515/898 2766/1516/2220
f 2990/1512/394 2766/1516/897 2427/1478/897
f 2769/1513/943 2768/1517/900 2998/1514/900
f 2998/1514/400 2768/1517/400 2992/1518/899
f 2998/1514/400 2992/1518/899 2991/1515/899
f 2991/1515/898 2992/1518/898 2766/1516/897
f 2768/1517/400 2767/1519/899 2992/1518/899
f 2992/1518/898 2767/1519/898 2766/1516/897
f 2995/1481/400 2988/1479/899 2994/1496/400
f 2994/1496/400 2988/1479/899 2987/1477/899
f 3002/1483/901 2995/1481/900 3001/1494/901
f 3001/1494/943 2995/1481/900 2994/1496/900
f 3009/1485/410 3002/1483/902 3008/1492/410
f 3008/1492/410 3002/1483/902 3001/1494/902
f 3016/1487/415 3009/1485/944 3015/1490/415
f 3015/1490/905 3009/1485/413 3008/1492/413
f 2749/1520/1947 2475/1521/1947 2750/1522/1946
f 2750/1522/1946 2475/1521/1947 2491/1523/1946
f 2750/1522/1945 2491/1523/1945 2751/1524/1652
f 2751/1524/1652 2491/1523/1945 2490/1525/1652
f 2751/1524/1740 2490/1525/1740 2752/1526/2250
f 2752/1526/2250 2490/1525/1740 2489/1527/2250
f 2752/1526/2109 2489/1527/2109 2753/1528/1843
f 2753/1528/1843 2489/1527/2109 2488/1529/1843
f 2753/1528/1549 2488/1529/1549 2754/1530/1550
f 2754/1530/1550 2488/1529/1549 2487/1531/1550
f 2754/1530/1606 2487/1531/1606 1599/1532/1601
f 1599/1532/1601 2487/1531/1606 1600/1533/1601
f 2589/1520/1100 2385/1521/1100 2590/1522/1101
f 2590/1522/1101 2385/1521/1100 2401/1523/1101
f 2590/1522/518 2401/1523/518 2591/1524/1117
f 2591/1524/1117 2401/1523/518 2400/1525/1117
f 2591/1524/1142 2400/1525/1142 2592/1526/1294
f 2592/1526/1294 2400/1525/1142 2399/1527/1294
f 2592/1526/1320 2399/1527/1320 2593/1528/737
f 2593/1528/737 2399/1527/1320 2398/1529/737
f 2593/1528/823 2398/1529/823 2594/1530/824
f 2594/1530/824 2398/1529/823 2397/1531/824
f 2594/1530/464 2397/1531/464 267/1532/453
f 267/1532/453 2397/1531/463 268/1533/453
f 2480/1295/1075 3017/1296/1075 2481/1297/327
f 2481/1297/327 3017/1296/1075 3018/1298/1075
f 2481/1297/327 3018/1298/1075 3019/1299/1075
f 3019/1299/914 3018/1298/914 3025/1300/913
f 3019/1299/914 3025/1300/913 3026/1301/913
f 3026/1301/439 3025/1300/439 3032/1302/912
f 3026/1301/439 3032/1302/912 3033/1303/912
f 3033/1303/1081 3032/1302/1081 3039/1304/910
f 3033/1303/1081 3039/1304/910 3040/1305/910
f 3040/1305/909 3039/1304/909 3046/1306/424
f 3040/1305/1197 3046/1306/908 2322/1307/908
f 2322/1307/424 3046/1306/424 2323/1308/906
f 2323/1308/906 3046/1306/424 3045/1309/424
f 2323/1308/1099 3045/1309/907 3044/1310/907
f 3044/1310/908 3045/1309/908 3038/1311/1197
f 3044/1310/424 3038/1311/909 3037/1312/909
f 3037/1312/910 3038/1311/910 3031/1313/1081
f 3037/1312/910 3031/1313/1081 3030/1314/1081
f 3030/1314/912 3031/1313/912 3024/1315/439
f 3030/1314/912 3024/1315/439 3023/1316/439
f 3023/1316/913 3024/1315/913 3017/1296/914
f 3023/1316/913 3017/1296/914 2480/1295/914
f 2480/1295/914 2479/1317/913 3023/1316/913
f 3023/1316/439 2479/1317/439 3029/1318/912
f 3023/1316/439 3029/1318/912 3030/1314/912
f 3030/1314/1081 3029/1318/1081 3036/1319/910
f 3030/1314/1081 3036/1319/910 3037/1312/910
f 3037/1312/909 3036/1319/909 3043/1320/424
f 3037/1312/1962 3043/1320/908 3044/1310/908
f 3044/1310/908 3043/1320/908 2323/1308/3113
f 2479/1317/439 2478/1321/912 3029/1318/912
f 3029/1318/911 2478/1321/1081 3035/1322/910
f 3029/1318/1081 3035/1322/910 3036/1319/910
f 3036/1319/909 3035/1322/909 3042/1323/424
f 3036/1319/1197 3042/1323/908 3043/1320/908
f 3043/1320/3114 3042/1323/3114 2475/1324/1099
f 3043/1320/1080 2475/1324/906 2323/1308/906
f 2478/1321/1105 2477/1325/1197 3035/1322/1197
f 3035/1322/909 2477/1325/909 3041/1326/908
f 3035/1322/1197 3041/1326/908 3042/1323/908
f 3042/1323/424 3041/1326/424 2475/1324/906
f 2477/1325/1197 2476/1327/908 3041/1326/908
f 3041/1326/424 2476/1327/424 2475/1324/906
f 2322/1307/908 2321/1328/909 3040/1305/909
f 3040/1305/1197 2321/1328/1197 3034/1329/1105
f 3040/1305/910 3034/1329/1081 3033/1303/1081
f 3033/1303/912 3034/1329/912 3027/1330/439
f 3033/1303/912 3027/1330/439 3026/1301/439
f 3026/1301/913 3027/1330/913 3020/1331/914
f 3026/1301/913 3020/1331/914 3019/1299/914
f 3019/1299/1075 3020/1331/1075 2481/1297/327
f 2321/1328/910 2320/1332/911 3034/1329/1081
f 3034/1329/912 2320/1332/912 3028/1333/439
f 3034/1329/1198 3028/1333/439 3027/1330/439
f 3027/1330/913 3028/1333/913 3021/1334/914
f 3027/1330/913 3021/1334/914 3020/1331/914
f 3020/1331/1075 3021/1334/1075 2317/1335/327
f 3020/1331/1075 2317/1335/327 2481/1297/327
f 2320/1332/912 2319/1336/439 3028/1333/439
f 3028/1333/913 2319/1336/913 3022/1337/914
f 3028/1333/913 3022/1337/914 3021/1334/914
f 3021/1334/1075 3022/1337/1075 2317/1335/327
f 2319/1336/913 2318/1338/914 3022/1337/914
f 3022/1337/1075 2318/1338/1075 2317/1335/327
f 3025/1300/913 3018/1298/914 3024/1315/913
f 3024/1315/913 3018/1298/914 3017/1296/914
f 3032/1302/912 3025/1300/439 3031/1313/1198
f 3031/1313/912 3025/1300/439 3024/1315/439
f 3039/1304/910 3032/1302/1081 3038/1311/910
f 3038/1311/910 3032/1302/1081 3031/1313/1081
f 3046/1306/908 3039/1304/1197 3045/1309/908
f 3045/1309/424 3039/1304/909 3038/1311/909
f 2323/1462/1100 2444/1463/1100 2324/1464/1101
f 2324/1464/1101 2444/1463/1100 2443/1465/1101
f 2324/1464/518 2443/1465/518 2325/1466/1117
f 2325/1466/1117 2443/1465/518 2442/1467/1117
f 2325/1466/1142 2442/1467/1142 2326/1468/1294
f 2326/1468/1294 2442/1467/1142 2441/1469/1294
f 2326/1468/1320 2441/1469/1320 2327/1470/737
f 2327/1470/737 2441/1469/1320 2440/1471/737
f 2327/1470/823 2440/1471/823 2328/1472/824
f 2328/1472/824 2440/1471/823 2439/1473/824
f 2328/1472/463 2439/1473/463 283/1474/453
f 283/1474/453 2439/1473/463 284/1475/453
f 2391/1534/2220 2522/1535/2220 2289/1536/2220
f 2289/1536/2220 2522/1535/2220 2363/1537/2220
f 2637/1538/2220 2433/1539/2220 3048/1540/2220
f 3048/1540/2220 2433/1539/2220 115/1541/2220
f 115/1541/2220 2433/1539/2220 2432/1542/2220
f 115/1541/2220 2432/1542/2220 2431/1543/2220
f 2431/1543/2220 2430/1544/2220 115/1541/2220
f 115/1541/2220 2430/1544/2220 2429/1545/2220
f 115/1541/2220 2429/1545/2220 2428/1546/2220
f 2428/1546/2220 2427/1547/2220 115/1541/2220
f 115/1541/2220 2427/1547/2220 2766/1548/2220
f 115/1541/2220 2766/1548/2220 116/1549/2220
f 116/1549/2220 2766/1548/2220 2765/1550/2220
f 116/1549/2220 2765/1550/2220 2764/1551/2220
f 2764/1551/2220 2763/1552/2220 116/1549/2220
f 116/1549/2220 2763/1552/2220 2762/1553/2220
f 116/1549/2220 2762/1553/2220 2761/1554/2220
f 2761/1554/2220 2760/1555/2220 116/1549/2220
f 116/1549/2220 2760/1555/2220 3047/1556/2220
f 3047/1556/2220 2760/1555/2220 2901/1557/2220
f 3047/1558/897 2901/1559/897 3054/1560/394
f 3054/1560/394 2901/1559/897 2911/1561/394
f 3054/1560/899 2911/1561/899 3053/1562/400
f 3053/1562/400 2911/1561/397 2910/1563/400
f 3053/1562/900 2910/1563/900 3052/1564/943
f 3052/1564/943 2910/1563/900 2909/1565/943
f 3052/1564/1196 2909/1565/1196 3051/1566/410
f 3051/1566/410 2909/1565/1196 2908/1567/410
f 3051/1566/944 2908/1567/944 3050/1568/415
f 3050/1568/415 2908/1567/413 2907/1569/415
f 3050/1568/1079 2907/1569/1079 3049/1570/904
f 3049/1570/904 2907/1569/905 1380/1571/904
f 1379/1572/1099 3055/1573/1099 1380/1574/1099
f 1380/1574/1099 3055/1573/1099 3049/1575/1099
f 3055/1570/906 1379/1571/906 3061/1576/1080
f 3061/1576/1080 1379/1571/906 2875/1577/1080
f 3061/1576/908 2875/1577/908 3060/1578/909
f 3060/1578/909 2875/1577/908 2874/1579/909
f 3060/1578/910 2874/1579/910 3059/1580/3115
f 3059/1580/1081 2874/1579/910 2873/1581/1081
f 3059/1580/912 2873/1581/912 3058/1582/439
f 3058/1582/439 2873/1581/912 2872/1583/439
f 3058/1582/913 2872/1583/913 3057/1584/914
f 3057/1584/914 2872/1583/913 2871/1585/914
f 3057/1584/1075 2871/1585/1075 3056/188/327
f 3056/188/327 2871/1585/1075 2845/1586/327
f 2528/1587/1099 2385/1588/1099 2814/1589/1099
f 2814/1589/1099 2385/1588/1099 2589/1590/1099
f 2749/1587/1099 2444/1588/1099 2475/1589/1099
f 2475/1589/1099 2444/1588/1099 2323/1590/1099
f 1207/1591/1589 3075/1592/1589 1184/1593/1589
f 1184/1593/1589 3075/1592/1589 673/1594/1589
f 1184/1593/1589 673/1594/1589 1185/1595/1589
f 1185/1595/1589 673/1594/1589 672/1596/1589
f 1185/1595/1589 672/1596/1589 1186/1597/1589
f 1186/1597/1589 672/1596/1589 671/1598/1589
f 1186/1597/1589 671/1598/1589 1187/1599/1589
f 1187/1599/1589 671/1598/1589 1188/1600/1589
f 1188/1600/1589 671/1598/1589 1189/1601/1589
f 1189/1601/1589 671/1598/1589 670/1602/1589
f 1189/1601/1589 670/1602/1589 1190/1603/1589
f 1190/1603/1589 670/1602/1589 1191/1604/1589
f 1191/1604/1589 670/1602/1589 669/1605/1589
f 1191/1604/1589 669/1605/1589 1192/1606/1589
f 1192/1606/1589 669/1605/1589 1193/1607/1589
f 1193/1607/1589 669/1605/1589 1194/1608/1589
f 1194/1608/1589 669/1605/1589 668/1609/1589
f 1194/1608/1589 668/1609/1589 1195/1610/1589
f 1195/1610/1589 668/1609/1589 667/1611/1589
f 1195/1610/1589 667/1611/1589 1196/1612/1589
f 1196/1612/1589 667/1611/1589 3074/1613/1589
f 1196/1612/1589 3074/1613/1589 1197/1614/1589
f 1197/1614/1589 3074/1613/1589 1198/1615/1589
f 1198/1615/1589 3074/1613/1589 1199/1616/1589
f 1199/1616/1589 3074/1613/1589 1200/1617/1589
f 1200/1617/1589 3074/1613/1589 1201/1618/1589
f 1201/1618/1601 3074/1613/1601 1202/1619/1601
f 1202/1619/1589 3074/1613/1589 3075/1592/1589
f 1202/1619/1601 3075/1592/1601 1203/1620/1601
f 1203/1620/1589 3075/1592/1589 1204/1621/1589
f 1204/1621/1589 3075/1592/1589 1205/1622/1589
f 1205/1622/1589 3075/1592/1589 1206/1623/1589
f 1206/1623/1589 3075/1592/1589 1207/1591/1589
f 989/1624/1589 988/1625/1589 664/1626/1589
f 664/1626/1589 988/1625/1589 1011/1627/1589
f 664/1626/1589 1011/1627/1589 665/1628/1589
f 665/1628/1589 1011/1627/1589 1010/1629/1589
f 665/1628/1589 1010/1629/1589 1009/1630/1589
f 665/1628/1589 1009/1630/1589 666/1631/1589
f 666/1631/1589 1009/1630/1589 1008/1632/1589
f 666/1631/1589 1008/1632/1589 1007/1633/1589
f 666/1631/1589 1007/1633/1589 3074/1613/1589
f 3074/1613/1589 1007/1633/1589 1006/1634/1589
f 3074/1613/1589 1006/1634/1589 1005/1635/1589
f 1005/1635/1589 1004/1636/1589 3074/1613/1589
f 3074/1613/1589 1004/1636/1589 3068/1540/1589
f 3074/1613/1589 3068/1540/1589 3073/1637/1589
f 3073/1637/1589 3068/1540/1589 3072/1638/1589
f 3072/1638/1589 3068/1540/1589 3071/1639/1589
f 3071/1639/1589 3068/1540/1589 3070/1640/1589
f 3070/1640/1589 3068/1540/1589 3069/1641/1589
f 1004/1636/1589 1003/1642/1589 3068/1540/1589
f 3068/1540/1589 1003/1642/1589 1002/1643/1589
f 3068/1540/1589 1002/1643/1589 1001/1644/1589
f 1001/1644/1589 1000/1645/1589 3068/1540/1589
f 3068/1540/1589 1000/1645/1589 999/1646/1589
f 3068/1540/1589 999/1646/1589 3067/82/1589
f 3067/82/1589 999/1646/1589 998/1647/1589
f 3067/82/1589 998/1647/1589 997/1648/1589
f 997/1648/1589 996/1649/1589 3067/82/1589
f 3067/82/1589 996/1649/1589 3082/1650/1589
f 3067/82/1589 3082/1650/1589 133/1651/1589
f 133/1651/1589 3082/1650/1589 3083/1652/1589
f 133/1651/1589 3083/1652/1589 3084/1653/1589
f 996/1649/1589 995/1654/1589 3082/1650/1589
f 3082/1650/1589 995/1654/1589 994/1655/1589
f 3082/1650/1589 994/1655/1589 993/1656/1589
f 992/1657/1589 662/1658/1589 993/1656/1589
f 993/1656/1589 662/1658/1589 661/1659/1589
f 993/1656/1589 661/1659/1589 3082/1650/1589
f 3082/1650/1589 661/1659/1589 496/1660/1589
f 3082/1650/1589 496/1660/1589 495/1661/1589
f 992/1657/1589 991/1662/1589 662/1658/1589
f 662/1658/1589 991/1662/1589 663/1663/1589
f 663/1663/1589 991/1662/1589 990/1664/1589
f 663/1663/1589 990/1664/1589 989/1624/1589
f 663/1663/1589 989/1624/1589 664/1626/1589
f 821/1665/1589 820/1666/1589 3048/1667/1589
f 3048/1667/1589 820/1666/1589 843/1668/1589
f 3048/1667/1589 843/1668/1589 842/1669/1589
f 842/1669/1589 841/1670/1589 3048/1667/1589
f 3048/1667/1589 841/1670/1589 840/1671/1589
f 3048/1667/1589 840/1671/1589 3075/1592/1589
f 3075/1592/1589 840/1671/1589 839/1672/1589
f 3075/1592/1589 839/1672/1589 838/1673/1589
f 838/1673/1589 837/1674/1589 3075/1592/1589
f 3075/1592/1589 837/1674/1589 674/1675/1589
f 3075/1592/1589 674/1675/1589 673/1594/1589
f 837/1674/1589 836/1676/1589 674/1675/1589
f 674/1675/1589 836/1676/1589 835/1677/1589
f 674/1675/1589 835/1677/1589 675/1678/1589
f 675/1678/1589 835/1677/1589 834/1679/1589
f 675/1678/1589 834/1679/1589 833/1680/1589
f 675/1678/1589 833/1680/1589 652/1681/1589
f 652/1681/1589 833/1680/1589 832/1682/1589
f 652/1681/1589 832/1682/1589 831/1683/1589
f 652/1681/1589 831/1683/1589 653/1684/1589
f 653/1684/1589 831/1683/1589 830/1685/1589
f 653/1684/1589 830/1685/1589 829/1686/1589
f 653/1684/1589 829/1686/1589 654/1687/1589
f 654/1687/1589 829/1686/1589 828/1688/1589
f 654/1687/1589 828/1688/1589 827/1689/1589
f 826/1690/1589 3081/1691/1589 827/1689/1589
f 827/1689/1589 3081/1691/1589 655/1692/1589
f 827/1689/1589 655/1692/1589 654/1687/1589
f 826/1690/1589 825/1693/1589 3081/1691/1589
f 3081/1691/1589 825/1693/1589 824/1694/1589
f 3081/1691/1589 824/1694/1589 115/1695/1589
f 115/1695/1589 824/1694/1589 823/1696/1589
f 115/1695/1589 823/1696/1589 822/1697/1589
f 822/1697/1589 821/1665/1589 115/1695/1589
f 115/1695/1589 821/1665/1589 3048/1667/1589
f 667/1611/1589 666/1631/1589 3074/1613/1589
f 496/1660/1589 661/1659/1589 497/1698/1589
f 497/1698/1589 661/1659/1589 660/1699/1589
f 497/1698/1589 660/1699/1589 498/1700/1589
f 498/1700/1589 660/1699/1589 659/1701/1589
f 498/1700/1589 659/1701/1589 499/1702/1589
f 499/1702/1589 659/1701/1589 500/1703/1589
f 500/1703/1589 659/1701/1589 501/1704/1589
f 501/1704/1589 659/1701/1589 658/1705/1589
f 501/1704/1589 658/1705/1589 502/1706/1589
f 502/1706/1589 658/1705/1589 503/1707/1589
f 503/1707/1589 658/1705/1589 657/1708/1589
f 503/1707/1589 657/1708/1589 504/1709/1589
f 504/1709/1589 657/1708/1589 505/1710/1589
f 505/1710/1589 657/1708/1589 506/1711/1589
f 506/1711/1589 657/1708/1589 656/1712/1589
f 506/1711/1589 656/1712/1589 507/1713/1589
f 507/1713/1589 656/1712/1589 655/1692/1589
f 507/1713/1589 655/1692/1589 484/1714/1589
f 484/1714/1589 655/1692/1589 3081/1691/1589
f 484/1714/1589 3081/1691/1589 485/1715/1589
f 485/1715/1589 3081/1691/1589 486/1716/1589
f 486/1716/1589 3081/1691/1589 487/1717/1589
f 487/1717/1589 3081/1691/1589 488/1718/1589
f 488/1718/1589 3081/1691/1589 489/1719/1589
f 489/1719/1589 3081/1691/1589 490/1720/1589
f 490/1720/1589 3081/1691/1589 3082/1650/1589
f 490/1720/1589 3082/1650/1589 491/1721/1589
f 491/1721/1589 3082/1650/1589 492/1722/1589
f 492/1722/1589 3082/1650/1589 493/1723/1589
f 493/1723/1589 3082/1650/1589 494/1724/1589
f 494/1724/1589 3082/1650/1589 495/1661/1589
f 114/1725/1589 113/1726/1589 115/1695/1589
f 115/1695/1589 113/1726/1589 112/1727/1589
f 115/1695/1589 112/1727/1589 111/1728/1589
f 111/1728/1589 110/1729/1589 115/1695/1589
f 115/1695/1589 110/1729/1589 109/1730/1589
f 115/1695/1589 109/1730/1589 3084/1653/1589
f 3084/1653/1589 109/1730/1589 133/1651/1589
f 133/1651/1589 3062/1731/1589 3067/82/1589
f 3067/82/1589 3062/1731/1589 3063/1732/1589
f 3067/82/1589 3063/1732/1589 3064/1733/1589
f 3064/1733/1589 3065/1734/1589 3067/82/1589
f 3067/82/1589 3065/1734/1589 3066/1735/1589
f 3075/1592/1589 3076/1736/1589 3048/1667/1589
f 3048/1667/1589 3076/1736/1589 3077/1737/1589
f 3048/1667/1589 3077/1737/1589 3078/1738/1589
f 3078/1738/1589 3079/1739/1589 3048/1667/1589
f 3048/1667/1589 3079/1739/1589 3080/1740/1589
f 3084/1653/1589 3081/1691/1589 115/1695/1589
f 108/1741/3116 3094/1742/884 42/1743/3117
f 42/1743/3118 3094/1742/883 3086/869/883
f 42/1743/3118 3086/869/886 3091/1744/1077
f 3091/1744/1077 3086/869/883 3087/1745/1077
f 3091/1744/881 3087/1745/881 3096/1746/880
f 3096/1746/880 3087/1745/881 3088/1747/880
f 3096/1746/338 3088/1747/338 3098/1748/879
f 3098/1748/879 3088/1747/338 3089/1749/879
f 3098/1748/1076 3089/1749/1076 3090/875/877
f 107/1750/357 3095/1751/1190 108/1741/3119
f 108/1741/3116 3095/1751/885 3085/1752/885
f 108/1741/3119 3085/1752/885 3086/869/884
f 134/1753/357 3085/1752/887 107/1750/357
f 107/1750/357 3085/1752/887 3095/1751/887
f 3090/875/877 3067/1754/877 3098/1748/1076
f 3098/1748/1076 3067/1754/877 3099/1755/1076
f 3098/1748/879 3099/1755/879 3096/1746/338
f 3096/1746/338 3099/1755/879 3097/1756/338
f 3096/1746/880 3097/1756/880 3091/1744/881
f 3091/1744/881 3097/1756/880 3092/1757/881
f 3091/1744/1189 3092/1757/1189 42/1743/3120
f 42/1743/3118 3092/1757/1189 43/1758/3118
f 43/1758/3118 3092/1757/882 3064/1759/882
f 43/1758/3118 3064/1759/1077 3063/1760/883
f 3067/1754/877 3066/1761/1076 3099/1755/1076
f 3099/1755/879 3066/1761/879 3097/1756/338
f 3066/1761/879 3065/1762/338 3097/1756/338
f 3097/1756/880 3065/1762/880 3092/1757/881
f 3065/1762/880 3064/1759/881 3092/1757/881
f 3062/1763/885 57/1764/3119 3063/1760/884
f 3063/1760/886 57/1764/3116 3093/1765/886
f 3063/1760/886 3093/1765/886 43/1758/3118
f 43/1758/3117 3093/1765/884 57/1764/3116
f 133/1766/357 58/1767/357 3062/1763/887
f 3062/1763/887 58/1767/357 3100/1768/887
f 3062/1763/1190 3100/1768/1190 57/1764/3119
f 57/1764/3119 3100/1768/1190 58/1767/357
f 3086/869/884 3094/1742/884 108/1741/3116
f 95/1769/1 3204/1770/1 68/1771/1
f 68/1771/1 3204/1770/1 3205/1772/1
f 68/1771/1 3205/1772/1 3206/1773/1
f 94/1774/1 3111/1775/1 95/1769/1
f 95/1769/1 3111/1775/1 3201/1776/1
f 95/1769/1 3201/1776/1 3202/1777/1
f 3111/1775/1 94/1774/1 3110/1778/1
f 3110/1778/1 94/1774/1 93/1779/1
f 3110/1778/1 93/1779/1 3109/1780/1
f 3109/1780/1 93/1779/1 92/1781/1
f 3109/1780/1 92/1781/1 3163/1782/1
f 3163/1782/1 92/1781/1 3162/1783/1
f 3162/1783/1 92/1781/1 3161/1784/1
f 3161/1784/1 92/1781/1 91/1785/1
f 3161/1784/1 91/1785/1 3160/1786/1
f 3160/1786/1 91/1785/1 3159/1787/1
f 3159/1787/1 91/1785/1 3158/1788/1
f 3158/1788/1 91/1785/1 90/1789/1
f 3158/1788/1 90/1789/1 3157/1790/1
f 3157/1790/1 90/1789/1 3156/1791/1
f 3156/1791/1 90/1789/1 3155/1792/1
f 3155/1792/1 90/1789/1 3154/1793/1
f 3154/1793/1 90/1789/1 89/1794/1
f 3154/1793/1 89/1794/1 3153/1795/1
f 3153/1795/1 89/1794/1 3152/1796/1
f 3152/1796/1 89/1794/1 3151/1797/1
f 3151/1797/1 89/1794/1 3150/1798/1
f 3150/1798/1 89/1794/1 88/1799/1
f 3150/1798/1 88/1799/1 3149/1800/1
f 3149/1800/1 88/1799/1 3172/1801/1
f 3172/1801/1 88/1799/1 87/1802/1
f 3172/1801/1 87/1802/1 3171/1803/1
f 3171/1803/1 87/1802/1 3105/1804/1
f 3171/1803/1 3105/1804/1 3170/1805/1
f 3170/1805/1 3105/1804/1 3106/1806/1
f 3170/1805/1 3106/1806/1 3169/1807/1
f 3169/1807/1 3106/1806/1 3168/1808/1
f 3168/1808/1 3106/1806/1 3107/1809/1
f 3168/1808/1 3107/1809/1 3167/1810/1
f 3167/1810/1 3107/1809/1 3166/1811/1
f 3166/1811/1 3107/1809/1 3108/1812/1
f 3166/1811/1 3108/1812/1 3165/1813/1
f 3165/1813/1 3108/1812/1 3164/1814/1
f 3164/1814/1 3108/1812/1 3109/1780/1
f 3164/1814/1 3109/1780/1 3163/1782/1
f 3105/1804/1 87/1802/1 3104/1815/1
f 3104/1815/1 87/1802/1 86/1816/1
f 3104/1815/1 86/1816/1 3103/1817/1
f 3103/1817/1 86/1816/1 85/1818/1
f 3103/1817/1 85/1818/1 3133/1819/1
f 3133/1819/1 85/1818/1 3132/1820/1
f 3132/1820/1 85/1818/1 3131/1821/1
f 3131/1821/1 85/1818/1 84/1822/1
f 3131/1821/1 84/1822/1 3130/1823/1
f 3130/1823/1 84/1822/1 3129/1824/1
f 3129/1824/1 84/1822/1 83/1825/1
f 3129/1824/1 83/1825/1 3128/1826/1
f 3128/1826/1 83/1825/1 3127/1827/1
f 3127/1827/1 83/1825/1 3126/1828/1
f 3126/1828/1 83/1825/1 3125/1829/1
f 3125/1829/1 83/1825/1 82/1830/1
f 3125/1829/1 82/1830/1 3148/1831/1
f 3148/1831/1 82/1830/1 3147/1832/1
f 3147/1832/1 82/1830/1 3146/1833/1
f 3146/1833/1 82/1830/1 3145/1834/1
f 3145/1834/1 82/1830/1 81/1835/1
f 3145/1834/1 81/1835/1 3144/1836/1
f 3144/1836/1 81/1835/1 3143/1837/1
f 3143/1837/1 81/1835/1 80/1838/1
f 3143/1837/1 80/1838/1 3142/1839/1
f 3142/1839/1 80/1838/1 3141/1840/1
f 3141/1840/1 80/1838/1 3123/1841/1
f 3141/1840/1 3123/1841/1 3140/1842/1
f 3140/1842/1 3123/1841/1 3124/1843/1
f 3140/1842/1 3124/1843/1 3139/1844/1
f 3139/1844/1 3124/1843/1 3138/1845/1
f 3138/1845/1 3124/1843/1 3101/1846/1
f 3138/1845/1 3101/1846/1 3137/1847/1
f 3137/1847/1 3101/1846/1 3136/1848/1
f 3136/1848/1 3101/1846/1 3102/1849/1
f 3136/1848/1 3102/1849/1 3135/1850/1
f 3135/1850/1 3102/1849/1 3134/1851/1
f 3134/1851/1 3102/1849/1 3103/1817/1
f 3134/1851/1 3103/1817/1 3133/1819/1
f 80/1838/1 79/1852/1 3123/1841/1
f 3123/1841/1 79/1852/1 3122/1853/1
f 3122/1853/1 79/1852/1 78/1854/1
f 3122/1853/1 78/1854/1 3121/1855/1
f 3121/1855/1 78/1854/1 3175/1856/1
f 3121/1855/1 3175/1856/1 3176/1857/1
f 3175/1856/1 78/1854/1 3174/1858/1
f 3174/1858/1 78/1854/1 77/1859/1
f 3174/1858/1 77/1859/1 3173/1860/1
f 3173/1860/1 77/1859/1 3196/1861/1
f 3196/1861/1 77/1859/1 76/1862/1
f 3196/1861/1 76/1862/1 3195/1863/1
f 3195/1863/1 76/1862/1 3194/1864/1
f 3194/1864/1 76/1862/1 3193/1865/1
f 3193/1865/1 76/1862/1 3192/1866/1
f 3192/1866/1 76/1862/1 75/1867/1
f 3192/1866/1 75/1867/1 3191/1868/1
f 3191/1868/1 75/1867/1 3190/1869/1
f 3190/1869/1 75/1867/1 3189/1870/1
f 3189/1870/1 75/1867/1 3188/1871/1
f 3188/1871/1 75/1867/1 74/1872/1
f 3188/1871/1 74/1872/1 3187/1873/1
f 3187/1873/1 74/1872/1 3186/1874/1
f 3186/1874/1 74/1872/1 3185/1875/1
f 3185/1875/1 74/1872/1 73/1876/1
f 3185/1875/1 73/1876/1 3184/1877/1
f 3184/1877/1 73/1876/1 3183/1878/1
f 3183/1878/1 73/1876/1 3117/1879/1
f 3183/1878/1 3117/1879/1 3182/1880/1
f 3182/1880/1 3117/1879/1 3118/1881/1
f 3182/1880/1 3118/1881/1 3181/1882/1
f 3181/1882/1 3118/1881/1 3180/1883/1
f 3180/1883/1 3118/1881/1 3119/1884/1
f 3180/1883/1 3119/1884/1 3179/1885/1
f 3179/1885/1 3119/1884/1 3178/1886/1
f 3178/1886/1 3119/1884/1 3120/1887/1
f 3178/1886/1 3120/1887/1 3177/1888/1
f 3177/1888/1 3120/1887/1 3176/1857/1
f 3176/1857/1 3120/1887/1 3121/1855/1
f 73/1876/1 72/1889/1 3117/1879/1
f 3117/1879/1 72/1889/1 3116/1890/1
f 3116/1890/1 72/1889/1 71/1891/1
f 3116/1890/1 71/1891/1 3115/1892/1
f 3115/1892/1 71/1891/1 70/1893/1
f 3115/1892/1 70/1893/1 3217/1894/1
f 3217/1894/1 70/1893/1 3216/1895/1
f 3216/1895/1 70/1893/1 3215/1896/1
f 3215/1896/1 70/1893/1 3214/1897/1
f 3214/1897/1 70/1893/1 69/1898/1
f 3214/1897/1 69/1898/1 3213/1899/1
f 3213/1899/1 69/1898/1 3212/1900/1
f 3212/1900/1 69/1898/1 3211/1901/1
f 3211/1901/1 69/1898/1 3210/1902/1
f 3210/1902/1 69/1898/1 3209/1903/1
f 3209/1903/1 69/1898/1 68/1771/1
f 3209/1903/1 68/1771/1 3208/1904/1
f 3208/1904/1 68/1771/1 3207/1905/1
f 3207/1905/1 68/1771/1 3206/1773/1
f 3201/1776/1 3111/1775/1 3200/1906/1
f 3200/1906/1 3111/1775/1 3112/1907/1
f 3200/1906/1 3112/1907/1 3199/1908/1
f 3199/1908/1 3112/1907/1 3198/1909/1
f 3198/1909/1 3112/1907/1 3113/1910/1
f 3198/1909/1 3113/1910/1 3197/1911/1
f 3197/1911/1 3113/1910/1 3220/1912/1
f 3220/1912/1 3113/1910/1 3114/1913/1
f 3220/1912/1 3114/1913/1 3219/1914/1
f 3219/1914/1 3114/1913/1 3218/1915/1
f 3218/1915/1 3114/1913/1 3115/1892/1
f 3218/1915/1 3115/1892/1 3217/1894/1
f 3202/1777/1 3203/1916/1 95/1769/1
f 95/1769/1 3203/1916/1 3204/1770/1
f 3075/1917/904 1163/1918/904 3076/1919/1079
f 3076/1919/905 1163/1918/904 2667/1920/905
f 3076/1919/415 2667/1920/415 3077/859/413
f 3077/859/944 2667/1920/415 2666/1921/944
f 3077/859/410 2666/1921/410 3078/1922/2825
f 3078/1922/1196 2666/1921/410 2665/1923/1196
f 3078/1922/943 2665/1923/943 3079/1924/900
f 3079/1924/900 2665/1923/943 2664/1925/900
f 3079/1924/400 2664/1925/400 3080/1926/899
f 3080/1926/899 2664/1925/400 2663/1927/899
f 3080/1926/394 2663/1927/394 3048/853/897
f 3048/853/897 2663/1927/394 2637/1928/897
f 3068/82/327 2693/1929/327 3069/648/1075
f 3069/648/1075 2693/1929/327 2703/1930/1075
f 3069/648/914 2703/1930/914 3070/642/960
f 3070/642/913 2703/1930/914 2702/1931/913
f 3070/642/439 2702/1931/439 3071/636/957
f 3071/636/912 2702/1931/439 2701/1932/912
f 3071/636/1081 2701/1932/1081 3072/630/910
f 3072/630/910 2701/1932/1081 2700/1933/910
f 3072/630/909 2700/1933/909 3073/1934/908
f 3073/1934/908 2700/1933/909 2699/1935/908
f 3073/1934/1080 2699/1935/1080 3074/1917/906
f 3074/1917/906 2699/1935/1080 1164/1918/906
f 2693/1557/63 3068/1556/63 2600/1555/63
f 2600/1555/63 3068/1556/63 3067/967/63
f 2600/1555/63 3067/967/63 2601/1554/63
f 2601/1554/63 3067/967/63 2602/1553/63
f 2602/1553/63 3067/967/63 2603/1552/63
f 2603/1552/63 3067/967/63 2604/1551/63
f 2604/1551/63 3067/967/63 2605/1550/63
f 2605/1550/63 3067/967/63 2606/1548/63
f 2606/1548/63 3067/967/63 3090/82/63
f 2606/1548/63 3090/82/63 2797/1547/63
f 2797/1547/63 3090/82/63 2798/1546/63
f 2798/1546/63 3090/82/63 2799/1545/63
f 2799/1545/63 3090/82/63 2800/1544/63
f 2800/1544/63 3090/82/63 2801/1543/63
f 2801/1543/63 3090/82/63 2802/1542/63
f 2802/1542/63 3090/82/63 2803/1539/63
f 2803/1539/63 3090/82/63 3056/1540/63
f 2803/1539/63 3056/1540/63 2845/1538/63
f 2290/1537/63 2362/1536/63 2317/1535/63
f 2317/1535/63 2362/1536/63 2481/1534/63
f 2289/1936/1099 3287/1792/1099 2290/1937/1099
f 2290/1937/1099 3287/1792/1099 3288/1791/1099
f 2290/1937/1099 3288/1791/1099 3289/1790/1099
f 2363/1938/1099 3329/1829/1099 2289/1936/1099
f 2289/1936/1099 3329/1829/1099 3330/1828/1099
f 2289/1936/1099 3330/1828/1099 3331/1827/1099
f 2362/1939/1099 3299/1868/1099 2363/1938/1099
f 2363/1938/1099 3299/1868/1099 3300/1866/1099
f 2363/1938/1099 3300/1866/1099 3301/1865/1099
f 2290/1937/1099 3245/1903/1099 2362/1939/1099
f 2362/1939/1099 3245/1903/1099 3246/1902/1099
f 2362/1939/1099 3246/1902/1099 3247/1901/1099
f 3222/1913/1099 3256/1912/1099 3221/1910/1099
f 3221/1910/1099 3256/1912/1099 3257/1911/1099
f 3221/1910/1099 3257/1911/1099 3258/1909/1099
f 3256/1912/1099 3222/1913/1099 3255/1914/1099
f 3255/1914/1099 3222/1913/1099 3223/1892/1099
f 3255/1914/1099 3223/1892/1099 3254/1915/1099
f 3254/1915/1099 3223/1892/1099 3253/1894/1099
f 3253/1894/1099 3223/1892/1099 3224/1890/1099
f 3253/1894/1099 3224/1890/1099 3252/1895/1099
f 3252/1895/1099 3224/1890/1099 2362/1939/1099
f 3252/1895/1099 2362/1939/1099 3251/1896/1099
f 3251/1896/1099 2362/1939/1099 3250/1897/1099
f 3250/1897/1099 2362/1939/1099 3249/1899/1099
f 3249/1899/1099 2362/1939/1099 3248/1900/1099
f 3248/1900/1099 2362/1939/1099 3247/1901/1099
f 3225/1879/1099 3293/1875/1099 3224/1890/1099
f 3224/1890/1099 3293/1875/1099 3294/1874/1099
f 3224/1890/1099 3294/1874/1099 2362/1939/1099
f 2362/1939/1099 3294/1874/1099 3295/1873/1099
f 2362/1939/1099 3295/1873/1099 3296/1871/1099
f 3226/1881/1099 3315/1878/1099 3225/1879/1099
f 3225/1879/1099 3315/1878/1099 3316/1877/1099
f 3225/1879/1099 3316/1877/1099 3293/1875/1099
f 3227/1884/1099 3312/1883/1099 3226/1881/1099
f 3226/1881/1099 3312/1883/1099 3313/1882/1099
f 3226/1881/1099 3313/1882/1099 3314/1880/1099
f 3228/1887/1099 3310/1886/1099 3227/1884/1099
f 3227/1884/1099 3310/1886/1099 3311/1885/1099
f 3227/1884/1099 3311/1885/1099 3312/1883/1099
f 3229/1855/1099 3307/1856/1099 3228/1887/1099
f 3228/1887/1099 3307/1856/1099 3308/1857/1099
f 3228/1887/1099 3308/1857/1099 3309/1888/1099
f 3230/1853/1099 3305/1860/1099 3229/1855/1099
f 3229/1855/1099 3305/1860/1099 3306/1858/1099
f 3229/1855/1099 3306/1858/1099 3307/1856/1099
f 3231/1841/1099 3321/1840/1099 3230/1853/1099
f 3230/1853/1099 3321/1840/1099 3322/1839/1099
f 3230/1853/1099 3322/1839/1099 2363/1938/1099
f 2363/1938/1099 3322/1839/1099 3323/1837/1099
f 2363/1938/1099 3323/1837/1099 3324/1836/1099
f 3232/1843/1099 3319/1844/1099 3231/1841/1099
f 3231/1841/1099 3319/1844/1099 3320/1842/1099
f 3231/1841/1099 3320/1842/1099 3321/1840/1099
f 3319/1844/1099 3232/1843/1099 3318/1845/1099
f 3318/1845/1099 3232/1843/1099 3233/1846/1099
f 3318/1845/1099 3233/1846/1099 3317/1847/1099
f 3317/1847/1099 3233/1846/1099 3340/1848/1099
f 3340/1848/1099 3233/1846/1099 3234/1849/1099
f 3340/1848/1099 3234/1849/1099 3339/1850/1099
f 3339/1850/1099 3234/1849/1099 3235/1817/1099
f 3339/1850/1099 3235/1817/1099 3338/1851/1099
f 3338/1851/1099 3235/1817/1099 3337/1819/1099
f 3337/1819/1099 3235/1817/1099 3236/1815/1099
f 3337/1819/1099 3236/1815/1099 3281/1800/1099
f 3281/1800/1099 3236/1815/1099 3237/1804/1099
f 3281/1800/1099 3237/1804/1099 3280/1801/1099
f 3280/1801/1099 3237/1804/1099 3279/1803/1099
f 3279/1803/1099 3237/1804/1099 3238/1806/1099
f 3279/1803/1099 3238/1806/1099 3278/1805/1099
f 3278/1805/1099 3238/1806/1099 3277/1807/1099
f 3277/1807/1099 3238/1806/1099 3276/1808/1099
f 3276/1808/1099 3238/1806/1099 3239/1809/1099
f 3276/1808/1099 3239/1809/1099 3275/1810/1099
f 3275/1810/1099 3239/1809/1099 3274/1811/1099
f 3274/1811/1099 3239/1809/1099 3240/1812/1099
f 3274/1811/1099 3240/1812/1099 3273/1813/1099
f 3273/1813/1099 3240/1812/1099 3272/1814/1099
f 3272/1814/1099 3240/1812/1099 3271/1782/1099
f 3271/1782/1099 3240/1812/1099 3241/1780/1099
f 3271/1782/1099 3241/1780/1099 3270/1783/1099
f 3270/1783/1099 3241/1780/1099 3269/1784/1099
f 3269/1784/1099 3241/1780/1099 3242/1778/1099
f 3269/1784/1099 3242/1778/1099 3261/1776/1099
f 3261/1776/1099 3242/1778/1099 3243/1775/1099
f 3261/1776/1099 3243/1775/1099 3260/1906/1099
f 3260/1906/1099 3243/1775/1099 3259/1908/1099
f 3259/1908/1099 3243/1775/1099 3244/1907/1099
f 3259/1908/1099 3244/1907/1099 3258/1909/1099
f 3258/1909/1099 3244/1907/1099 3221/1910/1099
f 3261/1776/1099 3262/1777/1099 3269/1784/1099
f 3269/1784/1099 3262/1777/1099 3292/1786/1099
f 3292/1786/1099 3262/1777/1099 2290/1937/1099
f 3292/1786/1099 2290/1937/1099 3291/1787/1099
f 3291/1787/1099 2290/1937/1099 3290/1788/1099
f 3290/1788/1099 2290/1937/1099 3289/1790/1099
f 3262/1777/1099 3263/1916/1099 2290/1937/1099
f 2290/1937/1099 3263/1916/1099 3264/1770/1099
f 2290/1937/1099 3264/1770/1099 3265/1772/1099
f 3265/1772/1099 3266/1773/1099 2290/1937/1099
f 2290/1937/1099 3266/1773/1099 3267/1905/1099
f 2290/1937/1099 3267/1905/1099 3268/1904/1099
f 3268/1904/1099 3245/1903/1099 2290/1937/1099
f 3337/1819/1099 3281/1800/1099 3336/1820/1099
f 3336/1820/1099 3281/1800/1099 3282/1798/1099
f 3336/1820/1099 3282/1798/1099 2289/1936/1099
f 2289/1936/1099 3282/1798/1099 3283/1797/1099
f 2289/1936/1099 3283/1797/1099 3284/1796/1099
f 3284/1796/1099 3285/1795/1099 2289/1936/1099
f 2289/1936/1099 3285/1795/1099 3286/1793/1099
f 2289/1936/1099 3286/1793/1099 3287/1792/1099
f 3296/1871/1099 3297/1870/1099 2362/1939/1099
f 2362/1939/1099 3297/1870/1099 3298/1869/1099
f 2362/1939/1099 3298/1869/1099 3299/1868/1099
f 3301/1865/1099 3302/1864/1099 2363/1938/1099
f 2363/1938/1099 3302/1864/1099 3303/1863/1099
f 2363/1938/1099 3303/1863/1099 3304/1861/1099
f 2363/1938/1099 3304/1861/1099 3230/1853/1099
f 3230/1853/1099 3304/1861/1099 3305/1860/1099
f 3309/1888/1099 3310/1886/1099 3228/1887/1099
f 3314/1880/1099 3315/1878/1099 3226/1881/1099
f 3324/1836/1099 3325/1834/1099 2363/1938/1099
f 2363/1938/1099 3325/1834/1099 3326/1833/1099
f 2363/1938/1099 3326/1833/1099 3327/1832/1099
f 3327/1832/1099 3328/1831/1099 2363/1938/1099
f 2363/1938/1099 3328/1831/1099 3329/1829/1099
f 3331/1827/1099 3332/1826/1099 2289/1936/1099
f 2289/1936/1099 3332/1826/1099 3333/1824/1099
f 2289/1936/1099 3333/1824/1099 3334/1823/1099
f 3334/1823/1099 3335/1821/1099 2289/1936/1099
f 2289/1936/1099 3335/1821/1099 3336/1820/1099
f 169/1940/1099 187/1941/1099 170/1942/1099
f 170/1942/1099 187/1941/1099 186/1943/1099
f 170/1942/1099 186/1943/1099 171/1944/1099
f 171/1944/1099 186/1943/1099 185/1945/1099
f 171/1944/1099 185/1945/1099 172/1946/1099
f 172/1946/1099 185/1945/1099 184/1947/1099
f 172/1946/1099 184/1947/1099 173/1948/1099
f 173/1948/1099 184/1947/1099 183/1949/1099
f 173/1948/1099 183/1949/1099 174/1950/1099
f 174/1950/1099 183/1949/1099 182/1951/1099
f 174/1950/1099 182/1951/1099 175/1952/1099
f 175/1952/1099 182/1951/1099 181/1953/1099
f 175/1952/1099 181/1953/1099 3083/82/1099
f 3083/82/1099 181/1953/1099 3084/1347/1099
f 1672/1954/1099 1671/1955/1099 2259/1956/1099
f 2259/1956/1099 1671/1955/1099 2275/1957/1099
f 2259/1956/1099 2275/1957/1099 2260/1958/1099
f 2260/1958/1099 2275/1957/1099 2274/1959/1099
f 2260/1958/1099 2274/1959/1099 2261/1960/1099
f 2261/1960/1099 2274/1959/1099 2273/1961/1099
f 2261/1960/1099 2273/1961/1099 2262/1962/1099
f 2262/1962/1099 2273/1961/1099 2272/1963/1099
f 2262/1962/1099 2272/1963/1099 2263/1964/1099
f 2263/1964/1099 2272/1963/1099 2271/1965/1099
f 2263/1964/1099 2271/1965/1099 2264/1966/1099
f 2264/1966/1099 2271/1965/1099 2270/1967/1099
f 2264/1966/1099 2270/1967/1099 3342/1968/1099
f 3342/1968/1099 2270/1967/1099 3341/1969/1099
f 181/1952/63 155/1970/63 3084/82/63
f 3084/82/63 155/1970/63 3081/1971/63
f 2244/1972/63 2264/1967/63 3343/1973/63
f 3343/1973/63 2264/1967/63 3342/1969/63
f 154/1974/2220 175/1970/2220 3082/82/2220
f 3082/82/2220 175/1970/2220 3083/1971/2220
f 155/1974/1 154/1953/1 3081/82/1
f 3081/82/1 154/1953/1 3082/1347/1
f 2245/1966/1 2244/1967/1 3344/1968/1
f 3344/1968/1 2244/1967/1 3343/1969/1
f 2270/1972/2220 2245/1967/2220 3341/1973/2220
f 3341/1973/2220 2245/1967/2220 3344/1969/2220
f 1163/1975/1099 3075/1976/1099 1164/1977/1099
f 1164/1977/1099 3075/1976/1099 3074/1978/1099
f 3124/1979/2350 3222/849/2350 3101/1980/2349
f 3101/1980/2349 3222/849/2350 3221/847/2349
f 3101/1981/289 3221/845/289 3102/1982/290
f 3102/1982/290 3221/845/289 3244/843/290
f 3102/1982/296 3244/843/296 3103/1983/297
f 3103/1983/297 3244/843/296 3243/877/297
f 3103/1983/301 3243/877/301 3104/1984/304
f 3104/1984/304 3243/877/301 3242/875/304
f 3104/1984/306 3242/875/306 3105/1985/310
f 3105/1985/310 3242/875/306 3241/873/310
f 3105/1985/315 3241/873/315 3106/1986/316
f 3106/1986/316 3241/873/315 3240/871/316
f 3106/1986/322 3240/871/322 3107/1987/321
f 3107/1987/321 3240/871/322 3239/869/321
f 3107/1987/253 3239/869/253 3108/1988/256
f 3108/1988/256 3239/869/253 3238/867/256
f 3108/1988/261 3238/867/261 3109/1989/262
f 3109/1989/262 3238/867/261 3237/865/262
f 3109/1989/286 3237/865/286 3110/1990/285
f 3110/1990/285 3237/865/286 3236/628/285
f 3110/1990/271 3236/628/271 3111/1991/272
f 3111/1991/272 3236/628/271 3235/669/272
f 3111/1991/276 3235/669/276 3112/1992/277
f 3112/1992/277 3235/669/276 3234/661/277
f 3112/1992/934 3234/661/934 3113/1993/283
f 3113/1993/283 3234/661/934 3233/82/283
f 3113/1993/2354 3233/82/2354 3114/1994/3121
f 3114/1994/3121 3233/82/2354 3232/646/3121
f 3114/1994/1678 3232/646/1678 3115/1995/1679
f 3115/1995/1679 3232/646/1678 3231/638/1679
f 3115/1995/2081 3231/638/2081 3116/1996/1775
f 3116/1996/1775 3231/638/2081 3230/630/1775
f 3116/1996/2362 3230/630/2362 3117/1997/1875
f 3117/1997/1875 3230/630/2362 3229/863/1875
f 3117/1997/1567 3229/863/1567 3118/1998/1568
f 3118/1998/1568 3229/863/1567 3228/861/1568
f 3118/1998/1619 3228/861/1619 3119/1999/1450
f 3119/1999/1450 3228/861/1619 3227/859/1450
f 3119/1999/1590 3227/859/1590 3120/2000/1592
f 3120/2000/1592 3227/859/1590 3226/857/1592
f 3120/2000/1527 3226/857/1527 3121/2001/1526
f 3121/2001/1526 3226/857/1527 3225/855/1526
f 3121/2001/1821 3225/855/1821 3122/2002/2261
f 3122/2002/2261 3225/855/1821 3224/853/2261
f 3122/2002/2058 3224/853/2058 3123/2003/2057
f 3123/2003/2057 3224/853/2058 3223/851/2057
f 3123/2003/2021 3223/851/2021 3124/1979/2020
f 3124/1979/2020 3223/851/2021 3222/849/2020
f 3148/2004/1956 3246/632/1956 3125/1996/2349
f 3125/1996/2349 3246/632/1956 3245/630/2349
f 3125/1990/289 3245/628/289 3126/2005/291
f 3126/2005/291 3245/628/289 3268/626/291
f 3126/2005/296 3268/626/296 3127/2006/297
f 3127/2006/297 3268/626/296 3267/673/297
f 3127/2006/301 3267/673/301 3128/2007/304
f 3128/2007/304 3267/673/301 3266/671/304
f 3128/2007/309 3266/671/309 3129/1991/310
f 3129/1991/310 3266/671/309 3265/669/310
f 3129/1991/315 3265/669/315 3130/2008/316
f 3130/2008/316 3265/669/315 3264/667/316
f 3130/2008/449 3264/667/449 3131/2009/321
f 3131/2009/321 3264/667/449 3263/665/321
f 3131/2009/253 3263/665/253 3132/2010/256
f 3132/2010/256 3263/665/253 3262/663/256
f 3132/2010/261 3262/663/261 3133/1992/262
f 3133/1992/262 3262/663/261 3261/661/262
f 3133/1992/286 3261/661/286 3134/2011/266
f 3134/2011/285 3261/661/286 3260/2012/285
f 3134/2011/268 3260/2012/268 3135/2013/272
f 3135/2013/272 3260/2012/268 3259/657/272
f 3135/2013/276 3259/657/276 3136/2014/277
f 3136/2014/277 3259/657/276 3258/655/277
f 3136/2014/934 3258/655/934 3137/1993/283
f 3137/1993/283 3258/655/934 3257/82/283
f 3137/1993/2354 3257/82/2354 3138/2015/3121
f 3138/2015/3121 3257/82/2354 3256/652/3121
f 3138/2015/1678 3256/652/1678 3139/2016/1679
f 3139/2016/1679 3256/652/1678 3255/650/1679
f 3139/2016/2081 3255/650/2081 3140/2017/2083
f 3140/2017/2083 3255/650/2081 3254/648/2083
f 3140/2017/2265 3254/648/2265 3141/1994/1875
f 3141/1994/1875 3254/648/2362 3253/646/1875
f 3141/1994/1567 3253/646/1567 3142/2018/1568
f 3142/2018/1568 3253/646/1567 3252/644/1568
f 3142/2018/1617 3252/644/1617 3143/2019/1450
f 3143/2019/1450 3252/644/1617 3251/642/1450
f 3143/2019/1590 3251/642/1590 3144/2020/1593
f 3144/2020/1594 3251/642/1590 3250/640/1594
f 3144/2020/1527 3250/640/1527 3145/1995/1526
f 3145/1995/1526 3250/640/1527 3249/638/1526
f 3145/1995/1821 3249/638/1821 3146/2021/2203
f 3146/2021/2203 3249/638/1821 3248/636/2203
f 3146/2021/2341 3248/636/2341 3147/2022/2057
f 3147/2022/2057 3248/636/2341 3247/634/2057
f 3147/2022/2021 3247/634/2021 3148/2004/2020
f 3148/2004/2020 3247/634/2021 3246/632/2020
f 3172/2004/1956 3270/632/1956 3149/1996/2349
f 3149/1996/2349 3270/632/1956 3269/630/2349
f 3149/1990/289 3269/628/289 3150/2005/291
f 3150/2005/291 3269/628/289 3292/626/291
f 3150/2005/296 3292/626/296 3151/2006/297
f 3151/2006/297 3292/626/296 3291/673/297
f 3151/2006/301 3291/673/301 3152/2007/304
f 3152/2007/304 3291/673/301 3290/671/304
f 3152/2007/305 3290/671/305 3153/1991/310
f 3153/1991/310 3290/671/305 3289/669/310
f 3153/1991/315 3289/669/315 3154/2008/316
f 3154/2008/316 3289/669/315 3288/667/316
f 3154/2008/322 3288/667/322 3155/2009/321
f 3155/2009/321 3288/667/322 3287/665/321
f 3155/2009/253 3287/665/253 3156/2010/256
f 3156/2010/256 3287/665/253 3286/663/256
f 3156/2010/261 3286/663/261 3157/1992/262
f 3157/1992/262 3286/663/261 3285/661/262
f 3157/1992/286 3285/661/286 3158/2011/285
f 3158/2011/285 3285/661/286 3284/659/285
f 3158/2011/271 3284/659/271 3159/2013/272
f 3159/2013/272 3284/659/271 3283/657/272
f 3159/2013/276 3283/657/276 3160/2014/277
f 3160/2014/277 3283/657/276 3282/655/277
f 3160/2014/934 3282/655/934 3161/1993/283
f 3161/1993/283 3282/655/934 3281/82/283
f 3161/1993/2354 3281/82/2354 3162/2015/3121
f 3162/2015/3121 3281/82/2354 3280/652/3121
f 3162/2015/1678 3280/652/1678 3163/2016/1679
f 3163/2016/1679 3280/652/1678 3279/650/1679
f 3163/2016/2081 3279/650/2081 3164/2017/2083
f 3164/2017/1775 3279/650/2081 3278/648/1775
f 3164/2017/2265 3278/648/2265 3165/1994/1875
f 3165/1994/1875 3278/648/2265 3277/646/1875
f 3165/1994/1567 3277/646/1567 3166/2018/1568
f 3166/2018/1568 3277/646/1567 3276/644/1568
f 3166/2018/1617 3276/644/1617 3167/2019/1450
f 3167/2019/1450 3276/644/1618 3275/642/1450
f 3167/2019/1590 3275/642/1590 3168/2020/1594
f 3168/2020/1594 3275/642/1590 3274/640/1594
f 3168/2020/1527 3274/640/1527 3169/1995/1526
f 3169/1995/1526 3274/640/1527 3273/638/1526
f 3169/1995/1821 3273/638/1821 3170/2021/1818
f 3170/2021/1818 3273/638/1821 3272/636/1818
f 3170/2021/1818 3272/636/1818 3171/2022/2057
f 3171/2022/2057 3272/636/2341 3271/634/2057
f 3171/2022/2021 3271/634/2021 3172/2004/2020
f 3172/2004/2020 3271/634/2021 3270/632/2020
f 3196/2004/1956 3294/632/1956 3173/1996/2349
f 3173/1996/2349 3294/632/1956 3293/630/2349
f 3173/1990/289 3293/628/289 3174/2005/291
f 3174/2005/291 3293/628/289 3316/626/291
f 3174/2005/296 3316/626/296 3175/2006/297
f 3175/2006/297 3316/626/296 3315/673/297
f 3175/2006/301 3315/673/301 3176/2007/304
f 3176/2007/304 3315/673/301 3314/671/304
f 3176/2007/305 3314/671/305 3177/1991/310
f 3177/1991/310 3314/671/305 3313/669/310
f 3177/1991/315 3313/669/315 3178/2008/316
f 3178/2008/316 3313/669/315 3312/667/316
f 3178/2008/322 3312/667/322 3179/2009/321
f 3179/2009/321 3312/667/322 3311/665/321
f 3179/2009/253 3311/665/253 3180/2010/256
f 3180/2010/256 3311/665/253 3310/663/256
f 3180/2010/261 3310/663/261 3181/1992/262
f 3181/1992/262 3310/663/261 3309/661/262
f 3181/1992/286 3309/661/286 3182/2011/285
f 3182/2011/285 3309/661/286 3308/659/285
f 3182/2011/271 3308/659/271 3183/2013/272
f 3183/2013/272 3308/659/271 3307/657/272
f 3183/2013/276 3307/657/276 3184/2014/277
f 3184/2014/277 3307/657/276 3306/655/277
f 3184/2014/934 3306/655/934 3185/1993/283
f 3185/1993/283 3306/655/934 3305/82/283
f 3185/1993/2354 3305/82/2354 3186/2015/3121
f 3186/2015/3121 3305/82/2354 3304/652/3121
f 3186/2015/1678 3304/652/1678 3187/2016/1679
f 3187/2016/1679 3304/652/1678 3303/650/1679
f 3187/2016/2081 3303/650/2081 3188/2017/2083
f 3188/2017/1775 3303/650/2081 3302/648/1775
f 3188/2017/2265 3302/648/2265 3189/1994/1875
f 3189/1994/1875 3302/648/2265 3301/646/1875
f 3189/1994/1567 3301/646/1567 3190/2018/1568
f 3190/2018/1568 3301/646/1567 3300/644/1568
f 3190/2018/1618 3300/644/1618 3191/2019/1450
f 3191/2019/1450 3300/644/1618 3299/642/1450
f 3191/2019/1590 3299/642/1590 3192/2020/1593
f 3192/2020/1594 3299/642/1590 3298/640/1594
f 3192/2020/1527 3298/640/1527 3193/1995/1526
f 3193/1995/1526 3298/640/1527 3297/638/1526
f 3193/1995/1821 3297/638/1821 3194/2021/1818
f 3194/2021/1818 3297/638/1821 3296/636/1818
f 3194/2021/1818 3296/636/1818 3195/2022/2057
f 3195/2022/2057 3296/636/2341 3295/634/2057
f 3195/2022/2021 3295/634/2021 3196/2004/2020
f 3196/2004/2020 3295/634/2021 3294/632/2020
f 3220/2004/1956 3318/632/1956 3197/1996/2349
f 3197/1996/2349 3318/632/1956 3317/630/2349
f 3197/1990/289 3317/628/289 3198/2005/291
f 3198/2005/291 3317/628/289 3340/626/291
f 3198/2005/296 3340/626/296 3199/2006/297
f 3199/2006/297 3340/626/296 3339/673/297
f 3199/2006/301 3339/673/301 3200/2007/304
f 3200/2007/304 3339/673/301 3338/671/304
f 3200/2007/309 3338/671/309 3201/1991/310
f 3201/1991/310 3338/671/309 3337/669/310
f 3201/1991/315 3337/669/315 3202/2008/316
f 3202/2008/316 3337/669/315 3336/667/316
f 3202/2008/322 3336/667/322 3203/2009/321
f 3203/2009/321 3336/667/322 3335/665/321
f 3203/2009/253 3335/665/253 3204/2010/256
f 3204/2010/256 3335/665/253 3334/663/256
f 3204/2010/261 3334/663/261 3205/1992/262
f 3205/1992/262 3334/663/261 3333/661/262
f 3205/1992/286 3333/661/286 3206/2011/266
f 3206/2011/266 3333/661/286 3332/2012/266
f 3206/2011/268 3332/2012/268 3207/2013/272
f 3207/2013/272 3332/2012/268 3331/657/272
f 3207/2013/276 3331/657/276 3208/2014/277
f 3208/2014/277 3331/657/276 3330/655/277
f 3208/2014/934 3330/655/934 3209/1993/283
f 3209/1993/283 3330/655/934 3329/82/283
f 3209/1993/2354 3329/82/2354 3210/2015/3121
f 3210/2015/3121 3329/82/2354 3328/652/3121
f 3210/2015/1678 3328/652/1678 3211/2016/1679
f 3211/2016/1679 3328/652/1678 3327/650/1679
f 3211/2016/2081 3327/650/2081 3212/2017/2083
f 3212/2017/2083 3327/650/2081 3326/648/2083
f 3212/2017/2265 3326/648/2265 3213/1994/1875
f 3213/1994/1875 3326/648/2362 3325/646/1875
f 3213/1994/1567 3325/646/1567 3214/2018/1568
f 3214/2018/1568 3325/646/1567 3324/644/1568
f 3214/2018/1617 3324/644/1617 3215/2019/1450
f 3215/2019/1450 3324/644/1617 3323/642/1450
f 3215/2019/1590 3323/642/1590 3216/2020/1594
f 3216/2020/1594 3323/642/1590 3322/640/1594
f 3216/2020/1527 3322/640/1527 3217/1995/1526
f 3217/1995/1526 3322/640/1527 3321/638/1526
f 3217/1995/1821 3321/638/1821 3218/2021/2203
f 3218/2021/2203 3321/638/1821 3320/636/2203
f 3218/2021/2341 3320/636/2341 3219/2022/2057
f 3219/2022/2057 3320/636/2341 3319/634/2057
f 3219/2022/2021 3319/634/2021 3220/2004/2020
f 3220/2004/2020 3319/634/2021 3318/632/2020
f 121/2023/250 116/1541/250 122/2024/250
f 122/2024/250 116/1541/250 3342/1652/250
f 122/2024/250 3342/1652/250 134/2025/250
f 134/2025/250 3342/1652/250 3341/1653/250
f 134/2025/250 3341/1653/250 3344/1691/250
f 121/2023/250 120/2026/250 116/1541/250
f 116/1541/250 120/2026/250 119/2027/250
f 116/1541/250 119/2027/250 118/2028/250
f 118/2028/250 117/2029/250 116/1541/250
f 3047/1540/250 1890/1646/250 116/1541/250
f 116/1541/250 1890/1646/250 1889/1647/250
f 116/1541/250 1889/1647/250 1888/1648/250
f 3054/1641/250 3053/1640/250 3047/1540/250
f 3047/1540/250 3053/1640/250 3052/1639/250
f 3047/1540/250 3052/1639/250 3051/1638/250
f 3051/1638/250 3050/1637/250 3047/1540/250
f 3047/1540/250 3050/1637/250 3049/1613/250
f 3047/1540/250 3049/1613/250 1871/1636/250
f 1871/1636/250 3049/1613/250 1872/1635/250
f 1872/1635/250 3049/1613/250 1873/1634/250
f 1873/1634/250 3049/1613/250 1874/1633/250
f 1874/1633/250 3049/1613/250 2037/1631/250
f 1874/1633/250 2037/1631/250 1875/1632/250
f 1875/1632/250 2037/1631/250 1876/1630/250
f 1876/1630/250 2037/1631/250 2036/1628/250
f 1876/1630/250 2036/1628/250 1877/1629/250
f 1877/1629/250 2036/1628/250 1878/1627/250
f 1878/1627/250 2036/1628/250 2035/1626/250
f 1878/1627/250 2035/1626/250 1879/1625/250
f 1879/1625/250 2035/1626/250 1880/1624/250
f 1880/1624/250 2035/1626/250 2058/1663/250
f 1880/1624/250 2058/1663/250 1881/1664/250
f 1881/1664/250 2058/1663/250 1882/1662/250
f 1882/1662/250 2058/1663/250 2057/1658/250
f 1882/1662/250 2057/1658/250 1883/1657/250
f 1883/1657/250 2057/1658/250 1884/1656/250
f 1884/1656/250 2057/1658/250 2056/1659/250
f 1884/1656/250 2056/1659/250 3343/1650/250
f 3343/1650/250 2056/1659/250 2203/1660/250
f 3343/1650/250 2203/1660/250 2226/1661/250
f 3055/1592/250 1407/1619/250 3049/1613/250
f 3049/1613/218 1407/1619/218 1406/1618/218
f 3049/1613/250 1406/1618/250 1405/1617/250
f 3061/1736/250 3056/1667/250 3055/1592/250
f 3055/1592/250 3056/1667/250 1707/1671/250
f 3055/1592/250 1707/1671/250 1706/1672/250
f 3061/1736/250 3060/1737/250 3056/1667/250
f 3056/1667/250 3060/1737/250 3059/1738/250
f 3056/1667/250 3059/1738/250 3058/1739/250
f 3058/1739/250 3057/1740/250 3056/1667/250
f 3090/2030/250 1712/1665/250 3056/1667/250
f 3056/1667/250 1712/1665/250 1711/1666/250
f 3056/1667/250 1711/1666/250 1710/1668/250
f 3089/2031/250 3088/2032/250 3090/2030/250
f 3090/2030/250 3088/2032/250 3087/2033/250
f 3090/2030/250 3087/2033/250 3086/2034/250
f 3086/2034/250 3085/2035/250 3090/2030/250
f 3090/2030/250 3085/2035/250 134/2025/250
f 3090/2030/250 134/2025/250 3344/1691/250
f 3343/1650/250 2221/1720/250 3344/1691/250
f 3344/1691/250 2221/1720/250 2220/1719/250
f 3344/1691/250 2220/1719/250 2219/1718/250
f 3342/1652/250 116/1541/250 3343/1650/250
f 3343/1650/250 116/1541/250 1887/1649/250
f 3343/1650/250 1887/1649/250 1886/1654/250
f 2226/1661/250 2225/1724/250 3343/1650/250
f 3343/1650/250 2225/1724/250 2224/1723/250
f 3343/1650/250 2224/1723/250 2223/1722/250
f 2223/1722/250 2222/1721/250 3343/1650/250
f 3343/1650/250 2222/1721/250 2221/1720/250
f 2219/1718/250 2218/1717/250 3344/1691/250
f 3344/1691/250 2218/1717/250 2217/1716/250
f 3344/1691/250 2217/1716/250 2216/1715/250
f 2216/1715/250 2215/1714/250 3344/1691/250
f 3344/1691/250 2215/1714/250 2050/1692/250
f 3344/1691/250 2050/1692/250 1718/1689/250
f 1718/1689/250 2050/1692/250 2049/1687/250
f 1718/1689/250 2049/1687/250 1719/1688/250
f 1719/1688/250 2049/1687/250 1720/1686/250
f 1720/1686/250 2049/1687/250 2048/1684/250
f 1720/1686/250 2048/1684/250 1721/1685/250
f 1721/1685/250 2048/1684/250 1722/1683/250
f 1722/1683/250 2048/1684/250 2047/1681/250
f 1722/1683/250 2047/1681/250 1699/1682/250
f 1699/1682/250 2047/1681/250 1700/1680/250
f 1700/1680/250 2047/1681/250 2046/1678/250
f 1700/1680/250 2046/1678/250 1701/1679/250
f 1701/1679/250 2046/1678/250 1702/1677/250
f 1702/1677/250 2046/1678/250 2045/1675/250
f 1702/1677/250 2045/1675/250 1703/1676/250
f 1703/1676/250 2045/1675/250 1704/1674/250
f 1704/1674/250 2045/1675/250 3055/1592/250
f 1704/1674/250 3055/1592/250 1705/1673/250
f 1705/1673/250 3055/1592/250 1706/1672/250
f 2215/1714/250 2214/1713/250 2050/1692/250
f 2050/1692/250 2214/1713/250 2051/1712/250
f 2051/1712/250 2214/1713/250 2213/1711/250
f 2051/1712/250 2213/1711/250 2052/1708/250
f 2052/1708/250 2213/1711/250 2212/1710/250
f 2052/1708/250 2212/1710/250 2211/1709/250
f 2211/1709/250 2210/1707/250 2052/1708/250
f 2052/1708/250 2210/1707/250 2053/1705/250
f 2053/1705/250 2210/1707/250 2209/1706/250
f 2053/1705/250 2209/1706/250 2208/1704/250
f 2053/1705/250 2208/1704/250 2054/1701/250
f 2054/1701/250 2208/1704/250 2207/1703/250
f 2054/1701/250 2207/1703/250 2206/1702/250
f 2206/1702/250 2205/1700/250 2054/1701/250
f 2054/1701/250 2205/1700/250 2055/1699/250
f 2055/1699/250 2205/1700/250 2204/1698/250
f 2055/1699/250 2204/1698/250 2056/1659/250
f 2056/1659/250 2204/1698/250 2203/1660/250
f 2045/1675/250 2044/1594/250 3055/1592/250
f 3055/1592/250 2044/1594/250 1413/1593/250
f 3055/1592/250 1413/1593/250 1412/1591/250
f 1413/1593/250 2044/1594/250 1414/1595/250
f 1414/1595/250 2044/1594/250 2043/1596/250
f 1414/1595/250 2043/1596/250 1415/1597/250
f 1415/1597/250 2043/1596/250 2042/1598/250
f 1415/1597/250 2042/1598/250 1416/1599/250
f 1416/1599/250 2042/1598/250 1417/1600/250
f 1417/1600/250 2042/1598/250 1418/1601/250
f 1418/1601/250 2042/1598/250 2041/1602/250
f 1418/1601/250 2041/1602/250 1419/1603/250
f 1419/1603/250 2041/1602/250 1420/1604/250
f 1420/1604/250 2041/1602/250 2040/1605/250
f 1420/1604/250 2040/1605/250 1421/1606/250
f 1421/1606/250 2040/1605/250 1422/1607/250
f 1422/1607/250 2040/1605/250 1423/1608/250
f 1423/1608/250 2040/1605/250 2039/1609/250
f 1423/1608/250 2039/1609/250 1424/1610/250
f 1424/1610/250 2039/1609/250 2038/1611/250
f 1424/1610/250 2038/1611/250 1401/1612/250
f 1401/1612/250 2038/1611/250 3049/1613/250
f 1401/1612/250 3049/1613/250 1402/1614/250
f 1402/1614/250 3049/1613/250 1403/1615/250
f 1403/1615/250 3049/1613/250 1404/1616/250
f 1404/1616/250 3049/1613/250 1405/1617/250
f 2038/1611/250 2037/1631/250 3049/1613/250
f 1868/1644/250 1867/1645/250 3047/1540/250
f 3047/1540/250 1867/1645/250 1890/1646/250
f 1888/1648/250 1887/1649/250 116/1541/250
f 1886/1654/250 1885/1655/250 3343/1650/250
f 3343/1650/250 1885/1655/250 1884/1656/250
f 1871/1636/250 1870/1642/250 3047/1540/250
f 3047/1540/250 1870/1642/250 1869/1643/250
f 3047/1540/250 1869/1643/250 1868/1644/250
f 1718/1689/250 1717/1690/250 3344/1691/250
f 3344/1691/250 1717/1690/250 1716/1693/250
f 3344/1691/250 1716/1693/250 1715/1694/250
f 3344/1691/250 1715/1694/250 3090/2030/250
f 3090/2030/250 1715/1694/250 1714/1696/250
f 3090/2030/250 1714/1696/250 1713/1697/250
f 1713/1697/250 1712/1665/250 3090/2030/250
f 1710/1668/250 1709/1669/250 3056/1667/250
f 3056/1667/250 1709/1669/250 1708/1670/250
f 3056/1667/250 1708/1670/250 1707/1671/250
f 1412/1591/250 1411/1623/250 3055/1592/250
f 3055/1592/250 1411/1623/250 1410/1622/250
f 3055/1592/250 1410/1622/250 1409/1621/250
f 1409/1621/250 1408/1620/250 3055/1592/250
f 3055/1592/218 1408/1620/218 1407/1619/218
